id,station_id,date,avg_temp,precipitation,min_temp,min_temp_time,max_temp,max_temp_time,wind_direction,avg_wind_speed,wind_gust,wind_gust_time,avg_humidity,max_humidity,max_humidity_time,min_humidity,min_humidity_time,created_at,updated_at
93620,115,2017-04-27,17,8.8,13.7,07:00,20.2,15:40,32,2.8,12.2,13:50,66,90,05:50,50,18:00,2025-05-06 10:31:36.960664,2025-05-06 10:31:36.960664
93639,115,2017-04-28,15.7,3.9,13.4,07:00,18,13:30,23,1.7,13.6,11:10,75,87,18:30,59,14:10,2025-05-06 10:31:37.202422,2025-05-06 10:31:37.202422
93658,115,2017-04-29,17.1,0,13.2,06:00,21,12:30,5,2.2,7.5,18:40,62,81,05:40,44,12:30,2025-05-06 10:31:37.440036,2025-05-06 10:31:37.440036
93677,115,2017-04-30,13.8,,10.8,23:20,16.8,15:30,8,4.7,13.6,20:10,63,79,09:30,56,13:50,2025-05-06 10:31:37.680342,2025-05-06 10:31:37.680342
93696,115,2017-05-01,16.4,0,10.4,02:10,22.5,15:00,2,1.7,15,02:00,57,79,06:00,29,01:00,2025-05-06 10:31:37.918292,2025-05-06 10:31:37.918292
93715,115,2017-05-02,15.7,0,11,06:30,20.4,14:20,27,1.9,6.9,14:50,64,82,,41,22:20,2025-05-06 10:31:38.165133,2025-05-06 10:31:38.165133
93734,115,2017-05-03,15.2,0,9.4,05:20,21,14:10,23,1.7,6.4,15:50,57,86,,30,08:00,2025-05-06 10:31:38.418158,2025-05-06 10:31:38.418158
93753,115,2017-05-04,14.3,0,8.9,01:50,19.7,12:20,26,2.2,8.3,14:00,51,89,01:30,30,07:00,2025-05-06 10:31:38.657607,2025-05-06 10:31:38.657607
93772,115,2017-05-05,15.8,0,12.2,07:20,19.3,13:00,23,1.9,7.8,12:10,67,88,,48,13:00,2025-05-06 10:31:38.899110,2025-05-06 10:31:38.899110
93791,115,2017-05-06,15.4,0,11.4,06:30,19.4,14:00,21,2.2,7.2,14:00,67,84,23:20,54,10:30,2025-05-06 10:31:39.138356,2025-05-06 10:31:39.138356
93810,115,2017-05-07,16.9,0,11.3,03:10,22.5,14:10,26,1.7,6.1,,51,83,00:00,25,22:30,2025-05-06 10:31:39.391196,2025-05-06 10:31:39.391196
93829,115,2017-05-08,19.3,0.4,13.1,02:10,25.5,15:50,20,2.8,15.6,16:40,25,73,02:00,18,07:00,2025-05-06 10:31:39.642081,2025-05-06 10:31:39.642081
93848,115,2017-05-09,19.2,0,14.3,23:59,24,15:20,30,2.5,7.5,16:10,32,87,,21,08:30,2025-05-06 10:31:39.885167,2025-05-06 10:31:39.885167
93867,115,2017-05-10,17.4,0,13.5,07:20,21.2,13:50,30,1.4,6.9,14:20,60,88,00:10,37,03:50,2025-05-06 10:31:40.137247,2025-05-06 10:31:40.137247
93886,115,2017-05-11,16,0,13,05:40,18.9,13:00,29,1.9,8.9,14:40,62,79,,49,13:00,2025-05-06 10:31:40.396545,2025-05-06 10:31:40.396545
93905,115,2017-05-12,16.1,0,12.5,06:40,19.7,12:30,29,1.7,7.5,13:40,71,88,,53,11:00,2025-05-06 10:31:40.655858,2025-05-06 10:31:40.655858
93924,115,2017-05-13,16.4,0,11.7,04:30,21,14:20,4,2.2,11.4,22:50,57,73,,21,23:30,2025-05-06 10:31:40.907068,2025-05-06 10:31:40.907068
93943,115,2017-05-14,20.2,0,16,02:50,24.5,16:10,5,4.2,15.8,19:50,19,29,23:20,17,00:00,2025-05-06 10:31:41.156787,2025-05-06 10:31:41.156787
93962,115,2017-05-15,24,0,18.6,02:20,29.3,13:00,99,1.9,13.9,21:40,26,43,16:20,24,00:00,2025-05-06 10:31:41.410012,2025-05-06 10:31:41.410012
93981,115,2017-05-16,24.8,0,21.3,02:50,28.2,11:20,7,1.9,14.7,00:50,31,42,14:20,22,07:00,2025-05-06 10:31:41.654601,2025-05-06 10:31:41.654601
94000,115,2017-05-17,23.5,0,19.3,23:59,27.7,14:20,6,2.2,18.3,23:30,24,35,,19,13:00,2025-05-06 10:31:41.909161,2025-05-06 10:31:41.909161
94019,115,2017-05-18,19.2,0,17.3,07:00,21.2,12:30,8,8.9,19.4,13:20,44,52,09:00,32,00:00,2025-05-06 10:31:42.159827,2025-05-06 10:31:42.159827
94037,115,2017-05-19,21.7,0,18.1,00:40,25.3,17:00,6,2.2,17.5,03:30,40,69,20:50,27,,2025-05-06 10:31:42.393234,2025-05-06 10:31:42.393234
94056,115,2017-05-20,19.6,0,14.3,23:59,25,11:00,99,1.7,5.3,,43,88,23:59,24,00:00,2025-05-06 10:31:42.608448,2025-05-06 10:31:42.608448
94075,115,2017-05-21,15.4,0,10.8,03:10,19.9,15:40,25,1.4,6.9,15:00,68,88,,41,03:30,2025-05-06 10:31:42.850485,2025-05-06 10:31:42.850485
94094,115,2017-05-22,15.2,0,10.3,05:50,20.1,11:00,99,1.9,5.8,,61,82,,47,17:00,2025-05-06 10:31:43.094051,2025-05-06 10:31:43.094051
94113,115,2017-05-23,15.2,0,10.6,04:40,19.7,13:00,25,1.7,6.4,13:20,61,81,,51,13:00,2025-05-06 10:31:43.336947,2025-05-06 10:31:43.336947
94132,115,2017-05-24,15.3,0,10.4,02:50,20.2,17:50,20,1.4,6.9,17:50,57,81,02:30,46,17:40,2025-05-06 10:31:43.579487,2025-05-06 10:31:43.579487
94151,115,2017-05-25,16.8,0,10.3,04:00,23.2,15:10,21,1.9,8.6,15:50,54,79,,36,20:50,2025-05-06 10:31:43.821084,2025-05-06 10:31:43.821084
94169,115,2017-05-26,17.6,0,12.2,02:20,22.9,12:30,28,1.9,7.2,16:20,51,82,,40,06:00,2025-05-06 10:31:44.055310,2025-05-06 10:31:44.055310
94187,115,2017-05-27,16.6,0,13.1,,20.1,13:10,25,1.9,6.9,14:20,67,85,22:20,59,09:30,2025-05-06 10:31:44.300875,2025-05-06 10:31:44.300875
94205,115,2017-05-28,17,0,12.2,,21.7,12:50,27,1.9,6.7,15:00,53,85,00:30,39,10:20,2025-05-06 10:31:44.533525,2025-05-06 10:31:44.533525
94223,115,2017-05-29,18.4,0,13.3,23:59,23.4,14:50,25,1.9,8.1,15:00,50,72,,28,14:50,2025-05-06 10:31:44.760292,2025-05-06 10:31:44.760292
94241,115,2017-05-30,17,,13,00:40,21.1,17:40,3,4.4,13.3,10:10,48,79,20:20,40,03:00,2025-05-06 10:31:44.992253,2025-05-06 10:31:44.992253
94278,115,2017-06-01,17.8,0,12.8,07:00,22.9,15:10,4,3.3,14.4,09:10,59,82,03:20,31,18:40,2025-05-06 10:31:45.488331,2025-05-06 10:31:45.488331
94297,115,2017-06-02,18.8,0,11.8,05:00,25.8,13:30,4,2.5,15.3,21:20,,82,,17,18:00,2025-05-06 10:31:45.745217,2025-05-06 10:31:45.745217
94316,115,2017-06-03,21.1,0,18.2,03:30,24,16:30,6,3.9,16.4,17:30,30,40,03:30,25,13:00,2025-05-06 10:31:45.993772,2025-05-06 10:31:45.993772
94334,115,2017-06-04,20.6,0,16.6,06:40,24.6,13:20,5,0.8,16.1,02:30,29,46,10:50,20,,2025-05-06 10:31:46.239659,2025-05-06 10:31:46.239659
94352,115,2017-06-05,22.8,0,18.7,04:20,27,13:50,10,1.7,16.1,05:00,21,33,12:00,16,00:00,2025-05-06 10:31:46.482148,2025-05-06 10:31:46.482148
94371,115,2017-06-06,21.6,0,17.2,22:30,26,13:50,4,3.6,17.2,17:40,27,56,22:30,20,00:00,2025-05-06 10:31:46.727021,2025-05-06 10:31:46.727021
94390,115,2017-06-07,20,0,14.5,01:40,25.6,12:50,22,1.4,8.9,00:10,43,70,01:40,37,00:00,2025-05-06 10:31:46.967366,2025-05-06 10:31:46.967366
94409,115,2017-06-08,23.1,0,18,20:50,28.2,14:50,28,1.1,5.3,12:30,,70,20:40,26,,2025-05-06 10:31:47.217746,2025-05-06 10:31:47.217746
94428,115,2017-06-09,24,0,20.2,01:00,27.7,12:10,5,1.7,10.6,23:00,33,49,19:20,22,07:00,2025-05-06 10:31:47.434149,2025-05-06 10:31:47.434149
94447,115,2017-06-10,23.4,0,19.3,23:20,27.6,16:20,99,1.7,11.7,,34,46,,22,00:00,2025-05-06 10:31:47.569462,2025-05-06 10:31:47.569462
94466,115,2017-06-11,21.6,0,17.6,04:10,25.7,16:50,22,1.9,7.8,00:50,44,64,21:00,33,00:00,2025-05-06 10:31:47.698706,2025-05-06 10:31:47.698706
94485,115,2017-06-12,18.2,0,12.5,04:10,23.9,13:30,22,1.7,8.3,17:30,49,87,04:00,35,18:00,2025-05-06 10:31:47.883699,2025-05-06 10:31:47.883699
94504,115,2017-06-13,17.4,0,12.4,04:10,22.4,13:40,28,1.7,6.7,14:40,64,81,07:20,54,11:20,2025-05-06 10:31:48.100501,2025-05-06 10:31:48.100501
94523,115,2017-06-14,16.4,0,11.5,05:30,21.2,13:50,6,1.9,6.4,23:30,63,85,,55,13:00,2025-05-06 10:31:48.326083,2025-05-06 10:31:48.326083
94542,115,2017-06-15,17.4,0,12.7,,22.2,16:20,3,5.3,13.3,11:10,73,88,,53,16:20,2025-05-06 10:31:48.564463,2025-05-06 10:31:48.564463
94561,115,2017-06-16,17.8,0,12.3,06:20,23.4,14:00,5,1.9,7.5,01:30,67,84,,51,14:00,2025-05-06 10:31:48.809513,2025-05-06 10:31:48.809513
94579,115,2017-06-17,17.8,0,12,06:10,23.6,15:50,25,1.4,6.1,16:00,63,89,23:30,49,,2025-05-06 10:31:49.025970,2025-05-06 10:31:49.025970
94598,115,2017-06-18,18,0,11.6,02:20,24.3,15:00,25,1.1,5.3,14:40,47,89,,32,07:40,2025-05-06 10:31:49.251470,2025-05-06 10:31:49.251470
94617,115,2017-06-19,18.6,0,12.4,06:40,24.8,13:30,26,1.4,5.3,14:10,58,88,,39,13:00,2025-05-06 10:31:49.497814,2025-05-06 10:31:49.497814
94636,115,2017-06-20,20.1,0,11.9,04:00,28.3,13:30,24,1.1,5.6,14:20,,89,,20,06:40,2025-05-06 10:31:49.750419,2025-05-06 10:31:49.750419
94655,115,2017-06-21,27.2,0,22.5,,31.9,14:50,24,1.9,5.3,13:10,17,38,20:00,14,04:20,2025-05-06 10:31:50.013980,2025-05-06 10:31:50.013980
94674,115,2017-06-22,30.5,0,26.4,,34.6,15:00,18,3.6,15,13:10,26,32,17:30,23,13:00,2025-05-06 10:31:50.261044,2025-05-06 10:31:50.261044
94693,115,2017-06-23,31,0,28.6,11:00,33.4,14:50,7,4.2,10.6,14:20,25,30,09:30,23,00:00,2025-05-06 10:31:50.501231,2025-05-06 10:31:50.501231
94712,115,2017-06-24,30.2,0,27.6,21:40,32.7,14:00,5,4.4,13.3,04:50,25,31,21:30,24,00:00,2025-05-06 10:31:50.749610,2025-05-06 10:31:50.749610
94731,115,2017-06-25,31.2,0,28,01:40,34.5,13:00,32,1.7,6.4,14:30,29,36,19:10,26,00:00,2025-05-06 10:31:50.998179,2025-05-06 10:31:50.998179
94750,115,2017-06-26,30.4,0,27.6,23:50,33.3,10:50,7,2.5,10,23:50,32,37,20:00,31,10:40,2025-05-06 10:31:51.244591,2025-05-06 10:31:51.244591
94769,115,2017-06-27,27.6,0,22.1,06:00,33,11:30,9,4.2,19.2,06:50,33,42,17:20,31,,2025-05-06 10:31:51.482093,2025-05-06 10:31:51.482093
94788,115,2017-06-28,25.2,0,20.2,21:50,30.1,16:30,12,1.7,8.9,23:50,36,50,22:00,27,20:00,2025-05-06 10:31:51.723294,2025-05-06 10:31:51.723294
94807,115,2017-06-29,19.4,0,13.8,23:59,25.1,14:00,4,3.3,14.2,15:30,51,83,23:40,24,05:00,2025-05-06 10:31:51.975195,2025-05-06 10:31:51.975195
94826,115,2017-06-30,15.6,0,12.6,06:30,18.6,17:00,5,1.9,16.4,06:40,65,84,08:10,47,17:00,2025-05-06 10:31:52.214368,2025-05-06 10:31:52.214368
94845,115,2017-07-01,15.8,0,12.4,04:20,19.2,20:30,19,2.8,14.2,00:10,58,83,07:10,26,20:20,2025-05-06 10:31:52.456517,2025-05-06 10:31:52.456517
94864,115,2017-07-02,18,0,13,06:00,23.1,15:40,19,1.9,6.1,13:20,51,74,21:30,37,07:30,2025-05-06 10:31:52.696045,2025-05-06 10:31:52.696045
94883,115,2017-07-03,21.8,0,17.8,23:59,25.9,15:10,29,1.4,5.6,15:20,35,73,22:30,21,07:00,2025-05-06 10:31:52.923281,2025-05-06 10:31:52.923281
94901,115,2017-12-31,17.3,0,13.8,22:00,20.8,14:40,11,2.5,15,23:20,33,45,23:30,31,00:00,2025-05-06 10:33:56.024018,2025-05-06 10:33:56.024018
94920,115,2018-01-01,15.4,0,12.5,05:20,18.3,14:40,11,5.6,17.5,20:20,35,44,20:00,33,18:00,2025-05-06 10:33:56.288979,2025-05-06 10:33:56.288979
94939,115,2018-01-02,17,0,15.3,07:50,18.6,15:40,8,5.3,17.2,01:00,30,39,00:00,25,,2025-05-06 10:33:56.519042,2025-05-06 10:33:56.519042
94958,115,2018-01-03,18.7,0,16.1,23:50,21.3,15:10,12,3.1,14.4,00:40,15,26,,15,,2025-05-06 10:33:56.732079,2025-05-06 10:33:56.732079
94977,115,2018-01-04,18.6,0,15.3,23:40,21.9,15:50,9,3.1,10.3,06:40,20,30,17:30,16,,2025-05-06 10:33:56.862843,2025-05-06 10:33:56.862843
94996,115,2018-01-05,17,0.6,13.1,20:00,20.9,15:00,3,1.9,8.6,22:00,23,39,19:30,20,07:00,2025-05-06 10:33:57.020054,2025-05-06 10:33:57.020054
95015,115,2018-01-06,11,28.7,8.2,23:59,13.7,00:10,27,3.1,19.2,20:10,88,92,10:00,29,00:00,2025-05-06 10:33:57.196356,2025-05-06 10:33:57.196356
95034,115,2018-01-07,9.3,13.4,7.3,03:50,11.3,14:50,32,3.1,17.8,01:40,72,89,,61,14:40,2025-05-06 10:33:57.436447,2025-05-06 10:33:57.436447
95053,115,2018-01-08,10.9,5,8.1,04:10,13.7,15:20,29,3.6,15.8,02:10,85,92,06:40,62,23:20,2025-05-06 10:33:57.664167,2025-05-06 10:33:57.664167
95072,115,2018-01-09,14.6,0,11.1,23:59,18.2,13:10,5,1.1,8.1,01:30,72,89,,61,00:00,2025-05-06 10:33:57.917049,2025-05-06 10:33:57.917049
95091,115,2018-01-10,15.1,0,10.5,08:30,19.7,16:10,23,1.4,10.6,23:10,,90,00:10,34,18:00,2025-05-06 10:33:58.180154,2025-05-06 10:33:58.180154
95110,115,2018-01-11,13.6,0,9.5,18:30,17.6,13:00,22,1.1,10,01:30,73,85,18:20,14,20:20,2025-05-06 10:33:58.430207,2025-05-06 10:33:58.430207
95129,115,2018-01-12,12.8,0,6.7,23:20,18.8,13:10,10,0.3,4.7,01:20,45,91,22:40,17,00:00,2025-05-06 10:33:58.673591,2025-05-06 10:33:58.673591
95148,115,2018-01-13,11.5,0.5,6.2,02:00,16.8,14:30,4,1.4,17.5,20:30,60,91,01:00,26,16:30,2025-05-06 10:33:58.933942,2025-05-06 10:33:58.933942
95167,115,2018-01-14,9.8,0.9,8,20:10,11.7,15:10,4,2.8,15.3,07:30,81,86,13:20,70,20:30,2025-05-06 10:33:59.190083,2025-05-06 10:33:59.190083
95186,115,2018-01-15,9.1,15.9,7.2,20:50,11,14:30,4,3.6,17.5,16:30,76,87,,69,08:10,2025-05-06 10:33:59.456734,2025-05-06 10:33:59.456734
95205,115,2018-01-16,8.2,3,7,05:30,9.4,17:00,5,2.2,17.8,14:50,79,84,14:40,74,01:50,2025-05-06 10:33:59.701563,2025-05-06 10:33:59.701563
95224,115,2018-01-17,11.2,1.8,8.9,00:50,13.5,14:10,4,3.1,16.7,03:00,65,83,23:00,47,13:30,2025-05-06 10:33:59.940606,2025-05-06 10:33:59.940606
95243,115,2018-01-18,11.6,0.2,8.8,08:40,14.5,16:00,2,2.8,13.9,10:30,72,83,00:50,65,13:00,2025-05-06 10:34:00.197445,2025-05-06 10:34:00.197445
95262,115,2018-01-19,10.5,0,8.9,06:30,12.1,12:50,7,5.3,16.1,22:20,72,82,01:30,65,17:20,2025-05-06 10:34:00.436039,2025-05-06 10:34:00.436039
95281,115,2018-01-20,14.4,0,9.2,02:00,19.5,15:40,10,4.7,16.1,01:50,62,83,,30,15:30,2025-05-06 10:34:00.681814,2025-05-06 10:34:00.681814
95300,115,2018-01-21,15.2,0,12.7,07:50,17.8,14:50,14,1.9,16.7,13:10,28,43,05:40,17,23:50,2025-05-06 10:34:00.922114,2025-05-06 10:34:00.922114
95319,115,2018-01-22,16.8,0,13.6,20:50,20.1,14:20,7,1.7,7.5,01:00,22,46,19:20,13,00:00,2025-05-06 10:34:01.169102,2025-05-06 10:34:01.169102
95338,115,2018-01-23,16.9,0,13,03:20,20.8,15:30,20,2.5,10.8,14:40,22,34,17:00,20,07:00,2025-05-06 10:34:01.421730,2025-05-06 10:34:01.421730
95357,115,2018-01-24,17.1,0,13.7,00:20,20.5,13:30,9,2.2,11.7,04:40,26,37,,23,00:00,2025-05-06 10:34:01.652399,2025-05-06 10:34:01.652399
95376,115,2018-01-25,13.6,0,8,23:59,19.2,14:50,10,1.4,13.6,21:30,34,85,23:59,25,07:00,2025-05-06 10:34:01.898712,2025-05-06 10:34:01.898712
95395,115,2018-01-26,9.1,3.5,7.2,23:59,11,12:00,6,2.2,23.3,23:59,81,88,00:20,74,03:40,2025-05-06 10:34:02.157854,2025-05-06 10:34:02.157854
95414,115,2018-01-27,7.4,2.4,6.4,04:10,8.5,15:20,6,7.2,23.3,,78,86,02:10,73,12:30,2025-05-06 10:34:02.383740,2025-05-06 10:34:02.383740
95433,115,2018-01-28,7.6,3.3,6.2,17:40,8.9,13:10,5,2.8,22.2,03:30,79,86,06:50,62,23:10,2025-05-06 10:34:02.605082,2025-05-06 10:34:02.605082
95452,115,2018-01-29,6.8,19.2,5.1,18:30,8.6,15:20,31,2.5,15,10:10,76,86,11:30,62,04:20,2025-05-06 10:34:02.868165,2025-05-06 10:34:02.868165
95471,115,2018-01-30,7.6,13.8,5.5,02:20,9.8,13:40,5,1.1,12.8,20:10,75,88,11:00,69,17:20,2025-05-06 10:34:03.105385,2025-05-06 10:34:03.105385
95490,115,2018-01-31,7.7,26,6.2,00:50,9.2,16:00,27,3.9,17.2,17:50,83,89,18:00,71,04:00,2025-05-06 10:34:03.315792,2025-05-06 10:34:03.315792
95509,115,2018-02-01,7.2,55,5.6,17:10,8.7,14:40,6,2.5,18.1,10:40,75,82,,70,14:40,2025-05-06 10:34:03.525590,2025-05-06 10:34:03.525590
95528,115,2018-02-02,8.6,35.6,7.2,23:59,10.1,12:30,1,5.6,21.1,18:00,78,86,23:10,73,05:20,2025-05-06 10:34:03.742834,2025-05-06 10:34:03.742834
95547,115,2018-02-03,7.8,4.5,6.8,08:50,8.9,12:50,3,3.9,20.6,00:30,80,88,00:40,76,04:10,2025-05-06 10:34:03.968606,2025-05-06 10:34:03.968606
95566,115,2018-02-04,9,5.6,6.7,07:30,11.4,14:40,4,2.8,17.2,02:40,74,87,,57,15:20,2025-05-06 10:34:04.188808,2025-05-06 10:34:04.188808
95585,115,2018-02-05,8.2,8.9,6.8,10:00,9.7,15:50,25,2.2,13.1,12:00,78,92,,59,16:00,2025-05-06 10:34:04.409938,2025-05-06 10:34:04.409938
95604,115,2018-02-06,7,19.8,6,07:50,8.1,14:40,6,2.2,13.3,20:10,80,88,04:10,70,00:00,2025-05-06 10:34:04.627095,2025-05-06 10:34:04.627095
95623,115,2018-02-07,6.8,26.6,5.2,23:59,8.4,15:40,26,4.4,20,22:30,83,89,19:20,76,15:20,2025-05-06 10:34:04.856948,2025-05-06 10:34:04.856948
95642,115,2018-02-08,5.3,6.1,3.9,03:00,6.7,13:00,8,1.9,19.2,10:40,77,87,02:50,72,13:50,2025-05-06 10:34:05.102411,2025-05-06 10:34:05.102411
95661,115,2018-02-09,7.4,10.6,5.8,03:30,8.9,23:10,1,5.3,18.9,03:40,81,86,03:20,74,,2025-05-06 10:34:05.313664,2025-05-06 10:34:05.313664
95680,115,2018-02-10,9.5,3.8,7.7,00:20,11.3,13:10,5,3.1,16.4,21:10,78,84,01:10,72,13:00,2025-05-06 10:34:05.529612,2025-05-06 10:34:05.529612
95699,115,2018-02-11,8.7,0,6.8,07:40,10.6,16:00,5,3.9,19.2,01:40,79,83,03:50,62,21:20,2025-05-06 10:34:05.772052,2025-05-06 10:34:05.772052
95718,115,2018-02-12,10.8,0,7.4,06:00,14.3,15:30,7,0.8,14.7,01:00,69,85,17:50,51,03:30,2025-05-06 10:34:06.018536,2025-05-06 10:34:06.018536
95737,115,2018-02-13,11.9,0,7.6,04:30,16.2,15:00,21,1.7,10.3,13:20,,82,03:50,33,13:00,2025-05-06 10:34:06.266586,2025-05-06 10:34:06.266586
95756,115,2018-02-14,14.1,0,10.3,03:00,17.9,13:50,19,2.2,9.2,13:50,33,45,,30,00:00,2025-05-06 10:34:06.511061,2025-05-06 10:34:06.511061
95775,115,2018-02-15,14.2,0,12.4,00:10,16,16:00,16,1.1,10.6,14:00,30,38,23:50,29,18:00,2025-05-06 10:34:06.760275,2025-05-06 10:34:06.760275
95794,115,2018-02-16,14,0,10.7,23:20,17.2,14:00,6,1.9,11.9,23:40,39,48,,35,13:00,2025-05-06 10:34:07.004371,2025-05-06 10:34:07.004371
95813,115,2018-02-17,13,0,9.4,23:59,16.7,17:00,8,1.9,12.2,04:00,47,71,20:10,42,14:50,2025-05-06 10:34:07.215875,2025-05-06 10:34:07.215875
95832,115,2018-02-18,11.6,0,7.5,23:59,15.6,15:10,24,2.2,6.1,14:30,58,84,20:00,41,07:00,2025-05-06 10:34:07.442323,2025-05-06 10:34:07.442323
95851,115,2018-02-19,9.3,1,6.7,06:40,11.9,14:20,4,1.7,10.3,10:50,65,83,,52,03:00,2025-05-06 10:34:07.621841,2025-05-06 10:34:07.621841
95870,115,2018-02-20,9.7,1.4,7.7,03:00,11.7,15:00,2,1.9,10.3,12:20,72,83,00:10,63,15:50,2025-05-06 10:34:07.789646,2025-05-06 10:34:07.789646
95889,115,2018-02-21,11.2,0,7.3,03:50,15,15:10,24,1.9,9.4,17:20,68,88,03:30,55,15:10,2025-05-06 10:34:07.929317,2025-05-06 10:34:07.929317
95907,115,2018-02-22,9.6,0.1,6.8,01:20,12.5,15:20,29,1.7,5,16:10,71,90,,60,13:00,2025-05-06 10:34:08.124481,2025-05-06 10:34:08.124481
95925,115,2018-02-23,8.8,13,7.7,09:30,9.9,12:00,20,2.2,12.5,13:40,82,91,,66,01:30,2025-05-06 10:34:08.333881,2025-05-06 10:34:08.333881
95944,115,2018-02-24,12,0.1,7.8,00:40,16.1,15:00,23,1.1,10,16:50,62,82,00:00,48,15:20,2025-05-06 10:34:08.527841,2025-05-06 10:34:08.527841
95963,115,2018-02-25,11,30.2,9.1,23:59,13,16:20,16,3.3,29.7,15:10,82,92,16:40,63,00:10,2025-05-06 10:34:08.696515,2025-05-06 10:34:08.696515
95982,115,2018-02-26,11.4,0,7.7,06:00,15.2,14:40,30,1.9,16.1,03:00,62,88,00:00,50,19:50,2025-05-06 10:34:08.958062,2025-05-06 10:34:08.958062
96001,115,2018-02-27,10.3,,8.5,05:20,12.1,10:40,24,4.2,22.2,21:10,86,98,,50,01:40,2025-05-06 10:34:09.204951,2025-05-06 10:34:09.204951
96020,115,2018-02-28,11.4,33.9,9.8,07:30,13.1,06:00,30,3.1,24.7,12:00,93,99,,79,16:10,2025-05-06 10:34:09.438889,2025-05-06 10:34:09.438889
96039,115,2018-03-01,12.4,0,10.6,05:30,14.2,16:10,99,2.2,17.5,,78,93,02:50,67,03:50,2025-05-06 10:34:09.681547,2025-05-06 10:34:09.681547
96058,115,2018-03-02,12.8,11.7,10.8,01:30,14.7,15:00,21,1.1,8.1,10:40,97,98,,83,04:00,2025-05-06 10:34:09.933632,2025-05-06 10:34:09.933632
96077,115,2018-03-03,12.9,5.6,11,23:00,14.8,16:00,23,3.6,15,21:50,75,98,,61,12:30,2025-05-06 10:34:10.166132,2025-05-06 10:34:10.166132
96096,115,2018-03-04,12.4,0,9.4,07:10,15.5,14:40,33,1.9,8.3,00:10,76,92,19:30,51,23:59,2025-05-06 10:34:10.404566,2025-05-06 10:34:10.404566
96115,115,2018-03-05,17.1,0,12.4,00:20,21.8,13:00,23,1.7,7.8,11:40,53,85,20:30,41,03:30,2025-05-06 10:34:10.642149,2025-05-06 10:34:10.642149
96134,115,2018-03-06,16.6,0,12.3,21:40,21,11:00,12,1.9,5.3,04:50,70,95,21:10,41,23:50,2025-05-06 10:34:10.887970,2025-05-06 10:34:10.887970
96153,115,2018-03-07,14.8,0,8.7,05:50,20.8,15:10,28,1.4,5.6,16:40,61,95,19:40,35,07:40,2025-05-06 10:34:11.148189,2025-05-06 10:34:11.148189
96172,115,2018-03-08,16.8,0,11.7,06:00,21.9,13:10,23,1.7,6.7,15:10,61,88,19:50,39,09:40,2025-05-06 10:34:11.415636,2025-05-06 10:34:11.415636
96191,115,2018-03-09,17.9,0,14.6,23:59,21.2,10:50,32,2.5,11.9,16:00,43,77,23:59,37,07:00,2025-05-06 10:34:11.676559,2025-05-06 10:34:11.676559
96210,115,2018-03-10,14.8,0,10.1,23:00,19.5,13:00,24,1.7,5.8,13:40,71,95,23:59,54,09:50,2025-05-06 10:34:11.927825,2025-05-06 10:34:11.927825
96229,115,2018-03-11,13.4,0,8.6,02:50,18.3,15:40,26,1.9,6.1,16:20,67,96,,47,15:20,2025-05-06 10:34:12.196449,2025-05-06 10:34:12.196449
96248,115,2018-03-12,15,0,10.7,08:10,19.4,14:30,9,0.8,5.8,00:20,63,88,20:30,42,19:40,2025-05-06 10:34:12.453390,2025-05-06 10:34:12.453390
96267,115,2018-03-13,17.4,0,14.4,06:00,20.5,16:10,25,2.5,5.6,15:30,52,74,19:40,43,09:20,2025-05-06 10:34:12.688732,2025-05-06 10:34:12.688732
96286,115,2018-03-14,17.6,0,12.4,21:00,22.7,13:30,99,1.7,6.1,,48,97,20:50,32,09:50,2025-05-06 10:34:12.932110,2025-05-06 10:34:12.932110
96305,115,2018-03-15,14.3,0.7,9.4,22:30,19.2,13:50,7,2.5,8.6,23:59,65,92,22:00,34,03:20,2025-05-06 10:34:13.185115,2025-05-06 10:34:13.185115
96324,115,2018-03-16,10.5,2.1,7.6,23:59,13.4,17:20,4,2.2,10,21:00,77,97,08:20,51,17:20,2025-05-06 10:34:13.428540,2025-05-06 10:34:13.428540
96343,115,2018-03-17,12.1,0,6.9,02:50,17.3,16:10,29,1.7,10.3,13:10,58,77,04:00,38,18:40,2025-05-06 10:34:13.663614,2025-05-06 10:34:13.663614
96362,115,2018-03-18,13.2,0,8.2,05:40,18.1,14:50,5,2.5,13.3,11:30,81,93,08:30,57,15:10,2025-05-06 10:34:13.912393,2025-05-06 10:34:13.912393
96381,115,2018-03-19,12.2,0,10.7,20:00,13.6,11:10,4,3.9,15.6,13:40,70,90,22:50,48,04:00,2025-05-06 10:34:14.157654,2025-05-06 10:34:14.157654
96400,115,2018-03-20,11.2,0,8.5,23:50,13.9,13:40,99,4.4,17.8,,73,92,03:30,59,13:30,2025-05-06 10:34:14.398282,2025-05-06 10:34:14.398282
96419,115,2018-03-21,9.6,0,7.1,23:20,12.1,14:50,4,4.7,21.7,07:00,78,93,05:30,70,15:20,2025-05-06 10:34:14.645795,2025-05-06 10:34:14.645795
96438,115,2018-03-22,11.5,0,6.8,04:30,16.2,13:30,7,2.8,19.2,08:50,45,92,,14,23:30,2025-05-06 10:34:14.901673,2025-05-06 10:34:14.901673
96457,115,2018-03-23,14.5,0,11.4,23:59,17.6,,9,3.3,16.4,02:40,,61,23:10,14,,2025-05-06 10:34:15.153993,2025-05-06 10:34:15.153993
96476,115,2018-03-24,13,0,9.5,06:20,16.6,16:50,5,3.1,14.2,22:50,76,94,20:30,51,,2025-05-06 10:34:15.402770,2025-05-06 10:34:15.402770
96495,115,2018-03-25,14,0.1,10.1,21:00,17.9,14:50,5,4.4,16.1,05:00,59,98,21:50,45,03:10,2025-05-06 10:34:15.648002,2025-05-06 10:34:15.648002
96514,115,2018-03-26,12.8,0.1,9.3,07:30,16.3,15:30,10,2.8,20.6,19:20,57,97,00:00,20,23:40,2025-05-06 10:34:15.895066,2025-05-06 10:34:15.895066
96533,115,2018-03-27,18.7,0,14,10:20,23.4,14:50,5,3.3,20,03:00,,60,15:40,15,,2025-05-06 10:34:16.144592,2025-05-06 10:34:16.144592
96552,115,2018-03-28,22.4,0,19,22:50,25.9,14:50,12,1.7,16.1,02:10,31,43,19:00,27,21:30,2025-05-06 10:34:16.389717,2025-05-06 10:34:16.389717
96571,115,2018-03-29,21.4,0,18,23:40,24.9,13:10,10,2.8,10.8,06:10,31,42,19:40,26,00:00,2025-05-06 10:34:16.635339,2025-05-06 10:34:16.635339
96590,115,2018-03-30,18,0,14.2,07:30,21.9,11:20,6,2.8,15.3,22:30,47,59,18:20,19,23:20,2025-05-06 10:34:16.887293,2025-05-06 10:34:16.887293
96609,115,2018-03-31,16.1,0,11.8,22:50,20.4,12:10,4,2.5,11.9,00:40,48,89,22:30,20,,2025-05-06 10:34:17.131749,2025-05-06 10:34:17.131749
96628,115,2018-04-01,13.6,0,10,23:30,17.1,12:50,30,1.4,6.7,13:50,57,97,21:40,31,08:20,2025-05-06 10:34:17.377985,2025-05-06 10:34:17.377985
96647,115,2018-04-02,13.7,0,9.5,00:50,17.9,15:50,25,1.9,10,13:30,71,92,00:20,48,01:50,2025-05-06 10:34:17.629500,2025-05-06 10:34:17.629500
96666,115,2018-04-03,13.8,0,8.9,06:10,18.8,13:40,2,2.2,10.3,20:20,66,84,,61,18:00,2025-05-06 10:34:17.864604,2025-05-06 10:34:17.864604
96685,115,2018-04-04,14.4,0,9.3,08:00,19.5,17:30,4,4.7,14.2,03:20,60,84,00:40,27,17:40,2025-05-06 10:34:18.111644,2025-05-06 10:34:18.111644
96704,115,2018-04-05,14.6,0,10.3,03:30,18.8,13:50,25,1.4,6.1,13:50,44,74,20:50,23,07:00,2025-05-06 10:34:18.268732,2025-05-06 10:34:18.268732
96723,115,2018-04-06,13.7,1.2,7.5,04:50,19.9,15:50,22,2.5,10.3,14:00,52,99,,27,03:30,2025-05-06 10:34:18.387676,2025-05-06 10:34:18.387676
96742,115,2018-04-07,10.4,0.1,8.5,03:20,12.2,13:50,3,2.5,12.5,19:50,79,99,00:00,64,14:30,2025-05-06 10:34:18.530859,2025-05-06 10:34:18.530859
96761,115,2018-04-08,10,2.7,8,07:00,12,11:30,5,3.6,18.3,21:30,82,92,20:00,73,11:30,2025-05-06 10:34:18.745222,2025-05-06 10:34:18.745222
96780,115,2018-04-09,9,1.4,7.5,09:20,10.5,03:20,5,6.4,18.9,04:40,83,92,,77,22:00,2025-05-06 10:34:18.991321,2025-05-06 10:34:18.991321
96799,115,2018-04-10,11.6,0,7.1,06:20,16,18:00,4,3.3,15.3,02:50,64,89,02:40,49,18:00,2025-05-06 10:34:19.235019,2025-05-06 10:34:19.235019
96818,115,2018-04-11,12.8,0.6,8.1,02:50,17.4,14:20,5,1.9,10,23:10,81,97,09:00,64,14:20,2025-05-06 10:34:19.479145,2025-05-06 10:34:19.479145
96837,115,2018-04-12,14.4,0.9,9.5,06:00,19.3,14:00,22,2.5,12.5,23:40,66,95,02:50,38,16:40,2025-05-06 10:34:19.731362,2025-05-06 10:34:19.731362
96856,115,2018-04-13,12.2,0,8.7,04:00,15.8,15:50,6,1.9,11.1,23:30,68,98,00:30,57,,2025-05-06 10:34:19.982103,2025-05-06 10:34:19.982103
96874,115,2018-04-14,12.6,0,8.2,05:50,17.1,15:20,6,2.2,14.4,04:00,61,85,03:20,42,23:50,2025-05-06 10:34:20.216103,2025-05-06 10:34:20.216103
96892,115,2018-04-15,17.6,0,13.2,01:00,22,14:50,8,1.9,12.2,00:10,49,72,18:20,30,07:00,2025-05-06 10:34:20.444495,2025-05-06 10:34:20.444495
96910,115,2018-04-16,18.2,0,15.3,07:00,21.2,15:50,4,2.5,8.3,01:20,52,74,20:50,34,23:59,2025-05-06 10:34:20.687215,2025-05-06 10:34:20.687215
96929,115,2018-04-17,21.3,0,17,03:30,25.6,13:50,99,2.5,8.3,13:50,34,47,20:10,30,13:00,2025-05-06 10:34:20.952469,2025-05-06 10:34:20.952469
96948,115,2018-04-18,23.6,0,19.8,21:10,27.4,14:20,24,1.4,7.8,13:20,35,61,19:40,31,07:00,2025-05-06 10:34:21.178058,2025-05-06 10:34:21.178058
96967,115,2018-04-19,15.4,0,9.6,23:59,21.2,12:40,3,2.2,13.6,22:40,58,90,22:00,32,00:00,2025-05-06 10:34:21.431748,2025-05-06 10:34:21.431748
96986,115,2018-04-20,10.8,0.1,8,07:40,13.6,15:00,35,1.9,13.6,05:20,73,91,03:00,60,14:20,2025-05-06 10:34:21.673471,2025-05-06 10:34:21.673471
97005,115,2018-04-21,10.8,1.5,7.6,06:20,13.9,14:30,28,1.9,12.5,00:20,89,95,07:10,70,14:30,2025-05-06 10:34:21.927169,2025-05-06 10:34:21.927169
97024,115,2018-04-22,10.7,6.7,9.6,23:59,11.8,14:30,35,2.5,10.8,06:40,93,99,,79,23:59,2025-05-06 10:34:22.175495,2025-05-06 10:34:22.175495
97043,115,2018-04-23,10.8,14,9.2,08:50,12.3,15:40,21,3.3,12.8,23:00,91,99,,77,15:30,2025-05-06 10:34:22.427390,2025-05-06 10:34:22.427390
97062,115,2018-04-24,11.5,0.3,9.6,02:50,13.4,15:30,23,2.5,12.8,03:20,82,94,,69,23:40,2025-05-06 10:34:22.686431,2025-05-06 10:34:22.686431
97081,115,2018-04-25,14.6,0,9.6,03:50,19.7,15:40,3,1.9,10.3,,62,98,,46,,2025-05-06 10:34:22.930957,2025-05-06 10:34:22.930957
97100,115,2018-04-26,17.4,0,12.1,08:20,22.7,13:50,7,1.9,8.9,01:40,47,66,09:50,36,07:00,2025-05-06 10:34:23.157320,2025-05-06 10:34:23.157320
97119,115,2018-04-27,18.9,0,15.5,23:59,22.3,15:10,6,2.5,12.2,22:00,34,46,,27,18:30,2025-05-06 10:34:23.397465,2025-05-06 10:34:23.397465
97138,115,2018-04-28,16.5,0,10.4,23:59,22.6,14:30,7,1.9,13.9,23:50,34,90,21:20,26,07:00,2025-05-06 10:34:23.655258,2025-05-06 10:34:23.655258
97157,115,2018-04-29,13,0,7.8,06:40,18.2,16:50,8,4.7,16.7,05:30,65,90,03:10,44,13:00,2025-05-06 10:34:23.913360,2025-05-06 10:34:23.913360
97176,115,2018-04-30,10,0,7,04:20,13,14:40,5,5,11.7,11:40,73,88,04:00,58,17:30,2025-05-06 10:34:24.158330,2025-05-06 10:34:24.158330
97195,115,2018-05-01,11.4,0,8.1,04:50,14.6,14:10,3,5,13.6,06:10,62,93,01:10,50,18:00,2025-05-06 10:34:24.405775,2025-05-06 10:34:24.405775
97214,115,2018-05-02,13.6,0.1,10.1,05:00,17.1,14:00,3,3.6,10,03:40,67,93,22:40,57,13:50,2025-05-06 10:34:24.660569,2025-05-06 10:34:24.660569
97233,115,2018-05-03,12.9,0,9.9,05:50,15.9,12:40,20,2.2,9.4,02:40,79,94,,64,12:40,2025-05-06 10:34:24.916782,2025-05-06 10:34:24.916782
97252,115,2018-05-04,14,0.2,9.1,23:59,18.8,16:00,6,2.2,8.9,02:50,71,92,07:50,55,13:00,2025-05-06 10:34:25.148172,2025-05-06 10:34:25.148172
97271,115,2018-05-05,11.6,0,7.7,06:30,15.4,13:40,32,1.4,8.3,20:20,76,92,,65,13:30,2025-05-06 10:34:25.398850,2025-05-06 10:34:25.398850
97290,115,2018-05-06,12.1,0.2,9,10:20,15.2,15:30,36,1.9,6.9,04:20,75,93,10:20,64,15:30,2025-05-06 10:34:25.658354,2025-05-06 10:34:25.658354
97309,115,2018-05-07,13.2,0,9,06:50,17.3,16:00,21,1.7,8.9,15:30,75,95,06:50,55,16:30,2025-05-06 10:34:25.924375,2025-05-06 10:34:25.924375
97328,115,2018-05-08,14.4,0,9.6,23:00,19.3,16:00,5,3.6,14.2,07:40,77,95,08:10,58,15:50,2025-05-06 10:34:26.179794,2025-05-06 10:34:26.179794
97347,115,2018-05-09,14.2,0,8.6,06:40,19.9,13:50,5,2.5,12.8,16:30,70,95,23:30,47,13:00,2025-05-06 10:34:26.441090,2025-05-06 10:34:26.441090
97366,115,2018-05-10,15.4,0,9.9,06:40,20.9,16:30,13,2.8,13.6,09:10,66,94,00:00,53,12:40,2025-05-06 10:34:26.707200,2025-05-06 10:34:26.707200
97385,115,2018-05-11,16.2,0,9.6,02:00,22.7,16:00,24,2.8,10.3,23:30,32,93,01:50,17,08:20,2025-05-06 10:34:26.980023,2025-05-06 10:34:26.980023
97404,115,2018-05-12,16.5,0,11.2,22:00,21.8,12:50,4,4.2,18.6,23:10,26,86,22:10,20,18:00,2025-05-06 10:34:27.243820,2025-05-06 10:34:27.243820
97423,115,2018-05-13,18.6,0,12.7,00:50,24.4,15:30,10,5,14.4,07:30,22,74,00:00,17,18:00,2025-05-06 10:34:27.509413,2025-05-06 10:34:27.509413
97442,115,2018-05-14,17.4,0,11.9,22:30,22.8,14:40,9,2.2,14.7,03:40,43,77,22:00,21,00:00,2025-05-06 10:34:27.768508,2025-05-06 10:34:27.768508
97461,115,2018-05-15,16.3,0,10.4,23:59,22.2,13:40,4,1.7,13.9,02:40,49,93,,29,00:00,2025-05-06 10:34:28.028952,2025-05-06 10:34:28.028952
97480,115,2018-05-16,13.4,0,9.6,03:00,17.2,16:10,4,3.3,10,19:10,76,94,01:20,63,15:10,2025-05-06 10:34:28.288712,2025-05-06 10:34:28.288712
97499,115,2018-05-17,13.8,0,8.6,06:50,18.9,14:30,7,1.7,7.2,03:40,79,92,,64,12:50,2025-05-06 10:34:28.558785,2025-05-06 10:34:28.558785
97518,115,2018-05-18,13.6,0,8.1,07:00,19.1,15:20,2,1.1,9.4,18:30,74,98,,56,19:00,2025-05-06 10:34:28.810505,2025-05-06 10:34:28.810505
97537,115,2018-05-19,14,0,9,23:59,19,13:40,5,1.7,9.2,08:50,76,93,02:40,63,13:40,2025-05-06 10:34:28.954938,2025-05-06 10:34:28.954938
97556,115,2018-05-20,13.3,0,8.4,06:50,18.2,13:00,5,2.5,8.3,09:20,67,85,,58,12:30,2025-05-06 10:34:29.078425,2025-05-06 10:34:29.078425
97575,115,2018-05-21,13.6,0,8.7,01:00,18.5,13:40,21,2.5,7.5,18:10,68,90,04:10,56,18:00,2025-05-06 10:34:29.237119,2025-05-06 10:34:29.237119
97594,115,2018-05-22,14.8,0.4,8.6,06:40,21,12:30,22,1.1,9.2,12:40,79,98,,49,09:50,2025-05-06 10:34:29.446994,2025-05-06 10:34:29.446994
97613,115,2018-05-23,12.5,0.1,9.6,23:59,15.4,14:10,28,1.9,7.5,13:20,77,97,00:00,64,11:10,2025-05-06 10:34:29.693944,2025-05-06 10:34:29.693944
97632,115,2018-05-24,11.8,0.2,9.5,03:20,14,14:40,26,1.7,8.6,18:40,83,94,,74,13:50,2025-05-06 10:34:29.941119,2025-05-06 10:34:29.941119
97651,115,2018-05-25,12.6,0,9.6,03:00,15.5,15:30,3,3.6,10,16:20,72,84,07:40,59,15:50,2025-05-06 10:34:30.207227,2025-05-06 10:34:30.207227
97670,115,2018-05-26,12.5,0,9.8,08:20,15.2,15:00,4,2.8,10,15:20,70,85,05:10,57,13:20,2025-05-06 10:34:30.454028,2025-05-06 10:34:30.454028
97689,115,2018-05-27,14.1,0,9.2,06:50,19,13:50,5,2.8,12.5,23:50,61,90,21:50,49,13:40,2025-05-06 10:34:30.706323,2025-05-06 10:34:30.706323
97708,115,2018-05-28,14.6,0,9.2,03:50,20,15:40,7,6.1,16.4,23:59,70,85,02:00,53,15:40,2025-05-06 10:34:30.959390,2025-05-06 10:34:30.959390
97727,115,2018-05-29,16.2,0,9.9,01:00,22.4,14:50,10,3.1,15,01:10,55,92,03:40,37,18:00,2025-05-06 10:34:31.217720,2025-05-06 10:34:31.217720
97746,115,2018-05-30,16,0,10.9,05:40,21.1,16:50,5,1.4,16.1,20:30,57,89,00:00,41,23:59,2025-05-06 10:34:31.465929,2025-05-06 10:34:31.465929
97765,115,2018-05-31,19.6,0,15,05:50,24.2,16:10,6,1.4,13.9,00:40,41,63,20:10,20,,2025-05-06 10:34:31.713223,2025-05-06 10:34:31.713223
97784,115,2018-06-01,19.9,0,16.5,22:30,23.3,14:50,6,4.7,19.2,13:30,26,40,23:59,15,07:00,2025-05-06 10:34:31.963035,2025-05-06 10:34:31.963035
97803,115,2018-06-02,18.2,0,13.1,06:10,23.2,14:50,8,1.9,14.7,00:10,46,72,21:30,34,14:50,2025-05-06 10:34:32.226876,2025-05-06 10:34:32.226876
97822,115,2018-06-03,18.4,0,11.9,04:20,24.9,16:20,26,1.7,11.9,22:50,40,74,08:40,27,20:10,2025-05-06 10:34:32.466988,2025-05-06 10:34:32.466988
97841,115,2018-06-04,20.6,0,15.2,07:20,26,13:40,6,1.9,15,09:50,50,69,20:10,35,23:40,2025-05-06 10:34:32.724646,2025-05-06 10:34:32.724646
97860,115,2018-06-05,21.8,0,17.7,05:20,26,15:40,6,4.2,14.7,01:40,45,61,20:00,32,00:00,2025-05-06 10:34:32.957129,2025-05-06 10:34:32.957129
97879,115,2018-06-06,19.9,0,15.5,07:00,24.3,15:50,22,3.6,11.7,21:40,49,71,22:50,45,08:50,2025-05-06 10:34:33.190369,2025-05-06 10:34:33.190369
97898,115,2018-06-07,20.5,0,15.6,02:00,25.4,14:00,4,1.7,8.6,16:10,46,66,22:10,41,14:50,2025-05-06 10:34:33.453827,2025-05-06 10:34:33.453827
97917,115,2018-06-08,19.8,0,14.9,23:00,24.8,15:00,22,2.2,10.3,16:00,52,92,22:00,46,16:30,2025-05-06 10:34:33.692921,2025-05-06 10:34:33.692921
97936,115,2018-06-09,15.8,0,11.7,23:59,20,16:00,20,1.9,8.3,16:20,73,95,05:00,61,13:00,2025-05-06 10:34:33.922675,2025-05-06 10:34:33.922675
97955,115,2018-06-10,15.7,0,10.8,08:00,20.6,16:00,8,3.1,10.3,23:59,72,93,04:10,47,23:50,2025-05-06 10:34:34.173256,2025-05-06 10:34:34.173256
97974,115,2018-06-11,13.8,0,10.4,05:00,17.3,16:00,4,4.7,14.2,10:20,77,90,06:10,47,00:00,2025-05-06 10:34:34.414879,2025-05-06 10:34:34.414879
97993,115,2018-06-12,17.4,0,12.1,00:50,22.6,17:00,6,2.5,13.1,21:20,60,78,00:00,37,18:00,2025-05-06 10:34:34.657238,2025-05-06 10:34:34.657238
98012,115,2018-06-13,16.1,0,11.9,23:00,20.3,15:00,8,4.4,14.2,07:40,65,82,23:00,40,00:00,2025-05-06 10:34:34.905738,2025-05-06 10:34:34.905738
98031,115,2018-06-14,15.8,0,10.8,05:20,20.8,15:10,3,3.9,12.5,11:30,65,89,,54,15:40,2025-05-06 10:34:35.160990,2025-05-06 10:34:35.160990
98050,115,2018-06-15,15.2,0,9.1,06:00,21.3,13:00,3,1.7,7.5,00:10,66,93,05:40,51,13:00,2025-05-06 10:34:35.406913,2025-05-06 10:34:35.406913
98069,115,2018-06-16,18.2,0,12.1,00:20,24.3,14:00,4,1.9,9.4,13:30,40,82,00:00,21,23:50,2025-05-06 10:34:35.674531,2025-05-06 10:34:35.674531
98088,115,2018-06-17,18.6,0,13.8,23:59,23.4,14:20,9,1.7,10.3,15:30,40,90,23:59,17,00:00,2025-05-06 10:34:35.920523,2025-05-06 10:34:35.920523
98107,115,2018-06-18,16.3,0,10.7,07:40,21.9,16:10,27,1.7,5.8,14:20,75,98,,62,10:10,2025-05-06 10:34:36.172896,2025-05-06 10:34:36.172896
98126,115,2018-06-19,16.6,0,9.3,03:00,24,15:50,24,1.4,5.3,15:00,69,98,,28,04:20,2025-05-06 10:34:36.423785,2025-05-06 10:34:36.423785
98145,115,2018-06-20,18.6,0,12,02:50,25.2,15:50,4,1.1,6.1,22:30,46,85,02:40,30,07:00,2025-05-06 10:34:36.664660,2025-05-06 10:34:36.664660
98164,115,2018-06-21,22.2,0,17.4,09:00,26.9,13:20,99,1.7,6.9,,42,67,20:20,38,07:00,2025-05-06 10:34:36.918667,2025-05-06 10:34:36.918667
98183,115,2018-06-22,22.7,0,17.8,04:40,27.6,14:10,2,2.8,9.2,06:50,42,57,,36,22:40,2025-05-06 10:34:37.192080,2025-05-06 10:34:37.192080
98202,115,2018-06-23,20.8,0,16.2,21:20,25.4,15:40,21,1.9,9.7,13:00,45,74,21:00,32,14:40,2025-05-06 10:34:37.442298,2025-05-06 10:34:37.442298
98221,115,2018-06-24,19.4,0,15.6,22:40,23.3,15:20,28,2.5,6.9,16:40,55,84,22:30,51,08:50,2025-05-06 10:34:37.700182,2025-05-06 10:34:37.700182
98240,115,2018-06-25,19.7,0,16.2,02:10,23.2,14:20,26,2.5,6.1,14:00,61,89,21:30,49,08:40,2025-05-06 10:34:37.928583,2025-05-06 10:34:37.928583
98259,115,2018-06-26,21,,16,03:20,26.1,14:50,4,1.4,11.9,23:10,47,83,21:40,27,,2025-05-06 10:34:38.186303,2025-05-06 10:34:38.186303
98278,115,2018-06-27,25.4,0,20.4,23:59,30.3,15:30,8,1.9,10.3,00:10,34,41,,24,00:00,2025-05-06 10:34:38.424214,2025-05-06 10:34:38.424214
98297,115,2018-06-28,22.3,0,16.6,23:50,28,13:20,99,1.4,9.7,,45,73,22:00,37,14:10,2025-05-06 10:34:38.677712,2025-05-06 10:34:38.677712
98316,115,2018-06-29,19.4,0,14.1,06:00,24.6,14:50,20,2.2,10.3,13:50,75,95,,56,14:40,2025-05-06 10:35:53.004389,2025-05-06 10:35:53.004389
98335,115,2018-06-30,17.2,0,13.5,06:20,21,16:50,6,1.7,7.8,22:40,72,95,03:20,60,17:20,2025-05-06 10:35:53.216989,2025-05-06 10:35:53.216989
98354,115,2018-07-01,17.6,0,12.6,05:40,22.7,12:40,5,2.2,8.3,01:30,65,86,00:50,53,20:20,2025-05-06 10:35:53.450709,2025-05-06 10:35:53.450709
98373,115,2018-07-02,18.6,0,13.2,06:20,23.9,16:00,2,1.7,9.2,19:00,,82,,40,,2025-05-06 10:35:53.674167,2025-05-06 10:35:53.674167
98392,115,2018-07-03,21.8,0,17.4,00:40,26.3,15:00,5,1.4,7.5,22:00,44,64,20:30,28,,2025-05-06 10:35:53.889957,2025-05-06 10:35:53.889957
98411,115,2018-07-04,26.6,0,21.9,20:30,31.4,15:30,7,0.8,7.8,08:00,,67,20:10,21,,2025-05-06 10:35:54.093830,2025-05-06 10:35:54.093830
98430,115,2018-07-05,28.7,0,25.1,00:20,32.3,15:00,30,0.8,7.2,14:50,35,54,20:30,22,23:50,2025-05-06 10:35:54.310877,2025-05-06 10:35:54.310877
98449,115,2018-07-06,26.8,0,22.5,20:50,31.1,03:50,7,0.8,8.6,23:59,40,67,20:30,19,00:00,2025-05-06 10:35:54.530585,2025-05-06 10:35:54.530585
98468,115,2018-07-07,26,0,22.6,21:20,29.3,13:40,5,3.9,12.5,04:50,35,64,21:10,22,00:00,2025-05-06 10:35:54.663260,2025-05-06 10:35:54.663260
98487,115,2018-07-08,27.7,0,23.8,05:50,31.6,11:00,4,0.6,9.7,00:10,35,60,19:50,22,07:00,2025-05-06 10:35:54.808915,2025-05-06 10:35:54.808915
98506,115,2018-07-09,32.5,0,29.5,02:30,35.5,15:30,4,3.3,11.4,22:50,24,36,16:30,20,07:00,2025-05-06 10:35:54.970154,2025-05-06 10:35:54.970154
98525,115,2018-07-10,31.2,0,27.8,06:00,34.7,17:10,8,7.2,18.9,09:20,21,27,23:59,20,07:00,2025-05-06 10:35:55.168054,2025-05-06 10:35:55.168054
98544,115,2018-07-11,31.4,0,26.7,19:40,36.2,10:40,5,1.9,10.8,00:50,34,59,19:30,24,07:00,2025-05-06 10:35:55.383821,2025-05-06 10:35:55.383821
98563,115,2018-07-12,22.8,0,16.2,23:59,29.3,13:00,30,1.1,5.3,15:30,46,78,23:59,39,00:00,2025-05-06 10:35:55.595833,2025-05-06 10:35:55.595833
98582,115,2018-07-13,19,0,13.8,07:00,24.2,15:20,30,1.7,5.8,13:50,70,89,21:40,62,10:00,2025-05-06 10:35:55.782122,2025-05-06 10:35:55.782122
98601,115,2018-07-14,19.8,0,14.2,05:40,25.5,15:20,24,1.7,6.1,13:50,52,89,01:00,34,07:00,2025-05-06 10:35:55.970941,2025-05-06 10:35:55.970941
98620,115,2018-07-15,21,0,16.9,05:50,25,17:20,5,3.9,11.4,15:20,40,68,00:40,31,23:59,2025-05-06 10:35:56.200682,2025-05-06 10:35:56.200682
98639,115,2018-07-16,20.1,0,15.4,06:00,24.8,13:40,5,3.3,15.3,10:50,41,62,08:30,28,01:40,2025-05-06 10:35:56.435779,2025-05-06 10:35:56.435779
98658,115,2018-07-17,21.4,0,16.8,05:40,26.1,14:20,5,6.1,17.2,23:59,30,47,01:50,27,,2025-05-06 10:35:56.662437,2025-05-06 10:35:56.662437
98677,115,2018-07-18,24.2,0,20.5,21:30,27.8,11:10,5,2.8,18.6,00:10,42,75,21:30,23,07:00,2025-05-06 10:35:56.892294,2025-05-06 10:35:56.892294
98696,115,2018-07-19,27.1,0,23.8,06:00,30.4,,23,1.1,5.3,14:30,38,52,19:40,33,01:40,2025-05-06 10:35:57.114729,2025-05-06 10:35:57.114729
98715,115,2018-07-20,29,0,25.7,23:59,32.4,12:40,20,1.4,9.2,22:50,38,56,14:40,27,,2025-05-06 10:35:57.316212,2025-05-06 10:35:57.316212
98734,115,2018-07-21,27.6,0,24.3,20:40,30.8,14:00,6,3.3,13.6,20:20,34,48,11:50,23,07:00,2025-05-06 10:35:57.524151,2025-05-06 10:35:57.524151
98753,115,2018-07-22,23.9,0,20.3,05:50,27.5,14:50,6,1.4,11.1,00:50,46,71,20:50,24,00:00,2025-05-06 10:35:57.757967,2025-05-06 10:35:57.757967
98772,115,2018-07-23,24.9,0,21.5,06:50,28.3,11:20,27,1.1,5,14:40,47,71,20:30,31,07:00,2025-05-06 10:35:57.999104,2025-05-06 10:35:57.999104
98791,115,2018-07-24,26.9,0,24.1,23:40,29.7,13:10,26,0.8,4.7,15:20,41,58,,25,07:00,2025-05-06 10:35:58.241165,2025-05-06 10:35:58.241165
98810,115,2018-07-25,26.2,0,23,20:30,29.3,15:10,24,0.8,5,14:30,44,60,20:50,28,07:00,2025-05-06 10:35:58.467220,2025-05-06 10:35:58.467220
98829,115,2018-07-26,25.6,0,21.7,07:30,29.5,15:50,6,1.9,12.8,22:20,38,51,13:20,28,01:20,2025-05-06 10:35:58.712508,2025-05-06 10:35:58.712508
98848,115,2018-07-27,24.4,0,20.1,05:30,28.8,15:50,2,6.1,19.7,21:30,37,49,10:00,28,00:00,2025-05-06 10:35:58.951227,2025-05-06 10:35:58.951227
98867,115,2018-07-28,25.7,0,22.5,00:40,28.9,13:40,4,1.1,18.3,01:50,41,68,19:40,26,07:00,2025-05-06 10:35:59.189351,2025-05-06 10:35:59.189351
98886,115,2018-07-29,27.6,0,24.5,20:00,30.8,17:20,99,1.9,5.6,,50,62,20:00,44,17:10,2025-05-06 10:35:59.415702,2025-05-06 10:35:59.415702
98905,115,2018-07-30,29.4,0,25.1,04:50,33.7,15:30,6,2.2,8.9,23:20,47,57,19:00,32,23:30,2025-05-06 10:35:59.638279,2025-05-06 10:35:59.638279
98924,115,2018-07-31,28,0,22.4,23:59,33.6,15:20,5,1.9,10.6,02:20,40,52,18:30,27,03:00,2025-05-06 10:35:59.859812,2025-05-06 10:35:59.859812
98943,115,2018-08-01,22,0,15.1,08:00,28.9,16:00,8,1.7,11.1,01:40,61,90,23:30,37,00:00,2025-05-06 10:36:00.089914,2025-05-06 10:36:00.089914
98962,115,2018-08-02,18.7,0,13.2,06:50,24.2,14:30,26,1.4,5.8,13:20,70,97,07:10,52,,2025-05-06 10:36:00.325585,2025-05-06 10:36:00.325585
98981,115,2018-08-03,18.8,0,12.6,05:20,24.9,15:10,29,1.7,5.6,14:20,67,88,,38,08:50,2025-05-06 10:36:00.555627,2025-05-06 10:36:00.555627
99000,115,2018-08-04,23,0,16.8,01:00,29.1,12:40,8,0.6,21.4,22:30,48,68,18:50,36,,2025-05-06 10:36:00.794151,2025-05-06 10:36:00.794151
99019,115,2018-08-05,30,0,25.3,23:10,34.7,16:50,5,4.4,14.2,22:50,36,49,21:50,35,07:00,2025-05-06 10:36:01.021322,2025-05-06 10:36:01.021322
99038,115,2018-08-06,28.8,0,25.5,00:10,32.1,14:20,5,4.2,13.1,00:40,35,45,00:00,32,,2025-05-06 10:36:01.255146,2025-05-06 10:36:01.255146
99057,115,2018-08-07,28.2,0,24.8,04:20,31.6,12:10,8,2.8,12.5,01:30,37,46,05:20,32,00:00,2025-05-06 10:36:01.489238,2025-05-06 10:36:01.489238
99076,115,2018-08-08,28,0,23.6,20:00,32.4,13:40,10,2.8,10.8,02:20,39,63,20:00,31,23:40,2025-05-06 10:36:01.727752,2025-05-06 10:36:01.727752
99095,115,2018-08-09,22.1,0,16,23:00,28.2,14:40,4,5,15.6,19:10,41,84,22:10,28,02:50,2025-05-06 10:36:01.957323,2025-05-06 10:36:01.957323
99114,115,2018-08-10,20.8,0,15,23:59,26.6,14:20,6,2.2,12.2,06:50,61,92,04:50,49,14:20,2025-05-06 10:36:02.168087,2025-05-06 10:36:02.168087
99133,115,2018-08-11,20.4,0,14,05:50,26.9,14:00,10,2.5,13.3,23:30,43,79,,42,16:30,2025-05-06 10:36:02.397721,2025-05-06 10:36:02.397721
99152,115,2018-08-12,25.4,0.1,20.7,00:10,30.1,13:50,9,4.7,19.7,04:20,59,78,00:00,50,13:00,2025-05-06 10:36:02.635540,2025-05-06 10:36:02.635540
99171,115,2018-08-13,25.1,3.4,22.2,07:30,28,13:10,10,4.7,14.7,03:00,59,74,07:30,57,13:00,2025-05-06 10:36:02.871762,2025-05-06 10:36:02.871762
99190,115,2018-08-14,29.4,0,25.3,22:40,33.5,12:50,5,2.8,14.2,22:10,53,62,,50,13:00,2025-05-06 10:36:03.092287,2025-05-06 10:36:03.092287
99209,115,2018-08-15,28.8,0,24.6,20:50,33,12:30,7,3.3,14.7,00:50,48,57,,35,21:10,2025-05-06 10:36:03.321823,2025-05-06 10:36:03.321823
99228,115,2018-08-16,24.2,0,17.8,23:40,30.6,14:40,8,1.7,9.7,00:10,35,52,23:40,32,15:00,2025-05-06 10:36:03.563243,2025-05-06 10:36:03.563243
99247,115,2018-08-17,20.4,0,14.9,03:20,25.9,12:30,4,3.1,13.1,17:30,64,88,03:10,48,12:20,2025-05-06 10:36:03.799788,2025-05-06 10:36:03.799788
99266,115,2018-08-18,20.8,0,15,23:59,26.5,16:40,10,1.7,9.4,02:40,67,85,23:59,52,16:40,2025-05-06 10:36:04.028532,2025-05-06 10:36:04.028532
99285,115,2018-08-19,19.7,0,13.4,06:10,26,14:40,23,1.4,5.3,16:10,67,87,00:30,58,10:40,2025-05-06 10:36:04.250090,2025-05-06 10:36:04.250090
99304,115,2018-08-20,23.2,0,17.8,01:30,28.6,13:10,99,1.1,4.7,,51,73,01:20,44,,2025-05-06 10:36:04.477549,2025-05-06 10:36:04.477549
99323,115,2018-08-21,26.6,0,23.4,03:40,29.9,14:30,25,1.1,5,13:50,39,63,20:10,24,02:50,2025-05-06 10:36:04.709645,2025-05-06 10:36:04.709645
99342,115,2018-08-22,28.2,0,25.1,00:50,31.2,14:20,28,1.9,5,13:30,44,52,19:40,41,12:00,2025-05-06 10:36:04.939463,2025-05-06 10:36:04.939463
99361,115,2018-08-23,29.9,0,26,05:50,33.8,12:50,99,2.5,5.8,12:50,40,45,,39,13:00,2025-05-06 10:36:05.169581,2025-05-06 10:36:05.169581
99380,115,2018-08-24,30.6,0,25.6,23:20,35.5,14:50,10,2.8,9.7,05:00,31,42,01:50,25,07:00,2025-05-06 10:36:05.316736,2025-05-06 10:36:05.316736
99399,115,2018-08-25,27.4,0,22.9,23:40,31.8,11:20,9,1.7,6.9,10:00,36,48,20:40,29,00:00,2025-05-06 10:36:05.449837,2025-05-06 10:36:05.449837
99418,115,2018-08-26,23.9,0,19.8,23:59,28,12:50,5,5,14.2,22:10,38,47,,35,13:00,2025-05-06 10:36:05.616796,2025-05-06 10:36:05.616796
99436,115,2018-08-27,22.6,0,18.7,22:00,26.5,15:20,5,,13.1,01:20,,62,22:00,44,00:00,2025-05-06 10:36:05.852992,2025-05-06 10:36:05.852992
99455,115,2018-08-28,22.8,0,17.7,05:10,27.8,13:50,7,1.7,6.7,00:30,48,70,20:10,36,09:00,2025-05-06 10:36:06.063980,2025-05-06 10:36:06.063980
99474,115,2018-08-29,27.2,0,23.2,21:20,31.3,14:00,4,2.2,13.9,23:40,32,53,,19,07:00,2025-05-06 10:36:06.302198,2025-05-06 10:36:06.302198
99493,115,2018-08-30,23.8,0,19.7,21:00,27.8,02:10,99,5.3,16.4,,36,51,21:10,20,00:00,2025-05-06 10:36:06.539124,2025-05-06 10:36:06.539124
99512,115,2018-08-31,20.2,0,15.3,23:10,25.1,13:20,99,1.9,12.8,00:10,59,90,,36,05:40,2025-05-06 10:36:06.787602,2025-05-06 10:36:06.787602
99531,115,2018-09-01,21.3,0,16.1,01:00,26.5,13:40,28,1.4,5.6,15:10,49,88,20:30,33,07:00,2025-05-06 10:36:07.013487,2025-05-06 10:36:07.013487
99549,115,2018-09-02,23.5,0,18.7,07:20,28.3,15:30,21,1.1,5,12:30,49,67,19:30,24,23:50,2025-05-06 10:36:07.201043,2025-05-06 10:36:07.201043
99567,115,2018-09-03,25.2,0,21.6,20:30,28.8,13:30,99,1.9,5.3,13:30,39,72,20:00,18,07:00,2025-05-06 10:36:07.444125,2025-05-06 10:36:07.444125
99585,115,2018-09-04,23.8,0,19.6,21:50,28,10:40,21,1.9,5.3,13:10,48,84,21:00,27,07:00,2025-05-06 10:36:07.678696,2025-05-06 10:36:07.678696
99603,115,2018-09-05,24.3,0,20,01:00,28.6,13:30,99,1.4,5.3,,47,80,20:10,28,07:00,2025-05-06 10:36:07.889746,2025-05-06 10:36:07.889746
99622,115,2018-09-06,23,0,18.2,23:50,27.9,12:50,28,1.4,6.7,13:40,68,90,20:40,42,01:20,2025-05-06 10:36:08.125193,2025-05-06 10:36:08.125193
99641,115,2018-09-07,19.2,0,14.9,07:50,23.4,15:10,6,1.7,9.4,23:50,74,82,00:00,61,21:50,2025-05-06 10:36:08.343341,2025-05-06 10:36:08.343341
99660,115,2018-09-08,18.8,0,13.7,08:10,23.9,16:20,6,3.3,15,23:30,69,87,08:10,48,19:00,2025-05-06 10:36:08.571946,2025-05-06 10:36:08.571946
99679,115,2018-09-09,16.7,0.1,13.3,07:10,20.1,15:20,24,4.2,17.2,21:20,74,89,22:50,57,00:00,2025-05-06 10:36:08.803230,2025-05-06 10:36:08.803230
99698,115,2018-09-10,17.1,0,14.2,06:40,20,14:40,6,3.3,20.8,01:00,80,94,23:59,66,14:40,2025-05-06 10:36:09.035565,2025-05-06 10:36:09.035565
99717,115,2018-09-11,18.5,0,13,07:10,24,15:20,5,1.7,13.3,00:30,77,97,06:40,27,23:50,2025-05-06 10:36:09.279236,2025-05-06 10:36:09.279236
99736,115,2018-09-12,23.1,0,20.7,06:50,25.5,17:30,22,4.2,16.7,11:50,76,83,,24,00:00,2025-05-06 10:36:09.492108,2025-05-06 10:36:09.492108
99755,115,2018-09-13,25,0,20.8,04:50,29.1,16:50,22,1.4,6.4,15:30,72,87,04:50,54,17:20,2025-05-06 10:36:09.726847,2025-05-06 10:36:09.726847
99774,115,2018-09-14,24,0,20,06:10,28.1,15:30,24,1.9,6.1,,71,78,,63,,2025-05-06 10:36:09.973053,2025-05-06 10:36:09.973053
99793,115,2018-09-15,19.3,0,15.3,23:59,23.3,13:00,26,3.3,16.9,17:00,71,87,,36,20:10,2025-05-06 10:36:10.202087,2025-05-06 10:36:10.202087
99812,115,2018-09-16,,0,,,,,5,1.4,8.9,12:10,76,91,23:30,64,12:20,2025-05-06 10:36:10.435420,2025-05-06 10:36:10.435420
99831,115,2018-09-17,19.8,0,15.3,23:50,24.4,15:00,9,1.7,6.7,04:30,71,97,,57,07:40,2025-05-06 10:36:10.676343,2025-05-06 10:36:10.676343
99850,115,2018-09-18,20,0,14.7,06:10,25.3,14:40,29,1.7,6.4,15:50,62,89,00:20,50,03:00,2025-05-06 10:36:10.911873,2025-05-06 10:36:10.911873
99869,115,2018-09-19,,0,,,,,22,2.8,11.7,15:10,52,87,21:10,38,06:20,2025-05-06 10:36:11.137852,2025-05-06 10:36:11.137852
99888,115,2018-09-20,24.2,0,20.2,04:40,28.2,16:20,22,2.2,8.1,18:00,60,74,00:30,48,18:00,2025-05-06 10:36:11.390833,2025-05-06 10:36:11.390833
99906,115,2018-09-21,21.4,0,16.5,21:30,26.4,13:20,30,1.9,6.1,14:10,51,92,20:50,29,22:40,2025-05-06 10:36:11.607527,2025-05-06 10:36:11.607527
99925,115,2018-09-22,24.8,0,20.1,00:50,29.4,15:20,7,0.8,14.7,21:00,44,69,18:50,25,,2025-05-06 10:36:11.823009,2025-05-06 10:36:11.823009
99944,115,2018-09-23,27.4,0,22.9,00:10,32,15:30,7,5.3,14.2,11:00,46,53,00:20,43,15:30,2025-05-06 10:36:12.068511,2025-05-06 10:36:12.068511
99963,115,2018-09-24,27,0,22.7,05:00,31.2,12:50,8,3.6,14.2,05:30,46,54,19:50,41,13:00,2025-05-06 10:36:12.307801,2025-05-06 10:36:12.307801
99982,115,2018-09-25,27.6,0,23.7,23:00,31.4,14:50,24,2.5,10,14:40,43,50,,39,16:00,2025-05-06 10:36:12.541966,2025-05-06 10:36:12.541966
100001,115,2018-09-26,27.1,0,23.3,04:40,30.9,14:00,5,3.1,15.8,23:10,37,50,00:00,33,18:00,2025-05-06 10:36:12.758378,2025-05-06 10:36:12.758378
100020,115,2018-09-27,24,0,20.6,23:59,27.3,14:10,6,3.1,14.4,00:20,34,41,,32,,2025-05-06 10:36:12.973872,2025-05-06 10:36:12.973872
100039,115,2018-09-28,22.6,0,18.6,07:00,26.7,15:40,4,2.2,12.2,23:30,53,79,18:50,31,00:00,2025-05-06 10:36:13.195143,2025-05-06 10:36:13.195143
100058,115,2018-09-29,20.5,0,17,05:00,24,16:40,5,3.6,15.3,02:00,69,87,06:10,58,13:30,2025-05-06 10:36:13.410198,2025-05-06 10:36:13.410198
100077,115,2018-09-30,20.2,0,16,06:30,24.3,14:00,34,1.9,9.2,00:50,72,85,20:10,57,23:59,2025-05-06 10:36:13.638310,2025-05-06 10:36:13.638310
100096,115,2018-10-01,22.6,0,18.4,04:00,26.7,12:30,27,2.2,6.1,12:50,48,72,19:30,42,,2025-05-06 10:36:13.859749,2025-05-06 10:36:13.859749
100115,115,2018-10-02,22.8,0,18.5,20:40,27.1,16:00,22,2.5,6.4,14:20,47,79,20:20,40,15:00,2025-05-06 10:36:14.058745,2025-05-06 10:36:14.058745
100134,115,2018-10-03,22.8,0,19.5,20:50,26.1,13:50,25,1.9,10.8,11:10,46,73,19:20,42,07:00,2025-05-06 10:36:14.288848,2025-05-06 10:36:14.288848
100153,115,2018-10-04,22.7,0,17.9,04:30,27.5,13:00,28,0.8,6.7,13:50,56,93,20:10,44,11:00,2025-05-06 10:36:14.499358,2025-05-06 10:36:14.499358
100172,115,2018-10-05,21,0.3,16.8,21:40,25.1,12:50,14,1.4,7.2,20:10,67,97,19:30,50,03:50,2025-05-06 10:36:14.727391,2025-05-06 10:36:14.727391
100191,115,2018-10-06,19.8,0,14.9,01:50,24.8,13:40,28,2.2,6.7,15:50,68,97,,52,,2025-05-06 10:36:14.953742,2025-05-06 10:36:14.953742
100209,115,2018-10-07,23.8,0,19.5,02:40,28.1,15:00,20,2.5,9.7,20:00,45,56,02:30,43,08:50,2025-05-06 10:36:15.177109,2025-05-06 10:36:15.177109
100227,115,2018-10-08,23,0,17.7,23:30,28.4,13:00,24,1.7,16.4,11:30,37,56,07:20,28,18:00,2025-05-06 10:36:15.390406,2025-05-06 10:36:15.390406
100245,115,2018-10-09,19.2,0.1,15,05:10,23.3,13:30,20,3.3,12.2,13:00,73,98,,41,03:30,2025-05-06 10:36:15.603858,2025-05-06 10:36:15.603858
100263,115,2018-10-10,19.6,0.1,15.4,01:50,23.8,12:00,22,1.7,10.3,12:40,71,98,,57,,2025-05-06 10:36:15.827291,2025-05-06 10:36:15.827291
100281,115,2018-10-11,19.2,0,14.8,22:00,23.5,12:30,23,1.7,6.4,12:00,81,96,20:40,63,11:20,2025-05-06 10:36:16.006971,2025-05-06 10:36:16.006971
100299,115,2018-10-12,20,0,15.7,21:20,24.2,14:30,22,2.2,7.2,15:10,56,88,19:50,40,11:40,2025-05-06 10:36:16.141505,2025-05-06 10:36:16.141505
100318,115,2018-10-13,21,0,16,03:50,25.9,14:10,23,2.2,7.8,15:50,48,89,,27,09:20,2025-05-06 10:36:16.301985,2025-05-06 10:36:16.301985
100337,115,2018-10-14,20.4,0,15.1,07:40,25.7,14:00,3,3.1,14.4,20:00,82,95,,59,11:30,2025-05-06 10:36:16.508317,2025-05-06 10:36:16.508317
100356,115,2018-10-15,,0,,,,,6,0.8,12.8,00:20,68,82,00:00,42,22:50,2025-05-06 10:36:16.729785,2025-05-06 10:36:16.729785
100375,115,2018-10-16,18.6,0,14.1,22:50,23.2,12:50,9,1.7,7.5,23:50,52,85,03:00,39,08:50,2025-05-06 10:36:16.933640,2025-05-06 10:36:16.933640
100394,115,2018-10-17,15.8,0.5,13.4,09:00,18.3,15:20,6,3.9,13.1,13:00,80,92,18:50,69,12:30,2025-05-06 10:36:17.139335,2025-05-06 10:36:17.139335
100413,115,2018-10-18,14.8,1.1,12.3,21:20,17.3,10:30,3,0.8,12.5,03:00,90,94,,79,23:40,2025-05-06 10:36:17.315358,2025-05-06 10:36:17.315358
100431,115,2018-10-19,15,5.5,11.3,07:30,18.6,16:20,4,2.2,12.5,02:00,83,97,20:00,63,16:10,2025-05-06 10:36:17.488414,2025-05-06 10:36:17.488414
100449,115,2018-10-20,15.6,0.1,11.9,,19.4,16:00,27,2.5,7.8,14:50,65,91,02:10,56,15:40,2025-05-06 10:36:17.665603,2025-05-06 10:36:17.665603
100467,115,2018-10-21,17.2,0,13.5,08:00,20.8,13:50,23,1.9,8.1,13:40,68,90,,56,09:10,2025-05-06 10:36:17.885517,2025-05-06 10:36:17.885517
100485,115,2018-10-22,15.8,0,13.6,04:20,17.9,15:10,21,1.1,7.8,15:50,72,79,07:40,59,,2025-05-06 10:36:18.137260,2025-05-06 10:36:18.137260
100503,115,2018-10-23,18.3,0,14.7,01:30,21.9,14:50,27,2.8,10.3,14:00,64,87,20:40,57,23:30,2025-05-06 10:36:18.297302,2025-05-06 10:36:18.297302
100521,115,2018-10-24,19.1,10,15.9,23:30,22.3,15:20,19,1.4,8.3,16:10,60,97,23:00,49,01:20,2025-05-06 10:36:18.451287,2025-05-06 10:36:18.451287
100641,115,2018-10-31,15.5,0.1,11.9,08:20,19.1,15:00,4,1.7,9.2,06:00,63,97,,49,15:10,2025-05-06 10:36:19.910341,2025-05-06 10:36:19.910341
100660,115,2018-11-01,14.6,1.3,12.3,00:20,17,13:00,9,1.4,13.3,20:10,83,90,15:30,71,11:00,2025-05-06 10:36:20.079642,2025-05-06 10:36:20.079642
100679,115,2018-11-02,14.9,0,12.4,02:00,17.4,12:20,7,4.2,19.2,21:10,78,92,06:50,55,17:30,2025-05-06 10:36:20.239670,2025-05-06 10:36:20.239670
100698,115,2018-11-03,15.2,0,11.7,23:00,18.6,16:00,6,7.2,18.6,23:30,77,92,02:50,42,22:00,2025-05-06 10:36:20.424652,2025-05-06 10:36:20.424652
100717,115,2018-11-04,15.6,0,11.5,05:50,19.7,13:50,6,5.3,18.6,03:00,75,91,23:00,62,13:20,2025-05-06 10:36:20.610036,2025-05-06 10:36:20.610036
100736,115,2018-11-05,14.8,0,11.1,08:30,18.5,14:40,5,3.3,11.4,15:40,80,95,,62,14:10,2025-05-06 10:36:20.822477,2025-05-06 10:36:20.822477
100755,115,2018-11-06,14.6,0,10.5,23:40,18.7,13:50,9,1.4,10,01:30,71,94,08:50,53,15:40,2025-05-06 10:36:21.019518,2025-05-06 10:36:21.019518
100774,115,2018-11-07,14,0,9.7,06:00,18.4,14:00,5,1.4,10.8,01:40,74,91,,63,13:30,2025-05-06 10:36:21.184476,2025-05-06 10:36:21.184476
100793,115,2018-11-08,14.8,0,9.3,04:40,20.3,15:40,10,1.4,14.4,21:00,59,92,,44,13:00,2025-05-06 10:36:21.397098,2025-05-06 10:36:21.397098
100812,115,2018-11-09,15.1,0,11.4,23:40,18.8,15:10,7,1.9,13.1,23:40,78,88,,59,23:59,2025-05-06 10:36:21.636601,2025-05-06 10:36:21.636601
100831,115,2018-11-10,15,0,10.2,08:30,19.8,14:50,8,2.8,15,01:40,66,87,02:30,55,13:20,2025-05-06 10:36:21.851594,2025-05-06 10:36:21.851594
100850,115,2018-11-11,14.9,0,10.2,07:40,19.6,13:20,6,0.8,8.3,10:00,67,87,20:00,60,03:20,2025-05-06 10:36:22.059900,2025-05-06 10:36:22.059900
100869,115,2018-11-12,12.4,6.7,10.8,22:40,14,11:10,5,1.9,16.4,22:40,89,98,,66,17:40,2025-05-06 10:36:22.307386,2025-05-06 10:36:22.307386
100888,115,2018-11-13,11.2,5.8,10,07:20,12.5,14:30,99,1.7,13.3,,82,88,23:20,74,14:50,2025-05-06 10:36:22.519704,2025-05-06 10:36:22.519704
100907,115,2018-11-14,13.2,0,10.1,05:50,16.3,14:40,3,1.7,10.6,00:10,69,89,01:20,59,14:30,2025-05-06 10:36:22.741018,2025-05-06 10:36:22.741018
100926,115,2018-11-15,13,0,10.1,02:20,15.9,14:40,23,1.9,7.8,14:00,84,93,20:00,62,04:30,2025-05-06 10:36:22.974795,2025-05-06 10:36:22.974795
100945,115,2018-11-16,14,0,9.6,05:50,18.5,13:00,21,1.4,6.9,13:00,68,96,04:00,43,13:00,2025-05-06 10:36:23.205783,2025-05-06 10:36:23.205783
100964,115,2018-11-17,12.8,18.7,10.3,01:50,15.2,15:10,3,1.7,11.4,19:40,94,98,,60,00:30,2025-05-06 10:36:23.433836,2025-05-06 10:36:23.433836
100983,115,2018-11-18,12.4,1,10,06:20,14.9,12:50,34,0.8,7.2,20:00,75,93,,60,15:10,2025-05-06 10:36:23.646575,2025-05-06 10:36:23.646575
101002,115,2018-11-19,11.3,2.3,9.6,03:30,13,13:30,30,2.2,10,17:20,82,94,,79,07:40,2025-05-06 10:36:23.875649,2025-05-06 10:36:23.875649
101021,115,2018-11-20,14.3,0,9.9,05:00,18.7,14:40,30,1.9,5.6,15:00,71,93,19:30,57,05:40,2025-05-06 10:36:24.104609,2025-05-06 10:36:24.104609
101040,115,2018-11-21,15,10.9,11.4,22:50,18.5,14:30,23,2.5,8.9,11:50,58,96,23:30,47,,2025-05-06 10:36:24.324546,2025-05-06 10:36:24.324546
101059,115,2018-11-22,11.6,18.1,8.7,22:10,14.6,14:20,29,1.1,7.5,19:10,89,97,,66,09:40,2025-05-06 10:36:24.544547,2025-05-06 10:36:24.544547
101078,115,2018-11-23,9.8,5.7,7.6,05:00,12.1,16:20,7,2.2,9.2,07:30,76,96,05:30,61,23:30,2025-05-06 10:36:24.778818,2025-05-06 10:36:24.778818
101097,115,2018-11-24,13.3,0,8.4,01:10,18.2,14:30,25,1.1,6.1,14:00,53,93,,38,12:10,2025-05-06 10:36:25.014551,2025-05-06 10:36:25.014551
101116,115,2018-11-25,17,0,13.4,01:00,20.7,13:00,22,1.1,6.1,14:10,74,95,05:20,41,21:20,2025-05-06 10:36:25.251622,2025-05-06 10:36:25.251622
101135,115,2018-11-26,16.3,0,12.2,20:20,20.4,13:50,99,0.3,5,,73,95,,51,21:10,2025-05-06 10:36:25.489305,2025-05-06 10:36:25.489305
101154,115,2018-11-27,15.8,0,12.5,01:00,19,12:50,6,1.7,8.6,08:30,57,94,00:20,30,21:50,2025-05-06 10:36:25.751837,2025-05-06 10:36:25.751837
101173,115,2018-11-28,17,0,14,22:20,20.1,13:50,10,1.7,4.7,01:20,61,89,18:20,33,00:00,2025-05-06 10:36:25.988411,2025-05-06 10:36:25.988411
101192,115,2018-11-29,19,0,15.1,00:10,22.9,13:20,8,1.7,7.5,22:00,37,59,00:00,33,13:00,2025-05-06 10:36:26.213912,2025-05-06 10:36:26.213912
101211,115,2018-11-30,18.5,0,15,02:50,22,13:10,7,1.4,8.3,22:20,43,57,18:10,34,09:20,2025-05-06 10:36:26.435871,2025-05-06 10:36:26.435871
101230,115,2018-12-01,17.6,0,13.7,20:50,21.5,14:30,8,0.6,8.6,04:40,53,89,18:40,29,05:10,2025-05-06 10:36:26.671904,2025-05-06 10:36:26.671904
101249,115,2018-12-02,18,0,15.1,02:30,21,15:40,12,1.1,5,18:40,49,75,18:10,24,07:00,2025-05-06 10:36:26.865716,2025-05-06 10:36:26.865716
101268,115,2018-12-03,19.6,0,16,06:30,23.2,13:40,17,0.8,8.9,12:40,31,42,18:30,26,20:30,2025-05-06 10:36:27.012043,2025-05-06 10:36:27.012043
101287,115,2018-12-04,18.6,0,15.6,20:30,21.6,13:10,13,2.5,11.4,23:40,37,50,20:20,30,00:00,2025-05-06 10:36:27.176592,2025-05-06 10:36:27.176592
101306,115,2018-12-05,18.9,0,15.4,07:30,22.4,13:30,12,1.7,15,23:50,41,50,02:50,38,13:00,2025-05-06 10:36:27.399464,2025-05-06 10:36:27.399464
101325,115,2018-12-06,18.4,0,15.7,06:50,21,15:00,14,1.7,14.2,10:50,34,43,03:10,32,18:00,2025-05-06 10:36:27.618302,2025-05-06 10:36:27.618302
101344,115,2018-12-07,20,0,17.3,07:20,22.6,12:20,99,3.9,13.9,,34,41,17:10,31,,2025-05-06 10:36:27.858625,2025-05-06 10:36:27.858625
101363,115,2018-12-08,19.6,0,16.2,20:20,23,11:50,9,0.8,14.7,00:30,41,64,19:00,31,,2025-05-06 10:36:28.088738,2025-05-06 10:36:28.088738
101382,115,2018-12-09,19.8,0,16.5,02:00,23.2,15:00,11,1.4,7.5,21:10,35,42,18:00,31,03:30,2025-05-06 10:36:28.314686,2025-05-06 10:36:28.314686
101401,115,2018-12-10,18.7,0,15,07:10,22.4,13:50,22,2.5,7.2,14:20,34,40,,32,00:00,2025-05-06 10:36:28.550473,2025-05-06 10:36:28.550473
101419,115,2018-12-11,16.8,0,11.9,18:50,21.7,13:20,6,1.4,11.4,22:10,40,81,22:20,33,00:00,2025-05-06 10:36:28.761954,2025-05-06 10:36:28.761954
101437,115,2018-12-12,14.6,0,10.8,23:50,18.5,15:10,8,2.8,13.3,03:10,62,87,,40,10:00,2025-05-06 10:36:28.972837,2025-05-06 10:36:28.972837
101455,115,2018-12-13,15.1,0,10.9,00:20,19.3,15:20,8,2.2,12.2,21:50,58,97,23:30,42,15:20,2025-05-06 10:36:29.186342,2025-05-06 10:36:29.186342
101473,115,2018-12-14,15.2,0,11.3,08:00,19.2,12:30,7,3.9,19.7,20:50,35,97,00:00,22,10:40,2025-05-06 10:36:29.407005,2025-05-06 10:36:29.407005
101491,115,2018-12-15,18.5,0,14.9,07:20,22.1,13:10,3,1.1,18.1,00:20,40,51,04:00,35,18:50,2025-05-06 10:36:29.622921,2025-05-06 10:36:29.622921
101510,115,2018-12-16,17.2,0,14.6,23:59,19.9,14:40,10,2.5,15.6,10:40,36,45,,34,00:00,2025-05-06 10:36:29.922452,2025-05-06 10:36:29.922452
101529,115,2018-12-17,16.8,0,13,21:50,20.5,13:20,26,1.4,10.6,20:50,41,50,19:50,40,19:00,2025-05-06 10:36:30.159931,2025-05-06 10:36:30.159931
101548,115,2018-12-18,16,0,12.3,05:30,19.8,15:10,10,2.8,10.3,21:30,38,56,18:30,33,10:40,2025-05-06 10:36:30.407776,2025-05-06 10:36:30.407776
101567,115,2018-12-19,16.6,0,12.7,00:40,20.4,15:40,9,1.4,9.2,23:10,35,46,19:00,33,23:20,2025-05-06 10:36:30.645434,2025-05-06 10:36:30.645434
101586,115,2018-12-20,17.2,0,13.9,03:20,20.6,14:40,9,1.4,8.9,00:50,29,40,,27,07:00,2025-05-06 10:36:30.881903,2025-05-06 10:36:30.881903
101605,115,2018-12-21,17.4,0,14.7,19:30,20.2,15:30,22,1.7,5,14:10,40,68,18:40,29,07:00,2025-05-06 10:36:31.109200,2025-05-06 10:36:31.109200
101624,115,2018-12-22,18.8,0,15.3,01:00,22.2,12:40,19,2.2,10.8,23:00,31,45,17:40,27,02:00,2025-05-06 10:36:31.327331,2025-05-06 10:36:31.327331
101643,115,2018-12-23,15.4,0,12.9,07:00,17.8,11:40,12,3.3,14.4,02:30,49,54,,34,00:00,2025-05-06 10:36:31.559470,2025-05-06 10:36:31.559470
101662,115,2018-12-24,16.7,0,12.9,06:40,20.5,15:10,20,3.9,18.6,09:40,31,46,05:50,22,14:50,2025-05-06 10:36:31.767154,2025-05-06 10:36:31.767154
101681,115,2018-12-25,17.6,0,14.1,00:20,21,13:00,13,2.8,10.8,07:20,32,40,,29,01:40,2025-05-06 10:36:31.994688,2025-05-06 10:36:31.994688
101700,115,2018-12-26,17.4,0,13.8,07:40,21,14:20,99,0.6,6.1,,31,40,19:10,26,,2025-05-06 10:37:35.061620,2025-05-06 10:37:35.061620
101719,115,2018-12-27,16.4,0,14.4,23:00,18.5,13:50,5,1.9,10.8,15:10,21,31,,19,07:00,2025-05-06 10:37:35.291404,2025-05-06 10:37:35.291404
101738,115,2018-12-28,15.8,0,13.5,03:50,18.1,14:50,11,3.1,12.2,02:10,31,47,15:30,29,00:00,2025-05-06 10:37:35.540034,2025-05-06 10:37:35.540034
101757,115,2018-12-29,13.6,0,9,22:10,18.3,14:30,6,3.1,12.8,07:10,58,89,,27,00:00,2025-05-06 10:37:35.773491,2025-05-06 10:37:35.773491
101775,115,2018-12-30,11.8,0,8.7,21:40,14.9,11:40,6,1.9,11.7,02:00,77,94,01:30,66,11:40,2025-05-06 10:37:35.990271,2025-05-06 10:37:35.990271
101794,115,2018-12-31,13.4,0,8.9,02:30,18,13:40,20,2.2,8.9,13:10,44,74,02:00,27,22:30,2025-05-06 10:37:36.215318,2025-05-06 10:37:36.215318
101813,115,2019-01-01,15.9,0,11.5,00:10,20.3,14:00,23,2.5,13.6,04:30,32,44,18:50,27,13:00,2025-05-06 10:37:36.453696,2025-05-06 10:37:36.453696
101832,115,2019-01-02,14.7,0,11.3,20:10,18.1,13:20,8,0.8,6.4,00:30,40,75,19:30,25,22:30,2025-05-06 10:37:36.686180,2025-05-06 10:37:36.686180
101851,115,2019-01-03,13,0,9.2,21:00,16.9,13:10,24,0.8,6.9,00:50,51,95,19:40,23,01:40,2025-05-06 10:37:36.926015,2025-05-06 10:37:36.926015
101870,115,2019-01-04,12,0,7.2,05:30,16.8,11:20,22,1.1,4.7,13:50,52,94,19:10,21,08:50,2025-05-06 10:37:37.156325,2025-05-06 10:37:37.156325
101889,115,2019-01-05,15,0,11.7,00:40,18.3,14:30,21,2.5,9.7,12:40,25,41,18:50,21,07:00,2025-05-06 10:37:37.381929,2025-05-06 10:37:37.381929
101908,115,2019-01-06,13.4,0,9.7,09:00,17.1,13:40,6,0.8,9.4,03:20,39,69,19:50,22,22:20,2025-05-06 10:37:37.605886,2025-05-06 10:37:37.605886
101927,115,2019-01-07,14,0,10.9,08:50,17.2,16:10,7,1.1,13.9,21:40,42,69,18:00,23,00:00,2025-05-06 10:37:37.825855,2025-05-06 10:37:37.825855
101946,115,2019-01-08,14.6,0,11.5,01:00,17.8,15:00,10,1.4,6.9,20:50,29,45,18:50,24,07:00,2025-05-06 10:37:38.046148,2025-05-06 10:37:38.046148
101965,115,2019-01-09,14.9,0,11.8,20:00,18,15:10,17,1.4,5.8,15:40,,69,18:40,24,13:00,2025-05-06 10:37:38.271076,2025-05-06 10:37:38.271076
101984,115,2019-01-10,13,0,8.2,23:30,17.7,15:50,99,1.9,5.8,,35,88,20:10,21,07:00,2025-05-06 10:37:38.503181,2025-05-06 10:37:38.503181
102003,115,2019-01-11,11,0,6.8,23:40,15.3,14:20,25,0.8,7.2,12:30,70,99,23:30,36,02:30,2025-05-06 10:37:38.732242,2025-05-06 10:37:38.732242
102022,115,2019-01-12,11.2,0,5.6,01:30,16.7,15:10,13,0.8,7.5,23:30,51,99,,22,21:30,2025-05-06 10:37:38.935013,2025-05-06 10:37:38.935013
102041,115,2019-01-13,15.4,0,13.1,21:10,17.6,14:50,15,2.8,14.2,22:30,,30,,23,18:00,2025-05-06 10:37:39.174062,2025-05-06 10:37:39.174062
102060,115,2019-01-14,14.7,0,11,07:50,18.4,14:20,99,2.2,5.8,,33,56,19:40,26,00:00,2025-05-06 10:37:39.403321,2025-05-06 10:37:39.403321
102079,115,2019-01-15,13.8,0,10.1,23:59,17.6,13:30,13,1.7,9.2,22:30,41,59,18:20,32,13:00,2025-05-06 10:37:39.640721,2025-05-06 10:37:39.640721
102098,115,2019-01-16,10.3,2.5,8.1,05:50,12.5,15:00,3,3.9,12.5,12:50,69,83,21:40,36,,2025-05-06 10:37:39.864956,2025-05-06 10:37:39.864956
102117,115,2019-01-17,9,23,7,21:10,11,13:40,7,0.8,12.5,23:50,81,97,01:50,69,13:30,2025-05-06 10:37:40.099491,2025-05-06 10:37:40.099491
102136,115,2019-01-18,9,5,7.6,01:30,10.3,13:10,5,1.4,15.3,02:40,84,93,01:20,77,16:10,2025-05-06 10:37:40.332581,2025-05-06 10:37:40.332581
102155,115,2019-01-19,10.4,0,7.8,05:00,12.9,13:20,10,3.3,14.4,03:40,85,94,07:50,71,22:20,2025-05-06 10:37:40.560104,2025-05-06 10:37:40.560104
102173,115,2019-01-20,11.4,2.8,7.6,02:50,15.1,15:30,2,2.5,13.3,16:30,79,98,,66,14:30,2025-05-06 10:37:40.793672,2025-05-06 10:37:40.793672
102192,115,2019-01-21,9.3,2.7,8.2,22:50,10.4,03:50,4,3.6,15,15:40,82,90,17:00,67,01:40,2025-05-06 10:37:41.018283,2025-05-06 10:37:41.018283
102211,115,2019-01-22,9,0,7.1,03:30,10.9,17:20,99,2.5,13.6,,77,89,00:20,70,13:40,2025-05-06 10:37:41.242511,2025-05-06 10:37:41.242511
102230,115,2019-01-23,11.6,0.3,7.6,05:20,15.5,16:40,24,4.7,13.3,06:50,73,92,22:30,51,10:10,2025-05-06 10:37:41.468523,2025-05-06 10:37:41.468523
102249,115,2019-01-24,11.3,0.1,7.8,01:40,14.8,15:10,12,2.5,10.6,04:40,84,93,,63,15:00,2025-05-06 10:37:41.702712,2025-05-06 10:37:41.702712
102268,115,2019-01-25,13,0,9,06:50,16.9,14:20,24,1.1,5.8,16:50,85,98,,68,14:20,2025-05-06 10:37:41.932096,2025-05-06 10:37:41.932096
102287,115,2019-01-26,12.6,0,8.7,04:40,16.4,13:00,24,1.7,5.8,13:00,71,85,01:20,57,13:00,2025-05-06 10:37:42.095073,2025-05-06 10:37:42.095073
102306,115,2019-01-27,12.8,0,8.1,05:30,17.5,13:30,4,1.9,15.3,22:20,62,86,20:30,53,13:00,2025-05-06 10:37:42.213762,2025-05-06 10:37:42.213762
102325,115,2019-01-28,13.8,0,8.7,06:00,18.9,14:20,9,2.2,15,23:20,55,90,07:40,21,,2025-05-06 10:37:42.363701,2025-05-06 10:37:42.363701
102344,115,2019-01-29,15.8,0,11.9,22:30,19.6,13:20,8,1.4,14.7,01:30,44,66,22:20,21,,2025-05-06 10:37:42.562618,2025-05-06 10:37:42.562618
102363,115,2019-01-30,12.4,0,7.5,23:59,17.3,12:50,4,1.9,12.5,19:10,61,94,,44,13:20,2025-05-06 10:37:42.776661,2025-05-06 10:37:42.776661
102382,115,2019-01-31,11.3,0,6.5,04:00,16.1,15:00,99,1.7,5.6,,77,96,00:40,63,14:50,2025-05-06 10:37:43.004412,2025-05-06 10:37:43.004412
102401,115,2019-02-01,12.6,8.1,7.2,08:40,17.9,14:30,21,1.7,15.3,16:40,81,97,,58,13:30,2025-05-06 10:37:43.248548,2025-05-06 10:37:43.248548
102420,115,2019-02-02,9.8,0.2,7.8,20:10,11.9,00:30,9,3.6,16.1,15:10,82,98,,68,13:50,2025-05-06 10:37:43.452639,2025-05-06 10:37:43.452639
102439,115,2019-02-03,11.2,0,7.4,06:40,15,14:40,10,7.2,18.6,23:20,56,90,04:20,21,22:50,2025-05-06 10:37:43.676965,2025-05-06 10:37:43.676965
102458,115,2019-02-04,16.6,0,13.8,01:40,19.5,14:40,10,2.2,16.7,01:40,30,41,,19,00:00,2025-05-06 10:37:43.901564,2025-05-06 10:37:43.901564
102477,115,2019-02-05,15,0,11.4,08:00,18.7,13:50,12,1.9,11.1,21:20,31,52,18:50,22,21:30,2025-05-06 10:37:44.119066,2025-05-06 10:37:44.119066
102496,115,2019-02-06,15.8,0,11.7,05:00,19.9,13:10,9,1.1,12.8,,25,35,04:50,23,13:00,2025-05-06 10:37:44.345561,2025-05-06 10:37:44.345561
102515,115,2019-02-07,16.2,0,12.9,00:50,19.5,15:40,9,1.7,12.8,,,59,19:00,17,13:00,2025-05-06 10:37:44.571254,2025-05-06 10:37:44.571254
102534,115,2019-02-08,16.2,0,12.9,19:50,19.4,11:50,27,1.9,4.7,15:30,,77,19:10,15,00:00,2025-05-06 10:37:44.786999,2025-05-06 10:37:44.786999
102553,115,2019-02-09,17.4,0,13.6,08:50,21.2,15:40,24,1.9,10,14:00,31,50,19:10,16,00:00,2025-05-06 10:37:45.008692,2025-05-06 10:37:45.008692
102572,115,2019-02-10,17.8,0,13.6,07:20,22,15:00,11,1.9,12.5,06:10,31,37,,27,18:00,2025-05-06 10:37:45.225684,2025-05-06 10:37:45.225684
102591,115,2019-02-11,19.4,0,15.5,03:00,23.2,16:20,9,3.6,13.9,02:50,26,35,19:20,25,13:00,2025-05-06 10:37:45.444685,2025-05-06 10:37:45.444685
102610,115,2019-02-12,20.4,0,16.6,06:00,24.2,13:30,5,2.8,7.5,00:40,25,32,20:20,23,13:00,2025-05-06 10:37:45.658467,2025-05-06 10:37:45.658467
102629,115,2019-02-13,20.2,0,16.8,08:10,23.5,15:10,13,4.7,16.4,06:40,24,30,,22,18:00,2025-05-06 10:37:45.887087,2025-05-06 10:37:45.887087
102648,115,2019-02-14,17.7,0,15.5,20:20,19.9,14:50,21,7.2,19.2,01:40,28,35,,22,00:00,2025-05-06 10:37:46.122966,2025-05-06 10:37:46.122966
102667,115,2019-02-15,11.8,19.4,7.6,19:10,16.1,00:10,28,2.2,15.8,03:50,71,95,15:40,31,00:00,2025-05-06 10:37:46.358425,2025-05-06 10:37:46.358425
102686,115,2019-02-16,11.5,4.1,7.6,02:50,15.4,15:50,21,0.8,15.8,23:40,68,98,,44,18:00,2025-05-06 10:37:46.576142,2025-05-06 10:37:46.576142
102705,115,2019-02-17,13.6,0,9.8,,17.4,16:00,10,3.6,13.9,04:20,40,69,00:00,32,07:00,2025-05-06 10:37:46.799908,2025-05-06 10:37:46.799908
102723,115,2019-02-18,10,2.5,7.1,22:40,12.9,12:30,4,2.2,13.6,22:00,70,93,15:40,36,07:00,2025-05-06 10:37:47.017832,2025-05-06 10:37:47.017832
102742,115,2019-02-19,9.3,0,6.6,07:30,12,14:50,3,3.1,13.6,01:00,73,89,04:50,50,16:20,2025-05-06 10:37:47.257802,2025-05-06 10:37:47.257802
102761,115,2019-02-20,10.4,0,5.7,07:00,15.2,13:40,4,1.1,10.3,05:30,73,94,22:30,61,13:00,2025-05-06 10:37:47.477940,2025-05-06 10:37:47.477940
102780,115,2019-02-21,13.2,0,7.2,00:50,19.3,13:00,21,1.9,11.9,14:30,38,93,00:00,31,,2025-05-06 10:37:47.709775,2025-05-06 10:37:47.709775
102799,115,2019-02-22,18.4,0,15.3,21:00,21.4,15:50,15,3.1,15.6,10:40,25,31,00:00,24,13:00,2025-05-06 10:37:47.935431,2025-05-06 10:37:47.935431
102818,115,2019-02-23,19.4,0,16.2,20:00,22.6,16:20,13,4.2,15.6,07:30,24,32,20:10,23,00:00,2025-05-06 10:37:48.158777,2025-05-06 10:37:48.158777
102837,115,2019-02-24,19.5,0,15.4,08:50,23.6,14:50,12,3.1,7.5,00:20,24,31,19:30,24,13:00,2025-05-06 10:37:48.385153,2025-05-06 10:37:48.385153
102856,115,2019-02-25,18.8,0,14.9,08:20,22.8,13:40,4,1.4,7.5,00:50,28,51,20:20,21,07:00,2025-05-06 10:37:48.608447,2025-05-06 10:37:48.608447
102875,115,2019-02-26,18.6,0,14.4,20:10,22.7,15:10,21,3.3,11.1,13:50,33,55,20:10,25,07:00,2025-05-06 10:37:48.823773,2025-05-06 10:37:48.823773
102894,115,2019-02-27,17.1,0,13.2,23:00,21,14:50,22,1.9,8.1,16:20,38,52,17:50,28,07:00,2025-05-06 10:37:49.060196,2025-05-06 10:37:49.060196
102913,115,2019-02-28,14.4,0,9.9,08:00,19,13:20,5,3.3,10.8,02:50,60,84,08:40,37,,2025-05-06 10:37:49.276411,2025-05-06 10:37:49.276411
102932,115,2019-03-01,12.8,0,7.9,05:40,17.6,15:10,5,1.7,10.6,22:20,67,93,,57,00:00,2025-05-06 10:37:49.488583,2025-05-06 10:37:49.488583
102951,115,2019-03-02,12.2,0,8.2,04:20,16.2,15:00,4,4.4,14.2,09:00,82,97,07:50,59,12:00,2025-05-06 10:37:49.722816,2025-05-06 10:37:49.722816
102970,115,2019-03-03,13.4,0,8.7,01:40,18.1,15:30,5,4.4,19.7,17:40,76,93,04:50,58,13:40,2025-05-06 10:37:49.956012,2025-05-06 10:37:49.956012
102989,115,2019-03-04,14.6,0,8.8,02:40,20.5,14:30,22,1.4,11.4,02:30,61,90,04:10,35,13:00,2025-05-06 10:37:50.197294,2025-05-06 10:37:50.197294
103008,115,2019-03-05,13.9,0,9.3,08:40,18.5,15:40,99,1.4,5.8,,61,97,,33,03:20,2025-05-06 10:37:50.406459,2025-05-06 10:37:50.406459
103027,115,2019-03-06,13,,9.3,00:10,16.7,14:00,3,1.4,10.3,23:30,64,93,08:00,39,11:50,2025-05-06 10:37:50.664399,2025-05-06 10:37:50.664399
103046,115,2019-03-07,10.2,0.1,8.3,08:00,12,19:20,2,3.1,13.9,05:50,72,86,,61,19:10,2025-05-06 10:37:50.888101,2025-05-06 10:37:50.888101
103065,115,2019-03-08,11,2.9,8.6,21:50,13.5,15:00,6,6.4,19.7,10:50,76,90,06:20,59,14:50,2025-05-06 10:37:51.127141,2025-05-06 10:37:51.127141
103084,115,2019-03-09,11.4,0.1,8.6,04:30,14.3,09:50,10,5,18.6,06:30,70,84,04:30,31,09:00,2025-05-06 10:37:51.358580,2025-05-06 10:37:51.358580
103103,115,2019-03-10,15,0,9.3,00:40,20.8,15:50,8,5.3,21.4,01:20,33,80,01:50,25,23:20,2025-05-06 10:37:51.584047,2025-05-06 10:37:51.584047
103122,115,2019-03-11,20.1,0,15.6,02:20,24.6,14:30,25,3.6,10.3,14:50,22,31,16:00,21,07:00,2025-05-06 10:37:51.818351,2025-05-06 10:37:51.818351
103141,115,2019-03-12,19.4,0,15.1,08:10,23.8,15:10,7,2.5,8.9,04:20,30,63,19:40,21,07:00,2025-05-06 10:37:52.039178,2025-05-06 10:37:52.039178
103160,115,2019-03-13,19.4,0,15.1,03:20,23.8,15:00,22,1.4,7.5,14:50,36,67,19:30,24,07:00,2025-05-06 10:37:52.258517,2025-05-06 10:37:52.258517
103179,115,2019-03-14,19.6,0,16.1,23:50,23.1,13:20,12,2.5,10.3,02:30,34,57,19:10,28,10:00,2025-05-06 10:37:52.465204,2025-05-06 10:37:52.465204
103198,115,2019-03-15,19.4,0,14.9,05:20,24,15:00,5,2.5,9.2,11:10,28,37,19:40,27,07:00,2025-05-06 10:37:52.662263,2025-05-06 10:37:52.662263
103217,115,2019-03-16,19.7,0,16.2,06:50,23.2,13:50,99,3.9,9.2,12:50,26,33,,24,07:00,2025-05-06 10:37:52.804279,2025-05-06 10:37:52.804279
103236,115,2019-03-17,17,0,13.9,23:40,20.2,16:30,8,2.2,7.2,09:50,36,62,19:40,26,07:00,2025-05-06 10:37:52.935739,2025-05-06 10:37:52.935739
103255,115,2019-03-18,15.1,0,9.6,23:50,20.6,15:40,25,2.5,13.1,23:50,37,79,23:59,32,10:40,2025-05-06 10:37:53.117834,2025-05-06 10:37:53.117834
103274,115,2019-03-19,14,0,8.9,04:50,19,15:20,1,4.4,13.9,01:10,63,82,04:50,40,14:00,2025-05-06 10:37:53.331502,2025-05-06 10:37:53.331502
103293,115,2019-03-20,15.8,0,10.9,01:00,20.8,13:00,6,3.1,13.1,06:20,41,79,20:50,27,23:59,2025-05-06 10:37:53.567478,2025-05-06 10:37:53.567478
103312,115,2019-03-21,18,0,16.2,20:20,19.9,15:50,5,6.4,17.5,10:30,24,59,19:00,15,04:50,2025-05-06 10:37:53.785202,2025-05-06 10:37:53.785202
103331,115,2019-03-22,18,0,13.8,20:00,22.3,13:10,6,4.2,13.9,22:00,38,72,19:50,21,07:00,2025-05-06 10:37:54.021680,2025-05-06 10:37:54.021680
103350,115,2019-03-23,14.2,0,9.2,23:30,19.3,11:20,8,1.4,11.1,00:10,60,83,,29,00:00,2025-05-06 10:37:54.260342,2025-05-06 10:37:54.260342
103369,115,2019-03-24,13.2,0,8,07:00,18.4,13:00,23,1.9,7.5,13:00,66,83,22:30,49,13:00,2025-05-06 10:37:54.492706,2025-05-06 10:37:54.492706
103387,115,2019-03-25,11.4,7.4,8.6,23:30,14.1,11:00,19,1.1,10.8,16:10,70,92,14:30,61,17:30,2025-05-06 10:37:54.705441,2025-05-06 10:37:54.705441
103406,115,2019-03-26,12.2,0,7.9,07:00,16.6,13:40,22,3.3,8.3,18:00,64,84,00:00,53,16:00,2025-05-06 10:37:54.955089,2025-05-06 10:37:54.955089
103425,115,2019-03-27,13.6,0,9.4,00:50,17.8,12:40,23,1.1,6.9,12:30,71,85,22:50,57,12:30,2025-05-06 10:37:55.177537,2025-05-06 10:37:55.177537
103444,115,2019-03-28,13.6,0.4,9.5,23:20,17.6,13:00,21,1.9,8.6,12:20,64,92,21:40,48,05:30,2025-05-06 10:37:55.406190,2025-05-06 10:37:55.406190
103463,115,2019-03-29,13,0,8.9,23:40,17,15:00,22,2.2,7.5,14:40,62,84,22:10,50,10:40,2025-05-06 10:37:55.635868,2025-05-06 10:37:55.635868
103482,115,2019-03-30,11.7,0.2,8,08:00,15.4,12:30,24,1.7,9.7,12:30,59,84,09:20,49,12:00,2025-05-06 10:37:55.871154,2025-05-06 10:37:55.871154
103501,115,2019-03-31,12.9,0,8.2,02:10,17.6,12:50,21,1.4,7.8,12:50,63,82,,48,12:30,2025-05-06 10:37:56.053085,2025-05-06 10:37:56.053085
103520,115,2019-04-01,12.6,0,9.1,06:30,16.1,16:30,13,1.7,7.8,04:10,71,90,,55,10:40,2025-05-06 10:37:56.269246,2025-05-06 10:37:56.269246
103539,115,2019-04-02,13.5,0,8.6,06:40,18.4,14:10,27,2.2,8.6,11:00,73,89,,47,10:40,2025-05-06 10:37:56.510294,2025-05-06 10:37:56.510294
103558,115,2019-04-03,12,4.5,9,11:30,15.1,16:10,24,1.7,13.6,11:20,62,92,,44,18:00,2025-05-06 10:37:56.740120,2025-05-06 10:37:56.740120
103577,115,2019-04-04,10.9,0.2,8.7,04:00,13.1,10:30,25,2.5,10.3,16:50,70,83,,62,10:20,2025-05-06 10:37:56.989654,2025-05-06 10:37:56.989654
103596,115,2019-04-05,11.5,1.3,8.3,02:00,14.7,14:50,99,3.9,13.9,,67,88,23:20,52,14:40,2025-05-06 10:37:57.223621,2025-05-06 10:37:57.223621
103615,115,2019-04-06,11,0.1,7.7,05:20,14.3,16:30,30,2.5,12.2,08:00,69,89,01:30,52,16:30,2025-05-06 10:37:57.431362,2025-05-06 10:37:57.431362
103634,115,2019-04-07,13,0,8.3,02:20,17.8,16:00,9,1.9,8.6,00:40,59,81,22:20,49,16:10,2025-05-06 10:37:57.674880,2025-05-06 10:37:57.674880
103653,115,2019-04-08,12.9,0,8,23:40,17.8,16:10,28,1.9,7.5,13:10,68,82,07:20,35,23:50,2025-05-06 10:37:57.902386,2025-05-06 10:37:57.902386
103672,115,2019-04-09,12.2,0,8.2,07:30,16.1,13:00,10,3.1,12.2,01:20,65,79,07:30,37,,2025-05-06 10:37:58.138991,2025-05-06 10:37:58.138991
103691,115,2019-04-10,11.8,0,8.5,05:00,15,12:10,22,5,16.4,07:40,69,83,06:30,35,23:20,2025-05-06 10:37:58.360944,2025-05-06 10:37:58.360944
103709,115,2019-04-11,13.2,0,8.5,03:20,17.8,17:10,6,4.4,13.6,08:00,51,78,21:20,33,18:00,2025-05-06 10:37:58.581236,2025-05-06 10:37:58.581236
103728,115,2019-04-12,13.1,0,8.4,06:40,17.8,14:40,6,3.3,10.8,17:50,49,84,07:10,21,18:00,2025-05-06 10:37:58.810469,2025-05-06 10:37:58.810469
103747,115,2019-04-13,14.4,0,9.3,02:40,19.5,15:00,7,4.4,13.6,14:30,30,77,02:00,21,13:00,2025-05-06 10:37:59.070144,2025-05-06 10:37:59.070144
103766,115,2019-04-14,17.6,0,12.8,03:20,22.3,14:00,5,1.7,13.6,03:00,36,67,20:10,21,,2025-05-06 10:37:59.305308,2025-05-06 10:37:59.305308
103785,115,2019-04-15,16.6,0,11,05:00,22.1,13:10,6,1.7,9.4,10:50,45,80,20:10,28,07:00,2025-05-06 10:37:59.547894,2025-05-06 10:37:59.547894
103804,115,2019-04-16,16.9,0,11.2,22:00,22.6,12:50,25,2.2,6.9,18:10,,89,21:40,21,06:50,2025-05-06 10:37:59.782118,2025-05-06 10:37:59.782118
103823,115,2019-04-17,14.8,0,10.6,23:59,19,02:10,20,1.9,7.8,01:00,58,85,,21,02:20,2025-05-06 10:38:00.019100,2025-05-06 10:38:00.019100
103841,115,2019-04-18,11.2,0,8.9,23:40,13.5,14:10,4,4.2,12.8,18:20,75,84,23:40,66,16:30,2025-05-06 10:38:00.230898,2025-05-06 10:38:00.230898
103859,115,2019-04-19,14.5,0,8.6,07:00,20.4,15:40,35,2.8,14.7,01:30,55,87,00:20,35,22:20,2025-05-06 10:38:00.459696,2025-05-06 10:38:00.459696
103877,115,2019-04-20,11.5,0.6,8.8,04:00,14.2,14:40,5,3.3,13.3,06:10,78,88,06:30,49,00:00,2025-05-06 10:38:00.692274,2025-05-06 10:38:00.692274
103895,115,2019-04-21,14.4,0.1,9.5,06:20,19.4,14:40,4,1.4,11.4,00:20,63,86,23:20,52,13:00,2025-05-06 10:38:00.926391,2025-05-06 10:38:00.926391
103913,115,2019-04-22,16.8,0,10.9,03:00,22.6,13:10,5,3.3,12.2,06:50,29,71,02:20,27,13:00,2025-05-06 10:38:01.127842,2025-05-06 10:38:01.127842
103931,115,2019-04-23,14,0,10.1,23:50,17.8,12:40,24,1.9,10.8,12:20,74,86,07:00,50,00:00,2025-05-06 10:38:01.353974,2025-05-06 10:38:01.353974
103950,115,2019-04-24,14.2,0,8.3,06:50,20,13:00,20,1.7,10.3,14:20,56,88,07:00,25,23:30,2025-05-06 10:38:01.585760,2025-05-06 10:38:01.585760
103969,115,2019-04-25,17,0,11.1,23:59,22.8,15:50,7,1.9,12.5,21:00,31,71,,20,,2025-05-06 10:38:01.826193,2025-05-06 10:38:01.826193
103988,115,2019-04-26,15.4,0,10.6,06:50,20.3,16:20,5,3.3,15.3,05:40,64,82,04:40,36,23:40,2025-05-06 10:38:02.046117,2025-05-06 10:38:02.046117
104007,115,2019-04-27,15.6,0,9.4,04:10,21.9,14:00,7,1.7,11.1,00:10,46,77,21:50,32,05:10,2025-05-06 10:38:02.277828,2025-05-06 10:38:02.277828
104026,115,2019-04-28,19.6,0,15.3,03:50,24,13:20,9,2.5,10.6,07:50,45,73,20:40,31,,2025-05-06 10:38:02.507137,2025-05-06 10:38:02.507137
104045,115,2019-04-29,19.2,0,14.2,09:00,24.1,15:00,4,2.8,12.8,20:30,45,69,09:10,22,03:50,2025-05-06 10:38:02.736463,2025-05-06 10:38:02.736463
104064,115,2019-04-30,20.4,0,15.8,21:10,25,14:30,6,5.8,16.9,22:30,30,50,22:10,24,02:30,2025-05-06 10:38:02.969854,2025-05-06 10:38:02.969854
104083,115,2019-05-01,15.4,0,9.8,23:59,21.1,12:40,4,2.5,11.4,03:00,,82,23:40,31,,2025-05-06 10:38:03.209316,2025-05-06 10:38:03.209316
104102,115,2019-05-02,13.9,0,9.2,03:30,18.6,14:50,22,1.9,8.1,16:40,68,86,03:00,56,16:30,2025-05-06 10:38:03.385769,2025-05-06 10:38:03.385769
104121,115,2019-05-03,13.4,0,9.1,,17.7,15:50,29,2.2,7.2,14:00,68,84,02:10,59,14:20,2025-05-06 10:38:03.524911,2025-05-06 10:38:03.524911
104139,115,2019-05-04,13.4,0,8.3,03:30,18.6,16:40,26,2.5,6.7,12:20,70,87,23:40,57,13:00,2025-05-06 10:38:03.672874,2025-05-06 10:38:03.672874
104158,115,2019-05-05,13.4,0,7.7,04:30,19,15:40,27,1.9,6.4,13:50,64,89,,44,09:20,2025-05-06 10:38:03.885051,2025-05-06 10:38:03.885051
104177,115,2019-05-06,15.6,0,9.1,01:40,22.2,14:10,22,1.7,6.1,16:20,,79,,25,,2025-05-06 10:38:04.106834,2025-05-06 10:38:04.106834
104196,115,2019-05-07,18.3,0,12.3,00:10,24.3,15:20,23,1.7,5.8,16:20,31,74,00:00,18,07:00,2025-05-06 10:38:04.337952,2025-05-06 10:38:04.337952
104215,115,2019-05-08,20.6,0,15.8,22:00,25.4,14:40,6,3.9,11.1,05:10,35,73,21:30,19,04:20,2025-05-06 10:38:04.574107,2025-05-06 10:38:04.574107
104234,115,2019-05-09,17.8,0,12.5,23:50,23.1,16:10,99,1.7,6.4,,48,86,21:50,31,,2025-05-06 10:38:04.798287,2025-05-06 10:38:04.798287
104253,115,2019-05-10,18.4,0,12,00:10,24.7,10:30,30,1.7,6.4,13:50,34,78,01:00,26,08:30,2025-05-06 10:38:05.042425,2025-05-06 10:38:05.042425
104272,115,2019-05-11,23.4,0,18.7,03:50,28.2,13:20,22,2.2,5.8,13:40,26,45,20:00,14,07:00,2025-05-06 10:38:05.275273,2025-05-06 10:38:05.275273
104291,115,2019-05-12,26.7,0,23.4,05:50,30,11:00,31,2.8,6.1,14:40,24,30,21:40,20,00:00,2025-05-06 10:38:05.504941,2025-05-06 10:38:05.504941
104310,115,2019-05-13,24.9,0,21.2,21:20,28.6,12:30,8,2.2,8.6,05:00,28,56,20:50,19,07:00,2025-05-06 10:38:05.731923,2025-05-06 10:38:05.731923
104329,115,2019-05-14,22.7,0,19,20:00,26.4,14:00,6,1.4,6.9,05:50,38,64,20:10,26,02:10,2025-05-06 10:38:05.958054,2025-05-06 10:38:05.958054
104348,115,2019-05-15,25.5,0,21.7,03:40,29.3,14:50,26,1.4,6.4,17:20,37,55,19:30,24,07:00,2025-05-06 10:38:06.189696,2025-05-06 10:38:06.189696
104367,115,2019-05-16,25.6,0,19.2,21:20,31.9,12:50,19,1.9,10,12:10,28,74,20:50,25,13:00,2025-05-06 10:38:06.425071,2025-05-06 10:38:06.425071
104386,115,2019-05-17,22.6,0,18.6,21:40,26.7,14:30,3,1.9,7.2,11:10,42,69,21:20,27,02:30,2025-05-06 10:38:06.658200,2025-05-06 10:38:06.658200
104405,115,2019-05-18,20,0,12.8,22:40,27.1,11:40,10,1.4,13.6,20:30,38,82,03:00,20,,2025-05-06 10:38:06.892923,2025-05-06 10:38:06.892923
104424,115,2019-05-19,19.5,0,12.9,23:20,26.1,13:00,2,3.9,15.3,00:20,32,77,23:20,13,07:00,2025-05-06 10:38:07.124152,2025-05-06 10:38:07.124152
104443,115,2019-05-20,17.2,0,11.4,06:10,23,14:20,5,4.2,13.1,04:20,68,84,07:40,48,14:20,2025-05-06 10:38:07.359014,2025-05-06 10:38:07.359014
104462,115,2019-05-21,16,0,11.2,07:20,20.9,17:30,99,1.9,10.3,22:30,66,76,00:40,52,04:30,2025-05-06 10:38:07.588739,2025-05-06 10:38:07.588739
104481,115,2019-05-22,16.8,0,11.8,03:50,21.9,12:30,6,1.9,15.8,05:10,66,82,05:30,44,11:10,2025-05-06 10:38:07.824498,2025-05-06 10:38:07.824498
104500,115,2019-05-23,17.1,0,11.7,04:20,22.5,16:00,8,5.8,18.6,06:30,44,74,04:20,26,21:40,2025-05-06 10:38:08.070097,2025-05-06 10:38:08.070097
104519,115,2019-05-24,21.7,0,18.2,01:00,25.2,16:30,9,6.4,18.3,10:00,23,36,11:00,19,19:10,2025-05-06 10:38:08.295610,2025-05-06 10:38:08.295610
104538,115,2019-05-25,21.1,0,14.5,22:40,27.7,16:20,9,3.3,13.9,02:40,34,53,22:40,25,00:00,2025-05-06 10:38:08.511341,2025-05-06 10:38:08.511341
104557,115,2019-05-26,21.2,0,16.2,05:00,26.3,13:50,5,2.8,13.3,20:40,44,52,,23,02:00,2025-05-06 10:38:08.745706,2025-05-06 10:38:08.745706
104576,115,2019-05-27,20,0,16.5,06:00,23.5,15:40,6,4.4,16.1,04:20,39,55,01:50,35,13:00,2025-05-06 10:38:08.972504,2025-05-06 10:38:08.972504
104595,115,2019-05-28,22,0,18.6,06:00,25.3,12:00,6,2.5,12.2,04:20,43,67,20:10,34,13:00,2025-05-06 10:38:09.207267,2025-05-06 10:38:09.207267
104614,115,2019-05-29,21.6,0,18.1,06:00,25.2,15:00,8,1.9,8.3,23:50,45,69,21:10,31,23:40,2025-05-06 10:38:09.419846,2025-05-06 10:38:09.419846
104633,115,2019-05-30,23,0,19.6,05:40,26.5,14:20,5,1.7,8.9,00:50,40,62,20:30,28,00:00,2025-05-06 10:38:09.692042,2025-05-06 10:38:09.692042
104651,115,2019-05-31,24.6,0,21.4,04:10,27.8,17:00,7,1.4,9.2,23:59,39,51,,29,02:30,2025-05-06 10:38:09.834908,2025-05-06 10:38:09.834908
104670,115,2019-06-01,25.7,0,22.9,23:50,28.5,14:20,6,2.2,10.8,23:50,39,53,10:00,28,,2025-05-06 10:38:10.032469,2025-05-06 10:38:10.032469
104689,115,2019-06-02,26.7,0,22.7,21:50,30.7,15:20,9,3.9,14.7,22:50,34,38,00:10,30,,2025-05-06 10:38:10.270188,2025-05-06 10:38:10.270188
104708,115,2019-06-03,26.4,0,22.4,23:40,30.3,12:50,4,4.7,13.9,16:30,24,32,,23,18:00,2025-05-06 10:38:10.494991,2025-05-06 10:38:10.494991
104727,115,2019-06-04,24.8,0,19.4,23:59,30.2,13:40,9,2.5,13.6,00:40,28,42,23:30,24,07:00,2025-05-06 10:38:10.718558,2025-05-06 10:38:10.718558
104746,115,2019-06-05,17.2,0,12.3,23:59,22.1,14:30,8,6.4,16.1,06:00,69,91,23:40,39,00:00,2025-05-06 10:38:10.948658,2025-05-06 10:38:10.948658
104765,115,2019-06-06,15,0,10.5,06:50,19.6,16:10,5,3.9,11.9,19:50,66,89,00:10,49,18:00,2025-05-06 10:38:11.185662,2025-05-06 10:38:11.185662
104784,115,2019-06-07,16,0,11.1,03:20,21,15:00,4,3.1,13.3,11:40,62,78,,54,13:10,2025-05-06 10:38:11.426576,2025-05-06 10:38:11.426576
104803,115,2019-06-08,17,0,12.1,23:59,21.8,13:30,5,3.9,13.9,07:00,67,88,04:10,51,18:40,2025-05-06 10:38:11.660252,2025-05-06 10:38:11.660252
104822,115,2019-06-09,16.8,0,10.4,06:00,23.3,14:00,99,3.6,15.3,,42,77,,24,13:50,2025-05-06 10:38:11.862465,2025-05-06 10:38:11.862465
104841,115,2019-06-10,18.6,0,13.8,23:00,23.4,13:40,5,3.6,16.4,01:10,49,62,18:50,35,00:00,2025-05-06 10:38:12.013870,2025-05-06 10:38:12.013870
104860,115,2019-06-11,14.9,0,12.2,08:40,17.6,16:00,3,3.6,14.2,16:30,76,83,22:30,41,00:00,2025-05-06 10:38:12.195197,2025-05-06 10:38:12.195197
104879,115,2019-06-12,16.8,0,11.7,23:59,21.8,13:30,4,2.5,11.7,00:10,65,88,,51,13:20,2025-05-06 10:38:12.435739,2025-05-06 10:38:12.435739
104898,115,2019-06-13,15.4,0,10.7,02:20,20.1,14:30,21,2.2,8.6,13:10,64,87,04:00,52,,2025-05-06 10:38:12.675255,2025-05-06 10:38:12.675255
104917,115,2019-06-14,15.3,0,10.4,06:10,20.2,14:20,26,2.5,7.8,14:50,68,77,00:20,58,10:30,2025-05-06 10:38:12.912999,2025-05-06 10:38:12.912999
104936,115,2019-06-15,14.7,0,9.8,05:40,19.6,14:30,28,1.7,6.7,12:10,69,86,,56,11:00,2025-05-06 10:38:13.130969,2025-05-06 10:38:13.130969
104955,115,2019-06-16,16.1,0,10.7,06:10,21.5,16:20,26,1.7,6.1,12:30,66,88,21:40,47,10:10,2025-05-06 10:38:13.362122,2025-05-06 10:38:13.362122
104974,115,2019-06-17,18.7,0,14.1,05:30,23.3,14:30,23,1.9,6.1,14:10,50,84,22:30,41,10:00,2025-05-06 10:38:13.603247,2025-05-06 10:38:13.603247
104991,115,2019-06-18,19,0,14.9,06:40,23,14:30,23,1.9,6.7,15:50,70,92,21:00,55,02:00,2025-05-06 10:38:13.813715,2025-05-06 10:38:13.813715
105005,115,2019-06-19,18.2,0,13.2,06:50,23.1,15:10,21,2.2,7.8,15:10,61,90,00:00,47,16:20,2025-05-06 10:38:13.975296,2025-05-06 10:38:13.975296
105020,115,2019-06-20,18.1,0,12.4,06:30,23.8,15:10,4,1.9,11.1,18:50,56,79,02:40,43,14:40,2025-05-06 10:38:14.138088,2025-05-06 10:38:14.138088
105039,115,2019-06-21,19,0,13.2,06:00,24.9,15:20,21,1.9,10.8,12:30,45,68,06:10,35,23:59,2025-05-06 10:38:14.278737,2025-05-06 10:38:14.278737
105058,115,2019-06-22,20.2,0,13.9,06:40,26.4,15:30,21,2.8,9.7,14:30,33,55,23:59,29,07:00,2025-05-06 10:38:14.419729,2025-05-06 10:38:14.419729
105077,115,2019-06-23,18.5,0,13.9,03:20,23.1,15:20,27,1.9,6.1,12:30,55,87,23:40,33,09:00,2025-05-06 10:38:14.604927,2025-05-06 10:38:14.604927
105096,115,2019-06-24,19.8,0,15,03:00,24.6,15:30,25,1.7,6.9,15:10,59,87,00:00,54,11:20,2025-05-06 10:39:17.684240,2025-05-06 10:39:17.684240
105115,115,2019-06-25,19.5,0,16,23:50,23,14:30,24,1.9,6.1,14:50,63,89,,55,04:30,2025-05-06 10:39:17.896381,2025-05-06 10:39:17.896381
105134,115,2019-06-26,18,0,13.3,05:10,22.6,13:40,28,1.7,6.4,14:00,58,87,00:00,49,09:30,2025-05-06 10:39:18.120160,2025-05-06 10:39:18.120160
105153,115,2019-06-27,17.7,0,12.2,06:50,23.2,14:50,4,1.4,10.8,20:00,58,74,07:00,47,14:50,2025-05-06 10:39:18.353465,2025-05-06 10:39:18.353465
105172,115,2019-06-28,17.8,0,12.4,04:00,23.3,14:50,4,3.9,11.7,21:50,56,74,03:50,42,13:20,2025-05-06 10:39:18.523477,2025-05-06 10:39:18.523477
105191,115,2019-06-29,16.8,0,12.8,04:10,20.8,15:40,8,5.6,12.2,19:10,61,78,04:00,55,13:00,2025-05-06 10:39:18.678055,2025-05-06 10:39:18.678055
105209,115,2019-06-30,19,0,12.7,07:00,25.2,15:20,7,1.7,12.8,03:00,56,82,02:30,46,,2025-05-06 10:39:18.832106,2025-05-06 10:39:18.832106
105228,115,2019-07-01,21.6,0,16.2,01:50,27,15:10,28,1.1,6.7,14:20,,67,20:40,20,,2025-05-06 10:39:19.027088,2025-05-06 10:39:19.027088
105247,115,2019-07-02,21.1,0,15.6,23:40,26.6,14:40,99,1.7,5.6,,44,69,23:00,26,00:30,2025-05-06 10:39:19.243970,2025-05-06 10:39:19.243970
105266,115,2019-07-03,19.6,0,13.9,04:20,25.2,17:20,7,1.9,10.3,10:30,52,71,,45,18:00,2025-05-06 10:39:19.486068,2025-05-06 10:39:19.486068
105284,115,2019-07-04,20.2,0,13.6,06:00,26.7,14:50,7,1.7,7.5,02:10,55,71,22:40,31,02:10,2025-05-06 10:39:19.707719,2025-05-06 10:39:19.707719
105303,115,2019-07-05,20.4,0,16.2,23:00,24.7,13:20,5,1.7,9.4,04:10,47,72,22:30,35,02:00,2025-05-06 10:39:19.950169,2025-05-06 10:39:19.950169
105322,115,2019-07-06,19.3,0,14.5,05:10,24.1,15:00,24,1.9,6.7,14:30,55,71,00:00,45,01:50,2025-05-06 10:39:20.177494,2025-05-06 10:39:20.177494
105341,115,2019-07-07,19.6,0,13.9,02:40,25.4,14:00,30,1.7,6.7,14:30,54,71,,50,15:10,2025-05-06 10:39:20.398139,2025-05-06 10:39:20.398139
105360,115,2019-07-08,19.9,0,13.9,02:20,25.9,14:00,9,1.7,11.9,21:50,50,73,01:30,33,19:10,2025-05-06 10:39:20.630113,2025-05-06 10:39:20.630113
105379,115,2019-07-09,20.8,0,14.3,07:50,27.2,15:20,99,2.5,10.3,,48,69,20:30,31,14:30,2025-05-06 10:39:20.863884,2025-05-06 10:39:20.863884
105397,115,2019-07-10,19.2,0,13.7,04:10,24.6,15:30,5,3.9,12.2,06:20,55,78,,41,16:30,2025-05-06 10:39:21.080427,2025-05-06 10:39:21.080427
105415,115,2019-07-11,18.7,0,13.1,05:50,24.3,16:30,5,2.8,10,01:50,60,85,02:10,49,16:30,2025-05-06 10:39:21.308314,2025-05-06 10:39:21.308314
105434,115,2019-07-12,19,0,13.5,03:50,24.4,16:00,7,1.7,12.5,23:40,56,73,21:20,46,23:40,2025-05-06 10:39:21.550488,2025-05-06 10:39:21.550488
105452,115,2019-07-13,23.6,0,19.9,02:10,27.3,15:00,7,5,14.7,00:20,38,48,,34,18:00,2025-05-06 10:39:21.776522,2025-05-06 10:39:21.776522
105471,115,2019-07-14,26.5,0,21.5,,31.5,13:20,4,1.7,14.4,20:50,33,43,10:50,27,15:20,2025-05-06 10:39:22.012571,2025-05-06 10:39:22.012571
105490,115,2019-07-15,25.2,0,22.9,06:00,27.6,13:50,5,7.5,18.3,07:40,32,38,09:50,29,07:00,2025-05-06 10:39:22.244946,2025-05-06 10:39:22.244946
105509,115,2019-07-16,27.8,0,24.5,00:10,31,11:10,6,3.6,16.9,02:20,36,54,19:50,23,23:50,2025-05-06 10:39:22.470499,2025-05-06 10:39:22.470499
105528,115,2019-07-17,28.1,0,24.7,23:40,31.5,09:40,6,1.4,9.2,02:40,35,46,16:20,19,07:00,2025-05-06 10:39:22.733271,2025-05-06 10:39:22.733271
105547,115,2019-07-18,22,0,14.2,23:59,29.8,15:20,10,1.7,8.9,22:10,35,76,23:59,22,00:00,2025-05-06 10:39:22.963544,2025-05-06 10:39:22.963544
105566,115,2019-07-19,19.5,0,12.4,06:40,26.6,15:00,8,1.7,11.4,23:00,53,86,06:50,34,17:30,2025-05-06 10:39:23.194798,2025-05-06 10:39:23.194798
105585,115,2019-07-20,21.4,0,15.3,07:40,27.6,15:10,4,1.9,13.9,02:00,54,72,07:40,22,23:59,2025-05-06 10:39:23.430934,2025-05-06 10:39:23.430934
105604,115,2019-07-21,24.8,0,21.5,07:50,28.2,15:40,5,1.9,9.7,22:00,36,62,20:30,19,00:00,2025-05-06 10:39:23.655204,2025-05-06 10:39:23.655204
105623,115,2019-07-22,24.4,,19,23:59,29.8,16:20,8,1.9,7.8,07:20,36,63,23:59,26,07:00,2025-05-06 10:39:23.884365,2025-05-06 10:39:23.884365
105642,115,2019-07-23,24.2,0,18.6,00:30,29.9,12:10,4,2.2,12.5,14:10,23,63,00:00,18,13:00,2025-05-06 10:39:24.113992,2025-05-06 10:39:24.113992
105661,115,2019-07-24,25.7,0,21,04:10,30.4,15:30,6,3.9,15,02:50,31,48,20:10,21,00:00,2025-05-06 10:39:24.349386,2025-05-06 10:39:24.349386
105680,115,2019-07-25,26.8,0,21.7,02:00,32,13:10,6,3.3,14.2,02:00,29,42,,18,07:00,2025-05-06 10:39:24.582930,2025-05-06 10:39:24.582930
105699,115,2019-07-26,28,0,22.9,22:50,33.1,10:30,6,2.8,14.7,00:20,32,62,21:40,16,07:00,2025-05-06 10:39:24.816031,2025-05-06 10:39:24.816031
105718,115,2019-07-27,26.1,0,22.2,20:40,30,11:50,4,1.4,12.2,23:50,39,59,20:10,19,23:50,2025-05-06 10:39:25.058056,2025-05-06 10:39:25.058056
105736,115,2019-07-28,25.4,0,19.5,22:00,31.3,14:50,5,3.3,16.7,02:20,46,54,,16,00:00,2025-05-06 10:39:25.284420,2025-05-06 10:39:25.284420
105755,115,2019-07-29,21,0,15.3,06:50,26.8,11:40,8,3.1,15,23:30,42,84,22:40,28,13:00,2025-05-06 10:39:25.530458,2025-05-06 10:39:25.530458
105774,115,2019-07-30,19.2,0,14.6,07:20,23.8,15:40,3,4.2,13.6,07:10,69,88,05:00,47,21:40,2025-05-06 10:39:25.768127,2025-05-06 10:39:25.768127
105793,115,2019-07-31,18.6,0,12,07:00,25.2,16:40,10,1.1,9.7,03:10,56,86,06:40,35,23:40,2025-05-06 10:39:26.012878,2025-05-06 10:39:26.012878
105812,115,2019-08-01,19.6,0,14.2,06:40,25.1,15:00,20,1.9,8.6,01:20,53,62,07:00,24,,2025-05-06 10:39:26.247696,2025-05-06 10:39:26.247696
105831,115,2019-08-02,22.2,0,17.3,06:00,27,17:20,5,1.1,11.1,23:20,38,52,13:30,21,00:00,2025-05-06 10:39:26.501473,2025-05-06 10:39:26.501473
105850,115,2019-08-03,23.4,0,19.6,05:50,27.3,17:10,6,2.2,11.1,23:20,43,48,,33,00:00,2025-05-06 10:39:26.725727,2025-05-06 10:39:26.725727
105869,115,2019-08-04,21.6,0,16.2,22:30,27,14:00,99,1.9,11.4,00:30,41,67,22:30,32,,2025-05-06 10:39:26.960281,2025-05-06 10:39:26.960281
105888,115,2019-08-05,19.4,0,14.8,03:50,23.9,15:00,5,5.3,14.7,22:50,41,67,03:40,36,07:10,2025-05-06 10:39:27.203385,2025-05-06 10:39:27.203385
105907,115,2019-08-06,22,0,16.2,01:10,27.8,14:00,8,3.6,19.2,12:40,39,68,01:10,27,13:00,2025-05-06 10:39:27.433106,2025-05-06 10:39:27.433106
105926,115,2019-08-07,23,0,17.2,00:10,28.8,12:50,10,1.7,6.9,00:30,34,57,,23,08:50,2025-05-06 10:39:27.666674,2025-05-06 10:39:27.666674
105945,115,2019-08-08,28,0,23.7,06:20,32.2,13:20,32,1.4,5.3,13:20,31,50,20:40,25,04:40,2025-05-06 10:39:27.915821,2025-05-06 10:39:27.915821
105964,115,2019-08-09,29.9,0,25.6,01:00,34.2,13:10,29,1.7,6.7,14:40,31,45,19:40,22,23:59,2025-05-06 10:39:28.160889,2025-05-06 10:39:28.160889
105983,115,2019-08-10,28.5,0,23.2,23:59,33.8,15:50,6,2.5,13.3,23:40,23,41,23:50,16,07:00,2025-05-06 10:39:28.381537,2025-05-06 10:39:28.381537
106002,115,2019-08-11,25.8,0,20,22:50,31.7,14:20,9,3.3,19.7,23:50,37,47,08:00,27,21:20,2025-05-06 10:39:28.608797,2025-05-06 10:39:28.608797
106020,115,2019-08-12,22.9,0,19.1,05:40,26.7,13:40,6,5,19.7,02:20,32,47,,24,18:00,2025-05-06 10:39:28.831752,2025-05-06 10:39:28.831752
106039,115,2019-08-13,24.2,0,20.8,23:59,27.7,14:20,6,4.4,15.8,08:00,28,40,14:40,21,,2025-05-06 10:39:29.039506,2025-05-06 10:39:29.039506
106058,115,2019-08-14,24.6,0,20.2,00:40,29,13:30,8,3.9,13.9,09:40,34,68,20:30,20,03:00,2025-05-06 10:39:29.193606,2025-05-06 10:39:29.193606
106077,115,2019-08-15,27.8,0,23.3,03:40,32.4,17:20,6,2.2,7.8,00:20,35,51,19:40,27,07:00,2025-05-06 10:39:29.351736,2025-05-06 10:39:29.351736
106096,115,2019-08-16,33.4,0,30.1,01:00,36.7,14:00,9,5.6,15.3,05:30,25,29,00:00,23,07:00,2025-05-06 10:39:29.581994,2025-05-06 10:39:29.581994
106115,115,2019-08-17,33.1,0,29.8,22:40,36.4,13:30,8,3.6,25.8,21:50,22,26,,21,13:00,2025-05-06 10:39:29.799581,2025-05-06 10:39:29.799581
106134,115,2019-08-18,30.3,0,27.7,02:10,32.9,12:30,7,7.2,14.4,02:30,21,25,,20,00:00,2025-05-06 10:39:30.044287,2025-05-06 10:39:30.044287
106153,115,2019-08-19,32,0,27.5,05:20,36.5,14:10,6,4.7,11.9,03:50,23,27,18:10,21,00:00,2025-05-06 10:39:30.295766,2025-05-06 10:39:30.295766
106172,115,2019-08-20,24.2,0,19.6,22:00,28.8,00:20,9,3.6,13.6,08:10,27,64,22:00,22,00:00,2025-05-06 10:39:30.532483,2025-05-06 10:39:30.532483
106191,115,2019-08-21,22.9,0,19.3,01:40,26.5,15:20,4,4.4,16.7,23:50,45,66,01:40,40,06:30,2025-05-06 10:39:30.755183,2025-05-06 10:39:30.755183
106210,115,2019-08-22,28.8,0,23.5,03:00,34,15:10,6,3.6,18.6,03:30,30,50,20:00,19,07:00,2025-05-06 10:39:30.983168,2025-05-06 10:39:30.983168
106229,115,2019-08-23,31.7,0,27.7,01:20,35.7,17:50,4,3.9,15.3,09:00,25,36,01:20,25,07:00,2025-05-06 10:39:31.211185,2025-05-06 10:39:31.211185
106248,115,2019-08-24,31.8,0,27.9,22:30,35.7,12:30,8,4.2,15.6,00:10,28,36,22:30,25,00:00,2025-05-06 10:39:31.434958,2025-05-06 10:39:31.434958
106267,115,2019-08-25,28.1,0.2,23.5,23:40,32.7,11:20,5,4.2,13.3,13:00,36,40,,33,,2025-05-06 10:39:31.670995,2025-05-06 10:39:31.670995
106286,115,2019-08-26,29.2,0,24.4,00:10,34.1,13:50,9,2.5,13.9,04:50,29,36,00:00,28,07:00,2025-05-06 10:39:31.908974,2025-05-06 10:39:31.908974
106305,115,2019-08-27,27.7,0,23.9,21:00,31.5,12:50,8,2.5,9.7,00:50,37,57,20:40,27,00:00,2025-05-06 10:39:32.139450,2025-05-06 10:39:32.139450
106324,115,2019-08-28,27.4,0,24.2,04:00,30.6,13:50,26,1.9,6.1,13:50,41,63,20:00,35,07:00,2025-05-06 10:39:32.365882,2025-05-06 10:39:32.365882
106343,115,2019-08-29,29,0,24.7,05:50,33.3,13:30,8,2.2,14.2,09:00,35,47,19:50,28,09:00,2025-05-06 10:39:32.607192,2025-05-06 10:39:32.607192
106362,115,2019-08-30,28.6,0,23.7,07:10,33.5,13:00,21,1.1,7.8,12:50,33,42,,27,,2025-05-06 10:39:32.845478,2025-05-06 10:39:32.845478
106381,115,2019-08-31,28.8,0,24.6,19:10,32.9,13:50,10,2.5,9.7,07:30,35,58,19:10,26,11:20,2025-05-06 10:39:33.068027,2025-05-06 10:39:33.068027
106400,115,2019-09-01,25.7,0,21.8,21:20,29.6,11:40,9,2.5,6.4,03:40,40,61,20:50,26,00:00,2025-05-06 10:39:33.276466,2025-05-06 10:39:33.276466
106419,115,2019-09-02,21.2,0,16.8,06:30,25.6,16:20,24,1.7,5.8,15:20,54,76,,36,01:20,2025-05-06 10:39:33.512739,2025-05-06 10:39:33.512739
106438,115,2019-09-03,20.5,0,16.4,05:20,24.6,15:40,22,1.9,6.1,13:50,63,83,,39,00:50,2025-05-06 10:39:33.749302,2025-05-06 10:39:33.749302
106457,115,2019-09-04,,0,,,,,25,1.4,5.6,15:20,58,86,23:00,53,,2025-05-06 10:39:33.980544,2025-05-06 10:39:33.980544
106476,115,2019-09-05,20.2,0,15.3,23:59,25,12:10,24,1.9,6.4,13:40,51,85,00:00,36,07:00,2025-05-06 10:39:34.210930,2025-05-06 10:39:34.210930
106495,115,2019-09-06,19.4,0,15.2,00:30,23.6,13:40,4,2.8,10.6,04:30,69,88,22:50,47,23:59,2025-05-06 10:39:34.445366,2025-05-06 10:39:34.445366
106514,115,2019-09-07,19.1,0,13.8,06:40,24.4,13:40,99,1.7,6.1,,62,88,,45,00:00,2025-05-06 10:39:34.675509,2025-05-06 10:39:34.675509
106533,115,2019-09-08,20.8,0,15.4,05:20,26.1,14:10,8,1.1,12.2,20:10,56,73,17:30,40,01:20,2025-05-06 10:39:34.901319,2025-05-06 10:39:34.901319
106552,115,2019-09-09,23,0,20.4,06:00,25.5,13:50,7,5.3,17.2,00:30,38,46,05:40,36,,2025-05-06 10:39:35.131964,2025-05-06 10:39:35.131964
106571,115,2019-09-10,25.9,0,20.8,22:40,31,14:20,22,2.2,11.4,16:10,34,53,20:00,23,23:59,2025-05-06 10:39:35.377631,2025-05-06 10:39:35.377631
106590,115,2019-09-11,22.2,0,15.8,23:59,28.7,13:10,2,3.3,11.9,18:00,29,69,23:59,20,,2025-05-06 10:39:35.607174,2025-05-06 10:39:35.607174
106609,115,2019-09-12,19.7,0,14.5,02:00,24.9,11:50,6,2.2,20.8,16:10,29,72,00:20,24,07:00,2025-05-06 10:39:35.833240,2025-05-06 10:39:35.833240
106628,115,2019-09-13,21,0,16.5,21:30,25.6,15:10,23,2.5,12.8,03:30,46,81,21:10,34,,2025-05-06 10:39:36.078592,2025-05-06 10:39:36.078592
106647,115,2019-09-14,21.3,0,16.4,01:50,26.2,12:00,6,1.7,6.4,03:40,49,75,22:10,39,00:00,2025-05-06 10:39:36.313904,2025-05-06 10:39:36.313904
106666,115,2019-09-15,24.8,0,19.1,03:00,30.6,13:30,99,1.1,5.8,,32,58,20:20,23,08:30,2025-05-06 10:39:36.548602,2025-05-06 10:39:36.548602
106685,115,2019-09-16,26.3,2.1,22.6,07:20,30,01:00,30,1.4,10.8,06:00,47,68,16:00,22,00:00,2025-05-06 10:39:36.790449,2025-05-06 10:39:36.790449
106704,115,2019-09-17,27.2,0,21.8,23:40,32.7,15:30,22,2.5,6.7,15:20,39,67,21:10,31,13:00,2025-05-06 10:39:37.015837,2025-05-06 10:39:37.015837
106723,115,2019-09-18,23.6,0,20.2,20:10,27,14:10,99,1.7,5.8,13:40,38,67,20:00,28,07:00,2025-05-06 10:39:37.266441,2025-05-06 10:39:37.266441
106742,115,2019-09-19,23.2,0,19.2,05:40,27.3,12:40,8,1.9,8.3,00:40,45,81,,29,07:00,2025-05-06 10:39:37.510734,2025-05-06 10:39:37.510734
106761,115,2019-09-20,22.2,0,17.8,23:59,26.7,16:20,29,1.7,5.8,14:00,49,82,,30,03:30,2025-05-06 10:39:37.724015,2025-05-06 10:39:37.724015
106780,115,2019-09-21,21.3,0,16.6,23:40,26,12:40,26,1.9,6.1,14:10,52,84,22:40,36,11:40,2025-05-06 10:39:37.955740,2025-05-06 10:39:37.955740
106799,115,2019-09-22,21.5,0,16.3,05:30,26.7,13:30,4,1.7,8.3,18:50,69,88,21:10,57,11:50,2025-05-06 10:39:38.187236,2025-05-06 10:39:38.187236
106818,115,2019-09-23,21.6,0,17.2,06:30,26,13:40,26,1.4,6.1,13:30,63,84,04:20,52,14:10,2025-05-06 10:39:38.430069,2025-05-06 10:39:38.430069
106837,115,2019-09-24,22.2,0,18.4,07:10,26,16:10,5,1.9,9.4,18:40,47,59,11:00,24,23:10,2025-05-06 10:39:38.664214,2025-05-06 10:39:38.664214
106856,115,2019-09-25,23,0,18.6,04:40,27.4,12:20,7,3.1,9.7,07:40,48,69,19:50,26,00:30,2025-05-06 10:39:38.887410,2025-05-06 10:39:38.887410
106875,115,2019-09-26,25.2,0,21.9,,28.5,14:50,29,1.4,5,13:40,45,70,20:00,29,23:59,2025-05-06 10:39:39.127030,2025-05-06 10:39:39.127030
106894,115,2019-09-27,26.8,0,23.2,03:20,30.3,09:30,21,0.8,5.3,14:20,38,56,18:50,25,07:00,2025-05-06 10:39:39.357747,2025-05-06 10:39:39.357747
106913,115,2019-09-28,27.6,0,24.8,19:10,30.5,12:40,27,1.9,5.3,12:50,37,55,18:50,31,00:00,2025-05-06 10:39:39.596381,2025-05-06 10:39:39.596381
106932,115,2019-09-29,29.2,0,26.2,04:00,32.1,14:40,8,1.7,5.8,23:40,30,36,19:00,27,,2025-05-06 10:39:39.807216,2025-05-06 10:39:39.807216
106951,115,2019-09-30,31.4,0,27.1,03:50,35.6,12:20,8,1.4,9.7,04:40,26,31,18:40,24,07:00,2025-05-06 10:39:39.950798,2025-05-06 10:39:39.950798
106970,115,2019-10-01,,0,,,,,5,2.8,8.3,16:40,23,27,13:20,22,18:00,2025-05-06 10:39:40.089954,2025-05-06 10:39:40.089954
106989,115,2019-10-02,30.5,0,27.9,07:00,33.1,15:40,8,5.8,14.4,07:40,23,26,,22,18:00,2025-05-06 10:39:40.269255,2025-05-06 10:39:40.269255
107008,115,2019-10-03,26.4,0,23.4,22:40,29.5,14:10,5,5.3,15,20:00,24,33,23:30,22,00:00,2025-05-06 10:39:40.491467,2025-05-06 10:39:40.491467
107027,115,2019-10-04,25.4,0,22.5,23:59,28.4,14:00,2,4.4,16.1,05:50,28,33,03:10,27,13:00,2025-05-06 10:39:40.706408,2025-05-06 10:39:40.706408
107046,115,2019-10-05,22.8,0,20,06:40,25.7,14:40,7,6.7,23.9,06:20,41,46,06:40,29,00:00,2025-05-06 10:39:40.945288,2025-05-06 10:39:40.945288
107065,115,2019-10-06,23.3,0,19.5,20:20,27.1,11:00,5,2.8,16.1,01:10,47,77,20:00,31,,2025-05-06 10:39:41.184193,2025-05-06 10:39:41.184193
107084,115,2019-10-07,27.4,0,24.2,19:00,30.6,15:20,99,1.7,5.3,,40,61,18:40,22,07:00,2025-05-06 10:39:41.412948,2025-05-06 10:39:41.412948
107103,115,2019-10-08,25.6,0,20.8,23:10,30.3,12:30,28,1.7,6.1,13:50,38,71,20:50,27,07:00,2025-05-06 10:39:41.641332,2025-05-06 10:39:41.641332
107122,115,2019-10-09,22.7,0,18.9,20:40,26.5,10:50,6,2.8,7.2,06:30,42,69,19:00,32,09:20,2025-05-06 10:39:41.875384,2025-05-06 10:39:41.875384
107141,115,2019-10-10,18.8,0,14.9,05:20,22.6,15:10,24,1.7,6.1,13:50,58,90,20:40,35,00:00,2025-05-06 10:39:42.104516,2025-05-06 10:39:42.104516
107160,115,2019-10-11,17.4,0,12.4,06:00,22.5,13:20,24,1.9,6.7,14:40,59,89,,45,12:20,2025-05-06 10:39:42.345636,2025-05-06 10:39:42.345636
107179,115,2019-10-12,17.2,0,12.7,07:40,21.7,13:50,99,1.7,5.3,,73,84,,55,11:30,2025-05-06 10:39:42.578241,2025-05-06 10:39:42.578241
107198,115,2019-10-13,16.8,0,11.6,07:10,22.1,14:10,22,2.5,7.5,13:40,67,93,06:20,48,12:20,2025-05-06 10:39:42.809778,2025-05-06 10:39:42.809778
107217,115,2019-10-14,18.5,0,13.4,05:00,23.6,15:00,6,2.8,9.2,22:10,61,73,00:40,51,13:00,2025-05-06 10:39:43.052602,2025-05-06 10:39:43.052602
107236,115,2019-10-15,18.9,0,14.3,05:40,23.5,15:40,6,1.4,8.9,05:40,66,82,21:20,55,00:00,2025-05-06 10:39:43.284389,2025-05-06 10:39:43.284389
107254,115,2019-10-16,16.4,0.6,13.1,05:30,19.6,12:50,33,0.6,5.3,11:40,71,92,,58,08:50,2025-05-06 10:39:43.512614,2025-05-06 10:39:43.512614
107273,115,2019-10-17,17.9,0,13,07:10,22.8,15:10,27,1.1,5.8,14:30,64,92,00:00,45,08:00,2025-05-06 10:39:43.740442,2025-05-06 10:39:43.740442
107292,115,2019-10-18,18.1,0,13,01:40,23.2,15:10,20,1.4,5.3,15:20,,83,20:10,27,07:00,2025-05-06 10:39:43.987041,2025-05-06 10:39:43.987041
107311,115,2019-10-19,19,0,15,23:40,23,14:10,24,0.8,5.8,13:30,49,81,23:50,30,08:50,2025-05-06 10:39:44.229946,2025-05-06 10:39:44.229946
107330,115,2019-10-20,17.4,0.1,13.5,23:30,21.3,12:40,4,4.4,12.5,22:10,69,84,20:50,53,11:50,2025-05-06 10:39:44.478448,2025-05-06 10:39:44.478448
107348,115,2019-10-21,13.4,2,11.9,20:30,15,10:50,4,2.8,12.5,17:30,72,83,,67,,2025-05-06 10:39:44.703018,2025-05-06 10:39:44.703018
107367,115,2019-10-22,12.2,0.7,10.9,05:30,13.5,10:40,9,2.2,11.7,20:20,75,86,05:40,66,10:10,2025-05-06 10:39:44.940861,2025-05-06 10:39:44.940861
107386,115,2019-10-23,13.6,0.7,11.4,06:00,15.9,13:00,4,3.1,12.2,14:30,75,89,10:20,63,15:30,2025-05-06 10:39:45.177505,2025-05-06 10:39:45.177505
107405,115,2019-10-24,16,0,10.9,06:50,21,23:59,22,1.1,12.5,23:59,65,77,19:30,25,21:50,2025-05-06 10:39:45.412620,2025-05-06 10:39:45.412620
107424,115,2019-10-25,23.2,0,20.3,01:50,26.2,14:20,21,6.1,21.1,07:40,41,47,23:59,33,00:00,2025-05-06 10:39:45.653065,2025-05-06 10:39:45.653065
107442,115,2019-10-26,23.6,0.8,19.7,14:20,27.6,11:30,22,2.2,10.8,15:30,56,78,14:20,45,00:00,2025-05-06 10:39:45.862482,2025-05-06 10:39:45.862482
107461,115,2019-10-27,25.2,0.2,22.5,04:10,27.9,13:00,24,0.8,10.3,20:00,50,57,16:00,45,,2025-05-06 10:39:46.090439,2025-05-06 10:39:46.090439
107480,115,2019-10-28,24.6,0,21.1,21:40,28.2,14:30,28,1.9,6.1,14:30,45,60,20:40,39,09:40,2025-05-06 10:39:46.329176,2025-05-06 10:39:46.329176
107499,115,2019-10-29,25,0,21.3,07:20,28.7,14:00,19,2.2,9.4,14:50,42,52,03:20,39,13:00,2025-05-06 10:39:46.559920,2025-05-06 10:39:46.559920
107517,115,2019-10-30,23,0,20.1,23:50,26,14:00,5,4.2,13.3,10:50,43,51,09:10,39,18:00,2025-05-06 10:39:46.775440,2025-05-06 10:39:46.775440
107536,115,2019-10-31,19.6,0,16.6,23:59,22.6,11:50,8,5.8,20.6,10:40,49,68,23:59,41,11:30,2025-05-06 10:39:47.004962,2025-05-06 10:39:47.004962
107555,115,2019-11-01,19.8,0,15.6,01:20,23.9,12:20,8,5,20.3,01:20,49,88,05:30,23,13:00,2025-05-06 10:39:47.244226,2025-05-06 10:39:47.244226
107574,115,2019-11-02,21,0,17.8,01:10,24.3,13:30,4,4.7,24.2,03:50,46,59,01:00,41,13:00,2025-05-06 10:39:47.475850,2025-05-06 10:39:47.475850
107593,115,2019-11-03,23.2,0,19.4,23:59,27,13:50,5,2.8,15.6,22:40,35,46,,24,21:50,2025-05-06 10:39:47.700777,2025-05-06 10:39:47.700777
107612,115,2019-11-04,17.8,0,13.8,09:30,21.7,14:20,4,5.3,16.4,00:40,48,87,08:30,26,00:00,2025-05-06 10:39:47.942768,2025-05-06 10:39:47.942768
107631,115,2019-11-05,16.3,7.4,12.4,23:59,20.2,12:40,3,4.2,16.7,02:50,67,89,18:40,51,13:00,2025-05-06 10:39:48.173716,2025-05-06 10:39:48.173716
107650,115,2019-11-06,12.4,1.1,11.1,08:40,13.7,17:20,5,1.7,14.7,00:30,78,86,04:30,71,18:00,2025-05-06 10:39:48.410885,2025-05-06 10:39:48.410885
107669,115,2019-11-07,13.2,0.9,11.5,00:50,15,14:40,8,3.9,18.9,20:00,74,86,00:20,69,16:10,2025-05-06 10:39:48.644755,2025-05-06 10:39:48.644755
107688,115,2019-11-08,13,2.1,11.2,23:59,14.9,12:30,6,4.7,20.3,23:50,81,88,12:50,74,17:30,2025-05-06 10:39:48.876751,2025-05-06 10:39:48.876751
107707,115,2019-11-09,12.2,2.4,11.1,00:40,13.3,11:40,6,7.5,21.1,23:20,78,89,10:30,73,14:10,2025-05-06 10:39:49.101786,2025-05-06 10:39:49.101786
107726,115,2019-11-10,12.6,0.4,11,03:40,14.3,14:00,99,7.5,19.7,,73,86,03:20,62,14:30,2025-05-06 10:39:49.351701,2025-05-06 10:39:49.351701
107745,115,2019-11-11,13,0.3,11.4,01:50,14.7,11:20,7,8.1,22.2,21:40,79,88,15:00,63,10:20,2025-05-06 10:39:49.598573,2025-05-06 10:39:49.598573
107764,115,2019-11-12,14.4,0.3,12.4,03:00,16.5,23:30,10,6.9,20.6,00:30,81,87,06:40,31,20:30,2025-05-06 10:39:49.802578,2025-05-06 10:39:49.802578
107783,115,2019-11-13,13.8,0,11.5,22:50,16,00:40,7,5.6,20,08:10,69,82,22:30,43,00:00,2025-05-06 10:39:50.020097,2025-05-06 10:39:50.020097
107802,115,2019-11-14,13.4,0.3,11.5,02:00,15.2,13:50,4,3.3,19.7,23:10,74,85,23:20,68,15:40,2025-05-06 10:39:50.234872,2025-05-06 10:39:50.234872
107820,115,2019-11-15,11.6,16.9,10,23:59,13.2,11:20,4,1.7,17.2,03:20,83,87,07:30,76,,2025-05-06 10:39:50.454983,2025-05-06 10:39:50.454983
107839,115,2019-11-16,11.4,3.4,9.9,03:00,12.9,14:20,3,4.7,17.2,04:50,77,87,02:00,65,13:40,2025-05-06 10:39:50.655523,2025-05-06 10:39:50.655523
107858,115,2019-11-17,10.4,0.4,9.3,05:40,11.6,16:10,4,2.5,13.3,02:50,81,88,,76,13:00,2025-05-06 10:39:50.854828,2025-05-06 10:39:50.854828
107877,115,2019-11-18,13.3,0,9.9,00:10,16.7,14:40,4,4.7,14.7,00:10,67,78,,54,11:40,2025-05-06 10:39:51.035866,2025-05-06 10:39:51.035866
107896,115,2019-11-19,14.6,0,10.9,04:20,18.3,15:20,24,2.2,7.5,14:40,71,83,,56,15:20,2025-05-06 10:39:51.260462,2025-05-06 10:39:51.260462
107915,115,2019-11-20,15.6,0,11.2,00:40,19.9,14:00,22,0.8,7.8,14:30,63,82,,48,13:00,2025-05-06 10:39:51.492699,2025-05-06 10:39:51.492699
107934,115,2019-11-21,16.2,0,12.3,04:20,20.1,15:50,2,1.9,9.7,18:30,73,89,,52,14:10,2025-05-06 10:39:51.726474,2025-05-06 10:39:51.726474
107953,115,2019-11-22,17.7,0.5,13.4,07:40,22,13:30,21,1.1,8.9,14:10,62,85,21:50,40,13:20,2025-05-06 10:39:51.960430,2025-05-06 10:39:51.960430
107972,115,2019-11-23,16.4,1,13.2,23:00,19.6,12:00,3,3.3,11.9,21:40,79,92,,60,11:50,2025-05-06 10:39:52.208515,2025-05-06 10:39:52.208515
107991,115,2019-11-24,16.6,0,12.6,20:50,20.7,15:00,3,2.8,11.4,03:20,57,79,06:00,20,22:30,2025-05-06 10:39:52.433041,2025-05-06 10:39:52.433041
108010,115,2019-11-25,15,0,10.8,05:40,19.1,13:00,99,0.8,4.7,,50,89,,20,08:30,2025-05-06 10:39:52.676935,2025-05-06 10:39:52.676935
108029,115,2019-11-26,18.1,0,14.6,01:10,21.6,13:20,99,0.8,9.2,,56,76,18:40,42,02:50,2025-05-06 10:39:52.912803,2025-05-06 10:39:52.912803
108048,115,2019-11-27,18.4,0,15,06:20,21.7,13:30,10,1.4,6.9,05:00,50,61,18:30,43,10:00,2025-05-06 10:39:53.157955,2025-05-06 10:39:53.157955
108067,115,2019-11-28,18.8,0,15.6,00:50,22.1,12:50,20,2.5,10.8,12:40,38,50,00:00,36,,2025-05-06 10:39:53.393998,2025-05-06 10:39:53.393998
108086,115,2019-11-29,21.3,0,18.1,06:50,24.5,15:00,15,3.6,11.9,10:20,30,37,,27,18:00,2025-05-06 10:39:53.624452,2025-05-06 10:39:53.624452
108105,115,2019-11-30,22.4,0,19.3,19:00,25.6,12:00,10,2.5,10,03:50,30,34,18:10,27,,2025-05-06 10:39:53.858025,2025-05-06 10:39:53.858025
108124,115,2019-12-01,18.9,0,13.9,23:20,23.9,13:50,20,2.2,8.6,14:50,28,41,23:20,27,00:00,2025-05-06 10:39:54.108496,2025-05-06 10:39:54.108496
108143,115,2019-12-02,13.4,5.4,10.1,23:59,16.7,13:10,23,3.1,12.2,14:30,65,89,10:40,36,00:00,2025-05-06 10:39:54.338405,2025-05-06 10:39:54.338405
108162,115,2019-12-03,11.2,0.3,9.6,05:30,12.8,14:20,24,1.9,11.9,06:20,71,91,,63,17:00,2025-05-06 10:39:54.573693,2025-05-06 10:39:54.573693
108181,115,2019-12-04,11.6,22.3,9.1,07:40,14.1,15:30,29,0.8,18.1,19:40,78,89,13:40,63,,2025-05-06 10:39:54.807865,2025-05-06 10:39:54.807865
108200,115,2019-12-05,10,51.1,8.3,18:50,11.6,01:20,22,2.2,15.6,18:50,75,92,,70,,2025-05-06 10:39:55.029889,2025-05-06 10:39:55.029889
108219,115,2019-12-06,10.8,12,9,00:40,12.6,14:00,6,4.2,16.7,05:30,71,83,05:00,67,13:10,2025-05-06 10:39:55.269693,2025-05-06 10:39:55.269693
108238,115,2019-12-07,11.2,2.2,10,04:20,12.4,16:20,6,4.4,15.6,23:40,72,84,10:00,68,11:50,2025-05-06 10:39:55.517930,2025-05-06 10:39:55.517930
108257,115,2019-12-08,11.2,0,9.9,06:50,12.4,14:20,8,5.3,16.7,23:40,70,79,00:30,61,19:10,2025-05-06 10:39:55.776114,2025-05-06 10:39:55.776114
108276,115,2019-12-09,14,0,10,01:00,18.1,15:20,9,2.2,15.6,00:20,58,76,00:00,34,21:30,2025-05-06 10:39:56.025585,2025-05-06 10:39:56.025585
108295,115,2019-12-10,15.6,0,11.2,00:40,19.9,14:00,9,1.7,15.6,23:59,24,82,,20,13:00,2025-05-06 10:39:56.215798,2025-05-06 10:39:56.215798
108314,115,2019-12-11,15.8,0,11.6,01:00,20,15:30,8,3.1,18.1,02:10,,86,00:50,20,06:40,2025-05-06 10:39:56.426909,2025-05-06 10:39:56.426909
108333,115,2019-12-12,12.5,0.1,8.9,23:30,16.1,00:50,8,4.4,20,02:40,62,87,,25,,2025-05-06 10:39:56.660013,2025-05-06 10:39:56.660013
108352,115,2019-12-13,14,0,8.6,02:40,19.3,14:30,99,4.2,16.7,,,84,01:50,31,13:00,2025-05-06 10:39:56.895815,2025-05-06 10:39:56.895815
108371,115,2019-12-14,12.9,0,8.6,07:50,17.2,14:20,6,1.1,8.9,03:10,66,89,,45,05:50,2025-05-06 10:39:57.132844,2025-05-06 10:39:57.132844
108390,115,2019-12-15,13.5,0,8.4,01:20,18.6,14:50,22,0.8,6.7,15:10,,88,,17,07:00,2025-05-06 10:39:57.341624,2025-05-06 10:39:57.341624
108409,115,2019-12-16,11,7.1,8.8,23:59,13.2,14:20,29,3.6,15.3,18:20,74,89,23:40,56,00:40,2025-05-06 10:39:57.572369,2025-05-06 10:39:57.572369
108428,115,2019-12-17,12.8,0,8.4,00:40,17.2,16:00,23,1.1,15.8,00:40,66,92,00:20,56,16:30,2025-05-06 10:39:57.810907,2025-05-06 10:39:57.810907
108447,115,2019-12-18,13.8,0,9.5,08:50,18,15:50,24,0.6,5.3,14:10,59,76,19:20,36,23:20,2025-05-06 10:39:58.045323,2025-05-06 10:39:58.045323
108466,115,2019-12-19,15.8,0,11.2,02:50,20.3,14:30,22,0.8,6.4,15:20,35,57,02:40,32,05:10,2025-05-06 10:39:58.273784,2025-05-06 10:39:58.273784
108485,115,2019-12-20,17.2,0,14.1,07:40,20.2,16:20,18,1.4,5.6,16:20,37,49,18:10,31,07:00,2025-05-06 10:39:58.515480,2025-05-06 10:39:58.515480
108504,115,2019-12-21,16.6,0,13.6,20:50,19.7,23:59,8,1.4,7.5,22:40,49,84,19:00,24,22:30,2025-05-06 10:41:01.288652,2025-05-06 10:41:01.288652
108523,115,2019-12-22,16.2,0,11.6,04:40,20.7,03:30,9,4.4,20.3,21:20,50,83,18:30,19,08:50,2025-05-06 10:41:01.519848,2025-05-06 10:41:01.519848
108542,115,2019-12-23,17,0,12.5,02:50,21.4,15:20,8,0.6,17.5,00:10,34,84,00:10,22,21:10,2025-05-06 10:41:01.761492,2025-05-06 10:41:01.761492
108561,115,2019-12-24,20,0,16.9,01:00,23.1,14:10,12,3.1,11.4,02:30,21,29,,18,18:00,2025-05-06 10:41:01.970567,2025-05-06 10:41:01.970567
108580,115,2019-12-25,18.7,0,15.2,20:30,22.2,10:40,9,1.9,16.4,19:30,34,53,17:40,24,00:00,2025-05-06 10:41:02.164720,2025-05-06 10:41:02.164720
108599,115,2019-12-26,17.1,0,14.7,08:30,19.5,16:10,16,2.5,11.7,09:30,35,43,19:10,26,16:50,2025-05-06 10:41:02.405283,2025-05-06 10:41:02.405283
108618,115,2019-12-27,19.5,0,15.8,04:00,23.2,13:40,5,2.2,10.3,14:40,,34,,27,,2025-05-06 10:41:02.639993,2025-05-06 10:41:02.639993
108637,115,2019-12-28,20.7,0,17.8,19:30,23.6,16:10,10,0.8,9.2,00:30,28,39,18:20,23,,2025-05-06 10:41:02.876106,2025-05-06 10:41:02.876106
108656,115,2019-12-29,18.9,0,15.6,08:10,22.2,12:20,5,3.1,11.1,03:20,26,36,,19,00:00,2025-05-06 10:41:03.110939,2025-05-06 10:41:03.110939
108673,115,2019-12-30,19,0,15.6,09:00,22.3,13:20,8,1.9,20.8,01:00,21,30,,19,18:00,2025-05-06 10:41:03.311412,2025-05-06 10:41:03.311412
108691,115,2019-12-31,15.9,0,12,20:00,19.8,10:50,13,1.7,10,00:50,,76,19:30,19,00:00,2025-05-06 10:41:03.535184,2025-05-06 10:41:03.535184
108708,115,2020-01-01,13.2,0,8.5,21:50,17.8,14:50,7,1.1,7.8,23:59,42,74,21:20,25,00:00,2025-05-06 10:41:03.737762,2025-05-06 10:41:03.737762
108727,115,2020-01-02,12.8,0,9.7,06:20,15.8,14:10,6,0.8,8.9,00:10,42,68,19:40,27,07:00,2025-05-06 10:41:03.973752,2025-05-06 10:41:03.973752
108746,115,2020-01-03,13,0,9.4,08:20,16.6,12:50,7,1.4,8.6,03:20,40,62,18:10,28,07:00,2025-05-06 10:41:04.204174,2025-05-06 10:41:04.204174
108765,115,2020-01-04,12.9,0,9.1,23:20,16.7,15:50,99,1.4,5,14:40,41,86,22:30,30,23:59,2025-05-06 10:41:04.343595,2025-05-06 10:41:04.343595
108784,115,2020-01-05,14,0,10.2,23:59,17.8,15:10,14,2.5,9.4,21:50,35,81,23:20,16,07:00,2025-05-06 10:41:04.494388,2025-05-06 10:41:04.494388
108803,115,2020-01-06,10.6,2.1,9,06:00,12.3,14:40,4,3.6,15.3,20:50,74,86,05:20,69,13:50,2025-05-06 10:41:04.676406,2025-05-06 10:41:04.676406
108822,115,2020-01-07,11.2,0,8.7,07:40,13.6,15:20,3,1.1,16.4,05:30,68,87,01:30,48,15:10,2025-05-06 10:41:04.925769,2025-05-06 10:41:04.925769
108841,115,2020-01-08,11.1,0,8.9,05:50,13.3,14:40,5,3.1,13.6,03:20,75,84,23:50,64,16:00,2025-05-06 10:41:05.164010,2025-05-06 10:41:05.164010
108860,115,2020-01-09,10.3,0,8.8,03:30,11.8,15:50,8,3.1,16.1,21:50,77,86,20:10,73,12:40,2025-05-06 10:41:05.406834,2025-05-06 10:41:05.406834
108879,115,2020-01-10,10.7,1.3,9.3,00:10,12.1,14:50,9,5.8,16.7,20:30,87,91,13:20,73,23:40,2025-05-06 10:41:05.596460,2025-05-06 10:41:05.596460
108898,115,2020-01-11,12.2,0,8.9,,15.6,12:50,5,3.6,11.4,04:20,59,88,18:30,28,07:00,2025-05-06 10:41:05.740887,2025-05-06 10:41:05.740887
108917,115,2020-01-12,12.5,0,7.8,22:20,17.2,14:10,4,1.1,15.3,10:20,64,88,02:00,34,22:50,2025-05-06 10:41:06.058008,2025-05-06 10:41:06.058008
108936,115,2020-01-13,13.6,0,10.8,06:00,16.3,12:30,13,3.3,12.2,23:59,45,51,,35,00:00,2025-05-06 10:41:06.277934,2025-05-06 10:41:06.277934
108955,115,2020-01-14,12.9,0,9.5,23:00,16.3,15:30,21,2.2,13.6,00:40,38,48,20:30,33,00:00,2025-05-06 10:41:06.535410,2025-05-06 10:41:06.535410
108974,115,2020-01-15,12.9,0,9,05:40,16.8,14:00,11,1.9,8.6,02:20,,63,21:10,32,,2025-05-06 10:41:06.769547,2025-05-06 10:41:06.769547
108993,115,2020-01-16,13.2,0,9.1,05:50,17.4,14:00,22,1.4,6.1,16:10,35,56,,21,23:00,2025-05-06 10:41:07.002825,2025-05-06 10:41:07.002825
109012,115,2020-01-17,13.9,0,9.8,00:10,18,15:50,11,0.8,8.9,22:00,23,52,00:00,17,,2025-05-06 10:41:07.255972,2025-05-06 10:41:07.255972
109031,115,2020-01-18,16.4,0,13.3,09:00,19.6,14:50,10,1.1,10,03:00,25,42,19:30,20,07:00,2025-05-06 10:41:07.495640,2025-05-06 10:41:07.495640
109050,115,2020-01-19,16.6,0,13.3,23:59,19.8,14:30,14,3.1,11.1,13:10,,63,23:59,19,,2025-05-06 10:41:07.747632,2025-05-06 10:41:07.747632
109069,115,2020-01-20,12,0,8,09:00,16.1,03:50,8,5,11.7,05:10,73,84,19:00,23,03:50,2025-05-06 10:41:07.994054,2025-05-06 10:41:07.994054
109088,115,2020-01-21,8.6,0,7.1,07:40,10.2,14:30,19,1.1,10.3,05:40,76,87,11:40,66,13:50,2025-05-06 10:41:08.237114,2025-05-06 10:41:08.237114
109107,115,2020-01-22,10.1,0,6.3,05:20,13.9,12:50,24,2.2,8.6,13:50,54,83,20:50,44,13:00,2025-05-06 10:41:08.453519,2025-05-06 10:41:08.453519
109126,115,2020-01-23,11,0,7.2,03:40,14.8,14:50,27,1.4,6.4,14:40,65,89,20:30,51,13:00,2025-05-06 10:41:08.691498,2025-05-06 10:41:08.691498
109145,115,2020-01-24,12.2,0,7.9,07:20,16.4,14:00,22,2.2,7.2,17:10,51,71,20:10,44,11:10,2025-05-06 10:41:08.937656,2025-05-06 10:41:08.937656
109164,115,2020-01-25,11.9,0,8,,15.8,14:30,4,1.7,7.8,23:50,65,74,08:30,58,14:20,2025-05-06 10:41:09.162893,2025-05-06 10:41:09.162893
109183,115,2020-01-26,11.8,0,7.9,06:50,15.8,14:30,6,2.2,12.5,22:10,67,80,16:50,57,22:30,2025-05-06 10:41:09.391205,2025-05-06 10:41:09.391205
109202,115,2020-01-27,11.8,0,7,08:10,16.6,13:10,25,0.8,6.9,00:40,68,91,21:50,31,23:50,2025-05-06 10:41:09.645015,2025-05-06 10:41:09.645015
109221,115,2020-01-28,16.2,0,12.1,01:20,20.4,12:50,14,0.6,7.8,23:50,,42,19:20,19,13:00,2025-05-06 10:41:09.869265,2025-05-06 10:41:09.869265
109240,115,2020-01-29,19.9,0,16.2,02:50,23.6,14:50,8,1.4,6.9,20:20,27,38,19:20,17,00:00,2025-05-06 10:41:10.124360,2025-05-06 10:41:10.124360
109259,115,2020-01-30,20.8,0,17,03:30,24.7,14:00,8,2.8,8.6,23:20,29,35,,27,13:00,2025-05-06 10:41:10.375371,2025-05-06 10:41:10.375371
109278,115,2020-01-31,19.2,0,16.4,23:59,22.1,13:10,4,1.4,15.6,21:40,31,35,23:40,30,,2025-05-06 10:41:10.624518,2025-05-06 10:41:10.624518
109297,115,2020-02-01,17.9,0,15.1,22:00,20.7,14:00,10,2.2,15,01:40,37,47,,31,00:00,2025-05-06 10:41:10.864873,2025-05-06 10:41:10.864873
109316,115,2020-02-02,19.6,0,15.7,00:10,23.5,15:30,13,3.1,13.9,22:00,21,34,00:00,19,18:00,2025-05-06 10:41:11.100037,2025-05-06 10:41:11.100037
109335,115,2020-02-03,18.8,,16.5,09:00,21,16:20,20,2.8,17.8,15:00,27,31,,25,,2025-05-06 10:41:11.345084,2025-05-06 10:41:11.345084
109354,115,2020-02-04,18.5,,16.5,06:50,20.5,15:40,22,5.3,21.9,05:40,30,36,,28,00:00,2025-05-06 10:41:11.573119,2025-05-06 10:41:11.573119
109373,115,2020-02-05,21.2,,17.7,05:50,24.8,15:10,17,2.5,12.2,00:10,25,37,19:20,23,18:00,2025-05-06 10:41:11.825815,2025-05-06 10:41:11.825815
109392,115,2020-02-06,18.3,0,15.3,08:00,21.3,14:10,24,1.4,5,16:30,37,67,20:00,18,09:30,2025-05-06 10:41:12.073348,2025-05-06 10:41:12.073348
109411,115,2020-02-07,18.8,0,14.7,23:20,22.9,14:00,6,1.4,9.2,18:40,34,,,,,2025-05-06 10:41:12.322897,2025-05-06 10:41:12.322897
109483,115,2020-02-11,18.3,0,15,07:10,21.6,16:50,6,3.6,13.9,08:10,25,32,06:30,23,13:00,2025-05-06 10:41:13.260038,2025-05-06 10:41:13.260038
109502,115,2020-02-12,20,0,16.4,08:20,23.7,13:40,7,2.5,11.7,15:50,21,26,,21,13:00,2025-05-06 10:41:13.519387,2025-05-06 10:41:13.519387
109521,115,2020-02-13,19.4,0,16.5,07:40,22.3,16:10,8,2.2,10.6,01:40,36,50,07:00,21,00:00,2025-05-06 10:41:13.761739,2025-05-06 10:41:13.761739
109540,115,2020-02-14,19.3,0,15.9,22:20,22.7,15:20,21,1.9,7.8,15:30,36,44,00:20,34,18:00,2025-05-06 10:41:14.003223,2025-05-06 10:41:14.003223
109559,115,2020-02-15,16.8,0,14.5,22:20,19.2,15:20,3,5.3,11.7,11:20,28,43,00:00,27,13:00,2025-05-06 10:41:14.240114,2025-05-06 10:41:14.240114
109578,115,2020-02-16,19.6,0,15.1,01:10,24,15:30,8,3.1,11.1,22:30,29,35,,25,03:20,2025-05-06 10:41:14.491105,2025-05-06 10:41:14.491105
109597,115,2020-02-17,19,0,16.9,23:59,21,15:40,9,6.7,15,23:00,32,36,,31,00:00,2025-05-06 10:41:14.722577,2025-05-06 10:41:14.722577
109616,115,2020-02-18,16.7,,10.7,21:20,22.7,15:20,6,3.3,18.3,21:30,33,74,21:40,19,23:50,2025-05-06 10:41:14.969729,2025-05-06 10:41:14.969729
109635,115,2020-02-19,18.2,0,13.5,05:50,22.9,15:40,10,3.3,11.9,00:10,26,58,19:30,15,00:00,2025-05-06 10:41:15.213470,2025-05-06 10:41:15.213470
109654,115,2020-02-20,15,0,9.2,23:30,20.8,16:20,6,1.4,13.6,23:30,,68,23:59,20,03:40,2025-05-06 10:41:15.442293,2025-05-06 10:41:15.442293
109673,115,2020-02-21,12.1,0,7.9,04:40,16.3,16:50,7,1.4,8.9,00:10,50,76,,40,05:50,2025-05-06 10:41:15.690533,2025-05-06 10:41:15.690533
109692,115,2020-02-22,15.6,0,8.5,01:20,22.6,13:50,9,3.6,20,23:30,19,73,00:00,17,13:00,2025-05-06 10:41:15.935127,2025-05-06 10:41:15.935127
109711,115,2020-02-23,19.4,0.1,17,04:30,21.7,21:30,12,6.7,25.3,07:20,21,30,00:00,20,18:00,2025-05-06 10:41:16.161359,2025-05-06 10:41:16.161359
109730,115,2020-02-24,,0.1,,,,,15,3.1,19.2,03:30,,,,,,2025-05-06 10:41:16.372820,2025-05-06 10:41:16.372820
109749,115,2020-02-25,20.2,0,17.8,21:10,22.7,13:50,9,5.6,15,20:30,27,36,,27,,2025-05-06 10:41:16.522535,2025-05-06 10:41:16.522535
109768,115,2020-02-26,18.6,0,15.4,22:00,21.7,13:30,8,2.8,14.4,00:10,,40,,18,,2025-05-06 10:41:16.673686,2025-05-06 10:41:16.673686
109787,115,2020-02-27,16,0,12.6,08:20,19.5,14:50,9,1.1,11.1,01:50,48,73,,37,00:00,2025-05-06 10:41:16.882752,2025-05-06 10:41:16.882752
109806,115,2020-02-28,16.6,0,11.9,04:40,21.3,15:50,26,1.9,5.6,15:20,32,50,19:50,27,,2025-05-06 10:41:17.094233,2025-05-06 10:41:17.094233
109825,115,2020-02-29,18.9,0,16.2,00:40,21.6,13:30,5,3.9,11.1,10:10,26,35,23:40,18,02:30,2025-05-06 10:41:17.360458,2025-05-06 10:41:17.360458
109844,115,2020-03-01,19.6,0,15.1,20:50,24,13:30,6,2.5,9.2,01:30,28,45,20:50,27,13:00,2025-05-06 10:41:17.610315,2025-05-06 10:41:17.610315
109863,115,2020-03-02,17.8,0,12.3,07:10,23.2,15:30,9,1.4,9.2,22:50,45,66,20:40,16,23:30,2025-05-06 10:41:17.853118,2025-05-06 10:41:17.853118
109882,115,2020-03-03,21.8,0,17.4,02:50,26.1,15:20,10,2.8,10,12:10,23,39,16:10,16,00:00,2025-05-06 10:41:18.086681,2025-05-06 10:41:18.086681
109901,115,2020-03-04,23.8,0,20.6,23:59,26.9,16:00,7,2.5,8.3,08:00,25,31,,24,07:00,2025-05-06 10:41:18.321848,2025-05-06 10:41:18.321848
109920,115,2020-03-05,18.4,0,11.3,23:50,25.5,14:00,7,3.1,17.8,22:50,24,76,23:30,23,00:00,2025-05-06 10:41:18.562143,2025-05-06 10:41:18.562143
109939,115,2020-03-06,12.5,0,9.3,21:00,15.7,13:40,8,4.2,20.6,03:00,55,78,07:40,16,23:50,2025-05-06 10:41:18.790059,2025-05-06 10:41:18.790059
109958,115,2020-03-07,17.2,0,11,03:30,23.3,14:00,8,1.4,16.4,01:10,26,51,19:10,13,13:00,2025-05-06 10:41:19.031263,2025-05-06 10:41:19.031263
109977,115,2020-03-08,20.7,0,18.6,03:40,22.8,15:20,11,4.7,14.2,08:20,18,25,11:50,16,18:00,2025-05-06 10:41:19.276092,2025-05-06 10:41:19.276092
109996,115,2020-03-09,19.6,0,16.1,02:20,23.2,13:40,10,2.2,13.6,23:59,21,27,,20,13:00,2025-05-06 10:41:19.523166,2025-05-06 10:41:19.523166
110015,115,2020-03-10,20.9,0,16.9,00:40,24.9,12:40,9,3.3,13.9,00:10,17,36,21:00,15,23:40,2025-05-06 10:41:19.793156,2025-05-06 10:41:19.793156
110034,115,2020-03-11,22,0,18.2,22:10,25.7,12:50,24,2.2,10.3,13:20,13,21,,12,13:00,2025-05-06 10:41:20.023616,2025-05-06 10:41:20.023616
110053,115,2020-03-12,21.9,0,18.3,03:10,25.5,13:50,9,3.6,10.6,05:20,,30,19:20,16,00:00,2025-05-06 10:41:20.255840,2025-05-06 10:41:20.255840
110072,115,2020-03-13,20,0,15.3,20:20,24.6,14:10,22,1.9,8.6,14:30,25,58,20:00,22,07:00,2025-05-06 10:41:20.470972,2025-05-06 10:41:20.470972
110091,115,2020-03-14,14.6,0,10.1,23:40,19,14:30,26,1.9,7.5,15:00,42,60,,23,07:00,2025-05-06 10:41:20.685356,2025-05-06 10:41:20.685356
110110,115,2020-03-15,10.3,1.3,8.7,05:00,11.9,15:00,5,2.8,15,19:20,71,78,,57,14:40,2025-05-06 10:41:20.909027,2025-05-06 10:41:20.909027
110129,115,2020-03-16,11.2,0.2,8.6,05:50,13.9,12:50,6,3.3,14.7,07:50,64,79,05:40,56,13:10,2025-05-06 10:41:21.140422,2025-05-06 10:41:21.140422
110148,115,2020-03-17,9.6,1.1,7.2,07:10,12,16:50,5,3.3,13.6,23:30,72,81,,63,18:00,2025-05-06 10:41:21.375600,2025-05-06 10:41:21.375600
110167,115,2020-03-18,10,2.9,7.5,03:40,12.5,15:10,29,1.9,16.7,21:20,66,79,,57,,2025-05-06 10:41:21.609753,2025-05-06 10:41:21.609753
110186,115,2020-03-19,11,7,9,00:10,13.1,14:40,99,3.6,15.6,,62,82,00:50,48,13:00,2025-05-06 10:41:21.858068,2025-05-06 10:41:21.858068
110205,115,2020-03-20,11.8,1,9.4,23:59,14.3,15:00,4,2.8,11.7,08:00,60,76,,38,14:50,2025-05-06 10:41:22.118426,2025-05-06 10:41:22.118426
110224,115,2020-03-21,11.6,0,7.2,09:00,16,16:30,7,3.6,10.3,03:30,60,76,,46,18:00,2025-05-06 10:41:22.358661,2025-05-06 10:41:22.358661
110243,115,2020-03-22,12,8.6,7.7,07:40,16.3,14:00,23,2.8,12.5,23:20,56,81,19:50,38,14:20,2025-05-06 10:41:22.599175,2025-05-06 10:41:22.599175
110262,115,2020-03-23,8.8,25.6,6.5,08:30,11,14:00,26,3.6,21.1,06:30,70,82,05:30,63,19:00,2025-05-06 10:41:22.855686,2025-05-06 10:41:22.855686
110281,115,2020-03-24,11.5,1.9,8.6,07:10,14.4,13:50,26,3.1,10.8,11:30,66,78,,53,14:00,2025-05-06 10:41:23.096302,2025-05-06 10:41:23.096302
110300,115,2020-03-25,11.8,0,8.9,23:40,14.7,12:50,8,1.4,10,01:00,56,70,02:00,45,13:00,2025-05-06 10:41:23.327333,2025-05-06 10:41:23.327333
110319,115,2020-03-26,11.2,0.2,8.7,00:30,13.6,11:20,22,1.1,6.4,17:20,56,70,,49,11:10,2025-05-06 10:41:23.608698,2025-05-06 10:41:23.608698
110338,115,2020-03-27,12.3,5.2,7.9,04:40,16.7,14:00,20,2.2,7.2,15:30,62,82,,43,14:00,2025-05-06 10:41:23.838865,2025-05-06 10:41:23.838865
110357,115,2020-03-28,12.6,0,7.9,06:10,17.2,13:40,30,2.2,8.6,01:00,58,82,00:00,47,10:20,2025-05-06 10:41:24.081040,2025-05-06 10:41:24.081040
110376,115,2020-03-29,12.6,0,8.7,07:20,16.4,12:30,99,2.2,6.1,13:40,52,81,23:59,44,13:00,2025-05-06 10:41:24.326492,2025-05-06 10:41:24.326492
110395,115,2020-03-30,13.8,0,8.6,02:20,19.1,14:20,24,1.9,6.4,13:10,39,81,,36,09:30,2025-05-06 10:41:24.565026,2025-05-06 10:41:24.565026
110414,115,2020-03-31,13.8,0,8.9,05:20,18.7,15:00,32,1.9,6.7,14:00,52,78,,41,06:30,2025-05-06 10:41:24.804820,2025-05-06 10:41:24.804820
110433,115,2020-04-01,13.2,0,8.3,05:20,18.2,13:00,99,1.9,5.8,,44,78,,30,05:50,2025-05-06 10:41:25.051944,2025-05-06 10:41:25.051944
110452,115,2020-04-02,13.8,0,9.2,00:40,18.4,12:40,21,1.9,6.1,15:00,46,81,,23,07:00,2025-05-06 10:41:25.290862,2025-05-06 10:41:25.290862
110471,115,2020-04-03,13.8,0,8.3,03:00,19.4,14:40,31,1.9,8.1,14:40,44,81,,31,10:20,2025-05-06 10:41:25.517902,2025-05-06 10:41:25.517902
110490,115,2020-04-04,16.4,0,12.7,23:40,20.2,15:20,29,2.2,7.8,14:40,39,76,,32,13:30,2025-05-06 10:41:25.773014,2025-05-06 10:41:25.773014
110509,115,2020-04-05,18.3,0,13.5,03:00,23.1,15:20,21,2.2,10,13:40,42,74,21:00,30,02:00,2025-05-06 10:41:26.028507,2025-05-06 10:41:26.028507
110528,115,2020-04-06,19.6,0,15,02:20,24.1,13:00,20,1.7,8.1,13:20,38,64,21:20,23,13:00,2025-05-06 10:41:26.278418,2025-05-06 10:41:26.278418
110547,115,2020-04-07,20.5,0,16.8,05:10,24.2,16:00,22,2.2,7.5,16:00,,46,14:10,19,,2025-05-06 10:41:26.530303,2025-05-06 10:41:26.530303
110566,115,2020-04-08,23,0,18.1,05:10,27.8,15:00,4,2.5,10,20:20,25,40,23:50,21,00:00,2025-05-06 10:41:26.777869,2025-05-06 10:41:26.777869
110585,115,2020-04-09,21.7,0,17.3,23:40,26.1,13:40,20,2.2,9.7,15:00,38,50,07:30,33,,2025-05-06 10:41:27.041462,2025-05-06 10:41:27.041462
110604,115,2020-04-10,19.8,0,14.1,07:30,25.4,13:50,3,3.9,13.3,23:59,39,68,07:50,25,,2025-05-06 10:41:27.195877,2025-05-06 10:41:27.195877
110623,115,2020-04-11,18.2,0,12.4,23:59,23.9,13:30,4,2.8,11.4,00:30,34,68,23:59,27,00:00,2025-05-06 10:41:27.334306,2025-05-06 10:41:27.334306
110642,115,2020-04-12,13.8,0,10,06:10,17.5,14:40,17,2.2,10.6,14:20,56,72,11:40,47,14:10,2025-05-06 10:41:27.510424,2025-05-06 10:41:27.510424
110661,115,2020-04-13,13.6,0,9.7,06:20,17.4,12:50,22,2.2,8.6,12:10,54,74,23:50,47,12:10,2025-05-06 10:41:27.731925,2025-05-06 10:41:27.731925
110680,115,2020-04-14,15,0,10.2,03:00,19.9,14:00,25,1.4,7.8,15:10,55,78,,39,13:00,2025-05-06 10:41:27.977987,2025-05-06 10:41:27.977987
110699,115,2020-04-15,14.6,0,9.7,06:50,19.4,13:50,21,2.8,10.6,12:50,50,79,01:20,33,16:10,2025-05-06 10:41:28.220249,2025-05-06 10:41:28.220249
110718,115,2020-04-16,14.6,0,10.6,05:20,18.7,16:10,21,2.5,8.6,16:00,48,81,23:50,44,,2025-05-06 10:41:28.473874,2025-05-06 10:41:28.473874
110737,115,2020-04-17,13.9,0,10,00:40,17.8,11:40,22,2.2,6.7,14:10,56,81,00:00,42,11:10,2025-05-06 10:41:28.692346,2025-05-06 10:41:28.692346
110756,115,2020-04-18,13.1,5.3,9.3,23:59,16.9,10:40,32,1.7,10.3,15:10,49,80,02:00,41,11:40,2025-05-06 10:41:28.941732,2025-05-06 10:41:28.941732
110775,115,2020-04-19,14,0,9.5,00:20,18.4,14:10,4,1.4,10,01:30,50,79,00:40,37,15:50,2025-05-06 10:41:29.190886,2025-05-06 10:41:29.190886
110794,115,2020-04-20,16,0,9.1,05:40,22.9,14:50,5,3.3,11.7,16:10,47,73,07:50,26,15:00,2025-05-06 10:41:29.428105,2025-05-06 10:41:29.428105
110813,115,2020-04-21,14.6,0,9.4,05:40,19.9,13:30,6,3.3,13.3,23:30,43,72,05:40,19,14:20,2025-05-06 10:41:29.661630,2025-05-06 10:41:29.661630
110832,115,2020-04-22,13,0,8.4,06:30,17.5,14:10,8,2.2,10.6,03:10,49,70,02:10,29,19:50,2025-05-06 10:41:29.901250,2025-05-06 10:41:29.901250
110851,115,2020-04-23,11.9,1.1,9.5,04:00,14.3,16:50,5,5,13.3,07:00,62,73,01:20,53,16:50,2025-05-06 10:41:30.144150,2025-05-06 10:41:30.144150
110870,115,2020-04-24,13,0.5,9.4,03:00,16.7,17:00,99,2.5,10.3,,55,73,02:20,43,18:00,2025-05-06 10:41:30.377583,2025-05-06 10:41:30.377583
110889,115,2020-04-25,14.1,0,9.9,07:00,18.3,15:30,21,1.7,9.2,15:00,52,67,,42,16:10,2025-05-06 10:41:30.619395,2025-05-06 10:41:30.619395
110908,115,2020-04-26,13.7,0,9.2,03:50,18.2,16:40,23,2.2,6.9,13:00,47,66,,37,08:50,2025-05-06 10:41:30.854294,2025-05-06 10:41:30.854294
110927,115,2020-04-27,14.8,0,10.7,02:40,18.8,13:30,27,2.2,7.8,14:00,48,69,23:30,37,,2025-05-06 10:41:31.092784,2025-05-06 10:41:31.092784
110945,115,2020-04-28,15.6,0,10.4,07:50,20.7,14:20,20,1.7,9.2,14:50,53,71,00:40,35,22:10,2025-05-06 10:41:31.322212,2025-05-06 10:41:31.322212
110964,115,2020-04-29,14.9,0,9.6,01:50,20.2,15:30,4,3.9,10.8,12:10,31,72,01:40,28,07:00,2025-05-06 10:41:31.555143,2025-05-06 10:41:31.555143
110983,115,2020-04-30,17.6,0,12.7,07:30,22.4,16:00,5,3.3,13.3,21:40,36,42,07:20,29,,2025-05-06 10:41:31.791781,2025-05-06 10:41:31.791781
111002,115,2020-05-01,20,0,15.9,06:50,24.2,11:50,6,2.5,10.3,01:20,37,62,20:50,24,,2025-05-06 10:41:32.041106,2025-05-06 10:41:32.041106
111021,115,2020-05-02,24,0,19.1,01:00,28.9,12:40,22,3.3,15.6,13:50,20,34,00:00,15,23:59,2025-05-06 10:41:32.275222,2025-05-06 10:41:32.275222
111040,115,2020-05-03,23.4,0,18.3,23:59,28.6,15:20,18,3.6,15.6,12:30,14,24,23:59,14,,2025-05-06 10:41:32.511313,2025-05-06 10:41:32.511313
111059,115,2020-05-04,16.5,0,12.2,06:20,20.8,14:00,27,1.9,7.5,15:50,60,75,21:20,24,00:00,2025-05-06 10:41:32.741369,2025-05-06 10:41:32.741369
111078,115,2020-05-05,16.1,0,10.7,07:40,21.5,17:50,30,1.9,6.1,13:30,45,74,,31,18:40,2025-05-06 10:41:32.961009,2025-05-06 10:41:32.961009
111097,115,2020-05-06,16.4,0,12.3,02:10,20.4,15:00,30,1.7,6.7,15:50,38,72,,21,07:00,2025-05-06 10:41:33.203736,2025-05-06 10:41:33.203736
111116,115,2020-05-07,15.7,0,11.1,07:00,20.3,14:10,25,1.9,9.2,13:20,50,65,00:00,43,18:00,2025-05-06 10:41:33.441460,2025-05-06 10:41:33.441460
111135,115,2020-05-08,17.2,0,11.5,04:50,22.8,16:10,99,2.5,9.7,,40,60,03:50,26,17:10,2025-05-06 10:41:33.674799,2025-05-06 10:41:33.674799
111154,115,2020-05-09,17.2,0,13.1,23:00,21.2,13:20,21,1.9,8.9,15:30,50,62,19:00,29,00:00,2025-05-06 10:41:33.911681,2025-05-06 10:41:33.911681
111173,115,2020-05-10,16.5,0,11.5,07:10,21.5,16:10,3,1.7,13.3,19:50,53,68,06:40,42,19:00,2025-05-06 10:41:34.161679,2025-05-06 10:41:34.161679
111192,115,2020-05-11,17,0,11.7,23:59,22.4,12:40,27,2.8,11.4,22:20,53,82,21:10,35,13:40,2025-05-06 10:41:34.402518,2025-05-06 10:41:34.402518
111211,115,2020-05-12,13.9,0.1,10.4,04:20,17.4,14:20,27,2.5,11.9,18:30,60,76,,45,14:30,2025-05-06 10:41:34.650595,2025-05-06 10:41:34.650595
111230,115,2020-05-13,14.4,0,10.2,23:59,18.7,12:10,23,2.2,11.7,12:20,50,74,04:40,37,11:50,2025-05-06 10:41:34.898223,2025-05-06 10:41:34.898223
111249,115,2020-05-14,14.6,0.1,10.2,00:20,19,14:20,28,2.8,13.6,22:30,57,72,23:50,44,13:00,2025-05-06 10:41:35.127441,2025-05-06 10:41:35.127441
111268,115,2020-05-15,11.9,0.3,9.3,03:50,14.5,16:30,24,1.9,11.4,00:10,66,79,10:20,56,18:00,2025-05-06 10:41:35.358148,2025-05-06 10:41:35.358148
111287,115,2020-05-16,14.5,0,10.1,05:30,18.9,14:40,14,2.8,10.6,23:30,54,74,20:40,41,14:30,2025-05-06 10:41:35.578209,2025-05-06 10:41:35.578209
111306,115,2020-05-17,12.4,0,10.1,02:30,14.8,14:00,5,5,14.7,14:10,70,79,06:30,59,19:00,2025-05-06 10:41:35.803748,2025-05-06 10:41:35.803748
111325,115,2020-05-18,15.4,0,10,05:40,20.7,14:30,7,1.1,11.4,00:40,49,71,23:59,29,13:00,2025-05-06 10:41:36.038624,2025-05-06 10:41:36.038624
111344,115,2020-05-19,15.9,0,10.3,04:00,21.5,14:10,5,1.7,8.1,23:50,55,79,23:00,31,23:50,2025-05-06 10:41:36.277459,2025-05-06 10:41:36.277459
111363,115,2020-05-20,19.7,0,17.4,01:10,22,15:30,6,7.8,16.7,20:50,21,33,01:00,20,18:00,2025-05-06 10:41:36.512475,2025-05-06 10:41:36.512475
111382,115,2020-05-21,20.4,0,16.4,06:50,24.5,18:10,6,1.9,15.6,01:00,29,50,20:40,20,00:00,2025-05-06 10:41:36.760005,2025-05-06 10:41:36.760005
111401,115,2020-05-22,23,0,19.3,03:00,26.8,16:10,9,7.5,17.2,07:30,23,31,14:30,21,07:00,2025-05-06 10:41:36.999090,2025-05-06 10:41:36.999090
111420,115,2020-05-23,26.4,0,22.4,00:30,30.5,14:50,10,8.3,19.4,07:00,19,29,,15,18:00,2025-05-06 10:41:37.252618,2025-05-06 10:41:37.252618
111439,115,2020-05-24,29.2,0,24.5,02:40,33.9,14:40,6,4.4,13.3,06:10,16,32,21:30,11,13:00,2025-05-06 10:41:37.507207,2025-05-06 10:41:37.507207
111494,115,2020-05-27,,,,,,,21,3.3,10,13:10,15,,,,,2025-05-06 10:41:38.044694,2025-05-06 10:41:38.044694
111513,115,2020-05-28,27.3,0,23.6,05:10,31,14:50,3,2.5,10,04:50,16,25,20:30,14,13:00,2025-05-06 10:41:38.234088,2025-05-06 10:41:38.234088
111550,115,2020-05-30,16.6,0,13.1,05:40,20.1,11:40,29,1.7,7.2,13:30,65,81,,49,11:10,2025-05-06 10:41:38.728630,2025-05-06 10:41:38.728630
111569,115,2020-05-31,17.1,0,12.4,05:40,21.8,14:20,20,1.7,8.9,15:10,51,62,,41,,2025-05-06 10:41:38.969442,2025-05-06 10:41:38.969442
111588,115,2020-06-01,17.2,0,13,06:20,21.5,14:10,24,2.2,8.9,15:00,51,67,,43,10:50,2025-05-06 10:41:39.210703,2025-05-06 10:41:39.210703
111607,115,2020-06-02,17.7,0,11.9,02:30,23.5,16:00,32,2.2,8.3,17:30,27,67,,18,07:00,2025-05-06 10:41:39.458895,2025-05-06 10:41:39.458895
111626,115,2020-06-03,18.8,0,14.8,04:20,22.8,14:50,31,2.5,8.3,10:30,55,74,,41,13:00,2025-05-06 10:41:39.716205,2025-05-06 10:41:39.716205
111645,115,2020-06-04,19.4,0,14.7,03:50,24,15:00,27,1.9,8.3,15:50,52,72,23:20,42,15:00,2025-05-06 10:41:39.962425,2025-05-06 10:41:39.962425
111664,115,2020-06-05,18.8,2,15.2,01:50,22.5,13:00,21,1.9,15,15:20,52,80,20:00,40,13:00,2025-05-06 10:41:40.205127,2025-05-06 10:41:40.205127
111683,115,2020-06-06,17.6,0,13.4,01:40,21.7,13:50,22,2.5,9.7,11:10,50,75,07:30,38,16:40,2025-05-06 10:41:40.462637,2025-05-06 10:41:40.462637
111702,115,2020-06-07,17.8,0,13.4,06:40,22.3,16:10,30,2.2,6.7,12:10,53,71,,37,09:50,2025-05-06 10:41:40.709422,2025-05-06 10:41:40.709422
111721,115,2020-06-08,18.3,0,13.2,03:30,23.4,14:30,9,1.9,8.6,23:30,41,72,,26,07:00,2025-05-06 10:41:40.965953,2025-05-06 10:41:40.965953
111740,115,2020-06-09,18.4,0,13.4,03:00,23.4,16:00,6,1.9,8.9,16:30,49,74,02:40,41,07:00,2025-05-06 10:41:41.216511,2025-05-06 10:41:41.216511
111759,115,2020-06-10,18,0,13.5,06:20,22.6,14:10,28,1.7,6.4,15:50,43,77,04:00,41,07:00,2025-05-06 10:41:41.473085,2025-05-06 10:41:41.473085
111778,115,2020-06-11,18,0,14.3,06:00,21.7,15:30,99,1.4,6.7,,65,81,06:30,51,15:10,2025-05-06 10:41:41.727987,2025-05-06 10:41:41.727987
111797,115,2020-06-12,17.2,0,12.9,06:00,21.6,15:50,22,1.4,7.2,15:50,55,73,,32,21:00,2025-05-06 10:41:42.001007,2025-05-06 10:41:42.001007
111816,115,2020-06-13,17.6,0,12.9,06:20,22.4,12:50,30,1.9,7.5,14:40,45,73,06:10,34,15:50,2025-05-06 10:41:42.241088,2025-05-06 10:41:42.241088
111835,115,2020-06-14,19.4,2.1,13.4,00:50,25.5,14:50,28,1.1,6.4,14:00,31,67,00:00,14,07:00,2025-05-06 10:41:42.492466,2025-05-06 10:41:42.492466
111854,115,2020-06-15,22.5,0,20,08:00,25,11:00,30,2.2,17.5,14:40,40,54,08:10,35,,2025-05-06 10:41:42.733087,2025-05-06 10:41:42.733087
111873,115,2020-06-16,24.4,0,21.1,23:59,27.6,13:20,28,3.1,17.2,14:10,35,45,23:59,32,00:00,2025-05-06 10:41:42.988380,2025-05-06 10:41:42.988380
111892,115,2020-06-17,21.8,0,16.3,23:59,27.2,14:30,27,2.5,10.3,03:50,52,76,19:50,40,10:00,2025-05-06 10:41:43.233990,2025-05-06 10:41:43.233990
111911,115,2020-06-18,19.1,0,14.7,04:30,23.5,13:50,4,3.1,11.1,17:50,50,75,04:20,41,13:00,2025-05-06 10:42:46.476058,2025-05-06 10:42:46.476058
111930,115,2020-06-19,18.2,0,14.4,23:50,21.9,15:00,6,2.5,15,23:50,52,73,06:20,38,15:40,2025-05-06 10:42:46.709836,2025-05-06 10:42:46.709836
111949,115,2020-06-20,20,0,14.5,05:30,25.6,15:10,7,1.7,16.4,00:10,39,67,00:00,29,23:40,2025-05-06 10:42:46.949963,2025-05-06 10:42:46.949963
111968,115,2020-06-21,24.6,0,20.5,,28.8,16:10,10,3.6,13.3,09:50,,50,19:50,15,,2025-05-06 10:42:47.194926,2025-05-06 10:42:47.194926
111987,115,2020-06-22,23.8,0,19.6,21:00,28,13:50,8,3.9,13.3,06:50,30,46,19:20,14,00:00,2025-05-06 10:42:47.441340,2025-05-06 10:42:47.441340
112006,115,2020-06-23,24.2,0,20,20:00,28.5,14:20,6,2.2,8.6,07:10,28,45,19:40,16,00:00,2025-05-06 10:42:47.691947,2025-05-06 10:42:47.691947
112024,115,2020-06-24,20.4,0,15.2,23:59,25.7,13:30,27,1.9,6.7,14:30,36,67,23:59,27,00:00,2025-05-06 10:42:47.925975,2025-05-06 10:42:47.925975
112043,115,2020-06-25,19.2,0,13.8,01:50,24.5,11:50,5,2.2,14.2,19:50,33,70,01:00,27,14:50,2025-05-06 10:42:48.159353,2025-05-06 10:42:48.159353
112062,115,2020-06-26,20.2,0,14.8,03:30,25.7,14:10,3,4.2,13.1,08:20,23,52,04:10,17,07:00,2025-05-06 10:42:48.395400,2025-05-06 10:42:48.395400
112081,115,2020-06-27,24,0,19.5,03:00,28.4,14:20,6,1.1,12.2,23:20,28,40,19:40,14,,2025-05-06 10:42:48.644939,2025-05-06 10:42:48.644939
112100,115,2020-06-28,23.2,0,18.2,23:30,28.1,11:50,5,5.8,14.4,06:50,25,46,23:30,14,,2025-05-06 10:42:48.891810,2025-05-06 10:42:48.891810
112119,115,2020-06-29,21.6,0,16.2,06:20,27.1,16:20,9,3.3,11.7,10:50,40,65,06:30,28,18:00,2025-05-06 10:42:49.130020,2025-05-06 10:42:49.130020
112138,115,2020-06-30,22.2,0,16.1,03:40,28.2,14:00,99,1.4,5.3,14:30,35,59,01:10,22,08:10,2025-05-06 10:42:49.371432,2025-05-06 10:42:49.371432
112157,115,2020-07-01,29.8,0,25.2,00:50,34.5,15:30,28,0.8,4.7,15:50,28,41,19:50,20,21:50,2025-05-06 10:42:49.614106,2025-05-06 10:42:49.614106
112176,115,2020-07-02,31.9,0,28.3,18:00,35.5,12:00,4,1.7,12.5,21:10,27,40,17:50,12,07:00,2025-05-06 10:42:49.858973,2025-05-06 10:42:49.858973
112195,115,2020-07-03,30.3,0,26,20:00,34.6,12:10,6,1.7,14.2,02:10,25,41,18:50,11,07:00,2025-05-06 10:42:50.108530,2025-05-06 10:42:50.108530
112214,115,2020-07-04,29.2,0,26.2,06:00,32.2,11:20,6,2.2,12.5,06:00,30,44,18:10,13,00:00,2025-05-06 10:42:50.348306,2025-05-06 10:42:50.348306
112233,115,2020-07-05,30.4,0,25.4,00:20,35.5,17:00,5,0.8,15,23:40,23,40,00:10,19,07:00,2025-05-06 10:42:50.580119,2025-05-06 10:42:50.580119
112252,115,2020-07-06,33.8,0,29.8,03:00,37.8,14:40,6,1.4,16.4,03:30,21,27,18:10,17,00:00,2025-05-06 10:42:50.825969,2025-05-06 10:42:50.825969
112271,115,2020-07-07,35.8,0,32,06:10,39.5,14:10,4,2.5,10.3,23:10,20,24,,18,13:00,2025-05-06 10:42:51.047408,2025-05-06 10:42:51.047408
112290,115,2020-07-08,33.5,0,30.3,23:40,36.7,14:40,7,5.8,21.4,06:20,17,23,,17,,2025-05-06 10:42:51.322526,2025-05-06 10:42:51.322526
112309,115,2020-07-09,29,0,24.5,23:50,33.6,13:00,2,6.7,13.9,22:10,13,27,23:59,13,07:00,2025-05-06 10:42:51.560176,2025-05-06 10:42:51.560176
112328,115,2020-07-10,27,0,23.6,23:50,30.5,12:30,4,4.4,15.8,05:20,20,29,23:40,19,13:00,2025-05-06 10:42:51.808642,2025-05-06 10:42:51.808642
112347,115,2020-07-11,25.4,0,22.6,07:00,28.2,13:40,5,4.7,17.2,21:00,25,32,08:30,23,18:00,2025-05-06 10:42:52.035599,2025-05-06 10:42:52.035599
112366,115,2020-07-12,27.8,0,23.5,02:50,32,13:00,99,3.3,16.1,,24,34,20:40,19,07:00,2025-05-06 10:42:52.290729,2025-05-06 10:42:52.290729
112385,115,2020-07-13,28.5,0,23.9,23:59,33.1,17:00,33,1.7,13.9,22:40,21,31,15:20,18,20:50,2025-05-06 10:42:52.512683,2025-05-06 10:42:52.512683
112404,115,2020-07-14,24,0,21.5,20:50,26.6,11:50,4,5.6,19.2,18:20,30,41,,21,00:00,2025-05-06 10:42:52.669905,2025-05-06 10:42:52.669905
112423,115,2020-07-15,25.2,0,22.1,02:30,28.4,15:00,5,7.5,17.8,10:10,34,39,,30,23:59,2025-05-06 10:42:52.818461,2025-05-06 10:42:52.818461
112442,115,2020-07-16,27.8,0,24.2,04:50,31.5,17:00,6,1.7,8.3,00:10,32,36,,25,23:40,2025-05-06 10:42:53.008955,2025-05-06 10:42:53.008955
112461,115,2020-07-17,30.6,0,27.1,04:00,34.2,16:10,31,1.7,6.7,13:50,25,33,14:40,22,00:00,2025-05-06 10:42:53.247187,2025-05-06 10:42:53.247187
112480,115,2020-07-18,31.7,0,28,23:59,35.4,12:00,10,2.5,14.7,,19,25,00:00,18,07:00,2025-05-06 10:42:53.480805,2025-05-06 10:42:53.480805
112499,115,2020-07-19,29.5,0,26.9,21:20,32.1,12:40,9,6.9,16.4,00:50,22,30,,19,07:00,2025-05-06 10:42:53.754823,2025-05-06 10:42:53.754823
112518,115,2020-07-20,30.4,0,25.5,23:59,35.4,17:10,6,3.9,13.9,00:40,24,32,,19,18:00,2025-05-06 10:42:54.014040,2025-05-06 10:42:54.014040
112537,115,2020-07-21,28.2,0,24.4,20:50,32,12:50,7,1.7,14.7,04:40,28,50,20:30,17,08:40,2025-05-06 10:42:54.272152,2025-05-06 10:42:54.272152
112556,115,2020-07-22,29.2,0,24.7,20:30,33.8,11:30,99,1.1,6.7,,29,52,20:20,18,00:00,2025-05-06 10:42:54.526481,2025-05-06 10:42:54.526481
112575,115,2020-07-23,30.2,0,26.9,07:40,33.5,14:00,5,4.2,15.6,21:00,22,31,12:10,18,07:00,2025-05-06 10:42:54.794062,2025-05-06 10:42:54.794062
112594,115,2020-07-24,29,0,26.4,23:00,31.5,11:50,5,5.8,13.1,23:59,18,22,,17,02:50,2025-05-06 10:42:55.059511,2025-05-06 10:42:55.059511
112613,115,2020-07-25,26.8,0,22.8,23:10,30.8,15:00,7,1.4,15.3,22:10,19,25,,18,00:00,2025-05-06 10:42:55.309442,2025-05-06 10:42:55.309442
112632,115,2020-07-26,24.6,0,21.5,04:30,27.8,12:40,99,5.6,15.8,00:50,29,42,20:20,22,00:00,2025-05-06 10:42:55.570462,2025-05-06 10:42:55.570462
112651,115,2020-07-27,28.8,,24.8,01:50,32.8,13:50,6,2.8,18.9,08:00,,41,,17,,2025-05-06 10:42:55.748763,2025-05-06 10:42:55.748763
112670,115,2020-07-28,30.6,0,26.4,19:40,34.8,11:30,9,3.1,12.5,22:10,29,47,19:30,14,07:00,2025-05-06 10:42:55.905662,2025-05-06 10:42:55.905662
112689,115,2020-07-29,25.2,0,19.5,23:50,30.9,14:00,6,2.5,10.8,04:10,32,64,23:30,14,00:00,2025-05-06 10:42:56.071885,2025-05-06 10:42:56.071885
112707,115,2020-07-30,25,0,18.8,00:50,31.1,13:10,99,1.1,5.3,,30,64,00:00,17,07:00,2025-05-06 10:42:56.304674,2025-05-06 10:42:56.304674
112726,115,2020-07-31,24.9,0,20.9,08:20,28.9,14:50,29,1.9,6.7,15:40,41,47,10:50,32,03:30,2025-05-06 10:42:56.528789,2025-05-06 10:42:56.528789
112745,115,2020-08-01,29.6,0,24.5,00:40,34.7,15:10,19,1.9,8.6,22:20,34,46,,27,21:10,2025-05-06 10:42:56.748119,2025-05-06 10:42:56.748119
112764,115,2020-08-02,29.3,0,26.2,02:50,32.4,11:40,4,5.3,16.9,23:20,32,40,02:20,20,21:30,2025-05-06 10:42:57.027031,2025-05-06 10:42:57.027031
112783,115,2020-08-03,28.6,0,25.3,22:50,32,15:20,6,7.2,26.7,20:00,17,29,00:00,15,13:00,2025-05-06 10:42:57.292518,2025-05-06 10:42:57.292518
112802,115,2020-08-04,27.4,0,24.2,22:00,30.7,15:20,4,4.7,13.9,08:20,26,43,16:30,17,,2025-05-06 10:42:57.553869,2025-05-06 10:42:57.553869
112821,115,2020-08-05,25.4,0,21.6,22:00,29.1,14:50,10,3.9,13.9,04:50,31,48,20:10,28,18:00,2025-05-06 10:42:57.821118,2025-05-06 10:42:57.821118
112840,115,2020-08-06,23,0,19.2,22:40,26.7,12:40,99,1.9,6.1,,45,72,,33,00:00,2025-05-06 10:42:58.060802,2025-05-06 10:42:58.060802
112859,115,2020-08-07,22.6,0,18.3,02:30,27,14:50,8,1.9,8.9,23:10,42,56,19:50,28,08:20,2025-05-06 10:42:58.304210,2025-05-06 10:42:58.304210
112878,115,2020-08-08,25,0,21.2,03:20,28.7,14:20,6,3.1,15,22:40,28,36,03:10,25,,2025-05-06 10:42:58.575242,2025-05-06 10:42:58.575242
112897,115,2020-08-09,26,0,22.6,04:50,29.4,15:20,6,3.3,13.1,01:00,23,47,19:50,21,,2025-05-06 10:42:58.841157,2025-05-06 10:42:58.841157
112916,115,2020-08-10,25.6,0,21,23:59,30.1,14:10,8,3.3,15,02:10,34,57,20:40,19,00:00,2025-05-06 10:42:59.088213,2025-05-06 10:42:59.088213
112935,115,2020-08-11,23.8,0,18,22:10,29.6,15:10,6,1.9,9.7,23:50,34,56,21:30,21,23:59,2025-05-06 10:42:59.345991,2025-05-06 10:42:59.345991
112954,115,2020-08-12,24,0,21.3,03:50,26.7,13:20,6,5.6,14.7,09:10,24,41,21:00,16,02:50,2025-05-06 10:42:59.634772,2025-05-06 10:42:59.634772
112973,115,2020-08-13,24.2,0,20.5,07:40,28,14:00,6,2.2,11.4,00:50,35,60,22:10,24,00:00,2025-05-06 10:42:59.900648,2025-05-06 10:42:59.900648
112992,115,2020-08-14,24.2,0,20,01:10,28.5,14:50,4,1.7,7.8,23:59,37,55,00:00,17,23:59,2025-05-06 10:43:00.155967,2025-05-06 10:43:00.155967
113011,115,2020-08-15,26.2,0,21.9,06:40,30.4,14:40,5,2.5,14.7,22:40,34,46,18:40,14,00:00,2025-05-06 10:43:00.402829,2025-05-06 10:43:00.402829
113030,115,2020-08-16,28.1,0,24.7,23:59,31.5,12:20,7,6.4,18.9,20:00,20,30,23:40,15,00:00,2025-05-06 10:43:00.618981,2025-05-06 10:43:00.618981
113049,115,2020-08-17,24.4,0,21.7,23:10,27.1,15:00,9,10.3,20.3,20:00,26,37,23:10,25,13:00,2025-05-06 10:43:00.875938,2025-05-06 10:43:00.875938
113068,115,2020-08-18,25.8,0,21.7,03:50,29.9,14:10,9,3.6,18.6,18:30,27,37,03:30,24,,2025-05-06 10:43:01.121145,2025-05-06 10:43:01.121145
113087,115,2020-08-19,27.4,0,22.6,06:40,32.1,13:20,8,4.4,28.9,05:20,20,27,14:00,18,13:00,2025-05-06 10:43:01.356158,2025-05-06 10:43:01.356158
113106,115,2020-08-20,26.5,0,23.1,05:40,29.9,13:00,8,1.4,10.3,00:20,27,39,,18,00:00,2025-05-06 10:43:01.619382,2025-05-06 10:43:01.619382
113125,115,2020-08-21,29.6,0,24.6,02:40,34.5,12:20,8,2.5,8.9,00:40,25,41,19:50,16,07:00,2025-05-06 10:43:01.847478,2025-05-06 10:43:01.847478
113144,115,2020-08-22,30.6,0,27.4,23:40,33.7,14:00,8,8.1,17.8,18:30,17,25,,13,07:00,2025-05-06 10:43:02.115348,2025-05-06 10:43:02.115348
113163,115,2020-08-23,30,0,27,04:10,33.1,14:40,9,6.7,17.5,03:30,21,25,,19,18:00,2025-05-06 10:43:02.325860,2025-05-06 10:43:02.325860
113182,115,2020-08-24,29.5,0,25.2,09:10,33.8,17:10,6,7.2,18.6,10:30,20,26,02:30,19,00:00,2025-05-06 10:43:02.598920,2025-05-06 10:43:02.598920
113201,115,2020-08-25,32.7,0,26.3,02:30,39.1,14:50,6,5.3,17.2,00:30,21,27,,18,18:00,2025-05-06 10:43:02.848418,2025-05-06 10:43:02.848418
113220,115,2020-08-26,33.4,0,29.9,03:00,37,15:20,20,3.6,13.9,13:20,28,36,23:59,19,00:00,2025-05-06 10:43:03.096803,2025-05-06 10:43:03.096803
113239,115,2020-08-27,32.6,0,29.4,23:59,35.9,13:30,8,5.3,13.9,23:30,27,36,00:00,24,13:00,2025-05-06 10:43:03.281821,2025-05-06 10:43:03.281821
113258,115,2020-08-28,30.6,0,27,23:59,34.3,14:40,8,5.6,14.4,05:40,21,29,06:10,18,18:00,2025-05-06 10:43:03.431295,2025-05-06 10:43:03.431295
113277,115,2020-08-29,21,0.6,14.7,23:30,27.4,00:30,4,2.8,14.4,02:40,44,81,21:30,17,00:00,2025-05-06 10:43:03.583416,2025-05-06 10:43:03.583416
113296,115,2020-08-30,15.8,0,13.5,07:50,18,15:20,3,1.4,19.7,04:30,65,78,10:30,47,23:20,2025-05-06 10:43:03.795597,2025-05-06 10:43:03.795597
113315,115,2020-08-31,20.5,0,14.7,02:50,26.3,14:20,4,1.9,10,03:10,40,68,23:50,30,14:00,2025-05-06 10:43:04.048406,2025-05-06 10:43:04.048406
113334,115,2020-09-01,20.3,0,14.1,04:30,26.5,16:00,30,1.4,5.8,15:40,46,74,03:20,16,23:30,2025-05-06 10:43:04.321504,2025-05-06 10:43:04.321504
113353,115,2020-09-02,26.6,0,21.9,21:20,31.3,14:50,24,2.2,5.8,14:40,26,57,20:40,12,00:00,2025-05-06 10:43:04.575770,2025-05-06 10:43:04.575770
113372,115,2020-09-03,27.8,0,22.7,04:30,33,14:40,19,2.5,7.2,14:00,,57,20:40,17,,2025-05-06 10:43:04.833698,2025-05-06 10:43:04.833698
113391,115,2020-09-04,27.9,0,23.8,06:20,32,15:40,29,1.7,11.4,16:20,19,27,00:00,18,13:00,2025-05-06 10:43:05.105032,2025-05-06 10:43:05.105032
113410,115,2020-09-05,28,0,24.7,07:40,31.2,14:20,26,2.2,9.2,14:20,35,43,11:40,21,00:00,2025-05-06 10:43:05.370534,2025-05-06 10:43:05.370534
113429,115,2020-09-06,26.9,0,22.6,02:30,31.2,15:00,23,1.4,6.1,14:40,31,47,19:00,21,10:00,2025-05-06 10:43:05.608441,2025-05-06 10:43:05.608441
113448,115,2020-09-07,29.2,0,24.3,02:50,34.2,12:00,99,3.9,13.1,,35,40,,29,21:30,2025-05-06 10:43:05.841148,2025-05-06 10:43:05.841148
113467,115,2020-09-08,29.2,0,26.5,02:30,32,15:30,7,7.2,16.4,08:30,19,32,00:00,17,18:00,2025-05-06 10:43:06.098985,2025-05-06 10:43:06.098985
113486,115,2020-09-09,28.2,0,25.4,02:50,31,14:20,8,7.2,15.6,22:30,20,27,,19,00:00,2025-05-06 10:43:06.372170,2025-05-06 10:43:06.372170
113505,115,2020-09-10,29,0,25.7,22:40,32.3,12:50,5,5,12.8,05:50,21,26,,19,,2025-05-06 10:43:06.664867,2025-05-06 10:43:06.664867
113524,115,2020-09-11,27,0,23.6,23:10,30.4,14:00,22,1.9,10,16:50,21,31,23:30,17,00:00,2025-05-06 10:43:06.933519,2025-05-06 10:43:06.933519
113543,115,2020-09-12,22.8,0.2,17.3,22:50,28.4,15:00,25,1.4,6.7,15:00,47,76,21:30,28,00:00,2025-05-06 10:43:07.186973,2025-05-06 10:43:07.186973
113562,115,2020-09-13,20.8,0,16.9,04:40,24.7,13:50,33,1.4,7.2,15:40,49,77,03:40,37,23:40,2025-05-06 10:43:07.422559,2025-05-06 10:43:07.422559
113581,115,2020-09-14,26.4,0,21.8,05:10,31,13:00,21,1.4,5.8,13:00,29,52,19:20,19,13:00,2025-05-06 10:43:07.671580,2025-05-06 10:43:07.671580
113600,115,2020-09-15,26.2,0,23.3,20:50,29.2,04:40,4,2.8,17.8,20:30,26,31,,22,09:40,2025-05-06 10:43:07.926151,2025-05-06 10:43:07.926151
113619,115,2020-09-16,27,0,22.7,08:00,31.2,14:10,7,5,18.3,03:20,33,40,10:00,27,00:00,2025-05-06 10:43:08.202736,2025-05-06 10:43:08.202736
113638,115,2020-09-17,25.2,0,20.9,09:30,29.4,11:50,32,1.9,6.7,12:50,33,55,09:30,30,,2025-05-06 10:43:08.454727,2025-05-06 10:43:08.454727
113657,115,2020-09-18,22.2,0,17.8,05:30,26.6,00:10,21,1.1,6.1,14:30,47,73,05:10,29,00:00,2025-05-06 10:43:08.679658,2025-05-06 10:43:08.679658
113676,115,2020-09-19,25.6,0,21.7,01:30,29.6,15:30,99,1.4,5.8,13:40,30,47,,22,,2025-05-06 10:43:08.910913,2025-05-06 10:43:08.910913
113695,115,2020-09-20,28.2,0,24.1,00:10,32.3,13:10,28,1.7,6.1,15:30,23,46,19:30,17,07:00,2025-05-06 10:43:09.143368,2025-05-06 10:43:09.143368
113714,115,2020-09-21,30.2,0,26,01:00,34.5,13:50,12,1.4,8.3,05:40,29,40,18:30,25,16:00,2025-05-06 10:43:09.387932,2025-05-06 10:43:09.387932
113733,115,2020-09-22,26.3,0,21.2,21:20,31.4,11:40,10,1.7,12.2,05:40,31,66,21:00,25,00:00,2025-05-06 10:43:09.631513,2025-05-06 10:43:09.631513
113752,115,2020-09-23,23.3,2.3,19.8,23:59,26.8,13:00,24,2.2,13.1,22:10,32,55,00:10,29,05:10,2025-05-06 10:43:09.911809,2025-05-06 10:43:09.911809
113771,115,2020-09-24,23.2,0.1,19,06:40,27.4,15:00,17,1.4,16.4,00:10,47,62,08:30,38,23:40,2025-05-06 10:43:10.160546,2025-05-06 10:43:10.160546
113790,115,2020-09-25,27.8,0,23.3,02:20,32.2,15:50,8,1.7,13.9,22:30,36,41,,34,13:00,2025-05-06 10:43:10.437684,2025-05-06 10:43:10.437684
113809,115,2020-09-26,27.2,0,23.7,23:00,30.8,15:00,8,3.6,14.2,01:40,33,39,07:00,30,,2025-05-06 10:43:10.699341,2025-05-06 10:43:10.699341
113828,115,2020-09-27,20.2,0,14.9,23:59,25.4,03:40,4,3.3,12.8,18:30,52,77,21:30,24,03:50,2025-05-06 10:43:10.939862,2025-05-06 10:43:10.939862
113847,115,2020-09-28,17.4,0,14.6,02:20,20.3,15:50,2,5,13.3,11:40,63,77,01:00,54,15:50,2025-05-06 10:43:11.210919,2025-05-06 10:43:11.210919
113866,115,2020-09-29,18.4,0,13.7,07:10,23.2,15:30,5,1.4,8.9,02:10,62,81,04:50,48,15:10,2025-05-06 10:43:11.504599,2025-05-06 10:43:11.504599
113885,115,2020-09-30,18.6,0,14,05:30,23.3,15:40,25,1.7,6.4,13:50,57,70,19:50,47,12:50,2025-05-06 10:43:11.769566,2025-05-06 10:43:11.769566
113904,115,2020-10-01,19,0,14.4,,23.6,14:40,8,2.5,16.1,23:10,56,76,23:20,48,14:00,2025-05-06 10:43:12.021397,2025-05-06 10:43:12.021397
113923,115,2020-10-02,16.6,0,14.1,08:50,19.2,16:20,7,3.1,16.1,01:00,69,81,19:00,61,14:10,2025-05-06 10:43:12.275726,2025-05-06 10:43:12.275726
113942,115,2020-10-03,16.8,1.2,14.3,01:00,19.3,14:30,4,3.9,15.6,04:10,70,81,11:20,67,,2025-05-06 10:43:12.535138,2025-05-06 10:43:12.535138
113961,115,2020-10-04,19.8,0.5,15,23:10,24.6,14:10,6,4.7,13.3,04:30,62,80,,36,14:10,2025-05-06 10:43:12.790098,2025-05-06 10:43:12.790098
113980,115,2020-10-05,18.6,0.1,14,03:40,23.3,14:50,5,1.4,9.4,04:10,62,81,,30,23:40,2025-05-06 10:43:13.011805,2025-05-06 10:43:13.011805
113999,115,2020-10-06,19.5,0.9,16.1,01:30,22.9,22:40,32,0.8,6.1,14:40,59,79,15:10,28,00:00,2025-05-06 10:43:13.235220,2025-05-06 10:43:13.235220
114018,115,2020-10-07,23.6,0,20.8,05:00,26.5,14:50,29,1.7,6.4,15:40,48,60,07:40,42,13:00,2025-05-06 10:43:13.467451,2025-05-06 10:43:13.467451
114037,115,2020-10-08,23.5,0,19.7,23:20,27.3,12:50,99,1.7,5.6,,41,58,,35,07:00,2025-05-06 10:43:13.720807,2025-05-06 10:43:13.720807
114056,115,2020-10-09,20.6,0,14.9,23:10,26.3,10:40,26,1.4,5.6,15:10,43,76,21:20,22,08:40,2025-05-06 10:43:13.966126,2025-05-06 10:43:13.966126
114075,115,2020-10-10,19.9,0,14.3,03:50,25.5,15:20,8,1.4,6.4,00:50,37,69,00:30,24,00:50,2025-05-06 10:43:14.119232,2025-05-06 10:43:14.119232
114093,115,2020-10-11,26.1,0,21.7,00:20,30.5,13:10,20,2.2,9.2,13:00,27,43,00:10,21,13:00,2025-05-06 10:43:14.260729,2025-05-06 10:43:14.260729
114111,115,2020-10-12,29.2,0,25.6,02:20,32.7,13:30,10,1.9,11.1,08:50,20,29,,18,18:00,2025-05-06 10:43:14.467419,2025-05-06 10:43:14.467419
114129,115,2020-10-13,27.4,0,23.6,23:59,31.2,16:30,10,3.1,11.7,03:50,22,30,23:59,19,00:00,2025-05-06 10:43:14.695966,2025-05-06 10:43:14.695966
114147,115,2020-10-14,25.2,0,21.3,04:20,29.2,12:50,30,1.9,5.6,13:40,25,37,19:00,23,13:00,2025-05-06 10:43:14.957948,2025-05-06 10:43:14.957948
114166,115,2020-10-15,23.1,0,18.7,18:40,27.5,13:40,7,2.5,10.6,08:00,30,62,18:30,17,,2025-05-06 10:43:15.225007,2025-05-06 10:43:15.225007
114185,115,2020-10-16,18.4,0,13.7,04:20,23,13:00,31,1.7,6.9,11:30,51,79,,32,00:00,2025-05-06 10:43:15.480777,2025-05-06 10:43:15.480777
114204,115,2020-10-17,17.3,0,13.5,06:50,21.1,12:00,20,1.7,6.1,12:00,61,80,,46,12:00,2025-05-06 10:43:15.732699,2025-05-06 10:43:15.732699
114223,115,2020-10-18,18,0,13.3,02:00,22.7,15:10,24,0.8,5.8,14:10,50,80,00:00,35,13:00,2025-05-06 10:43:15.983393,2025-05-06 10:43:15.983393
114242,115,2020-10-19,21,0,17.9,04:00,24,16:00,31,2.5,10.3,11:30,49,68,03:30,44,13:00,2025-05-06 10:43:16.246214,2025-05-06 10:43:16.246214
114261,115,2020-10-20,20,0.4,16.8,23:59,23.2,12:30,21,3.9,18.3,09:50,51,78,15:50,39,07:00,2025-05-06 10:43:16.505013,2025-05-06 10:43:16.505013
114280,115,2020-10-21,17.3,0.7,14.1,05:30,20.5,11:50,18,1.7,7.2,06:20,63,79,23:50,45,11:50,2025-05-06 10:43:16.750555,2025-05-06 10:43:16.750555
114299,115,2020-10-22,15.6,0.2,12.6,03:50,18.7,11:50,6,1.4,8.6,20:40,57,81,,44,11:50,2025-05-06 10:43:16.998487,2025-05-06 10:43:16.998487
114318,115,2020-10-23,14,0,11.5,07:00,16.6,15:50,8,3.1,16.1,20:40,52,62,12:00,43,23:50,2025-05-06 10:43:17.264044,2025-05-06 10:43:17.264044
114337,115,2020-10-24,17.4,0,12.1,00:50,22.8,13:30,8,3.3,14.7,01:10,45,64,19:50,20,23:59,2025-05-06 10:43:17.492821,2025-05-06 10:43:17.492821
114356,115,2020-10-25,21.4,0,18.2,05:30,24.7,14:00,22,1.1,5.3,14:00,30,58,19:30,16,00:00,2025-05-06 10:43:17.716905,2025-05-06 10:43:17.716905
114375,115,2020-10-26,19.4,0,14.6,23:30,24.3,13:40,99,1.9,7.2,,39,60,21:30,25,19:00,2025-05-06 10:43:17.970314,2025-05-06 10:43:17.970314
114393,115,2020-10-27,17.6,0,12.8,02:20,22.5,15:30,99,1.1,10.3,,46,71,23:59,36,03:50,2025-05-06 10:43:18.222644,2025-05-06 10:43:18.222644
114411,115,2020-10-28,16,0,11.4,05:10,20.5,14:40,6,5.3,10.8,18:20,61,77,05:50,48,14:10,2025-05-06 10:43:18.424283,2025-05-06 10:43:18.424283
114429,115,2020-10-29,16.6,0,11.8,,21.3,14:00,4,1.4,8.9,06:30,60,76,,48,11:10,2025-05-06 10:43:18.651007,2025-05-06 10:43:18.651007
114447,115,2020-10-30,20,0,12.7,02:20,27.2,15:30,11,1.1,13.3,20:10,38,72,00:00,19,16:10,2025-05-06 10:43:18.896858,2025-05-06 10:43:18.896858
114465,115,2020-10-31,23.2,0,20.9,19:10,25.5,13:40,8,5.3,16.7,19:30,22,25,,20,,2025-05-06 10:43:19.159660,2025-05-06 10:43:19.159660
114483,115,2020-11-01,21.9,0,19.4,22:00,24.4,14:20,12,4.7,16.4,03:30,22,26,,22,00:00,2025-05-06 10:43:19.409233,2025-05-06 10:43:19.409233
114501,115,2020-11-02,18.5,0,15.5,23:50,21.5,13:30,6,6.4,23.9,09:10,28,45,23:50,19,00:00,2025-05-06 10:43:19.655855,2025-05-06 10:43:19.655855
114520,115,2020-11-03,18.6,0,13.8,06:20,23.4,14:20,7,4.4,15,08:20,58,73,17:50,24,23:59,2025-05-06 10:43:19.865677,2025-05-06 10:43:19.865677
114539,115,2020-11-04,16.4,0,12.8,23:59,20,,4,4.7,12.8,06:20,63,77,23:50,24,00:00,2025-05-06 10:43:20.121464,2025-05-06 10:43:20.121464
114557,115,2020-11-05,14.2,0.1,11.1,06:10,17.3,13:20,21,2.2,12.5,19:20,58,79,,45,13:00,2025-05-06 10:43:20.377644,2025-05-06 10:43:20.377644
114576,115,2020-11-06,15,5.8,12.4,08:20,17.7,16:20,20,1.7,12.5,08:40,71,82,,51,16:20,2025-05-06 10:43:20.635451,2025-05-06 10:43:20.635451
114595,115,2020-11-07,15.6,0,12.3,05:20,18.8,12:20,22,1.7,5.3,12:20,57,79,,36,10:20,2025-05-06 10:43:20.912802,2025-05-06 10:43:20.912802
114614,115,2020-11-08,16.2,0,12.3,23:50,20.1,12:40,16,1.9,6.1,14:10,56,77,00:00,46,12:10,2025-05-06 10:43:21.189526,2025-05-06 10:43:21.189526
114633,115,2020-11-09,16.4,0,11.3,03:40,21.4,15:10,7,4.4,12.8,07:50,45,70,01:10,43,14:30,2025-05-06 10:43:21.430906,2025-05-06 10:43:21.430906
114652,115,2020-11-10,18.7,0,12.8,06:50,24.6,10:20,8,0.6,7.2,02:20,37,52,00:00,14,,2025-05-06 10:43:21.695314,2025-05-06 10:43:21.695314
114671,115,2020-11-11,22.6,,19.8,18:40,25.3,13:50,23,0.8,7.5,13:50,31,50,18:20,21,03:20,2025-05-06 10:43:21.974109,2025-05-06 10:43:21.974109
114690,115,2020-11-12,23.4,0,20.2,06:20,26.5,14:00,29,0.6,7.2,14:30,,56,19:30,19,,2025-05-06 10:43:22.221923,2025-05-06 10:43:22.221923
114709,115,2020-11-13,22.3,0,20.3,01:10,24.3,14:00,12,1.9,11.7,22:10,25,44,00:00,22,18:00,2025-05-06 10:43:22.498565,2025-05-06 10:43:22.498565
114728,115,2020-11-14,23.6,0,21.4,20:00,25.8,13:40,20,3.6,15.8,14:10,22,36,20:00,22,00:00,2025-05-06 10:43:22.771946,2025-05-06 10:43:22.771946
114747,115,2020-11-15,23.3,0,20.7,07:50,25.9,14:50,20,4.4,16.7,14:00,26,35,,23,18:00,2025-05-06 10:43:23.044690,2025-05-06 10:43:23.044690
114766,115,2020-11-16,24.4,0,21.9,07:00,26.8,12:10,21,2.8,13.6,15:20,24,29,,22,00:00,2025-05-06 10:43:23.319949,2025-05-06 10:43:23.319949
114785,115,2020-11-17,23.4,0,21,23:00,25.9,13:40,19,3.3,11.7,13:00,24,30,,23,13:00,2025-05-06 10:43:23.566812,2025-05-06 10:43:23.566812
114804,115,2020-11-18,23.2,0,19.4,23:40,27,12:20,4,2.5,9.4,02:20,26,32,19:30,24,13:00,2025-05-06 10:43:23.757248,2025-05-06 10:43:23.757248
114823,115,2020-11-19,19.3,0,14.7,22:00,23.9,14:10,30,2.5,6.4,14:30,40,73,20:00,28,00:00,2025-05-06 10:43:24.011102,2025-05-06 10:43:24.011102
114842,115,2020-11-20,20.2,0,17.1,00:20,23.2,16:40,20,2.5,12.2,10:30,29,42,00:10,26,07:00,2025-05-06 10:43:24.281290,2025-05-06 10:43:24.281290
114861,115,2020-11-21,18.4,0,16.1,21:00,20.8,13:20,10,3.1,17.8,22:30,29,35,,27,00:00,2025-05-06 10:43:24.534663,2025-05-06 10:43:24.534663
114880,115,2020-11-22,19.2,0,15.6,03:00,22.8,14:40,11,3.6,20.3,06:20,29,36,,25,21:50,2025-05-06 10:43:24.752001,2025-05-06 10:43:24.752001
114899,115,2020-11-23,19.7,0,16.4,19:50,23,13:00,14,3.1,10.6,05:40,28,43,19:40,24,13:00,2025-05-06 10:43:24.899782,2025-05-06 10:43:24.899782
114918,115,2020-11-24,19.4,0,15.6,22:40,23.3,13:20,10,1.1,10.6,02:00,26,37,19:50,20,13:00,2025-05-06 10:43:25.051882,2025-05-06 10:43:25.051882
114937,115,2020-11-25,14.2,12,9.8,23:10,18.7,12:50,23,3.3,15.8,14:40,43,81,,23,07:00,2025-05-06 10:43:25.276749,2025-05-06 10:43:25.276749
114956,115,2020-11-26,9.3,18.6,8.2,05:00,10.4,01:30,31,5,25.3,19:20,70,81,04:50,62,,2025-05-06 10:43:25.518475,2025-05-06 10:43:25.518475
114975,115,2020-11-27,10,11.3,8.2,07:10,11.9,14:10,24,3.1,16.7,00:20,69,77,10:30,59,15:50,2025-05-06 10:43:25.773452,2025-05-06 10:43:25.773452
114994,115,2020-11-28,12.1,0.9,10,00:50,14.2,15:50,18,1.1,5.8,01:00,70,80,,62,07:40,2025-05-06 10:43:26.035009,2025-05-06 10:43:26.035009
115013,115,2020-11-29,12,3,10.3,04:50,13.6,12:20,26,1.4,11.7,23:59,69,81,14:40,59,07:00,2025-05-06 10:43:26.284082,2025-05-06 10:43:26.284082
115032,115,2020-11-30,11.6,11.9,10.1,03:10,13,12:40,23,1.9,11.4,00:10,72,80,20:30,60,00:20,2025-05-06 10:43:26.543563,2025-05-06 10:43:26.543563
115050,115,2020-12-01,12.8,13.1,11.3,,14.3,10:50,20,1.7,12.8,01:00,70,78,15:50,62,10:40,2025-05-06 10:43:26.799624,2025-05-06 10:43:26.799624
115069,115,2020-12-02,14.2,0.2,11.1,06:10,17.2,16:00,33,1.7,10,16:00,58,79,,47,15:30,2025-05-06 10:43:27.043810,2025-05-06 10:43:27.043810
115088,115,2020-12-03,15.2,0,11.4,05:50,19,15:30,18,2.2,6.1,14:00,56,71,20:10,39,03:30,2025-05-06 10:43:27.308421,2025-05-06 10:43:27.308421
115107,115,2020-12-04,14.2,1.7,11.2,23:20,17.3,12:30,1,1.7,9.2,21:10,54,77,20:30,52,,2025-05-06 10:43:27.569539,2025-05-06 10:43:27.569539
115126,115,2020-12-05,11.2,18.2,9.2,18:40,13.3,12:40,4,1.4,11.9,22:40,75,79,,65,,2025-05-06 10:43:27.848131,2025-05-06 10:43:27.848131
115145,115,2020-12-06,10,4.9,8.6,06:40,11.4,12:30,8,1.7,13.1,09:00,72,80,06:30,66,14:50,2025-05-06 10:43:28.088467,2025-05-06 10:43:28.088467
115164,115,2020-12-07,11.1,0.5,9.6,02:00,12.6,16:10,5,2.2,12.8,13:10,65,76,01:50,59,15:40,2025-05-06 10:43:28.360261,2025-05-06 10:43:28.360261
115183,115,2020-12-08,12,,9.6,03:40,14.5,15:20,7,3.1,15.3,05:20,55,,,,,2025-05-06 10:43:28.602325,2025-05-06 10:43:28.602325
115202,115,2020-12-09,,7.9,,,,,0,1.7,,,63,,,,,2025-05-06 10:43:28.860842,2025-05-06 10:43:28.860842
115221,115,2020-12-10,12.1,0.2,10.3,21:00,13.9,14:30,9,2.2,20,21:10,67,77,07:10,47,23:40,2025-05-06 10:43:29.103266,2025-05-06 10:43:29.103266
115240,115,2020-12-11,13.6,0,10.8,05:00,16.5,11:00,12,3.9,15,00:20,63,74,21:50,29,01:40,2025-05-06 10:43:29.371892,2025-05-06 10:43:29.371892
115259,115,2020-12-12,15.4,0,10.1,20:30,20.8,13:40,9,3.1,11.7,06:20,40,79,20:20,26,13:00,2025-05-06 10:43:29.639540,2025-05-06 10:43:29.639540
115278,115,2020-12-13,13.2,0,9.3,06:40,17.2,13:30,99,0.8,5.3,14:40,68,81,,50,13:20,2025-05-06 10:43:29.902477,2025-05-06 10:43:29.902477
115297,115,2020-12-14,14.3,0,9.6,03:40,19,15:10,9,0.8,7.2,09:40,57,75,01:10,42,15:40,2025-05-06 10:43:30.156676,2025-05-06 10:43:30.156676
115316,115,2020-12-15,13.8,0,11.2,03:50,16.4,16:00,5,2.2,8.9,11:20,64,78,03:40,52,15:10,2025-05-06 10:44:38.200219,2025-05-06 10:44:38.200219
115335,115,2020-12-16,14,4.4,9.6,05:30,18.4,14:40,36,2.5,12.8,18:20,53,79,21:00,35,14:40,2025-05-06 10:44:38.479904,2025-05-06 10:44:38.479904
115354,115,2020-12-17,12.1,0.2,9.7,19:40,14.5,14:40,3,2.5,16.7,21:00,63,78,,22,22:30,2025-05-06 10:44:38.716246,2025-05-06 10:44:38.716246
115373,115,2020-12-18,13.2,0,9.2,02:50,17.1,14:40,7,1.7,8.1,20:50,38,73,19:40,14,08:40,2025-05-06 10:44:38.970425,2025-05-06 10:44:38.970425
115392,115,2020-12-19,12.9,0,8.1,07:40,17.7,14:20,8,1.7,10.8,23:20,54,72,04:30,24,21:10,2025-05-06 10:44:39.230810,2025-05-06 10:44:39.230810
115411,115,2020-12-20,15.4,0,12.1,03:40,18.8,14:00,9,1.7,11.9,04:50,58,75,17:50,37,00:00,2025-05-06 10:44:39.490116,2025-05-06 10:44:39.490116
115430,115,2020-12-21,13,0,9.2,22:50,16.7,14:30,9,1.7,11.4,06:00,53,79,,27,07:00,2025-05-06 10:44:39.741188,2025-05-06 10:44:39.741188
115449,115,2020-12-22,15.6,0,11.3,00:10,19.8,13:10,18,1.4,11.1,12:10,29,46,18:40,25,13:00,2025-05-06 10:44:39.919576,2025-05-06 10:44:39.919576
115468,115,2020-12-23,14.4,0,11.9,19:20,17,11:00,19,3.1,14.2,20:50,36,42,12:30,32,11:00,2025-05-06 10:44:40.074305,2025-05-06 10:44:40.074305
115487,115,2020-12-24,13.7,0,11.1,08:00,16.3,15:30,13,1.7,14.4,01:50,41,46,,37,,2025-05-06 10:44:40.263371,2025-05-06 10:44:40.263371
115506,115,2020-12-25,15.6,0,12.3,00:20,18.8,15:00,22,2.8,12.8,,29,41,00:00,26,20:20,2025-05-06 10:44:40.472803,2025-05-06 10:44:40.472803
115525,115,2020-12-26,16.6,0,12.8,23:59,20.4,13:00,19,1.7,8.9,12:50,49,74,,33,00:00,2025-05-06 10:44:40.720305,2025-05-06 10:44:40.720305
115543,115,2020-12-27,14,0,9.8,19:40,18.3,14:30,12,1.4,5.8,20:40,48,75,00:20,25,04:50,2025-05-06 10:44:40.955625,2025-05-06 10:44:40.955625
115561,115,2020-12-28,16.2,0,13.4,19:40,19,12:00,8,2.2,8.9,08:20,29,50,19:00,22,07:00,2025-05-06 10:44:41.193594,2025-05-06 10:44:41.193594
115579,115,2020-12-29,13.4,0,9.7,22:00,17.1,15:30,20,1.7,5.6,15:20,44,78,19:40,27,07:00,2025-05-06 10:44:41.427845,2025-05-06 10:44:41.427845
115597,115,2020-12-30,13.6,0,9.3,23:40,18,14:30,99,1.1,6.7,,49,81,,32,00:00,2025-05-06 10:44:41.601939,2025-05-06 10:44:41.601939
115616,115,2020-12-31,12.5,0,8.6,23:50,16.4,13:40,6,1.9,11.4,19:20,50,72,19:50,31,10:00,2025-05-06 10:44:41.811768,2025-05-06 10:44:41.811768
115635,115,2021-01-01,10,0,8.6,,11.5,12:20,9,3.3,14.4,23:59,66,71,12:50,49,22:40,2025-05-06 10:44:42.066235,2025-05-06 10:44:42.066235
115654,115,2021-01-02,10.6,0,7.5,07:50,13.7,14:50,6,1.9,14.2,00:30,62,71,07:30,50,01:10,2025-05-06 10:44:42.306217,2025-05-06 10:44:42.306217
115673,115,2021-01-03,11.2,0,8.4,06:20,14,16:20,22,1.1,5,16:20,63,79,,57,14:50,2025-05-06 10:44:42.562097,2025-05-06 10:44:42.562097
115692,115,2021-01-04,13.7,0,8.9,02:10,18.5,11:40,28,1.7,14.2,19:30,52,79,00:00,42,11:30,2025-05-06 10:44:42.810710,2025-05-06 10:44:42.810710
115711,115,2021-01-05,14.4,2,12.2,08:40,16.6,12:40,32,1.7,6.7,02:10,63,81,,53,13:00,2025-05-06 10:44:43.039775,2025-05-06 10:44:43.039775
115730,115,2021-01-06,13.6,44.2,12.2,03:40,14.9,15:00,21,4.2,18.9,09:20,76,82,,59,,2025-05-06 10:44:43.273161,2025-05-06 10:44:43.273161
115749,115,2021-01-07,13.4,83.7,12.3,01:50,14.5,11:10,23,4.2,26.1,11:00,69,79,,65,18:00,2025-05-06 10:44:43.485162,2025-05-06 10:44:43.485162
115767,115,2021-01-08,10.2,24.9,7.6,19:30,12.7,00:10,31,2.5,13.9,03:30,73,80,02:40,58,23:30,2025-05-06 10:44:43.680966,2025-05-06 10:44:43.680966
115786,115,2021-01-09,7.6,15.2,6,05:20,9.1,12:50,28,1.9,12.8,10:20,59,71,05:10,53,13:20,2025-05-06 10:44:43.924207,2025-05-06 10:44:43.924207
115805,115,2021-01-10,8.6,17.1,6.6,00:40,10.5,15:20,29,3.6,18.6,14:40,62,78,04:50,53,15:20,2025-05-06 10:44:44.160138,2025-05-06 10:44:44.160138
115824,115,2021-01-11,7.8,14,6.5,06:30,9.2,12:30,24,1.4,11.1,05:40,63,79,02:00,53,10:00,2025-05-06 10:44:44.404854,2025-05-06 10:44:44.404854
115843,115,2021-01-12,8.1,5.4,6.4,05:00,9.8,17:30,3,1.4,10.6,13:50,67,78,07:00,51,15:00,2025-05-06 10:44:44.658663,2025-05-06 10:44:44.658663
115862,115,2021-01-13,9.4,0.5,8.2,20:00,10.5,15:50,9,2.5,11.7,07:30,59,69,08:40,52,16:10,2025-05-06 10:44:44.918888,2025-05-06 10:44:44.918888
115881,115,2021-01-14,8.8,0,7.5,23:00,10.2,12:40,4,2.5,12.2,18:10,60,70,14:50,53,12:40,2025-05-06 10:44:45.161632,2025-05-06 10:44:45.161632
115900,115,2021-01-15,9,0,7.1,03:30,10.9,16:20,9,2.2,14.2,22:50,64,71,00:30,57,14:30,2025-05-06 10:44:45.404224,2025-05-06 10:44:45.404224
115919,115,2021-01-16,11,0,7.4,00:20,14.7,13:20,9,4.7,17.5,05:30,48,68,00:00,30,23:40,2025-05-06 10:44:45.663362,2025-05-06 10:44:45.663362
115938,115,2021-01-17,12.6,0,8,02:50,17.1,11:40,9,0.8,6.7,05:50,36,68,18:30,13,07:00,2025-05-06 10:44:45.906183,2025-05-06 10:44:45.906183
115957,115,2021-01-18,14.6,0,11.4,19:30,17.9,11:50,14,1.7,5.8,03:30,,61,19:10,11,00:00,2025-05-06 10:44:46.161135,2025-05-06 10:44:46.161135
115976,115,2021-01-19,14.3,0,11,19:20,17.6,11:30,26,1.1,4.7,16:50,,68,18:30,14,,2025-05-06 10:44:46.408150,2025-05-06 10:44:46.408150
115995,115,2021-01-20,15.4,0,11,06:20,19.9,11:30,99,1.1,5,,,54,19:10,11,00:00,2025-05-06 10:44:46.640391,2025-05-06 10:44:46.640391
116014,115,2021-01-21,17.6,0,14.3,04:30,21,15:30,8,1.1,5.8,02:30,48,62,18:40,30,00:00,2025-05-06 10:44:46.875098,2025-05-06 10:44:46.875098
116033,115,2021-01-22,17.4,0,13.4,01:10,21.5,12:10,12,1.7,10,16:10,47,71,18:40,37,11:40,2025-05-06 10:44:47.110758,2025-05-06 10:44:47.110758
116052,115,2021-01-23,19.3,0,15.3,03:50,23.3,14:50,10,1.4,14.2,21:40,23,53,01:00,14,18:00,2025-05-06 10:44:47.347598,2025-05-06 10:44:47.347598
116071,115,2021-01-24,18.4,0,15.4,04:10,21.5,14:20,11,0.8,11.4,02:40,40,54,17:30,33,00:00,2025-05-06 10:44:47.604350,2025-05-06 10:44:47.604350
116090,115,2021-01-25,18.1,0,14.8,20:00,21.4,15:50,9,1.7,9.2,22:10,38,50,18:10,21,,2025-05-06 10:44:47.821920,2025-05-06 10:44:47.821920
116109,115,2021-01-26,19.6,0,15.7,06:50,23.6,15:30,11,1.9,12.5,13:30,29,53,18:30,17,00:00,2025-05-06 10:44:48.054775,2025-05-06 10:44:48.054775
116128,115,2021-01-27,22,0,19,03:30,24.9,15:40,9,1.9,6.4,00:10,20,38,20:20,14,00:00,2025-05-06 10:44:48.278590,2025-05-06 10:44:48.278590
116147,115,2021-01-28,21.5,0,18.7,20:00,24.3,14:20,12,2.2,5.8,20:40,20,30,19:00,17,07:00,2025-05-06 10:44:48.507198,2025-05-06 10:44:48.507198
116166,115,2021-01-29,21.4,0,17.9,08:30,24.9,15:20,26,1.9,7.2,13:40,22,30,18:40,19,07:00,2025-05-06 10:44:48.735641,2025-05-06 10:44:48.735641
116185,115,2021-01-30,20.3,0,16.7,08:20,23.9,16:00,7,1.7,13.9,21:40,19,31,15:40,18,07:00,2025-05-06 10:44:48.949606,2025-05-06 10:44:48.949606
116204,115,2021-01-31,17.7,0,15.1,03:20,20.3,15:40,8,7.2,18.1,22:10,27,53,03:20,20,07:20,2025-05-06 10:44:49.186346,2025-05-06 10:44:49.186346
116223,115,2021-02-01,18.6,0,15.6,00:50,21.7,16:40,10,4.7,22.2,06:00,32,47,00:00,22,23:40,2025-05-06 10:44:49.431898,2025-05-06 10:44:49.431898
116242,115,2021-02-02,20.1,0,15.9,19:30,24.3,14:20,8,1.4,12.2,01:10,33,73,19:20,18,00:00,2025-05-06 10:44:49.675454,2025-05-06 10:44:49.675454
116261,115,2021-02-03,16.2,0,10.2,22:20,22.2,11:10,99,1.7,8.3,,36,76,22:10,21,07:00,2025-05-06 10:44:49.903113,2025-05-06 10:44:49.903113
116280,115,2021-02-04,8.7,16.9,5.7,23:59,11.7,13:20,33,1.9,8.9,16:40,67,80,08:30,44,00:00,2025-05-06 10:44:50.127597,2025-05-06 10:44:50.127597
116299,115,2021-02-05,7,30.4,5,03:10,9,13:50,28,3.1,13.9,12:40,68,79,06:40,62,14:30,2025-05-06 10:44:50.361194,2025-05-06 10:44:50.361194
116318,115,2021-02-06,7.6,9.6,5.7,01:10,9.6,13:30,24,4.7,17.8,12:10,67,76,,61,,2025-05-06 10:44:50.561442,2025-05-06 10:44:50.561442
116337,115,2021-02-07,11.6,0,7.6,05:00,15.6,14:50,20,1.7,6.4,15:20,57,77,00:10,49,13:20,2025-05-06 10:44:50.713439,2025-05-06 10:44:50.713439
116355,115,2021-02-08,12,0,7.7,06:50,16.4,13:40,22,0.8,5,14:30,64,80,,49,10:40,2025-05-06 10:44:50.858584,2025-05-06 10:44:50.858584
116374,115,2021-02-09,12.3,0,6.5,00:50,18.1,13:30,22,0.8,5.3,16:20,48,80,00:00,17,04:10,2025-05-06 10:44:51.080879,2025-05-06 10:44:51.080879
116393,115,2021-02-10,13.6,0,8.1,23:20,19.2,10:20,26,1.1,5,13:50,54,94,,25,07:00,2025-05-06 10:44:51.275552,2025-05-06 10:44:51.275552
116412,115,2021-02-11,12.6,0,8.8,05:40,16.4,16:10,7,1.1,14.4,22:50,63,87,23:20,45,08:00,2025-05-06 10:44:51.551503,2025-05-06 10:44:51.551503
116431,115,2021-02-12,13.4,0,10.3,04:40,16.5,12:00,4,5.6,17.2,01:10,75,86,00:50,62,12:40,2025-05-06 10:44:51.741451,2025-05-06 10:44:51.741451
116450,115,2021-02-13,15.4,0,10.7,00:30,20.2,15:00,6,3.1,13.6,01:20,36,85,00:00,31,18:00,2025-05-06 10:44:51.971907,2025-05-06 10:44:51.971907
116469,115,2021-02-14,19,0,14.8,00:40,23.2,15:10,10,4.2,12.8,04:50,,36,15:00,25,,2025-05-06 10:44:52.180769,2025-05-06 10:44:52.180769
116488,115,2021-02-15,18,0,15.6,23:59,20.4,17:00,10,1.9,13.6,21:30,28,32,,22,00:00,2025-05-06 10:44:52.419080,2025-05-06 10:44:52.419080
116507,115,2021-02-16,15.2,0,11.4,07:40,19.1,14:50,6,1.9,18.3,23:20,30,37,,27,00:00,2025-05-06 10:44:52.665384,2025-05-06 10:44:52.665384
116526,115,2021-02-17,13.5,0,10,07:40,17,14:30,13,2.5,19.2,05:20,38,72,20:00,30,00:00,2025-05-06 10:44:52.921997,2025-05-06 10:44:52.921997
116545,115,2021-02-18,15,0,10.9,00:50,19.1,16:30,9,1.9,7.2,05:00,34,52,20:00,28,07:00,2025-05-06 10:44:53.169288,2025-05-06 10:44:53.169288
116564,115,2021-02-19,16.2,0,12.2,07:20,20.2,14:30,9,1.7,6.4,00:10,32,42,15:30,28,00:00,2025-05-06 10:44:53.415997,2025-05-06 10:44:53.415997
116583,115,2021-02-20,15.8,2.3,12.1,23:00,19.6,13:50,23,1.4,12.5,16:30,48,97,,29,02:10,2025-05-06 10:44:53.609940,2025-05-06 10:44:53.609940
116602,115,2021-02-21,12.6,0,8.9,07:50,16.3,15:30,29,2.2,8.6,03:00,72,94,,57,13:30,2025-05-06 10:44:53.826245,2025-05-06 10:44:53.826245
116621,115,2021-02-22,14,0,10.2,00:30,17.7,15:20,20,1.4,6.1,14:40,63,93,21:50,40,,2025-05-06 10:44:54.072051,2025-05-06 10:44:54.072051
116640,115,2021-02-23,14.3,0,10.4,21:10,18.2,14:50,23,1.7,5.8,15:00,56,93,19:50,29,,2025-05-06 10:44:54.326341,2025-05-06 10:44:54.326341
116659,115,2021-02-24,14.2,0,10.4,05:20,18.1,12:50,6,1.7,13.9,23:30,48,87,19:20,20,07:00,2025-05-06 10:44:54.571589,2025-05-06 10:44:54.571589
116678,115,2021-02-25,11.2,0,7.3,23:50,15,14:00,5,5,17.2,07:50,81,93,01:20,63,11:00,2025-05-06 10:44:54.809611,2025-05-06 10:44:54.809611
116697,115,2021-02-26,8.9,4.1,7.1,00:50,10.7,15:40,6,3.3,20,03:00,81,89,09:40,73,02:30,2025-05-06 10:44:55.059032,2025-05-06 10:44:55.059032
116716,115,2021-02-27,8,14,6.5,05:50,9.4,15:50,6,2.5,12.2,00:50,84,97,23:59,73,19:20,2025-05-06 10:44:55.305517,2025-05-06 10:44:55.305517
116735,115,2021-02-28,10.4,2.9,7.3,00:20,13.4,17:00,3,0.6,11.7,23:20,80,97,,59,17:40,2025-05-06 10:44:55.554448,2025-05-06 10:44:55.554448
116754,115,2021-03-01,12.2,1,8.7,08:20,15.7,15:40,5,1.9,11.1,04:00,68,89,08:10,54,15:10,2025-05-06 10:44:55.772885,2025-05-06 10:44:55.772885
116773,115,2021-03-02,13.4,0,8.9,06:00,17.8,15:10,6,3.3,14.4,04:00,71,85,01:50,47,23:59,2025-05-06 10:44:56.021746,2025-05-06 10:44:56.021746
116792,115,2021-03-03,12.2,0,7.2,22:00,17.1,14:00,5,0.8,11.4,00:40,59,94,21:00,25,06:10,2025-05-06 10:44:56.265396,2025-05-06 10:44:56.265396
116811,115,2021-03-04,15.4,0,10.8,23:59,19.9,15:00,5,2.5,10.6,18:20,34,90,23:59,20,07:00,2025-05-06 10:44:56.509977,2025-05-06 10:44:56.509977
116830,115,2021-03-05,13,5.6,9.5,20:40,16.4,14:50,30,2.2,13.6,20:40,85,95,,64,14:40,2025-05-06 10:44:56.748819,2025-05-06 10:44:56.748819
116849,115,2021-03-06,9.6,7.9,8.4,05:10,10.9,13:50,23,2.2,12.2,10:40,80,96,01:10,77,04:30,2025-05-06 10:44:56.953452,2025-05-06 10:44:56.953452
116868,115,2021-03-07,10.4,2,8.8,07:50,12,14:50,2,3.1,14.2,05:40,73,92,,68,13:40,2025-05-06 10:44:57.207114,2025-05-06 10:44:57.207114
116887,115,2021-03-08,12.8,9.9,8.7,01:20,16.8,15:50,11,2.2,12.2,02:30,81,97,,62,15:50,2025-05-06 10:44:57.465218,2025-05-06 10:44:57.465218
116906,115,2021-03-09,9,0.4,7.7,20:50,10.3,00:10,4,7.2,21.1,05:20,77,95,,65,22:50,2025-05-06 10:44:57.725215,2025-05-06 10:44:57.725215
116925,115,2021-03-10,10.8,0,7.3,05:30,14.2,15:00,4,3.3,17.5,07:40,73,90,01:20,51,15:00,2025-05-06 10:44:57.965839,2025-05-06 10:44:57.965839
116944,115,2021-03-11,13.6,0,8.1,,19,12:50,10,4.4,20.6,05:50,46,92,20:50,19,07:00,2025-05-06 10:44:58.223390,2025-05-06 10:44:58.223390
116963,115,2021-03-12,16.8,0,12.4,05:20,21.1,15:50,6,2.5,9.4,00:10,37,48,17:40,24,,2025-05-06 10:44:58.465843,2025-05-06 10:44:58.465843
116982,115,2021-03-13,14.6,0,10.2,09:00,19.1,12:20,30,0.8,5.3,21:00,41,94,23:59,20,07:00,2025-05-06 10:44:58.725799,2025-05-06 10:44:58.725799
117001,115,2021-03-14,16,0,10.1,21:00,21.8,10:50,7,1.1,5.8,01:10,50,95,00:20,17,07:00,2025-05-06 10:44:58.966973,2025-05-06 10:44:58.966973
117020,115,2021-03-15,14.2,0,8.7,02:50,19.8,09:20,27,0.8,5.3,15:30,62,94,21:30,26,00:00,2025-05-06 10:44:59.224618,2025-05-06 10:44:59.224618
117039,115,2021-03-16,16.4,0,11.5,00:40,21.4,10:10,7,2.2,8.6,07:30,44,77,19:50,22,07:00,2025-05-06 10:44:59.475217,2025-05-06 10:44:59.475217
117058,115,2021-03-17,14.6,0,9.4,23:50,19.8,14:40,27,2.2,5.8,15:10,50,82,20:10,26,00:00,2025-05-06 10:44:59.721792,2025-05-06 10:44:59.721792
117077,115,2021-03-18,15.8,0,10.6,00:30,20.9,15:30,24,4.2,10.8,21:10,29,66,22:00,25,07:00,2025-05-06 10:44:59.959124,2025-05-06 10:44:59.959124
117096,115,2021-03-19,13.6,0,8.5,23:59,18.7,15:50,7,3.1,12.2,06:50,55,78,08:10,47,18:10,2025-05-06 10:45:00.221887,2025-05-06 10:45:00.221887
117115,115,2021-03-20,12.1,0,7,06:30,17.2,15:20,6,1.9,10.3,00:20,60,86,21:30,50,00:20,2025-05-06 10:45:00.472178,2025-05-06 10:45:00.472178
117134,115,2021-03-21,12.6,0,7.6,21:10,17.7,15:00,5,3.1,12.2,01:10,74,94,01:30,52,13:30,2025-05-06 10:45:00.692205,2025-05-06 10:45:00.692205
117153,115,2021-03-22,11,0,7.1,05:10,14.9,15:40,6,2.8,15,05:10,71,89,19:40,63,14:20,2025-05-06 10:45:00.933617,2025-05-06 10:45:00.933617
117172,115,2021-03-23,13.5,0,8,00:10,19,23:10,14,1.7,7.5,23:10,58,76,19:20,32,,2025-05-06 10:45:01.165720,2025-05-06 10:45:01.165720
117191,115,2021-03-24,20.4,0,16.7,00:20,24,16:00,22,3.1,16.4,14:20,25,34,00:10,24,13:00,2025-05-06 10:45:01.324806,2025-05-06 10:45:01.324806
117210,115,2021-03-25,20.6,0,18,06:10,23.3,15:30,12,4.7,13.9,23:20,22,28,00:20,21,18:00,2025-05-06 10:45:01.493964,2025-05-06 10:45:01.493964
117229,115,2021-03-26,16.1,0,11,22:20,21.2,00:20,20,4.7,16.9,08:20,38,83,21:40,23,00:00,2025-05-06 10:45:01.705690,2025-05-06 10:45:01.705690
117248,115,2021-03-27,13.6,0,10,02:30,17.1,15:10,18,2.2,12.5,15:20,77,90,06:50,62,15:20,2025-05-06 10:45:01.918843,2025-05-06 10:45:01.918843
117267,115,2021-03-28,14.4,0.1,10.4,02:20,18.4,16:20,23,1.9,8.6,14:50,67,88,23:40,54,14:50,2025-05-06 10:45:02.174295,2025-05-06 10:45:02.174295
117286,115,2021-03-29,13.9,0,10.1,07:20,17.7,16:10,20,1.9,7.2,18:20,78,97,06:30,62,11:10,2025-05-06 10:45:02.413279,2025-05-06 10:45:02.413279
117305,115,2021-03-30,14.6,0,9.5,03:20,19.7,13:10,28,1.7,6.4,14:10,64,94,,51,09:30,2025-05-06 10:45:02.653576,2025-05-06 10:45:02.653576
117324,115,2021-03-31,13.4,0,9.1,05:40,17.6,12:50,24,1.1,11.4,14:50,67,93,16:50,29,08:30,2025-05-06 10:45:02.906091,2025-05-06 10:45:02.906091
117343,115,2021-04-01,14.4,0,10,07:00,18.7,13:00,24,1.4,6.1,13:20,66,89,16:50,40,,2025-05-06 10:45:03.138459,2025-05-06 10:45:03.138459
117362,115,2021-04-02,16.6,0,9.9,22:10,23.2,12:00,6,1.9,7.2,02:20,53,94,,31,02:30,2025-05-06 10:45:03.392043,2025-05-06 10:45:03.392043
117381,115,2021-04-03,15.3,0,10,23:50,20.6,16:10,6,1.7,7.2,01:20,54,93,23:40,25,01:30,2025-05-06 10:45:03.639375,2025-05-06 10:45:03.639375
117400,115,2021-04-04,13.6,0,8,06:20,19.1,14:40,22,1.7,6.4,14:00,66,93,,51,13:00,2025-05-06 10:45:03.891982,2025-05-06 10:45:03.891982
117419,115,2021-04-05,12,0,7.6,07:50,16.4,11:30,26,1.4,5.8,15:10,78,93,04:10,60,11:30,2025-05-06 10:45:04.137319,2025-05-06 10:45:04.137319
117438,115,2021-04-06,14,0,8.8,03:00,19.3,14:50,28,1.7,13.9,13:10,59,88,00:00,54,09:30,2025-05-06 10:45:04.390825,2025-05-06 10:45:04.390825
117457,115,2021-04-07,15.6,0,11.9,02:00,19.3,13:00,27,1.9,6.7,15:20,67,88,21:30,61,11:30,2025-05-06 10:45:04.638470,2025-05-06 10:45:04.638470
117476,115,2021-04-08,16.5,0,11.9,05:00,21.1,16:30,24,2.5,7.5,17:50,66,87,,54,18:00,2025-05-06 10:45:04.888071,2025-05-06 10:45:04.888071
117495,115,2021-04-09,15.9,0,12,04:00,19.8,14:00,28,1.9,6.7,15:00,61,87,00:00,52,13:00,2025-05-06 10:45:05.138651,2025-05-06 10:45:05.138651
117514,115,2021-04-10,16.9,0,12.4,03:00,21.4,13:30,21,2.5,11.7,14:40,39,71,01:00,33,07:00,2025-05-06 10:45:05.377861,2025-05-06 10:45:05.377861
117533,115,2021-04-11,17.6,0,13.6,02:40,21.6,16:10,9,3.1,9.7,05:00,55,67,13:50,47,11:00,2025-05-06 10:45:05.571518,2025-05-06 10:45:05.571518
117552,115,2021-04-12,18.4,0,14.7,03:00,22,15:40,4,3.1,10.3,17:20,57,75,23:59,51,18:00,2025-05-06 10:45:05.751420,2025-05-06 10:45:05.751420
117571,115,2021-04-13,18.4,0,14.3,23:59,22.4,12:30,30,3.6,8.9,17:30,48,75,00:00,40,09:40,2025-05-06 10:45:05.926307,2025-05-06 10:45:05.926307
117590,115,2021-04-14,16.8,0,12.8,23:59,20.8,12:30,33,1.9,10,21:00,67,92,19:50,57,12:00,2025-05-06 10:45:06.133149,2025-05-06 10:45:06.133149
117609,115,2021-04-15,15,0.2,11.6,04:50,18.4,13:50,34,2.5,10.3,02:20,73,88,02:10,62,13:50,2025-05-06 10:45:06.355158,2025-05-06 10:45:06.355158
117628,115,2021-04-16,13,2.3,11,05:40,14.9,13:00,10,3.3,11.7,21:10,79,92,05:30,70,13:00,2025-05-06 10:45:06.500931,2025-05-06 10:45:06.500931
117647,115,2021-04-17,16.6,0,11,06:30,22.1,14:30,6,3.6,10.8,12:50,67,91,00:50,43,14:30,2025-05-06 10:45:06.706254,2025-05-06 10:45:06.706254
117666,115,2021-04-18,15.8,0,9.9,07:10,21.7,17:30,7,1.7,7.5,18:30,61,77,,30,23:59,2025-05-06 10:45:06.944186,2025-05-06 10:45:06.944186
117685,115,2021-04-19,19.6,0,16.3,01:30,23,14:20,10,2.5,10.8,23:50,,37,23:59,15,,2025-05-06 10:45:07.168101,2025-05-06 10:45:07.168101
117704,115,2021-04-20,19.8,0,15,22:00,24.7,14:10,5,5,15.6,03:40,38,47,12:50,31,17:20,2025-05-06 10:45:07.408451,2025-05-06 10:45:07.408451
117723,115,2021-04-21,17.4,0,10.9,04:50,23.8,13:10,4,1.4,9.2,14:40,53,78,20:20,29,06:10,2025-05-06 10:45:07.657163,2025-05-06 10:45:07.657163
117742,115,2021-04-22,18.2,0,15.1,04:00,21.4,16:10,8,1.4,6.4,01:00,55,84,20:30,35,00:50,2025-05-06 10:45:07.856899,2025-05-06 10:45:07.856899
117761,115,2021-04-23,17.9,0,13.1,23:59,22.7,14:30,24,1.9,7.8,13:40,67,95,23:59,54,02:50,2025-05-06 10:45:08.073424,2025-05-06 10:45:08.073424
117780,115,2021-04-24,15.7,0,11.6,05:10,19.8,15:20,22,1.7,10,14:10,70,95,,51,14:20,2025-05-06 10:45:08.309714,2025-05-06 10:45:08.309714
117799,115,2021-04-25,14,0,10.4,06:40,17.7,13:40,20,2.2,6.7,13:30,75,86,21:40,49,09:40,2025-05-06 10:45:08.534712,2025-05-06 10:45:08.534712
117818,115,2021-04-26,15.2,0,10.2,06:20,20.3,12:10,99,1.9,7.2,,73,90,21:40,56,12:00,2025-05-06 10:45:08.785197,2025-05-06 10:45:08.785197
117837,115,2021-04-27,14.4,0,11,06:20,17.9,12:40,22,1.9,7.5,12:30,76,89,,62,10:50,2025-05-06 10:45:09.021338,2025-05-06 10:45:09.021338
117856,115,2021-04-28,15.2,0,11.7,03:50,18.6,11:00,29,1.9,6.7,14:10,75,92,,57,11:00,2025-05-06 10:45:09.276255,2025-05-06 10:45:09.276255
117875,115,2021-04-29,14.6,0.7,11.3,02:20,17.9,12:00,27,2.5,7.8,14:50,78,95,,64,10:20,2025-05-06 10:45:09.527602,2025-05-06 10:45:09.527602
117894,115,2021-04-30,12.1,1.8,9.8,22:20,14.4,13:30,32,1.7,11.9,11:40,84,98,,67,15:40,2025-05-06 10:45:09.773253,2025-05-06 10:45:09.773253
117913,115,2021-05-01,11.8,0,9.1,04:10,14.4,13:00,4,2.8,13.9,15:10,70,86,07:30,57,13:00,2025-05-06 10:45:10.011343,2025-05-06 10:45:10.011343
117932,115,2021-05-02,11.7,0,9.5,23:10,13.9,15:50,99,3.3,9.4,,68,88,04:50,56,22:10,2025-05-06 10:45:10.260768,2025-05-06 10:45:10.260768
117951,115,2021-05-03,12,1.1,9.4,02:50,14.6,14:40,2,3.9,14.7,01:00,75,88,19:40,63,14:40,2025-05-06 10:45:10.508634,2025-05-06 10:45:10.508634
117970,115,2021-05-04,11.4,0,9.5,05:50,13.3,16:00,99,2.5,12.2,,75,91,00:40,69,16:00,2025-05-06 10:45:10.768153,2025-05-06 10:45:10.768153
117989,115,2021-05-05,13,0,9.5,05:00,16.4,18:20,5,3.1,14.4,14:20,70,88,08:50,48,19:10,2025-05-06 10:45:11.006539,2025-05-06 10:45:11.006539
118008,115,2021-05-06,15.8,0,10.9,04:40,20.8,14:50,26,1.9,6.4,15:30,58,85,21:30,34,02:50,2025-05-06 10:45:11.254477,2025-05-06 10:45:11.254477
118027,115,2021-05-07,17.1,0,12.2,23:50,22,13:50,23,2.2,6.1,14:00,51,93,21:40,30,07:00,2025-05-06 10:45:11.507215,2025-05-06 10:45:11.507215
118046,115,2021-05-08,14.7,0,9.7,06:30,19.7,13:50,22,2.2,9.2,14:40,64,94,,48,,2025-05-06 10:45:11.765783,2025-05-06 10:45:11.765783
118064,115,2021-05-09,17.1,0,10.5,00:50,23.7,15:40,20,3.6,8.9,17:20,52,93,23:40,49,07:00,2025-05-06 10:45:11.928003,2025-05-06 10:45:11.928003
118083,115,2021-05-10,16.6,0,12.3,22:00,20.8,17:20,7,1.9,13.3,21:50,62,94,,48,18:00,2025-05-06 10:45:12.086220,2025-05-06 10:45:12.086220
118102,115,2021-05-11,17.4,0,11.1,06:30,23.6,13:50,8,3.1,12.5,05:40,41,69,01:00,20,23:30,2025-05-06 10:45:12.280528,2025-05-06 10:45:12.280528
118121,115,2021-05-12,20.4,0,16,04:00,24.8,11:20,9,5,15.8,23:59,,32,23:30,15,,2025-05-06 10:45:12.517177,2025-05-06 10:45:12.517177
118140,115,2021-05-13,16.8,0,12.8,21:20,20.8,17:00,5,3.9,14.7,00:10,,67,11:20,27,,2025-05-06 10:45:12.751782,2025-05-06 10:45:12.751782
118159,115,2021-05-14,15,0,12.2,23:20,17.8,14:00,5,6.4,18.3,03:10,65,89,,27,00:00,2025-05-06 10:45:13.003259,2025-05-06 10:45:13.003259
118178,115,2021-05-15,17.6,0,12.7,00:30,22.4,13:40,7,5,21.7,03:40,,82,00:20,32,,2025-05-06 10:45:13.244938,2025-05-06 10:45:13.244938
118197,115,2021-05-16,20.4,0,15.8,03:00,25,14:00,9,6.1,16.9,21:10,29,57,02:50,25,13:00,2025-05-06 10:45:13.492277,2025-05-06 10:45:13.492277
118215,115,2021-05-17,22.1,0,18.3,02:20,25.9,17:00,7,9.4,19.7,03:10,24,40,,18,18:00,2025-05-06 10:45:13.705895,2025-05-06 10:45:13.705895
118233,115,2021-05-18,21.5,0,17.5,23:00,25.5,15:20,6,9.4,18.3,17:20,19,46,23:40,14,07:00,2025-05-06 10:45:13.935021,2025-05-06 10:45:13.935021
118251,115,2021-05-19,18.8,0,15.5,19:20,22,23:20,7,6.7,22.8,00:10,34,78,19:20,29,07:00,2025-05-06 10:45:14.145675,2025-05-06 10:45:14.145675
118269,115,2021-05-20,25.4,0,19.9,00:40,31,12:00,8,2.5,14.2,01:00,31,56,00:00,27,10:00,2025-05-06 10:45:14.361355,2025-05-06 10:45:14.361355
118287,115,2021-05-21,24.8,0,20.5,23:59,29.1,14:40,6,6.9,16.9,23:59,29,39,00:30,25,13:00,2025-05-06 10:45:14.579518,2025-05-06 10:45:14.579518
118356,115,2021-05-25,16.6,0,11.3,,21.9,14:50,4,3.1,18.6,03:00,65,92,06:00,45,17:50,2025-05-06 10:45:15.443437,2025-05-06 10:45:15.443437
118375,115,2021-05-26,15.2,0,8.8,05:50,21.5,14:50,28,1.9,7.5,15:10,71,93,,53,10:50,2025-05-06 10:45:15.688561,2025-05-06 10:45:15.688561
118394,115,2021-05-27,15.8,0,9.8,03:40,21.9,14:30,31,1.7,7.2,13:20,72,91,,62,11:20,2025-05-06 10:45:15.938243,2025-05-06 10:45:15.938243
118413,115,2021-05-28,16.4,0,10.1,06:20,22.6,14:50,28,1.9,6.1,13:00,68,93,23:50,59,,2025-05-06 10:45:16.168551,2025-05-06 10:45:16.168551
118432,115,2021-05-29,17.6,0,11.2,00:10,23.9,14:30,99,1.7,6.1,,47,93,00:00,25,07:00,2025-05-06 10:45:16.415359,2025-05-06 10:45:16.415359
118450,115,2021-05-30,19.4,0,12.4,05:30,26.5,15:20,8,1.9,7.5,15:00,55,92,,30,01:40,2025-05-06 10:45:16.614964,2025-05-06 10:45:16.614964
118468,115,2021-05-31,17.8,0,11.9,06:50,23.7,14:20,27,1.7,5.8,16:50,68,94,22:50,45,08:10,2025-05-06 10:45:16.783917,2025-05-06 10:45:16.783917
118487,115,2021-06-01,16.8,0,10.4,06:10,23.3,14:50,3,1.9,10.8,22:20,55,84,20:30,36,03:40,2025-05-06 10:45:16.936016,2025-05-06 10:45:16.936016
118506,115,2021-06-02,16.2,0,11.1,04:50,21.4,15:10,11,1.9,10.6,23:10,66,88,04:10,59,,2025-05-06 10:45:17.085269,2025-05-06 10:45:17.085269
118525,115,2021-06-03,14.4,0,11.6,05:00,17.1,13:30,4,3.6,13.6,05:40,78,93,16:50,70,13:00,2025-05-06 10:45:17.229854,2025-05-06 10:45:17.229854
118544,115,2021-06-04,13,0,10.4,23:59,15.5,17:00,9,7.5,16.4,23:50,83,92,07:30,64,17:00,2025-05-06 10:45:17.392387,2025-05-06 10:45:17.392387
118563,115,2021-06-05,16,0,9.8,03:30,22.3,15:40,8,2.2,19.7,01:00,56,89,05:10,26,21:30,2025-05-06 10:45:17.556229,2025-05-06 10:45:17.556229
118582,115,2021-06-06,17.4,0,11.4,01:50,23.3,14:10,6,1.9,7.2,02:50,45,77,,26,07:00,2025-05-06 10:45:17.698167,2025-05-06 10:45:17.698167
118601,115,2021-06-07,21.8,0,15.9,01:50,27.8,11:20,33,1.4,8.1,19:10,37,75,20:10,27,11:10,2025-05-06 10:45:17.870747,2025-05-06 10:45:17.870747
118620,115,2021-06-08,26.2,0,21.2,02:10,31.1,16:30,2,1.7,8.6,19:30,37,47,02:00,33,18:00,2025-05-06 10:45:18.060391,2025-05-06 10:45:18.060391
118639,115,2021-06-09,28,0,23,05:00,32.9,15:10,4,5.3,18.1,08:40,32,38,,31,07:00,2025-05-06 10:45:18.253775,2025-05-06 10:45:18.253775
118658,115,2021-06-10,30.8,0,26,04:00,35.5,13:20,8,2.8,13.6,03:50,34,42,18:30,30,13:00,2025-05-06 10:45:18.422613,2025-05-06 10:45:18.422613
118677,115,2021-06-11,28.9,0,23.5,23:59,34.3,15:30,6,3.1,12.8,01:40,33,40,,30,,2025-05-06 10:45:18.622915,2025-05-06 10:45:18.622915
118696,115,2021-06-12,25.2,0,20,04:10,30.3,16:30,5,3.9,14.7,04:10,30,47,20:00,27,00:00,2025-05-06 10:45:18.834779,2025-05-06 10:45:18.834779
118715,115,2021-06-13,23.6,0,19.2,23:59,28,14:20,25,1.7,10,14:40,41,76,20:30,29,00:00,2025-05-06 10:46:21.534457,2025-05-06 10:46:21.534457
118734,115,2021-06-14,20.4,0,14.7,23:50,26.1,15:50,99,1.4,5.8,13:50,53,93,23:10,34,07:00,2025-05-06 10:46:21.789434,2025-05-06 10:46:21.789434
118753,115,2021-06-15,19.4,0,14.7,23:59,24.2,00:10,28,1.9,6.9,15:40,52,76,,36,00:20,2025-05-06 10:46:22.037796,2025-05-06 10:46:22.037796
118772,115,2021-06-16,18.8,0,13.8,01:30,23.8,15:20,8,1.7,8.6,16:30,64,91,05:20,46,15:30,2025-05-06 10:46:22.265487,2025-05-06 10:46:22.265487
118791,115,2021-06-17,18.4,0.1,12.9,05:20,23.8,14:00,3,2.5,10.6,21:50,70,93,23:00,56,14:00,2025-05-06 10:46:22.519946,2025-05-06 10:46:22.519946
118810,115,2021-06-18,17.3,0,12,23:59,22.6,15:40,3,3.9,12.8,07:10,61,94,01:10,38,16:20,2025-05-06 10:46:22.755487,2025-05-06 10:46:22.755487
118829,115,2021-06-19,13.2,0,10.3,07:00,16.1,14:00,4,3.1,13.9,15:20,71,93,05:30,56,13:00,2025-05-06 10:46:23.009126,2025-05-06 10:46:23.009126
118848,115,2021-06-20,17.4,0,11.3,00:30,23.6,15:30,99,1.9,10.8,,64,93,22:20,46,12:10,2025-05-06 10:46:23.260046,2025-05-06 10:46:23.260046
118867,115,2021-06-21,17.6,0,12.3,04:50,22.9,16:40,29,1.9,6.7,12:30,74,95,03:40,62,09:50,2025-05-06 10:46:23.501022,2025-05-06 10:46:23.501022
118886,115,2021-06-22,17,0,11.9,06:50,22.2,13:30,5,2.8,11.4,15:50,68,82,07:00,52,20:10,2025-05-06 10:46:23.750972,2025-05-06 10:46:23.750972
118905,115,2021-06-23,16,0,11.9,02:40,20.1,16:50,7,5.8,20.6,13:30,74,87,02:30,60,16:40,2025-05-06 10:46:24.006907,2025-05-06 10:46:24.006907
118924,115,2021-06-24,16,0,10.9,05:30,21.2,14:30,28,2.5,11.4,14:40,69,91,05:20,62,12:10,2025-05-06 10:46:24.256625,2025-05-06 10:46:24.256625
118943,115,2021-06-25,17.8,0,10.7,03:10,24.9,18:50,21,1.4,5.3,15:30,60,92,,26,05:30,2025-05-06 10:46:24.508340,2025-05-06 10:46:24.508340
118962,115,2021-06-26,23,0,18.4,02:20,27.6,11:00,26,0.8,4.4,14:20,37,61,20:10,19,07:00,2025-05-06 10:46:24.758063,2025-05-06 10:46:24.758063
118981,115,2021-06-27,25,0,20.2,03:30,29.8,15:30,22,1.1,5,14:40,36,62,20:20,27,,2025-05-06 10:46:25.019731,2025-05-06 10:46:25.019731
119000,115,2021-06-28,24.4,0,20.2,22:00,28.7,14:00,9,2.2,15,22:20,21,36,,19,13:00,2025-05-06 10:46:25.249922,2025-05-06 10:46:25.249922
119019,115,2021-06-29,21.2,0,18,06:00,24.4,16:00,5,3.9,16.4,17:10,46,57,04:00,33,00:00,2025-05-06 10:46:25.504526,2025-05-06 10:46:25.504526
119038,115,2021-06-30,22.2,0,18.9,05:40,25.6,15:20,3,4.2,13.3,01:10,45,52,06:30,36,01:00,2025-05-06 10:46:25.748443,2025-05-06 10:46:25.748443
119057,115,2021-07-01,22.5,0,18.6,06:20,26.4,14:30,99,1.1,6.1,,45,59,20:10,35,09:10,2025-05-06 10:46:26.013460,2025-05-06 10:46:26.013460
119076,115,2021-07-02,27.2,0,23.3,02:40,31.1,14:10,25,1.7,5.3,15:00,33,56,21:20,26,07:00,2025-05-06 10:46:26.233056,2025-05-06 10:46:26.233056
119095,115,2021-07-03,29.6,0,25.7,,33.4,13:50,8,1.7,11.7,22:50,31,47,17:50,21,,2025-05-06 10:46:26.490316,2025-05-06 10:46:26.490316
119114,115,2021-07-04,27,0,24.7,23:40,29.4,17:00,4,5.8,16.1,04:10,34,47,13:10,18,00:00,2025-05-06 10:46:26.737527,2025-05-06 10:46:26.737527
119133,115,2021-07-05,27.8,0,24.7,00:10,31,11:10,5,2.8,11.4,07:20,41,58,19:40,26,07:40,2025-05-06 10:46:26.928442,2025-05-06 10:46:26.928442
119152,115,2021-07-06,27.2,0,24.1,02:10,30.2,12:30,6,1.1,11.1,23:10,43,63,19:40,31,22:20,2025-05-06 10:46:27.085581,2025-05-06 10:46:27.085581
119171,115,2021-07-07,26.7,0,23.4,23:59,30,13:30,6,4.7,14.4,05:50,34,51,23:59,29,00:00,2025-05-06 10:46:27.268540,2025-05-06 10:46:27.268540
119190,115,2021-07-08,19.4,0,13.9,23:59,24.8,14:50,4,4.4,16.7,13:30,36,84,23:59,29,13:00,2025-05-06 10:46:27.516433,2025-05-06 10:46:27.516433
119209,115,2021-07-09,18.1,0,12.6,04:40,23.6,15:30,6,1.7,9.7,01:00,68,91,07:10,57,12:50,2025-05-06 10:46:27.737574,2025-05-06 10:46:27.737574
119227,115,2021-07-10,20.8,0,14.5,01:00,27.2,14:50,24,1.1,5.6,12:50,66,93,22:00,35,23:50,2025-05-06 10:46:27.953758,2025-05-06 10:46:27.953758
119246,115,2021-07-11,28.8,0,25.4,00:10,32.3,15:40,22,3.6,16.4,11:40,34,44,23:59,21,07:00,2025-05-06 10:46:28.201695,2025-05-06 10:46:28.201695
119265,115,2021-07-12,32.1,0,28.4,03:20,35.8,15:10,7,3.3,13.6,05:20,37,47,,35,18:00,2025-05-06 10:46:28.459804,2025-05-06 10:46:28.459804
119284,115,2021-07-13,30.2,0,28.1,23:59,32.4,15:10,10,4.7,13.6,,35,43,,25,,2025-05-06 10:46:28.708425,2025-05-06 10:46:28.708425
119303,115,2021-07-14,28.8,0,25.7,23:10,32,13:20,5,5.3,18.3,18:00,29,36,18:40,23,00:00,2025-05-06 10:46:28.976409,2025-05-06 10:46:28.976409
119321,115,2021-07-15,29.3,0,25.6,00:40,33,14:10,5,6.1,15,09:50,20,36,01:50,13,07:00,2025-05-06 10:46:29.204838,2025-05-06 10:46:29.204838
119339,115,2021-07-16,31.4,0,29.1,03:20,33.6,14:40,9,5.8,13.9,13:50,21,26,,21,13:00,2025-05-06 10:46:29.373506,2025-05-06 10:46:29.373506
119357,115,2021-07-17,32.6,0,29.4,01:40,35.8,16:50,8,6.7,16.9,08:40,20,24,,19,13:00,2025-05-06 10:46:29.539215,2025-05-06 10:46:29.539215
119375,115,2021-07-18,32,0,29,04:10,35.1,14:30,9,7.5,16.9,04:50,19,24,,18,00:00,2025-05-06 10:46:29.701085,2025-05-06 10:46:29.701085
119393,115,2021-07-19,31.8,0,27.7,21:40,36,16:10,10,4.4,16.9,04:00,22,34,21:20,21,00:00,2025-05-06 10:46:29.886805,2025-05-06 10:46:29.886805
119411,115,2021-07-20,29,0,23.3,22:50,34.7,14:40,25,1.9,8.6,14:20,25,55,21:20,23,07:00,2025-05-06 10:46:30.084285,2025-05-06 10:46:30.084285
119430,115,2021-07-21,25.5,0,21.2,07:20,29.8,15:30,5,1.7,11.7,22:20,26,37,18:10,21,07:00,2025-05-06 10:46:30.301377,2025-05-06 10:46:30.301377
119449,115,2021-07-22,24.4,0,21.3,23:50,27.6,11:10,7,4.4,18.6,16:40,24,31,,22,00:00,2025-05-06 10:46:30.507293,2025-05-06 10:46:30.507293
119468,115,2021-07-23,25.8,0,21.5,00:10,30.1,13:50,5,4.7,19.7,23:59,25,31,,24,13:00,2025-05-06 10:46:30.705493,2025-05-06 10:46:30.705493
119487,115,2021-07-24,25.7,0,21,08:50,30.4,15:20,99,3.1,19.7,00:20,43,60,19:20,28,03:30,2025-05-06 10:46:30.940521,2025-05-06 10:46:30.940521
119506,115,2021-07-25,29,0,25,23:50,33.1,16:20,6,1.4,11.9,03:20,34,45,16:50,26,07:00,2025-05-06 10:46:31.201749,2025-05-06 10:46:31.201749
119525,115,2021-07-26,24.5,0,18.8,23:59,30.2,11:00,1,3.1,12.8,15:50,41,64,23:59,36,01:30,2025-05-06 10:46:31.438709,2025-05-06 10:46:31.438709
119544,115,2021-07-27,21.7,0,14.6,06:40,28.8,16:20,1,1.7,8.9,10:30,51,82,06:30,35,15:50,2025-05-06 10:46:31.692773,2025-05-06 10:46:31.692773
119563,115,2021-07-28,,,,,,,0,3.1,,,46,,,,,2025-05-06 10:46:31.943959,2025-05-06 10:46:31.943959
119582,115,2021-07-29,23.8,0,18.7,03:00,28.9,16:10,22,0.8,4.7,14:20,46,68,22:20,31,06:40,2025-05-06 10:46:32.187873,2025-05-06 10:46:32.187873
119601,115,2021-07-30,25.6,0,21.3,00:30,30,13:30,6,0.8,16.9,22:40,39,65,00:00,24,,2025-05-06 10:46:32.438806,2025-05-06 10:46:32.438806
119620,115,2021-07-31,28.2,0.2,24.5,23:50,31.9,11:20,5,5.8,16.9,01:10,22,26,00:30,20,10:40,2025-05-06 10:46:32.672532,2025-05-06 10:46:32.672532
119639,115,2021-08-01,23.8,0,19.9,23:10,27.7,09:50,6,7.5,21.1,02:30,24,37,23:10,21,07:00,2025-05-06 10:46:32.908779,2025-05-06 10:46:32.908779
119658,115,2021-08-02,21.2,0,17.7,21:30,24.7,16:00,5,5.3,18.6,04:00,37,60,21:30,25,07:00,2025-05-06 10:46:33.137567,2025-05-06 10:46:33.137567
119677,115,2021-08-03,21.6,0,15.6,23:59,27.6,16:20,7,1.9,10.6,05:00,48,70,08:50,38,16:10,2025-05-06 10:46:33.363030,2025-05-06 10:46:33.363030
119696,115,2021-08-04,19.8,0,14.1,07:50,25.5,15:10,5,2.8,15.3,18:40,47,69,,26,20:20,2025-05-06 10:46:33.619790,2025-05-06 10:46:33.619790
119715,115,2021-08-05,24,0,20.2,00:20,27.9,15:50,10,4.4,16.1,05:30,39,53,,28,02:40,2025-05-06 10:46:33.865885,2025-05-06 10:46:33.865885
119734,115,2021-08-06,23.9,0,18.9,23:40,28.9,12:50,4,1.9,7.5,22:30,46,63,03:00,36,11:40,2025-05-06 10:46:34.087319,2025-05-06 10:46:34.087319
119753,115,2021-08-07,23.4,0,18.9,00:30,27.8,15:30,99,3.1,9.4,02:40,48,62,22:20,34,02:00,2025-05-06 10:46:34.328554,2025-05-06 10:46:34.328554
119772,115,2021-08-08,21.3,0,16.4,06:50,26.2,16:50,8,2.5,12.8,21:20,62,85,07:40,33,02:30,2025-05-06 10:46:34.578230,2025-05-06 10:46:34.578230
119791,115,2021-08-09,18.8,0,13.5,22:50,24.2,15:00,5,3.1,12.5,20:30,57,79,23:40,47,15:00,2025-05-06 10:46:34.841521,2025-05-06 10:46:34.841521
119810,115,2021-08-10,19.2,0,12.7,06:30,25.8,15:20,6,2.2,9.7,00:40,56,79,00:20,40,19:40,2025-05-06 10:46:35.040305,2025-05-06 10:46:35.040305
119829,115,2021-08-11,19.4,0,14.2,07:30,24.6,15:50,6,1.9,8.9,01:30,63,89,,46,18:00,2025-05-06 10:46:35.292398,2025-05-06 10:46:35.292398
119848,115,2021-08-12,19.4,0,13.8,03:50,24.9,14:50,23,1.9,6.7,14:20,44,72,21:00,24,07:00,2025-05-06 10:46:35.520418,2025-05-06 10:46:35.520418
119867,115,2021-08-13,27.3,0,20,01:30,34.6,15:10,8,0.8,6.7,20:10,24,45,00:00,19,07:00,2025-05-06 10:46:35.713192,2025-05-06 10:46:35.713192
119886,115,2021-08-14,34.6,0,29.7,01:30,39.5,14:50,9,5,16.9,08:10,22,28,17:50,18,07:00,2025-05-06 10:46:35.879546,2025-05-06 10:46:35.879546
119905,115,2021-08-15,34.7,0,30.9,23:20,38.5,12:30,6,1.9,11.9,14:00,21,27,,18,00:00,2025-05-06 10:46:36.076321,2025-05-06 10:46:36.076321
119924,115,2021-08-16,33.9,0,29.6,01:00,38.2,16:30,8,3.1,14.7,01:30,20,25,02:30,20,00:00,2025-05-06 10:46:36.232227,2025-05-06 10:46:36.232227
119943,115,2021-08-17,32,0,28.4,,35.6,15:20,8,3.1,16.1,01:50,20,26,,17,18:00,2025-05-06 10:46:36.384492,2025-05-06 10:46:36.384492
119962,115,2021-08-18,30,0,27,03:00,33,14:10,7,4.4,13.9,04:10,18,25,,15,18:00,2025-05-06 10:46:36.560950,2025-05-06 10:46:36.560950
119981,115,2021-08-19,28.6,0,25.6,04:50,31.5,14:50,6,3.3,12.2,01:40,20,25,23:50,18,00:00,2025-05-06 10:46:36.724565,2025-05-06 10:46:36.724565
120000,115,2021-08-20,29.8,0,25.5,21:00,34.1,15:20,10,2.2,8.6,05:40,24,40,20:40,19,07:00,2025-05-06 10:46:36.872699,2025-05-06 10:46:36.872699
120019,115,2021-08-21,29.6,0,25.1,04:50,34,13:10,22,2.8,9.4,16:10,24,37,20:20,23,18:00,2025-05-06 10:46:37.030317,2025-05-06 10:46:37.030317
120038,115,2021-08-22,26.6,0,22,23:59,31.2,12:40,4,3.1,11.7,17:20,23,29,,22,13:00,2025-05-06 10:46:37.190839,2025-05-06 10:46:37.190839
120057,115,2021-08-23,25.2,0,20.5,03:00,29.8,13:20,4,2.8,12.2,19:10,25,36,,23,13:00,2025-05-06 10:46:37.348527,2025-05-06 10:46:37.348527
120076,115,2021-08-24,23.8,0,19.5,01:30,28.1,12:20,3,1.9,10,21:30,40,55,20:50,31,07:00,2025-05-06 10:46:37.518073,2025-05-06 10:46:37.518073
120095,115,2021-08-25,21.8,0,16.6,05:20,27.1,13:30,10,1.7,6.1,01:50,49,71,21:10,33,00:00,2025-05-06 10:46:37.674670,2025-05-06 10:46:37.674670
120114,115,2021-08-26,24,0,20.2,00:30,27.8,14:00,99,2.2,5.6,,40,69,20:20,30,08:50,2025-05-06 10:46:37.830057,2025-05-06 10:46:37.830057
120133,115,2021-08-27,27.8,0,22.3,05:20,33.2,16:00,7,1.1,8.1,20:00,34,55,19:10,25,04:10,2025-05-06 10:46:38.064274,2025-05-06 10:46:38.064274
120152,115,2021-08-28,27.8,0,24.5,00:10,31,10:00,7,1.9,8.6,00:30,36,45,18:00,30,21:00,2025-05-06 10:46:38.285102,2025-05-06 10:46:38.285102
120171,115,2021-08-29,27.2,0,23.4,23:50,31,14:40,22,1.7,8.9,14:10,36,44,16:40,29,,2025-05-06 10:46:38.522133,2025-05-06 10:46:38.522133
120190,115,2021-08-30,24.5,0,19.2,23:30,29.8,15:00,21,1.9,9.2,15:10,39,66,20:50,33,00:00,2025-05-06 10:46:38.778851,2025-05-06 10:46:38.778851
120209,115,2021-08-31,21.8,0,16.9,23:50,26.6,14:30,19,2.5,11.7,13:50,53,82,23:40,48,14:20,2025-05-06 10:46:39.020677,2025-05-06 10:46:39.020677
120228,115,2021-09-01,22.2,0,17.1,,27.2,15:00,21,3.1,9.2,16:00,62,82,00:00,47,11:40,2025-05-06 10:46:39.194648,2025-05-06 10:46:39.194648
120247,115,2021-09-02,22.6,0,17.7,06:00,27.4,15:20,6,1.7,10,04:20,54,83,20:50,42,10:40,2025-05-06 10:46:39.421848,2025-05-06 10:46:39.421848
120266,115,2021-09-03,24.4,0,20.9,02:20,28,14:00,10,2.5,6.1,00:20,40,62,,37,07:00,2025-05-06 10:46:39.629984,2025-05-06 10:46:39.629984
120285,115,2021-09-04,25.8,0,22.1,04:00,29.4,13:50,26,1.7,5.6,15:00,34,59,19:50,26,09:00,2025-05-06 10:46:39.838564,2025-05-06 10:46:39.838564
120304,115,2021-09-05,25.6,0,22,04:30,29.3,13:40,14,2.2,8.1,00:50,38,44,,26,08:40,2025-05-06 10:46:40.052620,2025-05-06 10:46:40.052620
120323,115,2021-09-06,26.8,0,21.7,22:10,32,16:10,24,1.1,5.8,14:10,43,65,19:30,27,09:00,2025-05-06 10:46:40.246875,2025-05-06 10:46:40.246875
120342,115,2021-09-07,26.6,0,21.6,07:40,31.6,13:00,22,1.7,5.3,14:50,39,57,19:00,24,07:00,2025-05-06 10:46:40.394519,2025-05-06 10:46:40.394519
120361,115,2021-09-08,31.1,0,26.3,00:30,35.9,12:40,6,1.4,9.4,23:59,29,42,00:20,24,13:00,2025-05-06 10:46:40.535987,2025-05-06 10:46:40.535987
120380,115,2021-09-09,30.8,0,28.6,22:40,33.1,13:50,5,5.8,11.4,10:10,25,29,,24,07:00,2025-05-06 10:46:40.676987,2025-05-06 10:46:40.676987
120399,115,2021-09-10,31.8,0,26.9,23:50,36.6,15:00,3,2.8,12.8,01:10,32,50,18:30,26,00:00,2025-05-06 10:46:40.860228,2025-05-06 10:46:40.860228
120418,115,2021-09-11,30.4,0,26.1,21:30,34.6,13:10,5,2.5,11.7,00:10,28,40,,27,12:30,2025-05-06 10:46:41.063992,2025-05-06 10:46:41.063992
120437,115,2021-09-12,24.5,0,18.7,22:40,30.3,14:50,25,2.5,14.7,07:40,35,87,22:20,31,00:00,2025-05-06 10:46:41.266364,2025-05-06 10:46:41.266364
120456,115,2021-09-13,20.4,0,15.5,04:50,25.3,11:50,27,1.4,6.4,13:10,40,91,,30,06:00,2025-05-06 10:46:41.433484,2025-05-06 10:46:41.433484
120475,115,2021-09-14,20.1,0,15.6,03:40,24.6,11:10,27,2.2,8.1,14:00,66,87,03:10,42,01:30,2025-05-06 10:46:41.594465,2025-05-06 10:46:41.594465
120494,115,2021-09-15,20.4,0.3,15.6,02:40,25.1,14:00,4,3.1,11.7,20:20,50,71,00:20,41,17:30,2025-05-06 10:46:41.730106,2025-05-06 10:46:41.730106
120513,115,2021-09-16,18.4,0.1,16,07:40,20.7,14:20,4,2.8,11.4,17:10,64,78,06:30,56,,2025-05-06 10:46:41.897420,2025-05-06 10:46:41.897420
120532,115,2021-09-17,18.1,0,15.2,06:00,21,16:30,6,3.3,12.8,17:30,66,82,23:59,55,17:20,2025-05-06 10:46:42.055563,2025-05-06 10:46:42.055563
120551,115,2021-09-18,20.2,0,15,07:20,25.5,12:30,3,2.8,11.4,03:20,64,82,00:00,38,11:50,2025-05-06 10:46:42.206153,2025-05-06 10:46:42.206153
120570,115,2021-09-19,20.1,0,15.6,01:50,24.6,14:00,99,3.9,9.7,09:40,51,68,00:20,35,06:00,2025-05-06 10:46:42.386485,2025-05-06 10:46:42.386485
120589,115,2021-09-20,18.8,0,14.1,04:00,23.5,15:50,8,5.3,12.5,06:20,58,79,21:50,52,14:20,2025-05-06 10:46:42.562199,2025-05-06 10:46:42.562199
120608,115,2021-09-21,19.6,0,13.8,04:50,25.4,14:40,3,3.1,12.5,08:40,59,82,23:00,52,,2025-05-06 10:46:42.738699,2025-05-06 10:46:42.738699
120627,115,2021-09-22,18.6,0,13.5,07:00,23.6,14:20,6,1.7,6.9,20:20,63,81,00:00,54,11:00,2025-05-06 10:46:42.966277,2025-05-06 10:46:42.966277
120646,115,2021-09-23,17.8,0,14,02:20,21.6,12:40,4,1.9,8.3,03:30,61,77,00:00,53,18:00,2025-05-06 10:46:43.191788,2025-05-06 10:46:43.191788
120665,115,2021-09-24,18,0,13.8,06:00,22.1,17:10,99,3.3,9.2,,59,74,05:40,42,23:20,2025-05-06 10:46:43.377165,2025-05-06 10:46:43.377165
120684,115,2021-09-25,19.4,0,15.1,05:40,23.7,12:00,8,1.7,8.6,00:10,47,80,,37,10:10,2025-05-06 10:46:43.585435,2025-05-06 10:46:43.585435
120703,115,2021-09-26,24,0,18.3,00:20,29.8,13:20,29,0.8,5.8,14:20,31,58,00:00,25,13:40,2025-05-06 10:46:43.762685,2025-05-06 10:46:43.762685
120722,115,2021-09-27,30.4,0,26.9,01:50,33.8,10:50,99,2.2,10.8,23:50,25,29,,24,00:00,2025-05-06 10:46:43.945701,2025-05-06 10:46:43.945701
120741,115,2021-09-28,26.8,0,23.4,23:59,30.1,13:00,9,5.3,13.9,06:30,26,33,23:59,22,19:00,2025-05-06 10:46:44.149326,2025-05-06 10:46:44.149326
120760,115,2021-09-29,19.6,0,15.6,06:10,23.7,00:40,99,5,18.1,,64,82,06:40,30,00:00,2025-05-06 10:46:44.366390,2025-05-06 10:46:44.366390
120779,115,2021-09-30,25.2,0,16.9,04:20,33.6,13:30,9,1.9,14.4,09:30,39,56,04:10,21,,2025-05-06 10:46:44.596543,2025-05-06 10:46:44.596543
120798,115,2021-10-01,30.9,0,28,07:40,33.8,13:50,9,4.2,14.4,08:10,17,22,01:50,17,07:00,2025-05-06 10:46:44.796674,2025-05-06 10:46:44.796674
120817,115,2021-10-02,28.8,0,27.1,07:40,30.6,13:40,5,5.3,13.6,07:50,19,24,,17,00:00,2025-05-06 10:46:45.027242,2025-05-06 10:46:45.027242
120836,115,2021-10-03,27.4,0,24.1,23:40,30.6,13:40,4,5,13.3,21:50,20,24,,18,00:00,2025-05-06 10:46:45.244735,2025-05-06 10:46:45.244735
120855,115,2021-10-04,19.2,0.7,13.7,23:50,24.7,01:10,6,5.6,15.6,06:40,71,85,,19,00:00,2025-05-06 10:46:45.458045,2025-05-06 10:46:45.458045
120874,115,2021-10-05,19,0,12.8,04:50,25.3,13:40,9,2.5,12.8,00:30,55,84,,17,16:00,2025-05-06 10:46:45.703530,2025-05-06 10:46:45.703530
120893,115,2021-10-06,19.6,0,13.8,01:10,25.5,13:40,24,1.4,5.3,16:10,37,85,00:20,18,22:30,2025-05-06 10:46:45.946171,2025-05-06 10:46:45.946171
120912,115,2021-10-07,25.9,0,22.6,02:00,29.2,12:50,30,2.2,10,14:30,20,28,18:00,15,00:00,2025-05-06 10:46:46.188780,2025-05-06 10:46:46.188780
120931,115,2021-10-08,23.6,0,16.6,21:10,30.5,11:10,9,1.7,10,23:59,35,82,20:40,20,07:00,2025-05-06 10:46:46.434351,2025-05-06 10:46:46.434351
120950,115,2021-10-09,20,0,15.2,23:59,24.8,15:20,4,2.5,9.7,09:00,32,68,23:59,26,01:00,2025-05-06 10:46:46.683218,2025-05-06 10:46:46.683218
120969,115,2021-10-10,18.4,0,13.4,04:30,23.4,15:30,5,1.4,9.2,21:20,62,79,23:40,53,10:40,2025-05-06 10:46:46.921464,2025-05-06 10:46:46.921464
120988,115,2021-10-11,17.7,0,12.2,07:00,23.2,14:00,19,1.7,6.7,14:00,67,84,,54,13:50,2025-05-06 10:46:47.168290,2025-05-06 10:46:47.168290
121007,115,2021-10-12,17.1,0,12.9,04:50,21.3,15:40,4,1.4,7.8,22:10,59,77,00:10,48,10:40,2025-05-06 10:46:47.408518,2025-05-06 10:46:47.408518
121026,115,2021-10-13,17.8,0,12.8,04:20,22.8,13:20,4,1.4,7.8,06:00,60,82,,50,11:50,2025-05-06 10:46:47.656960,2025-05-06 10:46:47.656960
121045,115,2021-10-14,18.4,0,12.5,06:20,24.3,14:50,9,1.1,9.4,10:00,57,90,05:50,27,10:10,2025-05-06 10:46:47.902840,2025-05-06 10:46:47.902840
121064,115,2021-10-15,22.1,0,16.7,00:10,27.5,12:50,21,1.4,5,14:30,35,69,19:40,23,10:00,2025-05-06 10:46:48.147116,2025-05-06 10:46:48.147116
121083,115,2021-10-16,27,0,22.7,19:20,31.2,14:00,21,1.7,8.1,15:00,33,47,18:50,25,00:00,2025-05-06 10:46:48.301385,2025-05-06 10:46:48.301385
121102,115,2021-10-17,26.5,0,22.8,03:50,30.2,14:00,2,1.9,7.8,14:30,30,36,02:50,29,13:00,2025-05-06 10:46:48.455504,2025-05-06 10:46:48.455504
121121,115,2021-10-18,26.3,0,22.6,08:20,30,13:50,4,1.9,9.4,10:20,31,38,18:30,26,,2025-05-06 10:46:48.676023,2025-05-06 10:46:48.676023
121140,115,2021-10-19,27.8,0,24.6,23:59,30.9,16:50,99,2.2,5,,25,33,,22,13:00,2025-05-06 10:46:48.905674,2025-05-06 10:46:48.905674
121159,115,2021-10-20,26.2,0,21.9,23:59,30.4,12:50,8,2.8,10.6,23:50,30,46,18:10,22,,2025-05-06 10:46:49.136253,2025-05-06 10:46:49.136253
121178,115,2021-10-21,22.6,0,19.8,06:00,25.4,12:10,6,5.3,14.2,13:40,31,39,,29,13:00,2025-05-06 10:46:49.372705,2025-05-06 10:46:49.372705
121197,115,2021-10-22,18.2,0,13.5,21:00,22.9,12:40,3,4.2,11.1,07:30,61,87,,34,00:00,2025-05-06 10:46:49.621033,2025-05-06 10:46:49.621033
121216,115,2021-10-23,14.6,0.1,12.7,23:00,16.5,12:00,99,3.6,12.2,,79,92,,68,,2025-05-06 10:46:49.876225,2025-05-06 10:46:49.876225
121235,115,2021-10-24,16.6,0,12.3,04:10,21,13:40,4,3.1,8.9,10:30,73,88,17:40,56,13:20,2025-05-06 10:46:50.069311,2025-05-06 10:46:50.069311
121254,115,2021-10-25,15.4,0.4,12.9,07:40,17.8,14:40,5,3.6,12.2,03:30,71,81,23:00,63,10:50,2025-05-06 10:46:50.286599,2025-05-06 10:46:50.286599
121273,115,2021-10-26,15,0,12.9,08:40,17,13:30,5,2.2,11.7,01:30,75,85,01:20,67,08:10,2025-05-06 10:46:50.436872,2025-05-06 10:46:50.436872
121292,115,2021-10-27,14.6,0,12.3,08:00,16.9,14:20,5,4.7,11.7,17:30,71,85,04:10,63,15:10,2025-05-06 10:46:50.510912,2025-05-06 10:46:50.510912
121311,115,2021-10-28,16.2,0,11.7,23:40,20.7,15:10,3,3.6,11.1,16:50,58,82,09:00,31,18:20,2025-05-06 10:46:50.581029,2025-05-06 10:46:50.581029
121330,115,2021-10-29,15.6,0,10.4,08:00,20.9,14:20,6,1.1,7.8,00:10,60,87,21:40,43,13:00,2025-05-06 10:46:50.662954,2025-05-06 10:46:50.662954
121349,115,2021-10-30,18.8,0,14.3,00:20,23.4,12:40,25,1.4,5.6,15:40,34,75,19:00,15,07:00,2025-05-06 10:46:50.770876,2025-05-06 10:46:50.770876
121368,115,2021-10-31,21,0,17.4,00:40,24.6,15:20,25,1.9,5.6,15:20,32,48,18:40,19,02:50,2025-05-06 10:46:50.881776,2025-05-06 10:46:50.881776
121387,115,2021-11-01,22.4,0,18.9,22:00,25.8,10:10,6,1.7,6.7,19:50,31,47,14:30,15,20:30,2025-05-06 10:46:51.068271,2025-05-06 10:46:51.068271
121406,115,2021-11-02,19.1,0,13.8,21:30,24.4,12:50,24,1.1,4.7,14:20,,91,,16,,2025-05-06 10:46:51.303380,2025-05-06 10:46:51.303380
121425,115,2021-11-03,17.6,0,13.5,05:20,21.7,15:50,4,1.7,10.8,23:50,48,69,23:20,18,01:00,2025-05-06 10:46:51.539763,2025-05-06 10:46:51.539763
121444,115,2021-11-04,15.6,0.5,12.7,22:30,18.5,15:30,6,1.7,13.1,00:30,79,91,,60,00:00,2025-05-06 10:46:51.810634,2025-05-06 10:46:51.810634
121463,115,2021-11-05,13.4,0,11.5,19:20,15.3,10:30,6,2.8,13.9,16:50,80,90,00:00,64,15:00,2025-05-06 10:46:52.057087,2025-05-06 10:46:52.057087
121482,115,2021-11-06,12.9,0,10.7,06:30,15.1,14:30,7,1.7,15,17:30,77,85,,67,14:30,2025-05-06 10:46:52.303618,2025-05-06 10:46:52.303618
121501,115,2021-11-07,13.4,0,10.8,04:30,15.9,21:00,10,5.8,20,18:10,70,82,01:30,28,21:00,2025-05-06 10:46:52.570223,2025-05-06 10:46:52.570223
121520,115,2021-11-08,15.3,0,10.3,05:40,20.3,14:50,10,4.2,21.1,01:10,57,74,05:50,25,00:50,2025-05-06 10:46:52.822110,2025-05-06 10:46:52.822110
121539,115,2021-11-09,14.6,0,10.6,22:10,18.7,15:50,10,1.1,8.9,02:10,44,90,21:40,11,07:00,2025-05-06 10:46:53.074181,2025-05-06 10:46:53.074181
121558,115,2021-11-10,15.4,0,12.4,19:40,18.4,13:20,7,2.5,7.2,06:20,,87,19:30,16,06:20,2025-05-06 10:46:53.328245,2025-05-06 10:46:53.328245
121576,115,2021-11-11,16.6,0,13.4,20:00,19.8,14:50,7,0.3,6.1,06:20,44,79,19:20,26,02:20,2025-05-06 10:46:53.571935,2025-05-06 10:46:53.571935
121594,115,2021-11-12,14.4,0.2,12.2,,16.6,14:00,7,3.6,10.6,11:30,61,80,21:30,37,01:30,2025-05-06 10:46:53.791108,2025-05-06 10:46:53.791108
121613,115,2021-11-13,14.1,0.1,10.9,07:00,17.3,14:00,6,2.8,10.8,15:40,68,88,05:00,58,13:40,2025-05-06 10:46:54.032828,2025-05-06 10:46:54.032828
121632,115,2021-11-14,15.2,0,11.1,05:20,19.3,14:00,7,2.8,8.1,19:40,67,77,18:00,52,12:20,2025-05-06 10:46:54.283587,2025-05-06 10:46:54.283587
121651,115,2021-11-15,14.9,0,10.2,06:50,19.6,14:00,24,1.1,5,15:20,62,85,20:50,43,,2025-05-06 10:46:54.518117,2025-05-06 10:46:54.518117
121670,115,2021-11-16,15.9,0,11.9,00:10,19.9,15:30,8,1.7,7.2,19:10,49,84,,40,10:30,2025-05-06 10:46:54.780842,2025-05-06 10:46:54.780842
121689,115,2021-11-17,13,0,11,06:10,14.9,12:00,6,4.7,13.1,07:40,67,82,04:50,64,14:30,2025-05-06 10:46:55.041791,2025-05-06 10:46:55.041791
121708,115,2021-11-18,13.4,0,10.5,02:10,16.4,12:30,7,2.2,9.7,07:40,68,86,18:30,56,13:00,2025-05-06 10:46:55.304064,2025-05-06 10:46:55.304064
121727,115,2021-11-19,14.4,0,10.9,01:10,17.9,14:30,21,1.9,7.2,14:00,64,85,21:40,56,13:00,2025-05-06 10:46:55.562612,2025-05-06 10:46:55.562612
121746,115,2021-11-20,14.6,0,11.1,22:00,18.1,14:10,22,1.9,6.1,13:50,59,91,19:10,39,11:20,2025-05-06 10:46:55.811217,2025-05-06 10:46:55.811217
121765,115,2021-11-21,16.5,0,12.5,00:10,20.5,14:20,14,1.7,6.1,04:10,36,70,23:59,26,07:00,2025-05-06 10:46:56.069383,2025-05-06 10:46:56.069383
121784,115,2021-11-22,16.8,0,14.4,22:40,19.3,15:30,23,0.8,6.4,15:50,81,95,,69,00:00,2025-05-06 10:46:56.326041,2025-05-06 10:46:56.326041
121803,115,2021-11-23,17,0,13.3,23:40,20.6,13:50,18,1.4,6.7,13:40,69,93,,52,15:20,2025-05-06 10:46:56.572611,2025-05-06 10:46:56.572611
121822,115,2021-11-24,17.2,0,13.1,21:40,21.2,12:20,8,1.7,9.7,22:20,62,91,,45,10:40,2025-05-06 10:46:56.796285,2025-05-06 10:46:56.796285
121841,115,2021-11-25,15.2,0,12.7,05:20,17.7,15:30,9,1.7,9.7,07:20,76,94,,59,09:00,2025-05-06 10:46:57.026094,2025-05-06 10:46:57.026094
121860,115,2021-11-26,12.6,5,9.1,21:40,16.1,02:30,2,3.1,14.7,23:30,68,93,00:00,42,02:20,2025-05-06 10:46:57.258123,2025-05-06 10:46:57.258123
121879,115,2021-11-27,10.3,16.9,9.1,02:50,11.5,10:30,4,1.7,16.7,00:20,75,82,11:30,68,01:50,2025-05-06 10:46:57.508358,2025-05-06 10:46:57.508358
121898,115,2021-11-28,11.3,14.2,9.7,22:20,12.9,13:00,6,3.9,17.2,05:50,75,85,13:50,71,,2025-05-06 10:46:57.759615,2025-05-06 10:46:57.759615
121917,115,2021-11-29,10.2,0.9,9,06:00,11.4,12:30,4,4.7,16.7,00:10,77,85,13:00,70,14:50,2025-05-06 10:46:58.021117,2025-05-06 10:46:58.021117
121936,115,2021-11-30,13,0,9.1,03:20,16.9,14:30,8,3.1,11.4,22:30,62,76,00:00,42,13:20,2025-05-06 10:46:58.291485,2025-05-06 10:46:58.291485
121955,115,2021-12-01,13.2,0,9.8,05:20,16.7,10:00,99,3.3,14.7,,55,74,21:20,37,14:20,2025-05-06 10:46:58.556673,2025-05-06 10:46:58.556673
121974,115,2021-12-02,11.2,1.7,9.7,06:00,12.7,14:30,6,5,17.8,17:10,70,77,,65,14:10,2025-05-06 10:46:58.795302,2025-05-06 10:46:58.795302
121993,115,2021-12-03,10.8,1.6,9.5,23:30,12,13:10,4,5.8,20.8,19:40,77,84,,68,23:59,2025-05-06 10:46:58.955991,2025-05-06 10:46:58.955991
122012,115,2021-12-04,12,0,9.9,19:20,14.1,15:10,13,3.3,16.7,11:50,51,69,00:20,36,08:00,2025-05-06 10:46:59.134105,2025-05-06 10:46:59.134105
122031,115,2021-12-05,11.6,0,9.2,07:30,14.1,12:10,9,3.1,17.5,21:30,66,75,18:20,34,01:10,2025-05-06 10:46:59.336524,2025-05-06 10:46:59.336524
122050,115,2021-12-06,15,0,9.8,08:00,20.1,14:50,9,2.8,20.3,03:00,66,81,19:10,23,23:20,2025-05-06 10:46:59.581255,2025-05-06 10:46:59.581255
122069,115,2021-12-07,15.6,0,13.5,02:40,17.7,13:00,9,1.4,8.1,21:40,26,39,16:50,22,07:00,2025-05-06 10:46:59.828306,2025-05-06 10:46:59.828306
122088,115,2021-12-08,15.4,1,10,21:30,20.9,12:40,9,3.1,16.1,23:40,37,85,22:00,22,13:00,2025-05-06 10:47:00.096132,2025-05-06 10:47:00.096132
122107,115,2021-12-09,11.4,4.7,10,22:50,12.8,06:00,6,5.3,22.5,23:10,83,88,06:40,72,12:20,2025-05-06 10:47:00.353389,2025-05-06 10:47:00.353389
122126,115,2021-12-10,12.6,0,10,02:00,15.1,14:30,9,5.6,18.3,02:10,59,85,00:30,27,22:40,2025-05-06 10:48:03.692218,2025-05-06 10:48:03.692218
122145,115,2021-12-11,14.9,0,10.5,22:00,19.3,12:10,9,2.8,16.9,22:20,42,80,23:59,23,13:00,2025-05-06 10:48:03.930265,2025-05-06 10:48:03.930265
122164,115,2021-12-12,13.4,0,8.8,21:50,18.1,14:00,6,3.3,13.6,06:40,68,93,21:00,30,23:59,2025-05-06 10:48:04.185300,2025-05-06 10:48:04.185300
122183,115,2021-12-13,16.5,0,12.8,03:20,20.2,14:50,9,1.9,6.4,23:00,,55,19:20,26,00:00,2025-05-06 10:48:04.433445,2025-05-06 10:48:04.433445
122202,115,2021-12-14,15.4,0,12.4,22:40,18.4,14:00,22,2.5,10.6,15:20,36,57,18:20,29,07:00,2025-05-06 10:48:04.680275,2025-05-06 10:48:04.680275
122221,115,2021-12-15,11.6,0,8.9,21:50,14.3,16:10,22,0.8,6.7,14:20,65,85,20:20,34,00:00,2025-05-06 10:48:04.937657,2025-05-06 10:48:04.937657
122240,115,2021-12-16,12.9,0,9,03:00,16.8,13:20,20,1.4,6.4,16:10,52,71,,42,13:00,2025-05-06 10:48:05.186778,2025-05-06 10:48:05.186778
122259,115,2021-12-17,13.6,0,9.8,01:10,17.3,15:50,13,1.9,6.9,06:00,36,66,00:50,28,23:00,2025-05-06 10:48:05.441831,2025-05-06 10:48:05.441831
122278,115,2021-12-18,15.4,0,11.1,19:20,19.7,12:20,99,1.4,5.8,,37,78,18:50,19,07:00,2025-05-06 10:48:05.700886,2025-05-06 10:48:05.700886
122297,115,2021-12-19,14.8,0,11.6,03:30,18,15:10,20,1.9,10,14:20,72,84,08:20,34,00:00,2025-05-06 10:48:05.954274,2025-05-06 10:48:05.954274
122316,115,2021-12-20,16.6,0,13.2,02:10,20,15:00,24,2.8,13.9,23:20,44,73,02:10,31,09:10,2025-05-06 10:48:06.205181,2025-05-06 10:48:06.205181
122335,115,2021-12-21,16.6,0,14.5,07:00,18.6,11:50,21,2.2,15,02:20,41,71,23:30,37,11:40,2025-05-06 10:48:06.455334,2025-05-06 10:48:06.455334
122354,115,2021-12-22,16.2,0,13,20:40,19.3,12:40,18,1.7,5.8,00:20,65,87,20:20,39,23:00,2025-05-06 10:48:06.720931,2025-05-06 10:48:06.720931
122373,115,2021-12-23,18,0,15.5,05:50,20.4,14:40,27,1.9,7.8,17:20,37,54,16:20,35,,2025-05-06 10:48:06.986995,2025-05-06 10:48:06.986995
122392,115,2021-12-24,17.4,0,14.3,23:20,20.4,14:50,25,2.5,11.1,15:10,36,49,18:30,32,00:00,2025-05-06 10:48:07.247802,2025-05-06 10:48:07.247802
122411,115,2021-12-25,16.2,0,12.3,20:20,20.1,16:10,18,1.9,6.7,06:20,43,91,20:00,25,13:00,2025-05-06 10:48:07.495297,2025-05-06 10:48:07.495297
122430,115,2021-12-26,16.3,0,12.5,22:30,20.1,12:20,24,1.4,5.3,14:10,58,92,21:30,40,10:40,2025-05-06 10:48:07.739623,2025-05-06 10:48:07.739623
122449,115,2021-12-27,15,0,9.9,21:50,20.1,13:40,28,1.1,6.7,13:40,58,94,20:40,30,04:00,2025-05-06 10:48:07.976994,2025-05-06 10:48:07.976994
122468,115,2021-12-28,18,0,14.7,07:30,21.4,11:10,99,0.6,3.9,,43,63,16:30,28,,2025-05-06 10:48:08.243960,2025-05-06 10:48:08.243960
122487,115,2021-12-29,19.8,0,16.2,02:50,23.4,13:30,21,1.9,8.6,17:20,27,39,00:50,25,13:00,2025-05-06 10:48:08.497348,2025-05-06 10:48:08.497348
122506,115,2021-12-30,19.6,0,16.8,00:50,22.4,15:10,23,5,15.3,13:00,28,37,00:30,27,13:00,2025-05-06 10:48:08.722499,2025-05-06 10:48:08.722499
122525,115,2021-12-31,20.2,0,16.8,06:00,23.7,15:40,13,1.9,9.4,11:20,28,31,02:30,26,,2025-05-06 10:48:08.952030,2025-05-06 10:48:08.952030
122544,115,2022-01-01,20.5,0,17,21:00,24,13:40,10,3.3,7.8,18:20,22,27,,20,,2025-05-06 10:48:09.197723,2025-05-06 10:48:09.197723
122563,115,2022-01-02,18.8,0,16.1,23:59,21.5,14:20,12,3.3,11.4,17:10,20,26,03:00,20,00:00,2025-05-06 10:48:09.440131,2025-05-06 10:48:09.440131
122582,115,2022-01-03,17.4,0,14.3,22:00,20.4,12:30,8,2.8,12.2,22:30,25,36,,21,00:00,2025-05-06 10:48:09.693392,2025-05-06 10:48:09.693392
122601,115,2022-01-04,15.2,0,11.4,23:20,19,12:30,9,3.1,11.1,01:20,25,47,21:20,23,07:00,2025-05-06 10:48:09.927166,2025-05-06 10:48:09.927166
122620,115,2022-01-05,11.7,0.2,9,19:50,14.4,02:20,4,5.3,16.4,07:30,71,86,23:00,26,02:30,2025-05-06 10:48:10.189759,2025-05-06 10:48:10.189759
122639,115,2022-01-06,10.5,0.4,8.8,02:30,12.2,15:10,8,5,19.4,06:40,81,87,,72,07:50,2025-05-06 10:48:10.440921,2025-05-06 10:48:10.440921
122658,115,2022-01-07,10.8,1.5,9.4,23:30,12.2,01:40,5,6.1,19.4,06:30,85,90,12:30,76,20:00,2025-05-06 10:48:10.708181,2025-05-06 10:48:10.708181
122677,115,2022-01-08,13.7,0,9.6,03:00,17.8,16:00,8,3.6,18.3,00:10,51,88,03:10,31,,2025-05-06 10:48:10.956819,2025-05-06 10:48:10.956819
122696,115,2022-01-09,14.8,0,12.6,09:00,16.9,12:00,12,3.9,13.6,07:20,27,37,04:40,22,14:30,2025-05-06 10:48:11.216445,2025-05-06 10:48:11.216445
122715,115,2022-01-10,11.6,0,9.2,07:30,14.1,01:40,9,2.8,14.7,21:50,52,67,07:30,27,,2025-05-06 10:48:11.439121,2025-05-06 10:48:11.439121
122734,115,2022-01-11,13.9,0,9.8,05:00,18,14:10,9,1.4,10.6,00:10,,58,19:40,27,,2025-05-06 10:48:11.640826,2025-05-06 10:48:11.640826
122753,115,2022-01-12,14,0,10.2,21:20,17.7,14:00,8,1.4,8.1,01:10,51,87,20:30,36,13:00,2025-05-06 10:48:11.841098,2025-05-06 10:48:11.841098
122772,115,2022-01-13,15,0,10.7,00:20,19.3,14:50,23,2.5,11.1,13:40,34,70,00:00,26,13:00,2025-05-06 10:48:12.067048,2025-05-06 10:48:12.067048
122791,115,2022-01-14,15.2,0,13.2,23:59,17.1,15:10,20,4.7,15,12:50,28,34,,26,00:00,2025-05-06 10:48:12.327061,2025-05-06 10:48:12.327061
122810,115,2022-01-15,14.3,0,11.5,07:00,17.1,14:50,14,5.3,15.8,08:50,28,35,06:40,24,00:00,2025-05-06 10:48:12.549741,2025-05-06 10:48:12.549741
122829,115,2022-01-16,14,2.3,10.9,04:10,17,13:50,22,5.8,22.2,21:50,28,41,23:59,26,18:00,2025-05-06 10:48:12.783898,2025-05-06 10:48:12.783898
122848,115,2022-01-17,13.8,5.4,11.2,23:59,16.3,01:00,21,4.7,25,00:30,73,94,,38,00:00,2025-05-06 10:48:13.007097,2025-05-06 10:48:13.007097
122867,115,2022-01-18,14.1,0,11,02:40,17.2,15:00,16,3.1,15.6,22:30,,95,00:10,32,,2025-05-06 10:48:13.189754,2025-05-06 10:48:13.189754
122886,115,2022-01-19,15.2,0,11.8,02:00,18.5,15:00,13,5,15.6,04:30,31,49,01:40,28,13:00,2025-05-06 10:48:13.338797,2025-05-06 10:48:13.338797
122905,115,2022-01-20,16,0,12.9,04:00,19,14:30,19,3.9,22.5,05:30,24,49,23:59,22,13:00,2025-05-06 10:48:13.509569,2025-05-06 10:48:13.509569
122924,115,2022-01-21,15.7,0,11.9,23:50,19.5,12:20,20,2.2,12.2,00:10,49,93,23:50,34,10:00,2025-05-06 10:48:13.657948,2025-05-06 10:48:13.657948
122943,115,2022-01-22,13.6,0,9.8,22:40,17.5,16:40,22,1.7,6.4,15:20,52,93,00:00,33,23:30,2025-05-06 10:48:13.796136,2025-05-06 10:48:13.796136
122962,115,2022-01-23,14.8,0,10.4,22:50,19.3,14:00,23,1.4,5.6,12:50,50,91,,33,00:00,2025-05-06 10:48:13.931159,2025-05-06 10:48:13.931159
122981,115,2022-01-24,14.2,0.7,11.4,23:59,17,11:00,25,2.2,8.9,15:20,57,89,23:50,42,00:00,2025-05-06 10:48:14.082631,2025-05-06 10:48:14.082631
123000,115,2022-01-25,10.4,6.9,8.4,23:50,12.5,15:50,33,4.2,12.8,22:10,69,89,00:00,56,16:00,2025-05-06 10:48:14.251103,2025-05-06 10:48:14.251103
123019,115,2022-01-26,10.1,14.2,8.5,00:20,11.7,14:50,4,2.5,15.3,10:00,76,83,,71,14:50,2025-05-06 10:48:14.452221,2025-05-06 10:48:14.452221
123038,115,2022-01-27,10.2,4.7,7.4,06:50,12.9,14:40,3,2.5,9.2,00:40,65,80,05:50,52,14:10,2025-05-06 10:48:14.652398,2025-05-06 10:48:14.652398
123057,115,2022-01-28,10.6,0,7.7,00:20,13.6,13:20,6,2.8,10.3,22:30,58,74,23:50,53,13:10,2025-05-06 10:48:14.858370,2025-05-06 10:48:14.858370
123076,115,2022-01-29,12.2,0,8.8,01:10,15.6,15:40,6,2.8,10.3,00:30,46,75,10:30,36,13:00,2025-05-06 10:48:15.117533,2025-05-06 10:48:15.117533
123095,115,2022-01-30,12.6,0,8.4,21:10,16.7,14:50,21,1.7,5.6,15:20,41,79,19:30,27,10:20,2025-05-06 10:48:15.374165,2025-05-06 10:48:15.374165
123114,115,2022-01-31,14.9,0,10.3,,19.5,14:00,24,0.8,6.4,14:30,29,56,18:50,18,07:00,2025-05-06 10:48:15.624208,2025-05-06 10:48:15.624208
123133,115,2022-02-01,19.6,,15.9,20:20,23.4,11:20,13,2.5,18.1,22:10,30,56,18:00,16,13:00,2025-05-06 10:48:15.867284,2025-05-06 10:48:15.867284
123151,115,2022-02-02,17.6,0.2,13.4,23:59,21.9,16:40,29,3.6,15.6,07:20,19,65,,19,07:00,2025-05-06 10:48:16.137738,2025-05-06 10:48:16.137738
123169,115,2022-02-03,18.2,0,13.3,00:10,23.1,14:30,13,3.1,16.7,09:10,29,65,00:00,22,21:50,2025-05-06 10:48:16.374144,2025-05-06 10:48:16.374144
123272,115,2022-02-09,20.4,0,18.1,08:50,22.6,14:20,20,7.5,26.1,06:10,15,23,21:20,15,00:00,2025-05-06 10:48:17.729989,2025-05-06 10:48:17.729989
123290,115,2022-02-10,21.2,0,17.1,19:50,25.2,12:10,14,3.1,11.4,08:00,19,31,19:40,17,00:00,2025-05-06 10:48:17.941564,2025-05-06 10:48:17.941564
123309,115,2022-02-11,19.9,0,15.6,23:30,24.2,15:50,2,2.2,8.1,22:10,22,27,,20,13:00,2025-05-06 10:48:18.215244,2025-05-06 10:48:18.215244
123328,115,2022-02-12,16,0,9.7,23:59,22.2,15:20,3,1.9,8.1,14:50,32,78,23:59,22,00:00,2025-05-06 10:48:18.420200,2025-05-06 10:48:18.420200
123347,115,2022-02-13,14.4,0,9.6,00:10,19.1,17:00,9,3.3,13.3,09:10,,78,00:00,25,13:00,2025-05-06 10:48:18.629909,2025-05-06 10:48:18.629909
123366,115,2022-02-14,15.1,0,9.9,23:59,20.3,11:20,7,3.6,9.7,17:00,44,82,19:10,28,00:00,2025-05-06 10:48:18.839061,2025-05-06 10:48:18.839061
123385,115,2022-02-15,11.8,0.5,8.5,05:40,15.1,11:30,10,3.1,16.1,09:50,64,81,,51,17:10,2025-05-06 10:48:19.070059,2025-05-06 10:48:19.070059
123404,115,2022-02-16,14,0,7.9,05:30,20.1,16:50,10,5.3,17.5,09:10,56,83,05:00,27,18:00,2025-05-06 10:48:19.230294,2025-05-06 10:48:19.230294
123423,115,2022-02-17,16.6,0,13.4,23:59,19.8,12:40,6,3.3,12.2,23:50,27,34,17:20,26,00:00,2025-05-06 10:48:19.450665,2025-05-06 10:48:19.450665
123442,115,2022-02-18,14.4,0,9.2,23:50,19.7,15:30,6,3.3,12.2,23:30,32,68,23:30,26,10:50,2025-05-06 10:48:19.650148,2025-05-06 10:48:19.650148
123461,115,2022-02-19,10.9,35.5,8.3,08:40,13.5,13:10,8,3.1,13.3,20:20,70,89,,55,13:00,2025-05-06 10:48:19.876349,2025-05-06 10:48:19.876349
123480,115,2022-02-20,9.9,2.4,7,05:00,12.8,14:20,34,3.1,20.6,07:20,64,85,00:00,47,14:20,2025-05-06 10:48:20.126719,2025-05-06 10:48:20.126719
123499,115,2022-02-21,11.5,3.8,6.7,07:50,16.3,11:40,9,1.7,6.1,00:50,65,88,19:30,40,11:30,2025-05-06 10:48:20.389668,2025-05-06 10:48:20.389668
123518,115,2022-02-22,13.6,0,6.6,01:20,20.5,14:20,19,1.1,9.7,11:50,26,75,01:00,17,08:30,2025-05-06 10:48:20.677804,2025-05-06 10:48:20.677804
123537,115,2022-02-23,14.2,0,9.1,22:40,19.2,16:00,24,1.1,10.8,09:00,,85,22:20,16,,2025-05-06 10:48:20.896624,2025-05-06 10:48:20.896624
123556,115,2022-02-24,14.8,0,9.7,02:50,19.9,15:00,2,2.5,9.7,19:10,43,68,,32,11:20,2025-05-06 10:48:21.151568,2025-05-06 10:48:21.151568
123575,115,2022-02-25,12.4,2.8,9.1,22:10,15.6,14:50,4,2.2,9.7,11:40,65,79,16:50,51,14:50,2025-05-06 10:48:21.384167,2025-05-06 10:48:21.384167
123594,115,2022-02-26,9.8,35.6,8.6,11:30,11.1,15:40,4,1.9,11.1,21:30,81,88,,56,00:00,2025-05-06 10:48:21.612056,2025-05-06 10:48:21.612056
123613,115,2022-02-27,9.7,0.4,8,23:59,11.4,16:00,4,2.8,17.5,14:40,65,80,01:30,58,16:10,2025-05-06 10:48:21.874737,2025-05-06 10:48:21.874737
123631,115,2022-02-28,10,0.1,7.8,01:50,12.3,16:10,2,4.4,17.8,20:20,67,77,22:30,59,,2025-05-06 10:48:22.032048,2025-05-06 10:48:22.032048
123650,115,2022-03-01,12.8,0,8.8,00:20,16.9,15:30,8,5,31.9,20:20,54,77,,20,21:20,2025-05-06 10:48:22.230379,2025-05-06 10:48:22.230379
123669,115,2022-03-02,14.2,0,9.8,23:50,18.5,14:20,5,6.1,16.7,07:30,39,67,19:50,26,05:10,2025-05-06 10:48:22.473621,2025-05-06 10:48:22.473621
123688,115,2022-03-03,13.8,0.1,9.3,02:40,18.2,13:40,7,4.7,15.3,07:40,51,76,,34,11:50,2025-05-06 10:48:22.662177,2025-05-06 10:48:22.662177
123707,115,2022-03-04,10,4.6,7.7,23:30,12.2,10:00,2,3.3,18.1,23:30,76,,,,,2025-05-06 10:48:22.896289,2025-05-06 10:48:22.896289
123780,115,2022-03-08,12.5,0,6.2,02:00,18.8,12:50,4,1.7,7.2,07:00,52,79,03:30,30,00:20,2025-05-06 10:48:23.859508,2025-05-06 10:48:23.859508
123799,115,2022-03-09,14.4,0,9.5,02:40,19.2,13:00,99,2.5,9.2,22:30,48,74,20:10,29,09:00,2025-05-06 10:48:24.090235,2025-05-06 10:48:24.090235
123818,115,2022-03-10,13.2,0,7.2,08:00,19.3,13:00,2,1.7,7.5,00:10,32,74,,14,07:00,2025-05-06 10:48:24.258108,2025-05-06 10:48:24.258108
123837,115,2022-03-11,17.2,0,12,01:40,22.5,16:00,26,1.4,6.4,14:50,30,59,20:40,16,07:00,2025-05-06 10:48:24.433002,2025-05-06 10:48:24.433002
123856,115,2022-03-12,15.6,0,11,03:00,20.1,17:30,29,1.7,5.8,14:10,41,56,15:20,29,09:20,2025-05-06 10:48:24.628084,2025-05-06 10:48:24.628084
123929,115,2022-03-16,,,,,,,0,2.8,,,71,,,,,2025-05-06 10:48:25.557912,2025-05-06 10:48:25.557912
123948,115,2022-03-17,10.3,0.1,7.1,23:00,13.5,17:30,4,1.9,14.4,01:10,64,80,,55,17:30,2025-05-06 10:48:25.792136,2025-05-06 10:48:25.792136
123967,115,2022-03-18,13,0,7.2,00:50,18.7,15:00,19,2.2,10.6,00:20,63,75,05:40,46,13:20,2025-05-06 10:48:26.013563,2025-05-06 10:48:26.013563
123986,115,2022-03-19,13.4,0,7.8,07:30,19.1,13:20,8,1.4,8.1,00:30,59,73,01:20,43,11:30,2025-05-06 10:48:26.257430,2025-05-06 10:48:26.257430
124005,115,2022-03-20,12.7,0,7.4,01:50,18,14:40,4,2.5,7.2,04:20,51,73,01:00,40,16:20,2025-05-06 10:48:26.440924,2025-05-06 10:48:26.440924
124024,115,2022-03-21,12.6,0,6.8,07:00,18.5,12:10,4,1.7,6.4,02:20,53,80,23:59,42,10:50,2025-05-06 10:48:26.635048,2025-05-06 10:48:26.635048
124043,115,2022-03-22,12.6,2.8,6.9,05:40,18.2,17:00,27,2.2,6.9,15:50,53,84,01:50,39,18:00,2025-05-06 10:48:26.835479,2025-05-06 10:48:26.835479
124062,115,2022-03-23,11,2.1,8.1,06:00,14,16:40,22,2.2,11.7,15:50,65,88,,47,14:40,2025-05-06 10:48:27.040701,2025-05-06 10:48:27.040701
124081,115,2022-03-24,11.7,1.6,7.3,03:50,16.1,15:10,21,3.9,12.8,04:00,57,85,06:40,36,17:10,2025-05-06 10:48:27.236747,2025-05-06 10:48:27.236747
124100,115,2022-03-25,13,0,8,02:00,17.9,13:00,20,1.7,6.7,15:00,57,79,22:40,43,13:00,2025-05-06 10:48:27.429656,2025-05-06 10:48:27.429656
124119,115,2022-03-26,14.2,0.4,8,07:50,20.3,13:50,22,1.9,16.1,21:20,44,70,00:00,16,21:30,2025-05-06 10:48:27.657669,2025-05-06 10:48:27.657669
124138,115,2022-03-27,12.6,4,9.7,23:50,15.4,01:20,24,3.9,15,15:50,69,85,,17,00:00,2025-05-06 10:48:27.876516,2025-05-06 10:48:27.876516
124157,115,2022-03-28,12.2,12,9.6,07:00,14.8,17:50,27,3.3,17.8,13:30,70,85,,62,04:30,2025-05-06 10:48:28.078767,2025-05-06 10:48:28.078767
124176,115,2022-03-29,14,2.3,9,04:30,18.9,15:00,27,3.3,10.3,00:30,57,88,01:20,42,15:00,2025-05-06 10:48:28.346018,2025-05-06 10:48:28.346018
124195,115,2022-03-30,12.8,0,9.2,07:00,16.5,14:50,8,2.2,11.7,09:50,59,79,03:50,42,20:00,2025-05-06 10:48:28.522107,2025-05-06 10:48:28.522107
124214,115,2022-03-31,13,0,8.9,02:20,17.2,13:10,10,2.8,15.6,04:40,59,73,,46,10:40,2025-05-06 10:48:28.702538,2025-05-06 10:48:28.702538
124233,115,2022-04-01,15.9,0,9.7,23:59,22.1,14:10,99,1.9,9.2,,48,85,22:30,35,02:10,2025-05-06 10:48:28.871817,2025-05-06 10:48:28.871817
124252,115,2022-04-02,12.9,,8.5,,17.3,15:30,29,2.2,6.4,15:00,58,83,00:00,46,15:00,2025-05-06 10:48:29.046771,2025-05-06 10:48:29.046771
124379,115,2022-04-09,16.8,0,9.3,,24.4,11:10,9,2.2,5.8,06:30,24,69,00:00,14,07:00,2025-05-06 10:48:30.566519,2025-05-06 10:48:30.566519
124398,115,2022-04-10,17.6,0,12.5,20:30,22.6,11:00,26,1.7,5.8,13:00,32,75,20:20,14,07:00,2025-05-06 10:48:30.735480,2025-05-06 10:48:30.735480
124417,115,2022-04-11,15.2,0,10.3,04:40,20.1,16:00,26,1.7,6.1,14:00,55,81,22:30,23,00:00,2025-05-06 10:48:30.902970,2025-05-06 10:48:30.902970
124436,115,2022-04-12,14.9,0,9.1,06:50,20.7,15:20,22,1.9,6.9,17:10,56,81,,38,18:00,2025-05-06 10:48:31.067680,2025-05-06 10:48:31.067680
124455,115,2022-04-13,15.6,0,10.1,05:50,21.2,15:00,2,2.2,11.7,21:40,53,74,23:59,32,17:20,2025-05-06 10:48:31.232677,2025-05-06 10:48:31.232677
124474,115,2022-04-14,15.4,0,9.4,02:40,21.4,15:20,9,7.5,19.2,07:50,34,74,00:00,14,,2025-05-06 10:48:31.407021,2025-05-06 10:48:31.407021
124493,115,2022-04-15,20,0,16.6,00:40,23.5,16:50,99,6.9,16.4,,,16,11:20,14,,2025-05-06 10:48:31.604244,2025-05-06 10:48:31.604244
124512,115,2022-04-16,25.6,0,19.9,00:10,31.3,14:40,10,2.5,20.8,04:40,,30,19:20,14,,2025-05-06 10:48:31.780212,2025-05-06 10:48:31.780212
124531,115,2022-04-17,25.8,0,22.7,04:30,29,14:20,5,4.4,19.4,02:10,18,23,00:10,17,13:00,2025-05-06 10:48:32.034248,2025-05-06 10:48:32.034248
124550,115,2022-04-18,24.2,0,20.6,22:00,27.8,15:00,11,3.9,15.3,03:50,19,25,21:50,17,00:00,2025-05-06 10:48:32.283260,2025-05-06 10:48:32.283260
124568,115,2022-04-19,17.6,0,10,22:10,25.2,13:40,5,5.6,22.2,23:30,31,80,22:10,20,00:00,2025-05-06 10:48:32.442448,2025-05-06 10:48:32.442448
124587,115,2022-04-20,12.8,0,9.1,23:59,16.6,14:20,5,5.3,21.9,02:00,49,84,22:40,32,04:20,2025-05-06 10:48:32.602492,2025-05-06 10:48:32.602492
124606,115,2022-04-21,13.8,0,8.6,03:10,18.9,14:30,5,3.3,16.1,05:30,60,86,02:50,48,14:30,2025-05-06 10:48:32.758261,2025-05-06 10:48:32.758261
124625,115,2022-04-22,13.5,0.1,8.3,02:50,18.7,13:30,22,1.7,8.6,13:20,58,85,08:50,41,13:20,2025-05-06 10:48:32.948604,2025-05-06 10:48:32.948604
124644,115,2022-04-23,12.2,0.4,9.1,,15.4,14:50,29,1.7,7.2,15:50,66,87,,55,14:40,2025-05-06 10:48:33.177329,2025-05-06 10:48:33.177329
124663,115,2022-04-24,13.9,0,9.1,05:40,18.7,13:50,30,2.8,18.6,14:10,51,78,07:20,38,18:00,2025-05-06 10:48:33.361859,2025-05-06 10:48:33.361859
124682,115,2022-04-25,13.5,3.4,10.1,00:10,16.9,13:20,32,1.7,6.7,22:50,64,88,,50,,2025-05-06 10:48:33.588917,2025-05-06 10:48:33.588917
124701,115,2022-04-26,13.4,0,9.3,02:10,17.4,15:40,2,2.8,11.7,18:50,54,85,00:00,43,15:30,2025-05-06 10:48:33.818014,2025-05-06 10:48:33.818014
124720,115,2022-04-27,14.4,0,8.5,05:50,20.2,15:30,5,5,13.1,06:40,36,73,02:20,14,,2025-05-06 10:48:33.981126,2025-05-06 10:48:33.981126
124739,115,2022-04-28,18.9,0,13.6,20:50,24.2,13:40,11,2.2,14.7,09:40,,65,20:40,14,,2025-05-06 10:48:34.147765,2025-05-06 10:48:34.147765
124758,115,2022-04-29,19.8,0,15.6,05:40,24,16:40,6,1.4,11.4,08:50,,29,00:10,13,07:00,2025-05-06 10:48:34.345797,2025-05-06 10:48:34.345797
124777,115,2022-04-30,17.6,0,13.5,04:00,21.6,17:10,7,2.8,13.9,22:00,33,44,,16,00:00,2025-05-06 10:48:34.642939,2025-05-06 10:48:34.642939
124796,115,2022-05-01,19.4,0,14.4,00:50,24.5,12:00,5,4.4,15,02:50,32,55,20:40,22,,2025-05-06 10:48:34.899360,2025-05-06 10:48:34.899360
124815,115,2022-05-02,18.2,0,13.6,23:59,22.9,14:50,6,6.7,20.3,06:50,27,49,23:59,19,00:00,2025-05-06 10:48:35.105173,2025-05-06 10:48:35.105173
124834,115,2022-05-03,14.4,0,10.4,22:20,18.3,14:10,6,6.1,14.2,06:30,53,74,20:40,27,04:10,2025-05-06 10:48:35.271480,2025-05-06 10:48:35.271480
124853,115,2022-05-04,13.6,0,9.3,05:10,17.8,16:30,4,6.7,13.6,05:50,67,83,07:30,49,12:40,2025-05-06 10:48:35.456824,2025-05-06 10:48:35.456824
124872,115,2022-05-05,15.7,0,8.1,04:00,23.3,13:30,4,2.5,12.8,09:30,50,79,,27,13:10,2025-05-06 10:48:35.642077,2025-05-06 10:48:35.642077
124891,115,2022-05-06,18.2,0,12.4,02:40,24,12:30,5,1.9,11.7,05:40,31,70,21:10,20,,2025-05-06 10:48:35.885076,2025-05-06 10:48:35.885076
124910,115,2022-05-07,22.1,0,16.4,00:40,27.8,14:40,8,4.7,12.5,06:40,24,44,20:20,19,07:00,2025-05-06 10:48:36.157783,2025-05-06 10:48:36.157783
124929,115,2022-05-08,22.6,0,19.4,00:50,25.8,14:50,9,6.1,15.6,21:40,22,29,,21,07:00,2025-05-06 10:48:36.344640,2025-05-06 10:48:36.344640
124948,115,2022-05-09,26.6,0,20.8,00:20,32.4,14:30,21,3.6,16.4,12:40,18,27,23:30,18,11:20,2025-05-06 10:48:36.633257,2025-05-06 10:48:36.633257
124967,115,2022-05-10,26,7.1,21.2,22:50,30.7,16:10,99,6.1,19.4,,28,44,22:40,24,00:00,2025-05-06 10:48:36.824203,2025-05-06 10:48:36.824203
124986,115,2022-05-11,21.9,0,16.6,23:59,27.2,16:00,21,5,20,11:30,26,58,02:40,21,18:00,2025-05-06 10:48:37.062899,2025-05-06 10:48:37.062899
125005,115,2022-05-12,18.2,0,12.9,06:00,23.6,17:30,22,1.4,6.1,13:50,45,68,20:40,29,07:00,2025-05-06 10:48:37.288157,2025-05-06 10:48:37.288157
125024,115,2022-05-13,18.8,0,10.1,06:20,27.5,10:50,31,1.7,6.9,10:10,33,87,,14,07:00,2025-05-06 10:48:37.474683,2025-05-06 10:48:37.474683
125043,115,2022-05-14,19.7,0,13.6,23:59,25.8,11:10,29,1.7,7.8,16:10,42,78,23:59,32,09:10,2025-05-06 10:48:37.691760,2025-05-06 10:48:37.691760
125062,115,2022-05-15,17.9,0,10.8,02:50,25,13:50,30,1.9,6.4,11:20,26,82,02:20,21,13:00,2025-05-06 10:48:37.975567,2025-05-06 10:48:37.975567
125081,115,2022-05-16,18.5,0,12.9,07:30,24.1,15:00,25,1.9,6.1,16:20,44,67,21:20,20,,2025-05-06 10:48:38.246355,2025-05-06 10:48:38.246355
125100,115,2022-05-17,20,0,15.4,22:10,24.7,15:30,28,1.7,6.1,15:10,37,77,21:50,22,09:40,2025-05-06 10:48:38.505297,2025-05-06 10:48:38.505297
125119,115,2022-05-18,20.1,0,14.9,22:30,25.3,15:50,28,2.2,6.4,15:20,38,73,23:40,26,07:00,2025-05-06 10:48:38.735713,2025-05-06 10:48:38.735713
125138,115,2022-05-19,19.1,0,13.3,23:59,24.9,15:10,31,2.2,6.9,13:20,45,75,,30,08:50,2025-05-06 10:48:38.911295,2025-05-06 10:48:38.911295
125157,115,2022-05-20,17.9,0,12.4,03:00,23.4,17:50,5,2.2,9.7,23:59,41,76,,27,04:40,2025-05-06 10:48:39.186730,2025-05-06 10:48:39.186730
125176,115,2022-05-21,20.8,0,15.1,23:40,26.5,10:40,3,3.1,12.5,04:40,39,51,,29,,2025-05-06 10:48:39.469104,2025-05-06 10:48:39.469104
125195,115,2022-05-22,21,0,15.4,00:10,26.5,16:50,6,2.8,12.5,01:00,,67,22:00,21,,2025-05-06 10:48:39.735138,2025-05-06 10:48:39.735138
125214,115,2022-05-23,19.4,0,13.6,23:40,25.2,13:50,6,1.4,7.8,03:50,41,78,23:30,21,01:40,2025-05-06 10:48:40.000805,2025-05-06 10:48:40.000805
125233,115,2022-05-24,17.3,0,10,07:10,24.6,15:20,4,1.7,8.3,07:20,58,86,07:00,21,03:50,2025-05-06 10:48:40.212810,2025-05-06 10:48:40.212810
125252,115,2022-05-25,18.1,0,11.7,06:00,24.5,11:40,7,1.9,9.2,06:40,50,86,,41,13:00,2025-05-06 10:48:40.490783,2025-05-06 10:48:40.490783
125271,115,2022-05-26,17,0,10.3,07:10,23.6,16:00,28,1.7,6.9,14:30,53,87,00:20,18,23:59,2025-05-06 10:48:40.696589,2025-05-06 10:48:40.696589
125290,115,2022-05-27,18.4,0,12.5,07:20,24.2,16:00,28,1.4,5.8,14:10,46,75,23:59,14,,2025-05-06 10:48:40.869320,2025-05-06 10:48:40.869320
125309,115,2022-05-28,16.1,0,10.1,06:50,22.1,12:40,26,2.2,6.4,15:00,59,88,08:00,40,11:20,2025-05-06 10:48:41.029484,2025-05-06 10:48:41.029484
125328,115,2022-05-29,16.6,0,10.4,06:20,22.9,15:10,26,1.7,6.4,14:20,51,85,23:59,33,14:40,2025-05-06 10:48:41.235065,2025-05-06 10:48:41.235065
125347,115,2022-05-30,16,0,8.1,05:30,23.8,15:10,30,2.5,10.6,14:10,,88,,16,07:00,2025-05-06 10:48:41.469788,2025-05-06 10:48:41.469788
125366,115,2022-05-31,17.9,0,13.8,06:10,22,14:00,20,2.5,10.3,05:00,51,81,02:50,37,10:00,2025-05-06 10:48:41.700767,2025-05-06 10:48:41.700767
125385,115,2022-06-01,17.4,0,13.5,23:50,21.3,12:40,29,2.2,7.8,12:20,54,82,23:59,43,12:20,2025-05-06 10:48:41.924338,2025-05-06 10:48:41.924338
125404,115,2022-06-02,17.4,0,11.8,05:20,23.1,14:50,22,1.9,8.6,13:40,52,82,,41,11:30,2025-05-06 10:48:42.187302,2025-05-06 10:48:42.187302
125423,115,2022-06-03,17.6,0,11.8,00:40,23.4,14:30,19,3.1,9.4,14:50,50,72,03:40,41,,2025-05-06 10:48:42.448482,2025-05-06 10:48:42.448482
125442,115,2022-06-04,17.2,0,12.5,07:00,21.8,13:40,6,4.4,11.7,11:50,44,73,05:10,32,16:50,2025-05-06 10:48:42.628122,2025-05-06 10:48:42.628122
125461,115,2022-06-05,17.6,0,12.7,05:40,22.5,09:50,4,1.7,16.7,05:50,33,60,06:00,22,,2025-05-06 10:48:42.822511,2025-05-06 10:48:42.822511
125480,115,2022-06-06,20.8,0,12.8,01:40,28.8,13:20,4,1.4,12.5,09:20,23,56,01:40,11,07:00,2025-05-06 10:48:42.977816,2025-05-06 10:48:42.977816
125499,115,2022-06-07,26.3,0,20.5,01:50,32.1,14:20,6,2.2,13.6,23:10,22,54,20:10,11,07:00,2025-05-06 10:48:43.126725,2025-05-06 10:48:43.126725
125518,115,2022-06-08,24.8,0,21.9,22:00,27.7,11:50,8,10,17.8,07:20,21,35,21:40,11,07:00,2025-05-06 10:49:45.998779,2025-05-06 10:49:45.998779
125537,115,2022-06-09,25.3,0,20.9,03:50,29.7,15:10,8,5.3,17.2,21:30,29,38,23:00,29,19:20,2025-05-06 10:49:46.282575,2025-05-06 10:49:46.282575
125556,115,2022-06-10,25.8,0,22.5,07:30,29.2,14:40,6,4.4,16.1,16:50,28,37,00:00,26,13:00,2025-05-06 10:49:46.549071,2025-05-06 10:49:46.549071
125575,115,2022-06-11,26.8,0,22.6,00:30,30.9,11:00,99,4.2,10.3,,29,36,06:40,26,18:00,2025-05-06 10:49:46.823854,2025-05-06 10:49:46.823854
125594,115,2022-06-12,26.6,0,22.4,02:40,30.9,12:10,13,1.9,7.5,01:20,32,40,20:00,19,,2025-05-06 10:49:47.049778,2025-05-06 10:49:47.049778
125613,115,2022-06-13,24.8,0,20,20:30,29.7,12:00,30,1.1,6.4,15:30,28,65,20:20,16,00:00,2025-05-06 10:49:47.259483,2025-05-06 10:49:47.259483
125632,115,2022-06-14,19,0,13.1,06:30,24.9,15:10,29,2.2,6.7,14:20,55,86,06:40,24,02:00,2025-05-06 10:49:47.467384,2025-05-06 10:49:47.467384
125651,115,2022-06-15,19.1,0,12.1,04:20,26.1,15:10,24,1.9,6.4,13:50,34,75,,24,09:50,2025-05-06 10:49:47.647974,2025-05-06 10:49:47.647974
125670,115,2022-06-16,19.8,0,12.4,04:30,27.1,14:10,9,1.4,12.2,23:10,27,61,01:30,24,,2025-05-06 10:49:47.857971,2025-05-06 10:49:47.857971
125689,115,2022-06-17,21.6,0,15.8,04:30,27.5,17:20,5,3.1,12.5,09:40,34,58,22:10,26,00:20,2025-05-06 10:49:48.031417,2025-05-06 10:49:48.031417
125708,115,2022-06-18,23.6,0,17.8,04:40,29.3,13:50,8,3.1,13.9,08:00,33,56,22:40,21,07:00,2025-05-06 10:49:48.197933,2025-05-06 10:49:48.197933
125727,115,2022-06-19,22.8,0,16.7,23:59,28.8,13:30,4,1.4,13.9,02:00,35,83,23:40,21,03:40,2025-05-06 10:49:48.368864,2025-05-06 10:49:48.368864
125746,115,2022-06-20,20.8,0,15.8,23:59,25.7,14:30,6,3.1,10.3,18:00,43,77,00:00,24,04:40,2025-05-06 10:49:48.541115,2025-05-06 10:49:48.541115
125765,115,2022-06-21,18.3,0,13.5,06:20,23.1,12:30,25,1.9,6.7,13:50,61,84,,48,12:30,2025-05-06 10:49:48.722871,2025-05-06 10:49:48.722871
125784,115,2022-06-22,17,0,11.5,06:00,22.4,14:50,26,1.7,7.2,11:40,61,86,,48,,2025-05-06 10:49:48.916208,2025-05-06 10:49:48.916208
125803,115,2022-06-23,17,0,11.3,04:00,22.6,17:50,30,1.9,6.9,16:20,48,71,23:59,40,11:50,2025-05-06 10:49:49.125722,2025-05-06 10:49:49.125722
125822,115,2022-06-24,17.4,0,11.6,06:40,23.3,15:40,3,3.3,14.7,19:40,50,75,22:50,37,15:40,2025-05-06 10:49:49.327305,2025-05-06 10:49:49.327305
125841,115,2022-06-25,16.4,0,12.8,03:40,20,14:50,3,3.1,15.3,00:20,62,75,,46,23:30,2025-05-06 10:49:49.539237,2025-05-06 10:49:49.539237
125860,115,2022-06-26,18.8,0,12.4,07:10,25.3,15:20,6,2.5,14.2,17:40,56,81,20:50,36,15:10,2025-05-06 10:49:49.716703,2025-05-06 10:49:49.716703
125879,115,2022-06-27,15.5,0,12.3,06:40,18.7,17:00,7,6.7,15.8,23:00,53,80,00:00,44,17:00,2025-05-06 10:49:49.905845,2025-05-06 10:49:49.905845
125898,115,2022-06-28,17.6,0,12.4,07:40,22.7,15:20,4,3.1,13.6,09:20,54,77,,38,14:30,2025-05-06 10:49:50.135477,2025-05-06 10:49:50.135477
125917,115,2022-06-29,18.6,0,12.1,05:50,25.2,13:50,7,3.1,13.1,01:20,42,77,00:00,24,23:30,2025-05-06 10:49:50.369120,2025-05-06 10:49:50.369120
125936,115,2022-06-30,19.6,0,12.9,23:59,26.4,16:20,6,2.2,11.4,00:50,40,76,23:50,28,00:00,2025-05-06 10:49:50.542569,2025-05-06 10:49:50.542569
125955,115,2022-07-01,18,0,12.6,00:40,23.5,16:00,8,1.9,16.7,21:10,57,80,04:20,39,18:40,2025-05-06 10:49:50.738264,2025-05-06 10:49:50.738264
125974,115,2022-07-02,20,0,14.1,00:30,25.9,14:10,5,3.1,10,05:20,49,75,01:20,37,18:00,2025-05-06 10:49:50.998656,2025-05-06 10:49:50.998656
125993,115,2022-07-03,19.4,0,13.8,06:00,24.9,13:40,7,2.2,8.3,07:30,46,70,23:30,39,09:50,2025-05-06 10:49:51.292568,2025-05-06 10:49:51.292568
126012,115,2022-07-04,21.4,0,16.4,00:40,26.4,13:40,21,1.7,6.4,13:50,36,55,00:30,26,07:00,2025-05-06 10:49:51.568189,2025-05-06 10:49:51.568189
126031,115,2022-07-05,22.6,0,17,07:40,28.1,14:40,25,1.1,5.8,15:40,29,56,21:20,17,07:00,2025-05-06 10:49:51.855437,2025-05-06 10:49:51.855437
126050,115,2022-07-06,27.4,0,22.6,00:20,32.2,11:50,23,1.7,5,13:50,,32,19:00,14,,2025-05-06 10:49:52.189706,2025-05-06 10:49:52.189706
126069,115,2022-07-07,27.3,0,22.6,04:30,32,16:00,8,1.1,5,07:20,,48,20:30,14,,2025-05-06 10:49:52.473238,2025-05-06 10:49:52.473238
126088,115,2022-07-08,31.6,0,26.9,00:30,36.4,11:40,6,1.4,14.4,23:59,21,30,19:40,16,07:00,2025-05-06 10:49:52.687150,2025-05-06 10:49:52.687150
126107,115,2022-07-09,32.6,0,28,,37.3,12:20,5,5.6,20.8,23:00,20,26,,19,13:00,2025-05-06 10:49:52.923503,2025-05-06 10:49:52.923503
126126,115,2022-07-10,32.1,0,29,02:40,35.2,14:10,5,7.5,16.7,01:30,18,24,,18,13:00,2025-05-06 10:49:53.189281,2025-05-06 10:49:53.189281
126145,115,2022-07-11,32.7,0,25.9,23:59,39.5,11:30,10,1.9,16.4,00:10,21,39,16:40,16,00:40,2025-05-06 10:49:53.471696,2025-05-06 10:49:53.471696
126164,115,2022-07-12,22.5,0,17.8,22:00,27.2,12:20,24,1.7,6.1,14:10,40,77,21:30,23,00:00,2025-05-06 10:49:53.726968,2025-05-06 10:49:53.726968
126183,115,2022-07-13,22.8,0,16.8,01:30,28.8,16:10,21,1.1,5.6,16:10,33,64,01:10,21,00:00,2025-05-06 10:49:53.986274,2025-05-06 10:49:53.986274
126202,115,2022-07-14,28.8,0,24.4,06:00,33.3,11:00,24,1.7,5.3,13:00,23,43,19:50,16,04:40,2025-05-06 10:49:54.235692,2025-05-06 10:49:54.235692
126221,115,2022-07-15,28.6,0,24.6,03:20,32.7,10:50,25,1.4,6.1,13:00,26,39,19:30,20,07:00,2025-05-06 10:49:54.469650,2025-05-06 10:49:54.469650
126240,115,2022-07-16,28.2,0,23,10:20,33.3,12:00,32,0.6,6.4,12:10,28,46,20:30,18,07:00,2025-05-06 10:49:54.761900,2025-05-06 10:49:54.761900
126259,115,2022-07-17,26.7,0,21.9,23:50,31.5,13:50,30,1.7,7.2,15:50,31,60,21:20,21,00:00,2025-05-06 10:49:55.043743,2025-05-06 10:49:55.043743
126278,115,2022-07-18,26.8,0,21.3,01:00,32.3,14:00,7,3.9,13.6,22:50,26,58,00:20,17,,2025-05-06 10:49:55.338567,2025-05-06 10:49:55.338567
126297,115,2022-07-19,31.2,0,26.4,06:40,35.9,14:00,8,3.9,14.4,11:20,22,34,19:40,14,00:00,2025-05-06 10:49:55.631483,2025-05-06 10:49:55.631483
126316,115,2022-07-20,32,0,27.7,23:59,36.2,14:50,6,6.1,17.5,06:10,24,30,22:30,24,07:00,2025-05-06 10:49:55.939735,2025-05-06 10:49:55.939735
126335,115,2022-07-21,30.4,0,27.1,00:30,33.6,12:00,6,6.4,16.7,21:30,22,28,00:00,22,07:00,2025-05-06 10:49:56.233181,2025-05-06 10:49:56.233181
126354,115,2022-07-22,32.8,0,27.3,04:40,38.3,16:00,5,6.4,18.6,02:00,24,39,23:59,22,13:00,2025-05-06 10:49:56.512016,2025-05-06 10:49:56.512016
126373,115,2022-07-23,29.5,0,25.8,21:00,33.2,14:40,19,2.8,16.4,09:30,36,46,20:40,34,14:30,2025-05-06 10:49:56.801145,2025-05-06 10:49:56.801145
126392,115,2022-07-24,29.5,0,25.3,06:40,33.7,16:50,9,5,14.4,06:50,30,36,,28,18:00,2025-05-06 10:49:57.051561,2025-05-06 10:49:57.051561
126411,115,2022-07-25,33.6,0,27.9,01:00,39.2,15:10,4,2.8,13.3,15:50,24,35,,21,18:00,2025-05-06 10:49:57.297502,2025-05-06 10:49:57.297502
126430,115,2022-07-26,33.2,0,28.4,22:50,38,16:20,9,4.7,15.8,23:40,21,27,,20,13:00,2025-05-06 10:49:57.521459,2025-05-06 10:49:57.521459
126449,115,2022-07-27,29,,25.7,23:50,32.2,16:00,11,6.7,23.3,01:30,22,29,20:30,21,18:00,2025-05-06 10:49:57.818920,2025-05-06 10:49:57.818920
126468,115,2022-07-28,26.2,0,21.1,23:59,31.4,13:00,31,3.9,22.2,03:10,24,36,23:59,21,00:00,2025-05-06 10:49:58.112787,2025-05-06 10:49:58.112787
126487,115,2022-07-29,22.5,0,19.2,04:00,25.8,14:20,4,8.1,17.8,12:20,43,50,06:10,33,00:00,2025-05-06 10:49:58.368140,2025-05-06 10:49:58.368140
126506,115,2022-07-30,27.1,0,22.6,00:50,31.6,18:10,7,3.3,15.8,00:50,33,49,20:00,23,07:00,2025-05-06 10:49:58.671078,2025-05-06 10:49:58.671078
126525,115,2022-07-31,30,0,26.3,06:50,33.6,11:00,28,1.1,5.3,13:50,33,45,19:40,26,04:50,2025-05-06 10:49:58.940203,2025-05-06 10:49:58.940203
126544,115,2022-08-01,32.5,0,27.6,05:20,37.4,16:10,99,2.2,13.9,23:40,28,38,19:00,23,,2025-05-06 10:49:59.221795,2025-05-06 10:49:59.221795
126563,115,2022-08-02,32.2,0,28.6,07:30,35.8,14:20,8,7.5,17.2,09:20,23,29,07:10,22,00:00,2025-05-06 10:49:59.480908,2025-05-06 10:49:59.480908
126582,115,2022-08-03,32.8,0,28.7,04:00,36.9,17:30,5,5.8,25.3,02:00,25,38,20:00,21,00:00,2025-05-06 10:49:59.759966,2025-05-06 10:49:59.759966
126601,115,2022-08-04,33.6,0,29.1,04:50,38,13:00,6,3.1,14.4,00:10,22,36,19:40,16,07:00,2025-05-06 10:50:00.060255,2025-05-06 10:50:00.060255
126620,115,2022-08-05,33.9,0,29.4,01:50,38.4,15:10,6,2.8,10.8,02:00,22,28,19:30,20,00:00,2025-05-06 10:50:00.321698,2025-05-06 10:50:00.321698
126639,115,2022-08-06,33.6,0,29.8,01:40,37.4,14:20,99,1.9,12.8,01:40,23,28,,21,23:30,2025-05-06 10:50:00.549867,2025-05-06 10:50:00.549867
126658,115,2022-08-07,32.4,0,28.1,22:50,36.7,11:00,9,3.1,13.3,01:00,22,36,19:50,18,00:00,2025-05-06 10:50:00.722804,2025-05-06 10:50:00.722804
126677,115,2022-08-08,32.2,0,27.7,21:20,36.7,14:10,10,3.6,14.2,08:40,23,35,16:30,18,00:00,2025-05-06 10:50:00.946392,2025-05-06 10:50:00.946392
126696,115,2022-08-09,30.2,0,26.7,08:00,33.8,13:10,6,1.4,26.7,04:40,22,25,,18,00:00,2025-05-06 10:50:01.237692,2025-05-06 10:50:01.237692
126715,115,2022-08-10,27.4,0,21.6,22:20,33.3,14:00,23,2.2,10.3,16:00,27,51,20:40,22,00:00,2025-05-06 10:50:01.521561,2025-05-06 10:50:01.521561
126734,115,2022-08-11,20.6,0,14,05:30,27.1,11:30,26,1.9,6.4,15:30,40,82,05:20,29,08:20,2025-05-06 10:50:01.801716,2025-05-06 10:50:01.801716
126753,115,2022-08-12,21.6,0,15.9,01:10,27.3,15:20,23,1.9,6.1,14:30,41,72,,32,,2025-05-06 10:50:02.111063,2025-05-06 10:50:02.111063
126772,115,2022-08-13,24.2,0,19.9,07:00,28.5,11:20,22,1.4,6.1,13:40,40,64,,28,08:40,2025-05-06 10:50:02.412665,2025-05-06 10:50:02.412665
126791,115,2022-08-14,27.4,0,20.4,00:50,34.4,14:10,21,2.2,10.6,14:40,30,60,00:40,27,07:00,2025-05-06 10:50:02.710084,2025-05-06 10:50:02.710084
126810,115,2022-08-15,27.7,0,21.6,23:59,33.8,16:10,22,3.9,11.7,22:40,23,36,23:40,18,18:00,2025-05-06 10:50:03.001465,2025-05-06 10:50:03.001465
126829,115,2022-08-16,24.2,0,17.4,22:50,31.1,14:50,5,4.4,17.2,03:10,39,69,22:30,33,00:00,2025-05-06 10:50:03.301899,2025-05-06 10:50:03.301899
126848,115,2022-08-17,17.4,0,15.1,20:40,19.6,15:10,6,8.1,22.2,13:10,70,84,08:20,58,15:10,2025-05-06 10:50:03.579169,2025-05-06 10:50:03.579169
126867,115,2022-08-18,20.4,0,14.7,03:00,26,15:50,5,4.2,16.7,00:40,53,79,,39,10:40,2025-05-06 10:50:03.850271,2025-05-06 10:50:03.850271
126884,115,2022-08-19,23,0,15,02:30,31.1,15:30,25,1.1,5.3,15:30,35,76,00:00,25,08:20,2025-05-06 10:50:04.090365,2025-05-06 10:50:04.090365
126903,115,2022-08-20,31.6,0,27.5,00:20,35.7,13:00,7,3.1,13.6,05:20,23,31,20:30,21,07:00,2025-05-06 10:50:04.349492,2025-05-06 10:50:04.349492
126922,115,2022-08-21,30.6,0,26.5,23:59,34.6,15:40,10,5,27.8,02:30,19,27,,14,18:00,2025-05-06 10:50:04.604804,2025-05-06 10:50:04.604804
126941,115,2022-08-22,29.2,0,26.4,00:10,32.1,14:30,6,5.8,19.2,00:20,19,25,10:10,16,00:00,2025-05-06 10:50:04.844403,2025-05-06 10:50:04.844403
126960,115,2022-08-23,29.7,0,26.6,01:00,32.8,15:20,5,6.1,16.7,03:00,16,23,,13,07:00,2025-05-06 10:50:05.053954,2025-05-06 10:50:05.053954
126979,115,2022-08-24,27.4,0,25.3,08:40,29.5,13:50,5,7.2,16.9,04:50,17,22,,16,00:00,2025-05-06 10:50:05.325307,2025-05-06 10:50:05.325307
126998,115,2022-08-25,26.2,0,22.5,23:10,29.9,17:20,1,3.1,17.2,13:20,19,24,,18,18:00,2025-05-06 10:50:05.610571,2025-05-06 10:50:05.610571
127017,115,2022-08-26,25.4,0,19.1,07:50,31.8,13:50,33,1.7,20.6,08:50,25,55,20:10,17,05:40,2025-05-06 10:50:05.890601,2025-05-06 10:50:05.890601
127036,115,2022-08-27,19.8,0,14.1,07:00,25.4,13:50,22,1.9,7.2,13:50,58,80,,30,00:00,2025-05-06 10:50:06.204867,2025-05-06 10:50:06.204867
127055,115,2022-08-28,19.6,0,13.3,07:20,25.9,13:40,5,1.7,8.3,01:10,55,81,07:20,40,13:00,2025-05-06 10:50:06.447356,2025-05-06 10:50:06.447356
127074,115,2022-08-29,20.5,0,13.7,02:20,27.3,11:30,24,1.1,6.1,14:20,44,69,00:00,31,09:30,2025-05-06 10:50:06.723994,2025-05-06 10:50:06.723994
127093,115,2022-08-30,27.5,0,22,03:20,33,11:50,6,1.7,13.1,22:40,34,52,20:00,21,04:10,2025-05-06 10:50:06.989250,2025-05-06 10:50:06.989250
127112,115,2022-08-31,,1.6,,,,,8,1.1,17.8,05:10,53,84,,43,23:40,2025-05-06 10:50:07.282093,2025-05-06 10:50:07.282093
127131,115,2022-09-01,25,1,22,11:40,28,13:40,8,2.8,14.7,22:40,46,59,,34,07:40,2025-05-06 10:50:07.589194,2025-05-06 10:50:07.589194
127150,115,2022-09-02,27.2,0,22.5,,31.9,15:10,4,1.7,15,02:20,40,50,,37,13:10,2025-05-06 10:50:07.851443,2025-05-06 10:50:07.851443
127169,115,2022-09-03,24.3,0,17.8,23:59,30.8,14:00,23,1.9,9.7,15:00,45,86,23:59,38,13:50,2025-05-06 10:50:08.115613,2025-05-06 10:50:08.115613
127188,115,2022-09-04,22.8,0,16.5,00:10,29.2,10:40,23,1.7,5.8,13:30,30,86,00:00,17,07:00,2025-05-06 10:50:08.392016,2025-05-06 10:50:08.392016
127207,115,2022-09-05,26,0,20.8,20:50,31.2,12:10,30,1.4,6.1,14:30,38,67,20:20,22,23:20,2025-05-06 10:50:08.679640,2025-05-06 10:50:08.679640
127226,115,2022-09-06,24.4,0,19.6,21:20,29.2,16:00,7,1.9,9.7,23:10,32,48,18:50,16,23:59,2025-05-06 10:50:08.946134,2025-05-06 10:50:08.946134
127245,115,2022-09-07,24.7,0,20.4,23:40,29,11:50,5,3.9,20,15:10,27,42,18:30,16,,2025-05-06 10:50:09.203244,2025-05-06 10:50:09.203244
127264,115,2022-09-08,24,0,20,02:20,28,13:00,5,2.2,16.4,22:20,28,38,02:20,25,18:00,2025-05-06 10:50:09.462133,2025-05-06 10:50:09.462133
127283,115,2022-09-09,26.3,0,21.6,02:40,31,15:30,5,4.7,16.7,02:10,27,36,15:50,22,20:30,2025-05-06 10:50:09.718646,2025-05-06 10:50:09.718646
127302,115,2022-09-10,25.4,0,19.9,21:50,30.9,14:20,4,1.9,12.5,02:00,38,65,,22,00:00,2025-05-06 10:50:09.997356,2025-05-06 10:50:09.997356
127321,115,2022-09-11,24,0,18.8,06:50,29.2,10:00,28,,6.4,14:40,,68,21:20,26,01:20,2025-05-06 10:50:10.306265,2025-05-06 10:50:10.306265
127340,115,2022-09-12,23.8,0,18.4,23:59,29.1,15:30,31,2.5,8.1,14:00,40,86,,33,04:40,2025-05-06 10:50:10.555757,2025-05-06 10:50:10.555757
127359,115,2022-09-13,21,0,15.8,07:00,26.2,17:40,26,1.7,6.4,13:50,58,86,00:00,42,17:30,2025-05-06 10:50:10.872646,2025-05-06 10:50:10.872646
127378,115,2022-09-14,21.7,0,16.1,07:00,27.3,13:00,99,2.2,8.6,16:50,49,65,,38,03:20,2025-05-06 10:50:11.170085,2025-05-06 10:50:11.170085
127397,115,2022-09-15,20.6,0.1,14.7,05:00,26.6,12:20,3,3.9,15,20:00,41,82,22:20,23,12:00,2025-05-06 10:50:11.347956,2025-05-06 10:50:11.347956
127416,115,2022-09-16,20,0,16.4,07:30,23.6,17:40,4,6.4,19.4,20:50,55,79,23:10,38,17:40,2025-05-06 10:50:11.558580,2025-05-06 10:50:11.558580
127435,115,2022-09-17,20.8,0,16.4,01:40,25.3,16:00,5,2.5,20,02:30,48,78,00:30,36,15:50,2025-05-06 10:50:11.845177,2025-05-06 10:50:11.845177
127454,115,2022-09-18,20.9,0,16,23:59,25.8,11:50,32,2.2,10.8,04:20,58,82,,40,11:50,2025-05-06 10:50:12.122339,2025-05-06 10:50:12.122339
127473,115,2022-09-19,19.6,20.3,15,23:30,24.3,11:10,22,1.4,10.3,15:20,70,88,,46,11:00,2025-05-06 10:50:12.411375,2025-05-06 10:50:12.411375
127492,115,2022-09-20,20.8,0,15.3,00:10,26.2,11:50,6,1.9,8.3,22:30,56,79,00:00,39,11:40,2025-05-06 10:50:12.688461,2025-05-06 10:50:12.688461
127511,115,2022-09-21,22.2,0,17.6,20:10,26.7,11:20,8,2.8,8.9,23:20,48,76,19:50,31,09:30,2025-05-06 10:50:12.975268,2025-05-06 10:50:12.975268
127530,115,2022-09-22,23.8,0,18.1,21:30,29.4,12:50,6,3.9,10,17:20,30,61,20:10,19,09:10,2025-05-06 10:50:13.255525,2025-05-06 10:50:13.255525
127549,115,2022-09-23,22.2,0.6,16.2,07:50,28.2,11:50,8,1.7,6.4,07:10,44,82,23:50,27,00:00,2025-05-06 10:50:13.544201,2025-05-06 10:50:13.544201
127568,115,2022-09-24,19.4,42.7,17,00:10,21.8,02:30,13,0.6,5.3,22:20,80,87,,26,02:20,2025-05-06 10:50:13.816258,2025-05-06 10:50:13.816258
127587,115,2022-09-25,18.2,88.1,16.4,23:59,20,10:00,15,1.1,10.6,09:50,82,87,,60,00:00,2025-05-06 10:50:14.052430,2025-05-06 10:50:14.052430
127606,115,2022-09-26,20.8,4.5,16.3,00:30,25.3,13:00,7,3.9,13.6,15:40,66,85,08:00,47,13:00,2025-05-06 10:50:14.338065,2025-05-06 10:50:14.338065
127625,115,2022-09-27,22.8,0,17.3,01:10,28.3,14:10,7,1.9,7.2,06:30,61,83,01:20,50,09:30,2025-05-06 10:50:14.591316,2025-05-06 10:50:14.591316
127644,115,2022-09-28,25.4,0,20.4,04:40,30.3,10:50,31,1.7,9.7,17:30,42,60,04:30,34,10:40,2025-05-06 10:50:14.851146,2025-05-06 10:50:14.851146
127663,115,2022-09-29,21,0,14.2,23:59,27.8,12:40,4,2.5,13.9,20:50,48,77,20:00,30,13:00,2025-05-06 10:50:15.122519,2025-05-06 10:50:15.122519
127682,115,2022-09-30,16.6,4.2,13.6,03:00,19.6,12:10,5,2.8,18.9,23:00,73,81,18:20,55,09:30,2025-05-06 10:50:15.367636,2025-05-06 10:50:15.367636
127701,115,2022-10-01,16.2,0.4,13,04:30,19.4,12:50,5,3.9,15,16:50,64,79,07:30,50,12:40,2025-05-06 10:50:15.614257,2025-05-06 10:50:15.614257
127720,115,2022-10-02,21,0,15.8,01:00,26.1,15:10,20,1.9,10.3,14:00,34,61,00:00,28,15:40,2025-05-06 10:50:15.855701,2025-05-06 10:50:15.855701
127739,115,2022-10-03,25.2,0,18.7,04:50,31.6,15:00,9,2.5,8.3,06:20,25,38,04:40,20,13:00,2025-05-06 10:50:16.107888,2025-05-06 10:50:16.107888
127758,115,2022-10-04,26.9,0.6,20.3,21:00,33.5,15:00,4,2.2,14.4,23:10,22,57,21:00,21,18:00,2025-05-06 10:50:16.349134,2025-05-06 10:50:16.349134
127777,115,2022-10-05,25.4,0,22.4,21:20,28.5,14:50,4,3.9,16.7,09:40,22,30,,20,07:00,2025-05-06 10:50:16.620147,2025-05-06 10:50:16.620147
127796,115,2022-10-06,21.6,0,14.8,23:00,28.4,13:40,33,1.7,12.8,09:30,35,77,21:50,20,12:20,2025-05-06 10:50:16.868219,2025-05-06 10:50:16.868219
127815,115,2022-10-07,20.2,0,14.9,04:50,25.4,12:00,6,1.7,13.9,23:40,48,72,00:10,36,21:00,2025-05-06 10:50:17.136693,2025-05-06 10:50:17.136693
127834,115,2022-10-08,20.6,0,16.2,23:59,25,15:00,5,1.7,13.9,00:10,53,68,20:30,30,09:30,2025-05-06 10:50:17.409364,2025-05-06 10:50:17.409364
127853,115,2022-10-09,20.9,0,15.7,01:00,26.1,12:30,7,2.5,9.7,01:00,58,74,17:30,34,07:10,2025-05-06 10:50:17.686293,2025-05-06 10:50:17.686293
127872,115,2022-10-10,20.8,0,16.4,06:30,25.2,14:40,8,1.7,9.7,00:30,47,73,19:40,24,23:50,2025-05-06 10:50:17.932061,2025-05-06 10:50:17.932061
127891,115,2022-10-11,18.3,0,14.1,23:59,22.5,14:20,7,3.9,12.5,05:00,61,72,07:30,17,01:30,2025-05-06 10:50:18.193092,2025-05-06 10:50:18.193092
127910,115,2022-10-12,16.3,0.8,12.8,04:40,19.8,12:00,3,2.5,15.6,19:20,69,76,,57,12:00,2025-05-06 10:50:18.477941,2025-05-06 10:50:18.477941
127929,115,2022-10-13,16,16.1,13.7,04:00,18.2,14:00,8,3.9,15,20:20,72,80,,62,14:00,2025-05-06 10:50:18.728378,2025-05-06 10:50:18.728378
127948,115,2022-10-14,17.6,1.2,14.9,02:00,20.4,16:00,7,3.9,11.4,14:20,66,82,02:00,59,14:00,2025-05-06 10:50:18.975341,2025-05-06 10:50:18.975341
127967,115,2022-10-15,18.8,0,14.1,23:59,23.4,15:20,7,4.2,11.7,07:50,68,85,18:50,37,21:00,2025-05-06 10:50:19.207743,2025-05-06 10:50:19.207743
127986,115,2022-10-16,18,0,13.7,00:30,22.3,14:20,99,1.1,5.3,,53,83,00:10,41,09:10,2025-05-06 10:50:19.469517,2025-05-06 10:50:19.469517
128005,115,2022-10-17,19.5,0.2,14.4,00:30,24.6,23:59,11,1.1,8.3,23:30,49,80,18:50,18,21:40,2025-05-06 10:50:19.743442,2025-05-06 10:50:19.743442
128024,115,2022-10-18,26.4,,22.1,06:20,30.8,12:30,99,1.9,10.3,05:50,27,33,,16,00:00,2025-05-06 10:50:19.980328,2025-05-06 10:50:19.980328
128043,115,2022-10-19,24.7,0,19.8,19:40,29.6,11:30,99,1.9,4.7,,40,73,19:10,26,09:30,2025-05-06 10:50:20.205224,2025-05-06 10:50:20.205224
128062,115,2022-10-20,23.3,0,18.1,03:00,28.5,12:30,24,1.1,4.7,15:20,35,67,19:10,18,10:20,2025-05-06 10:50:20.487100,2025-05-06 10:50:20.487100
128081,115,2022-10-21,24.7,0,20.2,18:50,29.2,13:50,27,1.1,5,13:40,38,64,18:30,23,09:40,2025-05-06 10:50:20.743798,2025-05-06 10:50:20.743798
128100,115,2022-10-22,22,0,16.6,20:40,27.4,10:50,27,1.1,5.3,16:10,39,80,19:50,23,00:00,2025-05-06 10:50:21.024289,2025-05-06 10:50:21.024289
128119,115,2022-10-23,20.1,0,14.9,04:30,25.3,12:00,26,1.1,9.2,16:40,41,79,19:20,23,22:50,2025-05-06 10:50:21.281969,2025-05-06 10:50:21.281969
128138,115,2022-10-24,23.8,0,18.7,00:50,28.9,13:10,19,1.1,12.8,06:40,25,37,16:30,21,07:00,2025-05-06 10:50:21.585032,2025-05-06 10:50:21.585032
128157,115,2022-10-25,25.2,0,20.9,07:20,29.6,14:50,19,1.4,11.7,11:50,31,57,18:20,20,13:00,2025-05-06 10:50:21.871615,2025-05-06 10:50:21.871615
128176,115,2022-10-26,24.8,0,21.1,19:00,28.5,13:00,20,1.4,12.2,12:50,30,44,18:50,25,00:00,2025-05-06 10:50:22.075945,2025-05-06 10:50:22.075945
128195,115,2022-10-27,26.2,0,22.3,07:10,30,13:10,21,2.2,11.7,14:50,31,43,18:30,26,13:00,2025-05-06 10:50:22.271915,2025-05-06 10:50:22.271915
128214,115,2022-10-28,26.9,0,21.7,08:10,32.1,11:20,12,2.8,7.5,,23,37,00:00,21,11:40,2025-05-06 10:50:22.543682,2025-05-06 10:50:22.543682
128233,115,2022-10-29,26.2,0,21.7,08:00,30.6,13:40,12,3.3,7.8,07:10,22,31,18:40,19,00:00,2025-05-06 10:50:22.836048,2025-05-06 10:50:22.836048
128252,115,2022-10-30,26,0,21.9,07:40,30,13:50,19,2.5,10,14:10,25,38,17:50,20,13:00,2025-05-06 10:50:23.112370,2025-05-06 10:50:23.112370
128271,115,2022-10-31,26.5,0,22.6,08:20,30.4,14:40,19,2.2,8.3,12:20,26,34,17:50,21,,2025-05-06 10:50:23.368273,2025-05-06 10:50:23.368273
128290,115,2022-11-01,25.8,0,21.4,23:59,30.1,13:20,13,1.9,5.6,21:40,23,35,19:00,20,07:00,2025-05-06 10:50:23.617234,2025-05-06 10:50:23.617234
128309,115,2022-11-02,25.2,0,20.4,20:00,30.1,10:40,10,2.2,8.6,06:50,25,39,18:30,20,10:00,2025-05-06 10:50:23.897038,2025-05-06 10:50:23.897038
128328,115,2022-11-03,24.1,0,19.6,20:40,28.6,10:40,26,2.2,4.7,15:20,31,53,18:30,21,00:00,2025-05-06 10:50:24.126507,2025-05-06 10:50:24.126507
128347,115,2022-11-04,21,0,16.1,19:30,25.8,09:40,10,1.7,6.4,23:40,42,81,19:20,30,09:40,2025-05-06 10:50:24.371590,2025-05-06 10:50:24.371590
128366,115,2022-11-05,20.1,0,14.2,22:40,26,12:50,8,0.6,9.2,09:30,36,83,20:20,11,07:00,2025-05-06 10:50:24.639996,2025-05-06 10:50:24.639996
128385,115,2022-11-06,19.8,0,15.4,19:30,24.1,10:20,99,0.8,6.1,,52,84,18:40,23,,2025-05-06 10:50:24.920105,2025-05-06 10:50:24.920105
128404,115,2022-11-07,23.3,0,19.5,01:10,27.1,13:40,22,2.5,11.7,12:40,25,48,18:20,16,07:00,2025-05-06 10:50:25.189961,2025-05-06 10:50:25.189961
128423,115,2022-11-08,22.4,0,17.2,18:50,27.6,10:00,22,2.2,5.8,14:20,32,74,18:30,18,07:00,2025-05-06 10:50:25.431156,2025-05-06 10:50:25.431156
128442,115,2022-11-09,22.8,0,18.3,04:40,27.2,10:40,14,1.7,5,00:50,29,56,18:30,18,00:00,2025-05-06 10:50:25.700671,2025-05-06 10:50:25.700671
128461,115,2022-11-10,22.4,0,18.1,18:40,26.7,10:50,26,1.7,5.3,14:50,36,68,18:40,21,07:00,2025-05-06 10:50:25.931764,2025-05-06 10:50:25.931764
128480,115,2022-11-11,22.2,0,18.2,05:30,26.2,11:00,12,1.1,5.3,08:40,36,61,17:50,24,07:00,2025-05-06 10:50:26.160427,2025-05-06 10:50:26.160427
128499,115,2022-11-12,21.8,0,17.9,06:30,25.7,12:00,26,3.1,13.6,13:40,25,40,01:30,23,18:00,2025-05-06 10:50:26.433134,2025-05-06 10:50:26.433134
128518,115,2022-11-13,22.8,0,20.1,19:20,25.4,15:40,25,3.1,17.8,11:20,21,27,,21,07:00,2025-05-06 10:50:26.686737,2025-05-06 10:50:26.686737
128537,115,2022-11-14,21.6,0,17.5,23:30,25.8,12:20,11,3.9,10.6,16:00,24,30,,21,13:00,2025-05-06 10:50:26.901999,2025-05-06 10:50:26.901999
128556,115,2022-11-15,22,0,17.3,00:10,26.7,12:00,12,1.4,12.2,02:50,24,31,18:10,21,13:00,2025-05-06 10:50:27.126491,2025-05-06 10:50:27.126491
128575,115,2022-11-16,23.2,0,18.8,23:00,27.7,10:20,10,2.5,7.5,06:40,22,29,18:40,21,13:00,2025-05-06 10:50:27.378577,2025-05-06 10:50:27.378577
128594,115,2022-11-17,22,0,17.2,23:40,26.7,12:00,27,2.5,10.3,15:50,23,29,18:10,22,13:00,2025-05-06 10:50:27.678984,2025-05-06 10:50:27.678984
128613,115,2022-11-18,16.2,0.5,13.4,23:59,19.1,11:30,9,5.3,14.2,17:50,62,82,10:10,27,,2025-05-06 10:50:27.969360,2025-05-06 10:50:27.969360
128632,115,2022-11-19,12.8,4.4,11.7,09:00,14,11:40,4,4.7,16.9,23:50,74,83,12:00,67,03:00,2025-05-06 10:50:28.244123,2025-05-06 10:50:28.244123
128651,115,2022-11-20,14.2,0.5,11.8,01:00,16.5,14:40,5,3.1,18.1,20:30,76,85,,51,23:59,2025-05-06 10:50:28.532748,2025-05-06 10:50:28.532748
128670,115,2022-11-21,18.8,0,13.3,01:20,24.4,12:30,4,2.2,13.6,01:10,35,68,01:10,25,13:00,2025-05-06 10:50:28.795365,2025-05-06 10:50:28.795365
128689,115,2022-11-22,17.9,0,12.3,22:00,23.5,10:30,7,1.7,9.7,18:20,43,79,21:50,25,23:40,2025-05-06 10:50:29.040629,2025-05-06 10:50:29.040629
128708,115,2022-11-23,16.4,0,12,22:40,20.9,15:10,8,2.2,11.4,02:00,48,87,22:30,22,00:00,2025-05-06 10:50:29.287001,2025-05-06 10:50:29.287001
128727,115,2022-11-24,16,0,10.6,07:00,21.5,10:40,24,1.4,5.3,13:20,68,85,,27,23:20,2025-05-06 10:50:29.492770,2025-05-06 10:50:29.492770
128746,115,2022-11-25,18.6,0,14.5,20:00,22.6,11:00,21,1.7,6.1,16:10,31,68,19:30,18,07:00,2025-05-06 10:50:29.764953,2025-05-06 10:50:29.764953
128765,115,2022-11-26,22,0,16.3,01:40,27.7,10:50,14,1.4,6.4,23:59,21,35,18:50,16,13:00,2025-05-06 10:50:30.003017,2025-05-06 10:50:30.003017
128784,115,2022-11-27,21.2,0,18.6,07:50,23.9,12:50,8,3.9,10.8,16:20,19,28,15:50,17,00:00,2025-05-06 10:50:30.267171,2025-05-06 10:50:30.267171
128803,115,2022-11-28,20.5,0,17.4,23:59,23.6,13:20,9,4.2,15.8,22:40,22,26,,21,18:00,2025-05-06 10:50:30.509633,2025-05-06 10:50:30.509633
128822,115,2022-11-29,18,0,12.1,20:20,23.8,12:30,10,3.3,26.1,02:20,36,80,20:10,20,07:00,2025-05-06 10:50:30.791361,2025-05-06 10:50:30.791361
128841,115,2022-11-30,16.3,0,10.8,23:59,21.8,12:50,7,2.2,6.1,01:40,49,79,19:20,20,01:10,2025-05-06 10:50:31.079975,2025-05-06 10:50:31.079975
128860,115,2022-12-01,15.3,4.3,9.9,08:00,20.7,15:50,28,2.2,10.8,23:10,60,89,21:10,27,12:10,2025-05-06 10:50:31.333939,2025-05-06 10:50:31.333939
128879,115,2022-12-02,15.2,3.6,11.1,03:30,19.3,13:20,23,1.4,9.2,15:40,71,88,,40,14:50,2025-05-06 10:50:31.579580,2025-05-06 10:50:31.579580
128898,115,2022-12-03,15.6,2.4,11.3,00:40,19.9,11:10,26,0.6,10.6,21:50,75,88,,48,11:20,2025-05-06 10:50:31.844466,2025-05-06 10:50:31.844466
128917,115,2022-12-04,12.9,11,10.5,05:00,15.3,11:20,20,3.1,15.8,18:20,67,88,,50,11:40,2025-05-06 10:50:32.061055,2025-05-06 10:50:32.061055
128935,115,2022-12-05,15.4,0.1,11.7,06:10,19.1,16:20,21,1.7,15,01:20,62,89,05:40,41,15:10,2025-05-06 10:51:35.262723,2025-05-06 10:51:35.262723
128953,115,2022-12-06,15.9,0,12,04:30,19.8,14:40,20,0.8,8.6,15:50,54,70,04:30,43,12:20,2025-05-06 10:51:35.539819,2025-05-06 10:51:35.539819
128972,115,2022-12-07,15.6,11.4,12.3,00:40,18.8,10:30,19,2.8,10.6,09:40,55,88,,14,09:10,2025-05-06 10:51:35.835900,2025-05-06 10:51:35.835900
128991,115,2022-12-08,16.8,0,13.5,23:40,20.1,15:00,31,1.9,8.6,01:50,69,88,,45,13:10,2025-05-06 10:51:36.116463,2025-05-06 10:51:36.116463
129010,115,2022-12-09,17.4,0,13,02:40,21.8,15:20,23,1.1,4.7,15:30,57,81,05:50,44,11:00,2025-05-06 10:51:36.374940,2025-05-06 10:51:36.374940
129029,115,2022-12-10,19.2,0,14.2,06:20,24.2,14:20,30,1.7,5,16:40,67,86,,34,23:59,2025-05-06 10:51:36.634281,2025-05-06 10:51:36.634281
129048,115,2022-12-11,22.2,0,16.8,05:50,27.5,12:40,12,0.6,5.6,19:30,43,59,18:10,29,12:00,2025-05-06 10:51:36.895553,2025-05-06 10:51:36.895553
129067,115,2022-12-12,22.1,0,17.5,04:50,26.7,11:50,13,1.1,6.7,06:00,34,52,20:00,27,10:40,2025-05-06 10:51:37.070766,2025-05-06 10:51:37.070766
129086,115,2022-12-13,23.2,0,19.2,05:10,27.2,15:00,21,1.1,6.7,13:20,34,42,05:00,29,13:00,2025-05-06 10:51:37.235384,2025-05-06 10:51:37.235384
129105,115,2022-12-14,18.6,0,12.7,23:59,24.5,15:20,28,1.7,9.2,12:30,46,79,,30,04:30,2025-05-06 10:51:37.477008,2025-05-06 10:51:37.477008
129124,115,2022-12-15,15.4,1,11.1,08:20,19.8,14:10,24,1.7,5,14:00,45,86,,25,07:00,2025-05-06 10:51:37.772029,2025-05-06 10:51:37.772029
129142,115,2022-12-16,14.8,0,10.1,23:59,19.5,14:20,20,1.9,6.7,14:00,53,87,,34,13:00,2025-05-06 10:51:38.069028,2025-05-06 10:51:38.069028
129161,115,2022-12-17,14.7,0,9.3,03:20,20.1,14:00,22,1.1,5.6,14:00,65,87,21:50,31,22:30,2025-05-06 10:51:38.347499,2025-05-06 10:51:38.347499
129180,115,2022-12-18,16.8,0,10.5,,23,14:00,10,0.8,4.2,00:20,45,72,00:00,25,09:20,2025-05-06 10:51:38.626636,2025-05-06 10:51:38.626636
129199,115,2022-12-19,19.7,0,15.6,23:50,23.8,11:40,12,1.7,6.1,07:20,26,46,19:00,20,,2025-05-06 10:51:38.888209,2025-05-06 10:51:38.888209
129218,115,2022-12-20,18.8,0,14.4,06:40,23.1,13:50,12,1.9,9.2,21:20,33,58,18:10,23,01:40,2025-05-06 10:51:39.182378,2025-05-06 10:51:39.182378
129237,115,2022-12-21,17,0,13,04:20,21.1,14:20,10,2.2,13.6,22:50,27,38,02:40,22,00:00,2025-05-06 10:51:39.469386,2025-05-06 10:51:39.469386
129256,115,2022-12-22,18,0,13.3,20:40,22.6,11:00,4,1.4,11.1,00:50,26,48,20:00,23,,2025-05-06 10:51:39.765969,2025-05-06 10:51:39.765969
129275,115,2022-12-23,18.3,0,13.5,00:20,23.1,11:40,8,1.4,7.2,21:40,29,47,18:50,24,11:10,2025-05-06 10:51:40.040241,2025-05-06 10:51:40.040241
129294,115,2022-12-24,18.2,0,13.7,21:50,22.6,14:20,20,2.5,10.6,14:50,28,39,,25,13:00,2025-05-06 10:51:40.315605,2025-05-06 10:51:40.315605
129313,115,2022-12-25,15.7,0,12.1,22:50,19.3,14:00,22,3.6,13.9,16:20,30,38,,29,13:00,2025-05-06 10:51:40.584960,2025-05-06 10:51:40.584960
129332,115,2022-12-26,15.4,0,12.1,07:50,18.6,15:40,13,3.9,22.2,23:30,30,49,10:10,28,18:00,2025-05-06 10:51:40.837138,2025-05-06 10:51:40.837138
129351,115,2022-12-27,12.8,3.1,9.7,19:40,15.9,13:40,14,5,26.7,02:50,44,67,18:30,31,,2025-05-06 10:51:41.103630,2025-05-06 10:51:41.103630
129370,115,2022-12-28,14.1,0,11.7,03:00,16.5,11:50,11,6.9,18.1,14:50,43,64,03:10,36,23:20,2025-05-06 10:51:41.344745,2025-05-06 10:51:41.344745
129389,115,2022-12-29,16.7,0,14,19:20,19.4,12:20,9,3.1,16.1,19:10,37,56,23:50,33,00:00,2025-05-06 10:51:41.600146,2025-05-06 10:51:41.600146
129408,115,2022-12-30,16.4,0,13.7,01:40,19.1,16:40,20,5.3,18.6,13:40,49,58,,43,16:40,2025-05-06 10:51:41.831915,2025-05-06 10:51:41.831915
129427,115,2022-12-31,17.3,0,13.3,21:30,21.3,13:30,16,2.2,13.6,06:20,46,63,21:30,37,,2025-05-06 10:51:42.089095,2025-05-06 10:51:42.089095
129446,115,2023-01-01,17.6,0,13.3,23:59,21.9,12:30,13,2.2,6.9,00:10,53,67,20:10,42,12:10,2025-05-06 10:51:42.328602,2025-05-06 10:51:42.328602
129465,115,2023-01-02,17,0,11.9,22:10,22,12:50,8,2.5,7.8,23:50,50,70,22:10,40,13:00,2025-05-06 10:51:42.605690,2025-05-06 10:51:42.605690
129484,115,2023-01-03,14.5,0,11.7,05:40,17.3,12:30,7,3.1,14.2,22:40,31,67,00:00,29,13:00,2025-05-06 10:51:42.909346,2025-05-06 10:51:42.909346
129503,115,2023-01-04,14.9,0,12.1,02:30,17.7,14:40,6,2.8,14.7,13:40,30,42,02:00,27,18:00,2025-05-06 10:51:43.162676,2025-05-06 10:51:43.162676
129522,115,2023-01-05,14.8,0,11.4,19:20,18.2,16:30,8,2.8,13.6,05:10,29,61,18:50,24,07:00,2025-05-06 10:51:43.407214,2025-05-06 10:51:43.407214
129541,115,2023-01-06,15.6,0,11.2,19:20,19.9,13:20,9,1.9,11.7,02:50,36,71,18:40,22,20:50,2025-05-06 10:51:43.649710,2025-05-06 10:51:43.649710
129560,115,2023-01-07,15.6,0,11.1,02:00,20.2,15:30,8,1.7,8.9,21:00,39,64,18:40,24,00:00,2025-05-06 10:51:43.933522,2025-05-06 10:51:43.933522
129579,115,2023-01-08,15.1,0,11.4,04:20,18.8,14:20,6,2.2,9.2,05:30,35,53,17:50,27,23:50,2025-05-06 10:51:44.201371,2025-05-06 10:51:44.201371
129598,115,2023-01-09,15.2,0,11,21:00,19.3,16:00,20,3.1,15.3,16:10,46,69,,27,00:00,2025-05-06 10:51:44.488560,2025-05-06 10:51:44.488560
129617,115,2023-01-10,13.3,1.7,11.2,01:00,15.4,15:50,8,3.9,15,00:10,59,68,00:20,47,02:10,2025-05-06 10:51:44.766207,2025-05-06 10:51:44.766207
129636,115,2023-01-11,13.2,14.8,10.9,07:00,15.5,14:40,4,2.5,16.1,23:40,68,80,23:20,53,14:40,2025-05-06 10:51:45.000926,2025-05-06 10:51:45.000926
129655,115,2023-01-12,11.4,13.8,10,23:59,12.9,14:50,5,4.7,17.5,05:50,80,85,,67,22:40,2025-05-06 10:51:45.256519,2025-05-06 10:51:45.256519
129674,115,2023-01-13,12.6,0,9.7,08:50,15.5,15:20,99,3.9,16.9,,61,78,04:10,51,15:30,2025-05-06 10:51:45.523306,2025-05-06 10:51:45.523306
129693,115,2023-01-14,15.6,0,11.3,00:10,20,12:30,8,2.5,14.7,23:40,34,59,00:00,31,18:00,2025-05-06 10:51:45.731985,2025-05-06 10:51:45.731985
129712,115,2023-01-15,13.8,0,12,18:30,15.7,11:40,10,4.4,14.2,01:30,43,60,18:30,30,07:00,2025-05-06 10:51:46.007928,2025-05-06 10:51:46.007928
129731,115,2023-01-16,14.4,0.3,10.1,23:00,18.6,12:40,4,5.6,17.2,07:10,47,71,20:10,35,07:00,2025-05-06 10:51:46.278648,2025-05-06 10:51:46.278648
129750,115,2023-01-17,11.4,2.4,9.2,23:30,13.7,13:30,3,1.9,13.9,22:00,71,84,04:50,57,13:30,2025-05-06 10:51:46.532551,2025-05-06 10:51:46.532551
129769,115,2023-01-18,11.6,11.7,8.9,04:40,14.4,14:50,1,3.3,13.1,19:40,76,87,07:30,66,13:00,2025-05-06 10:51:46.766468,2025-05-06 10:51:46.766468
129788,115,2023-01-19,9.5,7,8.5,23:20,10.5,13:20,8,2.5,18.1,21:40,76,83,13:40,69,09:40,2025-05-06 10:51:47.023238,2025-05-06 10:51:47.023238
129807,115,2023-01-20,11.4,1.3,8.7,01:10,14,15:30,5,1.9,16.9,03:10,67,80,,56,16:20,2025-05-06 10:51:47.292108,2025-05-06 10:51:47.292108
129826,115,2023-01-21,10.8,0.7,9.1,05:00,12.4,11:30,9,3.1,18.1,23:00,72,82,07:10,64,11:30,2025-05-06 10:51:47.533347,2025-05-06 10:51:47.533347
129845,115,2023-01-22,11.1,4.6,9.7,02:50,12.5,14:00,8,5.8,18.9,00:10,72,82,09:20,63,13:20,2025-05-06 10:51:47.717573,2025-05-06 10:51:47.717573
129864,115,2023-01-23,11,0,8.4,23:59,13.6,11:50,9,1.1,14.2,01:50,66,78,07:10,54,11:50,2025-05-06 10:51:47.888378,2025-05-06 10:51:47.888378
129883,115,2023-01-24,11.6,0,7.8,03:40,15.5,13:50,6,4.2,16.7,21:20,55,74,01:30,34,13:40,2025-05-06 10:51:48.135506,2025-05-06 10:51:48.135506
129902,115,2023-01-25,9.8,0.1,7.7,23:00,12,13:10,4,5.3,21.7,22:20,59,73,00:40,54,13:00,2025-05-06 10:51:48.396704,2025-05-06 10:51:48.396704
129921,115,2023-01-26,8.8,0.1,7.3,20:00,10.3,14:20,99,6.4,23.9,,61,73,03:30,53,12:00,2025-05-06 10:51:48.651266,2025-05-06 10:51:48.651266
129940,115,2023-01-27,9.6,4.6,6.9,07:00,12.3,14:00,10,2.8,13.9,02:30,67,86,22:10,51,14:00,2025-05-06 10:51:48.935668,2025-05-06 10:51:48.935668
129959,115,2023-01-28,9,9,7.5,03:00,10.6,15:20,5,3.1,14.7,05:30,75,82,21:20,65,10:30,2025-05-06 10:51:49.221714,2025-05-06 10:51:49.221714
129978,115,2023-01-29,8.9,2.5,7.1,09:10,10.7,12:00,6,1.9,12.5,21:30,64,88,08:40,57,18:00,2025-05-06 10:51:49.498911,2025-05-06 10:51:49.498911
129997,115,2023-01-30,10.8,0,6.7,08:10,14.8,12:40,10,2.5,9.7,19:40,56,69,02:10,46,12:30,2025-05-06 10:51:49.757020,2025-05-06 10:51:49.757020
130016,115,2023-01-31,10.4,0.5,7.6,01:00,13.3,13:50,7,1.7,11.7,02:20,63,79,,47,12:20,2025-05-06 10:51:50.011105,2025-05-06 10:51:50.011105
130034,115,2023-02-01,11,0,7.3,05:30,14.6,14:20,6,3.1,8.3,05:30,52,69,,40,22:30,2025-05-06 10:51:50.272535,2025-05-06 10:51:50.272535
130053,115,2023-02-02,12.4,0,7.5,01:30,17.4,16:20,9,2.8,13.3,04:50,30,68,01:20,22,13:00,2025-05-06 10:51:50.550432,2025-05-06 10:51:50.550432
130072,115,2023-02-03,13.7,0,9.7,20:40,17.7,13:50,99,2.2,8.3,,27,55,19:20,21,07:00,2025-05-06 10:51:50.801394,2025-05-06 10:51:50.801394
130091,115,2023-02-04,11.5,0,6.8,23:50,16.2,11:00,18,2.5,8.6,17:30,36,66,23:20,22,00:00,2025-05-06 10:51:51.061046,2025-05-06 10:51:51.061046
130110,115,2023-02-05,11.8,3.7,6.8,18:30,16.9,13:50,9,2.2,9.2,05:50,54,79,18:00,23,13:00,2025-05-06 10:51:51.325107,2025-05-06 10:51:51.325107
130129,115,2023-02-06,11.7,11.5,7.1,01:20,16.3,11:10,24,2.2,11.7,23:59,42,82,,24,10:50,2025-05-06 10:51:51.580433,2025-05-06 10:51:51.580433
130148,115,2023-02-07,10,0.1,7.1,01:40,12.8,15:40,21,1.9,10,03:50,58,76,03:00,48,11:20,2025-05-06 10:51:51.835279,2025-05-06 10:51:51.835279
130167,115,2023-02-08,11.6,0,7.1,07:00,16,17:40,25,1.9,8.6,16:10,51,79,21:30,40,11:10,2025-05-06 10:51:52.089489,2025-05-06 10:51:52.089489
130186,115,2023-02-09,11.6,5.1,7.6,08:00,15.6,16:10,21,1.4,8.1,16:20,59,84,20:00,38,23:30,2025-05-06 10:51:52.365639,2025-05-06 10:51:52.365639
130205,115,2023-02-10,11.4,1.8,6.4,06:00,16.4,14:40,22,3.1,14.2,22:20,53,79,06:00,38,00:00,2025-05-06 10:51:52.669668,2025-05-06 10:51:52.669668
130224,115,2023-02-11,12.6,0.4,8.4,07:50,16.7,16:50,22,0.8,10.8,00:20,60,77,06:30,46,16:40,2025-05-06 10:51:52.937561,2025-05-06 10:51:52.937561
130243,115,2023-02-12,14.5,0,9.1,06:20,19.9,14:50,29,1.7,9.7,14:10,,61,01:10,27,,2025-05-06 10:51:53.190201,2025-05-06 10:51:53.190201
130262,115,2023-02-13,14.6,0,9.8,22:00,19.5,14:40,15,0.8,5.8,00:20,38,68,19:30,32,13:00,2025-05-06 10:51:53.481621,2025-05-06 10:51:53.481621
130281,115,2023-02-14,14.4,0,9.1,04:20,19.6,14:40,7,2.2,7.2,23:50,41,68,19:30,33,10:30,2025-05-06 10:51:53.763244,2025-05-06 10:51:53.763244
130300,115,2023-02-15,9.7,16.2,6.2,21:10,13.2,13:40,3,1.4,11.9,12:10,59,83,08:50,48,13:30,2025-05-06 10:51:54.078564,2025-05-06 10:51:54.078564
130319,115,2023-02-16,9.5,4.4,5.3,06:40,13.7,15:10,99,2.5,10.3,,57,80,06:30,41,15:00,2025-05-06 10:51:54.321062,2025-05-06 10:51:54.321062
130338,115,2023-02-17,11.7,1.8,7,00:40,16.4,14:50,35,3.6,9.2,19:50,66,86,05:40,44,14:40,2025-05-06 10:51:54.586846,2025-05-06 10:51:54.586846
130357,115,2023-02-18,12.6,0.1,8.8,23:59,16.3,12:50,35,1.4,6.9,01:10,61,81,07:20,46,15:30,2025-05-06 10:51:54.821431,2025-05-06 10:51:54.821431
130376,115,2023-02-19,12.8,0,8.2,04:00,17.3,12:10,5,1.1,7.5,23:59,57,83,03:30,45,13:00,2025-05-06 10:51:55.043760,2025-05-06 10:51:55.043760
130395,115,2023-02-20,13.4,0,8.1,05:00,18.7,13:30,9,1.7,8.3,22:10,42,68,,36,11:00,2025-05-06 10:51:55.288576,2025-05-06 10:51:55.288576
130414,115,2023-02-21,12.6,0.5,9.6,00:20,15.6,14:30,7,3.1,11.4,03:50,54,68,23:59,45,14:30,2025-05-06 10:51:55.563448,2025-05-06 10:51:55.563448
130433,115,2023-02-22,10.6,2.4,9.1,22:30,12.2,13:00,9,3.3,13.6,06:20,63,76,23:20,57,13:00,2025-05-06 10:51:55.847819,2025-05-06 10:51:55.847819
130452,115,2023-02-23,10.4,3.1,8.1,10:00,12.8,16:00,26,2.5,10.3,23:00,65,84,09:50,50,15:50,2025-05-06 10:51:56.137847,2025-05-06 10:51:56.137847
130471,115,2023-02-24,12.4,0.4,7.7,07:30,17.1,14:00,24,1.9,9.7,00:50,60,83,,43,14:20,2025-05-06 10:51:56.429198,2025-05-06 10:51:56.429198
130490,115,2023-02-25,12.4,0,7.6,23:59,17.2,16:50,28,1.4,6.4,16:30,58,84,00:20,47,11:40,2025-05-06 10:51:56.709846,2025-05-06 10:51:56.709846
130509,115,2023-02-26,13.8,0,8.3,00:20,19.4,14:20,99,1.9,6.1,,53,85,20:30,40,,2025-05-06 10:51:56.987808,2025-05-06 10:51:56.987808
130528,115,2023-02-27,15,0,10.3,02:20,19.6,17:00,5,2.5,9.2,04:00,30,56,02:10,21,18:20,2025-05-06 10:51:57.241581,2025-05-06 10:51:57.241581
130547,115,2023-02-28,16.8,0,11.2,23:40,22.4,14:20,15,2.2,8.6,10:00,49,82,23:00,20,01:00,2025-05-06 10:51:57.501570,2025-05-06 10:51:57.501570
130566,115,2023-03-01,15,0,10.4,07:30,19.6,15:20,8,1.4,6.7,05:50,61,83,,41,02:00,2025-05-06 10:51:57.715168,2025-05-06 10:51:57.715168
130585,115,2023-03-02,16,0,10.1,04:00,21.8,12:40,17,2.5,6.7,14:20,42,83,00:00,31,10:40,2025-05-06 10:51:58.010043,2025-05-06 10:51:58.010043
130604,115,2023-03-03,17.2,0,11.6,23:40,22.7,13:40,23,1.7,8.6,13:50,47,74,20:40,30,23:59,2025-05-06 10:51:58.288333,2025-05-06 10:51:58.288333
130623,115,2023-03-04,15.8,0,10.9,06:20,20.7,13:40,8,1.9,9.2,07:30,48,80,20:00,30,00:00,2025-05-06 10:51:58.508378,2025-05-06 10:51:58.508378
130642,115,2023-03-05,15.8,0,10.8,23:59,20.7,11:10,27,1.7,5.8,15:30,48,83,20:10,31,11:10,2025-05-06 10:51:58.705188,2025-05-06 10:51:58.705188
130661,115,2023-03-06,16,0,10.3,00:30,21.8,11:00,12,1.7,5.8,07:10,,78,20:20,19,06:50,2025-05-06 10:51:58.987082,2025-05-06 10:51:58.987082
130680,115,2023-03-07,18.7,0,13.6,20:10,23.8,11:00,25,1.7,7.8,12:50,31,71,19:40,20,14:30,2025-05-06 10:51:59.240271,2025-05-06 10:51:59.240271
130699,115,2023-03-08,18.5,0,13.5,20:50,23.5,11:10,99,1.4,5.8,,28,67,20:40,12,07:00,2025-05-06 10:51:59.492566,2025-05-06 10:51:59.492566
130718,115,2023-03-09,18.9,0,15.3,21:10,22.5,17:00,10,5.6,19.2,22:10,26,38,13:10,15,00:00,2025-05-06 10:51:59.789472,2025-05-06 10:51:59.789472
130737,115,2023-03-10,18.8,0,15.3,05:00,22.4,16:40,7,8.1,24.4,19:10,21,32,04:50,20,21:10,2025-05-06 10:52:00.064194,2025-05-06 10:52:00.064194
130756,115,2023-03-11,25.2,0,19.1,08:30,31.3,15:30,6,4.4,17.5,03:00,18,25,19:10,14,13:00,2025-05-06 10:52:00.323628,2025-05-06 10:52:00.323628
130775,115,2023-03-12,26,0,20.9,08:00,31.1,12:30,12,3.6,7.2,06:50,,23,,13,00:00,2025-05-06 10:52:00.601554,2025-05-06 10:52:00.601554
130794,115,2023-03-13,24,0,18.5,23:50,29.5,17:00,7,1.9,7.8,21:30,17,40,19:10,14,13:00,2025-05-06 10:52:00.878646,2025-05-06 10:52:00.878646
130813,115,2023-03-14,20.1,0,17.1,03:00,23.1,16:00,11,6.7,18.6,06:30,20,27,,12,00:00,2025-05-06 10:52:01.165807,2025-05-06 10:52:01.165807
130832,115,2023-03-15,22.2,0,17.1,07:00,27.3,17:00,8,1.4,5.8,00:10,19,35,19:10,12,07:00,2025-05-06 10:52:01.401855,2025-05-06 10:52:01.401855
130850,115,2023-03-16,21,0,15.6,23:30,26.5,11:30,6,3.6,10.3,13:10,25,39,,15,00:00,2025-05-06 10:52:01.673673,2025-05-06 10:52:01.673673
130869,115,2023-03-17,19.1,0,13.5,06:50,24.7,15:30,6,4.7,15.3,08:20,46,72,,12,18:00,2025-05-06 10:52:01.967227,2025-05-06 10:52:01.967227
130888,115,2023-03-18,17,0,9.6,06:50,24.3,16:10,9,1.7,17.5,22:30,,80,07:00,14,,2025-05-06 10:52:02.249727,2025-05-06 10:52:02.249727
130907,115,2023-03-19,16.6,0,10.8,07:40,22.3,13:10,7,2.5,15.6,06:40,32,62,01:00,16,,2025-05-06 10:52:02.495120,2025-05-06 10:52:02.495120
130926,115,2023-03-20,15.2,0,8.9,07:30,21.6,12:40,5,1.9,11.1,23:59,50,75,22:20,18,,2025-05-06 10:52:02.725787,2025-05-06 10:52:02.725787
130945,115,2023-03-21,14.6,0,8.2,03:40,21.1,14:10,11,2.2,8.6,22:40,57,78,03:30,13,00:00,2025-05-06 10:52:02.976101,2025-05-06 10:52:02.976101
130964,115,2023-03-22,21.4,0,16,02:50,26.9,13:10,6,3.3,14.2,11:00,21,29,12:10,14,00:00,2025-05-06 10:52:03.221778,2025-05-06 10:52:03.221778
130983,115,2023-03-23,22.2,0,18,05:10,26.5,11:10,4,3.1,15.8,23:59,30,38,15:30,24,,2025-05-06 10:52:03.464722,2025-05-06 10:52:03.464722
131002,115,2023-03-24,23.6,0,19.2,05:00,27.9,16:40,5,4.2,16.4,02:20,23,30,04:40,22,13:00,2025-05-06 10:52:03.720989,2025-05-06 10:52:03.720989
131021,115,2023-03-25,24.2,0,21.3,07:50,27.2,15:40,11,4.2,11.4,19:30,,26,,21,13:00,2025-05-06 10:52:03.974936,2025-05-06 10:52:03.974936
131040,115,2023-03-26,24.4,0,21,23:59,27.8,16:50,8,4.4,20.3,19:50,16,25,,14,13:00,2025-05-06 10:52:04.233931,2025-05-06 10:52:04.233931
131059,115,2023-03-27,23,0,19.4,23:59,26.6,14:30,99,2.5,12.8,,,21,17:40,11,00:00,2025-05-06 10:52:04.481287,2025-05-06 10:52:04.481287
131078,115,2023-03-28,23.3,0,18.5,02:30,28.1,16:20,10,5,15,11:30,,28,19:40,14,00:00,2025-05-06 10:52:04.736124,2025-05-06 10:52:04.736124
131097,115,2023-03-29,22.6,0,20.1,,25,14:50,10,6.9,15.8,14:30,,24,,18,18:00,2025-05-06 10:52:05.019151,2025-05-06 10:52:05.019151
131116,115,2023-03-30,26.4,0,21.7,00:30,31,15:40,7,4.4,15.3,22:20,15,21,00:00,15,13:00,2025-05-06 10:52:05.288895,2025-05-06 10:52:05.288895
131135,115,2023-03-31,26.2,0,23.3,23:59,29.2,12:20,4,4.4,15.6,00:30,18,19,,16,,2025-05-06 10:52:05.549580,2025-05-06 10:52:05.549580
131154,115,2023-04-01,22.4,0,17.9,23:00,26.8,14:10,8,4.4,15.6,22:40,13,19,17:20,12,00:00,2025-05-06 10:52:05.801982,2025-05-06 10:52:05.801982
131173,115,2023-04-02,22.3,0,17.6,06:00,27,13:50,9,6.4,18.6,02:00,17,24,,16,07:00,2025-05-06 10:52:06.064434,2025-05-06 10:52:06.064434
131192,115,2023-04-03,19,0,15.8,23:20,22.2,10:20,8,5.3,14.4,16:00,16,28,05:20,11,18:00,2025-05-06 10:52:06.329097,2025-05-06 10:52:06.329097
131210,115,2023-04-04,13.3,3,8.9,23:59,17.7,16:00,24,4.2,16.7,22:20,62,87,22:30,18,00:00,2025-05-06 10:52:06.564524,2025-05-06 10:52:06.564524
131229,115,2023-04-05,11.7,0,9,00:10,14.4,12:20,35,3.9,16.1,10:10,61,83,00:00,27,23:59,2025-05-06 10:52:06.829490,2025-05-06 10:52:06.829490
131248,115,2023-04-06,16.2,0,12.1,01:20,20.3,13:10,2,3.6,13.9,00:40,16,32,01:20,15,08:20,2025-05-06 10:52:07.087416,2025-05-06 10:52:07.087416
131267,115,2023-04-07,15,0,10.4,23:59,19.6,10:20,24,2.5,6.4,00:20,33,64,21:50,18,00:00,2025-05-06 10:52:07.353515,2025-05-06 10:52:07.353515
131286,115,2023-04-08,13.6,0,8.7,04:30,18.4,14:10,27,1.9,7.5,14:40,49,76,,30,06:00,2025-05-06 10:52:07.583998,2025-05-06 10:52:07.583998
131305,115,2023-04-09,14.8,0,8.4,04:30,21.3,13:40,6,1.1,13.3,22:40,38,70,02:40,18,,2025-05-06 10:52:07.843292,2025-05-06 10:52:07.843292
131324,115,2023-04-10,20.3,0,16,00:10,24.6,13:20,13,3.1,15.8,05:40,25,38,19:10,21,13:00,2025-05-06 10:52:08.088268,2025-05-06 10:52:08.088268
131343,115,2023-04-11,20.4,0,16.1,01:50,24.8,13:20,21,3.3,13.1,12:00,23,36,,17,13:00,2025-05-06 10:52:08.351957,2025-05-06 10:52:08.351957
131362,115,2023-04-12,21,0,17.2,23:59,24.7,12:40,10,2.8,13.3,03:50,23,32,16:00,19,07:00,2025-05-06 10:52:08.569625,2025-05-06 10:52:08.569625
131381,115,2023-04-13,21.2,0,16.8,00:20,25.6,13:30,9,3.6,15.3,01:10,18,29,00:00,13,18:00,2025-05-06 10:52:08.814412,2025-05-06 10:52:08.814412
131400,115,2023-04-14,21.2,0,17.3,20:20,25.1,15:00,10,2.5,12.8,01:30,26,58,20:00,14,,2025-05-06 10:52:09.083508,2025-05-06 10:52:09.083508
131419,115,2023-04-15,21.6,0,17.3,20:00,25.8,13:40,29,2.5,6.9,16:30,21,53,19:50,15,07:00,2025-05-06 10:52:09.262017,2025-05-06 10:52:09.262017
131438,115,2023-04-16,16.5,0,10.2,23:59,22.8,10:40,28,2.2,6.7,14:50,32,77,,15,07:00,2025-05-06 10:52:09.388946,2025-05-06 10:52:09.388946
131457,115,2023-04-17,14.9,0,8.6,05:40,21.2,11:50,25,2.2,8.1,22:50,62,83,04:10,40,11:40,2025-05-06 10:52:09.605663,2025-05-06 10:52:09.605663
131476,115,2023-04-18,15.6,0,11.2,03:00,20,17:40,34,1.9,17.5,19:40,50,76,06:00,30,19:40,2025-05-06 10:52:09.876384,2025-05-06 10:52:09.876384
131495,115,2023-04-19,15.4,0,10.2,05:50,20.7,12:40,25,2.5,6.9,14:00,49,78,21:40,31,12:20,2025-05-06 10:52:10.168178,2025-05-06 10:52:10.168178
131514,115,2023-04-20,13.8,0,8.3,05:10,19.4,15:10,28,1.9,6.7,13:50,39,73,03:10,22,07:00,2025-05-06 10:52:10.433517,2025-05-06 10:52:10.433517
131533,115,2023-04-21,16.6,0,10.1,01:00,23.1,15:10,24,2.8,11.4,16:30,42,71,22:50,27,15:10,2025-05-06 10:52:10.690086,2025-05-06 10:52:10.690086
131552,115,2023-04-22,16.8,0,11.3,00:30,22.3,15:30,30,1.7,6.9,15:00,49,79,23:50,41,08:50,2025-05-06 10:52:10.958936,2025-05-06 10:52:10.958936
131571,115,2023-04-23,16.4,0,10.9,07:00,22,11:30,28,1.9,6.7,12:00,57,81,03:10,21,20:30,2025-05-06 10:52:11.202026,2025-05-06 10:52:11.202026
131590,115,2023-04-24,19.6,,15.4,20:40,23.9,12:30,6,2.2,10,06:10,30,73,20:40,16,09:10,2025-05-06 10:52:11.447379,2025-05-06 10:52:11.447379
131609,115,2023-04-25,21,0,16.5,20:30,25.4,14:50,28,2.8,6.1,16:10,33,65,20:20,19,07:00,2025-05-06 10:52:11.702547,2025-05-06 10:52:11.702547
131628,115,2023-04-26,23.6,0,20.2,,27,14:30,32,1.9,6.9,11:50,21,36,20:00,21,00:00,2025-05-06 10:52:11.986572,2025-05-06 10:52:11.986572
131647,115,2023-04-27,23.2,0,18.8,20:20,27.5,12:50,33,2.5,7.2,14:50,26,50,,24,00:00,2025-05-06 10:52:12.265073,2025-05-06 10:52:12.265073
131666,115,2023-04-28,22.4,0,18.7,05:50,26,13:10,26,2.8,6.4,14:30,29,50,20:20,26,09:40,2025-05-06 10:52:12.524546,2025-05-06 10:52:12.524546
131685,115,2023-04-29,24.5,0,19.6,01:20,29.4,13:50,5,2.2,9.2,04:30,23,35,19:00,14,09:00,2025-05-06 10:52:12.797394,2025-05-06 10:52:12.797394
131704,115,2023-04-30,24.2,0,19.6,23:59,28.8,14:00,10,3.3,13.9,20:10,29,34,23:59,25,17:20,2025-05-06 10:52:13.020638,2025-05-06 10:52:13.020638
131723,115,2023-05-01,23.4,0,18.2,06:50,28.5,14:30,9,2.8,10.3,08:10,31,39,,22,23:20,2025-05-06 10:52:13.286039,2025-05-06 10:52:13.286039
131742,115,2023-05-02,25,0,19.6,01:50,30.3,10:20,28,1.7,6.9,14:20,23,35,21:20,20,07:00,2025-05-06 10:52:13.515661,2025-05-06 10:52:13.515661
131761,115,2023-05-03,19.9,0,14.7,23:59,25.1,14:30,28,1.9,6.9,14:50,46,80,21:20,28,00:00,2025-05-06 10:52:13.738046,2025-05-06 10:52:13.738046
131780,115,2023-05-04,17.8,0,11.6,05:00,24.1,15:30,6,1.7,10,19:40,47,76,,31,10:30,2025-05-06 10:52:14.001658,2025-05-06 10:52:14.001658
131799,115,2023-05-05,14.9,0,11.1,06:40,18.7,14:20,4,2.8,11.9,15:50,56,71,07:30,44,14:50,2025-05-06 10:52:14.290014,2025-05-06 10:52:14.290014
131818,115,2023-05-06,15.4,0,12.2,,18.5,14:00,4,3.3,15.8,07:50,61,74,19:10,52,06:50,2025-05-06 10:52:14.552401,2025-05-06 10:52:14.552401
131837,115,2023-05-07,16,0,12.3,06:20,19.8,16:00,6,3.3,19.7,21:50,53,76,07:50,35,,2025-05-06 10:52:14.812171,2025-05-06 10:52:14.812171
131856,115,2023-05-08,17.7,0,12.5,04:10,22.9,12:20,10,6.4,19.7,21:40,19,65,04:00,16,11:00,2025-05-06 10:52:15.115227,2025-05-06 10:52:15.115227
131875,115,2023-05-09,21.4,0,16.5,00:30,26.3,11:50,8,6.1,19.7,02:50,31,50,00:30,21,10:10,2025-05-06 10:52:15.400710,2025-05-06 10:52:15.400710
131894,115,2023-05-10,25.7,0,20.2,00:10,31.2,14:00,6,3.1,20.3,23:30,21,37,00:00,20,07:00,2025-05-06 10:52:15.667822,2025-05-06 10:52:15.667822
131913,115,2023-05-11,23.7,0,20.1,23:40,27.3,11:00,11,5.8,18.3,00:20,16,25,00:00,11,18:00,2025-05-06 10:52:15.954647,2025-05-06 10:52:15.954647
131932,115,2023-05-12,20.6,0,18.3,22:30,22.8,15:40,7,7.8,18.6,02:40,,30,13:10,14,,2025-05-06 10:52:16.220996,2025-05-06 10:52:16.220996
131951,115,2023-05-13,21.4,0,17,23:59,25.9,13:40,7,4.2,11.7,06:10,22,36,,15,07:00,2025-05-06 10:52:16.477993,2025-05-06 10:52:16.477993
131970,115,2023-05-14,19.5,0,14.4,04:30,24.6,13:00,5,2.8,15,02:20,19,39,14:50,14,,2025-05-06 10:52:16.738722,2025-05-06 10:52:16.738722
131989,115,2023-05-15,21.6,0,15.7,23:00,27.6,15:10,6,2.5,25.8,01:00,,70,22:40,14,,2025-05-06 10:52:16.978770,2025-05-06 10:52:16.978770
132008,115,2023-05-16,17.9,0,12.5,20:40,23.3,12:10,5,1.1,10.6,18:20,49,72,22:30,33,01:10,2025-05-06 10:52:17.236693,2025-05-06 10:52:17.236693
132027,115,2023-05-17,14,0.1,11,06:40,17,14:20,4,4.7,13.9,20:50,60,82,06:30,47,17:30,2025-05-06 10:52:17.448225,2025-05-06 10:52:17.448225
132045,115,2023-05-18,15.3,0,11.4,00:50,19.2,15:00,4,1.9,15.6,02:00,,76,00:10,32,17:50,2025-05-06 10:52:17.699920,2025-05-06 10:52:17.699920
132063,115,2023-05-19,17.3,0,10.3,22:50,24.3,14:00,4,3.3,9.7,06:10,47,71,22:00,30,14:10,2025-05-06 10:52:17.918320,2025-05-06 10:52:17.918320
132081,115,2023-05-20,15.3,0,8.7,04:20,21.9,13:50,21,1.9,8.9,13:10,57,73,,46,11:50,2025-05-06 10:52:18.135354,2025-05-06 10:52:18.135354
132099,115,2023-05-21,15.2,0,9.2,03:40,21.3,14:20,25,1.9,9.4,15:10,51,66,05:40,41,,2025-05-06 10:52:18.362818,2025-05-06 10:52:18.362818
132117,115,2023-05-22,13.8,0,10.5,03:30,17,12:00,6,2.5,10.3,21:50,56,70,05:50,49,12:00,2025-05-06 10:52:18.600306,2025-05-06 10:52:18.600306
132135,115,2023-05-23,15.1,0,10,03:00,20.2,14:40,4,2.8,9.7,14:10,55,65,01:00,23,23:20,2025-05-06 10:52:18.830195,2025-05-06 10:52:18.830195
132154,115,2023-05-24,15.3,0,10,05:10,20.6,12:00,22,1.4,8.3,14:50,52,68,07:00,20,00:00,2025-05-06 10:52:19.081082,2025-05-06 10:52:19.081082
132173,115,2023-05-25,15,0,10.1,04:30,19.9,12:10,9,3.6,8.9,07:00,57,79,23:50,46,10:40,2025-05-06 10:52:19.376384,2025-05-06 10:52:19.376384
132192,115,2023-05-26,15.4,0,10.7,01:50,20,15:00,27,1.9,7.8,14:50,46,80,00:40,41,10:50,2025-05-06 10:52:19.652588,2025-05-06 10:52:19.652588
132211,115,2023-05-27,15.2,0,10.7,03:30,19.6,11:30,30,2.2,7.2,15:40,62,85,23:30,37,11:30,2025-05-06 10:52:19.885216,2025-05-06 10:52:19.885216
132230,115,2023-05-28,16.2,0,11.3,00:20,21.1,12:00,32,2.8,8.1,13:00,51,84,00:00,36,11:30,2025-05-06 10:52:20.078116,2025-05-06 10:52:20.078116
132249,115,2023-05-29,17.6,0,12.7,04:50,22.5,11:30,24,2.2,8.9,17:10,49,77,00:00,36,11:30,2025-05-06 10:52:20.228145,2025-05-06 10:52:20.228145
132268,115,2023-05-30,17.8,0,12.5,04:30,23,12:10,25,1.7,7.8,13:10,49,60,23:20,37,10:00,2025-05-06 10:52:20.451518,2025-05-06 10:52:20.451518
132287,115,2023-05-31,17.6,0,12.8,06:30,22.5,16:00,30,2.8,7.2,13:20,44,80,21:40,34,09:40,2025-05-06 10:52:20.721486,2025-05-06 10:52:20.721486
132306,115,2023-06-01,18,0,13.8,01:30,22.2,12:20,29,2.2,7.8,14:20,63,80,,33,00:00,2025-05-06 10:52:20.993648,2025-05-06 10:52:20.993648
132325,115,2023-06-02,17.8,0,13.4,02:30,22.2,13:20,23,2.2,8.9,12:00,51,85,01:30,39,,2025-05-06 10:52:21.287439,2025-05-06 10:52:21.287439
132344,115,2023-06-03,18.6,0,12.3,03:20,24.9,14:00,22,2.2,8.6,12:10,45,74,23:00,27,11:20,2025-05-06 10:53:24.233281,2025-05-06 10:53:24.233281
132363,115,2023-06-04,19.8,0,14.6,00:10,25.1,16:20,24,1.9,7.8,14:50,43,84,,26,09:20,2025-05-06 10:53:24.509407,2025-05-06 10:53:24.509407
132382,115,2023-06-05,20.6,0,14.9,01:00,26.2,13:50,22,1.1,7.8,14:00,45,84,,29,14:00,2025-05-06 10:53:24.702377,2025-05-06 10:53:24.702377
132401,115,2023-06-06,18.8,2.6,16.6,22:30,21,14:00,22,2.8,15.8,09:50,60,83,,28,01:00,2025-05-06 10:53:24.838642,2025-05-06 10:53:24.838642
132420,115,2023-06-07,17.8,6.6,14,23:50,21.5,18:10,26,4.2,17.5,18:10,65,85,,49,18:40,2025-05-06 10:53:25.028092,2025-05-06 10:53:25.028092
132439,115,2023-06-08,19.3,0,14.1,23:40,24.5,11:00,31,1.9,6.9,13:40,39,81,23:30,26,,2025-05-06 10:53:25.252961,2025-05-06 10:53:25.252961
132458,115,2023-06-09,17.4,0,13.4,02:50,21.5,12:00,31,1.9,10.8,16:10,55,83,23:40,35,11:10,2025-05-06 10:53:25.450957,2025-05-06 10:53:25.450957
132477,115,2023-06-10,17.7,0,12.7,03:30,22.7,15:20,32,2.2,7.2,15:50,48,84,01:10,24,15:20,2025-05-06 10:53:25.681783,2025-05-06 10:53:25.681783
132496,115,2023-06-11,19.8,0,14.9,02:20,24.6,15:50,28,1.7,7.2,14:20,35,62,23:50,27,08:10,2025-05-06 10:53:25.927789,2025-05-06 10:53:25.927789
132515,115,2023-06-12,20.2,0,15.1,01:30,25.4,13:50,28,1.9,11.9,16:40,46,76,23:50,42,02:40,2025-05-06 10:53:26.157665,2025-05-06 10:53:26.157665
132534,115,2023-06-13,18.3,0,13.1,03:50,23.5,12:40,99,2.2,6.4,,45,78,,34,18:00,2025-05-06 10:53:26.399060,2025-05-06 10:53:26.399060
132553,115,2023-06-14,20.4,0,13.2,02:20,27.5,14:50,4,1.9,9.2,18:10,,73,21:10,14,07:00,2025-05-06 10:53:26.643255,2025-05-06 10:53:26.643255
132572,115,2023-06-15,22.9,0,18.3,02:10,27.5,14:40,99,1.7,5.8,,40,62,20:50,26,08:30,2025-05-06 10:53:26.882507,2025-05-06 10:53:26.882507
132591,115,2023-06-16,24.4,0,19.8,22:10,28.9,15:30,30,1.7,5.8,16:00,30,59,22:00,26,10:00,2025-05-06 10:53:27.113019,2025-05-06 10:53:27.113019
132610,115,2023-06-17,25.6,0,19.8,04:40,31.3,14:40,27,2.2,7.5,14:20,26,42,19:00,21,13:00,2025-05-06 10:53:27.341736,2025-05-06 10:53:27.341736
132629,115,2023-06-18,21.5,0,16.5,23:50,26.5,12:40,30,1.9,6.4,14:20,34,72,,26,08:10,2025-05-06 10:53:27.600753,2025-05-06 10:53:27.600753
132648,115,2023-06-19,20.5,0,14.9,05:40,26.1,13:30,99,2.2,8.6,,56,83,,41,13:30,2025-05-06 10:53:27.827720,2025-05-06 10:53:27.827720
132667,115,2023-06-20,19.2,0,14.3,05:20,24,13:20,27,1.7,7.2,13:00,56,83,,27,10:40,2025-05-06 10:53:28.042881,2025-05-06 10:53:28.042881
132686,115,2023-06-21,19.2,0,15.3,05:00,23.1,13:40,25,1.9,7.2,13:30,58,76,06:30,49,09:10,2025-05-06 10:53:28.264013,2025-05-06 10:53:28.264013
132705,115,2023-06-22,20,0,14.4,02:50,25.6,14:00,27,1.7,6.7,14:40,47,80,,27,08:00,2025-05-06 10:53:28.480384,2025-05-06 10:53:28.480384
132724,115,2023-06-23,19.7,0,13.5,02:10,25.9,11:40,25,2.2,6.7,15:50,38,81,02:00,28,,2025-05-06 10:53:28.689826,2025-05-06 10:53:28.689826
132743,115,2023-06-24,19.7,0,12.9,06:00,26.5,15:10,22,1.4,9.2,15:00,49,74,06:30,37,15:00,2025-05-06 10:53:28.892807,2025-05-06 10:53:28.892807
132762,115,2023-06-25,19.4,0,13,05:30,25.7,14:50,99,1.9,6.1,,58,81,23:30,45,10:00,2025-05-06 10:53:29.118823,2025-05-06 10:53:29.118823
132781,115,2023-06-26,24.1,0,14.2,02:50,34,15:00,9,2.5,16.7,08:20,29,82,,12,07:00,2025-05-06 10:53:29.338896,2025-05-06 10:53:29.338896
132800,115,2023-06-27,32.1,0,25.3,01:00,38.9,12:50,24,3.1,10,12:00,11,24,20:20,11,07:00,2025-05-06 10:53:29.614311,2025-05-06 10:53:29.614311
132819,115,2023-06-28,32.6,0,28,05:40,37.1,13:40,6,2.5,8.9,,12,18,08:00,11,00:00,2025-05-06 10:53:29.829638,2025-05-06 10:53:29.829638
132838,115,2023-06-29,31,0,27.9,21:00,34.2,11:20,6,5.6,12.5,21:50,12,18,16:40,11,00:00,2025-05-06 10:53:30.101176,2025-05-06 10:53:30.101176
132857,115,2023-06-30,28.6,0,25,06:20,32.1,15:20,5,4.7,12.2,11:40,18,18,,14,,2025-05-06 10:53:30.362119,2025-05-06 10:53:30.362119
132876,115,2023-07-01,27.7,0,24.6,02:50,30.8,11:40,8,3.9,12.5,04:00,13,22,19:00,11,00:00,2025-05-06 10:53:30.582105,2025-05-06 10:53:30.582105
132895,115,2023-07-02,23.4,0,17.2,02:40,29.5,11:50,6,1.4,7.8,00:10,30,60,20:50,12,00:00,2025-05-06 10:53:30.822564,2025-05-06 10:53:30.822564
132914,115,2023-07-03,28.8,0,23.8,04:00,33.9,13:30,26,1.7,5,12:30,22,40,20:30,18,,2025-05-06 10:53:31.106977,2025-05-06 10:53:31.106977
132933,115,2023-07-04,31.3,0,25.8,02:00,36.8,14:20,23,2.8,9.2,17:00,23,32,20:10,21,10:10,2025-05-06 10:53:31.355320,2025-05-06 10:53:31.355320
132952,115,2023-07-05,30.4,0,26.1,21:00,34.7,12:40,30,2.2,6.4,15:00,26,39,21:00,25,13:00,2025-05-06 10:53:31.558886,2025-05-06 10:53:31.558886
132971,115,2023-07-06,23.3,0,17,23:59,29.6,14:40,26,1.7,7.5,15:50,45,76,,26,18:00,2025-05-06 10:53:31.765613,2025-05-06 10:53:31.765613
132990,115,2023-07-07,21.2,0,15.4,05:40,27.1,15:10,6,1.4,8.6,23:00,39,56,,24,22:50,2025-05-06 10:53:32.009380,2025-05-06 10:53:32.009380
133009,115,2023-07-08,21.8,0,15.9,06:20,27.8,15:20,6,1.9,8.9,23:10,34,42,,25,00:30,2025-05-06 10:53:32.208718,2025-05-06 10:53:32.208718
133028,115,2023-07-09,22.7,0,16.1,05:50,29.3,11:50,6,1.9,8.3,07:50,42,57,,31,12:20,2025-05-06 10:53:32.396568,2025-05-06 10:53:32.396568
133047,115,2023-07-10,26.6,0,21.1,00:10,32.2,13:40,7,1.1,7.2,00:40,27,50,20:40,18,23:50,2025-05-06 10:53:32.549770,2025-05-06 10:53:32.549770
133065,115,2023-07-11,33.8,0,27.8,00:50,39.8,12:30,10,2.2,10.8,23:20,16,24,19:30,11,07:00,2025-05-06 10:53:32.731790,2025-05-06 10:53:32.731790
133083,115,2023-07-12,34.9,0,31.9,04:00,37.9,15:20,9,6.4,22.5,22:40,11,16,,11,07:00,2025-05-06 10:53:32.913001,2025-05-06 10:53:32.913001
133101,115,2023-07-13,32.5,0,28.9,03:20,36.1,13:40,9,5.3,15.3,15:10,11,15,,11,07:00,2025-05-06 10:53:33.081043,2025-05-06 10:53:33.081043
133120,115,2023-07-14,31.4,0,28.1,07:50,34.7,14:00,4,6.7,16.4,16:00,11,17,,11,00:00,2025-05-06 10:53:33.239676,2025-05-06 10:53:33.239676
133139,115,2023-07-15,25.4,0,20.4,23:59,30.4,13:40,4,5.8,15.3,11:00,24,33,23:30,13,00:00,2025-05-06 10:53:33.423799,2025-05-06 10:53:33.423799
133158,115,2023-07-16,20.8,0,15,23:50,26.7,10:50,7,5.3,13.3,14:50,50,77,23:40,28,04:10,2025-05-06 10:53:33.590678,2025-05-06 10:53:33.590678
133177,115,2023-07-17,20.4,0,15,05:20,25.9,15:10,7,4.7,22.5,07:50,52,79,01:00,42,15:10,2025-05-06 10:53:33.730838,2025-05-06 10:53:33.730838
133196,115,2023-07-18,21.2,,14.1,07:10,28.3,17:00,30,1.4,5.8,14:00,53,80,07:10,22,23:50,2025-05-06 10:53:33.913404,2025-05-06 10:53:33.913404
133215,115,2023-07-19,28.6,0,25,21:50,32.1,09:30,28,1.7,5.8,15:20,22,41,20:10,18,07:00,2025-05-06 10:53:34.082521,2025-05-06 10:53:34.082521
133233,115,2023-07-20,29.2,0,25.6,23:30,32.9,13:00,5,2.8,9.7,15:40,14,24,00:00,13,07:00,2025-05-06 10:53:34.239003,2025-05-06 10:53:34.239003
133251,115,2023-07-21,27.6,0,23.9,23:50,31.4,10:50,6,4.2,13.6,18:40,14,21,14:10,14,07:00,2025-05-06 10:53:34.409621,2025-05-06 10:53:34.409621
133270,115,2023-07-22,22.4,0,18.5,05:10,26.4,14:30,7,7.8,18.3,07:50,24,38,05:10,16,00:00,2025-05-06 10:53:34.602126,2025-05-06 10:53:34.602126
133289,115,2023-07-23,23.8,0,15.5,06:40,32.1,14:10,25,1.4,8.3,14:00,39,65,,21,13:00,2025-05-06 10:53:34.797633,2025-05-06 10:53:34.797633
133308,115,2023-07-24,21.8,0,15,05:40,28.6,15:30,26,1.9,6.4,13:00,48,72,04:40,37,13:00,2025-05-06 10:53:35.016426,2025-05-06 10:53:35.016426
133327,115,2023-07-25,24.2,0,18.1,00:20,30.2,11:10,27,1.4,5,13:20,,60,21:50,18,07:00,2025-05-06 10:53:35.191870,2025-05-06 10:53:35.191870
133346,115,2023-07-26,26,0,20.5,22:20,31.6,11:10,28,1.1,6.7,16:20,32,56,21:10,24,08:40,2025-05-06 10:53:35.328664,2025-05-06 10:53:35.328664
133365,115,2023-07-27,23.2,0,15.5,07:20,30.8,14:10,5,1.4,10.8,22:10,40,65,,29,14:30,2025-05-06 10:53:35.436265,2025-05-06 10:53:35.436265
133384,115,2023-07-28,19.9,0,13,06:20,26.8,14:50,8,1.9,12.2,00:30,51,82,04:40,34,13:00,2025-05-06 10:53:35.582786,2025-05-06 10:53:35.582786
133403,115,2023-07-29,22.1,0,14.5,05:00,29.7,15:10,10,1.1,7.8,23:59,31,70,00:10,14,22:20,2025-05-06 10:53:35.818276,2025-05-06 10:53:35.818276
133422,115,2023-07-30,30.2,0,24.6,06:40,35.7,10:50,7,2.5,19.7,23:00,19,29,13:50,14,,2025-05-06 10:53:36.048631,2025-05-06 10:53:36.048631
133441,115,2023-07-31,32.4,0,28.1,22:40,36.8,13:00,10,6.9,25.8,09:00,14,15,13:00,14,,2025-05-06 10:53:36.306873,2025-05-06 10:53:36.306873
133460,115,2023-08-01,31.6,0,27.3,21:50,35.9,14:30,6,5.3,17.2,03:00,13,20,13:10,11,00:00,2025-05-06 10:53:36.554302,2025-05-06 10:53:36.554302
133479,115,2023-08-02,30.6,0,25.4,20:00,35.8,12:10,10,4.2,16.1,00:50,22,47,19:50,11,00:00,2025-05-06 10:53:36.732658,2025-05-06 10:53:36.732658
133498,115,2023-08-03,29.4,0,24.2,22:10,34.6,14:00,7,5.8,17.2,22:20,17,31,,11,07:00,2025-05-06 10:53:36.962153,2025-05-06 10:53:36.962153
133517,115,2023-08-04,26.4,0,21.3,06:40,31.5,17:50,5,3.6,16.7,01:30,28,41,06:40,21,18:00,2025-05-06 10:53:37.188721,2025-05-06 10:53:37.188721
133536,115,2023-08-05,22.2,0,15,06:20,29.3,16:50,28,1.9,6.7,15:10,46,76,07:40,28,00:00,2025-05-06 10:53:37.395179,2025-05-06 10:53:37.395179
133555,115,2023-08-06,21.4,0,13.5,06:40,29.4,15:30,22,1.9,6.4,15:30,53,79,23:40,34,15:30,2025-05-06 10:53:37.586258,2025-05-06 10:53:37.586258
133574,115,2023-08-07,20.3,0,14.3,06:00,26.3,14:20,25,1.9,6.4,14:00,56,85,,36,13:00,2025-05-06 10:53:37.736742,2025-05-06 10:53:37.736742
133593,115,2023-08-08,21.1,0,14.1,07:30,28.1,10:50,22,1.4,5.8,13:10,52,85,07:30,32,01:00,2025-05-06 10:53:37.908254,2025-05-06 10:53:37.908254
133612,115,2023-08-09,25.9,0,18.3,00:40,33.5,22:50,6,0.8,9.7,23:50,26,68,00:00,14,07:00,2025-05-06 10:53:38.102168,2025-05-06 10:53:38.102168
133631,115,2023-08-10,32,0,26.1,03:40,37.9,16:00,6,5.3,19.4,03:40,15,21,07:50,12,18:00,2025-05-06 10:53:38.255302,2025-05-06 10:53:38.255302
133650,115,2023-08-11,36.8,0,32,06:00,41.5,14:00,22,2.5,12.8,12:40,13,19,23:40,11,00:00,2025-05-06 10:53:38.421660,2025-05-06 10:53:38.421660
133669,115,2023-08-12,36.1,0,31,03:10,41.2,16:40,21,2.2,11.9,10:20,13,20,,11,18:00,2025-05-06 10:53:38.614516,2025-05-06 10:53:38.614516
133688,115,2023-08-13,36.2,0,32.4,03:40,39.9,17:30,22,2.5,11.4,17:20,14,18,18:20,13,00:00,2025-05-06 10:53:38.815080,2025-05-06 10:53:38.815080
133707,115,2023-08-14,32.6,0,28.7,23:50,36.4,16:40,10,7.2,16.9,10:10,15,19,,13,00:00,2025-05-06 10:53:39.038543,2025-05-06 10:53:39.038543
133726,115,2023-08-15,33.1,0,28.5,01:20,37.7,17:20,6,4.4,16.4,07:30,16,25,19:30,14,13:00,2025-05-06 10:53:39.274654,2025-05-06 10:53:39.274654
133745,115,2023-08-16,31.7,0,27.8,23:00,35.6,15:00,7,2.5,10.8,00:10,15,33,19:50,13,00:00,2025-05-06 10:53:39.570927,2025-05-06 10:53:39.570927
133764,115,2023-08-17,29.2,0,25.2,07:00,33.1,10:40,23,1.4,6.4,14:10,21,32,19:50,17,00:00,2025-05-06 10:53:39.842170,2025-05-06 10:53:39.842170
133783,115,2023-08-18,32.1,0,25.6,22:00,38.6,15:00,10,3.3,16.9,22:40,16,21,,15,18:00,2025-05-06 10:53:40.083224,2025-05-06 10:53:40.083224
133802,115,2023-08-19,27.5,4,21.7,17:50,33.3,12:10,11,3.1,15.8,00:50,33,51,18:00,15,00:00,2025-05-06 10:53:40.352497,2025-05-06 10:53:40.352497
133821,115,2023-08-20,27.8,0,22.2,01:40,33.5,17:40,10,4.2,13.3,23:59,32,41,00:10,31,17:30,2025-05-06 10:53:40.655243,2025-05-06 10:53:40.655243
133840,115,2023-08-21,30,0,24.8,01:30,35.1,17:00,10,3.1,14.7,00:30,27,36,00:00,27,13:00,2025-05-06 10:53:40.890507,2025-05-06 10:53:40.890507
133859,115,2023-08-22,30.6,0,26.8,21:30,34.4,13:40,7,5.6,11.7,,23,30,,22,13:00,2025-05-06 10:53:41.156317,2025-05-06 10:53:41.156317
133878,115,2023-08-23,32.2,0,26.8,00:20,37.7,13:00,6,3.1,17.2,22:30,22,29,16:00,19,13:00,2025-05-06 10:53:41.391292,2025-05-06 10:53:41.391292
133897,115,2023-08-24,31.6,0,27.2,06:50,36.1,10:40,12,1.4,15,00:30,25,31,,23,,2025-05-06 10:53:41.614282,2025-05-06 10:53:41.614282
133916,115,2023-08-25,28.8,0.2,22.1,22:20,35.6,12:10,23,3.1,12.5,16:10,30,56,02:20,23,13:00,2025-05-06 10:53:41.871267,2025-05-06 10:53:41.871267
133935,115,2023-08-26,29.3,0,23.8,00:20,34.8,15:20,3,3.3,12.2,22:30,33,47,00:00,30,14:40,2025-05-06 10:53:42.124677,2025-05-06 10:53:42.124677
133954,115,2023-08-27,25.4,0,23.4,20:50,27.5,14:20,7,5.8,18.9,08:00,31,36,,29,13:00,2025-05-06 10:53:42.353792,2025-05-06 10:53:42.353792
133973,115,2023-08-28,24.6,0,18.9,23:59,30.2,14:40,6,5.3,18.3,11:30,18,33,,14,18:00,2025-05-06 10:53:42.632996,2025-05-06 10:53:42.632996
133992,115,2023-08-29,23,0,17.2,23:20,28.8,11:20,26,3.1,14.7,05:00,29,59,21:50,23,13:00,2025-05-06 10:53:42.901667,2025-05-06 10:53:42.901667
134011,115,2023-08-30,21.4,0,15.9,03:40,27,13:10,99,1.7,6.4,,42,74,21:20,32,10:10,2025-05-06 10:53:43.146508,2025-05-06 10:53:43.146508
134030,115,2023-08-31,23,0,17.5,03:40,28.4,14:30,30,2.2,9.7,16:00,35,62,00:00,19,09:10,2025-05-06 10:53:43.369672,2025-05-06 10:53:43.369672
134049,115,2023-09-01,25.1,0,20.3,02:00,29.9,09:20,32,1.1,6.1,15:00,31,59,23:00,17,09:00,2025-05-06 10:53:43.666438,2025-05-06 10:53:43.666438
134068,115,2023-09-02,23.2,1.4,16.4,23:59,29.9,14:50,22,2.8,9.2,16:00,29,66,23:50,20,08:20,2025-05-06 10:53:43.944674,2025-05-06 10:53:43.944674
134087,115,2023-09-03,18.2,0.5,15.5,07:00,20.8,13:30,32,2.5,7.8,07:50,57,84,,35,18:00,2025-05-06 10:53:44.212171,2025-05-06 10:53:44.212171
134106,115,2023-09-04,19.9,0,14.2,05:30,25.6,15:30,14,2.5,7.2,13:20,48,67,03:00,33,15:30,2025-05-06 10:53:44.453802,2025-05-06 10:53:44.453802
134125,115,2023-09-05,20.4,0,14.6,06:20,26.3,15:10,24,1.7,7.5,15:00,47,82,22:40,34,10:20,2025-05-06 10:53:44.713824,2025-05-06 10:53:44.713824
134144,115,2023-09-06,23.4,0,17.4,00:30,29.4,13:00,26,1.4,10.8,16:20,24,56,,13,07:00,2025-05-06 10:53:44.965400,2025-05-06 10:53:44.965400
134163,115,2023-09-07,24.9,0,19,23:59,30.8,13:10,24,2.2,14.4,11:40,26,67,23:50,15,00:00,2025-05-06 10:53:45.229863,2025-05-06 10:53:45.229863
134182,115,2023-09-08,22.2,0,17.4,22:40,27.1,12:40,28,1.9,7.2,,43,77,21:40,27,,2025-05-06 10:53:45.448927,2025-05-06 10:53:45.448927
134201,115,2023-09-09,21,0,16,02:50,25.9,12:30,23,2.5,7.5,14:30,48,70,02:40,35,11:50,2025-05-06 10:53:45.696684,2025-05-06 10:53:45.696684
134220,115,2023-09-10,20.8,0,15.7,05:30,26,11:50,28,2.5,7.5,15:50,51,73,,39,11:40,2025-05-06 10:53:45.900110,2025-05-06 10:53:45.900110
134239,115,2023-09-11,20.2,0,15.4,03:40,25.1,10:30,6,1.9,10,23:59,53,73,00:00,38,11:40,2025-05-06 10:53:46.122869,2025-05-06 10:53:46.122869
134258,115,2023-09-12,20.5,0,15.2,,25.8,11:00,5,3.3,12.2,19:40,56,68,,39,10:40,2025-05-06 10:53:46.370431,2025-05-06 10:53:46.370431
134277,115,2023-09-13,18.9,0.4,15.7,06:50,22.1,15:00,99,3.9,11.7,,53,70,06:40,42,15:20,2025-05-06 10:53:46.602206,2025-05-06 10:53:46.602206
134296,115,2023-09-14,18.6,0.2,15.3,06:00,21.8,16:30,6,3.3,12.8,20:40,57,75,02:10,47,14:30,2025-05-06 10:53:46.841049,2025-05-06 10:53:46.841049
134315,115,2023-09-15,19.2,0,15.9,03:50,22.6,16:10,2,3.6,11.9,03:10,55,73,01:50,44,14:50,2025-05-06 10:53:47.111230,2025-05-06 10:53:47.111230
134334,115,2023-09-16,20.4,0,14.4,06:00,26.3,15:00,23,1.7,7.5,17:40,55,79,23:59,39,11:20,2025-05-06 10:53:47.359620,2025-05-06 10:53:47.359620
134353,115,2023-09-17,19.4,0,14.7,23:40,24,16:10,6,4.2,13.3,20:40,64,83,01:00,47,16:00,2025-05-06 10:53:47.597732,2025-05-06 10:53:47.597732
134372,115,2023-09-18,17,0,14.2,06:50,19.8,16:50,6,6.4,15.3,21:40,59,74,02:20,42,18:00,2025-05-06 10:53:47.869366,2025-05-06 10:53:47.869366
134391,115,2023-09-19,17.6,0,14.2,07:20,21.1,14:50,7,6.9,16.7,00:30,51,70,05:10,42,13:50,2025-05-06 10:53:48.158993,2025-05-06 10:53:48.158993
134410,115,2023-09-20,20.1,0,13.8,06:30,26.4,15:00,99,3.6,10.8,00:10,47,68,04:40,36,09:00,2025-05-06 10:53:48.431956,2025-05-06 10:53:48.431956
134429,115,2023-09-21,19.4,0,13.4,05:20,25.4,13:40,22,1.7,6.4,15:00,46,73,03:40,36,13:00,2025-05-06 10:53:48.705337,2025-05-06 10:53:48.705337
134448,115,2023-09-22,20.6,0,14,06:10,27.2,12:00,4,2.2,12.5,21:40,39,71,23:59,24,15:40,2025-05-06 10:53:48.957443,2025-05-06 10:53:48.957443
134467,115,2023-09-23,21,0,15,23:59,27,15:10,8,3.3,10.6,11:10,47,75,,26,,2025-05-06 10:53:49.205233,2025-05-06 10:53:49.205233
134486,115,2023-09-24,19.2,0,13.5,06:40,24.9,14:20,26,2.2,10,12:00,54,74,06:40,42,11:10,2025-05-06 10:53:49.431059,2025-05-06 10:53:49.431059
134505,115,2023-09-25,21.9,0,13,04:30,30.8,15:00,9,2.8,15.3,22:30,,77,02:30,11,13:00,2025-05-06 10:53:49.703348,2025-05-06 10:53:49.703348
134524,115,2023-09-26,22.8,0,17.1,23:59,28.6,13:00,8,1.4,12.5,00:10,45,70,21:30,35,13:00,2025-05-06 10:53:49.953882,2025-05-06 10:53:49.953882
134543,115,2023-09-27,20.2,0,16.1,00:50,24.4,11:50,6,2.5,12.5,07:50,32,66,00:30,22,,2025-05-06 10:53:50.164406,2025-05-06 10:53:50.164406
134562,115,2023-09-28,22.2,0,15.7,06:10,28.6,12:30,24,1.7,7.2,15:10,44,65,21:20,20,00:40,2025-05-06 10:53:50.414406,2025-05-06 10:53:50.414406
134581,115,2023-09-29,23.5,0,16,02:50,31,17:00,23,1.1,5.3,14:00,35,61,02:50,22,20:30,2025-05-06 10:53:50.659625,2025-05-06 10:53:50.659625
134600,115,2023-09-30,29.8,0,24.3,20:20,35.3,14:30,25,2.2,10,13:30,27,42,,21,,2025-05-06 10:53:50.798191,2025-05-06 10:53:50.798191
134619,115,2023-10-01,30.1,0,25.6,21:10,34.6,15:30,25,1.9,6.1,15:10,22,32,19:10,20,00:00,2025-05-06 10:53:50.880674,2025-05-06 10:53:50.880674
134638,115,2023-10-02,29.4,0,24.6,04:40,34.2,10:00,13,2.5,8.9,16:30,21,26,19:10,20,13:00,2025-05-06 10:53:50.953962,2025-05-06 10:53:50.953962
134657,115,2023-10-03,27.8,0,24.8,03:40,30.8,14:00,8,3.1,14.2,11:30,20,25,,20,13:00,2025-05-06 10:53:51.044414,2025-05-06 10:53:51.044414
134676,115,2023-10-04,29,0,26.2,04:00,31.7,10:50,9,5.6,18.6,22:50,18,23,,17,18:00,2025-05-06 10:53:51.177055,2025-05-06 10:53:51.177055
134695,115,2023-10-05,29.8,0,25.5,03:10,34.1,16:10,21,4.2,12.2,13:20,19,25,,16,07:00,2025-05-06 10:53:51.400790,2025-05-06 10:53:51.400790
134714,115,2023-10-06,29.6,0,25,22:00,34.3,14:30,8,1.9,10.3,02:10,20,26,,19,13:00,2025-05-06 10:53:51.641370,2025-05-06 10:53:51.641370
134733,115,2023-10-07,28.7,0,24.6,07:30,32.8,16:30,9,3.1,13.6,03:30,21,27,,20,00:00,2025-05-06 10:53:51.875310,2025-05-06 10:53:51.875310
134752,115,2023-10-08,29.2,0,25.3,03:00,33.2,15:10,14,3.9,19.2,03:20,19,25,00:00,17,18:00,2025-05-06 10:53:52.130291,2025-05-06 10:53:52.130291
134771,115,2023-10-09,29.4,0,26,06:00,32.9,14:50,22,3.6,18.6,09:20,18,24,00:00,17,13:00,2025-05-06 10:53:52.356228,2025-05-06 10:53:52.356228
134790,115,2023-10-10,29.6,0,25.2,23:40,34.1,14:20,10,3.6,11.4,00:30,18,22,,17,13:00,2025-05-06 10:53:52.615225,2025-05-06 10:53:52.615225
134809,115,2023-10-11,27.4,0,24.1,23:59,30.7,16:30,12,3.9,11.1,08:40,19,23,,18,13:00,2025-05-06 10:53:52.875731,2025-05-06 10:53:52.875731
134828,115,2023-10-12,27,0,23,06:40,30.9,11:50,23,1.7,9.7,13:40,20,25,,18,13:00,2025-05-06 10:53:53.121372,2025-05-06 10:53:53.121372
134847,115,2023-10-13,27.8,0,23.7,06:00,31.9,14:00,25,3.6,10,10:50,18,24,,16,18:00,2025-05-06 10:53:53.376008,2025-05-06 10:53:53.376008
134866,115,2023-10-14,29.4,0,24.7,21:50,34,14:10,9,2.5,11.1,02:40,18,24,,17,00:00,2025-05-06 10:53:53.625415,2025-05-06 10:53:53.625415
134885,115,2023-10-15,27.6,0,22.8,23:40,32.5,13:20,22,1.7,9.4,14:40,20,27,18:40,19,13:00,2025-05-06 10:53:53.880952,2025-05-06 10:53:53.880952
134904,115,2023-10-16,26.5,0,21.8,21:50,31.2,14:30,24,1.4,9.2,15:30,22,30,21:30,21,11:10,2025-05-06 10:53:54.110097,2025-05-06 10:53:54.110097
134923,115,2023-10-17,22.4,0,16.5,21:30,28.2,14:50,24,2.2,7.8,14:40,38,82,23:40,26,00:00,2025-05-06 10:53:54.337590,2025-05-06 10:53:54.337590
134942,115,2023-10-18,19.8,0,14.7,00:30,24.9,10:20,28,1.7,6.4,13:30,44,82,00:00,27,06:00,2025-05-06 10:53:54.557045,2025-05-06 10:53:54.557045
134961,115,2023-10-19,19.4,0.4,13.6,02:50,25.1,16:20,29,1.9,7.5,19:30,53,77,00:00,30,03:40,2025-05-06 10:53:54.811087,2025-05-06 10:53:54.811087
134980,115,2023-10-20,19.8,0.3,14.9,23:40,24.6,14:40,23,1.9,9.4,15:10,61,85,06:40,36,14:20,2025-05-06 10:53:55.056071,2025-05-06 10:53:55.056071
134999,115,2023-10-21,18,3.7,14,04:50,22.1,13:50,31,2.2,8.1,15:00,54,82,23:59,43,14:20,2025-05-06 10:53:55.324797,2025-05-06 10:53:55.324797
135018,115,2023-10-22,17.8,19.3,14.4,08:00,21.2,11:20,26,1.4,6.7,14:10,72,85,,47,11:20,2025-05-06 10:53:55.511705,2025-05-06 10:53:55.511705
135037,115,2023-10-23,17.6,0.1,12.9,05:20,22.2,15:40,10,1.7,11.4,23:59,52,85,,32,15:40,2025-05-06 10:53:55.739960,2025-05-06 10:53:55.739960
135056,115,2023-10-24,18.4,0,13.4,21:00,23.5,13:40,6,3.3,15.3,22:20,52,67,02:20,35,13:40,2025-05-06 10:53:55.935232,2025-05-06 10:53:55.935232
135075,115,2023-10-25,18,0,12.8,05:00,23.3,11:10,13,1.9,12.2,13:30,37,68,07:40,23,01:50,2025-05-06 10:53:56.126811,2025-05-06 10:53:56.126811
135094,115,2023-10-26,20.2,0,14.6,06:30,25.9,15:50,7,2.5,11.9,00:10,42,64,02:20,27,18:00,2025-05-06 10:53:56.340641,2025-05-06 10:53:56.340641
135113,115,2023-10-27,20.1,0,14.8,23:59,25.4,13:30,9,1.9,10.3,04:30,55,74,23:59,32,15:50,2025-05-06 10:53:56.531724,2025-05-06 10:53:56.531724
135132,115,2023-10-28,19.2,0,14.3,23:00,24,13:30,29,1.7,10.3,14:40,44,79,,29,10:20,2025-05-06 10:53:56.708324,2025-05-06 10:53:56.708324
135151,115,2023-10-29,19.6,0,14.4,,24.7,16:00,99,1.4,6.4,,33,68,00:00,23,09:30,2025-05-06 10:53:56.887407,2025-05-06 10:53:56.887407
135170,115,2023-10-30,21,0,15.9,07:50,26,15:40,22,1.1,6.9,15:30,32,70,19:10,14,23:20,2025-05-06 10:53:57.118565,2025-05-06 10:53:57.118565
135189,115,2023-10-31,20.6,0,16.6,01:50,24.6,15:50,31,1.1,6.7,13:30,56,72,06:20,16,02:10,2025-05-06 10:53:57.350861,2025-05-06 10:53:57.350861
135208,115,2023-11-01,22.2,0,16,02:30,28.3,16:10,8,1.1,8.6,21:50,35,61,00:20,31,15:30,2025-05-06 10:53:57.545900,2025-05-06 10:53:57.545900
135227,115,2023-11-02,20.6,0,15,21:00,26.3,12:40,7,2.2,11.1,15:50,37,68,20:20,28,13:00,2025-05-06 10:53:57.755375,2025-05-06 10:53:57.755375
135246,115,2023-11-03,18.2,0,14.5,03:40,21.8,13:30,6,2.5,12.2,09:30,55,74,05:10,14,,2025-05-06 10:53:57.951689,2025-05-06 10:53:57.951689
135265,115,2023-11-04,17.8,0,13,08:00,22.7,15:20,7,2.8,10,03:40,56,82,08:20,44,11:40,2025-05-06 10:53:58.156670,2025-05-06 10:53:58.156670
135284,115,2023-11-05,18.8,5.5,12.7,05:00,24.8,15:30,6,2.2,8.9,21:00,58,84,20:40,39,,2025-05-06 10:53:58.358858,2025-05-06 10:53:58.358858
135303,115,2023-11-06,14.5,13.1,11.8,23:59,17.2,12:30,6,4.2,17.8,21:10,61,82,,43,13:00,2025-05-06 10:53:58.514325,2025-05-06 10:53:58.514325
135322,115,2023-11-07,12.8,2.5,11.3,08:00,14.3,13:20,7,1.4,19.2,02:40,61,74,,55,13:20,2025-05-06 10:53:58.639060,2025-05-06 10:53:58.639060
135341,115,2023-11-08,14.1,0,11.7,06:10,16.5,14:10,9,4.2,18.9,01:30,56,72,,45,11:50,2025-05-06 10:53:58.757881,2025-05-06 10:53:58.757881
135360,115,2023-11-09,17,0,12.7,00:50,21.2,23:59,10,7.2,17.2,09:30,,71,01:10,14,,2025-05-06 10:53:58.896479,2025-05-06 10:53:58.896479
135379,115,2023-11-10,20.5,0,17.4,23:59,23.6,12:00,12,5.6,14.4,23:40,26,49,23:59,12,00:00,2025-05-06 10:53:59.041426,2025-05-06 10:53:59.041426
135398,115,2023-11-11,20.9,0,15.4,06:40,26.4,13:20,12,1.7,12.8,00:10,48,69,06:40,24,,2025-05-06 10:53:59.206086,2025-05-06 10:53:59.206086
135417,115,2023-11-12,25,0,20.2,00:20,29.7,10:40,26,1.7,7.8,16:40,23,40,18:20,17,13:00,2025-05-06 10:53:59.361916,2025-05-06 10:53:59.361916
135436,115,2023-11-13,25.6,0,21.1,04:30,30,14:00,9,3.3,13.9,21:00,18,24,,17,13:00,2025-05-06 10:53:59.515777,2025-05-06 10:53:59.515777
135455,115,2023-11-14,25.8,0,22.3,02:50,29.2,,5,3.1,12.2,04:40,18,23,06:10,18,,2025-05-06 10:53:59.674655,2025-05-06 10:53:59.674655
135474,115,2023-11-15,25.8,0,21.7,,29.9,13:50,11,2.5,8.1,03:10,18,24,05:30,17,00:00,2025-05-06 10:53:59.832168,2025-05-06 10:53:59.832168
135493,115,2023-11-16,22.3,0,19.2,04:30,25.4,15:40,10,3.9,13.6,20:30,20,26,,19,13:00,2025-05-06 10:54:00.009603,2025-05-06 10:54:00.009603
135512,115,2023-11-17,24.2,0,19.6,02:20,28.8,13:10,99,1.9,10.8,00:30,18,23,,17,13:00,2025-05-06 10:54:00.208214,2025-05-06 10:54:00.208214
135531,115,2023-11-18,24.8,0,20.3,23:30,29.3,10:40,22,1.7,6.9,16:20,18,25,18:40,17,13:00,2025-05-06 10:54:00.425309,2025-05-06 10:54:00.425309
135550,115,2023-11-19,23.5,0,18.9,20:20,28.1,13:40,22,1.7,8.3,12:40,20,29,19:10,17,13:00,2025-05-06 10:54:00.616364,2025-05-06 10:54:00.616364
135569,115,2023-11-20,22.2,0,18.2,06:40,26.2,15:10,22,2.8,11.4,23:00,18,25,,17,18:00,2025-05-06 10:54:00.776514,2025-05-06 10:54:00.776514
135588,115,2023-11-21,21.8,0,20.2,06:20,23.5,13:30,99,1.4,10.8,00:30,16,22,,15,18:00,2025-05-06 10:54:00.912655,2025-05-06 10:54:00.912655
135607,115,2023-11-22,,,,,,,0,1.7,,,18,,,,,2025-05-06 10:54:01.059336,2025-05-06 10:54:01.059336
135626,115,2023-11-23,22,0,17.5,20:40,26.6,12:50,26,2.5,11.9,14:30,28,35,07:30,24,00:00,2025-05-06 10:54:01.212232,2025-05-06 10:54:01.212232
135645,115,2023-11-24,17,0,12.9,23:59,21,14:10,6,2.5,10,19:50,44,78,23:59,24,00:00,2025-05-06 10:54:01.382370,2025-05-06 10:54:01.382370
135664,115,2023-11-25,15.5,0,11.9,23:59,19.1,14:50,4,2.5,10.3,06:30,59,79,00:10,42,14:50,2025-05-06 10:54:01.545018,2025-05-06 10:54:01.545018
135683,115,2023-11-26,16,0,11.5,23:59,20.6,12:50,8,1.7,9.4,01:00,53,71,10:20,40,12:50,2025-05-06 10:54:01.751636,2025-05-06 10:54:01.751636
135702,115,2023-11-27,15.4,0,10.3,06:20,20.5,13:30,21,1.4,6.7,13:30,55,70,04:00,41,11:30,2025-05-06 10:54:01.990525,2025-05-06 10:54:01.990525
135721,115,2023-11-28,16,0,10.9,01:40,21.2,14:20,23,1.1,6.4,14:30,43,82,,32,13:00,2025-05-06 10:54:02.228913,2025-05-06 10:54:02.228913
135740,115,2023-11-29,16.8,0,11.4,00:10,22.2,10:30,24,1.1,5.8,15:40,43,80,19:20,21,10:30,2025-05-06 10:54:02.465791,2025-05-06 10:54:02.465791
135759,115,2024-05-28,17.4,0,10.6,06:00,24.1,14:50,28,2.2,5.8,13:40,54,79,23:59,44,13:40,2025-05-06 10:56:10.194442,2025-05-06 10:56:10.194442
135778,115,2024-05-29,16.3,0,10.5,04:40,22.1,13:40,29,1.9,5.8,14:20,54,83,03:00,44,13:40,2025-05-06 10:56:10.499300,2025-05-06 10:56:10.499300
135797,115,2024-05-30,17.1,0,11,,23.2,16:00,24,1.7,6.4,15:00,56,82,,41,17:10,2025-05-06 10:56:10.790336,2025-05-06 10:56:10.790336
135816,115,2024-05-31,17.5,0,12.8,02:00,22.2,11:50,24,1.4,5.8,11:30,57,80,,44,11:50,2025-05-06 10:56:11.061930,2025-05-06 10:56:11.061930
135835,115,2024-06-01,21.1,0,12.1,04:10,30.1,16:00,22,1.7,8.9,16:50,45,83,07:10,15,,2025-05-06 10:56:11.327169,2025-05-06 10:56:11.327169
135854,115,2024-06-02,24.6,0,19.9,06:30,29.3,16:10,26,2.5,8.1,16:20,17,28,10:30,12,00:00,2025-05-06 10:56:11.606654,2025-05-06 10:56:11.606654
135873,115,2024-06-03,20.6,0,14,23:59,27.3,14:30,26,1.9,10.3,14:30,25,59,23:59,19,09:00,2025-05-06 10:56:11.871695,2025-05-06 10:56:11.871695
135892,115,2024-06-04,18.8,0,11.8,05:00,25.8,16:10,8,2.2,8.6,23:30,43,71,04:40,26,18:40,2025-05-06 10:56:12.131805,2025-05-06 10:56:12.131805
135911,115,2024-06-05,18.8,0,12.1,06:00,25.6,13:20,7,1.9,7.8,00:10,50,75,06:50,36,13:20,2025-05-06 10:56:12.414028,2025-05-06 10:56:12.414028
135930,115,2024-06-06,17.8,0,12.7,04:50,23,10:30,28,1.9,6.4,16:30,61,82,,38,10:30,2025-05-06 10:56:12.689385,2025-05-06 10:56:12.689385
135949,115,2024-06-07,18.6,0,13.3,01:50,23.9,14:00,32,2.5,8.6,13:40,51,84,01:30,24,13:00,2025-05-06 10:56:12.992061,2025-05-06 10:56:12.992061
135968,115,2024-06-08,18.5,0,12.6,07:10,24.4,14:40,25,1.9,6.7,15:20,53,80,00:00,41,11:30,2025-05-06 10:56:13.266065,2025-05-06 10:56:13.266065
135987,115,2024-06-09,18.6,0,13.1,05:40,24.2,14:40,26,1.9,8.1,15:30,47,76,,33,15:40,2025-05-06 10:56:13.514699,2025-05-06 10:56:13.514699
136006,115,2024-06-10,18.4,0,12.6,06:00,24.2,15:00,4,2.2,9.7,21:20,48,71,05:50,38,,2025-05-06 10:56:13.744114,2025-05-06 10:56:13.744114
136025,115,2024-06-11,18.4,0,12.8,23:30,24.1,16:30,6,4.4,10.8,14:20,52,73,04:10,35,17:30,2025-05-06 10:56:13.961158,2025-05-06 10:56:13.961158
136044,115,2024-06-12,18.8,0,11.8,06:00,25.7,12:50,8,3.1,13.9,16:30,43,75,05:30,26,12:40,2025-05-06 10:56:14.126640,2025-05-06 10:56:14.126640
136063,115,2024-06-13,19.6,0,13.1,03:00,26,12:50,7,1.9,12.2,,43,72,03:00,24,04:00,2025-05-06 10:56:14.364673,2025-05-06 10:56:14.364673
136082,115,2024-06-14,18.9,0,12,05:00,25.8,15:20,5,2.8,10.6,18:40,38,66,05:00,18,19:50,2025-05-06 10:56:14.527043,2025-05-06 10:56:14.527043
136101,115,2024-06-15,19.3,0,15.3,07:10,23.3,15:20,7,5.3,17.5,20:00,23,32,10:30,17,00:00,2025-05-06 10:56:14.734803,2025-05-06 10:56:14.734803
136120,115,2024-06-16,20.1,0,15.2,07:40,25,15:00,7,2.2,13.3,01:30,34,64,22:00,15,00:00,2025-05-06 10:56:14.950082,2025-05-06 10:56:14.950082
136139,115,2024-06-17,20.8,0,15.5,23:00,26,10:30,28,1.9,5.6,13:30,34,70,22:40,23,07:00,2025-05-06 10:56:15.149611,2025-05-06 10:56:15.149611
136158,115,2024-06-18,22.6,0,16.4,00:10,28.7,15:40,8,2.2,7.5,19:00,29,66,23:59,23,09:30,2025-05-06 10:56:15.373034,2025-05-06 10:56:15.373034
136177,115,2024-06-19,20,0,13.3,23:50,26.6,15:20,8,3.6,10.6,23:40,36,74,02:20,24,18:00,2025-05-06 10:56:15.593160,2025-05-06 10:56:15.593160
136196,115,2024-06-20,18.8,0,12,03:00,25.5,15:30,9,2.2,12.2,08:50,40,66,01:10,31,08:10,2025-05-06 10:56:15.853864,2025-05-06 10:56:15.853864
136215,115,2024-06-21,18.1,0,12.1,05:10,24.1,13:00,99,4.4,13.6,06:50,44,65,03:10,37,13:00,2025-05-06 10:56:16.080219,2025-05-06 10:56:16.080219
136234,115,2024-06-22,19.1,0,12.5,04:00,25.7,13:50,6,1.4,7.8,22:30,40,65,,22,22:30,2025-05-06 10:56:16.270064,2025-05-06 10:56:16.270064
136253,115,2024-06-23,21.7,0,14.8,00:50,28.6,14:00,5,2.5,11.9,23:30,33,55,00:40,26,,2025-05-06 10:56:16.446810,2025-05-06 10:56:16.446810
136272,115,2024-06-24,23.1,0,15.6,23:59,30.6,16:00,5,1.9,11.7,00:40,30,63,23:50,26,07:00,2025-05-06 10:56:16.678844,2025-05-06 10:56:16.678844
136291,115,2024-06-25,20.4,0,13.8,07:20,26.9,14:30,23,1.4,6.7,13:50,46,71,23:40,39,19:20,2025-05-06 10:56:16.909248,2025-05-06 10:56:16.909248
136310,115,2024-06-26,18.6,0,12.1,06:50,25.2,16:50,5,2.2,10.6,10:20,51,75,07:10,15,,2025-05-06 10:56:17.163417,2025-05-06 10:56:17.163417
136329,115,2024-06-27,17,0,11.2,05:00,22.7,11:30,7,1.7,8.3,10:20,57,76,,46,11:20,2025-05-06 10:56:17.447110,2025-05-06 10:56:17.447110
136348,115,2024-06-28,18.5,0,12.2,04:30,24.8,14:30,7,1.7,15.8,23:30,51,77,,35,20:50,2025-05-06 10:56:17.649062,2025-05-06 10:56:17.649062
136367,115,2024-06-29,24.2,0,19.4,08:30,29,15:00,7,5,15.3,07:10,32,47,04:00,14,,2025-05-06 10:56:17.930996,2025-05-06 10:56:17.930996
136386,115,2024-06-30,24.2,0,18.5,05:40,29.9,14:10,11,1.4,9.2,23:30,32,59,20:50,14,00:00,2025-05-06 10:56:18.150269,2025-05-06 10:56:18.150269
136405,115,2024-07-01,23.4,0,20.1,01:40,26.6,13:50,7,6.4,12.8,09:50,25,34,00:40,22,,2025-05-06 10:56:18.395276,2025-05-06 10:56:18.395276
136424,115,2024-07-02,24.6,0,19.1,07:10,30.1,17:30,8,0.8,8.3,00:10,32,54,21:00,19,00:00,2025-05-06 10:56:18.638660,2025-05-06 10:56:18.638660
136442,115,2024-07-03,22.8,0,15.3,03:00,30.2,09:20,24,0.8,4.2,14:20,31,60,02:50,20,08:30,2025-05-06 10:56:18.904214,2025-05-06 10:56:18.904214
136461,115,2024-07-04,23.5,0,19.1,05:40,27.9,15:00,21,1.4,8.1,23:10,33,51,20:00,26,08:10,2025-05-06 10:56:19.179255,2025-05-06 10:56:19.179255
136480,115,2024-07-05,25.2,0,19.5,07:00,30.9,14:10,24,1.4,8.1,04:40,33,47,20:30,18,,2025-05-06 10:56:19.440559,2025-05-06 10:56:19.440559
136499,115,2024-07-06,27.1,0,21.9,20:40,32.3,15:50,9,1.9,10.8,08:00,24,51,19:50,14,07:30,2025-05-06 10:56:19.703243,2025-05-06 10:56:19.703243
136518,115,2024-07-07,25.4,0,20.3,20:30,30.5,12:30,4,3.1,9.2,23:00,27,50,20:20,21,07:00,2025-05-06 10:56:19.963170,2025-05-06 10:56:19.963170
136537,115,2024-07-08,24.6,0,20,22:00,29.3,13:50,99,3.9,10.8,,22,37,21:50,17,04:00,2025-05-06 10:56:20.224583,2025-05-06 10:56:20.224583
136556,115,2024-07-09,23.8,0,19.3,23:59,28.4,13:00,6,0.6,14.4,20:20,27,38,23:50,23,13:00,2025-05-06 10:56:20.507172,2025-05-06 10:56:20.507172
136575,115,2024-07-10,22.8,0,19.3,00:20,26.2,14:20,7,6.4,18.9,20:30,31,38,00:00,30,07:00,2025-05-06 10:56:20.803214,2025-05-06 10:56:20.803214
136594,115,2024-07-11,29.5,0,23.2,02:50,35.8,16:30,7,6.4,18.6,00:10,26,35,,23,14:10,2025-05-06 10:56:21.058276,2025-05-06 10:56:21.058276
136613,115,2024-07-12,31.2,0,25.8,04:20,36.7,13:40,7,6.9,18.9,,26,35,19:00,19,13:00,2025-05-06 10:56:21.283775,2025-05-06 10:56:21.283775
136632,115,2024-07-13,31.4,0,27.4,23:00,35.3,10:50,8,1.4,10,02:30,23,36,20:10,20,00:00,2025-05-06 10:56:21.561317,2025-05-06 10:56:21.561317
136651,115,2024-07-14,31.9,0,27.5,00:20,36.3,15:30,30,1.9,5,16:00,22,31,00:00,14,23:30,2025-05-06 10:56:21.828766,2025-05-06 10:56:21.828766
136670,115,2024-07-15,32.9,0,26.3,21:20,39.5,15:30,6,1.9,12.5,22:50,17,31,19:50,11,00:00,2025-05-06 10:56:22.057633,2025-05-06 10:56:22.057633
136689,115,2024-07-16,32.2,0,25,21:50,39.4,15:20,8,1.9,10.8,05:20,23,38,20:00,13,00:00,2025-05-06 10:56:22.300484,2025-05-06 10:56:22.300484
136708,115,2024-07-17,27,0,22.7,23:00,31.2,12:20,8,1.7,8.6,01:10,26,52,20:50,20,07:00,2025-05-06 10:56:22.535278,2025-05-06 10:56:22.535278
136727,115,2024-07-18,27.8,0,22.5,00:20,33.2,14:30,8,1.7,8.3,23:40,23,39,00:10,20,07:00,2025-05-06 10:56:22.786557,2025-05-06 10:56:22.786557
136746,115,2024-07-19,32.4,0,26.3,23:50,38.6,15:30,10,2.5,15.3,08:20,20,24,,19,18:00,2025-05-06 10:56:23.021038,2025-05-06 10:56:23.021038
136765,115,2024-07-20,30.8,0,24.8,22:50,36.9,11:40,6,3.3,16.9,23:40,19,24,,17,07:00,2025-05-06 10:56:23.256144,2025-05-06 10:56:23.256144
136784,115,2024-07-21,27,0,23.9,05:20,30.1,14:00,9,7.8,17.2,04:30,24,29,,20,00:00,2025-05-06 10:56:23.514382,2025-05-06 10:56:23.514382
136803,115,2024-07-22,28.8,,25.1,01:30,32.6,12:00,6,3.9,15.8,02:30,27,35,13:00,18,07:00,2025-05-06 10:56:23.800740,2025-05-06 10:56:23.800740
136822,115,2024-07-23,32,0,26.6,01:10,37.4,16:00,7,1.9,10.6,00:40,22,29,19:40,20,07:00,2025-05-06 10:56:24.060113,2025-05-06 10:56:24.060113
136841,115,2024-07-24,33.3,0,28.6,04:10,38,13:10,9,1.4,14.7,04:40,25,34,20:40,23,07:50,2025-05-06 10:56:24.293703,2025-05-06 10:56:24.293703
136860,115,2024-07-25,33.4,0,29,22:50,37.8,12:30,99,3.1,14.2,22:40,19,24,,18,18:00,2025-05-06 10:56:24.546913,2025-05-06 10:56:24.546913
136879,115,2024-07-26,33,0,29,06:30,36.9,13:30,4,1.9,11.7,03:20,20,28,14:10,15,,2025-05-06 10:56:24.812103,2025-05-06 10:56:24.812103
136898,115,2024-07-27,28.6,0,24.5,04:50,32.8,15:00,9,3.9,12.5,02:40,24,30,16:40,12,00:00,2025-05-06 10:56:25.031837,2025-05-06 10:56:25.031837
136917,115,2024-07-28,23.2,0,18.6,23:59,27.8,13:40,12,2.2,6.9,02:00,33,47,,22,00:00,2025-05-06 10:56:25.287999,2025-05-06 10:56:25.287999
136936,115,2024-07-29,21.1,0,16.8,06:00,25.4,12:50,28,2.2,6.4,13:40,56,67,07:40,45,01:10,2025-05-06 10:56:25.534828,2025-05-06 10:56:25.534828
136955,115,2024-07-30,21,0,15.6,07:00,26.5,16:10,26,1.9,6.1,14:30,54,76,22:00,44,09:50,2025-05-06 10:56:25.821265,2025-05-06 10:56:25.821265
136974,115,2024-07-31,24.2,0,18.5,00:10,29.9,14:40,26,1.4,5.8,15:00,38,70,00:00,23,08:50,2025-05-06 10:56:26.080071,2025-05-06 10:56:26.080071
136993,115,2024-08-01,30.2,0,26,02:00,34.3,16:50,11,1.4,6.9,22:30,26,45,20:20,12,07:00,2025-05-06 10:56:26.336992,2025-05-06 10:56:26.336992
137012,115,2024-08-02,31.4,0,27.2,07:00,35.6,14:50,7,8.3,16.4,23:40,16,24,,15,13:00,2025-05-06 10:56:26.584315,2025-05-06 10:56:26.584315
137031,115,2024-08-03,32.4,0,27.8,04:20,37.1,15:50,8,7.8,16.4,02:40,16,21,15:20,15,,2025-05-06 10:56:26.733217,2025-05-06 10:56:26.733217
137050,115,2024-08-04,32.7,0,29.5,02:30,35.9,11:30,9,2.5,14.4,01:20,20,30,18:50,12,00:00,2025-05-06 10:56:26.884927,2025-05-06 10:56:26.884927
137069,115,2024-08-05,29.4,0,24.7,20:30,34,11:00,10,1.1,6.7,23:20,26,41,20:00,15,23:00,2025-05-06 10:56:27.112841,2025-05-06 10:56:27.112841
137088,115,2024-08-06,26.4,0,19.7,23:59,33.2,11:00,99,1.4,4.7,,28,64,23:59,15,07:00,2025-05-06 10:56:27.363448,2025-05-06 10:56:27.363448
137107,115,2024-08-07,24.2,0,18.6,03:10,29.9,12:40,26,1.4,5.3,15:30,35,67,00:30,24,08:40,2025-05-06 10:56:27.627327,2025-05-06 10:56:27.627327
137126,115,2024-08-08,27.8,0,22.4,00:20,33.1,11:20,25,1.1,5,14:50,,56,21:20,15,,2025-05-06 10:56:27.872822,2025-05-06 10:56:27.872822
137145,115,2024-08-09,30.6,0,25.4,00:10,35.7,10:50,23,0.6,5,15:50,28,41,,18,07:00,2025-05-06 10:56:28.090137,2025-05-06 10:56:28.090137
137164,115,2024-08-10,32.9,0,28.5,23:59,37.3,15:20,24,1.4,5,15:20,25,35,20:20,19,00:00,2025-05-06 10:56:28.324210,2025-05-06 10:56:28.324210
137183,115,2024-08-11,31.8,0,27.8,02:50,35.9,10:50,31,1.9,5.3,12:10,24,32,00:00,23,23:50,2025-05-06 10:56:28.613007,2025-05-06 10:56:28.613007
137202,115,2024-08-12,34,0,29,06:10,39.1,11:00,8,1.4,8.3,01:30,23,32,19:40,18,,2025-05-06 10:56:28.819987,2025-05-06 10:56:28.819987
137221,115,2024-08-13,34.8,0,30.5,22:50,39.1,11:10,8,2.8,7.8,07:10,24,29,17:00,16,23:40,2025-05-06 10:56:29.110547,2025-05-06 10:56:29.110547
137240,115,2024-08-14,27.4,0,21.4,23:50,33.3,11:20,8,6.9,18.3,16:30,18,42,23:59,13,00:00,2025-05-06 10:56:29.395908,2025-05-06 10:56:29.395908
137259,115,2024-08-15,24.8,0,18,07:10,31.6,14:40,8,1.1,13.3,00:10,32,50,20:50,21,13:00,2025-05-06 10:56:29.657114,2025-05-06 10:56:29.657114
137278,115,2024-08-16,,0,,,,,6,2.5,16.7,23:30,26,,,,,2025-05-06 10:56:29.919068,2025-05-06 10:56:29.919068
137297,115,2024-08-17,26,0,23,07:00,29.1,13:10,6,5.3,17.8,01:20,30,37,05:00,24,13:00,2025-05-06 10:56:30.171464,2025-05-06 10:56:30.171464
137316,115,2024-08-18,31.8,0,25,03:00,38.6,14:50,7,6.7,19.4,04:40,25,36,,20,,2025-05-06 10:56:30.459276,2025-05-06 10:56:30.459276
137335,115,2024-08-19,28.6,0,24.1,23:10,33.2,11:50,10,1.9,15.3,00:20,34,49,23:10,24,02:40,2025-05-06 10:56:30.720095,2025-05-06 10:56:30.720095
137354,115,2024-08-20,27.3,0.1,24.4,02:50,30.2,12:10,8,4.7,14.4,23:40,38,48,00:00,33,23:20,2025-05-06 10:56:30.972810,2025-05-06 10:56:30.972810
137373,115,2024-08-21,31.2,0,26.3,01:10,36.1,18:10,10,5,15.8,22:40,28,36,,18,,2025-05-06 10:56:31.205255,2025-05-06 10:56:31.205255
137392,115,2024-08-22,29.4,0,26.7,21:00,32.2,14:10,6,5.8,15.8,62:10,16,23,,15,00:00,2025-05-06 10:56:31.491435,2025-05-06 10:56:31.491435
137411,115,2024-08-23,24.5,0,16,23:40,33,14:00,24,3.9,12.5,15:10,21,71,23:59,17,00:00,2025-05-06 10:56:31.737718,2025-05-06 10:56:31.737718
137430,115,2024-08-24,,0,,,,,4,3.9,14.7,14:50,58,77,02:20,45,16:30,2025-05-06 10:56:32.012822,2025-05-06 10:56:32.012822
137449,115,2024-08-25,23.4,0,16.4,04:00,30.4,16:00,10,2.8,13.6,10:30,36,60,04:00,25,05:10,2025-05-06 10:56:32.258912,2025-05-06 10:56:32.258912
137468,115,2024-08-26,29.6,0,24.8,00:10,34.5,14:00,9,1.9,11.1,00:10,25,33,17:20,21,11:30,2025-05-06 10:56:32.533107,2025-05-06 10:56:32.533107
137487,115,2024-08-27,27.6,0,23.2,23:10,31.9,13:50,26,1.1,5.6,15:00,29,46,23:00,27,00:00,2025-05-06 10:56:32.781545,2025-05-06 10:56:32.781545
137506,115,2024-08-28,23.4,0,16.8,23:59,30,14:20,14,2.2,5.8,20:50,36,64,23:59,23,02:00,2025-05-06 10:56:33.065734,2025-05-06 10:56:33.065734
137525,115,2024-08-29,21.2,0,15.9,00:40,26.5,10:30,7,4.4,12.5,21:10,38,66,00:30,19,06:20,2025-05-06 10:56:33.313330,2025-05-06 10:56:33.313330
137544,115,2024-08-30,20.6,0,14.9,23:59,26.4,15:50,8,4.4,12.5,05:20,56,76,07:00,44,13:10,2025-05-06 10:56:33.558875,2025-05-06 10:56:33.558875
137563,115,2024-08-31,19.8,0,13.4,06:50,26.2,12:50,28,1.9,6.7,13:50,55,77,,42,10:30,2025-05-06 10:56:33.822730,2025-05-06 10:56:33.822730
137582,115,2024-09-01,19.9,0,13.1,05:40,26.7,15:10,23,1.7,5.6,14:40,49,78,01:00,21,23:20,2025-05-06 10:56:34.070863,2025-05-06 10:56:34.070863
137601,115,2024-09-02,19.4,0,13.9,02:40,24.9,13:50,8,4.4,15.8,10:40,33,76,01:10,31,05:30,2025-05-06 10:56:34.324802,2025-05-06 10:56:34.324802
137620,115,2024-09-03,19.4,0,15.7,21:20,23.2,13:30,8,6.4,18.1,02:40,56,77,21:20,33,00:00,2025-05-06 10:56:34.587213,2025-05-06 10:56:34.587213
137639,115,2024-09-04,19,0,14.2,07:00,23.8,17:00,8,3.3,12.8,12:50,65,83,06:50,50,18:00,2025-05-06 10:56:34.845002,2025-05-06 10:56:34.845002
137658,115,2024-09-05,19,0,13.2,06:00,24.8,14:40,99,1.7,5.3,,58,85,,44,14:40,2025-05-06 10:56:35.119493,2025-05-06 10:56:35.119493
137677,115,2024-09-06,18.2,0,13,06:00,23.3,13:40,27,1.7,6.4,12:40,62,85,,47,10:10,2025-05-06 10:56:35.362304,2025-05-06 10:56:35.362304
137696,115,2024-09-07,18.8,0,12.3,06:30,25.2,15:10,30,2.2,6.1,15:20,53,75,06:00,38,11:50,2025-05-06 10:56:35.640689,2025-05-06 10:56:35.640689
137715,115,2024-09-08,19.4,0,13,07:00,25.9,16:40,99,1.4,5.6,12:30,53,76,,38,10:20,2025-05-06 10:56:35.915862,2025-05-06 10:56:35.915862
137734,115,2024-09-09,24,0,17.3,01:40,30.8,10:30,29,1.1,5.3,13:30,25,53,00:00,20,09:00,2025-05-06 10:56:36.168146,2025-05-06 10:56:36.168146
137753,115,2024-09-10,25.6,0,20.8,22:40,30.3,12:00,27,1.7,5.3,14:50,31,49,21:00,28,09:30,2025-05-06 10:56:36.410901,2025-05-06 10:56:36.410901
137772,115,2024-09-11,19.4,0,14.8,21:20,23.9,10:40,7,4.4,15,07:20,43,74,21:10,29,10:40,2025-05-06 10:56:36.676250,2025-05-06 10:56:36.676250
137791,115,2024-09-12,18.4,0,14.7,03:00,22,12:10,8,3.9,15.3,08:10,47,68,02:00,38,10:40,2025-05-06 10:56:36.920380,2025-05-06 10:56:36.920380
137810,115,2024-09-13,19.8,0,14.5,05:00,25.1,14:00,10,6.1,14.2,08:20,36,75,05:00,26,13:00,2025-05-06 10:56:37.133307,2025-05-06 10:56:37.133307
137829,115,2024-09-14,25,0,21.4,23:50,28.6,14:50,6,1.7,7.8,00:20,30,54,20:00,24,00:00,2025-05-06 10:56:37.347138,2025-05-06 10:56:37.347138
137848,115,2024-09-15,23.2,0,19.6,22:40,26.7,11:50,27,2.2,5.8,15:40,34,58,19:50,28,09:20,2025-05-06 10:56:37.520902,2025-05-06 10:56:37.520902
137867,115,2024-09-16,20.7,0,15.4,23:59,26,13:40,30,1.4,5.3,14:20,45,81,,28,07:00,2025-05-06 10:56:37.759623,2025-05-06 10:56:37.759623
137886,115,2024-09-17,18.4,0,13.1,07:20,23.6,11:10,28,1.4,6.7,12:40,65,81,,40,10:50,2025-05-06 10:56:38.017068,2025-05-06 10:56:38.017068
137905,115,2024-09-18,18.4,0,12.9,05:40,23.8,15:00,22,1.1,7.8,15:00,53,73,00:00,41,10:40,2025-05-06 10:56:38.290645,2025-05-06 10:56:38.290645
137924,115,2024-09-19,19,0,14,07:00,24,12:20,99,1.9,5.8,,53,61,18:10,42,12:10,2025-05-06 10:56:38.538677,2025-05-06 10:56:38.538677
137943,115,2024-09-20,18.4,0,13.6,05:00,23.3,12:10,28,2.5,6.7,12:50,53,74,20:40,44,12:00,2025-05-06 10:56:38.804449,2025-05-06 10:56:38.804449
137962,115,2024-09-21,18.7,0,13.2,05:00,24.2,12:50,29,1.9,6.1,14:50,49,71,00:00,34,09:30,2025-05-06 10:56:39.037071,2025-05-06 10:56:39.037071
137981,115,2024-09-22,21.3,0,15.8,00:30,26.8,10:20,6,1.9,9.7,01:00,39,72,20:50,24,,2025-05-06 10:56:39.259201,2025-05-06 10:56:39.259201
138000,115,2024-09-23,21.2,0,15.8,23:00,26.6,13:20,99,2.2,5.8,,38,65,21:50,29,05:00,2025-05-06 10:56:39.507570,2025-05-06 10:56:39.507570
138019,115,2024-09-24,21.6,0,15.3,00:30,27.9,15:40,13,1.7,7.5,13:30,35,70,20:20,15,22:30,2025-05-06 10:56:39.755912,2025-05-06 10:56:39.755912
138038,115,2024-09-25,22.2,0,15.7,03:50,28.6,16:00,9,1.1,6.1,19:20,35,57,02:20,18,06:00,2025-05-06 10:56:40.027703,2025-05-06 10:56:40.027703
138057,115,2024-09-26,24.4,0,19.5,22:00,29.4,16:50,32,1.7,6.1,14:20,29,62,20:30,20,,2025-05-06 10:56:40.277789,2025-05-06 10:56:40.277789
138076,115,2024-09-27,23.6,0,18.7,01:10,28.5,12:50,5,2.8,8.9,02:10,34,56,01:00,28,07:00,2025-05-06 10:56:40.579649,2025-05-06 10:56:40.579649
138095,115,2024-09-28,24,0,17.8,23:59,30.1,14:20,6,2.5,10.6,04:20,30,68,22:50,21,05:20,2025-05-06 10:56:40.848591,2025-05-06 10:56:40.848591
138114,115,2024-09-29,20.9,0,15.9,23:00,25.9,13:20,29,1.4,5.8,13:50,38,70,01:30,14,23:59,2025-05-06 10:56:41.069793,2025-05-06 10:56:41.069793
138133,115,2024-09-30,20.4,0,12.9,01:50,28,12:20,10,1.9,8.9,10:10,25,74,01:40,14,,2025-05-06 10:56:41.313111,2025-05-06 10:56:41.313111
138152,115,2024-10-01,23.9,0,20.2,04:40,27.6,14:00,6,2.5,13.6,23:59,28,45,22:40,22,00:00,2025-05-06 10:56:41.556646,2025-05-06 10:56:41.556646
138171,115,2024-10-02,23.4,0,19.2,20:00,27.6,11:10,10,3.3,15.3,04:50,40,63,19:50,28,22:50,2025-05-06 10:56:41.846763,2025-05-06 10:56:41.846763
138190,115,2024-10-03,26,0,21.4,01:10,30.6,13:30,9,5.8,15.8,22:00,30,38,,24,18:50,2025-05-06 10:56:42.075652,2025-05-06 10:56:42.075652
138209,115,2024-10-04,26.6,0,22.8,23:00,30.5,15:20,9,5.3,16.4,08:00,33,44,18:10,26,13:00,2025-05-06 10:56:42.356614,2025-05-06 10:56:42.356614
138228,115,2024-10-05,26.8,0,22.8,03:20,30.8,14:10,8,3.9,14.7,05:10,33,47,19:10,28,13:00,2025-05-06 10:56:42.594006,2025-05-06 10:56:42.594006
138247,115,2024-10-06,25.8,0,21.4,22:00,30.1,10:20,10,1.9,6.4,01:20,33,42,21:20,30,10:00,2025-05-06 10:56:42.885822,2025-05-06 10:56:42.885822
138266,115,2024-10-07,20.5,0.2,13.9,06:20,27.1,15:40,27,1.4,7.2,15:20,54,83,,33,11:10,2025-05-06 10:56:43.151201,2025-05-06 10:56:43.151201
138285,115,2024-10-08,19.5,0.2,15,23:59,24,13:50,25,1.7,6.4,15:20,59,84,,41,13:50,2025-05-06 10:56:43.367981,2025-05-06 10:56:43.367981
138304,115,2024-10-09,19.4,0,13.1,06:00,25.6,14:40,28,1.1,5.6,13:20,48,79,,27,20:20,2025-05-06 10:56:43.624828,2025-05-06 10:56:43.624828
138323,115,2024-10-10,23.4,0,18,00:30,28.9,09:50,6,1.1,6.7,01:10,36,74,21:10,25,09:40,2025-05-06 10:56:43.844449,2025-05-06 10:56:43.844449
138342,115,2024-10-11,24.6,0,19.5,03:40,29.7,10:40,31,2.2,7.5,15:40,29,54,01:50,18,22:00,2025-05-06 10:56:44.056952,2025-05-06 10:56:44.056952
138361,115,2024-10-12,21.1,0.1,16.9,23:40,25.3,11:10,33,1.7,8.3,16:30,32,76,19:50,15,,2025-05-06 10:56:44.303663,2025-05-06 10:56:44.303663
138380,115,2024-10-13,19.3,0,14.6,08:00,24,13:10,26,1.4,6.9,13:20,54,84,,34,13:10,2025-05-06 10:56:44.578350,2025-05-06 10:56:44.578350
138399,115,2024-10-14,18.6,0,13.4,23:10,23.7,13:40,28,2.2,6.4,13:20,50,77,02:40,19,23:59,2025-05-06 10:56:44.800214,2025-05-06 10:56:44.800214
138418,115,2024-10-15,20.7,0,15.6,06:50,25.8,12:30,29,1.7,6.1,15:30,45,80,20:10,14,00:30,2025-05-06 10:56:45.018683,2025-05-06 10:56:45.018683
138437,115,2024-10-16,21.6,0,17.7,00:10,25.6,14:20,7,1.1,7.5,21:40,67,83,21:30,49,10:00,2025-05-06 10:56:45.250730,2025-05-06 10:56:45.250730
138456,115,2024-10-17,18.5,0,14.9,23:30,22.1,18:00,99,5.3,14.7,22:30,52,79,01:20,22,18:10,2025-05-06 10:56:45.527586,2025-05-06 10:56:45.527586
138475,115,2024-10-18,20,0,13.9,08:00,26.1,14:20,5,1.7,10.8,00:10,36,69,20:00,14,,2025-05-06 10:56:45.777938,2025-05-06 10:56:45.777938
138494,115,2024-10-19,24.8,0,19.9,21:50,29.8,10:40,8,1.4,8.6,02:00,,37,19:10,14,,2025-05-06 10:56:46.061709,2025-05-06 10:56:46.061709
138513,115,2024-10-20,24.5,0,19.7,19:50,29.3,14:10,9,2.2,7.8,12:10,23,55,19:00,14,07:00,2025-05-06 10:56:46.281718,2025-05-06 10:56:46.281718
138532,115,2024-10-21,21,0,14.9,23:59,27,12:00,10,2.2,12.2,23:50,32,64,23:59,15,07:00,2025-05-06 10:56:46.509473,2025-05-06 10:56:46.509473
138551,115,2024-10-22,19.5,0,13.9,07:00,25.1,15:40,6,5.6,13.3,07:00,53,74,,25,,2025-05-06 10:56:46.732506,2025-05-06 10:56:46.732506
138570,115,2024-10-23,20.4,0,14.9,02:40,26,13:40,21,1.4,8.1,15:40,34,66,19:30,21,,2025-05-06 10:56:46.987122,2025-05-06 10:56:46.987122
138589,115,2024-10-24,22.8,0,17.7,06:00,27.9,13:00,23,1.4,10.3,11:50,31,60,19:30,21,,2025-05-06 10:56:47.241036,2025-05-06 10:56:47.241036
138608,115,2024-10-25,19.4,3.6,14,23:50,24.7,12:50,7,1.4,13.1,21:00,36,72,21:40,27,00:00,2025-05-06 10:56:47.477792,2025-05-06 10:56:47.477792
138627,115,2024-10-26,13.8,7.4,11.7,21:50,15.9,02:20,8,3.9,15.6,03:20,70,80,03:50,54,00:20,2025-05-06 10:56:47.724294,2025-05-06 10:56:47.724294
138646,115,2024-10-27,13.4,18,11.5,07:00,15.2,14:10,4,3.6,14.4,11:10,71,81,07:20,63,13:00,2025-05-06 10:56:47.946427,2025-05-06 10:56:47.946427
138665,115,2024-10-28,14,7.8,12.3,03:30,15.8,14:20,4,2.2,11.1,14:50,65,80,08:40,44,16:20,2025-05-06 10:56:48.129117,2025-05-06 10:56:48.129117
138684,115,2024-10-29,16,2,11.3,07:30,20.6,15:10,6,1.1,8.9,00:50,57,82,07:40,39,15:00,2025-05-06 10:56:48.383523,2025-05-06 10:56:48.383523
138703,115,2024-10-30,16.2,0,11,08:00,21.3,14:40,23,2.2,7.2,14:20,43,67,22:00,32,13:00,2025-05-06 10:56:48.669556,2025-05-06 10:56:48.669556
138722,115,2024-10-31,15.9,0,10.4,05:40,21.4,13:10,11,1.1,6.9,19:50,40,80,23:50,24,10:10,2025-05-06 10:56:48.936633,2025-05-06 10:56:48.936633
138741,115,2024-11-01,15.9,0,10.7,00:50,21.1,13:40,22,1.4,5.6,14:40,52,83,,31,10:30,2025-05-06 10:56:49.212761,2025-05-06 10:56:49.212761
138760,115,2024-11-02,16.6,0,10.8,05:30,22.4,12:10,23,1.4,6.7,11:10,53,83,00:00,33,10:20,2025-05-06 10:56:49.498602,2025-05-06 10:56:49.498602
138779,115,2024-11-03,18,0,12.2,04:10,23.9,13:40,22,1.1,4.7,14:10,38,82,22:00,21,08:50,2025-05-06 10:56:49.768223,2025-05-06 10:56:49.768223
138798,115,2024-11-04,18.7,0,13.4,04:50,24,13:10,24,1.4,5.3,13:30,60,83,20:20,36,23:59,2025-05-06 10:56:50.025295,2025-05-06 10:56:50.025295
138817,115,2024-11-05,21.4,0,16.7,01:30,26,10:30,25,1.7,4.7,15:50,31,63,21:00,21,10:10,2025-05-06 10:56:50.300260,2025-05-06 10:56:50.300260
138836,115,2024-11-06,24.2,,19.9,,28.6,14:10,26,1.4,11.9,11:50,25,40,00:30,16,08:40,2025-05-06 10:56:50.558970,2025-05-06 10:56:50.558970
138855,115,2024-11-07,26,0,23.3,05:20,28.7,12:20,21,2.2,11.4,13:20,17,22,,17,13:00,2025-05-06 10:56:50.814424,2025-05-06 10:56:50.814424
138874,115,2024-11-08,25.1,0,23.2,19:50,27,11:30,21,2.5,12.8,13:40,16,21,09:40,15,00:00,2025-05-06 10:56:51.079722,2025-05-06 10:56:51.079722
138893,115,2024-11-09,26.2,0,22.5,05:10,29.9,14:30,21,1.9,10,14:00,14,20,,14,07:00,2025-05-06 10:56:51.327444,2025-05-06 10:56:51.327444
138912,115,2024-11-10,24.2,0,19.6,22:10,28.9,14:30,10,2.5,8.9,01:40,16,26,22:10,15,13:00,2025-05-06 10:56:51.582685,2025-05-06 10:56:51.582685
138931,115,2024-11-11,20.5,0,16.6,23:59,24.4,15:00,10,4.2,12.5,22:40,20,31,23:59,17,07:00,2025-05-06 10:56:51.825167,2025-05-06 10:56:51.825167
138950,115,2024-11-12,19,0,13.6,23:59,24.3,12:50,10,1.4,11.7,01:20,37,66,,20,13:00,2025-05-06 10:56:52.091174,2025-05-06 10:56:52.091174
138969,115,2024-11-13,16,0,11.9,07:00,20.2,14:00,23,2.5,8.9,13:10,51,74,23:59,37,13:00,2025-05-06 10:56:52.313345,2025-05-06 10:56:52.313345
138988,115,2024-11-14,15.6,0.1,11.4,06:40,19.8,12:50,26,1.7,6.4,13:30,57,78,06:20,43,13:00,2025-05-06 10:56:52.578539,2025-05-06 10:56:52.578539
139007,115,2024-11-15,16,0,11.7,00:10,20.4,15:20,23,1.7,6.9,15:00,58,74,21:00,42,15:20,2025-05-06 10:56:52.890903,2025-05-06 10:56:52.890903
139026,115,2024-11-16,15.4,0.1,10.9,05:00,19.9,12:30,23,2.8,8.9,15:00,56,79,,40,11:50,2025-05-06 10:56:53.184506,2025-05-06 10:56:53.184506
139045,115,2024-11-17,16,4.3,12.5,03:50,19.4,13:50,19,1.4,8.9,14:20,62,85,,46,13:50,2025-05-06 10:56:53.430068,2025-05-06 10:56:53.430068
139064,115,2024-11-18,17.8,0,12.8,00:40,22.7,16:10,23,1.4,14.2,05:10,46,85,00:00,24,15:50,2025-05-06 10:56:53.667658,2025-05-06 10:56:53.667658
139082,115,2024-11-19,19.5,0,16.7,06:00,22.3,14:40,22,1.1,15.3,15:10,42,52,07:00,35,01:00,2025-05-06 10:56:53.907232,2025-05-06 10:56:53.907232
139100,115,2024-11-20,19.6,1.5,15.9,09:40,23.3,13:20,16,5.3,17.2,09:40,29,44,09:30,24,20:10,2025-05-06 10:56:54.131020,2025-05-06 10:56:54.131020
139119,115,2024-11-21,23.3,0,19.4,19:40,27.2,14:40,19,3.6,15.3,09:30,22,32,02:00,18,13:00,2025-05-06 10:56:54.378545,2025-05-06 10:56:54.378545
139138,115,2024-11-22,22.8,0,18.6,04:00,26.9,13:00,7,2.2,13.1,00:20,19,31,03:50,15,18:00,2025-05-06 10:56:54.647275,2025-05-06 10:56:54.647275
139157,115,2024-11-23,22,0,19.2,21:30,24.9,10:30,21,5,13.9,13:00,15,36,21:50,14,13:00,2025-05-06 10:56:54.911700,2025-05-06 10:56:54.911700
139176,115,2024-11-24,19.8,0.1,14,23:59,25.7,14:10,20,3.3,14.7,06:00,32,74,23:40,23,13:00,2025-05-06 10:57:57.766625,2025-05-06 10:57:57.766625
139195,115,2024-11-25,19.5,0,14.7,21:20,24.3,11:00,24,1.4,5.3,12:00,49,81,,26,02:40,2025-05-06 10:57:58.089694,2025-05-06 10:57:58.089694
139214,115,2024-11-26,19.8,0,16.3,00:10,23.4,11:30,22,0.6,6.1,21:00,28,49,00:00,21,11:30,2025-05-06 10:57:58.304569,2025-05-06 10:57:58.304569
139233,115,2024-11-27,21.9,0,20.1,22:50,23.7,13:20,23,3.3,15,13:30,18,23,,16,05:00,2025-05-06 10:57:58.555583,2025-05-06 10:57:58.555583
139252,115,2024-11-28,23.2,0,19.6,08:00,26.8,14:50,21,3.1,13.3,10:00,18,24,,16,18:00,2025-05-06 10:57:58.842308,2025-05-06 10:57:58.842308
139270,115,2024-11-29,22.8,0,18.2,20:00,27.5,13:50,14,1.1,10.8,02:40,17,22,18:00,15,13:00,2025-05-06 10:57:59.118599,2025-05-06 10:57:59.118599
139289,115,2024-11-30,20.6,0,18.9,21:30,22.4,13:40,21,5.6,16.4,09:20,21,22,,21,,2025-05-06 10:57:59.375240,2025-05-06 10:57:59.375240
139308,115,2024-12-01,21.6,0,17.5,22:20,25.8,15:00,24,2.2,8.3,12:30,17,23,,16,13:00,2025-05-06 10:57:59.642946,2025-05-06 10:57:59.642946
139327,115,2024-12-02,18.4,0,15.3,22:40,21.4,13:00,10,2.2,13.6,21:40,,29,22:50,18,00:00,2025-05-06 10:57:59.902070,2025-05-06 10:57:59.902070
139346,115,2024-12-03,16.1,0,13.2,21:30,19,12:50,14,1.7,12.2,08:30,42,69,22:50,22,00:00,2025-05-06 10:58:00.192548,2025-05-06 10:58:00.192548
139365,115,2024-12-04,15.6,0,13,03:40,18.1,14:50,10,5,18.1,20:00,54,68,,32,23:59,2025-05-06 10:58:00.457590,2025-05-06 10:58:00.457590
139384,115,2024-12-05,20.7,0,16.2,00:50,25.2,14:20,9,0.8,13.9,00:10,26,53,19:20,19,23:50,2025-05-06 10:58:00.715399,2025-05-06 10:58:00.715399
139403,115,2024-12-06,18.6,0,14.2,19:40,22.9,11:20,6,1.1,9.4,06:20,,69,19:00,12,13:00,2025-05-06 10:58:01.000658,2025-05-06 10:58:01.000658
139422,115,2024-12-07,18.9,0,14.8,20:00,23,15:20,15,0.8,8.1,09:20,24,44,,17,00:00,2025-05-06 10:58:01.280649,2025-05-06 10:58:01.280649
139441,115,2024-12-08,18,0,12.8,20:00,23.1,11:40,6,2.8,14.2,20:50,36,75,23:59,23,10:00,2025-05-06 10:58:01.536878,2025-05-06 10:58:01.536878
139460,115,2024-12-09,12.4,0,10.5,23:30,14.3,00:30,6,6.4,14.2,04:50,71,79,23:10,61,04:00,2025-05-06 10:58:01.770441,2025-05-06 10:58:01.770441
139479,115,2024-12-10,11.1,3,9.5,21:10,12.7,14:00,11,1.9,13.3,01:20,74,79,21:00,65,09:50,2025-05-06 10:58:02.007782,2025-05-06 10:58:02.007782
139498,115,2024-12-11,11.7,0.5,9.4,,14,15:30,4,1.9,11.9,01:30,70,83,08:10,58,15:30,2025-05-06 10:58:02.243521,2025-05-06 10:58:02.243521
139517,115,2024-12-12,13.6,0,9,05:00,18.3,14:10,34,1.4,6.7,15:00,55,84,04:50,38,16:50,2025-05-06 10:58:02.473554,2025-05-06 10:58:02.473554
139536,115,2024-12-13,14.2,0,9.2,04:50,19.2,11:10,27,1.9,5.3,12:30,60,83,19:40,40,11:30,2025-05-06 10:58:02.713081,2025-05-06 10:58:02.713081
139555,115,2024-12-14,16.2,7.4,9.8,03:50,22.5,16:00,22,1.1,13.6,21:00,29,64,00:00,17,18:00,2025-05-06 10:58:02.963996,2025-05-06 10:58:02.963996
139574,115,2024-12-15,17.2,2.2,13.9,01:30,20.6,05:50,14,2.8,19.2,22:30,44,75,02:50,19,18:00,2025-05-06 10:58:03.171363,2025-05-06 10:58:03.171363
139593,115,2024-12-16,22.3,0,19.6,00:40,25,15:30,22,6.1,19.2,11:30,13,28,02:20,11,13:00,2025-05-06 10:58:03.312090,2025-05-06 10:58:03.312090
139612,115,2024-12-17,18.8,0,15.1,19:30,22.5,11:40,24,0.8,4.7,14:00,27,47,19:20,23,13:00,2025-05-06 10:58:03.487009,2025-05-06 10:58:03.487009
139631,115,2024-12-18,17.6,0,12.9,06:50,22.2,16:40,18,0.8,7.2,16:40,34,53,18:30,19,19:10,2025-05-06 10:58:03.752148,2025-05-06 10:58:03.752148
139650,115,2024-12-19,18.8,0,14.4,09:00,23.3,11:30,10,2.5,10.3,18:30,,35,22:40,14,,2025-05-06 10:58:03.975678,2025-05-06 10:58:03.975678
139669,115,2024-12-20,17.7,0.5,12.2,22:30,23.2,14:50,9,0.6,15,22:30,31,67,22:20,14,,2025-05-06 10:58:04.135683,2025-05-06 10:58:04.135683
139688,115,2024-12-21,11.2,20.6,8.7,23:00,13.6,01:00,4,3.9,16.1,17:10,74,82,06:50,63,00:00,2025-05-06 10:58:04.337219,2025-05-06 10:58:04.337219
139707,115,2024-12-22,10,18.6,8.1,04:00,12,12:10,2,3.3,13.9,05:40,64,74,,59,16:00,2025-05-06 10:58:04.556555,2025-05-06 10:58:04.556555
139726,115,2024-12-23,11.7,0.8,8.8,03:00,14.6,15:20,3,2.8,17.5,00:40,60,75,03:00,49,15:00,2025-05-06 10:58:04.780178,2025-05-06 10:58:04.780178
139745,115,2024-12-24,15.2,0,10.7,00:20,19.7,12:00,9,4.2,16.7,06:20,33,65,,20,18:00,2025-05-06 10:58:05.001763,2025-05-06 10:58:05.001763
139764,115,2024-12-25,15.8,0,11.2,20:40,20.3,14:20,14,1.9,16.7,00:40,26,61,20:20,20,07:00,2025-05-06 10:58:05.215470,2025-05-06 10:58:05.215470
139783,115,2024-12-26,15,0,9.9,22:40,20.1,14:00,24,1.7,5.8,15:40,49,81,20:10,39,13:00,2025-05-06 10:58:05.428544,2025-05-06 10:58:05.428544
139802,115,2024-12-27,14.8,0,10.6,06:40,19,13:10,99,1.7,6.7,,41,58,15:40,33,,2025-05-06 10:58:05.676822,2025-05-06 10:58:05.676822
139821,115,2024-12-28,13.6,0,11.3,23:50,16,14:00,9,4.7,15,19:10,36,56,23:40,33,,2025-05-06 10:58:05.947683,2025-05-06 10:58:05.947683
139840,115,2024-12-29,14.8,0,10,04:50,19.5,15:30,10,2.2,11.1,00:10,42,63,04:30,26,13:00,2025-05-06 10:58:06.226359,2025-05-06 10:58:06.226359
139859,115,2024-12-30,14.8,0,10,23:00,19.6,15:20,9,3.9,8.9,06:10,37,56,08:20,25,13:00,2025-05-06 10:58:06.446511,2025-05-06 10:58:06.446511
139878,115,2024-12-31,13.5,0,9,23:20,18,15:00,6,1.7,6.9,12:30,50,75,19:50,37,13:30,2025-05-06 10:58:06.708552,2025-05-06 10:58:06.708552
139897,115,2025-01-01,13.6,0,8.4,22:00,18.7,12:20,11,0.6,5,06:10,35,68,21:40,26,13:00,2025-05-06 10:58:06.952271,2025-05-06 10:58:06.952271
139916,115,2025-01-02,13.3,0,8.5,00:10,18.1,15:40,27,0.6,6.1,14:30,50,75,21:50,41,13:30,2025-05-06 10:58:07.216413,2025-05-06 10:58:07.216413
139935,115,2025-01-03,13.8,0,8.6,00:10,19,14:10,22,1.9,7.5,11:50,38,64,00:00,29,10:40,2025-05-06 10:58:07.473094,2025-05-06 10:58:07.473094
139954,115,2025-01-04,14.2,0,9.9,00:50,18.6,13:20,16,2.2,9.4,06:40,36,65,20:50,28,10:50,2025-05-06 10:58:07.709827,2025-05-06 10:58:07.709827
139973,115,2025-01-05,15.2,0,10,04:50,20.4,11:20,19,0.8,6.1,23:50,26,71,23:59,19,07:00,2025-05-06 10:58:07.932242,2025-05-06 10:58:07.932242
139992,115,2025-01-06,15.1,0,10,23:50,20.2,12:20,12,0.8,6.9,21:30,58,80,20:40,44,12:10,2025-05-06 10:58:08.173398,2025-05-06 10:58:08.173398
140011,115,2025-01-07,14.8,0,9.4,23:50,20.2,13:10,24,0.3,5,15:00,52,84,,34,11:00,2025-05-06 10:58:08.429497,2025-05-06 10:58:08.429497
140030,115,2025-01-08,15,0,9.3,00:50,20.7,12:10,28,0.6,4.2,13:30,40,76,00:20,19,23:59,2025-05-06 10:58:08.667434,2025-05-06 10:58:08.667434
140049,115,2025-01-09,16.6,0,11.8,01:50,21.5,15:10,16,1.1,5.8,05:40,23,42,19:50,19,,2025-05-06 10:58:08.898425,2025-05-06 10:58:08.898425
140068,115,2025-01-10,18,0,12.7,,23.4,15:30,8,0.6,9.2,22:00,24,49,19:00,14,23:30,2025-05-06 10:58:09.162089,2025-05-06 10:58:09.162089
140087,115,2025-01-11,20,0,14.9,03:40,25,12:20,10,0.8,10,22:20,,21,16:10,14,,2025-05-06 10:58:09.426166,2025-05-06 10:58:09.426166
140106,115,2025-01-12,18.6,0,12.6,23:00,24.7,14:50,10,1.1,15.8,23:00,,63,23:00,14,,2025-05-06 10:58:09.670249,2025-05-06 10:58:09.670249
140125,115,2025-01-13,14.2,0,10.7,22:50,17.6,03:00,14,4.2,17.2,21:10,49,78,08:30,24,16:00,2025-05-06 10:58:09.909482,2025-05-06 10:58:09.909482
140144,115,2025-01-14,14.9,0,10.2,07:30,19.6,16:20,8,6.9,17.5,01:40,,56,07:30,14,,2025-05-06 10:58:10.209193,2025-05-06 10:58:10.209193
140163,115,2025-01-15,15.5,0,11,05:50,20,15:30,6,3.9,12.2,00:10,31,41,07:40,14,,2025-05-06 10:58:10.455531,2025-05-06 10:58:10.455531
140182,115,2025-01-16,14.4,0,9.5,22:40,19.2,15:20,9,3.9,10.8,01:10,32,49,17:40,26,13:00,2025-05-06 10:58:10.737515,2025-05-06 10:58:10.737515
140201,115,2025-01-17,12.8,0,7.3,04:00,18.4,13:30,11,0.3,11.1,21:30,40,74,20:50,32,10:40,2025-05-06 10:58:11.010595,2025-05-06 10:58:11.010595
140220,115,2025-01-18,12.4,0,6.5,07:10,18.2,14:30,23,1.4,6.1,14:30,57,82,,41,15:20,2025-05-06 10:58:11.291445,2025-05-06 10:58:11.291445
140239,115,2025-01-19,13.6,0,8.2,00:30,19.1,14:50,7,1.7,8.9,08:00,59,81,,44,13:00,2025-05-06 10:58:11.564654,2025-05-06 10:58:11.564654
140258,115,2025-01-20,15.6,0,9,06:10,22.2,11:00,28,0.6,6.4,14:30,54,82,,16,22:10,2025-05-06 10:58:11.840354,2025-05-06 10:58:11.840354
140277,115,2025-01-21,13.7,1.3,9,02:50,18.4,11:40,22,0.8,9.7,11:50,61,86,19:40,19,04:40,2025-05-06 10:58:12.081338,2025-05-06 10:58:12.081338
140296,115,2025-01-22,12.8,5.3,9.4,23:59,16.1,14:20,20,1.7,11.1,14:50,62,80,16:10,49,14:20,2025-05-06 10:58:12.364596,2025-05-06 10:58:12.364596
140315,115,2025-01-23,11.6,4,8.9,05:50,14.4,12:00,5,2.8,9.7,10:20,68,79,,55,12:00,2025-05-06 10:58:12.592706,2025-05-06 10:58:12.592706
140334,115,2025-01-24,14,0.4,10.1,04:30,17.8,12:50,8,1.9,9.7,02:00,58,79,21:50,48,14:40,2025-05-06 10:58:12.811040,2025-05-06 10:58:12.811040
140352,115,2025-01-25,13.2,0,7.7,08:30,18.7,11:40,2,1.1,9.7,00:10,55,80,08:40,35,23:10,2025-05-06 10:58:13.050903,2025-05-06 10:58:13.050903
140371,115,2025-01-26,16,0,10,00:10,22,13:30,14,1.7,7.8,07:30,33,72,19:40,14,,2025-05-06 10:58:13.321798,2025-05-06 10:58:13.321798
140390,115,2025-01-27,21.5,0,15.7,03:50,27.3,11:20,6,1.7,8.3,23:59,20,33,19:00,15,11:20,2025-05-06 10:58:13.569468,2025-05-06 10:58:13.569468
140409,115,2025-01-28,19,0,15.7,23:00,22.4,15:20,10,5,12.2,17:50,29,52,11:10,14,,2025-05-06 10:58:13.785164,2025-05-06 10:58:13.785164
140428,115,2025-01-29,17.8,0,11.6,18:40,24.1,14:30,7,4.4,13.3,06:50,,58,18:30,14,,2025-05-06 10:58:13.957650,2025-05-06 10:58:13.957650
140447,115,2025-01-30,11.6,0.2,8.1,20:30,15,00:10,8,8.3,18.6,04:30,72,80,23:40,21,00:20,2025-05-06 10:58:14.192488,2025-05-06 10:58:14.192488
140466,115,2025-01-31,10,8.8,8,02:00,12,16:00,6,7.2,20,04:40,68,82,20:00,56,15:10,2025-05-06 10:58:14.463441,2025-05-06 10:58:14.463441
140485,115,2025-02-01,12.4,0.5,8.9,08:40,15.8,17:30,5,4.2,17.2,06:00,57,81,01:10,32,17:30,2025-05-06 10:58:14.779587,2025-05-06 10:58:14.779587
140504,115,2025-02-02,11.8,6.1,9.6,06:00,13.9,15:10,8,3.1,13.3,13:20,70,78,,55,14:40,2025-05-06 10:58:15.049441,2025-05-06 10:58:15.049441
140523,115,2025-02-03,12,0.2,9.7,02:10,14.2,16:50,7,3.3,16.7,02:40,64,80,03:50,44,17:30,2025-05-06 10:58:15.297495,2025-05-06 10:58:15.297495
140542,115,2025-02-04,12.4,0,8.5,23:59,16.3,14:10,10,5.6,14.2,02:30,56,77,23:50,44,08:00,2025-05-06 10:58:15.563330,2025-05-06 10:58:15.563330
140561,115,2025-02-05,10.9,0,8,08:20,13.8,15:00,8,3.6,12.5,21:50,64,78,07:00,47,16:00,2025-05-06 10:58:15.826783,2025-05-06 10:58:15.826783
140579,115,2025-02-06,14.6,0,8.9,00:10,20.2,14:40,8,3.6,11.1,00:40,29,71,00:00,22,07:00,2025-05-06 10:58:16.075167,2025-05-06 10:58:16.075167
140597,115,2025-02-07,15.4,0,10.9,21:00,20,16:40,22,2.2,6.9,16:40,,65,19:50,23,,2025-05-06 10:58:16.294075,2025-05-06 10:58:16.294075
140615,115,2025-02-08,14.8,0,10.3,19:50,19.2,13:20,19,2.8,7.2,13:10,35,72,19:40,24,13:00,2025-05-06 10:58:16.530245,2025-05-06 10:58:16.530245
140633,115,2025-02-09,14.4,0,9.8,05:00,18.9,14:30,18,1.9,10,11:50,25,36,18:50,19,07:00,2025-05-06 10:58:16.792199,2025-05-06 10:58:16.792199
140651,115,2025-02-10,14.9,0,10.6,00:50,19.2,12:30,32,1.7,6.1,14:40,,37,20:20,23,,2025-05-06 10:58:17.039862,2025-05-06 10:58:17.039862
140669,115,2025-02-11,14.8,0,10.5,03:00,19,13:00,26,2.2,6.1,16:00,34,63,20:20,19,07:00,2025-05-06 10:58:17.259730,2025-05-06 10:58:17.259730
140687,115,2025-02-12,15.6,0,10.4,00:30,20.9,16:20,6,3.3,9.4,06:00,35,51,00:00,26,09:10,2025-05-06 10:58:17.489187,2025-05-06 10:58:17.489187
140706,115,2025-02-13,16.6,0,11.7,23:30,21.5,16:30,22,2.2,7.2,16:20,25,41,16:00,18,13:00,2025-05-06 10:58:17.718410,2025-05-06 10:58:17.718410
140725,115,2025-02-14,16.4,0,11.4,06:50,21.3,12:40,31,2.2,6.4,15:20,23,49,19:50,19,13:00,2025-05-06 10:58:17.939061,2025-05-06 10:58:17.939061
140744,115,2025-02-15,15.8,0,10.9,23:59,20.6,11:00,34,2.2,10,17:10,35,73,22:00,14,11:50,2025-05-06 10:58:18.152862,2025-05-06 10:58:18.152862
140763,115,2025-02-16,13.3,0,8.4,23:20,18.2,16:00,6,2.2,8.9,01:20,31,75,20:00,11,07:00,2025-05-06 10:58:18.427947,2025-05-06 10:58:18.427947
140782,115,2025-02-17,14,3.7,8.1,06:30,19.8,11:40,27,1.4,6.4,14:40,32,77,,19,07:00,2025-05-06 10:58:18.717960,2025-05-06 10:58:18.717960
140801,115,2025-02-18,12.4,0.7,8.8,21:20,15.9,16:10,34,2.8,10.3,07:00,64,86,,46,18:00,2025-05-06 10:58:18.987283,2025-05-06 10:58:18.987283
140820,115,2025-02-19,12.2,0,8.6,07:00,15.7,14:50,99,1.1,11.9,,53,69,,39,14:40,2025-05-06 10:58:19.261261,2025-05-06 10:58:19.261261
140839,115,2025-02-20,16.2,0,9.2,04:00,23.1,13:30,8,2.2,16.1,04:50,41,73,05:30,15,08:00,2025-05-06 10:58:19.535051,2025-05-06 10:58:19.535051
140858,115,2025-02-21,18.3,0,13.1,19:50,23.5,12:30,22,2.2,9.7,11:20,33,70,19:30,18,04:40,2025-05-06 10:58:19.790277,2025-05-06 10:58:19.790277
140877,115,2025-02-22,18.2,0,14,20:40,22.3,10:20,23,1.9,5.8,14:20,31,70,19:50,17,00:00,2025-05-06 10:58:20.058500,2025-05-06 10:58:20.058500
140896,115,2025-02-23,18.1,0,12.3,19:40,23.9,12:30,99,2.5,10.3,21:50,32,63,19:30,19,20:20,2025-05-06 10:58:20.331073,2025-05-06 10:58:20.331073
140915,115,2025-02-24,18.4,0,13.5,20:00,23.2,15:50,8,5.8,14.2,11:20,,58,19:50,14,,2025-05-06 10:58:20.582080,2025-05-06 10:58:20.582080
140934,115,2025-02-25,18.4,0,13.7,21:30,23.2,15:40,7,2.8,6.4,04:40,30,62,20:20,22,13:00,2025-05-06 10:58:20.792835,2025-05-06 10:58:20.792835
140953,115,2025-02-26,16.4,0,11.1,20:20,21.7,13:40,7,2.8,10.6,05:50,,65,20:10,14,,2025-05-06 10:58:21.044626,2025-05-06 10:58:21.044626
140972,115,2025-02-27,14.8,1.1,8.8,05:00,20.7,12:40,8,1.4,6.9,01:20,39,80,22:00,20,00:00,2025-05-06 10:58:21.289861,2025-05-06 10:58:21.289861
140991,115,2025-02-28,12.9,2.3,9,09:50,16.8,14:50,26,2.5,10.8,10:30,62,86,,33,14:30,2025-05-06 10:58:21.564515,2025-05-06 10:58:21.564515
141010,115,2025-03-01,12.6,0.1,8.1,05:50,17.1,13:50,25,1.7,6.9,00:20,45,83,,35,17:20,2025-05-06 10:58:21.825020,2025-05-06 10:58:21.825020
141029,115,2025-03-02,12.5,7.5,8.3,16:40,16.7,12:30,22,1.9,6.4,12:30,56,84,15:30,40,13:00,2025-05-06 10:58:22.092828,2025-05-06 10:58:22.092828
141048,115,2025-03-03,12.2,1.3,8.5,07:00,15.8,11:00,21,0.8,5.8,17:40,62,79,20:40,37,10:20,2025-05-06 10:58:22.352586,2025-05-06 10:58:22.352586
141067,115,2025-03-04,12.6,2.5,7.5,20:30,17.8,11:10,22,0.8,6.1,16:00,63,80,20:10,40,11:00,2025-05-06 10:58:22.620846,2025-05-06 10:58:22.620846
141086,115,2025-03-05,11.8,0,6.9,03:30,16.7,16:50,22,2.2,7.2,15:30,40,75,00:00,32,,2025-05-06 10:58:22.891211,2025-05-06 10:58:22.891211
141105,115,2025-03-06,12.9,0,8.7,05:40,17.1,15:10,30,3.1,9.7,01:20,51,70,,38,13:00,2025-05-06 10:58:23.138747,2025-05-06 10:58:23.138747
141124,115,2025-03-07,14.6,0.2,8.7,07:00,20.5,14:10,22,1.7,6.9,15:30,47,84,,34,13:00,2025-05-06 10:58:23.386419,2025-05-06 10:58:23.386419
141143,115,2025-03-08,13,0.9,8.4,23:59,17.7,11:20,21,1.7,7.8,13:50,58,84,00:00,44,10:30,2025-05-06 10:58:23.633563,2025-05-06 10:58:23.633563
141162,115,2025-03-09,13.4,0,8,00:30,18.7,16:00,26,1.4,6.7,14:10,55,83,,40,17:00,2025-05-06 10:58:23.853328,2025-05-06 10:58:23.853328
141181,115,2025-03-10,13.7,0,8.8,05:10,18.6,13:10,26,1.9,6.4,14:30,52,76,,38,10:30,2025-05-06 10:58:24.078736,2025-05-06 10:58:24.078736
141200,115,2025-03-11,14.4,0,9.3,05:00,19.6,12:00,24,1.9,6.1,14:20,57,82,,33,11:40,2025-05-06 10:58:24.513790,2025-05-06 10:58:24.513790
141219,115,2025-03-12,15.8,0.1,10.5,02:00,21.2,16:50,19,1.4,8.9,14:30,42,81,22:40,35,13:00,2025-05-06 10:58:24.811463,2025-05-06 10:58:24.811463
141238,115,2025-03-13,15,6,10.1,06:00,19.9,12:50,21,1.7,8.1,12:20,56,83,23:59,36,12:20,2025-05-06 10:58:25.098382,2025-05-06 10:58:25.098382
141257,115,2025-03-14,12,0.3,7.2,03:50,16.8,14:00,2,1.9,10.6,03:50,54,86,,36,13:40,2025-05-06 10:58:25.395614,2025-05-06 10:58:25.395614
141276,115,2025-03-15,12.6,0,7.7,03:30,17.6,14:20,31,2.2,6.1,13:30,50,80,23:10,37,13:00,2025-05-06 10:58:25.643746,2025-05-06 10:58:25.643746
141295,115,2025-03-16,15.2,0,8.9,,21.6,16:00,24,1.4,5.8,16:10,39,75,00:00,26,16:20,2025-05-06 10:58:25.916209,2025-05-06 10:58:25.916209
141314,115,2025-03-17,14.4,0,8.8,07:40,20.1,11:40,29,1.7,6.7,13:10,55,81,07:10,24,11:30,2025-05-06 10:58:26.131082,2025-05-06 10:58:26.131082
141333,115,2025-03-18,13.6,0,8.8,,18.4,14:30,27,1.9,6.7,16:30,50,72,03:50,26,23:59,2025-05-06 10:58:26.413675,2025-05-06 10:58:26.413675
141352,115,2025-03-19,12.7,0,7.8,01:50,17.6,13:40,29,1.9,10.8,19:20,59,83,18:50,22,00:10,2025-05-06 10:58:26.664675,2025-05-06 10:58:26.664675
141371,115,2025-03-20,15.4,0.1,11,23:59,19.7,14:30,30,2.2,7.8,15:10,61,85,,40,13:00,2025-05-06 10:58:26.959939,2025-05-06 10:58:26.959939
141390,115,2025-03-21,13.6,0.2,8,07:40,19.2,16:00,5,2.5,11.9,23:30,46,77,,30,16:50,2025-05-06 10:58:27.198977,2025-05-06 10:58:27.198977
141409,115,2025-03-22,10.8,2.2,7.9,21:50,13.6,14:10,8,1.9,13.3,23:00,69,78,,56,11:10,2025-05-06 10:58:27.477839,2025-05-06 10:58:27.477839
141428,115,2025-03-23,9.3,0.6,7.4,01:40,11.2,14:30,2,5.3,18.3,23:50,69,80,07:30,61,17:20,2025-05-06 10:58:27.752548,2025-05-06 10:58:27.752548
141447,115,2025-03-24,10.4,3.4,8.5,07:40,12.3,11:30,4,4.4,17.2,01:50,64,80,01:00,58,17:00,2025-05-06 10:58:28.030776,2025-05-06 10:58:28.030776
141466,115,2025-03-25,11.6,1.8,8.9,09:30,14.2,13:20,4,4.7,15.6,04:20,63,81,08:50,52,13:10,2025-05-06 10:58:28.269762,2025-05-06 10:58:28.269762
141485,115,2025-03-26,11,0,7.7,06:00,14.2,16:00,6,4.4,15,13:20,63,78,02:30,51,,2025-05-06 10:58:28.555965,2025-05-06 10:58:28.555965
141504,115,2025-03-27,13.2,0,8.2,03:30,18.3,15:30,7,5.8,13.1,11:30,52,73,05:10,38,08:50,2025-05-06 10:58:28.809348,2025-05-06 10:58:28.809348
141523,115,2025-03-28,14.2,0,8.1,07:20,20.2,15:30,23,1.9,7.2,15:20,51,83,22:30,39,10:50,2025-05-06 10:58:29.060916,2025-05-06 10:58:29.060916
141542,115,2025-03-29,16,0,10.1,05:30,21.8,15:30,22,2.8,13.9,12:50,28,64,20:30,17,13:00,2025-05-06 10:58:29.326653,2025-05-06 10:58:29.326653
141561,115,2025-03-30,13.7,1.3,10.3,06:50,17.1,16:50,19,2.8,11.9,14:40,59,73,13:00,41,16:40,2025-05-06 10:58:29.575069,2025-05-06 10:58:29.575069
141580,115,2025-03-31,15.2,3.2,11.1,07:40,19.4,16:30,22,2.8,11.1,11:40,57,79,07:30,37,15:10,2025-05-06 10:58:29.840556,2025-05-06 10:58:29.840556
141606,115,2025-04-01,14.2,0,9.7,22:20,18.8,11:00,23,2.5,6.7,13:10,56,80,23:50,40,12:10,2025-05-06 10:58:30.160097,2025-05-06 10:58:30.160097
141627,115,2025-04-02,13.2,0.4,9.4,22:00,16.9,16:20,24,2.2,8.6,15:30,54,82,00:20,38,17:10,2025-05-06 10:58:30.453953,2025-05-06 10:58:30.453953
141646,115,2025-04-03,12.6,4.4,8.7,02:10,16.5,16:30,22,4.2,16.7,08:20,64,86,,35,18:00,2025-05-06 10:58:30.713707,2025-05-06 10:58:30.713707
141663,115,2025-04-04,14,0,8.9,00:10,19.2,11:00,24,1.9,6.7,13:20,51,80,,35,10:50,2025-05-06 10:58:30.965915,2025-05-06 10:58:30.965915
141681,115,2025-04-05,15.6,0,9.7,04:00,21.5,14:00,99,2.2,6.7,,48,75,00:00,39,,2025-05-06 10:58:31.157762,2025-05-06 10:58:31.157762
141700,115,2025-04-06,15.4,0,9.2,00:40,21.6,14:10,27,1.7,6.7,14:10,37,76,21:30,24,10:30,2025-05-06 10:58:31.416928,2025-05-06 10:58:31.416928
141720,115,2025-04-07,19.8,0,13.1,05:00,26.5,15:30,25,2.8,10,13:00,25,52,00:20,16,,2025-05-06 10:58:31.684220,2025-05-06 10:58:31.684220
141741,115,2025-04-08,18.6,39.5,12.6,06:30,24.7,16:00,23,3.1,10.3,12:20,26,81,23:59,12,00:00,2025-05-06 10:58:31.967915,2025-05-06 10:58:31.967915
141758,115,2025-04-09,15.1,27.1,10.3,08:00,19.9,13:30,20,1.4,16.1,23:10,52,87,,32,13:30,2025-05-06 10:58:32.201340,2025-05-06 10:58:32.201340
141779,115,2025-04-10,12.6,14.4,10,01:30,15.2,12:40,31,2.2,12.5,00:10,66,85,00:50,57,12:40,2025-05-06 10:58:32.484041,2025-05-06 10:58:32.484041
141799,115,2025-04-11,15.8,0,10.3,07:20,21.2,13:40,30,1.9,6.4,15:00,56,84,,37,13:40,2025-05-06 10:58:32.768233,2025-05-06 10:58:32.768233
141816,115,2025-04-12,13.7,1.6,10.3,04:50,17.1,10:40,31,1.9,9.2,14:40,69,80,03:40,48,10:30,2025-05-06 10:58:33.023366,2025-05-06 10:58:33.023366
141834,115,2025-04-13,14.6,1,10.5,06:00,18.8,16:10,23,2.2,7.8,14:20,60,82,,38,17:20,2025-05-06 10:58:33.271896,2025-05-06 10:58:33.271896
141857,115,2025-04-14,15,0,10,23:59,20.1,15:00,25,1.7,8.1,14:20,51,75,07:30,39,14:20,2025-05-06 10:58:33.595590,2025-05-06 10:58:33.595590
141873,115,2025-04-15,15.3,0,8.8,06:50,21.8,14:20,99,3.1,10,,51,75,06:10,24,22:00,2025-05-06 10:58:33.793751,2025-05-06 10:58:33.793751
141891,115,2025-04-16,13,0,9.6,03:00,16.4,14:20,9,4.7,15.8,13:20,53,77,22:40,41,00:20,2025-05-06 10:58:34.025245,2025-05-06 10:58:34.025245
141910,115,2025-04-17,15.8,0,10.5,00:10,21.1,12:50,9,3.1,16.4,11:00,,70,00:10,14,,2025-05-06 10:58:34.256790,2025-05-06 10:58:34.256790
141931,115,2025-04-18,17.6,0,10.5,23:59,24.8,13:50,5,1.4,8.9,10:50,36,76,23:00,14,,2025-05-06 10:58:34.533641,2025-05-06 10:58:34.533641
141949,115,2025-04-19,12.4,0,10.2,21:10,14.6,00:10,6,3.6,13.6,13:50,63,77,08:20,34,00:00,2025-05-06 10:58:34.796330,2025-05-06 10:58:34.796330
141968,115,2025-04-20,13,0,8.5,04:50,17.5,13:20,4,2.8,15,18:10,58,80,,30,23:59,2025-05-06 10:58:35.028926,2025-05-06 10:58:35.028926
141987,115,2025-04-21,12.6,0,8.9,06:30,16.2,12:00,20,3.6,14.4,17:40,51,77,22:20,21,01:00,2025-05-06 10:58:35.296970,2025-05-06 10:58:35.296970
142007,115,2025-04-22,13.3,0,9.9,04:20,16.7,14:10,6,3.1,13.3,10:20,59,74,,33,22:30,2025-05-06 10:58:35.493373,2025-05-06 10:58:35.493373
142025,115,2025-04-23,16.2,0,10.4,23:59,21.9,12:20,4,1.7,11.4,00:20,33,68,23:59,23,17:10,2025-05-06 10:58:35.703772,2025-05-06 10:58:35.703772
142045,115,2025-04-24,15,0,9.8,01:30,20.2,14:40,8,1.7,6.9,01:50,38,71,,20,02:40,2025-05-06 10:58:36.019515,2025-05-06 10:58:36.019515
142063,115,2025-04-25,16,0,9.6,01:40,22.3,16:30,6,4.2,14.2,23:00,51,71,02:20,37,11:30,2025-05-06 10:58:36.312108,2025-05-06 10:58:36.312108
142081,115,2025-04-26,18.5,0,11.7,00:30,25.3,13:10,6,1.4,13.1,01:40,26,61,00:20,19,,2025-05-06 10:58:36.577835,2025-05-06 10:58:36.577835
142100,115,2025-04-27,18,0,10.9,23:50,25,14:50,6,1.4,6.1,01:10,27,78,23:30,17,00:00,2025-05-06 10:58:36.774487,2025-05-06 10:58:36.774487
142118,115,2025-04-28,16.6,0,10,23:59,23.3,10:40,30,1.7,6.4,14:10,41,80,,23,03:50,2025-05-06 10:58:37.028571,2025-05-06 10:58:37.028571
142130,115,2025-04-29,13,0,8.7,06:00,17.4,12:30,24,2.2,8.3,12:20,59,81,,50,16:30,2025-05-06 10:58:37.230620,2025-05-06 10:58:37.230620
142157,115,2025-04-30,12.8,0,8.7,07:30,16.8,12:00,22,1.7,9.2,17:40,57,79,21:40,43,16:20,2025-05-06 10:58:37.598367,2025-05-06 10:58:37.598367
288897,115,2017-07-04,21.1,0,14.8,23:59,27.4,14:40,23,1.9,7.5,17:40,35,67,00:00,32,10:30,2025-05-07 18:48:15.857514,2025-05-07 18:48:15.857514
288913,115,2017-07-05,17.6,0,12.5,05:40,22.7,17:00,6,3.9,17.5,23:30,57,84,23:50,40,17:00,2025-05-07 18:48:15.973533,2025-05-07 18:48:15.973533
288930,115,2017-07-06,19,0,14,07:10,23.9,14:30,5,2.8,15.3,23:50,60,84,00:00,28,23:50,2025-05-07 18:48:16.080442,2025-05-07 18:48:16.080442
288947,115,2017-07-07,19.8,0,15.4,07:30,24.3,14:30,7,1.9,16.1,01:20,47,71,21:30,25,02:50,2025-05-07 18:48:16.198156,2025-05-07 18:48:16.198156
288964,115,2017-07-08,21.3,0,15.3,01:00,27.3,15:30,23,1.7,11.1,23:00,37,65,00:50,21,07:30,2025-05-07 18:48:16.312497,2025-05-07 18:48:16.312497
288981,115,2017-07-09,20.8,0,15.4,21:50,26.1,13:50,4,1.7,12.2,19:10,47,76,21:50,42,04:30,2025-05-07 18:48:16.414868,2025-05-07 18:48:16.414868
288998,115,2017-07-10,19.4,0,14.2,23:50,24.6,15:50,4,4.4,13.1,09:20,60,84,07:50,44,18:00,2025-05-07 18:48:16.555651,2025-05-07 18:48:16.555651
289015,115,2017-07-11,18.4,0,12.6,06:00,24.3,15:50,3,1.7,10.3,00:50,63,87,05:40,48,15:50,2025-05-07 18:48:16.683879,2025-05-07 18:48:16.683879
289032,115,2017-07-12,19.6,0,14,05:40,25.1,15:20,26,1.4,5.8,13:50,47,75,00:20,35,07:50,2025-05-07 18:48:16.772753,2025-05-07 18:48:16.772753
289049,115,2017-07-13,27.2,0,22.9,04:20,31.5,15:50,99,0.8,5,,35,51,19:40,21,07:50,2025-05-07 18:48:16.852626,2025-05-07 18:48:16.852626
289066,115,2017-07-14,30.7,0,26.2,00:50,35.2,11:50,8,0.8,8.6,21:30,25,35,12:10,18,07:00,2025-05-07 18:48:16.923051,2025-05-07 18:48:16.923051
289083,115,2017-07-15,31.9,0,29.3,03:00,34.5,09:40,8,3.1,8.1,07:00,28,32,,26,07:00,2025-05-07 18:48:16.988862,2025-05-07 18:48:16.988862
289100,115,2017-07-16,32.3,0,28.8,03:00,35.8,12:10,5,3.3,10.8,07:40,28,31,17:40,23,23:59,2025-05-07 18:48:17.069718,2025-05-07 18:48:17.069718
289117,115,2017-07-17,31.5,0,27.9,06:50,35.1,11:50,5,2.2,11.4,03:00,26,37,,19,21:20,2025-05-07 18:48:17.161309,2025-05-07 18:48:17.161309
289134,115,2017-07-18,29.8,0,27,01:50,32.6,,8,2.8,10.3,03:40,25,38,19:50,19,00:00,2025-05-07 18:48:17.270925,2025-05-07 18:48:17.270925
289151,115,2017-07-19,26.4,0,22.4,22:00,30.4,11:50,27,1.7,6.4,14:20,31,58,20:30,25,00:00,2025-05-07 18:48:17.392744,2025-05-07 18:48:17.392744
289167,115,2017-07-20,23,0,18.9,20:40,27.2,14:30,25,2.5,6.4,13:30,42,56,13:20,24,07:40,2025-05-07 18:48:17.477086,2025-05-07 18:48:17.477086
289184,115,2017-07-21,20.3,0,14.2,23:30,26.4,14:40,3,1.1,24.4,11:00,52,77,23:30,32,01:30,2025-05-07 18:48:17.558440,2025-05-07 18:48:17.558440
289201,115,2017-07-22,16.6,0,13.4,04:50,19.8,16:30,5,1.4,15.3,12:20,72,87,06:30,43,23:30,2025-05-07 18:48:17.639642,2025-05-07 18:48:17.639642
289218,115,2017-07-23,21.2,0,14.8,02:30,27.5,13:50,8,3.3,18.9,22:40,35,69,02:30,21,22:20,2025-05-07 18:48:17.726130,2025-05-07 18:48:17.726130
289235,115,2017-07-24,27.4,0,23.1,00:40,31.7,10:10,99,1.9,15.3,,38,58,19:40,19,07:00,2025-05-07 18:48:17.803114,2025-05-07 18:48:17.803114
289252,115,2017-07-25,29.9,0,26.7,,33.1,15:40,6,2.5,11.7,01:00,36,42,00:20,23,23:30,2025-05-07 18:48:17.904689,2025-05-07 18:48:17.904689
289269,115,2017-07-26,32,0,27.7,06:50,36.2,15:10,8,0.8,12.2,23:59,19,26,,18,07:00,2025-05-07 18:48:17.986868,2025-05-07 18:48:17.986868
289286,115,2017-07-27,31.7,0,29.3,22:00,34.1,13:50,8,5.8,16.1,20:20,18,22,,17,00:00,2025-05-07 18:48:18.053654,2025-05-07 18:48:18.053654
289303,115,2017-07-28,33.2,0,28.9,06:30,37.6,15:50,7,3.6,17.2,04:20,20,25,,19,00:00,2025-05-07 18:48:18.137035,2025-05-07 18:48:18.137035
289320,115,2017-07-29,34.2,0,30.7,07:20,37.7,17:00,15,1.4,10.6,06:30,21,27,19:20,19,07:00,2025-05-07 18:48:18.228602,2025-05-07 18:48:18.228602
289337,115,2017-07-30,29.4,,23.5,23:50,35.2,13:40,28,2.2,6.4,13:50,25,52,20:00,23,00:00,2025-05-07 18:48:18.316626,2025-05-07 18:48:18.316626
289370,115,2017-08-01,23.3,0,17.4,03:20,29.2,13:10,99,3.1,8.1,,42,71,00:00,34,07:00,2025-05-07 18:48:18.485309,2025-05-07 18:48:18.485309
289387,115,2017-08-02,21.1,0,16.4,02:50,25.8,14:20,6,4.2,10.3,19:20,45,73,02:50,40,19:30,2025-05-07 18:48:18.555557,2025-05-07 18:48:18.555557
289404,115,2017-08-03,20.6,0,15.6,06:30,25.5,16:50,28,1.7,6.9,14:00,54,76,23:59,40,01:50,2025-05-07 18:48:18.625365,2025-05-07 18:48:18.625365
289421,115,2017-08-04,21,0,15.8,00:20,26.2,15:00,99,2.2,5.8,,52,77,21:50,42,,2025-05-07 18:48:18.696605,2025-05-07 18:48:18.696605
289438,115,2017-08-05,25.2,0,20,,30.5,12:40,26,1.1,4.7,13:50,40,71,00:00,29,23:59,2025-05-07 18:48:18.789415,2025-05-07 18:48:18.789415
289455,115,2017-08-06,31.8,0,26.6,02:40,37.1,14:30,99,0.8,7.8,,30,37,,24,07:00,2025-05-07 18:48:18.905215,2025-05-07 18:48:18.905215
289472,115,2017-08-07,33.6,0,30.4,04:10,36.7,13:00,15,1.9,13.3,11:10,29,33,,26,13:00,2025-05-07 18:48:19.006429,2025-05-07 18:48:19.006429
289489,115,2017-08-08,33.6,0,31,03:40,36.3,10:30,10,2.8,10.6,06:20,29,36,18:50,25,09:50,2025-05-07 18:48:19.096111,2025-05-07 18:48:19.096111
289506,115,2017-08-09,32,0,28.2,23:10,35.9,15:10,12,5.3,15,22:50,27,33,,26,13:00,2025-05-07 18:48:19.176047,2025-05-07 18:48:19.176047
289523,115,2017-08-10,30.4,0,27.2,23:00,33.7,14:40,10,6.4,16.4,04:40,24,32,,19,18:00,2025-05-07 18:48:19.274579,2025-05-07 18:48:19.274579
289540,115,2017-08-11,30.4,0,27.1,23:00,33.6,14:40,9,3.9,16.1,03:40,17,21,11:50,14,,2025-05-07 18:48:19.386975,2025-05-07 18:48:19.386975
289557,115,2017-08-12,25.1,0,20.7,22:10,29.5,12:50,9,2.5,12.5,00:50,19,38,20:30,12,07:00,2025-05-07 18:48:19.464743,2025-05-07 18:48:19.464743
289574,115,2017-08-13,26.7,0,21.4,,32,13:00,5,1.4,11.1,00:10,32,60,20:30,22,09:20,2025-05-07 18:48:19.540357,2025-05-07 18:48:19.540357
289591,115,2017-08-14,24.1,0,19.9,21:30,28.3,12:00,25,1.9,5.8,13:50,41,78,21:30,29,00:00,2025-05-07 18:48:19.622941,2025-05-07 18:48:19.622941
289608,115,2017-08-15,24.1,0,19.2,04:20,29,15:20,28,1.4,6.1,16:10,42,63,02:00,36,23:00,2025-05-07 18:48:19.695367,2025-05-07 18:48:19.695367
289625,115,2017-08-16,28.1,0,23.8,01:10,32.4,16:40,8,1.7,8.1,03:40,33,47,19:30,23,22:20,2025-05-07 18:48:19.773418,2025-05-07 18:48:19.773418
289642,115,2017-08-17,30.1,0,26.6,21:40,33.6,11:00,4,6.1,20.8,21:30,23,30,,18,07:00,2025-05-07 18:48:19.852106,2025-05-07 18:48:19.852106
289659,115,2017-08-18,26.9,0,23.9,23:59,29.9,10:30,6,8.1,20.3,04:00,27,35,23:59,22,00:00,2025-05-07 18:48:19.916885,2025-05-07 18:48:19.916885
289676,115,2017-08-19,26.2,0,23,00:40,29.4,15:50,7,9.2,33.6,13:50,29,37,00:30,27,07:00,2025-05-07 18:48:19.994091,2025-05-07 18:48:19.994091
289693,115,2017-08-20,31,0,25.4,01:50,36.7,12:00,5,4.4,19.4,02:00,27,46,20:10,20,08:10,2025-05-07 18:48:20.061269,2025-05-07 18:48:20.061269
289710,115,2017-08-21,29.6,0,24.4,05:50,34.9,13:30,20,1.9,16.1,04:30,38,47,05:50,30,,2025-05-07 18:48:20.146160,2025-05-07 18:48:20.146160
289727,115,2017-08-22,31.4,0,27.7,22:40,35,14:50,6,3.9,16.9,23:20,29,36,00:00,29,,2025-05-07 18:48:20.230632,2025-05-07 18:48:20.230632
289744,115,2017-08-23,31.2,0,27,01:30,35.4,15:40,5,5.6,26.1,02:50,23,33,,22,,2025-05-07 18:48:20.339486,2025-05-07 18:48:20.339486
289761,115,2017-08-24,32.9,0,28.5,02:30,37.3,13:20,8,2.5,13.1,02:50,31,37,18:50,29,00:00,2025-05-07 18:48:20.418500,2025-05-07 18:48:20.418500
289777,115,2017-08-25,31.2,0,27.6,21:00,34.9,15:00,99,1.9,7.5,,36,43,20:30,31,00:00,2025-05-07 18:48:20.501932,2025-05-07 18:48:20.501932
289794,115,2017-08-26,30.6,0,26.4,04:50,34.8,15:10,28,2.2,6.4,14:00,37,52,19:10,32,13:00,2025-05-07 18:48:20.590109,2025-05-07 18:48:20.590109
289811,115,2017-08-27,27.4,0,23.5,21:30,31.4,14:10,7,0.6,9.7,05:10,42,60,18:50,35,07:00,2025-05-07 18:48:20.679798,2025-05-07 18:48:20.679798
289828,115,2017-08-28,22.8,0,17.9,23:59,27.7,10:10,27,1.7,6.4,14:10,49,63,,38,08:30,2025-05-07 18:48:20.763171,2025-05-07 18:48:20.763171
289845,115,2017-08-29,20.4,0,14.3,21:40,26.5,14:50,8,3.1,10.3,19:00,55,84,22:20,51,14:20,2025-05-07 18:48:20.853756,2025-05-07 18:48:20.853756
289862,115,2017-08-30,18.1,,15.4,03:50,20.8,13:40,1,1.4,13.3,23:40,71,85,00:10,62,13:50,2025-05-07 18:48:20.942243,2025-05-07 18:48:20.942243
289895,115,2017-09-01,19.7,0,14.6,,24.8,13:00,9,2.8,11.9,02:40,58,84,01:10,45,09:40,2025-05-07 18:48:21.115165,2025-05-07 18:48:21.115165
289912,115,2017-09-02,19.2,0,14.5,05:10,23.8,14:30,5,1.4,11.1,02:00,68,82,01:00,59,09:40,2025-05-07 18:48:21.196500,2025-05-07 18:48:21.196500
289929,115,2017-09-03,23.2,0,17.2,00:20,29.1,15:20,19,1.4,5.3,14:00,42,76,00:20,35,21:00,2025-05-07 18:48:21.271000,2025-05-07 18:48:21.271000
289946,115,2017-09-04,28.8,0,25.3,,32.3,14:00,8,1.1,11.9,22:40,39,53,19:30,22,22:40,2025-05-07 18:48:21.348998,2025-05-07 18:48:21.348998
289963,115,2017-09-05,28.2,0,23.4,22:50,32.9,12:40,5,1.4,15.3,21:20,19,38,14:20,17,,2025-05-07 18:48:21.432124,2025-05-07 18:48:21.432124
289980,115,2017-09-06,25.5,0,22.2,19:30,28.8,11:30,99,3.6,16.4,02:30,22,40,04:40,19,13:00,2025-05-07 18:48:21.515926,2025-05-07 18:48:21.515926
289997,115,2017-09-07,24.8,0,18.9,06:30,30.8,13:50,11,1.4,16.4,01:20,48,57,,29,00:00,2025-05-07 18:48:21.615359,2025-05-07 18:48:21.615359
290014,115,2017-09-08,29.1,0,26.1,20:50,32.1,14:10,24,1.4,4.7,,37,47,,31,04:20,2025-05-07 18:48:21.730753,2025-05-07 18:48:21.730753
290031,115,2017-09-09,27.2,0,23.1,,31.2,12:50,10,1.1,7.5,22:10,37,67,19:50,22,23:20,2025-05-07 18:48:21.830738,2025-05-07 18:48:21.830738
290048,115,2017-09-10,22.4,0,16.3,23:59,28.5,14:10,6,1.7,8.9,19:40,39,83,23:59,21,00:00,2025-05-07 18:48:21.925347,2025-05-07 18:48:21.925347
290065,115,2017-09-11,18.7,0,15.6,,21.8,16:50,5,2.8,10.6,13:00,72,88,04:10,61,13:50,2025-05-07 18:48:22.014982,2025-05-07 18:48:22.014982
290082,115,2017-09-12,18.2,0,13.4,06:20,23.1,14:00,29,1.9,6.4,15:40,72,89,,53,10:50,2025-05-07 18:48:22.110642,2025-05-07 18:48:22.110642
290099,115,2017-09-13,21,0,13.4,04:00,28.5,15:30,19,2.5,14.2,09:00,34,91,03:10,27,08:50,2025-05-07 18:48:22.180840,2025-05-07 18:48:22.180840
290116,115,2017-09-14,28.4,0,25,03:00,31.9,14:00,13,2.2,9.4,01:50,35,43,19:40,29,00:00,2025-05-07 18:48:22.269914,2025-05-07 18:48:22.269914
290133,115,2017-09-15,28.6,0.1,25.3,08:10,31.8,15:40,19,1.9,9.2,15:40,33,45,19:00,31,,2025-05-07 18:48:22.357200,2025-05-07 18:48:22.357200
290150,115,2017-09-16,27.4,0,23.1,20:50,31.7,15:40,22,2.2,8.1,15:50,37,62,19:50,29,00:00,2025-05-07 18:48:22.440816,2025-05-07 18:48:22.440816
290167,115,2017-09-17,27.6,0,24.4,04:10,30.7,15:00,30,2.2,6.1,16:00,36,42,19:10,32,10:30,2025-05-07 18:48:22.551250,2025-05-07 18:48:22.551250
290184,115,2017-09-18,28.2,0,25.1,05:20,31.3,16:40,12,1.4,5.6,23:59,33,38,,31,,2025-05-07 18:48:22.663815,2025-05-07 18:48:22.663815
290201,115,2017-09-19,29.4,0,25.8,07:50,32.9,12:40,25,1.7,5.8,12:20,32,42,,26,07:00,2025-05-07 18:48:22.777585,2025-05-07 18:48:22.777585
290218,115,2017-09-20,23,0,16.3,23:59,29.7,12:00,32,3.3,12.5,14:20,28,71,23:59,27,16:50,2025-05-07 18:48:22.897914,2025-05-07 18:48:22.897914
290235,115,2017-09-21,15.6,1.8,14.5,05:40,16.8,01:40,4,6.1,22.8,21:40,78,87,10:00,68,01:30,2025-05-07 18:48:22.976354,2025-05-07 18:48:22.976354
290252,115,2017-09-22,16.6,0,13.4,05:20,19.7,14:50,6,5.3,21.1,22:30,64,84,00:20,50,12:30,2025-05-07 18:48:23.066630,2025-05-07 18:48:23.066630
290269,115,2017-09-23,20.4,0,15.8,,24.9,16:50,7,4.2,18.6,02:40,43,65,19:10,32,04:30,2025-05-07 18:48:23.158930,2025-05-07 18:48:23.158930
290286,115,2017-09-24,25.2,0,20.8,23:59,29.7,14:50,21,3.3,18.3,23:59,37,46,23:59,29,02:50,2025-05-07 18:48:23.244521,2025-05-07 18:48:23.244521
290303,115,2017-09-25,22.4,0,19.3,22:50,25.4,11:40,10,3.3,11.9,06:30,57,73,,44,00:00,2025-05-07 18:48:23.314686,2025-05-07 18:48:23.314686
290320,115,2017-09-26,20,4.7,17.1,22:50,22.9,12:00,8,1.9,11.4,09:50,70,85,,60,12:40,2025-05-07 18:48:23.389924,2025-05-07 18:48:23.389924
290337,115,2017-09-27,20.6,0,17.6,,23.7,12:40,5,2.2,10.3,15:20,57,77,00:00,48,22:40,2025-05-07 18:48:23.477267,2025-05-07 18:48:23.477267
290354,115,2017-09-28,21.9,0,18.7,02:40,25.1,11:20,8,2.5,9.7,15:40,33,52,,29,13:00,2025-05-07 18:48:23.562092,2025-05-07 18:48:23.562092
290371,115,2017-09-29,21.4,0,17.4,23:59,25.5,13:50,28,2.8,12.2,23:30,48,61,18:30,35,00:00,2025-05-07 18:48:23.654818,2025-05-07 18:48:23.654818
290388,115,2017-09-30,17.9,0,15.3,,20.5,12:30,4,1.7,20,23:40,67,83,10:10,46,00:00,2025-05-07 18:48:23.738058,2025-05-07 18:48:23.738058
290405,115,2017-10-01,19.5,0,15.1,04:30,23.9,15:40,4,2.8,18.6,00:20,57,84,08:50,36,14:30,2025-05-07 18:48:23.826988,2025-05-07 18:48:23.826988
290422,115,2017-10-02,21.4,0,16,07:20,26.8,14:30,8,1.4,13.3,00:20,51,79,20:10,36,13:50,2025-05-07 18:48:23.935200,2025-05-07 18:48:23.935200
290439,115,2017-10-03,22.2,0,17.4,01:40,27,11:40,10,1.9,10.3,05:20,48,73,19:10,33,13:00,2025-05-07 18:48:24.050907,2025-05-07 18:48:24.050907
290456,115,2017-10-04,21.2,0,16.1,06:40,26.4,15:40,21,1.1,6.1,16:00,45,73,19:30,24,23:50,2025-05-07 18:48:24.140462,2025-05-07 18:48:24.140462
290473,115,2017-10-05,23,0,17.9,21:10,28.2,13:00,1,1.1,6.9,10:20,40,79,19:20,16,07:00,2025-05-07 18:48:24.239623,2025-05-07 18:48:24.239623
290490,115,2017-10-06,19.6,0,14.4,05:20,24.8,14:40,26,0.8,5.8,13:30,50,91,23:50,20,00:00,2025-05-07 18:48:24.313429,2025-05-07 18:48:24.313429
290507,115,2017-10-07,17.6,0,13.6,05:20,21.7,15:00,24,1.7,6.9,13:40,66,91,,50,14:20,2025-05-07 18:48:24.392762,2025-05-07 18:48:24.392762
290524,115,2017-10-08,17.9,0,14,04:40,21.8,12:50,26,2.2,7.2,17:20,59,72,,52,,2025-05-07 18:48:24.470332,2025-05-07 18:48:24.470332
290541,115,2017-10-09,18.4,0,13.9,04:40,22.8,14:00,26,2.8,6.7,,58,78,,39,11:20,2025-05-07 18:48:24.554228,2025-05-07 18:48:24.554228
290558,115,2017-10-10,18.1,0,13.7,04:40,22.5,12:00,99,2.2,6.1,,61,89,21:30,42,11:50,2025-05-07 18:48:24.635706,2025-05-07 18:48:24.635706
290575,115,2017-10-11,22.8,0,16.4,00:30,29.3,15:30,25,1.9,12.8,11:10,29,56,00:30,24,,2025-05-07 18:48:24.725876,2025-05-07 18:48:24.725876
290592,115,2017-10-12,29.6,0,26.2,01:50,33.1,13:30,23,3.1,11.7,13:50,19,25,,17,13:00,2025-05-07 18:48:24.829986,2025-05-07 18:48:24.829986
290609,115,2017-10-13,29,0,26.8,05:20,31.3,14:40,20,3.1,15.6,20:40,18,23,21:20,17,13:00,2025-05-07 18:48:24.915720,2025-05-07 18:48:24.915720
290626,115,2017-10-14,27.1,0,25.2,20:20,29,13:50,18,3.1,11.9,12:50,19,24,,19,00:00,2025-05-07 18:48:25.031809,2025-05-07 18:48:25.031809
290643,115,2017-10-15,25.6,0,23.3,21:30,27.9,12:10,22,2.5,10,11:50,20,25,,19,13:00,2025-05-07 18:48:25.112678,2025-05-07 18:48:25.112678
290660,115,2017-10-16,25.3,0,21.7,22:50,28.9,14:40,20,1.7,9.2,,22,29,,21,13:00,2025-05-07 18:48:25.192986,2025-05-07 18:48:25.192986
290677,115,2017-10-17,22.4,0,16.5,22:00,28.3,12:10,20,1.7,9.2,12:30,34,82,,23,00:00,2025-05-07 18:48:25.291834,2025-05-07 18:48:25.291834
290694,115,2017-10-18,20,0,16,05:30,24.1,15:30,10,1.9,6.9,23:59,41,63,20:30,28,00:00,2025-05-07 18:48:25.373810,2025-05-07 18:48:25.373810
290711,115,2017-10-19,19.6,0,15.3,02:50,23.9,13:20,27,1.4,10.6,21:40,62,83,08:10,49,13:10,2025-05-07 18:48:25.448665,2025-05-07 18:48:25.448665
290728,115,2017-10-20,16.6,0.5,14.7,21:50,18.6,17:00,6,1.9,12.8,14:40,75,82,18:10,63,15:00,2025-05-07 18:48:25.547067,2025-05-07 18:48:25.547067
290745,115,2017-10-21,15.9,1,14,03:00,17.8,15:50,9,2.5,12.2,16:30,75,90,03:40,70,14:20,2025-05-07 18:48:25.634535,2025-05-07 18:48:25.634535
290762,115,2017-10-22,17.2,0,14.8,02:00,19.7,13:20,4,3.6,13.6,00:40,71,85,01:10,63,14:10,2025-05-07 18:48:25.712981,2025-05-07 18:48:25.712981
290779,115,2017-10-23,19.6,3.7,13.7,04:20,25.5,14:30,6,0.8,10.3,00:10,37,87,02:10,28,08:00,2025-05-07 18:48:25.791898,2025-05-07 18:48:25.791898
290796,115,2017-10-24,25.2,0,22.4,00:20,28,15:40,18,1.9,13.1,11:50,27,34,00:00,27,15:30,2025-05-07 18:48:25.868655,2025-05-07 18:48:25.868655
290812,115,2017-10-25,25.6,0,22.7,01:00,28.6,13:20,20,3.3,11.7,15:40,25,32,,23,13:00,2025-05-07 18:48:25.938074,2025-05-07 18:48:25.938074
290829,115,2017-10-26,24,0,21.9,23:50,26.2,15:20,19,2.8,15.8,13:20,29,34,,28,18:00,2025-05-07 18:48:26.023954,2025-05-07 18:48:26.023954
290846,115,2017-10-27,23.6,0,20,04:10,27.2,13:50,10,3.6,13.3,23:59,31,35,,27,00:00,2025-05-07 18:48:26.100053,2025-05-07 18:48:26.100053
290863,115,2017-10-28,23.2,0,20.1,21:00,26.3,14:20,10,2.2,11.1,21:40,28,32,00:00,26,,2025-05-07 18:48:26.224023,2025-05-07 18:48:26.224023
290880,115,2017-10-29,23.6,0,19.4,03:40,27.9,14:10,19,3.1,10,04:40,27,34,,23,13:00,2025-05-07 18:48:26.332047,2025-05-07 18:48:26.332047
290897,115,2017-10-30,22.2,0,19.2,21:00,25.3,14:30,25,1.9,6.4,16:00,30,44,19:20,24,07:00,2025-05-07 18:48:26.418690,2025-05-07 18:48:26.418690
290914,115,2017-10-31,21.2,0,17.7,19:50,24.8,14:30,24,2.2,5.3,14:50,43,72,18:50,24,23:40,2025-05-07 18:48:26.523619,2025-05-07 18:48:26.523619
290931,115,2017-11-01,20.2,0,16,21:00,24.4,13:30,25,1.7,5.3,13:50,,73,19:30,20,00:00,2025-05-07 18:48:26.616065,2025-05-07 18:48:26.616065
290948,115,2017-11-02,15.9,0,11.2,07:20,20.6,13:20,26,1.4,5.6,15:40,65,83,,30,02:40,2025-05-07 18:48:26.729248,2025-05-07 18:48:26.729248
290965,115,2017-11-03,16.6,0,12.6,06:40,20.5,13:30,24,1.7,5.8,15:10,69,83,00:00,61,11:10,2025-05-07 18:48:26.804240,2025-05-07 18:48:26.804240
290982,115,2017-11-04,14.8,0,12.8,23:40,16.7,15:20,4,3.9,14.4,23:10,78,86,06:50,67,16:20,2025-05-07 18:48:26.878703,2025-05-07 18:48:26.878703
290999,115,2017-11-05,14.5,0,12.5,06:50,16.5,13:40,6,5.3,15.8,22:50,73,82,,65,13:20,2025-05-07 18:48:26.998392,2025-05-07 18:48:26.998392
291016,115,2017-11-06,14.8,0,12.3,02:50,17.2,13:10,6,5.6,16.9,,74,88,05:40,62,19:00,2025-05-07 18:48:27.083112,2025-05-07 18:48:27.083112
291033,115,2017-11-07,18.4,0,13.2,00:30,23.5,15:40,8,0.8,9.2,07:20,57,85,21:00,33,23:59,2025-05-07 18:48:27.164660,2025-05-07 18:48:27.164660
291050,115,2017-11-08,18.2,0,13.6,23:59,22.8,13:30,5,1.9,9.2,08:30,53,92,,30,00:00,2025-05-07 18:48:27.243858,2025-05-07 18:48:27.243858
291067,115,2017-11-09,16.6,0,10.8,00:30,22.3,13:20,6,1.1,8.9,23:50,56,91,00:00,30,22:20,2025-05-07 18:48:27.318257,2025-05-07 18:48:27.318257
291084,115,2017-11-10,21.5,0,16.3,01:10,26.7,14:00,21,1.9,7.2,12:50,35,48,19:20,30,13:00,2025-05-07 18:48:27.410850,2025-05-07 18:48:27.410850
291101,115,2017-11-11,25,0,21.2,01:10,28.8,13:50,99,1.4,5.6,,30,41,18:30,27,07:00,2025-05-07 18:48:27.494483,2025-05-07 18:48:27.494483
291118,115,2017-11-12,23.4,0,21,17:40,25.9,13:30,6,2.2,10,14:00,34,43,03:40,27,,2025-05-07 18:48:27.561554,2025-05-07 18:48:27.561554
291135,115,2017-11-13,21.6,0,18.3,22:10,24.9,15:40,2,3.6,11.4,23:59,,43,,16,,2025-05-07 18:48:27.644092,2025-05-07 18:48:27.644092
291152,115,2017-11-14,18.7,0,12.7,23:50,24.7,15:10,4,1.7,11.7,03:20,35,67,23:40,22,05:30,2025-05-07 18:48:27.722027,2025-05-07 18:48:27.722027
291168,115,2017-11-15,16.2,0,11.4,06:30,20.9,14:50,2,1.4,7.5,00:20,56,84,19:50,29,00:10,2025-05-07 18:48:27.815369,2025-05-07 18:48:27.815369
291185,115,2017-11-16,17.4,0,12.4,07:00,22.4,13:40,4,1.4,10.3,03:20,56,87,,20,09:00,2025-05-07 18:48:27.908180,2025-05-07 18:48:27.908180
291202,115,2017-11-17,19.4,0,15.9,19:10,23,13:00,5,1.7,8.6,07:20,51,84,19:00,33,00:00,2025-05-07 18:48:27.985422,2025-05-07 18:48:27.985422
291219,115,2017-11-18,16,0,11.9,22:30,20.2,13:10,25,1.9,6.4,15:10,62,90,,38,07:00,2025-05-07 18:48:28.066240,2025-05-07 18:48:28.066240
291236,115,2017-11-19,15.9,0,12.2,03:30,19.6,15:30,7,1.7,8.1,20:00,59,78,19:10,25,23:50,2025-05-07 18:48:28.155615,2025-05-07 18:48:28.155615
291253,115,2017-11-20,19.2,0,16.8,08:40,21.6,15:30,21,3.9,22.8,16:50,25,38,09:00,23,18:00,2025-05-07 18:48:28.262130,2025-05-07 18:48:28.262130
291270,115,2017-11-21,18,0,16.5,07:40,19.6,13:20,21,2.2,16.4,09:40,23,29,,23,13:00,2025-05-07 18:48:28.349353,2025-05-07 18:48:28.349353
291287,115,2017-11-22,19.7,0,16,08:00,23.4,13:10,14,1.9,9.4,05:30,25,37,19:00,22,13:00,2025-05-07 18:48:28.434979,2025-05-07 18:48:28.434979
291304,115,2017-11-23,20.2,0,16.5,19:40,24,13:50,21,2.2,11.7,01:30,29,42,,24,00:00,2025-05-07 18:48:28.513635,2025-05-07 18:48:28.513635
291321,115,2017-11-24,19.4,0,16.4,01:50,22.3,13:20,21,3.1,18.9,17:20,37,66,05:10,28,13:00,2025-05-07 18:48:28.610166,2025-05-07 18:48:28.610166
291338,115,2017-11-25,20.2,0.3,17.3,07:50,23.2,13:00,20,2.8,14.4,07:40,33,55,23:40,32,13:00,2025-05-07 18:48:28.734227,2025-05-07 18:48:28.734227
291355,115,2017-11-26,20.6,0,18.6,03:30,22.6,15:00,21,4.7,17.5,04:00,49,58,,42,,2025-05-07 18:48:28.824390,2025-05-07 18:48:28.824390
291372,115,2017-11-27,22.4,0,19.5,06:50,25.2,15:10,21,3.6,13.3,12:30,33,43,,32,,2025-05-07 18:48:28.890586,2025-05-07 18:48:28.890586
291389,115,2017-11-28,21.6,0,19.1,21:30,24.1,12:30,25,1.1,10,23:59,32,47,,31,07:00,2025-05-07 18:48:28.957223,2025-05-07 18:48:28.957223
291406,115,2017-11-29,18.6,0,16,20:00,21.3,13:50,20,1.7,11.9,00:20,54,79,19:30,45,00:00,2025-05-07 18:48:29.038410,2025-05-07 18:48:29.038410
291423,115,2017-11-30,18,0,13.6,23:00,22.3,14:10,21,1.1,6.4,14:00,74,89,,55,10:40,2025-05-07 18:48:29.120505,2025-05-07 18:48:29.120505
291440,115,2017-12-01,17.6,0,13.7,23:10,21.6,13:20,24,1.1,6.4,13:20,70,86,19:40,56,13:20,2025-05-07 18:48:29.201602,2025-05-07 18:48:29.201602
291457,115,2017-12-02,14,0.4,12.2,22:00,15.9,,22,0.6,4.4,15:50,85,92,,61,23:00,2025-05-07 18:48:29.293914,2025-05-07 18:48:29.293914
291474,115,2017-12-03,15.1,0,10.7,23:59,19.5,14:00,6,1.7,15.6,20:40,62,83,03:50,52,13:50,2025-05-07 18:48:29.369341,2025-05-07 18:48:29.369341
291491,115,2017-12-04,14.8,0,9.6,07:20,19.9,14:10,9,0.6,12.2,22:10,51,79,00:00,34,,2025-05-07 18:48:29.450313,2025-05-07 18:48:29.450313
291508,115,2017-12-05,14.2,0,11.5,23:59,16.9,12:40,21,2.8,13.3,23:40,27,35,,22,18:00,2025-05-07 18:48:29.532691,2025-05-07 18:48:29.532691
291525,115,2017-12-06,11.2,0,9,08:20,13.3,12:40,9,3.9,14.4,18:50,44,55,08:20,25,23:59,2025-05-07 18:48:29.624788,2025-05-07 18:48:29.624788
291542,115,2017-12-07,12.6,0,8.5,08:20,16.8,14:20,9,3.1,13.6,21:50,44,65,06:50,15,,2025-05-07 18:48:29.695814,2025-05-07 18:48:29.695814
291559,115,2017-12-08,13.6,0,10.1,07:00,17.1,15:50,12,1.4,15.8,01:10,40,73,19:20,20,00:00,2025-05-07 18:48:29.782379,2025-05-07 18:48:29.782379
291576,115,2017-12-09,13.6,0,9.8,20:10,17.5,14:30,12,2.2,9.4,07:00,41,83,19:30,18,07:00,2025-05-07 18:48:29.868087,2025-05-07 18:48:29.868087
291593,115,2017-12-10,15.6,0,11.1,20:40,20.2,12:40,20,1.9,9.2,00:30,,75,19:40,15,,2025-05-07 18:48:29.957718,2025-05-07 18:48:29.957718
291609,115,2017-12-11,14.6,23.8,10.1,23:20,19,14:30,5,3.3,13.9,23:50,72,91,21:30,35,,2025-05-07 18:48:30.037951,2025-05-07 18:48:30.037951
291625,115,2017-12-12,9.8,32.2,8.5,23:10,11,13:00,4,2.8,17.8,17:40,69,82,21:20,65,08:50,2025-05-07 18:48:30.133454,2025-05-07 18:48:30.133454
291641,115,2017-12-13,9,2,8.2,03:40,9.9,06:20,10,5,18.9,18:10,74,83,05:20,68,14:30,2025-05-07 18:48:30.216995,2025-05-07 18:48:30.216995
291658,115,2017-12-14,14,0,9.3,,18.7,14:40,5,3.1,13.3,05:50,54,78,03:40,31,13:00,2025-05-07 18:48:30.303574,2025-05-07 18:48:30.303574
291675,115,2017-12-15,13.4,0,9.1,01:50,17.6,15:20,9,4.2,13.3,04:50,69,83,11:00,42,06:10,2025-05-07 18:48:30.408918,2025-05-07 18:48:30.408918
291692,115,2017-12-16,13.2,28,11.1,05:50,15.4,12:30,3,1.9,11.9,07:00,85,90,,73,06:00,2025-05-07 18:48:30.504641,2025-05-07 18:48:30.504641
291709,115,2017-12-17,11,1.4,8.8,23:30,13.1,01:00,6,4.4,20,21:50,75,89,,69,15:40,2025-05-07 18:48:30.584837,2025-05-07 18:48:30.584837
291726,115,2017-12-18,12,0,8.4,04:00,15.5,16:40,6,4.7,18.9,01:10,58,80,08:10,42,17:10,2025-05-07 18:48:30.673288,2025-05-07 18:48:30.673288
291743,115,2017-12-19,13.3,0,8.7,22:30,17.9,14:40,5,2.2,15.8,22:20,57,77,18:00,35,13:00,2025-05-07 18:48:30.757120,2025-05-07 18:48:30.757120
291760,115,2017-12-20,10.5,0,8.3,03:50,12.7,13:20,4,1.7,15.3,00:30,68,79,06:10,32,02:50,2025-05-07 18:48:30.827328,2025-05-07 18:48:30.827328
291777,115,2017-12-21,12.8,0,9,23:59,16.6,13:10,10,2.2,14.2,20:50,39,72,22:40,36,03:00,2025-05-07 18:48:30.930390,2025-05-07 18:48:30.930390
291794,115,2017-12-22,12.3,0,8.6,21:50,16,13:30,12,1.9,16.4,01:10,65,82,19:30,39,,2025-05-07 18:48:31.010270,2025-05-07 18:48:31.010270
291811,115,2017-12-23,11.6,0,7.8,22:50,15.3,14:00,10,3.1,10.8,23:00,53,72,23:50,35,00:00,2025-05-07 18:48:31.099684,2025-05-07 18:48:31.099684
291828,115,2017-12-24,10.8,0,6.9,07:30,14.8,13:10,13,1.1,11.7,23:59,57,77,,29,,2025-05-07 18:48:31.192401,2025-05-07 18:48:31.192401
291845,115,2017-12-25,12,0,8.3,08:40,15.8,14:40,9,1.7,12.5,22:10,35,47,16:30,29,00:00,2025-05-07 18:48:31.294348,2025-05-07 18:48:31.294348
291862,115,2017-12-26,12.6,0,8.3,22:40,16.9,14:10,8,2.8,12.2,03:50,44,69,20:10,33,23:59,2025-05-07 18:48:31.383280,2025-05-07 18:48:31.383280
291879,115,2017-12-27,11.8,0,8.4,06:30,15.3,13:40,5,2.5,15.6,23:00,48,77,,22,01:50,2025-05-07 18:48:31.466066,2025-05-07 18:48:31.466066
291896,115,2017-12-28,13,0,9.7,06:00,16.4,12:20,8,2.5,16.4,22:50,68,84,08:30,47,12:20,2025-05-07 18:48:31.545931,2025-05-07 18:48:31.545931
291913,115,2017-12-29,12.8,0,10,03:10,15.7,15:10,6,1.9,15.8,01:20,74,87,20:00,57,08:20,2025-05-07 18:48:31.628399,2025-05-07 18:48:31.628399
291930,115,2017-12-30,13.8,0,9.9,,17.7,13:10,24,1.7,14.4,14:40,39,83,,27,13:00,2025-05-07 18:48:31.710873,2025-05-07 18:48:31.710873
291947,115,2023-11-30,17.5,15.1,14,,21,13:30,20,1.9,16.9,10:50,42,85,18:30,19,10:40,2025-05-07 18:54:08.163742,2025-05-07 18:54:08.163742
291964,115,2023-12-01,17.3,0.6,12.5,07:10,22.1,14:00,20,1.1,12.2,03:50,57,83,,41,13:10,2025-05-07 18:54:08.291648,2025-05-07 18:54:08.291648
291981,115,2023-12-02,15.7,0,13,23:59,18.4,15:10,10,3.1,11.7,09:30,65,84,23:40,50,00:00,2025-05-07 18:54:08.378801,2025-05-07 18:54:08.378801
291998,115,2023-12-03,16.2,0,11.4,23:20,20.9,12:10,10,1.4,8.1,00:10,45,83,,31,,2025-05-07 18:54:08.460587,2025-05-07 18:54:08.460587
292015,115,2023-12-04,14.4,0,9.1,06:40,19.6,13:20,30,0.6,4.7,13:50,55,82,,18,03:50,2025-05-07 18:54:08.536550,2025-05-07 18:54:08.536550
292032,115,2023-12-05,16.8,0,12.9,,20.6,14:30,31,1.9,7.2,13:50,,72,22:20,20,07:00,2025-05-07 18:54:08.623844,2025-05-07 18:54:08.623844
292049,115,2023-12-06,17.9,0,13.7,19:00,22.1,11:10,24,1.1,5,15:00,62,80,18:50,41,11:10,2025-05-07 18:54:08.731913,2025-05-07 18:54:08.731913
292066,115,2023-12-07,18.3,0,12.4,20:20,24.2,14:30,11,1.7,8.9,23:00,49,76,18:40,14,,2025-05-07 18:54:08.808783,2025-05-07 18:54:08.808783
292083,115,2023-12-08,19.8,0,13.9,02:50,25.6,16:30,10,2.8,16.4,21:40,22,41,17:30,14,,2025-05-07 18:54:08.882970,2025-05-07 18:54:08.882970
292100,115,2023-12-09,22.4,0,17.9,07:10,26.8,15:10,10,2.8,15.8,00:10,,32,10:00,14,,2025-05-07 18:54:08.966409,2025-05-07 18:54:08.966409
292117,115,2023-12-10,22.4,0,18.4,21:10,26.5,12:50,26,3.1,12.8,13:10,18,30,18:50,13,07:00,2025-05-07 18:54:09.057845,2025-05-07 18:54:09.057845
292134,115,2023-12-11,20.1,0,14.6,20:50,25.6,14:00,15,1.4,9.2,23:30,28,56,20:30,19,23:50,2025-05-07 18:54:09.154737,2025-05-07 18:54:09.154737
292151,115,2023-12-12,18.8,0,14.1,08:00,23.4,13:20,19,1.1,12.5,01:40,25,34,,15,00:00,2025-05-07 18:54:09.263502,2025-05-07 18:54:09.263502
292168,115,2023-12-13,19.4,0,15.1,07:20,23.8,14:40,9,2.5,14.2,20:10,25,30,,23,00:00,2025-05-07 18:54:09.340722,2025-05-07 18:54:09.340722
292185,115,2023-12-14,14.4,0,11.4,23:10,17.3,17:40,9,5,15,04:40,43,74,09:20,30,,2025-05-07 18:54:09.432722,2025-05-07 18:54:09.432722
292202,115,2023-12-15,16.6,0,11.3,06:50,22,12:00,15,1.1,8.1,22:30,44,82,19:40,14,,2025-05-07 18:54:09.642108,2025-05-07 18:54:09.642108
292219,115,2023-12-16,16.7,0,12.8,23:50,20.6,15:20,6,4.2,17.5,20:50,24,32,13:00,21,,2025-05-07 18:54:09.747617,2025-05-07 18:54:09.747617
292236,115,2023-12-17,12.6,0,10.4,19:10,14.8,14:30,14,5.3,15.3,00:20,28,39,19:00,24,02:30,2025-05-07 18:54:09.836955,2025-05-07 18:54:09.836955
292253,115,2023-12-18,14,0,8.9,07:00,19,13:30,9,0.8,13.3,04:40,45,71,18:40,29,,2025-05-07 18:54:09.911532,2025-05-07 18:54:09.911532
292270,115,2023-12-19,12.4,0,8.5,08:40,16.3,13:50,10,3.3,13.1,21:50,58,71,23:00,35,01:10,2025-05-07 18:54:09.992600,2025-05-07 18:54:09.992600
292287,115,2023-12-20,12.6,0.1,10,05:40,15.2,12:10,8,2.5,16.1,19:30,66,78,23:10,55,12:00,2025-05-07 18:54:10.111844,2025-05-07 18:54:10.111844
292304,115,2023-12-21,11.4,11.5,9.7,05:10,13.1,11:30,6,3.1,15.8,02:10,70,83,11:40,64,05:40,2025-05-07 18:54:10.187359,2025-05-07 18:54:10.187359
292321,115,2023-12-22,11.9,7.4,8.7,21:10,15.1,15:20,6,1.1,14.2,00:10,66,82,18:30,48,13:50,2025-05-07 18:54:10.261634,2025-05-07 18:54:10.261634
292338,115,2023-12-23,12.3,0.5,9.3,00:20,15.3,10:20,15,1.7,9.7,12:00,52,63,12:30,28,23:59,2025-05-07 18:54:10.343389,2025-05-07 18:54:10.343389
292355,115,2023-12-24,14.4,0,10,08:00,18.8,15:50,17,2.8,7.8,14:40,25,33,18:10,22,07:00,2025-05-07 18:54:10.414556,2025-05-07 18:54:10.414556
292372,115,2023-12-25,15.9,0,11.5,22:40,20.3,13:20,9,4.7,9.2,23:59,,41,15:30,21,,2025-05-07 18:54:10.508536,2025-05-07 18:54:10.508536
292389,115,2023-12-26,16,0,11.1,06:40,21,16:30,10,2.8,10.3,03:10,26,34,15:20,23,13:00,2025-05-07 18:54:10.575608,2025-05-07 18:54:10.575608
292406,115,2023-12-27,16.8,0,12.2,06:10,21.4,12:40,6,2.5,6.1,07:00,19,31,21:00,16,13:00,2025-05-07 18:54:10.669928,2025-05-07 18:54:10.669928
292423,115,2023-12-28,18.2,0,12.7,00:20,23.8,11:10,13,1.1,5.3,08:20,18,31,,15,11:10,2025-05-07 18:54:10.754778,2025-05-07 18:54:10.754778
292440,115,2023-12-29,19.6,0,14.9,01:20,24.4,11:00,24,1.4,4.7,15:00,14,27,,12,07:00,2025-05-07 18:54:10.828346,2025-05-07 18:54:10.828346
292457,115,2023-12-30,19.2,0,15,19:20,23.5,14:40,23,1.4,5,14:40,17,27,,14,13:00,2025-05-07 18:54:10.910724,2025-05-07 18:54:10.910724
292474,115,2023-12-31,19.4,0,14.9,02:20,23.9,11:00,28,1.1,5,15:30,26,38,18:10,18,03:50,2025-05-07 18:54:10.986569,2025-05-07 18:54:10.986569
292491,115,2024-01-01,19.2,0,14.2,20:40,24.2,11:20,99,1.7,4.7,,26,46,19:00,18,00:00,2025-05-07 18:54:11.069654,2025-05-07 18:54:11.069654
292508,115,2024-01-02,18.5,0,14.9,09:00,22.1,10:50,99,0.8,4.2,,40,56,08:50,32,13:00,2025-05-07 18:54:11.156147,2025-05-07 18:54:11.156147
292525,115,2024-01-03,20.2,0,15.2,05:10,25.3,11:20,25,1.7,5,16:00,26,42,,15,10:40,2025-05-07 18:54:11.226236,2025-05-07 18:54:11.226236
292542,115,2024-01-04,18.6,0,13,22:00,24.2,15:30,25,1.7,7.2,15:10,33,76,19:40,17,07:00,2025-05-07 18:54:11.312282,2025-05-07 18:54:11.312282
292559,115,2024-01-05,17.4,0,12.4,22:40,22.4,11:40,24,1.7,6.1,15:00,56,84,19:50,37,11:40,2025-05-07 18:54:11.404258,2025-05-07 18:54:11.404258
292576,115,2024-01-06,16.1,0,11.5,08:20,20.7,11:40,24,1.1,5.8,14:50,57,85,,38,10:20,2025-05-07 18:54:11.493547,2025-05-07 18:54:11.493547
292593,115,2024-01-07,15.4,0,10.1,04:40,20.7,15:20,10,1.4,6.4,23:10,35,85,,16,06:40,2025-05-07 18:54:11.569387,2025-05-07 18:54:11.569387
292610,115,2024-01-08,18,0,13.8,19:10,22.2,13:50,9,1.7,9.7,19:40,43,69,19:00,25,19:30,2025-05-07 18:54:11.648802,2025-05-07 18:54:11.648802
292627,115,2024-01-09,18.8,0,13.8,01:50,23.8,11:00,8,2.5,6.9,23:59,29,42,02:10,22,11:00,2025-05-07 18:54:11.719856,2025-05-07 18:54:11.719856
292644,115,2024-01-10,18.6,0,14.1,03:00,23.1,16:00,16,1.4,7.5,04:30,38,56,19:50,24,23:30,2025-05-07 18:54:11.810984,2025-05-07 18:54:11.810984
292661,115,2024-01-11,19.2,0,15.1,01:00,23.2,13:20,23,3.9,17.5,17:50,17,24,00:00,16,13:00,2025-05-07 18:54:11.896639,2025-05-07 18:54:11.896639
292678,115,2024-01-12,20.4,0,17.7,02:00,23.1,15:20,23,5.6,20.3,07:40,13,19,,12,13:00,2025-05-07 18:54:11.991225,2025-05-07 18:54:11.991225
292695,115,2024-01-13,21,0,18.2,07:00,23.8,13:40,22,2.8,19.2,02:10,13,18,,12,13:00,2025-05-07 18:54:12.077878,2025-05-07 18:54:12.077878
292712,115,2024-01-14,21.4,0,18.8,07:50,24,13:30,22,2.5,19.2,01:10,12,17,,11,13:00,2025-05-07 18:54:12.163104,2025-05-07 18:54:12.163104
292729,115,2024-01-15,21.4,0,19.2,01:00,23.7,13:00,27,1.9,12.5,06:10,11,16,,10,13:00,2025-05-07 18:54:12.252370,2025-05-07 18:54:12.252370
292746,115,2024-01-16,19.4,0.7,14.7,23:30,24,15:50,22,5.3,17.8,05:50,23,66,19:10,11,00:00,2025-05-07 18:54:12.341883,2025-05-07 18:54:12.341883
292763,115,2024-01-17,17.6,0,12.8,23:50,22.3,15:10,22,1.4,8.6,14:40,47,68,03:20,33,13:00,2025-05-07 18:54:12.427669,2025-05-07 18:54:12.427669
292780,115,2024-01-18,15,0,11.6,07:00,18.4,13:00,28,1.9,6.7,02:20,55,77,23:40,47,13:00,2025-05-07 18:54:12.494505,2025-05-07 18:54:12.494505
292797,115,2024-01-19,13.3,0.1,9.8,22:10,16.8,15:50,6,3.3,12.5,22:10,61,82,,41,09:50,2025-05-07 18:54:12.569571,2025-05-07 18:54:12.569571
292814,115,2024-01-20,11.7,0.8,9.2,23:59,14.2,13:10,6,5.8,18.1,06:40,61,76,19:10,54,13:00,2025-05-07 18:54:12.653368,2025-05-07 18:54:12.653368
292831,115,2024-01-21,12.4,0,8.3,07:40,16.4,15:30,10,6.7,18.9,00:20,59,73,05:20,18,20:00,2025-05-07 18:54:12.731416,2025-05-07 18:54:12.731416
292848,115,2024-01-22,16.2,0,9.6,00:10,22.8,16:50,7,4.2,15.8,07:00,43,65,06:30,14,10:30,2025-05-07 18:54:12.822718,2025-05-07 18:54:12.822718
292865,115,2024-01-23,19.6,0,15.6,08:00,23.7,16:00,19,3.6,15.8,18:20,26,41,18:00,14,,2025-05-07 18:54:12.909368,2025-05-07 18:54:12.909368
292882,115,2024-01-24,17.4,0,13.4,08:20,21.5,14:00,17,5.3,17.8,07:40,,24,07:50,14,,2025-05-07 18:54:12.994780,2025-05-07 18:54:12.994780
292899,115,2024-01-25,18.4,0,14.2,08:50,22.7,15:10,19,3.9,15.8,04:20,,32,19:10,14,,2025-05-07 18:54:13.070679,2025-05-07 18:54:13.070679
292916,115,2024-01-26,18.4,0,14.3,21:00,22.6,16:40,22,1.9,12.2,12:50,21,28,,18,00:00,2025-05-07 18:54:13.148535,2025-05-07 18:54:13.148535
292933,115,2024-01-27,19.3,0,15,08:00,23.6,11:40,14,1.7,7.8,22:50,20,32,19:10,17,13:00,2025-05-07 18:54:13.228112,2025-05-07 18:54:13.228112
292950,115,2024-01-28,20.6,0,15.9,07:40,25.4,13:20,16,1.1,7.5,05:00,17,24,,14,13:00,2025-05-07 18:54:13.316701,2025-05-07 18:54:13.316701
292967,115,2024-01-29,19.7,0,15.8,06:40,23.6,14:00,24,2.2,6.1,13:50,20,28,,17,13:00,2025-05-07 18:54:13.397051,2025-05-07 18:54:13.397051
292984,115,2024-01-30,20,0,15.3,03:10,24.8,12:30,24,1.9,6.4,14:10,19,27,,17,13:00,2025-05-07 18:54:13.472149,2025-05-07 18:54:13.472149
293001,115,2024-01-31,18.8,0,15.8,,21.9,11:50,21,3.9,11.4,13:10,,24,00:00,16,18:00,2025-05-07 18:54:13.541630,2025-05-07 18:54:13.541630
293018,115,2024-02-01,18.4,,14.5,08:20,22.4,15:30,15,2.5,10.8,06:20,21,28,,20,13:00,2025-05-07 18:54:13.635902,2025-05-07 18:54:13.635902
293035,115,2024-02-02,17.7,0,12.9,21:00,22.5,12:40,10,2.5,10.8,01:10,23,41,19:50,19,13:00,2025-05-07 18:54:13.718997,2025-05-07 18:54:13.718997
293052,115,2024-02-03,17.2,0,14,07:50,20.3,13:50,20,2.5,9.7,11:30,20,31,18:30,16,23:59,2025-05-07 18:54:13.790517,2025-05-07 18:54:13.790517
293069,115,2024-02-04,18,0,14.5,00:40,21.6,14:50,15,4.4,11.7,06:00,16,22,,14,18:00,2025-05-07 18:54:13.884220,2025-05-07 18:54:13.884220
293086,115,2024-02-05,17.2,0,13.2,08:00,21.1,11:30,7,3.1,10,01:30,25,37,18:50,20,,2025-05-07 18:54:13.966724,2025-05-07 18:54:13.966724
293103,115,2024-02-06,17.8,0,13.5,08:10,22.2,17:00,10,3.3,9.2,03:20,23,31,20:00,21,,2025-05-07 18:54:14.059108,2025-05-07 18:54:14.059108
293120,115,2024-02-07,19.6,0,14.9,,24.3,15:00,26,3.3,10.3,11:10,16,25,22:10,15,13:00,2025-05-07 18:54:14.141631,2025-05-07 18:54:14.141631
293137,115,2024-02-08,19.3,0,15.3,00:50,23.3,15:40,24,3.3,11.4,10:40,,21,00:00,14,18:00,2025-05-07 18:54:14.220234,2025-05-07 18:54:14.220234
293154,115,2024-02-09,20.8,0.2,15.7,22:50,26,12:10,26,2.5,6.4,14:10,35,77,22:10,14,00:00,2025-05-07 18:54:14.293886,2025-05-07 18:54:14.293886
293171,115,2024-02-10,17.3,0,13.7,21:50,20.9,16:00,32,3.1,10.8,06:20,51,84,05:50,34,13:00,2025-05-07 18:54:14.372295,2025-05-07 18:54:14.372295
293188,115,2024-02-11,19.7,0,14.6,05:40,24.8,14:50,10,1.1,8.9,15:30,44,78,19:30,27,15:20,2025-05-07 18:54:14.440510,2025-05-07 18:54:14.440510
293205,115,2024-02-12,21.7,0,17.7,00:40,25.7,13:50,9,3.3,11.9,09:30,23,38,,20,13:00,2025-05-07 18:54:14.519536,2025-05-07 18:54:14.519536
293222,115,2024-02-13,23.5,0,19.4,00:50,27.6,15:10,14,2.5,11.1,10:30,19,27,18:30,15,03:10,2025-05-07 18:54:14.593883,2025-05-07 18:54:14.593883
293239,115,2024-02-14,19.5,0,13.1,22:30,25.9,15:20,23,1.7,13.3,12:40,28,79,,20,00:00,2025-05-07 18:54:14.673521,2025-05-07 18:54:14.673521
293256,115,2024-02-15,18.2,0,13.4,05:00,23.1,14:40,8,1.9,8.6,21:50,45,62,00:00,33,23:00,2025-05-07 18:54:14.744751,2025-05-07 18:54:14.744751
293273,115,2024-02-16,19.6,0,14.3,03:00,24.9,17:00,9,1.7,13.3,22:20,,43,00:00,14,,2025-05-07 18:54:14.831183,2025-05-07 18:54:14.831183
293290,115,2024-02-17,17.5,0,13.7,21:30,21.3,13:20,9,6.7,20,05:30,23,59,21:40,14,,2025-05-07 18:54:14.927672,2025-05-07 18:54:14.927672
293307,115,2024-02-18,17.6,0,12.8,08:00,22.5,16:00,8,5.6,18.6,06:10,,63,08:30,22,17:40,2025-05-07 18:54:15.001162,2025-05-07 18:54:15.001162
293324,115,2024-02-19,19.1,0,14.1,07:40,24.1,15:00,10,2.2,11.4,22:00,22,31,08:40,20,18:00,2025-05-07 18:54:15.075013,2025-05-07 18:54:15.075013
293341,115,2024-02-20,19.9,0,15.3,06:40,24.5,15:50,10,2.8,12.8,23:20,26,38,16:10,22,13:00,2025-05-07 18:54:15.158489,2025-05-07 18:54:15.158489
293358,115,2024-02-21,20,0,14.9,05:00,25.1,14:00,10,2.8,15,01:50,27,54,19:10,21,00:00,2025-05-07 18:54:15.247758,2025-05-07 18:54:15.247758
293375,115,2024-02-22,20.6,0,15.9,06:00,25.3,16:20,7,1.9,7.8,20:30,17,33,01:00,17,13:00,2025-05-07 18:54:15.348587,2025-05-07 18:54:15.348587
293392,115,2024-02-23,15.6,1.9,9.7,23:00,21.6,12:40,5,3.1,17.2,21:10,55,79,23:30,18,00:00,2025-05-07 18:54:15.449985,2025-05-07 18:54:15.449985
293409,115,2024-02-24,11.6,0,8.9,06:30,14.3,12:30,10,3.9,17.8,20:20,69,81,00:50,55,13:40,2025-05-07 18:54:15.638036,2025-05-07 18:54:15.638036
293426,115,2024-02-25,16.6,0,9.7,03:20,23.4,18:00,10,6.1,18.6,08:40,,79,03:50,14,,2025-05-07 18:54:15.771783,2025-05-07 18:54:15.771783
293443,115,2024-02-26,18,1.1,10.9,23:59,25,11:50,7,2.2,19.4,22:40,,73,,14,,2025-05-07 18:54:15.873906,2025-05-07 18:54:15.873906
293460,115,2024-02-27,10.4,0.2,8.4,08:00,12.5,14:20,9,2.8,21.7,00:20,72,83,06:50,59,13:20,2025-05-07 18:54:15.951064,2025-05-07 18:54:15.951064
293477,115,2024-02-28,11.4,0.1,8.3,05:00,14.5,13:50,9,8.3,20.8,08:40,50,81,04:00,23,13:00,2025-05-07 18:54:16.032271,2025-05-07 18:54:16.032271
293494,115,2024-02-29,11.4,4,9.3,07:00,13.4,12:50,10,2.5,14.4,10:50,70,79,19:10,66,12:50,2025-05-07 18:54:16.111438,2025-05-07 18:54:16.111438
293511,115,2024-03-01,10,11.2,8.8,21:20,11.1,15:00,8,4.2,16.4,01:00,73,81,03:20,65,23:50,2025-05-07 18:54:16.189931,2025-05-07 18:54:16.189931
293528,115,2024-03-02,10.2,2.7,8.6,03:30,11.9,15:00,5,5,15.3,06:50,63,79,05:30,57,13:00,2025-05-07 18:54:16.281387,2025-05-07 18:54:16.281387
293545,115,2024-03-03,10.4,2.2,8.4,04:00,12.4,15:20,9,4.4,14.2,11:40,66,75,,62,15:30,2025-05-07 18:54:16.356464,2025-05-07 18:54:16.356464
293562,115,2024-03-04,11.6,0,8.7,08:00,14.5,14:00,7,3.6,14.2,17:50,68,77,,62,19:50,2025-05-07 18:54:16.425446,2025-05-07 18:54:16.425446
293579,115,2024-03-05,15,0,9.4,,20.7,16:00,5,2.2,14.2,01:00,40,71,04:20,21,23:00,2025-05-07 18:54:16.513146,2025-05-07 18:54:16.513146
293596,115,2024-03-06,16.4,0,10.8,01:40,22,12:40,7,1.7,15.3,04:50,32,64,05:00,15,,2025-05-07 18:54:16.608759,2025-05-07 18:54:16.608759
293613,115,2024-03-07,14,0.3,9.7,23:50,18.2,14:20,32,2.5,10,15:00,44,75,,18,03:30,2025-05-07 18:54:16.689190,2025-05-07 18:54:16.689190
293630,115,2024-03-08,13.1,0,8.3,07:00,17.9,15:00,25,2.2,8.3,15:30,49,78,04:10,39,16:50,2025-05-07 18:54:16.773029,2025-05-07 18:54:16.773029
293647,115,2024-03-09,14.9,0.9,9.4,03:00,20.4,15:50,30,2.2,10.3,09:10,54,82,,37,15:40,2025-05-07 18:54:16.852573,2025-05-07 18:54:16.852573
293664,115,2024-03-10,14.2,0,9.3,06:30,19,14:30,26,2.2,7.2,00:20,56,83,00:20,40,11:30,2025-05-07 18:54:16.926638,2025-05-07 18:54:16.926638
293681,115,2024-03-11,15.2,0,8.9,01:00,21.5,14:20,6,2.2,7.8,06:20,57,85,22:20,43,14:10,2025-05-07 18:54:17.000885,2025-05-07 18:54:17.000885
293698,115,2024-03-12,14.4,0,8.9,21:30,20,13:50,31,1.4,6.1,14:20,48,80,21:20,21,23:59,2025-05-07 18:54:17.068797,2025-05-07 18:54:17.068797
293715,115,2024-03-13,17.7,0,12.3,00:30,23.1,10:20,26,2.8,6.4,14:10,50,83,21:50,21,,2025-05-07 18:54:17.136029,2025-05-07 18:54:17.136029
293732,115,2024-03-14,17.1,0,10.6,07:50,23.6,14:30,27,1.7,5.3,13:30,54,83,06:00,36,13:00,2025-05-07 18:54:17.214983,2025-05-07 18:54:17.214983
293749,115,2024-03-15,20.7,0,12.4,00:20,29,10:40,23,1.4,4.7,14:00,,79,00:00,12,13:00,2025-05-07 18:54:17.302635,2025-05-07 18:54:17.302635
293766,115,2024-03-16,25,0,19.5,00:10,30.6,16:10,20,3.1,13.1,14:30,13,24,00:00,12,13:00,2025-05-07 18:54:17.405149,2025-05-07 18:54:17.405149
293783,115,2024-03-17,22.8,0,17.4,19:50,28.2,15:10,24,3.1,18.3,14:10,,54,19:40,11,07:00,2025-05-07 18:54:17.483071,2025-05-07 18:54:17.483071
293800,115,2024-03-18,18.5,0,12.4,06:40,24.6,14:00,31,1.4,6.1,14:40,46,73,21:50,13,00:00,2025-05-07 18:54:17.564976,2025-05-07 18:54:17.564976
293817,115,2024-03-19,18.1,0,12.3,22:00,23.9,10:00,8,1.9,6.4,23:59,37,72,21:40,17,07:00,2025-05-07 18:54:17.640697,2025-05-07 18:54:17.640697
293834,115,2024-03-20,14.6,0.3,9.6,21:40,19.7,12:00,6,2.2,14.4,16:30,27,73,21:40,13,07:00,2025-05-07 18:54:17.719046,2025-05-07 18:54:17.719046
293851,115,2024-03-21,13.7,3.3,9.3,23:20,18.1,14:10,5,2.5,15.3,00:10,58,77,04:20,43,13:00,2025-05-07 18:54:17.785662,2025-05-07 18:54:17.785662
294044,115,2024-04-02,16.5,0,9.1,02:00,23.9,13:40,22,1.9,7.2,15:50,34,80,00:00,23,22:50,2025-05-07 18:54:18.709255,2025-05-07 18:54:18.709255
294061,115,2024-04-03,18.6,0,13.1,07:50,24,14:40,10,4.4,13.6,09:50,41,75,08:00,26,23:59,2025-05-07 18:54:18.798814,2025-05-07 18:54:18.798814
294078,115,2024-04-04,22,0,16.4,05:30,27.6,14:50,9,3.1,9.4,13:00,20,37,17:40,16,,2025-05-07 18:54:18.880914,2025-05-07 18:54:18.880914
294095,115,2024-04-05,25.2,0,20.2,06:20,30.2,11:50,29,2.8,8.9,12:20,18,29,16:20,12,00:00,2025-05-07 18:54:18.957587,2025-05-07 18:54:18.957587
294112,115,2024-04-06,16.4,0,11.3,23:59,21.4,14:00,6,0.8,9.2,19:20,61,72,23:59,18,00:00,2025-05-07 18:54:19.049795,2025-05-07 18:54:19.049795
294129,115,2024-04-07,15.6,0,10.1,07:00,21.1,14:50,10,2.5,9.4,22:50,49,72,00:00,32,14:00,2025-05-07 18:54:19.131724,2025-05-07 18:54:19.131724
294146,115,2024-04-08,12.4,0,9.7,01:20,15.1,11:10,6,3.9,19.4,22:30,71,79,12:30,53,00:00,2025-05-07 18:54:19.202737,2025-05-07 18:54:19.202737
294163,115,2024-04-09,14.9,0,10,06:50,19.8,15:40,7,8.1,19.7,04:30,35,77,,13,18:00,2025-05-07 18:54:19.281866,2025-05-07 18:54:19.281866
294180,115,2024-04-10,23,0,16,01:30,29.9,12:20,9,5,20.8,01:30,17,29,04:00,14,00:00,2025-05-07 18:54:19.364716,2025-05-07 18:54:19.364716
294197,115,2024-04-11,27.5,0,23.1,06:10,31.9,14:10,9,4.2,13.9,02:00,17,21,,16,13:00,2025-05-07 18:54:19.430664,2025-05-07 18:54:19.430664
294214,115,2024-04-12,29.8,0,25.2,05:10,34.4,15:10,7,3.9,12.5,03:00,12,19,00:00,12,07:00,2025-05-07 18:54:19.506378,2025-05-07 18:54:19.506378
294231,115,2024-04-13,26.9,0,23.1,22:20,30.7,16:30,30,3.1,11.1,13:30,11,16,,11,00:00,2025-05-07 18:54:19.572044,2025-05-07 18:54:19.572044
294248,115,2024-04-14,25.6,0,20.5,04:00,30.7,16:50,22,2.5,7.2,16:20,13,22,15:50,11,00:00,2025-05-07 18:54:19.640512,2025-05-07 18:54:19.640512
294265,115,2024-04-15,26.2,0,21.3,06:00,31.1,14:20,32,3.1,10,16:40,,14,,11,13:00,2025-05-07 18:54:19.714789,2025-05-07 18:54:19.714789
294282,115,2024-04-16,26.4,0,21.4,23:00,31.4,11:20,6,3.3,14.4,15:30,,17,23:00,11,13:00,2025-05-07 18:54:19.793469,2025-05-07 18:54:19.793469
294299,115,2024-04-17,25.8,0,20.4,03:00,31.3,13:40,4,1.4,8.9,01:00,,33,20:00,12,13:00,2025-05-07 18:54:19.865783,2025-05-07 18:54:19.865783
294316,115,2024-04-18,20.8,0,14.2,23:59,27.5,13:10,35,1.7,7.8,14:00,22,76,23:59,20,,2025-05-07 18:54:19.939855,2025-05-07 18:54:19.939855
294333,115,2024-04-19,16.8,0,10.7,04:00,22.8,15:00,7,1.7,9.4,23:40,38,84,,31,18:00,2025-05-07 18:54:20.019083,2025-05-07 18:54:20.019083
294350,115,2024-04-20,17.1,0,12.3,,21.9,15:20,5,3.9,10.6,16:00,48,67,23:59,37,15:20,2025-05-07 18:54:20.094341,2025-05-07 18:54:20.094341
294367,115,2024-04-21,14.8,0.3,11.5,07:20,18,12:30,23,2.5,11.4,12:20,54,77,07:30,40,21:00,2025-05-07 18:54:20.179169,2025-05-07 18:54:20.179169
294384,115,2024-04-22,15.6,0,9.7,06:40,21.6,12:50,5,3.1,8.9,00:50,46,72,22:00,37,11:10,2025-05-07 18:54:20.263110,2025-05-07 18:54:20.263110
294401,115,2024-04-23,16.4,0,10.2,03:30,22.5,14:20,7,1.9,14.2,22:00,35,75,02:50,21,21:20,2025-05-07 18:54:20.336217,2025-05-07 18:54:20.336217
294418,115,2024-04-24,20.4,0,15.4,03:20,25.3,14:00,6,3.6,13.3,01:00,25,33,15:40,14,,2025-05-07 18:54:20.410493,2025-05-07 18:54:20.410493
294435,115,2024-04-25,18.6,0,12.7,23:30,24.6,14:50,7,3.9,9.7,07:20,,69,22:40,14,,2025-05-07 18:54:20.506951,2025-05-07 18:54:20.506951
294452,115,2024-04-26,16.1,0,10.5,23:59,21.7,15:50,22,2.2,6.7,15:40,41,70,23:40,22,00:10,2025-05-07 18:54:20.616125,2025-05-07 18:54:20.616125
294469,115,2024-04-27,14.6,1.6,9,04:40,20.1,15:00,24,2.5,9.2,15:00,49,83,21:40,34,15:10,2025-05-07 18:54:20.709578,2025-05-07 18:54:20.709578
294486,115,2024-04-28,11.8,1.5,9.4,22:40,14.3,12:10,4,3.9,13.3,18:40,53,78,00:30,47,10:30,2025-05-07 18:54:20.812041,2025-05-07 18:54:20.812041
294503,115,2024-04-29,11.8,0,9,05:10,14.7,16:20,8,2.2,14.2,05:50,55,71,06:00,45,11:50,2025-05-07 18:54:20.889337,2025-05-07 18:54:20.889337
294520,115,2024-04-30,12.5,0,8.7,06:30,16.3,16:40,6,1.9,14.2,14:00,55,75,23:20,42,18:10,2025-05-07 18:54:20.976931,2025-05-07 18:54:20.976931
294537,115,2024-05-01,16.2,0,10,00:20,22.5,14:10,6,3.9,16.4,23:00,57,75,06:40,39,14:00,2025-05-07 18:54:21.071486,2025-05-07 18:54:21.071486
294554,115,2024-05-02,17.2,0,10.5,01:00,23.8,15:20,7,3.3,17.5,01:10,50,76,07:40,16,23:59,2025-05-07 18:54:21.157622,2025-05-07 18:54:21.157622
294571,115,2024-05-03,17.4,0,11,01:20,23.9,15:50,26,1.7,5.8,13:30,,61,20:40,12,00:00,2025-05-07 18:54:21.239725,2025-05-07 18:54:21.239725
294588,115,2024-05-04,20.4,0,15.2,06:00,25.5,15:20,7,3.1,11.4,23:20,,47,20:00,11,13:00,2025-05-07 18:54:21.323923,2025-05-07 18:54:21.323923
294605,115,2024-05-05,22,0,18.5,01:40,25.4,14:00,7,5.6,14.7,03:30,,27,23:50,14,,2025-05-07 18:54:21.421046,2025-05-07 18:54:21.421046
294622,115,2024-05-06,21.4,0,17.7,04:00,25.1,10:10,8,3.6,13.1,11:20,23,30,16:40,22,07:00,2025-05-07 18:54:21.539069,2025-05-07 18:54:21.539069
294639,115,2024-05-07,23.8,0,18.6,06:10,28.9,13:00,8,1.7,8.1,07:30,27,55,21:00,18,07:00,2025-05-07 18:54:21.622006,2025-05-07 18:54:21.622006
294656,115,2024-05-08,24.6,0,20.4,23:59,28.9,11:50,26,1.9,5.8,12:30,,36,00:10,17,,2025-05-07 18:54:21.684509,2025-05-07 18:54:21.684509
294673,115,2024-05-09,23.3,0,18.6,01:00,28,15:30,6,3.6,8.6,21:10,25,40,01:00,21,09:30,2025-05-07 18:54:21.755966,2025-05-07 18:54:21.755966
294690,115,2024-05-10,22.1,0,17.5,23:59,26.7,12:20,6,2.8,14.2,23:30,25,42,16:10,20,13:00,2025-05-07 18:54:21.826730,2025-05-07 18:54:21.826730
294707,115,2024-05-11,20.3,0,13.8,23:59,26.8,15:10,7,2.8,12.2,00:30,35,47,07:00,25,19:00,2025-05-07 18:54:21.896971,2025-05-07 18:54:21.896971
294724,115,2024-05-12,19.2,0,13.2,01:10,25.2,14:20,6,1.9,13.3,20:30,24,49,01:00,23,13:00,2025-05-07 18:54:21.987049,2025-05-07 18:54:21.987049
294741,115,2024-05-13,20.2,0,15.4,23:50,25,15:10,5,3.1,14.2,23:59,25,53,23:40,22,07:00,2025-05-07 18:54:22.067038,2025-05-07 18:54:22.067038
294758,115,2024-05-14,18.9,0,12.7,23:30,25.1,15:40,6,3.3,12.5,00:20,43,73,21:30,32,15:50,2025-05-07 18:54:22.144810,2025-05-07 18:54:22.144810
294775,115,2024-05-15,13,0,10.2,22:00,15.8,14:20,7,7.2,13.6,17:20,65,81,21:10,59,03:40,2025-05-07 18:54:22.211483,2025-05-07 18:54:22.211483
294792,115,2024-05-16,15.8,0,10.1,01:40,21.4,16:10,5,3.6,12.2,04:00,56,81,,39,16:50,2025-05-07 18:54:22.286522,2025-05-07 18:54:22.286522
294809,115,2024-05-17,17.7,0,11.7,05:40,23.7,13:50,4,2.2,8.3,05:40,52,79,00:30,44,18:00,2025-05-07 18:54:22.351134,2025-05-07 18:54:22.351134
294826,115,2024-05-18,17,0,10.8,03:00,23.2,14:30,99,1.7,8.3,,55,80,07:30,41,14:20,2025-05-07 18:54:22.432318,2025-05-07 18:54:22.432318
294843,115,2024-05-19,17.1,0,11.4,23:59,22.8,12:50,10,2.2,10,23:59,50,79,00:00,39,15:40,2025-05-07 18:54:22.502474,2025-05-07 18:54:22.502474
294860,115,2024-05-20,14,0,10.3,06:40,17.6,14:10,7,4.7,12.8,17:40,53,76,05:50,47,13:40,2025-05-07 18:54:22.585485,2025-05-07 18:54:22.585485
294877,115,2024-05-21,15.8,0,10,06:00,21.7,13:40,5,3.1,11.1,01:30,53,79,05:10,38,13:20,2025-05-07 18:54:22.664822,2025-05-07 18:54:22.664822
294894,115,2024-05-22,16.9,0,10.8,06:00,23,15:20,12,3.1,11.7,23:40,51,74,22:40,36,15:20,2025-05-07 18:54:22.746755,2025-05-07 18:54:22.746755
294911,115,2024-05-23,16.9,0,11,04:30,22.8,17:00,6,2.5,10.3,12:50,53,74,05:20,39,,2025-05-07 18:54:22.820494,2025-05-07 18:54:22.820494
294928,115,2024-05-24,17.7,0,11,06:00,24.4,16:50,6,2.2,10,02:50,51,76,07:40,15,23:00,2025-05-07 18:54:22.900074,2025-05-07 18:54:22.900074
294945,115,2024-05-25,18.4,0,13.6,04:00,23.1,16:20,6,4.4,12.8,23:50,,25,00:40,11,13:00,2025-05-07 18:54:22.978248,2025-05-07 18:54:22.978248
294962,115,2024-05-26,20,0,14.9,23:59,25.1,17:00,10,4.2,15,23:10,20,64,23:59,14,,2025-05-07 18:54:23.052850,2025-05-07 18:54:23.052850
294979,115,2024-05-27,18.4,0,13,23:59,23.8,15:00,7,2.2,14.2,01:00,47,64,00:00,41,15:00,2025-05-07 18:54:23.123554,2025-05-07 18:54:23.123554
