id,station_id,date,avg_temp,precipitation,min_temp,min_temp_time,max_temp,max_temp_time,wind_direction,avg_wind_speed,wind_gust,wind_gust_time,avg_humidity,max_humidity,max_humidity_time,min_humidity,min_humidity_time,created_at,updated_at
153749,136,2024-06-04,,,,,,,0,3.6,,,84,,,,,2025-05-06 16:22:59.171504,2025-05-06 16:22:59.171504
142181,136,2023-11-30,16.6,3.4,12.5,00:01,20.6,13:07,26,1.1,14.2,20:20,60,94,19:00,26,10:30,2025-05-06 14:19:28.149609,2025-05-06 14:19:28.149609
142199,136,2023-12-01,15.9,4.2,12.5,,19.3,11:14,25,3.1,11.7,07:00,91,100,,65,00:00,2025-05-06 14:19:28.194563,2025-05-06 14:19:28.194563
142217,136,2023-12-02,13.4,21.8,12.1,03:54,14.6,11:54,10,3.3,8.9,11:30,100,100,,98,01:00,2025-05-06 14:19:28.230191,2025-05-06 14:19:28.230191
142235,136,2023-12-03,12.8,0,9.9,23:42,15.8,11:25,8,0.6,6.9,00:10,97,100,,88,,2025-05-06 14:19:28.266242,2025-05-06 14:19:28.266242
142253,136,2023-12-04,13.6,0,9.7,03:52,17.4,13:49,9,1.9,8.1,11:40,89,100,,70,23:59,2025-05-06 14:19:28.300001,2025-05-06 14:19:28.300001
142271,136,2023-12-05,14.5,1.4,11.3,00:53,17.7,14:05,26,2.8,7.8,04:00,73,94,,27,02:50,2025-05-06 14:19:28.336625,2025-05-06 14:19:28.336625
142289,136,2023-12-06,14.8,1.4,12.7,21:22,17,14:51,10,1.4,5.3,23:59,100,100,,79,18:40,2025-05-06 14:19:28.369632,2025-05-06 14:19:28.369632
142307,136,2023-12-07,14.4,0,11.6,02:54,17.2,14:27,15,1.1,7.5,23:00,93,100,,81,13:50,2025-05-06 14:19:28.407724,2025-05-06 14:19:28.407724
142325,136,2023-12-08,14.2,0,11,04:17,17.5,13:23,12,5.6,10.8,22:30,92,100,07:50,29,,2025-05-06 14:19:28.441600,2025-05-06 14:19:28.441600
142343,136,2023-12-09,17.1,0,13.3,02:23,20.9,11:24,12,4.7,12.2,05:10,61,97,18:00,15,23:50,2025-05-06 14:19:28.481221,2025-05-06 14:19:28.481221
142361,136,2023-12-10,20.9,0,16.6,21:12,25.2,12:36,13,1.7,8.1,05:00,35,63,15:20,12,04:20,2025-05-06 14:19:28.515680,2025-05-06 14:19:28.515680
142379,136,2023-12-11,18.4,0,14.2,20:51,22.5,14:04,14,2.2,14.7,23:50,41,58,17:10,29,,2025-05-06 14:19:28.553665,2025-05-06 14:19:28.553665
142397,136,2023-12-12,17.5,0,13.9,07:50,21.1,14:24,13,3.6,14.2,04:40,45,59,11:10,26,00:00,2025-05-06 14:19:28.588253,2025-05-06 14:19:28.588253
142415,136,2023-12-13,16.9,0,13.4,22:42,20.4,12:43,12,4.4,10.8,00:40,33,59,22:00,30,,2025-05-06 14:19:28.629602,2025-05-06 14:19:28.629602
142433,136,2023-12-14,13.6,0.2,11.1,23:50,16.1,12:41,13,3.9,9.7,12:50,86,99,,38,00:00,2025-05-06 14:19:28.664358,2025-05-06 14:19:28.664358
142451,136,2023-12-15,14.6,0,10.9,05:34,18.2,14:21,12,2.8,7.8,10:20,87,98,19:10,61,22:50,2025-05-06 14:19:28.703436,2025-05-06 14:19:28.703436
142469,136,2023-12-16,15.1,0,11.1,00:01,19.1,12:19,14,5.3,14.2,22:40,39,82,00:00,34,03:40,2025-05-06 14:19:28.739375,2025-05-06 14:19:28.739375
142487,136,2023-12-17,12.1,0,10.1,18:41,14.1,14:12,13,8.9,18.6,08:50,52,66,,43,14:30,2025-05-06 14:19:28.774606,2025-05-06 14:19:28.774606
142505,136,2023-12-18,12.4,0,9.5,,15.3,14:09,14,6.9,13.6,09:00,59,87,09:20,37,18:00,2025-05-06 14:19:28.808112,2025-05-06 14:19:28.808112
142523,136,2023-12-19,12.6,0,8.9,03:07,16.2,12:52,12,2.5,8.1,11:40,78,91,23:30,53,00:00,2025-05-06 14:19:28.845344,2025-05-06 14:19:28.845344
142541,136,2023-12-20,12.3,1.8,10.1,05:18,14.5,11:22,10,2.8,9.2,15:30,93,99,,73,11:30,2025-05-06 14:19:28.879255,2025-05-06 14:19:28.879255
142559,136,2023-12-21,11.2,18.8,10.1,05:03,12.2,09:36,2,2.2,10,09:00,95,100,,79,04:40,2025-05-06 14:19:28.915170,2025-05-06 14:19:28.915170
142577,136,2023-12-22,11,6.2,8,23:59,14,13:01,2,2.5,7.2,03:50,95,100,,81,13:30,2025-05-06 14:19:28.950648,2025-05-06 14:19:28.950648
142595,136,2023-12-23,10.7,0.2,7.9,00:34,13.5,16:41,13,2.8,11.7,11:50,82,98,00:20,44,21:50,2025-05-06 14:19:28.987128,2025-05-06 14:19:28.987128
142613,136,2023-12-24,12.8,0,8.7,02:46,16.9,13:51,99,3.9,9.7,,48,66,09:30,32,22:50,2025-05-06 14:19:29.025262,2025-05-06 14:19:29.025262
142631,136,2023-12-25,13.9,0,9.7,04:51,18.1,12:29,12,2.2,5.6,03:40,65,96,20:00,37,02:40,2025-05-06 14:19:29.058675,2025-05-06 14:19:29.058675
142649,136,2023-12-26,12.9,0,8.9,06:02,16.9,13:41,14,3.3,10,21:30,64,97,03:00,32,23:10,2025-05-06 14:19:29.099619,2025-05-06 14:19:29.099619
142667,136,2023-12-27,14.3,0,11.1,22:08,17.5,11:59,13,4.7,12.2,10:30,42,51,18:10,31,00:00,2025-05-06 14:19:29.134872,2025-05-06 14:19:29.134872
142685,136,2023-12-28,15.2,0,10.5,,19.9,13:36,12,2.2,8.3,22:30,39,66,19:00,23,,2025-05-06 14:19:29.174663,2025-05-06 14:19:29.174663
142703,136,2023-12-29,17.3,0,13.1,07:25,21.5,14:42,14,2.5,7.5,,37,67,18:10,15,08:30,2025-05-06 14:19:29.208899,2025-05-06 14:19:29.208899
142721,136,2023-12-30,17,0,12.9,06:10,21.1,12:11,12,1.4,5,05:30,47,85,18:20,18,23:50,2025-05-06 14:19:29.244215,2025-05-06 14:19:29.244215
142739,136,2023-12-31,16.6,0,12.5,07:44,20.6,13:25,13,1.4,5.3,23:30,53,94,18:10,18,00:00,2025-05-06 14:19:29.278310,2025-05-06 14:19:29.278310
142757,136,2024-01-01,16.3,0,12.2,19:44,20.4,11:23,13,0.8,7.2,22:10,56,96,20:30,24,07:40,2025-05-06 14:19:29.313895,2025-05-06 14:19:29.313895
142775,136,2024-01-02,16.6,0,13.6,00:09,19.5,13:30,99,1.1,5,00:50,61,80,18:50,33,00:00,2025-05-06 14:19:29.351129,2025-05-06 14:19:29.351129
142793,136,2024-01-03,17.1,0,13.2,05:48,21,12:18,12,1.9,5,10:00,70,82,13:20,49,11:10,2025-05-06 14:19:29.394210,2025-05-06 14:19:29.394210
142811,136,2024-01-04,16.4,0,11.7,06:47,21.1,13:54,13,1.4,4.7,15:10,85,99,20:20,48,00:30,2025-05-06 14:19:29.438993,2025-05-06 14:19:29.438993
142829,136,2024-01-05,13.6,1.4,11.7,23:11,15.5,13:59,13,1.9,5.8,11:30,100,100,,90,00:50,2025-05-06 14:19:29.484026,2025-05-06 14:19:29.484026
142847,136,2024-01-06,14,0,11.6,07:01,16.5,,35,1.1,4.2,13:00,91,100,,74,11:10,2025-05-06 14:19:29.523569,2025-05-06 14:19:29.523569
142865,136,2024-01-07,14.8,0,10.3,06:14,19.3,13:35,14,0.8,5.3,06:20,77,94,18:50,59,23:59,2025-05-06 14:19:29.555371,2025-05-06 14:19:29.555371
142883,136,2024-01-08,16.1,0,13.3,02:28,18.9,13:46,13,3.1,6.4,15:10,45,83,17:40,23,18:50,2025-05-06 14:19:29.598003,2025-05-06 14:19:29.598003
142901,136,2024-01-09,16.6,0,12.2,04:13,21.1,12:28,99,4.2,7.2,,32,61,23:20,19,13:50,2025-05-06 14:19:29.635434,2025-05-06 14:19:29.635434
142919,136,2024-01-10,15.8,0,12.1,07:58,19.5,14:04,14,4.2,10,12:50,62,80,21:10,54,,2025-05-06 14:19:29.673449,2025-05-06 14:19:29.673449
142937,136,2024-01-11,18,0,12.9,02:11,23.2,13:37,17,2.5,10.8,13:50,32,73,00:30,19,,2025-05-06 14:19:29.707695,2025-05-06 14:19:29.707695
142955,136,2024-01-12,21.1,0,17.3,01:29,24.9,13:14,14,3.3,12.2,11:10,15,22,,14,12:50,2025-05-06 14:19:29.743594,2025-05-06 14:19:29.743594
142973,136,2024-01-13,21.5,0,17.5,23:24,25.5,12:13,20,1.4,9.2,20:50,18,49,16:50,14,00:00,2025-05-06 14:19:29.782734,2025-05-06 14:19:29.782734
142991,136,2024-01-14,19.9,0,16.6,05:49,23.2,14:03,20,1.1,8.9,01:20,29,53,16:40,16,09:00,2025-05-06 14:19:29.817770,2025-05-06 14:19:29.817770
143009,136,2024-01-15,21,0,18.8,22:12,23.3,13:04,22,1.4,10.3,10:40,16,28,14:40,12,07:40,2025-05-06 14:19:29.854584,2025-05-06 14:19:29.854584
143027,136,2024-01-16,21.1,0,16.1,23:45,26.1,13:37,24,3.1,15.8,07:00,26,62,20:20,13,07:20,2025-05-06 14:19:29.888821,2025-05-06 14:19:29.888821
143045,136,2024-01-17,14.8,0,11.3,22:50,18.3,12:05,24,0.8,10.8,00:20,89,99,22:20,47,00:00,2025-05-06 14:19:29.924363,2025-05-06 14:19:29.924363
143063,136,2024-01-18,14.3,10.4,10.3,05:56,18.3,12:15,26,1.7,10.3,20:10,89,100,06:00,67,20:50,2025-05-06 14:19:29.958745,2025-05-06 14:19:29.958745
143081,136,2024-01-19,11.8,2,9.9,23:30,13.7,12:47,35,2.8,10.6,05:50,96,100,,87,17:10,2025-05-06 14:19:29.993291,2025-05-06 14:19:29.993291
143099,136,2024-01-20,11.9,3.4,9.2,07:08,14.6,12:33,9,3.1,8.9,18:00,96,100,,81,12:30,2025-05-06 14:19:30.034720,2025-05-06 14:19:30.034720
143117,136,2024-01-21,11,0,9.1,02:29,12.9,14:18,9,1.9,7.2,13:40,89,100,,78,14:00,2025-05-06 14:19:30.072919,2025-05-06 14:19:30.072919
143135,136,2024-01-22,12.8,0,9.8,01:54,15.9,23:26,11,4.2,10.3,17:40,89,99,08:10,32,23:20,2025-05-06 14:19:30.108246,2025-05-06 14:19:30.108246
143153,136,2024-01-23,15.2,0,12.4,19:22,18,12:00,12,8.1,17.2,11:30,36,46,10:00,30,01:00,2025-05-06 14:19:30.145130,2025-05-06 14:19:30.145130
143171,136,2024-01-24,14.9,0,12.1,09:54,17.7,14:40,99,10.6,20.3,,26,64,10:00,14,15:50,2025-05-06 14:19:30.182326,2025-05-06 14:19:30.182326
143188,136,2024-01-25,15.2,0,12.4,04:05,18.1,14:24,13,6.9,20,22:10,39,60,17:30,20,21:30,2025-05-06 14:19:30.217152,2025-05-06 14:19:30.217152
143205,136,2024-01-26,17.4,0,13.3,19:34,21.6,14:12,13,7.5,22.8,03:40,29,53,00:30,23,13:00,2025-05-06 14:19:30.251294,2025-05-06 14:19:30.251294
143223,136,2024-01-27,18,0,13.5,20:40,22.4,11:57,12,1.1,12.5,00:50,33,59,20:20,22,11:50,2025-05-06 14:19:30.286400,2025-05-06 14:19:30.286400
143241,136,2024-01-28,18.6,0,13.9,19:56,23.2,14:42,11,2.5,8.1,13:30,41,64,18:10,22,05:40,2025-05-06 14:19:30.322150,2025-05-06 14:19:30.322150
143259,136,2024-01-29,18.1,0,13.1,04:17,23.1,13:29,99,3.1,6.4,08:50,31,48,18:30,19,13:00,2025-05-06 14:19:30.359192,2025-05-06 14:19:30.359192
143277,136,2024-01-30,17.2,0,12.6,06:47,21.9,14:53,99,3.1,8.9,,30,46,18:00,20,02:30,2025-05-06 14:19:30.394583,2025-05-06 14:19:30.394583
143295,136,2024-01-31,17.8,0,13,07:57,22.5,12:32,13,3.1,10.8,22:50,36,53,17:50,17,11:10,2025-05-06 14:19:30.433628,2025-05-06 14:19:30.433628
143313,136,2024-02-01,17,0,13,22:42,20.9,13:27,14,5.8,13.1,16:30,35,42,,19,00:00,2025-05-06 14:19:30.471554,2025-05-06 14:19:30.471554
143331,136,2024-02-02,15.7,0,11.9,22:45,19.5,13:56,13,5.8,13.9,05:00,39,48,13:00,30,22:00,2025-05-06 14:19:30.508473,2025-05-06 14:19:30.508473
143349,136,2024-02-03,15.6,0,11.7,01:33,19.5,13:53,13,5.8,16.4,10:00,19,42,00:00,16,,2025-05-06 14:19:30.545413,2025-05-06 14:19:30.545413
143367,136,2024-02-04,16.6,0,12.1,,21,14:21,12,3.3,12.8,10:10,32,56,18:30,17,12:00,2025-05-06 14:19:30.583412,2025-05-06 14:19:30.583412
143385,136,2024-02-05,17,0,12.9,,21.1,13:35,14,4.7,13.6,05:00,31,42,14:40,17,00:00,2025-05-06 14:19:30.621216,2025-05-06 14:19:30.621216
143402,136,2024-02-06,16,0,11.9,07:53,20.1,14:16,13,5,13.9,09:20,38,67,18:40,25,15:50,2025-05-06 14:19:30.656871,2025-05-06 14:19:30.656871
143420,136,2024-02-07,17.7,0,12.9,00:12,22.5,15:03,13,2.2,8.6,01:00,32,48,19:10,18,08:50,2025-05-06 14:19:30.690608,2025-05-06 14:19:30.690608
143438,136,2024-02-08,19,0,14.3,02:27,23.8,14:37,20,1.7,8.3,19:40,17,30,00:00,12,22:00,2025-05-06 14:19:30.727867,2025-05-06 14:19:30.727867
143456,136,2024-02-09,20.3,0.6,15.6,23:56,25,12:51,25,1.7,10.3,07:30,45,93,23:50,12,05:10,2025-05-06 14:19:30.765373,2025-05-06 14:19:30.765373
143474,136,2024-02-10,15.4,0,12.5,21:47,18.3,14:49,29,4.4,10.8,06:50,91,100,,67,23:20,2025-05-06 14:19:30.800563,2025-05-06 14:19:30.800563
143492,136,2024-02-11,17,0.2,12.3,23:40,21.6,14:37,12,0.6,7.2,22:30,80,100,,64,11:00,2025-05-06 14:19:30.837843,2025-05-06 14:19:30.837843
143510,136,2024-02-12,16.8,0,10.8,02:03,22.7,13:54,13,4.7,8.9,22:30,81,100,,35,23:59,2025-05-06 14:19:30.876114,2025-05-06 14:19:30.876114
143528,136,2024-02-13,20.2,0,13.8,03:25,26.5,13:32,11,4.4,11.7,07:30,39,61,03:20,29,20:30,2025-05-06 14:19:30.913054,2025-05-06 14:19:30.913054
143546,136,2024-02-14,19,0,12.9,22:12,25.1,12:53,13,2.2,10.3,00:50,59,97,20:50,26,08:40,2025-05-06 14:19:30.951271,2025-05-06 14:19:30.951271
143564,136,2024-02-15,15.5,0,12.2,04:07,18.8,12:58,27,2.2,7.5,00:20,82,94,,75,13:00,2025-05-06 14:19:30.989000,2025-05-06 14:19:30.989000
143582,136,2024-02-16,14.6,0,10.5,05:17,18.8,14:15,11,1.9,7.2,12:50,80,98,05:40,51,09:30,2025-05-06 14:19:31.025599,2025-05-06 14:19:31.025599
143600,136,2024-02-17,15.9,0,10,02:49,21.8,13:32,13,4.4,13.6,11:50,,98,23:59,19,07:00,2025-05-06 14:19:31.065696,2025-05-06 14:19:31.065696
143618,136,2024-02-18,16,0,12,02:36,20.1,14:44,13,5,16.1,14:20,61,99,,28,18:00,2025-05-06 14:19:31.104466,2025-05-06 14:19:31.104466
143636,136,2024-02-19,17.8,0,14.3,,21.3,14:05,12,7.2,15.8,09:00,33,50,00:00,27,16:50,2025-05-06 14:19:31.142493,2025-05-06 14:19:31.142493
143654,136,2024-02-20,16.2,0,11.1,23:40,21.3,12:37,14,1.9,6.1,00:50,64,92,,39,00:20,2025-05-06 14:19:31.184084,2025-05-06 14:19:31.184084
143672,136,2024-02-21,14.4,0,9.4,05:08,19.3,13:49,10,3.3,8.3,10:50,80,95,,33,20:40,2025-05-06 14:19:31.227678,2025-05-06 14:19:31.227678
143690,136,2024-02-22,16.6,0,11.1,23:48,22.2,13:57,99,1.9,5.3,,59,95,20:10,30,09:30,2025-05-06 14:19:31.285357,2025-05-06 14:19:31.285357
143708,136,2024-02-23,12.2,16.8,9.7,22:42,14.7,14:06,35,3.9,10.6,20:00,94,100,,62,00:10,2025-05-06 14:19:31.330167,2025-05-06 14:19:31.330167
143726,136,2024-02-24,11,1,8.9,06:26,13.1,13:28,36,2.5,10,03:10,97,100,,88,17:10,2025-05-06 14:19:31.371442,2025-05-06 14:19:31.371442
143744,136,2024-02-25,13,0.2,10.1,06:29,16,14:57,32,1.7,8.3,04:50,94,100,,78,15:00,2025-05-06 14:19:31.408080,2025-05-06 14:19:31.408080
143762,136,2024-02-26,12,17,9.8,04:04,14.3,13:55,5,1.7,6.4,23:59,92,100,,78,14:00,2025-05-06 14:19:31.443258,2025-05-06 14:19:31.443258
143780,136,2024-02-27,10.2,1.8,8.6,07:56,11.9,04:12,99,3.3,10.3,,92,100,,82,13:10,2025-05-06 14:19:31.482534,2025-05-06 14:19:31.482534
143798,136,2024-02-28,11.7,0.4,8.7,04:09,14.7,12:52,6,2.5,8.6,02:50,89,100,23:50,75,12:50,2025-05-06 14:19:31.518777,2025-05-06 14:19:31.518777
143816,136,2024-02-29,10.6,15.6,9.6,06:08,11.5,11:56,2,1.9,10,17:10,99,100,,97,11:20,2025-05-06 14:19:31.555538,2025-05-06 14:19:31.555538
143834,136,2024-03-01,10.2,9.6,9,21:27,11.5,10:50,4,3.6,12.5,12:30,100,100,,98,,2025-05-06 14:19:31.592693,2025-05-06 14:19:31.592693
143852,136,2024-03-02,11,3.6,8.7,05:29,13.3,13:44,1,3.6,11.4,03:00,91,100,,72,13:40,2025-05-06 14:19:31.630596,2025-05-06 14:19:31.630596
143870,136,2024-03-03,11,4.6,8.3,03:47,13.7,15:21,35,2.5,10,01:00,96,100,,84,15:40,2025-05-06 14:19:31.669678,2025-05-06 14:19:31.669678
143888,136,2024-03-04,11,1,9.1,07:30,13,11:59,35,1.9,8.1,10:40,97,100,,84,11:50,2025-05-06 14:19:31.706652,2025-05-06 14:19:31.706652
143905,136,2024-03-05,12.2,0.4,9.3,03:12,15,15:30,36,1.4,5.8,14:00,91,100,,69,15:50,2025-05-06 14:19:31.741444,2025-05-06 14:19:31.741444
143923,136,2024-03-06,12.6,0.2,9.2,05:44,16.1,14:01,9,1.7,5,13:20,85,100,,72,13:30,2025-05-06 14:19:31.778151,2025-05-06 14:19:31.778151
143941,136,2024-03-07,12.4,11,7.7,05:03,17.1,13:37,30,4.4,10,15:10,89,100,,66,13:30,2025-05-06 14:19:31.816847,2025-05-06 14:19:31.816847
143959,136,2024-03-08,11.7,0,8,07:09,15.4,14:41,34,3.6,9.2,03:50,83,100,,65,13:00,2025-05-06 14:19:31.854902,2025-05-06 14:19:31.854902
143977,136,2024-03-09,14,3.6,9.7,02:20,18.3,14:21,28,4.4,10.3,09:10,86,100,,65,,2025-05-06 14:19:31.893569,2025-05-06 14:19:31.893569
143995,136,2024-03-10,13.1,0,9.7,07:42,16.5,11:56,34,3.1,8.9,01:10,89,100,,79,16:50,2025-05-06 14:19:31.933597,2025-05-06 14:19:31.933597
144013,136,2024-03-11,11.9,2.2,9,23:29,14.8,11:57,26,0.8,4.2,00:30,94,100,,84,12:00,2025-05-06 14:19:31.969456,2025-05-06 14:19:31.969456
144031,136,2024-03-12,12,0,7.8,05:07,16.3,12:32,12,1.7,6.9,17:40,87,100,,41,23:00,2025-05-06 14:19:32.007269,2025-05-06 14:19:32.007269
144049,136,2024-03-13,16.7,0.4,11.5,00:27,21.9,12:14,28,1.4,6.4,05:10,75,100,,38,04:10,2025-05-06 14:19:32.044060,2025-05-06 14:19:32.044060
144067,136,2024-03-14,15.5,0,11.1,24:00,19.9,,12,1.4,6.7,23:40,85,100,,70,15:00,2025-05-06 14:19:32.081986,2025-05-06 14:19:32.081986
144085,136,2024-03-15,16.2,0,9.4,06:15,23.1,14:30,13,5,11.4,09:20,52,100,,25,09:20,2025-05-06 14:19:32.119450,2025-05-06 14:19:32.119450
144103,136,2024-03-16,23.1,0,18,02:28,28.2,14:38,10,2.5,9.4,11:20,31,54,16:40,17,06:40,2025-05-06 14:19:32.157184,2025-05-06 14:19:32.157184
144121,136,2024-03-17,20.6,0,12.7,22:44,28.5,15:44,18,3.6,13.3,14:30,53,99,,14,,2025-05-06 14:19:32.192973,2025-05-06 14:19:32.192973
144139,136,2024-03-18,14.8,0,11.5,23:54,18.2,13:36,27,2.8,6.4,03:50,91,100,,76,13:40,2025-05-06 14:19:32.230995,2025-05-06 14:19:32.230995
144157,136,2024-03-19,13.8,0,10.8,01:05,16.7,12:32,36,2.2,6.7,18:50,93,100,,76,12:40,2025-05-06 14:19:32.270962,2025-05-06 14:19:32.270962
144175,136,2024-03-20,12.7,1.6,9.1,05:26,16.3,14:02,99,2.8,8.9,,91,100,00:00,75,11:40,2025-05-06 14:19:32.311761,2025-05-06 14:19:32.311761
144193,136,2024-03-21,13.1,6.4,9.5,23:50,16.7,13:39,34,3.1,12.5,22:20,90,100,,65,13:40,2025-05-06 14:19:32.353151,2025-05-06 14:19:32.353151
144211,136,2024-03-22,10.7,26.8,6.4,20:44,15,13:37,27,3.3,11.7,06:10,90,100,,66,13:40,2025-05-06 14:19:32.390765,2025-05-06 14:19:32.390765
144229,136,2024-03-23,10.9,6.2,6.3,03:33,15.5,11:43,28,1.9,7.5,01:10,97,100,,68,11:50,2025-05-06 14:19:32.429861,2025-05-06 14:19:32.429861
144247,136,2024-03-24,12.5,2.8,7.9,02:14,17.1,13:01,26,3.3,9.7,07:10,80,100,,62,12:50,2025-05-06 14:19:32.465552,2025-05-06 14:19:32.465552
144265,136,2024-03-25,11.8,0.2,8.1,02:33,15.5,13:36,32,5,11.1,11:50,91,100,,83,13:10,2025-05-06 14:19:32.504144,2025-05-06 14:19:32.504144
144283,136,2024-03-26,10.6,18,8.5,19:55,12.8,13:19,29,5.3,12.8,02:30,99,100,,86,08:20,2025-05-06 14:19:32.541904,2025-05-06 14:19:32.541904
144301,136,2024-03-27,12,0,8,01:07,16,16:14,35,2.2,7.5,16:20,78,100,,55,15:40,2025-05-06 14:19:32.580378,2025-05-06 14:19:32.580378
144319,136,2024-03-28,13.4,11.4,8.7,06:30,18.1,13:54,26,1.7,16.1,23:30,66,89,03:30,60,13:40,2025-05-06 14:19:32.619535,2025-05-06 14:19:32.619535
144337,136,2024-03-29,12,0,8.4,06:43,15.7,13:34,28,3.6,16.7,01:50,82,100,,67,16:00,2025-05-06 14:19:32.657620,2025-05-06 14:19:32.657620
144355,136,2024-03-30,14.3,0,8.7,01:32,19.9,13:53,28,1.9,6.7,09:40,67,99,23:30,57,11:10,2025-05-06 14:19:32.696336,2025-05-06 14:19:32.696336
144373,136,2024-03-31,14,0,9.7,06:43,18.3,11:37,31,1.7,5,23:59,88,100,01:30,64,11:30,2025-05-06 14:19:32.734918,2025-05-06 14:19:32.734918
144391,136,2024-04-01,12.8,1.2,10.1,22:37,15.5,10:37,36,1.1,5.8,00:40,97,100,21:20,84,10:40,2025-05-06 14:19:32.773196,2025-05-06 14:19:32.773196
144409,136,2024-04-02,14.8,0,10.1,,19.5,13:36,35,2.2,6.9,15:40,77,94,23:40,60,13:40,2025-05-06 14:19:32.815428,2025-05-06 14:19:32.815428
144426,136,2024-04-03,15.2,0.2,11,04:32,19.3,14:50,11,1.7,5.6,12:20,87,99,09:50,73,14:50,2025-05-06 14:19:32.854320,2025-05-06 14:19:32.854320
144444,136,2024-04-04,16.8,0,10.3,06:11,23.4,13:26,6,1.4,4.7,18:30,58,99,,21,19:20,2025-05-06 14:19:32.892338,2025-05-06 14:19:32.892338
144462,136,2024-04-05,20.6,0,14,23:59,27.2,12:11,12,2.2,8.9,10:50,37,84,23:59,19,08:40,2025-05-06 14:19:32.939035,2025-05-06 14:19:32.939035
144480,136,2024-04-06,14.2,10.8,11.4,23:59,16.9,03:18,35,2.8,8.9,16:30,98,100,,52,03:20,2025-05-06 14:19:32.974565,2025-05-06 14:19:32.974565
144498,136,2024-04-07,13.8,0.2,10.1,23:24,17.4,14:31,32,2.5,7.8,22:10,91,100,,67,14:50,2025-05-06 14:19:33.008197,2025-05-06 14:19:33.008197
144516,136,2024-04-08,12,3.4,9.9,02:21,14,14:59,34,4.4,11.7,23:00,100,100,,95,,2025-05-06 14:19:33.048041,2025-05-06 14:19:33.048041
144534,136,2024-04-09,13.2,0.6,10.2,08:53,16.3,15:08,36,2.5,10.3,01:10,90,100,,44,23:59,2025-05-06 14:19:33.085805,2025-05-06 14:19:33.085805
144552,136,2024-04-10,17.6,0,10.1,05:17,25.2,14:57,10,3.3,11.1,00:40,62,100,07:40,30,00:40,2025-05-06 14:19:33.124029,2025-05-06 14:19:33.124029
144570,136,2024-04-11,25,0,19.8,00:13,30.3,15:12,13,4.2,13.6,11:00,24,38,00:10,21,11:00,2025-05-06 14:19:33.168312,2025-05-06 14:19:33.168312
144588,136,2024-04-12,27.2,0,21.5,03:52,33,14:37,13,2.8,6.9,06:20,14,29,00:10,11,,2025-05-06 14:19:33.215772,2025-05-06 14:19:33.215772
144606,136,2024-04-13,26.2,0,21.7,05:33,30.7,11:35,28,2.2,7.5,20:20,19,30,15:30,11,00:00,2025-05-06 14:19:33.258996,2025-05-06 14:19:33.258996
144624,136,2024-04-14,24.4,0,19.2,04:33,29.7,14:03,26,1.7,6.9,03:30,,49,18:40,12,07:00,2025-05-06 14:19:33.300637,2025-05-06 14:19:33.300637
144642,136,2024-04-15,24.4,0,19.2,,29.5,13:19,34,3.1,7.2,13:40,12,26,18:40,8,02:20,2025-05-06 14:19:33.339507,2025-05-06 14:19:33.339507
144660,136,2024-04-16,22.4,0,16,23:01,28.8,13:39,11,1.4,6.4,21:50,22,44,19:20,13,15:40,2025-05-06 14:19:33.378268,2025-05-06 14:19:33.378268
144678,136,2024-04-17,23,0,16.5,00:05,29.5,13:53,11,1.9,4.7,00:30,28,59,19:30,2,07:00,2025-05-06 14:19:33.416458,2025-05-06 14:19:33.416458
144696,136,2024-04-18,18.6,0,12.3,23:58,24.8,12:26,28,1.4,6.7,23:20,67,98,,13,00:40,2025-05-06 14:19:33.454669,2025-05-06 14:19:33.454669
144714,136,2024-04-19,16.2,0,11.6,05:21,20.8,13:37,33,3.1,8.1,15:10,81,96,,56,13:40,2025-05-06 14:19:33.490135,2025-05-06 14:19:33.490135
144732,136,2024-04-20,15.2,0.6,11.2,05:53,19.2,12:50,32,2.8,7.8,23:10,82,99,,66,11:20,2025-05-06 14:19:33.528222,2025-05-06 14:19:33.528222
144750,136,2024-04-21,15,0.6,11.5,21:03,18.5,13:40,1,2.5,7.8,00:30,84,100,,63,13:30,2025-05-06 14:19:33.569135,2025-05-06 14:19:33.569135
144768,136,2024-04-22,15.1,0,10,06:45,20.2,12:17,36,1.4,5,12:50,86,99,05:00,66,12:10,2025-05-06 14:19:33.607603,2025-05-06 14:19:33.607603
144786,136,2024-04-23,16,0,11,06:01,20.9,12:23,13,1.7,5.8,22:00,75,98,06:30,52,20:20,2025-05-06 14:19:33.645262,2025-05-06 14:19:33.645262
144804,136,2024-04-24,17.8,0,13.1,05:06,22.5,14:18,9,2.5,7.5,10:50,38,55,00:20,17,23:00,2025-05-06 14:19:33.683704,2025-05-06 14:19:33.683704
144822,136,2024-04-25,15.5,0,10.2,23:58,20.8,13:04,8,1.9,6.9,14:30,50,98,23:30,14,00:20,2025-05-06 14:19:33.721477,2025-05-06 14:19:33.721477
144840,136,2024-04-26,14,0,10.1,,18,13:37,3,1.4,6.4,14:00,79,98,,62,13:40,2025-05-06 14:19:33.759755,2025-05-06 14:19:33.759755
144858,136,2024-04-27,14,7.8,8.9,06:09,19.2,13:17,99,3.6,8.9,,76,100,,51,13:20,2025-05-06 14:19:33.801570,2025-05-06 14:19:33.801570
144876,136,2024-04-28,12.8,1.2,9.5,04:23,16.1,12:01,34,2.8,7.8,15:30,85,100,,67,11:30,2025-05-06 14:19:33.838616,2025-05-06 14:19:33.838616
144894,136,2024-04-29,12.3,0.4,9,04:45,15.6,12:02,2,3.1,8.9,03:50,87,99,05:40,59,12:10,2025-05-06 14:19:33.878054,2025-05-06 14:19:33.878054
144912,136,2024-04-30,12.6,1.6,9,04:03,16.2,15:30,3,1.9,8.1,09:10,83,99,,71,11:10,2025-05-06 14:19:33.915610,2025-05-06 14:19:33.915610
144930,136,2024-05-01,13,2.4,10.2,,15.7,14:43,3,1.9,8.3,06:10,97,100,,83,15:10,2025-05-06 14:19:33.955030,2025-05-06 14:19:33.955030
144948,136,2024-05-02,13.2,0.2,10.4,05:28,16.1,17:01,11,1.9,5.8,02:20,89,100,04:30,77,17:00,2025-05-06 14:19:33.996140,2025-05-06 14:19:33.996140
144966,136,2024-05-03,14.5,0,8.8,06:26,20.2,15:19,13,1.9,7.2,04:10,81,100,06:30,17,22:10,2025-05-06 14:19:34.029721,2025-05-06 14:19:34.029721
144984,136,2024-05-04,15.6,0,8.5,02:49,22.7,13:41,13,3.3,6.4,08:30,34,98,02:20,13,20:40,2025-05-06 14:19:34.066100,2025-05-06 14:19:34.066100
145002,136,2024-05-05,18,0,12.9,06:08,23.1,12:25,10,3.3,6.7,09:10,28,44,14:50,12,07:00,2025-05-06 14:19:34.100737,2025-05-06 14:19:34.100737
145020,136,2024-05-06,16.4,0,10.6,05:58,22.2,14:09,10,3.9,7.2,12:10,62,99,,14,03:30,2025-05-06 14:19:34.135121,2025-05-06 14:19:34.135121
145038,136,2024-05-07,18.2,0,11.7,06:10,24.7,14:55,99,3.9,8.1,12:50,61,97,00:00,23,21:40,2025-05-06 14:19:34.173955,2025-05-06 14:19:34.173955
145056,136,2024-05-08,22,0,15.8,23:53,28.3,12:59,99,2.8,8.3,,33,56,17:30,18,,2025-05-06 14:19:34.208985,2025-05-06 14:19:34.208985
145074,136,2024-05-09,20,0,14.5,19:47,25.6,11:23,32,2.2,6.1,14:40,44,78,19:20,17,23:30,2025-05-06 14:19:34.242499,2025-05-06 14:19:34.242499
145092,136,2024-05-10,17.4,0,12.9,20:40,21.8,10:55,7,2.8,7.2,22:30,60,91,20:10,12,03:20,2025-05-06 14:19:34.280004,2025-05-06 14:19:34.280004
145110,136,2024-05-11,15.6,0,11.8,04:03,19.4,,35,1.9,6.4,14:40,80,96,,57,02:00,2025-05-06 14:19:34.324276,2025-05-06 14:19:34.324276
145128,136,2024-05-12,15,0,11.6,04:34,18.5,12:14,99,1.9,5.8,,86,96,,66,14:00,2025-05-06 14:19:34.366171,2025-05-06 14:19:34.366171
145146,136,2024-05-13,15.6,2.2,11.9,04:48,19.2,15:14,36,1.9,6.7,23:40,87,100,,64,15:20,2025-05-06 14:19:34.404052,2025-05-06 14:19:34.404052
145164,136,2024-05-14,14.8,6.6,11.3,06:25,18.2,15:17,33,2.5,7.2,05:30,95,100,,81,15:20,2025-05-06 14:19:34.441229,2025-05-06 14:19:34.441229
145182,136,2024-05-15,12.2,8.4,10.3,03:54,14,11:34,3,1.7,8.9,20:00,97,100,,87,11:40,2025-05-06 14:19:34.481740,2025-05-06 14:19:34.481740
145200,136,2024-05-16,13,0.2,10.3,01:09,15.6,14:15,4,1.9,7.8,07:30,95,100,,77,14:20,2025-05-06 14:19:34.519389,2025-05-06 14:19:34.519389
145218,136,2024-05-17,14.6,0,11.3,,18,15:46,36,1.9,6.1,00:20,96,100,,85,15:50,2025-05-06 14:19:34.554498,2025-05-06 14:19:34.554498
145236,136,2024-05-18,15.5,0,11.2,01:31,19.8,15:30,34,1.9,5.8,14:20,84,100,,66,15:20,2025-05-06 14:19:34.596923,2025-05-06 14:19:34.596923
145254,136,2024-05-19,13.8,0,10.3,22:53,17.2,16:09,33,1.4,5.8,16:30,86,100,00:00,77,,2025-05-06 14:19:34.639513,2025-05-06 14:19:34.639513
145272,136,2024-05-20,13.5,0,10,02:43,17,12:58,32,2.2,7.5,10:20,78,98,,61,11:30,2025-05-06 14:19:34.693035,2025-05-06 14:19:34.693035
145290,136,2024-05-21,13.6,0,10.3,05:31,16.9,14:47,36,1.7,6.7,06:40,82,100,,65,11:20,2025-05-06 14:19:34.733596,2025-05-06 14:19:34.733596
145308,136,2024-05-22,14.2,0,10.3,05:39,18.2,15:16,35,2.2,8.3,17:50,87,100,,64,14:10,2025-05-06 14:19:34.768443,2025-05-06 14:19:34.768443
145326,136,2024-05-23,15.2,0,11,04:36,19.5,15:23,33,1.9,6.7,09:50,85,100,,65,15:20,2025-05-06 14:19:34.804138,2025-05-06 14:19:34.804138
145344,136,2024-05-24,14.8,0,10.5,23:28,19,14:16,32,2.5,7.5,17:50,80,100,,65,16:10,2025-05-06 14:19:34.843526,2025-05-06 14:19:34.843526
145362,136,2024-05-25,14.8,0,9.7,06:15,20,15:54,30,2.2,7.5,22:50,65,98,01:20,26,20:40,2025-05-06 14:19:34.881583,2025-05-06 14:19:34.881583
145380,136,2024-05-26,17.9,0,12.7,00:57,23.1,12:12,33,1.9,5.8,,49,97,23:40,17,07:00,2025-05-06 14:19:34.922352,2025-05-06 14:19:34.922352
145398,136,2024-05-27,15.2,0,11.8,24:00,18.7,14:45,32,2.8,8.1,17:30,92,100,,69,16:30,2025-05-06 14:19:34.961051,2025-05-06 14:19:34.961051
145415,136,2017-07-04,18.6,0,13.5,23:46,23.6,14:53,99,2.8,7.5,,53,99,23:00,31,08:30,2025-05-06 14:19:57.702448,2025-05-06 14:19:57.702448
145432,136,2017-07-05,15.8,1,13.1,05:49,18.4,11:39,31,3.6,9.7,00:10,95,100,,77,11:40,2025-05-06 14:19:57.751599,2025-05-06 14:19:57.751599
145449,136,2017-07-06,16.6,0,12.8,23:46,20.5,14:42,3,2.8,7.8,06:40,88,100,,70,14:30,2025-05-06 14:19:57.801904,2025-05-06 14:19:57.801904
145466,136,2017-07-07,16.8,0,12.6,00:07,20.9,12:04,33,2.5,6.4,12:20,86,100,07:00,69,18:00,2025-05-06 14:19:57.845540,2025-05-06 14:19:57.845540
145483,136,2017-07-08,17.4,0,12.9,01:58,22,14:44,35,1.9,6.4,14:50,85,100,,66,13:50,2025-05-06 14:19:57.893605,2025-05-06 14:19:57.893605
145500,136,2017-07-09,16.8,6.4,13.7,21:16,19.9,13:04,34,3.1,7.8,18:00,93,100,,77,12:40,2025-05-06 14:19:57.940520,2025-05-06 14:19:57.940520
145517,136,2017-07-10,16.6,2.6,13.4,22:24,19.7,14:47,34,3.9,8.6,05:20,97,100,,78,14:50,2025-05-06 14:19:57.983601,2025-05-06 14:19:57.983601
145534,136,2017-07-11,16.5,0,12.9,04:57,20.1,15:03,28,2.2,7.8,08:50,87,100,,72,15:50,2025-05-06 14:19:58.021420,2025-05-06 14:19:58.021420
145551,136,2017-07-12,17.8,0,13.5,,22,14:22,29,3.1,5.8,01:20,89,100,,72,13:30,2025-05-06 14:19:58.057533,2025-05-06 14:19:58.057533
145568,136,2017-07-13,19.6,0,13,01:32,26.2,09:37,32,2.2,5.3,18:50,89,100,,64,09:40,2025-05-06 14:19:58.095738,2025-05-06 14:19:58.095738
145585,136,2017-07-14,24,0,15.4,00:01,32.7,09:37,33,2.2,6.9,00:10,66,96,00:00,25,09:30,2025-05-06 14:19:58.132439,2025-05-06 14:19:58.132439
145602,136,2017-07-15,28.9,0,21.3,04:27,36.5,11:47,12,2.8,6.9,08:50,45,73,18:20,21,23:40,2025-05-06 14:19:58.170333,2025-05-06 14:19:58.170333
145619,136,2017-07-16,31,0,22.5,23:16,39.4,11:16,12,2.5,6.1,08:40,34,52,13:00,15,11:20,2025-05-06 14:19:58.204903,2025-05-06 14:19:58.204903
145636,136,2017-07-17,28.2,0,21.4,21:10,34.9,09:24,18,1.4,5,01:20,24,47,12:50,7,22:00,2025-05-06 14:19:58.242006,2025-05-06 14:19:58.242006
145653,136,2017-07-18,25.3,0,17.6,20:11,33,10:39,10,1.9,5,07:00,45,85,20:10,5,00:00,2025-05-06 14:19:58.279847,2025-05-06 14:19:58.279847
145669,136,2017-07-19,20.2,0,13.3,23:37,27,08:18,35,1.7,4.2,14:30,53,100,,26,00:00,2025-05-06 14:19:58.314105,2025-05-06 14:19:58.314105
145685,136,2017-07-20,17,0.6,13.3,00:17,20.6,15:08,29,1.4,5.8,23:40,93,100,,76,16:20,2025-05-06 14:19:58.350081,2025-05-06 14:19:58.350081
145701,136,2017-07-21,16.6,0.6,13.3,23:58,19.8,13:39,1,3.1,7.2,11:20,86,100,,70,13:40,2025-05-06 14:19:58.383759,2025-05-06 14:19:58.383759
145718,136,2017-07-22,15.8,0.8,13.2,00:04,18.5,15:08,2,1.9,8.9,14:10,94,100,,74,16:10,2025-05-06 14:19:58.423652,2025-05-06 14:19:58.423652
145735,136,2017-07-23,17.6,0,13.2,03:03,21.9,14:52,32,3.1,6.9,12:40,82,100,,65,14:50,2025-05-06 14:19:58.458381,2025-05-06 14:19:58.458381
145752,136,2017-07-24,19.3,0,12.7,05:28,25.9,14:26,1,1.4,5,00:30,78,100,,19,23:30,2025-05-06 14:19:58.495542,2025-05-06 14:19:58.495542
145769,136,2017-07-25,25.4,0,19,06:26,31.8,10:16,9,2.5,6.4,08:10,41,55,17:10,21,00:30,2025-05-06 14:19:58.532996,2025-05-06 14:19:58.532996
145786,136,2017-07-26,27,0,19.2,02:33,34.7,14:40,15,3.1,7.8,05:50,23,38,12:50,12,18:20,2025-05-06 14:19:58.573604,2025-05-06 14:19:58.573604
145803,136,2017-07-27,29,0,21.8,02:24,36.2,12:15,12,4.7,8.9,11:10,17,24,18:30,12,16:30,2025-05-06 14:19:58.610649,2025-05-06 14:19:58.610649
145820,136,2017-07-28,29.8,0,22.2,02:26,37.5,11:49,11,4.4,10.6,10:30,20,39,19:40,11,11:40,2025-05-06 14:19:58.651364,2025-05-06 14:19:58.651364
145837,136,2017-07-29,31,0,22.9,04:55,39.2,12:30,13,2.5,7.2,02:00,17,33,18:20,6,,2025-05-06 14:19:58.690789,2025-05-06 14:19:58.690789
145854,136,2017-07-30,25.5,0,18.2,24:00,32.8,12:08,32,0.8,4.2,21:40,40,63,17:20,6,00:00,2025-05-06 14:19:58.727441,2025-05-06 14:19:58.727441
145871,136,2017-07-31,19.2,0,13.6,01:26,24.7,15:48,28,2.2,6.4,04:00,77,100,06:30,54,00:00,2025-05-06 14:19:58.768047,2025-05-06 14:19:58.768047
145888,136,2017-08-01,19.4,0,14.2,00:30,24.5,14:46,35,1.9,5.8,10:10,77,99,,46,15:00,2025-05-06 14:19:58.806765,2025-05-06 14:19:58.806765
145905,136,2017-08-02,20,0,13.3,05:47,26.8,12:21,11,2.2,5.3,11:50,69,100,,49,09:30,2025-05-06 14:19:58.850517,2025-05-06 14:19:58.850517
145922,136,2017-08-03,17.8,0,13.9,06:57,21.8,13:55,34,2.5,6.4,14:40,83,100,,65,15:00,2025-05-06 14:19:58.889204,2025-05-06 14:19:58.889204
145939,136,2017-08-04,19.2,0,13.8,05:08,24.6,14:43,33,2.5,5.6,15:30,79,100,,64,13:30,2025-05-06 14:19:58.928135,2025-05-06 14:19:58.928135
145956,136,2017-08-05,21.4,0,15.2,06:13,27.7,09:18,33,2.2,6.1,01:50,86,100,,57,09:20,2025-05-06 14:19:58.964814,2025-05-06 14:19:58.964814
145973,136,2017-08-06,24,0,13.8,03:37,34.1,09:02,10,2.2,6.1,04:00,45,100,,17,18:50,2025-05-06 14:19:59.003408,2025-05-06 14:19:59.003408
145990,136,2017-08-07,30.2,0,21.2,01:41,39.1,11:05,12,2.8,9.4,11:30,31,62,00:00,21,09:40,2025-05-06 14:19:59.039665,2025-05-06 14:19:59.039665
146007,136,2017-08-08,31.8,0,23.8,23:54,39.7,10:45,14,1.9,6.4,05:50,30,46,23:50,16,10:10,2025-05-06 14:19:59.082219,2025-05-06 14:19:59.082219
146024,136,2017-08-09,29.4,0,20.4,22:44,38.4,11:40,12,4.2,9.2,03:40,32,60,18:50,19,,2025-05-06 14:19:59.119753,2025-05-06 14:19:59.119753
146041,136,2017-08-10,27,0,19.9,20:03,34.2,14:48,9,4.7,10.3,00:30,21,44,19:20,13,23:59,2025-05-06 14:19:59.156646,2025-05-06 14:19:59.156646
146058,136,2017-08-11,24.8,0,17.5,23:17,32.1,15:18,11,2.2,7.8,11:10,22,68,23:59,1,04:20,2025-05-06 14:19:59.193167,2025-05-06 14:19:59.193167
146075,136,2017-08-12,22.5,0,16.2,04:07,28.8,11:30,12,2.5,6.7,14:00,35,68,00:00,27,21:10,2025-05-06 14:19:59.230603,2025-05-06 14:19:59.230603
146092,136,2017-08-13,23.4,0,17.8,06:30,29,14:05,32,1.9,5.6,15:30,35,61,17:30,6,23:20,2025-05-06 14:19:59.267878,2025-05-06 14:19:59.267878
146109,136,2017-08-14,23,0,16.5,05:56,29.5,11:14,11,1.7,4.7,10:10,57,94,22:20,9,00:00,2025-05-06 14:19:59.303863,2025-05-06 14:19:59.303863
146126,136,2017-08-15,22.4,0,14.9,03:30,30,13:09,12,1.7,5.8,,56,98,20:30,33,09:10,2025-05-06 14:19:59.341449,2025-05-06 14:19:59.341449
146143,136,2017-08-16,22.6,0,13.7,06:29,31.5,15:08,12,3.1,8.3,09:30,44,97,06:10,19,23:50,2025-05-06 14:19:59.381853,2025-05-06 14:19:59.381853
146160,136,2017-08-17,26.6,0,20.5,03:18,32.8,14:54,10,4.2,11.1,11:20,26,67,02:30,16,00:00,2025-05-06 14:19:59.418171,2025-05-06 14:19:59.418171
146177,136,2017-08-18,25,0,18.7,22:20,31.4,10:42,11,2.8,8.6,23:40,37,54,07:20,17,03:50,2025-05-06 14:19:59.455817,2025-05-06 14:19:59.455817
146194,136,2017-08-19,25.4,0,18.1,01:09,32.7,14:04,12,2.8,7.8,12:40,33,49,00:30,24,09:00,2025-05-06 14:19:59.494080,2025-05-06 14:19:59.494080
146211,136,2017-08-20,26.6,0,20.4,01:40,32.8,15:51,14,3.3,9.2,11:10,30,56,03:40,27,16:40,2025-05-06 14:19:59.528956,2025-05-06 14:19:59.528956
146228,136,2017-08-21,27.8,0,21.3,07:15,34.2,11:07,13,2.5,9.4,05:00,38,44,01:30,19,23:59,2025-05-06 14:19:59.568823,2025-05-06 14:19:59.568823
146245,136,2017-08-22,30.1,0,23.8,22:15,36.4,09:43,14,3.1,7.8,01:00,16,25,23:10,13,16:10,2025-05-06 14:19:59.605703,2025-05-06 14:19:59.605703
146262,136,2017-08-23,28.8,0,21.6,23:23,35.9,14:16,12,3.3,8.3,11:50,17,38,15:50,13,13:00,2025-05-06 14:19:59.640998,2025-05-06 14:19:59.640998
146279,136,2017-08-24,29.8,0,22.1,00:05,37.4,14:44,13,4.7,9.2,07:40,29,42,05:50,23,09:10,2025-05-06 14:19:59.678116,2025-05-06 14:19:59.678116
146296,136,2017-08-25,30.5,0,24.2,04:55,36.8,10:37,12,1.4,7.8,04:50,29,43,19:20,22,14:20,2025-05-06 14:19:59.714098,2025-05-06 14:19:59.714098
146313,136,2017-08-26,27.6,0,22.1,23:50,33.2,13:05,11,1.9,7.5,04:20,37,61,18:00,13,,2025-05-06 14:19:59.752505,2025-05-06 14:19:59.752505
146330,136,2017-08-27,21.2,0,15.9,23:31,26.4,08:15,33,1.4,5.3,17:00,55,97,23:20,10,00:00,2025-05-06 14:19:59.788212,2025-05-06 14:19:59.788212
146347,136,2017-08-28,18.6,0,14.4,23:05,22.7,14:09,13,1.7,8.1,03:50,86,100,,61,16:40,2025-05-06 14:19:59.824342,2025-05-06 14:19:59.824342
146364,136,2017-08-29,18.6,0,14.1,,23,14:37,2,1.7,8.1,22:40,82,100,,59,14:10,2025-05-06 14:19:59.859437,2025-05-06 14:19:59.859437
146381,136,2017-08-30,18.3,1,14.9,22:30,21.7,14:20,34,2.2,9.7,23:00,88,100,,67,14:20,2025-05-06 14:19:59.895755,2025-05-06 14:19:59.895755
146398,136,2017-08-31,16.4,9,14.8,03:22,17.9,11:21,34,3.1,12.2,00:50,100,100,,92,11:30,2025-05-06 14:19:59.931319,2025-05-06 14:19:59.931319
146415,136,2017-09-01,17.3,2,13.7,05:10,20.9,11:50,34,1.9,10.3,00:40,97,100,,79,11:50,2025-05-06 14:19:59.968800,2025-05-06 14:19:59.968800
146432,136,2017-09-02,16.2,0.2,13.8,06:58,18.7,13:58,1,1.4,6.7,02:10,95,100,,89,14:00,2025-05-06 14:20:00.006077,2025-05-06 14:20:00.006077
146449,136,2017-09-03,19.8,0,15.4,05:41,24.1,11:41,13,1.4,5.3,08:40,87,100,,61,23:50,2025-05-06 14:20:00.050914,2025-05-06 14:20:00.050914
146466,136,2017-09-04,23.6,0,17.2,04:29,29.9,13:48,12,3.3,7.8,14:50,47,69,05:00,29,15:40,2025-05-06 14:20:00.088376,2025-05-06 14:20:00.088376
146483,136,2017-09-05,21.2,0,14.9,23:14,27.5,14:17,10,1.4,6.7,00:50,53,99,,23,07:20,2025-05-06 14:20:00.126137,2025-05-06 14:20:00.126137
146500,136,2017-09-06,18.3,0,14.5,00:34,22.1,15:06,33,3.1,7.2,13:20,91,100,,71,15:10,2025-05-06 14:20:00.164794,2025-05-06 14:20:00.164794
146517,136,2017-09-07,18.3,0,14.2,23:13,22.4,14:20,36,1.9,6.4,05:30,92,100,,76,14:20,2025-05-06 14:20:00.204186,2025-05-06 14:20:00.204186
146534,136,2017-09-08,22.6,0,15.3,00:03,29.9,14:23,13,2.8,6.1,07:00,57,86,00:00,31,23:50,2025-05-06 14:20:00.241235,2025-05-06 14:20:00.241235
146551,136,2017-09-09,20.8,0,14.3,22:33,27.2,13:36,11,1.9,5,08:20,60,99,20:30,26,02:30,2025-05-06 14:20:00.278820,2025-05-06 14:20:00.278820
146568,136,2017-09-10,18,10,13.7,02:06,22.3,12:54,34,2.2,8.3,13:00,81,100,,41,00:30,2025-05-06 14:20:00.318332,2025-05-06 14:20:00.318332
146585,136,2017-09-11,18,9.8,14.4,04:31,21.6,13:31,2,1.9,6.7,04:00,96,100,,84,13:30,2025-05-06 14:20:00.353864,2025-05-06 14:20:00.353864
146602,136,2017-09-12,17.6,0,12.3,06:25,22.8,15:13,28,2.2,6.1,01:40,89,100,,67,15:10,2025-05-06 14:20:00.422555,2025-05-06 14:20:00.422555
146619,136,2017-09-13,20,0,13,06:32,27,15:20,12,1.9,11.7,23:59,79,100,,45,23:59,2025-05-06 14:20:00.473352,2025-05-06 14:20:00.473352
146636,136,2017-09-14,23.8,0,18.4,07:18,29.3,14:18,11,1.4,12.8,00:40,54,71,17:10,34,00:40,2025-05-06 14:20:00.509888,2025-05-06 14:20:00.509888
146654,136,2017-09-15,23,0,16.3,21:00,29.6,10:04,10,2.8,8.9,16:20,66,100,,32,09:40,2025-05-06 14:20:00.551635,2025-05-06 14:20:00.551635
146672,136,2017-09-16,20.5,0,15.1,23:46,25.9,14:22,12,4.2,9.4,05:10,89,100,,44,04:20,2025-05-06 14:20:00.599950,2025-05-06 14:20:00.599950
146690,136,2017-09-17,20.4,0,14.1,,26.6,14:39,12,5.6,9.7,10:30,84,100,,59,14:40,2025-05-06 14:20:00.641450,2025-05-06 14:20:00.641450
146708,136,2017-09-18,21,0,13.3,00:14,28.6,14:24,12,4.4,8.6,02:40,46,100,00:00,33,02:50,2025-05-06 14:20:00.690866,2025-05-06 14:20:00.690866
146726,136,2017-09-19,25.2,0,20.2,00:54,30.2,12:20,13,1.1,4.7,00:10,36,58,16:20,25,20:40,2025-05-06 14:20:00.731958,2025-05-06 14:20:00.731958
146744,136,2017-09-20,19.9,0.4,15.2,22:27,24.6,13:59,28,2.8,6.7,06:10,65,97,23:30,33,05:30,2025-05-06 14:20:00.775129,2025-05-06 14:20:00.775129
146762,136,2017-09-21,15.4,5.8,14.1,06:24,16.6,13:40,36,3.9,11.7,21:00,100,100,,96,00:00,2025-05-06 14:20:00.816244,2025-05-06 14:20:00.816244
146780,136,2017-09-22,16,0.6,13.1,05:14,19,14:51,36,2.8,11.1,00:10,97,100,,81,13:30,2025-05-06 14:20:00.855967,2025-05-06 14:20:00.855967
146798,136,2017-09-23,15.6,0.6,13.3,03:56,18,11:43,13,1.4,6.4,22:50,99,100,,93,11:50,2025-05-06 14:20:00.897021,2025-05-06 14:20:00.897021
146816,136,2017-09-24,22,0,14,01:34,30.1,12:34,12,5,18.9,20:00,61,100,,36,12:30,2025-05-06 14:20:00.938551,2025-05-06 14:20:00.938551
146834,136,2017-09-25,23,0.8,17.4,00:16,28.5,11:11,14,3.6,15.8,00:50,71,96,00:10,50,,2025-05-06 14:20:00.975014,2025-05-06 14:20:00.975014
146851,136,2017-09-26,21.4,0,16.3,23:55,26.6,13:58,14,1.9,10,09:10,68,92,03:50,53,14:00,2025-05-06 14:20:01.012497,2025-05-06 14:20:01.012497
146869,136,2017-09-27,21.1,0,15.6,05:42,26.6,14:55,9,2.5,7.5,14:30,65,92,01:30,47,14:50,2025-05-06 14:20:01.052795,2025-05-06 14:20:01.052795
146887,136,2017-09-28,21,0,15.4,06:07,26.7,14:29,12,1.1,3.6,16:40,57,88,06:10,37,18:10,2025-05-06 14:20:01.090715,2025-05-06 14:20:01.090715
146905,136,2017-09-29,17.5,0,13.2,05:43,21.8,12:00,36,1.9,6.4,14:50,67,100,05:30,50,02:40,2025-05-06 14:20:01.129572,2025-05-06 14:20:01.129572
146923,136,2017-09-30,17.4,0,14.2,02:32,20.5,12:15,34,2.2,9.2,07:10,89,100,05:10,74,12:20,2025-05-06 14:20:01.169832,2025-05-06 14:20:01.169832
146941,136,2017-10-01,18.8,0,15,21:19,22.5,13:38,36,1.7,6.1,14:30,85,100,,62,13:40,2025-05-06 14:20:01.209577,2025-05-06 14:20:01.209577
146959,136,2017-10-02,18,0,13.9,01:06,22,13:57,33,2.5,5.8,12:00,89,100,,65,00:00,2025-05-06 14:20:01.246468,2025-05-06 14:20:01.246468
146977,136,2017-10-03,20.5,0,13.7,02:26,27.3,14:41,34,1.1,4.2,13:20,74,100,,47,,2025-05-06 14:20:01.295570,2025-05-06 14:20:01.295570
146995,136,2017-10-04,18.9,0,13.9,23:08,23.9,13:14,29,1.7,5.3,04:10,82,100,,50,23:50,2025-05-06 14:20:01.336147,2025-05-06 14:20:01.336147
147013,136,2017-10-05,19.3,0,12.7,03:09,25.9,13:26,99,1.4,5.3,,64,100,,28,02:10,2025-05-06 14:20:01.376728,2025-05-06 14:20:01.376728
147031,136,2017-10-06,18.3,0,13.6,05:52,23,14:21,33,1.9,5.3,11:00,80,100,,61,12:20,2025-05-06 14:20:01.418578,2025-05-06 14:20:01.418578
147049,136,2017-10-07,18,0,13.8,23:58,22.2,12:13,33,3.3,9.4,11:50,84,100,,60,12:20,2025-05-06 14:20:01.461784,2025-05-06 14:20:01.461784
147067,136,2017-10-08,17.2,0,12.8,06:24,21.5,10:59,34,2.2,6.4,11:40,89,100,20:00,62,09:20,2025-05-06 14:20:01.503347,2025-05-06 14:20:01.503347
147085,136,2017-10-09,17.4,0,12.8,07:07,22.1,11:31,32,2.2,5.8,13:30,85,99,00:50,61,11:30,2025-05-06 14:20:01.545348,2025-05-06 14:20:01.545348
147103,136,2017-10-10,17.1,0,13,06:21,21.2,10:24,4,1.1,4.7,16:00,75,96,20:40,52,09:50,2025-05-06 14:20:01.587139,2025-05-06 14:20:01.587139
147121,136,2017-10-11,19.9,0,12.3,02:44,27.5,14:13,13,2.8,7.5,05:20,64,83,02:00,42,10:40,2025-05-06 14:20:01.625193,2025-05-06 14:20:01.625193
147139,136,2017-10-12,25.8,0,18.8,02:32,32.7,12:41,13,2.8,9.2,09:40,33,58,02:30,21,18:40,2025-05-06 14:20:01.664444,2025-05-06 14:20:01.664444
147157,136,2017-10-13,29.2,0,23,03:38,35.4,11:11,14,2.8,10.6,11:40,19,32,19:00,14,11:30,2025-05-06 14:20:01.704570,2025-05-06 14:20:01.704570
147175,136,2017-10-14,27.6,0,23.5,04:18,31.7,14:01,12,3.3,9.4,03:40,22,34,17:00,19,11:10,2025-05-06 14:20:01.743657,2025-05-06 14:20:01.743657
147193,136,2017-10-15,25.6,0,20.4,23:18,30.8,11:45,12,2.2,8.3,07:40,33,47,17:50,21,11:50,2025-05-06 14:20:01.784501,2025-05-06 14:20:01.784501
147211,136,2017-10-16,25.3,0,20.2,20:18,30.4,13:15,12,2.8,9.7,08:40,40,69,20:10,22,09:40,2025-05-06 14:20:01.824698,2025-05-06 14:20:01.824698
147229,136,2017-10-17,21.6,0,16.1,,27.2,11:38,12,1.7,6.1,12:00,85,100,,24,00:00,2025-05-06 14:20:01.863292,2025-05-06 14:20:01.863292
147247,136,2017-10-18,,,,,,,29,2.5,6.7,05:00,74,,,,,2025-05-06 14:20:01.904263,2025-05-06 14:20:01.904263
147264,136,2017-10-19,17.4,2,14,00:01,20.9,15:59,32,2.5,6.4,08:40,94,100,,74,16:40,2025-05-06 14:20:01.942648,2025-05-06 14:20:01.942648
147281,136,2017-10-20,16.8,9,14.1,24:00,19.5,13:03,1,2.8,7.5,13:10,92,100,,74,13:30,2025-05-06 14:20:01.978558,2025-05-06 14:20:01.978558
147298,136,2017-10-21,15.6,5.3,13.6,00:22,17.7,17:01,2,1.9,8.1,07:30,97,100,,85,17:00,2025-05-06 14:20:02.017240,2025-05-06 14:20:02.017240
147315,136,2017-10-22,16.2,6.4,14.5,01:50,18,12:57,3,2.5,9.2,01:30,100,100,,99,13:20,2025-05-06 14:20:02.053856,2025-05-06 14:20:02.053856
147332,136,2017-10-23,17.8,0,14.7,07:11,20.9,12:42,9,1.9,7.8,01:50,95,100,,38,21:10,2025-05-06 14:20:02.091504,2025-05-06 14:20:02.091504
147349,136,2017-10-24,21.9,0,15.9,06:56,27.9,13:18,11,3.1,8.6,15:30,46,65,06:40,29,,2025-05-06 14:20:02.126376,2025-05-06 14:20:02.126376
147367,136,2017-10-25,25,0,18.8,02:49,31.2,15:03,12,4.2,12.2,12:40,27,42,,21,13:20,2025-05-06 14:20:02.169191,2025-05-06 14:20:02.169191
147385,136,2017-10-26,24.6,0,20.6,23:21,28.7,14:24,13,6.9,15.3,11:30,28,38,06:40,25,14:30,2025-05-06 14:20:02.216177,2025-05-06 14:20:02.216177
147403,136,2017-10-27,22.8,0,18.6,07:16,26.9,13:28,14,7.5,21.4,01:50,33,42,02:40,27,00:00,2025-05-06 14:20:02.258009,2025-05-06 14:20:02.258009
147421,136,2017-10-28,22.6,0,17.8,20:50,27.3,13:05,13,3.9,12.8,04:20,24,32,00:50,20,13:00,2025-05-06 14:20:02.299507,2025-05-06 14:20:02.299507
147439,136,2017-10-29,22.2,0,15.7,03:14,28.6,13:37,8,2.5,6.7,10:50,44,71,18:30,21,11:20,2025-05-06 14:20:02.341263,2025-05-06 14:20:02.341263
147457,136,2017-10-30,20.4,0,14.7,23:13,26.2,15:37,12,3.1,5.6,12:50,42,70,18:20,20,01:40,2025-05-06 14:20:02.384576,2025-05-06 14:20:02.384576
147475,136,2017-10-31,19.5,0,13.6,23:49,25.4,14:12,10,1.4,5.8,11:30,57,87,18:20,24,08:40,2025-05-06 14:20:02.424499,2025-05-06 14:20:02.424499
147493,136,2017-11-01,17.5,0,11.5,05:37,23.5,13:10,12,1.7,7.8,,83,100,,17,02:10,2025-05-06 14:20:02.466765,2025-05-06 14:20:02.466765
147511,136,2017-11-02,15.6,0,11.8,21:52,19.4,13:46,35,1.9,5.8,15:20,85,99,,68,13:50,2025-05-06 14:20:02.506458,2025-05-06 14:20:02.506458
147529,136,2017-11-03,15.8,6.2,12.3,02:21,19.4,10:51,34,2.2,5.8,17:30,91,100,,66,10:40,2025-05-06 14:20:02.550300,2025-05-06 14:20:02.550300
147547,136,2017-11-04,14.6,7.4,12.7,21:03,16.6,15:56,12,1.7,6.9,23:40,100,100,,93,16:00,2025-05-06 14:20:02.592204,2025-05-06 14:20:02.592204
147565,136,2017-11-05,14.8,4.6,12.7,,16.8,12:30,12,2.5,8.9,09:00,96,100,,83,13:10,2025-05-06 14:20:02.633625,2025-05-06 14:20:02.633625
147583,136,2017-11-06,13.5,4.6,11.9,03:23,15.1,13:06,6,1.9,8.3,08:40,100,100,,100,,2025-05-06 14:20:02.675386,2025-05-06 14:20:02.675386
147601,136,2017-11-07,15.4,0,13,02:34,17.9,13:27,2,1.1,5.6,05:10,97,100,,85,15:50,2025-05-06 14:20:02.717487,2025-05-06 14:20:02.717487
147619,136,2017-11-08,18.2,0,11.9,02:51,24.6,15:03,99,3.3,6.7,03:40,75,100,,47,04:50,2025-05-06 14:20:02.757671,2025-05-06 14:20:02.757671
147637,136,2017-11-09,17.2,0,12,22:00,22.4,11:42,14,1.9,7.2,22:30,89,100,,67,12:20,2025-05-06 14:20:02.795607,2025-05-06 14:20:02.795607
147655,136,2017-11-10,16.4,0,12,06:22,20.9,13:25,12,5.6,9.4,11:50,83,100,,67,23:50,2025-05-06 14:20:02.836331,2025-05-06 14:20:02.836331
147673,136,2017-11-11,20.4,0,13.8,00:06,27,13:59,11,4.2,7.5,,38,70,00:00,25,09:20,2025-05-06 14:20:02.877675,2025-05-06 14:20:02.877675
147691,136,2017-11-12,22.6,0,16.4,23:59,28.8,11:22,99,1.1,5,,47,69,18:30,9,22:10,2025-05-06 14:20:02.921545,2025-05-06 14:20:02.921545
147709,136,2017-11-13,18,0,12.5,19:44,23.5,11:55,8,1.1,3.9,12:30,52,99,20:50,7,07:00,2025-05-06 14:20:02.963134,2025-05-06 14:20:02.963134
147727,136,2017-11-14,15.6,0,10.3,22:04,21,14:40,10,1.4,6.4,12:00,82,100,22:20,60,13:10,2025-05-06 14:20:03.005479,2025-05-06 14:20:03.005479
147745,136,2017-11-15,14.7,0,10.6,23:33,18.8,10:59,34,1.4,5,13:00,84,100,,64,13:00,2025-05-06 14:20:03.046230,2025-05-06 14:20:03.046230
147763,136,2017-11-16,15.5,0,8.9,01:42,22.1,14:48,14,1.7,4.4,10:50,84,100,,3,03:50,2025-05-06 14:20:03.092428,2025-05-06 14:20:03.092428
147781,136,2017-11-17,17.4,0,11.8,22:05,23.1,10:53,12,3.1,7.2,21:40,57,100,,5,00:10,2025-05-06 14:20:03.134516,2025-05-06 14:20:03.134516
147799,136,2017-11-18,16.8,0,11.7,21:19,21.8,13:49,14,1.7,8.1,23:40,72,100,,36,05:20,2025-05-06 14:20:03.172738,2025-05-06 14:20:03.172738
147817,136,2017-11-19,15.7,0,11.6,07:34,19.8,14:52,13,3.6,9.4,00:20,93,100,,70,15:00,2025-05-06 14:20:03.213822,2025-05-06 14:20:03.213822
147835,136,2017-11-20,18,0,12.1,00:01,24,13:56,13,7.2,17.2,12:30,29,99,00:00,19,14:30,2025-05-06 14:20:03.255656,2025-05-06 14:20:03.255656
147853,136,2017-11-21,19.4,0,14.8,20:42,23.9,12:56,12,3.1,15,11:50,29,60,18:40,15,13:00,2025-05-06 14:20:03.297645,2025-05-06 14:20:03.297645
147871,136,2017-11-22,18.3,0,13.4,22:11,23.2,16:22,11,1.4,9.4,00:30,30,61,22:10,21,13:00,2025-05-06 14:20:03.334394,2025-05-06 14:20:03.334394
147889,136,2017-11-23,18.4,0,13.5,20:23,23.3,10:03,18,1.4,5.3,04:50,44,84,18:30,21,07:00,2025-05-06 14:20:03.376387,2025-05-06 14:20:03.376387
147907,136,2017-11-24,17.6,0,13,05:50,22.1,12:47,16,2.2,10.3,15:00,44,60,08:50,31,18:30,2025-05-06 14:20:03.423954,2025-05-06 14:20:03.423954
147925,136,2017-11-25,21.8,0,17.8,23:50,25.7,14:39,15,6.1,19.2,08:00,34,56,23:50,24,14:40,2025-05-06 14:20:03.470634,2025-05-06 14:20:03.470634
147943,136,2017-11-26,22.9,0,18,03:43,27.8,13:48,15,2.8,12.8,00:30,48,60,04:30,32,15:10,2025-05-06 14:20:03.520904,2025-05-06 14:20:03.520904
147961,136,2017-11-27,22.5,0,18,03:11,27,12:53,15,1.7,8.3,01:00,30,43,01:20,22,13:00,2025-05-06 14:20:03.563752,2025-05-06 14:20:03.563752
147979,136,2017-11-28,21.4,0,16.8,23:33,25.9,12:52,19,1.1,6.1,01:40,43,78,18:10,26,11:30,2025-05-06 14:20:03.607172,2025-05-06 14:20:03.607172
147997,136,2017-11-29,18.5,0,14.5,20:31,22.5,11:06,22,1.7,6.7,08:10,79,100,19:30,46,03:00,2025-05-06 14:20:03.646367,2025-05-06 14:20:03.646367
148015,136,2017-11-30,16,0,13.3,06:53,18.7,11:24,26,1.4,8.9,01:40,95,100,05:20,70,00:00,2025-05-06 14:20:03.684928,2025-05-06 14:20:03.684928
148033,136,2017-12-01,16,0,13.1,03:45,18.8,15:30,25,1.4,5,23:30,95,100,,83,10:30,2025-05-06 14:20:03.725528,2025-05-06 14:20:03.725528
148051,136,2017-12-02,14.1,3.2,12,,16.2,10:59,28,1.9,4.7,01:40,100,100,,95,,2025-05-06 14:20:03.766376,2025-05-06 14:20:03.766376
148069,136,2017-12-03,12.9,0,10.4,19:47,15.4,13:53,12,1.1,6.1,13:50,98,100,,84,14:00,2025-05-06 14:20:03.808437,2025-05-06 14:20:03.808437
148087,136,2017-12-04,13.2,0,9.5,06:43,16.8,14:07,99,4.4,10.8,,88,100,,43,21:40,2025-05-06 14:20:03.847069,2025-05-06 14:20:03.847069
148105,136,2017-12-05,14.5,0,11.1,,17.9,12:31,14,6.9,15.3,20:10,42,68,07:50,27,18:00,2025-05-06 14:20:03.889380,2025-05-06 14:20:03.889380
148123,136,2017-12-06,11.5,0,9.2,,13.8,11:52,14,9.2,16.1,13:10,54,81,22:50,28,14:30,2025-05-06 14:20:03.930167,2025-05-06 14:20:03.930167
148141,136,2017-12-07,11.2,0,8.4,21:02,14,14:14,12,8.1,15,11:40,56,93,06:20,28,16:50,2025-05-06 14:20:03.970929,2025-05-06 14:20:03.970929
148159,136,2017-12-08,11.6,0,8.9,04:44,14.2,13:03,14,8.1,17.2,12:50,63,93,07:20,32,20:00,2025-05-06 14:20:04.014568,2025-05-06 14:20:04.014568
148177,136,2017-12-09,13.4,0,8.7,03:19,18.1,14:38,14,5,9.7,06:30,73,94,19:50,46,11:40,2025-05-06 14:20:04.057414,2025-05-06 14:20:04.057414
148195,136,2017-12-10,14.6,0,9.2,00:23,19.9,11:29,14,3.9,8.3,04:10,55,100,,13,08:40,2025-05-06 14:20:04.125551,2025-05-06 14:20:04.125551
148213,136,2017-12-11,14.4,38.4,10.3,00:15,18.4,14:09,34,4.7,14.7,20:10,81,100,,62,14:10,2025-05-06 14:20:04.172261,2025-05-06 14:20:04.172261
148231,136,2017-12-12,10.3,10.6,8.7,22:17,11.9,11:12,36,5,13.9,15:10,99,100,,86,10:40,2025-05-06 14:20:04.208940,2025-05-06 14:20:04.208940
148249,136,2017-12-13,9.6,0.4,8.2,,10.9,14:42,3,4.2,13.9,00:40,95,100,,82,14:40,2025-05-06 14:20:04.245163,2025-05-06 14:20:04.245163
148267,136,2017-12-14,12.4,0,9.3,24:00,15.5,12:00,2,1.4,5.6,01:30,92,100,,77,13:40,2025-05-06 14:20:04.285453,2025-05-06 14:20:04.285453
148285,136,2017-12-15,12.6,8.8,9.4,00:01,15.7,14:12,34,1.7,10,22:40,94,100,,78,13:50,2025-05-06 14:20:04.327102,2025-05-06 14:20:04.327102
148303,136,2017-12-16,12.6,52.6,10.8,06:14,14.4,11:58,35,3.3,11.4,20:40,100,100,,100,,2025-05-06 14:20:04.369148,2025-05-06 14:20:04.369148
148320,136,2017-12-17,11,2.2,8.8,08:17,13.1,00:16,3,3.9,11.1,21:10,100,100,,95,23:30,2025-05-06 14:20:04.407001,2025-05-06 14:20:04.407001
148338,136,2017-12-18,12.2,0,8.8,04:29,15.6,15:40,3,1.4,8.1,01:10,96,100,,84,15:40,2025-05-06 14:20:04.449482,2025-05-06 14:20:04.449482
148356,136,2017-12-19,12,0,9.4,07:01,14.7,11:15,12,1.4,5,,97,100,,88,11:20,2025-05-06 14:20:04.489781,2025-05-06 14:20:04.489781
148374,136,2017-12-20,11.5,0,8.7,19:51,14.3,12:44,13,2.8,10.8,23:50,93,100,,68,23:50,2025-05-06 14:20:04.526999,2025-05-06 14:20:04.526999
148392,136,2017-12-21,12.4,0,9.1,07:28,15.7,13:19,14,5.6,12.8,05:00,65,99,03:20,43,15:00,2025-05-06 14:20:04.568162,2025-05-06 14:20:04.568162
148410,136,2017-12-22,11.8,0,8.4,20:17,15.1,12:53,11,5,9.7,14:00,85,99,,48,22:50,2025-05-06 14:20:04.609201,2025-05-06 14:20:04.609201
148428,136,2017-12-23,11.1,0,7.7,19:39,14.5,15:04,13,3.9,9.7,08:50,77,92,23:59,49,00:00,2025-05-06 14:20:04.651103,2025-05-06 14:20:04.651103
148446,136,2017-12-24,10.6,0,7.2,22:25,13.9,12:20,13,5.3,12.5,20:00,63,100,03:30,35,23:59,2025-05-06 14:20:04.692699,2025-05-06 14:20:04.692699
148464,136,2017-12-25,11.8,0,7.9,01:29,15.6,13:54,14,6.7,15,05:20,66,90,05:20,32,00:00,2025-05-06 14:20:04.731632,2025-05-06 14:20:04.731632
148482,136,2017-12-26,11.8,0,8.3,23:55,15.2,11:57,14,5.3,11.4,09:40,77,95,,45,00:00,2025-05-06 14:20:04.773750,2025-05-06 14:20:04.773750
148500,136,2017-12-27,11.7,0.2,7.4,05:58,16,13:59,13,2.8,8.6,10:20,84,96,,68,,2025-05-06 14:20:04.816157,2025-05-06 14:20:04.816157
148517,136,2017-12-28,11.8,2,9.6,04:21,14.1,13:13,4,1.1,5.3,20:00,94,100,,79,13:20,2025-05-06 14:20:04.854751,2025-05-06 14:20:04.854751
148534,136,2017-12-29,11.2,0.4,9.9,07:25,12.6,14:12,13,3.3,7.5,10:00,99,100,,88,15:40,2025-05-06 14:20:04.893555,2025-05-06 14:20:04.893555
148551,136,2017-12-30,13.8,0,9.7,06:14,17.8,13:02,12,1.4,6.4,01:20,77,100,,33,19:40,2025-05-06 14:20:04.933802,2025-05-06 14:20:04.933802
148567,136,2015-01-16,10.5,28.8,7,23:21,14,13:22,3,2.2,10,22:30,94,100,,75,11:40,2025-05-06 14:30:56.264343,2025-05-06 14:30:56.264343
148584,136,2015-01-17,9.1,0.4,6.9,04:30,11.3,14:35,6,3.3,9.7,08:00,94,100,05:40,80,14:40,2025-05-06 14:30:56.314073,2025-05-06 14:30:56.314073
148601,136,2015-01-18,8.8,0,7.1,04:43,10.5,23:59,30,4.7,13.3,21:50,99,100,,94,00:50,2025-05-06 14:30:56.357628,2025-05-06 14:30:56.357628
148618,136,2015-01-19,9,4.6,7.2,22:16,10.8,00:09,34,4.7,15.8,01:20,100,100,,100,,2025-05-06 14:30:56.403221,2025-05-06 14:30:56.403221
148636,136,2015-01-20,8.6,,7.1,04:26,10.2,14:42,36,2.8,13.3,23:40,100,100,,93,10:10,2025-05-06 14:30:56.450727,2025-05-06 14:30:56.450727
148653,136,2015-01-21,,1.6,,,,,0,3.3,,,93,,,,,2025-05-06 14:30:56.514429,2025-05-06 14:30:56.514429
148671,136,2015-01-22,9.2,2.8,7.1,00:50,11.4,13:56,3,2.5,9.2,17:20,96,100,,75,13:30,2025-05-06 14:30:56.559771,2025-05-06 14:30:56.559771
148689,136,2015-01-23,9.4,7.6,7.5,00:46,11.4,13:55,99,1.7,7.5,,99,100,,93,14:00,2025-05-06 14:30:56.612684,2025-05-06 14:30:56.612684
148707,136,2015-01-24,9.6,3,8,07:03,11.1,13:06,34,2.2,10.3,13:50,96,100,,88,13:40,2025-05-06 14:30:56.663078,2025-05-06 14:30:56.663078
148725,136,2015-01-25,8.8,1.6,7.6,23:08,10,12:52,5,2.5,8.3,06:50,100,100,,95,11:10,2025-05-06 14:30:56.712853,2025-05-06 14:30:56.712853
148743,136,2015-01-26,11.4,0.2,7,03:47,15.7,13:19,13,3.3,9.4,10:00,94,100,,74,10:30,2025-05-06 14:30:56.771968,2025-05-06 14:30:56.771968
148761,136,2015-01-27,11,0,6.7,04:33,15.4,13:22,10,1.1,5.3,11:50,87,100,,68,13:00,2025-05-06 14:30:56.808419,2025-05-06 14:30:56.808419
148779,136,2015-01-28,10.7,0.2,7.6,08:21,13.8,14:20,99,1.1,5,,91,100,,68,15:10,2025-05-06 14:30:56.841716,2025-05-06 14:30:56.841716
148797,136,2015-01-29,9.1,0,7.6,23:59,10.6,15:02,36,1.7,8.6,13:30,97,100,,90,,2025-05-06 14:30:56.875347,2025-05-06 14:30:56.875347
148815,136,2015-01-30,10.8,0,7.4,00:10,14.2,15:43,4,2.8,6.9,00:40,100,100,,98,15:30,2025-05-06 14:30:56.910959,2025-05-06 14:30:56.910959
148833,136,2015-01-31,10.2,0,8.7,,11.6,11:53,34,4.4,8.6,12:30,100,100,,100,,2025-05-06 14:30:56.945924,2025-05-06 14:30:56.945924
148851,136,2015-02-01,9.4,0,7.2,22:55,11.6,11:50,35,0.8,7.2,13:40,100,100,,99,22:30,2025-05-06 14:30:56.979667,2025-05-06 14:30:56.979667
148869,136,2015-02-02,7.8,0,6.5,07:24,9.2,14:17,4,2.5,8.3,21:20,100,100,,97,14:30,2025-05-06 14:30:57.032626,2025-05-06 14:30:57.032626
148888,136,2015-02-03,8.4,0,7.2,00:09,9.6,15:16,34,2.5,9.2,20:50,99,100,,93,15:10,2025-05-06 14:30:57.067561,2025-05-06 14:30:57.067561
148906,136,2015-02-04,9.4,0,7.1,05:34,11.8,14:26,4,1.9,5,10:40,96,100,,82,14:20,2025-05-06 14:30:57.101397,2025-05-06 14:30:57.101397
148924,136,2015-02-05,9.6,0,6.9,07:03,12.2,14:32,11,1.7,5.6,18:50,97,100,,79,15:00,2025-05-06 14:30:57.135225,2025-05-06 14:30:57.135225
148942,136,2015-02-06,8.6,0,6.7,23:21,10.4,12:05,3,1.7,6.4,20:00,92,100,,83,12:10,2025-05-06 14:30:57.168764,2025-05-06 14:30:57.168764
148961,136,2015-02-07,8.3,0,6.5,02:27,10.1,11:48,5,1.1,6.1,22:20,95,100,,84,00:10,2025-05-06 14:30:57.205812,2025-05-06 14:30:57.205812
148980,136,2015-02-08,8.2,0,5.8,03:17,10.5,14:35,10,3.3,8.1,12:10,98,100,,76,,2025-05-06 14:30:57.262526,2025-05-06 14:30:57.262526
148999,136,2015-02-09,9.4,0,5.7,02:38,13,12:14,99,1.1,3.9,,91,100,,70,09:40,2025-05-06 14:30:57.299748,2025-05-06 14:30:57.299748
149018,136,2015-02-10,10.6,0,6.2,05:13,15,13:26,10,0.8,5,11:20,86,100,,67,10:10,2025-05-06 14:30:57.345884,2025-05-06 14:30:57.345884
149037,136,2015-02-11,10.6,0,8.3,,13,11:33,34,1.9,7.2,15:40,98,100,,88,11:30,2025-05-06 14:30:57.402930,2025-05-06 14:30:57.402930
149056,136,2015-02-12,9.4,0,6.6,02:43,12.3,14:43,36,2.2,7.5,21:00,94,100,,73,14:50,2025-05-06 14:30:57.457389,2025-05-06 14:30:57.457389
149075,136,2015-02-13,9.4,0,7.1,00:01,11.6,14:01,36,3.3,8.1,10:20,96,100,,83,13:30,2025-05-06 14:30:57.522786,2025-05-06 14:30:57.522786
149094,136,2015-02-14,11.2,0,7.1,03:07,15.2,16:15,10,2.5,8.6,11:50,90,100,,70,14:00,2025-05-06 14:30:57.567542,2025-05-06 14:30:57.567542
149113,136,2015-02-15,11.6,0,6.9,05:10,16.3,14:54,11,3.1,7.5,10:50,88,100,,73,,2025-05-06 14:30:57.611747,2025-05-06 14:30:57.611747
149132,136,2015-02-16,10,0,7.2,00:40,12.9,11:19,36,2.8,10.6,11:40,100,100,,86,00:50,2025-05-06 14:30:57.657675,2025-05-06 14:30:57.657675
149151,136,2015-02-17,8.9,0,7.1,,10.7,14:19,8,2.8,10,15:10,100,100,,98,14:10,2025-05-06 14:30:57.704370,2025-05-06 14:30:57.704370
149170,136,2015-02-18,8.6,0,6.5,02:59,10.8,12:28,36,5,12.5,10:50,95,100,,83,12:30,2025-05-06 14:30:57.765882,2025-05-06 14:30:57.765882
149189,136,2015-02-19,7.6,0,6.3,21:27,9,11:22,36,6.1,16.7,18:20,100,100,,100,,2025-05-06 14:30:57.808903,2025-05-06 14:30:57.808903
149208,136,2015-02-20,8.6,0,7.5,00:15,9.6,14:55,35,5.3,15,01:30,100,100,,96,16:40,2025-05-06 14:30:57.864499,2025-05-06 14:30:57.864499
149227,136,2015-02-21,9.3,0,7.3,,11.3,22:20,99,5.3,12.5,,100,100,,100,,2025-05-06 14:30:57.912332,2025-05-06 14:30:57.912332
149245,136,2015-02-22,11,0,8.4,07:46,13.6,14:10,35,2.2,10.6,00:10,100,100,,87,,2025-05-06 14:30:57.967733,2025-05-06 14:30:57.967733
149263,136,2015-02-23,10.8,0,8.9,01:14,12.7,13:39,7,1.9,6.7,22:00,100,100,,100,,2025-05-06 14:30:58.031413,2025-05-06 14:30:58.031413
149281,136,2015-02-24,9.5,0,8,23:48,11,14:35,9,2.2,8.9,13:30,100,100,,100,,2025-05-06 14:30:58.074910,2025-05-06 14:30:58.074910
149299,136,2015-02-25,10.8,0,7.4,,14.1,14:53,99,1.9,10.8,21:40,97,100,,82,21:50,2025-05-06 14:30:58.116648,2025-05-06 14:30:58.116648
149316,136,2015-02-26,11.1,0,6.9,04:24,15.3,13:59,99,2.2,9.2,,89,100,,72,15:20,2025-05-06 14:30:58.158487,2025-05-06 14:30:58.158487
149334,136,2015-02-27,11.8,0,8.3,,15.3,15:06,2,1.7,7.8,08:00,97,100,,77,16:20,2025-05-06 14:30:58.203433,2025-05-06 14:30:58.203433
149352,136,2015-02-28,11.4,0,8.4,07:58,14.3,16:02,7,1.7,6.7,03:30,91,100,,74,16:30,2025-05-06 14:30:58.249660,2025-05-06 14:30:58.249660
149370,136,2015-03-01,11.4,0,7.3,04:48,15.5,15:58,36,1.4,4.7,21:00,95,100,,77,15:40,2025-05-06 14:30:58.294422,2025-05-06 14:30:58.294422
149387,136,2015-03-02,11.6,0,7.6,01:09,15.6,12:54,11,2.8,8.3,11:40,92,100,,77,13:00,2025-05-06 14:30:58.339579,2025-05-06 14:30:58.339579
149404,136,2015-03-03,14.5,0,8.8,01:32,20.2,18:01,12,1.9,8.9,10:00,81,100,,49,,2025-05-06 14:30:58.383182,2025-05-06 14:30:58.383182
149421,136,2015-03-04,14.2,0,7.1,06:58,21.2,12:42,13,3.6,9.7,11:40,79,100,,41,23:50,2025-05-06 14:30:58.426361,2025-05-06 14:30:58.426361
149439,136,2015-03-05,17.8,0,12.7,06:16,22.8,12:12,12,3.1,8.9,09:20,43,61,15:10,24,22:30,2025-05-06 14:30:58.472456,2025-05-06 14:30:58.472456
149457,136,2015-03-06,18.5,0,13.6,04:48,23.4,11:23,12,4.2,8.6,11:40,53,73,17:40,20,23:00,2025-05-06 14:30:58.514512,2025-05-06 14:30:58.514512
149476,136,2015-03-07,19.4,0,14.3,02:50,24.6,13:46,99,10.6,22.2,,22,46,02:50,21,14:00,2025-05-06 14:30:58.563102,2025-05-06 14:30:58.563102
149495,136,2015-03-08,15.4,0,11.1,19:33,19.6,12:38,13,10,20.3,03:50,25,54,23:40,21,,2025-05-06 14:30:58.610012,2025-05-06 14:30:58.610012
149514,136,2015-03-09,14.2,0,8.3,07:03,20.2,13:23,13,4.4,10,13:40,62,93,07:30,25,23:10,2025-05-06 14:30:58.657658,2025-05-06 14:30:58.657658
149533,136,2015-03-10,17.2,0,11,07:05,23.4,14:00,11,3.1,9.7,15:30,39,63,17:20,17,02:40,2025-05-06 14:30:58.707790,2025-05-06 14:30:58.707790
149552,136,2015-03-11,17.2,0,10.8,01:17,23.6,13:45,11,2.2,7.2,13:00,35,70,17:40,19,07:50,2025-05-06 14:30:58.752392,2025-05-06 14:30:58.752392
149571,136,2015-03-12,15.6,0,8.7,20:54,22.4,14:50,12,2.5,6.9,12:20,30,60,18:50,15,10:00,2025-05-06 14:30:58.799685,2025-05-06 14:30:58.799685
149590,136,2015-03-13,11.6,0.4,6.6,07:16,16.6,14:17,1,2.2,6.4,15:20,70,99,,18,05:00,2025-05-06 14:30:58.851197,2025-05-06 14:30:58.851197
149609,136,2015-03-14,10.2,0,7.8,07:30,12.7,13:44,35,3.1,8.1,06:50,89,100,,71,12:30,2025-05-06 14:30:58.898699,2025-05-06 14:30:58.898699
149628,136,2015-03-15,14,0,7.6,06:44,20.4,15:42,12,1.7,7.2,23:10,61,100,,6,23:20,2025-05-06 14:30:58.944926,2025-05-06 14:30:58.944926
149647,136,2015-03-16,14.9,0,8.9,03:36,20.9,11:38,13,2.5,7.8,00:50,33,61,16:40,1,19:50,2025-05-06 14:30:58.990432,2025-05-06 14:30:58.990432
149666,136,2015-03-17,10.6,2.8,6.3,05:46,14.9,13:49,32,4.2,10.6,23:20,91,100,,3,00:40,2025-05-06 14:30:59.042110,2025-05-06 14:30:59.042110
149685,136,2015-03-18,9.2,5.6,6.5,,12,14:38,35,4.4,13.6,23:10,95,100,,80,14:40,2025-05-06 14:30:59.100108,2025-05-06 14:30:59.100108
149704,136,2015-03-19,9,1.6,7.3,06:49,10.7,11:07,34,6.7,17.5,02:10,100,100,,88,15:10,2025-05-06 14:30:59.152400,2025-05-06 14:30:59.152400
149722,136,2015-03-20,8.9,5.6,6.9,21:37,10.9,12:51,32,4.7,12.8,05:30,96,100,,88,13:00,2025-05-06 14:30:59.205696,2025-05-06 14:30:59.205696
149740,136,2015-03-21,10,4.6,6,07:00,13.9,13:13,30,2.8,9.7,23:59,88,100,,76,13:00,2025-05-06 14:30:59.257884,2025-05-06 14:30:59.257884
149758,136,2015-03-22,10,,6.9,07:00,13.2,14:32,34,5.3,16.4,22:20,95,100,,77,12:10,2025-05-06 14:30:59.307487,2025-05-06 14:30:59.307487
149775,136,2015-03-23,8.5,32.2,6.7,05:10,10.3,10:35,34,,13.3,04:00,,100,,98,10:40,2025-05-06 14:30:59.353647,2025-05-06 14:30:59.353647
149793,136,2015-03-24,8.2,5.8,6.5,05:14,9.8,14:50,35,5.6,13.3,11:10,100,100,,98,19:10,2025-05-06 14:30:59.404084,2025-05-06 14:30:59.404084
149811,136,2015-03-25,8.4,4.8,6.4,03:31,10.4,13:28,34,3.6,11.7,03:00,98,100,,90,13:30,2025-05-06 14:30:59.454420,2025-05-06 14:30:59.454420
149829,136,2015-03-26,8.7,2.4,6.5,03:43,10.9,14:42,2,1.9,6.7,01:10,99,100,,90,14:50,2025-05-06 14:30:59.506446,2025-05-06 14:30:59.506446
149846,136,2015-03-27,13,0.2,7.9,06:25,18.2,14:12,11,1.7,6.1,10:00,91,100,,70,14:10,2025-05-06 14:30:59.555420,2025-05-06 14:30:59.555420
149864,136,2015-03-28,10.6,0.4,7.1,23:56,14,15:09,35,1.7,5.3,01:50,100,100,,96,15:20,2025-05-06 14:30:59.599516,2025-05-06 14:30:59.599516
149882,136,2015-03-29,13.8,0,7.3,00:01,20.3,12:54,16,1.9,7.2,22:30,87,100,,64,10:40,2025-05-06 14:30:59.643625,2025-05-06 14:30:59.643625
149900,136,2015-03-30,19.4,0,11.2,02:40,27.5,15:49,11,3.6,8.1,08:10,36,83,02:40,23,19:10,2025-05-06 14:30:59.683368,2025-05-06 14:30:59.683368
149918,136,2015-03-31,20.4,0,13,03:11,27.9,10:17,10,3.9,7.8,12:50,27,56,21:30,8,07:40,2025-05-06 14:30:59.723754,2025-05-06 14:30:59.723754
149935,136,2015-04-01,20.4,0,11.7,06:56,29.2,10:52,12,2.5,5.6,07:00,41,64,19:10,11,20:40,2025-05-06 14:30:59.763960,2025-05-06 14:30:59.763960
149954,136,2015-04-02,21,0,13.9,04:48,28.2,12:29,13,2.8,7.2,10:30,35,49,15:30,13,,2025-05-06 14:30:59.803677,2025-05-06 14:30:59.803677
149972,136,2015-04-03,18.9,0,9.4,,28.4,10:35,30,1.7,8.1,23:40,59,100,,25,09:10,2025-05-06 14:30:59.847413,2025-05-06 14:30:59.847413
149991,136,2015-04-04,11.6,0,8.7,06:49,14.6,11:57,32,5.3,11.9,20:20,93,100,,75,12:00,2025-05-06 14:30:59.910345,2025-05-06 14:30:59.910345
150010,136,2015-04-05,11.8,0.2,8.6,05:41,15,10:42,34,6.7,14.2,13:10,97,100,,70,10:40,2025-05-06 14:30:59.969774,2025-05-06 14:30:59.969774
150029,136,2015-04-06,12.6,0,8.1,07:03,17.1,15:07,99,3.1,10.6,,93,100,,64,14:30,2025-05-06 14:31:00.020670,2025-05-06 14:31:00.020670
150048,136,2015-04-07,13.2,0,6.1,04:59,20.4,10:40,10,2.5,6.1,13:20,90,100,,58,10:40,2025-05-06 14:31:00.066335,2025-05-06 14:31:00.066335
150067,136,2015-04-08,12,1.2,7.8,06:23,16.3,08:28,2,0.8,4.2,11:20,95,100,,52,08:40,2025-05-06 14:31:00.113395,2025-05-06 14:31:00.113395
150086,136,2015-04-09,12,0,6.9,04:09,17.2,10:37,27,2.5,5.8,01:40,90,100,,53,10:30,2025-05-06 14:31:00.162317,2025-05-06 14:31:00.162317
150105,136,2015-04-10,11.7,0,7.6,05:04,15.8,13:37,34,1.9,6.1,14:30,82,100,,61,16:40,2025-05-06 14:31:00.216686,2025-05-06 14:31:00.216686
150124,136,2015-04-11,14.1,0.2,7.9,06:13,20.3,13:15,12,3.3,8.9,11:50,81,100,,55,16:10,2025-05-06 14:31:00.266330,2025-05-06 14:31:00.266330
150143,136,2015-04-12,12,0,7.8,,16.2,11:10,33,3.1,8.3,16:40,80,100,,59,11:00,2025-05-06 14:31:00.315814,2025-05-06 14:31:00.315814
150162,136,2015-04-13,14.2,0,7,03:35,21.5,12:35,10,1.9,6.9,11:50,80,100,,56,12:40,2025-05-06 14:31:00.363856,2025-05-06 14:31:00.363856
150181,136,2015-04-14,12.6,2,7.6,06:00,17.6,12:28,32,2.5,8.9,17:30,93,100,,69,12:30,2025-05-06 14:31:00.412419,2025-05-06 14:31:00.412419
150200,136,2015-04-15,11.1,0,5.5,02:24,16.7,15:00,28,3.1,8.3,03:50,88,100,,68,,2025-05-06 14:31:00.460230,2025-05-06 14:31:00.460230
150219,136,2015-04-16,13.9,0,8.9,,18.9,14:00,14,2.5,6.1,13:00,84,100,04:40,62,14:00,2025-05-06 14:31:00.502489,2025-05-06 14:31:00.502489
150238,136,2015-04-17,14.6,0,8,02:53,21.2,14:09,10,1.9,6.7,13:10,82,100,,56,12:50,2025-05-06 14:31:00.549622,2025-05-06 14:31:00.549622
150257,136,2015-04-18,11.5,0.4,8.3,02:23,14.7,11:16,99,2.2,6.4,17:50,91,100,,74,11:20,2025-05-06 14:31:00.596921,2025-05-06 14:31:00.596921
150276,136,2015-04-19,13.4,0.2,8.2,05:19,18.6,15:37,35,1.7,6.4,03:50,81,100,,61,15:40,2025-05-06 14:31:00.646247,2025-05-06 14:31:00.646247
150295,136,2015-04-20,12.4,0.8,8.7,02:19,16.1,12:15,14,1.9,6.4,13:30,88,100,,67,11:50,2025-05-06 14:31:00.697991,2025-05-06 14:31:00.697991
150314,136,2015-04-21,12.2,0.2,8.1,03:58,16.4,13:38,36,2.5,7.5,01:40,83,100,,66,13:00,2025-05-06 14:31:00.748885,2025-05-06 14:31:00.748885
150333,136,2015-04-22,14.4,0,6.7,06:23,22,14:40,12,2.5,8.9,09:20,72,100,,53,11:50,2025-05-06 14:31:00.796761,2025-05-06 14:31:00.796761
150352,136,2015-04-23,13,0,5.9,06:11,20,17:24,99,1.9,4.7,,59,100,,15,22:30,2025-05-06 14:31:00.843478,2025-05-06 14:31:00.843478
150371,136,2015-04-24,15.9,0,6.9,00:56,24.9,14:42,99,1.7,4.7,,57,98,00:50,7,04:00,2025-05-06 14:31:00.888352,2025-05-06 14:31:00.888352
150390,136,2015-04-25,16.7,0,10.6,23:50,22.8,12:03,30,1.1,5.6,23:20,89,100,,64,12:10,2025-05-06 14:31:00.934727,2025-05-06 14:31:00.934727
150409,136,2015-04-26,16.4,0,9.3,04:04,23.4,17:40,28,3.1,6.4,08:20,76,100,,48,17:00,2025-05-06 14:31:00.980396,2025-05-06 14:31:00.980396
150428,136,2015-04-27,15.6,0,10.1,19:55,21,15:45,11,0.8,5.3,00:30,88,100,,60,15:50,2025-05-06 14:31:01.028214,2025-05-06 14:31:01.028214
150447,136,2015-04-28,16.4,0,8.9,02:20,24,15:44,12,2.8,7.8,16:10,73,100,,51,15:30,2025-05-06 14:31:01.075754,2025-05-06 14:31:01.075754
150466,136,2015-04-29,17.6,0,8.5,04:27,26.8,14:35,12,4.2,8.9,06:10,67,100,,37,23:59,2025-05-06 14:31:01.122417,2025-05-06 14:31:01.122417
150485,136,2015-04-30,19.8,0,11,23:34,28.7,16:18,13,3.9,7.2,03:00,40,62,19:20,25,05:10,2025-05-06 14:31:01.170456,2025-05-06 14:31:01.170456
150504,136,2015-05-01,20.7,0,11,04:03,30.4,17:28,12,3.1,7.2,12:50,33,59,03:50,21,12:30,2025-05-06 14:31:01.220027,2025-05-06 14:31:01.220027
150523,136,2015-05-02,20.6,0,13.9,01:49,27.4,15:02,35,1.4,4.7,14:20,45,55,10:30,26,08:30,2025-05-06 14:31:01.268525,2025-05-06 14:31:01.268525
150542,136,2015-05-03,21.1,0,12.7,06:35,29.5,11:50,28,1.1,7.5,21:30,49,72,19:30,8,23:10,2025-05-06 14:31:01.315635,2025-05-06 14:31:01.315635
150560,136,2015-05-04,19.6,3.4,13.1,23:49,26.2,11:18,29,2.8,7.8,01:40,72,100,,13,00:00,2025-05-06 14:31:01.363595,2025-05-06 14:31:01.363595
150578,136,2015-05-05,15.2,0,9.8,22:14,20.5,18:05,34,1.7,5.6,00:10,83,100,,68,18:10,2025-05-06 14:31:01.419629,2025-05-06 14:31:01.419629
150596,136,2015-05-06,17.8,0,8.3,07:01,27.2,14:38,13,2.2,5.8,07:30,73,100,06:30,22,21:50,2025-05-06 14:31:01.469062,2025-05-06 14:31:01.469062
150615,136,2015-05-07,17.2,0,12.3,23:50,22.1,15:41,34,2.8,6.1,14:10,61,98,20:10,12,03:30,2025-05-06 14:31:01.516438,2025-05-06 14:31:01.516438
150634,136,2015-05-08,18.4,0,9.3,23:04,27.6,17:48,99,1.1,4.7,,53,97,22:50,26,05:40,2025-05-06 14:31:01.568161,2025-05-06 14:31:01.568161
150653,136,2015-05-09,21.2,0,9.6,00:23,32.8,18:01,12,3.1,6.1,12:10,43,80,00:50,12,19:00,2025-05-06 14:31:01.614188,2025-05-06 14:31:01.614188
150672,136,2015-05-10,23.8,0,14.3,06:42,33.3,15:19,12,3.3,7.2,08:20,27,42,07:20,7,05:00,2025-05-06 14:31:01.661977,2025-05-06 14:31:01.661977
150691,136,2015-05-11,28.5,0,17.6,00:41,39.4,15:01,12,3.1,10.6,08:40,23,34,13:00,6,23:50,2025-05-06 14:31:01.711315,2025-05-06 14:31:01.711315
150710,136,2015-05-12,29.4,0,21.1,05:15,37.6,14:57,17,5.3,14.2,13:20,14,37,11:00,4,00:00,2025-05-06 14:31:01.758969,2025-05-06 14:31:01.758969
150729,136,2015-05-13,29.9,0,20.4,20:31,39.4,16:08,14,4.4,13.6,08:30,17,45,18:30,14,15:50,2025-05-06 14:31:01.806650,2025-05-06 14:31:01.806650
150748,136,2015-05-14,25.2,0,17.4,01:52,33,14:32,12,3.6,10.3,23:40,38,58,17:50,18,07:50,2025-05-06 14:31:01.853644,2025-05-06 14:31:01.853644
150767,136,2015-05-15,25.6,0,19.5,23:57,31.8,14:24,13,5.8,13.6,02:40,33,53,09:30,17,01:50,2025-05-06 14:31:01.899724,2025-05-06 14:31:01.899724
150786,136,2015-05-16,25.2,0,17.5,22:44,33,15:26,12,3.1,9.7,05:10,41,57,18:20,24,00:30,2025-05-06 14:31:01.947713,2025-05-06 14:31:01.947713
150805,136,2015-05-17,23.2,0,15.3,23:30,31.2,15:30,12,1.7,5.8,11:30,37,60,18:20,23,05:00,2025-05-06 14:31:01.994279,2025-05-06 14:31:01.994279
150824,136,2015-05-18,15.2,0,10.4,05:07,19.9,14:09,29,3.3,7.2,22:10,86,100,,37,01:00,2025-05-06 14:31:02.041334,2025-05-06 14:31:02.041334
150843,136,2015-05-19,13.7,0.6,10.9,23:58,16.5,13:49,34,3.6,9.2,21:40,96,100,,79,13:50,2025-05-06 14:31:02.085512,2025-05-06 14:31:02.085512
150862,136,2015-05-20,12.8,0,9.4,06:26,16.1,16:07,36,4.4,10.3,20:40,89,100,,72,11:40,2025-05-06 14:31:02.133601,2025-05-06 14:31:02.133601
150881,136,2015-05-21,14.1,0,9.6,06:11,18.6,16:21,34,3.9,9.2,02:00,82,100,,63,15:30,2025-05-06 14:31:02.180051,2025-05-06 14:31:02.180051
150900,136,2015-05-22,12.2,0,9.6,05:38,14.9,15:02,34,4.7,10.8,05:20,93,100,,85,13:00,2025-05-06 14:31:02.228957,2025-05-06 14:31:02.228957
150919,136,2015-05-23,12.4,0.2,9.3,05:27,15.4,15:46,34,4.4,10.3,18:50,95,100,,79,12:00,2025-05-06 14:31:02.279547,2025-05-06 14:31:02.279547
150938,136,2015-05-24,12.3,2.6,9.8,03:50,14.8,14:47,29,4.2,11.1,03:10,93,100,,76,,2025-05-06 14:31:02.331066,2025-05-06 14:31:02.331066
150956,136,2015-05-25,13.8,0.6,9.5,06:39,18.1,14:40,35,4.4,10,12:20,84,100,,59,14:50,2025-05-06 14:31:02.379392,2025-05-06 14:31:02.379392
150974,136,2015-05-26,13.8,0,9.1,02:43,18.6,11:29,1,2.5,6.7,14:10,91,100,,63,11:10,2025-05-06 14:31:02.426112,2025-05-06 14:31:02.426112
150992,136,2015-05-27,14.2,0.2,10.3,02:57,18,13:41,36,3.6,8.3,14:40,85,100,,74,13:40,2025-05-06 14:31:02.474319,2025-05-06 14:31:02.474319
151011,136,2015-05-28,14.6,0,10.3,06:18,18.8,15:32,33,3.6,8.1,05:00,86,100,,70,15:20,2025-05-06 14:31:02.520208,2025-05-06 14:31:02.520208
151030,136,2015-05-29,19.5,0,10.9,04:27,28.1,17:24,13,1.1,5.3,20:40,71,100,,43,17:20,2025-05-06 14:31:02.568151,2025-05-06 14:31:02.568151
151049,136,2015-05-30,16.7,0,10.4,04:02,23,11:53,14,1.4,5.6,01:00,86,100,,46,00:00,2025-05-06 14:31:02.616603,2025-05-06 14:31:02.616603
151068,136,2015-05-31,16,0,10.4,06:17,21.6,16:01,35,1.7,4.7,12:50,79,100,,59,14:50,2025-05-06 14:31:02.665251,2025-05-06 14:31:02.665251
151087,136,2015-06-01,14.2,4,9.6,04:18,18.7,14:02,32,3.3,8.1,18:20,89,100,,66,14:10,2025-05-06 14:31:02.711555,2025-05-06 14:31:02.711555
151106,136,2015-06-02,14.4,1.4,11.3,20:07,17.4,14:19,34,3.6,8.3,04:00,100,100,,87,14:20,2025-05-06 14:31:02.760005,2025-05-06 14:31:02.760005
151125,136,2015-06-03,18.8,0,10.9,06:23,26.8,17:08,26,2.2,7.2,01:10,74,100,,40,17:00,2025-05-06 14:31:02.808297,2025-05-06 14:31:02.808297
151144,136,2015-06-04,19,0,11.3,05:47,26.7,12:07,11,1.9,4.7,10:20,65,100,,44,11:40,2025-05-06 14:31:02.857520,2025-05-06 14:31:02.857520
151163,136,2015-06-05,13.1,20.6,12.2,05:59,14,11:03,32,2.5,8.9,20:00,100,100,,99,00:20,2025-05-06 14:31:02.905656,2025-05-06 14:31:02.905656
151182,136,2015-06-06,16.1,1.2,12.6,,19.6,15:18,99,4.7,9.7,,100,100,,80,15:10,2025-05-06 14:31:02.954211,2025-05-06 14:31:02.954211
151201,136,2015-06-07,17,0,12.4,,21.5,,28,3.9,9.7,01:40,90,100,,68,23:59,2025-05-06 14:31:03.004268,2025-05-06 14:31:03.004268
151220,136,2015-06-08,18.9,0,15.2,06:21,22.6,08:37,34,1.7,4.2,15:00,77,90,17:00,48,,2025-05-06 14:31:03.050212,2025-05-06 14:31:03.050212
151239,136,2015-06-09,16.8,0,10,03:13,23.6,12:10,34,1.7,4.4,14:20,88,100,,49,00:20,2025-05-06 14:31:03.104022,2025-05-06 14:31:03.104022
151258,136,2015-06-10,15.1,0,10.2,23:51,20,15:47,29,3.1,6.9,20:20,81,100,,64,16:10,2025-05-06 14:31:03.153314,2025-05-06 14:31:03.153314
151277,136,2015-06-11,15.5,0,9.8,03:29,21.2,16:29,28,3.6,7.5,05:30,75,95,20:20,63,16:30,2025-05-06 14:31:03.201393,2025-05-06 14:31:03.201393
151296,136,2015-06-12,16,0,11.6,02:49,20.4,11:17,36,2.5,5.6,10:50,81,100,23:59,61,10:50,2025-05-06 14:31:03.249872,2025-05-06 14:31:03.249872
151315,136,2015-06-13,15.2,0.4,11.7,05:07,18.6,09:23,28,2.2,6.1,02:50,94,100,,77,09:30,2025-05-06 14:31:03.297566,2025-05-06 14:31:03.297566
151334,136,2015-06-14,15.2,0,10.7,05:57,19.8,13:39,28,4.2,8.3,06:20,78,100,,61,11:10,2025-05-06 14:31:03.345446,2025-05-06 14:31:03.345446
151353,136,2015-06-15,16.7,0,10.8,04:22,22.6,17:44,2,1.7,6.7,14:20,71,100,,50,16:40,2025-05-06 14:31:03.395189,2025-05-06 14:31:03.395189
151372,136,2015-06-16,15.5,0.2,11.2,05:06,19.8,10:45,1,2.2,6.7,02:30,89,100,,66,10:50,2025-05-06 14:31:03.438837,2025-05-06 14:31:03.438837
151391,136,2015-06-17,17.1,0,11.4,05:52,22.8,17:45,2,2.2,6.7,13:40,75,99,02:30,57,17:50,2025-05-06 14:31:03.493005,2025-05-06 14:31:03.493005
151409,136,2015-06-18,18.6,0,11.3,01:49,25.9,17:44,34,1.7,5.6,12:30,72,100,,40,17:40,2025-05-06 14:31:03.538137,2025-05-06 14:31:03.538137
151428,136,2015-06-19,17.8,0,12.1,04:27,23.5,10:54,34,1.7,5.3,14:10,63,77,20:00,48,08:20,2025-05-06 14:31:03.586585,2025-05-06 14:31:03.586585
151447,136,2015-06-20,21.8,0,14.1,00:51,29.6,16:30,12,1.7,5.8,13:00,45,79,08:00,36,16:30,2025-05-06 14:31:03.634300,2025-05-06 14:31:03.634300
151466,136,2015-06-21,21.2,0,13.4,23:52,29.1,14:51,12,1.1,4.4,14:30,57,100,,36,15:00,2025-05-06 14:31:03.688879,2025-05-06 14:31:03.688879
151485,136,2015-06-22,16.1,0,11.7,,20.5,15:03,35,3.3,7.5,15:40,81,100,,64,15:10,2025-05-06 14:31:03.734373,2025-05-06 14:31:03.734373
151504,136,2015-06-23,16.4,0,11.3,03:09,21.4,15:17,35,3.9,8.9,13:40,71,99,01:10,54,16:40,2025-05-06 14:31:03.778395,2025-05-06 14:31:03.778395
151523,136,2015-06-24,16.8,0,11.5,04:10,22.1,14:37,31,2.5,6.4,15:00,68,98,,51,16:00,2025-05-06 14:31:03.825725,2025-05-06 14:31:03.825725
151542,136,2015-06-25,16.2,1.8,11.1,05:00,21.3,15:33,34,2.8,6.1,13:50,78,100,,60,16:40,2025-05-06 14:31:03.873380,2025-05-06 14:31:03.873380
151560,136,2015-06-26,16.6,0,12.2,23:34,20.9,15:00,29,3.1,7.8,22:20,87,100,,68,15:00,2025-05-06 14:31:03.925927,2025-05-06 14:31:03.925927
151578,136,2015-06-27,18.1,0,12.4,00:09,23.8,19:00,30,1.9,7.2,02:40,81,100,,46,19:00,2025-05-06 14:31:03.971306,2025-05-06 14:31:03.971306
151597,136,2015-06-28,22.6,0,13.8,00:11,31.4,17:34,10,1.9,6.1,00:30,43,74,00:10,28,21:50,2025-05-06 14:31:04.020624,2025-05-06 14:31:04.020624
151615,136,2015-06-29,27.2,0,18.5,01:27,36,17:09,12,2.2,7.2,10:20,27,59,19:20,17,10:40,2025-05-06 14:31:04.068058,2025-05-06 14:31:04.068058
151634,136,2015-06-30,21.5,0,13.2,23:31,29.8,11:08,11,1.9,5.8,09:50,52,100,,26,05:30,2025-05-06 14:31:04.117909,2025-05-06 14:31:04.117909
151652,136,2015-07-01,18.4,1.2,12.8,00:25,24,15:53,3,1.7,5.8,20:30,74,100,00:00,23,05:40,2025-05-06 14:31:04.166197,2025-05-06 14:31:04.166197
151669,136,2015-07-02,16.1,4.6,12.9,23:30,19.3,13:46,4,1.4,6.1,11:20,98,100,,85,00:30,2025-05-06 14:31:04.210134,2025-05-06 14:31:04.210134
151686,136,2015-07-03,17.2,0,12.7,05:42,21.7,12:05,33,1.9,5.3,15:30,88,100,,69,15:10,2025-05-06 14:31:04.254415,2025-05-06 14:31:04.254415
151700,136,2015-07-04,18.2,0,12.4,03:56,24.1,17:19,35,1.7,4.2,12:40,73,100,,9,22:10,2025-05-06 14:31:04.290669,2025-05-06 14:31:04.290669
151718,136,2015-07-05,20.4,0,12.6,06:38,28.1,17:56,1,1.4,5,01:40,67,98,23:20,14,02:10,2025-05-06 14:31:04.340095,2025-05-06 14:31:04.340095
151736,136,2015-07-06,22,0.2,14.7,03:23,29.3,17:14,12,1.7,7.5,01:20,56,100,04:20,34,20:00,2025-05-06 14:31:04.385765,2025-05-06 14:31:04.385765
151754,136,2015-07-07,30.2,0,21.8,00:01,38.5,12:40,15,3.6,9.7,02:40,29,55,02:30,21,13:00,2025-05-06 14:31:04.431110,2025-05-06 14:31:04.431110
151772,136,2015-07-08,30.4,0,22.6,23:57,38.1,15:18,13,3.1,8.6,01:00,29,43,00:20,20,23:59,2025-05-06 14:31:04.479201,2025-05-06 14:31:04.479201
151790,136,2015-07-09,28,0,20.2,02:59,35.8,16:27,10,1.9,7.8,07:10,14,28,21:20,10,18:00,2025-05-06 14:31:04.528213,2025-05-06 14:31:04.528213
151808,136,2015-07-10,26,0,19.7,02:32,32.2,16:40,7,2.8,8.3,10:10,19,39,21:10,15,,2025-05-06 14:31:04.573067,2025-05-06 14:31:04.573067
151826,136,2015-07-11,23.4,0,18.9,23:51,27.9,12:54,12,1.4,9.4,22:50,50,68,18:10,19,02:30,2025-05-06 14:31:04.620308,2025-05-06 14:31:04.620308
151844,136,2015-07-12,23.8,0,17.9,06:05,29.7,15:57,8,1.7,10.6,04:00,43,62,02:20,29,16:20,2025-05-06 14:31:04.665149,2025-05-06 14:31:04.665149
151862,136,2015-07-13,22.2,0,15.2,06:27,29.1,12:45,16,1.1,6.7,01:10,60,81,07:50,29,02:30,2025-05-06 14:31:04.712662,2025-05-06 14:31:04.712662
151880,136,2015-07-14,27.5,0,20.5,00:41,34.5,12:03,12,2.2,6.9,01:50,35,53,01:30,23,11:30,2025-05-06 14:31:04.763278,2025-05-06 14:31:04.763278
153623,136,2024-05-28,14.2,0,11.3,04:24,17.2,15:39,32,2.8,6.4,06:40,86,100,04:00,72,15:40,2025-05-06 16:22:58.385918,2025-05-06 16:22:58.385918
153641,136,2024-05-29,15,0,11.3,06:30,18.8,13:12,28,3.9,8.3,22:10,83,100,,69,14:10,2025-05-06 16:22:58.485865,2025-05-06 16:22:58.485865
153659,136,2024-05-30,16,0,12,05:06,20.1,13:50,26,4.7,10.6,06:00,84,99,,67,13:50,2025-05-06 16:22:58.596381,2025-05-06 16:22:58.596381
153677,136,2024-05-31,15,0,12.4,,17.7,15:47,29,5.3,10.3,15:10,96,100,,75,15:50,2025-05-06 16:22:58.714463,2025-05-06 16:22:58.714463
153695,136,2024-06-01,16.2,0,12.5,21:22,19.8,23:59,27,4.7,8.9,03:40,95,100,,21,22:50,2025-05-06 16:22:58.838594,2025-05-06 16:22:58.838594
153713,136,2024-06-02,16.6,0,11.9,04:42,21.4,14:39,29,2.8,6.7,14:50,74,98,21:20,19,00:00,2025-05-06 16:22:58.947472,2025-05-06 16:22:58.947472
153731,136,2024-06-03,16.4,0,11.8,04:51,21,13:31,28,4.2,10.3,23:59,80,100,,26,03:50,2025-05-06 16:22:59.060745,2025-05-06 16:22:59.060745
153767,136,2024-06-05,17.2,0,12.9,23:59,21.4,15:24,33,2.2,6.7,16:20,79,98,,63,14:30,2025-05-06 16:22:59.249742,2025-05-06 16:22:59.249742
153785,136,2024-06-06,16.5,0.2,12.9,00:01,20.1,10:46,28,1.9,6.1,07:10,92,99,,72,10:50,2025-05-06 16:22:59.316247,2025-05-06 16:22:59.316247
153803,136,2024-06-07,17.6,0,13.5,03:32,21.8,10:00,25,1.7,6.7,06:10,87,99,,65,09:40,2025-05-06 16:22:59.377757,2025-05-06 16:22:59.377757
153821,136,2024-06-08,18,0,12.3,02:28,23.7,12:22,33,2.5,6.9,13:40,81,99,00:00,65,12:30,2025-05-06 16:22:59.438734,2025-05-06 16:22:59.438734
153839,136,2024-06-09,17.4,0,12.6,05:12,22.1,14:30,28,2.2,7.8,23:10,74,100,02:10,57,15:00,2025-05-06 16:22:59.519482,2025-05-06 16:22:59.519482
153857,136,2024-06-10,16.8,1.2,12.7,05:06,20.9,13:59,29,3.9,9.2,00:30,79,98,,63,12:40,2025-05-06 16:22:59.630457,2025-05-06 16:22:59.630457
153875,136,2024-06-11,14.8,2.4,12.1,23:56,17.4,16:59,31,1.9,6.9,01:20,93,100,,72,17:00,2025-05-06 16:22:59.762597,2025-05-06 16:22:59.762597
153893,136,2024-06-12,14.4,1.4,11.3,05:33,17.4,12:09,36,1.9,6.7,19:00,93,100,,73,12:00,2025-05-06 16:22:59.888860,2025-05-06 16:22:59.888860
153911,136,2024-06-13,14.5,0.2,11.5,04:43,17.5,14:36,34,1.4,6.9,03:00,92,100,,76,14:30,2025-05-06 16:23:00.020522,2025-05-06 16:23:00.020522
153929,136,2024-06-14,15.8,0,11.4,05:00,20.2,16:29,1,1.7,5.6,02:00,83,100,,57,16:10,2025-05-06 16:23:00.151703,2025-05-06 16:23:00.151703
153947,136,2024-06-15,16.3,0,11.8,04:25,20.8,14:11,12,1.9,8.3,12:20,75,97,04:50,61,13:00,2025-05-06 16:23:00.288589,2025-05-06 16:23:00.288589
153965,136,2024-06-16,15.2,0.6,12.3,,18.1,16:30,1,1.4,5.3,16:30,93,99,,74,15:50,2025-05-06 16:23:00.404229,2025-05-06 16:23:00.404229
153983,136,2024-06-17,16.3,0,11.7,05:50,20.9,12:11,33,1.9,6.1,14:10,81,99,,65,12:10,2025-05-06 16:23:00.519137,2025-05-06 16:23:00.519137
154001,136,2024-06-18,16.7,2.4,12.2,03:30,21.2,14:35,31,1.9,6.4,15:30,82,100,,66,12:30,2025-05-06 16:23:00.644790,2025-05-06 16:23:00.644790
154019,136,2024-06-19,15.6,0,12.2,05:55,19,14:14,36,1.7,6.7,15:00,81,100,,62,15:10,2025-05-06 16:23:00.764101,2025-05-06 16:23:00.764101
154037,136,2024-06-20,15.4,0.2,11.3,06:33,19.6,13:54,3,1.7,7.2,15:00,81,99,,61,12:50,2025-05-06 16:23:00.877303,2025-05-06 16:23:00.877303
154055,136,2024-06-21,14.2,0,11.7,03:14,16.8,12:33,2,1.4,6.9,09:50,87,100,03:00,74,12:30,2025-05-06 16:23:00.995993,2025-05-06 16:23:00.995993
154073,136,2024-06-22,15.6,0,12.1,23:54,19.2,15:57,30,2.8,6.9,19:50,91,100,,69,15:40,2025-05-06 16:23:01.118286,2025-05-06 16:23:01.118286
154091,136,2024-06-23,17.4,0,12.2,00:01,22.7,14:57,28,2.8,6.9,02:40,81,100,,64,13:10,2025-05-06 16:23:01.237981,2025-05-06 16:23:01.237981
154109,136,2024-06-24,16.4,0,12.4,,20.5,14:30,28,3.9,8.3,23:20,89,100,,40,01:10,2025-05-06 16:23:01.354902,2025-05-06 16:23:01.354902
154127,136,2024-06-25,14.4,2.8,12.8,,16,12:48,29,3.1,7.8,01:30,97,100,,93,17:30,2025-05-06 16:23:01.470775,2025-05-06 16:23:01.470775
154145,136,2024-06-26,14.2,6,12,,16.4,12:07,34,2.2,6.4,06:00,99,100,,91,19:00,2025-05-06 16:23:01.591465,2025-05-06 16:23:01.591465
154163,136,2024-06-27,14.4,4.4,11.8,00:31,17,14:39,36,1.9,6.1,,97,100,,86,15:10,2025-05-06 16:23:01.710685,2025-05-06 16:23:01.710685
154181,136,2024-06-28,16.6,0,12.6,01:22,20.5,13:42,35,1.4,5,12:00,85,100,,69,23:50,2025-05-06 16:23:01.824906,2025-05-06 16:23:01.824906
154199,136,2024-06-29,17.6,0.2,12.4,05:27,22.9,14:14,11,1.7,6.7,08:20,84,100,08:50,38,03:30,2025-05-06 16:23:01.936000,2025-05-06 16:23:01.936000
154217,136,2024-06-30,17.5,0.2,12.9,07:30,22.1,13:15,99,2.2,4.7,17:30,86,100,,65,13:30,2025-05-06 16:23:02.055273,2025-05-06 16:23:02.055273
154235,136,2024-07-01,18.2,1,12.2,05:08,24.1,13:18,14,1.9,6.4,07:40,79,100,,57,12:40,2025-05-06 16:23:02.180451,2025-05-06 16:23:02.180451
154253,136,2024-07-02,16.4,0.4,13,06:19,19.8,13:58,36,1.9,5.3,16:10,93,100,,76,13:50,2025-05-06 16:23:02.302306,2025-05-06 16:23:02.302306
154271,136,2024-07-03,17,0,13,06:52,21.1,13:37,27,2.8,6.7,21:40,86,100,,71,13:20,2025-05-06 16:23:02.420492,2025-05-06 16:23:02.420492
154289,136,2024-07-04,17.8,0,12.8,23:42,22.7,15:00,32,2.2,6.1,05:40,82,100,,66,15:00,2025-05-06 16:23:02.552940,2025-05-06 16:23:02.552940
154307,136,2024-07-05,17.8,0,12.2,04:12,23.4,14:52,32,1.7,4.2,18:20,81,100,,44,01:00,2025-05-06 16:23:02.682228,2025-05-06 16:23:02.682228
154325,136,2024-07-06,19.2,0,12.3,01:43,26,13:05,6,1.1,4.2,08:20,63,100,01:00,23,04:40,2025-05-06 16:23:02.802816,2025-05-06 16:23:02.802816
154343,136,2024-07-07,18.1,0,12.3,03:53,23.9,12:04,8,1.1,5.8,05:50,81,100,,30,22:50,2025-05-06 16:23:02.915380,2025-05-06 16:23:02.915380
154361,136,2024-07-08,19.3,0,13.5,22:33,25.1,12:37,33,1.1,5,21:40,49,96,23:50,17,02:30,2025-05-06 16:23:03.033757,2025-05-06 16:23:03.033757
154379,136,2024-07-09,18,0,12.7,06:31,23.4,12:45,34,1.9,5.3,14:10,73,97,06:40,54,12:20,2025-05-06 16:23:03.158084,2025-05-06 16:23:03.158084
154397,136,2024-07-10,21.1,0,14.7,05:47,27.5,14:57,9,1.7,7.2,12:20,71,99,02:40,41,14:40,2025-05-06 16:23:03.293034,2025-05-06 16:23:03.293034
154415,136,2024-07-11,23.8,0,18.1,02:17,29.5,12:16,99,1.9,6.7,00:50,55,76,04:10,41,10:30,2025-05-06 16:23:03.416044,2025-05-06 16:23:03.416044
154433,136,2024-07-12,25.1,0,19.8,04:15,30.4,12:37,12,2.2,6.7,07:40,44,59,03:40,38,14:30,2025-05-06 16:23:03.532643,2025-05-06 16:23:03.532643
154451,136,2024-07-13,25.1,0,20.6,00:17,29.6,14:06,12,2.8,7.2,06:20,,59,17:40,10,06:50,2025-05-06 16:23:03.652108,2025-05-06 16:23:03.652108
154469,136,2024-07-14,27.2,0,21.4,06:53,33,16:21,10,1.9,5,12:20,26,37,06:50,6,21:50,2025-05-06 16:23:03.777577,2025-05-06 16:23:03.777577
154487,136,2024-07-15,24.2,0,18.5,23:44,29.9,12:29,9,2.5,6.4,11:40,35,56,23:59,9,02:20,2025-05-06 16:23:03.898735,2025-05-06 16:23:03.898735
154505,136,2024-07-16,23.6,0,17.6,02:45,29.7,15:15,10,1.7,4.7,01:40,52,83,04:50,4,21:40,2025-05-06 16:23:04.022766,2025-05-06 16:23:04.022766
154523,136,2024-07-17,23.5,0,19.5,23:21,27.5,13:37,9,0.8,3.9,11:30,38,72,18:40,5,01:20,2025-05-06 16:23:04.158658,2025-05-06 16:23:04.158658
154541,136,2024-07-18,24.4,0,17.9,05:10,30.9,14:39,12,2.5,6.7,11:50,19,50,16:40,10,19:10,2025-05-06 16:23:04.284082,2025-05-06 16:23:04.284082
154559,136,2024-07-19,,,,,,,0,1.9,,,24,,,,,2025-05-06 16:23:04.410089,2025-05-06 16:23:04.410089
154577,136,2024-07-20,25,0,20.7,06:47,29.4,16:31,1,1.7,6.7,17:40,25,46,08:10,13,14:50,2025-05-06 16:23:04.535232,2025-05-06 16:23:04.535232
154595,136,2024-07-21,19.8,0,15.1,05:59,24.6,15:28,99,1.7,4.7,13:50,74,98,08:00,16,00:00,2025-05-06 16:23:04.660274,2025-05-06 16:23:04.660274
154613,136,2024-07-22,19.9,0,14.8,06:09,25,12:43,99,1.7,4.7,,78,98,06:30,36,23:40,2025-05-06 16:23:04.783057,2025-05-06 16:23:04.783057
154631,136,2024-07-23,,,,,,,0,1.4,,,41,,,,,2025-05-06 16:23:04.899983,2025-05-06 16:23:04.899983
154649,136,2024-07-24,27.9,0,23.2,02:11,32.6,13:23,15,2.2,9.4,05:50,29,43,11:10,14,02:00,2025-05-06 16:23:05.012281,2025-05-06 16:23:05.012281
154667,136,2024-07-25,29.9,0,24.8,21:22,35,14:17,3,1.9,7.2,00:40,17,32,11:20,9,07:00,2025-05-06 16:23:05.142644,2025-05-06 16:23:05.142644
154685,136,2024-07-26,28.4,0,22.2,24:00,34.7,11:22,4,1.4,4.2,06:20,26,45,13:10,9,07:00,2025-05-06 16:23:05.269801,2025-05-06 16:23:05.269801
154703,136,2024-07-27,23.3,1.8,15.4,23:18,31.2,12:59,12,1.9,5.3,07:50,49,95,20:40,25,05:30,2025-05-06 16:23:05.391770,2025-05-06 16:23:05.391770
154721,136,2024-07-28,18.5,0.4,14.6,22:14,22.4,13:05,30,3.1,7.5,15:20,85,100,,56,00:10,2025-05-06 16:23:05.506749,2025-05-06 16:23:05.506749
154739,136,2024-07-29,18.8,0.6,14.6,22:15,23,16:43,33,3.3,7.2,12:20,86,100,,66,16:50,2025-05-06 16:23:05.628554,2025-05-06 16:23:05.628554
154757,136,2024-07-30,19,0,14.1,02:19,23.8,13:13,32,2.2,6.1,13:30,80,99,02:40,64,13:20,2025-05-06 16:23:05.747284,2025-05-06 16:23:05.747284
154775,136,2024-07-31,19.4,0,14.6,05:01,24.2,13:53,36,1.7,6.1,14:00,79,98,06:30,63,15:20,2025-05-06 16:23:05.868069,2025-05-06 16:23:05.868069
154793,136,2024-08-01,19.5,0,15.5,06:57,23.5,14:09,31,1.9,5.3,12:50,82,99,,67,14:10,2025-05-06 16:23:05.981492,2025-05-06 16:23:05.981492
154811,136,2024-08-02,22.2,0,15.3,01:16,29.1,12:55,14,3.1,8.9,07:00,27,99,00:00,16,07:00,2025-05-06 16:23:06.100808,2025-05-06 16:23:06.100808
154829,136,2024-08-03,26.6,0,21.1,04:22,32,13:13,10,2.8,8.3,12:10,25,49,15:10,17,09:20,2025-05-06 16:23:06.236717,2025-05-06 16:23:06.236717
154847,136,2024-08-04,26.1,0,21.7,02:06,30.5,09:08,12,1.7,7.5,04:50,41,61,18:30,9,07:00,2025-05-06 16:23:06.369061,2025-05-06 16:23:06.369061
154865,136,2024-08-05,20.4,0,15.4,21:09,25.3,14:49,30,2.2,4.2,13:20,71,95,21:10,10,00:00,2025-05-06 16:23:06.500793,2025-05-06 16:23:06.500793
154883,136,2024-08-06,19.4,0,14.8,01:27,24,14:24,30,2.5,6.1,04:50,81,100,,49,00:10,2025-05-06 16:23:06.619194,2025-05-06 16:23:06.619194
154901,136,2024-08-07,19.4,0,15.3,06:09,23.5,13:25,10,1.4,6.9,15:10,78,97,09:00,61,13:30,2025-05-06 16:23:06.743371,2025-05-06 16:23:06.743371
154919,136,2024-08-08,19.4,0,14.6,23:52,24.2,15:37,36,1.1,5.3,12:30,83,99,23:50,65,15:30,2025-05-06 16:23:06.865486,2025-05-06 16:23:06.865486
154937,136,2024-08-09,20.6,0,13.8,03:32,27.4,14:30,12,1.7,6.4,14:20,71,100,,12,22:50,2025-05-06 16:23:06.990750,2025-05-06 16:23:06.990750
154955,136,2024-08-10,21.6,0,14.6,03:11,28.5,15:21,10,1.1,3.9,10:00,38,96,00:20,17,07:00,2025-05-06 16:23:07.113072,2025-05-06 16:23:07.113072
154973,136,2024-08-11,22.8,0,15.7,21:59,30,10:53,10,1.4,5.6,11:00,46,96,21:10,15,23:59,2025-05-06 16:23:07.238014,2025-05-06 16:23:07.238014
155008,136,2024-08-13,24.8,0,16.9,21:54,32.7,12:45,12,2.2,6.4,08:30,37,85,20:00,9,00:00,2025-05-06 16:23:07.489211,2025-05-06 16:23:07.489211
155026,136,2024-08-14,22.2,1,16.8,23:47,27.5,13:15,99,2.2,6.9,,42,95,23:59,26,01:40,2025-05-06 16:23:07.604605,2025-05-06 16:23:07.604605
155044,136,2024-08-15,18,0,13.9,23:32,22.1,14:24,1,2.2,5.8,15:50,84,100,,64,14:30,2025-05-06 16:23:07.725507,2025-05-06 16:23:07.725507
155062,136,2024-08-16,21.8,0,13.5,03:06,30.1,13:42,6,1.9,6.7,16:10,41,99,02:40,23,04:10,2025-05-06 16:23:07.852039,2025-05-06 16:23:07.852039
155080,136,2024-08-17,25.2,0,19.7,23:55,30.8,14:42,3,1.9,6.9,06:00,34,66,23:20,24,18:10,2025-05-06 16:23:07.976648,2025-05-06 16:23:07.976648
155098,136,2024-08-18,24.8,0,18.4,00:34,31.2,10:25,12,1.4,8.9,04:30,36,74,00:30,28,08:50,2025-05-06 16:23:08.091954,2025-05-06 16:23:08.091954
155116,136,2024-08-19,25.2,0,17.3,05:36,33.2,13:49,12,1.4,13.6,09:30,56,98,08:20,28,01:50,2025-05-06 16:23:08.207156,2025-05-06 16:23:08.207156
155134,136,2024-08-20,23.1,0,17.7,06:47,28.5,11:38,13,2.8,7.5,03:20,75,96,06:20,43,11:40,2025-05-06 16:23:08.334922,2025-05-06 16:23:08.334922
155152,136,2024-08-21,,,,,,,0,4.4,,,43,,,,,2025-05-06 16:23:08.411993,2025-05-06 16:23:08.411993
155170,136,2024-08-22,,,,,,,0,2.8,,,39,,,,,2025-05-06 16:23:08.485639,2025-05-06 16:23:08.485639
155188,136,2024-08-23,18.5,0,14.4,06:02,22.6,12:52,34,2.5,7.2,16:40,76,96,23:59,16,01:50,2025-05-06 16:23:08.554403,2025-05-06 16:23:08.554403
155206,136,2024-08-24,19,0.2,15,04:49,23,12:46,99,2.5,8.6,,82,100,,62,12:40,2025-05-06 16:23:08.623521,2025-05-06 16:23:08.623521
155224,136,2024-08-25,20.2,0,15,06:55,25.4,14:46,12,1.9,6.4,21:30,79,100,,52,22:20,2025-05-06 16:23:08.694140,2025-05-06 16:23:08.694140
155242,136,2024-08-26,21.6,0,16,03:05,27.2,14:02,9,3.3,8.3,04:30,57,90,04:00,31,21:50,2025-05-06 16:23:08.768242,2025-05-06 16:23:08.768242
155260,136,2024-08-27,21.8,0,16.4,24:00,27.1,11:32,12,2.2,5.8,03:10,60,92,19:30,39,08:20,2025-05-06 16:23:08.836167,2025-05-06 16:23:08.836167
155278,136,2024-08-28,19,,14.8,07:05,23.3,13:31,32,2.2,6.4,13:00,80,97,,34,02:10,2025-05-06 16:23:08.909989,2025-05-06 16:23:08.909989
155296,136,2024-08-29,,0.4,,,,,1,2.2,6.1,13:00,83,,,,,2025-05-06 16:23:08.985360,2025-05-06 16:23:08.985360
155314,136,2024-08-30,,,,,,,0,1.7,,,82,,,,,2025-05-06 16:23:09.061582,2025-05-06 16:23:09.061582
155382,136,2024-09-03,16.6,11.8,14.6,21:46,18.5,13:08,6,1.1,6.4,11:10,97,100,,93,13:40,2025-05-06 16:23:09.335945,2025-05-06 16:23:09.335945
155399,136,2024-09-04,15.2,7,14,05:29,16.4,13:30,35,1.4,7.2,01:50,100,100,,99,14:00,2025-05-06 16:23:09.396756,2025-05-06 16:23:09.396756
155416,136,2024-09-05,16.2,0.8,14,01:51,18.5,16:42,32,2.5,5.8,08:40,98,100,,87,17:00,2025-05-06 16:23:09.469853,2025-05-06 16:23:09.469853
155433,136,2024-09-06,15.2,0.8,13.4,22:29,16.9,11:45,36,2.5,5.8,12:40,99,100,,96,12:40,2025-05-06 16:23:09.552315,2025-05-06 16:23:09.552315
155451,136,2024-09-07,17.3,0,13.5,,21.1,14:44,28,3.1,7.2,05:30,88,100,,74,11:30,2025-05-06 16:23:09.684122,2025-05-06 16:23:09.684122
155469,136,2024-09-08,15.6,0.2,13.5,06:01,17.7,12:23,10,1.4,5.8,13:50,90,100,,82,17:50,2025-05-06 16:23:09.798154,2025-05-06 16:23:09.798154
155487,136,2024-09-09,18.4,0,13.8,01:43,23.1,14:52,12,2.5,7.5,23:20,85,100,,70,14:50,2025-05-06 16:23:09.928098,2025-05-06 16:23:09.928098
155505,136,2024-09-10,18.3,0,13.7,02:28,22.9,14:58,10,1.4,7.5,11:50,88,100,,69,15:00,2025-05-06 16:23:10.053048,2025-05-06 16:23:10.053048
155523,136,2024-09-11,17.4,0.6,14.2,,20.6,12:03,3,2.5,7.8,17:50,88,100,,66,11:30,2025-05-06 16:23:10.170628,2025-05-06 16:23:10.170628
155541,136,2024-09-12,15.6,1.6,13.7,03:34,17.6,15:54,32,2.2,8.3,02:40,99,100,,90,16:00,2025-05-06 16:23:10.254215,2025-05-06 16:23:10.254215
155559,136,2024-09-13,19.6,0.2,14.4,02:08,24.9,14:46,34,1.4,6.1,00:30,81,100,,42,23:50,2025-05-06 16:23:10.321703,2025-05-06 16:23:10.321703
155577,136,2024-09-14,19.2,0,13.8,04:12,24.5,12:49,32,1.1,3.9,15:40,82,100,08:30,40,00:00,2025-05-06 16:23:10.407590,2025-05-06 16:23:10.407590
155595,136,2024-09-15,18.6,0,14.4,06:27,22.9,12:47,29,1.7,5.3,13:50,84,100,,69,,2025-05-06 16:23:10.477881,2025-05-06 16:23:10.477881
155613,136,2024-09-16,18.6,0,14.1,06:44,23,12:58,33,2.2,7.2,15:10,82,99,,63,12:30,2025-05-06 16:23:10.577276,2025-05-06 16:23:10.577276
155631,136,2024-09-17,17,0,13.8,23:41,20.3,10:43,26,1.4,5.3,22:00,93,98,00:00,78,10:40,2025-05-06 16:23:10.703284,2025-05-06 16:23:10.703284
155649,136,2024-09-18,17.6,0,13.8,00:54,21.4,13:07,33,1.9,5.3,13:20,85,98,,70,11:20,2025-05-06 16:23:10.826318,2025-05-06 16:23:10.826318
155667,136,2024-09-19,17.2,0,13.6,06:47,20.9,11:50,99,1.4,6.1,,83,95,19:10,65,11:50,2025-05-06 16:23:10.921357,2025-05-06 16:23:10.921357
155685,136,2024-09-20,17,0,13.6,23:26,20.5,10:20,34,2.5,5.8,11:00,86,98,19:50,72,10:20,2025-05-06 16:23:11.024778,2025-05-06 16:23:11.024778
155703,136,2024-09-21,17,0,13.5,00:11,20.5,13:24,36,1.7,4.4,12:00,75,93,00:20,70,18:20,2025-05-06 16:23:11.137340,2025-05-06 16:23:11.137340
155721,136,2024-09-22,17.1,0,13.4,06:16,20.8,10:14,12,1.9,5.3,09:00,87,97,21:00,74,14:30,2025-05-06 16:23:11.256200,2025-05-06 16:23:11.256200
155739,136,2024-09-23,17.9,0,12.8,05:33,23,12:59,7,1.7,5.6,11:40,77,99,07:10,58,15:20,2025-05-06 16:23:11.378409,2025-05-06 16:23:11.378409
155757,136,2024-09-24,17.4,0,12.9,03:17,22,12:04,11,2.8,8.3,11:30,78,97,06:40,55,11:40,2025-05-06 16:23:11.512008,2025-05-06 16:23:11.512008
155774,136,2024-09-25,18.4,0,13.3,03:23,23.5,13:44,9,3.6,8.9,09:50,81,99,,61,14:50,2025-05-06 16:23:11.630534,2025-05-06 16:23:11.630534
155792,136,2024-09-26,19.2,0,12.5,03:31,25.9,13:47,12,1.1,7.2,01:30,55,100,,18,07:20,2025-05-06 16:23:11.752072,2025-05-06 16:23:11.752072
155810,136,2024-09-27,19.8,0.2,14.6,01:45,25.1,14:28,12,2.8,7.2,,80,99,,60,14:30,2025-05-06 16:23:11.879743,2025-05-06 16:23:11.879743
155828,136,2024-09-28,18.4,2,13.6,00:28,23.2,13:19,10,1.1,5.3,00:10,86,100,07:10,30,01:00,2025-05-06 16:23:12.003062,2025-05-06 16:23:12.003062
155846,136,2024-09-29,17.7,0,13.8,06:15,21.6,12:36,33,1.9,5.6,14:50,84,98,,67,14:20,2025-05-06 16:23:12.122747,2025-05-06 16:23:12.122747
155864,136,2024-09-30,17.6,0,12.7,05:42,22.5,12:31,34,2.2,5,14:40,81,99,,63,12:30,2025-05-06 16:23:12.243235,2025-05-06 16:23:12.243235
155882,136,2024-10-01,18.1,0,13.9,00:13,22.3,13:07,36,1.7,5.8,14:10,82,100,03:50,66,13:50,2025-05-06 16:23:12.362698,2025-05-06 16:23:12.362698
155900,136,2024-10-02,16.4,2.2,14.4,04:22,18.4,15:24,9,0.8,5.8,23:59,99,100,,95,,2025-05-06 16:23:12.482895,2025-05-06 16:23:12.482895
155918,136,2024-10-03,21.6,0.2,14.6,06:45,28.6,14:38,15,3.6,10,08:40,71,100,,32,19:30,2025-05-06 16:23:12.613405,2025-05-06 16:23:12.613405
155970,136,2024-10-06,21.6,0,15.9,22:37,27.4,10:27,31,1.7,5.6,22:30,,100,22:40,33,09:40,2025-05-06 16:23:12.978669,2025-05-06 16:23:12.978669
155988,136,2024-10-07,19.3,,14.3,06:06,24.3,13:31,27,2.8,7.5,06:20,75,100,,59,14:50,2025-05-06 16:23:13.097839,2025-05-06 16:23:13.097839
156006,136,2024-10-08,17.6,0.2,14.5,20:24,20.8,13:10,32,2.5,6.9,02:30,87,100,,67,13:00,2025-05-06 16:23:13.213629,2025-05-06 16:23:13.213629
156024,136,2024-10-09,18.4,0.2,14.1,,22.8,13:38,33,2.5,5.6,12:50,85,99,07:30,71,13:40,2025-05-06 16:23:13.337841,2025-05-06 16:23:13.337841
156042,136,2024-10-10,20.9,0,15.2,07:19,26.6,13:13,12,2.5,6.7,06:10,83,100,,64,12:30,2025-05-06 16:23:13.468568,2025-05-06 16:23:13.468568
156094,136,2024-10-13,17.6,3.8,14.3,08:21,20.9,13:51,34,3.1,8.6,12:50,89,100,,67,13:20,2025-05-06 16:23:13.835155,2025-05-06 16:23:13.835155
156112,136,2024-10-14,17.1,0,13.6,06:12,20.6,12:41,28,2.2,7.5,07:10,84,100,,69,12:40,2025-05-06 16:23:13.961191,2025-05-06 16:23:13.961191
156130,136,2024-10-15,20,0,14,02:29,26,12:30,12,0.6,5.3,13:30,63,93,02:40,44,10:30,2025-05-06 16:23:14.083608,2025-05-06 16:23:14.083608
156148,136,2024-10-16,20.2,6.4,16.9,,23.6,10:29,10,1.4,6.7,10:00,94,100,,71,10:30,2025-05-06 16:23:14.204380,2025-05-06 16:23:14.204380
156166,136,2024-10-17,15.2,2,13.6,20:55,16.9,00:01,12,2.2,7.5,10:10,99,100,,94,16:00,2025-05-06 16:23:14.320226,2025-05-06 16:23:14.320226
156184,136,2024-10-18,16.1,0,12.8,03:24,19.4,14:06,1,1.4,7.5,15:10,90,100,,74,14:00,2025-05-06 16:23:14.444275,2025-05-06 16:23:14.444275
156202,136,2024-10-19,18.2,0,12.8,,23.6,15:07,12,2.8,5.8,05:00,72,100,,21,20:20,2025-05-06 16:23:14.562978,2025-05-06 16:23:14.562978
156220,136,2024-10-20,19,0,14.2,23:59,23.9,11:27,15,2.5,6.7,10:40,44,86,23:59,28,21:00,2025-05-06 16:23:14.680078,2025-05-06 16:23:14.680078
156238,136,2024-10-21,16.6,1.2,13.2,01:10,20,12:46,36,1.4,5,13:00,88,99,,73,12:40,2025-05-06 16:23:14.803800,2025-05-06 16:23:14.803800
156256,136,2024-10-22,16.2,0.4,13.1,19:15,19.2,14:12,4,1.7,5.8,01:20,93,100,,70,14:40,2025-05-06 16:23:14.922920,2025-05-06 16:23:14.922920
156274,136,2024-10-23,17.2,0,13.4,20:11,21.1,14:39,13,1.1,6.1,11:40,86,99,,69,14:40,2025-05-06 16:23:15.044430,2025-05-06 16:23:15.044430
156292,136,2024-10-24,17,0,13.3,,20.8,12:48,12,1.4,6.4,10:10,92,100,,78,12:50,2025-05-06 16:23:15.164649,2025-05-06 16:23:15.164649
156310,136,2024-10-25,16.2,27.6,13.2,05:32,19.3,11:38,6,0.8,5.8,20:20,91,99,,76,11:40,2025-05-06 16:23:15.291394,2025-05-06 16:23:15.291394
156328,136,2024-10-26,13.4,12.6,11.9,21:14,14.9,02:56,2,3.9,10.8,03:20,99,100,,91,16:40,2025-05-06 16:23:15.404777,2025-05-06 16:23:15.404777
156363,136,2024-10-28,,,,,,,0,3.3,,,99,,,,,2025-05-06 16:23:15.658656,2025-05-06 16:23:15.658656
156381,136,2024-10-29,14.2,2.4,11,21:23,17.3,14:04,36,2.2,8.6,09:20,96,100,,80,15:10,2025-05-06 16:23:15.789351,2025-05-06 16:23:15.789351
156399,136,2024-10-30,14.4,0,10.1,07:41,18.6,12:28,32,1.9,5.3,12:40,86,96,,65,11:10,2025-05-06 16:23:15.927038,2025-05-06 16:23:15.927038
156417,136,2024-10-31,14.6,0,9.6,05:23,19.7,13:45,99,2.2,6.7,,68,92,05:10,50,,2025-05-06 16:23:16.063527,2025-05-06 16:23:16.063527
156435,136,2024-11-01,15.8,0,11.7,06:11,19.9,12:49,34,1.4,5,14:40,84,97,06:50,63,12:40,2025-05-06 16:23:16.200684,2025-05-06 16:23:16.200684
156453,136,2024-11-02,15.2,0,11.8,05:21,18.5,10:53,14,1.1,6.7,23:20,86,99,02:20,71,10:30,2025-05-06 16:23:16.331617,2025-05-06 16:23:16.331617
156471,136,2024-11-03,16.6,0,12.2,00:02,20.9,12:57,25,0.6,5,02:10,80,99,20:00,67,13:00,2025-05-06 16:23:16.463692,2025-05-06 16:23:16.463692
156489,136,2024-11-04,17,0,13.3,21:42,20.6,12:35,99,1.9,4.4,,89,100,22:00,73,10:20,2025-05-06 16:23:16.594000,2025-05-06 16:23:16.594000
156507,136,2024-11-05,17.6,0,13,05:13,22.3,14:38,99,1.4,5.3,,86,100,08:10,41,22:20,2025-05-06 16:23:16.723597,2025-05-06 16:23:16.723597
156525,136,2024-11-06,19.8,0,14.7,00:19,25,13:22,14,1.7,4.7,13:30,50,79,17:20,37,23:59,2025-05-06 16:23:16.840979,2025-05-06 16:23:16.840979
156543,136,2024-11-07,22.9,0,19.1,04:46,26.7,12:55,18,1.4,5.3,16:40,39,72,14:10,21,21:20,2025-05-06 16:23:16.960230,2025-05-06 16:23:16.960230
156561,136,2024-11-08,25,0,21.6,00:36,28.3,11:42,19,4.7,13.9,15:40,18,31,00:30,17,18:00,2025-05-06 16:23:17.081168,2025-05-06 16:23:17.081168
156579,136,2024-11-09,25.4,0,21,24:00,29.7,13:46,12,3.3,10.6,13:00,21,34,18:20,17,13:00,2025-05-06 16:23:17.204956,2025-05-06 16:23:17.204956
156597,136,2024-11-10,23.2,0,18.7,22:06,27.8,13:43,14,4.4,11.4,05:40,27,42,21:50,17,13:00,2025-05-06 16:23:17.325108,2025-05-06 16:23:17.325108
156615,136,2024-11-11,18.2,0,13.4,24:00,23.1,12:38,99,3.9,8.1,07:50,37,81,23:50,24,07:00,2025-05-06 16:23:17.445308,2025-05-06 16:23:17.445308
156633,136,2024-11-12,15.8,8.2,12.5,07:31,19.1,14:08,36,2.2,6.9,15:30,86,100,,65,13:10,2025-05-06 16:23:17.582539,2025-05-06 16:23:17.582539
156650,136,2024-11-13,14.6,0,11.9,07:26,17.4,15:46,29,2.2,7.5,10:10,89,100,,72,12:00,2025-05-06 16:23:17.712156,2025-05-06 16:23:17.712156
156668,136,2024-11-14,14.2,0.6,11.2,23:20,17.2,10:59,99,0.8,3.9,22:50,90,99,19:40,78,07:30,2025-05-06 16:23:17.847685,2025-05-06 16:23:17.847685
156686,136,2024-11-15,13.8,0,11.1,23:45,16.6,13:25,25,0.8,8.3,04:20,85,98,,66,08:50,2025-05-06 16:23:17.976342,2025-05-06 16:23:17.976342
156704,136,2024-11-16,15.8,0,10.5,02:23,21,13:40,21,1.7,8.3,08:40,62,94,00:50,46,09:50,2025-05-06 16:23:18.115689,2025-05-06 16:23:18.115689
156722,136,2024-11-17,16,1.6,12.5,05:43,19.6,12:24,17,1.4,4.4,04:10,81,99,,72,11:30,2025-05-06 16:23:18.244619,2025-05-06 16:23:18.244619
156740,136,2024-11-18,17,0,12.9,03:29,21.2,12:29,16,1.7,8.6,07:50,88,100,05:50,58,12:20,2025-05-06 16:23:18.365218,2025-05-06 16:23:18.365218
156758,136,2024-11-19,18.9,0,14.8,01:46,23,11:14,12,2.5,13.1,23:50,75,94,19:10,48,11:10,2025-05-06 16:23:18.487244,2025-05-06 16:23:18.487244
156776,136,2024-11-20,19.6,0.4,16.7,10:19,22.6,13:08,14,6.4,18.6,09:40,38,64,10:20,27,20:30,2025-05-06 16:23:18.617058,2025-05-06 16:23:18.617058
156794,136,2024-11-21,21.9,0,18.1,18:06,25.7,14:17,14,4.7,15.6,07:40,40,61,17:40,25,09:30,2025-05-06 16:23:18.748850,2025-05-06 16:23:18.748850
156812,136,2024-11-22,22.6,0,18.2,03:10,27.1,14:53,12,4.4,12.5,09:20,31,44,03:10,18,,2025-05-06 16:23:18.885124,2025-05-06 16:23:18.885124
156830,136,2024-11-23,23.5,0,20.6,21:26,26.4,14:44,15,3.3,11.7,15:00,18,40,21:40,15,00:00,2025-05-06 16:23:19.006998,2025-05-06 16:23:19.006998
156848,136,2024-11-24,20.5,0,15.6,19:55,25.4,12:15,18,3.1,15,02:00,57,94,19:20,25,07:00,2025-05-06 16:24:21.534629,2025-05-06 16:24:21.534629
156866,136,2024-11-25,17.6,0,14.3,05:56,20.9,12:36,11,1.4,6.4,10:40,90,99,21:20,57,00:40,2025-05-06 16:24:21.657694,2025-05-06 16:24:21.657694
156884,136,2024-11-26,16.4,0,13.7,05:32,19,18:13,14,1.9,6.4,01:40,76,99,06:50,37,18:10,2025-05-06 16:24:21.797866,2025-05-06 16:24:21.797866
156902,136,2024-11-27,21.6,0,17,01:04,26.2,12:02,20,5,16.9,14:10,20,43,,18,07:00,2025-05-06 16:24:21.931238,2025-05-06 16:24:21.931238
156920,136,2024-11-28,22.6,0,18.7,23:29,26.6,14:46,16,4.2,16.7,08:30,26,35,23:10,18,21:00,2025-05-06 16:24:22.044510,2025-05-06 16:24:22.044510
156938,136,2024-11-29,21.2,0,18,20:52,24.4,13:42,14,4.4,11.7,09:30,22,31,00:30,19,13:00,2025-05-06 16:24:22.168884,2025-05-06 16:24:22.168884
156956,136,2024-11-30,22.2,0,19.2,22:11,25.2,13:42,10,4.2,12.8,09:20,25,34,15:50,23,,2025-05-06 16:24:22.300141,2025-05-06 16:24:22.300141
156974,136,2024-12-01,21.2,0,16.8,22:48,25.7,13:09,17,1.4,4.2,04:50,36,59,18:00,24,09:00,2025-05-06 16:24:22.437713,2025-05-06 16:24:22.437713
156992,136,2024-12-02,18.4,0,14.1,21:37,22.8,13:14,8,3.3,8.1,12:40,29,60,21:30,22,13:20,2025-05-06 16:24:22.560133,2025-05-06 16:24:22.560133
157010,136,2024-12-03,15.6,0,12.1,07:26,19.2,12:49,10,2.5,6.9,12:40,82,97,,32,02:20,2025-05-06 16:24:22.682056,2025-05-06 16:24:22.682056
157028,136,2024-12-04,15.2,0,12.4,23:50,18.1,13:38,12,3.6,10.3,10:30,89,100,,68,13:40,2025-05-06 16:24:22.798029,2025-05-06 16:24:22.798029
157046,136,2024-12-05,15.4,0,12,03:51,18.8,12:37,12,4.4,9.2,04:50,85,99,,30,19:10,2025-05-06 16:24:22.925267,2025-05-06 16:24:22.925267
157064,136,2024-12-06,14.4,0,11.8,05:42,17.1,01:14,11,3.6,7.5,12:30,92,100,,24,01:10,2025-05-06 16:24:23.046600,2025-05-06 16:24:23.046600
157082,136,2024-12-07,15.7,0,11.5,06:05,19.9,15:07,13,4.4,10.8,11:30,45,100,,32,14:20,2025-05-06 16:24:23.173383,2025-05-06 16:24:23.173383
157100,136,2024-12-08,14.7,2.8,11,06:43,18.4,12:13,13,1.4,7.2,00:50,88,100,06:50,36,01:30,2025-05-06 16:24:23.257141,2025-05-06 16:24:23.257141
157118,136,2024-12-09,11.8,7.4,10.7,23:16,12.9,00:01,6,1.7,8.1,22:40,100,100,,96,00:00,2025-05-06 16:24:23.343505,2025-05-06 16:24:23.343505
157136,136,2024-12-10,10.7,11.4,9.1,22:23,12.3,13:16,3,2.5,8.3,19:10,99,100,,86,09:20,2025-05-06 16:24:23.461558,2025-05-06 16:24:23.461558
157154,136,2024-12-11,11.3,4.4,9.5,03:17,13.1,15:23,34,2.5,7.5,04:40,98,100,,85,15:20,2025-05-06 16:24:23.583586,2025-05-06 16:24:23.583586
157172,136,2024-12-12,12,0.2,9.1,00:55,14.9,11:43,29,2.5,6.4,12:50,90,100,,77,12:40,2025-05-06 16:24:23.709006,2025-05-06 16:24:23.709006
157190,136,2024-12-13,12.3,0,9,07:44,15.6,11:23,12,2.8,10.6,23:40,89,100,02:50,70,11:30,2025-05-06 16:24:23.827280,2025-05-06 16:24:23.827280
157207,136,2024-12-14,14.8,5.8,10.6,02:42,18.9,20:38,13,5.8,15,07:50,65,96,06:30,31,20:30,2025-05-06 16:24:23.948252,2025-05-06 16:24:23.948252
157224,136,2024-12-15,16.4,1.6,11.9,01:50,21,23:46,14,9.2,23.6,21:20,48,95,03:30,20,18:00,2025-05-06 16:24:24.068306,2025-05-06 16:24:24.068306
157241,136,2024-12-16,22,0,18.7,22:55,25.4,13:14,13,6.9,21.9,00:20,22,38,02:20,15,10:10,2025-05-06 16:24:24.188598,2025-05-06 16:24:24.188598
157259,136,2024-12-17,17,0,13.2,08:01,20.9,13:39,12,4.7,13.1,19:10,26,48,08:00,9,14:40,2025-05-06 16:24:24.319028,2025-05-06 16:24:24.319028
157277,136,2024-12-18,15.4,0,10.8,04:25,19.9,15:18,99,4.4,12.2,,26,66,04:50,9,19:40,2025-05-06 16:24:24.459272,2025-05-06 16:24:24.459272
157295,136,2024-12-19,16.2,0,11.4,21:59,21.1,13:44,99,4.4,13.3,,22,62,22:00,8,07:30,2025-05-06 16:24:24.588361,2025-05-06 16:24:24.588361
157313,136,2024-12-20,14.3,14.4,10.8,18:56,17.8,13:54,12,4.2,9.7,04:10,63,96,,32,04:10,2025-05-06 16:24:24.721600,2025-05-06 16:24:24.721600
157331,136,2024-12-21,10.8,16.2,9.1,23:00,12.4,,1,3.3,10.6,11:00,98,100,,84,23:40,2025-05-06 16:24:24.826192,2025-05-06 16:24:24.826192
157349,136,2024-12-22,10.5,2.6,8.3,21:23,12.7,15:41,34,2.5,12.5,03:10,92,100,,79,16:20,2025-05-06 16:24:24.890069,2025-05-06 16:24:24.890069
157367,136,2024-12-23,12.2,0,10,00:18,14.5,14:29,8,3.9,14.7,07:50,85,100,,61,14:20,2025-05-06 16:24:24.958304,2025-05-06 16:24:24.958304
157385,136,2024-12-24,14.1,0,10.8,00:01,17.4,14:28,13,5,13.6,08:30,63,98,,28,20:20,2025-05-06 16:24:25.023596,2025-05-06 16:24:25.023596
157403,136,2024-12-25,16,0,11.2,,20.9,12:23,12,3.6,19.7,03:20,43,92,,19,13:00,2025-05-06 16:24:25.094778,2025-05-06 16:24:25.094778
157421,136,2024-12-26,13.2,0,9.5,06:25,16.8,12:27,13,1.9,5.6,10:10,88,99,20:50,60,00:00,2025-05-06 16:24:25.172578,2025-05-06 16:24:25.172578
157439,136,2024-12-27,13,0,9.9,05:34,16.2,14:20,36,1.7,5,15:20,80,96,01:20,59,17:30,2025-05-06 16:24:25.304426,2025-05-06 16:24:25.304426
157457,136,2024-12-28,13,0,9.4,03:39,16.7,13:20,12,3.9,8.6,12:10,70,98,02:40,50,05:10,2025-05-06 16:24:25.442042,2025-05-06 16:24:25.442042
157475,136,2024-12-29,13.2,0,9.9,07:52,16.6,13:22,12,2.8,7.8,14:10,70,96,04:50,40,22:40,2025-05-06 16:24:25.570103,2025-05-06 16:24:25.570103
157493,136,2024-12-30,13.6,0,9.4,06:56,17.7,14:02,15,2.8,8.9,08:20,65,90,06:10,39,12:00,2025-05-06 16:24:25.698155,2025-05-06 16:24:25.698155
157511,136,2024-12-31,11.6,0,8.4,06:28,14.8,11:31,10,3.1,8.6,14:10,83,96,19:20,52,00:00,2025-05-06 16:24:25.838554,2025-05-06 16:24:25.838554
157529,136,2025-01-01,11.8,0,8,05:56,15.6,12:08,8,2.2,5.8,11:50,61,91,03:50,42,13:00,2025-05-06 16:24:25.977220,2025-05-06 16:24:25.977220
157547,136,2025-01-02,11.6,0,8.9,03:12,14.4,12:57,99,2.5,6.7,10:30,80,98,20:10,64,00:00,2025-05-06 16:24:26.110768,2025-05-06 16:24:26.110768
157565,136,2025-01-03,12.9,0,8.7,03:23,17.1,13:26,13,1.9,8.1,23:59,73,89,07:50,37,23:59,2025-05-06 16:24:26.246210,2025-05-06 16:24:26.246210
157583,136,2025-01-04,13.2,0,9.3,02:40,17,13:08,13,1.4,9.2,00:10,49,85,20:10,34,00:00,2025-05-06 16:24:26.388582,2025-05-06 16:24:26.388582
157601,136,2025-01-05,13.8,0,10,00:07,17.6,13:32,13,1.7,4.7,08:10,56,85,21:50,41,16:00,2025-05-06 16:24:26.527181,2025-05-06 16:24:26.527181
157619,136,2025-01-06,14.1,0,10.6,23:44,17.6,14:31,26,1.4,6.1,06:30,83,96,18:50,65,11:40,2025-05-06 16:24:26.660635,2025-05-06 16:24:26.660635
157637,136,2025-01-07,13.1,0.2,10.1,05:51,16.1,11:29,10,1.7,6.7,10:00,89,100,,74,11:20,2025-05-06 16:24:26.792163,2025-05-06 16:24:26.792163
157655,136,2025-01-08,12.9,0,8.9,05:11,16.9,12:49,12,1.9,6.7,23:10,88,100,,43,21:50,2025-05-06 16:24:26.931596,2025-05-06 16:24:26.931596
157673,136,2025-01-09,14.8,0,8.7,07:13,20.8,14:45,13,3.3,8.9,09:50,71,98,,29,23:30,2025-05-06 16:24:27.067581,2025-05-06 16:24:27.067581
157691,136,2025-01-10,15.5,0,12.4,07:02,18.6,14:35,13,4.4,11.1,10:10,37,49,17:20,26,00:00,2025-05-06 16:24:27.198335,2025-05-06 16:24:27.198335
157709,136,2025-01-11,17,0,12.6,03:43,21.3,13:03,13,5,11.1,10:30,28,43,18:10,24,,2025-05-06 16:24:27.322654,2025-05-06 16:24:27.322654
157726,136,2025-01-12,15.8,1.6,10.9,19:06,20.7,13:20,11,2.2,8.9,03:00,57,98,23:50,20,,2025-05-06 16:24:27.454666,2025-05-06 16:24:27.454666
157743,136,2025-01-13,12.2,0.6,10.2,21:56,14.3,14:30,35,1.4,7.2,08:20,95,100,,83,16:00,2025-05-06 16:24:27.574157,2025-05-06 16:24:27.574157
157760,136,2025-01-14,12.2,0,9.3,,15.2,15:17,14,2.2,6.7,01:40,87,98,00:00,64,03:50,2025-05-06 16:24:27.693718,2025-05-06 16:24:27.693718
157778,136,2025-01-15,12.2,0,8.6,03:34,15.9,,12,5.3,11.9,12:50,64,98,,32,22:50,2025-05-06 16:24:27.814879,2025-05-06 16:24:27.814879
157796,136,2025-01-16,,,,,,,14,2.8,11.4,04:40,41,,,,,2025-05-06 16:24:27.945433,2025-05-06 16:24:27.945433
157814,136,2025-01-17,11.1,0,7.5,07:26,14.7,12:35,34,2.2,5.8,15:30,80,94,06:00,44,00:00,2025-05-06 16:24:28.073248,2025-05-06 16:24:28.073248
157832,136,2025-01-18,12.1,0,8.7,22:10,15.5,14:03,33,1.9,7.8,15:00,76,91,19:10,59,13:40,2025-05-06 16:24:28.201779,2025-05-06 16:24:28.201779
157850,136,2025-01-19,13,0,9.3,06:22,16.8,13:58,32,1.1,5.3,13:40,80,95,03:50,63,13:50,2025-05-06 16:24:28.336165,2025-05-06 16:24:28.336165
157868,136,2025-01-20,13.1,0,9.5,07:39,16.7,12:19,11,1.7,6.1,22:00,90,100,23:00,71,12:10,2025-05-06 16:24:28.474042,2025-05-06 16:24:28.474042
157886,136,2025-01-21,13.9,0,9.3,06:08,18.5,12:05,26,1.4,11.9,20:50,73,100,01:20,59,06:40,2025-05-06 16:24:28.617311,2025-05-06 16:24:28.617311
157904,136,2025-01-22,14.6,8.6,9.7,20:34,19.5,14:00,22,2.8,10,02:10,71,99,15:50,48,14:00,2025-05-06 16:24:28.743887,2025-05-06 16:24:28.743887
157922,136,2025-01-23,11.2,18.8,9.4,05:46,12.9,11:42,28,1.9,7.8,01:20,100,100,,87,00:00,2025-05-06 16:24:28.862126,2025-05-06 16:24:28.862126
157940,136,2025-01-24,12,8.4,9.5,02:00,14.6,14:18,1,1.9,8.3,21:20,99,100,,90,14:20,2025-05-06 16:24:28.978810,2025-05-06 16:24:28.978810
157958,136,2025-01-25,12.6,0,9.5,23:05,15.6,12:13,4,1.4,5.8,00:30,93,100,,77,12:00,2025-05-06 16:24:29.111659,2025-05-06 16:24:29.111659
157976,136,2025-01-26,14.5,0,8.9,01:44,20.1,13:08,28,1.4,4.7,06:10,85,100,,55,12:20,2025-05-06 16:24:29.238037,2025-05-06 16:24:29.238037
157994,136,2025-01-27,15.5,0.4,10.4,22:22,20.6,11:38,99,2.8,5.3,,74,98,19:20,38,20:30,2025-05-06 16:24:29.369376,2025-05-06 16:24:29.369376
158012,136,2025-01-28,13.1,1.4,10,23:55,16.2,15:43,11,2.8,9.4,14:10,98,100,,81,15:10,2025-05-06 16:24:29.501542,2025-05-06 16:24:29.501542
158030,136,2025-01-29,13.2,1.2,7.4,01:33,19.1,15:45,33,2.8,6.9,16:50,61,100,,12,07:00,2025-05-06 16:24:29.641451,2025-05-06 16:24:29.641451
158048,136,2025-01-30,10.7,2.6,9.1,23:51,12.3,14:09,36,2.5,9.4,08:00,92,100,,82,14:10,2025-05-06 16:24:29.767027,2025-05-06 16:24:29.767027
158066,136,2025-01-31,10.2,11.4,8,06:51,12.5,15:07,2,2.5,10.3,20:50,94,100,23:20,80,15:10,2025-05-06 16:24:29.887411,2025-05-06 16:24:29.887411
158084,136,2025-02-01,11.6,3.4,9.3,08:07,14,13:48,4,1.9,11.1,06:40,93,100,,75,14:30,2025-05-06 16:24:30.011602,2025-05-06 16:24:30.011602
158102,136,2025-02-02,12.1,7.8,10,00:34,14.2,15:19,1,3.1,10.3,07:00,97,100,,82,14:50,2025-05-06 16:24:30.149318,2025-05-06 16:24:30.149318
158120,136,2025-02-03,11.4,4.2,10.1,,12.8,14:36,1,1.7,9.4,06:00,98,100,,92,17:40,2025-05-06 16:24:30.279295,2025-05-06 16:24:30.279295
158138,136,2025-02-04,10.8,1.6,8.8,04:02,12.8,14:46,1,0.8,6.4,19:40,94,100,,78,14:50,2025-05-06 16:24:30.408545,2025-05-06 16:24:30.408545
158156,136,2025-02-05,10.8,0,8.3,08:01,13.4,16:06,2,1.7,6.7,01:00,93,99,,74,15:50,2025-05-06 16:24:30.541535,2025-05-06 16:24:30.541535
158174,136,2025-02-06,12.1,0,8.7,05:17,15.5,14:54,9,2.5,6.9,12:40,90,100,,68,11:40,2025-05-06 16:24:30.681113,2025-05-06 16:24:30.681113
158191,136,2025-02-07,13.2,0,8.2,06:02,18.1,14:53,14,3.3,7.8,08:30,74,100,,44,09:20,2025-05-06 16:24:30.805988,2025-05-06 16:24:30.805988
158208,136,2025-02-08,12.6,0,8.6,04:10,16.5,12:31,12,2.8,5.8,06:20,90,100,,35,02:10,2025-05-06 16:24:30.927382,2025-05-06 16:24:30.927382
158225,136,2025-02-09,12.3,0,7.2,04:18,17.4,13:39,34,1.1,4.2,14:10,69,99,04:50,34,07:00,2025-05-06 16:24:31.054558,2025-05-06 16:24:31.054558
158242,136,2025-02-10,13.8,0,9.6,02:16,18.1,12:39,36,1.4,5.3,14:20,52,82,19:20,29,09:40,2025-05-06 16:24:31.183121,2025-05-06 16:24:31.183121
158260,136,2025-02-11,13.6,0,9.2,05:36,18,12:40,10,0.8,5.3,11:40,75,99,,35,03:40,2025-05-06 16:24:31.324462,2025-05-06 16:24:31.324462
158278,136,2025-02-12,12.6,0,8.9,01:11,16.3,15:13,9,2.8,7.5,12:30,86,99,,68,14:10,2025-05-06 16:24:31.460333,2025-05-06 16:24:31.460333
158295,136,2025-02-13,13,0,8.8,21:40,17.1,14:03,11,2.5,6.4,10:30,84,100,,68,14:20,2025-05-06 16:24:31.584173,2025-05-06 16:24:31.584173
158313,136,2025-02-14,13.2,0,7.1,01:25,19.4,13:19,17,1.1,5.6,14:10,50,100,,26,08:40,2025-05-06 16:24:31.715700,2025-05-06 16:24:31.715700
158331,136,2025-02-15,13.7,9.4,9,04:34,18.4,11:40,30,2.5,10.6,16:30,68,100,,28,00:50,2025-05-06 16:24:31.857248,2025-05-06 16:24:31.857248
158348,136,2025-02-16,11.2,0,6.8,05:04,15.5,13:25,9,2.2,6.1,14:40,85,100,,70,13:10,2025-05-06 16:24:31.982805,2025-05-06 16:24:31.982805
158365,136,2025-02-17,12.2,1.6,7.4,05:29,16.9,12:38,10,2.5,8.9,21:50,83,98,00:20,64,11:40,2025-05-06 16:24:32.103530,2025-05-06 16:24:32.103530
158383,136,2025-02-18,11.9,7.4,9.4,07:11,14.4,01:51,28,3.9,10.3,03:40,98,100,,70,01:20,2025-05-06 16:24:32.222016,2025-05-06 16:24:32.222016
158401,136,2025-02-19,11.8,2,9,06:51,14.5,14:36,34,1.4,7.5,00:10,88,100,,68,17:00,2025-05-06 16:24:32.354015,2025-05-06 16:24:32.354015
158419,136,2025-02-20,13.3,0,9.4,23:00,17.2,15:07,12,2.8,9.2,10:30,86,100,,64,15:10,2025-05-06 16:24:32.489161,2025-05-06 16:24:32.489161
158437,136,2025-02-21,14.1,0,9,00:29,19.2,12:37,12,1.1,6.1,11:30,70,98,19:40,37,01:50,2025-05-06 16:24:32.628088,2025-05-06 16:24:32.628088
158455,136,2025-02-22,13.4,0,9.2,01:14,17.7,14:19,12,2.2,8.6,11:30,88,100,,45,00:00,2025-05-06 16:24:32.764169,2025-05-06 16:24:32.764169
158473,136,2025-02-23,12.6,0.6,10.1,19:03,15.1,15:56,9,2.5,5.6,14:40,94,100,,77,15:20,2025-05-06 16:24:32.901907,2025-05-06 16:24:32.901907
158491,136,2025-02-24,13.4,0,8.6,07:50,18.3,11:50,12,2.8,7.2,08:40,83,100,,37,11:50,2025-05-06 16:24:33.041301,2025-05-06 16:24:33.041301
158509,136,2025-02-25,15.4,0,9.5,06:55,21.4,12:54,12,2.5,8.9,08:30,80,100,,43,08:20,2025-05-06 16:24:33.169007,2025-05-06 16:24:33.169007
158527,136,2025-02-26,13.8,0,9,04:28,18.5,13:08,10,2.8,8.3,10:20,57,100,22:40,23,06:20,2025-05-06 16:24:33.298758,2025-05-06 16:24:33.298758
158545,136,2025-02-27,14,10.8,9.4,00:01,18.6,14:15,12,2.8,7.2,01:50,78,99,,48,13:30,2025-05-06 16:24:33.434808,2025-05-06 16:24:33.434808
158563,136,2025-02-28,11.6,8.8,9.2,20:27,13.9,14:23,34,5,10.8,17:30,96,100,,78,14:10,2025-05-06 16:24:33.564326,2025-05-06 16:24:33.564326
158581,136,2025-03-01,11.6,2,8.5,21:47,14.7,15:09,33,2.2,9.4,01:50,94,100,,70,15:30,2025-05-06 16:24:33.690234,2025-05-06 16:24:33.690234
158599,136,2025-03-02,11.4,14.6,8.6,06:47,14.2,10:49,11,1.1,4.2,14:30,94,100,15:20,75,10:10,2025-05-06 16:24:33.824411,2025-05-06 16:24:33.824411
158617,136,2025-03-03,10.8,13,7.7,06:59,14,12:06,11,1.7,6.4,14:10,89,99,,73,09:20,2025-05-06 16:24:33.959241,2025-05-06 16:24:33.959241
158635,136,2025-03-04,10.6,14.8,7.3,22:33,13.8,11:18,32,2.5,8.6,15:20,99,100,,86,11:20,2025-05-06 16:24:34.097514,2025-05-06 16:24:34.097514
158652,136,2025-03-05,10.8,0,6.6,06:56,14.9,14:00,34,2.8,8.1,16:50,81,100,00:00,61,15:20,2025-05-06 16:24:34.223406,2025-05-06 16:24:34.223406
158670,136,2025-03-06,12.4,0,8.7,23:21,16.2,14:09,28,3.6,9.2,07:00,84,99,02:30,68,13:30,2025-05-06 16:24:34.350640,2025-05-06 16:24:34.350640
158688,136,2025-03-07,13.2,0,8,07:03,18.5,14:25,99,1.7,6.1,,85,96,06:30,64,,2025-05-06 16:24:34.472572,2025-05-06 16:24:34.472572
158706,136,2025-03-08,11.2,19.4,8.7,23:53,13.8,10:32,25,2.8,10.3,00:20,97,100,,82,00:40,2025-05-06 16:24:34.599586,2025-05-06 16:24:34.599586
158724,136,2025-03-09,11.3,0.2,8.4,,14.2,15:23,28,1.9,8.9,01:20,94,100,,83,15:20,2025-05-06 16:24:34.728828,2025-05-06 16:24:34.728828
158742,136,2025-03-10,11.6,0.6,8.5,,14.6,11:41,8,1.7,6.4,12:20,90,100,,71,10:20,2025-05-06 16:24:34.868961,2025-05-06 16:24:34.868961
158760,136,2025-03-11,12.9,0,9.9,07:05,15.9,10:56,99,1.1,5.6,23:50,88,100,,66,09:50,2025-05-06 16:24:34.993048,2025-05-06 16:24:34.993048
158778,136,2025-03-12,15.2,1,10,07:09,20.3,12:59,30,1.1,8.1,02:40,74,98,20:20,60,13:00,2025-05-06 16:24:35.119358,2025-05-06 16:24:35.119358
158796,136,2025-03-13,13.1,29.8,10.3,23:51,15.9,12:02,36,1.4,9.4,23:30,88,100,,75,18:40,2025-05-06 16:24:35.246113,2025-05-06 16:24:35.246113
158814,136,2025-03-14,11.4,1.4,7.7,04:05,15,14:16,29,2.8,11.4,04:20,90,100,,73,13:10,2025-05-06 16:24:35.386339,2025-05-06 16:24:35.386339
158832,136,2025-03-15,10.9,0,7.5,03:52,14.3,11:29,29,1.4,4.4,00:40,85,100,,77,10:10,2025-05-06 16:24:35.509824,2025-05-06 16:24:35.509824
158850,136,2025-03-16,14.2,2.6,9,02:32,19.5,15:02,28,1.9,8.3,22:40,84,94,07:20,68,20:00,2025-05-06 16:24:35.642595,2025-05-06 16:24:35.642595
158868,136,2025-03-17,13.3,0.4,9.9,20:47,16.7,12:37,28,3.6,9.7,20:40,83,100,,70,13:10,2025-05-06 16:24:35.771602,2025-05-06 16:24:35.771602
158886,136,2025-03-18,12.4,0.2,8.5,23:17,16.2,11:52,31,1.9,8.3,01:40,89,100,,71,12:00,2025-05-06 16:24:35.836756,2025-05-06 16:24:35.836756
158904,136,2025-03-19,13.7,0,7.4,06:22,20,14:04,27,2.5,13.3,17:50,79,100,,46,13:40,2025-05-06 16:24:35.902237,2025-05-06 16:24:35.902237
158922,136,2025-03-20,14.3,9,10.4,23:57,18.2,11:07,22,1.9,8.6,05:40,94,100,,71,10:10,2025-05-06 16:24:35.970386,2025-05-06 16:24:35.970386
158940,136,2025-03-21,12.2,3.6,9,,15.5,15:43,34,2.5,7.5,15:00,87,100,,72,15:30,2025-05-06 16:24:36.044855,2025-05-06 16:24:36.044855
158958,136,2025-03-22,10.8,8.2,8,23:53,13.6,11:27,1,2.2,9.4,17:40,98,100,,89,12:10,2025-05-06 16:24:36.139503,2025-05-06 16:24:36.139503
158976,136,2025-03-23,9.7,2.8,7.7,01:26,11.7,14:13,32,3.1,10,23:59,96,100,,92,13:10,2025-05-06 16:24:36.267126,2025-05-06 16:24:36.267126
158994,136,2025-03-24,10.6,9,8.8,04:14,12.3,13:32,1,3.1,10.3,14:30,97,100,,88,10:40,2025-05-06 16:24:36.382923,2025-05-06 16:24:36.382923
159012,136,2025-03-25,11.6,3.2,9.2,09:14,14.1,16:13,36,2.2,10.6,05:50,98,100,,73,15:40,2025-05-06 16:24:36.518552,2025-05-06 16:24:36.518552
159030,136,2025-03-26,10.9,0.2,8.2,03:50,13.6,14:37,1,1.4,8.1,00:30,92,100,,77,13:30,2025-05-06 16:24:36.660223,2025-05-06 16:24:36.660223
159047,136,2025-03-27,12.4,0.2,7.9,06:29,16.9,12:51,3,1.9,7.5,14:30,91,100,,73,12:00,2025-05-06 16:24:36.781801,2025-05-06 16:24:36.781801
159065,136,2025-03-28,11.4,0.4,9.7,,13.1,12:10,36,1.4,4.7,10:00,99,100,,83,23:59,2025-05-06 16:24:36.946410,2025-05-06 16:24:36.946410
159083,136,2025-03-29,14.3,0,8.9,04:32,19.7,13:37,9,1.7,7.2,12:20,76,100,21:50,57,10:30,2025-05-06 16:24:37.082037,2025-05-06 16:24:37.082037
159101,136,2025-03-30,14.1,0,10.1,04:30,18.1,14:33,10,1.4,10.8,15:50,78,97,21:00,53,17:50,2025-05-06 16:24:37.210268,2025-05-06 16:24:37.210268
159119,136,2025-03-31,16.1,1.4,10.7,01:22,21.5,13:37,22,1.7,8.9,10:20,77,100,23:30,39,15:00,2025-05-06 16:24:37.338261,2025-05-06 16:24:37.338261
159130,136,2025-04-01,12.2,10.2,10.1,23:56,14.2,12:07,15,1.7,6.4,21:20,97,100,,91,16:00,2025-05-06 16:24:37.418881,2025-05-06 16:24:37.418881
159149,136,2025-04-02,9.9,8.2,8.1,24:00,11.7,11:16,31,2.8,8.9,07:00,100,100,,86,04:00,2025-05-06 16:24:37.551429,2025-05-06 16:24:37.551429
159173,136,2025-04-03,12.9,0,7.4,01:32,18.4,15:27,23,5.6,25.3,10:20,66,100,,36,19:40,2025-05-06 16:24:37.740232,2025-05-06 16:24:37.740232
159190,136,2025-04-04,13.2,0,9,00:32,17.5,10:45,17,1.7,5,04:30,78,99,03:00,64,09:50,2025-05-06 16:24:37.873317,2025-05-06 16:24:37.873317
159207,136,2025-04-05,13.4,0,9.9,04:48,16.9,17:51,14,1.1,5,00:30,84,99,,71,17:40,2025-05-06 16:24:37.993935,2025-05-06 16:24:37.993935
159219,136,2025-04-06,15.2,0,9.9,00:22,20.6,12:29,12,2.2,6.4,,82,99,00:00,57,10:00,2025-05-06 16:24:38.080530,2025-05-06 16:24:38.080530
159241,136,2025-04-07,17,0,12.2,05:21,21.7,16:06,12,0.8,6.7,02:10,74,97,20:00,59,09:10,2025-05-06 16:24:38.254064,2025-05-06 16:24:38.254064
159253,136,2025-04-08,15.2,6.2,10.2,06:51,20.1,12:01,13,3.3,7.5,07:10,87,99,23:40,51,00:40,2025-05-06 16:24:38.344837,2025-05-06 16:24:38.344837
159271,136,2025-04-09,13.6,10.6,10.8,23:53,16.4,16:32,18,2.5,7.8,22:10,96,100,,79,16:30,2025-05-06 16:24:38.480151,2025-05-06 16:24:38.480151
159295,136,2025-04-10,15,5.8,10.8,00:02,19.2,13:47,26,2.8,16.1,04:20,75,100,,58,13:50,2025-05-06 16:24:38.655780,2025-05-06 16:24:38.655780
159309,136,2025-04-11,13.3,0,9.8,06:55,16.8,16:47,31,1.7,5.3,02:30,93,100,,81,16:50,2025-05-06 16:24:38.766967,2025-05-06 16:24:38.766967
159330,136,2025-04-12,13.6,9,10.4,23:23,16.8,10:57,33,2.8,10,11:40,88,100,,69,06:40,2025-05-06 16:24:38.927414,2025-05-06 16:24:38.927414
159339,136,2025-04-13,13.8,2.2,10.5,,17.1,15:43,36,3.3,10,07:40,93,100,,76,15:40,2025-05-06 16:24:38.991258,2025-05-06 16:24:38.991258
159365,136,2025-04-14,13.2,1,10.3,23:24,16,11:05,32,3.1,9.7,23:00,95,100,,71,11:10,2025-05-06 16:24:39.178704,2025-05-06 16:24:39.178704
159378,136,2025-04-15,12.4,0.8,9.7,23:59,15.2,15:39,33,2.8,9.2,11:20,98,100,,83,16:20,2025-05-06 16:24:39.279628,2025-05-06 16:24:39.279628
159396,136,2025-04-16,12.9,1.4,9.5,00:06,16.3,13:30,1,1.7,7.2,11:40,87,100,,69,13:30,2025-05-06 16:24:39.409360,2025-05-06 16:24:39.409360
159419,136,2025-04-17,14,0,10,02:27,18,14:11,36,1.9,6.1,13:30,87,100,,67,14:50,2025-05-06 16:24:39.578845,2025-05-06 16:24:39.578845
159431,136,2025-04-18,14,5.2,10.1,05:32,17.8,13:22,32,2.2,6.1,14:40,88,100,,67,13:10,2025-05-06 16:24:39.668188,2025-05-06 16:24:39.668188
159455,136,2025-04-19,12.2,3,10.4,,13.9,15:35,1,2.2,8.3,19:30,98,100,,87,15:40,2025-05-06 16:24:39.856225,2025-05-06 16:24:39.856225
159473,136,2025-04-20,11.4,1.4,8.8,05:58,14,12:46,2,1.9,8.3,02:00,94,100,,76,13:50,2025-05-06 16:24:40.040414,2025-05-06 16:24:40.040414
159482,136,2025-04-21,11.2,2.8,8.6,06:05,13.7,16:00,1,1.4,8.1,20:00,89,100,,77,16:10,2025-05-06 16:24:40.112494,2025-05-06 16:24:40.112494
159506,136,2025-04-22,12,2.2,9.9,03:45,14.2,12:27,36,1.9,7.8,15:30,98,100,,87,11:20,2025-05-06 16:24:40.303108,2025-05-06 16:24:40.303108
159524,136,2025-04-23,13.3,0,9.8,05:52,16.8,14:49,36,1.4,6.1,03:10,84,100,,63,14:40,2025-05-06 16:24:40.447391,2025-05-06 16:24:40.447391
159537,136,2025-04-24,13.2,0,9.4,03:35,17,13:20,27,2.8,7.2,08:10,82,98,23:30,66,13:20,2025-05-06 16:24:40.544106,2025-05-06 16:24:40.544106
159555,136,2025-04-25,13.8,0,10.6,06:25,17,14:02,4,1.4,6.1,14:40,87,98,,65,13:30,2025-05-06 16:24:40.673582,2025-05-06 16:24:40.673582
159578,136,2025-04-26,13,0,10.4,05:28,15.7,16:02,5,1.4,6.9,02:00,90,99,01:40,77,15:50,2025-05-06 16:24:40.844732,2025-05-06 16:24:40.844732
159592,136,2025-04-27,15,0,10.3,04:06,19.8,12:03,3,1.7,4.2,01:40,87,100,,66,12:40,2025-05-06 16:24:40.950025,2025-05-06 16:24:40.950025
159614,136,2025-04-28,12.2,0,9.2,04:45,15.3,13:53,28,2.2,6.9,23:59,91,100,,49,03:10,2025-05-06 16:24:41.129419,2025-05-06 16:24:41.129419
159632,136,2025-04-29,10.5,10.4,8.7,21:48,12.3,10:35,30,4.2,9.7,09:10,98,100,,89,04:40,2025-05-06 16:24:41.266746,2025-05-06 16:24:41.266746
159640,136,2025-04-30,10.6,0.2,8.4,01:07,12.9,12:24,33,2.5,6.4,08:50,89,100,,79,13:00,2025-05-06 16:24:41.329388,2025-05-06 16:24:41.329388
195315,136,2008-11-15,17.4,0,12.2,06:13,22.5,11:49,12,4.7,9.2,12:30,45,76,,34,10:10,2025-05-06 18:48:03.120533,2025-05-06 18:48:03.120533
195327,136,2008-11-16,19.2,0,14.1,22:26,24.3,11:59,14,3.1,11.9,04:50,61,86,17:50,37,01:25,2025-05-06 18:48:03.188905,2025-05-06 18:48:03.188905
195339,136,2008-11-17,16.4,0,12,03:12,20.7,15:11,14,2.5,8.9,22:00,48,85,17:00,34,08:10,2025-05-06 18:48:03.247637,2025-05-06 18:48:03.247637
195352,136,2008-11-18,13.9,0,9.8,07:36,18,09:40,14,1.7,6.7,01:20,85,98,,28,03:10,2025-05-06 18:48:03.323353,2025-05-06 18:48:03.323353
195367,136,2008-11-19,12.7,7.6,9.7,22:30,15.7,11:14,2,2.5,7.2,15:50,82,96,23:10,62,11:10,2025-05-06 18:48:03.403583,2025-05-06 18:48:03.403583
195382,136,2008-11-20,12.8,4,10,,15.7,14:35,36,1.7,7.8,04:20,96,100,,75,14:30,2025-05-06 18:48:03.485045,2025-05-06 18:48:03.485045
195397,136,2008-11-21,12.6,2,8.9,03:30,16.4,09:30,4,2.2,9.2,20:40,88,100,,66,10:20,2025-05-06 18:48:03.569267,2025-05-06 18:48:03.569267
195412,136,2008-11-22,12.6,0.4,10,06:30,15.1,13:05,2,2.5,10,21:20,94,100,,71,14:00,2025-05-06 18:48:03.651953,2025-05-06 18:48:03.651953
195427,136,2008-11-23,12.8,3.6,10.1,08:05,15.4,14:31,2,2.2,8.3,00:30,88,100,,65,12:40,2025-05-06 18:48:03.731858,2025-05-06 18:48:03.731858
195442,136,2008-11-24,11.8,1,10,07:30,13.5,15:54,99,2.2,6.7,10:15,90,100,,71,16:00,2025-05-06 18:48:03.813557,2025-05-06 18:48:03.813557
195457,136,2008-11-25,11.6,23.6,9.1,01:01,14.2,13:52,1,1.9,9.2,10:10,92,100,,72,03:00,2025-05-06 18:48:03.891503,2025-05-06 18:48:03.891503
195472,136,2008-11-26,9.9,4.2,8.4,23:54,11.4,11:43,33,3.6,11.1,07:20,100,100,,93,20:45,2025-05-06 18:48:03.971583,2025-05-06 18:48:03.971583
195487,136,2008-11-27,9.7,1.2,7.2,02:02,12.2,12:26,36,3.3,11.1,00:40,95,100,,80,14:25,2025-05-06 18:48:04.052121,2025-05-06 18:48:04.052121
195501,136,2008-11-28,11,0.2,7.7,07:31,14.3,,6,1.7,6.4,02:10,75,100,,60,13:00,2025-05-06 18:48:04.127070,2025-05-06 18:48:04.127070
195514,136,2008-11-29,10.4,2.4,8,05:36,12.9,12:46,31,2.5,7.5,20:30,83,100,,69,09:45,2025-05-06 18:48:04.188196,2025-05-06 18:48:04.188196
195527,136,2008-11-30,11.4,3.4,8.3,04:30,14.4,,32,3.6,8.3,16:10,97,100,,73,12:00,2025-05-06 18:48:04.254883,2025-05-06 18:48:04.254883
195540,136,2008-12-01,10.8,5.2,8.6,07:10,13.1,11:16,34,1.7,7.5,16:50,100,100,,90,11:20,2025-05-06 18:48:04.323561,2025-05-06 18:48:04.323561
195553,136,2008-12-02,9.7,0,7.8,23:53,11.6,14:39,2,2.5,8.6,09:20,94,100,,82,14:10,2025-05-06 18:48:04.391928,2025-05-06 18:48:04.391928
195567,136,2008-12-03,9.4,0,7.7,04:24,11.1,13:58,11,2.5,10.3,12:20,91,100,,82,,2025-05-06 18:48:04.463887,2025-05-06 18:48:04.463887
195581,136,2008-12-04,9.6,0,7.8,01:01,11.5,12:47,10,2.2,7.5,03:10,93,100,,86,12:45,2025-05-06 18:48:04.543415,2025-05-06 18:48:04.543415
195595,136,2008-12-05,12.2,0,9.7,,14.8,13:42,99,3.3,9.2,,95,100,,77,14:00,2025-05-06 18:48:04.617664,2025-05-06 18:48:04.617664
195609,136,2008-12-06,10.9,0,9.5,03:30,12.3,,12,4.2,11.4,16:10,97,100,,89,14:25,2025-05-06 18:48:04.693934,2025-05-06 18:48:04.693934
195623,136,2008-12-07,13.3,0.2,8.4,22:32,18.2,12:53,12,3.1,7.8,,88,100,,68,13:30,2025-05-06 18:48:04.771306,2025-05-06 18:48:04.771306
195637,136,2008-12-08,13.3,5.4,8,01:06,18.6,11:45,10,1.1,4.7,02:10,93,100,,64,12:10,2025-05-06 18:48:04.843930,2025-05-06 18:48:04.843930
195651,136,2008-12-09,10.8,6.2,9.3,05:30,12.3,13:05,2,2.5,11.7,23:20,98,100,,88,13:10,2025-05-06 18:48:04.916294,2025-05-06 18:48:04.916294
196688,136,2009-02-23,12.6,0,6.5,06:39,18.7,10:36,10,2.2,8.3,00:40,91,100,,24,00:30,2025-05-06 18:48:10.633329,2025-05-06 18:48:10.633329
196703,136,2009-02-24,11.4,0,7.7,01:01,15.1,12:18,1,0.8,5.3,12:30,89,100,,61,09:20,2025-05-06 18:48:10.713650,2025-05-06 18:48:10.713650
196718,136,2009-02-25,12.2,0,5.9,04:13,18.4,12:53,34,1.4,4.7,13:20,85,100,,62,,2025-05-06 18:48:10.796015,2025-05-06 18:48:10.796015
196733,136,2009-02-26,11.2,15,6.2,02:45,16.3,10:22,35,1.9,6.1,12:40,92,100,,58,10:40,2025-05-06 18:48:10.878617,2025-05-06 18:48:10.878617
196748,136,2009-02-27,10.6,0.2,6.7,01:28,14.5,12:52,35,2.8,7.8,13:30,91,100,16:10,68,09:50,2025-05-06 18:48:10.961977,2025-05-06 18:48:10.961977
196763,136,2009-02-28,11,0,7.4,04:30,14.5,11:30,99,3.3,7.2,,90,100,,74,11:30,2025-05-06 18:48:11.046276,2025-05-06 18:48:11.046276
196778,136,2009-03-01,10.9,0,8.1,01:23,13.7,10:23,29,1.1,3.9,20:10,90,100,,69,09:40,2025-05-06 18:48:11.130519,2025-05-06 18:48:11.130519
196793,136,2009-03-02,8.9,48,6.5,18:26,11.3,08:30,99,3.6,10.8,,100,100,,95,,2025-05-06 18:48:11.212907,2025-05-06 18:48:11.212907
196807,136,2009-03-03,7.8,3,5.8,09:53,9.7,15:11,34,5.8,14.4,18:10,100,100,,87,,2025-05-06 18:48:11.293654,2025-05-06 18:48:11.293654
196821,136,2009-03-04,9.2,1.2,7,,11.4,14:12,35,4.7,11.7,04:10,95,100,,78,14:00,2025-05-06 18:48:11.368081,2025-05-06 18:48:11.368081
196835,136,2009-03-05,9.8,13.8,7.6,01:01,12,13:44,34,3.9,12.2,08:10,95,100,,77,13:10,2025-05-06 18:48:11.448396,2025-05-06 18:48:11.448396
196849,136,2009-03-06,9.8,2.2,7.5,,12.2,15:01,2,2.5,9.2,03:30,100,100,,88,15:10,2025-05-06 18:48:11.527791,2025-05-06 18:48:11.527791
196863,136,2009-03-07,10.5,15.8,8.9,01:06,12.1,13:45,13,2.5,7.2,00:20,100,100,,100,,2025-05-06 18:48:11.604125,2025-05-06 18:48:11.604125
196878,136,2009-03-08,11.6,3.4,8.6,05:18,14.5,10:46,99,2.8,8.6,,98,100,,80,10:20,2025-05-06 18:48:11.685505,2025-05-06 18:48:11.685505
196893,136,2009-03-09,12.2,0.2,8.3,22:57,16.1,08:42,7,1.4,5.8,13:30,92,100,,72,08:40,2025-05-06 18:48:11.772013,2025-05-06 18:48:11.772013
196907,136,2009-03-10,14.8,0,8.4,02:30,21.1,12:36,13,2.5,10.3,21:30,68,100,,58,17:00,2025-05-06 18:49:17.433588,2025-05-06 18:49:17.433588
196921,136,2009-03-11,17.5,0,11.7,01:02,23.3,11:57,14,3.9,10.8,12:20,51,77,00:00,39,13:50,2025-05-06 18:49:17.525196,2025-05-06 18:49:17.525196
196934,136,2009-03-12,19.7,0,14.7,03:39,24.7,13:49,13,4.7,12.5,11:40,47,66,18:30,32,13:00,2025-05-06 18:49:17.594359,2025-05-06 18:49:17.594359
196948,136,2009-03-13,19.7,0,15,07:06,24.4,13:30,15,1.9,5.8,12:30,39,56,07:10,22,23:15,2025-05-06 18:49:17.668337,2025-05-06 18:49:17.668337
196962,136,2009-03-14,19.5,0,14.1,03:18,24.9,13:18,13,5,12.2,09:30,48,68,18:45,21,00:00,2025-05-06 18:49:17.753604,2025-05-06 18:49:17.753604
196975,136,2009-03-15,21,0,15.2,02:35,26.9,14:49,12,5.3,17.2,11:20,43,58,18:50,35,13:00,2025-05-06 18:49:17.841202,2025-05-06 18:49:17.841202
196988,136,2009-03-16,20.4,0,13.8,21:31,26.9,11:40,15,4.4,18.6,05:40,51,83,21:30,36,11:40,2025-05-06 18:49:17.924649,2025-05-06 18:49:17.924649
197003,136,2009-03-17,17.1,0,12.2,20:30,22,10:59,20,2.5,7.5,14:40,69,98,20:25,37,08:50,2025-05-06 18:49:18.009831,2025-05-06 18:49:18.009831
197018,136,2009-03-18,15.6,3.8,10.9,21:52,20.4,10:37,16,0.8,6.7,03:30,90,100,,67,,2025-05-06 18:49:18.092073,2025-05-06 18:49:18.092073
197032,136,2009-03-19,12.8,12.8,10.6,,15,,33,2.8,9.4,22:30,99,100,,91,00:00,2025-05-06 18:49:18.159799,2025-05-06 18:49:18.159799
197045,136,2009-03-20,10.9,2.2,9.5,,12.3,13:23,33,3.9,8.6,21:50,96,100,,89,12:55,2025-05-06 18:49:18.218768,2025-05-06 18:49:18.218768
197059,136,2009-03-21,11.7,0.2,9.7,00:00,13.7,14:16,2,3.1,8.9,08:30,100,100,,98,14:20,2025-05-06 18:49:18.292629,2025-05-06 18:49:18.292629
197073,136,2009-03-22,11.3,0,8.8,20:28,13.8,13:58,1,2.2,6.1,06:30,96,100,,88,13:45,2025-05-06 18:49:18.362930,2025-05-06 18:49:18.362930
197087,136,2009-03-23,11,0,8,01:24,14,14:30,2,1.4,6.1,23:59,93,100,,72,,2025-05-06 18:49:18.433529,2025-05-06 18:49:18.433529
197101,136,2009-03-24,11.4,1.8,7.9,06:30,15,11:30,36,4.2,9.4,14:50,91,100,,66,11:50,2025-05-06 18:49:18.507600,2025-05-06 18:49:18.507600
197116,136,2009-03-25,10.4,0.2,6.6,23:48,14.1,11:08,34,2.2,7.8,01:30,97,100,,77,11:10,2025-05-06 18:49:18.581309,2025-05-06 18:49:18.581309
197130,136,2009-03-26,11.5,0.6,6.8,07:06,16.2,09:59,13,3.1,6.1,07:10,86,100,,55,10:00,2025-05-06 18:49:18.641492,2025-05-06 18:49:18.641492
197144,136,2009-03-27,11.2,12.2,7.6,07:15,14.9,10:38,99,2.2,8.9,,96,100,,72,08:20,2025-05-06 18:49:18.708780,2025-05-06 18:49:18.708780
197158,136,2009-03-28,9.8,1.6,8,02:30,11.5,12:20,32,6.7,13.3,05:30,99,100,,92,,2025-05-06 18:49:18.772138,2025-05-06 18:49:18.772138
197173,136,2009-03-29,9.6,10.8,7.8,,11.5,12:28,34,3.1,10.3,00:00,100,100,,99,,2025-05-06 18:49:18.849393,2025-05-06 18:49:18.849393
197187,136,2009-03-30,9.4,1.2,7.1,07:04,11.6,12:30,1,2.2,6.4,11:20,92,100,,80,,2025-05-06 18:49:18.918900,2025-05-06 18:49:18.918900
197200,136,2009-03-31,9.4,1.8,7.2,03:30,11.5,15:08,6,1.4,6.7,22:40,98,100,,87,15:10,2025-05-06 18:49:18.985177,2025-05-06 18:49:18.985177
197214,136,2009-04-01,10.4,3.4,8.4,05:30,12.4,13:03,99,1.9,8.6,08:55,97,100,,90,13:00,2025-05-06 18:49:19.055631,2025-05-06 18:49:19.055631
197228,136,2009-04-02,11,3.2,8.2,06:11,13.8,12:42,1,2.8,8.1,21:50,91,100,,78,12:30,2025-05-06 18:49:19.126200,2025-05-06 18:49:19.126200
197240,136,2009-04-03,11,2.2,8.7,20:06,13.3,15:14,2,1.9,9.2,07:20,99,100,,84,15:20,2025-05-06 18:49:19.185187,2025-05-06 18:49:19.185187
197254,136,2009-04-04,13.2,0.2,8,05:30,18.3,15:23,11,2.2,6.7,13:00,91,100,,71,14:30,2025-05-06 18:49:19.252444,2025-05-06 18:49:19.252444
197267,136,2009-04-05,15.6,0,8,02:10,23.2,10:51,14,2.8,6.7,09:40,60,100,,30,22:05,2025-05-06 18:49:19.326063,2025-05-06 18:49:19.326063
197281,136,2009-04-06,12.8,0,8.3,07:02,17.3,11:23,35,1.4,6.1,21:40,93,100,,53,08:00,2025-05-06 18:49:19.398970,2025-05-06 18:49:19.398970
197295,136,2009-04-07,12.8,1.2,8.8,03:35,16.9,13:59,99,3.3,8.3,13:55,94,100,,73,14:00,2025-05-06 18:49:19.457613,2025-05-06 18:49:19.457613
197309,136,2009-04-08,11.2,0.8,8.6,04:42,13.9,12:55,35,1.7,8.9,23:10,93,100,,82,13:10,2025-05-06 18:49:19.520058,2025-05-06 18:49:19.520058
197322,136,2009-04-09,10,1.4,8.1,21:13,11.8,15:04,35,4.2,10.3,18:40,100,100,,88,15:10,2025-05-06 18:49:19.583017,2025-05-06 18:49:19.583017
197336,136,2009-04-10,10.2,7.4,8.4,22:19,12,13:25,34,6.1,13.3,18:10,100,100,,90,13:50,2025-05-06 18:49:19.658376,2025-05-06 18:49:19.658376
197351,136,2009-04-11,10.2,12.2,8.2,01:33,12.3,13:29,34,4.4,11.7,20:10,100,100,,100,,2025-05-06 18:49:19.742114,2025-05-06 18:49:19.742114
197365,136,2009-04-12,10.2,0.6,8.3,05:31,12.2,14:42,34,3.6,10.3,00:50,100,100,,90,14:50,2025-05-06 18:49:19.817574,2025-05-06 18:49:19.817574
201184,136,2009-12-25,,,,,,,26,,24.4,67:30,,,,,,2025-05-06 18:50:42.430130,2025-05-06 18:50:42.430130
200809,136,2009-12-02,12,,10.9,,13.2,16:25,0,,,,,,,,,2025-05-06 18:50:41.049083,2025-05-06 18:50:41.049083
200826,136,2009-12-03,12.2,,10.9,19:26,13.6,11:41,0,,,,,,,,,2025-05-06 18:50:41.129385,2025-05-06 18:50:41.129385
200971,136,2009-12-12,12.2,,9.5,20:30,15,01:03,0,,,,,,,,,2025-05-06 18:50:41.864282,2025-05-06 18:50:41.864282
201034,136,2009-12-16,15.1,,13.3,23:57,16.9,12:41,0,1.4,,,,,,,,2025-05-06 18:50:42.088568,2025-05-06 18:50:42.088568
201050,136,2009-12-17,,,,,,,24,,28.6,82:50,,,,,,2025-05-06 18:50:42.127268,2025-05-06 18:50:42.127268
201067,136,2009-12-18,,,,,,,23,,24.4,60:00,,,,,,2025-05-06 18:50:42.172096,2025-05-06 18:50:42.172096
201116,136,2009-12-21,,,,,,,25,,25.3,80:30,,,,,,2025-05-06 18:50:42.275245,2025-05-06 18:50:42.275245
201133,136,2009-12-22,,,,,,,26,,24.2,81:40,,,,,,2025-05-06 18:50:42.313204,2025-05-06 18:50:42.313204
201150,136,2009-12-23,,,,,,,24,,27.8,61:50,,,,,,2025-05-06 18:50:42.350728,2025-05-06 18:50:42.350728
201167,136,2009-12-24,,,,,,,26,,27.8,65:00,,,,,,2025-05-06 18:50:42.390399,2025-05-06 18:50:42.390399
201813,136,2010-02-03,,,,,,,0,3.6,,,100,,,,,2025-05-06 18:50:45.254425,2025-05-06 18:50:45.254425
202348,136,2010-03-11,,,,,,,0,3.9,,,88,,,,,2025-05-06 18:51:50.156008,2025-05-06 18:51:50.156008
202365,136,2010-03-12,12,0.4,8.7,23:15,15.2,14:50,30,2.8,7.5,00:10,94,100,05:40,78,15:20,2025-05-06 18:51:50.233177,2025-05-06 18:51:50.233177
202382,136,2010-03-13,13.4,0,8,23:39,18.7,13:40,12,1.9,6.7,12:20,83,97,,61,14:20,2025-05-06 18:51:50.336423,2025-05-06 18:51:50.336423
202399,136,2010-03-14,13.9,0,7.6,06:17,20.2,13:16,12,2.5,8.3,13:40,83,99,,10,22:30,2025-05-06 18:51:50.438300,2025-05-06 18:51:50.438300
202416,136,2010-03-15,14,0,8.9,04:59,19,15:18,13,1.9,6.7,00:30,66,98,,15,01:40,2025-05-06 18:51:50.523840,2025-05-06 18:51:50.523840
202433,136,2010-03-16,14.1,0,9.3,,18.9,09:10,34,1.4,4.7,12:40,83,99,,39,23:30,2025-05-06 18:51:50.606632,2025-05-06 18:51:50.606632
202450,136,2010-03-17,17.1,0,10.9,05:11,23.3,11:20,12,1.7,8.3,11:00,63,83,19:40,22,23:40,2025-05-06 18:51:50.692347,2025-05-06 18:51:50.692347
202467,136,2010-03-18,21.5,0,14.9,04:06,28.1,12:45,17,3.6,12.8,19:30,22,54,04:00,17,13:00,2025-05-06 18:51:50.770355,2025-05-06 18:51:50.770355
202484,136,2010-03-19,21.3,0,15.9,22:03,26.7,12:03,17,1.4,10,00:50,21,36,22:00,15,00:00,2025-05-06 18:51:50.867184,2025-05-06 18:51:50.867184
202501,136,2010-03-20,16,5,11.2,,20.9,01:14,35,3.6,9.2,22:20,58,99,,16,01:40,2025-05-06 18:51:50.962888,2025-05-06 18:51:50.962888
202518,136,2010-03-21,13,0.4,9.3,06:19,16.8,13:01,34,2.2,8.6,03:20,88,100,,70,15:40,2025-05-06 18:51:51.052184,2025-05-06 18:51:51.052184
202535,136,2010-03-22,15,0,9.9,,20.1,14:37,13,2.5,9.7,10:00,81,98,,62,12:20,2025-05-06 18:51:51.146795,2025-05-06 18:51:51.146795
202552,136,2010-03-23,14.2,0,7.7,04:21,20.6,12:07,29,2.2,7.8,20:20,88,100,,13,07:30,2025-05-06 18:51:51.234455,2025-05-06 18:51:51.234455
202568,136,2010-03-24,13.8,3,9.9,02:06,17.7,13:21,35,3.3,7.8,17:20,83,99,,63,13:20,2025-05-06 18:51:51.319201,2025-05-06 18:51:51.319201
202585,136,2010-03-25,12.2,0,8.5,06:50,15.9,13:47,32,2.5,7.5,06:00,83,100,,65,13:30,2025-05-06 18:51:51.403828,2025-05-06 18:51:51.403828
202602,136,2010-03-26,13.6,0,8.7,05:13,18.6,10:51,15,2.5,6.9,23:50,88,98,,64,10:50,2025-05-06 18:51:51.484976,2025-05-06 18:51:51.484976
202619,136,2010-03-27,16,0,9.2,04:35,22.9,13:49,13,3.6,9.4,05:40,79,99,,22,18:50,2025-05-06 18:51:51.557937,2025-05-06 18:51:51.557937
202635,136,2010-03-28,19.6,0,12,23:59,27.3,12:12,27,1.7,6.9,20:20,36,88,23:59,19,04:30,2025-05-06 18:51:51.641997,2025-05-06 18:51:51.641997
202651,136,2010-03-29,16.1,0,9.4,06:13,22.8,13:05,0,2.2,,,54,99,,28,08:30,2025-05-06 18:51:51.726621,2025-05-06 18:51:51.726621
202668,136,2010-03-30,13.4,0,9.8,,16.9,11:07,5,1.9,6.7,10:40,84,97,05:30,65,13:50,2025-05-06 18:51:51.810615,2025-05-06 18:51:51.810615
202684,136,2010-03-31,13.8,0,9.1,23:24,18.4,14:03,11,2.5,9.2,14:40,81,95,,58,14:10,2025-05-06 18:51:51.890584,2025-05-06 18:51:51.890584
202700,136,2010-04-01,12.5,0,8.9,,16.1,11:42,10,3.9,8.6,11:40,84,98,,67,11:50,2025-05-06 18:51:51.962844,2025-05-06 18:51:51.962844
202716,136,2010-04-02,11.6,0.4,8.9,05:22,14.3,14:02,12,3.1,7.8,08:30,90,99,,81,14:20,2025-05-06 18:51:52.043091,2025-05-06 18:51:52.043091
202732,136,2010-04-03,10.2,14.6,9.3,,11.2,11:48,3,2.8,9.2,21:50,100,100,,99,,2025-05-06 18:51:52.128846,2025-05-06 18:51:52.128846
202748,136,2010-04-04,11,5.2,8.7,03:47,13.4,12:48,4,2.8,10,01:40,98,100,,90,12:50,2025-05-06 18:51:52.212701,2025-05-06 18:51:52.212701
202765,136,2010-04-05,11.2,0,8.3,,14,13:45,32,2.8,6.4,08:50,90,100,,75,13:10,2025-05-06 18:51:52.306284,2025-05-06 18:51:52.306284
202782,136,2010-04-06,13.3,0,8.3,04:37,18.3,14:10,33,1.7,4.7,06:20,81,99,,63,14:10,2025-05-06 18:51:52.400593,2025-05-06 18:51:52.400593
202798,136,2010-04-07,15,0,7.9,02:42,22.2,12:51,13,3.1,7.8,03:30,65,97,01:50,7,21:20,2025-05-06 18:51:52.493648,2025-05-06 18:51:52.493648
202814,136,2010-04-08,16.8,0,10.4,01:38,23.1,10:19,99,2.5,7.5,10:40,52,94,19:10,7,00:00,2025-05-06 18:51:52.575438,2025-05-06 18:51:52.575438
202831,136,2010-04-09,15.2,0,10.2,22:05,20.2,12:15,12,1.1,5.8,00:40,69,98,21:30,33,02:30,2025-05-06 18:51:52.662778,2025-05-06 18:51:52.662778
202848,136,2010-04-10,12.6,0,9.5,21:07,15.8,13:50,33,3.9,7.5,14:40,71,99,20:50,18,01:50,2025-05-06 18:51:52.752168,2025-05-06 18:51:52.752168
202865,136,2010-04-11,15,0,9.4,05:04,20.6,12:53,99,2.5,6.1,,84,99,,59,13:00,2025-05-06 18:51:52.850702,2025-05-06 18:51:52.850702
202882,136,2010-04-12,13.8,0,9.2,06:06,18.3,16:20,12,1.9,6.1,16:10,82,96,,61,09:00,2025-05-06 18:51:52.932283,2025-05-06 18:51:52.932283
202899,136,2010-04-13,15.6,,11,00:01,20.1,15:24,24,2.2,20.3,21:10,76,97,01:00,50,14:40,2025-05-06 18:51:53.011126,2025-05-06 18:51:53.011126
202915,136,2010-04-14,14.4,1,11.3,06:00,17.6,14:08,26,8.3,24.2,10:10,63,91,04:30,51,18:20,2025-05-06 18:51:53.088267,2025-05-06 18:51:53.088267
202931,136,2010-04-15,13.8,0,10.6,05:21,17.1,12:56,24,8.3,23.6,06:30,51,88,04:20,45,15:00,2025-05-06 18:51:53.168412,2025-05-06 18:51:53.168412
202948,136,2010-04-16,14.6,0,10,04:26,19.2,15:09,28,5,16.4,14:10,56,76,03:10,37,13:10,2025-05-06 18:51:53.259771,2025-05-06 18:51:53.259771
202965,136,2010-04-17,13.2,0,8,05:59,18.3,11:51,26,2.5,10.3,00:50,70,96,23:30,46,11:40,2025-05-06 18:51:53.358199,2025-05-06 18:51:53.358199
202982,136,2010-04-18,13.5,0,9.1,23:59,17.9,09:18,99,2.2,6.4,,85,98,,64,09:20,2025-05-06 18:51:53.451476,2025-05-06 18:51:53.451476
202999,136,2010-04-19,14.8,0,9,00:05,20.5,12:22,13,1.7,10.3,02:40,80,98,04:30,60,12:20,2025-05-06 18:51:53.537089,2025-05-06 18:51:53.537089
203016,136,2010-04-20,18.5,0,13,22:33,24,13:26,24,2.5,10.8,13:20,60,97,,36,16:20,2025-05-06 18:51:53.626961,2025-05-06 18:51:53.626961
203033,136,2010-04-21,16.6,4.6,11.9,06:28,21.3,09:59,35,1.4,6.4,18:30,93,99,,66,10:00,2025-05-06 18:51:53.721219,2025-05-06 18:51:53.721219
203050,136,2010-04-22,11.9,0,9.1,06:25,14.7,11:10,33,2.2,7.2,00:50,98,100,,91,10:30,2025-05-06 18:51:53.794555,2025-05-06 18:51:53.794555
203067,136,2010-04-23,13,0,9.3,03:22,16.7,10:14,33,1.9,7.2,17:20,90,100,,74,10:10,2025-05-06 18:51:53.873518,2025-05-06 18:51:53.873518
203084,136,2010-04-24,13.6,0,9.6,01:14,17.6,12:49,33,2.5,6.4,13:00,84,98,20:30,68,09:30,2025-05-06 18:51:53.950030,2025-05-06 18:51:53.950030
203101,136,2010-04-25,14.3,0,10.4,01:42,18.2,12:34,99,1.4,5.3,,83,96,00:00,67,14:20,2025-05-06 18:51:54.035321,2025-05-06 18:51:54.035321
203117,136,2010-04-26,16.9,0,10.9,00:01,22.9,15:42,99,1.9,6.1,,65,97,01:30,39,18:40,2025-05-06 18:51:54.112877,2025-05-06 18:51:54.112877
203133,136,2010-04-27,21.4,0,14.3,05:15,28.4,13:09,14,1.4,6.7,13:20,48,79,19:00,32,13:00,2025-05-06 18:51:54.196214,2025-05-06 18:51:54.196214
203150,136,2010-04-28,22,0,15.4,23:56,28.7,13:51,12,2.5,7.5,12:10,47,79,18:50,27,11:30,2025-05-06 18:51:54.280102,2025-05-06 18:51:54.280102
203167,136,2010-04-29,19.6,0,11.7,21:30,27.5,11:29,13,2.5,6.4,07:20,65,98,,30,09:10,2025-05-06 18:51:54.361557,2025-05-06 18:51:54.361557
203184,136,2010-04-30,15.2,0.4,11.6,04:15,18.7,12:29,35,1.9,5.8,16:40,87,99,,58,05:00,2025-05-06 18:51:54.438904,2025-05-06 18:51:54.438904
203201,136,2010-05-01,16.6,0.4,9.8,06:19,23.4,10:09,36,2.5,6.4,12:40,78,100,03:00,39,08:20,2025-05-06 18:51:54.523305,2025-05-06 18:51:54.523305
203218,136,2010-05-02,14,0.2,11,21:54,17.1,13:00,34,2.2,6.1,17:00,90,100,,73,13:00,2025-05-06 18:51:54.609986,2025-05-06 18:51:54.609986
203235,136,2010-05-03,14.2,0.2,10.1,05:16,18.2,12:28,35,1.9,7.8,13:20,79,98,,59,12:30,2025-05-06 18:51:54.698919,2025-05-06 18:51:54.698919
203252,136,2010-05-04,13.5,0,9.8,,17.2,12:28,1,1.9,6.4,12:10,83,99,07:10,67,12:10,2025-05-06 18:51:54.790391,2025-05-06 18:51:54.790391
203269,136,2010-05-05,13.3,0,9.7,,16.9,12:44,35,2.5,6.4,13:10,85,96,,68,13:00,2025-05-06 18:51:54.881791,2025-05-06 18:51:54.881791
203286,136,2010-05-06,12.6,0,9.5,03:58,15.7,13:21,35,4.7,10,13:40,78,97,23:10,67,16:00,2025-05-06 18:51:54.966657,2025-05-06 18:51:54.966657
203303,136,2010-05-07,14.4,0,9.5,05:22,19.2,13:47,33,2.8,7.2,16:00,77,98,03:50,62,15:50,2025-05-06 18:51:55.046721,2025-05-06 18:51:55.046721
203320,136,2010-05-08,16.1,0,11.9,05:52,20.3,15:06,99,1.4,5.6,,82,97,,65,08:40,2025-05-06 18:51:55.122523,2025-05-06 18:51:55.122523
203337,136,2010-05-09,15.2,0,11.2,23:59,19.3,13:50,11,1.9,4.7,13:20,83,99,04:20,67,14:00,2025-05-06 18:51:55.197668,2025-05-06 18:51:55.197668
203354,136,2010-05-10,14.2,0,10.3,02:36,18,09:15,36,1.9,6.4,18:10,82,97,19:00,60,08:20,2025-05-06 18:51:55.275439,2025-05-06 18:51:55.275439
203371,136,2010-05-11,13,6.6,11,21:00,14.9,10:20,34,3.3,7.2,17:10,97,100,,89,02:20,2025-05-06 18:51:55.354873,2025-05-06 18:51:55.354873
203388,136,2010-05-12,10.6,5.2,9.5,22:32,11.6,01:43,34,2.5,6.7,12:50,100,100,,97,19:50,2025-05-06 18:51:55.428996,2025-05-06 18:51:55.428996
203405,136,2010-05-13,11.7,0.6,8.6,03:44,14.8,13:00,35,5.8,12.2,17:00,91,99,,73,14:50,2025-05-06 18:51:55.499934,2025-05-06 18:51:55.499934
203421,136,2010-05-14,11.7,1,9,02:17,14.4,11:32,36,4.2,10,03:40,90,98,,61,10:00,2025-05-06 18:51:55.563723,2025-05-06 18:51:55.563723
203438,136,2010-05-15,11.6,5.8,8.8,03:52,14.3,12:54,36,1.7,10,23:20,92,99,,79,,2025-05-06 18:51:55.636665,2025-05-06 18:51:55.636665
203455,136,2010-05-16,11.5,2,9.8,23:29,13.2,12:36,36,4.2,10,05:20,96,100,,82,15:50,2025-05-06 18:51:55.704759,2025-05-06 18:51:55.704759
203472,136,2010-05-17,11.3,1,9.4,23:18,13.2,13:18,99,3.1,8.9,,96,100,,88,13:20,2025-05-06 18:51:55.775823,2025-05-06 18:51:55.775823
203489,136,2010-05-18,13.8,0,9,02:17,18.5,14:21,36,2.2,7.5,16:20,76,100,,45,,2025-05-06 18:51:55.858004,2025-05-06 18:51:55.858004
203506,136,2010-05-19,15.4,0,10,02:46,20.9,15:06,26,4.2,10,20:10,80,98,,33,20:30,2025-05-06 18:51:55.943656,2025-05-06 18:51:55.943656
203523,136,2010-05-20,17.4,0,11.3,05:46,23.5,12:21,36,3.6,9.4,13:20,41,97,01:00,26,08:20,2025-05-06 18:51:56.031276,2025-05-06 18:51:56.031276
203540,136,2010-05-21,19.6,0,15.6,19:30,23.6,12:31,32,3.6,6.9,16:30,49,72,18:50,24,04:40,2025-05-06 18:51:56.116512,2025-05-06 18:51:56.116512
203557,136,2010-05-22,16.8,0,11.4,21:33,22.2,08:48,30,1.9,6.1,00:30,63,96,22:00,28,02:40,2025-05-06 18:51:56.200040,2025-05-06 18:51:56.200040
203574,136,2010-05-23,13.8,0,10.5,05:23,17.2,09:39,32,3.1,6.7,01:30,84,98,,67,09:40,2025-05-06 18:51:56.286209,2025-05-06 18:51:56.286209
203591,136,2010-05-24,13.2,0,9.5,23:36,16.8,12:40,99,2.5,7.2,,87,98,00:00,68,12:40,2025-05-06 18:51:56.376649,2025-05-06 18:51:56.376649
203608,136,2010-05-25,14.6,0,9,04:58,20.2,10:53,11,1.9,6.9,11:10,81,95,,59,11:40,2025-05-06 18:51:56.451937,2025-05-06 18:51:56.451937
203623,136,2010-05-26,13.4,0.2,10.4,03:53,16.5,16:28,34,1.9,6.7,17:10,83,97,,66,16:50,2025-05-06 18:51:56.523299,2025-05-06 18:51:56.523299
203640,136,2010-05-27,13.6,0.2,9.8,04:28,17.5,13:14,1,2.8,7.5,13:50,84,98,,65,15:20,2025-05-06 18:51:56.599935,2025-05-06 18:51:56.599935
203657,136,2010-05-28,14.5,0,10.1,05:33,18.9,15:05,35,2.2,7.2,04:00,87,99,,60,11:40,2025-05-06 18:51:56.677776,2025-05-06 18:51:56.677776
203674,136,2010-05-29,14.3,0,10.2,23:04,18.4,13:57,2,1.9,7.2,13:40,83,95,05:00,60,23:30,2025-05-06 18:51:56.755845,2025-05-06 18:51:56.755845
203691,136,2010-05-30,16,0,10.8,02:36,21.3,12:13,9,1.4,5.3,01:10,82,98,,64,09:30,2025-05-06 18:51:56.828841,2025-05-06 18:51:56.828841
203708,136,2010-05-31,20.6,0,12.6,00:24,28.5,09:20,16,3.1,8.1,01:30,47,98,00:00,26,22:30,2025-05-06 18:51:56.905285,2025-05-06 18:51:56.905285
203725,136,2010-06-01,27.1,0,19.7,00:01,34.5,13:04,14,5.3,13.9,07:20,27,36,17:30,20,14:10,2025-05-06 18:51:56.984247,2025-05-06 18:51:56.984247
203741,136,2010-06-02,27.8,0,22.1,00:18,33.4,13:16,13,6.7,15,11:20,18,29,02:40,16,15:10,2025-05-06 18:51:57.061529,2025-05-06 18:51:57.061529
203757,136,2010-06-03,27.3,0,20,20:19,34.6,11:13,12,3.3,7.2,12:50,23,38,19:40,17,13:00,2025-05-06 18:51:57.141434,2025-05-06 18:51:57.141434
203773,136,2010-06-04,24.4,0,18.9,02:32,30,11:54,32,2.5,6.9,23:00,23,32,18:20,9,22:20,2025-05-06 18:51:57.218802,2025-05-06 18:51:57.218802
203790,136,2010-06-05,20.6,0,13.9,23:29,27.2,12:35,1,1.7,6.7,23:40,47,94,,6,00:00,2025-05-06 18:51:57.297687,2025-05-06 18:51:57.297687
203807,136,2010-06-06,15.8,0,12.2,23:30,19.3,14:25,29,3.1,6.4,03:10,84,99,07:50,65,14:40,2025-05-06 18:51:57.383114,2025-05-06 18:51:57.383114
203824,136,2010-06-07,14.8,0.6,11.7,06:25,17.8,13:47,32,2.5,7.2,14:00,88,98,,68,13:50,2025-05-06 18:51:57.467038,2025-05-06 18:51:57.467038
203841,136,2010-06-08,15.5,0,11.4,05:27,19.6,13:58,2,3.3,7.8,12:50,82,99,,63,14:00,2025-05-06 18:51:57.550248,2025-05-06 18:51:57.550248
203858,136,2010-06-09,,,,,,,0,3.9,,,77,,,,,2025-05-06 18:51:57.635325,2025-05-06 18:51:57.635325
203875,136,2010-06-10,14.8,7.6,13.9,,15.8,15:06,99,3.3,6.9,00:10,99,100,,91,00:00,2025-05-06 18:51:57.714713,2025-05-06 18:51:57.714713
203892,136,2010-06-11,13.8,1,10.5,21:42,17,13:53,2,2.2,5.8,15:40,88,100,,67,16:30,2025-05-06 18:51:57.806237,2025-05-06 18:51:57.806237
203909,136,2010-06-12,14.4,0.6,10.8,04:44,18,15:52,35,3.1,7.5,06:00,81,99,06:40,62,16:10,2025-05-06 18:51:57.891867,2025-05-06 18:51:57.891867
203926,136,2010-06-13,13.8,6.2,11.4,04:15,16.3,12:06,99,4.7,11.1,,90,100,,79,16:20,2025-05-06 18:51:57.980557,2025-05-06 18:51:57.980557
203943,136,2010-06-14,12.9,0.8,11.2,02:39,14.6,13:49,34,3.3,10.8,02:10,98,100,,92,15:30,2025-05-06 18:51:58.072511,2025-05-06 18:51:58.072511
203960,136,2010-06-15,13.6,0,11.8,04:25,15.3,11:38,34,3.1,8.6,15:50,94,100,,83,17:40,2025-05-06 18:51:58.159391,2025-05-06 18:51:58.159391
203977,136,2010-06-16,14,0,10.9,,17.1,15:02,99,3.1,7.8,,88,100,,64,15:10,2025-05-06 18:51:58.255026,2025-05-06 18:51:58.255026
203994,136,2010-06-17,13.5,0,10.3,02:15,16.7,10:28,36,1.9,6.1,12:10,96,100,,76,10:40,2025-05-06 18:51:58.335058,2025-05-06 18:51:58.335058
204011,136,2010-06-18,14.4,0,10.7,05:36,18.1,15:32,2,1.7,6.7,13:10,83,98,,69,13:00,2025-05-06 18:51:58.414548,2025-05-06 18:51:58.414548
204028,136,2010-06-19,16.2,0.2,11.5,00:36,21,13:57,12,2.8,6.7,08:50,78,96,,63,14:00,2025-05-06 18:51:58.499216,2025-05-06 18:51:58.499216
204045,136,2010-06-20,13.8,0,11.3,,16.2,14:00,36,2.2,6.7,16:20,86,98,,71,14:00,2025-05-06 18:51:58.583523,2025-05-06 18:51:58.583523
204061,136,2010-06-21,13.6,0,11.4,03:24,15.9,12:17,35,2.5,7.2,22:20,94,99,,77,12:10,2025-05-06 18:51:58.663618,2025-05-06 18:51:58.663618
204078,136,2010-06-22,13,0.6,11,02:29,15,16:08,33,3.9,8.9,20:00,97,100,,86,10:40,2025-05-06 18:51:58.745504,2025-05-06 18:51:58.745504
204095,136,2010-06-23,15.2,0,11,04:15,19.3,15:17,35,2.8,6.7,03:20,84,100,,69,15:20,2025-05-06 18:51:58.823506,2025-05-06 18:51:58.823506
204112,136,2010-06-24,15.6,0.2,11.6,05:16,19.6,14:21,33,2.5,5.6,09:00,81,100,,65,13:30,2025-05-06 18:51:58.905704,2025-05-06 18:51:58.905704
204129,136,2010-06-25,14.6,0,11.1,23:34,18.2,16:11,30,3.3,7.8,21:40,86,100,,69,16:30,2025-05-06 18:51:58.994324,2025-05-06 18:51:58.994324
204146,136,2010-06-26,15.4,0,11.5,02:19,19.2,12:59,36,3.9,9.4,13:40,84,100,,65,14:50,2025-05-06 18:51:59.077130,2025-05-06 18:51:59.077130
204163,136,2010-06-27,15.6,0.2,11.7,,19.4,13:34,30,3.9,10.3,03:00,88,100,,69,13:40,2025-05-06 18:51:59.159510,2025-05-06 18:51:59.159510
204180,136,2010-06-28,15,0,11.3,01:49,18.7,14:39,99,3.3,6.7,13:30,86,100,,68,12:50,2025-05-06 18:51:59.239728,2025-05-06 18:51:59.239728
204197,136,2010-06-29,15.4,0,12.1,02:44,18.7,10:09,35,1.7,7.8,00:10,95,100,,77,10:10,2025-05-06 18:51:59.320244,2025-05-06 18:51:59.320244
204214,136,2010-06-30,18.9,0,11.5,01:26,26.3,11:00,14,1.4,5.3,06:40,61,100,,45,08:30,2025-05-06 18:51:59.396753,2025-05-06 18:51:59.396753
204231,136,2010-07-01,17.6,0,11.6,23:04,23.7,08:43,31,1.9,6.4,23:59,55,98,23:50,32,07:30,2025-05-06 18:51:59.470121,2025-05-06 18:51:59.470121
204248,136,2010-07-02,14,0.4,11.8,02:01,16.1,10:26,32,4.2,10.6,19:20,95,100,,86,14:50,2025-05-06 18:51:59.543606,2025-05-06 18:51:59.543606
204265,136,2010-07-03,16.2,16.6,12.6,05:56,19.7,14:32,29,3.3,9.7,01:50,91,100,,71,14:20,2025-05-06 18:51:59.614060,2025-05-06 18:51:59.614060
204282,136,2010-07-04,14.4,0.6,11.5,20:26,17.3,15:17,32,3.6,6.9,07:20,97,100,,76,15:20,2025-05-06 18:51:59.696705,2025-05-06 18:51:59.696705
204298,136,2010-07-05,16.5,0,11.6,02:45,21.4,13:48,30,3.1,7.2,04:50,88,99,,50,21:20,2025-05-06 18:51:59.778478,2025-05-06 18:51:59.778478
204314,136,2010-07-06,17.2,0,13.7,04:22,20.6,15:27,29,5,10.3,07:20,90,99,,56,00:00,2025-05-06 18:51:59.848570,2025-05-06 18:51:59.848570
204331,136,2010-07-07,20.6,0.2,15,20:55,26.3,10:04,28,2.2,5,21:00,64,99,23:20,41,07:00,2025-05-06 18:51:59.931947,2025-05-06 18:51:59.931947
204348,136,2010-07-08,22,0,14,03:16,29.9,11:47,12,1.9,6.1,23:30,74,100,,42,11:30,2025-05-06 18:52:00.019421,2025-05-06 18:52:00.019421
204365,136,2010-07-09,24.8,0,17.8,00:13,31.7,12:29,99,2.2,6.7,,35,59,00:40,21,18:00,2025-05-06 18:52:00.100161,2025-05-06 18:52:00.100161
204382,136,2010-07-10,28.2,0,20.8,21:43,35.7,11:14,14,3.9,8.6,08:10,26,44,21:40,17,08:50,2025-05-06 18:52:00.176653,2025-05-06 18:52:00.176653
204398,136,2010-07-11,29.9,0,22.2,23:26,37.6,11:24,16,3.3,9.7,09:00,23,38,19:40,16,07:50,2025-05-06 18:52:00.249199,2025-05-06 18:52:00.249199
204410,136,2010-07-12,30.6,0,22.3,00:28,39,11:45,15,3.6,9.7,07:40,19,35,20:20,10,07:00,2025-05-06 18:52:00.307436,2025-05-06 18:52:00.307436
204423,136,2010-07-13,26.4,0,20.3,23:49,32.6,11:54,12,3.3,7.8,13:00,21,41,16:20,13,05:10,2025-05-06 18:52:00.372494,2025-05-06 18:52:00.372494
204440,136,2010-07-14,18.2,0,12.2,05:44,24.2,13:09,34,0.8,4.7,19:20,75,99,,19,00:00,2025-05-06 18:52:00.456734,2025-05-06 18:52:00.456734
204456,136,2010-07-15,17.2,0.8,13.3,04:23,21.1,12:43,3,1.9,5.8,15:30,89,99,,72,12:40,2025-05-06 18:52:00.534512,2025-05-06 18:52:00.534512
204473,136,2010-07-16,14.6,0.2,12,23:38,17.3,14:28,36,2.2,6.1,15:00,95,100,,78,14:30,2025-05-06 18:52:00.619521,2025-05-06 18:52:00.619521
204489,136,2010-07-17,19.3,0,12,00:24,26.6,14:19,15,2.2,8.6,23:30,74,99,,25,21:50,2025-05-06 18:52:00.701890,2025-05-06 18:52:00.701890
204505,136,2010-07-18,24.2,0,17.3,03:33,31.2,13:15,11,2.2,10.6,00:30,37,55,00:00,26,,2025-05-06 18:52:00.778476,2025-05-06 18:52:00.778476
204522,136,2010-07-19,27.2,0,19.4,00:55,35,12:47,14,1.9,6.9,02:20,17,34,,10,21:00,2025-05-06 18:52:00.856534,2025-05-06 18:52:00.856534
204539,136,2010-07-20,23,0,18.1,23:43,28,14:49,5,1.9,9.7,23:00,21,40,23:40,5,,2025-05-06 18:52:00.936858,2025-05-06 18:52:00.936858
204556,136,2010-07-21,17,0,12.9,05:35,21.1,13:19,32,2.8,7.2,20:30,78,96,06:00,37,00:00,2025-05-06 18:52:01.016018,2025-05-06 18:52:01.016018
204573,136,2010-07-22,17.6,6.4,13.8,00:01,21.4,13:15,36,1.9,5.6,11:50,86,99,22:30,72,14:30,2025-05-06 18:52:01.095531,2025-05-06 18:52:01.095531
204590,136,2010-07-23,15.3,0.4,13.2,,17.4,15:55,2,1.9,6.7,09:20,95,100,,84,16:00,2025-05-06 18:52:01.183227,2025-05-06 18:52:01.183227
204606,136,2010-07-24,18.6,0,13,,24.1,11:37,32,1.4,5,02:30,81,100,,11,22:00,2025-05-06 18:52:01.259537,2025-05-06 18:52:01.259537
204621,136,2010-07-25,24.4,0,18,04:09,30.8,08:58,12,1.7,5,03:30,39,67,10:50,19,00:00,2025-05-06 18:52:01.328868,2025-05-06 18:52:01.328868
204636,136,2010-07-26,18.7,0,12.9,22:53,24.5,06:47,33,1.4,4.4,23:20,55,99,,18,05:40,2025-05-06 18:52:01.405506,2025-05-06 18:52:01.405506
204653,136,2010-07-27,17.4,0,12.5,06:12,22.2,12:08,30,3.9,7.8,05:10,84,100,,64,11:50,2025-05-06 18:52:01.489057,2025-05-06 18:52:01.489057
204670,136,2010-07-28,18.4,0,12.5,05:55,24.3,11:42,32,0.8,4.2,00:50,80,100,,8,23:10,2025-05-06 18:52:01.571247,2025-05-06 18:52:01.571247
204687,136,2010-07-29,27.1,0,19,02:01,35.2,12:04,12,3.3,10.6,08:00,21,47,14:50,7,00:00,2025-05-06 18:52:01.656350,2025-05-06 18:52:01.656350
204703,136,2010-07-30,29,0,20.1,,37.8,12:36,12,1.7,10.3,02:00,32,50,15:50,23,09:10,2025-05-06 18:52:01.738267,2025-05-06 18:52:01.738267
204719,136,2010-07-31,27.2,0,21.2,02:03,33.3,12:03,25,1.4,4.4,23:50,36,57,18:00,8,23:10,2025-05-06 18:52:01.823708,2025-05-06 18:52:01.823708
204735,136,2010-08-01,19.7,0,13.9,23:57,25.5,12:51,33,1.7,4.2,01:20,70,97,07:00,7,01:00,2025-05-06 18:52:01.912865,2025-05-06 18:52:01.912865
204751,136,2010-08-02,20.6,0.2,13.8,00:04,27.5,07:29,9,1.9,5,04:40,59,99,23:30,9,05:30,2025-05-06 18:52:01.983920,2025-05-06 18:52:01.983920
204766,136,2010-08-03,21.6,0,15.5,02:21,27.7,13:17,12,0.6,6.9,23:59,75,99,,45,23:40,2025-05-06 18:52:02.055073,2025-05-06 18:52:02.055073
204782,136,2010-08-04,27.8,0,22.1,02:47,33.4,10:04,13,2.5,8.1,01:30,26,54,14:20,5,22:20,2025-05-06 18:52:02.131916,2025-05-06 18:52:02.131916
204799,136,2010-08-05,25.2,0,21,22:22,29.3,11:04,4,0.6,4.2,19:10,23,56,17:00,4,00:00,2025-05-06 18:52:02.216403,2025-05-06 18:52:02.216403
204816,136,2010-08-06,19.8,0,13,23:51,26.5,13:39,28,2.2,7.5,20:20,39,95,23:00,16,07:00,2025-05-06 18:52:02.300983,2025-05-06 18:52:02.300983
204833,136,2010-08-07,18.5,0,12.4,05:33,24.6,13:28,27,3.6,9.7,22:10,72,98,06:10,35,13:20,2025-05-06 18:52:02.386532,2025-05-06 18:52:02.386532
204850,136,2010-08-08,16.6,0.4,12.4,05:18,20.7,05:44,27,3.1,7.5,01:20,82,99,23:40,25,05:40,2025-05-06 18:52:02.466821,2025-05-06 18:52:02.466821
204866,136,2010-08-09,17.6,0,15.3,02:46,20,17:52,99,1.7,4.2,,94,100,,70,22:50,2025-05-06 18:52:02.540263,2025-05-06 18:52:02.540263
204882,136,2010-08-10,22.9,0,15.3,00:28,30.5,12:49,13,1.1,7.5,00:50,41,97,00:50,12,19:20,2025-05-06 18:52:02.615741,2025-05-06 18:52:02.615741
204898,136,2010-08-11,28.6,0,20.6,01:23,36.5,12:41,13,2.5,11.4,23:50,29,52,01:20,22,04:50,2025-05-06 18:52:02.687397,2025-05-06 18:52:02.687397
204914,136,2010-08-12,30.7,0,24.7,23:59,36.7,12:27,13,5,13.6,03:20,24,33,04:40,18,22:50,2025-05-06 18:52:02.760407,2025-05-06 18:52:02.760407
204930,136,2010-08-13,21,0,14.2,23:31,27.8,11:25,4,3.1,9.2,05:40,62,96,22:40,19,00:00,2025-05-06 18:52:02.832591,2025-05-06 18:52:02.832591
204946,136,2010-08-14,17.7,0,13.8,03:34,21.6,13:16,12,2.2,9.2,23:59,81,96,,64,,2025-05-06 18:52:02.902276,2025-05-06 18:52:02.902276
204962,136,2010-08-15,19,0,12.8,02:23,25.2,10:47,12,2.2,7.8,09:10,81,98,,52,10:10,2025-05-06 18:52:02.980565,2025-05-06 18:52:02.980565
204977,136,2010-08-16,23.1,0,15.1,01:53,31.1,11:43,13,2.5,8.1,05:50,75,98,,43,11:00,2025-05-06 18:52:03.046147,2025-05-06 18:52:03.046147
204993,136,2010-08-17,19.6,0,14.2,23:47,25,11:50,13,1.1,7.2,01:40,73,99,00:50,38,04:20,2025-05-06 18:52:03.116749,2025-05-06 18:52:03.116749
205009,136,2010-08-18,18.6,0,13.1,,24.2,13:43,34,1.1,5.6,15:30,78,97,00:00,54,13:40,2025-05-06 18:52:03.185483,2025-05-06 18:52:03.185483
205025,136,2010-08-19,18,0,12.9,03:55,23,11:31,2,1.9,6.1,17:30,83,99,,62,11:30,2025-05-06 18:52:03.254364,2025-05-06 18:52:03.254364
205041,136,2010-08-20,18.2,0,14.1,03:34,22.4,13:20,35,1.7,5.8,12:50,82,99,06:20,66,11:40,2025-05-06 18:52:03.329859,2025-05-06 18:52:03.329859
205056,136,2010-08-21,20.1,0,14,02:09,26.2,10:23,16,1.4,5.3,12:20,81,99,,45,23:59,2025-05-06 18:52:03.397157,2025-05-06 18:52:03.397157
205071,136,2010-08-22,25.2,0,19.3,19:01,31.1,13:57,12,1.1,4.4,10:50,42,67,08:50,29,05:10,2025-05-06 18:52:03.467404,2025-05-06 18:52:03.467404
205086,136,2010-08-23,24.6,0,18.1,19:01,31.2,11:27,14,1.7,5.8,22:30,45,74,17:30,22,08:30,2025-05-06 18:52:03.546853,2025-05-06 18:52:03.546853
205102,136,2010-08-24,23.6,0,14.5,05:17,32.6,10:33,13,1.4,6.1,06:20,42,88,05:10,28,01:00,2025-05-06 18:52:03.619462,2025-05-06 18:52:03.619462
205118,136,2010-08-25,29.6,0,20.4,00:45,38.8,10:45,13,2.2,8.6,10:30,30,62,01:00,19,08:20,2025-05-06 18:52:03.693669,2025-05-06 18:52:03.693669
205134,136,2010-08-26,30.5,0,21,03:09,40,11:09,11,1.9,6.4,11:20,30,49,03:00,16,11:20,2025-05-06 18:52:03.759290,2025-05-06 18:52:03.759290
205150,136,2010-08-27,30.5,0,23.6,04:46,37.4,09:22,12,2.2,6.4,03:40,25,31,10:20,18,08:40,2025-05-06 18:52:03.827487,2025-05-06 18:52:03.827487
205166,136,2010-08-28,31.7,0,24.5,02:44,38.9,11:23,15,3.1,9.2,21:50,21,30,16:30,17,09:20,2025-05-06 18:52:03.895902,2025-05-06 18:52:03.895902
205182,136,2010-08-29,31.1,0,25.1,20:27,37.1,11:51,16,4.7,12.2,02:50,18,29,20:10,10,23:00,2025-05-06 18:52:03.968782,2025-05-06 18:52:03.968782
205198,136,2010-08-30,30.6,0,23.4,23:56,37.7,12:01,17,2.8,8.3,01:10,20,33,17:50,8,22:50,2025-05-06 18:52:04.046420,2025-05-06 18:52:04.046420
205214,136,2010-08-31,27.2,0,21.5,23:59,33,09:58,28,1.4,6.4,00:50,17,44,17:10,4,05:50,2025-05-06 18:52:04.133792,2025-05-06 18:52:04.133792
205230,136,2010-09-01,19.6,0,15.4,23:53,23.8,12:15,2,2.2,5,11:40,53,94,,9,00:00,2025-05-06 18:52:04.216852,2025-05-06 18:52:04.216852
205246,136,2010-09-02,19.5,0,15,04:32,24,13:39,99,1.9,5.3,,83,96,,62,13:40,2025-05-06 18:53:06.371324,2025-05-06 18:53:06.371324
205262,136,2010-09-03,20.3,0,14.2,23:12,26.4,11:12,13,2.5,9.7,05:50,82,98,23:30,59,11:10,2025-05-06 18:53:06.455357,2025-05-06 18:53:06.455357
205278,136,2010-09-04,21,0,13.4,05:44,28.7,12:18,13,1.9,8.1,10:00,81,99,,49,12:20,2025-05-06 18:53:06.536119,2025-05-06 18:53:06.536119
205294,136,2010-09-05,20.6,0,15.3,23:54,26,09:46,99,2.5,6.9,,81,97,23:59,55,03:40,2025-05-06 18:53:06.620581,2025-05-06 18:53:06.620581
205310,136,2010-09-06,21.7,0,15.4,00:01,28,12:13,29,1.7,5.8,23:10,81,98,00:10,45,11:10,2025-05-06 18:53:06.698479,2025-05-06 18:53:06.698479
205326,136,2010-09-07,18.5,0,14.4,20:33,22.6,11:49,2,2.2,6.7,11:20,80,98,,61,11:50,2025-05-06 18:53:06.800682,2025-05-06 18:53:06.800682
205342,136,2010-09-08,18.6,0,14.5,23:43,22.8,09:37,3,1.9,6.9,11:40,85,97,23:50,68,09:40,2025-05-06 18:53:06.905685,2025-05-06 18:53:06.905685
205358,136,2010-09-09,18.5,0,14.6,06:07,22.4,12:53,35,2.2,5.6,,82,97,00:00,66,08:30,2025-05-06 18:53:06.993168,2025-05-06 18:53:06.993168
205374,136,2010-09-10,17.7,0,14.1,04:12,21.3,13:18,0,4.2,,,81,96,,66,13:20,2025-05-06 18:53:07.074480,2025-05-06 18:53:07.074480
205390,136,2010-09-11,17.6,0,13.9,03:08,21.4,11:25,27,2.8,8.6,00:40,78,97,02:30,61,14:00,2025-05-06 18:53:07.157904,2025-05-06 18:53:07.157904
205406,136,2010-09-12,18,0,13.7,19:29,22.2,12:40,3,1.9,6.7,12:50,82,97,,50,12:40,2025-05-06 18:53:07.243965,2025-05-06 18:53:07.243965
205422,136,2010-09-13,22.2,0,14.6,03:08,29.7,11:29,13,1.9,10.3,05:00,71,97,,48,11:30,2025-05-06 18:53:07.324522,2025-05-06 18:53:07.324522
205438,136,2010-09-14,24.8,1,15.7,20:58,34,12:18,34,4.4,11.9,17:30,55,99,,29,13:00,2025-05-06 18:53:07.405997,2025-05-06 18:53:07.405997
205454,136,2010-09-15,24.8,0,16.9,00:02,32.6,10:50,14,3.6,10,09:40,48,96,00:00,30,10:50,2025-05-06 18:53:07.491076,2025-05-06 18:53:07.491076
205470,136,2010-09-16,21.4,0,15.7,23:55,27.2,08:02,16,2.5,9.2,,57,95,23:50,36,04:00,2025-05-06 18:53:07.570332,2025-05-06 18:53:07.570332
205486,136,2010-09-17,19.2,0,13.9,04:10,24.4,09:03,36,1.9,6.4,14:10,81,97,,57,08:50,2025-05-06 18:53:07.642218,2025-05-06 18:53:07.642218
205502,136,2010-09-18,18.8,0,14,,23.6,11:08,1,1.9,7.8,12:30,83,96,,50,08:40,2025-05-06 18:53:07.717254,2025-05-06 18:53:07.717254
205518,136,2010-09-19,17.9,0,13.4,23:59,22.4,09:43,1,1.4,6.4,11:50,81,96,21:10,60,09:40,2025-05-06 18:53:07.795917,2025-05-06 18:53:07.795917
205534,136,2010-09-20,17,0.2,12.5,20:43,21.4,10:04,13,1.4,7.5,09:50,84,98,21:40,66,10:10,2025-05-06 18:53:07.887878,2025-05-06 18:53:07.887878
205550,136,2010-09-21,19.8,0,13.1,05:16,26.5,12:40,0,3.3,,,81,99,,51,12:40,2025-05-06 18:53:07.975965,2025-05-06 18:53:07.975965
205565,136,2010-09-22,19.2,4.6,15.6,23:41,22.7,08:30,13,1.7,8.6,23:10,88,99,,67,03:20,2025-05-06 18:53:08.057252,2025-05-06 18:53:08.057252
205581,136,2010-09-23,23,0,14.5,03:55,31.5,10:58,13,4.7,10.3,05:30,59,99,00:00,40,12:30,2025-05-06 18:53:08.137274,2025-05-06 18:53:08.137274
205597,136,2010-09-24,26.3,0,17.6,00:15,35,11:47,28,3.1,7.5,20:50,49,83,00:20,30,12:40,2025-05-06 18:53:08.221477,2025-05-06 18:53:08.221477
205613,136,2010-09-25,25.7,0,20.5,,30.9,11:05,32,3.3,6.4,11:10,50,62,,41,11:50,2025-05-06 18:53:08.307344,2025-05-06 18:53:08.307344
205629,136,2010-09-26,22,0,15.5,22:44,28.4,11:38,99,1.7,5.3,,68,96,,43,07:10,2025-05-06 18:53:08.392754,2025-05-06 18:53:08.392754
205645,136,2010-09-27,20,0.2,14.6,04:49,25.5,10:53,11,3.1,8.6,11:00,79,98,,52,11:00,2025-05-06 18:53:08.475291,2025-05-06 18:53:08.475291
205661,136,2010-09-28,17.3,1,13.6,03:17,21,12:17,99,2.2,7.5,,82,98,,59,12:20,2025-05-06 18:53:08.571623,2025-05-06 18:53:08.571623
205677,136,2010-09-29,16.5,3.6,13.1,03:33,19.9,,36,2.5,10.3,20:10,86,99,,68,11:10,2025-05-06 18:53:08.658746,2025-05-06 18:53:08.658746
205693,136,2010-09-30,17.2,0.4,14.1,05:15,20.4,11:25,3,2.5,8.9,03:20,96,100,,68,11:20,2025-05-06 18:53:08.736096,2025-05-06 18:53:08.736096
205709,136,2010-10-01,16.2,1,14.3,04:25,18.2,09:38,12,1.1,5.3,10:40,98,100,,93,10:00,2025-05-06 18:53:08.808033,2025-05-06 18:53:08.808033
205725,136,2010-10-02,19.6,2.2,14.7,00:01,24.4,19:40,21,5.8,22.5,74:40,73,100,,43,20:10,2025-05-06 18:53:08.889244,2025-05-06 18:53:08.889244
205741,136,2010-10-03,22.2,0,14.8,23:49,29.6,11:33,28,2.2,11.7,00:20,56,94,23:40,42,02:00,2025-05-06 18:53:08.973320,2025-05-06 18:53:08.973320
205757,136,2010-10-04,18,6.8,13.8,03:30,22.3,11:14,33,5,10.6,17:20,77,100,23:30,45,04:30,2025-05-06 18:53:09.056611,2025-05-06 18:53:09.056611
205773,136,2010-10-05,16,0.6,13.2,23:12,18.9,13:40,33,2.8,8.6,04:10,93,100,,74,13:40,2025-05-06 18:53:09.140116,2025-05-06 18:53:09.140116
205789,136,2010-10-06,16.2,1,13.3,21:43,19.1,11:23,28,1.7,5.8,03:10,92,99,,74,11:30,2025-05-06 18:53:09.222753,2025-05-06 18:53:09.222753
205805,136,2010-10-07,18.6,0,11.7,02:46,25.4,11:00,15,0.8,6.1,11:00,73,96,19:00,51,11:00,2025-05-06 18:53:09.304271,2025-05-06 18:53:09.304271
205821,136,2010-10-08,20.4,0,14,00:56,26.7,10:35,24,1.9,10.3,20:50,67,94,19:10,53,07:50,2025-05-06 18:53:09.378857,2025-05-06 18:53:09.378857
205837,136,2010-10-09,18.8,0.2,14.7,23:58,22.9,08:53,28,2.2,7.2,22:50,96,99,,67,10:10,2025-05-06 18:53:09.452712,2025-05-06 18:53:09.452712
205853,136,2010-10-10,17.8,0,13.5,03:48,22.2,11:56,32,4.2,9.2,09:40,78,100,,55,12:40,2025-05-06 18:53:09.527976,2025-05-06 18:53:09.527976
205869,136,2010-10-11,17.2,9.6,14.4,00:05,19.9,12:41,99,7.2,12.8,,92,100,,61,03:10,2025-05-06 18:53:09.602413,2025-05-06 18:53:09.602413
205885,136,2010-10-12,18.6,10.4,15.2,04:30,21.9,11:29,28,2.5,8.3,00:50,95,100,,84,,2025-05-06 18:53:09.684718,2025-05-06 18:53:09.684718
205901,136,2010-10-13,17,0.4,14.4,22:51,19.6,09:19,13,1.1,4.7,13:00,99,100,,94,21:00,2025-05-06 18:53:09.764414,2025-05-06 18:53:09.764414
205917,136,2010-10-14,17.4,0,12.7,23:05,22.1,08:18,2,1.7,7.8,15:30,86,100,06:00,66,08:40,2025-05-06 18:53:09.839687,2025-05-06 18:53:09.839687
205932,136,2010-10-15,19,0,13.2,00:01,24.9,09:50,24,1.1,7.8,06:00,82,99,20:30,54,10:00,2025-05-06 18:53:09.914990,2025-05-06 18:53:09.914990
205948,136,2010-10-16,17.7,0,12.2,05:28,23.2,08:52,12,1.7,6.7,08:40,80,98,17:40,54,08:10,2025-05-06 18:53:09.995778,2025-05-06 18:53:09.995778
205964,136,2010-10-17,19.6,1.8,14.3,01:33,24.8,10:19,28,0.8,6.7,23:50,81,100,20:30,57,07:20,2025-05-06 18:53:10.068791,2025-05-06 18:53:10.068791
205980,136,2010-10-18,17,0,14.6,20:37,19.3,04:36,22,1.4,6.9,03:40,85,98,,49,02:40,2025-05-06 18:53:10.149096,2025-05-06 18:53:10.149096
205996,136,2010-10-19,17.8,0,14.5,23:34,21,11:28,34,3.1,8.3,11:50,86,98,,75,11:20,2025-05-06 18:53:10.218401,2025-05-06 18:53:10.218401
206012,136,2010-10-20,16.5,0,12.6,05:25,20.4,13:35,35,1.1,5.6,11:20,76,99,,69,21:50,2025-05-06 18:53:10.299997,2025-05-06 18:53:10.299997
206028,136,2010-10-21,18.2,0,13.7,04:12,22.6,08:59,28,1.9,5,18:40,85,97,17:30,61,09:00,2025-05-06 18:53:10.371124,2025-05-06 18:53:10.371124
206044,136,2010-10-22,18.8,1.6,14.1,03:14,23.5,10:16,36,1.7,5.8,11:30,71,97,18:10,47,08:40,2025-05-06 18:53:10.440597,2025-05-06 18:53:10.440597
206060,136,2010-10-23,16.8,5.4,14.1,22:03,19.6,11:15,32,3.9,11.4,22:20,91,100,,72,12:00,2025-05-06 18:53:10.518110,2025-05-06 18:53:10.518110
206076,136,2010-10-24,14.7,3.4,13,23:56,16.4,11:25,0,4.2,,,99,100,,89,14:30,2025-05-06 18:53:10.592265,2025-05-06 18:53:10.592265
206092,136,2010-10-25,15,1.2,12.6,01:46,17.4,11:17,3,1.9,11.7,02:40,95,100,,80,11:10,2025-05-06 18:53:10.661811,2025-05-06 18:53:10.661811
206108,136,2010-10-26,17.8,0.2,12.9,00:43,22.7,11:28,99,2.8,7.2,,87,100,,54,11:30,2025-05-06 18:53:10.740413,2025-05-06 18:53:10.740413
206123,136,2010-10-27,18.9,0,12,02:23,25.8,11:04,12,5,10,12:30,58,100,,33,,2025-05-06 18:53:10.808088,2025-05-06 18:53:10.808088
206138,136,2010-10-28,24,0,17.8,05:15,30.2,10:04,15,2.8,8.3,06:30,32,43,17:00,23,09:40,2025-05-06 18:53:10.886157,2025-05-06 18:53:10.886157
206154,136,2010-10-29,21,0,13.7,22:21,28.2,08:33,36,1.7,6.1,12:40,45,96,22:30,22,08:00,2025-05-06 18:53:10.974863,2025-05-06 18:53:10.974863
206170,136,2010-10-30,18.9,1.2,13.5,02:22,24.3,09:19,35,1.9,5.3,13:20,74,96,22:40,38,08:10,2025-05-06 18:53:11.048474,2025-05-06 18:53:11.048474
206186,136,2010-10-31,14.8,5.6,12.3,05:31,17.3,08:49,3,2.5,9.4,23:00,97,100,,74,08:50,2025-05-06 18:53:11.125140,2025-05-06 18:53:11.125140
206202,136,2010-11-01,13.2,14.6,11.7,06:07,14.6,09:43,99,3.6,9.7,,98,100,,82,15:00,2025-05-06 18:53:11.206312,2025-05-06 18:53:11.206312
206217,136,2010-11-02,13.4,2.2,11.8,00:10,15,12:25,3,2.8,10.3,06:50,97,100,,79,12:30,2025-05-06 18:53:11.275690,2025-05-06 18:53:11.275690
206232,136,2010-11-03,17.1,0,10.9,03:08,23.3,12:03,14,6.1,13.9,10:00,59,100,,38,21:10,2025-05-06 18:53:11.340775,2025-05-06 18:53:11.340775
206248,136,2010-11-04,20.4,0,15.2,01:15,25.7,11:02,14,7.8,20,07:40,27,66,,24,10:20,2025-05-06 18:53:11.417580,2025-05-06 18:53:11.417580
206265,136,2010-11-05,20.6,0,15.1,23:30,26,10:07,14,4.7,13.3,01:50,28,43,16:40,24,13:00,2025-05-06 18:53:11.500073,2025-05-06 18:53:11.500073
206282,136,2010-11-06,19.8,0,13.2,22:14,26.3,10:21,14,3.6,11.1,04:30,41,85,16:40,26,08:40,2025-05-06 18:53:11.577213,2025-05-06 18:53:11.577213
206299,136,2010-11-07,15,0,12,,18.1,12:07,99,2.2,7.5,22:30,85,98,02:10,54,00:00,2025-05-06 18:53:11.667419,2025-05-06 18:53:11.667419
206316,136,2010-11-08,13.8,0.2,10.6,23:56,17,10:01,17,1.7,7.8,04:50,85,97,,72,10:00,2025-05-06 18:53:11.760308,2025-05-06 18:53:11.760308
206333,136,2010-11-09,14.1,1.8,10.5,00:32,17.7,06:46,28,2.8,7.8,19:20,82,98,,62,06:50,2025-05-06 18:53:11.838289,2025-05-06 18:53:11.838289
206350,136,2010-11-10,13.8,0,11.9,05:49,15.8,11:16,30,2.5,7.2,03:00,92,100,,81,13:20,2025-05-06 18:53:11.927049,2025-05-06 18:53:11.927049
206367,136,2010-11-11,,,,,,,0,0.8,,,84,,,,,2025-05-06 18:53:12.016467,2025-05-06 18:53:12.016467
206384,136,2010-11-12,14.4,0,11.3,19:56,17.5,,36,1.4,6.1,14:40,82,100,07:40,66,14:40,2025-05-06 18:53:12.096550,2025-05-06 18:53:12.096550
206401,136,2010-11-13,13.2,0,11.2,23:23,15.1,14:26,36,1.9,5.8,05:50,89,95,06:10,81,10:40,2025-05-06 18:53:12.173010,2025-05-06 18:53:12.173010
206418,136,2010-11-14,14.6,0,11.1,03:13,18.1,15:11,13,1.4,5.3,23:00,83,97,06:10,64,15:10,2025-05-06 18:53:12.257071,2025-05-06 18:53:12.257071
206435,136,2010-11-15,14.4,30.8,12.6,02:20,16.2,09:29,11,3.3,9.7,15:40,97,100,,90,09:50,2025-05-06 18:53:12.340669,2025-05-06 18:53:12.340669
206451,136,2010-11-16,14.6,0.2,9.9,07:18,19.4,13:42,12,2.8,6.7,11:30,88,100,,67,13:50,2025-05-06 18:53:12.418667,2025-05-06 18:53:12.418667
206468,136,2010-11-17,14,0,9,07:14,18.9,14:41,14,1.4,6.1,02:10,89,100,,66,11:30,2025-05-06 18:53:12.499422,2025-05-06 18:53:12.499422
206485,136,2010-11-18,15.9,0.6,9.4,03:32,22.4,12:21,14,3.3,8.1,07:50,83,100,04:30,62,13:00,2025-05-06 18:53:12.581297,2025-05-06 18:53:12.581297
206502,136,2010-11-19,16.6,0.4,11.7,06:44,21.5,11:26,12,2.2,5.3,08:40,94,100,,66,10:40,2025-05-06 18:53:12.654588,2025-05-06 18:53:12.654588
206519,136,2010-11-20,16.2,0.8,13.3,02:39,19.2,11:08,33,1.1,3.9,13:50,94,100,,83,12:50,2025-05-06 18:53:12.722688,2025-05-06 18:53:12.722688
206536,136,2010-11-21,14.8,0,12.5,23:54,17,15:14,2,1.1,4.4,11:30,97,100,,93,15:20,2025-05-06 18:53:12.797331,2025-05-06 18:53:12.797331
206552,136,2010-11-22,14.8,0,11.4,19:21,18.2,13:47,13,3.1,6.7,08:30,92,100,,78,13:50,2025-05-06 18:53:12.874511,2025-05-06 18:53:12.874511
206569,136,2010-11-23,15.2,0,11.9,22:00,18.6,10:40,99,1.1,3.3,,83,93,05:00,68,10:40,2025-05-06 18:53:12.950030,2025-05-06 18:53:12.950030
206586,136,2010-11-24,17.4,0,11.5,00:54,23.3,12:35,12,2.8,6.9,09:30,79,98,20:10,56,12:30,2025-05-06 18:53:13.024830,2025-05-06 18:53:13.024830
206603,136,2010-11-25,18.2,0.2,14,06:19,22.5,13:00,26,1.1,19.4,23:20,44,75,14:50,34,10:10,2025-05-06 18:53:13.098617,2025-05-06 18:53:13.098617
206620,136,2010-11-26,18.9,0,14.5,07:19,23.3,12:37,24,5,22.5,05:20,62,82,01:30,43,12:10,2025-05-06 18:53:13.183855,2025-05-06 18:53:13.183855
206636,136,2010-11-27,17.2,0,12.5,21:16,21.9,12:54,27,5.3,21.1,02:50,64,91,21:50,49,15:20,2025-05-06 18:53:13.265170,2025-05-06 18:53:13.265170
206652,136,2010-11-28,16.7,3.4,12.3,01:47,21.1,10:51,24,3.1,17.2,23:00,71,92,00:30,52,13:20,2025-05-06 18:53:13.348190,2025-05-06 18:53:13.348190
206669,136,2010-11-29,16.6,66,12.6,11:56,20.6,10:36,26,13.9,35.8,13:00,82,95,17:20,60,10:40,2025-05-06 18:53:13.434445,2025-05-06 18:53:13.434445
206686,136,2010-11-30,14.6,38.8,10.5,23:55,18.6,10:28,27,6.1,33.1,01:30,91,100,,62,05:20,2025-05-06 18:53:13.517717,2025-05-06 18:53:13.517717
206702,136,2010-12-01,11.6,0,9.8,20:12,13.4,14:59,34,2.2,5.8,12:30,90,100,,78,15:20,2025-05-06 18:53:13.591042,2025-05-06 18:53:13.591042
206719,136,2010-12-02,11.6,0,9.2,06:26,14.1,11:31,14,2.8,7.8,09:50,84,92,23:50,73,11:40,2025-05-06 18:53:13.679890,2025-05-06 18:53:13.679890
206736,136,2010-12-03,12,0,9.4,23:11,14.6,13:38,14,4.7,9.2,07:20,89,98,,80,13:40,2025-05-06 18:53:13.767937,2025-05-06 18:53:13.767937
206753,136,2010-12-04,17.7,0.2,9.5,00:29,25.9,13:50,23,3.1,18.3,23:59,53,96,,43,13:50,2025-05-06 18:53:13.853994,2025-05-06 18:53:13.853994
206770,136,2010-12-05,17.7,13.8,15.4,24:00,20,08:46,23,8.6,26.4,06:30,74,91,14:40,65,18:10,2025-05-06 18:53:13.942265,2025-05-06 18:53:13.942265
206786,136,2010-12-06,17.9,0,14,02:36,21.8,12:05,18,4.4,16.7,19:20,63,86,04:40,50,12:00,2025-05-06 18:53:14.032209,2025-05-06 18:53:14.032209
206802,136,2010-12-07,16.9,0,13.5,23:48,20.3,11:50,24,5.3,18.3,10:30,67,91,21:20,52,01:20,2025-05-06 18:53:14.118179,2025-05-06 18:53:14.118179
206819,136,2010-12-08,16.7,10,12.6,13:37,20.8,11:21,24,6.7,22.8,13:50,75,95,23:00,55,11:30,2025-05-06 18:53:14.206036,2025-05-06 18:53:14.206036
206836,136,2010-12-09,16.4,0.8,13.7,23:18,19.1,13:26,22,6.7,21.7,06:40,64,84,10:20,56,15:50,2025-05-06 18:53:14.300040,2025-05-06 18:53:14.300040
206853,136,2010-12-10,15,0,9.4,22:57,20.6,13:24,99,3.1,14.7,00:30,55,91,20:10,33,23:59,2025-05-06 18:53:14.393388,2025-05-06 18:53:14.393388
206870,136,2010-12-11,14.2,0.2,8.7,05:03,19.6,12:07,13,3.1,8.1,09:30,88,98,,29,00:00,2025-05-06 18:53:14.485007,2025-05-06 18:53:14.485007
206887,136,2010-12-12,12.4,0.6,9.5,22:50,15.3,12:07,33,4.7,8.6,18:00,80,99,,52,03:30,2025-05-06 18:53:14.577032,2025-05-06 18:53:14.577032
206920,136,2010-12-14,13.9,0,8.6,01:47,19.2,12:46,12,4.7,10.3,14:40,88,99,00:00,38,23:30,2025-05-06 18:53:14.742514,2025-05-06 18:53:14.742514
206937,136,2010-12-15,20.1,0,15.5,01:14,24.7,14:39,17,6.1,14.7,11:00,22,57,01:20,15,18:00,2025-05-06 18:53:14.824717,2025-05-06 18:53:14.824717
206954,136,2010-12-16,17.8,5,13,23:57,22.7,11:30,24,2.5,16.7,21:00,51,93,23:59,20,01:00,2025-05-06 18:53:14.913483,2025-05-06 18:53:14.913483
206971,136,2010-12-17,14.5,1.4,12.1,04:35,16.9,13:11,25,8.6,24.7,15:30,66,97,,54,13:00,2025-05-06 18:53:15.000151,2025-05-06 18:53:15.000151
206988,136,2010-12-18,14.8,0,11,23:06,18.6,13:35,0,6.4,,,67,92,21:40,52,14:40,2025-05-06 18:53:15.088993,2025-05-06 18:53:15.088993
207005,136,2010-12-19,15.4,0,10.2,06:18,20.6,11:38,21,1.4,9.4,19:50,85,92,06:30,61,01:50,2025-05-06 18:53:15.173611,2025-05-06 18:53:15.173611
207021,136,2010-12-20,16.3,1.4,13.7,23:56,18.9,13:45,24,6.9,23.1,14:40,74,86,11:20,59,15:50,2025-05-06 18:53:15.259746,2025-05-06 18:53:15.259746
207038,136,2010-12-21,15,0,11.3,02:19,18.7,10:11,27,4.2,19.4,15:50,66,81,21:10,43,03:40,2025-05-06 18:53:15.345254,2025-05-06 18:53:15.345254
207055,136,2010-12-22,12.6,7.2,10.6,23:53,14.5,11:22,26,3.9,15.3,00:30,94,100,,73,00:50,2025-05-06 18:53:15.426520,2025-05-06 18:53:15.426520
207072,136,2010-12-23,11,0.6,9.3,22:34,12.6,12:24,34,1.1,9.7,01:00,99,100,,97,12:30,2025-05-06 18:53:15.509501,2025-05-06 18:53:15.509501
207089,136,2010-12-24,11.4,0.2,7.7,06:23,15.2,13:57,27,1.9,5.8,19:40,89,100,,75,11:30,2025-05-06 18:53:15.585428,2025-05-06 18:53:15.585428
207105,136,2010-12-25,13.6,3.2,9.5,02:50,17.8,13:02,27,2.5,8.1,21:50,74,100,21:00,43,07:40,2025-05-06 18:53:15.648240,2025-05-06 18:53:15.648240
207121,136,2010-12-26,13.4,0,10.6,20:40,16.3,14:19,28,1.4,6.9,03:00,93,100,,70,14:40,2025-05-06 18:53:15.724391,2025-05-06 18:53:15.724391
207137,136,2010-12-27,14,0,9.4,07:18,18.7,12:25,14,1.7,10,11:10,85,98,08:00,64,12:30,2025-05-06 18:53:15.807351,2025-05-06 18:53:15.807351
207152,136,2010-12-28,14.8,0,9.2,05:42,20.3,11:56,28,1.1,9.7,20:10,92,98,07:00,63,11:50,2025-05-06 18:53:15.881406,2025-05-06 18:53:15.881406
207167,136,2010-12-29,15.2,0,10.4,23:59,20,12:33,27,3.1,10.3,17:20,66,97,,51,12:40,2025-05-06 18:53:15.962480,2025-05-06 18:53:15.962480
207182,136,2010-12-30,14,0.2,8.7,03:01,19.3,11:10,13,1.7,5.3,08:50,89,100,,62,11:50,2025-05-06 18:53:16.044584,2025-05-06 18:53:16.044584
207196,136,2010-12-31,13.9,0.2,9.2,05:28,18.6,12:18,14,3.1,6.1,22:40,90,100,,69,12:20,2025-05-06 18:53:16.116280,2025-05-06 18:53:16.116280
207211,136,2011-01-01,13.9,0,9.6,04:42,18.2,11:13,14,4.4,8.9,23:40,90,99,02:50,71,11:00,2025-05-06 18:53:16.195806,2025-05-06 18:53:16.195806
207226,136,2011-01-02,14.6,0,8.9,06:55,20.3,11:45,13,1.7,9.2,00:20,89,99,07:00,30,21:20,2025-05-06 18:53:16.275012,2025-05-06 18:53:16.275012
207241,136,2011-01-03,13.8,0,8.1,01:49,19.5,13:58,14,1.7,6.1,03:00,88,95,06:50,26,03:30,2025-05-06 18:53:16.356280,2025-05-06 18:53:16.356280
207257,136,2011-01-04,16.2,0,10.2,07:14,22.3,12:56,99,1.4,3.9,,46,87,17:30,24,00:00,2025-05-06 18:53:16.430706,2025-05-06 18:53:16.430706
207272,136,2011-01-05,16.4,0,10.6,03:03,22.3,11:22,10,0.8,4.7,13:20,53,87,18:00,18,09:20,2025-05-06 18:53:16.507558,2025-05-06 18:53:16.507558
207289,136,2011-01-06,16.9,0,10.8,23:59,23,10:42,17,0.6,4.7,05:10,29,92,23:50,19,09:50,2025-05-06 18:53:16.602065,2025-05-06 18:53:16.602065
207304,136,2011-01-07,16.8,0,10.4,02:02,23.1,13:01,16,1.9,7.5,02:40,48,85,15:40,26,05:20,2025-05-06 18:53:16.685206,2025-05-06 18:53:16.685206
207321,136,2011-01-08,13.8,0,11,05:09,16.6,13:22,36,1.4,5.6,13:10,65,98,,31,07:00,2025-05-06 18:53:16.782971,2025-05-06 18:53:16.782971
207338,136,2011-01-09,15.2,1.8,9.1,02:34,21.2,11:29,1,1.1,6.4,20:10,94,100,02:40,58,11:30,2025-05-06 18:53:16.874060,2025-05-06 18:53:16.874060
207355,136,2011-01-10,13,0.6,8.1,04:54,18,12:11,11,1.7,5.6,11:30,88,99,00:00,64,12:40,2025-05-06 18:53:16.964804,2025-05-06 18:53:16.964804
207371,136,2011-01-11,12.9,0.2,10.1,02:44,15.7,14:26,14,2.2,8.3,12:00,92,99,,72,14:30,2025-05-06 18:53:17.051325,2025-05-06 18:53:17.051325
207388,136,2011-01-12,14.1,0,9.1,20:26,19.1,12:56,12,2.8,8.9,10:40,84,99,00:10,41,23:59,2025-05-06 18:53:17.139904,2025-05-06 18:53:17.139904
207405,136,2011-01-13,15.8,0,9.3,02:47,22.3,12:48,13,3.1,8.3,10:10,44,72,18:20,26,11:40,2025-05-06 18:53:17.237833,2025-05-06 18:53:17.237833
207422,136,2011-01-14,14.5,0,7.9,05:54,21.1,12:40,99,3.1,7.8,,45,85,05:30,26,,2025-05-06 18:53:17.330195,2025-05-06 18:53:17.330195
207439,136,2011-01-15,15.6,0,10.1,23:37,21.1,13:19,14,5.6,11.9,02:40,52,82,06:00,22,00:00,2025-05-06 18:53:17.410806,2025-05-06 18:53:17.410806
207456,136,2011-01-16,14.4,0,9.9,,18.9,13:03,14,5.3,13.6,11:00,63,83,07:40,34,14:40,2025-05-06 18:53:17.485124,2025-05-06 18:53:17.485124
207473,136,2011-01-17,15.7,0,9.4,19:27,22,10:35,13,1.9,9.2,03:00,52,92,18:40,23,07:00,2025-05-06 18:53:17.564825,2025-05-06 18:53:17.564825
207490,136,2011-01-18,15.6,0,8.7,07:09,22.4,13:15,12,2.2,6.4,11:10,43,70,18:00,19,13:00,2025-05-06 18:53:17.643850,2025-05-06 18:53:17.643850
207507,136,2011-01-19,13.9,0,7.6,,20.2,11:31,13,1.4,5,10:50,80,98,06:40,28,,2025-05-06 18:53:17.725734,2025-05-06 18:53:17.725734
207524,136,2011-01-20,13.5,0,7.1,07:11,19.9,11:46,19,1.9,8.9,23:10,70,94,18:50,27,09:40,2025-05-06 18:53:17.807757,2025-05-06 18:53:17.807757
207541,136,2011-01-21,15.4,0,10,07:09,20.8,12:33,23,1.9,11.1,14:40,49,84,21:10,22,08:20,2025-05-06 18:53:17.888000,2025-05-06 18:53:17.888000
207558,136,2011-01-22,11.4,0,8.3,23:06,14.6,11:11,26,3.1,11.1,03:00,80,97,20:00,57,08:40,2025-05-06 18:53:17.968943,2025-05-06 18:53:17.968943
207575,136,2011-01-23,11.7,0.2,7.1,01:41,16.3,09:51,24,1.9,10.3,16:10,79,98,19:10,55,08:50,2025-05-06 18:53:18.066377,2025-05-06 18:53:18.066377
207592,136,2011-01-24,13.2,11,9,05:13,17.4,12:02,26,1.4,5.3,00:40,91,100,05:00,68,11:50,2025-05-06 18:53:18.152886,2025-05-06 18:53:18.152886
207609,136,2011-01-25,11.4,27.6,8.4,23:47,14.3,14:10,25,8.3,24.2,15:20,79,98,,65,13:50,2025-05-06 18:53:18.239325,2025-05-06 18:53:18.239325
207626,136,2011-01-26,11.8,2.6,8.3,00:02,15.2,14:25,26,5,14.7,16:20,79,99,00:20,48,14:50,2025-05-06 18:53:18.325243,2025-05-06 18:53:18.325243
207642,136,2011-01-27,11.2,1.8,8.7,00:01,13.6,12:23,30,4.2,15.3,02:20,97,100,,83,02:00,2025-05-06 18:53:18.407748,2025-05-06 18:53:18.407748
207658,136,2011-01-28,11.4,0.2,9.2,05:59,13.5,09:53,13,2.5,6.9,23:59,97,100,,87,12:10,2025-05-06 18:53:18.490767,2025-05-06 18:53:18.490767
207675,136,2011-01-29,11.2,22.2,9.1,19:00,13.4,13:15,99,4.4,11.1,10:50,97,100,,95,15:00,2025-05-06 18:53:18.582842,2025-05-06 18:53:18.582842
207692,136,2011-01-30,9.6,124,7.8,21:06,11.4,12:56,5,1.9,10,18:50,100,100,,100,,2025-05-06 18:53:18.674672,2025-05-06 18:53:18.674672
207709,136,2011-01-31,8.2,4.8,6.9,06:47,9.5,09:55,3,3.6,11.9,23:59,96,100,,77,19:30,2025-05-06 18:53:18.759410,2025-05-06 18:53:18.759410
207725,136,2011-02-01,9.6,2.6,7.3,03:10,11.8,12:00,4,4.2,12.8,06:00,87,99,,67,12:20,2025-05-06 18:53:18.831740,2025-05-06 18:53:18.831740
207741,136,2011-02-02,9.4,1.6,7.2,20:28,11.7,12:21,2,3.9,12.5,06:50,91,100,,82,12:20,2025-05-06 18:53:18.901490,2025-05-06 18:53:18.901490
207757,136,2011-02-03,11,0,7.3,06:15,14.6,12:59,99,2.8,7.2,,78,95,23:30,66,13:00,2025-05-06 18:53:18.980219,2025-05-06 18:53:18.980219
207772,136,2011-02-04,11.2,0,6.2,22:14,16.2,14:26,11,3.9,8.6,12:10,85,97,,63,13:50,2025-05-06 18:53:19.058309,2025-05-06 18:53:19.058309
207787,136,2011-02-05,12.6,0,7.1,00:25,18.2,12:32,14,5,14.2,20:30,56,99,,29,15:40,2025-05-06 18:53:19.135777,2025-05-06 18:53:19.135777
207802,136,2011-02-06,11.9,0,7.7,23:23,16.1,12:19,14,6.9,15,08:00,56,85,07:40,38,13:30,2025-05-06 18:53:19.225395,2025-05-06 18:53:19.225395
207817,136,2011-02-07,12.2,0,6.3,19:41,18.1,13:02,14,3.9,10.6,10:10,76,92,19:00,49,23:20,2025-05-06 18:53:19.306303,2025-05-06 18:53:19.306303
207834,136,2011-02-08,11.2,0,4.9,06:04,17.5,12:26,13,3.1,7.5,10:20,81,96,06:40,38,01:40,2025-05-06 18:53:19.387294,2025-05-06 18:53:19.387294
207851,136,2011-02-09,11.4,3.2,5.1,23:15,17.7,10:46,24,3.6,15,14:10,56,95,23:00,23,10:50,2025-05-06 18:53:19.460256,2025-05-06 18:53:19.460256
207868,136,2011-02-10,,,,,,,0,2.8,,,59,,,,,2025-05-06 18:53:19.544722,2025-05-06 18:53:19.544722
207885,136,2011-02-11,10.8,2.4,6.7,06:40,14.8,11:19,30,3.1,8.1,23:50,80,98,,36,05:30,2025-05-06 18:53:19.628062,2025-05-06 18:53:19.628062
207901,136,2011-02-12,9,0,7.2,07:17,10.9,14:54,35,4.7,11.1,05:20,93,100,,80,09:20,2025-05-06 18:53:19.714350,2025-05-06 18:53:19.714350
207918,136,2011-02-13,10.2,0.2,6.9,04:00,13.5,14:15,32,3.9,9.7,15:20,82,96,08:00,65,15:20,2025-05-06 18:53:19.815517,2025-05-06 18:53:19.815517
207935,136,2011-02-14,10.3,2.8,8.4,21:56,12.2,,29,3.6,11.1,07:50,99,100,,87,00:00,2025-05-06 18:53:19.906902,2025-05-06 18:53:19.906902
207952,136,2011-02-15,11.8,3,8.1,04:27,15.5,13:49,34,5,10,13:20,87,100,23:30,70,13:50,2025-05-06 18:53:19.993114,2025-05-06 18:53:19.993114
207969,136,2011-02-16,10.4,9,8.6,23:55,12.2,15:50,32,4.7,12.2,07:20,97,100,,81,16:30,2025-05-06 18:53:20.096425,2025-05-06 18:53:20.096425
207985,136,2011-02-17,12,,7.6,07:25,16.5,14:00,33,1.9,6.4,00:30,84,100,,65,13:00,2025-05-06 18:53:20.182704,2025-05-06 18:53:20.182704
208002,136,2011-02-18,13.8,0,8.2,07:08,19.3,13:27,13,1.9,5.6,11:30,85,99,20:20,62,12:40,2025-05-06 18:53:20.269822,2025-05-06 18:53:20.269822
208018,136,2011-02-19,13.6,0,8.2,03:28,19.1,12:49,34,1.4,5.3,15:50,80,100,22:10,58,13:10,2025-05-06 18:53:20.358578,2025-05-06 18:53:20.358578
208034,136,2011-02-20,14.6,4.4,7.4,02:55,21.8,12:41,14,3.1,7.8,11:40,74,100,,57,12:10,2025-05-06 18:53:20.444629,2025-05-06 18:53:20.444629
208050,136,2011-02-21,13.4,0,8.7,20:46,18,13:42,99,4.2,10.3,,89,100,,42,23:59,2025-05-06 18:53:20.532659,2025-05-06 18:53:20.532659
208067,136,2011-02-22,15,0,7.9,07:07,22,13:45,13,3.6,9.7,00:30,81,98,,35,01:00,2025-05-06 18:53:20.627091,2025-05-06 18:53:20.627091
208083,136,2011-02-23,17.8,0,11.9,06:03,23.7,10:56,13,1.7,6.7,11:20,59,94,18:40,30,23:59,2025-05-06 18:53:20.726412,2025-05-06 18:53:20.726412
208100,136,2011-02-24,15.4,0,8.8,22:18,21.9,13:11,12,1.1,4.4,11:20,53,99,,16,07:00,2025-05-06 18:53:20.838175,2025-05-06 18:53:20.838175
208115,136,2011-02-25,13.6,0,7.5,02:22,19.8,14:28,12,1.4,10.3,23:40,80,100,,42,14:20,2025-05-06 18:53:20.950042,2025-05-06 18:53:20.950042
208130,136,2011-02-26,16.2,0,8.5,06:44,23.8,15:24,17,4.2,10,00:10,72,96,05:50,36,21:40,2025-05-06 18:53:21.056729,2025-05-06 18:53:21.056729
208146,136,2011-02-27,18.2,0,10.9,19:38,25.5,11:44,12,2.2,6.1,01:30,44,95,19:20,18,09:30,2025-05-06 18:53:21.161561,2025-05-06 18:53:21.161561
208162,136,2011-02-28,14,0,7.2,07:33,20.8,12:04,13,1.7,10,08:40,74,96,07:20,30,02:10,2025-05-06 18:53:21.280868,2025-05-06 18:53:21.280868
208178,136,2011-03-01,11.4,0.2,8.4,07:04,14.5,14:11,2,1.7,8.3,21:40,84,97,20:20,67,13:40,2025-05-06 18:54:24.054144,2025-05-06 18:54:24.054144
208194,136,2011-03-02,9.3,0.8,7.9,07:15,10.7,13:53,36,5,9.4,21:00,94,99,,81,13:50,2025-05-06 18:54:24.188863,2025-05-06 18:54:24.188863
208211,136,2011-03-03,9.8,5.8,7.4,07:54,12.1,12:38,36,3.1,10.6,09:00,83,100,09:40,72,13:00,2025-05-06 18:54:24.327199,2025-05-06 18:54:24.327199
208228,136,2011-03-04,9.2,0.4,7,07:28,11.3,11:49,36,2.5,7.8,07:00,89,100,07:30,81,13:10,2025-05-06 18:54:24.473373,2025-05-06 18:54:24.473373
208245,136,2011-03-05,10,3,6.8,03:52,13.3,10:18,36,1.9,5.3,12:50,91,100,,67,10:10,2025-05-06 18:54:24.585737,2025-05-06 18:54:24.585737
208262,136,2011-03-06,11.4,0,5.9,05:14,16.8,16:13,27,2.2,9.2,16:50,72,100,07:30,44,16:20,2025-05-06 18:54:24.736884,2025-05-06 18:54:24.736884
208279,136,2011-03-07,12.8,,8,23:21,17.6,12:44,26,4.4,13.1,16:00,63,94,23:40,42,16:00,2025-05-06 18:54:24.900449,2025-05-06 18:54:24.900449
208296,136,2011-03-08,12.3,1.4,7,06:44,17.6,14:21,2,2.2,7.5,12:40,76,98,23:30,56,10:20,2025-05-06 18:54:25.014387,2025-05-06 18:54:25.014387
208313,136,2011-03-09,11.9,0,7.9,07:04,15.9,16:22,36,1.4,7.2,14:40,85,100,,65,15:20,2025-05-06 18:54:25.133172,2025-05-06 18:54:25.133172
208330,136,2011-03-10,13.2,0,8.6,23:49,17.9,11:43,12,2.5,7.2,16:30,78,97,23:59,63,12:00,2025-05-06 18:54:25.240018,2025-05-06 18:54:25.240018
208347,136,2011-03-11,12.6,3.4,8.4,00:54,16.9,12:42,28,4.2,12.2,13:00,72,98,,51,12:40,2025-05-06 18:54:25.361153,2025-05-06 18:54:25.361153
208364,136,2011-03-12,11.4,,7.9,,14.8,11:51,27,3.9,11.4,00:30,87,100,21:40,70,10:50,2025-05-06 18:54:25.481906,2025-05-06 18:54:25.481906
208381,136,2011-03-13,10.1,22.4,5.7,22:17,14.5,10:56,26,5.3,18.6,18:10,79,100,,55,11:20,2025-05-06 18:54:25.593566,2025-05-06 18:54:25.593566
208396,136,2011-03-14,6.9,30,4.3,19:26,9.5,12:01,29,4.7,16.9,00:20,97,100,,90,12:10,2025-05-06 18:54:25.700746,2025-05-06 18:54:25.700746
208412,136,2011-03-15,6.8,3.8,3.4,00:44,10.2,16:39,33,8.1,17.2,00:40,92,100,,73,16:40,2025-05-06 18:54:25.810919,2025-05-06 18:54:25.810919
208428,136,2011-03-16,7.6,2,5.2,04:17,9.9,09:47,34,3.6,9.4,12:40,89,100,11:30,82,09:50,2025-05-06 18:54:25.931605,2025-05-06 18:54:25.931605
208445,136,2011-03-17,10.8,0.8,6.4,05:49,15.3,13:24,10,1.9,6.4,22:10,82,100,,59,14:30,2025-05-06 18:54:26.035621,2025-05-06 18:54:26.035621
208462,136,2011-03-18,11.4,0,7.7,07:32,15,13:15,6,1.7,8.3,00:10,90,100,,69,13:20,2025-05-06 18:54:26.149594,2025-05-06 18:54:26.149594
208478,136,2011-03-19,14.8,0,7.9,04:57,21.7,13:34,11,1.7,6.7,12:00,83,100,,47,11:30,2025-05-06 18:54:26.261849,2025-05-06 18:54:26.261849
208494,136,2011-03-20,15.4,0,8.3,05:52,22.6,12:34,30,1.7,6.1,04:10,86,100,,33,23:59,2025-05-06 18:54:26.368131,2025-05-06 18:54:26.368131
208510,136,2011-03-21,15.2,0,9.3,03:20,21.1,10:44,99,2.5,6.7,20:50,92,100,,30,00:00,2025-05-06 18:54:26.480815,2025-05-06 18:54:26.480815
208526,136,2011-03-22,10.9,,8.4,01:57,13.4,12:55,28,4.2,11.7,23:59,94,100,,72,23:59,2025-05-06 18:54:26.581140,2025-05-06 18:54:26.581140
208541,136,2011-03-23,12,0,8.3,02:36,15.6,14:27,29,6.1,14.2,05:20,89,94,12:30,67,00:20,2025-05-06 18:54:26.690480,2025-05-06 18:54:26.690480
208557,136,2011-03-24,14.4,0,7.3,06:54,21.4,12:57,16,1.9,5.8,12:50,40,98,03:10,16,10:20,2025-05-06 18:54:26.796800,2025-05-06 18:54:26.796800
208574,136,2011-03-25,15.8,0,9.1,22:42,22.6,13:31,6,1.7,6.7,13:50,42,80,18:20,12,05:10,2025-05-06 18:54:26.917894,2025-05-06 18:54:26.917894
208591,136,2011-03-26,14.2,0,8.9,03:43,19.6,11:56,2,1.4,5.3,12:20,86,99,,16,00:00,2025-05-06 18:54:27.014328,2025-05-06 18:54:27.014328
208608,136,2011-03-27,13.4,,8.7,02:45,18.1,14:28,7,1.1,6.1,16:30,84,100,02:20,62,14:30,2025-05-06 18:54:27.142386,2025-05-06 18:54:27.142386
208625,136,2011-03-28,12.4,0,8.9,21:59,15.8,14:45,34,2.2,5.8,13:30,85,97,04:10,72,13:30,2025-05-06 18:54:27.266554,2025-05-06 18:54:27.266554
208640,136,2011-03-29,13.2,0,9.1,05:53,17.3,14:12,14,1.4,6.7,23:59,82,98,01:50,65,15:50,2025-05-06 18:54:27.370294,2025-05-06 18:54:27.370294
208655,136,2011-03-30,14.2,0,10.4,21:09,18.1,14:38,99,1.9,6.1,,89,99,,68,14:50,2025-05-06 18:54:27.487101,2025-05-06 18:54:27.487101
208671,136,2011-03-31,17,0,7.3,06:27,26.6,10:51,99,2.2,5.8,08:40,42,100,,28,07:20,2025-05-06 18:54:27.597175,2025-05-06 18:54:27.597175
208687,136,2011-04-01,16.2,0,9.8,05:59,22.5,14:18,32,2.8,8.3,12:00,89,100,,19,02:50,2025-05-06 18:54:27.730179,2025-05-06 18:54:27.730179
208703,136,2011-04-02,14.6,,9.2,04:15,19.9,13:48,31,3.6,11.7,22:40,87,100,,61,20:10,2025-05-06 18:54:27.840243,2025-05-06 18:54:27.840243
208719,136,2011-04-03,11,1.4,8.8,23:54,13.3,15:44,35,5.6,13.1,02:50,95,100,,77,16:00,2025-05-06 18:54:27.962712,2025-05-06 18:54:27.962712
208735,136,2011-04-04,11,,7.9,03:15,14,12:43,34,4.2,11.7,16:30,82,100,23:59,58,12:20,2025-05-06 18:54:28.073493,2025-05-06 18:54:28.073493
208751,136,2011-04-05,10.2,0.2,8,03:34,12.5,10:43,36,3.6,9.4,01:40,99,100,,83,11:10,2025-05-06 18:54:28.201951,2025-05-06 18:54:28.201951
208768,136,2011-04-06,12.1,0.2,8,03:55,16.2,09:35,12,1.1,6.9,09:40,94,100,,73,09:40,2025-05-06 18:54:28.314520,2025-05-06 18:54:28.314520
208786,136,2011-04-07,16.7,0,8.4,02:29,25,12:51,14,5,16.1,06:40,66,99,02:40,41,11:00,2025-05-06 18:54:28.410313,2025-05-06 18:54:28.410313
208804,136,2011-04-08,15.4,0,9.7,23:44,21,11:12,12,1.4,7.2,02:40,87,100,03:50,59,11:00,2025-05-06 18:54:28.523828,2025-05-06 18:54:28.523828
208822,136,2011-04-09,15.6,0,9.4,01:48,21.9,14:11,12,2.5,7.2,11:30,73,100,03:40,41,15:10,2025-05-06 18:54:28.638994,2025-05-06 18:54:28.638994
208840,136,2011-04-10,14.2,0,7,05:16,21.4,13:35,13,1.7,5.3,04:10,80,100,01:30,58,13:40,2025-05-06 18:54:28.771050,2025-05-06 18:54:28.771050
208857,136,2011-04-11,12.8,0,9.5,06:20,16,12:55,1,2.2,6.1,08:00,86,100,06:00,68,13:20,2025-05-06 18:54:28.882945,2025-05-06 18:54:28.882945
208874,136,2011-04-12,12,0,9.6,04:56,14.4,14:33,1,1.7,5,14:10,96,99,,78,14:30,2025-05-06 18:54:29.016336,2025-05-06 18:54:29.016336
208891,136,2011-04-13,15.2,0,10.1,05:56,20.3,22:27,32,1.7,4.2,04:30,84,99,,10,22:20,2025-05-06 18:54:29.120022,2025-05-06 18:54:29.120022
208909,136,2011-04-14,17,0,10.1,23:03,24,10:04,12,1.7,5.6,05:40,53,99,,8,03:00,2025-05-06 18:54:29.228688,2025-05-06 18:54:29.228688
208927,136,2011-04-15,13.6,0,9.5,06:42,17.6,10:56,11,1.1,5.3,13:10,83,98,,38,,2025-05-06 18:54:29.344959,2025-05-06 18:54:29.344959
208945,136,2011-04-16,14.6,0,9.5,06:52,19.6,09:50,12,2.5,4.7,07:00,87,100,23:40,63,09:10,2025-05-06 18:54:29.472630,2025-05-06 18:54:29.472630
208963,136,2011-04-17,16.8,0,11.5,01:17,22.1,12:52,25,6.1,21.7,17:50,55,98,00:00,50,12:10,2025-05-06 18:54:29.597401,2025-05-06 18:54:29.597401
208981,136,2011-04-18,16.6,0,10.4,23:38,22.8,14:36,22,2.5,18.3,03:00,59,89,23:59,44,15:30,2025-05-06 18:54:29.740243,2025-05-06 18:54:29.740243
208999,136,2011-04-19,14.8,4.2,9.5,03:47,20.1,09:55,14,0.8,5.6,09:20,95,99,17:40,65,09:40,2025-05-06 18:54:29.880963,2025-05-06 18:54:29.880963
209017,136,2011-04-20,13.4,28.4,9.5,,17.2,12:27,33,4.2,10.3,18:00,92,100,,76,03:30,2025-05-06 18:54:29.998147,2025-05-06 18:54:29.998147
209034,136,2011-04-21,11,0,7.9,06:29,14.2,12:06,34,5.8,12.8,10:40,93,100,,76,12:10,2025-05-06 18:54:30.140281,2025-05-06 18:54:30.140281
209052,136,2011-04-22,12.2,6.8,8.8,03:08,15.6,13:56,33,4.7,11.4,20:10,84,100,05:20,66,13:30,2025-05-06 18:54:30.274128,2025-05-06 18:54:30.274128
209070,136,2011-04-23,10.7,,8.5,10:35,12.9,14:36,32,7.5,16.9,06:20,93,100,,75,14:40,2025-05-06 18:54:30.410013,2025-05-06 18:54:30.410013
209088,136,2011-04-24,9.6,,7.5,06:36,11.6,,1,3.6,12.2,04:30,92,100,,87,15:50,2025-05-06 18:54:30.537839,2025-05-06 18:54:30.537839
209106,136,2011-04-25,11,,8.3,01:47,13.7,12:45,2,2.2,8.3,05:00,93,100,,84,13:00,2025-05-06 18:54:30.689959,2025-05-06 18:54:30.689959
209124,136,2011-04-26,11.8,0,9.1,22:16,14.6,11:16,3,1.4,5,11:10,96,100,,76,11:20,2025-05-06 18:54:30.823544,2025-05-06 18:54:30.823544
209142,136,2011-04-27,12.4,0,8.6,23:55,16.2,09:57,13,1.4,4.7,23:59,87,99,23:40,63,10:00,2025-05-06 18:54:30.940373,2025-05-06 18:54:30.940373
209160,136,2011-04-28,13.6,13.8,8.6,00:28,18.6,10:52,34,2.2,7.2,23:40,86,100,,65,08:20,2025-05-06 18:54:31.073669,2025-05-06 18:54:31.073669
209178,136,2011-04-29,12.6,3,10,04:20,15.2,,35,3.1,8.9,12:40,98,100,,84,11:50,2025-05-06 18:54:31.205177,2025-05-06 18:54:31.205177
209195,136,2011-04-30,13,27,8,,17.9,13:16,26,4.7,17.5,18:30,84,100,,55,13:20,2025-05-06 18:54:31.310696,2025-05-06 18:54:31.310696
209211,136,2011-05-01,12.2,0,7.3,,17.2,11:52,28,4.4,13.6,06:10,79,100,,46,11:50,2025-05-06 18:54:31.417783,2025-05-06 18:54:31.417783
209228,136,2011-05-02,11.1,1.2,8.6,06:32,13.6,09:32,27,1.4,6.4,00:20,97,100,,72,05:00,2025-05-06 18:54:31.536952,2025-05-06 18:54:31.536952
209246,136,2011-05-03,12.4,0.2,7.8,03:02,17.1,08:42,34,0.8,4.2,11:20,93,100,,62,09:20,2025-05-06 18:54:31.647556,2025-05-06 18:54:31.647556
209263,136,2011-05-04,12.2,0,9.6,23:59,14.9,09:53,32,1.1,5.3,23:20,88,99,22:40,82,,2025-05-06 18:54:31.758983,2025-05-06 18:54:31.758983
209280,136,2011-05-05,12.6,0,8.9,04:44,16.2,11:15,29,1.9,8.1,02:40,82,96,,68,11:30,2025-05-06 18:54:31.874290,2025-05-06 18:54:31.874290
209298,136,2011-05-06,13,1.6,9.3,03:46,16.7,13:23,33,3.9,9.4,11:50,81,93,,68,14:40,2025-05-06 18:54:32.009425,2025-05-06 18:54:32.009425
209316,136,2011-05-07,14,0,10.4,04:20,17.6,13:04,30,2.2,8.6,03:20,87,100,,70,13:30,2025-05-06 18:54:32.133105,2025-05-06 18:54:32.133105
209334,136,2011-05-08,14,0.2,9.8,05:51,18.3,14:44,4,1.1,6.4,10:40,84,99,03:10,68,14:10,2025-05-06 18:54:32.268907,2025-05-06 18:54:32.268907
209352,136,2011-05-09,14.7,0,10.7,04:48,18.7,12:37,34,1.9,6.1,20:20,85,100,,68,12:20,2025-05-06 18:54:32.419635,2025-05-06 18:54:32.419635
209370,136,2011-05-10,15.2,0,11.2,,19.2,13:28,29,2.5,7.2,20:00,92,100,,76,11:20,2025-05-06 18:54:32.534953,2025-05-06 18:54:32.534953
209388,136,2011-05-11,17.3,0,12,00:01,22.6,09:28,99,2.2,6.7,,86,100,,61,07:00,2025-05-06 18:54:32.660559,2025-05-06 18:54:32.660559
209406,136,2011-05-12,19.2,0,12.7,02:48,25.8,15:43,16,1.4,6.9,23:20,73,100,,54,08:40,2025-05-06 18:54:32.791745,2025-05-06 18:54:32.791745
209424,136,2011-05-13,19,0,12.5,23:30,25.5,13:26,12,1.9,6.7,00:10,84,99,23:40,63,13:40,2025-05-06 18:54:32.903093,2025-05-06 18:54:32.903093
209442,136,2011-05-14,17,0,11.4,03:13,22.7,11:32,11,1.9,6.4,10:30,83,99,00:00,62,10:50,2025-05-06 18:54:33.008864,2025-05-06 18:54:33.008864
209460,136,2011-05-15,17.2,0.2,10.4,06:23,24,11:53,11,1.4,7.2,14:20,85,100,,56,11:20,2025-05-06 18:54:33.152507,2025-05-06 18:54:33.152507
209477,136,2011-05-16,16.1,0.8,11.5,04:35,20.7,17:39,11,1.1,6.1,09:30,73,98,21:20,56,05:50,2025-05-06 18:54:33.292111,2025-05-06 18:54:33.292111
209494,136,2011-05-17,15.2,0,11.5,02:39,18.8,11:15,34,1.7,6.7,23:10,89,100,,70,10:10,2025-05-06 18:54:33.406063,2025-05-06 18:54:33.406063
209511,136,2011-05-18,15.2,0.8,11.6,05:15,18.7,14:40,34,4.4,10.3,23:00,90,100,,69,11:10,2025-05-06 18:54:33.533091,2025-05-06 18:54:33.533091
209528,136,2011-05-19,13.3,0.8,11,23:39,15.6,14:24,33,5.6,10.8,04:10,94,100,,78,14:00,2025-05-06 18:54:33.644506,2025-05-06 18:54:33.644506
209544,136,2011-05-20,13.6,3.6,10.2,01:25,17.1,15:24,34,2.5,9.4,00:10,98,100,,77,15:30,2025-05-06 18:54:33.763206,2025-05-06 18:54:33.763206
209561,136,2011-05-21,13,3.2,11.7,04:58,14.4,15:06,2,1.9,8.3,20:30,99,100,,96,15:10,2025-05-06 18:54:33.898647,2025-05-06 18:54:33.898647
209578,136,2011-05-22,13.4,0.6,11.5,05:43,15.2,13:51,2,2.5,7.5,00:10,99,100,,95,12:10,2025-05-06 18:54:34.006600,2025-05-06 18:54:34.006600
209595,136,2011-05-23,14.4,0.2,12.4,04:12,16.4,14:25,33,2.5,6.1,15:50,99,100,,96,14:00,2025-05-06 18:54:34.116706,2025-05-06 18:54:34.116706
209611,136,2011-05-24,16.4,0,12.7,05:24,20.1,14:51,12,2.5,6.9,07:00,94,100,,80,15:00,2025-05-06 18:54:34.223648,2025-05-06 18:54:34.223648
209627,136,2011-05-25,17.2,0,12.5,23:56,22,16:10,11,3.1,7.8,05:10,93,100,,75,16:10,2025-05-06 18:54:34.331725,2025-05-06 18:54:34.331725
209645,136,2011-05-26,16.5,0,10.5,05:58,22.5,16:45,34,3.1,5.8,13:00,89,100,,66,10:10,2025-05-06 18:54:34.455301,2025-05-06 18:54:34.455301
209663,136,2011-05-27,15.1,0.6,10,05:01,20.2,07:40,36,1.1,5.3,12:00,93,100,,66,07:50,2025-05-06 18:54:34.580497,2025-05-06 18:54:34.580497
209681,136,2011-05-28,14.2,0.4,11.6,03:11,16.9,13:13,30,2.5,6.4,23:00,95,100,,85,12:40,2025-05-06 18:54:34.685321,2025-05-06 18:54:34.685321
209699,136,2011-05-29,14.8,0,11.5,05:53,18.2,09:29,30,2.2,8.3,02:40,83,100,,74,09:30,2025-05-06 18:54:34.833398,2025-05-06 18:54:34.833398
209717,136,2011-05-30,14.6,0,12,23:48,17.1,12:09,4,1.4,5.8,15:40,94,98,17:40,84,09:00,2025-05-06 18:54:34.971544,2025-05-06 18:54:34.971544
209735,136,2011-05-31,16.2,0,11.1,04:41,21.3,14:20,12,2.5,8.1,12:10,85,99,03:00,63,13:40,2025-05-06 18:54:35.129238,2025-05-06 18:54:35.129238
209753,136,2011-06-01,16.8,0,12.1,23:40,21.5,12:05,7,1.9,6.1,12:50,88,99,05:00,65,11:40,2025-05-06 18:54:35.283730,2025-05-06 18:54:35.283730
209771,136,2011-06-02,15.3,0,11.4,06:22,19.2,15:23,35,2.8,6.1,14:50,84,100,23:50,69,13:00,2025-05-06 18:54:35.436324,2025-05-06 18:54:35.436324
209789,136,2011-06-03,14.6,,11.3,06:09,17.9,14:48,29,5,11.1,22:10,86,100,,75,15:40,2025-05-06 18:54:35.598121,2025-05-06 18:54:35.598121
209807,136,2011-06-04,13.6,0.2,11.4,,15.9,15:29,32,5.6,11.9,02:40,92,100,,80,15:20,2025-05-06 18:54:35.740361,2025-05-06 18:54:35.740361
209825,136,2011-06-05,14.6,0,10.9,04:15,18.2,14:14,27,4.2,9.2,04:30,86,100,,66,14:10,2025-05-06 18:54:35.873502,2025-05-06 18:54:35.873502
209843,136,2011-06-06,14.9,0.2,10.8,05:46,19,15:32,36,4.2,9.2,12:30,79,100,,60,15:30,2025-05-06 18:54:36.001138,2025-05-06 18:54:36.001138
209861,136,2011-06-07,14.5,0.8,11.3,23:35,17.7,14:35,1,3.6,10.8,06:20,88,100,,66,13:10,2025-05-06 18:54:36.117225,2025-05-06 18:54:36.117225
209879,136,2011-06-08,13.6,0.8,10.6,05:45,16.5,13:56,3,1.9,6.9,01:40,91,100,,75,14:10,2025-05-06 18:54:36.256031,2025-05-06 18:54:36.256031
209897,136,2011-06-09,14.8,0,11.2,00:58,18.4,14:51,36,1.9,6.1,13:20,84,98,07:20,70,13:40,2025-05-06 18:54:36.434857,2025-05-06 18:54:36.434857
209915,136,2011-06-10,15.1,1.6,11.1,04:27,19.1,12:38,34,3.1,8.6,22:50,85,100,,72,12:40,2025-05-06 18:54:36.591934,2025-05-06 18:54:36.591934
209933,136,2011-06-11,14.6,0,10.8,04:45,18.3,12:43,36,3.3,9.7,14:40,85,100,,65,15:30,2025-05-06 18:54:36.752694,2025-05-06 18:54:36.752694
209951,136,2011-06-12,15.7,0,12.1,03:12,19.3,12:12,1,1.4,6.7,01:20,92,98,,74,11:50,2025-05-06 18:54:36.912673,2025-05-06 18:54:36.912673
209969,136,2011-06-13,20.3,0,11.7,05:20,28.9,14:37,14,1.9,6.9,23:10,46,97,,32,13:00,2025-05-06 18:54:37.070186,2025-05-06 18:54:37.070186
209987,136,2011-06-14,24.9,0,16.2,00:11,33.6,12:40,12,3.3,11.1,03:40,30,60,01:40,20,19:10,2025-05-06 18:54:37.224305,2025-05-06 18:54:37.224305
210005,136,2011-06-15,25.8,0,18,01:46,33.6,10:44,13,2.2,7.8,04:10,28,40,,8,20:00,2025-05-06 18:54:37.365886,2025-05-06 18:54:37.365886
210023,136,2011-06-16,21.8,0,16.2,23:59,27.5,10:23,3,2.5,9.4,15:50,37,70,23:59,14,00:00,2025-05-06 18:54:37.517407,2025-05-06 18:54:37.517407
210040,136,2011-06-17,16,0,12.9,22:20,19.1,12:00,30,3.3,7.8,17:00,89,98,,65,02:30,2025-05-06 18:54:37.663769,2025-05-06 18:54:37.663769
210058,136,2011-06-18,14.8,0.4,12.5,04:59,17.2,14:46,35,0.8,5.8,10:10,96,99,,89,,2025-05-06 18:54:37.822698,2025-05-06 18:54:37.822698
210076,136,2011-06-19,22.5,0.2,13.3,03:29,31.7,12:22,15,2.5,10.3,23:00,61,100,,40,19:10,2025-05-06 18:54:37.971157,2025-05-06 18:54:37.971157
210093,136,2011-06-20,29.2,0,22.6,00:25,35.7,12:30,13,4.7,12.2,11:20,34,44,,25,11:10,2025-05-06 18:54:38.107004,2025-05-06 18:54:38.107004
210109,136,2011-06-21,30.8,0,22.3,01:02,39.3,12:56,16,3.3,10.3,07:20,24,41,01:00,21,13:00,2025-05-06 18:54:38.225178,2025-05-06 18:54:38.225178
210124,136,2011-06-22,31.4,0,23,04:12,39.8,11:53,14,4.2,8.1,22:40,30,36,,19,11:10,2025-05-06 18:54:38.352392,2025-05-06 18:54:38.352392
210140,136,2011-06-23,27.8,0,18.3,23:36,37.4,10:26,13,3.6,7.5,00:10,26,58,23:10,21,11:30,2025-05-06 18:54:38.486256,2025-05-06 18:54:38.486256
210157,136,2011-06-24,25,0,17.8,04:20,32.1,11:18,12,3.6,8.6,02:30,34,52,00:00,7,23:50,2025-05-06 18:54:38.599357,2025-05-06 18:54:38.599357
210172,136,2011-06-25,23.9,0,19.3,00:10,28.5,16:02,30,2.2,5.3,18:20,31,56,18:20,7,00:50,2025-05-06 18:54:38.708636,2025-05-06 18:54:38.708636
210188,136,2011-06-26,26,0,19.2,05:23,32.8,10:11,30,2.2,4.2,19:20,38,64,19:10,11,00:00,2025-05-06 18:54:38.837823,2025-05-06 18:54:38.837823
210203,136,2011-06-27,24.2,0,14.6,21:52,33.7,11:20,13,2.8,7.8,07:20,49,95,21:30,10,05:00,2025-05-06 18:54:38.961401,2025-05-06 18:54:38.961401
210218,136,2011-06-28,25.2,0,17.1,20:08,33.3,09:04,16,2.2,6.7,06:40,55,86,19:20,18,07:30,2025-05-06 18:54:39.100643,2025-05-06 18:54:39.100643
210234,136,2011-06-29,18.6,0.2,15.6,22:01,21.6,02:04,33,2.5,5.3,13:10,82,99,,33,03:40,2025-05-06 18:54:39.237813,2025-05-06 18:54:39.237813
210250,136,2011-06-30,17.6,0,13.4,04:45,21.9,22:27,32,2.5,5.3,12:50,97,100,,44,22:20,2025-05-06 18:54:39.373978,2025-05-06 18:54:39.373978
210266,136,2011-07-01,25,0,14.7,02:05,35.2,10:59,14,4.4,11.7,09:10,32,96,01:50,14,23:10,2025-05-06 18:54:39.495869,2025-05-06 18:54:39.495869
210282,136,2011-07-02,26,0,14.5,23:13,37.6,11:52,32,2.2,6.9,20:20,48,99,,13,00:00,2025-05-06 18:54:39.625607,2025-05-06 18:54:39.625607
210298,136,2011-07-03,18.3,0,13.5,21:57,23.1,13:48,34,1.7,5.6,17:50,80,99,,55,02:40,2025-05-06 18:54:39.747351,2025-05-06 18:54:39.747351
210314,136,2011-07-04,14.9,0.2,13,04:03,16.8,16:51,1,3.6,9.4,10:10,89,99,08:00,78,16:20,2025-05-06 18:54:39.871976,2025-05-06 18:54:39.871976
210330,136,2011-07-05,15.4,0,12.9,01:09,18,12:04,34,1.7,8.3,01:50,92,99,,78,12:10,2025-05-06 18:54:40.043151,2025-05-06 18:54:40.043151
210346,136,2011-07-06,17.4,,14.2,00:56,20.7,14:05,2,1.1,4.4,10:30,93,100,,80,13:40,2025-05-06 18:54:40.174528,2025-05-06 18:54:40.174528
210362,136,2011-07-07,16,0.8,14.1,23:27,17.8,12:05,99,1.7,4.2,,97,100,,92,13:30,2025-05-06 18:54:40.338029,2025-05-06 18:54:40.338029
210377,136,2011-07-08,15.6,0,13.3,23:59,18,14:28,36,2.5,6.1,18:40,93,100,,82,17:00,2025-05-06 18:54:40.444364,2025-05-06 18:54:40.444364
210393,136,2011-07-09,15.6,1.2,12.8,03:52,18.5,15:54,34,2.8,8.1,22:00,91,100,,78,16:00,2025-05-06 18:54:40.572041,2025-05-06 18:54:40.572041
210409,136,2011-07-10,15.4,1.4,13.4,01:50,17.5,12:41,36,1.9,8.6,18:50,92,100,,83,12:40,2025-05-06 18:54:40.682874,2025-05-06 18:54:40.682874
210424,136,2011-07-11,16.4,0.8,13.6,07:32,19.1,16:32,34,2.2,8.1,00:50,95,100,,78,16:00,2025-05-06 18:54:40.801077,2025-05-06 18:54:40.801077
210440,136,2011-07-12,18.4,0,13.4,04:44,23.5,13:43,2,2.5,6.1,15:00,83,100,,65,13:40,2025-05-06 18:54:40.919672,2025-05-06 18:54:40.919672
210456,136,2011-07-13,18.4,0,13.2,02:06,23.5,12:46,12,3.1,6.9,06:20,87,100,,65,13:00,2025-05-06 18:54:41.015443,2025-05-06 18:54:41.015443
210471,136,2011-07-14,19.3,0,12.4,03:25,26.2,14:52,36,1.4,4.4,12:20,79,100,,32,14:50,2025-05-06 18:54:41.127084,2025-05-06 18:54:41.127084
210487,136,2011-07-15,19.8,0,12.8,02:55,26.7,14:10,8,1.7,7.2,13:50,65,97,,38,13:10,2025-05-06 18:54:41.226921,2025-05-06 18:54:41.226921
210503,136,2011-07-16,20.7,0,13.5,00:44,27.9,10:58,12,1.4,8.1,21:00,63,97,07:20,42,19:10,2025-05-06 18:54:41.341563,2025-05-06 18:54:41.341563
210519,136,2011-07-17,21,3.4,15.3,21:43,26.7,08:51,14,1.7,7.2,02:00,63,99,23:30,33,08:10,2025-05-06 18:54:41.434634,2025-05-06 18:54:41.434634
210535,136,2011-07-18,14.6,3,12.7,21:47,16.6,12:45,1,1.9,6.7,10:30,99,100,,93,16:10,2025-05-06 18:54:41.553994,2025-05-06 18:54:41.553994
210551,136,2011-07-19,14.6,23.4,12.3,03:33,16.9,11:56,1,3.1,10,14:50,99,100,,97,,2025-05-06 18:54:41.699071,2025-05-06 18:54:41.699071
210566,136,2011-07-20,14.3,7.2,12.8,23:30,15.8,15:00,34,5.3,11.9,09:30,99,100,,91,16:30,2025-05-06 18:54:41.841518,2025-05-06 18:54:41.841518
210581,136,2011-07-21,14.6,2,12.7,,16.6,12:59,35,3.9,8.3,05:40,96,100,,89,13:00,2025-05-06 18:54:41.972624,2025-05-06 18:54:41.972624
210596,136,2011-07-22,15.2,1.4,13,01:39,17.5,15:25,32,2.2,8.3,00:20,98,100,,84,15:30,2025-05-06 18:54:42.110382,2025-05-06 18:54:42.110382
210611,136,2011-07-23,16.4,0.2,13,02:23,19.9,12:21,2,2.2,7.2,14:10,85,99,01:40,69,13:20,2025-05-06 18:54:42.236881,2025-05-06 18:54:42.236881
210626,136,2011-07-24,16,0.2,12.9,06:04,19.2,15:04,1,1.4,6.4,16:20,91,99,23:40,70,15:10,2025-05-06 18:54:42.344341,2025-05-06 18:54:42.344341
210640,136,2011-07-25,15.9,0,12.2,04:02,19.6,15:45,29,3.6,8.9,10:20,86,100,00:30,66,14:30,2025-05-06 18:54:42.414104,2025-05-06 18:54:42.414104
210654,136,2011-07-26,17.1,0,13.2,03:55,21,15:28,34,3.1,6.9,02:30,85,98,,66,13:20,2025-05-06 18:54:42.484561,2025-05-06 18:54:42.484561
210670,136,2011-07-27,18.1,0,13.9,02:09,22.3,13:11,35,1.7,5,15:00,87,100,,72,13:10,2025-05-06 18:54:42.553812,2025-05-06 18:54:42.553812
210686,136,2011-07-28,20,0,14,05:25,26,15:56,12,1.9,6.7,15:20,79,100,,12,,2025-05-06 18:54:42.624412,2025-05-06 18:54:42.624412
210701,136,2011-07-29,27.8,0,17.8,19:39,37.9,11:27,99,3.1,7.5,,32,92,19:40,6,02:40,2025-05-06 18:54:42.701342,2025-05-06 18:54:42.701342
210716,136,2011-07-30,28.2,0,23.5,06:30,32.9,14:24,34,1.9,10.3,02:50,20,38,00:30,14,09:40,2025-05-06 18:54:42.774397,2025-05-06 18:54:42.774397
210732,136,2011-07-31,20.4,0,14.1,21:59,26.6,01:09,28,3.3,6.7,14:50,,,,,,2025-05-06 18:54:42.884013,2025-05-06 18:54:42.884013
210748,136,2011-08-01,18.1,5.2,13.1,06:37,23.1,09:26,33,2.5,6.7,07:20,53,98,,24,07:30,2025-05-06 18:54:42.973751,2025-05-06 18:54:42.973751
210764,136,2011-08-02,17,0.6,13.5,22:53,20.4,13:15,36,1.7,6.1,14:50,86,100,,73,13:00,2025-05-06 18:54:43.048835,2025-05-06 18:54:43.048835
210780,136,2011-08-03,18.6,0,13.4,23:53,23.7,12:11,3,1.9,5.8,12:50,85,99,,64,12:00,2025-05-06 18:54:43.183643,2025-05-06 18:54:43.183643
210796,136,2011-08-04,19,0.8,12.5,00:30,25.4,10:04,12,2.8,6.7,02:20,79,98,00:10,60,10:00,2025-05-06 18:54:43.273734,2025-05-06 18:54:43.273734
210812,136,2011-08-05,15.6,4,14.3,21:57,16.9,13:30,35,2.8,9.4,23:00,99,100,,97,00:00,2025-05-06 18:54:43.362564,2025-05-06 18:54:43.362564
210828,136,2011-08-06,15.8,5.2,14.3,08:16,17.2,15:07,34,4.2,10,09:00,99,100,,96,17:40,2025-05-06 18:54:43.438655,2025-05-06 18:54:43.438655
210845,136,2011-08-07,17.8,1.2,14.4,05:39,21.1,16:28,34,3.1,7.8,01:10,93,100,,75,15:50,2025-05-06 18:54:43.524716,2025-05-06 18:54:43.524716
210860,136,2011-08-08,19.7,0.4,15.5,04:11,23.9,18:42,27,1.4,4.7,01:50,84,100,,41,23:40,2025-05-06 18:54:43.603567,2025-05-06 18:54:43.603567
210875,136,2011-08-09,25.2,0,20,06:54,30.3,14:26,4,0.8,5.3,13:10,42,59,,28,14:30,2025-05-06 18:54:43.670080,2025-05-06 18:54:43.670080
210890,136,2011-08-10,26,0,20.5,04:33,31.4,12:49,1,1.4,5,12:00,21,46,00:10,6,22:40,2025-05-06 18:54:43.739465,2025-05-06 18:54:43.739465
210905,136,2011-08-11,24.8,0,17.2,05:31,32.4,13:37,12,1.4,6.4,10:20,37,75,05:10,10,00:00,2025-05-06 18:54:43.818167,2025-05-06 18:54:43.818167
210920,136,2011-08-12,19.9,0,14,21:46,25.8,08:13,30,1.4,7.2,19:40,52,95,,12,02:20,2025-05-06 18:54:43.889291,2025-05-06 18:54:43.889291
210934,136,2011-08-13,17.6,0,13.2,01:48,21.9,12:54,34,1.9,5.3,13:50,84,99,,70,12:20,2025-05-06 18:54:43.952256,2025-05-06 18:54:43.952256
210949,136,2011-08-14,21.8,0,13.7,03:06,30,13:24,12,1.7,6.7,12:40,72,99,,39,,2025-05-06 18:54:44.020145,2025-05-06 18:54:44.020145
210964,136,2011-08-15,28.6,0,19.3,02:29,37.8,12:09,14,4.4,8.9,07:40,27,54,02:00,19,09:30,2025-05-06 18:54:44.097461,2025-05-06 18:54:44.097461
210979,136,2011-08-16,30.2,0,21.2,00:29,39.2,12:23,18,4.2,10,05:40,17,42,00:00,12,10:40,2025-05-06 18:54:44.170177,2025-05-06 18:54:44.170177
210993,136,2011-08-17,27.6,0,18.8,20:51,36.5,12:06,13,2.8,6.1,11:10,32,47,17:30,12,00:00,2025-05-06 18:54:44.243725,2025-05-06 18:54:44.243725
211007,136,2011-08-18,19.4,6.8,14.1,06:08,24.6,10:37,99,1.7,4.7,,76,98,23:59,25,00:00,2025-05-06 18:54:44.318930,2025-05-06 18:54:44.318930
211021,136,2011-08-19,17.7,1.6,13.5,21:01,21.9,14:38,34,2.5,6.7,00:40,88,100,,62,14:20,2025-05-06 18:54:44.402227,2025-05-06 18:54:44.402227
211036,136,2011-08-20,17.4,0,13.2,06:39,21.6,13:25,33,2.5,6.9,15:30,74,98,04:40,59,14:40,2025-05-06 18:54:44.485503,2025-05-06 18:54:44.485503
211051,136,2011-08-21,17.6,0,12.9,05:04,22.3,13:57,35,1.9,6.7,14:50,81,97,,57,15:50,2025-05-06 18:54:44.570031,2025-05-06 18:54:44.570031
211065,136,2011-08-22,19.4,,13.7,00:45,25.2,11:41,35,2.5,5.8,15:10,82,97,,57,11:40,2025-05-06 18:54:44.647289,2025-05-06 18:54:44.647289
211079,136,2011-08-23,18.7,0.8,14.7,06:06,22.7,12:25,1,1.4,5.8,14:50,88,99,,66,12:20,2025-05-06 18:54:44.717000,2025-05-06 18:54:44.717000
211093,136,2011-08-24,19.2,0.2,13.9,23:44,24.5,13:08,35,1.7,5.3,15:50,87,100,,62,13:10,2025-05-06 18:54:44.784261,2025-05-06 18:54:44.784261
211109,136,2011-08-25,20.7,,13.4,03:55,28,08:55,12,0.8,5.6,21:30,74,99,,25,08:40,2025-05-06 18:54:44.856740,2025-05-06 18:54:44.856740
211125,136,2011-08-26,19.6,0,13.8,02:21,25.3,11:14,13,1.7,5.8,01:30,86,98,,58,11:30,2025-05-06 18:54:44.939129,2025-05-06 18:54:44.939129
211141,136,2011-08-27,21.2,0,14,06:42,28.3,12:39,30,1.1,4.7,03:10,79,100,,52,12:40,2025-05-06 18:54:45.020925,2025-05-06 18:54:45.020925
211156,136,2011-08-28,20.4,0,14.2,02:53,26.6,10:42,33,1.1,4.4,15:20,84,100,07:10,58,10:40,2025-05-06 18:55:47.553882,2025-05-06 18:55:47.553882
211171,136,2011-08-29,18.2,0,14.1,06:22,22.3,13:02,12,1.4,6.4,23:30,83,100,,64,23:59,2025-05-06 18:55:47.652243,2025-05-06 18:55:47.652243
211187,136,2011-08-30,17.4,0,13.1,04:33,21.8,12:54,28,2.8,5.8,05:00,79,98,,60,00:50,2025-05-06 18:55:47.739055,2025-05-06 18:55:47.739055
211203,136,2011-08-31,18.6,0,13.9,04:03,23.4,15:06,29,2.8,7.2,22:50,76,97,04:10,64,12:30,2025-05-06 18:55:47.822772,2025-05-06 18:55:47.822772
211219,136,2011-09-01,20,0,15.1,23:42,24.9,09:53,29,1.1,7.8,00:30,86,99,,58,00:50,2025-05-06 18:55:47.921372,2025-05-06 18:55:47.921372
211234,136,2011-09-02,19,0,14.2,,23.8,12:06,34,4.4,8.9,14:20,81,99,00:00,64,10:30,2025-05-06 18:55:48.013873,2025-05-06 18:55:48.013873
211249,136,2011-09-03,17.6,0,13,06:11,22.3,13:22,35,2.2,7.2,14:40,81,97,01:40,65,12:40,2025-05-06 18:55:48.084805,2025-05-06 18:55:48.084805
211264,136,2011-09-04,16.6,3.4,14,02:48,19.2,13:19,1,1.9,7.2,11:30,92,99,08:50,86,13:10,2025-05-06 18:55:48.150649,2025-05-06 18:55:48.150649
211278,136,2011-09-05,17.6,0.2,14.4,23:33,20.7,12:17,3,2.5,7.8,03:00,90,100,05:20,73,15:20,2025-05-06 18:55:48.208924,2025-05-06 18:55:48.208924
211293,136,2011-09-06,18.4,0,13.1,02:36,23.8,16:06,28,1.9,5,00:20,77,99,,28,03:20,2025-05-06 18:55:48.277291,2025-05-06 18:55:48.277291
211308,136,2011-09-07,28,0,18.7,01:00,37.3,13:38,11,1.9,7.8,13:20,25,59,01:40,15,23:30,2025-05-06 18:55:48.349135,2025-05-06 18:55:48.349135
211323,136,2011-09-08,31.3,0,24.2,21:36,38.4,12:24,29,1.1,7.8,22:40,14,45,18:40,9,07:00,2025-05-06 18:55:48.425761,2025-05-06 18:55:48.425761
211338,136,2011-09-09,26.8,0,23.5,19:51,30,14:39,30,3.6,7.8,02:10,29,49,13:40,11,20:30,2025-05-06 18:55:48.508577,2025-05-06 18:55:48.508577
211353,136,2011-09-10,22.6,0,17.3,20:09,27.9,14:18,30,2.5,6.7,06:20,44,57,16:50,9,00:00,2025-05-06 18:55:48.591176,2025-05-06 18:55:48.591176
211368,136,2011-09-11,20.9,0,14.8,23:51,27,13:24,1,1.4,6.7,16:10,78,96,06:40,52,02:40,2025-05-06 18:55:48.665330,2025-05-06 18:55:48.665330
211383,136,2011-09-12,18.2,0,13.5,03:26,22.8,13:21,14,1.9,5.8,02:20,80,98,,62,13:00,2025-05-06 18:55:48.739048,2025-05-06 18:55:48.739048
211398,136,2011-09-13,17.7,0.4,14.5,21:58,20.9,13:08,35,1.9,7.2,14:40,86,99,,67,13:10,2025-05-06 18:55:48.811169,2025-05-06 18:55:48.811169
211413,136,2011-09-14,17.7,0.2,14.1,04:40,21.3,13:37,36,2.2,6.7,14:10,80,98,,67,13:10,2025-05-06 18:55:48.885293,2025-05-06 18:55:48.885293
211428,136,2011-09-15,18.2,0,13.8,05:31,22.7,13:11,35,2.8,7.5,14:50,70,94,01:50,56,15:50,2025-05-06 18:55:48.952024,2025-05-06 18:55:48.952024
211443,136,2011-09-16,16.8,0,13.4,21:50,20.1,08:47,36,1.9,5.8,11:50,82,93,20:10,66,15:30,2025-05-06 18:55:49.020060,2025-05-06 18:55:49.020060
211458,136,2011-09-17,17,0,13,06:20,21.1,13:45,35,2.2,8.1,14:00,78,95,,60,16:00,2025-05-06 18:55:49.093333,2025-05-06 18:55:49.093333
211473,136,2011-09-18,17.6,0.2,14,23:51,21.2,10:19,3,2.2,8.6,12:10,91,97,,60,10:20,2025-05-06 18:55:49.155912,2025-05-06 18:55:49.155912
211488,136,2011-09-19,16.4,0.4,13.9,,19,16:20,3,3.1,8.3,10:40,89,97,10:50,69,14:40,2025-05-06 18:55:49.221292,2025-05-06 18:55:49.221292
211503,136,2011-09-20,16.8,0,13.7,02:19,20,14:32,36,1.4,5.6,12:20,84,97,,67,15:20,2025-05-06 18:55:49.283982,2025-05-06 18:55:49.283982
211518,136,2011-09-21,21.2,0,14,05:43,28.3,14:35,12,2.5,6.4,11:50,75,98,,49,13:00,2025-05-06 18:55:49.349476,2025-05-06 18:55:49.349476
211533,136,2011-09-22,24.1,2.4,13.8,02:37,34.4,09:59,30,3.3,19.4,18:20,53,98,01:00,6,06:40,2025-05-06 18:55:49.416437,2025-05-06 18:55:49.416437
211548,136,2011-09-23,19.4,0.2,14.8,22:41,23.9,11:23,28,1.4,8.3,03:00,84,98,,64,07:40,2025-05-06 18:55:49.489004,2025-05-06 18:55:49.489004
211563,136,2011-09-24,15.6,0.2,12.4,22:45,18.9,08:42,9,1.7,5.6,05:40,86,99,,69,17:10,2025-05-06 18:55:49.569141,2025-05-06 18:55:49.569141
211578,136,2011-09-25,18.8,0,11.7,04:11,25.9,13:28,13,2.5,10.8,22:40,79,99,,48,14:10,2025-05-06 18:55:49.647004,2025-05-06 18:55:49.647004
211593,136,2011-09-26,21.4,0,13.4,01:13,29.4,13:18,12,2.5,8.9,00:10,65,99,06:50,34,20:20,2025-05-06 18:55:49.725174,2025-05-06 18:55:49.725174
211607,136,2011-09-27,24.4,0,20.2,01:47,28.7,12:54,99,1.9,6.4,,38,58,12:00,29,09:30,2025-05-06 18:55:49.805879,2025-05-06 18:55:49.805879
211621,136,2011-09-28,22.4,0,18.4,06:41,26.5,13:35,28,1.9,7.8,09:00,22,35,00:30,12,18:00,2025-05-06 18:55:49.869068,2025-05-06 18:55:49.869068
211635,136,2011-09-29,23,0,18.8,07:05,27.1,11:19,1,1.4,6.9,15:50,45,55,23:40,22,00:00,2025-05-06 18:55:49.924859,2025-05-06 18:55:49.924859
211649,136,2011-09-30,24.1,0,16.6,03:50,31.6,13:19,12,1.9,5,10:50,55,77,19:00,35,09:50,2025-05-06 18:55:49.984498,2025-05-06 18:55:49.984498
211663,136,2011-10-01,23,0,15.9,23:59,30.2,13:24,13,1.4,6.9,22:40,67,96,20:50,48,13:20,2025-05-06 18:55:50.043590,2025-05-06 18:55:50.043590
211677,136,2011-10-02,21.3,0,14.7,04:43,27.9,14:28,14,1.7,10.8,09:20,79,98,,52,12:30,2025-05-06 18:55:50.104277,2025-05-06 18:55:50.104277
211692,136,2011-10-03,22.9,0.2,17.2,04:54,28.6,10:27,12,1.1,5.8,00:50,53,75,04:50,39,10:30,2025-05-06 18:55:50.171778,2025-05-06 18:55:50.171778
211708,136,2011-10-04,23.8,1.4,18.1,,29.6,10:42,30,1.9,7.2,18:40,48,78,12:10,39,10:50,2025-05-06 18:55:50.242133,2025-05-06 18:55:50.242133
211724,136,2011-10-05,23.6,0,18,23:08,29.1,10:54,31,1.9,4.7,14:00,38,56,00:00,23,16:00,2025-05-06 18:55:50.316194,2025-05-06 18:55:50.316194
211740,136,2011-10-06,20.6,0,14.3,22:21,27,09:09,36,2.8,8.6,16:50,50,94,21:00,25,13:00,2025-05-06 18:55:50.391447,2025-05-06 18:55:50.391447
211756,136,2011-10-07,22,0,13.1,23:13,31,12:32,13,2.8,8.6,05:30,54,95,04:40,29,19:40,2025-05-06 18:55:50.471888,2025-05-06 18:55:50.471888
211772,136,2011-10-08,17.7,0,12.9,00:16,22.5,12:06,6,1.4,6.1,01:40,86,96,,60,01:40,2025-05-06 18:55:50.548890,2025-05-06 18:55:50.548890
211788,136,2011-10-09,20.4,0,12.3,04:08,28.6,11:32,10,1.7,6.7,12:00,49,96,,37,08:20,2025-05-06 18:55:50.624462,2025-05-06 18:55:50.624462
211804,136,2011-10-10,24.3,0,16,01:30,32.6,13:23,12,5,10.8,10:20,22,43,01:10,17,13:40,2025-05-06 18:55:50.706127,2025-05-06 18:55:50.706127
211820,136,2011-10-11,25.4,0,17.1,22:25,33.6,12:37,16,4.4,11.9,07:10,24,42,22:20,18,12:40,2025-05-06 18:55:50.783455,2025-05-06 18:55:50.783455
211836,136,2011-10-12,23.1,0,15.7,22:34,30.5,10:32,99,4.2,8.3,,22,39,01:20,17,13:00,2025-05-06 18:55:50.855157,2025-05-06 18:55:50.855157
211851,136,2011-10-13,18.4,0,13.8,05:48,22.9,14:19,36,0.8,3.6,,72,98,23:59,26,,2025-05-06 18:55:50.918643,2025-05-06 18:55:50.918643
211866,136,2011-10-14,20.3,0,12.8,21:12,27.8,13:35,12,1.7,6.1,08:20,72,98,,45,13:00,2025-05-06 18:55:50.986129,2025-05-06 18:55:50.986129
211882,136,2011-10-15,22.4,0,14.3,00:09,30.4,10:51,10,4.2,6.4,11:20,43,64,16:40,27,09:20,2025-05-06 18:55:51.065907,2025-05-06 18:55:51.065907
211897,136,2011-10-16,23,0,15.8,00:28,30.2,12:05,12,5,9.7,11:00,42,72,18:00,20,10:50,2025-05-06 18:55:51.139925,2025-05-06 18:55:51.139925
211912,136,2011-10-17,22.6,0,16.4,22:09,28.9,12:46,13,4.4,8.6,09:00,50,66,18:20,30,00:00,2025-05-06 18:55:51.212345,2025-05-06 18:55:51.212345
211927,136,2011-10-18,22.4,0,14.6,06:47,30.1,12:00,27,2.2,7.5,18:50,66,92,17:50,27,00:30,2025-05-06 18:55:51.280407,2025-05-06 18:55:51.280407
211943,136,2011-10-19,20.6,0,17.4,20:31,23.9,11:33,28,2.2,8.1,16:10,57,84,14:10,44,03:10,2025-05-06 18:55:51.356109,2025-05-06 18:55:51.356109
211958,136,2011-10-20,17.1,0,12.5,23:28,21.7,10:41,7,1.7,7.5,02:10,81,98,22:30,44,00:00,2025-05-06 18:55:51.441474,2025-05-06 18:55:51.441474
211972,136,2011-10-21,18.4,0,11.4,21:42,25.3,11:19,13,2.2,8.1,12:20,77,99,,49,13:00,2025-05-06 18:55:51.506749,2025-05-06 18:55:51.506749
211987,136,2011-10-22,17.4,0,10.4,07:04,24.4,11:45,13,1.4,6.7,12:20,84,97,,48,11:00,2025-05-06 18:55:51.570811,2025-05-06 18:55:51.570811
212001,136,2011-10-23,14.6,0,10.2,23:51,19,10:12,2,1.7,4.4,11:50,80,99,,59,10:00,2025-05-06 18:55:51.636170,2025-05-06 18:55:51.636170
212016,136,2011-10-24,16.6,2.2,9.8,00:20,23.4,12:34,34,1.9,9.4,13:50,65,99,00:00,44,10:10,2025-05-06 18:55:51.705839,2025-05-06 18:55:51.705839
212032,136,2011-10-25,16,0.2,12.9,20:48,19,11:16,34,2.8,7.5,11:50,91,100,,76,16:40,2025-05-06 18:55:51.776714,2025-05-06 18:55:51.776714
212047,136,2011-10-26,17.6,0.6,11,03:42,24.1,11:11,11,0.8,5.3,11:30,95,100,06:10,62,11:10,2025-05-06 18:55:51.851961,2025-05-06 18:55:51.851961
212061,136,2011-10-27,16.9,15.4,12.4,01:51,21.4,12:31,3,3.6,7.5,17:10,89,100,,72,12:00,2025-05-06 18:55:51.925049,2025-05-06 18:55:51.925049
212076,136,2011-10-28,14.2,1.6,11.7,06:14,16.8,14:21,5,1.7,9.4,23:50,88,100,,70,,2025-05-06 18:55:51.994511,2025-05-06 18:55:51.994511
212091,136,2011-10-29,14.5,0.6,11.5,07:19,17.5,12:30,99,2.5,8.9,,92,99,,64,12:30,2025-05-06 18:55:52.067724,2025-05-06 18:55:52.067724
212106,136,2011-10-30,15.4,3.2,11.7,01:30,19,12:27,1,1.9,7.2,23:10,92,100,23:59,66,12:30,2025-05-06 18:55:52.144254,2025-05-06 18:55:52.144254
212121,136,2011-10-31,14.4,0,12.3,23:57,16.6,13:27,2,2.2,8.3,02:10,96,100,,86,13:30,2025-05-06 18:55:52.215559,2025-05-06 18:55:52.215559
212137,136,2011-11-01,14.8,0.2,11.3,04:38,18.2,13:25,34,1.4,6.7,10:10,83,100,,59,14:40,2025-05-06 18:55:52.287986,2025-05-06 18:55:52.287986
212153,136,2011-11-02,17.6,0,11.3,,24,12:20,35,1.7,6.1,08:20,72,98,,49,12:20,2025-05-06 18:55:52.364214,2025-05-06 18:55:52.364214
212169,136,2011-11-03,18.5,2.6,12.4,04:05,24.6,11:32,31,1.1,10.8,21:20,66,100,,38,05:30,2025-05-06 18:55:52.444673,2025-05-06 18:55:52.444673
212185,136,2011-11-04,15.4,0.8,12.6,23:37,18.2,13:33,33,5.8,13.9,11:10,86,100,,69,13:20,2025-05-06 18:55:52.529905,2025-05-06 18:55:52.529905
212200,136,2011-11-05,13.8,0.2,11,01:59,16.5,13:02,34,2.5,9.7,01:00,86,100,00:10,73,11:20,2025-05-06 18:55:52.613677,2025-05-06 18:55:52.613677
212216,136,2011-11-06,13,0.4,10.7,04:24,15.2,09:43,2,2.8,8.1,21:00,87,98,20:40,77,09:40,2025-05-06 18:55:52.704631,2025-05-06 18:55:52.704631
212231,136,2011-11-07,15,0,10.6,05:19,19.4,12:58,1,1.1,5.8,13:30,80,97,,61,13:00,2025-05-06 18:55:52.789894,2025-05-06 18:55:52.789894
212247,136,2011-11-08,15.8,,8.4,02:17,23.3,14:28,99,3.6,6.4,,79,98,01:50,56,12:10,2025-05-06 18:55:52.878278,2025-05-06 18:55:52.878278
212264,136,2011-11-09,16.8,0,10.6,07:15,22.9,09:52,99,1.4,4.2,,83,98,08:10,53,10:10,2025-05-06 18:55:52.963304,2025-05-06 18:55:52.963304
212280,136,2011-11-10,18.2,0,11.7,05:08,24.7,12:53,12,0.8,5.3,09:20,64,97,19:50,40,09:40,2025-05-06 18:55:53.037697,2025-05-06 18:55:53.037697
212296,136,2011-11-11,17.7,1.2,11.4,07:09,24,12:13,14,1.9,9.7,23:50,71,95,,33,23:30,2025-05-06 18:55:53.116049,2025-05-06 18:55:53.116049
212311,136,2011-11-12,16.6,1.8,10.9,00:41,22.3,13:11,18,1.4,9.7,00:50,65,100,,34,05:00,2025-05-06 18:55:53.180831,2025-05-06 18:55:53.180831
212328,136,2011-11-13,12.2,0.4,10,23:53,14.5,10:04,28,1.4,5,23:10,100,100,,99,,2025-05-06 18:55:53.252494,2025-05-06 18:55:53.252494
212345,136,2011-11-14,13.8,11,9.9,00:49,17.7,10:52,27,3.9,7.2,05:10,88,100,,67,09:00,2025-05-06 18:55:53.335278,2025-05-06 18:55:53.335278
212361,136,2011-11-15,12.7,0.4,10,19:13,15.4,12:29,36,1.9,5.8,13:10,93,100,,80,13:30,2025-05-06 18:55:53.423212,2025-05-06 18:55:53.423212
212378,136,2011-11-16,14.1,0,10.7,01:09,17.5,13:04,36,1.1,5.3,13:30,87,100,,68,13:00,2025-05-06 18:55:53.519486,2025-05-06 18:55:53.519486
212395,136,2011-11-17,14.1,8,10.8,04:04,17.4,14:05,1,1.9,8.1,18:20,92,100,,76,14:00,2025-05-06 18:55:53.622101,2025-05-06 18:55:53.622101
212413,136,2011-11-18,13.4,2.8,10.3,04:46,16.6,12:49,36,3.3,8.3,14:30,88,100,,65,15:10,2025-05-06 18:55:53.725893,2025-05-06 18:55:53.725893
212431,136,2011-11-19,14.7,18.4,10.8,17:44,18.6,13:10,32,4.2,11.1,22:20,89,100,,67,13:20,2025-05-06 18:55:53.820393,2025-05-06 18:55:53.820393
212447,136,2011-11-20,12.6,3.8,10.4,06:23,14.9,14:50,33,3.6,10.8,03:40,95,100,,79,14:50,2025-05-06 18:55:53.901454,2025-05-06 18:55:53.901454
212463,136,2011-11-21,12.8,2.6,10.6,01:33,15.1,11:46,35,3.1,7.8,13:30,90,100,,74,11:50,2025-05-06 18:55:53.983465,2025-05-06 18:55:53.983465
212479,136,2011-11-22,12,4.4,9.8,20:22,14.2,12:05,2,4.4,10.6,06:50,94,100,,81,12:00,2025-05-06 18:55:54.063487,2025-05-06 18:55:54.063487
212496,136,2011-11-23,11.6,4.8,9.5,07:40,13.6,13:11,2,3.6,11.1,08:20,92,100,,77,12:20,2025-05-06 18:55:54.148011,2025-05-06 18:55:54.148011
212513,136,2011-11-24,11.8,4.8,9.9,04:10,13.7,13:02,34,3.9,11.7,07:40,100,100,,98,12:40,2025-05-06 18:55:54.217238,2025-05-06 18:55:54.217238
212530,136,2011-11-25,12.6,0.6,9.2,00:30,15.9,10:28,1,3.6,11.1,14:20,97,100,,77,10:30,2025-05-06 18:55:54.295901,2025-05-06 18:55:54.295901
212547,136,2011-11-26,14.9,0,10.5,05:26,19.3,12:10,10,3.9,8.6,12:10,88,100,,59,13:20,2025-05-06 18:55:54.374631,2025-05-06 18:55:54.374631
212564,136,2011-11-27,13.6,0,10.6,05:35,16.6,10:08,13,2.2,7.2,02:40,94,100,,76,12:00,2025-05-06 18:55:54.452767,2025-05-06 18:55:54.452767
212580,136,2011-11-28,14.7,0,8.6,07:32,20.8,11:30,9,2.2,6.1,00:30,92,100,,54,11:30,2025-05-06 18:55:54.533030,2025-05-06 18:55:54.533030
212597,136,2011-11-29,13.6,0,9,04:41,18.1,12:42,14,3.1,7.2,09:50,87,99,,68,12:40,2025-05-06 18:55:54.612328,2025-05-06 18:55:54.612328
212614,136,2011-11-30,14.7,0,8.7,06:26,20.7,12:43,13,4.4,10.6,11:00,72,100,,36,13:00,2025-05-06 18:55:54.697305,2025-05-06 18:55:54.697305
212630,136,2011-12-01,16.8,0,11.4,00:05,22.2,12:09,14,6.4,11.9,13:40,41,51,,32,13:20,2025-05-06 18:55:54.783652,2025-05-06 18:55:54.783652
212647,136,2011-12-02,15.1,0,9.6,23:59,20.6,13:02,13,7.5,15.8,09:50,51,86,23:10,43,15:30,2025-05-06 18:55:54.880322,2025-05-06 18:55:54.880322
212664,136,2011-12-03,11.8,12.4,9.1,01:57,14.6,09:23,3,2.5,11.7,20:30,98,100,,75,09:20,2025-05-06 18:55:54.980873,2025-05-06 18:55:54.980873
212681,136,2011-12-04,11.6,1.2,9.1,06:07,14.1,13:18,8,3.3,10.8,08:10,97,100,,86,13:20,2025-05-06 18:55:55.083524,2025-05-06 18:55:55.083524
212698,136,2011-12-05,12.8,0,8.5,22:12,17.2,13:45,14,2.8,7.5,01:10,92,100,,70,13:50,2025-05-06 18:55:55.181515,2025-05-06 18:55:55.181515
212716,136,2011-12-06,13.3,0,8.4,05:52,18.2,13:32,12,5.6,9.2,16:10,88,100,,64,13:40,2025-05-06 18:55:55.275553,2025-05-06 18:55:55.275553
212734,136,2011-12-07,14.3,0,8.3,00:29,20.3,11:08,14,6.1,16.7,23:20,52,100,00:00,40,11:10,2025-05-06 18:55:55.376284,2025-05-06 18:55:55.376284
212752,136,2011-12-08,18.2,0,13.2,22:32,23.3,12:21,15,6.1,18.3,06:40,40,56,04:20,34,16:30,2025-05-06 18:55:55.467238,2025-05-06 18:55:55.467238
212770,136,2011-12-09,17,0,11.2,20:05,22.9,13:16,14,5,13.6,04:50,41,64,20:00,29,11:20,2025-05-06 18:55:55.560574,2025-05-06 18:55:55.560574
212788,136,2011-12-10,13.6,0,10.1,21:11,17.1,11:39,16,5,8.9,02:40,72,98,20:10,43,04:00,2025-05-06 18:55:55.649497,2025-05-06 18:55:55.649497
212806,136,2011-12-11,12.6,0,9.9,00:37,15.4,12:42,99,3.6,7.2,04:40,92,99,,72,00:00,2025-05-06 18:55:55.740647,2025-05-06 18:55:55.740647
212824,136,2011-12-12,14.6,0.6,10.2,07:05,19,14:01,14,2.5,8.1,10:40,93,100,,64,14:00,2025-05-06 18:55:55.827645,2025-05-06 18:55:55.827645
212842,136,2011-12-13,14,0,9.5,03:16,18.4,14:29,12,2.5,7.2,03:50,87,100,,65,14:30,2025-05-06 18:55:55.916535,2025-05-06 18:55:55.916535
212860,136,2011-12-14,14.2,0,9.5,20:21,19,14:26,12,1.9,6.7,15:00,90,99,,62,14:20,2025-05-06 18:55:56.007016,2025-05-06 18:55:56.007016
212878,136,2011-12-15,13.8,0,8.8,03:04,18.9,13:04,12,4.2,9.7,09:40,83,98,,62,13:20,2025-05-06 18:55:56.087513,2025-05-06 18:55:56.087513
212895,136,2011-12-16,13.8,0,9.3,01:39,18.3,12:09,14,3.6,8.3,01:30,88,100,,69,13:00,2025-05-06 18:55:56.169524,2025-05-06 18:55:56.169524
212911,136,2011-12-17,14,0,9.2,08:06,18.7,13:36,13,2.2,6.9,02:20,86,100,,61,13:40,2025-05-06 18:55:56.242721,2025-05-06 18:55:56.242721
212928,136,2011-12-18,12.8,6.2,10,,15.5,14:44,1,2.2,11.7,22:40,92,100,,76,14:50,2025-05-06 18:55:56.328330,2025-05-06 18:55:56.328330
212945,136,2011-12-19,11,12,9.8,22:49,12.3,16:07,2,3.9,11.4,06:00,100,100,,100,,2025-05-06 18:55:56.403142,2025-05-06 18:55:56.403142
212962,136,2011-12-20,12.9,0,9.5,18:28,16.3,14:29,14,4.4,13.9,22:20,97,100,,42,22:00,2025-05-06 18:55:56.479067,2025-05-06 18:55:56.479067
212979,136,2011-12-21,15.8,0,9.4,23:54,22.3,13:15,13,5.3,13.9,05:10,47,72,17:30,31,11:20,2025-05-06 18:55:56.558135,2025-05-06 18:55:56.558135
212996,136,2011-12-22,15,0,7,06:42,23.1,10:44,16,2.2,5.8,02:40,60,96,20:30,19,09:40,2025-05-06 18:55:56.639549,2025-05-06 18:55:56.639549
213013,136,2011-12-23,14,0,8.1,07:31,19.9,13:43,11,2.8,6.9,10:40,84,100,08:40,59,13:50,2025-05-06 18:55:56.716527,2025-05-06 18:55:56.716527
213030,136,2011-12-24,12.2,0,9.8,00:58,14.7,12:27,12,2.2,6.7,12:40,89,97,00:30,73,12:30,2025-05-06 18:55:56.796511,2025-05-06 18:55:56.796511
213047,136,2011-12-25,11.8,0,8,20:44,15.5,11:07,13,3.3,6.7,12:30,89,98,,67,11:10,2025-05-06 18:55:56.881490,2025-05-06 18:55:56.881490
213064,136,2011-12-26,13.3,0,7,22:24,19.6,14:00,12,3.1,7.8,09:40,86,100,,61,,2025-05-06 18:55:56.966023,2025-05-06 18:55:56.966023
213081,136,2011-12-27,13.2,0,7.1,00:32,19.4,12:43,13,1.7,5.8,12:20,87,100,,60,12:40,2025-05-06 18:55:57.042604,2025-05-06 18:55:57.042604
213098,136,2011-12-28,10.8,0.4,7.7,06:23,13.9,14:49,6,2.2,8.6,19:40,95,99,,64,14:50,2025-05-06 18:55:57.119080,2025-05-06 18:55:57.119080
213113,136,2011-12-29,11,0,8.3,07:02,13.6,13:57,12,2.2,11.7,20:10,93,100,,70,14:00,2025-05-06 18:55:57.189636,2025-05-06 18:55:57.189636
213129,136,2011-12-30,12.4,0.2,8.4,06:50,16.3,11:46,15,1.9,8.1,00:50,91,100,,63,11:50,2025-05-06 18:55:57.264663,2025-05-06 18:55:57.264663
213145,136,2011-12-31,12.1,0,7.7,04:45,16.5,11:14,10,2.2,7.5,02:30,86,100,,65,11:20,2025-05-06 18:55:57.340823,2025-05-06 18:55:57.340823
213160,136,2012-01-01,11.7,0,7.1,06:35,16.3,12:28,14,2.5,6.9,10:20,85,100,01:10,58,12:30,2025-05-06 18:55:57.410044,2025-05-06 18:55:57.410044
213175,136,2012-01-02,12.6,0,8.3,01:57,16.9,14:23,13,4.7,9.7,10:40,87,98,,64,14:30,2025-05-06 18:55:57.477784,2025-05-06 18:55:57.477784
213190,136,2012-01-03,13.9,0,8.3,04:08,19.5,13:36,14,5,12.5,22:10,78,100,,27,21:40,2025-05-06 18:55:57.542317,2025-05-06 18:55:57.542317
213206,136,2012-01-04,15.1,0,10.5,23:01,19.7,12:34,14,8.9,16.7,08:30,39,54,23:00,28,00:00,2025-05-06 18:55:57.611970,2025-05-06 18:55:57.611970
213222,136,2012-01-05,14.8,0,9.4,21:35,20.2,13:42,14,8.1,14.7,09:20,33,56,22:40,25,13:00,2025-05-06 18:55:57.683845,2025-05-06 18:55:57.683845
213237,136,2012-01-06,16.3,0,9.6,19:35,23,13:42,16,4.7,12.2,06:10,46,83,18:00,23,13:00,2025-05-06 18:55:57.758415,2025-05-06 18:55:57.758415
213253,136,2012-01-07,16.2,0,8.4,06:51,24.1,13:03,12,3.3,7.8,14:00,50,89,18:20,22,04:20,2025-05-06 18:55:57.842769,2025-05-06 18:55:57.842769
213269,136,2012-01-08,15.8,0,9.1,00:01,22.5,13:24,12,1.7,6.1,11:40,46,87,20:10,22,02:00,2025-05-06 18:55:57.924682,2025-05-06 18:55:57.924682
213285,136,2012-01-09,16.4,0,9.6,01:05,23.3,13:21,12,2.8,11.1,23:40,54,90,18:30,27,10:00,2025-05-06 18:55:58.006593,2025-05-06 18:55:58.006593
213301,136,2012-01-10,16.4,0,10.5,,22.3,14:35,14,4.4,15.6,10:20,31,47,17:20,20,12:20,2025-05-06 18:55:58.100264,2025-05-06 18:55:58.100264
213317,136,2012-01-11,15,0,10,07:47,20.1,12:46,14,5.8,21.4,22:40,31,40,17:50,20,00:00,2025-05-06 18:55:58.179441,2025-05-06 18:55:58.179441
213333,136,2012-01-12,15.4,,8.6,06:04,22.3,13:33,13,3.6,13.6,00:10,41,65,18:50,24,,2025-05-06 18:55:58.256347,2025-05-06 18:55:58.256347
213349,136,2012-01-13,16.2,0,11.4,04:20,20.9,13:16,14,5,13.6,01:00,,38,14:40,20,00:00,2025-05-06 18:55:58.326361,2025-05-06 18:55:58.326361
213365,136,2012-01-14,20.7,0,14.8,00:01,26.6,12:07,22,1.9,9.4,02:10,23,40,04:50,18,,2025-05-06 18:55:58.399195,2025-05-06 18:55:58.399195
213381,136,2012-01-15,13.9,0,9.7,23:47,18.1,14:36,34,2.5,7.5,19:20,64,98,,22,,2025-05-06 18:55:58.468259,2025-05-06 18:55:58.468259
213397,136,2012-01-16,11.9,3.2,8.6,08:12,15.2,13:08,1,1.9,7.8,21:30,85,100,,65,13:00,2025-05-06 18:55:58.539779,2025-05-06 18:55:58.539779
213412,136,2012-01-17,9.6,8.2,7.5,21:51,11.7,11:52,34,3.3,11.1,12:10,100,100,,99,,2025-05-06 18:55:58.613340,2025-05-06 18:55:58.613340
213428,136,2012-01-18,8.9,0,4.4,21:42,13.4,14:16,12,4.7,12.8,10:50,92,100,,78,13:30,2025-05-06 18:55:58.688126,2025-05-06 18:55:58.688126
213445,136,2012-01-19,11.6,0,5.4,21:33,17.9,14:23,99,4.4,10,,77,100,,50,13:50,2025-05-06 18:55:58.761679,2025-05-06 18:55:58.761679
213461,136,2012-01-20,11.6,0,4.5,04:29,18.7,13:01,2,2.5,8.1,21:00,58,94,22:20,46,11:20,2025-05-06 18:55:58.836677,2025-05-06 18:55:58.836677
213477,136,2012-01-21,10,0.6,6.3,07:03,13.7,13:18,2,1.4,9.7,03:40,85,96,03:30,68,13:20,2025-05-06 18:55:58.912355,2025-05-06 18:55:58.912355
213493,136,2012-01-22,11.2,0.2,8.1,07:53,14.4,15:04,7,1.1,6.9,11:50,91,99,06:50,72,09:40,2025-05-06 18:55:58.989587,2025-05-06 18:55:58.989587
213508,136,2012-01-23,11,0,7.7,06:30,14.3,12:19,35,2.5,6.9,17:50,84,97,,58,12:30,2025-05-06 18:55:59.066152,2025-05-06 18:55:59.066152
213523,136,2012-01-24,10,5.2,6.3,07:32,13.6,12:13,99,1.9,6.1,21:40,88,100,,51,09:40,2025-05-06 18:55:59.150449,2025-05-06 18:55:59.150449
213539,136,2012-01-25,9.2,11.4,6.3,06:27,12.1,10:23,34,2.5,9.7,21:00,99,100,,90,09:10,2025-05-06 18:55:59.241185,2025-05-06 18:55:59.241185
213555,136,2012-01-26,10.6,0.2,8.1,23:51,13,15:33,34,2.8,9.7,04:10,94,100,,81,15:10,2025-05-06 18:55:59.331550,2025-05-06 18:55:59.331550
213570,136,2012-01-27,12.1,0.2,7.3,03:37,16.9,11:35,36,1.4,5.6,15:20,89,100,,65,11:40,2025-05-06 18:55:59.412773,2025-05-06 18:55:59.412773
213587,136,2012-01-28,8.8,7.2,7.3,,10.2,16:37,10,1.9,10.3,10:50,98,100,,87,16:30,2025-05-06 18:55:59.499162,2025-05-06 18:55:59.499162
213603,136,2012-01-29,8.8,0.4,5.8,06:10,11.7,15:15,10,3.3,7.5,13:10,96,100,,79,11:40,2025-05-06 18:55:59.572893,2025-05-06 18:55:59.572893
213620,136,2012-01-30,12.9,0,6.7,23:59,19.1,11:37,12,5,11.1,14:30,79,100,,44,14:10,2025-05-06 18:55:59.645274,2025-05-06 18:55:59.645274
213636,136,2012-01-31,12.4,0,6.2,07:53,18.5,13:38,15,1.4,6.4,04:20,85,100,,59,13:40,2025-05-06 18:55:59.711445,2025-05-06 18:55:59.711445
213652,136,2012-02-01,10.5,0,7.2,02:08,13.8,13:32,36,1.4,4.4,16:10,90,100,,63,00:40,2025-05-06 18:55:59.785931,2025-05-06 18:55:59.785931
213667,136,2012-02-02,10,0.2,7.1,05:56,13,13:47,2,2.5,8.9,23:50,89,100,,68,,2025-05-06 18:55:59.859791,2025-05-06 18:55:59.859791
213681,136,2012-02-03,10,1,7.8,23:30,12.2,14:46,2,3.3,10.8,,95,100,,78,13:40,2025-05-06 18:55:59.927732,2025-05-06 18:55:59.927732
213696,136,2012-02-04,8.6,0,6.4,08:06,10.8,14:24,3,4.2,11.9,04:50,82,98,04:20,73,13:00,2025-05-06 18:55:59.996078,2025-05-06 18:55:59.996078
213711,136,2012-02-05,9.2,0,5.7,23:52,12.8,15:30,13,6.4,15.3,13:00,86,100,,68,15:30,2025-05-06 18:56:00.072366,2025-05-06 18:56:00.072366
213726,136,2012-02-06,11.6,1.2,5.4,01:24,17.7,13:49,13,4.4,10.8,12:20,80,100,,50,12:20,2025-05-06 18:56:00.151983,2025-05-06 18:56:00.151983
213740,136,2012-02-07,9.7,1.6,7.7,19:51,11.7,12:04,1,2.5,9.4,17:40,96,100,,79,15:40,2025-05-06 18:56:00.220140,2025-05-06 18:56:00.220140
213754,136,2012-02-08,9.2,1.6,6.9,07:05,11.4,13:45,35,3.1,9.7,22:10,92,100,,79,14:30,2025-05-06 18:56:00.289491,2025-05-06 18:56:00.289491
213768,136,2012-02-09,8.4,0.6,6.5,,10.2,12:00,36,2.8,11.1,16:40,98,100,,84,13:40,2025-05-06 18:56:00.348445,2025-05-06 18:56:00.348445
213782,136,2012-02-10,9,0.4,6.1,01:50,11.8,13:45,1,3.1,10.6,06:50,84,99,,65,13:50,2025-05-06 18:56:00.416404,2025-05-06 18:56:00.416404
213796,136,2012-02-11,7.4,0,5.7,22:24,9.2,15:47,36,1.7,6.1,12:50,80,98,,66,15:50,2025-05-06 18:56:00.481699,2025-05-06 18:56:00.481699
213810,136,2012-02-12,8,2.4,3,05:45,13,14:53,34,2.8,8.9,14:00,74,100,23:10,59,13:00,2025-05-06 18:56:00.553248,2025-05-06 18:56:00.553248
213825,136,2012-02-13,9.5,0.2,5.8,00:01,13.2,13:10,99,1.9,9.2,,85,100,,67,15:30,2025-05-06 18:56:00.623311,2025-05-06 18:56:00.623311
213840,136,2012-02-14,7.4,2.6,5.2,21:24,9.7,13:18,1,2.8,9.4,23:50,84,99,,67,13:20,2025-05-06 18:56:00.691784,2025-05-06 18:56:00.691784
213855,136,2012-02-15,8.5,2.4,4.7,02:42,12.3,14:40,5,2.2,9.7,10:20,82,99,00:00,62,10:30,2025-05-06 18:56:00.760614,2025-05-06 18:56:00.760614
213870,136,2012-02-16,9.3,0,4.2,05:53,14.4,12:18,12,3.1,6.9,12:40,90,100,,65,16:40,2025-05-06 18:56:00.831324,2025-05-06 18:56:00.831324
213884,136,2012-02-17,9.6,0,5.6,05:53,13.5,13:07,34,1.9,6.1,13:20,84,100,,67,12:30,2025-05-06 18:56:00.891991,2025-05-06 18:56:00.891991
213899,136,2012-02-18,9.4,0.2,6.5,07:56,12.4,11:58,2,1.4,7.2,20:20,84,100,,62,13:20,2025-05-06 18:56:00.953265,2025-05-06 18:56:00.953265
213914,136,2012-02-19,9.2,0.8,7,,11.4,15:36,2,3.6,11.4,12:00,91,100,,63,15:00,2025-05-06 18:56:01.012848,2025-05-06 18:56:01.012848
213929,136,2012-02-20,8.8,0.4,7.1,09:02,10.6,12:41,1,4.2,10.3,06:10,94,100,,86,12:40,2025-05-06 18:56:01.069870,2025-05-06 18:56:01.069870
213943,136,2012-02-21,10.4,0,6.7,,14,12:50,35,2.2,7.2,14:20,88,100,,65,12:40,2025-05-06 18:56:01.123929,2025-05-06 18:56:01.123929
213957,136,2012-02-22,10,0,7.4,,12.7,15:02,99,1.1,5.6,,84,97,20:00,66,,2025-05-06 18:56:01.180771,2025-05-06 18:56:01.180771
213971,136,2012-02-23,9.6,0,6.6,22:50,12.7,11:47,4,2.2,7.5,05:40,89,97,05:40,64,11:20,2025-05-06 18:56:01.237965,2025-05-06 18:56:01.237965
213986,136,2012-02-24,11.6,0,6,01:13,17.1,12:48,10,2.2,7.8,13:10,78,94,07:00,47,12:50,2025-05-06 18:56:01.321943,2025-05-06 18:56:01.321943
214001,136,2012-02-25,11.4,0,4.3,06:20,18.4,13:20,12,3.1,7.8,10:50,76,99,,51,13:00,2025-05-06 18:57:03.557342,2025-05-06 18:57:03.557342
214016,136,2012-02-26,12.8,0,4.8,03:05,20.8,14:08,13,1.4,7.2,13:10,80,100,01:00,48,04:10,2025-05-06 18:57:03.645395,2025-05-06 18:57:03.645395
214032,136,2012-02-27,12.3,0,5.9,04:25,18.7,12:25,13,1.7,6.7,12:20,77,98,,43,21:20,2025-05-06 18:57:03.746148,2025-05-06 18:57:03.746148
214048,136,2012-02-28,11,0,6.4,04:15,15.7,13:42,32,1.9,6.9,14:10,80,100,,58,15:30,2025-05-06 18:57:03.842668,2025-05-06 18:57:03.842668
214064,136,2012-02-29,10.4,0,6.8,22:21,14,12:53,36,2.5,7.2,00:30,77,100,,59,12:40,2025-05-06 18:57:03.931708,2025-05-06 18:57:03.931708
214080,136,2012-03-01,12.4,0,5.9,02:43,19,13:18,12,3.1,11.1,15:20,74,97,,50,13:30,2025-05-06 18:57:04.028365,2025-05-06 18:57:04.028365
214097,136,2012-03-02,11.1,0,6.6,23:58,15.6,15:24,15,3.6,9.2,23:40,86,99,,60,15:40,2025-05-06 18:57:04.150509,2025-05-06 18:57:04.150509
214114,136,2012-03-03,12.6,0,6.2,01:05,19,13:37,12,4.2,8.6,01:50,75,99,,52,13:40,2025-05-06 18:57:04.259156,2025-05-06 18:57:04.259156
214131,136,2012-03-04,13.2,0,6.6,07:29,19.9,13:07,14,3.1,8.1,11:00,73,99,23:40,50,13:00,2025-05-06 18:57:04.349096,2025-05-06 18:57:04.349096
214148,136,2012-03-05,14.8,0,4.6,02:25,25,13:55,99,2.8,6.9,11:40,48,99,,24,08:20,2025-05-06 18:57:04.450074,2025-05-06 18:57:04.450074
214165,136,2012-03-06,15.5,0,7.1,23:57,23.9,13:17,14,4.7,14.4,09:40,40,89,23:59,19,14:30,2025-05-06 18:57:04.548090,2025-05-06 18:57:04.548090
214182,136,2012-03-07,10,1,7,00:04,12.9,09:32,2,2.2,8.6,14:00,81,100,23:30,28,02:10,2025-05-06 18:57:04.640255,2025-05-06 18:57:04.640255
214199,136,2012-03-08,14.4,0,6.4,06:15,22.5,15:25,15,5.8,20.8,12:40,54,100,,23,17:00,2025-05-06 18:57:04.732718,2025-05-06 18:57:04.732718
214216,136,2012-03-09,18.4,0,10.9,20:07,25.8,12:03,15,4.4,8.9,02:40,27,36,,8,10:20,2025-05-06 18:57:04.814804,2025-05-06 18:57:04.814804
214233,136,2012-03-10,18.4,,9.7,05:02,27.2,11:39,11,2.8,6.4,11:50,39,84,19:10,8,00:00,2025-05-06 18:57:04.908202,2025-05-06 18:57:04.908202
214250,136,2012-03-11,18.5,,11.8,05:10,25.2,14:04,7,1.1,4.2,15:30,29,65,15:40,13,07:50,2025-05-06 18:57:04.999690,2025-05-06 18:57:04.999690
214266,136,2012-03-12,16.3,0,8.8,23:40,23.8,12:50,12,0.8,5,12:50,49,97,,14,09:00,2025-05-06 18:57:05.093257,2025-05-06 18:57:05.093257
214282,136,2012-03-13,14.8,0,6.6,22:40,22.9,12:34,11,1.4,4.7,11:50,58,99,,27,08:30,2025-05-06 18:57:05.179150,2025-05-06 18:57:05.179150
214298,136,2012-03-14,14.6,0,7.2,01:21,22,12:56,10,2.2,6.1,13:10,71,100,,33,23:59,2025-05-06 18:57:05.263198,2025-05-06 18:57:05.263198
214314,136,2012-03-15,16.8,0,8.3,07:26,25.4,13:09,14,5.8,11.4,15:00,53,98,06:30,22,23:40,2025-05-06 18:57:05.342714,2025-05-06 18:57:05.342714
214330,136,2012-03-16,20.6,0,13.8,23:21,27.4,12:49,13,7.2,16.4,14:10,24,48,23:20,19,00:00,2025-05-06 18:57:05.418789,2025-05-06 18:57:05.418789
214346,136,2012-03-17,18.5,0,12.9,22:23,24.1,14:22,14,7.2,15.3,09:40,28,56,22:10,19,13:00,2025-05-06 18:57:05.493172,2025-05-06 18:57:05.493172
214361,136,2012-03-18,19.3,0,11.9,04:58,26.7,12:35,10,5,10.3,11:30,31,51,16:50,19,09:50,2025-05-06 18:57:05.560414,2025-05-06 18:57:05.560414
214377,136,2012-03-19,15.9,0,8.8,22:47,23,11:54,12,1.7,10.8,03:10,68,95,,28,04:20,2025-05-06 18:57:05.630685,2025-05-06 18:57:05.630685
214393,136,2012-03-20,11.2,0,7.4,21:07,15.1,12:06,1,1.7,6.4,12:20,84,99,07:00,32,23:59,2025-05-06 18:57:05.698194,2025-05-06 18:57:05.698194
214409,136,2012-03-21,16.4,0,8.2,06:00,24.7,11:59,13,3.1,6.9,13:10,34,49,18:00,16,21:40,2025-05-06 18:57:05.764735,2025-05-06 18:57:05.764735
214426,136,2012-03-22,19.2,0,11.5,00:01,27,12:22,13,4.7,16.9,13:20,24,42,20:20,16,00:00,2025-05-06 18:57:05.838642,2025-05-06 18:57:05.838642
214443,136,2012-03-23,16.7,0,10.4,22:49,23,12:39,34,1.7,5.8,13:10,42,96,20:30,18,07:00,2025-05-06 18:57:05.916624,2025-05-06 18:57:05.916624
214460,136,2012-03-24,14.7,0,8.9,23:45,20.5,12:33,35,2.2,5.6,14:40,70,97,06:50,32,01:50,2025-05-06 18:57:06.003954,2025-05-06 18:57:06.003954
214477,136,2012-03-25,13.7,0,7.8,07:16,19.6,09:25,33,1.9,5.8,14:30,82,99,06:20,34,08:10,2025-05-06 18:57:06.092639,2025-05-06 18:57:06.092639
214494,136,2012-03-26,13.6,0,7.9,03:28,19.4,15:32,15,1.4,4.2,05:10,59,100,03:30,39,08:40,2025-05-06 18:57:06.182096,2025-05-06 18:57:06.182096
214510,136,2012-03-27,19.2,0,10.7,03:15,27.6,09:53,13,2.2,6.9,09:00,75,90,19:30,35,09:40,2025-05-06 18:57:06.262445,2025-05-06 18:57:06.262445
214526,136,2012-03-28,15.4,0,9.7,00:51,21.2,15:21,36,1.9,8.3,09:30,84,100,,48,00:00,2025-05-06 18:57:06.350060,2025-05-06 18:57:06.350060
214543,136,2012-03-29,12.4,,9.3,01:51,15.6,11:47,30,4.2,8.3,03:50,90,100,,69,17:10,2025-05-06 18:57:06.438130,2025-05-06 18:57:06.438130
214560,136,2012-03-30,12.7,0,7.8,06:00,17.6,14:11,34,4.7,10.3,13:00,74,100,00:00,57,11:50,2025-05-06 18:57:06.527714,2025-05-06 18:57:06.527714
214577,136,2012-03-31,12.7,0,8.3,07:01,17.1,12:20,33,4.4,10,14:10,77,99,,54,12:50,2025-05-06 18:57:06.643214,2025-05-06 18:57:06.643214
214593,136,2012-04-01,12.6,0,8.1,,17.2,13:45,30,3.9,10.3,04:20,78,98,01:50,56,11:30,2025-05-06 18:57:06.733556,2025-05-06 18:57:06.733556
214609,136,2012-04-02,13,0.6,8.6,06:06,17.3,14:12,33,4.2,10.6,21:20,82,100,06:20,59,14:20,2025-05-06 18:57:06.819299,2025-05-06 18:57:06.819299
214625,136,2012-04-03,11.9,1.4,8,04:22,15.8,14:01,30,5.3,11.1,14:50,77,100,,52,13:40,2025-05-06 18:57:06.906820,2025-05-06 18:57:06.906820
214640,136,2012-04-04,12,1.4,7.3,03:48,16.8,14:15,32,4.4,11.7,23:59,72,100,,64,07:40,2025-05-06 18:57:06.985907,2025-05-06 18:57:06.985907
214656,136,2012-04-05,11.5,1.6,8.5,22:48,14.5,14:27,31,2.8,11.1,00:10,90,100,,80,14:30,2025-05-06 18:57:07.061767,2025-05-06 18:57:07.061767
214672,136,2012-04-06,10.2,0,6,23:22,14.3,10:40,36,0.8,6.4,11:10,82,99,02:00,63,11:20,2025-05-06 18:57:07.137690,2025-05-06 18:57:07.137690
214688,136,2012-04-07,11.4,0,5.3,06:31,17.6,08:40,33,2.2,6.4,13:50,84,99,00:40,53,10:10,2025-05-06 18:57:07.215706,2025-05-06 18:57:07.215706
214703,136,2012-04-08,12.3,1.8,9.6,01:21,15,11:46,34,2.2,5.8,17:20,93,100,,85,03:20,2025-05-06 18:57:07.289255,2025-05-06 18:57:07.289255
214718,136,2012-04-09,10.8,2.6,9.2,21:48,12.4,13:27,28,0.8,3.9,04:20,100,100,,98,13:40,2025-05-06 18:57:07.361133,2025-05-06 18:57:07.361133
214732,136,2012-04-10,11.2,2.4,6.9,04:36,15.4,10:55,9,1.7,7.2,12:50,94,100,,83,11:10,2025-05-06 18:57:07.426554,2025-05-06 18:57:07.426554
214747,136,2012-04-11,10.6,48.4,8.5,23:58,12.6,15:07,1,3.1,10.6,08:30,97,100,,88,16:30,2025-05-06 18:57:07.499683,2025-05-06 18:57:07.499683
214762,136,2012-04-12,11.7,0.8,7.9,01:24,15.5,13:33,33,5.3,10.6,12:40,78,100,,60,16:00,2025-05-06 18:57:07.572438,2025-05-06 18:57:07.572438
214776,136,2012-04-13,12.1,0,8,06:17,16.2,13:05,1,1.9,8.9,03:10,80,100,,62,13:00,2025-05-06 18:57:07.639421,2025-05-06 18:57:07.639421
214791,136,2012-04-14,11,0,8.1,06:49,13.9,14:01,1,1.9,7.2,14:50,81,91,01:50,67,13:40,2025-05-06 18:57:07.712808,2025-05-06 18:57:07.712808
214804,136,2012-04-15,12.8,2.2,8.4,05:21,17.3,11:51,1,2.8,9.7,19:50,86,100,,62,11:50,2025-05-06 18:57:07.777675,2025-05-06 18:57:07.777675
214819,136,2012-04-16,9.8,2.8,8,19:48,11.6,12:14,2,3.9,11.4,12:50,98,100,,88,17:40,2025-05-06 18:57:07.847228,2025-05-06 18:57:07.847228
214836,136,2012-04-17,11.5,0,7.7,02:54,15.3,13:02,3,2.2,8.6,04:10,88,100,,66,13:10,2025-05-06 18:57:07.931033,2025-05-06 18:57:07.931033
214853,136,2012-04-18,15.6,0.4,8.2,06:42,23.1,12:55,13,3.1,6.7,13:20,78,100,,50,13:00,2025-05-06 18:57:08.014042,2025-05-06 18:57:08.014042
214870,136,2012-04-19,12.2,0,8.6,,15.8,13:45,1,1.7,5.8,14:30,92,100,,68,13:50,2025-05-06 18:57:08.092196,2025-05-06 18:57:08.092196
214886,136,2012-04-20,12.5,0,7.8,00:28,17.2,12:39,35,1.9,7.2,13:10,79,96,,56,12:40,2025-05-06 18:57:08.176722,2025-05-06 18:57:08.176722
214902,136,2012-04-21,11.5,0.4,8.4,06:09,14.6,12:00,36,1.9,7.2,20:50,80,100,,71,11:30,2025-05-06 18:57:08.260857,2025-05-06 18:57:08.260857
214917,136,2012-04-22,11.4,2.8,8.6,05:24,14.3,14:15,33,2.2,9.4,22:20,95,100,,78,16:00,2025-05-06 18:57:08.337531,2025-05-06 18:57:08.337531
214932,136,2012-04-23,12.2,0.6,8.7,06:42,15.7,12:43,1,1.7,7.5,03:50,88,100,,71,12:50,2025-05-06 18:57:08.419027,2025-05-06 18:57:08.419027
214948,136,2012-04-24,11.8,0.4,8.8,05:41,14.8,13:03,1,2.5,8.9,03:30,89,100,,76,12:40,2025-05-06 18:57:08.506804,2025-05-06 18:57:08.506804
214964,136,2012-04-25,12.6,0,8.7,06:00,16.4,14:31,36,2.8,7.8,03:20,90,100,,68,13:20,2025-05-06 18:57:08.590506,2025-05-06 18:57:08.590506
214980,136,2012-04-26,13.2,0,8.5,03:51,18,14:22,28,4.4,9.7,06:40,74,98,,56,15:40,2025-05-06 18:57:08.671467,2025-05-06 18:57:08.671467
214993,136,2012-04-27,14.8,13,7.5,22:19,22.1,12:53,35,2.5,11.1,17:40,81,100,,38,12:50,2025-05-06 18:57:08.731788,2025-05-06 18:57:08.731788
215006,136,2012-04-28,11.2,0,7.3,,15.1,14:40,99,3.9,8.3,,79,100,,51,,2025-05-06 18:57:08.789972,2025-05-06 18:57:08.789972
215021,136,2012-04-29,11.6,6.6,7.4,06:01,15.9,15:31,34,5,8.9,20:30,82,100,,64,15:20,2025-05-06 18:57:08.854367,2025-05-06 18:57:08.854367
215036,136,2012-04-30,10.2,0,5.8,05:59,14.7,12:19,1,2.5,8.9,16:40,81,100,,56,12:20,2025-05-06 18:57:08.920414,2025-05-06 18:57:08.920414
215051,136,2012-05-01,10.8,0.2,6.6,03:44,15,11:38,35,3.1,7.8,16:10,81,99,08:20,62,11:30,2025-05-06 18:57:08.981112,2025-05-06 18:57:08.981112
215066,136,2012-05-02,12,0,7,00:02,17.1,15:13,27,3.1,8.3,06:40,75,98,21:10,55,10:10,2025-05-06 18:57:09.049804,2025-05-06 18:57:09.049804
215081,136,2012-05-03,13.3,0,8.4,05:27,18.2,14:18,28,3.3,7.5,00:20,67,98,,50,11:20,2025-05-06 18:57:09.119630,2025-05-06 18:57:09.119630
215096,136,2012-05-04,14,0,9,04:35,19.1,14:58,28,3.3,7.2,01:00,74,99,23:59,60,15:00,2025-05-06 18:57:09.187801,2025-05-06 18:57:09.187801
215112,136,2012-05-05,14.6,0,9.6,03:06,19.6,13:51,28,3.6,6.7,04:50,80,100,,62,08:30,2025-05-06 18:57:09.258676,2025-05-06 18:57:09.258676
215128,136,2012-05-06,15.3,0.2,10.7,22:27,19.9,13:55,27,2.2,5.8,07:50,85,100,,57,23:30,2025-05-06 18:57:09.331875,2025-05-06 18:57:09.331875
215144,136,2012-05-07,18.3,0,11.2,02:49,25.4,,12,2.2,6.7,13:10,55,75,05:30,37,13:30,2025-05-06 18:57:09.403329,2025-05-06 18:57:09.403329
215159,136,2012-05-08,18.5,0,14.8,19:49,22.2,13:44,36,1.4,6.1,14:10,54,74,08:30,15,23:10,2025-05-06 18:57:09.475371,2025-05-06 18:57:09.475371
215174,136,2012-05-09,19,0,13.9,23:24,24.2,13:18,99,2.8,6.1,21:50,19,50,23:30,14,02:00,2025-05-06 18:57:09.545284,2025-05-06 18:57:09.545284
215190,136,2012-05-10,20.5,0,13.2,02:45,27.8,10:47,28,1.9,8.9,23:10,43,72,06:10,27,09:10,2025-05-06 18:57:09.616458,2025-05-06 18:57:09.616458
215206,136,2012-05-11,21.6,0,15.8,22:21,27.4,12:29,99,1.4,6.4,00:10,53,79,22:10,32,12:30,2025-05-06 18:57:09.689290,2025-05-06 18:57:09.689290
215222,136,2012-05-12,24.4,0,14.6,02:37,34.1,14:11,12,4.2,11.4,09:30,22,72,00:00,15,10:30,2025-05-06 18:57:09.772819,2025-05-06 18:57:09.772819
215238,136,2012-05-13,29.1,0,20.4,03:16,37.8,12:50,14,4.2,9.2,08:20,19,33,19:50,15,13:30,2025-05-06 18:57:09.863528,2025-05-06 18:57:09.863528
215254,136,2012-05-14,29.8,0,23.5,01:34,36.1,12:05,13,3.6,11.7,08:50,18,25,01:10,12,,2025-05-06 18:57:09.946627,2025-05-06 18:57:09.946627
215270,136,2012-05-15,29.2,0,23,03:08,35.4,13:09,14,4.7,13.9,11:50,19,35,17:40,14,10:40,2025-05-06 18:57:10.030589,2025-05-06 18:57:10.030589
215286,136,2012-05-16,29,0,22.1,01:28,36,10:16,99,2.5,7.2,,22,42,18:50,15,09:20,2025-05-06 18:57:10.116994,2025-05-06 18:57:10.116994
215302,136,2012-05-17,22.2,0,13.9,,30.6,13:57,32,1.7,5.8,22:40,48,99,23:30,15,07:00,2025-05-06 18:57:10.207133,2025-05-06 18:57:10.207133
215318,136,2012-05-18,15.8,0,10.9,06:08,20.7,11:00,2,2.5,5.8,13:50,63,100,,43,08:00,2025-05-06 18:57:10.295192,2025-05-06 18:57:10.295192
215334,136,2012-05-19,15.8,5.6,11.4,06:10,20.2,13:42,36,3.3,9.4,23:00,73,99,23:30,54,12:10,2025-05-06 18:57:10.376976,2025-05-06 18:57:10.376976
215349,136,2012-05-20,13.6,0.6,10.5,06:15,16.7,12:12,1,3.9,10.8,01:00,87,100,,61,11:40,2025-05-06 18:57:10.451859,2025-05-06 18:57:10.451859
215363,136,2012-05-21,11.8,1,9,21:30,14.7,11:47,1,3.3,9.2,19:40,92,98,00:30,67,11:00,2025-05-06 18:57:10.520490,2025-05-06 18:57:10.520490
215379,136,2012-05-22,14.6,0,9.4,00:39,19.9,10:42,2,2.8,6.7,13:10,78,97,,57,10:20,2025-05-06 18:57:10.597661,2025-05-06 18:57:10.597661
215395,136,2012-05-23,14.6,0,10.2,05:33,19,13:31,1,1.9,6.1,11:50,79,98,,64,13:40,2025-05-06 18:57:10.680788,2025-05-06 18:57:10.680788
215411,136,2012-05-24,15.2,0,10.5,23:46,20,12:19,31,3.1,5.8,16:40,80,100,04:40,67,,2025-05-06 18:57:10.745537,2025-05-06 18:57:10.745537
215426,136,2012-05-25,15.1,0,10,01:32,20.2,13:58,36,3.3,7.5,17:00,69,99,,39,13:30,2025-05-06 18:57:10.808356,2025-05-06 18:57:10.808356
215442,136,2012-05-26,13.6,0,10.3,21:04,16.8,13:38,36,2.2,6.7,13:50,84,97,06:30,72,13:00,2025-05-06 18:57:10.874493,2025-05-06 18:57:10.874493
215458,136,2012-05-27,13.7,0.2,9.7,02:26,17.7,15:08,32,3.1,7.8,18:40,82,99,01:50,65,15:50,2025-05-06 18:57:10.939442,2025-05-06 18:57:10.939442
215474,136,2012-05-28,14,0,10.7,06:25,17.4,14:43,33,4.4,9.7,12:50,86,100,,67,14:40,2025-05-06 18:57:11.010627,2025-05-06 18:57:11.010627
215491,136,2012-05-29,15.6,0,11,,20.1,15:01,27,3.6,8.1,02:00,84,99,,63,14:30,2025-05-06 18:57:11.082909,2025-05-06 18:57:11.082909
215508,136,2012-05-30,16.1,0.2,11.4,23:56,20.8,14:07,28,3.3,8.3,20:40,80,100,,65,14:10,2025-05-06 18:57:11.160041,2025-05-06 18:57:11.160041
215525,136,2012-05-31,16,0,11.4,00:01,20.6,14:10,34,3.6,7.5,14:50,77,98,,58,15:50,2025-05-06 18:57:11.233035,2025-05-06 18:57:11.233035
215542,136,2012-06-01,16.9,0,11.4,04:08,22.4,14:37,28,3.3,6.7,00:40,80,99,,63,17:00,2025-05-06 18:57:11.315846,2025-05-06 18:57:11.315846
215559,136,2012-06-02,17.4,0,11.8,04:01,23,14:14,99,2.5,6.9,,58,96,05:00,45,07:50,2025-05-06 18:57:11.398851,2025-05-06 18:57:11.398851
215576,136,2012-06-03,17.6,0,13.3,22:03,22,13:19,34,2.8,8.1,15:40,81,100,06:20,64,23:59,2025-05-06 18:57:11.475837,2025-05-06 18:57:11.475837
215593,136,2012-06-04,15.8,10,13.2,01:56,18.5,14:43,34,2.8,8.1,18:20,96,100,,62,00:10,2025-05-06 18:57:11.555528,2025-05-06 18:57:11.555528
215609,136,2012-06-05,15.7,1.2,13.4,06:17,18,14:02,34,4.2,10,22:50,98,100,,84,13:40,2025-05-06 18:57:11.642491,2025-05-06 18:57:11.642491
215625,136,2012-06-06,15.6,0.4,13.3,06:03,17.9,14:45,29,3.9,10.8,21:30,100,100,,88,15:00,2025-05-06 18:57:11.727446,2025-05-06 18:57:11.727446
215642,136,2012-06-07,17.8,4.8,13.3,01:49,22.3,15:08,99,4.2,10,11:30,80,100,,66,14:50,2025-05-06 18:57:11.812431,2025-05-06 18:57:11.812431
215659,136,2012-06-08,15.3,7.8,12.7,23:34,17.9,14:58,36,2.8,8.3,09:00,96,100,,84,15:10,2025-05-06 18:57:11.897989,2025-05-06 18:57:11.897989
215676,136,2012-06-09,14.8,,11.7,03:39,18,13:21,2,2.2,7.5,15:40,82,100,02:50,72,13:20,2025-05-06 18:57:11.988226,2025-05-06 18:57:11.988226
215693,136,2012-06-10,14.9,2.4,12,04:28,17.8,13:12,36,1.7,6.9,17:40,95,100,,85,,2025-05-06 18:57:12.070771,2025-05-06 18:57:12.070771
215710,136,2012-06-11,16.2,1.8,13.4,05:00,19.1,14:22,34,2.2,7.8,22:30,95,100,,77,15:30,2025-05-06 18:57:12.171430,2025-05-06 18:57:12.171430
215727,136,2012-06-12,13,2.2,11.7,23:26,14.4,13:44,2,3.6,10.6,16:50,98,100,,92,16:00,2025-05-06 18:57:12.275032,2025-05-06 18:57:12.275032
215744,136,2012-06-13,14.1,0,11.6,00:29,16.6,13:54,36,3.6,9.4,08:40,94,100,,76,15:00,2025-05-06 18:57:12.363199,2025-05-06 18:57:12.363199
215776,136,2012-06-15,18.8,0,12,03:17,25.7,14:42,14,1.4,6.1,00:20,61,98,,31,18:00,2025-05-06 18:57:12.522886,2025-05-06 18:57:12.522886
215793,136,2012-06-16,20.8,0,13.8,03:08,27.9,12:17,1,3.1,9.4,18:00,39,71,03:10,30,13:00,2025-05-06 18:57:12.607993,2025-05-06 18:57:12.607993
215810,136,2012-06-17,19.2,0,13.2,05:12,25.2,14:32,2,2.2,10,09:50,57,97,23:30,33,15:00,2025-05-06 18:57:12.692724,2025-05-06 18:57:12.692724
215827,136,2012-06-18,17.6,0,12.3,04:42,22.9,13:26,28,3.3,8.3,20:10,70,99,03:30,48,09:40,2025-05-06 18:57:12.780200,2025-05-06 18:57:12.780200
215843,136,2012-06-19,18,0,13.8,,22.1,14:10,28,2.2,6.1,05:00,78,98,03:50,65,11:20,2025-05-06 18:57:12.861824,2025-05-06 18:57:12.861824
215860,136,2012-06-20,20.3,0,13.1,02:56,27.5,12:38,11,3.1,6.4,11:20,67,98,06:20,47,13:00,2025-05-06 18:57:12.947750,2025-05-06 18:57:12.947750
215877,136,2012-06-21,20.6,0,13.3,02:27,27.9,12:27,11,2.2,5.3,10:40,65,98,03:20,44,09:00,2025-05-06 18:57:13.033035,2025-05-06 18:57:13.033035
215894,136,2012-06-22,16,0.8,13.5,23:51,18.5,16:30,30,2.2,6.4,19:30,93,99,,80,18:30,2025-05-06 18:57:13.118675,2025-05-06 18:57:13.118675
215911,136,2012-06-23,17.2,0,12.3,05:47,22.1,13:34,11,1.7,7.2,23:00,76,99,,17,23:00,2025-05-06 18:57:13.198005,2025-05-06 18:57:13.198005
215928,136,2012-06-24,18.4,0,12.7,06:04,24,22:17,17,1.9,8.9,23:50,65,87,06:20,16,01:40,2025-05-06 18:57:13.272229,2025-05-06 18:57:13.272229
215945,136,2012-06-25,28.8,0,22.6,00:45,35,12:43,14,5.6,16.1,04:00,32,50,00:40,29,15:40,2025-05-06 18:57:13.345134,2025-05-06 18:57:13.345134
215962,136,2012-06-26,30.4,0,22.8,20:02,37.9,13:26,15,3.6,9.2,06:40,34,58,19:50,21,13:00,2025-05-06 18:57:13.422006,2025-05-06 18:57:13.422006
215979,136,2012-06-27,29,0,20.3,23:59,37.7,12:48,11,2.5,6.7,11:00,29,47,19:10,18,13:00,2025-05-06 18:57:13.512916,2025-05-06 18:57:13.512916
215996,136,2012-06-28,26.6,0,18,23:13,35.2,09:27,29,2.2,6.4,20:40,33,56,,8,07:00,2025-05-06 18:57:13.609495,2025-05-06 18:57:13.609495
216012,136,2012-06-29,20.4,0,13.8,22:37,26.9,11:34,13,1.1,7.2,02:30,65,85,19:40,31,20:50,2025-05-06 18:57:13.696692,2025-05-06 18:57:13.696692
216028,136,2012-06-30,19.2,0,13,06:04,25.4,14:21,12,2.5,8.1,15:10,56,91,,42,12:30,2025-05-06 18:57:13.773636,2025-05-06 18:57:13.773636
216044,136,2012-07-01,15.6,,12.5,05:09,18.6,10:59,34,2.2,8.3,15:40,85,96,,63,11:00,2025-05-06 18:57:13.848571,2025-05-06 18:57:13.848571
216060,136,2012-07-02,16,0.2,12.4,01:24,19.5,15:42,2,2.8,7.5,00:30,86,100,,65,15:50,2025-05-06 18:57:13.925662,2025-05-06 18:57:13.925662
216076,136,2012-07-03,17.5,0,11.6,01:57,23.4,14:02,36,1.9,5.3,09:30,63,95,00:00,40,21:50,2025-05-06 18:57:14.006308,2025-05-06 18:57:14.006308
216092,136,2012-07-04,20.6,0,13.2,00:16,28.1,11:23,13,1.4,6.7,09:00,52,96,,26,10:50,2025-05-06 18:57:14.092056,2025-05-06 18:57:14.092056
216108,136,2012-07-05,16.5,1,13.8,05:15,19.2,14:14,36,1.7,6.9,13:30,89,99,,74,14:10,2025-05-06 18:57:14.176139,2025-05-06 18:57:14.176139
216124,136,2012-07-06,15,0.6,12.9,,17.1,15:12,1,2.5,6.4,03:20,96,100,,82,15:10,2025-05-06 18:57:14.258772,2025-05-06 18:57:14.258772
216140,136,2012-07-07,16.7,0,12.4,05:29,21,15:04,34,2.2,6.7,15:00,83,100,,68,14:10,2025-05-06 18:57:14.343959,2025-05-06 18:57:14.343959
216156,136,2012-07-08,16.9,0,13,02:06,20.8,10:42,34,1.4,5.8,15:00,91,98,,68,10:40,2025-05-06 18:57:14.441247,2025-05-06 18:57:14.441247
216172,136,2012-07-09,17,0,13.1,04:44,20.8,14:58,2,2.2,6.1,16:10,85,100,,67,15:10,2025-05-06 18:57:14.530787,2025-05-06 18:57:14.530787
216188,136,2012-07-10,16.7,0,12.9,03:56,20.5,13:40,1,1.7,6.7,13:30,85,100,,68,13:10,2025-05-06 18:57:14.623734,2025-05-06 18:57:14.623734
216203,136,2012-07-11,17.2,0,12.8,06:26,21.5,16:15,32,1.7,6.4,20:20,72,99,02:30,61,16:10,2025-05-06 18:57:14.700754,2025-05-06 18:57:14.700754
216218,136,2012-07-12,17.4,0,13.2,04:04,21.5,14:36,33,1.9,7.8,01:20,79,97,06:20,42,01:20,2025-05-06 18:57:14.782582,2025-05-06 18:57:14.782582
216234,136,2012-07-13,18,0,12.4,05:13,23.6,15:25,11,1.9,7.5,23:20,76,96,04:50,17,21:10,2025-05-06 18:57:14.866724,2025-05-06 18:57:14.866724
216248,136,2012-07-14,23.6,0,17.6,03:12,29.7,12:15,99,3.1,10.8,22:40,33,50,23:40,18,00:00,2025-05-06 18:57:14.941256,2025-05-06 18:57:14.941256
216263,136,2012-07-15,26.2,0,18.8,00:52,33.6,15:30,14,4.4,11.9,01:50,33,49,00:00,21,15:20,2025-05-06 18:57:15.011516,2025-05-06 18:57:15.011516
216278,136,2012-07-16,29.2,0,20.1,01:11,38.3,12:17,15,2.5,7.2,05:10,15,36,00:20,13,12:10,2025-05-06 18:57:15.078466,2025-05-06 18:57:15.078466
216293,136,2012-07-17,33.4,0,25.8,23:58,41.1,12:46,17,2.5,7.5,01:10,14,23,18:40,8,13:00,2025-05-06 18:57:15.143736,2025-05-06 18:57:15.143736
216307,136,2012-07-18,31.9,0,25.8,00:13,38,10:35,12,1.1,6.7,02:50,19,35,12:30,9,23:00,2025-05-06 18:57:15.215641,2025-05-06 18:57:15.215641
216322,136,2012-07-19,29.4,0,22.6,21:05,36.1,11:36,11,3.6,8.3,13:40,22,33,,7,00:00,2025-05-06 18:57:15.290172,2025-05-06 18:57:15.290172
216337,136,2012-07-20,27.6,0,19.8,23:49,35.3,14:31,17,3.1,8.6,03:00,22,51,18:40,15,08:30,2025-05-06 18:57:15.361479,2025-05-06 18:57:15.361479
216352,136,2012-07-21,29,0,20.2,00:34,37.9,11:11,99,4.2,10.3,,23,31,23:50,16,08:40,2025-05-06 18:57:15.446588,2025-05-06 18:57:15.446588
216367,136,2012-07-22,32.6,0,25.2,23:59,39.9,12:06,12,4.7,9.4,22:10,19,34,16:30,15,09:50,2025-05-06 18:57:15.523043,2025-05-06 18:57:15.523043
216382,136,2012-07-23,27.8,0,19.3,21:09,36.2,11:50,14,3.3,8.3,02:40,22,56,15:00,10,,2025-05-06 18:57:15.611094,2025-05-06 18:57:15.611094
216397,136,2012-07-24,22.2,0,14.7,23:54,29.7,10:01,12,1.7,6.4,01:40,52,94,22:40,30,09:00,2025-05-06 18:57:15.690405,2025-05-06 18:57:15.690405
216411,136,2012-07-25,19.7,0,13.7,05:18,25.7,12:00,12,2.2,10,12:10,74,96,,54,12:00,2025-05-06 18:57:15.765366,2025-05-06 18:57:15.765366
216426,136,2012-07-26,18,0,13.1,02:20,22.9,13:28,3,2.2,7.5,14:40,82,97,,60,15:30,2025-05-06 18:57:15.840177,2025-05-06 18:57:15.840177
216442,136,2012-07-27,19,0,14.4,23:55,23.5,13:55,34,1.9,6.7,15:20,73,95,06:20,56,14:40,2025-05-06 18:57:15.919535,2025-05-06 18:57:15.919535
216458,136,2012-07-28,18.4,0,13.5,00:38,23.3,12:04,33,2.2,6.4,12:20,73,95,,61,12:10,2025-05-06 18:57:16.001199,2025-05-06 18:57:16.001199
216474,136,2012-07-29,18,0,13.2,01:29,22.7,13:34,28,2.5,6.1,02:40,75,98,04:40,52,14:50,2025-05-06 18:57:16.073045,2025-05-06 18:57:16.073045
216491,136,2012-07-30,18.8,0,12.8,04:15,24.8,15:00,35,2.2,5.6,,81,99,06:40,16,21:50,2025-05-06 18:57:16.159777,2025-05-06 18:57:16.159777
216508,136,2012-07-31,22.7,0,14.2,00:45,31.2,09:57,6,1.7,5.6,05:50,39,99,,22,,2025-05-06 18:57:16.262134,2025-05-06 18:57:16.262134
216525,136,2012-08-01,23.8,0,17.6,02:08,30.1,08:57,6,1.9,5.6,23:40,43,71,19:00,19,08:50,2025-05-06 18:57:16.352968,2025-05-06 18:57:16.352968
216542,136,2012-08-02,24.4,0,16.6,00:57,32.1,09:47,99,1.9,6.4,00:50,33,67,00:50,16,,2025-05-06 18:57:16.434051,2025-05-06 18:57:16.434051
216559,136,2012-08-03,28.4,0,20.7,20:19,36.2,11:22,10,1.9,6.7,22:20,32,51,12:20,19,,2025-05-06 18:57:16.529683,2025-05-06 18:57:16.529683
216576,136,2012-08-04,29.7,0,22.5,01:03,36.9,11:59,10,2.8,9.7,06:20,23,38,17:30,10,09:50,2025-05-06 18:57:16.616854,2025-05-06 18:57:16.616854
216593,136,2012-08-05,22.4,0,14.6,23:50,30.1,12:57,4,1.4,6.1,16:50,33,72,23:59,7,02:10,2025-05-06 18:57:16.716447,2025-05-06 18:57:16.716447
216610,136,2012-08-06,18.1,1,14.3,02:04,21.9,14:49,4,2.5,6.4,15:30,85,98,07:40,64,14:30,2025-05-06 18:57:16.807690,2025-05-06 18:57:16.807690
216627,136,2012-08-07,17.2,0,13.3,06:50,21.2,15:06,33,2.8,6.7,13:50,79,98,,56,14:40,2025-05-06 18:57:16.891734,2025-05-06 18:57:16.891734
216642,136,2012-08-08,17,0,12.8,02:41,21.3,13:44,35,2.5,7.8,15:40,74,96,02:00,53,16:10,2025-05-06 18:57:16.963890,2025-05-06 18:57:16.963890
216659,136,2012-08-09,19.9,0,13.4,,26.4,12:03,27,0.8,6.1,11:00,67,98,,22,22:30,2025-05-06 18:57:17.038807,2025-05-06 18:57:17.038807
216675,136,2012-08-10,28.2,0,20,04:34,36.5,13:04,99,3.9,9.4,,23,40,04:40,17,10:30,2025-05-06 18:57:17.111467,2025-05-06 18:57:17.111467
216691,136,2012-08-11,31.4,0,22.8,00:11,39.9,12:42,14,3.6,11.4,07:50,16,39,20:30,11,18:00,2025-05-06 18:57:17.187080,2025-05-06 18:57:17.187080
216704,136,2012-08-12,29.1,0,22,02:32,36.2,13:48,17,3.9,8.6,05:30,16,39,02:20,12,20:40,2025-05-06 18:57:17.247340,2025-05-06 18:57:17.247340
216717,136,2012-08-13,28.8,0,20.1,04:53,37.4,13:31,12,2.8,6.9,06:40,29,53,18:20,12,03:10,2025-05-06 18:57:17.313976,2025-05-06 18:57:17.313976
216733,136,2012-08-14,25.6,0,20,23:15,31.1,09:33,29,1.4,5,20:00,33,50,11:30,10,00:00,2025-05-06 18:57:17.395675,2025-05-06 18:57:17.395675
216749,136,2012-08-15,25.6,0,19.8,06:39,31.5,12:11,10,1.4,5,10:50,37,68,19:30,15,04:40,2025-05-06 18:57:17.486309,2025-05-06 18:57:17.486309
216765,136,2012-08-16,22.5,0,16,,29,14:21,22,1.7,5,12:50,55,95,23:40,27,00:00,2025-05-06 18:57:17.563626,2025-05-06 18:57:17.563626
216781,136,2012-08-17,22.2,,15.5,01:56,28.9,13:41,12,2.5,7.5,13:10,72,99,,50,13:40,2025-05-06 18:57:17.637197,2025-05-06 18:57:17.637197
216798,136,2012-08-18,18.4,0,13.5,06:08,23.4,09:33,11,2.5,6.1,06:00,63,97,,49,07:30,2025-05-06 18:57:17.716815,2025-05-06 18:57:17.716815
216815,136,2012-08-19,23.2,,15.8,05:12,30.6,10:10,11,2.2,8.3,09:10,50,67,16:10,36,09:30,2025-05-06 18:57:17.799350,2025-05-06 18:57:17.799350
216832,136,2012-08-20,28,0,19.9,02:40,36.2,13:38,12,3.3,8.6,13:00,36,57,03:00,22,13:00,2025-05-06 18:57:17.877530,2025-05-06 18:57:17.877530
216849,136,2012-08-21,29.8,0,22.9,02:29,36.7,10:51,10,2.5,8.6,21:50,30,44,02:20,21,09:20,2025-05-06 18:57:17.958034,2025-05-06 18:57:17.958034
216866,136,2012-08-22,29.6,0,21.2,23:00,37.9,11:52,17,1.9,8.3,07:30,33,51,23:00,20,,2025-05-06 18:57:18.035480,2025-05-06 18:57:18.035480
216883,136,2012-08-23,27.9,0,21.3,01:20,34.5,11:10,12,2.5,8.6,00:20,42,71,17:20,15,23:10,2025-05-06 18:58:20.898596,2025-05-06 18:58:20.898596
216900,136,2012-08-24,26.1,0,20.5,02:03,31.7,15:15,33,1.4,7.2,00:10,32,57,09:40,16,00:00,2025-05-06 18:58:21.000132,2025-05-06 18:58:21.000132
216917,136,2012-08-25,25.8,0,18.9,23:59,32.8,13:20,14,1.9,6.9,14:10,28,44,16:00,19,09:50,2025-05-06 18:58:21.090904,2025-05-06 18:58:21.090904
216934,136,2012-08-26,26.4,0,18.9,00:01,34,12:22,13,3.6,8.9,06:40,33,59,18:30,20,10:30,2025-05-06 18:58:21.214730,2025-05-06 18:58:21.214730
216951,136,2012-08-27,24.9,,18,01:53,31.8,12:32,12,2.8,6.7,10:00,48,69,19:40,26,11:30,2025-05-06 18:58:21.319195,2025-05-06 18:58:21.319195
216968,136,2012-08-28,24.2,0,17.1,06:44,31.4,12:54,12,2.2,6.9,10:30,56,72,,27,23:50,2025-05-06 18:58:21.411201,2025-05-06 18:58:21.411201
216985,136,2012-08-29,26.2,0,18.7,04:24,33.6,12:55,11,3.6,7.2,11:20,19,39,01:30,11,09:20,2025-05-06 18:58:21.506042,2025-05-06 18:58:21.506042
217002,136,2012-08-30,25.4,0,18.2,20:39,32.5,11:14,12,3.6,8.6,14:40,31,62,23:00,19,11:20,2025-05-06 18:58:21.604366,2025-05-06 18:58:21.604366
217019,136,2012-08-31,23.4,0,16.9,06:57,29.8,13:31,12,1.9,11.1,00:40,49,71,07:00,12,23:40,2025-05-06 18:58:21.691194,2025-05-06 18:58:21.691194
217036,136,2012-09-01,22.8,0,16.5,04:59,29,10:06,99,2.5,5,,45,73,18:50,8,00:00,2025-05-06 18:58:21.782113,2025-05-06 18:58:21.782113
217053,136,2012-09-02,24.1,0,17.5,23:33,30.7,15:06,9,0.8,5.3,15:40,31,69,09:50,15,07:00,2025-05-06 18:58:21.869520,2025-05-06 18:58:21.869520
217069,136,2012-09-03,20.7,0,15.3,23:30,26.1,11:46,1,2.2,5.8,11:40,36,82,23:20,23,07:00,2025-05-06 18:58:21.943915,2025-05-06 18:58:21.943915
217085,136,2012-09-04,20.2,0,15.8,19:56,24.7,14:17,34,1.7,5.6,14:00,55,91,19:40,22,05:20,2025-05-06 18:58:22.020092,2025-05-06 18:58:22.020092
217102,136,2012-09-05,19,0,14.5,23:41,23.6,11:57,34,1.9,6.1,15:20,54,95,23:00,20,00:00,2025-05-06 18:58:22.105984,2025-05-06 18:58:22.105984
217119,136,2012-09-06,18.2,0,13.1,22:41,23.3,12:50,34,1.4,6.4,12:40,78,98,06:50,57,12:20,2025-05-06 18:58:22.191292,2025-05-06 18:58:22.191292
217135,136,2012-09-07,20.4,0,12.6,04:37,28.1,14:30,99,1.9,7.8,,61,96,,15,22:30,2025-05-06 18:58:22.271590,2025-05-06 18:58:22.271590
217152,136,2012-09-08,22.8,0,15.6,04:29,30.1,10:46,14,3.3,10.3,09:20,55,81,20:30,21,00:00,2025-05-06 18:58:22.365995,2025-05-06 18:58:22.365995
217169,136,2012-09-09,21.2,0,14.6,06:32,27.9,12:01,13,1.7,6.7,12:00,57,97,,25,08:20,2025-05-06 18:58:22.456453,2025-05-06 18:58:22.456453
217184,136,2012-09-10,18.2,0,13.2,06:00,23.1,13:55,36,2.5,6.7,12:40,73,91,06:10,58,13:40,2025-05-06 18:58:22.531094,2025-05-06 18:58:22.531094
217199,136,2012-09-11,,,,,,,33,2.2,7.2,14:50,71,,,,,2025-05-06 18:58:22.608739,2025-05-06 18:58:22.608739
217214,136,2012-09-12,21.8,0,14.4,06:51,29.2,13:01,10,2.8,6.7,12:20,64,97,07:10,41,23:59,2025-05-06 18:58:22.688486,2025-05-06 18:58:22.688486
217230,136,2012-09-13,24.6,0,16.7,00:07,32.5,13:06,13,2.8,5.8,00:20,32,45,18:10,18,19:40,2025-05-06 18:58:22.780438,2025-05-06 18:58:22.780438
217247,136,2012-09-14,24.3,0,17.7,00:49,30.9,10:11,12,1.9,6.7,02:40,44,52,16:00,26,00:00,2025-05-06 18:58:22.888736,2025-05-06 18:58:22.888736
217265,136,2012-09-15,24.6,0,18.3,20:53,31,09:46,28,1.1,5,21:50,48,78,19:20,24,08:30,2025-05-06 18:58:22.999590,2025-05-06 18:58:22.999590
217283,136,2012-09-16,23,0,16.4,,29.6,13:41,34,2.5,5,15:20,55,81,20:10,37,03:30,2025-05-06 18:58:23.098290,2025-05-06 18:58:23.098290
217300,136,2012-09-17,20.8,0,15.8,06:34,25.7,13:15,2,3.1,6.4,14:40,60,90,23:59,52,01:10,2025-05-06 18:58:23.192699,2025-05-06 18:58:23.192699
217316,136,2012-09-18,21.4,0,16.4,23:27,26.3,13:33,99,4.2,7.5,16:30,63,93,22:50,51,16:00,2025-05-06 18:58:23.279454,2025-05-06 18:58:23.279454
217334,136,2012-09-19,20.4,0,16,02:36,24.9,13:20,30,2.8,7.2,05:40,77,96,01:30,58,12:00,2025-05-06 18:58:23.378968,2025-05-06 18:58:23.378968
217350,136,2012-09-20,20.8,0,16.7,,24.9,13:52,34,2.5,6.7,14:10,80,96,,65,15:10,2025-05-06 18:58:23.457483,2025-05-06 18:58:23.457483
217368,136,2012-09-21,22.4,0,15.2,04:00,29.6,14:42,13,1.7,6.9,21:40,64,93,19:50,40,23:59,2025-05-06 18:58:23.541221,2025-05-06 18:58:23.541221
217386,136,2012-09-22,26.8,0,19.9,00:58,33.6,14:16,11,1.9,8.1,09:30,42,80,19:00,23,08:50,2025-05-06 18:58:23.627730,2025-05-06 18:58:23.627730
217404,136,2012-09-23,24.2,0.8,18,22:10,30.5,11:36,14,1.9,8.6,02:00,52,96,,26,04:40,2025-05-06 18:58:23.732191,2025-05-06 18:58:23.732191
217421,136,2012-09-24,19.9,35.6,18.4,02:45,21.4,15:50,14,1.7,9.2,02:00,98,100,23:30,96,00:00,2025-05-06 18:58:23.832074,2025-05-06 18:58:23.832074
217438,136,2012-09-25,20.6,0.2,17,23:32,24.3,11:52,29,1.1,5.3,22:40,94,100,,79,12:30,2025-05-06 18:58:23.926408,2025-05-06 18:58:23.926408
217455,136,2012-09-26,20.8,0,16.7,23:52,24.9,10:42,28,2.2,8.1,03:00,82,99,00:00,61,09:20,2025-05-06 18:58:24.013769,2025-05-06 18:58:24.013769
217471,136,2012-09-27,18.5,6.6,13,20:00,24,11:18,28,3.9,10.3,09:40,86,100,,55,06:20,2025-05-06 18:58:24.091970,2025-05-06 18:58:24.091970
217489,136,2012-09-28,17,3,13.1,06:47,20.8,13:32,35,3.9,9.7,18:20,85,98,,61,13:30,2025-05-06 18:58:24.181460,2025-05-06 18:58:24.181460
217506,136,2012-09-29,15.9,3,13.5,01:54,18.3,12:59,2,1.9,7.8,06:20,90,100,,76,15:30,2025-05-06 18:58:24.271638,2025-05-06 18:58:24.271638
217522,136,2012-09-30,16.8,4.4,13.6,03:37,20.1,12:16,1,2.5,7.8,07:00,95,100,,72,12:20,2025-05-06 18:58:24.352830,2025-05-06 18:58:24.352830
217538,136,2012-10-01,16.2,0,12.5,01:49,19.8,15:08,35,2.8,6.4,14:30,83,100,,62,13:40,2025-05-06 18:58:24.436188,2025-05-06 18:58:24.436188
217556,136,2012-10-02,16.8,0.2,12.3,05:33,21.3,,33,1.9,7.2,12:40,70,96,,55,09:10,2025-05-06 18:58:24.531330,2025-05-06 18:58:24.531330
217574,136,2012-10-03,16.8,3,13.5,23:14,20,15:02,34,2.5,8.3,13:50,84,99,08:50,62,14:20,2025-05-06 18:58:24.628595,2025-05-06 18:58:24.628595
217591,136,2012-10-04,16.4,0.2,13,,19.7,11:01,2,1.1,4.2,11:50,86,99,21:40,64,09:40,2025-05-06 18:58:24.709995,2025-05-06 18:58:24.709995
217608,136,2012-10-05,17.9,0,11.7,04:33,24.1,11:36,13,1.7,6.7,13:10,74,95,20:20,54,11:00,2025-05-06 18:58:24.794096,2025-05-06 18:58:24.794096
217625,136,2012-10-06,20.6,0,13,00:02,28.2,13:44,12,3.1,9.7,06:40,80,100,07:20,15,23:40,2025-05-06 18:58:24.890137,2025-05-06 18:58:24.890137
217642,136,2012-10-07,26.6,0,19.5,00:54,33.8,12:30,12,1.9,5.3,11:50,19,45,19:00,10,04:30,2025-05-06 18:58:24.987030,2025-05-06 18:58:24.987030
217659,136,2012-10-08,25.8,0,20.2,23:58,31.5,12:41,12,2.2,6.7,11:40,15,31,02:20,7,19:50,2025-05-06 18:58:25.089029,2025-05-06 18:58:25.089029
217675,136,2012-10-09,23.6,0,17,03:16,30.1,12:09,12,3.1,7.8,12:20,39,72,17:10,6,00:00,2025-05-06 18:58:25.181679,2025-05-06 18:58:25.181679
217691,136,2012-10-10,24.8,0,17.6,02:37,32.1,13:00,10,2.2,6.9,11:00,33,74,16:50,12,03:50,2025-05-06 18:58:25.265501,2025-05-06 18:58:25.265501
217709,136,2012-10-11,20.5,0,15.6,07:13,25.4,10:52,1,1.1,4.7,17:20,71,92,,19,00:00,2025-05-06 18:58:25.353122,2025-05-06 18:58:25.353122
217726,136,2012-10-12,19,0,13.7,21:06,24.3,11:05,1,1.9,6.1,15:30,79,97,07:30,63,10:30,2025-05-06 18:58:25.435188,2025-05-06 18:58:25.435188
217743,136,2012-10-13,15.9,0.8,13.4,23:40,18.4,09:28,2,1.9,7.2,16:00,93,99,21:20,76,09:30,2025-05-06 18:58:25.522898,2025-05-06 18:58:25.522898
217760,136,2012-10-14,16.9,0,13.3,22:25,20.5,14:29,12,2.2,7.8,00:10,86,98,,69,14:30,2025-05-06 18:58:25.606497,2025-05-06 18:58:25.606497
217777,136,2012-10-15,17.1,1.4,13.6,02:55,20.6,14:50,34,1.7,6.1,10:40,86,99,11:10,75,14:50,2025-05-06 18:58:25.690336,2025-05-06 18:58:25.690336
217795,136,2012-10-16,16.9,0,13.1,04:34,20.7,13:14,35,2.2,6.1,12:10,83,98,,67,15:00,2025-05-06 18:58:25.783749,2025-05-06 18:58:25.783749
217812,136,2012-10-17,16.6,0,13.2,03:28,20,13:40,34,3.3,7.5,,83,96,05:00,65,15:10,2025-05-06 18:58:25.865853,2025-05-06 18:58:25.865853
217830,136,2012-10-18,16.4,40.6,11.2,,21.6,11:54,32,4.4,11.9,14:40,78,100,,55,09:00,2025-05-06 18:58:25.949348,2025-05-06 18:58:25.949348
217848,136,2012-10-19,13.8,5.6,10.4,05:56,17.2,12:16,34,4.4,11.4,14:10,89,100,,67,15:50,2025-05-06 18:58:26.028770,2025-05-06 18:58:26.028770
217866,136,2012-10-20,14.1,0.2,10.6,23:56,17.6,12:41,1,1.7,6.7,03:50,82,100,,62,16:10,2025-05-06 18:58:26.115893,2025-05-06 18:58:26.115893
217883,136,2012-10-21,15.1,0,9.2,02:27,21,11:06,13,1.1,6.4,15:30,90,100,07:40,62,11:10,2025-05-06 18:58:26.199906,2025-05-06 18:58:26.199906
217900,136,2012-10-22,16.7,0,10.5,07:06,22.9,12:05,13,1.7,8.3,11:50,84,96,02:20,52,21:20,2025-05-06 18:58:26.283979,2025-05-06 18:58:26.283979
217916,136,2012-10-23,19.2,0,13.3,06:03,25.2,11:51,26,2.2,8.3,17:50,64,94,21:00,47,17:50,2025-05-06 18:58:26.363902,2025-05-06 18:58:26.363902
217932,136,2012-10-24,19.2,0,14,02:43,24.4,10:16,25,1.9,7.8,05:30,69,97,,48,05:30,2025-05-06 18:58:26.451525,2025-05-06 18:58:26.451525
217949,136,2012-10-25,17.2,0,12.8,,21.5,11:20,28,1.4,6.7,00:20,91,100,08:00,63,09:00,2025-05-06 18:58:26.553760,2025-05-06 18:58:26.553760
217966,136,2012-10-26,17.8,0,13.6,06:28,22.1,11:45,99,1.7,4.4,,89,100,23:10,65,11:50,2025-05-06 18:58:26.650364,2025-05-06 18:58:26.650364
217984,136,2012-10-27,17.4,0,13,06:40,21.9,09:17,14,1.7,6.4,06:40,92,99,00:00,65,09:20,2025-05-06 18:58:26.749009,2025-05-06 18:58:26.749009
218002,136,2012-10-28,19.8,3,14.4,05:59,25.2,10:52,12,0.8,5.8,23:10,81,98,,57,10:50,2025-05-06 18:58:26.840690,2025-05-06 18:58:26.840690
218020,136,2012-10-29,18.6,0,15,05:23,22.1,12:09,35,1.9,5.8,03:10,82,99,05:30,57,23:59,2025-05-06 18:58:26.932832,2025-05-06 18:58:26.932832
218038,136,2012-10-30,20.3,1,18.2,20:16,22.4,14:43,99,7.5,31.4,,59,79,20:30,52,07:40,2025-05-06 18:58:27.020600,2025-05-06 18:58:27.020600
218056,136,2012-10-31,18.9,15,16.7,08:22,21.1,01:00,26,9.2,29.2,00:30,72,97,10:40,58,01:00,2025-05-06 18:58:27.106849,2025-05-06 18:58:27.106849
218074,136,2012-11-01,22.6,0,17.2,22:53,27.9,14:23,23,2.5,18.9,05:30,61,84,22:50,33,13:40,2025-05-06 18:58:27.196748,2025-05-06 18:58:27.196748
218092,136,2012-11-02,20.9,,16.7,04:39,25.1,14:01,29,3.3,10.8,18:20,80,94,18:20,63,23:59,2025-05-06 18:58:27.282648,2025-05-06 18:58:27.282648
218110,136,2012-11-03,25,0,20.7,03:24,29.3,,24,2.8,12.5,00:50,54,65,,40,14:00,2025-05-06 18:58:27.368088,2025-05-06 18:58:27.368088
218128,136,2012-11-04,23.9,0.2,20,20:20,27.8,12:56,25,2.5,13.3,06:10,60,80,18:00,46,13:00,2025-05-06 18:58:27.452030,2025-05-06 18:58:27.452030
218146,136,2012-11-05,22.9,0.2,16.7,22:29,29.1,12:38,27,3.3,14.4,06:40,57,86,22:40,33,12:40,2025-05-06 18:58:27.532383,2025-05-06 18:58:27.532383
218164,136,2012-11-06,20.8,0,15.4,23:51,26.1,11:46,14,1.1,7.2,22:50,76,98,,57,11:50,2025-05-06 18:58:27.621586,2025-05-06 18:58:27.621586
218181,136,2012-11-07,14.2,,12.4,23:53,16.1,00:04,35,2.5,8.9,19:10,99,100,,95,00:00,2025-05-06 18:58:27.717320,2025-05-06 18:58:27.717320
218199,136,2012-11-08,11.8,11.4,9.9,22:43,13.7,09:18,35,2.8,11.1,04:20,100,100,,98,09:20,2025-05-06 18:58:27.809359,2025-05-06 18:58:27.809359
218217,136,2012-11-09,12.8,1,10,,15.6,13:45,30,4.7,12.2,14:20,90,100,,72,13:10,2025-05-06 18:58:27.906782,2025-05-06 18:58:27.906782
218235,136,2012-11-10,13,5.2,10.9,02:37,15,11:31,2,5.6,11.4,13:00,99,100,,87,11:00,2025-05-06 18:58:28.002281,2025-05-06 18:58:28.002281
218253,136,2012-11-11,13.2,12,11.9,,14.6,13:44,34,4.7,11.7,08:50,100,100,,95,19:30,2025-05-06 18:58:28.094792,2025-05-06 18:58:28.094792
218270,136,2012-11-12,12,3.6,10.8,04:29,13.2,14:37,1,2.5,11.1,01:50,97,100,,92,15:40,2025-05-06 18:58:28.182202,2025-05-06 18:58:28.182202
218287,136,2012-11-13,13.3,1.2,10.5,03:34,16.1,14:18,4,1.4,7.2,00:40,92,100,,73,14:40,2025-05-06 18:58:28.281115,2025-05-06 18:58:28.281115
218304,136,2012-11-14,13.6,0,9.7,22:18,17.4,13:53,30,1.7,6.1,06:50,91,100,20:30,77,23:59,2025-05-06 18:58:28.382561,2025-05-06 18:58:28.382561
218321,136,2012-11-15,13.6,0,10,22:48,17.1,15:43,26,1.4,8.1,01:40,95,100,,74,00:40,2025-05-06 18:58:28.473484,2025-05-06 18:58:28.473484
218338,136,2012-11-16,13.8,0,9.4,04:10,18.3,12:39,25,1.7,9.4,00:50,83,100,,65,12:40,2025-05-06 18:58:28.554178,2025-05-06 18:58:28.554178
218354,136,2012-11-17,13.8,0,11.7,04:47,16,13:14,34,5.3,11.7,16:20,98,100,,87,12:00,2025-05-06 18:58:28.628932,2025-05-06 18:58:28.628932
218370,136,2012-11-18,12.7,0,10.4,18:25,15,15:52,2,2.2,9.2,00:40,98,100,,80,16:00,2025-05-06 18:58:28.706433,2025-05-06 18:58:28.706433
218385,136,2012-11-19,13.5,0,10.3,03:40,16.7,12:29,3,1.1,4.7,14:00,86,99,,64,13:00,2025-05-06 18:58:28.775422,2025-05-06 18:58:28.775422
218400,136,2012-11-20,13.2,0,9.4,05:51,17,12:09,33,1.1,5,16:50,82,96,03:20,63,12:10,2025-05-06 18:58:28.844995,2025-05-06 18:58:28.844995
218415,136,2012-11-21,13.3,0,9.6,00:20,17,11:55,34,3.6,12.8,15:20,85,100,,69,07:30,2025-05-06 18:58:28.921152,2025-05-06 18:58:28.921152
218430,136,2012-11-22,13.4,0,11.3,06:19,15.6,15:00,2,1.9,8.9,02:20,99,100,,91,16:30,2025-05-06 18:58:28.992612,2025-05-06 18:58:28.992612
218446,136,2012-11-23,14,0,9.6,06:22,18.3,13:53,20,1.9,7.2,23:20,93,100,,43,22:20,2025-05-06 18:58:29.064326,2025-05-06 18:58:29.064326
218462,136,2012-11-24,19.1,0,14.2,04:56,24,10:37,19,0.8,6.4,22:40,55,79,17:10,27,23:40,2025-05-06 18:58:29.132768,2025-05-06 18:58:29.132768
218477,136,2012-11-25,17.5,0,11.5,,23.5,14:09,22,5.3,14.4,19:00,47,93,20:00,26,00:40,2025-05-06 18:58:29.212099,2025-05-06 18:58:29.212099
218508,136,2012-11-27,12.7,41.4,11.5,22:35,13.9,11:33,2,5,16.1,18:00,100,100,,100,,2025-05-06 18:58:29.390885,2025-05-06 18:58:29.390885
218524,136,2012-11-28,11.2,13.2,9.2,19:08,13.1,13:57,2,2.5,11.1,16:50,98,100,,78,16:00,2025-05-06 18:58:29.495184,2025-05-06 18:58:29.495184
218540,136,2012-11-29,10.7,12.4,9.1,07:08,12.3,13:44,1,4.7,14.2,23:50,99,100,,87,13:50,2025-05-06 18:58:29.602224,2025-05-06 18:58:29.602224
218557,136,2012-11-30,10.6,16.2,8.3,06:18,13,13:47,36,3.1,13.9,04:50,97,100,,82,12:00,2025-05-06 18:58:29.706934,2025-05-06 18:58:29.706934
218574,136,2012-12-01,10.5,15.8,8.5,03:36,12.5,12:50,1,6.7,13.9,00:50,94,100,,80,10:50,2025-05-06 18:58:29.804567,2025-05-06 18:58:29.804567
218591,136,2012-12-02,9.8,3.6,7.7,05:57,12,12:34,1,3.9,14.4,05:50,95,100,,82,12:00,2025-05-06 18:58:29.893538,2025-05-06 18:58:29.893538
218608,136,2012-12-03,10.5,0.2,7.6,00:11,13.4,14:58,9,2.8,9.2,13:40,94,100,,74,14:50,2025-05-06 18:58:29.983582,2025-05-06 18:58:29.983582
218625,136,2012-12-04,12.2,0,7.5,22:40,17,13:01,10,3.1,8.9,10:00,83,99,20:30,64,13:00,2025-05-06 18:58:30.073225,2025-05-06 18:58:30.073225
218642,136,2012-12-05,11.8,,8.3,00:13,15.2,12:42,16,1.7,5.8,06:30,87,99,21:40,72,12:40,2025-05-06 18:58:30.156130,2025-05-06 18:58:30.156130
218659,136,2012-12-06,13.2,0,8,20:28,18.3,12:29,14,0.8,7.2,10:40,72,94,20:10,54,12:30,2025-05-06 18:58:30.240099,2025-05-06 18:58:30.240099
218677,136,2012-12-07,12.6,0,7.8,05:38,17.3,09:49,99,1.1,5,00:50,75,96,19:40,55,10:40,2025-05-06 18:58:30.329501,2025-05-06 18:58:30.329501
218695,136,2012-12-08,13.7,2.8,9.5,02:11,17.9,11:00,14,4.2,11.1,09:00,83,100,,61,11:20,2025-05-06 18:58:30.412883,2025-05-06 18:58:30.412883
218712,136,2012-12-09,13.6,0,9.6,18:49,17.5,10:54,15,0.8,5.8,04:30,93,100,,77,11:00,2025-05-06 18:58:30.490184,2025-05-06 18:58:30.490184
218729,136,2012-12-10,12.2,0,7.3,03:22,17.2,12:32,14,2.8,7.8,04:00,92,100,,76,12:40,2025-05-06 18:58:30.571252,2025-05-06 18:58:30.571252
218747,136,2012-12-11,15.2,0,9.3,21:18,21.2,12:14,16,1.1,6.1,11:00,58,100,,29,07:30,2025-05-06 18:58:30.659535,2025-05-06 18:58:30.659535
218764,136,2012-12-12,13.5,0,7.9,04:58,19.1,10:48,13,1.4,4.7,04:30,78,99,,41,09:10,2025-05-06 18:58:30.752838,2025-05-06 18:58:30.752838
218780,136,2012-12-13,12.6,0.6,9.7,03:14,15.5,13:29,2,1.4,4.7,10:40,92,100,05:30,72,10:10,2025-05-06 18:58:30.833002,2025-05-06 18:58:30.833002
218797,136,2012-12-14,13.2,0.2,8.9,04:07,17.4,10:16,16,1.4,6.7,09:20,92,100,,47,21:20,2025-05-06 18:58:30.923210,2025-05-06 18:58:30.923210
218814,136,2012-12-15,14.2,0.2,9,03:02,19.3,12:16,14,4.7,9.4,22:40,89,100,,68,12:10,2025-05-06 18:58:30.999719,2025-05-06 18:58:30.999719
218831,136,2012-12-16,14.4,0.2,9.3,05:39,19.5,13:28,12,5.3,11.9,10:40,87,100,,66,13:30,2025-05-06 18:58:31.078747,2025-05-06 18:58:31.078747
218848,136,2012-12-17,14.4,0,8.5,21:58,20.2,14:04,12,4.4,11.7,06:40,87,100,,40,23:59,2025-05-06 18:58:31.163222,2025-05-06 18:58:31.163222
218865,136,2012-12-18,18.1,0,11.9,01:16,24.3,13:53,14,1.1,7.5,23:40,47,79,17:30,22,09:50,2025-05-06 18:58:31.254803,2025-05-06 18:58:31.254803
218882,136,2012-12-19,18.9,0,13.2,03:36,24.6,12:41,14,1.1,8.3,01:50,32,46,14:20,25,09:50,2025-05-06 18:58:31.347482,2025-05-06 18:58:31.347482
218899,136,2012-12-20,20,0,14,05:42,26,11:32,12,2.5,7.2,04:40,38,61,18:20,22,11:50,2025-05-06 18:58:31.444526,2025-05-06 18:58:31.444526
218916,136,2012-12-21,19.1,0,12.5,22:06,25.7,13:48,12,3.3,9.4,08:30,29,46,17:00,20,07:00,2025-05-06 18:58:31.541737,2025-05-06 18:58:31.541737
218933,136,2012-12-22,19,0,12.5,07:22,25.6,13:16,14,2.5,9.7,21:10,41,81,18:10,14,08:50,2025-05-06 18:58:31.627003,2025-05-06 18:58:31.627003
218950,136,2012-12-23,19.4,0,13.4,04:19,25.3,13:09,14,2.5,7.8,04:50,28,37,17:30,17,00:00,2025-05-06 18:58:31.718936,2025-05-06 18:58:31.718936
218967,136,2012-12-24,18.3,8,11.1,23:49,25.5,10:57,1,3.6,10.6,22:00,46,100,,19,00:00,2025-05-06 18:58:31.814730,2025-05-06 18:58:31.814730
218984,136,2012-12-25,11,1,8.5,19:39,13.6,12:26,99,2.5,8.3,,90,100,,82,12:40,2025-05-06 18:58:31.917681,2025-05-06 18:58:31.917681
219000,136,2012-12-26,10,6.4,8.8,05:53,11.2,10:26,36,3.1,11.4,13:40,97,100,,89,09:50,2025-05-06 18:58:32.009283,2025-05-06 18:58:32.009283
219014,136,2012-12-27,10.6,0.2,7.4,23:59,13.8,14:13,3,3.9,9.7,00:30,97,100,,84,14:20,2025-05-06 18:58:32.096333,2025-05-06 18:58:32.096333
219031,136,2012-12-28,12.6,0,7,00:11,18.3,13:38,13,8.3,16.7,05:30,49,100,00:00,34,18:50,2025-05-06 18:58:32.196690,2025-05-06 18:58:32.196690
219049,136,2012-12-29,14,0,9.6,07:38,18.5,13:29,13,6.7,13.1,05:40,49,73,05:00,35,11:50,2025-05-06 18:58:32.287578,2025-05-06 18:58:32.287578
219066,136,2012-12-30,13.8,0,8.1,06:07,19.5,13:48,13,4.2,11.1,02:00,70,97,21:40,43,01:10,2025-05-06 18:58:32.366283,2025-05-06 18:58:32.366283
219083,136,2012-12-31,10.6,0.4,8,03:52,13.2,12:49,14,2.2,7.2,02:10,89,99,,79,17:20,2025-05-06 18:58:32.454918,2025-05-06 18:58:32.454918
219099,136,2013-01-01,10.4,1.2,8.5,07:36,12.3,12:36,11,2.8,7.8,17:50,91,100,,79,12:10,2025-05-06 18:58:32.535640,2025-05-06 18:58:32.535640
219116,136,2013-01-02,10.4,0.6,8.1,22:09,12.7,11:02,99,2.2,7.2,,96,100,,89,16:40,2025-05-06 18:58:32.629428,2025-05-06 18:58:32.629428
219133,136,2013-01-03,11.7,0,8.6,00:01,14.8,11:52,6,2.2,6.4,06:50,95,100,,82,10:40,2025-05-06 18:58:32.714764,2025-05-06 18:58:32.714764
219150,136,2013-01-04,13.4,0,7.7,,19.2,12:19,99,3.1,7.5,,81,98,18:50,58,23:59,2025-05-06 18:58:32.800901,2025-05-06 18:58:32.800901
219167,136,2013-01-05,13.4,0,7.2,01:40,19.7,13:22,14,2.5,13.6,23:00,48,79,01:40,32,21:30,2025-05-06 18:58:32.885178,2025-05-06 18:58:32.885178
219185,136,2013-01-06,12.7,0,8.2,07:39,17.2,13:01,14,6.7,13.9,00:10,66,91,06:50,39,00:00,2025-05-06 18:58:32.979797,2025-05-06 18:58:32.979797
219203,136,2013-01-07,12.6,0,6.2,07:39,18.9,13:57,14,2.5,7.8,00:10,63,93,08:30,37,10:40,2025-05-06 18:58:33.061807,2025-05-06 18:58:33.061807
219221,136,2013-01-08,12.1,0,6.6,00:36,17.6,13:54,14,3.1,7.5,03:30,67,87,07:20,44,12:00,2025-05-06 18:58:33.147145,2025-05-06 18:58:33.147145
219238,136,2013-01-09,13.8,0,6.9,00:03,20.6,12:42,10,4.2,9.2,14:50,30,51,00:00,23,13:00,2025-05-06 18:58:33.227278,2025-05-06 18:58:33.227278
219255,136,2013-01-10,14.8,0,8,06:49,21.5,12:22,12,3.6,9.2,14:10,39,64,18:10,23,11:00,2025-05-06 18:58:33.301922,2025-05-06 18:58:33.301922
219272,136,2013-01-11,14.7,0,8.9,07:19,20.5,12:56,12,5,10.8,11:30,34,52,18:20,25,09:30,2025-05-06 18:58:33.378371,2025-05-06 18:58:33.378371
219290,136,2013-01-12,15.2,0,9.6,07:47,20.8,12:47,13,4.7,9.7,22:40,44,81,18:20,22,09:40,2025-05-06 18:58:33.466376,2025-05-06 18:58:33.466376
219308,136,2013-01-13,13.2,0,7.1,07:02,19.4,13:00,13,3.1,10,22:40,67,98,08:30,21,00:00,2025-05-06 18:58:33.549433,2025-05-06 18:58:33.549433
219326,136,2013-01-14,10.8,0.2,8.6,23:09,13,15:39,15,3.3,10.8,00:20,90,99,,75,16:40,2025-05-06 18:58:33.631373,2025-05-06 18:58:33.631373
219343,136,2013-01-15,12.4,0,6.9,23:52,18,13:57,13,6.4,10.3,06:40,78,98,19:40,34,10:30,2025-05-06 18:58:33.713442,2025-05-06 18:58:33.713442
219360,136,2013-01-16,14,0,7.4,00:01,20.7,10:37,14,3.1,8.9,,47,65,18:00,18,10:50,2025-05-06 18:58:33.792478,2025-05-06 18:58:33.792478
219377,136,2013-01-17,13.4,0,6.6,22:15,20.2,12:37,28,1.7,7.5,15:10,84,100,23:30,19,03:00,2025-05-06 18:58:33.867934,2025-05-06 18:58:33.867934
219394,136,2013-01-18,12.2,0.2,6.2,06:33,18.1,11:47,30,2.5,9.4,23:30,66,100,,9,23:59,2025-05-06 18:58:33.951441,2025-05-06 18:58:33.951441
219411,136,2013-01-19,12,3.6,7.9,04:17,16.2,12:24,28,5.3,15,10:10,86,100,,9,00:00,2025-05-06 18:58:34.023381,2025-05-06 18:58:34.023381
219428,136,2013-01-20,10.4,0.4,7.6,07:24,13.3,15:09,29,2.8,6.4,08:00,95,100,,82,15:40,2025-05-06 18:58:34.096645,2025-05-06 18:58:34.096645
219444,136,2013-01-21,12,25.6,9.8,03:05,14.3,13:17,35,4.2,11.4,18:20,98,100,,87,13:20,2025-05-06 18:58:34.172454,2025-05-06 18:58:34.172454
219460,136,2013-01-22,9.8,6,8.2,10:07,11.4,00:55,1,3.3,10.3,05:50,97,100,,83,,2025-05-06 18:58:34.259238,2025-05-06 18:58:34.259238
219478,136,2013-01-23,9.7,2,7.4,01:40,12,15:27,6,3.3,10.6,12:30,90,99,,77,15:20,2025-05-06 18:58:34.363530,2025-05-06 18:58:34.363530
219496,136,2013-01-24,11.4,0.4,8,00:39,14.7,12:08,4,2.2,9.2,00:10,93,100,,78,12:10,2025-05-06 18:58:34.467477,2025-05-06 18:58:34.467477
219513,136,2013-01-25,10.4,3.6,8.4,00:01,12.3,11:34,1,1.7,10,20:50,99,100,,90,11:40,2025-05-06 18:58:34.558823,2025-05-06 18:58:34.558823
219530,136,2013-01-26,10.9,,9.4,07:44,12.4,16:36,2,2.5,8.9,23:10,100,100,,100,,2025-05-06 18:58:34.645161,2025-05-06 18:58:34.645161
219547,136,2013-01-27,12.8,0.2,8.4,23:33,17.1,14:27,18,1.7,9.2,22:30,94,100,,75,15:40,2025-05-06 18:58:34.741576,2025-05-06 18:58:34.741576
219564,136,2013-01-28,13.2,0,8.4,00:51,18,14:11,12,4.7,9.2,12:20,91,100,,42,21:30,2025-05-06 18:58:34.831820,2025-05-06 18:58:34.831820
219581,136,2013-01-29,16,0,10.3,02:59,21.8,15:14,14,1.9,7.5,00:20,50,80,18:30,23,09:50,2025-05-06 18:58:34.923272,2025-05-06 18:58:34.923272
219599,136,2013-01-30,18.6,0,12.6,04:39,24.5,12:42,14,6.4,14.2,22:30,23,42,,13,21:20,2025-05-06 18:58:35.021196,2025-05-06 18:58:35.021196
219617,136,2013-01-31,17.6,0,14.2,04:07,21,14:18,14,8.9,18.9,18:40,16,26,12:10,11,00:00,2025-05-06 18:58:35.115856,2025-05-06 18:58:35.115856
219635,136,2013-02-01,18.8,0,13.8,23:58,23.7,13:42,14,6.9,21.1,02:40,18,30,18:30,15,00:00,2025-05-06 18:58:35.208183,2025-05-06 18:58:35.208183
219653,136,2013-02-02,15.6,0.2,7.5,23:47,23.7,12:25,12,4.2,9.2,17:20,30,85,23:59,18,03:40,2025-05-06 18:58:35.293802,2025-05-06 18:58:35.293802
219671,136,2013-02-03,8.8,4.8,7.5,00:01,10.2,04:58,1,3.1,10.6,05:50,99,100,,84,00:00,2025-05-06 18:58:35.379132,2025-05-06 18:58:35.379132
219688,136,2013-02-04,12,0.2,7.9,07:44,16.1,14:46,16,7.8,16.1,18:00,78,100,,42,20:40,2025-05-06 18:58:35.462376,2025-05-06 18:58:35.462376
219705,136,2013-02-05,16.8,0,11.1,,22.4,12:47,16,6.9,22.8,02:40,29,52,00:00,24,22:10,2025-05-06 18:58:35.555467,2025-05-06 18:58:35.555467
219723,136,2013-02-06,14.1,0.2,8.7,05:06,19.5,13:25,14,3.9,9.7,00:40,58,97,,25,00:00,2025-05-06 18:58:35.648300,2025-05-06 18:58:35.648300
219740,136,2013-02-07,12,2,8.2,23:45,15.8,11:33,2,1.4,7.2,20:50,91,100,,69,12:30,2025-05-06 18:58:35.740437,2025-05-06 18:58:35.740437
219757,136,2013-02-08,8.8,2.4,7.8,07:24,9.8,13:07,2,3.1,9.7,15:10,100,100,,95,22:40,2025-05-06 18:58:35.823606,2025-05-06 18:58:35.823606
219774,136,2013-02-09,10.6,1.2,7.7,05:37,13.6,12:54,2,3.1,8.9,19:40,89,100,,77,13:00,2025-05-06 18:58:35.906573,2025-05-06 18:58:35.906573
219791,136,2013-02-10,9.2,0,7.3,05:33,11.1,10:40,1,1.7,7.5,00:20,96,100,,87,10:50,2025-05-06 18:58:35.997783,2025-05-06 18:58:35.997783
219808,136,2013-02-11,11.6,0,8.5,05:57,14.7,13:19,11,3.3,7.8,11:40,91,100,,81,13:50,2025-05-06 18:58:36.091949,2025-05-06 18:58:36.091949
219824,136,2013-02-12,9.8,5.2,8.1,03:05,11.6,13:44,99,3.1,8.1,,98,100,,94,15:40,2025-05-06 18:58:36.175739,2025-05-06 18:58:36.175739
219840,136,2013-02-13,9.8,7.8,8.6,,11.1,13:52,2,3.1,9.4,05:50,100,100,,98,14:00,2025-05-06 18:58:36.261468,2025-05-06 18:58:36.261468
219856,136,2013-02-14,13.4,0.2,9.2,,17.7,14:12,2,3.1,7.8,00:50,94,100,,80,14:30,2025-05-06 18:58:36.343358,2025-05-06 18:58:36.343358
219872,136,2013-02-15,14,0,5.8,04:21,22.1,13:33,14,1.7,5.6,06:10,69,100,,31,22:40,2025-05-06 18:58:36.424719,2025-05-06 18:58:36.424719
219889,136,2013-02-16,18,0,11.7,07:35,24.2,,16,1.7,9.4,03:20,36,54,16:00,24,11:10,2025-05-06 18:58:36.518008,2025-05-06 18:58:36.518008
219906,136,2013-02-17,18.4,0,12,05:25,24.7,10:05,13,1.9,6.7,12:50,49,95,20:00,23,00:00,2025-05-06 18:58:36.605726,2025-05-06 18:58:36.605726
219922,136,2013-02-18,12.7,25.6,8.4,,17,12:11,33,2.8,15.6,20:50,66,100,,22,00:00,2025-05-06 18:58:36.693791,2025-05-06 18:58:36.693791
219937,136,2013-02-19,9.1,0.6,6,02:43,12.2,14:08,32,5.3,13.1,01:30,93,100,,80,14:10,2025-05-06 18:58:36.772516,2025-05-06 18:58:36.772516
219953,136,2013-02-20,11.5,0.2,7.8,04:09,15.2,14:16,29,3.6,9.2,01:00,89,100,,69,11:10,2025-05-06 18:59:39.624002,2025-05-06 18:59:39.624002
219970,136,2013-02-21,11.8,0,8,04:05,15.7,11:06,99,1.7,4.7,15:50,82,98,,65,11:40,2025-05-06 18:59:39.726797,2025-05-06 18:59:39.726797
219986,136,2013-02-22,12.5,0.2,8.8,21:48,16.2,12:42,32,3.6,7.5,13:10,86,98,23:59,72,11:10,2025-05-06 18:59:39.839697,2025-05-06 18:59:39.839697
220002,136,2013-02-23,10.5,1,7.9,03:09,13.1,16:21,33,1.9,7.2,01:20,95,100,,81,,2025-05-06 18:59:39.947428,2025-05-06 18:59:39.947428
220018,136,2013-02-24,13.3,0,7.6,07:43,19,13:59,14,5.3,11.1,09:10,80,100,,60,14:20,2025-05-06 18:59:40.034404,2025-05-06 18:59:40.034404
220034,136,2013-02-25,13.2,0,3.4,04:21,23.1,11:33,12,3.6,10.3,02:40,49,100,,19,07:00,2025-05-06 18:59:40.100076,2025-05-06 18:59:40.100076
220050,136,2013-02-26,12,0,7.2,04:19,16.9,12:40,32,1.9,5.8,09:10,82,100,,31,00:00,2025-05-06 18:59:40.171041,2025-05-06 18:59:40.171041
220066,136,2013-02-27,10.2,0,8.8,23:41,11.7,10:54,99,1.7,5.6,06:40,96,100,,89,07:20,2025-05-06 18:59:40.242296,2025-05-06 18:59:40.242296
220082,136,2013-02-28,11.2,0,7.4,23:52,15.1,14:56,12,1.7,6.4,23:59,91,100,,73,15:00,2025-05-06 18:59:40.317819,2025-05-06 18:59:40.317819
220099,136,2013-03-01,12.5,0,6.6,01:34,18.4,12:00,36,1.9,7.2,13:10,87,100,,66,12:10,2025-05-06 18:59:40.403543,2025-05-06 18:59:40.403543
220116,136,2013-03-02,14.1,0,8.5,23:55,19.7,12:39,26,3.1,13.6,10:30,83,100,,55,12:40,2025-05-06 18:59:40.487652,2025-05-06 18:59:40.487652
220133,136,2013-03-03,13.6,31.8,8,07:06,19.1,12:26,22,7.2,30.8,18:00,76,100,,49,14:50,2025-05-06 18:59:40.562147,2025-05-06 18:59:40.562147
220149,136,2013-03-04,12.6,16.8,9.9,22:17,15.4,12:14,28,12.8,29.4,01:10,78,98,17:00,65,12:10,2025-05-06 18:59:40.632861,2025-05-06 18:59:40.632861
220165,136,2013-03-05,14,0,10.4,00:01,17.7,14:26,27,4.4,23.3,02:20,73,95,19:50,59,21:00,2025-05-06 18:59:40.706402,2025-05-06 18:59:40.706402
220182,136,2013-03-06,16.8,0,9.9,02:17,23.8,14:59,28,1.9,10.3,16:40,71,94,02:30,53,10:40,2025-05-06 18:59:40.781725,2025-05-06 18:59:40.781725
220199,136,2013-03-07,17.8,0,11.1,23:09,24.5,13:04,22,1.7,8.6,05:00,67,98,,45,06:10,2025-05-06 18:59:40.868945,2025-05-06 18:59:40.868945
220216,136,2013-03-08,16.8,0,10.6,07:05,23.1,10:02,29,1.9,5.8,04:20,81,99,,49,09:00,2025-05-06 18:59:40.954430,2025-05-06 18:59:40.954430
220233,136,2013-03-09,13,1.6,10.6,21:23,15.5,11:38,34,2.5,8.3,12:40,95,100,,85,10:10,2025-05-06 18:59:41.042114,2025-05-06 18:59:41.042114
220250,136,2013-03-10,12.6,0,8.7,07:26,16.4,14:25,29,3.1,6.9,05:00,84,100,,63,13:10,2025-05-06 18:59:41.125662,2025-05-06 18:59:41.125662
220267,136,2013-03-11,13.6,0,7.8,06:25,19.3,11:23,14,1.4,5.3,10:10,85,100,,63,11:50,2025-05-06 18:59:41.216773,2025-05-06 18:59:41.216773
220284,136,2013-03-12,14.6,0,8.7,05:39,20.5,11:52,29,1.4,5,20:40,76,98,20:20,46,22:40,2025-05-06 18:59:41.302253,2025-05-06 18:59:41.302253
220301,136,2013-03-13,13.2,0,9.2,00:21,17.2,11:48,27,1.9,5.3,19:10,71,99,18:50,33,01:10,2025-05-06 18:59:41.378462,2025-05-06 18:59:41.378462
220318,136,2013-03-14,15.4,0,8.6,06:47,22.3,13:59,12,3.3,8.9,11:50,84,100,,60,13:50,2025-05-06 18:59:41.461814,2025-05-06 18:59:41.461814
220335,136,2013-03-15,18.6,0,10.8,03:04,26.3,12:32,13,0.8,7.8,00:10,47,72,03:00,12,21:30,2025-05-06 18:59:41.555422,2025-05-06 18:59:41.555422
220351,136,2013-03-16,19.8,0,13.5,20:27,26.1,13:29,26,5.8,18.3,05:40,33,77,23:40,12,,2025-05-06 18:59:41.638155,2025-05-06 18:59:41.638155
220368,136,2013-03-17,16.4,0,11.1,,21.7,10:57,28,3.3,15,01:10,67,99,23:40,52,11:50,2025-05-06 18:59:41.727953,2025-05-06 18:59:41.727953
220385,136,2013-03-18,15.4,0,10.1,06:26,20.6,15:43,28,1.4,5.8,16:20,90,100,,62,10:00,2025-05-06 18:59:41.818880,2025-05-06 18:59:41.818880
220402,136,2013-03-19,14,0.2,9.3,03:34,18.8,14:16,34,3.1,10.6,20:30,87,100,,71,14:20,2025-05-06 18:59:41.904359,2025-05-06 18:59:41.904359
220419,136,2013-03-20,13.6,0.2,9,06:49,18.3,12:36,30,2.2,8.9,00:10,88,100,,68,10:20,2025-05-06 18:59:41.994586,2025-05-06 18:59:41.994586
220436,136,2013-03-21,15,0.4,7.9,06:21,22,14:12,12,0.8,5.3,14:00,88,100,00:30,63,14:10,2025-05-06 18:59:42.077459,2025-05-06 18:59:42.077459
220453,136,2013-03-22,10.4,10.2,8.5,23:12,12.3,14:44,32,3.3,8.9,07:10,100,100,,72,03:00,2025-05-06 18:59:42.151322,2025-05-06 18:59:42.151322
220470,136,2013-03-23,12.2,3.8,8.4,,16,14:08,28,5.6,14.4,14:40,76,100,,57,15:50,2025-05-06 18:59:42.223175,2025-05-06 18:59:42.223175
220487,136,2013-03-24,11.4,0,8,01:51,14.8,11:11,30,3.1,8.6,02:20,85,100,,70,11:10,2025-05-06 18:59:42.305437,2025-05-06 18:59:42.305437
220504,136,2013-03-25,13.2,0,6.3,22:13,20.2,13:30,13,0.8,5,21:40,80,99,00:00,35,23:59,2025-05-06 18:59:42.390826,2025-05-06 18:59:42.390826
220521,136,2013-03-26,16.4,0,9,06:06,23.7,12:27,29,2.8,8.9,21:20,61,99,19:40,9,02:40,2025-05-06 18:59:42.484903,2025-05-06 18:59:42.484903
220538,136,2013-03-27,15.4,0.4,10.6,04:33,20.2,14:03,30,3.9,8.9,08:10,66,100,,56,12:20,2025-05-06 18:59:42.583597,2025-05-06 18:59:42.583597
220555,136,2013-03-28,14.6,0,10.5,04:18,18.7,14:26,36,2.5,8.9,06:30,83,100,,39,22:10,2025-05-06 18:59:42.672528,2025-05-06 18:59:42.672528
220572,136,2013-03-29,18.6,0,9,05:30,28.1,11:51,12,1.9,6.1,12:40,32,99,04:50,8,07:00,2025-05-06 18:59:42.749536,2025-05-06 18:59:42.749536
220589,136,2013-03-30,21.9,0,14.9,01:01,28.9,09:41,13,1.7,4.2,08:20,32,54,11:10,14,22:30,2025-05-06 18:59:42.823241,2025-05-06 18:59:42.823241
220606,136,2013-03-31,18.4,0,11.6,23:12,25.2,13:13,2,1.7,4.2,13:40,36,99,,12,00:00,2025-05-06 18:59:42.901336,2025-05-06 18:59:42.901336
220623,136,2013-04-01,15,0,9.9,04:53,20.1,15:39,34,3.1,7.5,14:40,84,100,,63,13:00,2025-05-06 18:59:42.984662,2025-05-06 18:59:42.984662
220640,136,2013-04-02,16,1,10.5,,21.5,15:32,28,2.2,8.9,16:20,69,100,05:40,41,15:40,2025-05-06 18:59:43.078526,2025-05-06 18:59:43.078526
220656,136,2013-04-03,14,0.4,9.6,23:33,18.4,13:00,28,3.9,14.7,23:59,80,100,,63,00:30,2025-05-06 18:59:43.173976,2025-05-06 18:59:43.173976
220671,136,2013-04-04,13,1.2,9.1,,16.8,14:19,27,5.6,19.2,01:10,76,97,23:50,55,14:20,2025-05-06 18:59:43.258819,2025-05-06 18:59:43.258819
220686,136,2013-04-05,12,,8.7,07:30,15.2,14:29,33,,13.3,04:20,,100,,78,14:30,2025-05-06 18:59:43.340424,2025-05-06 18:59:43.340424
220701,136,2013-04-06,12.8,0.4,8.2,04:04,17.3,12:34,3,1.4,7.2,06:30,78,100,02:00,56,13:10,2025-05-06 18:59:43.419538,2025-05-06 18:59:43.419538
220716,136,2013-04-07,9.4,0,7.8,03:54,10.9,15:13,99,1.9,5,,85,98,01:30,78,15:10,2025-05-06 18:59:43.495698,2025-05-06 18:59:43.495698
220731,136,2013-04-08,9.6,1.2,8,04:04,11.1,10:15,35,3.6,9.2,15:00,93,99,,78,10:20,2025-05-06 18:59:43.568000,2025-05-06 18:59:43.568000
220745,136,2013-04-09,12.8,0,8.1,06:19,17.4,13:56,99,1.7,7.2,,80,100,,61,14:00,2025-05-06 18:59:43.630864,2025-05-06 18:59:43.630864
220759,136,2013-04-10,15.2,0,8.3,04:33,22,12:34,13,2.8,9.2,10:00,78,100,,60,12:20,2025-05-06 18:59:43.690623,2025-05-06 18:59:43.690623
220773,136,2013-04-11,15.8,0,10.1,06:53,21.4,13:03,12,1.7,5.3,13:30,83,100,,60,13:10,2025-05-06 18:59:43.798185,2025-05-06 18:59:43.798185
220787,136,2013-04-12,14.8,0,9.9,00:43,19.7,10:38,36,1.7,6.1,15:30,85,98,,62,10:40,2025-05-06 18:59:43.869327,2025-05-06 18:59:43.869327
220801,136,2013-04-13,12.8,0,8.4,23:52,17.3,14:26,36,2.5,5.8,13:40,82,98,22:40,68,14:30,2025-05-06 18:59:43.940148,2025-05-06 18:59:43.940148
220815,136,2013-04-14,12.5,0,7.9,00:24,17.1,13:50,32,1.7,5.8,11:50,51,97,00:00,12,04:30,2025-05-06 18:59:44.009768,2025-05-06 18:59:44.009768
220829,136,2013-04-15,15,0,8,04:25,22.1,10:28,12,1.7,5.8,08:10,54,98,23:40,25,05:50,2025-05-06 18:59:44.078855,2025-05-06 18:59:44.078855
220844,136,2013-04-16,13.2,3.2,9.2,01:18,17.1,13:25,34,2.5,7.2,,89,100,,72,13:30,2025-05-06 18:59:44.151985,2025-05-06 18:59:44.151985
220857,136,2013-04-17,12.6,3,11.1,,14.1,13:22,32,2.2,6.7,09:00,100,100,,100,,2025-05-06 18:59:44.213916,2025-05-06 18:59:44.213916
220872,136,2013-04-18,15.8,0,11.1,05:54,20.6,14:53,33,1.4,4.2,02:40,95,100,,55,21:30,2025-05-06 18:59:44.297690,2025-05-06 18:59:44.297690
220888,136,2013-04-19,22.1,0,12.3,01:02,31.9,14:45,14,6.1,14.2,14:50,25,90,00:40,18,14:20,2025-05-06 18:59:44.395855,2025-05-06 18:59:44.395855
220904,136,2013-04-20,26.6,0,19.9,00:16,33.3,11:45,14,5.8,14.7,07:30,19,34,00:10,12,13:00,2025-05-06 18:59:44.497097,2025-05-06 18:59:44.497097
220920,136,2013-04-21,27,0,21,04:47,32.9,13:32,14,4.7,12.2,12:40,25,41,18:00,14,22:00,2025-05-06 18:59:44.590535,2025-05-06 18:59:44.590535
220936,136,2013-04-22,25.9,0,18.2,22:41,33.6,12:45,12,2.5,10,12:20,24,44,,13,00:00,2025-05-06 18:59:44.676952,2025-05-06 18:59:44.676952
220952,136,2013-04-23,23.6,0,19,23:32,28.1,09:22,29,1.4,5.3,19:30,18,39,16:40,15,07:00,2025-05-06 18:59:44.770230,2025-05-06 18:59:44.770230
220968,136,2013-04-24,21.8,0,15.6,20:26,28,11:09,99,1.4,6.4,19:50,36,78,19:00,15,09:00,2025-05-06 18:59:44.863605,2025-05-06 18:59:44.863605
220984,136,2013-04-25,21.4,0,13.9,02:26,28.8,11:51,12,3.1,6.1,04:50,39,57,20:50,26,09:50,2025-05-06 18:59:44.947407,2025-05-06 18:59:44.947407
220999,136,2013-04-26,22.6,0,15.9,,29.4,12:24,13,3.1,6.9,22:40,29,50,00:00,20,14:20,2025-05-06 18:59:45.027232,2025-05-06 18:59:45.027232
221014,136,2013-04-27,17.9,1,11,23:32,24.8,11:53,12,1.9,7.8,08:00,65,98,19:40,35,09:40,2025-05-06 18:59:45.100067,2025-05-06 18:59:45.100067
221029,136,2013-04-28,10.8,2,9.1,23:41,12.6,12:08,1,2.8,10,10:50,94,100,,84,12:20,2025-05-06 18:59:45.169351,2025-05-06 18:59:45.169351
221043,136,2013-04-29,9.6,2.4,8,04:06,11.2,15:32,36,3.1,9.2,00:30,90,100,,84,18:00,2025-05-06 18:59:45.232196,2025-05-06 18:59:45.232196
221058,136,2013-04-30,10.9,5.2,8,06:11,13.8,16:31,34,3.9,10.8,17:20,96,100,,66,15:50,2025-05-06 18:59:45.302849,2025-05-06 18:59:45.302849
221075,136,2013-05-01,11.6,0,8.4,02:25,14.8,15:04,32,3.6,10,03:50,90,100,,67,15:00,2025-05-06 18:59:45.382545,2025-05-06 18:59:45.382545
221092,136,2013-05-02,12.2,0.6,8.5,02:36,15.9,15:35,99,3.1,8.6,,79,98,07:40,58,15:10,2025-05-06 18:59:45.464600,2025-05-06 18:59:45.464600
221109,136,2013-05-03,11.8,0,8.2,06:22,15.3,13:01,33,2.8,8.6,02:40,85,100,,66,11:50,2025-05-06 18:59:45.555771,2025-05-06 18:59:45.555771
221126,136,2013-05-04,12.8,0,9.2,,16.4,14:27,34,2.2,7.2,15:20,82,100,03:00,65,15:20,2025-05-06 18:59:45.641301,2025-05-06 18:59:45.641301
221142,136,2013-05-05,14.3,0,8.7,,19.9,12:55,30,1.7,6.1,06:10,73,98,,12,21:10,2025-05-06 18:59:45.731410,2025-05-06 18:59:45.731410
221158,136,2013-05-06,17.8,0,9,00:42,26.6,11:10,14,3.9,10,06:40,51,85,00:20,20,20:30,2025-05-06 18:59:45.823658,2025-05-06 18:59:45.823658
221174,136,2013-05-07,22.2,0,14.7,01:10,29.8,12:09,11,1.4,6.4,12:10,32,65,20:00,17,23:59,2025-05-06 18:59:45.909959,2025-05-06 18:59:45.909959
221190,136,2013-05-08,23.6,0,16,21:04,31.2,12:55,11,2.2,6.7,10:40,30,66,20:40,14,00:00,2025-05-06 18:59:45.990409,2025-05-06 18:59:45.990409
221205,136,2013-05-09,23.4,0,15.9,06:29,30.8,12:22,12,2.8,6.7,10:40,27,36,07:40,11,20:30,2025-05-06 18:59:46.065789,2025-05-06 18:59:46.065789
221220,136,2013-05-10,22.8,0,14.5,05:26,31,12:12,12,1.9,5.6,12:50,30,63,18:20,15,13:00,2025-05-06 18:59:46.133930,2025-05-06 18:59:46.133930
221235,136,2013-05-11,22.1,0,13.3,06:00,30.9,14:26,99,3.1,6.9,,43,70,20:10,19,01:10,2025-05-06 18:59:46.202733,2025-05-06 18:59:46.202733
221251,136,2013-05-12,24.1,0,17.7,05:18,30.5,11:21,14,1.9,6.1,09:40,38,69,20:00,27,17:20,2025-05-06 18:59:46.277454,2025-05-06 18:59:46.277454
221267,136,2013-05-13,16,0.2,11.5,22:49,20.6,00:25,29,3.1,8.1,18:40,78,100,23:59,37,01:10,2025-05-06 18:59:46.365143,2025-05-06 18:59:46.365143
221283,136,2013-05-14,13.2,1,10.6,,15.7,15:12,35,3.6,10.8,20:40,96,100,,62,15:30,2025-05-06 18:59:46.456822,2025-05-06 18:59:46.456822
221299,136,2013-05-15,12.1,0.2,9.3,05:45,14.9,15:50,1,4.2,11.1,02:10,88,100,,75,14:30,2025-05-06 18:59:46.548181,2025-05-06 18:59:46.548181
221315,136,2013-05-16,13,10.8,9,06:25,17,10:45,27,3.6,10.3,05:50,94,100,,69,11:20,2025-05-06 18:59:46.635770,2025-05-06 18:59:46.635770
221331,136,2013-05-17,12,6,7.6,04:06,16.4,15:27,1,2.8,8.6,09:00,93,100,,72,15:30,2025-05-06 18:59:46.720066,2025-05-06 18:59:46.720066
221347,136,2013-05-18,11.2,1.6,9.1,22:05,13.4,15:18,36,2.8,9.4,06:40,96,100,,86,,2025-05-06 18:59:46.815196,2025-05-06 18:59:46.815196
221362,136,2013-05-19,13.4,0.2,8.7,02:12,18.1,14:01,11,2.8,7.8,07:40,78,99,23:50,62,12:50,2025-05-06 18:59:46.901962,2025-05-06 18:59:46.901962
221375,136,2013-05-20,12.3,0.6,9.1,05:22,15.5,16:23,1,1.9,7.2,12:10,86,100,00:30,66,16:20,2025-05-06 18:59:46.974975,2025-05-06 18:59:46.974975
221388,136,2013-05-21,13.6,0,9.2,03:28,18,14:30,12,2.5,8.1,13:20,84,99,,60,14:30,2025-05-06 18:59:47.037251,2025-05-06 18:59:47.037251
221403,136,2013-05-22,11.8,0,8.7,04:57,15,11:48,2,1.9,6.1,12:00,84,97,,65,11:30,2025-05-06 18:59:47.111542,2025-05-06 18:59:47.111542
221418,136,2013-05-23,13,0,9,02:59,16.9,11:55,2,1.7,6.9,10:50,80,97,21:10,64,11:50,2025-05-06 18:59:47.179169,2025-05-06 18:59:47.179169
221433,136,2013-05-24,12.9,0,8.6,05:10,17.2,16:16,1,1.9,7.5,13:50,82,100,04:30,62,16:30,2025-05-06 18:59:47.248566,2025-05-06 18:59:47.248566
221449,136,2013-05-25,13,0,9.9,01:49,16.2,11:10,2,1.9,6.4,10:50,85,98,,69,11:10,2025-05-06 18:59:47.326602,2025-05-06 18:59:47.326602
221465,136,2013-05-26,11.8,0.4,9.4,06:20,14.1,14:52,35,2.5,7.2,06:20,83,100,08:20,70,16:20,2025-05-06 18:59:47.409730,2025-05-06 18:59:47.409730
221481,136,2013-05-27,11.9,0.4,9.2,21:46,14.6,12:01,36,3.1,6.9,08:40,86,100,,69,16:00,2025-05-06 18:59:47.497102,2025-05-06 18:59:47.497102
221496,136,2013-05-28,13.3,0.2,9.1,03:29,17.5,15:35,36,2.8,7.2,13:00,84,100,,63,15:30,2025-05-06 18:59:47.584108,2025-05-06 18:59:47.584108
221511,136,2013-05-29,12.9,10.6,10.3,00:01,15.5,17:23,14,1.4,6.7,00:10,96,100,,83,16:20,2025-05-06 18:59:47.654114,2025-05-06 18:59:47.654114
221527,136,2013-05-30,12.2,4.6,8.5,06:01,15.8,13:16,2,1.9,8.3,19:50,87,100,,69,13:00,2025-05-06 18:59:47.735414,2025-05-06 18:59:47.735414
221543,136,2013-05-31,11.3,1.8,9.8,23:54,12.8,12:42,1,2.2,7.8,08:00,94,100,,88,16:50,2025-05-06 18:59:47.814277,2025-05-06 18:59:47.814277
221559,136,2013-06-01,13,0,9.5,23:30,16.6,13:44,1,1.9,6.4,12:40,84,100,,72,13:20,2025-05-06 18:59:47.889164,2025-05-06 18:59:47.889164
221575,136,2013-06-02,16,0,8.6,05:56,23.5,15:48,30,1.4,6.1,03:50,69,100,,32,,2025-05-06 18:59:47.970118,2025-05-06 18:59:47.970118
221591,136,2013-06-03,15,0,10.8,23:12,19.1,12:36,34,2.2,5.3,10:40,67,99,23:40,38,00:00,2025-05-06 18:59:48.061019,2025-05-06 18:59:48.061019
221608,136,2013-06-04,13.9,0,10.3,02:08,17.5,10:55,33,3.1,6.9,12:10,88,100,,69,11:00,2025-05-06 18:59:48.161452,2025-05-06 18:59:48.161452
221624,136,2013-06-05,14,0,10.3,02:44,17.6,13:51,33,3.6,8.6,14:40,74,99,,60,12:10,2025-05-06 18:59:48.261713,2025-05-06 18:59:48.261713
221640,136,2013-06-06,13.9,0,10.2,01:33,17.6,14:21,2,2.2,7.2,15:30,78,100,,66,13:20,2025-05-06 18:59:48.355098,2025-05-06 18:59:48.355098
221656,136,2013-06-07,14.2,0,10.2,05:19,18.3,15:53,3,1.9,6.4,16:00,86,96,,67,16:00,2025-05-06 18:59:48.446173,2025-05-06 18:59:48.446173
221673,136,2013-06-08,13.4,0.2,10.1,05:53,16.7,13:38,34,1.7,7.2,04:20,86,100,05:10,68,13:40,2025-05-06 18:59:48.539717,2025-05-06 18:59:48.539717
221690,136,2013-06-09,15.1,0,9.5,02:54,20.7,11:47,1,1.9,7.2,15:10,80,100,06:10,57,11:50,2025-05-06 18:59:48.634917,2025-05-06 18:59:48.634917
221707,136,2013-06-10,13.7,0,10.2,05:03,17.2,15:28,36,2.2,6.7,13:50,84,98,,66,15:30,2025-05-06 18:59:48.724318,2025-05-06 18:59:48.724318
221724,136,2013-06-11,15.9,0,10.4,20:42,21.4,13:48,4,1.1,6.1,11:10,75,98,02:30,57,13:50,2025-05-06 18:59:48.821210,2025-05-06 18:59:48.821210
221740,136,2013-06-12,16.6,0.4,10.8,05:29,22.4,12:12,36,1.7,6.1,17:20,81,99,06:30,58,12:10,2025-05-06 18:59:48.912891,2025-05-06 18:59:48.912891
221757,136,2013-06-13,13.6,2.4,12,04:42,15.3,13:15,33,3.9,7.8,08:10,100,100,,93,,2025-05-06 18:59:49.012910,2025-05-06 18:59:49.012910
221775,136,2013-06-14,14.4,0,11.4,06:08,17.3,17:12,28,2.5,5.8,07:40,96,100,,81,17:20,2025-05-06 18:59:49.109577,2025-05-06 18:59:49.109577
221793,136,2013-06-15,17.8,0,11.9,06:55,23.7,17:01,28,1.7,5,20:00,60,99,07:10,4,20:50,2025-05-06 18:59:49.217281,2025-05-06 18:59:49.217281
221811,136,2013-06-16,17.8,0,11.4,22:44,24.2,07:19,34,1.9,5.8,14:40,54,99,22:40,5,07:00,2025-05-06 18:59:49.321607,2025-05-06 18:59:49.321607
221829,136,2013-06-17,15.1,6,11,01:07,19.2,14:27,27,1.9,6.4,04:20,92,100,,25,00:00,2025-05-06 18:59:49.421699,2025-05-06 18:59:49.421699
221847,136,2013-06-18,13.4,1.2,10.8,08:22,16,13:40,34,1.9,6.9,05:50,93,100,,77,15:40,2025-05-06 18:59:49.518513,2025-05-06 18:59:49.518513
221865,136,2013-06-19,13.5,1,10.2,05:45,16.8,15:57,1,1.4,6.4,12:00,91,100,,73,16:00,2025-05-06 18:59:49.620170,2025-05-06 18:59:49.620170
221882,136,2013-06-20,12.4,1.4,11.3,02:57,13.6,12:21,1,1.7,6.9,12:40,100,100,,99,17:50,2025-05-06 18:59:49.708754,2025-05-06 18:59:49.708754
221900,136,2013-06-21,14,2.2,9.8,03:48,18.2,12:13,36,2.2,6.7,20:50,85,100,,67,10:20,2025-05-06 18:59:49.802244,2025-05-06 18:59:49.802244
221918,136,2013-06-22,14.2,0.2,10.8,,17.6,15:35,35,2.8,6.4,05:10,95,100,,77,15:30,2025-05-06 18:59:49.896353,2025-05-06 18:59:49.896353
221935,136,2013-06-23,16.8,0,10.2,00:11,23.4,12:15,32,1.4,4.7,22:40,59,100,,40,01:10,2025-05-06 18:59:49.983023,2025-05-06 18:59:49.983023
221952,136,2013-06-24,16.4,0,10.7,23:42,22.1,14:32,32,2.2,5,02:20,81,100,,33,20:40,2025-05-06 18:59:50.072403,2025-05-06 18:59:50.072403
221968,136,2013-06-25,17.9,0,10.9,02:10,24.9,08:38,30,1.7,5,23:30,53,100,01:50,21,05:50,2025-05-06 18:59:50.149026,2025-05-06 18:59:50.149026
221984,136,2013-06-26,20.4,0,14.7,20:12,26.1,08:16,27,2.2,6.1,04:00,52,88,20:10,10,23:00,2025-05-06 18:59:50.222395,2025-05-06 18:59:50.222395
222000,136,2013-06-27,28.2,0,20.1,02:54,36.2,12:32,13,3.3,8.1,06:40,32,55,18:00,8,00:00,2025-05-06 18:59:50.300937,2025-05-06 18:59:50.300937
222016,136,2013-06-28,25.6,0,19.1,,32.2,12:46,13,5.6,11.7,10:30,23,45,20:40,11,07:00,2025-05-06 18:59:50.382407,2025-05-06 18:59:50.382407
222032,136,2013-06-29,24.5,0,18.6,02:21,30.4,12:10,3,3.9,10.8,16:40,26,42,23:00,24,08:10,2025-05-06 18:59:50.461187,2025-05-06 18:59:50.461187
222048,136,2013-06-30,22,0,16.7,22:47,27.3,12:28,8,2.2,9.2,14:00,28,48,23:40,23,18:00,2025-05-06 18:59:50.541584,2025-05-06 18:59:50.541584
222064,136,2013-07-01,22.2,0,16.8,00:25,27.5,11:19,5,1.9,8.9,23:59,33,48,00:00,21,04:00,2025-05-06 18:59:50.625296,2025-05-06 18:59:50.625296
222080,136,2013-07-02,23.1,0,16.9,05:14,29.3,11:19,12,2.8,10.6,04:40,40,52,17:10,31,08:50,2025-05-06 18:59:50.716340,2025-05-06 18:59:50.716340
222096,136,2013-07-03,23.5,0,17.6,02:43,29.4,14:25,10,1.1,6.1,00:20,37,57,11:30,14,09:30,2025-05-06 18:59:50.797657,2025-05-06 18:59:50.797657
222111,136,2013-07-04,20.3,0,12.3,23:59,28.3,09:06,35,1.1,4.7,00:10,46,92,23:59,13,06:10,2025-05-06 18:59:50.879192,2025-05-06 18:59:50.879192
222126,136,2013-07-05,16.8,0,11.9,00:11,21.8,14:00,32,2.8,6.1,17:40,80,100,,23,01:20,2025-05-06 18:59:50.960673,2025-05-06 18:59:50.960673
222142,136,2013-07-06,17.1,0,11.5,03:18,22.7,13:42,34,3.1,7.2,17:00,81,100,,43,21:10,2025-05-06 18:59:51.045792,2025-05-06 18:59:51.045792
222158,136,2013-07-07,17.4,0,12.3,03:29,22.4,11:46,33,4.2,8.1,17:20,87,100,,18,23:30,2025-05-06 18:59:51.133736,2025-05-06 18:59:51.133736
222172,136,2013-07-08,16.8,0,11.7,04:08,21.9,10:34,13,2.5,7.2,23:30,87,100,,53,23:50,2025-05-06 18:59:51.213602,2025-05-06 18:59:51.213602
222187,136,2013-07-09,26.2,0,17.6,01:23,34.7,09:32,16,1.9,12.5,03:20,47,69,01:20,28,09:20,2025-05-06 18:59:51.295492,2025-05-06 18:59:51.295492
222200,136,2013-07-10,28.4,0,21.4,04:49,35.3,11:22,16,2.2,7.2,00:10,28,54,04:50,18,23:59,2025-05-06 18:59:51.363399,2025-05-06 18:59:51.363399
222214,136,2013-07-11,25.6,0,20.2,23:57,30.9,12:46,36,2.8,10,16:50,27,41,20:10,15,00:00,2025-05-06 18:59:51.435488,2025-05-06 18:59:51.435488
222228,136,2013-07-12,27.7,0,20.5,00:01,34.9,13:22,14,1.7,6.1,01:50,23,42,23:50,19,08:40,2025-05-06 18:59:51.501440,2025-05-06 18:59:51.501440
222242,136,2013-07-13,28.9,0,21.6,23:03,36.2,13:19,14,3.1,8.6,01:10,20,42,00:10,17,07:00,2025-05-06 18:59:51.572680,2025-05-06 18:59:51.572680
222256,136,2013-07-14,27.2,0,19,03:51,35.4,14:15,13,4.2,7.2,02:40,17,38,03:30,12,18:00,2025-05-06 18:59:51.631853,2025-05-06 18:59:51.631853
222270,136,2013-07-15,26.2,0,19,06:10,33.5,09:11,14,2.5,6.4,22:20,24,50,11:40,10,00:50,2025-05-06 18:59:51.691692,2025-05-06 18:59:51.691692
222284,136,2013-07-16,26.8,0,20.1,00:09,33.5,13:02,13,2.8,7.2,17:00,18,32,10:50,13,15:50,2025-05-06 18:59:51.756054,2025-05-06 18:59:51.756054
222298,136,2013-07-17,27,0,19.8,02:17,34.1,12:37,14,2.5,6.1,12:00,21,29,16:10,14,00:00,2025-05-06 18:59:51.816118,2025-05-06 18:59:51.816118
222313,136,2013-07-18,20.6,,13.5,21:38,27.7,10:56,30,1.4,5.6,22:40,43,99,23:30,15,00:00,2025-05-06 18:59:51.881999,2025-05-06 18:59:51.881999
229811,136,2014-10-23,26.3,0,20.7,01:32,31.9,15:56,14,0.6,6.1,13:10,26,44,18:00,16,09:10,2025-05-06 19:03:38.466684,2025-05-06 19:03:38.466684
229828,136,2014-10-24,23.8,0,18,21:24,29.5,10:40,12,3.3,7.2,12:20,33,47,18:40,26,10:40,2025-05-06 19:03:38.550371,2025-05-06 19:03:38.550371
229845,136,2014-10-25,23.8,0,18.1,03:50,29.4,12:56,13,1.4,5.8,23:50,37,58,19:00,26,09:10,2025-05-06 19:03:38.647302,2025-05-06 19:03:38.647302
229861,136,2014-10-26,24.6,0,18.3,21:06,30.9,12:06,12,1.9,9.2,12:40,31,49,21:00,19,,2025-05-06 19:03:38.744731,2025-05-06 19:03:38.744731
229878,136,2014-10-27,22.4,0,15.6,22:12,29.2,15:13,9,2.5,6.7,03:40,41,100,23:40,16,00:00,2025-05-06 19:03:38.846863,2025-05-06 19:03:38.846863
229894,136,2014-10-28,18.1,5.2,14.3,21:22,21.9,13:18,29,2.8,7.5,05:00,86,100,,65,11:10,2025-05-06 19:03:38.933734,2025-05-06 19:03:38.933734
229911,136,2014-10-29,16,0.8,12.9,22:47,19,13:29,2,2.2,6.1,14:50,94,100,,81,11:20,2025-05-06 19:03:39.026844,2025-05-06 19:03:39.026844
229927,136,2014-10-30,16.2,0,12.5,00:43,19.9,10:20,36,1.4,5.8,16:40,87,100,,70,10:00,2025-05-06 19:03:39.114524,2025-05-06 19:03:39.114524
229944,136,2014-10-31,16.1,1.6,12.9,06:07,19.3,10:35,36,3.1,8.3,23:40,91,100,,76,12:00,2025-05-06 19:03:39.214294,2025-05-06 19:03:39.214294
229961,136,2014-11-01,16.4,4.6,14.6,07:22,18.3,13:13,35,4.2,11.7,19:20,98,100,,92,13:20,2025-05-06 19:03:39.311005,2025-05-06 19:03:39.311005
229978,136,2014-11-02,16.2,,15,23:56,17.5,13:04,4,3.9,11.4,03:10,100,100,,96,09:50,2025-05-06 19:03:39.407890,2025-05-06 19:03:39.407890
229993,136,2014-11-03,17.4,0.8,14,22:27,20.9,13:38,7,1.7,8.3,04:00,96,100,,85,13:50,2025-05-06 19:03:39.501389,2025-05-06 19:03:39.501389
230006,136,2014-11-04,16.2,17.2,13.5,23:32,19,14:28,34,3.1,11.7,22:00,92,100,,70,15:40,2025-05-06 19:03:39.577814,2025-05-06 19:03:39.577814
230021,136,2014-11-05,13.8,7.8,12.4,23:47,15.3,04:17,34,4.7,12.5,03:50,100,100,,98,23:59,2025-05-06 19:03:39.667069,2025-05-06 19:03:39.667069
230037,136,2014-11-06,13.8,0,10.7,07:20,16.9,10:56,15,2.8,6.1,14:10,95,100,,84,11:00,2025-05-06 19:03:39.767341,2025-05-06 19:03:39.767341
230054,136,2014-11-07,14.6,0,11.4,06:14,17.9,14:00,11,3.6,6.4,18:10,97,100,,85,14:40,2025-05-06 19:03:39.855548,2025-05-06 19:03:39.855548
230070,136,2014-11-08,15.2,2.8,12.5,07:30,18,15:21,12,1.7,6.1,20:00,95,100,,82,12:50,2025-05-06 19:03:39.941821,2025-05-06 19:03:39.941821
230086,136,2014-11-09,14.6,10.2,13,20:58,16.1,14:40,36,3.6,11.7,21:30,98,100,,91,12:50,2025-05-06 19:03:40.015390,2025-05-06 19:03:40.015390
230103,136,2014-11-10,13.6,2.8,12,21:50,15.2,12:10,34,3.9,10,15:40,100,100,,98,14:20,2025-05-06 19:03:40.087923,2025-05-06 19:03:40.087923
230118,136,2014-11-11,13.6,0.6,12.1,22:36,15,15:17,32,2.8,6.7,10:40,100,100,,95,23:59,2025-05-06 19:03:40.163046,2025-05-06 19:03:40.163046
230135,136,2014-11-12,15.8,2.8,12.4,23:42,19.2,09:46,35,1.9,5.6,15:40,97,100,,72,09:50,2025-05-06 19:03:40.250368,2025-05-06 19:03:40.250368
230151,136,2014-11-13,15.1,0.2,11.9,,18.3,11:28,12,1.1,3.9,11:20,98,100,,83,11:30,2025-05-06 19:03:40.333948,2025-05-06 19:03:40.333948
230167,136,2014-11-14,15.4,5,12.2,04:33,18.7,10:16,30,1.7,4.7,18:40,91,100,,75,09:40,2025-05-06 19:03:40.416643,2025-05-06 19:03:40.416643
230183,136,2014-11-15,14.7,15.2,13,21:57,16.4,16:02,36,1.7,6.1,20:10,100,100,,91,16:20,2025-05-06 19:03:40.496042,2025-05-06 19:03:40.496042
230200,136,2014-11-16,14,0,10.7,06:50,17.2,13:35,1,2.5,7.8,00:30,92,100,,71,15:40,2025-05-06 19:03:40.589634,2025-05-06 19:03:40.589634
230217,136,2014-11-17,16,0,12.7,00:26,19.4,13:05,26,1.7,7.2,03:30,91,100,,76,14:10,2025-05-06 19:03:40.697845,2025-05-06 19:03:40.697845
230234,136,2014-11-18,16.7,0,11.6,05:37,21.8,10:34,34,1.4,6.4,12:20,90,100,,60,09:40,2025-05-06 19:03:40.813019,2025-05-06 19:03:40.813019
230251,136,2014-11-19,13.9,,11,18:38,16.8,08:20,22,2.8,11.7,11:00,93,100,,75,05:50,2025-05-06 19:03:40.907044,2025-05-06 19:03:40.907044
230268,136,2014-11-20,,,,,,,0,2.2,,,66,,,,,2025-05-06 19:03:41.002557,2025-05-06 19:03:41.002557
230285,136,2014-11-21,9.7,13.4,6.8,05:20,12.6,12:28,99,4.7,13.3,,100,100,,96,13:50,2025-05-06 19:03:41.106880,2025-05-06 19:03:41.106880
230318,136,2014-11-23,11.5,73.6,9.3,07:53,13.7,18:47,33,6.7,18.9,16:00,100,100,,98,11:50,2025-05-06 19:03:41.297010,2025-05-06 19:03:41.297010
230335,136,2014-11-24,12.6,0,10.7,21:10,14.4,14:44,34,4.4,13.6,01:30,99,100,,88,,2025-05-06 19:03:41.388308,2025-05-06 19:03:41.388308
230352,136,2014-11-25,13.2,0.2,10.7,05:03,15.7,16:24,34,1.7,6.1,04:40,90,100,,77,13:50,2025-05-06 19:03:41.474096,2025-05-06 19:03:41.474096
230367,136,2014-11-26,13,13.6,9.8,23:52,16.2,14:35,33,5,13.9,22:00,95,100,,83,14:40,2025-05-06 19:03:41.543004,2025-05-06 19:03:41.543004
230383,136,2014-11-27,12.2,1,9.8,00:01,14.7,14:36,30,4.2,12.8,01:40,99,100,,90,23:20,2025-05-06 19:03:41.623126,2025-05-06 19:03:41.623126
230399,136,2014-11-28,13.6,18.4,11.1,00:04,16,02:05,30,6.9,21.1,23:40,96,100,,53,01:50,2025-05-06 19:03:41.706228,2025-05-06 19:03:41.706228
230416,136,2014-11-29,11.1,1,9.2,07:25,13,12:48,30,9.7,28.6,05:10,93,100,,83,13:00,2025-05-06 19:03:41.789174,2025-05-06 19:03:41.789174
230429,136,2014-11-30,12.4,,9.5,02:41,15.2,13:50,33,3.9,10.3,19:20,99,100,,83,11:40,2025-05-06 19:03:41.852732,2025-05-06 19:03:41.852732
230445,136,2014-12-01,12.2,21.2,9.8,03:00,14.7,12:37,0,4.4,,,97,100,,88,11:50,2025-05-06 19:03:41.937615,2025-05-06 19:03:41.937615
230461,136,2014-12-02,11.7,3.2,10.5,22:25,12.9,13:38,36,3.6,12.8,03:00,100,100,,100,,2025-05-06 19:03:42.019691,2025-05-06 19:03:42.019691
230478,136,2014-12-03,12.1,2.8,10,,14.2,14:23,99,2.8,8.3,,100,100,,86,15:30,2025-05-06 19:03:42.106655,2025-05-06 19:03:42.106655
230495,136,2014-12-04,12,0.2,9.5,,14.4,16:10,3,1.9,6.4,08:20,93,100,,78,16:10,2025-05-06 19:03:42.188878,2025-05-06 19:03:42.188878
230512,136,2014-12-05,11,6.8,8.9,23:59,13.2,13:12,2,2.5,7.8,15:40,95,100,,81,13:10,2025-05-06 19:03:42.265413,2025-05-06 19:03:42.265413
230529,136,2014-12-06,10.2,17.4,8.8,00:04,11.6,14:39,36,2.5,7.5,11:20,100,100,,99,00:00,2025-05-06 19:03:42.334410,2025-05-06 19:03:42.334410
230546,136,2014-12-07,11,0.2,7.5,07:41,14.4,13:19,12,2.8,7.5,13:00,92,100,,73,13:20,2025-05-06 19:03:42.405451,2025-05-06 19:03:42.405451
230563,136,2014-12-08,10.8,0,9,01:11,12.6,12:04,14,4.7,10.6,10:20,100,100,,98,,2025-05-06 19:03:42.480604,2025-05-06 19:03:42.480604
230580,136,2014-12-09,15.2,0.2,10.5,02:25,19.8,14:46,13,6.9,12.8,12:50,53,100,,28,23:40,2025-05-06 19:03:42.543494,2025-05-06 19:03:42.543494
230596,136,2014-12-10,15.4,0,10.5,22:29,20.3,11:17,13,4.7,10.6,20:30,43,99,22:20,15,03:20,2025-05-06 19:03:42.617543,2025-05-06 19:03:42.617543
230613,136,2014-12-11,14.2,0,9,07:28,19.3,11:58,99,2.8,10.8,04:40,82,100,,30,23:59,2025-05-06 19:03:42.696823,2025-05-06 19:03:42.696823
230630,136,2014-12-12,14.6,0,10.7,,18.4,14:37,14,1.7,6.9,01:10,66,96,19:20,27,00:00,2025-05-06 19:03:42.783592,2025-05-06 19:03:42.783592
230647,136,2014-12-13,12,36,7.1,23:53,16.9,13:02,34,3.9,11.7,17:00,67,100,,29,00:40,2025-05-06 19:03:42.866430,2025-05-06 19:03:42.866430
230664,136,2014-12-14,9.2,10.2,6.2,03:18,12.3,14:01,34,4.7,10,21:50,90,100,,78,,2025-05-06 19:03:42.955255,2025-05-06 19:03:42.955255
230681,136,2014-12-15,9.5,8,8.2,00:01,10.8,13:06,34,3.6,10.8,,100,100,,100,,2025-05-06 19:03:43.043242,2025-05-06 19:03:43.043242
230698,136,2014-12-16,11.1,15,9.8,00:38,12.4,14:52,99,3.6,10,,100,100,,94,15:10,2025-05-06 19:03:43.135366,2025-05-06 19:03:43.135366
230715,136,2014-12-17,11.3,37,10.2,,12.4,12:38,36,3.9,10.3,06:10,100,100,,100,,2025-05-06 19:03:43.230764,2025-05-06 19:03:43.230764
230732,136,2014-12-18,11.4,0,9.2,05:20,13.7,12:57,8,2.2,8.1,00:20,97,100,,91,13:10,2025-05-06 19:03:43.321022,2025-05-06 19:03:43.321022
230749,136,2014-12-19,12.6,0.2,8,04:27,17.2,12:39,13,3.9,7.8,13:50,76,100,,44,09:30,2025-05-06 19:03:43.402517,2025-05-06 19:03:43.402517
230766,136,2014-12-20,12.2,0,8.5,05:02,15.8,15:17,12,2.8,6.7,,93,100,,79,13:00,2025-05-06 19:03:43.480463,2025-05-06 19:03:43.480463
230783,136,2014-12-21,13.6,0,9.4,02:14,17.7,13:21,12,4.7,10.3,13:00,84,100,,60,13:10,2025-05-06 19:03:43.549853,2025-05-06 19:03:43.549853
230800,136,2014-12-22,12.8,0,9.4,03:19,16.2,13:51,14,6.4,14.4,09:10,69,100,,42,18:50,2025-05-06 19:03:43.629540,2025-05-06 19:03:43.629540
230817,136,2014-12-23,12.8,0,10.1,18:03,15.5,13:17,14,6.4,16.4,10:40,67,81,17:50,41,00:00,2025-05-06 19:03:43.711105,2025-05-06 19:03:43.711105
230834,136,2014-12-24,14.8,0,10,08:01,19.6,14:04,13,8.1,18.3,23:59,54,80,07:50,29,13:50,2025-05-06 19:03:43.795956,2025-05-06 19:03:43.795956
230851,136,2014-12-25,16.9,0,13.4,07:49,20.4,13:04,14,6.4,18.6,01:50,38,51,12:20,29,00:00,2025-05-06 19:03:43.875289,2025-05-06 19:03:43.875289
230868,136,2014-12-26,13.8,0,8.8,23:55,18.7,13:57,13,5.3,11.4,00:30,62,98,,26,10:10,2025-05-06 19:03:43.959157,2025-05-06 19:03:43.959157
230885,136,2014-12-27,12.6,0,7.6,08:03,17.5,11:01,12,2.2,7.5,,64,100,18:30,27,06:10,2025-05-06 19:03:44.048434,2025-05-06 19:03:44.048434
230902,136,2014-12-28,11.6,0,7.5,04:39,15.8,12:39,10,1.4,6.9,11:40,,100,,30,06:50,2025-05-06 19:03:44.126808,2025-05-06 19:03:44.126808
230918,136,2014-12-29,12.1,0,8,00:01,16.2,15:16,12,2.5,7.2,12:10,85,100,,68,14:10,2025-05-06 19:03:44.200779,2025-05-06 19:03:44.200779
230934,136,2014-12-30,12.3,0,8.8,06:25,15.8,13:18,99,3.6,9.7,,93,100,,73,13:20,2025-05-06 19:03:44.308930,2025-05-06 19:03:44.308930
230950,136,2014-12-31,12.8,0,9.1,06:19,16.5,14:32,14,6.9,16.7,23:50,60,100,,58,19:10,2025-05-06 19:03:44.404020,2025-05-06 19:03:44.404020
230967,136,2015-01-01,11.2,0,8.7,07:48,13.8,12:51,14,8.6,17.2,13:00,68,98,23:50,38,10:10,2025-05-06 19:03:44.504254,2025-05-06 19:03:44.504254
230984,136,2015-01-02,10.6,0,8.2,03:26,13,12:20,13,9.7,18.3,08:50,52,100,02:20,18,18:00,2025-05-06 19:03:44.610115,2025-05-06 19:03:44.610115
231001,136,2015-01-03,9.8,0,7.5,17:43,12.1,14:26,11,10.3,19.2,09:50,57,80,05:40,39,14:10,2025-05-06 19:03:44.714137,2025-05-06 19:03:44.714137
231018,136,2015-01-04,10.3,0,7.5,07:17,13.1,14:46,12,10,18.9,00:40,52,69,23:59,32,19:50,2025-05-06 19:03:44.817067,2025-05-06 19:03:44.817067
231035,136,2015-01-05,10.6,0,6.5,07:54,14.7,13:32,13,5.8,15.8,00:10,63,86,22:30,47,,2025-05-06 19:03:44.906147,2025-05-06 19:03:44.906147
231052,136,2015-01-06,11.2,0,7.2,05:07,15.3,14:22,12,2.8,8.9,11:00,85,98,,62,13:50,2025-05-06 19:03:44.989032,2025-05-06 19:03:44.989032
231069,136,2015-01-07,9.9,1,7.2,04:03,12.6,11:19,36,2.5,9.2,16:30,97,100,,74,11:20,2025-05-06 19:03:45.056012,2025-05-06 19:03:45.056012
231086,136,2015-01-08,10.7,0,8.2,03:52,13.2,12:41,7,3.6,12.2,20:30,96,100,,83,11:40,2025-05-06 19:03:45.139733,2025-05-06 19:03:45.139733
231103,136,2015-01-09,9.4,1,7.9,19:21,11,12:55,10,5.8,13.3,11:40,96,100,,79,17:30,2025-05-06 19:03:45.228386,2025-05-06 19:03:45.228386
231120,136,2015-01-10,11.8,0,8.4,06:52,15.1,15:08,14,7.2,15,11:10,69,96,05:30,38,20:30,2025-05-06 19:03:45.315955,2025-05-06 19:03:45.315955
231137,136,2015-01-11,13,0,10.3,,15.6,11:57,11,6.9,16.1,16:00,51,93,,38,14:10,2025-05-06 19:03:45.398061,2025-05-06 19:03:45.398061
231154,136,2015-01-12,12.6,0,8.7,05:20,16.4,14:04,13,5.6,10.8,09:10,50,97,03:10,28,20:00,2025-05-06 19:03:45.480911,2025-05-06 19:03:45.480911
231171,136,2015-01-13,12.4,0,7.9,23:20,17,13:43,5,4.2,8.1,21:40,57,100,,29,01:00,2025-05-06 19:03:45.568328,2025-05-06 19:03:45.568328
231188,136,2015-01-14,9.6,7.6,8.1,,11.1,16:55,2,1.7,8.6,18:40,98,100,,77,,2025-05-06 19:03:45.655613,2025-05-06 19:03:45.655613
231205,136,2015-01-15,12.6,0.2,8,00:42,17.2,14:01,9,1.7,6.9,13:30,80,100,,53,12:10,2025-05-06 19:03:45.742571,2025-05-06 19:03:45.742571
231222,136,2015-07-15,26.5,0,20.7,05:56,32.3,10:41,10,2.5,7.2,04:00,26,50,03:00,18,23:59,2025-05-06 19:17:11.725504,2025-05-06 19:17:11.725504
231239,136,2015-07-16,26,0,19.3,03:46,32.8,14:12,32,1.4,5.8,21:50,29,49,17:50,11,20:10,2025-05-06 19:17:11.812809,2025-05-06 19:17:11.812809
231255,136,2015-07-17,26.3,0,20,05:20,32.6,16:48,36,1.4,5.3,14:30,24,45,19:20,14,00:00,2025-05-06 19:17:11.892696,2025-05-06 19:17:11.892696
231270,136,2015-07-18,22.4,0,17.4,23:59,27.4,10:20,31,1.4,5.8,23:00,48,79,19:20,22,00:00,2025-05-06 19:17:11.965144,2025-05-06 19:17:11.965144
231287,136,2015-07-19,18,0.2,13.5,03:31,22.6,13:40,34,3.3,7.2,19:00,88,100,,59,00:00,2025-05-06 19:17:12.042343,2025-05-06 19:17:12.042343
231303,136,2015-07-20,18.6,0,14,01:25,23.2,14:58,28,3.1,7.2,05:20,85,100,,56,23:30,2025-05-06 19:17:12.118395,2025-05-06 19:17:12.118395
231319,136,2015-07-21,18.8,,14.6,02:47,23.1,14:03,34,2.8,6.1,01:40,95,100,,70,00:10,2025-05-06 19:17:12.194285,2025-05-06 19:17:12.194285
231335,136,2015-07-22,22,0,15.3,03:17,28.7,08:54,14,2.2,5.3,06:50,53,100,,34,07:50,2025-05-06 19:17:12.258367,2025-05-06 19:17:12.258367
231351,136,2015-07-23,29.4,0,20.6,23:16,38.2,11:07,14,1.9,7.8,07:50,32,53,23:00,22,10:30,2025-05-06 19:17:12.333021,2025-05-06 19:17:12.333021
231367,136,2015-07-24,24,0,17.1,23:44,30.9,12:05,10,2.5,6.9,11:10,37,72,21:10,23,09:40,2025-05-06 19:17:12.409530,2025-05-06 19:17:12.409530
231383,136,2015-07-25,21.1,0.4,15,03:36,27.2,12:23,10,1.7,6.4,01:30,76,100,,48,01:30,2025-05-06 19:17:12.484590,2025-05-06 19:17:12.484590
231399,136,2015-07-26,19.1,0,14.3,05:46,23.9,14:12,35,1.7,4.7,13:30,79,100,,23,,2025-05-06 19:17:12.565993,2025-05-06 19:17:12.565993
231415,136,2015-07-27,18.4,0,13.6,06:44,23.3,15:39,36,1.9,5.8,11:50,73,98,,16,03:30,2025-05-06 19:17:12.645693,2025-05-06 19:17:12.645693
231431,136,2015-07-28,20.9,0,14.6,00:43,27.2,13:54,32,1.4,6.7,04:10,77,100,,57,12:50,2025-05-06 19:17:12.721761,2025-05-06 19:17:12.721761
231447,136,2015-07-29,20.2,0,14.2,03:44,26.3,11:21,99,1.7,5.3,14:30,90,100,,59,11:20,2025-05-06 19:17:12.798105,2025-05-06 19:17:12.798105
231463,136,2015-07-30,18,0,14.9,20:51,21.2,14:57,29,2.5,6.9,20:00,88,100,,75,15:00,2025-05-06 19:17:12.871394,2025-05-06 19:17:12.871394
231479,136,2015-07-31,18.4,8.6,13.9,01:59,22.9,15:30,30,3.9,8.9,06:20,88,100,,64,15:30,2025-05-06 19:17:12.948201,2025-05-06 19:17:12.948201
231495,136,2015-08-01,17.1,0.4,13.5,21:33,20.7,13:14,35,2.2,7.2,00:10,83,100,,71,13:00,2025-05-06 19:17:13.030696,2025-05-06 19:17:13.030696
231512,136,2015-08-02,17.1,0,12.7,05:18,21.5,11:54,34,2.5,6.1,10:30,80,97,,60,11:30,2025-05-06 19:17:13.121644,2025-05-06 19:17:13.121644
231529,136,2015-08-03,17.3,0,12.4,05:31,22.2,13:28,35,2.2,6.1,13:40,80,98,22:10,67,14:40,2025-05-06 19:17:13.212881,2025-05-06 19:17:13.212881
231546,136,2015-08-04,19.6,0,14.1,03:59,25.2,14:56,36,1.9,6.1,13:30,77,100,,56,,2025-05-06 19:17:13.297154,2025-05-06 19:17:13.297154
231562,136,2015-08-05,21,0,14.6,04:00,27.5,13:13,99,1.1,5.3,,81,100,22:40,42,01:10,2025-05-06 19:17:13.377377,2025-05-06 19:17:13.377377
231577,136,2015-08-06,20.2,0,14.4,01:17,25.9,09:03,11,2.8,6.7,07:40,73,100,21:30,53,09:00,2025-05-06 19:17:13.453852,2025-05-06 19:17:13.453852
231593,136,2015-08-07,21.2,0,17.5,07:44,24.9,18:01,10,2.2,8.9,05:40,77,100,,46,03:00,2025-05-06 19:17:13.532966,2025-05-06 19:17:13.532966
231609,136,2015-08-08,21.6,0.2,15,21:10,28.2,11:02,14,4.4,10.3,06:50,86,100,,59,11:00,2025-05-06 19:17:13.620552,2025-05-06 19:17:13.620552
231626,136,2015-08-09,23.1,0.8,15.2,06:00,31,15:48,15,4.7,10.6,11:00,72,100,,52,16:30,2025-05-06 19:17:13.712977,2025-05-06 19:17:13.712977
231643,136,2015-08-10,25.2,0,20.2,00:13,30.3,17:14,12,3.3,11.4,06:40,62,81,00:10,45,16:40,2025-05-06 19:17:13.794805,2025-05-06 19:17:13.794805
231659,136,2015-08-11,26.2,0,21,05:52,31.3,16:47,11,1.9,8.3,10:10,48,67,23:59,34,16:50,2025-05-06 19:17:13.868281,2025-05-06 19:17:13.868281
231675,136,2015-08-12,25.6,0.2,18.3,23:56,33,11:56,9,3.9,8.9,12:20,49,98,23:59,36,12:00,2025-05-06 19:17:13.966145,2025-05-06 19:17:13.966145
231691,136,2015-08-13,24.4,0,17.7,01:23,31.2,13:25,12,6.4,16.1,10:20,70,100,00:40,48,13:30,2025-05-06 19:17:14.049760,2025-05-06 19:17:14.049760
231707,136,2015-08-14,22.8,0,15.6,,30.1,15:44,12,3.6,8.1,07:30,74,99,02:30,52,15:30,2025-05-06 19:17:14.134731,2025-05-06 19:17:14.134731
231723,136,2015-08-15,19.1,0,14.3,06:42,23.9,10:51,11,2.8,6.1,04:30,77,100,,62,13:00,2025-05-06 19:17:14.332934,2025-05-06 19:17:14.332934
231740,136,2015-08-16,18.3,1.4,13.9,06:23,22.7,13:00,2,1.9,5.8,16:20,88,100,,68,12:50,2025-05-06 19:17:14.436917,2025-05-06 19:17:14.436917
231757,136,2015-08-17,19.4,6.2,13.5,06:10,25.3,15:11,36,1.1,6.9,21:20,88,100,,59,15:10,2025-05-06 19:17:14.547042,2025-05-06 19:17:14.547042
231773,136,2015-08-18,19.2,0,14.5,05:12,24,13:46,6,1.7,5.8,04:30,83,100,,64,12:30,2025-05-06 19:17:14.622870,2025-05-06 19:17:14.622870
231789,136,2015-08-19,19.4,0,14.1,01:23,24.7,12:18,1,1.7,5.6,13:20,75,100,01:40,60,12:20,2025-05-06 19:17:14.697669,2025-05-06 19:17:14.697669
231806,136,2015-08-20,19.7,0,13.7,06:47,25.7,15:50,12,1.9,7.8,08:50,87,100,,60,11:30,2025-05-06 19:17:14.788222,2025-05-06 19:17:14.788222
231822,136,2015-08-21,20.6,0,14,03:49,27.3,11:58,12,1.7,7.5,01:50,82,100,,46,04:40,2025-05-06 19:17:14.886242,2025-05-06 19:17:14.886242
231838,136,2015-08-22,19.5,0,14.2,05:47,24.8,14:20,6,1.7,7.2,13:30,78,99,23:59,60,11:00,2025-05-06 19:17:14.986484,2025-05-06 19:17:14.986484
231854,136,2015-08-23,20.6,0,14.7,20:47,26.4,16:16,13,1.7,6.4,14:50,73,99,,48,17:20,2025-05-06 19:17:15.066204,2025-05-06 19:17:15.066204
231870,136,2015-08-24,19.7,0,14.7,21:27,24.7,14:29,14,1.7,6.9,15:10,78,98,,60,14:30,2025-05-06 19:17:15.147492,2025-05-06 19:17:15.147492
231887,136,2015-08-25,20.1,0,13.6,02:06,26.6,11:33,25,1.4,6.1,22:50,76,100,,57,11:10,2025-05-06 19:17:15.232830,2025-05-06 19:17:15.232830
231904,136,2015-08-26,19,0,14.8,05:52,23.1,14:12,29,2.2,6.1,04:30,80,100,,65,15:00,2025-05-06 19:17:15.316220,2025-05-06 19:17:15.316220
231921,136,2015-08-27,18.7,0,14.6,06:30,22.8,14:33,36,2.2,6.7,14:50,82,100,23:59,59,,2025-05-06 19:17:15.397962,2025-05-06 19:17:15.397962
231938,136,2015-08-28,19,0.2,14.5,02:01,23.5,14:42,32,2.5,8.6,21:10,84,100,,67,15:10,2025-05-06 19:17:15.486536,2025-05-06 19:17:15.486536
231955,136,2015-08-29,18.8,0,14.1,03:23,23.5,14:08,99,3.1,7.5,,81,100,,66,,2025-05-06 19:17:15.572338,2025-05-06 19:17:15.572338
231972,136,2015-08-30,20.3,0,13.9,05:59,26.7,12:43,31,1.9,6.1,14:40,74,100,,49,13:00,2025-05-06 19:17:15.668357,2025-05-06 19:17:15.668357
231989,136,2015-08-31,22.1,0,15.6,06:53,28.6,15:12,10,1.4,8.3,11:40,81,100,,57,14:50,2025-05-06 19:17:15.763327,2025-05-06 19:17:15.763327
232005,136,2015-09-01,21.8,0,15.6,23:59,28,11:37,8,2.5,7.2,12:30,80,99,06:30,57,15:00,2025-05-06 19:17:15.844679,2025-05-06 19:17:15.844679
232022,136,2015-09-02,19.4,0,14.8,23:55,24,16:16,1,1.9,7.5,12:20,81,98,,57,15:00,2025-05-06 19:17:15.929605,2025-05-06 19:17:15.929605
232039,136,2015-09-03,20,0,14.3,02:06,25.6,14:35,12,3.1,8.9,10:00,82,99,,57,14:10,2025-05-06 19:17:16.013158,2025-05-06 19:17:16.013158
232056,136,2015-09-04,20.5,0,14.3,21:34,26.7,14:38,2,0.8,5.3,00:40,77,98,,31,20:10,2025-05-06 19:17:16.096225,2025-05-06 19:17:16.096225
232073,136,2015-09-05,19.6,0,14.6,06:09,24.5,14:29,33,2.2,6.7,15:30,69,92,06:00,54,13:40,2025-05-06 19:17:16.180696,2025-05-06 19:17:16.180696
232090,136,2015-09-06,20.6,0,14.8,03:16,26.5,10:38,12,1.9,5.8,23:50,83,100,,63,10:40,2025-05-06 19:17:16.266029,2025-05-06 19:17:16.266029
232106,136,2015-09-07,20.2,0,14.8,23:58,25.7,12:15,14,2.2,7.8,05:40,84,100,,65,17:30,2025-05-06 19:17:16.343388,2025-05-06 19:17:16.343388
232123,136,2015-09-08,21,0,14.2,02:22,27.8,14:57,11,2.5,7.5,12:50,74,100,02:50,53,15:00,2025-05-06 19:17:16.429403,2025-05-06 19:17:16.429403
232140,136,2015-09-09,19.4,0,14.7,22:00,24.2,15:21,34,1.9,6.4,13:20,79,99,04:50,64,15:10,2025-05-06 19:17:16.511302,2025-05-06 19:17:16.511302
232157,136,2015-09-10,19.2,0.2,13.4,03:40,25,14:39,32,1.4,5.6,20:10,78,100,,36,14:40,2025-05-06 19:17:16.592732,2025-05-06 19:17:16.592732
232174,136,2015-09-11,19.6,0.8,14.7,04:28,24.6,15:09,29,2.8,8.3,20:00,88,100,,34,01:40,2025-05-06 19:17:16.677181,2025-05-06 19:17:16.677181
232191,136,2015-09-12,20.5,0,15.2,06:46,25.8,13:37,28,2.5,6.1,19:50,77,100,,53,09:20,2025-05-06 19:17:16.765664,2025-05-06 19:17:16.765664
232208,136,2015-09-13,20.6,0,15.9,23:12,25.3,13:22,36,2.5,5.8,12:40,76,97,,60,13:20,2025-05-06 19:17:16.848304,2025-05-06 19:17:16.848304
232225,136,2015-09-14,20.9,0,14.2,03:33,27.6,13:01,8,1.9,8.3,11:20,76,98,,60,11:20,2025-05-06 19:17:16.936991,2025-05-06 19:17:16.936991
232242,136,2015-09-15,19.2,0.2,14.5,03:01,23.8,14:20,34,3.1,8.6,14:40,82,100,00:40,61,14:20,2025-05-06 19:17:17.021385,2025-05-06 19:17:17.021385
232259,136,2015-09-16,19.4,0.2,15.4,04:50,23.4,14:52,33,3.3,7.8,11:40,85,100,,62,15:00,2025-05-06 19:17:17.107805,2025-05-06 19:17:17.107805
232276,136,2015-09-17,19.7,,15.4,20:34,24,14:27,32,3.3,7.8,17:10,87,100,,67,12:20,2025-05-06 19:17:17.199202,2025-05-06 19:17:17.199202
232293,136,2015-09-18,17.8,13.2,15,23:44,20.6,11:44,4,1.1,6.1,14:20,100,100,,94,00:00,2025-05-06 19:17:17.277722,2025-05-06 19:17:17.277722
232310,136,2015-09-19,15.9,1.4,13,06:55,18.8,12:50,13,1.4,6.1,00:30,94,100,,82,12:30,2025-05-06 19:17:17.350180,2025-05-06 19:17:17.350180
232327,136,2015-09-20,18,0,11.5,02:22,24.4,13:34,12,1.9,6.1,23:20,83,100,,64,12:00,2025-05-06 19:17:17.434496,2025-05-06 19:17:17.434496
232344,136,2015-09-21,21.7,10.4,14.1,00:01,29.3,17:14,14,4.2,10,08:30,72,100,,50,16:50,2025-05-06 19:17:17.518875,2025-05-06 19:17:17.518875
232360,136,2015-09-22,22.4,2.6,15.7,06:47,29,15:41,13,4.4,18.1,03:20,64,96,10:00,51,16:00,2025-05-06 19:17:17.601222,2025-05-06 19:17:17.601222
232377,136,2015-09-23,23.4,0,17.1,00:41,29.8,12:28,11,1.1,7.2,12:20,63,98,20:00,43,11:00,2025-05-06 19:17:17.686527,2025-05-06 19:17:17.686527
232394,136,2015-09-24,23.2,0,18.7,,27.6,14:13,11,1.7,4.7,12:50,81,94,19:50,57,11:40,2025-05-06 19:17:17.769894,2025-05-06 19:17:17.769894
232411,136,2015-09-25,21,1.6,16.5,23:57,25.6,12:23,10,1.7,5.8,03:50,81,100,,69,10:20,2025-05-06 19:17:17.853212,2025-05-06 19:17:17.853212
232428,136,2015-09-26,17.4,7.6,15.2,19:52,19.7,,11,2.2,6.7,11:30,98,100,,92,14:10,2025-05-06 19:17:17.917328,2025-05-06 19:17:17.917328
232445,136,2015-09-27,17.4,0.2,13.8,24:00,21,14:07,2,2.8,7.8,06:00,95,100,,81,15:00,2025-05-06 19:17:17.997146,2025-05-06 19:17:17.997146
232462,136,2015-09-28,17.6,0,13.4,01:49,21.9,14:23,36,1.7,6.1,15:10,90,100,,66,10:30,2025-05-06 19:17:18.060328,2025-05-06 19:17:18.060328
232478,136,2015-09-29,16.8,0,12.8,02:36,20.9,18:05,34,1.4,5.3,12:40,82,100,20:20,67,18:00,2025-05-06 19:17:18.134289,2025-05-06 19:17:18.134289
232495,136,2015-09-30,18.6,0,13.7,07:01,23.6,11:03,10,1.7,7.5,11:00,84,97,20:00,60,10:50,2025-05-06 19:17:18.217845,2025-05-06 19:17:18.217845
232512,136,2015-10-01,20.4,0,13.5,03:47,27.3,12:53,14,1.4,6.4,04:00,65,99,05:20,53,11:50,2025-05-06 19:17:18.304990,2025-05-06 19:17:18.304990
232529,136,2015-10-02,24.4,0,19.1,23:41,29.7,12:09,13,1.1,5.8,12:30,66,95,22:00,51,09:50,2025-05-06 19:17:18.386372,2025-05-06 19:17:18.386372
232546,136,2015-10-03,26,0,18.5,00:56,33.4,16:49,10,1.4,5.3,14:30,54,90,00:00,41,15:20,2025-05-06 19:17:18.472052,2025-05-06 19:17:18.472052
232563,136,2015-10-04,29.2,,22.7,19:04,35.6,14:09,12,1.7,5.6,11:50,53,71,18:10,33,14:00,2025-05-06 19:17:18.560183,2025-05-06 19:17:18.560183
232577,136,2015-10-05,23.1,0,18.7,20:16,27.5,02:40,20,2.2,5.3,01:30,57,88,,36,00:00,2025-05-06 19:17:18.626987,2025-05-06 19:17:18.626987
232593,136,2015-10-06,20.8,0,15.2,23:55,26.3,11:07,99,0.8,4.4,,68,100,23:59,38,06:40,2025-05-06 19:17:18.705469,2025-05-06 19:17:18.705469
232610,136,2015-10-07,19.2,0.4,14.9,23:48,23.4,11:11,34,1.9,6.1,20:00,95,100,,69,11:00,2025-05-06 19:17:18.790221,2025-05-06 19:17:18.790221
232624,136,2015-10-08,17.4,0,12.9,04:59,21.8,13:05,33,2.5,6.9,16:50,85,100,,62,11:10,2025-05-06 19:17:18.858561,2025-05-06 19:17:18.858561
232641,136,2015-10-09,18.8,0,12.9,03:48,24.7,18:05,35,2.2,6.1,11:20,76,99,,53,21:10,2025-05-06 19:17:18.921190,2025-05-06 19:17:18.921190
232658,136,2015-10-10,22.7,0,16.9,24:00,28.5,13:03,28,2.8,9.2,07:30,76,99,,57,13:00,2025-05-06 19:17:19.008109,2025-05-06 19:17:19.008109
232675,136,2015-10-11,17.4,13.6,15.1,23:53,19.7,11:07,33,1.9,7.2,11:50,100,100,,95,00:00,2025-05-06 19:17:19.091045,2025-05-06 19:17:19.091045
232692,136,2015-10-12,15.6,4.4,13.8,21:55,17.3,13:05,34,2.2,6.9,10:10,99,100,,98,13:00,2025-05-06 19:17:19.175784,2025-05-06 19:17:19.175784
232709,136,2015-10-13,17.2,0,13.9,00:01,20.6,13:08,36,1.1,5.8,14:10,78,100,,67,13:00,2025-05-06 19:17:19.257895,2025-05-06 19:17:19.257895
232725,136,2015-10-14,16.6,0,11.9,04:18,21.2,12:25,10,1.4,5,14:50,81,100,,62,11:10,2025-05-06 19:17:19.334253,2025-05-06 19:17:19.334253
232742,136,2015-10-15,18.8,1.4,13.4,00:46,24.3,12:09,99,3.1,7.2,,77,93,00:00,58,12:10,2025-05-06 19:17:19.415905,2025-05-06 19:17:19.415905
232759,136,2015-10-16,19,9,16.1,06:52,21.8,15:15,23,4.2,21.4,15:50,91,100,,55,14:20,2025-05-06 19:17:19.499351,2025-05-06 19:17:19.499351
232776,136,2015-10-17,20.2,0,14.2,06:29,26.3,15:28,27,3.3,8.6,00:40,76,91,06:20,50,16:20,2025-05-06 19:17:19.585273,2025-05-06 19:17:19.585273
232793,136,2015-10-18,19.6,0,15.2,04:53,24,16:39,28,3.1,14.2,14:00,72,100,,52,16:20,2025-05-06 19:17:19.710503,2025-05-06 19:17:19.710503
232810,136,2015-10-19,14.8,19.6,12.9,04:01,16.6,09:19,28,4.4,10.8,09:00,96,100,,81,06:20,2025-05-06 19:17:19.811264,2025-05-06 19:17:19.811264
232826,136,2015-10-20,15.8,24.2,12,07:01,19.5,10:32,28,2.5,10,02:10,97,100,,71,10:20,2025-05-06 19:17:19.901852,2025-05-06 19:17:19.901852
232843,136,2015-10-21,16.2,0.2,11.7,03:25,20.7,10:07,16,1.4,5,23:40,94,100,,75,10:10,2025-05-06 19:17:19.992885,2025-05-06 19:17:19.992885
232860,136,2015-10-22,17.3,0,12.9,00:01,21.7,09:34,12,2.5,9.4,12:20,80,99,06:30,62,17:30,2025-05-06 19:17:20.083480,2025-05-06 19:17:20.083480
232877,136,2015-10-23,19.2,7.2,14,23:20,24.5,10:07,19,1.9,7.8,05:00,79,100,,57,,2025-05-06 19:17:20.170668,2025-05-06 19:17:20.170668
232894,136,2015-10-24,17.8,6,14.1,00:09,21.4,14:59,32,1.7,5,12:20,99,100,,71,15:00,2025-05-06 19:17:20.258058,2025-05-06 19:17:20.258058
232911,136,2015-10-25,17.5,0,13.4,07:02,21.6,16:48,34,1.7,5.6,13:40,98,100,,71,16:50,2025-05-06 19:17:20.347026,2025-05-06 19:17:20.347026
232927,136,2015-10-26,16.3,0,12.9,05:24,19.7,13:02,35,1.7,6.1,12:00,92,100,,76,13:00,2025-05-06 19:17:20.424089,2025-05-06 19:17:20.424089
232944,136,2015-10-27,16.2,7.6,12.2,06:42,20.1,11:10,28,1.7,5.6,20:10,95,100,,72,11:00,2025-05-06 19:17:20.513521,2025-05-06 19:17:20.513521
232961,136,2015-10-28,16.4,14.2,12.8,06:47,20,11:43,10,1.7,7.8,21:10,99,100,,84,11:50,2025-05-06 19:17:20.596864,2025-05-06 19:17:20.596864
232973,136,2015-10-29,15.6,0,12,05:56,19.2,14:59,99,2.2,6.7,00:40,98,100,,82,15:00,2025-05-06 19:17:20.657314,2025-05-06 19:17:20.657314
232985,136,2015-10-30,16.5,8.6,11.9,02:37,21.1,13:56,26,2.8,6.9,08:40,92,100,,77,09:50,2025-05-06 19:17:20.719584,2025-05-06 19:17:20.719584
232997,136,2015-10-31,13.2,88.4,11.2,19:56,15.1,09:05,2,3.1,10.8,11:10,100,100,,99,00:00,2025-05-06 19:17:20.775164,2025-05-06 19:17:20.775164
233008,136,2015-11-01,12.6,3.2,10.1,22:45,15.2,15:07,33,1.9,6.4,02:40,97,100,,88,16:00,2025-05-06 19:17:20.825869,2025-05-06 19:17:20.825869
233022,136,2015-11-02,13,0,8.7,,17.3,12:07,34,2.5,7.2,11:40,93,100,,77,11:10,2025-05-06 19:17:20.890384,2025-05-06 19:17:20.890384
233039,136,2015-11-03,14,0,9.8,01:37,18.1,11:04,1,0.8,4.2,12:00,92,100,,74,10:10,2025-05-06 19:17:20.975256,2025-05-06 19:17:20.975256
233056,136,2015-11-04,15.6,0,9.5,01:09,21.7,11:41,11,2.5,7.5,23:50,91,100,,38,21:20,2025-05-06 19:17:21.062365,2025-05-06 19:17:21.062365
233072,136,2015-11-05,17.8,0,10.5,00:53,25,15:10,12,4.2,7.8,10:30,76,100,,57,10:10,2025-05-06 19:17:21.141441,2025-05-06 19:17:21.141441
233089,136,2015-11-06,17.4,0,10.8,04:10,24,14:11,12,3.1,8.6,07:40,90,100,,71,14:20,2025-05-06 19:17:21.226165,2025-05-06 19:17:21.226165
233106,136,2015-11-07,18.1,0,12.5,22:40,23.7,17:15,13,2.5,8.3,03:50,90,100,,32,21:20,2025-05-06 19:17:21.310246,2025-05-06 19:17:21.310246
233123,136,2015-11-08,16.8,0,11.1,01:46,22.4,11:07,13,2.2,10.6,23:59,,100,00:30,26,03:50,2025-05-06 19:17:21.395829,2025-05-06 19:17:21.395829
233140,136,2015-11-09,21,0,16.1,07:00,25.9,13:38,14,3.9,13.1,02:40,48,58,00:50,37,13:20,2025-05-06 19:17:21.483236,2025-05-06 19:17:21.483236
233157,136,2015-11-10,19.2,0,14.6,05:42,23.8,13:58,12,4.4,10.3,13:10,52,64,05:40,41,16:30,2025-05-06 19:17:21.567263,2025-05-06 19:17:21.567263
233174,136,2015-11-11,18.3,0,12.9,02:56,23.7,14:39,14,4.2,11.1,13:00,60,94,18:30,44,15:00,2025-05-06 19:17:21.651052,2025-05-06 19:17:21.651052
233191,136,2015-11-12,18.2,0,13.3,02:55,23,11:56,12,5,11.7,11:30,59,99,19:50,45,10:40,2025-05-06 19:17:21.737602,2025-05-06 19:17:21.737602
233208,136,2015-11-13,18.8,0,15.8,00:01,21.8,14:53,13,8.3,15.8,23:40,54,73,00:00,44,16:40,2025-05-06 19:17:21.821225,2025-05-06 19:17:21.821225
233225,136,2015-11-14,19.9,0,16.6,03:00,23.2,13:14,15,9.7,16.7,12:50,34,55,,30,13:00,2025-05-06 19:17:21.905211,2025-05-06 19:17:21.905211
233242,136,2015-11-15,20,0,15.4,05:30,24.6,10:48,13,6.7,12.8,02:00,37,54,06:10,31,13:00,2025-05-06 19:17:22.069860,2025-05-06 19:17:22.069860
233259,136,2015-11-16,18.2,0,12.8,23:59,23.5,09:56,13,2.5,7.8,01:00,52,92,23:59,30,10:00,2025-05-06 19:17:22.478797,2025-05-06 19:17:22.478797
233276,136,2015-11-17,16.4,0,11.7,07:51,21.1,14:14,11,1.4,8.6,14:30,88,100,,58,14:20,2025-05-06 19:17:22.593969,2025-05-06 19:17:22.593969
233293,136,2015-11-18,15.8,0,11.5,02:40,20.1,15:40,10,3.9,10,11:40,81,100,,58,17:00,2025-05-06 19:17:22.701114,2025-05-06 19:17:22.701114
233310,136,2015-11-19,17.2,0,11.8,00:12,22.7,14:55,12,3.9,8.9,,56,97,18:30,34,12:30,2025-05-06 19:17:22.799409,2025-05-06 19:17:22.799409
233327,136,2015-11-20,16.8,0,11.1,06:50,22.5,13:54,11,3.3,7.2,14:50,90,,,,,2025-05-06 19:17:22.894705,2025-05-06 19:17:22.894705
233344,136,2015-11-21,13.8,0.2,11.2,00:43,16.4,13:39,4,1.7,6.1,19:40,92,100,,78,12:30,2025-05-06 19:17:23.077875,2025-05-06 19:17:23.077875
233360,136,2015-11-22,12.3,29.8,10.2,21:24,14.4,12:12,4,3.9,12.2,10:20,100,100,,89,00:00,2025-05-06 19:17:23.185790,2025-05-06 19:17:23.185790
233374,136,2015-11-23,11.6,4.4,9.5,06:22,13.6,13:55,36,3.6,13.9,12:40,96,100,,80,11:40,2025-05-06 19:17:23.263373,2025-05-06 19:17:23.263373
233391,136,2015-11-24,11.2,1,8.9,05:53,13.4,12:44,3,3.1,10.8,11:40,97,100,,89,09:00,2025-05-06 19:17:23.346503,2025-05-06 19:17:23.346503
233408,136,2015-11-25,12.2,0,9.7,22:59,14.8,10:45,10,2.5,9.2,03:20,94,100,,78,12:20,2025-05-06 19:17:23.429642,2025-05-06 19:17:23.429642
233424,136,2015-11-26,14.1,0.8,10,00:07,18.2,11:10,14,2.8,7.8,02:40,92,100,,69,11:10,2025-05-06 19:17:23.508450,2025-05-06 19:17:23.508450
233440,136,2015-11-27,13,1.8,10.5,02:05,15.6,12:26,36,2.2,7.2,14:30,95,100,,85,12:50,2025-05-06 19:17:23.592003,2025-05-06 19:17:23.592003
233456,136,2015-11-28,14.1,0,11.1,02:16,17.1,13:49,12,2.8,8.1,10:40,97,100,,80,13:50,2025-05-06 19:17:23.670630,2025-05-06 19:17:23.670630
233472,136,2015-11-29,11.8,0,9.1,21:52,14.4,13:12,13,3.6,8.3,11:10,100,100,,67,23:20,2025-05-06 19:17:23.751606,2025-05-06 19:17:23.751606
233485,136,2015-11-30,17.7,0,11.1,05:54,24.3,15:15,13,1.7,7.5,11:30,50,86,02:10,30,10:00,2025-05-06 19:17:23.815790,2025-05-06 19:17:23.815790
233500,136,2015-12-01,17.6,0,13.1,23:46,22.2,10:50,14,1.7,8.9,09:30,47,75,16:50,30,00:00,2025-05-06 19:17:23.890123,2025-05-06 19:17:23.890123
233514,136,2015-12-02,16.4,0,11.4,06:59,21.3,15:05,16,4.4,12.5,09:50,65,90,08:00,45,15:20,2025-05-06 19:17:23.964488,2025-05-06 19:17:23.964488
233529,136,2015-12-03,16.1,0,10.3,06:29,21.9,15:33,12,4.2,7.8,14:30,53,64,07:30,35,22:50,2025-05-06 19:17:24.042506,2025-05-06 19:17:24.042506
233545,136,2015-12-04,16.6,0,11.3,00:01,21.8,14:35,99,5,9.7,,42,59,17:50,25,23:40,2025-05-06 19:17:24.126161,2025-05-06 19:17:24.126161
233561,136,2015-12-05,16.4,0,13.5,19:57,19.3,12:55,13,7.8,14.4,10:20,29,41,04:00,26,00:00,2025-05-06 19:17:24.214105,2025-05-06 19:17:24.214105
233577,136,2015-12-06,18.2,0,13.7,23:42,22.6,13:34,12,4.4,14.4,07:40,44,68,17:50,27,09:50,2025-05-06 19:17:24.304725,2025-05-06 19:17:24.304725
233593,136,2015-12-07,16.1,0,12.3,21:46,19.9,12:09,14,2.2,10.6,04:10,50,72,18:20,32,00:00,2025-05-06 19:17:24.392486,2025-05-06 19:17:24.392486
233609,136,2015-12-08,16.1,0,11.4,21:38,20.8,15:11,14,4.4,9.4,23:30,44,81,10:50,34,03:40,2025-05-06 19:17:24.473306,2025-05-06 19:17:24.473306
233625,136,2015-12-09,15,0,10.4,19:46,19.7,14:38,12,5.8,13.9,11:00,77,96,07:30,44,16:10,2025-05-06 19:17:24.562159,2025-05-06 19:17:24.562159
233639,136,2015-12-10,13.9,0,8.5,20:08,19.3,15:26,99,4.4,10.8,,70,95,,42,15:30,2025-05-06 19:17:24.654739,2025-05-06 19:17:24.654739
233656,136,2015-12-11,14.4,0,8.9,03:17,19.8,13:39,14,3.3,10.8,08:50,79,96,,51,23:40,2025-05-06 19:17:24.758315,2025-05-06 19:17:24.758315
233673,136,2015-12-12,15,0,9.2,05:24,20.7,13:20,14,3.6,7.2,12:20,49,66,19:50,36,11:20,2025-05-06 19:17:24.856443,2025-05-06 19:17:24.856443
233688,136,2015-12-13,15.2,0,10,02:06,20.4,12:00,14,1.1,6.7,00:20,46,65,17:50,24,22:00,2025-05-06 19:17:24.942160,2025-05-06 19:17:24.942160
233703,136,2015-12-14,17.3,0,13.2,00:01,21.4,11:59,33,0.8,3.9,14:30,29,44,20:20,21,10:40,2025-05-06 19:17:25.025856,2025-05-06 19:17:25.025856
233721,136,2015-12-15,19.9,,14.2,02:40,25.6,12:46,14,,8.3,23:59,,41,16:00,21,07:00,2025-05-06 19:17:25.132295,2025-05-06 19:17:25.132295
233739,136,2015-12-16,19.5,0,14.6,07:40,24.4,12:28,14,2.5,13.6,03:10,34,47,18:10,25,,2025-05-06 19:17:25.230973,2025-05-06 19:17:25.230973
233754,136,2015-12-17,19.2,,12.8,19:54,25.6,15:22,14,2.5,10.3,21:10,43,63,17:50,23,10:50,2025-05-06 19:17:25.307352,2025-05-06 19:17:25.307352
233769,136,2015-12-18,19.8,0,13.6,02:18,25.9,15:37,12,1.4,8.1,07:30,35,51,,23,23:30,2025-05-06 19:17:25.385518,2025-05-06 19:17:25.385518
233787,136,2015-12-19,18.3,,12.8,19:47,23.8,14:28,12,3.1,6.4,12:00,45,78,18:30,26,05:30,2025-05-06 19:17:25.485297,2025-05-06 19:17:25.485297
233805,136,2015-12-20,15.6,25.4,10.4,06:21,20.7,12:48,2,1.7,11.4,22:50,82,100,,31,00:00,2025-05-06 19:17:25.580670,2025-05-06 19:17:25.580670
233823,136,2015-12-21,11.2,30,10.2,23:59,12.3,12:17,2,3.1,11.7,00:50,100,100,,100,,2025-05-06 19:17:25.673675,2025-05-06 19:17:25.673675
233839,136,2015-12-22,14.2,0,9.3,04:38,19,15:15,12,4.7,12.8,04:30,64,100,,43,12:40,2025-05-06 19:17:25.761082,2025-05-06 19:17:25.761082
233856,136,2015-12-23,14.6,0,9.4,19:57,19.9,15:31,13,4.4,12.8,03:20,59,78,19:40,43,15:40,2025-05-06 19:17:25.847193,2025-05-06 19:17:25.847193
233874,136,2015-12-24,13.6,0,9.2,04:04,18,12:48,11,5.3,11.9,23:50,56,65,09:10,45,15:40,2025-05-06 19:17:25.937032,2025-05-06 19:17:25.937032
233892,136,2015-12-25,15,0,9.9,06:48,20,14:28,13,5,18.6,22:00,49,91,03:40,34,16:00,2025-05-06 19:17:26.026339,2025-05-06 19:17:26.026339
233910,136,2015-12-26,16.2,0,12.1,22:02,20.2,15:07,16,5,23.1,11:40,35,45,08:10,29,21:40,2025-05-06 19:17:26.125416,2025-05-06 19:17:26.125416
233928,136,2015-12-27,15.1,0,9.7,23:33,20.5,14:43,15,2.5,10,03:50,60,100,,31,02:10,2025-05-06 19:17:26.218648,2025-05-06 19:17:26.218648
233946,136,2015-12-28,12.2,1.6,8.8,06:37,15.6,13:52,13,2.5,7.2,21:30,97,100,,79,10:20,2025-05-06 19:17:26.309154,2025-05-06 19:17:26.309154
233964,136,2015-12-29,13.5,0,7.6,05:28,19.4,13:04,11,6.1,10.6,13:50,53,100,,39,16:20,2025-05-06 19:17:26.398271,2025-05-06 19:17:26.398271
233981,136,2015-12-30,14.9,0,9,23:06,20.8,15:44,14,3.6,8.9,05:50,55,80,18:20,34,10:10,2025-05-06 19:17:26.482323,2025-05-06 19:17:26.482323
233999,136,2015-12-31,15.5,0,8.3,05:43,22.7,15:23,11,3.3,7.2,,76,100,08:00,43,,2025-05-06 19:17:26.568597,2025-05-06 19:17:26.568597
234017,136,2016-01-01,15.3,0,9.2,22:18,21.4,14:31,99,0.8,7.8,02:40,65,97,18:40,33,,2025-05-06 19:17:26.657215,2025-05-06 19:17:26.657215
234033,136,2016-01-02,16.6,0,9.9,00:17,23.2,15:37,99,2.8,6.4,,55,91,23:20,35,11:10,2025-05-06 19:17:26.735205,2025-05-06 19:17:26.735205
234051,136,2016-01-03,15.2,0,9.8,07:13,20.7,10:46,13,1.7,6.1,10:00,58,82,13:50,34,19:20,2025-05-06 19:17:26.822840,2025-05-06 19:17:26.822840
234068,136,2016-01-04,13.4,,7.8,06:56,18.9,14:24,28,1.7,6.1,20:20,76,100,,26,04:00,2025-05-06 19:17:26.904018,2025-05-06 19:17:26.904018
234085,136,2016-01-05,13.1,18.6,10.4,22:26,15.8,12:44,36,3.9,11.9,19:20,98,100,,84,15:00,2025-05-06 19:17:26.985674,2025-05-06 19:17:26.985674
234103,136,2016-01-06,11.8,0,8.5,05:15,15.1,12:43,3,1.7,6.4,00:40,90,100,,73,14:30,2025-05-06 19:17:27.070101,2025-05-06 19:17:27.070101
234121,136,2016-01-07,12.4,0,8.9,23:54,16,14:19,13,2.5,8.6,10:30,93,100,,79,10:30,2025-05-06 19:17:27.157595,2025-05-06 19:17:27.157595
234139,136,2016-01-08,12.7,0.2,8.3,00:49,17.1,12:44,14,1.7,7.5,00:10,91,100,,79,12:50,2025-05-06 19:17:27.247919,2025-05-06 19:17:27.247919
234157,136,2016-01-09,12.8,0.2,9.7,00:40,16,10:32,30,1.9,5.8,02:40,95,100,,76,02:30,2025-05-06 19:17:27.333865,2025-05-06 19:17:27.333865
234175,136,2016-01-10,13.2,0.4,8.5,06:21,17.8,11:09,13,0.8,4.7,00:10,97,100,,75,11:00,2025-05-06 19:17:27.422906,2025-05-06 19:17:27.422906
234193,136,2016-01-11,14.4,0.2,9.5,,19.2,12:46,12,2.5,6.7,10:40,86,100,,68,11:20,2025-05-06 19:18:29.956347,2025-05-06 19:18:29.956347
234211,136,2016-01-12,15.9,0,9.1,00:48,22.7,16:30,12,4.7,10.8,06:40,82,100,,44,23:59,2025-05-06 19:18:30.060480,2025-05-06 19:18:30.060480
234229,136,2016-01-13,17.8,0,11.9,01:13,23.7,16:15,14,1.1,10.8,22:20,52,72,18:10,36,10:40,2025-05-06 19:18:30.149050,2025-05-06 19:18:30.149050
234247,136,2016-01-14,20,0,13.7,07:31,26.3,16:16,14,1.9,10.3,02:30,40,53,18:40,26,03:50,2025-05-06 19:18:30.245360,2025-05-06 19:18:30.245360
234265,136,2016-01-15,18.4,,14.4,22:31,22.3,13:28,12,5.8,11.4,10:50,37,46,17:50,30,02:10,2025-05-06 19:18:30.339086,2025-05-06 19:18:30.339086
234278,136,2016-01-16,19.6,,14.8,07:35,24.4,12:29,12,3.6,8.1,12:20,48,62,09:00,11,23:30,2025-05-06 19:18:30.406151,2025-05-06 19:18:30.406151
234292,136,2016-01-17,16.6,0,11.3,,22,13:46,26,1.7,6.1,06:20,,48,12:40,1,02:50,2025-05-06 19:18:30.473835,2025-05-06 19:18:30.473835
234309,136,2016-01-18,14.9,0,9.9,07:52,19.9,11:07,12,1.7,5.3,00:10,93,100,,24,00:00,2025-05-06 19:18:30.568051,2025-05-06 19:18:30.568051
234327,136,2016-01-19,13.4,0,9.1,22:45,17.6,16:21,11,0.8,5,21:20,69,100,,10,09:00,2025-05-06 19:18:30.676874,2025-05-06 19:18:30.676874
234345,136,2016-01-20,13.8,0,6.7,06:15,20.9,14:39,9,3.1,7.8,16:10,79,100,,28,19:50,2025-05-06 19:18:30.786342,2025-05-06 19:18:30.786342
234361,136,2016-01-21,14.7,0,7.8,01:41,21.6,16:20,11,3.3,6.9,09:50,63,100,,50,17:10,2025-05-06 19:18:30.882477,2025-05-06 19:18:30.882477
234378,136,2016-01-22,15.4,0,10.7,23:21,20.1,15:39,14,3.6,9.4,04:20,89,100,,69,15:40,2025-05-06 19:18:30.976022,2025-05-06 19:18:30.976022
234394,136,2016-01-23,16.7,0,9.4,07:09,24,16:20,16,3.6,9.4,21:00,68,100,,26,21:20,2025-05-06 19:18:31.063644,2025-05-06 19:18:31.063644
234411,136,2016-01-24,16.8,0,10.7,22:51,23,15:39,14,1.1,14.7,02:40,45,75,18:50,27,00:00,2025-05-06 19:18:31.149412,2025-05-06 19:18:31.149412
234428,136,2016-01-25,15.2,0,9.2,19:43,21.1,15:22,99,5.3,10,02:50,44,75,18:20,28,13:00,2025-05-06 19:18:31.233965,2025-05-06 19:18:31.233965
234446,136,2016-01-26,15.8,0,10,23:44,21.5,14:00,12,6.1,13.9,10:30,42,85,19:10,31,14:30,2025-05-06 19:18:31.322224,2025-05-06 19:18:31.322224
234464,136,2016-01-27,15.7,0,9.4,01:53,22,,13,3.6,11.4,06:40,48,98,20:10,32,11:10,2025-05-06 19:18:31.438483,2025-05-06 19:18:31.438483
234482,136,2016-01-28,14,0.2,8.8,01:59,19.1,14:01,13,3.1,7.5,23:00,81,100,,42,00:00,2025-05-06 19:18:31.541074,2025-05-06 19:18:31.541074
234500,136,2016-01-29,12.8,0.8,9.3,07:39,16.2,12:56,12,3.3,8.3,15:40,85,100,,66,13:00,2025-05-06 19:18:31.636977,2025-05-06 19:18:31.636977
234518,136,2016-01-30,12.3,0.6,9.8,23:29,14.8,13:51,12,2.5,8.6,02:00,97,100,,89,13:10,2025-05-06 19:18:31.706539,2025-05-06 19:18:31.706539
234536,136,2016-01-31,12.9,0,8.1,20:59,17.7,14:40,13,5,10.6,10:10,93,100,,37,23:40,2025-05-06 19:18:31.778571,2025-05-06 19:18:31.778571
234554,136,2016-02-01,15,0,9.1,04:16,20.8,16:17,14,3.6,12.2,07:10,55,88,04:30,31,22:10,2025-05-06 19:18:31.853306,2025-05-06 19:18:31.853306
234572,136,2016-02-02,15.6,0,9.6,02:41,21.7,14:53,10,1.9,6.7,20:10,56,88,18:20,31,06:40,2025-05-06 19:18:31.946248,2025-05-06 19:18:31.946248
234590,136,2016-02-03,14.8,0,8,06:58,21.7,14:48,12,3.1,7.2,10:40,77,100,,41,04:40,2025-05-06 19:18:32.042965,2025-05-06 19:18:32.042965
234608,136,2016-02-04,15.6,0,9.1,04:17,22.2,15:00,11,2.2,6.9,09:00,81,100,,31,22:20,2025-05-06 19:18:32.139840,2025-05-06 19:18:32.139840
234626,136,2016-02-05,14.4,0,8.1,08:09,20.8,11:22,10,1.4,6.4,11:50,83,100,22:00,37,01:00,2025-05-06 19:18:32.231426,2025-05-06 19:18:32.231426
234644,136,2016-02-06,14.4,0,8.7,04:48,20,13:09,13,2.2,6.1,07:40,79,100,,49,05:30,2025-05-06 19:18:32.324377,2025-05-06 19:18:32.324377
234662,136,2016-02-07,15.6,0,8.6,07:33,22.7,14:40,99,5,7.2,,75,96,07:50,39,04:10,2025-05-06 19:18:32.401575,2025-05-06 19:18:32.401575
234680,136,2016-02-08,15.9,0,8.2,07:46,23.6,12:19,12,2.2,6.4,10:30,69,99,22:00,27,23:50,2025-05-06 19:18:32.470156,2025-05-06 19:18:32.470156
234698,136,2016-02-09,15,0,9.2,08:09,20.7,11:40,12,2.8,6.9,20:40,78,100,,16,05:20,2025-05-06 19:18:32.528923,2025-05-06 19:18:32.528923
234716,136,2016-02-10,13.8,0,9.8,19:17,17.7,14:22,13,2.8,8.6,06:20,86,100,,71,17:00,2025-05-06 19:18:32.603523,2025-05-06 19:18:32.603523
234734,136,2016-02-11,12.6,4.8,9.8,07:48,15.4,13:06,36,2.2,7.8,23:40,90,100,,75,13:00,2025-05-06 19:18:32.690874,2025-05-06 19:18:32.690874
234752,136,2016-02-12,11.6,5.2,9.4,21:20,13.8,17:59,35,1.9,7.8,00:10,96,100,,71,23:20,2025-05-06 19:18:32.776423,2025-05-06 19:18:32.776423
234770,136,2016-02-13,14.2,3.7,8.7,04:55,19.6,14:45,99,1.1,5.3,,90,100,,69,15:10,2025-05-06 19:18:32.864005,2025-05-06 19:18:32.864005
234787,136,2016-02-14,11.8,8.6,9.9,06:24,13.8,14:08,1,2.8,10.8,19:10,100,100,,100,,2025-05-06 19:18:32.950285,2025-05-06 19:18:32.950285
234804,136,2016-02-15,9.6,3.4,8.2,19:25,11.1,14:05,36,4.2,12.2,21:50,100,100,,97,17:10,2025-05-06 19:18:33.039612,2025-05-06 19:18:33.039612
234821,136,2016-02-16,9.2,3.6,7.3,06:51,11.2,14:15,34,3.3,14.2,03:00,94,100,,81,15:30,2025-05-06 19:18:33.129836,2025-05-06 19:18:33.129836
234839,136,2016-02-17,10.6,0.2,7.5,06:27,13.8,13:39,3,2.2,8.3,03:50,85,98,21:20,68,13:40,2025-05-06 19:18:33.210502,2025-05-06 19:18:33.210502
234857,136,2016-02-18,8.4,48,5.2,20:25,11.6,09:40,35,7.8,20.3,20:30,100,100,,89,09:40,2025-05-06 19:18:33.298317,2025-05-06 19:18:33.298317
234875,136,2016-02-19,6,43.6,4.4,07:34,7.5,12:50,34,6.4,15.3,03:30,100,100,,97,14:40,2025-05-06 19:18:33.391992,2025-05-06 19:18:33.391992
234892,136,2016-02-20,7.2,17.4,4.7,01:12,9.7,13:37,33,5.3,16.4,08:00,100,100,,100,,2025-05-06 19:18:33.482236,2025-05-06 19:18:33.482236
234909,136,2016-02-21,10.8,0,6.9,03:33,14.6,14:31,29,4.4,12.5,07:10,90,100,,70,,2025-05-06 19:18:33.574004,2025-05-06 19:18:33.574004
234926,136,2016-02-22,11.1,0,6.6,02:11,15.6,15:37,34,2.2,6.1,15:40,87,100,,60,18:20,2025-05-06 19:18:33.656001,2025-05-06 19:18:33.656001
234943,136,2016-02-23,12.9,0,7.6,,18.2,15:10,8,1.9,6.4,12:50,89,100,,65,15:10,2025-05-06 19:18:33.742959,2025-05-06 19:18:33.742959
234961,136,2016-02-24,11.8,0,8.4,04:14,15.1,14:55,35,1.4,6.4,13:30,91,100,,74,15:00,2025-05-06 19:18:33.838607,2025-05-06 19:18:33.838607
234979,136,2016-02-25,13.4,0,8.5,06:03,18.2,14:45,10,3.1,7.2,14:40,83,100,,61,14:30,2025-05-06 19:18:33.924659,2025-05-06 19:18:33.924659
234997,136,2016-02-26,10.6,5,8.2,,12.9,17:18,28,2.5,8.6,23:50,94,100,,77,17:20,2025-05-06 19:18:34.014192,2025-05-06 19:18:34.014192
235015,136,2016-02-27,9.2,13,8.2,20:19,10.3,14:17,33,5.6,13.6,09:40,100,100,,97,00:00,2025-05-06 19:18:34.104811,2025-05-06 19:18:34.104811
235033,136,2016-02-28,9.6,35.6,8.3,00:02,10.8,13:01,35,6.9,14.7,14:20,100,100,,100,,2025-05-06 19:18:34.196983,2025-05-06 19:18:34.196983
235051,136,2016-02-29,9.3,7.8,7.2,,11.4,14:10,2,2.2,8.6,01:20,99,100,,97,12:30,2025-05-06 19:18:34.287462,2025-05-06 19:18:34.287462
235068,136,2016-03-01,9.4,0.8,7.1,08:10,11.8,15:25,14,2.5,10.3,23:59,98,100,,92,15:40,2025-05-06 19:18:34.371484,2025-05-06 19:18:34.371484
235085,136,2016-03-02,15.4,0,8.6,,22.3,13:08,14,6.7,14.4,03:50,43,100,00:00,28,18:30,2025-05-06 19:18:34.454670,2025-05-06 19:18:34.454670
235103,136,2016-03-03,15.4,0,8.6,24:00,22.1,10:55,15,2.5,6.4,03:50,49,90,23:59,12,21:40,2025-05-06 19:18:34.543254,2025-05-06 19:18:34.543254
235120,136,2016-03-04,12.4,0,7.2,06:13,17.6,10:47,35,1.7,6.1,15:20,91,100,,62,10:50,2025-05-06 19:18:34.630572,2025-05-06 19:18:34.630572
235138,136,2016-03-05,11.4,2.2,8.6,,14.2,14:23,36,2.5,7.5,10:20,92,100,,69,14:30,2025-05-06 19:18:34.717485,2025-05-06 19:18:34.717485
235155,136,2016-03-06,9.2,7.2,7.3,22:36,11.2,12:53,35,3.1,9.4,22:30,95,100,,84,13:00,2025-05-06 19:18:34.802373,2025-05-06 19:18:34.802373
235172,136,2016-03-07,8.8,5.8,7,07:19,10.5,11:48,1,3.1,10.8,09:30,99,100,,94,14:40,2025-05-06 19:18:34.895702,2025-05-06 19:18:34.895702
235190,136,2016-03-08,8.9,8.8,7.1,02:18,10.7,14:41,2,3.1,11.7,08:10,100,100,,90,14:50,2025-05-06 19:18:34.997419,2025-05-06 19:18:34.997419
235208,136,2016-03-09,9.5,1.4,7.3,01:03,11.7,15:58,36,2.5,8.9,03:20,98,100,,90,15:40,2025-05-06 19:18:35.103288,2025-05-06 19:18:35.103288
235225,136,2016-03-10,11.2,2,8.3,06:19,14,11:54,2,1.9,8.6,22:00,96,100,,78,12:00,2025-05-06 19:18:35.193211,2025-05-06 19:18:35.193211
235242,136,2016-03-11,9.8,1.2,7.7,04:32,12,14:27,34,1.7,7.5,01:30,100,100,,98,14:30,2025-05-06 19:18:35.289319,2025-05-06 19:18:35.289319
235259,136,2016-03-12,11.8,0,6.7,04:27,16.8,14:09,12,3.1,9.2,09:20,89,100,,70,14:20,2025-05-06 19:18:35.383093,2025-05-06 19:18:35.383093
235276,136,2016-03-13,13.9,0,7.4,06:59,20.4,14:50,12,1.9,6.7,10:20,87,100,,59,15:00,2025-05-06 19:18:35.467211,2025-05-06 19:18:35.467211
235293,136,2016-03-14,12.7,0,6.8,07:15,18.6,14:10,10,2.2,8.6,10:30,86,100,,66,11:10,2025-05-06 19:18:35.557181,2025-05-06 19:18:35.557181
235311,136,2016-03-15,14,0,6.6,04:14,21.3,17:24,12,2.8,8.3,06:50,78,100,,45,23:40,2025-05-06 19:18:35.655566,2025-05-06 19:18:35.655566
235329,136,2016-03-16,17.3,0,10.2,00:29,24.4,17:59,10,3.1,7.2,12:00,49,70,19:10,25,22:00,2025-05-06 19:18:35.751089,2025-05-06 19:18:35.751089
235346,136,2016-03-17,19.6,0,13.2,22:41,25.9,10:40,11,1.4,5.3,10:50,46,94,20:10,18,07:00,2025-05-06 19:18:35.836885,2025-05-06 19:18:35.836885
235363,136,2016-03-18,14,1.2,8.5,07:26,19.4,11:44,8,0.8,5.3,12:40,71,98,22:40,18,00:00,2025-05-06 19:18:35.923177,2025-05-06 19:18:35.923177
235381,136,2016-03-19,11.6,2.4,9.2,23:46,14.1,16:03,1,2.8,7.5,12:40,92,100,,71,16:50,2025-05-06 19:18:36.013600,2025-05-06 19:18:36.013600
235399,136,2016-03-20,9.5,9,6.2,03:38,12.8,13:03,32,3.9,9.2,23:10,95,100,,87,12:40,2025-05-06 19:18:36.082481,2025-05-06 19:18:36.082481
235416,136,2016-03-21,10,0.2,7,03:37,12.9,12:46,34,5.3,11.1,12:30,87,100,,66,12:50,2025-05-06 19:18:36.154379,2025-05-06 19:18:36.154379
235433,136,2016-03-22,10.4,0,7.7,07:10,13.2,10:58,28,4.4,10.3,16:50,90,100,,78,16:40,2025-05-06 19:18:36.238606,2025-05-06 19:18:36.238606
235450,136,2016-03-23,10.7,9.2,8,01:12,13.4,12:41,34,6.9,14.7,18:20,93,100,,84,12:40,2025-05-06 19:18:36.327570,2025-05-06 19:18:36.327570
235467,136,2016-03-24,8.8,0.6,5.9,04:43,11.7,14:23,34,5.3,13.1,05:50,97,100,,82,16:00,2025-05-06 19:18:36.414790,2025-05-06 19:18:36.414790
235484,136,2016-03-25,10.4,0,7,00:02,13.9,12:39,12,3.9,8.9,07:00,88,100,,78,13:20,2025-05-06 19:18:36.496591,2025-05-06 19:18:36.496591
235501,136,2016-03-26,12.8,0,7.6,,18,12:26,13,1.9,6.7,08:30,89,100,,70,12:10,2025-05-06 19:18:36.571480,2025-05-06 19:18:36.571480
235518,136,2016-03-27,12.4,0.2,7.3,06:25,17.6,11:00,16,1.1,5.6,23:50,80,99,,61,11:20,2025-05-06 19:18:36.628494,2025-05-06 19:18:36.628494
235535,136,2016-03-28,12.5,0,9.1,,15.9,10:42,13,2.2,8.9,07:30,92,100,,76,10:50,2025-05-06 19:18:36.706807,2025-05-06 19:18:36.706807
235553,136,2016-03-29,13.2,0,7.5,23:13,18.9,13:09,11,1.9,7.5,10:10,87,100,,66,13:00,2025-05-06 19:18:36.790724,2025-05-06 19:18:36.790724
235571,136,2016-03-30,12.6,17.6,7.2,20:14,18,14:01,32,4.7,12.2,16:20,81,100,,51,14:00,2025-05-06 19:18:36.871797,2025-05-06 19:18:36.871797
235589,136,2016-03-31,8.6,17.4,6.9,23:28,10.3,09:09,36,5.3,13.6,11:40,100,100,,100,,2025-05-06 19:18:36.953086,2025-05-06 19:18:36.953086
235607,136,2016-04-01,8.8,1.2,6.5,03:16,11,13:37,1,2.2,7.5,01:20,100,100,,98,15:50,2025-05-06 19:18:37.028222,2025-05-06 19:18:37.028222
235625,136,2016-04-02,10.6,0.6,7.5,,13.8,16:07,34,3.9,7.8,07:00,91,100,,72,15:40,2025-05-06 19:18:37.114109,2025-05-06 19:18:37.114109
235643,136,2016-04-03,12.4,2.2,7.7,01:29,17,13:42,36,3.3,10,17:50,92,100,,70,13:20,2025-05-06 19:18:37.173556,2025-05-06 19:18:37.173556
235661,136,2016-04-04,12,8.2,9,03:57,15.1,13:30,99,4.2,10,,96,100,,81,15:50,2025-05-06 19:18:37.236850,2025-05-06 19:18:37.236850
235679,136,2016-04-05,12,24,10.3,,13.7,11:00,33,5.3,11.4,01:50,100,100,,100,,2025-05-06 19:18:37.298667,2025-05-06 19:18:37.298667
235697,136,2016-04-06,11.2,32.6,10,04:13,12.3,12:42,36,6.4,15.3,03:20,100,100,,100,,2025-05-06 19:18:37.359746,2025-05-06 19:18:37.359746
235714,136,2016-04-07,10.2,7.8,8.8,20:09,11.6,13:15,34,3.9,13.3,22:50,100,100,,100,,2025-05-06 19:18:37.433764,2025-05-06 19:18:37.433764
235732,136,2016-04-08,10.6,0.4,8.6,02:27,12.5,13:03,1,4.2,10.3,01:30,100,100,,100,,2025-05-06 19:18:37.519706,2025-05-06 19:18:37.519706
235750,136,2016-04-09,12.2,0.2,8.2,05:00,16.1,14:25,36,1.9,6.1,00:30,87,100,,65,15:30,2025-05-06 19:18:37.611120,2025-05-06 19:18:37.611120
235768,136,2016-04-10,11.8,0.8,8.2,07:01,15.5,15:09,34,3.6,8.9,,85,100,,70,14:00,2025-05-06 19:18:37.698723,2025-05-06 19:18:37.698723
235786,136,2016-04-11,11.1,0.2,8.3,03:15,13.9,10:13,26,2.2,7.8,06:40,95,100,,85,14:20,2025-05-06 19:18:37.789037,2025-05-06 19:18:37.789037
235804,136,2016-04-12,11.8,0,7.3,00:46,16.2,11:55,36,1.7,5,11:50,79,100,,64,10:20,2025-05-06 19:18:37.883480,2025-05-06 19:18:37.883480
235822,136,2016-04-13,12.4,0,8.1,05:00,16.8,08:31,33,1.4,4.7,11:40,89,100,,58,08:20,2025-05-06 19:18:37.985691,2025-05-06 19:18:37.985691
235840,136,2016-04-14,14.2,0,8.4,00:01,20,10:59,13,1.1,6.4,23:59,92,100,,62,10:40,2025-05-06 19:18:38.087160,2025-05-06 19:18:38.087160
235858,136,2016-04-15,14.7,0,7.7,05:31,21.7,15:57,12,1.1,6.1,00:20,81,100,,39,02:00,2025-05-06 19:18:38.179932,2025-05-06 19:18:38.179932
235876,136,2016-04-16,15.3,0,8.6,02:33,22,10:43,12,1.1,5.6,02:00,84,100,,58,10:10,2025-05-06 19:18:38.272336,2025-05-06 19:18:38.272336
235894,136,2016-04-17,15,0,9.6,05:47,20.4,11:02,13,1.7,5.6,05:10,94,100,,69,09:20,2025-05-06 19:18:38.369526,2025-05-06 19:18:38.369526
235912,136,2016-04-18,15,0.4,9.5,22:34,20.4,10:18,26,2.5,15,06:30,92,100,,72,04:10,2025-05-06 19:18:38.460447,2025-05-06 19:18:38.460447
235930,136,2016-04-19,13.4,1.4,8,23:57,18.7,10:32,34,2.8,8.1,12:40,93,100,,56,08:10,2025-05-06 19:18:38.560136,2025-05-06 19:18:38.560136
235948,136,2016-04-20,12.8,1,7.1,03:14,18.4,09:32,34,1.4,5.8,10:50,97,100,,77,10:00,2025-05-06 19:18:38.662485,2025-05-06 19:18:38.662485
235966,136,2016-04-21,14.2,0,6.6,02:53,21.8,17:13,12,1.4,6.4,11:40,82,100,,27,23:59,2025-05-06 19:18:38.759265,2025-05-06 19:18:38.759265
235984,136,2016-04-22,17.6,1.2,13,06:26,22.2,11:31,32,2.2,6.4,23:50,80,100,,24,00:00,2025-05-06 19:18:38.848255,2025-05-06 19:18:38.848255
236002,136,2016-04-23,14.6,0.2,10.5,05:37,18.8,14:28,28,3.1,6.9,04:40,87,100,,76,14:30,2025-05-06 19:18:38.934276,2025-05-06 19:18:38.934276
236020,136,2016-04-24,13.8,0.2,9.4,07:03,18.3,15:03,35,1.9,6.1,13:20,85,100,,73,12:30,2025-05-06 19:18:39.022105,2025-05-06 19:18:39.022105
236038,136,2016-04-25,13.2,0,9.6,,16.8,14:40,99,2.8,6.4,,90,100,,71,14:40,2025-05-06 19:18:39.117497,2025-05-06 19:18:39.117497
236056,136,2016-04-26,13,0,9.2,04:47,16.9,14:24,32,2.5,6.1,12:40,83,100,,72,14:40,2025-05-06 19:18:39.226348,2025-05-06 19:18:39.226348
236074,136,2016-04-27,15.2,0,9.2,03:00,21.1,12:58,28,1.9,6.1,00:30,83,100,,59,13:00,2025-05-06 19:18:39.344578,2025-05-06 19:18:39.344578
236092,136,2016-04-28,13.8,0,7.7,06:32,20,09:52,12,1.1,4.2,13:20,65,100,,27,07:20,2025-05-06 19:18:39.449608,2025-05-06 19:18:39.449608
236110,136,2016-04-29,14.6,0,9.8,,19.3,10:52,4,2.2,6.7,11:30,84,100,,65,11:00,2025-05-06 19:18:39.551258,2025-05-06 19:18:39.551258
236128,136,2016-04-30,13.9,1.6,10.4,23:37,17.4,14:00,3,2.2,8.3,07:50,91,100,,72,13:30,2025-05-06 19:18:39.652084,2025-05-06 19:18:39.652084
236146,136,2016-05-01,11.5,0.4,9.7,04:55,13.3,11:39,36,1.9,7.5,06:20,98,100,,88,,2025-05-06 19:18:39.783631,2025-05-06 19:18:39.783631
236164,136,2016-05-02,14.1,0.2,9.8,23:41,18.4,15:26,36,2.5,6.7,03:50,86,100,,68,16:40,2025-05-06 19:18:39.884585,2025-05-06 19:18:39.884585
236182,136,2016-05-03,13.4,0,9.1,02:18,17.7,12:06,34,3.3,8.6,12:20,89,100,,73,11:40,2025-05-06 19:18:39.981211,2025-05-06 19:18:39.981211
236200,136,2016-05-04,13.6,0,9.5,01:23,17.8,11:29,32,1.4,5.3,04:10,92,100,,73,11:30,2025-05-06 19:18:40.080562,2025-05-06 19:18:40.080562
236218,136,2016-05-05,13.1,1.4,10.2,22:41,16,12:15,27,3.6,9.7,04:40,98,100,,86,12:20,2025-05-06 19:18:40.180104,2025-05-06 19:18:40.180104
236236,136,2016-05-06,12.2,0,8.9,22:17,15.4,14:08,29,4.4,8.9,23:30,93,100,,80,14:20,2025-05-06 19:18:40.282210,2025-05-06 19:18:40.282210
236253,136,2016-05-07,14.4,0,8.8,04:21,20.1,18:00,28,3.1,8.6,,82,100,,65,18:00,2025-05-06 19:18:40.381623,2025-05-06 19:18:40.381623
236270,136,2016-05-08,16.3,6,9.3,01:53,23.3,15:40,23,1.9,16.4,14:20,74,100,,56,15:40,2025-05-06 19:18:40.467884,2025-05-06 19:18:40.467884
236287,136,2016-05-09,14.9,0,10.3,06:47,19.5,16:42,24,1.7,11.4,17:00,94,100,,64,16:50,2025-05-06 19:18:40.550423,2025-05-06 19:18:40.550423
236304,136,2016-05-10,16,0,10.3,03:57,21.8,14:04,27,3.3,11.7,00:50,70,100,,55,15:10,2025-05-06 19:18:40.620610,2025-05-06 19:18:40.620610
236320,136,2016-05-11,13,2.6,9.2,01:19,16.8,09:54,28,1.7,6.4,02:40,94,100,,73,08:30,2025-05-06 19:18:40.684532,2025-05-06 19:18:40.684532
236336,136,2016-05-12,13.5,1,9.2,01:12,17.8,12:34,36,4.4,9.7,18:30,92,100,,63,11:50,2025-05-06 19:18:40.768280,2025-05-06 19:18:40.768280
236352,136,2016-05-13,12.6,1,8.2,02:02,17.1,15:05,33,3.1,7.8,10:40,94,100,,77,15:30,2025-05-06 19:18:40.860227,2025-05-06 19:18:40.860227
236368,136,2016-05-14,13,0,9.6,06:32,16.3,15:18,4,1.7,8.1,04:30,92,100,,72,15:50,2025-05-06 19:18:40.949738,2025-05-06 19:18:40.949738
236384,136,2016-05-15,12.8,1.6,9.2,06:31,16.4,12:58,4,2.2,8.1,21:30,89,100,,69,13:00,2025-05-06 19:18:41.032938,2025-05-06 19:18:41.032938
236400,136,2016-05-16,11.7,3,10.1,03:01,13.3,11:48,34,3.3,11.1,23:10,100,100,,92,15:00,2025-05-06 19:18:41.125941,2025-05-06 19:18:41.125941
236416,136,2016-05-17,11.8,0.2,9.9,06:01,13.6,14:29,33,4.2,10.8,00:40,99,100,,92,14:50,2025-05-06 19:18:41.208358,2025-05-06 19:18:41.208358
236433,136,2016-05-18,12.2,0.6,9.5,01:24,14.9,12:10,33,2.8,9.7,00:30,99,100,,81,12:00,2025-05-06 19:18:41.298077,2025-05-06 19:18:41.298077
236450,136,2016-05-19,13.4,0.2,9.6,01:36,17.1,12:15,31,2.2,7.5,00:30,91,100,,74,12:20,2025-05-06 19:18:41.384684,2025-05-06 19:18:41.384684
236468,136,2016-05-20,12.4,2.6,10.3,04:08,14.4,12:34,30,1.9,5.8,23:50,100,100,,97,12:20,2025-05-06 19:18:41.474292,2025-05-06 19:18:41.474292
236486,136,2016-05-21,12.7,3,11.1,03:00,14.3,11:52,28,2.5,6.4,23:00,100,100,,100,,2025-05-06 19:18:41.567140,2025-05-06 19:18:41.567140
236504,136,2016-05-22,14.3,0,9,04:28,19.6,07:48,12,2.2,11.7,05:00,70,100,,39,07:30,2025-05-06 19:18:41.660548,2025-05-06 19:18:41.660548
236522,136,2016-05-23,15.6,0.6,10.6,04:37,20.6,16:24,26,2.2,8.3,22:10,92,100,,77,16:30,2025-05-06 19:18:41.750253,2025-05-06 19:18:41.750253
236540,136,2016-05-24,15.4,3.8,11.4,04:26,19.3,15:54,28,2.8,7.5,,91,100,,70,16:20,2025-05-06 19:18:41.844473,2025-05-06 19:18:41.844473
236558,136,2016-05-25,14,0,10.3,23:55,17.7,12:33,31,3.3,7.5,11:10,85,100,,72,13:00,2025-05-06 19:18:41.952587,2025-05-06 19:18:41.952587
236576,136,2016-05-26,15,2.4,10,04:20,19.9,09:45,10,0.8,3.6,09:20,92,100,,69,09:50,2025-05-06 19:18:42.065412,2025-05-06 19:18:42.065412
236594,136,2016-05-27,13.8,0.8,8.9,05:54,18.8,08:30,13,1.1,4.4,09:00,100,100,,78,10:00,2025-05-06 19:18:42.164227,2025-05-06 19:18:42.164227
236612,136,2016-05-28,14.5,0,10.4,01:59,18.6,15:44,99,3.6,7.8,,93,100,,68,15:20,2025-05-06 19:18:42.269448,2025-05-06 19:18:42.269448
236630,136,2016-05-29,14,0,9.8,00:47,18.3,13:25,36,2.5,6.9,12:40,83,100,,64,16:20,2025-05-06 19:18:42.363340,2025-05-06 19:18:42.363340
236648,136,2016-05-30,13.8,0,10,06:07,17.7,14:49,99,1.9,6.7,,87,100,,69,14:50,2025-05-06 19:18:42.438816,2025-05-06 19:18:42.438816
236666,136,2016-05-31,17.4,0,10.4,06:33,24.5,15:24,13,1.1,5.3,15:00,78,100,,34,20:40,2025-05-06 19:18:42.502906,2025-05-06 19:18:42.502906
236683,136,2016-06-01,18,0,9,02:48,27,14:28,11,1.7,5,05:20,55,82,06:00,17,21:00,2025-05-06 19:18:42.560295,2025-05-06 19:18:42.560295
236700,136,2016-06-02,15.8,0,10.5,05:44,21.1,09:02,35,1.9,5.3,14:40,79,100,06:50,33,09:00,2025-05-06 19:18:42.628288,2025-05-06 19:18:42.628288
236717,136,2016-06-03,15.6,0.2,10.1,05:58,21.2,14:45,36,1.9,5.8,13:00,81,100,,57,00:00,2025-05-06 19:18:42.716314,2025-05-06 19:18:42.716314
236734,136,2016-06-04,17.2,0,11.8,05:41,22.5,10:16,34,1.7,5.3,12:20,74,100,,56,13:00,2025-05-06 19:18:42.801109,2025-05-06 19:18:42.801109
236751,136,2016-06-05,17,0,11.9,06:06,22.2,12:20,34,1.7,5.8,14:00,78,100,,62,18:20,2025-05-06 19:18:42.874768,2025-05-06 19:18:42.874768
236768,136,2016-06-06,19.3,0,12.3,01:20,26.3,15:15,15,1.4,4.7,13:30,51,97,00:40,44,08:00,2025-05-06 19:18:42.959633,2025-05-06 19:18:42.959633
236785,136,2016-06-07,21,0,13.8,02:18,28.2,12:34,11,1.4,4.4,10:40,49,63,01:50,32,23:59,2025-05-06 19:18:43.047064,2025-05-06 19:18:43.047064
236802,136,2016-06-08,22.7,0,16.7,22:49,28.7,12:49,17,1.7,5.8,22:30,41,63,20:00,22,07:00,2025-05-06 19:18:43.130429,2025-05-06 19:18:43.130429
236819,136,2016-06-09,18.6,0,14,04:22,23.2,07:24,29,1.9,6.1,16:30,57,98,,48,10:10,2025-05-06 19:18:43.216873,2025-05-06 19:18:43.216873
236836,136,2016-06-10,16.4,3.6,13.8,00:57,19,14:22,34,2.2,6.9,17:10,94,100,,84,14:30,2025-05-06 19:18:43.304008,2025-05-06 19:18:43.304008
236853,136,2016-06-11,16,0,12.5,05:31,19.5,17:03,31,2.8,6.7,02:30,86,100,,72,17:20,2025-05-06 19:18:43.390781,2025-05-06 19:18:43.390781
236870,136,2016-06-12,18.5,1,11.5,,25.5,14:01,34,1.9,5.3,22:30,69,100,,47,09:50,2025-05-06 19:18:43.474487,2025-05-06 19:18:43.474487
236887,136,2016-06-13,16.4,0.4,12,04:23,20.7,16:03,33,3.6,8.6,11:10,84,100,,71,14:00,2025-05-06 19:18:43.553086,2025-05-06 19:18:43.553086
236904,136,2016-06-14,18.6,0.8,13.4,03:57,23.9,13:28,99,1.9,6.7,,87,100,,69,13:20,2025-05-06 19:18:43.623848,2025-05-06 19:18:43.623848
236920,136,2016-06-15,16,3.8,13.2,03:12,18.9,12:00,32,3.9,9.4,23:30,100,100,,100,,2025-05-06 19:18:43.693143,2025-05-06 19:18:43.693143
236936,136,2016-06-16,15.6,0.6,11.7,23:58,19.5,13:06,34,2.5,9.2,04:50,85,100,,67,12:30,2025-05-06 19:18:43.775041,2025-05-06 19:18:43.775041
236953,136,2016-06-17,15.4,1.4,11.2,06:13,19.6,15:42,34,1.9,8.3,04:00,88,100,,63,14:00,2025-05-06 19:18:43.876589,2025-05-06 19:18:43.876589
236970,136,2016-06-18,15.2,0,10.4,06:06,20,13:20,5,2.5,8.9,01:10,88,100,,68,13:40,2025-05-06 19:18:43.972152,2025-05-06 19:18:43.972152
236987,136,2016-06-19,17.2,0,11.1,02:25,23.2,10:33,36,1.1,4.2,15:40,80,100,,8,23:40,2025-05-06 19:18:44.059399,2025-05-06 19:18:44.059399
237004,136,2016-06-20,21,0,17,01:50,24.9,15:18,35,1.7,4.7,13:20,34,60,20:00,7,00:00,2025-05-06 19:18:44.148251,2025-05-06 19:18:44.148251
237021,136,2016-06-21,24,0,16.9,03:18,31.1,15:42,11,1.9,5.3,13:10,34,48,11:30,28,,2025-05-06 19:18:44.231319,2025-05-06 19:18:44.231319
237038,136,2016-06-22,22.8,0,14.5,04:48,31.1,14:59,12,4.2,8.6,10:50,52,65,18:20,27,00:00,2025-05-06 19:18:44.314368,2025-05-06 19:18:44.314368
237055,136,2016-06-23,25.6,0,15.6,05:20,35.6,14:05,14,5,11.1,12:40,34,69,05:00,22,22:00,2025-05-06 19:18:44.390555,2025-05-06 19:18:44.390555
237072,136,2016-06-24,26.8,0,18.2,03:37,35.5,13:57,11,4.2,9.2,21:30,26,49,03:30,21,13:00,2025-05-06 19:18:44.449389,2025-05-06 19:18:44.449389
237089,136,2016-06-25,25,0,18,03:23,32,10:26,11,2.5,7.8,04:00,47,66,18:50,22,20:20,2025-05-06 19:18:44.500366,2025-05-06 19:18:44.500366
237106,136,2016-06-26,16.4,0.2,12.3,06:13,20.5,13:04,36,2.2,5.8,13:30,81,98,22:40,28,00:00,2025-05-06 19:18:44.559482,2025-05-06 19:18:44.559482
237123,136,2016-06-27,16,0,11.9,07:09,20,15:30,29,3.3,9.2,19:50,88,100,,64,15:30,2025-05-06 19:18:44.637295,2025-05-06 19:18:44.637295
237140,136,2016-06-28,14.9,0,12.2,05:29,17.6,13:02,33,2.8,8.1,16:00,88,100,,79,18:20,2025-05-06 19:18:44.714711,2025-05-06 19:18:44.714711
237157,136,2016-06-29,15.8,0.2,13.4,07:23,18.2,14:14,27,1.9,5.3,10:00,96,100,,87,14:30,2025-05-06 19:18:44.792905,2025-05-06 19:18:44.792905
237174,136,2016-06-30,17.4,0.2,12.7,21:46,22,15:34,99,1.4,3.3,,87,100,,73,17:30,2025-05-06 19:18:44.866952,2025-05-06 19:18:44.866952
237191,136,2016-07-01,16.2,1.2,11.6,,20.8,14:46,35,2.5,6.1,16:20,87,100,,70,13:30,2025-05-06 19:18:44.950090,2025-05-06 19:18:44.950090
237207,136,2016-07-02,14.2,6.4,12.4,21:29,15.9,,34,2.8,8.6,06:30,100,100,,99,15:20,2025-05-06 19:18:45.028469,2025-05-06 19:18:45.028469
237223,136,2016-07-03,15.7,2,12.4,00:11,19,16:42,28,3.1,6.9,07:30,98,100,,85,16:40,2025-05-06 19:18:45.096506,2025-05-06 19:18:45.096506
237239,136,2016-07-04,16.2,2.8,12.8,05:34,19.5,16:58,99,2.5,5.8,00:10,96,100,,80,16:40,2025-05-06 19:18:45.170445,2025-05-06 19:18:45.170445
237255,136,2016-07-05,16.5,3.2,12.8,05:59,20.2,14:28,32,3.3,6.9,15:20,100,100,,85,14:20,2025-05-06 19:18:45.249420,2025-05-06 19:18:45.249420
237272,136,2016-07-06,14.6,3.8,12.6,21:48,16.7,14:38,30,3.1,8.1,05:30,100,100,,100,,2025-05-06 19:18:45.334584,2025-05-06 19:18:45.334584
237289,136,2016-07-07,14.4,1.6,12.1,02:04,16.7,13:12,34,2.8,7.8,17:10,98,100,,88,15:10,2025-05-06 19:18:45.420429,2025-05-06 19:18:45.420429
237306,136,2016-07-08,16.8,0,12.9,00:08,20.7,15:38,99,1.9,5.3,,91,100,,78,15:40,2025-05-06 19:18:45.505477,2025-05-06 19:18:45.505477
237323,136,2016-07-09,21,0,13.4,00:01,28.7,14:21,10,1.7,8.6,10:30,64,100,,31,23:00,2025-05-06 19:19:48.313771,2025-05-06 19:19:48.313771
237338,136,2016-07-10,21.8,0,15.7,22:23,27.9,09:46,32,1.4,5.6,23:59,46,89,22:20,16,07:20,2025-05-06 19:19:48.408177,2025-05-06 19:19:48.408177
237354,136,2016-07-11,18.2,0,13.5,05:45,22.8,15:11,25,2.5,6.4,17:50,85,100,,66,01:20,2025-05-06 19:19:48.511471,2025-05-06 19:19:48.511471
237370,136,2016-07-12,22.3,0,16.4,00:02,28.2,12:21,14,2.2,10.3,02:40,36,84,00:00,26,07:50,2025-05-06 19:19:48.612539,2025-05-06 19:19:48.612539
237386,136,2016-07-13,23.3,0,16.5,05:41,30.1,11:37,12,3.3,9.7,03:20,37,57,02:00,26,23:59,2025-05-06 19:19:48.697350,2025-05-06 19:19:48.697350
237402,136,2016-07-14,24.7,0,16.7,03:47,32.7,15:29,12,1.7,6.1,00:30,25,41,03:20,4,,2025-05-06 19:19:48.764169,2025-05-06 19:19:48.764169
237417,136,2016-07-15,27.6,0,21.2,23:29,33.9,14:31,32,1.7,6.9,21:30,,38,23:30,3,,2025-05-06 19:19:48.841064,2025-05-06 19:19:48.841064
237433,136,2016-07-16,26.4,0,19.1,02:00,33.8,12:18,30,1.4,5.3,22:50,26,61,02:00,5,22:40,2025-05-06 19:19:48.929069,2025-05-06 19:19:48.929069
237449,136,2016-07-17,24.4,0,19.5,,29.3,16:17,34,2.5,5.6,12:30,36,52,23:00,4,00:00,2025-05-06 19:19:49.013198,2025-05-06 19:19:49.013198
237465,136,2016-07-18,23.2,0,18.2,20:08,28.1,10:14,28,1.4,5.3,20:20,46,78,19:30,39,08:40,2025-05-06 19:19:49.082142,2025-05-06 19:19:49.082142
237481,136,2016-07-19,22.8,0,15.3,03:55,30.4,12:26,10,1.9,6.7,23:50,52,76,03:50,39,09:30,2025-05-06 19:19:49.145426,2025-05-06 19:19:49.145426
237497,136,2016-07-20,25,0,17.3,00:06,32.7,11:19,12,3.3,12.8,04:30,64,83,07:00,38,02:00,2025-05-06 19:19:49.224176,2025-05-06 19:19:49.224176
237513,136,2016-07-21,27.2,0,19.1,22:40,35.2,09:56,13,2.2,6.7,01:00,46,74,04:00,29,16:20,2025-05-06 19:19:49.306231,2025-05-06 19:19:49.306231
237529,136,2016-07-22,24.4,0,18.1,06:05,30.7,11:16,99,2.8,6.1,,32,39,07:10,19,22:20,2025-05-06 19:19:49.385410,2025-05-06 19:19:49.385410
237544,136,2016-07-23,18.8,0,13.7,04:50,23.9,12:52,3,1.4,5,11:30,84,100,,18,00:00,2025-05-06 19:19:49.459795,2025-05-06 19:19:49.459795
237560,136,2016-07-24,23.2,0,13.4,06:02,33.1,14:24,10,1.1,4.7,13:40,72,100,,17,,2025-05-06 19:19:49.541460,2025-05-06 19:19:49.541460
237575,136,2016-07-25,27.4,0,19.3,02:51,35.5,13:38,13,5,9.7,06:20,29,41,11:30,14,00:00,2025-05-06 19:19:49.613836,2025-05-06 19:19:49.613836
237590,136,2016-07-26,29,0,23.1,00:29,34.8,11:52,16,3.1,10.8,06:20,37,52,11:00,21,04:30,2025-05-06 19:19:49.705278,2025-05-06 19:19:49.705278
237606,136,2016-07-27,26.5,0,19.6,05:50,33.4,14:19,11,2.2,8.6,12:30,33,46,05:50,19,03:00,2025-05-06 19:19:49.788154,2025-05-06 19:19:49.788154
237623,136,2016-07-28,,,,,,,35,1.7,5.3,22:20,71,,,,,2025-05-06 19:19:49.873251,2025-05-06 19:19:49.873251
237640,136,2016-07-29,20.8,0,14,06:24,27.7,14:57,30,1.1,5,02:10,75,100,,48,22:10,2025-05-06 19:19:49.961091,2025-05-06 19:19:49.961091
237657,136,2016-07-30,21.1,0,14.1,05:26,28.1,11:02,10,1.1,7.2,11:20,74,100,,26,23:00,2025-05-06 19:19:50.040997,2025-05-06 19:19:50.040997
237674,136,2016-07-31,23.2,0,17.2,19:32,29.1,09:02,10,1.4,5.3,04:50,53,90,19:30,23,08:00,2025-05-06 19:19:50.129367,2025-05-06 19:19:50.129367
237691,136,2016-08-01,23,0,14.7,23:29,31.3,09:19,8,1.9,7.2,01:50,49,96,23:20,17,08:40,2025-05-06 19:19:50.218866,2025-05-06 19:19:50.218866
237708,136,2016-08-02,18.3,0,13.9,02:27,22.7,15:37,4,1.9,5.6,04:10,74,100,02:40,31,00:20,2025-05-06 19:19:50.306661,2025-05-06 19:19:50.306661
237725,136,2016-08-03,17.5,0,13.4,03:16,21.6,17:51,33,2.2,5.8,12:50,82,100,07:20,30,22:40,2025-05-06 19:19:50.395705,2025-05-06 19:19:50.395705
237742,136,2016-08-04,26.8,0,14,00:49,39.7,12:24,12,4.4,8.3,01:30,29,97,00:40,20,20:40,2025-05-06 19:19:50.489713,2025-05-06 19:19:50.489713
237759,136,2016-08-05,32,0,23,00:09,41.1,14:26,16,5,15.8,09:40,26,42,00:00,20,11:10,2025-05-06 19:19:50.580682,2025-05-06 19:19:50.580682
237776,136,2016-08-06,31.7,0,24,23:57,39.4,10:59,11,2.5,7.8,01:50,22,45,23:59,13,11:10,2025-05-06 19:19:50.671940,2025-05-06 19:19:50.671940
237793,136,2016-08-07,24.4,0,17.6,21:51,31.1,10:58,27,2.8,6.4,07:40,48,86,19:40,28,10:30,2025-05-06 19:19:50.768962,2025-05-06 19:19:50.768962
237810,136,2016-08-08,23,0,14.8,03:25,31.3,17:38,29,2.2,7.5,05:30,72,100,,29,23:10,2025-05-06 19:19:50.858284,2025-05-06 19:19:50.858284
237827,136,2016-08-09,30,0,22.1,02:04,37.9,11:04,14,4.2,10.3,08:10,24,44,20:50,18,07:00,2025-05-06 19:19:50.944585,2025-05-06 19:19:50.944585
237844,136,2016-08-10,29.8,0,21.3,22:30,38.4,12:20,14,4.4,10.6,06:40,22,44,22:20,14,08:40,2025-05-06 19:19:51.035752,2025-05-06 19:19:51.035752
237861,136,2016-08-11,29,0,21,05:23,36.9,14:00,12,3.3,8.9,08:50,25,40,00:00,1,,2025-05-06 19:19:51.121335,2025-05-06 19:19:51.121335
237878,136,2016-08-12,25.6,0,17.2,04:59,33.9,15:07,29,1.7,6.1,23:30,29,46,19:30,12,19:50,2025-05-06 19:19:51.210009,2025-05-06 19:19:51.210009
237895,136,2016-08-13,21.4,0,14.3,23:07,28.4,12:18,28,1.9,6.1,04:30,51,100,,17,00:00,2025-05-06 19:19:51.295063,2025-05-06 19:19:51.295063
237912,136,2016-08-14,18.6,0,13.9,01:42,23.3,15:23,28,3.9,9.7,18:10,76,100,,55,08:20,2025-05-06 19:19:51.378911,2025-05-06 19:19:51.378911
237928,136,2016-08-15,19.2,0.2,14.7,02:16,23.6,13:55,2,2.2,7.5,22:00,83,100,,69,22:40,2025-05-06 19:19:51.461093,2025-05-06 19:19:51.461093
237944,136,2016-08-16,21.7,0,15.2,03:06,28.2,11:45,12,1.7,4.7,23:40,79,100,,58,11:10,2025-05-06 19:19:51.540818,2025-05-06 19:19:51.540818
237961,136,2016-08-17,22.6,0,16.2,03:24,29,15:59,12,1.4,7.2,05:20,48,94,07:50,25,07:10,2025-05-06 19:19:51.627214,2025-05-06 19:19:51.627214
237978,136,2016-08-18,22.3,0,16.4,22:24,28.2,09:14,12,1.9,7.5,03:00,54,68,06:20,35,19:50,2025-05-06 19:19:51.711692,2025-05-06 19:19:51.711692
237995,136,2016-08-19,20.8,0,14.4,22:37,27.3,15:50,99,1.7,6.4,,66,99,22:20,39,08:30,2025-05-06 19:19:51.795131,2025-05-06 19:19:51.795131
238012,136,2016-08-20,22,0,14.5,00:41,29.6,12:21,13,2.8,6.9,08:30,59,100,,42,08:30,2025-05-06 19:19:51.875223,2025-05-06 19:19:51.875223
238029,136,2016-08-21,20.8,0.2,14.8,04:27,26.8,16:33,12,1.9,8.6,01:50,84,100,,48,19:20,2025-05-06 19:19:51.962395,2025-05-06 19:19:51.962395
238046,136,2016-08-22,26.6,0,19.5,01:21,33.7,12:38,14,0.8,6.7,02:30,43,62,01:00,36,11:20,2025-05-06 19:19:52.038473,2025-05-06 19:19:52.038473
238063,136,2016-08-23,26.6,0,22.1,23:50,31.1,10:47,36,2.8,6.1,15:30,23,41,00:10,19,15:10,2025-05-06 19:19:52.111488,2025-05-06 19:19:52.111488
238080,136,2016-08-24,22,0,14.5,23:09,29.5,09:32,27,2.8,7.2,21:20,36,100,23:30,20,07:00,2025-05-06 19:19:52.184543,2025-05-06 19:19:52.184543
238097,136,2016-08-25,19,0,14.6,03:02,23.3,14:47,29,2.8,7.8,00:30,87,100,,67,14:50,2025-05-06 19:19:52.272937,2025-05-06 19:19:52.272937
238114,136,2016-08-26,18.6,0,14.5,03:25,22.8,14:34,99,2.2,5.8,00:10,91,100,,70,14:40,2025-05-06 19:19:52.361418,2025-05-06 19:19:52.361418
238131,136,2016-08-27,21.4,0,14.7,05:15,28,14:16,13,1.9,7.2,23:20,63,100,,37,07:00,2025-05-06 19:19:52.453347,2025-05-06 19:19:52.453347
238148,136,2016-08-28,26.2,0,17.3,00:09,35.2,11:56,14,3.1,9.4,04:20,46,87,00:00,31,18:00,2025-05-06 19:19:52.542066,2025-05-06 19:19:52.542066
238164,136,2016-08-29,30.2,0,22.4,04:50,38.1,11:53,13,3.3,8.9,09:10,33,52,04:50,24,10:30,2025-05-06 19:19:52.626061,2025-05-06 19:19:52.626061
238180,136,2016-08-30,27.8,0,20.7,23:57,34.8,10:34,13,2.5,7.5,04:00,32,46,19:10,21,13:40,2025-05-06 19:19:52.715647,2025-05-06 19:19:52.715647
238197,136,2016-08-31,23,0,14.8,21:14,31.1,11:03,12,1.7,6.7,01:10,60,99,,29,00:30,2025-05-06 19:19:52.798914,2025-05-06 19:19:52.798914
238213,136,2016-09-01,19.6,0,13.7,22:44,25.6,11:39,14,1.9,6.7,08:20,81,100,,56,11:40,2025-05-06 19:19:52.877025,2025-05-06 19:19:52.877025
238229,136,2016-09-02,20.5,0,14.6,05:55,26.4,13:50,9,1.1,4.4,09:30,80,100,,58,13:50,2025-05-06 19:19:52.965509,2025-05-06 19:19:52.965509
238246,136,2016-09-03,18.6,0,13.4,03:02,23.7,13:26,34,1.4,5,13:50,85,100,,42,22:50,2025-05-06 19:19:53.056465,2025-05-06 19:19:53.056465
238262,136,2016-09-04,19,0,14.1,02:18,23.9,13:58,33,2.5,6.7,14:40,85,100,,64,14:00,2025-05-06 19:19:53.145126,2025-05-06 19:19:53.145126
238278,136,2016-09-05,19,0,14.1,00:05,23.9,16:03,36,1.9,5.3,13:10,80,100,02:10,33,23:20,2025-05-06 19:19:53.229387,2025-05-06 19:19:53.229387
238294,136,2016-09-06,21.6,0,13.5,04:42,29.6,12:05,11,1.4,5.3,10:00,64,100,,19,19:10,2025-05-06 19:19:53.310317,2025-05-06 19:19:53.310317
238310,136,2016-09-07,21.6,0,13.9,04:24,29.4,12:49,99,1.4,4.2,,38,100,,8,08:00,2025-05-06 19:19:53.395055,2025-05-06 19:19:53.395055
238326,136,2016-09-08,25,0,16.7,04:33,33.3,10:40,12,1.1,6.1,02:40,37,59,13:10,19,21:30,2025-05-06 19:19:53.482414,2025-05-06 19:19:53.482414
238342,136,2016-09-09,22.6,0,14.5,22:21,30.6,10:17,14,1.4,6.1,23:00,61,99,21:50,38,00:00,2025-05-06 19:19:53.567760,2025-05-06 19:19:53.567760
238358,136,2016-09-10,19.4,0.6,14.6,07:57,24.2,13:40,36,1.9,5.8,15:00,80,100,,60,14:10,2025-05-06 19:19:53.644570,2025-05-06 19:19:53.644570
238374,136,2016-09-11,18.2,0.2,13.7,06:12,22.8,15:15,33,2.5,6.4,13:10,82,100,,65,13:50,2025-05-06 19:19:53.721170,2025-05-06 19:19:53.721170
238390,136,2016-09-12,18.5,0,13.6,05:11,23.4,11:34,25,4.2,15.8,17:50,77,100,,50,17:50,2025-05-06 19:19:53.795213,2025-05-06 19:19:53.795213
238406,136,2016-09-13,21.4,0,14.9,06:04,28,14:22,10,1.4,6.4,14:20,71,100,,47,14:00,2025-05-06 19:19:53.850206,2025-05-06 19:19:53.850206
238422,136,2016-09-14,17.5,1,13.9,22:19,21.1,14:22,36,1.7,8.3,16:10,86,100,,58,14:50,2025-05-06 19:19:53.927850,2025-05-06 19:19:53.927850
238439,136,2016-09-15,15,5.4,13.4,23:51,16.7,14:09,1,2.5,11.1,09:50,97,100,,92,18:00,2025-05-06 19:19:54.017885,2025-05-06 19:19:54.017885
238456,136,2016-09-16,16.5,0.6,13,03:17,20,16:29,34,2.2,7.8,02:00,91,100,,75,16:30,2025-05-06 19:19:54.107774,2025-05-06 19:19:54.107774
238473,136,2016-09-17,17.6,0.2,13.9,03:59,21.4,13:15,4,1.7,6.4,01:50,82,100,,68,13:00,2025-05-06 19:19:54.198033,2025-05-06 19:19:54.198033
238490,136,2016-09-18,17.2,0.2,13.1,05:57,21.2,11:09,12,1.7,6.4,12:10,91,100,,77,11:10,2025-05-06 19:19:54.289148,2025-05-06 19:19:54.289148
238507,136,2016-09-19,17.8,0,13.6,23:26,21.9,10:46,32,1.4,5.8,12:10,89,100,,67,11:40,2025-05-06 19:19:54.373137,2025-05-06 19:19:54.373137
238524,136,2016-09-20,16.8,0,13.1,05:29,20.4,10:11,34,2.2,6.1,08:20,91,100,,69,10:10,2025-05-06 19:19:54.459472,2025-05-06 19:19:54.459472
238541,136,2016-09-21,17.4,0,12.1,21:02,22.6,11:09,34,1.7,7.5,13:50,77,100,,61,11:50,2025-05-06 19:19:54.557392,2025-05-06 19:19:54.557392
238557,136,2016-09-22,18.6,0,12.4,03:35,24.7,14:10,15,1.4,5.8,11:00,71,100,03:50,51,14:10,2025-05-06 19:19:54.643164,2025-05-06 19:19:54.643164
238573,136,2016-09-23,16.8,0,13,05:49,20.5,14:04,36,1.9,7.8,14:30,83,100,,65,,2025-05-06 19:19:54.733778,2025-05-06 19:19:54.733778
238589,136,2016-09-24,18.3,0.2,13.8,04:48,22.8,13:47,2,1.9,5.8,00:20,82,99,,63,12:20,2025-05-06 19:19:54.815499,2025-05-06 19:19:54.815499
238606,136,2016-09-25,18.5,0,14.2,05:48,22.8,13:05,1,2.2,7.2,20:30,82,100,,64,14:50,2025-05-06 19:19:54.892658,2025-05-06 19:19:54.892658
238623,136,2016-09-26,19.4,0,13.4,23:56,25.4,12:03,10,1.7,6.9,10:20,85,100,,58,11:40,2025-05-06 19:19:54.993769,2025-05-06 19:19:54.993769
238639,136,2016-09-27,20.3,0,13.3,,27.3,14:46,18,2.5,7.8,23:00,71,100,,39,15:40,2025-05-06 19:19:55.077822,2025-05-06 19:19:55.077822
238656,136,2016-09-28,20.2,0,14.9,00:35,25.5,11:19,99,2.2,6.7,22:30,76,100,,46,11:10,2025-05-06 19:19:55.180507,2025-05-06 19:19:55.180507
238673,136,2016-09-29,21.4,0,14.4,21:50,28.4,09:37,30,1.7,7.8,00:30,75,100,,35,09:40,2025-05-06 19:19:55.290045,2025-05-06 19:19:55.290045
238690,136,2016-09-30,17.6,0,14,19:52,21.3,10:14,36,1.7,5,12:50,90,100,,71,10:20,2025-05-06 19:19:55.383250,2025-05-06 19:19:55.383250
238706,136,2016-10-01,17.5,0,13,21:55,22,16:01,34,2.2,6.1,13:50,84,100,,65,16:00,2025-05-06 19:19:55.463191,2025-05-06 19:19:55.463191
238723,136,2016-10-02,16.7,0,12.5,02:15,20.9,12:44,33,2.2,6.7,12:40,82,100,23:50,67,14:40,2025-05-06 19:19:55.544662,2025-05-06 19:19:55.544662
238740,136,2016-10-03,17.4,0.4,13,,21.8,12:03,99,2.8,6.7,,86,100,,67,10:20,2025-05-06 19:19:55.644316,2025-05-06 19:19:55.644316
238757,136,2016-10-04,14.6,3,13.5,00:43,15.6,09:39,34,3.6,10.3,08:30,100,100,,97,01:10,2025-05-06 19:19:55.740571,2025-05-06 19:19:55.740571
238773,136,2016-10-05,15.7,2.2,14.1,03:31,17.3,11:25,36,2.8,7.8,00:30,100,100,,100,,2025-05-06 19:19:55.823780,2025-05-06 19:19:55.823780
238790,136,2016-10-06,15,0.8,13.6,04:13,16.5,16:34,1,2.2,7.2,09:00,98,100,,93,23:10,2025-05-06 19:19:55.913743,2025-05-06 19:19:55.913743
238806,136,2016-10-07,16.5,0,13.6,23:24,19.4,14:04,1,2.2,7.2,04:20,97,100,,79,14:00,2025-05-06 19:19:55.988178,2025-05-06 19:19:55.988178
238822,136,2016-10-08,17.5,0,13.1,23:59,21.9,13:54,4,1.7,5.6,21:50,86,100,,69,12:00,2025-05-06 19:19:56.048152,2025-05-06 19:19:56.048152
238838,136,2016-10-09,18,0,13,00:05,23.1,16:05,13,1.4,7.2,11:40,84,100,,65,,2025-05-06 19:19:56.127129,2025-05-06 19:19:56.127129
238855,136,2016-10-10,19,0,13.1,01:51,24.8,14:47,11,3.1,8.6,09:00,84,100,,61,15:30,2025-05-06 19:19:56.214445,2025-05-06 19:19:56.214445
238872,136,2016-10-11,18.6,0,12.3,23:52,24.9,14:39,12,3.1,7.2,01:40,79,100,,54,21:40,2025-05-06 19:19:56.298444,2025-05-06 19:19:56.298444
238889,136,2016-10-12,16.6,0,11.4,06:21,21.8,13:50,27,2.5,10.6,23:40,87,100,,71,12:20,2025-05-06 19:19:56.375722,2025-05-06 19:19:56.375722
238906,136,2016-10-13,17.8,2,14.2,23:20,21.5,15:19,99,4.7,11.7,,82,100,,64,15:50,2025-05-06 19:19:56.451970,2025-05-06 19:19:56.451970
238923,136,2016-10-14,16.6,1.4,12.7,23:15,20.5,13:54,34,3.1,10,04:00,91,100,,72,14:30,2025-05-06 19:19:56.534847,2025-05-06 19:19:56.534847
238940,136,2016-10-15,16.9,0,12.2,05:07,21.6,11:45,11,1.7,4.4,10:20,94,100,,66,09:50,2025-05-06 19:19:56.626423,2025-05-06 19:19:56.626423
238957,136,2016-10-16,18.8,0,12.9,02:26,24.8,10:40,25,1.7,7.8,21:20,62,100,,47,21:20,2025-05-06 19:19:56.712016,2025-05-06 19:19:56.712016
238974,136,2016-10-17,22.8,0,15.6,22:27,30.1,13:37,18,3.9,17.8,03:50,46,79,18:20,32,12:30,2025-05-06 19:19:56.780836,2025-05-06 19:19:56.780836
238991,136,2016-10-18,22.6,0,15.7,01:03,29.4,13:20,10,3.1,8.9,14:40,49,75,19:00,35,14:50,2025-05-06 19:19:56.862639,2025-05-06 19:19:56.862639
239008,136,2016-10-19,22,0,15.3,06:09,28.7,12:51,12,3.1,6.9,12:30,50,69,06:10,35,10:40,2025-05-06 19:19:56.948955,2025-05-06 19:19:56.948955
239025,136,2016-10-20,20.6,0,13.4,23:57,27.8,14:27,12,2.2,5,11:10,57,83,19:30,40,09:40,2025-05-06 19:19:57.034224,2025-05-06 19:19:57.034224
239042,136,2016-10-21,19.4,0,12.9,03:41,25.9,10:26,11,1.1,4.7,14:30,71,100,19:20,47,09:20,2025-05-06 19:19:57.109943,2025-05-06 19:19:57.109943
239058,136,2016-10-22,18.8,0,13.9,07:12,23.6,13:45,34,1.4,4.7,14:20,79,100,,55,06:10,2025-05-06 19:19:57.191700,2025-05-06 19:19:57.191700
239074,136,2016-10-23,17.9,0.2,13,07:30,22.8,11:45,36,2.5,8.1,15:00,91,100,,67,11:50,2025-05-06 19:19:57.277907,2025-05-06 19:19:57.277907
239091,136,2016-10-24,17.9,2.6,11.9,04:00,23.9,13:30,23,1.9,12.2,17:10,79,100,,50,13:40,2025-05-06 19:19:57.366614,2025-05-06 19:19:57.366614
239108,136,2016-10-25,15.5,7.4,12.2,05:59,18.8,12:05,22,2.2,8.1,00:40,91,100,,77,12:10,2025-05-06 19:19:57.432987,2025-05-06 19:19:57.432987
239124,136,2016-10-26,15.4,7,11.3,12:48,19.4,10:21,21,6.1,16.7,17:00,85,100,,61,14:40,2025-05-06 19:19:57.492400,2025-05-06 19:19:57.492400
239140,136,2016-10-27,17.6,0,12.2,01:37,23.1,15:06,12,1.7,7.2,20:40,72,95,22:50,52,17:10,2025-05-06 19:19:57.557491,2025-05-06 19:19:57.557491
239157,136,2016-10-28,19.8,3.2,14.8,04:43,24.8,14:20,13,1.4,8.9,04:10,85,100,,62,13:30,2025-05-06 19:19:57.628864,2025-05-06 19:19:57.628864
239174,136,2016-10-29,20.6,0,13.9,23:43,27.4,14:27,15,3.1,15.3,12:10,73,100,,38,12:50,2025-05-06 19:19:57.695612,2025-05-06 19:19:57.695612
239191,136,2016-10-30,20.8,0,14,00:01,27.6,13:25,12,1.7,7.8,01:00,73,100,00:00,48,,2025-05-06 19:19:57.755744,2025-05-06 19:19:57.755744
239208,136,2016-10-31,19.4,0,14,23:44,24.7,11:48,11,1.1,5,03:30,86,100,,42,02:50,2025-05-06 19:19:57.837153,2025-05-06 19:19:57.837153
239225,136,2016-11-01,18.2,0,11.6,05:08,24.9,12:51,11,3.1,7.5,09:40,84,100,,41,23:50,2025-05-06 19:19:57.918423,2025-05-06 19:19:57.918423
239242,136,2016-11-02,19.2,0,13.3,06:17,25.2,15:18,11,1.7,5.8,10:20,89,100,,40,00:00,2025-05-06 19:19:58.004995,2025-05-06 19:19:58.004995
239259,136,2016-11-03,16,0.2,12.8,07:03,19.1,11:47,11,1.4,6.1,19:20,96,100,,77,09:50,2025-05-06 19:19:58.100366,2025-05-06 19:19:58.100366
239276,136,2016-11-04,18,0.2,12.2,23:15,23.8,12:48,26,1.9,7.8,11:50,70,97,23:20,48,12:00,2025-05-06 19:19:58.190258,2025-05-06 19:19:58.190258
239293,136,2016-11-05,15.8,6.8,11.6,23:55,20,10:35,16,1.9,8.3,03:40,89,100,,57,10:10,2025-05-06 19:19:58.289705,2025-05-06 19:19:58.289705
239310,136,2016-11-06,15.4,0.6,10,06:19,20.8,12:45,15,1.7,6.9,04:40,86,100,,67,09:50,2025-05-06 19:19:58.384637,2025-05-06 19:19:58.384637
239327,136,2016-11-07,15.4,26.6,10.7,05:59,20.2,13:49,2,2.2,9.7,21:10,91,100,,70,13:20,2025-05-06 19:19:58.491794,2025-05-06 19:19:58.491794
239344,136,2016-11-08,13.3,5,11.2,,15.4,12:09,4,2.5,10.6,02:40,100,100,,93,15:20,2025-05-06 19:19:58.594630,2025-05-06 19:19:58.594630
239361,136,2016-11-09,12.8,0.4,10.4,01:02,15.1,11:45,9,2.5,8.3,22:00,95,100,,81,11:50,2025-05-06 19:19:58.703518,2025-05-06 19:19:58.703518
239378,136,2016-11-10,14.6,1,11,06:59,18.2,13:10,12,3.1,8.6,01:40,96,100,,81,13:10,2025-05-06 19:19:58.805136,2025-05-06 19:19:58.805136
239395,136,2016-11-11,13,11.8,11.7,00:01,14.4,14:27,4,3.1,12.5,20:00,100,100,,100,,2025-05-06 19:19:58.891297,2025-05-06 19:19:58.891297
239412,136,2016-11-12,13.7,0,12.1,23:09,15.3,13:17,2,2.5,9.2,02:20,99,100,,87,14:10,2025-05-06 19:19:58.975426,2025-05-06 19:19:58.975426
239429,136,2016-11-13,16.1,2.6,11.2,05:20,21,15:05,2,1.1,5.8,11:20,87,100,,64,15:00,2025-05-06 19:19:59.064172,2025-05-06 19:19:59.064172
239446,136,2016-11-14,14.5,0.4,8.8,21:18,20.2,12:13,12,1.1,6.4,22:10,95,100,,68,15:40,2025-05-06 19:19:59.149455,2025-05-06 19:19:59.149455
239463,136,2016-11-15,15.4,0,9.4,02:27,21.4,14:49,15,3.1,7.5,20:50,78,100,18:50,62,09:50,2025-05-06 19:19:59.227595,2025-05-06 19:19:59.227595
239480,136,2016-11-16,15.8,0,9.7,06:58,22,13:06,10,3.9,8.3,13:40,71,100,18:30,47,,2025-05-06 19:19:59.299991,2025-05-06 19:19:59.299991
239497,136,2016-11-17,17.3,0,11.1,00:01,23.5,13:20,13,5.3,10.6,05:50,50,83,00:00,39,,2025-05-06 19:19:59.360322,2025-05-06 19:19:59.360322
239514,136,2016-11-18,18.6,0,13.4,23:29,23.8,13:45,99,5.8,11.1,08:40,56,96,18:40,37,09:40,2025-05-06 19:19:59.412677,2025-05-06 19:19:59.412677
239531,136,2016-11-19,16.2,0,11.2,23:22,21.1,15:27,12,3.6,7.8,07:10,86,100,,41,01:20,2025-05-06 19:19:59.480847,2025-05-06 19:19:59.480847
239548,136,2016-11-20,14.6,0,10.5,04:07,18.6,15:02,12,2.5,8.6,01:00,94,100,,78,15:10,2025-05-06 19:19:59.545579,2025-05-06 19:19:59.545579
239565,136,2016-11-21,14,0,10.3,03:14,17.6,13:07,34,0.8,5.8,11:20,92,100,,78,13:10,2025-05-06 19:19:59.609173,2025-05-06 19:19:59.609173
239582,136,2016-11-22,11.1,37.2,9,23:58,13.2,09:12,32,5,12.5,11:20,96,100,,79,03:10,2025-05-06 19:19:59.686841,2025-05-06 19:19:59.686841
239599,136,2016-11-23,10.9,4.4,8.6,04:13,13.2,15:19,36,5,11.1,09:10,94,100,,83,16:10,2025-05-06 19:19:59.765250,2025-05-06 19:19:59.765250
239616,136,2016-11-24,10.6,0.6,8.3,06:41,12.9,13:48,32,1.9,4.2,,94,100,,84,16:00,2025-05-06 19:19:59.842157,2025-05-06 19:19:59.842157
239633,136,2016-11-25,14.2,0.4,8.6,04:17,19.8,14:01,27,1.9,10.3,21:20,72,100,,49,15:10,2025-05-06 19:19:59.909108,2025-05-06 19:19:59.909108
239649,136,2016-11-26,11.6,20,9.2,06:26,13.9,09:28,28,3.1,9.2,16:40,95,100,,79,05:50,2025-05-06 19:19:59.982544,2025-05-06 19:19:59.982544
239665,136,2016-11-27,12.6,4,9.6,02:05,15.7,11:42,34,3.9,9.4,19:20,95,100,,77,11:10,2025-05-06 19:20:00.062539,2025-05-06 19:20:00.062539
239681,136,2016-11-28,12.5,1,9.4,21:08,15.6,12:08,29,1.9,6.1,02:10,96,100,,80,11:30,2025-05-06 19:20:00.120745,2025-05-06 19:20:00.120745
239698,136,2016-11-29,13.4,0.4,9.8,20:49,16.9,10:28,26,1.7,8.1,15:40,96,100,,69,16:10,2025-05-06 19:20:00.188893,2025-05-06 19:20:00.188893
239714,136,2016-11-30,14,0,10,07:37,18.1,10:37,13,1.1,6.4,06:20,89,100,,66,10:50,2025-05-06 19:20:00.242450,2025-05-06 19:20:00.242450
239730,136,2016-12-01,15.3,0,8.8,05:49,21.8,13:58,12,2.8,7.2,11:00,81,100,,49,21:40,2025-05-06 19:20:00.311404,2025-05-06 19:20:00.311404
239746,136,2016-12-02,19.5,0,14.9,19:52,24.1,14:39,23,2.5,15.3,08:30,67,85,19:50,45,15:20,2025-05-06 19:20:00.383607,2025-05-06 19:20:00.383607
239763,136,2016-12-03,17.4,0,13.7,23:35,21.2,15:42,24,5.3,20,04:50,72,94,,58,13:30,2025-05-06 19:20:00.462952,2025-05-06 19:20:00.462952
239780,136,2016-12-04,14.8,0,11.4,06:49,18.2,15:10,29,4.7,11.4,14:20,91,100,,68,15:10,2025-05-06 19:20:00.554295,2025-05-06 19:20:00.554295
239797,136,2016-12-05,15,0.4,11.8,04:52,18.3,11:15,31,1.9,6.1,16:40,96,100,,78,,2025-05-06 19:20:00.643214,2025-05-06 19:20:00.643214
239814,136,2016-12-06,16.8,0,11.2,07:47,22.4,13:05,15,2.2,7.8,21:30,89,100,,68,13:00,2025-05-06 19:20:00.726958,2025-05-06 19:20:00.726958
239830,136,2016-12-07,15.4,0.2,10.2,22:23,20.5,15:10,11,5.3,8.6,10:50,91,100,,54,23:00,2025-05-06 19:20:00.802601,2025-05-06 19:20:00.802601
239846,136,2016-12-08,18.5,0,12.6,03:31,24.4,14:28,99,1.9,12.2,23:40,53,68,03:30,38,22:20,2025-05-06 19:20:00.878556,2025-05-06 19:20:00.878556
239863,136,2016-12-09,17.3,0,12.1,07:37,22.5,13:46,14,3.3,10.6,00:30,56,79,18:20,39,13:30,2025-05-06 19:20:00.957657,2025-05-06 19:20:00.957657
239880,136,2016-12-10,15.8,0,10.7,22:13,20.9,12:00,13,1.7,11.1,04:30,63,85,18:40,43,10:40,2025-05-06 19:20:01.037073,2025-05-06 19:20:01.037073
239897,136,2016-12-11,14.9,0,10.2,19:37,19.6,11:47,34,1.1,4.7,12:50,69,99,18:50,44,01:30,2025-05-06 19:20:01.110192,2025-05-06 19:20:01.110192
239914,136,2016-12-12,13.8,0.2,9.1,08:02,18.5,14:05,12,3.3,9.4,15:00,80,96,23:00,55,15:40,2025-05-06 19:20:01.185553,2025-05-06 19:20:01.185553
239931,136,2016-12-13,14.8,0,9.3,00:48,20.3,12:01,99,3.9,8.6,,55,83,00:00,46,11:30,2025-05-06 19:20:01.263061,2025-05-06 19:20:01.263061
239948,136,2016-12-14,13,3,7.7,07:18,18.2,12:02,12,1.9,4.2,11:50,64,93,09:30,44,18:30,2025-05-06 19:20:01.323045,2025-05-06 19:20:01.323045
239965,136,2016-12-15,11.8,4.6,9.9,22:57,13.7,14:46,33,1.9,6.9,18:10,100,100,,88,02:40,2025-05-06 19:20:01.390405,2025-05-06 19:20:01.390405
239982,136,2016-12-16,11.2,17.6,8.9,22:12,13.4,14:10,35,3.6,12.8,16:30,99,100,,96,13:50,2025-05-06 19:20:01.469468,2025-05-06 19:20:01.469468
239999,136,2016-12-17,9.3,21.4,8,04:43,10.6,13:41,34,6.4,14.4,09:00,100,100,,93,13:40,2025-05-06 19:20:01.532551,2025-05-06 19:20:01.532551
240016,136,2016-12-18,10.2,6.4,8.2,06:03,12.2,13:47,32,4.4,10.8,18:10,100,100,,94,16:10,2025-05-06 19:20:01.611589,2025-05-06 19:20:01.611589
240033,136,2016-12-19,11.4,5,9.1,22:41,13.8,13:45,28,3.6,9.7,01:50,100,100,,89,14:00,2025-05-06 19:20:01.687312,2025-05-06 19:20:01.687312
240050,136,2016-12-20,10.4,4.6,6.1,04:22,14.7,15:28,2,1.4,6.4,08:20,91,100,,74,15:30,2025-05-06 19:20:01.757779,2025-05-06 19:20:01.757779
240067,136,2016-12-21,11.6,0,9,03:41,14.2,12:57,13,3.6,10.8,22:30,93,100,,79,15:30,2025-05-06 19:20:01.827054,2025-05-06 19:20:01.827054
240083,136,2016-12-22,12,0,9.5,22:51,14.5,12:45,14,6.9,15,09:20,95,100,,73,23:40,2025-05-06 19:20:01.902956,2025-05-06 19:20:01.902956
240099,136,2016-12-23,9,6,7.1,,11,03:27,13,8.3,20,16:00,96,100,,78,16:40,2025-05-06 19:20:01.975917,2025-05-06 19:20:01.975917
240115,136,2016-12-24,11.4,5.6,8.5,00:15,14.3,15:18,13,7.8,18.9,12:50,91,100,,70,15:20,2025-05-06 19:20:02.052890,2025-05-06 19:20:02.052890
240131,136,2016-12-25,11.6,0,7.5,02:56,15.8,14:08,14,11.9,20.8,02:30,81,100,,69,18:00,2025-05-06 19:20:02.120121,2025-05-06 19:20:02.120121
240148,136,2016-12-26,11.8,0,9.4,04:32,14.3,15:15,13,9.4,18.6,10:10,80,89,00:30,65,19:50,2025-05-06 19:20:02.185776,2025-05-06 19:20:02.185776
240165,136,2016-12-27,13.3,0,8.9,07:55,17.7,14:06,99,6.9,17.5,00:50,78,88,08:00,58,20:50,2025-05-06 19:20:02.258232,2025-05-06 19:20:02.258232
240182,136,2016-12-28,13.7,0,10,07:04,17.4,15:29,13,6.1,18.3,00:20,56,65,10:30,47,15:30,2025-05-06 19:20:02.327420,2025-05-06 19:20:02.327420
240198,136,2016-12-29,14,0,9.6,06:31,18.3,14:36,99,4.2,18.6,01:50,52,61,06:50,44,15:40,2025-05-06 19:20:02.391972,2025-05-06 19:20:02.391972
240214,136,2016-12-30,14.3,0,9.7,08:25,18.9,13:32,14,5.6,18.9,00:30,45,57,08:40,36,20:50,2025-05-06 19:20:02.450320,2025-05-06 19:20:02.450320
240231,136,2016-12-31,13.3,0,8.3,22:26,18.3,17:13,13,1.1,18.3,00:10,58,74,18:50,45,10:00,2025-05-06 19:20:02.532689,2025-05-06 19:20:02.532689
240248,136,2017-01-01,14.2,0,8.1,02:13,20.3,16:05,14,0.6,7.2,00:10,54,76,19:30,16,22:40,2025-05-06 19:20:02.619442,2025-05-06 19:20:02.619442
240265,136,2017-01-02,15.9,0,10.8,06:49,21,16:31,16,1.1,8.6,02:00,43,62,18:00,16,00:00,2025-05-06 19:20:02.705928,2025-05-06 19:20:02.705928
240282,136,2017-01-03,16.6,0,11.7,00:01,21.5,15:58,16,3.1,13.6,06:20,33,66,09:50,24,18:00,2025-05-06 19:20:02.801222,2025-05-06 19:20:02.801222
240299,136,2017-01-04,16.4,0,11,23:39,21.8,15:31,15,1.7,7.2,00:30,41,81,19:00,24,07:00,2025-05-06 19:20:02.897606,2025-05-06 19:20:02.897606
240316,136,2017-01-05,16.4,1,10.6,16:50,22.2,11:14,14,3.9,10.6,17:40,47,91,16:20,28,11:20,2025-05-06 19:21:15.236115,2025-05-06 19:21:15.236115
240333,136,2017-01-06,15,0,8.7,05:45,21.3,17:09,16,1.1,13.6,23:59,28,59,05:40,10,19:50,2025-05-06 19:21:15.368686,2025-05-06 19:21:15.368686
240350,136,2017-01-07,15.8,0,11.2,18:50,20.5,,16,3.6,23.1,23:50,22,34,18:40,13,00:00,2025-05-06 19:21:15.470836,2025-05-06 19:21:15.470836
240367,136,2017-01-08,15.4,0,9.8,07:55,21,13:31,16,3.6,21.1,00:10,31,55,10:00,22,18:00,2025-05-06 19:21:15.570216,2025-05-06 19:21:15.570216
240384,136,2017-01-09,15.9,0,10.5,19:43,21.3,13:46,16,6.9,13.6,00:50,34,58,21:50,25,,2025-05-06 19:21:15.659471,2025-05-06 19:21:15.659471
240401,136,2017-01-10,12.8,0,7,07:29,18.6,15:26,12,2.2,7.2,03:40,82,100,,28,00:10,2025-05-06 19:21:15.752814,2025-05-06 19:21:15.752814
240418,136,2017-01-11,11.1,11.6,8.3,01:51,13.9,13:39,34,1.4,7.8,20:00,94,100,,74,13:40,2025-05-06 19:21:15.847111,2025-05-06 19:21:15.847111
240435,136,2017-01-12,12.8,0.4,9.9,07:50,15.8,16:28,14,4.2,15.6,22:00,95,100,,58,23:40,2025-05-06 19:21:15.935309,2025-05-06 19:21:15.935309
240452,136,2017-01-13,14,0,8.7,07:37,19.4,14:29,16,4.7,15,19:50,42,66,06:00,29,17:10,2025-05-06 19:21:16.019748,2025-05-06 19:21:16.019748
240469,136,2017-01-14,11.8,3.4,8.2,04:08,15.3,11:37,14,4.4,12.5,00:10,85,100,,42,00:00,2025-05-06 19:21:16.109032,2025-05-06 19:21:16.109032
240486,136,2017-01-15,9.9,0.2,7.9,07:20,11.9,16:06,8,2.5,7.5,23:10,98,100,,87,16:10,2025-05-06 19:21:16.186356,2025-05-06 19:21:16.186356
240503,136,2017-01-16,11.8,0.2,6.7,21:48,17,15:52,12,6.1,11.7,09:00,76,100,,45,19:40,2025-05-06 19:21:16.269459,2025-05-06 19:21:16.269459
240520,136,2017-01-17,12.5,0,6.9,22:30,18.1,13:45,14,3.9,12.5,02:30,69,97,23:20,48,12:00,2025-05-06 19:21:16.359079,2025-05-06 19:21:16.359079
240537,136,2017-01-18,9.5,0.4,7,06:18,12,15:29,36,1.9,6.7,19:40,82,100,,70,12:20,2025-05-06 19:21:16.446471,2025-05-06 19:21:16.446471
240554,136,2017-01-19,10.4,0.6,7.7,04:03,13.1,14:02,34,3.9,9.2,08:40,92,100,,72,14:30,2025-05-06 19:21:16.523440,2025-05-06 19:21:16.523440
240571,136,2017-01-20,10.3,0.8,7.9,03:18,12.7,11:39,29,2.8,8.3,23:10,97,100,,84,17:10,2025-05-06 19:21:16.601806,2025-05-06 19:21:16.601806
240588,136,2017-01-21,11.6,5.4,8.7,07:48,14.4,13:04,34,3.9,10.8,17:40,90,100,,71,13:00,2025-05-06 19:21:16.688348,2025-05-06 19:21:16.688348
240605,136,2017-01-22,10.3,0.2,7.9,22:55,12.7,14:31,34,3.1,8.6,20:50,97,100,,74,14:50,2025-05-06 19:21:16.762682,2025-05-06 19:21:16.762682
240622,136,2017-01-23,9.4,8.6,7.1,02:49,11.6,15:40,34,3.9,10.8,15:10,100,100,,97,,2025-05-06 19:21:16.849568,2025-05-06 19:21:16.849568
240639,136,2017-01-24,11.5,0.2,7.7,06:45,15.3,13:33,10,1.4,6.7,22:50,91,100,,66,16:00,2025-05-06 19:21:16.938118,2025-05-06 19:21:16.938118
240656,136,2017-01-25,10.5,0,7.3,23:53,13.7,13:32,12,1.4,7.5,10:50,90,100,,78,14:10,2025-05-06 19:21:17.028441,2025-05-06 19:21:17.028441
240673,136,2017-01-26,12.2,3,6.5,07:04,17.9,15:24,30,2.2,6.1,01:10,76,100,,55,11:20,2025-05-06 19:21:17.115448,2025-05-06 19:21:17.115448
240690,136,2017-01-27,11.8,0.8,9.4,05:50,14.3,12:30,12,1.1,5.6,23:40,97,100,,86,12:10,2025-05-06 19:21:17.215228,2025-05-06 19:21:17.215228
240707,136,2017-01-28,11.2,0,7.5,01:33,15,12:12,13,2.2,8.3,02:40,91,100,,79,12:20,2025-05-06 19:21:17.301523,2025-05-06 19:21:17.301523
240724,136,2017-01-29,11.6,0,8.3,,14.9,12:38,14,1.4,5.6,09:00,91,100,,74,12:40,2025-05-06 19:21:17.411451,2025-05-06 19:21:17.411451
240740,136,2017-01-30,12.3,0,8.4,22:38,16.2,12:31,13,1.4,5.8,12:30,95,100,,79,12:50,2025-05-06 19:21:17.478309,2025-05-06 19:21:17.478309
240757,136,2017-01-31,10.7,6,8.4,,13,13:32,36,5,12.5,14:40,98,100,,90,14:10,2025-05-06 19:21:17.556039,2025-05-06 19:21:17.556039
240774,136,2017-02-01,9.5,8.8,8.2,22:59,10.8,14:53,35,2.5,11.4,08:50,100,100,,100,,2025-05-06 19:21:17.613910,2025-05-06 19:21:17.613910
240791,136,2017-02-02,11.3,1.4,8,00:45,14.6,11:23,33,1.9,8.1,03:20,96,100,,87,17:40,2025-05-06 19:21:17.686753,2025-05-06 19:21:17.686753
240808,136,2017-02-03,12.1,0.2,7.9,22:01,16.3,13:09,13,1.4,6.1,23:40,,100,,72,10:40,2025-05-06 19:21:17.764650,2025-05-06 19:21:17.764650
240825,136,2017-02-04,12,0.4,6.5,07:16,17.5,14:49,99,2.2,5.3,,87,100,,49,22:30,2025-05-06 19:21:17.844600,2025-05-06 19:21:17.844600
240842,136,2017-02-05,13.6,0.2,8.2,00:48,18.9,14:30,12,4.2,10.3,11:40,89,100,,66,15:20,2025-05-06 19:21:17.917729,2025-05-06 19:21:17.917729
240859,136,2017-02-06,13.8,0,8,06:38,19.6,10:54,12,2.2,5.3,00:10,83,100,,38,08:10,2025-05-06 19:21:18.001552,2025-05-06 19:21:18.001552
240876,136,2017-02-07,14.5,0,8.6,22:09,20.4,14:44,12,1.4,4.4,14:40,90,100,,43,20:40,2025-05-06 19:21:18.084062,2025-05-06 19:21:18.084062
240893,136,2017-02-08,13,0,7.1,23:28,18.9,14:29,10,2.5,7.2,11:30,82,100,,63,14:10,2025-05-06 19:21:18.162743,2025-05-06 19:21:18.162743
240910,136,2017-02-09,11.1,2.6,7,01:07,15.2,13:47,30,2.5,9.7,22:50,87,100,,59,16:50,2025-05-06 19:21:18.237205,2025-05-06 19:21:18.237205
240927,136,2017-02-10,8.7,28.2,7,23:14,10.4,07:42,34,4.2,11.7,08:00,100,100,,100,,2025-05-06 19:21:18.316018,2025-05-06 19:21:18.316018
240944,136,2017-02-11,12.8,1.4,7.1,00:01,18.5,15:09,23,3.1,14.2,23:40,90,100,,70,05:30,2025-05-06 19:21:18.396687,2025-05-06 19:21:18.396687
240961,136,2017-02-12,10.8,5.2,7.3,22:48,14.4,11:27,26,7.5,33.1,08:50,91,100,,77,03:20,2025-05-06 19:21:18.475101,2025-05-06 19:21:18.475101
240978,136,2017-02-13,11,0,5.6,05:51,16.5,11:52,11,2.2,7.5,11:00,89,100,,78,11:40,2025-05-06 19:21:18.556590,2025-05-06 19:21:18.556590
240995,136,2017-02-14,11.2,0,5.5,01:15,16.8,12:37,13,0.8,6.4,23:59,75,99,,50,10:40,2025-05-06 19:21:18.639442,2025-05-06 19:21:18.639442
241012,136,2017-02-15,12.9,4.8,7.8,00:32,18,10:33,12,3.6,6.9,18:00,81,100,,54,10:20,2025-05-06 19:21:18.720142,2025-05-06 19:21:18.720142
241029,136,2017-02-16,15.3,0.6,9.7,02:19,20.9,14:52,11,2.2,6.4,13:40,91,100,,39,22:40,2025-05-06 19:21:18.807001,2025-05-06 19:21:18.807001
241046,136,2017-02-17,17.3,,10.5,05:30,24.1,14:32,13,4.4,13.9,11:40,47,73,05:30,30,14:40,2025-05-06 19:21:18.898565,2025-05-06 19:21:18.898565
241063,136,2017-02-18,13.4,0,9.5,23:55,17.4,10:37,9,3.1,10,03:40,81,100,,49,00:00,2025-05-06 19:21:18.989967,2025-05-06 19:21:18.989967
241080,136,2017-02-19,11.7,18.6,9,07:36,14.4,13:18,33,2.8,9.2,22:10,91,100,,74,13:20,2025-05-06 19:21:19.087774,2025-05-06 19:21:19.087774
241097,136,2017-02-20,9.7,1.6,6.5,05:56,12.9,13:22,34,3.3,11.7,19:10,97,100,,89,13:30,2025-05-06 19:21:19.182051,2025-05-06 19:21:19.182051
241114,136,2017-02-21,9,17,7.8,07:45,10.2,15:20,36,5,13.3,22:10,100,100,,100,,2025-05-06 19:21:19.278069,2025-05-06 19:21:19.278069
241131,136,2017-02-22,9.8,4,8.7,02:50,11,13:58,34,5.6,11.9,00:40,100,100,,100,,2025-05-06 19:21:19.365824,2025-05-06 19:21:19.365824
241148,136,2017-02-23,11.4,0.6,8.4,22:33,14.3,15:09,34,2.5,8.3,00:40,99,100,,86,15:50,2025-05-06 19:21:19.460347,2025-05-06 19:21:19.460347
241165,136,2017-02-24,10.8,2.2,8.7,00:20,13,16:06,32,1.7,8.1,04:50,100,100,,89,16:10,2025-05-06 19:21:19.541946,2025-05-06 19:21:19.541946
241182,136,2017-02-25,11.4,2.2,7.9,06:32,14.9,13:30,35,1.7,6.9,06:30,93,100,,78,13:30,2025-05-06 19:21:19.624340,2025-05-06 19:21:19.624340
241199,136,2017-02-26,10.8,0.4,8.5,,13.2,14:32,6,1.7,6.7,00:50,98,100,,81,14:50,2025-05-06 19:21:19.719923,2025-05-06 19:21:19.719923
241216,136,2017-02-27,11,0.2,7.7,07:00,14.2,13:38,36,2.2,5.8,13:50,95,100,,76,13:40,2025-05-06 19:21:19.798236,2025-05-06 19:21:19.798236
241232,136,2017-02-28,10.6,0.2,7.9,06:21,13.3,14:28,14,1.4,7.2,21:10,98,100,,84,14:20,2025-05-06 19:21:19.872499,2025-05-06 19:21:19.872499
241248,136,2017-03-01,14.1,0.2,8.6,04:49,19.6,15:13,12,3.6,8.9,11:00,91,100,,74,13:20,2025-05-06 19:21:19.959906,2025-05-06 19:21:19.959906
241265,136,2017-03-02,10.4,6,8.2,03:36,12.7,12:20,29,3.3,12.2,21:30,100,100,,75,04:20,2025-05-06 19:21:20.058264,2025-05-06 19:21:20.058264
241282,136,2017-03-03,9.8,2.8,7.6,,11.9,15:47,34,4.2,11.7,03:40,100,100,,97,23:30,2025-05-06 19:21:20.155733,2025-05-06 19:21:20.155733
241299,136,2017-03-04,10.8,2,6.9,01:34,14.8,15:13,35,2.8,8.6,11:30,93,100,,74,15:20,2025-05-06 19:21:20.244386,2025-05-06 19:21:20.244386
241316,136,2017-03-05,12,0.2,9.6,06:19,14.4,13:22,13,2.5,9.2,23:20,99,100,,87,14:20,2025-05-06 19:21:20.335602,2025-05-06 19:21:20.335602
241333,136,2017-03-06,16,0,9.9,02:32,22.1,15:20,13,4.4,11.1,23:59,92,100,,39,23:30,2025-05-06 19:21:20.431881,2025-05-06 19:21:20.431881
241349,136,2017-03-07,19.8,0,12.6,06:21,26.9,15:31,13,3.9,11.7,12:40,45,58,00:50,32,,2025-05-06 19:21:20.513619,2025-05-06 19:21:20.513619
241366,136,2017-03-08,23.4,0,15.8,04:51,30.9,14:41,11,4.7,10,09:40,28,43,,21,21:30,2025-05-06 19:21:20.600129,2025-05-06 19:21:20.600129
241383,136,2017-03-09,24.5,0,18,07:02,31,14:47,8,3.9,11.4,15:00,26,37,07:00,18,15:00,2025-05-06 19:21:20.689634,2025-05-06 19:21:20.689634
241400,136,2017-03-10,24.8,0,18.4,02:21,31.1,14:00,13,4.4,10,10:50,22,33,08:10,17,14:20,2025-05-06 19:21:20.779205,2025-05-06 19:21:20.779205
241417,136,2017-03-11,22,0,16.1,21:23,28,12:59,12,5.6,15,09:40,21,37,21:30,18,10:10,2025-05-06 19:21:20.873493,2025-05-06 19:21:20.873493
241434,136,2017-03-12,17,0,9.6,22:53,24.5,11:03,14,3.9,11.9,10:40,56,99,22:10,25,00:00,2025-05-06 19:21:20.975176,2025-05-06 19:21:20.975176
241451,136,2017-03-13,14,1.8,8.8,22:24,19.2,15:04,12,2.5,8.9,13:50,84,100,,60,12:50,2025-05-06 19:21:21.083768,2025-05-06 19:21:21.083768
241468,136,2017-03-14,11.4,0,7.7,05:32,15.1,15:47,1,3.1,9.7,04:40,87,100,,65,15:30,2025-05-06 19:21:21.177436,2025-05-06 19:21:21.177436
241485,136,2017-03-15,11,0,6.1,07:10,16,13:45,34,2.8,7.2,14:00,94,100,,69,13:50,2025-05-06 19:21:21.262921,2025-05-06 19:21:21.262921
241502,136,2017-03-16,12.4,6.4,8.3,03:47,16.4,14:06,36,3.6,9.4,21:00,83,100,,66,13:20,2025-05-06 19:21:21.349639,2025-05-06 19:21:21.349639
241519,136,2017-03-17,10.8,,7.4,00:57,14.2,11:06,27,3.6,9.2,14:10,97,100,,83,16:40,2025-05-06 19:21:21.443826,2025-05-06 19:21:21.443826
241536,136,2017-03-18,11.6,3.8,6.6,05:41,16.7,10:52,15,1.9,9.2,14:40,86,100,,67,10:00,2025-05-06 19:21:21.532861,2025-05-06 19:21:21.532861
241552,136,2017-03-19,10.4,15.8,7.5,11:00,13.4,09:42,34,2.2,10,22:10,99,100,,81,08:40,2025-05-06 19:21:21.610988,2025-05-06 19:21:21.610988
241568,136,2017-03-20,12.1,0.2,8.9,02:27,15.3,12:22,31,3.6,10,18:30,97,100,,82,12:20,2025-05-06 19:21:21.689871,2025-05-06 19:21:21.689871
241585,136,2017-03-21,9.6,0.2,6,04:31,13.2,14:24,34,1.7,7.2,15:40,94,100,,84,15:10,2025-05-06 19:21:21.772818,2025-05-06 19:21:21.772818
241602,136,2017-03-22,10.6,2.2,7.9,04:25,13.4,12:39,35,2.2,8.9,21:10,88,100,,74,12:40,2025-05-06 19:21:21.852685,2025-05-06 19:21:21.852685
241618,136,2017-03-23,9.5,7.4,6.7,23:55,12.3,10:59,2,2.5,9.7,19:10,98,100,,85,11:10,2025-05-06 19:21:21.932389,2025-05-06 19:21:21.932389
241634,136,2017-03-24,8.8,6.8,6,01:38,11.5,17:53,1,1.9,7.5,11:00,96,100,,90,18:00,2025-05-06 19:21:22.006826,2025-05-06 19:21:22.006826
241651,136,2017-03-25,11.1,2.8,5.9,06:16,16.3,17:06,14,1.1,5,00:10,87,100,,69,17:10,2025-05-06 19:21:22.074083,2025-05-06 19:21:22.074083
241668,136,2017-03-26,10.8,0,6.3,,15.4,15:32,28,2.2,8.3,07:20,86,100,,71,10:30,2025-05-06 19:21:22.157231,2025-05-06 19:21:22.157231
241685,136,2017-03-27,12,0.4,7.6,06:28,16.3,10:41,34,1.4,4.2,11:30,97,100,,67,10:40,2025-05-06 19:21:22.241090,2025-05-06 19:21:22.241090
241702,136,2017-03-28,13.6,0,6.5,03:19,20.7,15:41,12,4.7,10.8,10:20,71,100,,42,10:40,2025-05-06 19:21:22.341570,2025-05-06 19:21:22.341570
241719,136,2017-03-29,15.4,0,7.5,00:06,23.4,13:50,10,2.8,6.9,14:20,33,76,00:00,11,20:50,2025-05-06 19:21:22.458953,2025-05-06 19:21:22.458953
241735,136,2017-03-30,17.4,0,10.2,00:47,24.6,11:29,14,2.8,6.1,07:20,43,60,06:10,26,10:40,2025-05-06 19:21:22.593214,2025-05-06 19:21:22.593214
241752,136,2017-03-31,18.1,0,11.9,01:05,24.3,14:39,99,3.9,8.6,,56,71,17:50,28,19:20,2025-05-06 19:21:22.723445,2025-05-06 19:21:22.723445
241769,136,2017-04-01,22,0,13.7,05:08,30.3,15:13,15,5,14.7,08:30,45,62,05:30,26,00:30,2025-05-06 19:21:22.833541,2025-05-06 19:21:22.833541
241786,136,2017-04-02,23.3,0,16.7,06:53,29.9,09:41,14,2.8,11.4,04:20,31,52,22:10,19,09:40,2025-05-06 19:21:22.927740,2025-05-06 19:21:22.927740
241803,136,2017-04-03,19.2,0,13,22:17,25.5,14:45,12,2.5,7.5,23:10,34,60,16:40,4,23:10,2025-05-06 19:21:23.013367,2025-05-06 19:21:23.013367
241820,136,2017-04-04,17.5,0,11.2,22:47,23.8,10:43,12,1.7,7.2,03:20,44,83,18:50,9,06:40,2025-05-06 19:21:23.104833,2025-05-06 19:21:23.104833
241837,136,2017-04-05,16.3,0,11.5,19:29,21.1,14:31,10,1.7,6.7,06:40,39,88,19:20,21,08:30,2025-05-06 19:21:23.190741,2025-05-06 19:21:23.190741
241854,136,2017-04-06,12.8,0,7.5,06:27,18.1,15:07,28,3.9,8.1,07:10,83,100,,45,02:00,2025-05-06 19:21:23.281247,2025-05-06 19:21:23.281247
241871,136,2017-04-07,12.8,0,8.4,23:17,17.3,13:39,33,4.2,7.8,14:10,84,100,,68,13:00,2025-05-06 19:21:23.363164,2025-05-06 19:21:23.363164
241888,136,2017-04-08,13.4,0,8.4,03:58,18.3,13:04,99,3.1,6.9,,86,100,,67,12:20,2025-05-06 19:21:23.423628,2025-05-06 19:21:23.423628
241905,136,2017-04-09,13.2,0,8.2,06:24,18.2,13:07,32,2.8,6.4,11:40,90,100,,69,11:00,2025-05-06 19:21:23.492818,2025-05-06 19:21:23.492818
241922,136,2017-04-10,14.2,0,8.3,05:03,20.2,12:24,13,2.5,6.1,05:40,92,100,,70,12:30,2025-05-06 19:21:23.545065,2025-05-06 19:21:23.545065
241939,136,2017-04-11,15.8,0,9.5,04:13,22,11:26,11,2.2,7.5,13:40,81,100,,61,11:50,2025-05-06 19:21:23.598969,2025-05-06 19:21:23.598969
241956,136,2017-04-12,,,,,,,0,1.7,,,63,,,,,2025-05-06 19:21:23.664608,2025-05-06 19:21:23.664608
241972,136,2017-04-13,16.2,0,11,06:01,21.5,14:53,99,3.6,7.8,,68,99,20:20,55,11:50,2025-05-06 19:21:23.743205,2025-05-06 19:21:23.743205
241988,136,2017-04-14,17.1,0,10.7,03:26,23.5,15:59,12,3.1,8.6,00:20,67,85,18:50,30,23:40,2025-05-06 19:21:23.855298,2025-05-06 19:21:23.855298
242005,136,2017-04-15,21.2,0,15,05:06,27.3,13:43,14,4.4,9.2,22:50,38,50,08:30,29,00:00,2025-05-06 19:21:23.935012,2025-05-06 19:21:23.935012
242022,136,2017-04-16,23.8,0,18.8,00:51,28.9,15:23,14,5.8,14.7,14:20,22,34,00:50,18,13:30,2025-05-06 19:21:24.002751,2025-05-06 19:21:24.002751
242039,136,2017-04-17,25.8,0,19.8,22:50,31.7,16:02,11,3.6,10.8,13:50,19,29,22:50,13,13:00,2025-05-06 19:21:24.065998,2025-05-06 19:21:24.065998
242056,136,2017-04-18,23.6,0,17.4,23:56,29.9,10:13,6,1.9,5.3,11:50,44,68,19:10,19,03:00,2025-05-06 19:21:24.153258,2025-05-06 19:21:24.153258
242073,136,2017-04-19,14,0,10.6,03:34,17.5,00:01,28,2.8,6.9,17:20,94,100,,40,00:00,2025-05-06 19:21:24.243618,2025-05-06 19:21:24.243618
242090,136,2017-04-20,14.8,0.2,10.8,05:51,18.9,14:11,34,3.9,8.6,12:30,85,100,,65,14:00,2025-05-06 19:21:24.329382,2025-05-06 19:21:24.329382
242107,136,2017-04-21,14.6,0,9.6,04:23,19.5,14:26,32,4.2,8.9,02:00,81,100,,61,15:00,2025-05-06 19:21:24.383093,2025-05-06 19:21:24.383093
242124,136,2017-04-22,14.6,0,10.2,05:20,19,13:33,31,2.2,6.7,06:00,80,100,,59,11:40,2025-05-06 19:21:24.450286,2025-05-06 19:21:24.450286
242141,136,2017-04-23,15,0.6,10.3,,19.7,15:22,4,2.2,6.4,15:50,78,100,,60,14:40,2025-05-06 19:21:24.533046,2025-05-06 19:21:24.533046
242157,136,2017-04-24,15.4,0,10.8,03:01,19.9,11:22,34,1.9,7.2,13:20,80,100,,65,15:20,2025-05-06 19:21:24.608950,2025-05-06 19:21:24.608950
242173,136,2017-04-25,16.7,0,9.7,06:29,23.7,14:09,11,1.1,7.2,09:40,71,100,,52,07:10,2025-05-06 19:21:24.687135,2025-05-06 19:21:24.687135
242190,136,2017-04-26,17.4,0,12.4,04:15,22.4,13:58,11,1.1,7.8,21:10,75,100,,65,08:50,2025-05-06 19:21:24.779009,2025-05-06 19:21:24.779009
242206,136,2017-04-27,18.6,0,14.2,04:27,23,15:07,99,3.9,15.3,,63,92,21:00,50,16:00,2025-05-06 19:21:24.865514,2025-05-06 19:21:24.865514
242223,136,2017-04-28,18.4,0,13.2,22:30,23.7,13:20,24,1.9,11.9,12:30,69,95,21:40,46,13:30,2025-05-06 19:21:24.947843,2025-05-06 19:21:24.947843
242240,136,2017-04-29,17.4,9.2,12.2,21:45,22.7,11:13,35,2.2,6.4,11:50,92,100,,68,08:10,2025-05-06 19:21:25.042217,2025-05-06 19:21:25.042217
242257,136,2017-04-30,13.2,0.2,9.7,23:53,16.6,11:48,36,2.5,6.9,05:50,90,100,,75,14:40,2025-05-06 19:21:25.148250,2025-05-06 19:21:25.148250
242274,136,2017-05-01,13.8,1.2,9.2,00:41,18.4,15:03,99,1.7,5.8,,89,100,,75,14:30,2025-05-06 19:21:25.258339,2025-05-06 19:21:25.258339
242291,136,2017-05-02,14.8,0,10.9,24:00,18.6,13:47,33,2.2,6.1,18:30,88,100,,75,13:40,2025-05-06 19:21:25.356112,2025-05-06 19:21:25.356112
242308,136,2017-05-03,15.6,0,10,,21.1,11:14,30,1.9,5.8,04:00,86,100,,66,11:10,2025-05-06 19:21:25.459835,2025-05-06 19:21:25.459835
242325,136,2017-05-04,16,0.8,10.3,05:34,21.8,10:50,12,1.7,5.6,10:10,89,100,,58,10:50,2025-05-06 19:21:25.557857,2025-05-06 19:21:25.557857
242342,136,2017-05-05,13.8,3.6,11.3,22:35,16.4,10:32,33,0.8,4.7,10:50,100,100,,90,10:40,2025-05-06 19:21:25.650831,2025-05-06 19:21:25.650831
242359,136,2017-05-06,14.2,0.2,9.1,06:19,19.2,09:42,13,1.4,5,10:10,95,100,,69,09:00,2025-05-06 19:21:25.733828,2025-05-06 19:21:25.733828
242376,136,2017-05-07,14.9,0,8.8,05:59,21,11:13,99,2.2,5.8,,80,100,,64,11:50,2025-05-06 19:21:25.813716,2025-05-06 19:21:25.813716
242393,136,2017-05-08,17.8,0.2,10,01:36,25.6,14:28,24,1.9,16.1,16:30,78,100,,42,16:20,2025-05-06 19:21:25.882730,2025-05-06 19:21:25.882730
242410,136,2017-05-09,17.9,0,12.5,,23.3,11:49,14,2.2,6.1,14:40,73,100,,60,09:40,2025-05-06 19:21:25.945554,2025-05-06 19:21:25.945554
242426,136,2017-05-10,17.1,0,12.2,23:55,22,12:17,36,1.4,6.1,14:00,87,100,,60,12:10,2025-05-06 19:21:26.023069,2025-05-06 19:21:26.023069
242442,136,2017-05-11,17,15.5,12,00:30,22.1,11:17,25,3.9,10,06:40,77,100,,50,10:40,2025-05-06 19:21:26.100564,2025-05-06 19:21:26.100564
242458,136,2017-05-12,14.4,4,11.3,06:11,17.4,10:18,34,2.2,7.8,20:20,100,100,,87,10:20,2025-05-06 19:21:26.162880,2025-05-06 19:21:26.162880
242474,136,2017-05-13,14.9,0,10.5,04:49,19.3,16:56,35,2.2,6.4,11:40,86,100,,70,15:30,2025-05-06 19:21:26.223285,2025-05-06 19:21:26.223285
242490,136,2017-05-14,16.1,0,10.3,00:19,21.9,14:39,12,3.1,7.8,11:50,78,100,,44,22:30,2025-05-06 19:21:26.289140,2025-05-06 19:21:26.289140
242507,136,2017-05-15,19.6,0,11.7,03:00,27.6,14:52,12,2.2,6.4,09:40,63,85,18:00,21,19:10,2025-05-06 19:21:26.356264,2025-05-06 19:21:26.356264
242524,136,2017-05-16,20.4,0,13.4,02:07,27.4,09:06,12,2.2,7.8,01:00,45,71,19:00,24,00:00,2025-05-06 19:21:26.436008,2025-05-06 19:21:26.436008
242541,136,2017-05-17,19,0,13.5,21:32,24.5,13:49,26,3.1,5.8,22:30,54,99,21:20,25,00:40,2025-05-06 19:21:26.518940,2025-05-06 19:21:26.518940
242558,136,2017-05-18,18,0,12.8,23:16,23.1,12:08,13,1.9,8.6,07:00,70,99,21:10,43,00:10,2025-05-06 19:21:26.594991,2025-05-06 19:21:26.594991
242575,136,2017-05-19,15,0,11.7,04:03,18.4,13:40,35,2.2,5.6,12:50,92,100,,79,08:50,2025-05-06 19:21:26.669314,2025-05-06 19:21:26.669314
242592,136,2017-05-20,16.8,0,12.5,,21,13:57,99,3.6,6.9,,89,100,,74,14:00,2025-05-06 19:21:26.750600,2025-05-06 19:21:26.750600
242608,136,2017-05-21,12.8,0,11.1,23:48,14.5,14:23,33,4.2,9.2,17:20,97,100,,93,18:40,2025-05-06 19:21:26.828452,2025-05-06 19:21:26.828452
242624,136,2017-05-22,13.5,0.4,11,04:33,16,14:23,35,2.8,8.6,08:40,93,100,,81,15:50,2025-05-06 19:21:26.910850,2025-05-06 19:21:26.910850
242640,136,2017-05-23,14,0.2,11.2,02:22,16.9,14:38,34,3.6,7.8,18:20,92,100,,76,14:40,2025-05-06 19:21:26.990667,2025-05-06 19:21:26.990667
242656,136,2017-05-24,15.4,0,11.6,01:18,19.2,16:26,34,3.6,9.7,14:50,87,100,,67,15:50,2025-05-06 19:21:27.066765,2025-05-06 19:21:27.066765
242672,136,2017-05-25,16.2,0,11.6,01:33,20.7,13:32,26,3.9,8.9,13:10,78,100,00:30,64,13:20,2025-05-06 19:21:27.139409,2025-05-06 19:21:27.139409
242688,136,2017-05-26,17.6,0,12,06:37,23.2,14:37,29,2.5,6.4,03:30,77,100,,49,13:50,2025-05-06 19:21:27.213850,2025-05-06 19:21:27.213850
242704,136,2017-05-27,15.3,2.2,12.4,05:32,18.2,09:13,33,1.4,4.7,09:40,96,100,,87,09:10,2025-05-06 19:21:27.289443,2025-05-06 19:21:27.289443
242720,136,2017-05-28,16.4,0.7,10.9,03:32,22,13:59,30,3.6,7.5,15:40,82,100,,64,14:30,2025-05-06 19:21:27.349846,2025-05-06 19:21:27.349846
242736,136,2017-05-29,16.4,2.8,12.8,22:05,20.1,16:48,32,3.1,7.8,12:00,94,100,,69,16:50,2025-05-06 19:21:27.418235,2025-05-06 19:21:27.418235
242753,136,2017-05-30,15.4,3.4,12.1,23:44,18.8,13:58,32,2.2,9.2,07:50,91,100,,77,14:00,2025-05-06 19:21:27.482243,2025-05-06 19:21:27.482243
242770,136,2017-05-31,15.1,2.6,12.5,00:01,17.7,14:16,36,3.6,10.3,08:40,99,100,,86,14:20,2025-05-06 19:21:27.551382,2025-05-06 19:21:27.551382
242787,136,2017-06-01,15.7,0,12.8,00:11,18.6,15:00,36,3.3,8.6,07:40,97,100,,83,15:40,2025-05-06 19:21:27.633293,2025-05-06 19:21:27.633293
242804,136,2017-06-02,16,0,11.9,06:05,20.1,14:04,27,3.6,7.5,08:00,87,100,,73,14:30,2025-05-06 19:21:27.714687,2025-05-06 19:21:27.714687
242821,136,2017-06-03,16.4,1,11.8,06:00,21.1,14:30,34,2.8,6.7,18:00,92,100,,73,15:30,2025-05-06 19:21:27.788273,2025-05-06 19:21:27.788273
242838,136,2017-06-04,14.7,0.4,12,23:22,17.4,14:06,34,1.9,7.2,10:20,89,100,,78,12:40,2025-05-06 19:21:27.849928,2025-05-06 19:21:27.849928
242855,136,2017-06-05,15.6,0,11.5,04:18,19.8,12:49,34,1.9,6.1,13:30,85,100,,70,14:40,2025-05-06 19:21:27.918901,2025-05-06 19:21:27.918901
242872,136,2017-06-06,16.2,0.2,11.4,02:48,20.9,13:48,33,1.7,6.1,13:50,83,100,,57,13:20,2025-05-06 19:21:27.976547,2025-05-06 19:21:27.976547
242889,136,2017-06-07,17.3,0,12.6,23:30,22,14:22,28,2.5,7.8,22:40,85,100,,67,13:10,2025-05-06 19:21:28.052136,2025-05-06 19:21:28.052136
242906,136,2017-06-08,17,0,11.7,06:34,22.2,14:21,30,3.3,7.2,03:40,85,100,,8,23:50,2025-05-06 19:21:28.139408,2025-05-06 19:21:28.139408
242923,136,2017-06-09,20.2,0,12.3,05:26,28,11:35,12,2.5,5.6,06:40,59,82,19:30,8,00:00,2025-05-06 19:21:28.224550,2025-05-06 19:21:28.224550
242940,136,2017-06-10,19.2,0,13.1,,25.2,15:48,35,1.7,4.7,11:10,54,100,,35,08:40,2025-05-06 19:21:28.305702,2025-05-06 19:21:28.305702
242957,136,2017-06-11,16.8,0,11.7,05:57,21.9,15:43,30,3.1,7.5,11:40,81,100,,68,12:50,2025-05-06 19:21:28.386688,2025-05-06 19:21:28.386688
242974,136,2017-06-12,17,0.2,12.8,05:30,21.3,14:38,33,5.3,10.3,12:00,86,100,,67,14:30,2025-05-06 19:21:28.468847,2025-05-06 19:21:28.468847
242991,136,2017-06-13,16.2,0,12.4,21:49,19.9,12:32,34,3.1,7.5,17:10,85,100,,71,12:40,2025-05-06 19:21:28.547580,2025-05-06 19:21:28.547580
243008,136,2017-06-14,15.4,2.2,12.8,03:37,18,16:00,34,2.5,7.2,14:30,89,100,,75,16:00,2025-05-06 19:21:28.620243,2025-05-06 19:21:28.620243
243025,136,2017-06-15,14,3,12.8,03:25,15.3,11:43,1,2.2,7.5,12:50,100,100,,100,,2025-05-06 19:21:28.700299,2025-05-06 19:21:28.700299
243042,136,2017-06-16,16.8,0,12.2,,21.4,14:24,34,2.8,7.2,11:00,92,100,,71,13:50,2025-05-06 19:21:28.783507,2025-05-06 19:21:28.783507
243059,136,2017-06-17,17.7,0,12.6,05:19,22.8,15:50,33,3.3,6.7,13:00,80,100,,65,13:20,2025-05-06 19:21:28.870354,2025-05-06 19:21:28.870354
243076,136,2017-06-18,18.4,0,12.8,06:16,24.1,11:44,8,2.2,5.8,12:40,80,100,,64,11:20,2025-05-06 19:21:28.957396,2025-05-06 19:21:28.957396
243093,136,2017-06-19,19,0,12.8,06:22,25.1,13:46,33,1.7,5.8,17:20,75,100,,57,13:50,2025-05-06 19:21:29.037437,2025-05-06 19:21:29.037437
243110,136,2017-06-20,18.2,0,13.2,,23.1,13:48,32,2.2,6.7,09:10,79,100,,67,13:50,2025-05-06 19:21:29.125916,2025-05-06 19:21:29.125916
243126,136,2017-06-21,20.2,0,12.5,04:17,28,17:07,12,1.1,4.7,20:00,75,100,,17,23:10,2025-05-06 19:21:29.206071,2025-05-06 19:21:29.206071
243143,136,2017-06-22,27.8,0,19.5,03:38,36,15:26,14,4.7,14.7,13:30,31,54,20:10,16,01:30,2025-05-06 19:21:29.303799,2025-05-06 19:21:29.303799
243160,136,2017-06-23,28.4,0,20.7,00:10,36,13:37,13,4.2,10.6,05:30,28,42,19:30,17,05:00,2025-05-06 19:21:29.398467,2025-05-06 19:21:29.398467
243177,136,2017-06-24,28.1,0,20.6,20:44,35.6,10:26,35,1.7,5.3,15:00,26,47,19:10,19,00:00,2025-05-06 19:21:29.465282,2025-05-06 19:21:29.465282
243194,136,2017-06-25,27,0,21.2,20:48,32.8,13:48,34,2.2,6.1,02:30,40,60,17:30,24,10:10,2025-05-06 19:21:29.543557,2025-05-06 19:21:29.543557
243211,136,2017-06-26,26.2,0,18,23:55,34.4,17:40,13,1.7,6.4,10:40,41,75,19:50,25,10:00,2025-05-06 19:21:29.628506,2025-05-06 19:21:29.628506
243228,136,2017-06-27,24.4,0,17.8,,31,11:37,12,4.4,12.8,06:00,49,66,18:10,34,14:50,2025-05-06 19:21:29.690970,2025-05-06 19:21:29.690970
243245,136,2017-06-28,22,0,13.9,22:50,30,09:52,12,1.4,6.1,00:40,48,98,23:00,26,08:30,2025-05-06 19:21:29.776143,2025-05-06 19:21:29.776143
243262,136,2017-06-29,16,2.4,13.5,02:58,18.5,14:45,1,2.8,9.7,19:00,96,100,,83,10:00,2025-05-06 19:21:29.878819,2025-05-06 19:21:29.878819
243279,136,2017-06-30,15.6,1.2,12.3,06:42,18.9,15:40,1,3.1,9.4,13:10,95,100,,76,,2025-05-06 19:21:29.990141,2025-05-06 19:21:29.990141
243296,136,2017-07-01,15.5,0,11.9,06:15,19.1,17:39,34,2.5,7.8,01:30,85,100,,70,17:40,2025-05-06 19:21:30.104973,2025-05-06 19:21:30.104973
243313,136,2017-07-02,16.9,0,12,,21.8,14:19,33,2.8,7.5,12:50,79,100,,65,14:20,2025-05-06 19:21:30.200436,2025-05-06 19:21:30.200436
243330,136,2017-07-03,18.1,0,12,01:49,24.2,16:45,29,2.2,5.6,06:30,76,100,,41,22:50,2025-05-06 19:21:30.287425,2025-05-06 19:21:30.287425
243347,136,2017-12-31,15.7,0,11.4,23:12,20,12:59,14,3.6,8.6,21:10,44,94,19:50,31,06:10,2025-05-07 08:24:27.510718,2025-05-07 08:24:27.510718
243364,136,2018-01-01,14.7,0,9.6,05:37,19.8,11:42,14,2.5,8.3,02:00,65,99,21:00,33,10:10,2025-05-07 08:24:27.595783,2025-05-07 08:24:27.595783
243381,136,2018-01-02,15.1,0,10.6,03:34,19.6,12:37,12,5.8,13.3,11:20,45,100,,26,23:40,2025-05-07 08:24:27.680705,2025-05-07 08:24:27.680705
243398,136,2018-01-03,18.1,0,13.4,22:35,22.8,13:40,13,4.7,12.5,09:10,28,75,17:40,13,23:59,2025-05-07 08:24:27.755556,2025-05-07 08:24:27.755556
243415,136,2018-01-04,16.6,0,13.1,07:41,20.2,10:53,99,3.3,6.9,,56,85,18:00,9,00:00,2025-05-07 08:24:27.824460,2025-05-07 08:24:27.824460
243432,136,2018-01-05,15.4,2.6,9.5,22:14,21.4,13:19,29,3.6,11.1,22:50,52,100,,17,09:10,2025-05-07 08:24:27.888937,2025-05-07 08:24:27.888937
243449,136,2018-01-06,10,22.2,8.7,23:52,11.3,01:07,34,7.2,16.4,19:30,100,100,,81,00:40,2025-05-07 08:24:27.968865,2025-05-07 08:24:27.968865
243466,136,2018-01-07,10.1,5.8,7.6,07:21,12.6,14:22,34,5.6,16.4,03:00,95,100,,81,14:40,2025-05-07 08:24:28.058719,2025-05-07 08:24:28.058719
243483,136,2018-01-08,10.7,5.2,8.7,01:39,12.7,15:02,33,4.4,13.9,07:40,100,100,,100,,2025-05-07 08:24:28.154266,2025-05-07 08:24:28.154266
243500,136,2018-01-09,13.7,0.2,9.3,01:31,18.1,15:17,28,1.7,6.1,23:40,93,100,,76,13:40,2025-05-07 08:24:28.235617,2025-05-07 08:24:28.235617
243517,136,2018-01-10,13.5,7,10.9,,16.1,14:12,11,1.4,8.3,22:00,94,100,,81,16:50,2025-05-07 08:24:28.314994,2025-05-07 08:24:28.314994
243535,136,2018-01-11,11.2,1,8.5,20:02,14,14:57,13,4.4,8.1,23:59,99,100,,90,17:10,2025-05-07 08:24:28.393171,2025-05-07 08:24:28.393171
243553,136,2018-01-12,13,0,8.3,03:47,17.6,14:31,13,2.8,8.9,02:00,93,100,,75,13:40,2025-05-07 08:24:28.482115,2025-05-07 08:24:28.482115
243571,136,2018-01-13,11.8,10.6,8.8,,14.8,16:45,11,1.9,6.4,17:20,91,100,,72,16:50,2025-05-07 08:24:28.554535,2025-05-07 08:24:28.554535
243589,136,2018-01-14,9.8,14.6,8.3,20:23,11.4,14:33,36,2.5,9.2,15:30,100,100,,99,18:30,2025-05-07 08:24:28.631322,2025-05-07 08:24:28.631322
243607,136,2018-01-15,9,8.4,7.3,20:30,10.6,12:58,36,5.3,12.8,23:40,100,100,,93,21:00,2025-05-07 08:24:28.719296,2025-05-07 08:24:28.719296
243625,136,2018-01-16,8.9,0.4,7.8,06:33,10,16:02,1,5.6,14.7,04:10,99,100,,89,05:50,2025-05-07 08:24:28.802992,2025-05-07 08:24:28.802992
243643,136,2018-01-17,11.6,6.6,9.4,01:27,13.7,13:46,35,2.8,10,07:40,100,100,,91,14:00,2025-05-07 08:24:28.876910,2025-05-07 08:24:28.876910
243661,136,2018-01-18,10.8,5.2,8.4,07:59,13.2,12:15,35,5.8,12.2,06:50,100,100,,87,12:20,2025-05-07 08:24:28.962661,2025-05-07 08:24:28.962661
243679,136,2018-01-19,10.8,0,9.1,01:50,12.4,13:41,34,2.8,10.6,01:00,100,100,,92,16:00,2025-05-07 08:24:29.045978,2025-05-07 08:24:29.045978
243697,136,2018-01-20,11.8,0,9.3,23:37,14.3,14:12,12,3.9,8.3,19:20,97,100,,83,14:50,2025-05-07 08:24:29.119516,2025-05-07 08:24:29.119516
243715,136,2018-01-21,13.4,0.2,8.4,00:14,18.4,13:21,12,5.8,13.9,09:00,55,100,00:00,28,,2025-05-07 08:24:29.184479,2025-05-07 08:24:29.184479
243733,136,2018-01-22,14.5,0,8.6,22:37,20.4,11:41,14,3.3,8.3,06:40,52,100,,21,01:20,2025-05-07 08:24:29.247383,2025-05-07 08:24:29.247383
243751,136,2018-01-23,13.4,0,8.6,23:11,18.3,12:32,12,3.9,7.5,09:10,87,100,,39,20:10,2025-05-07 08:24:29.310960,2025-05-07 08:24:29.310960
243769,136,2018-01-24,13.4,0,8.1,01:38,18.6,15:46,99,3.9,6.9,,88,100,,51,03:00,2025-05-07 08:24:29.383837,2025-05-07 08:24:29.383837
243787,136,2018-01-25,10.2,0.2,7.1,00:37,13.4,14:14,14,1.1,4.7,23:20,96,100,,34,01:50,2025-05-07 08:24:29.454523,2025-05-07 08:24:29.454523
243805,136,2018-01-26,9.4,15.8,7.9,23:23,11,10:40,8,3.3,11.4,17:30,100,100,,95,03:40,2025-05-07 08:24:29.529128,2025-05-07 08:24:29.529128
243823,136,2018-01-27,8.3,3.4,6.9,03:37,9.7,13:17,4,3.6,12.8,08:10,95,100,,89,07:40,2025-05-07 08:24:29.612066,2025-05-07 08:24:29.612066
243841,136,2018-01-28,7.8,2,6.3,23:58,9.4,15:57,35,3.1,10.6,13:10,97,100,,88,16:20,2025-05-07 08:24:29.687762,2025-05-07 08:24:29.687762
243859,136,2018-01-29,8,7.2,5.3,18:37,10.6,14:33,28,4.2,13.9,07:30,100,100,,91,14:40,2025-05-07 08:24:29.752374,2025-05-07 08:24:29.752374
243877,136,2018-01-30,8.6,14.2,6,10:37,11.3,12:35,27,3.6,10,06:10,99,100,,91,,2025-05-07 08:24:29.840547,2025-05-07 08:24:29.840547
243895,136,2018-01-31,8.6,10,6.6,04:09,10.7,13:24,33,6.7,15,19:40,100,100,,91,10:40,2025-05-07 08:24:29.930338,2025-05-07 08:24:29.930338
243913,136,2018-02-01,8.4,23.4,6.7,21:39,10,13:41,36,4.4,13.1,08:30,100,100,,100,,2025-05-07 08:24:30.016837,2025-05-07 08:24:30.016837
243931,136,2018-02-02,9,31.6,7.9,23:39,10.1,12:45,2,3.3,15,12:20,100,100,,100,,2025-05-07 08:24:30.106873,2025-05-07 08:24:30.106873
243949,136,2018-02-03,8.5,5.8,7.6,04:03,9.4,15:25,1,4.2,12.5,00:40,100,100,,100,,2025-05-07 08:24:30.195955,2025-05-07 08:24:30.195955
243967,136,2018-02-04,10.6,12.4,7.4,07:59,13.9,15:20,34,2.8,12.8,21:40,97,100,,74,15:30,2025-05-07 08:24:30.281698,2025-05-07 08:24:30.281698
243985,136,2018-02-05,9.1,11,7.3,22:06,10.9,15:56,34,5.3,14.4,06:10,99,100,,88,16:00,2025-05-07 08:24:30.365643,2025-05-07 08:24:30.365643
244003,136,2018-02-06,8,11.2,6.6,19:37,9.4,13:10,1,5,15.3,06:50,100,100,,100,,2025-05-07 08:24:30.452411,2025-05-07 08:24:30.452411
244021,136,2018-02-07,8,26.8,5.6,23:37,10.3,11:55,34,5.8,18.1,22:00,100,100,,100,,2025-05-07 08:24:30.531318,2025-05-07 08:24:30.531318
244039,136,2018-02-08,7.2,1.6,4.9,02:53,9.6,14:11,34,7.5,17.8,01:00,95,100,,81,13:50,2025-05-07 08:24:30.617712,2025-05-07 08:24:30.617712
244057,136,2018-02-09,8.5,7.4,6.5,03:38,10.5,13:27,3,3.9,11.7,22:10,98,100,,92,13:30,2025-05-07 08:24:30.691131,2025-05-07 08:24:30.691131
244075,136,2018-02-10,10,8.4,7.9,02:37,12.1,14:07,36,3.1,10,04:10,100,100,,100,,2025-05-07 08:24:30.761796,2025-05-07 08:24:30.761796
244093,136,2018-02-11,9.3,0.2,7.3,07:37,11.3,14:05,2,2.5,8.3,06:30,99,100,,91,14:10,2025-05-07 08:24:30.820937,2025-05-07 08:24:30.820937
244111,136,2018-02-12,10.2,0,8.1,04:36,12.2,14:55,10,1.9,6.4,12:50,98,100,,85,14:30,2025-05-07 08:24:30.894427,2025-05-07 08:24:30.894427
244129,136,2018-02-13,12.4,0.2,8.5,06:37,16.4,12:48,12,1.7,7.5,09:30,94,100,,76,12:50,2025-05-07 08:24:30.980937,2025-05-07 08:24:30.980937
244147,136,2018-02-14,13,0,8,07:13,17.9,14:48,14,4.7,11.4,11:30,51,84,00:00,38,20:10,2025-05-07 08:24:31.067109,2025-05-07 08:24:31.067109
244165,136,2018-02-15,13.4,0,10.7,00:01,16,16:15,12,5.3,14.2,09:00,36,55,00:00,33,,2025-05-07 08:24:31.154834,2025-05-07 08:24:31.154834
244183,136,2018-02-16,14.7,0,9.8,22:36,19.6,13:47,99,3.1,8.1,,54,69,22:00,41,00:00,2025-05-07 08:24:31.239048,2025-05-07 08:24:31.239048
244201,136,2018-02-17,11.9,0,8.3,06:37,15.5,13:14,33,1.4,5.8,13:50,83,100,,61,02:40,2025-05-07 08:24:31.308226,2025-05-07 08:24:31.308226
244219,136,2018-02-18,10.5,0.2,7,21:37,14,12:48,14,1.4,5,12:40,93,100,,79,12:50,2025-05-07 08:24:31.382139,2025-05-07 08:24:31.382139
244236,136,2018-02-19,10.7,1.8,6.8,01:33,14.6,15:14,36,1.9,7.5,20:20,91,100,,73,15:10,2025-05-07 08:24:31.458243,2025-05-07 08:24:31.458243
244254,136,2018-02-20,10.8,0,7.5,02:36,14.2,15:00,34,2.8,8.3,21:50,96,100,,77,15:00,2025-05-07 08:24:31.530856,2025-05-07 08:24:31.530856
244272,136,2018-02-21,11.5,0.2,8.4,07:05,14.6,14:51,32,3.1,8.9,07:40,99,100,,81,14:30,2025-05-07 08:24:31.596057,2025-05-07 08:24:31.596057
244290,136,2018-02-22,11,0,7.4,02:22,14.5,12:05,31,0.6,4.2,13:30,86,100,,65,10:40,2025-05-07 08:24:31.668901,2025-05-07 08:24:31.668901
244308,136,2018-02-23,10.4,1.4,7.6,23:37,13.3,11:49,9,1.4,6.1,14:10,90,100,,74,04:10,2025-05-07 08:24:31.740758,2025-05-07 08:24:31.740758
244326,136,2018-02-24,13.2,0,8.3,,18.1,15:26,27,1.4,6.4,02:20,78,100,19:30,68,17:30,2025-05-07 08:24:31.810999,2025-05-07 08:24:31.810999
244344,136,2018-02-25,14.8,8.8,10.4,,19.1,13:09,28,4.2,18.3,18:00,81,98,,59,11:00,2025-05-07 08:24:31.870879,2025-05-07 08:24:31.870879
244362,136,2018-02-26,12.8,0,8.4,06:36,17.3,16:23,28,3.1,14.4,04:50,79,100,,60,10:20,2025-05-07 08:24:31.947720,2025-05-07 08:24:31.947720
244380,136,2018-02-27,13.6,6.6,7.8,06:38,19.3,15:18,25,2.8,17.8,23:20,78,100,,57,11:50,2025-05-07 08:24:32.018580,2025-05-07 08:24:32.018580
244398,136,2018-02-28,13.6,9.6,11.5,07:37,15.7,16:00,25,7.2,30.3,22:00,93,100,06:10,76,16:10,2025-05-07 08:24:32.094634,2025-05-07 08:24:32.094634
244416,136,2018-03-01,16,0,11.4,23:39,20.7,12:43,24,2.5,28.6,01:40,76,97,20:20,49,03:50,2025-05-07 08:24:32.161425,2025-05-07 08:24:32.161425
244434,136,2018-03-02,17.5,0.2,11.2,00:16,23.8,16:40,21,2.5,10.3,14:00,72,99,23:50,56,16:40,2025-05-07 08:24:32.226776,2025-05-07 08:24:32.226776
244452,136,2018-03-03,16.4,0.4,12.9,04:05,19.8,14:40,29,7.2,21.7,23:30,67,99,00:00,45,17:40,2025-05-07 08:24:32.313617,2025-05-07 08:24:32.313617
244470,136,2018-03-04,14.5,0,9.5,06:00,19.5,14:07,27,2.5,14.4,00:10,80,100,,59,12:00,2025-05-07 08:24:32.402949,2025-05-07 08:24:32.402949
244488,136,2018-03-05,16.4,0,10.9,03:37,22,14:46,28,2.2,8.1,08:50,65,100,23:40,49,10:40,2025-05-07 08:24:32.501281,2025-05-07 08:24:32.501281
244506,136,2018-03-06,17.2,0.2,11.8,01:00,22.5,13:03,12,1.7,6.1,12:40,80,100,,59,09:40,2025-05-07 08:24:32.591635,2025-05-07 08:24:32.591635
244524,136,2018-03-07,14.9,0,9.5,06:33,20.3,15:59,12,1.9,8.3,06:50,86,100,,70,20:20,2025-05-07 08:24:32.673396,2025-05-07 08:24:32.673396
244542,136,2018-03-08,16.6,0,11,07:10,22.1,12:45,30,1.9,6.4,01:30,84,100,05:50,60,23:59,2025-05-07 08:24:32.752654,2025-05-07 08:24:32.752654
244560,136,2018-03-09,20.6,0,13.3,23:49,27.8,14:21,27,3.3,15,18:10,40,100,23:30,37,09:40,2025-05-07 08:24:32.839145,2025-05-07 08:24:32.839145
244578,136,2018-03-10,13.8,3,9.1,23:00,18.4,09:59,34,2.5,9.7,18:40,96,100,,73,10:00,2025-05-07 08:24:32.905812,2025-05-07 08:24:32.905812
244596,136,2018-03-11,13,0,9,02:37,17.1,15:07,32,3.3,7.5,13:10,85,100,,67,15:20,2025-05-07 08:24:32.988362,2025-05-07 08:24:32.988362
244614,136,2018-03-12,14.6,0,8.3,06:56,20.9,15:42,12,1.4,5.8,15:00,87,100,,59,20:30,2025-05-07 08:24:33.053699,2025-05-07 08:24:33.053699
244632,136,2018-03-13,15.5,0,9.3,00:02,21.7,11:16,12,1.4,4.4,11:40,70,95,18:50,36,21:40,2025-05-07 08:24:33.141736,2025-05-07 08:24:33.141736
244650,136,2018-03-14,17.2,0,11.3,08:37,23.1,14:46,35,1.4,6.1,07:30,60,100,,30,07:20,2025-05-07 08:24:33.229442,2025-05-07 08:24:33.229442
244668,136,2018-03-15,14.5,5.6,9.3,23:01,19.7,10:34,33,3.1,9.7,15:30,87,100,,50,06:00,2025-05-07 08:24:33.319280,2025-05-07 08:24:33.319280
244686,136,2018-03-16,11.2,2,7.7,23:59,14.6,17:21,35,5,12.8,07:10,96,100,,68,16:10,2025-05-07 08:24:33.413797,2025-05-07 08:24:33.413797
244704,136,2018-03-17,11.7,0.4,7.2,04:38,16.2,15:54,36,2.5,8.3,16:10,79,99,23:59,70,15:30,2025-05-07 08:24:33.505544,2025-05-07 08:24:33.505544
244722,136,2018-03-18,13.4,1.4,9.6,00:36,17.1,14:29,29,3.3,8.6,03:30,94,100,,81,12:40,2025-05-07 08:24:33.591025,2025-05-07 08:24:33.591025
244740,136,2018-03-19,12.4,0.4,9.5,07:20,15.4,14:14,32,3.1,9.2,13:10,95,100,,83,15:10,2025-05-07 08:24:33.692592,2025-05-07 08:24:33.692592
244758,136,2018-03-20,12,1.6,9.1,23:37,14.8,14:21,35,3.1,10.6,06:40,92,100,,81,14:00,2025-05-07 08:24:33.786851,2025-05-07 08:24:33.786851
244776,136,2018-03-21,10.1,0,8.2,07:37,12,14:21,2,2.2,10.3,05:20,94,100,,79,15:00,2025-05-07 08:24:33.888145,2025-05-07 08:24:33.888145
244794,136,2018-03-22,,0,,,,,4,2.2,8.3,02:10,78,,,,,2025-05-07 08:24:33.987827,2025-05-07 08:24:33.987827
244812,136,2018-03-23,10.9,0.2,5.6,02:51,16.2,10:33,32,1.9,6.1,12:00,76,97,,57,17:00,2025-05-07 08:24:34.073751,2025-05-07 08:24:34.073751
244830,136,2018-03-24,12.4,1,9,00:11,15.8,14:52,33,3.1,8.3,20:20,89,98,,66,14:20,2025-05-07 08:24:34.145890,2025-05-07 08:24:34.145890
244847,136,2018-03-25,10.1,4.2,8.4,,11.8,10:27,36,1.9,10.6,21:10,96,99,,87,10:30,2025-05-07 08:24:34.214874,2025-05-07 08:24:34.214874
244865,136,2018-03-26,12.2,0.2,8.7,22:13,15.6,16:00,2,1.9,9.4,02:00,91,99,,68,16:10,2025-05-07 08:24:34.286028,2025-05-07 08:24:34.286028
244883,136,2018-03-27,12.8,0,8,03:45,17.5,14:54,12,4.7,10.3,19:30,87,97,17:40,39,21:00,2025-05-07 08:24:34.350041,2025-05-07 08:24:34.350041
244901,136,2018-03-28,21,0,16.3,00:01,25.8,14:09,13,1.4,16.7,01:50,33,47,18:50,16,,2025-05-07 08:24:34.421321,2025-05-07 08:24:34.421321
244919,136,2018-03-29,16,0,9.6,23:48,22.5,14:12,13,5,12.2,06:20,38,96,23:10,20,,2025-05-07 08:24:34.511034,2025-05-07 08:24:34.511034
244937,136,2018-03-30,11.2,0.4,7.9,22:17,14.6,13:39,12,2.5,7.8,23:10,87,97,,71,13:40,2025-05-07 08:24:34.599723,2025-05-07 08:24:34.599723
244954,136,2018-03-31,13.8,0,7.7,00:28,19.9,15:52,11,3.9,10.3,09:00,75,95,06:00,45,22:40,2025-05-07 08:24:34.686536,2025-05-07 08:24:34.686536
244971,136,2018-04-01,11.8,0,7.6,07:31,15.9,12:16,28,1.4,6.1,23:50,86,97,06:30,41,03:20,2025-05-07 08:24:34.767981,2025-05-07 08:24:34.767981
244988,136,2018-04-02,13.2,0,8.6,02:19,17.8,14:03,34,3.6,7.8,13:20,79,97,02:00,65,,2025-05-07 08:24:34.852585,2025-05-07 08:24:34.852585
245005,136,2018-04-03,13.4,0,8.8,,18,13:44,34,2.8,6.4,13:10,79,95,,60,13:40,2025-05-07 08:24:34.935214,2025-05-07 08:24:34.935214
245022,136,2018-04-04,12.4,0.2,8.7,,16.1,14:04,13,1.9,6.7,03:40,81,96,,57,18:00,2025-05-07 08:24:35.018975,2025-05-07 08:24:35.018975
245039,136,2018-04-05,12.6,0,8.6,19:56,16.5,15:25,34,2.2,6.1,12:50,77,94,,64,15:50,2025-05-07 08:24:35.102693,2025-05-07 08:24:35.102693
245056,136,2018-04-06,13.7,11.2,7.5,06:57,19.9,15:14,32,3.6,12.5,21:10,64,98,,36,12:50,2025-05-07 08:24:35.182019,2025-05-07 08:24:35.182019
245073,136,2018-04-07,11.5,0.6,8.7,,14.3,14:34,34,4.2,11.1,00:50,92,99,,70,14:00,2025-05-07 08:24:35.262364,2025-05-07 08:24:35.262364
245090,136,2018-04-08,10.6,6,8.3,06:58,12.8,11:04,33,2.8,11.4,21:40,95,99,,81,11:10,2025-05-07 08:24:35.340186,2025-05-07 08:24:35.340186
245107,136,2018-04-09,9.5,3.6,7.4,06:30,11.6,13:40,35,5,15.8,16:10,93,100,06:50,83,12:00,2025-05-07 08:24:35.417983,2025-05-07 08:24:35.417983
245124,136,2018-04-10,10.9,0,7,06:06,14.8,15:18,35,3.6,10.8,04:00,87,99,,70,14:00,2025-05-07 08:24:35.484352,2025-05-07 08:24:35.484352
245141,136,2018-04-11,12.2,9.6,8.9,01:12,15.4,13:59,33,5,12.5,06:10,94,99,,78,13:30,2025-05-07 08:24:35.555402,2025-05-07 08:24:35.555402
245158,136,2018-04-12,13.6,7.8,9.6,04:57,17.7,16:21,29,4.7,13.6,22:10,86,100,05:30,65,17:40,2025-05-07 08:24:35.639722,2025-05-07 08:24:35.639722
245175,136,2018-04-13,11.1,0.4,7.9,05:07,14.3,12:59,32,4.4,10.8,,88,100,05:20,73,12:30,2025-05-07 08:24:35.716299,2025-05-07 08:24:35.716299
245192,136,2018-04-14,12,0.2,8.6,20:28,15.4,14:23,34,1.7,7.8,01:00,87,100,08:00,42,23:40,2025-05-07 08:24:35.776260,2025-05-07 08:24:35.776260
245209,136,2018-04-15,13.4,0,7.9,03:49,18.8,11:40,11,1.4,5.8,12:40,75,96,,42,00:00,2025-05-07 08:24:35.831912,2025-05-07 08:24:35.831912
245226,136,2018-04-16,14.6,0,8.9,04:46,20.2,16:40,9,2.8,7.5,11:10,72,98,,52,22:00,2025-05-07 08:24:35.904357,2025-05-07 08:24:35.904357
245243,136,2018-04-17,17,0,10.2,03:00,23.7,12:17,12,3.3,7.2,05:00,51,69,01:20,21,18:30,2025-05-07 08:24:35.985593,2025-05-07 08:24:35.985593
245260,136,2018-04-18,19.9,0,13.3,19:27,26.5,10:18,31,2.2,4.4,18:00,45,74,12:10,15,04:50,2025-05-07 08:24:36.071603,2025-05-07 08:24:36.071603
245278,136,2018-04-19,14.8,16.2,9.5,23:51,20.2,11:02,35,4.4,12.2,20:20,84,98,,26,01:10,2025-05-07 08:24:36.160060,2025-05-07 08:24:36.160060
245296,136,2018-04-20,11.2,1.2,7.5,04:56,14.8,13:13,35,5,10.8,02:40,83,99,,60,13:50,2025-05-07 08:24:36.244600,2025-05-07 08:24:36.244600
245314,136,2018-04-21,11.2,2.6,7.4,04:55,15,14:19,30,5,12.2,22:20,88,99,23:59,71,14:20,2025-05-07 08:24:36.326831,2025-05-07 08:24:36.326831
245332,136,2018-04-22,11,13.6,9,23:55,13.1,13:39,32,5.3,14.2,06:10,99,99,,91,13:40,2025-05-07 08:24:36.405611,2025-05-07 08:24:36.405611
245350,136,2018-04-23,12,11.6,9.1,00:01,14.8,15:14,31,5.3,14.7,17:30,97,100,,79,15:20,2025-05-07 08:24:36.491552,2025-05-07 08:24:36.491552
245368,136,2018-04-24,11.4,2,10.1,00:26,12.6,13:29,33,5.3,13.6,01:10,100,100,,98,,2025-05-07 08:24:36.574771,2025-05-07 08:24:36.574771
245386,136,2018-04-25,12.7,0.6,9.7,06:09,15.7,14:33,33,3.3,8.6,00:30,96,100,,80,14:40,2025-05-07 08:24:36.660373,2025-05-07 08:24:36.660373
245404,136,2018-04-26,11.6,0.8,9.3,06:27,13.9,13:45,28,3.1,7.5,18:50,99,100,,93,14:10,2025-05-07 08:24:36.734599,2025-05-07 08:24:36.734599
245421,136,2018-04-27,13,0,8.8,23:06,17.3,14:10,30,2.8,6.7,18:50,86,100,,68,23:59,2025-05-07 08:24:36.817610,2025-05-07 08:24:36.817610
245439,136,2018-04-28,12.7,3.8,8.4,05:46,17,13:53,33,3.3,8.6,19:30,80,99,,38,04:40,2025-05-07 08:24:36.904925,2025-05-07 08:24:36.904925
245457,136,2018-04-29,11.8,0,7.8,05:47,15.8,13:37,36,2.5,7.2,15:50,80,100,05:00,57,12:40,2025-05-07 08:24:36.994251,2025-05-07 08:24:36.994251
245475,136,2018-04-30,11.8,0.2,7.7,04:18,16,16:41,99,2.2,7.5,,70,91,,47,14:40,2025-05-07 08:24:37.087160,2025-05-07 08:24:37.087160
245493,136,2018-05-01,12.5,0,7.9,23:55,17.1,13:50,33,3.1,7.5,12:20,74,99,,51,16:20,2025-05-07 08:24:37.233147,2025-05-07 08:24:37.233147
245511,136,2018-05-02,13.1,1.6,7.5,02:15,18.7,14:32,32,3.9,9.2,12:10,81,98,,54,12:40,2025-05-07 08:24:37.319457,2025-05-07 08:24:37.319457
245529,136,2018-05-03,13.2,0.4,9.9,07:06,16.4,11:09,33,3.1,8.3,10:30,92,99,,71,11:10,2025-05-07 08:24:37.399980,2025-05-07 08:24:37.399980
245547,136,2018-05-04,12.4,0.2,9.4,05:45,15.4,13:43,35,2.2,8.3,07:10,86,99,,71,13:50,2025-05-07 08:24:37.484348,2025-05-07 08:24:37.484348
245565,136,2018-05-05,11.5,0,8.3,23:47,14.7,13:01,35,3.1,7.5,13:20,82,98,,66,11:20,2025-05-07 08:24:37.570603,2025-05-07 08:24:37.570603
245583,136,2018-05-06,13,2.2,8.1,01:55,18,14:24,28,2.8,6.9,05:20,83,99,10:30,64,14:30,2025-05-07 08:24:37.641494,2025-05-07 08:24:37.641494
245601,136,2018-05-07,13.1,0.2,9.5,19:58,16.7,14:45,32,3.6,7.8,14:10,86,99,,57,13:50,2025-05-07 08:24:37.705113,2025-05-07 08:24:37.705113
245619,136,2018-05-08,12.8,0,10.1,22:07,15.5,15:23,33,3.9,10.8,23:30,93,99,,74,16:00,2025-05-07 08:24:37.771798,2025-05-07 08:24:37.771798
245637,136,2018-05-09,12,1,9.5,05:42,14.4,14:45,33,2.2,8.3,00:30,89,99,,80,12:50,2025-05-07 08:24:37.851622,2025-05-07 08:24:37.851622
245655,136,2018-05-10,12.2,0.4,9.6,23:31,14.9,12:57,34,1.9,7.5,08:40,90,99,,81,11:20,2025-05-07 08:24:37.922384,2025-05-07 08:24:37.922384
245673,136,2018-05-11,13,0.2,8.9,02:47,17,13:57,10,2.2,6.4,13:00,85,99,,68,,2025-05-07 08:24:37.995794,2025-05-07 08:24:37.995794
245691,136,2018-05-12,13.6,2.2,8.9,05:18,18.2,15:52,10,1.4,6.9,14:10,82,98,,65,14:30,2025-05-07 08:24:38.085264,2025-05-07 08:24:38.085264
245709,136,2018-05-13,12.8,0.2,9.2,23:21,16.3,15:52,35,1.4,6.4,16:40,84,100,08:10,68,16:00,2025-05-07 08:24:38.174777,2025-05-07 08:24:38.174777
245727,136,2018-05-14,13,0,8.6,05:21,17.5,12:54,36,1.4,5,18:10,80,96,,63,12:30,2025-05-07 08:24:38.261584,2025-05-07 08:24:38.261584
245745,136,2018-05-15,13,0.8,9.4,02:38,16.5,12:02,31,1.9,7.5,23:50,88,99,,58,01:30,2025-05-07 08:24:38.339263,2025-05-07 08:24:38.339263
245763,136,2018-05-16,11.8,2.6,9.4,,14.1,16:29,34,4.2,10.8,12:00,95,100,09:10,80,16:40,2025-05-07 08:24:38.411191,2025-05-07 08:24:38.411191
245781,136,2018-05-17,12.6,0.2,8.9,06:07,16.3,11:17,33,3.3,8.9,03:50,91,100,,73,11:20,2025-05-07 08:24:38.474726,2025-05-07 08:24:38.474726
245799,136,2018-05-18,13.3,0.2,8.9,04:32,17.7,13:41,99,3.1,7.2,,82,99,,59,13:30,2025-05-07 08:24:38.550914,2025-05-07 08:24:38.550914
245817,136,2018-05-19,12.6,0.2,9.7,22:05,15.4,12:38,33,2.5,6.9,17:20,90,99,,76,12:30,2025-05-07 08:24:38.631236,2025-05-07 08:24:38.631236
245835,136,2018-05-20,12.2,0,8.9,04:43,15.4,17:16,36,2.5,8.1,17:30,79,97,,64,11:10,2025-05-07 08:24:38.703869,2025-05-07 08:24:38.703869
245853,136,2018-05-21,13.4,0,9.3,00:01,17.6,13:48,33,3.9,9.2,11:50,75,99,03:50,58,12:10,2025-05-07 08:24:38.782098,2025-05-07 08:24:38.782098
245871,136,2018-05-22,14,8.2,8.9,06:03,19.2,11:26,27,4.2,8.6,00:20,86,99,,65,09:50,2025-05-07 08:24:38.864575,2025-05-07 08:24:38.864575
245889,136,2018-05-23,12.2,3.2,9.2,23:58,15.3,09:59,28,2.5,8.3,20:50,95,100,06:50,80,10:00,2025-05-07 08:24:38.949250,2025-05-07 08:24:38.949250
245907,136,2018-05-24,12.8,0.4,8.7,02:52,16.8,14:20,32,4.2,9.2,15:00,93,100,,76,13:50,2025-05-07 08:24:39.025562,2025-05-07 08:24:39.025562
245925,136,2018-05-25,13.2,0.6,9.3,03:14,17.1,15:56,29,3.3,7.8,20:40,85,99,,64,15:40,2025-05-07 08:24:39.094582,2025-05-07 08:24:39.094582
245943,136,2018-05-26,13.3,0,9.5,07:46,17.1,13:51,32,3.3,8.9,16:00,83,100,05:00,61,14:40,2025-05-07 08:24:39.157206,2025-05-07 08:24:39.157206
245961,136,2018-05-27,14,0,9.3,05:42,18.6,12:38,35,2.8,8.1,21:40,76,99,,49,12:10,2025-05-07 08:24:39.231342,2025-05-07 08:24:39.231342
245979,136,2018-05-28,12.6,0.8,9.2,00:20,16,14:39,32,1.9,6.4,11:00,85,97,00:00,64,11:10,2025-05-07 08:24:39.314636,2025-05-07 08:24:39.314636
245997,136,2018-05-29,13.5,1.4,9.8,06:31,17.2,13:08,2,1.7,7.2,03:30,80,99,,62,12:40,2025-05-07 08:24:39.374994,2025-05-07 08:24:39.374994
246015,136,2018-05-30,13.6,3.2,10.5,00:50,16.7,14:50,4,2.2,7.2,03:50,94,99,,79,14:50,2025-05-07 08:24:39.463549,2025-05-07 08:24:39.463549
246033,136,2018-05-31,14.2,0,10.1,05:48,18.3,15:25,36,1.4,5.6,13:30,87,99,,64,15:10,2025-05-07 08:24:39.551110,2025-05-07 08:24:39.551110
246051,136,2018-06-01,15.6,0.8,10.2,,21,14:53,12,1.9,5.8,12:20,78,97,,58,15:00,2025-05-07 08:24:39.636792,2025-05-07 08:24:39.636792
246069,136,2018-06-02,13.8,0.6,10.2,23:58,17.4,15:14,10,1.7,6.4,14:50,88,99,,66,14:10,2025-05-07 08:24:39.716924,2025-05-07 08:24:39.716924
246087,136,2018-06-03,14.4,2.8,9.9,01:35,18.9,16:59,10,1.4,5.8,14:20,80,99,06:30,61,17:00,2025-05-07 08:24:39.783245,2025-05-07 08:24:39.783245
246105,136,2018-06-04,15.3,0,9.9,23:28,20.7,11:14,10,1.4,6.1,08:10,84,100,06:30,35,22:20,2025-05-07 08:24:39.845942,2025-05-07 08:24:39.845942
246123,136,2018-06-05,16,0,10.5,00:25,21.5,14:31,99,1.4,5.6,,64,98,22:10,31,01:30,2025-05-07 08:24:39.906917,2025-05-07 08:24:39.906917
246141,136,2018-06-06,15.9,0,10.4,02:43,21.4,12:25,12,1.4,7.5,01:30,78,99,,62,14:30,2025-05-07 08:24:39.986485,2025-05-07 08:24:39.986485
246159,136,2018-06-07,16.8,0,11.1,00:31,22.5,14:56,28,1.7,6.1,22:00,76,97,22:20,57,14:40,2025-05-07 08:24:40.068530,2025-05-07 08:24:40.068530
246177,136,2018-06-08,16.3,1,11.4,04:58,21.2,13:48,28,3.6,8.3,22:00,80,99,,65,15:00,2025-05-07 08:24:40.156933,2025-05-07 08:24:40.156933
246195,136,2018-06-09,13.6,0.2,10.4,22:15,16.9,13:13,29,3.9,11.7,02:30,86,99,,73,13:20,2025-05-07 08:24:40.244456,2025-05-07 08:24:40.244456
246213,136,2018-06-10,15.2,0.2,10.3,01:37,20.2,15:09,33,3.1,7.2,06:50,76,98,,56,14:50,2025-05-07 08:24:40.325612,2025-05-07 08:24:40.325612
246231,136,2018-06-11,13.6,2,10.6,,16.7,14:26,1,1.9,7.2,11:10,85,97,,66,14:40,2025-05-07 08:24:40.388462,2025-05-07 08:24:40.388462
246249,136,2018-06-12,14.6,2.2,11.2,03:49,18.1,15:25,36,1.9,7.8,12:30,86,99,,69,16:00,2025-05-07 08:24:40.474288,2025-05-07 08:24:40.474288
246267,136,2018-06-13,14.4,1.2,11.2,04:47,17.6,14:40,34,2.5,6.7,22:30,89,98,,70,14:40,2025-05-07 08:24:40.559150,2025-05-07 08:24:40.559150
246285,136,2018-06-14,12.8,0.2,10.6,06:20,14.9,15:01,99,2.8,7.8,,89,99,,80,12:40,2025-05-07 08:24:40.648431,2025-05-07 08:24:40.648431
246303,136,2018-06-15,14.4,0,10.2,04:45,18.5,15:59,99,3.6,7.5,,81,98,,67,16:10,2025-05-07 08:24:40.724425,2025-05-07 08:24:40.724425
246321,136,2018-06-16,15.2,0,11.3,23:46,19.2,13:07,34,1.7,4.7,13:30,85,98,06:50,76,12:50,2025-05-07 08:24:40.818677,2025-05-07 08:24:40.818677
246339,136,2018-06-17,14.8,5,10.9,,18.8,13:23,1,2.2,5.8,13:40,86,99,23:59,67,13:30,2025-05-07 08:24:40.901435,2025-05-07 08:24:40.901435
246357,136,2018-06-18,14.1,0,11.7,06:04,16.5,13:25,28,2.5,6.9,23:30,96,100,09:00,90,13:20,2025-05-07 08:24:40.986428,2025-05-07 08:24:40.986428
246375,136,2018-06-19,16.4,0,11.7,00:52,21,14:53,28,3.6,7.5,21:50,86,100,06:50,68,14:00,2025-05-07 08:24:41.079143,2025-05-07 08:24:41.079143
246393,136,2018-06-20,16.4,0,11.6,,21.2,15:38,32,3.1,6.4,10:40,81,99,,66,15:00,2025-05-07 08:24:41.178590,2025-05-07 08:24:41.178590
246411,136,2018-06-21,16.4,0,11.9,03:18,20.8,15:46,28,2.5,5.3,23:00,87,99,,51,02:40,2025-05-07 08:24:41.267516,2025-05-07 08:24:41.267516
246429,136,2018-06-22,14.8,0,11.1,21:46,18.5,13:26,99,3.1,6.4,,90,100,09:00,78,13:30,2025-05-07 08:24:41.356923,2025-05-07 08:24:41.356923
246447,136,2018-06-23,16.4,0,11.3,,21.6,14:50,29,3.6,7.8,08:50,80,99,,63,15:10,2025-05-07 08:24:41.431845,2025-05-07 08:24:41.431845
246465,136,2018-06-24,17,0,11.1,06:02,23,12:15,29,1.7,5.6,00:20,71,100,06:30,54,18:00,2025-05-07 08:24:41.514373,2025-05-07 08:24:41.514373
246483,136,2018-06-25,17.2,0,11.4,05:50,22.9,13:48,11,3.6,7.2,12:00,73,98,06:10,53,12:10,2025-05-07 08:24:41.602119,2025-05-07 08:24:41.602119
246501,136,2018-06-26,16.8,0,11.2,04:55,22.4,12:39,11,3.3,7.2,13:10,73,97,04:20,41,,2025-05-07 08:24:41.689400,2025-05-07 08:24:41.689400
246519,136,2018-06-27,18.4,0,11.8,06:20,25,12:40,34,1.7,3.9,13:00,66,87,06:10,26,03:20,2025-05-07 08:24:41.776646,2025-05-07 08:24:41.776646
246537,136,2018-06-28,18,0,13.1,04:28,23,14:11,30,3.1,7.5,22:10,74,97,,54,14:50,2025-05-07 08:24:41.870246,2025-05-07 08:24:41.870246
246555,136,2018-06-29,19.7,2.8,13.6,23:41,25.8,14:11,29,3.9,9.7,02:40,78,98,,56,14:10,2025-05-07 08:25:45.483833,2025-05-07 08:25:45.483833
246573,136,2018-06-30,16.8,0.2,12.7,04:02,21,13:32,31,3.3,8.1,12:40,81,99,,63,12:20,2025-05-07 08:25:45.707597,2025-05-07 08:25:45.707597
246591,136,2018-07-01,16.4,0,11.4,23:20,21.4,14:00,36,1.9,6.4,12:40,78,97,01:10,61,13:50,2025-05-07 08:25:45.980393,2025-05-07 08:25:45.980393
246609,136,2018-07-02,16.6,0,11.4,00:38,21.8,12:28,36,1.7,6.7,14:00,79,97,,65,12:30,2025-05-07 08:25:46.224708,2025-05-07 08:25:46.224708
246627,136,2018-07-03,16.8,0,12.4,02:02,21.2,14:23,35,1.7,5.6,15:20,77,98,00:20,41,21:10,2025-05-07 08:25:46.454600,2025-05-07 08:25:46.454600
246645,136,2018-07-04,16.9,0,12.5,21:56,21.3,11:11,12,2.8,7.2,13:00,77,97,04:30,62,13:20,2025-05-07 08:25:46.647664,2025-05-07 08:25:46.647664
246663,136,2018-07-05,18.5,0,12.2,01:15,24.8,12:50,11,1.7,5,15:20,72,97,06:30,46,13:40,2025-05-07 08:25:46.896053,2025-05-07 08:25:46.896053
246681,136,2018-07-06,18,0,12.6,01:06,23.3,13:40,6,1.1,5.3,11:30,79,98,,60,13:40,2025-05-07 08:25:47.094479,2025-05-07 08:25:47.094479
246699,136,2018-07-07,18.8,0,11.9,05:58,25.7,13:48,11,1.9,5.8,13:20,71,98,,30,22:00,2025-05-07 08:25:47.316023,2025-05-07 08:25:47.316023
246717,136,2018-07-08,21.6,0,16.4,00:09,26.8,15:19,12,2.5,6.7,01:00,38,66,09:20,11,23:10,2025-05-07 08:25:47.530535,2025-05-07 08:25:47.530535
246735,136,2018-07-09,24.7,0,18.3,00:08,31.1,13:26,11,3.9,6.9,05:30,29,39,07:50,8,02:00,2025-05-07 08:25:47.754070,2025-05-07 08:25:47.754070
246753,136,2018-07-10,25.6,0,20.3,02:51,31,11:51,12,3.6,8.3,10:30,22,33,02:30,7,19:50,2025-05-07 08:25:47.973625,2025-05-07 08:25:47.973625
246771,136,2018-07-11,22.9,0,13.6,,32.2,10:27,33,1.4,5.6,02:50,49,93,23:59,11,10:00,2025-05-07 08:25:48.174365,2025-05-07 08:25:48.174365
246789,136,2018-07-12,17.2,0,13.3,22:25,21.2,13:49,1,2.8,5.8,13:00,77,97,,61,13:50,2025-05-07 08:25:48.351607,2025-05-07 08:25:48.351607
246807,136,2018-07-13,16.6,0,12.3,,20.8,15:39,3,1.7,6.4,15:00,76,95,07:00,64,17:20,2025-05-07 08:25:48.567197,2025-05-07 08:25:48.567197
246825,136,2018-07-14,17.2,0,12.3,00:01,22.2,15:12,2,1.4,6.4,11:00,68,94,,52,11:00,2025-05-07 08:25:48.858625,2025-05-07 08:25:48.858625
246843,136,2018-07-15,16.8,0,12.2,01:44,21.3,16:37,2,2.2,6.4,14:30,74,93,05:50,58,15:10,2025-05-07 08:25:49.106284,2025-05-07 08:25:49.106284
246861,136,2018-07-16,15.9,0,12.3,00:42,19.5,12:43,35,2.5,7.8,08:00,82,96,,66,13:30,2025-05-07 08:25:49.352926,2025-05-07 08:25:49.352926
246879,136,2018-07-17,16.6,0,12.9,06:02,20.4,14:29,35,1.9,7.2,08:50,82,97,,64,14:10,2025-05-07 08:25:49.565866,2025-05-07 08:25:49.565866
246897,136,2018-07-18,17.8,0,12.5,05:45,23,14:01,16,1.7,5.8,14:10,81,97,,61,,2025-05-07 08:25:49.768850,2025-05-07 08:25:49.768850
246915,136,2018-07-19,17.2,0,12.2,01:28,22.1,10:50,10,1.9,7.2,02:20,79,98,,26,,2025-05-07 08:25:49.970951,2025-05-07 08:25:49.970951
246933,136,2018-07-20,22.4,0,19.4,06:05,25.4,14:24,34,1.1,4.4,21:00,48,70,18:40,11,20:50,2025-05-07 08:25:50.194918,2025-05-07 08:25:50.194918
246951,136,2018-07-21,18.4,0,13.9,23:30,23,14:25,1,1.9,6.4,10:50,69,95,,14,00:20,2025-05-07 08:25:50.432131,2025-05-07 08:25:50.432131
246969,136,2018-07-22,17.2,0,12.8,02:53,21.6,13:27,35,2.2,5,11:40,76,97,,64,12:50,2025-05-07 08:25:50.679545,2025-05-07 08:25:50.679545
246987,136,2018-07-23,18.4,0,13.3,01:03,23.4,15:10,2,1.9,5.3,11:40,79,98,05:50,60,14:10,2025-05-07 08:25:50.970954,2025-05-07 08:25:50.970954
247005,136,2018-07-24,17.8,0,13.5,05:06,22,15:07,35,1.9,5.3,13:00,79,98,05:30,66,14:50,2025-05-07 08:25:51.272832,2025-05-07 08:25:51.272832
247023,136,2018-07-25,17.6,0,12.9,00:59,22.2,17:10,35,1.9,5.8,12:00,78,98,,61,15:50,2025-05-07 08:25:51.479463,2025-05-07 08:25:51.479463
247041,136,2018-07-26,17.5,0,13.5,02:40,21.5,14:47,35,2.2,7.2,13:20,70,93,04:20,60,15:00,2025-05-07 08:25:51.702156,2025-05-07 08:25:51.702156
247059,136,2018-07-27,17.5,0,13.2,23:10,21.8,15:06,1,1.4,6.1,15:30,82,96,,62,14:30,2025-05-07 08:25:51.927102,2025-05-07 08:25:51.927102
247077,136,2018-07-28,19.7,0,14,03:33,25.4,14:13,99,1.4,5,,78,96,20:50,38,21:40,2025-05-07 08:25:52.128958,2025-05-07 08:25:52.128958
247095,136,2018-07-29,21.2,0,14.4,02:10,28.1,13:40,12,2.2,6.7,04:00,52,89,,16,23:50,2025-05-07 08:25:52.343399,2025-05-07 08:25:52.343399
247113,136,2018-07-30,21.5,0,14.8,20:48,28.2,10:30,12,1.4,5.3,06:20,45,92,20:30,11,05:10,2025-05-07 08:25:52.561864,2025-05-07 08:25:52.561864
247131,136,2018-07-31,18.2,0,13.9,04:13,22.6,13:26,35,2.2,5.8,15:40,78,93,,29,03:00,2025-05-07 08:25:52.795542,2025-05-07 08:25:52.795542
247149,136,2018-08-01,18.1,0.6,14.2,22:54,22,15:29,29,3.6,9.4,17:40,82,98,,62,15:30,2025-05-07 08:25:53.001473,2025-05-07 08:25:53.001473
247167,136,2018-08-02,17.6,0,13.3,05:01,22,15:23,28,4.7,10,09:50,77,99,,60,16:00,2025-05-07 08:25:53.250749,2025-05-07 08:25:53.250749
247185,136,2018-08-03,18.6,0,13.4,05:05,23.7,14:55,99,3.6,7.5,,74,96,,59,14:50,2025-05-07 08:25:53.487150,2025-05-07 08:25:53.487150
247203,136,2018-08-04,18.7,0,13.6,06:15,23.8,23:44,31,2.5,7.2,16:00,72,98,,45,23:40,2025-05-07 08:25:53.707689,2025-05-07 08:25:53.707689
247221,136,2018-08-05,23.8,0,16,04:58,31.7,14:19,27,1.9,5,16:40,39,87,05:00,26,05:30,2025-05-07 08:25:53.910892,2025-05-07 08:25:53.910892
247239,136,2018-08-06,26.8,0,20.3,00:55,33.4,11:39,10,1.7,7.8,12:50,27,54,01:00,21,22:40,2025-05-07 08:25:54.167870,2025-05-07 08:25:54.167870
247257,136,2018-08-07,22.6,0,16.8,19:45,28.3,13:24,3,1.4,6.7,02:40,56,91,19:40,22,23:59,2025-05-07 08:25:54.456527,2025-05-07 08:25:54.456527
247275,136,2018-08-08,21.1,0,15,22:50,27.2,08:50,35,1.7,5,14:20,52,95,23:50,19,00:00,2025-05-07 08:25:54.759466,2025-05-07 08:25:54.759466
247293,136,2018-08-09,18.2,1.8,14.1,02:55,22.2,15:27,1,1.4,7.2,13:10,79,97,07:10,61,15:30,2025-05-07 08:25:55.004037,2025-05-07 08:25:55.004037
247311,136,2018-08-10,16.6,1.4,13.7,06:36,19.4,17:21,33,1.7,6.9,20:20,87,98,,68,17:20,2025-05-07 08:25:55.248375,2025-05-07 08:25:55.248375
247329,136,2018-08-11,17.6,0,12.9,04:17,22.4,15:00,26,2.5,6.4,18:00,80,99,06:50,56,14:40,2025-05-07 08:25:55.529352,2025-05-07 08:25:55.529352
247347,136,2018-08-12,20.1,0.8,14.6,02:17,25.6,16:40,14,1.7,8.1,03:30,84,98,,61,23:10,2025-05-07 08:25:55.794509,2025-05-07 08:25:55.794509
247365,136,2018-08-13,25.1,0.6,19,06:06,31.2,11:12,12,4.4,11.7,11:40,54,81,06:00,45,11:20,2025-05-07 08:25:56.081743,2025-05-07 08:25:56.081743
247383,136,2018-08-14,26.8,0,21.2,02:36,32.3,11:25,13,3.6,7.5,10:40,47,71,01:20,12,22:20,2025-05-07 08:25:56.375404,2025-05-07 08:25:56.375404
247401,136,2018-08-15,22.6,0,14.9,23:16,30.4,10:13,11,2.5,6.7,04:50,50,92,23:10,20,01:20,2025-05-07 08:25:56.609362,2025-05-07 08:25:56.609362
247419,136,2018-08-16,17.3,3,14.2,06:20,20.4,13:19,99,1.9,5.3,,87,97,,61,01:20,2025-05-07 08:25:56.859658,2025-05-07 08:25:56.859658
247437,136,2018-08-17,16.2,0.4,13.6,07:24,18.9,11:39,35,1.9,6.7,01:00,90,99,,76,12:20,2025-05-07 08:25:57.179192,2025-05-07 08:25:57.179192
247455,136,2018-08-18,16.2,0.4,14,24:00,18.5,15:46,27,2.8,6.1,18:10,90,99,,77,18:00,2025-05-07 08:25:57.447066,2025-05-07 08:25:57.447066
247473,136,2018-08-19,17.4,0,13.4,04:43,21.5,14:31,30,2.5,6.7,04:30,82,98,,68,16:10,2025-05-07 08:25:57.693788,2025-05-07 08:25:57.693788
247491,136,2018-08-20,19.2,0,13.9,06:29,24.6,12:36,34,1.7,4.7,14:50,78,99,,54,23:50,2025-05-07 08:25:57.889888,2025-05-07 08:25:57.889888
247509,136,2018-08-21,23,0,18.5,02:40,27.5,09:22,11,1.7,4.4,07:20,57,72,20:00,34,23:59,2025-05-07 08:25:58.103986,2025-05-07 08:25:58.103986
247527,136,2018-08-22,26.2,0,21.3,05:51,31,09:55,99,1.7,3.9,,42,60,17:40,13,04:40,2025-05-07 08:25:58.365650,2025-05-07 08:25:58.365650
247545,136,2018-08-23,26.6,0,20.1,02:31,33.2,11:59,11,2.5,6.7,02:10,38,54,17:50,19,00:00,2025-05-07 08:25:58.606755,2025-05-07 08:25:58.606755
247563,136,2018-08-24,27.4,0,22.3,20:17,32.4,11:29,10,1.9,5.8,12:30,26,41,19:20,15,01:10,2025-05-07 08:25:58.787486,2025-05-07 08:25:58.787486
247581,136,2018-08-25,24.6,0,18.8,23:21,30.4,12:04,10,2.8,9.4,12:30,37,56,19:40,23,10:00,2025-05-07 08:25:58.948927,2025-05-07 08:25:58.948927
247599,136,2018-08-26,22.3,0,16.6,06:18,28,12:08,10,2.2,7.8,21:40,22,42,00:50,19,18:00,2025-05-07 08:25:59.168819,2025-05-07 08:25:59.168819
247617,136,2018-08-27,19.5,0,15,06:40,24,13:24,30,1.7,5.3,05:20,58,77,06:40,25,00:00,2025-05-07 08:25:59.367137,2025-05-07 08:25:59.367137
247635,136,2018-08-28,17.6,0,12.7,05:50,22.5,13:46,34,2.5,5.8,14:00,78,94,,54,00:00,2025-05-07 08:25:59.559979,2025-05-07 08:25:59.559979
247653,136,2018-08-29,18.8,0,14.3,00:01,23.2,15:09,9,1.4,7.5,14:20,86,96,,61,14:50,2025-05-07 08:25:59.750047,2025-05-07 08:25:59.750047
247671,136,2018-08-30,18.6,0,14.1,05:56,23.1,13:42,35,1.1,7.2,20:40,79,96,01:00,60,13:40,2025-05-07 08:25:59.939297,2025-05-07 08:25:59.939297
247689,136,2018-08-31,17,0,14,05:54,19.9,14:18,33,2.2,5.6,06:00,83,94,,69,14:20,2025-05-07 08:26:00.146884,2025-05-07 08:26:00.146884
247707,136,2018-09-01,19.1,0,14,04:50,24.2,11:33,33,1.4,4.7,01:40,80,95,,57,11:10,2025-05-07 08:26:00.370858,2025-05-07 08:26:00.370858
247725,136,2018-09-02,19,0,14.3,,23.7,15:15,31,1.9,6.1,17:00,84,96,23:50,59,15:30,2025-05-07 08:26:00.568214,2025-05-07 08:26:00.568214
247743,136,2018-09-03,19.5,0,14.6,,24.4,11:54,36,1.4,4.7,16:20,76,96,,54,15:00,2025-05-07 08:26:00.789722,2025-05-07 08:26:00.789722
247761,136,2018-09-04,19.4,0,13.9,06:46,24.8,15:02,8,1.7,6.7,13:00,73,97,,55,15:00,2025-05-07 08:26:01.108004,2025-05-07 08:26:01.108004
247779,136,2018-09-05,19,0,13.7,03:05,24.3,12:24,99,1.4,5.3,10:50,81,96,,63,11:50,2025-05-07 08:26:01.348370,2025-05-07 08:26:01.348370
247797,136,2018-09-06,18.8,0,14.8,05:44,22.8,11:54,13,1.4,10.3,05:50,88,97,05:00,68,12:00,2025-05-07 08:26:01.624632,2025-05-07 08:26:01.624632
247815,136,2018-09-07,16.5,0,12.8,22:19,20.2,10:18,8,1.1,6.1,11:50,84,97,,67,10:20,2025-05-07 08:26:01.856628,2025-05-07 08:26:01.856628
247833,136,2018-09-08,17.3,0,12.7,02:41,21.9,11:16,2,1.9,7.2,15:10,72,96,,49,15:30,2025-05-07 08:26:02.098550,2025-05-07 08:26:02.098550
247851,136,2018-09-09,17.1,0,13,01:20,21.2,15:32,1,2.5,7.5,13:20,82,96,23:20,55,14:50,2025-05-07 08:26:02.313731,2025-05-07 08:26:02.313731
247869,136,2018-09-10,17.5,1,13.9,,21.1,14:38,99,2.2,6.9,05:30,85,98,,60,14:00,2025-05-07 08:26:02.520867,2025-05-07 08:26:02.520867
247887,136,2018-09-11,17.4,0,12.8,05:57,22,16:05,10,2.2,6.9,16:40,84,98,,59,15:20,2025-05-07 08:26:02.707560,2025-05-07 08:26:02.707560
247905,136,2018-09-12,21.6,0,14.1,02:00,29,13:24,12,4.4,11.4,12:10,75,99,,52,13:20,2025-05-07 08:26:02.905982,2025-05-07 08:26:02.905982
247923,136,2018-09-13,24.4,0,18.9,23:07,29.8,12:05,14,2.8,10.6,10:20,62,87,00:10,43,13:20,2025-05-07 08:26:03.102309,2025-05-07 08:26:03.102309
247941,136,2018-09-14,23,0,17.3,04:46,28.8,12:22,11,1.7,6.9,02:20,65,91,21:00,51,09:50,2025-05-07 08:26:03.320658,2025-05-07 08:26:03.320658
247959,136,2018-09-15,19.7,0.2,14.4,22:49,25,12:07,29,3.6,10,17:30,68,97,05:30,41,13:10,2025-05-07 08:26:03.526345,2025-05-07 08:26:03.526345
247977,136,2018-09-16,18.4,0,14.6,23:13,22.1,13:21,36,1.9,6.4,12:30,88,97,,68,13:20,2025-05-07 08:26:03.748103,2025-05-07 08:26:03.748103
247995,136,2018-09-17,18.4,0,14,05:40,22.8,16:12,28,1.4,5.8,00:10,82,97,,65,16:10,2025-05-07 08:26:03.966251,2025-05-07 08:26:03.966251
248013,136,2018-09-18,20.6,0,14.9,02:50,26.2,14:09,12,2.5,8.6,10:10,80,97,,56,14:10,2025-05-07 08:26:04.184615,2025-05-07 08:26:04.184615
248031,136,2018-09-19,20,0,14,06:06,26.1,12:54,12,1.1,11.7,09:30,66,98,05:30,54,11:30,2025-05-07 08:26:04.426490,2025-05-07 08:26:04.426490
248049,136,2018-09-20,21,0,15.5,22:18,26.4,14:03,12,1.1,4.4,00:20,70,94,20:00,39,23:59,2025-05-07 08:26:04.632676,2025-05-07 08:26:04.632676
248067,136,2018-09-21,19,0,14,06:10,23.9,14:30,33,1.7,4.4,15:30,85,98,06:50,37,00:00,2025-05-07 08:26:04.826975,2025-05-07 08:26:04.826975
248085,136,2018-09-22,18.1,0,13.1,05:08,23.1,13:59,34,1.7,5,14:20,84,98,,56,23:59,2025-05-07 08:26:05.029275,2025-05-07 08:26:05.029275
248103,136,2018-09-23,23.4,0,16.9,03:49,30,10:42,12,2.2,6.7,05:50,49,69,03:50,36,18:00,2025-05-07 08:26:05.197505,2025-05-07 08:26:05.197505
248121,136,2018-09-24,25,0,19,02:07,30.9,10:44,13,3.6,9.7,07:40,45,57,15:30,29,09:40,2025-05-07 08:26:05.377265,2025-05-07 08:26:05.377265
248139,136,2018-09-25,25.1,0,19,04:46,31.2,10:38,12,3.1,8.3,11:30,43,61,19:10,27,09:50,2025-05-07 08:26:05.557789,2025-05-07 08:26:05.557789
248157,136,2018-09-26,25.3,0,20.1,23:48,30.5,13:33,29,2.8,6.1,23:30,29,41,05:40,22,12:20,2025-05-07 08:26:05.746210,2025-05-07 08:26:05.746210
248175,136,2018-09-27,20.4,0,14,23:55,26.8,10:31,28,2.5,7.2,17:50,53,95,,17,09:20,2025-05-07 08:26:05.956370,2025-05-07 08:26:05.956370
248193,136,2018-09-28,18.8,0,14,00:01,23.6,11:56,28,1.9,6.7,01:20,81,95,,61,12:20,2025-05-07 08:26:06.220161,2025-05-07 08:26:06.220161
248211,136,2018-09-29,19.8,0,16.1,23:58,23.5,14:16,34,1.9,5.8,14:30,82,97,23:30,61,13:50,2025-05-07 08:26:06.456257,2025-05-07 08:26:06.456257
248229,136,2018-09-30,18.8,0,14.8,20:36,22.7,14:10,99,1.4,5.3,,86,97,03:50,69,14:10,2025-05-07 08:26:06.736707,2025-05-07 08:26:06.736707
248247,136,2018-10-01,20.2,0,14.3,02:56,26.2,10:36,12,1.4,4.7,08:00,71,98,01:10,54,09:10,2025-05-07 08:26:06.953473,2025-05-07 08:26:06.953473
248265,136,2018-10-02,20,0,13.8,22:26,26.1,12:24,10,1.1,5.8,10:50,83,98,02:20,53,23:30,2025-05-07 08:26:07.221357,2025-05-07 08:26:07.221357
248283,136,2018-10-03,19.7,0,13.8,02:20,25.6,11:21,99,1.1,5.3,09:50,77,98,,42,22:30,2025-05-07 08:26:07.416590,2025-05-07 08:26:07.416590
248301,136,2018-10-04,20.6,0,15.4,20:06,25.7,11:05,35,1.1,5,12:00,63,94,19:30,31,22:40,2025-05-07 08:26:07.656238,2025-05-07 08:26:07.656238
248318,136,2018-10-05,18.8,0.4,14.5,22:22,23.1,10:51,33,1.4,5,18:20,70,96,21:50,30,08:00,2025-05-07 08:26:07.883295,2025-05-07 08:26:07.883295
248336,136,2018-10-06,18.8,0,12.9,03:56,24.6,11:36,10,0.8,5.8,10:30,77,97,05:00,53,09:40,2025-05-07 08:26:08.123710,2025-05-07 08:26:08.123710
248354,136,2018-10-07,22.2,0,16,00:01,28.5,14:43,18,1.4,6.9,23:30,61,84,00:00,43,,2025-05-07 08:26:08.347137,2025-05-07 08:26:08.347137
248372,136,2018-10-08,21,0,15.1,23:40,27,12:20,22,1.4,10.3,04:10,69,94,23:59,44,04:10,2025-05-07 08:26:08.585515,2025-05-07 08:26:08.585515
248390,136,2018-10-09,20.2,0,13.9,02:07,26.6,15:24,26,1.7,11.9,14:40,59,95,00:30,35,02:50,2025-05-07 08:26:08.828243,2025-05-07 08:26:08.828243
248408,136,2018-10-10,18.7,0,14.9,23:47,22.5,12:36,25,2.5,7.5,04:30,83,97,,63,09:50,2025-05-07 08:26:09.119538,2025-05-07 08:26:09.119538
248426,136,2018-10-11,17,0,13.8,,20.1,09:41,35,1.1,4.2,12:00,88,98,,69,09:30,2025-05-07 08:26:09.353587,2025-05-07 08:26:09.353587
248444,136,2018-10-12,18.4,0,12.7,02:57,24.2,12:57,10,1.9,7.8,12:00,77,95,19:40,61,11:10,2025-05-07 08:26:09.547701,2025-05-07 08:26:09.547701
248462,136,2018-10-13,19.4,6.2,13.9,07:09,24.9,13:54,32,3.1,8.6,12:10,71,97,,35,10:40,2025-05-07 08:26:09.730267,2025-05-07 08:26:09.730267
248480,136,2018-10-14,18.4,20.6,15.3,07:10,21.5,11:03,2,2.2,7.2,22:30,94,99,,76,11:10,2025-05-07 08:26:09.965991,2025-05-07 08:26:09.965991
248498,136,2018-10-15,15.5,1.6,13.7,23:48,17.3,14:10,99,2.2,5.6,,97,99,,90,14:50,2025-05-07 08:26:10.169514,2025-05-07 08:26:10.169514
248516,136,2018-10-16,17.2,1.2,13.1,02:20,21.4,14:29,35,1.1,6.4,14:10,84,98,,61,14:30,2025-05-07 08:26:10.277975,2025-05-07 08:26:10.277975
248534,136,2018-10-17,15.8,8.6,13.5,,18.2,13:01,36,1.9,7.2,17:50,90,99,,72,11:10,2025-05-07 08:26:10.390295,2025-05-07 08:26:10.390295
248552,136,2018-10-18,13.7,11.8,11.6,23:22,15.8,09:44,36,2.5,9.2,09:50,98,100,12:10,87,16:50,2025-05-07 08:26:10.517193,2025-05-07 08:26:10.517193
248570,136,2018-10-19,14.2,32.2,9.7,07:18,18.7,15:49,2,2.5,11.1,22:00,97,100,22:10,78,15:50,2025-05-07 08:26:10.660800,2025-05-07 08:26:10.660800
248588,136,2018-10-20,14.6,0,10.2,05:22,19.1,14:45,34,1.9,5.8,12:00,88,100,,75,14:50,2025-05-07 08:26:10.766812,2025-05-07 08:26:10.766812
248606,136,2018-10-21,15.7,0,10.9,06:27,20.5,11:39,13,1.4,5.8,05:30,85,98,20:10,55,09:40,2025-05-07 08:26:10.866739,2025-05-07 08:26:10.866739
248624,136,2018-10-22,15.6,0,11.4,03:08,19.9,12:58,12,1.1,5.6,19:40,74,98,,65,13:00,2025-05-07 08:26:10.964333,2025-05-07 08:26:10.964333
248642,136,2018-10-23,16.3,0,11.7,04:30,20.9,11:07,12,0.6,4.7,04:40,82,97,22:00,64,11:10,2025-05-07 08:26:11.036183,2025-05-07 08:26:11.036183
248660,136,2018-10-24,17.6,8.4,12.7,02:22,22.5,10:56,12,1.9,6.4,05:30,89,99,02:30,63,10:40,2025-05-07 08:26:11.116521,2025-05-07 08:26:11.116521
248678,136,2018-10-25,16.6,8.2,13.5,03:23,19.8,13:27,13,4.7,13.6,06:20,98,99,,86,01:00,2025-05-07 08:26:11.201257,2025-05-07 08:26:11.201257
248696,136,2018-10-26,16.6,0,12.3,23:12,21,16:10,34,1.1,4.2,11:00,91,97,00:00,76,16:10,2025-05-07 08:26:11.292872,2025-05-07 08:26:11.292872
248714,136,2018-10-27,15.7,11.2,13,07:00,18.4,14:18,32,1.1,4.2,12:20,86,95,19:10,74,04:50,2025-05-07 08:26:11.383981,2025-05-07 08:26:11.383981
248732,136,2018-10-28,12.7,20.6,11.1,21:48,14.3,13:21,36,2.8,12.8,23:50,99,100,13:20,81,00:00,2025-05-07 08:26:11.457689,2025-05-07 08:26:11.457689
248750,136,2018-10-29,12.6,7.2,10.4,07:56,14.7,12:46,33,2.8,11.7,00:10,92,100,,79,13:00,2025-05-07 08:26:11.535599,2025-05-07 08:26:11.535599
248768,136,2018-10-30,13.8,4.6,10.4,05:28,17.3,14:01,27,4.2,10.3,07:10,90,100,,73,14:10,2025-05-07 08:26:11.602912,2025-05-07 08:26:11.602912
248786,136,2018-10-31,14.5,1,11.5,07:30,17.5,14:28,35,2.5,8.9,01:50,89,100,,67,14:50,2025-05-07 08:26:11.659219,2025-05-07 08:26:11.659219
248804,136,2018-11-01,14.8,8,11.9,00:21,17.6,11:51,2,2.5,9.7,16:40,98,100,,82,12:00,2025-05-07 08:26:11.744189,2025-05-07 08:26:11.744189
248822,136,2018-11-02,13.8,2.6,12.3,01:43,15.2,15:34,4,2.2,9.2,21:00,96,100,,89,16:40,2025-05-07 08:26:11.820858,2025-05-07 08:26:11.820858
248840,136,2018-11-03,13.8,4,11.6,22:20,16,15:54,99,0.8,6.7,,97,100,,86,15:50,2025-05-07 08:26:11.892714,2025-05-07 08:26:11.892714
248858,136,2018-11-04,13.9,9.2,11.6,,16.2,14:05,2,1.4,6.4,07:30,93,100,21:20,78,14:00,2025-05-07 08:26:11.966765,2025-05-07 08:26:11.966765
248876,136,2018-11-05,14.4,5.4,11.2,00:43,17.6,16:49,6,0.8,6.4,22:00,93,100,,72,17:00,2025-05-07 08:26:12.054811,2025-05-07 08:26:12.054811
248894,136,2018-11-06,14,3.8,10.4,22:27,17.7,15:36,28,1.9,6.1,20:40,97,100,,78,15:30,2025-05-07 08:26:12.120466,2025-05-07 08:26:12.120466
248912,136,2018-11-07,12.4,0,9.5,06:50,15.2,13:49,12,2.2,7.5,07:20,84,97,01:30,76,13:50,2025-05-07 08:26:12.182268,2025-05-07 08:26:12.182268
248930,136,2018-11-08,15.5,0,10.8,20:18,20.2,15:07,10,1.1,5.3,21:00,79,96,22:10,53,14:50,2025-05-07 08:26:12.254367,2025-05-07 08:26:12.254367
248947,136,2018-11-09,14.3,2.8,10.8,04:16,17.8,10:01,99,1.7,5.8,,94,99,,76,10:00,2025-05-07 08:26:12.352939,2025-05-07 08:26:12.352939
248965,136,2018-11-10,13.2,0,10.6,01:03,15.8,13:12,3,1.4,6.1,03:40,91,100,06:30,73,16:20,2025-05-07 08:26:12.452122,2025-05-07 08:26:12.452122
248983,136,2018-11-11,15,0.4,10.9,06:31,19.2,14:55,34,1.9,6.1,13:20,87,99,,63,14:40,2025-05-07 08:26:12.544186,2025-05-07 08:26:12.544186
249001,136,2018-11-12,12,27.4,10.5,23:53,13.5,10:53,34,4.4,12.5,11:10,98,100,,92,06:20,2025-05-07 08:26:12.612854,2025-05-07 08:26:12.612854
249019,136,2018-11-13,12.1,3.8,9.8,02:23,14.4,14:59,34,2.8,9.2,12:50,97,100,,81,15:00,2025-05-07 08:26:12.686090,2025-05-07 08:26:12.686090
249037,136,2018-11-14,12.6,0,9.3,04:55,16,14:50,99,1.9,8.1,00:40,92,100,,74,16:10,2025-05-07 08:26:12.778386,2025-05-07 08:26:12.778386
249055,136,2018-11-15,12.7,2.2,8.8,04:07,16.6,10:07,28,3.9,8.9,15:50,95,99,,60,10:00,2025-05-07 08:26:12.870518,2025-05-07 08:26:12.870518
249073,136,2018-11-16,13.3,0,9.5,07:01,17.1,13:17,28,2.5,6.4,01:20,89,99,,74,,2025-05-07 08:26:12.956429,2025-05-07 08:26:12.956429
249091,136,2018-11-17,14.6,20.6,8.7,03:16,20.4,13:04,25,4.7,12.8,12:10,86,100,,68,11:10,2025-05-07 08:26:13.020133,2025-05-07 08:26:13.020133
249109,136,2018-11-18,13,8.2,10.5,02:42,15.6,14:37,26,3.3,9.2,23:59,93,100,,77,15:10,2025-05-07 08:26:13.094674,2025-05-07 08:26:13.094674
249126,136,2018-11-19,11,6.6,9.1,03:53,12.8,13:28,29,3.9,10.8,12:00,98,100,,95,11:30,2025-05-07 08:26:13.184014,2025-05-07 08:26:13.184014
249143,136,2018-11-20,13.2,0,8.8,03:53,17.5,16:37,29,1.1,7.8,00:30,91,100,,74,21:10,2025-05-07 08:26:13.274794,2025-05-07 08:26:13.274794
249160,136,2018-11-21,14.7,5,9.9,07:44,19.5,16:00,32,2.2,4.4,21:20,81,96,02:10,55,16:40,2025-05-07 08:26:13.363130,2025-05-07 08:26:13.363130
249177,136,2018-11-22,11.6,52,8.5,22:03,14.8,12:57,26,1.9,10,08:00,96,100,,85,09:30,2025-05-07 08:26:13.452727,2025-05-07 08:26:13.452727
249194,136,2018-11-23,10.2,12.2,7.7,05:30,12.6,13:14,35,2.8,11.7,05:10,100,100,,92,16:30,2025-05-07 08:26:13.541254,2025-05-07 08:26:13.541254
249211,136,2018-11-24,13,0,8.1,,18,16:39,30,1.7,8.6,23:30,83,99,00:00,51,11:50,2025-05-07 08:26:13.620574,2025-05-07 08:26:13.620574
249228,136,2018-11-25,15.8,0.2,12.3,23:36,19.4,13:40,26,3.3,8.3,05:20,90,98,19:50,80,12:10,2025-05-07 08:26:13.702669,2025-05-07 08:26:13.702669
249245,136,2018-11-26,14.6,1.2,11.3,02:01,17.8,14:50,14,0.3,5.8,20:10,97,100,,85,22:00,2025-05-07 08:26:13.772500,2025-05-07 08:26:13.772500
249263,136,2018-11-27,13.4,0,8.6,19:20,18.2,14:26,14,2.2,7.2,23:59,92,100,05:20,69,15:50,2025-05-07 08:26:13.844210,2025-05-07 08:26:13.844210
249281,136,2018-11-28,14.8,0,7.8,00:06,21.9,16:39,14,0.8,7.2,00:10,60,96,00:00,16,06:50,2025-05-07 08:26:13.927853,2025-05-07 08:26:13.927853
249299,136,2018-11-29,16.5,0,11.3,06:52,21.7,15:44,12,1.9,7.2,03:10,58,76,17:40,41,11:50,2025-05-07 08:26:13.996624,2025-05-07 08:26:13.996624
249317,136,2018-11-30,15,0,9.8,06:53,20.3,17:18,99,2.5,6.4,,65,97,23:40,45,10:50,2025-05-07 08:26:14.066940,2025-05-07 08:26:14.066940
249335,136,2018-12-01,13.3,0,9.1,23:33,17.5,12:55,12,3.6,8.6,06:00,90,99,,80,,2025-05-07 08:26:14.154042,2025-05-07 08:26:14.154042
249353,136,2018-12-02,15,0,10.4,00:01,19.6,16:14,12,2.2,8.6,11:30,89,99,,42,23:00,2025-05-07 08:26:14.227465,2025-05-07 08:26:14.227465
249371,136,2018-12-03,17,0,9.9,04:55,24.1,17:07,99,1.9,8.3,,56,79,18:10,23,23:50,2025-05-07 08:26:14.299437,2025-05-07 08:26:14.299437
249389,136,2018-12-04,18,0,13.3,04:44,22.6,12:36,12,2.5,13.1,23:50,41,48,21:00,21,00:10,2025-05-07 08:26:14.368917,2025-05-07 08:26:14.368917
249407,136,2018-12-05,17,0,13.6,20:00,20.4,12:00,12,7.2,16.7,00:50,38,55,03:40,32,23:30,2025-05-07 08:26:14.454630,2025-05-07 08:26:14.454630
249425,136,2018-12-06,17.4,0,13.2,04:52,21.6,15:02,13,4.2,16.7,00:10,45,65,04:20,30,,2025-05-07 08:26:14.547729,2025-05-07 08:26:14.547729
249443,136,2018-12-07,18.4,0,14.3,19:21,22.5,13:09,12,5.3,11.4,08:30,35,69,16:20,27,00:00,2025-05-07 08:26:14.642442,2025-05-07 08:26:14.642442
249461,136,2018-12-08,17.6,0,12.5,18:32,22.8,16:50,12,2.5,8.9,23:50,62,88,09:20,29,02:20,2025-05-07 08:26:14.728005,2025-05-07 08:26:14.728005
249479,136,2018-12-09,17.6,0,12.5,07:19,22.7,15:30,11,4.2,9.7,00:50,37,51,15:40,27,20:50,2025-05-07 08:26:14.820775,2025-05-07 08:26:14.820775
249497,136,2018-12-10,17.8,0,13.1,20:52,22.6,12:21,14,3.6,10.3,01:50,32,44,18:10,23,11:20,2025-05-07 08:26:14.918507,2025-05-07 08:26:14.918507
249515,136,2018-12-11,14.6,0,10.1,05:43,19,10:22,18,1.9,8.3,01:30,62,94,22:30,26,00:00,2025-05-07 08:26:14.999122,2025-05-07 08:26:14.999122
249533,136,2018-12-12,13.4,0,10.6,06:52,16.3,15:32,13,1.1,5.3,15:10,84,95,04:00,69,14:40,2025-05-07 08:26:15.078254,2025-05-07 08:26:15.078254
249549,136,2018-12-13,13.6,1,9.4,07:05,17.8,15:10,36,1.4,5.3,13:30,84,97,23:50,65,14:30,2025-05-07 08:26:15.140704,2025-05-07 08:26:15.140704
249567,136,2018-12-14,12.4,0.2,9,22:46,15.9,15:36,99,1.4,5.8,,88,99,,63,23:50,2025-05-07 08:26:15.219060,2025-05-07 08:26:15.219060
249585,136,2018-12-15,14.2,0,8.9,23:12,19.5,16:08,15,1.1,6.4,23:10,86,100,23:20,62,00:00,2025-05-07 08:26:15.329072,2025-05-07 08:26:15.329072
249603,136,2018-12-16,14.6,0,9.1,01:21,20.2,13:08,14,6.1,12.5,13:20,46,99,00:40,33,11:20,2025-05-07 08:26:15.448738,2025-05-07 08:26:15.448738
249621,136,2018-12-17,16.1,0,12,07:33,20.2,13:38,12,4.7,10.3,22:10,37,47,00:40,31,10:50,2025-05-07 08:26:15.546939,2025-05-07 08:26:15.546939
249639,136,2018-12-18,14.8,0,10.2,23:44,19.5,11:17,13,1.7,9.2,00:10,36,65,15:50,29,,2025-05-07 08:26:15.644543,2025-05-07 08:26:15.644543
249657,136,2018-12-19,14.2,0,8.9,07:40,19.4,13:37,12,3.9,8.1,10:00,46,72,18:20,28,10:30,2025-05-07 08:26:15.740598,2025-05-07 08:26:15.740598
249675,136,2018-12-20,14.2,0,9.9,06:09,18.4,13:39,12,4.2,7.5,13:30,53,87,18:40,34,09:40,2025-05-07 08:26:15.826191,2025-05-07 08:26:15.826191
249693,136,2018-12-21,14.2,0,8,23:35,20.4,15:27,12,4.4,7.8,11:20,86,99,,31,03:20,2025-05-07 08:26:15.900199,2025-05-07 08:26:15.900199
249711,136,2018-12-22,15.2,0,9.2,00:47,21.2,12:30,12,2.8,16.1,23:59,33,75,00:00,20,03:30,2025-05-07 08:26:15.987233,2025-05-07 08:26:15.987233
249729,136,2018-12-23,14.2,0,11,18:17,17.5,11:49,12,7.2,18.1,02:30,48,60,15:40,22,00:00,2025-05-07 08:26:16.067630,2025-05-07 08:26:16.067630
249747,136,2018-12-24,15.7,0,11.1,07:28,20.3,14:05,11,3.1,17.5,00:40,44,59,17:20,17,13:50,2025-05-07 08:26:16.160431,2025-05-07 08:26:16.160431
249765,136,2018-12-25,16.8,0,12,23:57,21.6,16:33,13,1.1,6.1,23:59,23,38,09:00,18,07:00,2025-05-07 08:26:16.245608,2025-05-07 08:26:16.245608
249783,136,2018-12-26,15.8,0,11.3,05:25,20.4,12:21,14,4.2,9.2,21:50,30,40,12:40,12,22:10,2025-05-07 08:27:18.780586,2025-05-07 08:27:18.780586
249801,136,2018-12-27,14.1,0,8,22:22,20.2,16:28,12,3.3,7.2,00:40,45,95,23:59,10,00:00,2025-05-07 08:27:18.883498,2025-05-07 08:27:18.883498
249819,136,2018-12-28,12.8,0,7.9,05:22,17.6,13:26,15,3.9,7.2,07:20,75,97,,34,22:50,2025-05-07 08:27:18.975135,2025-05-07 08:27:18.975135
249837,136,2018-12-29,12.6,0,8.5,00:55,16.7,14:13,12,1.9,6.7,11:20,82,97,,61,14:10,2025-05-07 08:27:19.063625,2025-05-07 08:27:19.063625
249855,136,2018-12-30,11.8,0,7.7,23:12,15.9,12:07,7,2.2,6.7,10:50,81,94,,68,12:00,2025-05-07 08:27:19.136527,2025-05-07 08:27:19.136527
249873,136,2018-12-31,13.2,0,8,07:32,18.5,15:58,14,3.3,8.3,04:00,70,93,06:50,26,22:10,2025-05-07 08:27:19.199153,2025-05-07 08:27:19.199153
249891,136,2019-01-01,14.8,0,9,03:34,20.5,13:22,13,3.3,12.8,23:50,25,47,03:30,22,07:00,2025-05-07 08:27:19.282054,2025-05-07 08:27:19.282054
249909,136,2019-01-02,13.4,0,8.8,22:54,18,13:40,13,4.7,12.8,00:10,34,88,23:59,28,00:00,2025-05-07 08:27:19.353602,2025-05-07 08:27:19.353602
249927,136,2019-01-03,12,0,8,20:00,16.1,13:45,13,4.7,10,06:50,62,95,,31,09:50,2025-05-07 08:27:19.419304,2025-05-07 08:27:19.419304
249945,136,2019-01-04,12.6,0,7.7,01:27,17.6,14:19,14,3.6,11.1,09:00,84,96,23:50,62,14:20,2025-05-07 08:27:19.484994,2025-05-07 08:27:19.484994
249963,136,2019-01-05,11.8,0,6.3,01:15,17.4,14:03,13,6.4,15,21:30,41,98,,13,20:00,2025-05-07 08:27:19.555534,2025-05-07 08:27:19.555534
249981,136,2019-01-06,12.8,0,9.1,20:42,16.6,14:06,14,7.2,17.2,03:30,33,67,03:50,23,00:00,2025-05-07 08:27:19.627109,2025-05-07 08:27:19.627109
249999,136,2019-01-07,12.6,0,8.9,08:07,16.4,13:40,14,6.9,19.7,03:10,51,81,06:00,27,,2025-05-07 08:27:19.712906,2025-05-07 08:27:19.712906
250017,136,2019-01-08,12.9,0,8.2,03:59,17.6,11:18,14,6.1,10.3,06:40,33,62,17:00,18,23:40,2025-05-07 08:27:19.800430,2025-05-07 08:27:19.800430
250035,136,2019-01-09,12.8,0,7,23:39,18.7,15:45,12,1.1,7.2,00:30,51,96,23:20,14,02:20,2025-05-07 08:27:19.889038,2025-05-07 08:27:19.889038
250053,136,2019-01-10,11,0,6.5,06:02,15.5,15:47,36,0.6,3.6,12:30,82,99,06:10,17,00:20,2025-05-07 08:27:19.977317,2025-05-07 08:27:19.977317
250071,136,2019-01-11,10.4,0,5.6,06:19,15.2,13:05,12,3.6,11.9,22:40,82,97,,63,10:50,2025-05-07 08:27:20.065668,2025-05-07 08:27:20.065668
250089,136,2019-01-12,11.7,0,7.3,,16.1,14:37,13,4.4,13.1,08:40,83,96,00:00,22,23:30,2025-05-07 08:27:20.142203,2025-05-07 08:27:20.142203
250107,136,2019-01-13,14.6,0,9.2,00:05,20.1,15:25,12,2.2,15.3,22:20,21,31,00:00,15,16:50,2025-05-07 08:27:20.215515,2025-05-07 08:27:20.215515
250125,136,2019-01-14,14,0,9.1,07:43,18.8,13:33,13,3.6,14.2,01:50,,43,17:50,17,07:00,2025-05-07 08:27:20.298529,2025-05-07 08:27:20.298529
250143,136,2019-01-15,12,0,7.5,05:23,16.6,12:00,11,3.9,8.3,14:00,47,93,20:20,29,00:00,2025-05-07 08:27:20.380367,2025-05-07 08:27:20.380367
250161,136,2019-01-16,10.8,4,7.3,08:17,14.2,13:44,2,1.7,6.1,12:50,77,96,,59,13:00,2025-05-07 08:27:20.474398,2025-05-07 08:27:20.474398
250179,136,2019-01-17,9.8,17.2,7.5,03:44,12.2,14:47,33,3.6,11.9,21:10,97,100,,82,14:50,2025-05-07 08:27:20.567286,2025-05-07 08:27:20.567286
250197,136,2019-01-18,9,4,7.9,21:46,10,11:33,35,3.9,14.7,01:20,99,100,,99,,2025-05-07 08:27:20.658912,2025-05-07 08:27:20.658912
250215,136,2019-01-19,9.7,7.6,7.7,01:20,11.7,13:05,2,1.4,6.4,07:40,97,99,,94,13:10,2025-05-07 08:27:20.747491,2025-05-07 08:27:20.747491
250233,136,2019-01-20,11,,8.4,02:28,13.5,17:01,34,2.8,11.1,23:00,92,100,,85,,2025-05-07 08:27:20.822122,2025-05-07 08:27:20.822122
250250,136,2019-01-21,10.1,4.4,8.5,23:00,11.7,13:38,1,3.6,10.6,09:30,99,100,,90,13:40,2025-05-07 08:27:20.884242,2025-05-07 08:27:20.884242
250267,136,2019-01-22,9.4,0.2,6.7,03:18,12.2,12:10,10,2.5,9.2,10:40,84,100,,72,14:00,2025-05-07 08:27:20.953388,2025-05-07 08:27:20.953388
250285,136,2019-01-23,9.4,0,7.5,08:08,11.2,16:27,8,1.4,6.1,03:30,90,99,,73,16:00,2025-05-07 08:27:21.017822,2025-05-07 08:27:21.017822
250303,136,2019-01-24,10.1,0,8.1,01:27,12.1,13:33,2,1.7,8.3,08:20,94,100,,84,13:40,2025-05-07 08:27:21.115483,2025-05-07 08:27:21.115483
250320,136,2019-01-25,11.4,0.2,9.1,,13.6,12:17,2,1.4,4.4,01:40,95,100,,88,12:20,2025-05-07 08:27:21.208840,2025-05-07 08:27:21.208840
250337,136,2019-01-26,10.4,0,7.5,21:59,13.2,13:39,32,0.8,3.9,04:40,92,99,,77,10:50,2025-05-07 08:27:21.303435,2025-05-07 08:27:21.303435
250355,136,2019-01-27,12,0,8.1,00:04,16,15:19,6,2.2,5.6,20:40,87,99,00:00,66,13:50,2025-05-07 08:27:21.398488,2025-05-07 08:27:21.398488
250373,136,2019-01-28,11.4,0,8.8,22:53,14,13:48,2,1.7,6.7,06:40,88,98,,76,13:00,2025-05-07 08:27:21.492114,2025-05-07 08:27:21.492114
250391,136,2019-01-29,10.3,,7.9,03:02,12.7,13:14,7,1.1,5,16:00,93,99,,84,13:10,2025-05-07 08:27:21.565706,2025-05-07 08:27:21.565706
250409,136,2019-01-30,10.4,2.2,8.1,23:56,12.6,14:24,2,2.2,7.2,19:40,96,100,,84,13:30,2025-05-07 08:27:21.654408,2025-05-07 08:27:21.654408
250427,136,2019-01-31,10.4,0,7.8,,13.1,14:11,26,2.8,6.9,23:20,93,100,,82,12:10,2025-05-07 08:27:21.726826,2025-05-07 08:27:21.726826
250445,136,2019-02-01,12.4,,8.5,04:56,16.4,14:27,29,3.6,9.7,19:40,87,100,,71,14:30,2025-05-07 08:27:21.781826,2025-05-07 08:27:21.781826
250463,136,2019-02-02,9.8,1.4,8,23:21,11.7,02:30,36,2.2,9.2,02:40,97,100,,84,15:40,2025-05-07 08:27:21.861708,2025-05-07 08:27:21.861708
250481,136,2019-02-03,9.8,0,7.8,06:31,11.9,14:36,4,1.7,8.1,04:10,93,98,,81,14:20,2025-05-07 08:27:21.942979,2025-05-07 08:27:21.942979
250499,136,2019-02-04,13.2,0,7.6,02:22,18.9,14:20,13,3.6,11.7,22:00,74,100,,28,22:40,2025-05-07 08:27:22.010135,2025-05-07 08:27:22.010135
250517,136,2019-02-05,13.6,0,8.9,23:48,18.3,14:36,13,6.1,15.8,10:30,24,44,08:40,15,19:00,2025-05-07 08:27:22.076646,2025-05-07 08:27:22.076646
250534,136,2019-02-06,13.8,0,8.7,07:55,18.8,14:25,12,6.4,12.8,10:10,27,44,,19,18:00,2025-05-07 08:27:22.164542,2025-05-07 08:27:22.164542
250551,136,2019-02-07,11.6,0,6.3,19:43,17,13:43,11,4.4,8.6,10:00,62,98,,33,09:20,2025-05-07 08:27:22.249884,2025-05-07 08:27:22.249884
250569,136,2019-02-08,11,0,4.4,03:14,17.7,17:37,10,4.2,9.7,12:10,78,100,,25,22:20,2025-05-07 08:27:22.335492,2025-05-07 08:27:22.335492
250587,136,2019-02-09,13,0,4.8,04:00,21.1,16:05,11,1.9,7.2,03:10,62,100,04:10,11,04:50,2025-05-07 08:27:22.426629,2025-05-07 08:27:22.426629
250605,136,2019-02-10,15.8,0,11.1,04:13,20.6,12:07,99,6.1,13.6,09:30,25,37,04:10,20,22:00,2025-05-07 08:27:22.518962,2025-05-07 08:27:22.518962
250623,136,2019-02-11,18.9,0,13.1,04:00,24.7,17:27,13,5.3,14.7,04:30,24,43,19:10,17,23:40,2025-05-07 08:27:22.595921,2025-05-07 08:27:22.595921
250641,136,2019-02-12,19.8,0,14,01:40,25.7,17:31,14,4.2,12.8,07:50,23,46,20:00,16,13:00,2025-05-07 08:27:22.692969,2025-05-07 08:27:22.692969
250659,136,2019-02-13,20.5,0,14.6,05:43,26.4,17:46,14,3.3,13.6,08:00,20,31,15:20,13,20:00,2025-05-07 08:27:22.786481,2025-05-07 08:27:22.786481
250677,136,2019-02-14,19.5,0,14.9,03:12,24.1,,20,1.9,16.7,23:10,19,33,18:20,12,00:00,2025-05-07 08:27:22.881450,2025-05-07 08:27:22.881450
250695,136,2019-02-15,12.3,0,8.1,23:00,16.5,00:01,99,3.3,14.7,00:10,95,100,23:30,19,00:00,2025-05-07 08:27:22.976512,2025-05-07 08:27:22.976512
250713,136,2019-02-16,11.5,0,8.3,01:00,14.7,16:08,28,3.3,11.7,00:20,91,100,,72,16:20,2025-05-07 08:27:23.068630,2025-05-07 08:27:23.068630
250730,136,2019-02-17,11.8,0,6.6,06:21,17,14:37,10,3.1,8.6,13:50,45,95,00:50,37,16:10,2025-05-07 08:27:23.155600,2025-05-07 08:27:23.155600
250747,136,2019-02-18,9.2,0,6.7,22:06,11.7,09:36,36,3.9,9.2,14:30,87,98,,39,02:20,2025-05-07 08:27:23.229720,2025-05-07 08:27:23.229720
250765,136,2019-02-19,10,0,6.6,03:43,13.3,16:12,34,1.9,7.2,11:40,84,99,07:20,63,16:30,2025-05-07 08:27:23.307968,2025-05-07 08:27:23.307968
250783,136,2019-02-20,11.2,0,6.1,05:14,16.2,13:59,14,2.2,10.3,11:10,80,98,,58,13:30,2025-05-07 08:27:23.390079,2025-05-07 08:27:23.390079
250801,136,2019-02-21,14,0,6.2,06:26,21.9,17:00,12,2.8,9.2,02:30,74,99,,38,23:20,2025-05-07 08:27:23.457135,2025-05-07 08:27:23.457135
250819,136,2019-02-22,17.7,0,11.4,00:06,24,15:45,14,5.3,14.2,10:20,28,41,,21,22:30,2025-05-07 08:27:23.547521,2025-05-07 08:27:23.547521
250837,136,2019-02-23,19,0,13.3,21:28,24.8,14:10,13,4.2,12.8,14:50,24,43,18:40,18,11:50,2025-05-07 08:27:23.642269,2025-05-07 08:27:23.642269
250855,136,2019-02-24,18.4,0,13.3,19:41,23.5,13:50,13,5,10.8,06:40,21,34,19:20,19,,2025-05-07 08:27:23.730218,2025-05-07 08:27:23.730218
250873,136,2019-02-25,17.6,0,11.4,07:30,23.7,14:51,12,1.9,5.8,13:40,37,68,18:40,15,00:00,2025-05-07 08:27:23.820589,2025-05-07 08:27:23.820589
250891,136,2019-02-26,17.6,0,12.2,21:55,22.9,15:00,11,2.2,6.4,11:00,27,58,16:10,12,02:20,2025-05-07 08:27:23.918457,2025-05-07 08:27:23.918457
250909,136,2019-02-27,15,0,8.1,23:59,21.8,11:49,12,1.7,6.7,09:50,43,88,19:20,16,02:40,2025-05-07 08:27:24.003594,2025-05-07 08:27:24.003594
250927,136,2019-02-28,11.6,0,7.8,00:07,15.4,12:02,12,2.5,7.2,06:50,82,95,,71,18:30,2025-05-07 08:27:24.084611,2025-05-07 08:27:24.084611
250945,136,2019-03-01,11.4,0,7.8,06:37,15.1,14:10,36,1.4,6.1,13:10,82,98,,61,14:20,2025-05-07 08:27:24.168743,2025-05-07 08:27:24.168743
250963,136,2019-03-02,11.2,0,8.5,01:45,13.9,13:49,2,2.5,7.5,07:10,88,99,,69,13:30,2025-05-07 08:27:24.244864,2025-05-07 08:27:24.244864
250981,136,2019-03-03,11.6,0,8.7,05:00,14.6,13:28,36,1.9,6.9,18:40,93,99,08:00,78,15:50,2025-05-07 08:27:24.340285,2025-05-07 08:27:24.340285
250999,136,2019-03-04,13.2,0,8.7,20:16,17.7,15:13,99,1.4,6.7,,81,97,,61,14:30,2025-05-07 08:27:24.448829,2025-05-07 08:27:24.448829
251017,136,2019-03-05,13.2,0,7.4,07:49,18.9,14:47,28,2.2,8.3,23:59,76,99,08:30,59,14:50,2025-05-07 08:27:24.552806,2025-05-07 08:27:24.552806
251034,136,2019-03-06,12.5,0,8.9,01:43,16.1,13:33,29,2.8,10,00:10,89,99,,66,03:30,2025-05-07 08:27:24.629486,2025-05-07 08:27:24.629486
251051,136,2019-03-07,11.2,4,8.7,02:45,13.7,11:54,33,3.6,8.9,13:30,91,100,,72,15:00,2025-05-07 08:27:24.693685,2025-05-07 08:27:24.693685
251069,136,2019-03-08,10.5,4.4,8.5,21:18,12.5,11:28,35,3.9,13.6,09:50,97,100,,89,15:40,2025-05-07 08:27:24.787340,2025-05-07 08:27:24.787340
251087,136,2019-03-09,10.7,0,8.4,06:33,13,16:04,36,2.5,9.2,02:10,95,100,,81,16:40,2025-05-07 08:27:24.890296,2025-05-07 08:27:24.890296
251105,136,2019-03-10,16,0.2,9.3,04:31,22.6,15:19,12,2.8,9.4,14:40,61,99,,23,20:10,2025-05-07 08:27:24.990884,2025-05-07 08:27:24.990884
251122,136,2019-03-11,18.4,0,11.9,01:51,24.8,16:22,10,2.2,6.1,00:50,27,56,15:10,16,18:00,2025-05-07 08:27:25.079474,2025-05-07 08:27:25.079474
251139,136,2019-03-12,15.5,0,8.6,23:01,22.4,14:55,12,2.5,5.8,03:20,50,98,,20,08:50,2025-05-07 08:27:25.158036,2025-05-07 08:27:25.158036
251156,136,2019-03-13,12.9,0,8,00:45,17.8,13:36,32,1.4,4.7,15:00,85,99,08:00,65,01:30,2025-05-07 08:27:25.232052,2025-05-07 08:27:25.232052
251173,136,2019-03-14,15.7,0,9.8,03:10,21.6,15:00,11,2.5,6.1,13:30,77,99,,36,23:40,2025-05-07 08:27:25.322910,2025-05-07 08:27:25.322910
251190,136,2019-03-15,18.1,0,11.4,06:22,24.8,17:11,13,4.2,10,13:10,31,44,17:20,20,14:40,2025-05-07 08:27:25.407040,2025-05-07 08:27:25.407040
251207,136,2019-03-16,17.2,0,8.9,23:14,25.4,17:36,10,3.3,9.2,12:20,22,94,22:50,16,18:10,2025-05-07 08:27:25.494036,2025-05-07 08:27:25.494036
251224,136,2019-03-17,13.2,0,8.8,02:30,17.5,11:10,35,1.9,5.3,14:10,82,98,,59,11:10,2025-05-07 08:27:25.562796,2025-05-07 08:27:25.562796
251241,136,2019-03-18,13.2,0.2,9,06:13,17.4,13:26,35,1.1,6.7,15:00,79,94,00:00,62,11:00,2025-05-07 08:27:25.638814,2025-05-07 08:27:25.638814
251258,136,2019-03-19,12.7,0,8.7,06:10,16.7,14:05,4,1.1,7.5,03:40,84,98,05:00,62,13:40,2025-05-07 08:27:25.724612,2025-05-07 08:27:25.724612
251275,136,2019-03-20,13.2,0,6.7,07:03,19.6,14:32,10,2.8,7.8,10:10,76,100,07:50,61,14:30,2025-05-07 08:27:25.796447,2025-05-07 08:27:25.796447
251292,136,2019-03-21,13.8,0,7.5,03:01,20,14:31,12,3.9,7.8,10:20,73,99,01:30,30,14:10,2025-05-07 08:27:25.868329,2025-05-07 08:27:25.868329
251309,136,2019-03-22,13.5,0,8.7,06:59,18.3,14:46,11,1.7,6.9,12:00,85,94,,57,14:20,2025-05-07 08:27:25.956181,2025-05-07 08:27:25.956181
251326,136,2019-03-23,10.6,0,8.1,21:48,13,12:25,34,1.7,6.9,09:30,90,98,08:10,78,12:10,2025-05-07 08:27:26.041992,2025-05-07 08:27:26.041992
251343,136,2019-03-24,12.2,0,7.2,23:48,17.2,11:30,11,0.8,5,11:30,86,98,07:20,65,10:00,2025-05-07 08:27:26.119750,2025-05-07 08:27:26.119750
251360,136,2019-03-25,12,7.6,7.1,00:06,17,11:20,13,2.2,7.2,17:00,90,99,16:00,54,11:10,2025-05-07 08:27:26.179816,2025-05-07 08:27:26.179816
251377,136,2019-03-26,12.1,1.4,7.5,03:04,16.7,16:00,27,2.5,6.7,22:20,90,98,00:50,72,09:50,2025-05-07 08:27:26.244307,2025-05-07 08:27:26.244307
251394,136,2019-03-27,12.8,0.2,9.3,,16.2,12:44,28,2.5,6.7,02:50,90,99,,78,12:40,2025-05-07 08:27:26.315052,2025-05-07 08:27:26.315052
251411,136,2019-03-28,13.4,16,7.5,03:41,19.2,10:51,10,0.8,5.3,10:00,96,100,08:10,61,10:50,2025-05-07 08:27:26.384950,2025-05-07 08:27:26.384950
251428,136,2019-03-29,11.4,0.4,6.3,06:58,16.5,09:54,28,1.4,5.3,22:00,93,100,07:10,65,10:10,2025-05-07 08:27:26.473797,2025-05-07 08:27:26.473797
251445,136,2019-03-30,12.2,1.8,7.8,23:29,16.7,15:37,34,2.2,6.4,14:30,85,99,00:00,62,15:30,2025-05-07 08:27:26.555158,2025-05-07 08:27:26.555158
251462,136,2019-03-31,12.8,0.4,7.4,03:12,18.2,11:55,28,1.9,7.5,07:40,80,95,,56,11:50,2025-05-07 08:27:26.633959,2025-05-07 08:27:26.633959
251479,136,2019-04-01,12.4,0.6,8.1,04:09,16.8,09:38,32,0.8,5,01:30,91,98,,64,09:30,2025-05-07 08:27:26.714030,2025-05-07 08:27:26.714030
251496,136,2019-04-02,13.3,1,8,07:11,18.6,10:38,13,2.2,7.8,03:30,90,99,,62,10:40,2025-05-07 08:27:26.781075,2025-05-07 08:27:26.781075
251513,136,2019-04-03,11.8,13.2,8.8,04:26,14.8,16:17,34,1.7,7.5,11:40,95,100,,76,18:40,2025-05-07 08:27:26.856028,2025-05-07 08:27:26.856028
251530,136,2019-04-04,11,4.4,7.9,03:44,14.2,13:20,33,2.8,8.6,17:40,94,100,,77,13:30,2025-05-07 08:27:26.931983,2025-05-07 08:27:26.931983
251546,136,2019-04-05,12.1,4.2,7.6,03:52,16.6,14:53,34,5,13.1,18:10,91,100,,66,15:00,2025-05-07 08:27:27.008762,2025-05-07 08:27:27.008762
251563,136,2019-04-06,11.4,0.4,7.5,,15.4,15:54,35,4.7,12.2,01:10,87,100,,63,16:00,2025-05-07 08:27:27.095587,2025-05-07 08:27:27.095587
251580,136,2019-04-07,12.5,0.2,8,03:20,17,13:41,33,2.2,6.9,14:00,78,98,00:00,64,10:50,2025-05-07 08:27:27.162129,2025-05-07 08:27:27.162129
251597,136,2019-04-08,12.7,0.6,8.5,23:35,16.9,15:39,34,1.9,6.1,12:40,91,99,,70,15:40,2025-05-07 08:27:27.229211,2025-05-07 08:27:27.229211
251614,136,2019-04-09,12.6,4,8.3,00:40,17,10:29,1,2.5,6.7,13:00,96,99,,69,10:20,2025-05-07 08:27:27.297502,2025-05-07 08:27:27.297502
251631,136,2019-04-10,11.4,0,8.3,02:30,14.6,14:41,34,2.5,6.7,14:50,89,99,,70,12:30,2025-05-07 08:27:27.370909,2025-05-07 08:27:27.370909
251648,136,2019-04-11,12,0.6,8.6,06:30,15.5,14:17,35,1.9,8.1,21:40,84,98,,64,14:20,2025-05-07 08:27:27.458733,2025-05-07 08:27:27.458733
251665,136,2019-04-12,12.4,0.2,8.5,02:50,16.2,15:10,31,2.2,7.2,05:00,80,99,,62,14:30,2025-05-07 08:27:27.540751,2025-05-07 08:27:27.540751
251682,136,2019-04-13,15,0,9,23:53,21.1,15:09,1,1.1,5.8,03:20,76,97,00:00,39,17:10,2025-05-07 08:27:27.627774,2025-05-07 08:27:27.627774
251699,136,2019-04-14,16,0,8.7,03:10,23.4,10:18,13,2.5,7.8,07:20,58,97,,27,08:50,2025-05-07 08:27:27.709610,2025-05-07 08:27:27.709610
251716,136,2019-04-15,14.8,0,9.1,03:11,20.5,13:29,29,3.3,8.3,01:50,75,98,23:30,52,00:00,2025-05-07 08:27:27.769250,2025-05-07 08:27:27.769250
251733,136,2019-04-16,15.9,0,10,01:50,21.8,12:05,12,1.7,8.1,01:00,76,99,,58,11:00,2025-05-07 08:27:27.837848,2025-05-07 08:27:27.837848
251750,136,2019-04-17,13.8,4.4,9,06:14,18.7,10:20,99,3.1,8.3,23:40,85,100,23:10,61,10:20,2025-05-07 08:27:27.911337,2025-05-07 08:27:27.911337
251767,136,2019-04-18,12,0.4,9.4,21:46,14.6,13:55,33,3.6,8.6,20:50,93,100,,76,14:00,2025-05-07 08:27:27.989480,2025-05-07 08:27:27.989480
251784,136,2019-04-19,12.6,0.8,8.4,03:05,16.9,15:57,32,3.3,9.7,00:10,88,99,,64,,2025-05-07 08:27:28.057133,2025-05-07 08:27:28.057133
251801,136,2019-04-20,11.3,6,8.9,03:29,13.7,13:36,34,3.3,10.6,09:50,98,100,,89,16:40,2025-05-07 08:27:28.146421,2025-05-07 08:27:28.146421
251818,136,2019-04-21,13,0.4,9.1,07:00,16.9,13:52,28,2.5,8.1,23:59,89,100,,68,12:40,2025-05-07 08:27:28.234795,2025-05-07 08:27:28.234795
251835,136,2019-04-22,14.2,0,9.4,03:28,18.9,14:05,28,4.2,10.3,23:40,86,99,,66,14:10,2025-05-07 08:27:28.320977,2025-05-07 08:27:28.320977
251852,136,2019-04-23,13.8,3.6,9.4,24:00,18.3,11:57,28,4.7,11.1,04:20,92,100,,64,12:00,2025-05-07 08:27:28.383192,2025-05-07 08:27:28.383192
251869,136,2019-04-24,13.4,0,8.1,00:42,18.7,14:15,34,3.6,8.1,03:10,84,100,,66,12:40,2025-05-07 08:27:28.447484,2025-05-07 08:27:28.447484
251886,136,2019-04-25,13.4,1,8.2,01:43,18.7,11:11,34,2.5,7.2,14:50,74,97,,60,15:40,2025-05-07 08:27:28.521129,2025-05-07 08:27:28.521129
251903,136,2019-04-26,12.6,0.6,9.4,22:06,15.8,12:40,3,2.5,6.7,04:30,87,98,,71,12:30,2025-05-07 08:27:28.593668,2025-05-07 08:27:28.593668
251920,136,2019-04-27,12.9,0,8.9,06:03,16.9,12:25,36,1.9,5,,87,99,,69,13:00,2025-05-07 08:27:28.671748,2025-05-07 08:27:28.671748
251937,136,2019-04-28,14.6,0,9.5,07:06,19.6,14:32,33,1.7,5.3,11:50,81,100,,39,07:40,2025-05-07 08:27:28.756690,2025-05-07 08:27:28.756690
251954,136,2019-04-29,14.8,0,8.8,05:12,20.7,14:44,32,1.1,5,09:30,51,99,01:20,17,07:00,2025-05-07 08:27:28.827132,2025-05-07 08:27:28.827132
251971,136,2019-04-30,17,0,12.1,07:08,21.8,15:05,10,1.4,5.3,17:30,52,85,07:40,25,02:40,2025-05-07 08:27:28.900798,2025-05-07 08:27:28.900798
251988,136,2019-05-01,13.4,0.6,9.8,05:45,16.9,11:46,34,3.3,8.6,17:00,82,96,,44,03:30,2025-05-07 08:27:28.972643,2025-05-07 08:27:28.972643
252005,136,2019-05-02,12.8,1,9.5,06:54,16,13:20,34,3.6,8.6,05:00,89,99,,67,15:00,2025-05-07 08:27:29.033348,2025-05-07 08:27:29.033348
252022,136,2019-05-03,12.6,0,9.4,04:45,15.7,12:01,33,3.6,8.3,18:10,83,100,08:30,70,11:40,2025-05-07 08:27:29.113447,2025-05-07 08:27:29.113447
252039,136,2019-05-04,13.6,0,9.8,06:04,17.4,12:55,34,2.8,6.7,21:10,81,97,,61,11:10,2025-05-07 08:27:29.197689,2025-05-07 08:27:29.197689
252056,136,2019-05-05,13.8,0,9.3,05:59,18.3,14:56,34,1.7,6.1,12:50,76,92,03:10,59,13:40,2025-05-07 08:27:29.285745,2025-05-07 08:27:29.285745
252073,136,2019-05-06,15.3,0,9.1,01:49,21.5,14:21,11,1.9,6.4,10:40,74,96,,56,14:10,2025-05-07 08:27:29.360399,2025-05-07 08:27:29.360399
252090,136,2019-05-07,14.8,0,8.4,06:25,21.3,15:37,8,1.7,4.2,07:40,74,99,07:00,22,23:40,2025-05-07 08:27:29.440970,2025-05-07 08:27:29.440970
252107,136,2019-05-08,16,0,8.9,06:11,23,13:38,11,3.3,7.8,09:40,64,92,06:10,19,01:50,2025-05-07 08:27:29.513072,2025-05-07 08:27:29.513072
252124,136,2019-05-09,15.6,0,10.1,06:22,21,10:13,32,2.2,5.8,14:40,76,97,06:00,57,14:30,2025-05-07 08:27:29.599485,2025-05-07 08:27:29.599485
252141,136,2019-05-10,16.4,0,11,06:08,21.8,14:28,11,1.4,6.9,10:40,81,96,,56,14:30,2025-05-07 08:27:29.674894,2025-05-07 08:27:29.674894
252159,136,2019-05-11,18.6,0,10,06:59,27.2,17:37,10,2.2,6.9,10:10,70,100,07:30,7,23:59,2025-05-07 08:27:29.741925,2025-05-07 08:27:29.741925
252177,136,2019-05-12,25.6,0,18.2,06:30,32.9,17:55,11,2.2,7.2,11:30,33,47,12:20,4,00:00,2025-05-07 08:27:29.825092,2025-05-07 08:27:29.825092
252195,136,2019-05-13,22.7,0,15.7,05:37,29.7,11:08,10,2.5,7.2,09:20,48,76,18:30,3,00:00,2025-05-07 08:27:29.891793,2025-05-07 08:27:29.891793
252213,136,2019-05-14,19.8,0,12.7,21:11,27,08:12,28,1.9,5.3,14:20,50,90,20:10,20,07:30,2025-05-07 08:27:30.027734,2025-05-07 08:27:30.027734
252231,136,2019-05-15,18.2,0,10.6,04:12,25.7,10:41,12,1.1,3.9,11:10,75,97,07:50,17,02:20,2025-05-07 08:27:30.210663,2025-05-07 08:27:30.210663
252249,136,2019-05-16,22.8,0,15.9,23:34,29.7,10:36,99,3.3,6.7,,36,64,23:30,19,08:40,2025-05-07 08:27:30.448493,2025-05-07 08:27:30.448493
252267,136,2019-05-17,18.6,0,12.8,23:58,24.5,11:50,13,4.2,11.7,08:30,52,97,,29,05:50,2025-05-07 08:27:30.687530,2025-05-07 08:27:30.687530
252285,136,2019-05-18,16.4,0,10.9,,22,15:29,10,3.6,7.5,13:00,76,99,,56,15:30,2025-05-07 08:27:30.874473,2025-05-07 08:27:30.874473
252303,136,2019-05-19,12.8,1.8,10.3,03:12,15.2,13:40,1,1.7,6.4,23:10,94,99,23:30,84,14:10,2025-05-07 08:27:31.116883,2025-05-07 08:27:31.116883
252321,136,2019-05-20,14.3,1,10.6,03:33,18,16:20,33,2.2,7.2,17:10,87,99,,68,17:00,2025-05-07 08:27:31.357985,2025-05-07 08:27:31.357985
252339,136,2019-05-21,14.5,0.8,10.9,00:01,18.1,14:22,34,1.7,5.8,,78,98,,63,18:00,2025-05-07 08:27:31.599133,2025-05-07 08:27:31.599133
252357,136,2019-05-22,14,1.6,11.2,03:02,16.7,12:48,34,1.7,7.8,18:10,91,99,,78,13:00,2025-05-07 08:27:31.835183,2025-05-07 08:27:31.835183
252375,136,2019-05-23,14,0,11,03:51,17,14:11,35,2.8,10,01:50,90,100,06:00,35,23:59,2025-05-07 08:27:32.092274,2025-05-07 08:27:32.092274
252393,136,2019-05-24,18.4,0.4,10.9,05:47,26,16:09,12,1.9,7.8,10:10,58,93,05:50,26,00:30,2025-05-07 08:27:32.426992,2025-05-07 08:27:32.426992
252411,136,2019-05-25,15,0.8,11.3,23:52,18.6,16:44,26,1.7,7.2,22:10,86,98,,18,01:00,2025-05-07 08:27:32.641353,2025-05-07 08:27:32.641353
252429,136,2019-05-26,16.6,0,10.5,05:13,22.8,17:33,28,1.4,6.1,00:30,63,98,00:10,39,18:10,2025-05-07 08:27:32.841773,2025-05-07 08:27:32.841773
252447,136,2019-05-27,19.5,0,13.8,05:36,25.2,12:23,16,1.7,7.2,04:20,39,60,06:20,29,12:40,2025-05-07 08:27:33.045031,2025-05-07 08:27:33.045031
252465,136,2019-05-28,16.8,0,11.2,05:39,22.3,14:56,34,1.7,4.2,15:30,77,98,07:20,42,00:00,2025-05-07 08:27:33.280094,2025-05-07 08:27:33.280094
252483,136,2019-05-29,16.6,0,10.3,02:52,22.8,14:27,33,1.7,3.9,13:10,70,98,02:20,19,20:30,2025-05-07 08:27:33.501368,2025-05-07 08:27:33.501368
252501,136,2019-05-30,17.9,0,10.7,01:26,25.1,07:48,32,1.7,4.7,12:30,49,90,01:20,13,23:40,2025-05-07 08:27:33.728475,2025-05-07 08:27:33.728475
252519,136,2019-05-31,21.7,0,15.3,06:11,28.1,08:23,99,1.7,4.4,,40,62,13:00,13,00:10,2025-05-07 08:27:33.950476,2025-05-07 08:27:33.950476
252537,136,2019-06-01,21.3,0,14.4,07:13,28.2,17:50,15,1.1,10.3,04:30,62,89,07:30,11,01:10,2025-05-07 08:27:34.224828,2025-05-07 08:27:34.224828
252555,136,2019-06-02,25.8,0,19.5,00:01,32.2,11:44,15,3.1,9.7,01:40,26,43,00:00,13,19:50,2025-05-07 08:27:34.443667,2025-05-07 08:27:34.443667
252573,136,2019-06-03,24.9,0,18.2,06:29,31.6,10:11,99,2.8,7.5,,23,36,02:30,16,14:10,2025-05-07 08:27:34.684485,2025-05-07 08:27:34.684485
252591,136,2019-06-04,20.1,0,13,22:13,27.2,12:07,28,1.7,5.3,21:00,30,91,,21,02:20,2025-05-07 08:27:34.982810,2025-05-07 08:27:34.982810
252609,136,2019-06-05,15.3,0.6,12,23:59,18.6,12:36,34,2.8,7.8,01:30,86,98,23:30,69,12:40,2025-05-07 08:27:35.225719,2025-05-07 08:27:35.225719
252627,136,2019-06-06,14.6,0.2,10.8,06:33,18.5,16:42,34,2.8,6.9,20:00,78,99,04:10,59,17:10,2025-05-07 08:27:35.389043,2025-05-07 08:27:35.389043
252645,136,2019-06-07,15,2.2,10.8,03:56,19.3,15:11,33,1.4,6.7,00:40,77,96,06:10,64,15:10,2025-05-07 08:27:35.616022,2025-05-07 08:27:35.616022
252663,136,2019-06-08,15,1.4,11.2,23:56,18.7,17:44,6,1.7,6.9,03:40,86,99,07:20,66,,2025-05-07 08:27:35.852800,2025-05-07 08:27:35.852800
252681,136,2019-06-09,14.9,0,10.4,01:31,19.4,15:10,34,1.9,6.4,14:30,78,95,,58,15:10,2025-05-07 08:27:36.145474,2025-05-07 08:27:36.145474
252699,136,2019-06-10,15.2,0.4,11.3,05:43,19.1,14:06,35,1.9,7.5,16:10,81,97,,63,14:20,2025-05-07 08:27:36.363206,2025-05-07 08:27:36.363206
252717,136,2019-06-11,13,8.8,11.1,05:09,14.9,12:12,33,3.3,8.3,16:30,97,99,,94,14:30,2025-05-07 08:27:36.644946,2025-05-07 08:27:36.644946
252735,136,2019-06-12,14.2,7,10.5,23:01,17.8,15:33,27,3.1,10,21:30,98,100,,71,15:20,2025-05-07 08:27:36.835469,2025-05-07 08:27:36.835469
252753,136,2019-06-13,15.3,0.2,10.6,01:16,20,14:05,33,3.6,8.9,12:40,75,100,,53,14:10,2025-05-07 08:27:37.026569,2025-05-07 08:27:37.026569
252771,136,2019-06-14,12.8,0,9.3,23:53,16.4,09:23,35,1.4,5.6,11:10,74,95,,64,08:50,2025-05-07 08:27:37.237361,2025-05-07 08:27:37.237361
252789,136,2019-06-15,14.2,0,9,03:05,19.4,10:32,12,1.7,6.1,06:20,89,98,07:00,55,10:30,2025-05-07 08:27:37.485830,2025-05-07 08:27:37.485830
252807,136,2019-06-16,15,0,9.1,04:04,20.9,16:04,11,1.4,6.1,11:40,74,99,03:50,60,10:00,2025-05-07 08:27:37.756961,2025-05-07 08:27:37.756961
252825,136,2019-06-17,17.9,0,11.9,00:56,23.9,13:42,28,2.2,6.4,01:30,54,88,23:50,48,17:10,2025-05-07 08:27:38.022744,2025-05-07 08:27:38.022744
252862,136,2019-06-20,17.2,0,12.1,03:32,22.4,14:04,34,3.1,7.5,15:00,74,96,02:40,53,13:10,2025-05-07 08:27:38.512330,2025-05-07 08:27:38.512330
252879,136,2019-06-21,17.2,0,12.5,02:59,21.9,14:13,28,2.8,7.2,21:10,77,96,05:00,56,16:20,2025-05-07 08:27:38.760027,2025-05-07 08:27:38.760027
252897,136,2019-06-22,17.8,0,11.6,03:19,24.1,13:39,26,3.1,7.5,23:20,70,96,,37,13:50,2025-05-07 08:27:38.999043,2025-05-07 08:27:38.999043
252915,136,2019-06-23,18.4,0,12.9,03:56,23.8,11:41,28,3.1,8.9,02:00,71,95,,57,16:10,2025-05-07 08:27:39.123289,2025-05-07 08:27:39.123289
252933,136,2019-06-24,19.2,0,14.5,05:15,23.9,13:58,27,1.1,4.7,01:00,81,98,06:40,67,,2025-05-07 08:28:42.002850,2025-05-07 08:28:42.002850
252951,136,2019-06-25,17.2,2.8,14.6,,19.7,11:44,26,2.2,7.5,23:10,96,99,,83,,2025-05-07 08:28:42.252830,2025-05-07 08:28:42.252830
252969,136,2019-06-26,16,0.2,12.7,03:59,19.4,13:36,28,2.5,8.9,03:30,84,100,03:10,75,12:10,2025-05-07 08:28:42.497442,2025-05-07 08:28:42.497442
252987,136,2019-06-27,17.3,0,12.2,03:44,22.4,15:49,34,2.5,7.2,14:10,72,98,06:30,53,14:30,2025-05-07 08:28:42.736340,2025-05-07 08:28:42.736340
253005,136,2019-06-28,16.9,0,12.1,03:21,21.7,15:08,36,2.5,6.7,15:20,75,98,,46,12:30,2025-05-07 08:28:42.993903,2025-05-07 08:28:42.993903
253023,136,2019-06-29,16.6,0,11.9,02:56,21.4,12:13,35,2.2,7.5,14:20,72,94,04:50,53,12:10,2025-05-07 08:28:43.239709,2025-05-07 08:28:43.239709
253041,136,2019-06-30,16.6,0,12.1,04:36,21.1,16:04,33,1.9,7.5,16:10,73,96,03:20,58,16:10,2025-05-07 08:28:43.476230,2025-05-07 08:28:43.476230
253059,136,2019-07-01,16.6,0.2,12.3,00:07,20.8,13:53,99,2.2,6.7,,81,97,,62,13:00,2025-05-07 08:28:43.688633,2025-05-07 08:28:43.688633
253077,136,2019-07-02,16,0.6,12.7,05:00,19.3,15:25,1,1.1,5.8,02:40,85,98,,68,15:40,2025-05-07 08:28:43.893101,2025-05-07 08:28:43.893101
253095,136,2019-07-03,16.6,0.6,12.5,06:49,20.7,13:16,34,1.9,7.5,12:50,81,98,,62,13:20,2025-05-07 08:28:44.111624,2025-05-07 08:28:44.111624
253113,136,2019-07-04,16.8,0.6,12.1,23:05,21.5,16:54,35,2.2,5.3,06:40,82,98,,62,17:10,2025-05-07 08:28:44.329690,2025-05-07 08:28:44.329690
253131,136,2019-07-05,17.4,0.2,11.6,02:57,23.1,13:40,33,1.9,6.1,14:20,81,99,,63,13:40,2025-05-07 08:28:44.566483,2025-05-07 08:28:44.566483
253149,136,2019-07-06,17.8,0,13.5,01:32,22,16:20,36,2.2,6.7,16:30,79,98,06:30,58,17:10,2025-05-07 08:28:44.791748,2025-05-07 08:28:44.791748
253167,136,2019-07-07,17.6,0,13.1,02:10,22.2,16:16,28,2.2,5.8,04:10,81,97,06:30,61,16:00,2025-05-07 08:28:45.036178,2025-05-07 08:28:45.036178
253185,136,2019-07-08,17.3,0,12.9,,21.7,13:30,36,2.8,8.6,13:40,75,97,07:00,59,13:50,2025-05-07 08:28:45.251191,2025-05-07 08:28:45.251191
253202,136,2019-07-09,17.1,0,13.2,06:11,21,13:16,32,2.2,7.2,20:20,79,96,05:50,60,13:00,2025-05-07 08:28:45.519505,2025-05-07 08:28:45.519505
253219,136,2019-07-10,17.8,0,13.2,06:21,22.5,15:35,35,3.6,8.1,14:40,78,98,06:30,55,15:40,2025-05-07 08:28:45.816408,2025-05-07 08:28:45.816408
253237,136,2019-07-11,17.2,0,12.6,06:27,21.9,15:24,34,2.8,8.3,00:10,78,98,,57,15:10,2025-05-07 08:28:46.033584,2025-05-07 08:28:46.033584
253255,136,2019-07-12,18,0,13,06:21,23,17:38,99,1.9,5.3,,70,97,22:50,54,23:59,2025-05-07 08:28:46.323683,2025-05-07 08:28:46.323683
253273,136,2019-07-13,20.6,0,14.4,22:23,26.7,14:18,9,1.7,6.4,02:10,57,96,22:30,36,04:10,2025-05-07 08:28:46.566842,2025-05-07 08:28:46.566842
253291,136,2019-07-14,19,0,14.4,23:22,23.7,14:10,34,2.2,5.8,14:30,79,98,23:30,40,04:10,2025-05-07 08:28:46.839804,2025-05-07 08:28:46.839804
253309,136,2019-07-15,20.8,0,14.3,04:56,27.2,12:15,28,1.7,5.6,00:40,77,98,,46,23:30,2025-05-07 08:28:47.040693,2025-05-07 08:28:47.040693
253327,136,2019-07-16,18.4,0,13.7,03:16,23,14:55,31,1.9,4.2,13:00,82,98,,49,00:20,2025-05-07 08:28:47.243383,2025-05-07 08:28:47.243383
253345,136,2019-07-17,19,0,13.6,04:48,24.5,13:46,11,1.9,4.7,13:10,76,99,,58,13:40,2025-05-07 08:28:47.498388,2025-05-07 08:28:47.498388
253363,136,2019-07-18,16.6,0,12.8,05:29,20.3,13:55,32,3.1,8.1,18:30,86,98,07:10,66,13:20,2025-05-07 08:28:47.819120,2025-05-07 08:28:47.819120
253381,136,2019-07-19,16.8,1.4,12.8,05:32,20.7,13:50,29,3.3,8.3,07:40,84,98,,65,12:30,2025-05-07 08:28:48.121155,2025-05-07 08:28:48.121155
253399,136,2019-07-20,17.4,0.6,13.8,02:16,21.1,15:23,27,1.9,5.6,07:10,89,100,08:30,68,16:30,2025-05-07 08:28:48.427646,2025-05-07 08:28:48.427646
253417,136,2019-07-21,18.9,0,13.5,23:57,24.3,14:50,10,1.4,4.7,04:50,81,99,,38,21:00,2025-05-07 08:28:48.686391,2025-05-07 08:28:48.686391
253435,136,2019-07-22,18.2,0,13.5,00:01,23,13:38,28,1.7,5.6,22:40,79,99,,64,13:40,2025-05-07 08:28:48.920021,2025-05-07 08:28:48.920021
253453,136,2019-07-23,18,0,12.2,06:33,23.7,12:42,29,1.9,6.1,01:30,77,99,,59,09:00,2025-05-07 08:28:49.206116,2025-05-07 08:28:49.206116
253471,136,2019-07-24,21,0,13.2,00:30,28.7,15:22,8,1.9,7.5,06:20,38,93,00:30,18,07:50,2025-05-07 08:28:49.482475,2025-05-07 08:28:49.482475
253489,136,2019-07-25,21.8,0,15.5,22:30,28.2,13:57,15,2.5,6.7,10:20,33,86,22:30,21,09:20,2025-05-07 08:28:49.761612,2025-05-07 08:28:49.761612
253507,136,2019-07-26,21.8,0,15.9,,27.6,11:47,14,1.7,6.1,06:00,58,95,23:30,32,09:00,2025-05-07 08:28:50.019328,2025-05-07 08:28:50.019328
253525,136,2019-07-27,18.2,0.2,13.4,22:04,23.1,13:49,34,1.4,4.4,00:50,73,97,02:20,60,16:00,2025-05-07 08:28:50.245093,2025-05-07 08:28:50.245093
253543,136,2019-07-28,17.2,1.4,14.2,00:06,20.3,13:38,33,2.5,6.1,15:20,92,99,,79,17:30,2025-05-07 08:28:50.444831,2025-05-07 08:28:50.444831
253561,136,2019-07-29,18.2,1.6,13.6,05:57,22.9,14:27,36,2.8,7.8,18:20,79,99,,58,14:20,2025-05-07 08:28:50.674217,2025-05-07 08:28:50.674217
253579,136,2019-07-30,14.4,5.4,13.2,23:52,15.7,10:22,33,4.4,9.4,06:40,99,100,,97,,2025-05-07 08:28:50.873918,2025-05-07 08:28:50.873918
253596,136,2019-07-31,16.2,0,12.3,05:25,20.1,15:14,33,3.3,8.1,01:50,85,100,,67,15:00,2025-05-07 08:28:51.076940,2025-05-07 08:28:51.076940
253614,136,2019-08-01,17.6,0,13,01:19,22.2,14:36,23,2.8,6.1,01:20,77,96,,61,14:00,2025-05-07 08:28:51.315506,2025-05-07 08:28:51.315506
253632,136,2019-08-02,17.9,0,13.4,01:10,22.4,14:28,33,1.9,5.8,16:00,78,97,06:50,63,13:30,2025-05-07 08:28:51.559671,2025-05-07 08:28:51.559671
253650,136,2019-08-03,17.1,0,12.6,05:05,21.6,13:41,34,2.8,6.9,15:00,81,99,,63,15:50,2025-05-07 08:28:51.804122,2025-05-07 08:28:51.804122
253668,136,2019-08-04,17.2,0,12.5,00:39,21.9,14:45,1,1.9,6.7,13:50,80,97,,62,14:50,2025-05-07 08:28:52.037669,2025-05-07 08:28:52.037669
253686,136,2019-08-05,19.6,0,14.6,06:24,24.5,13:59,35,1.7,6.7,05:50,74,97,,51,13:50,2025-05-07 08:28:52.267813,2025-05-07 08:28:52.267813
253704,136,2019-08-06,19.1,0,14.6,,23.6,13:27,34,2.8,7.8,15:20,78,95,,60,13:30,2025-05-07 08:28:52.435476,2025-05-07 08:28:52.435476
253722,136,2019-08-07,19.8,0,13.6,05:26,25.9,15:10,10,1.1,5.3,12:10,75,97,,39,,2025-05-07 08:28:52.537701,2025-05-07 08:28:52.537701
253740,136,2019-08-08,23.4,0,17.3,05:30,29.6,10:26,12,1.4,5.6,,43,70,20:00,18,08:20,2025-05-07 08:28:52.641309,2025-05-07 08:28:52.641309
253758,136,2019-08-09,25,0,18.9,23:48,31.1,14:02,12,0.8,4.2,14:30,34,59,18:20,8,07:00,2025-05-07 08:28:52.738846,2025-05-07 08:28:52.738846
253776,136,2019-08-10,22.8,2,17.3,22:14,28.3,15:03,12,1.1,5.3,12:00,44,94,23:59,19,07:00,2025-05-07 08:28:52.836971,2025-05-07 08:28:52.836971
253793,136,2019-08-11,18,0,14.3,21:36,21.7,16:58,99,1.7,7.5,,82,99,07:20,37,23:00,2025-05-07 08:28:52.931851,2025-05-07 08:28:52.931851
253811,136,2019-08-12,18.5,0,14.4,05:18,22.6,15:07,12,1.9,6.9,02:50,66,94,06:30,26,22:10,2025-05-07 08:28:53.040795,2025-05-07 08:28:53.040795
253829,136,2019-08-13,18,0,13.1,23:48,22.8,11:52,36,2.2,6.4,15:00,66,95,23:30,24,00:00,2025-05-07 08:28:53.128664,2025-05-07 08:28:53.128664
253847,136,2019-08-14,19.9,0,12.7,00:57,27.1,15:37,99,1.4,4.2,,47,95,00:00,27,20:20,2025-05-07 08:28:53.202908,2025-05-07 08:28:53.202908
253865,136,2019-08-15,22.8,0,17.5,01:28,28.2,10:53,12,1.1,6.1,23:40,52,71,18:30,25,03:50,2025-05-07 08:28:53.271310,2025-05-07 08:28:53.271310
253882,136,2019-08-16,28.5,0,22.1,02:23,34.9,16:42,12,3.3,7.8,15:00,21,41,02:20,11,07:00,2025-05-07 08:28:53.344474,2025-05-07 08:28:53.344474
253899,136,2019-08-17,30.4,0,24.4,23:38,36.3,15:15,13,3.6,9.7,04:00,16,39,16:10,12,15:00,2025-05-07 08:28:53.423198,2025-05-07 08:28:53.423198
253917,136,2019-08-18,28.8,0,22.3,01:54,35.2,13:59,12,4.2,9.2,,12,37,01:40,10,09:40,2025-05-07 08:28:53.509764,2025-05-07 08:28:53.509764
253935,136,2019-08-19,28,0,22.4,,33.5,15:22,11,2.8,6.9,11:40,16,20,07:50,9,05:40,2025-05-07 08:28:53.612226,2025-05-07 08:28:53.612226
253953,136,2019-08-20,22,0,17.1,21:46,26.9,11:21,13,1.9,7.2,12:40,44,77,19:30,9,00:00,2025-05-07 08:28:53.763896,2025-05-07 08:28:53.763896
253971,136,2019-08-21,18.1,0,13.8,22:50,22.4,11:45,21,1.9,6.1,04:10,75,93,22:40,25,01:10,2025-05-07 08:28:54.003200,2025-05-07 08:28:54.003200
253988,136,2019-08-22,22.3,0,13.9,00:01,30.7,13:24,99,1.7,5.3,12:40,11,92,00:00,4,21:10,2025-05-07 08:28:54.169902,2025-05-07 08:28:54.169902
254005,136,2019-08-23,28.2,0,22.8,04:45,33.5,11:37,99,2.5,6.1,,19,41,16:10,4,01:00,2025-05-07 08:28:54.265420,2025-05-07 08:28:54.265420
254023,136,2019-08-24,30,0,23.1,00:29,37,13:33,12,2.2,8.6,03:50,20,37,14:30,14,07:00,2025-05-07 08:28:54.371286,2025-05-07 08:28:54.371286
254041,136,2019-08-25,26.8,0.2,21,23:24,32.6,09:42,13,4.4,11.4,23:40,38,60,15:30,20,03:00,2025-05-07 08:28:54.468560,2025-05-07 08:28:54.468560
254059,136,2019-08-26,22.2,0,16.3,21:57,28.1,14:59,12,4.4,9.7,01:00,69,90,07:10,15,02:30,2025-05-07 08:28:54.567362,2025-05-07 08:28:54.567362
254077,136,2019-08-27,21.4,0,14.6,22:14,28.3,12:09,11,2.5,8.3,14:40,52,97,,32,,2025-05-07 08:28:54.664708,2025-05-07 08:28:54.664708
254095,136,2019-08-28,20.3,0,14.2,,26.4,13:23,14,1.1,5.8,11:00,75,98,,47,14:20,2025-05-07 08:28:54.735147,2025-05-07 08:28:54.735147
254113,136,2019-08-29,20,0,13.2,06:14,26.8,08:50,10,2.8,7.8,07:30,55,98,05:50,16,08:00,2025-05-07 08:28:54.806555,2025-05-07 08:28:54.806555
254131,136,2019-08-30,23.3,0,16.6,19:39,30,10:20,13,3.3,9.2,07:20,50,90,19:40,16,23:40,2025-05-07 08:28:54.903951,2025-05-07 08:28:54.903951
254148,136,2019-08-31,19.8,0,13.9,06:09,25.8,13:38,12,1.7,5.3,12:10,77,95,,8,03:00,2025-05-07 08:28:55.041927,2025-05-07 08:28:55.041927
254165,136,2019-09-01,19.4,0,14.3,20:37,24.4,13:38,14,1.9,7.5,14:50,70,96,00:30,54,13:00,2025-05-07 08:28:55.275203,2025-05-07 08:28:55.275203
254183,136,2019-09-02,17.8,0,13.4,06:24,22.1,15:17,34,1.9,5.8,16:30,80,96,,61,,2025-05-07 08:28:55.515932,2025-05-07 08:28:55.515932
254201,136,2019-09-03,18,0,13.2,07:00,22.9,10:41,32,1.7,5.3,14:20,76,96,05:50,62,10:30,2025-05-07 08:28:55.775663,2025-05-07 08:28:55.775663
254219,136,2019-09-04,18.2,0,13.4,03:47,23,14:50,35,1.9,6.4,14:30,75,95,03:30,53,13:20,2025-05-07 08:28:56.065997,2025-05-07 08:28:56.065997
254236,136,2019-09-05,18.6,0,13.6,00:02,23.5,14:20,99,4.2,9.4,,74,96,07:10,52,13:40,2025-05-07 08:28:56.313601,2025-05-07 08:28:56.313601
254253,136,2019-09-06,18.7,0,14.7,20:31,22.7,13:17,28,3.3,8.3,20:40,87,96,,67,13:20,2025-05-07 08:28:56.605905,2025-05-07 08:28:56.605905
254271,136,2019-09-07,18.8,0,14.1,,23.5,14:43,34,4.2,8.6,12:40,75,97,05:30,55,14:00,2025-05-07 08:28:56.860144,2025-05-07 08:28:56.860144
254289,136,2019-09-08,18,0,14.2,00:22,21.7,14:56,29,1.4,6.7,00:10,84,98,23:50,75,,2025-05-07 08:28:57.092769,2025-05-07 08:28:57.092769
254307,136,2019-09-09,19.8,0,13.5,01:55,26,12:08,11,2.2,7.5,10:10,60,98,00:30,39,19:40,2025-05-07 08:28:57.354754,2025-05-07 08:28:57.354754
254325,136,2019-09-10,20,0,14,07:12,25.9,14:37,11,1.1,5.6,11:10,71,94,21:10,34,01:40,2025-05-07 08:28:57.592669,2025-05-07 08:28:57.592669
254343,136,2019-09-11,18,0.2,13.8,23:44,22.1,13:32,34,2.2,7.5,22:20,79,96,,60,13:30,2025-05-07 08:28:57.824901,2025-05-07 08:28:57.824901
254361,136,2019-09-12,17.2,0,12.5,06:24,21.9,15:03,32,2.8,7.2,03:10,79,96,,58,14:00,2025-05-07 08:28:58.051343,2025-05-07 08:28:58.051343
254379,136,2019-09-13,18.1,0,13.6,23:36,22.6,14:21,34,1.9,6.4,15:10,75,95,06:20,55,13:40,2025-05-07 08:28:58.245254,2025-05-07 08:28:58.245254
254397,136,2019-09-14,19.2,0,13.4,00:36,25,15:17,11,3.1,7.2,12:40,58,97,,51,07:00,2025-05-07 08:28:58.441101,2025-05-07 08:28:58.441101
254415,136,2019-09-15,20.9,0,15.9,00:01,25.9,15:39,11,4.7,9.2,,49,79,19:20,30,09:00,2025-05-07 08:28:58.677524,2025-05-07 08:28:58.677524
254433,136,2019-09-16,24.9,2,19.1,05:16,30.7,12:11,27,4.4,21.1,12:40,52,85,18:00,18,06:00,2025-05-07 08:28:58.899618,2025-05-07 08:28:58.899618
254451,136,2019-09-17,20,0,13.1,22:06,26.8,10:47,12,1.4,4.7,13:50,57,97,22:00,20,05:30,2025-05-07 08:28:59.126165,2025-05-07 08:28:59.126165
254468,136,2019-09-18,18.8,0,12.7,23:49,24.8,13:28,11,3.6,7.8,07:10,80,98,07:50,29,00:20,2025-05-07 08:28:59.337172,2025-05-07 08:28:59.337172
254486,136,2019-09-19,19.3,0,13.7,01:09,24.9,12:38,10,0.8,5.8,14:30,76,98,03:30,33,00:00,2025-05-07 08:28:59.657955,2025-05-07 08:28:59.657955
254504,136,2019-09-20,18.7,0,13.4,07:03,24,14:59,35,1.1,5.6,15:10,75,96,,57,,2025-05-07 08:28:59.896592,2025-05-07 08:28:59.896592
254522,136,2019-09-21,18.8,0,13.6,02:49,23.9,14:33,34,2.8,6.4,16:00,73,97,,58,14:30,2025-05-07 08:29:00.150302,2025-05-07 08:29:00.150302
254540,136,2019-09-22,20,7,15.2,00:01,24.7,13:22,36,1.4,6.1,14:00,79,98,,64,11:10,2025-05-07 08:29:00.417235,2025-05-07 08:29:00.417235
254558,136,2019-09-23,17.4,0.4,14,22:16,20.9,13:22,1,1.1,5,14:40,86,99,,70,15:20,2025-05-07 08:29:00.685999,2025-05-07 08:29:00.685999
254576,136,2019-09-24,16.6,0.4,13.4,20:40,19.7,16:00,33,1.4,5,11:30,87,99,07:30,74,16:30,2025-05-07 08:29:00.888161,2025-05-07 08:29:00.888161
254594,136,2019-09-25,19.2,0,13.7,07:12,24.6,14:45,99,1.1,4.2,,77,97,,54,11:00,2025-05-07 08:29:01.060907,2025-05-07 08:29:01.060907
254612,136,2019-09-26,18.5,0,14,01:29,23,14:57,11,1.1,4.7,00:30,90,99,05:20,64,14:50,2025-05-07 08:29:01.293878,2025-05-07 08:29:01.293878
254630,136,2019-09-27,18.6,0,14.7,04:53,22.6,11:08,33,1.4,5.3,14:00,84,99,03:20,67,11:10,2025-05-07 08:29:01.569828,2025-05-07 08:29:01.569828
254648,136,2019-09-28,19.6,0,13.8,05:32,25.3,14:46,10,1.4,6.4,09:10,83,99,,38,23:30,2025-05-07 08:29:01.855910,2025-05-07 08:29:01.855910
254665,136,2019-09-29,22.8,0,13.6,05:28,32.1,15:44,12,3.1,7.5,09:50,41,97,05:30,21,18:30,2025-05-07 08:29:02.077492,2025-05-07 08:29:02.077492
254682,136,2019-09-30,27.4,0,21.2,21:39,33.7,14:09,11,3.1,7.2,11:40,29,61,17:10,16,10:20,2025-05-07 08:29:02.265297,2025-05-07 08:29:02.265297
254700,136,2019-10-01,27.3,0,21.4,00:10,33.2,10:46,12,3.9,7.5,03:50,30,43,12:20,16,09:20,2025-05-07 08:29:02.542383,2025-05-07 08:29:02.542383
254718,136,2019-10-02,28,0,21.7,03:42,34.3,13:28,11,3.9,8.1,12:00,14,29,02:50,10,22:10,2025-05-07 08:29:02.827074,2025-05-07 08:29:02.827074
254736,136,2019-10-03,24.9,0,20,01:02,29.8,12:21,10,2.2,9.2,21:30,33,46,22:30,10,00:00,2025-05-07 08:29:03.064026,2025-05-07 08:29:03.064026
254754,136,2019-10-04,20.7,0,14.4,21:48,27,13:32,35,1.7,11.7,02:30,65,93,21:10,23,19:50,2025-05-07 08:29:03.385238,2025-05-07 08:29:03.385238
254772,136,2019-10-05,18.6,0.2,14.4,23:23,22.8,13:43,99,1.4,5.6,,81,95,,64,13:40,2025-05-07 08:29:03.679644,2025-05-07 08:29:03.679644
254790,136,2019-10-06,18.2,0,14.4,,22,14:27,8,1.1,5.3,12:40,88,97,,66,14:30,2025-05-07 08:29:03.997469,2025-05-07 08:29:03.997469
254808,136,2019-10-07,19.6,0,13.5,02:14,25.8,14:16,99,1.4,6.7,09:30,80,99,,54,23:59,2025-05-07 08:29:04.200418,2025-05-07 08:29:04.200418
254826,136,2019-10-08,19.6,0,14.1,06:36,25.2,14:00,6,0.8,3.6,18:40,75,97,08:20,17,23:10,2025-05-07 08:29:04.399403,2025-05-07 08:29:04.399403
254844,136,2019-10-09,17.8,0,13.5,07:14,22.2,11:39,34,1.7,5,14:20,81,97,06:20,63,11:40,2025-05-07 08:29:04.615328,2025-05-07 08:29:04.615328
254862,136,2019-10-10,17,0,13.2,24:00,20.8,15:17,30,0.8,4.7,15:20,86,97,,65,15:20,2025-05-07 08:29:04.836863,2025-05-07 08:29:04.836863
254879,136,2019-10-11,18,0,12.8,03:08,23.2,14:01,28,3.1,5.8,03:40,76,97,00:00,56,13:40,2025-05-07 08:29:05.109524,2025-05-07 08:29:05.109524
254897,136,2019-10-12,17.1,0,12.6,23:55,21.6,14:36,34,1.1,5.3,17:10,84,96,,63,13:40,2025-05-07 08:29:05.402625,2025-05-07 08:29:05.402625
254915,136,2019-10-13,16.6,1.2,11.5,04:18,21.7,14:32,32,1.7,5,14:30,76,97,,60,14:30,2025-05-07 08:29:05.626822,2025-05-07 08:29:05.626822
254933,136,2019-10-14,15.1,1.6,12.1,21:48,18.1,17:44,29,1.4,4.7,02:10,83,98,,64,18:00,2025-05-07 08:29:05.864962,2025-05-07 08:29:05.864962
254951,136,2019-10-15,14.1,0.6,12.8,00:01,15.4,11:32,10,2.5,6.4,13:20,96,99,,93,17:30,2025-05-07 08:29:06.111169,2025-05-07 08:29:06.111169
254969,136,2019-10-16,14.1,0.6,13,05:53,15.2,13:21,10,2.8,6.1,02:00,99,100,,98,13:50,2025-05-07 08:29:06.335909,2025-05-07 08:29:06.335909
254987,136,2019-10-17,16,0,12.4,23:55,19.7,12:01,11,1.4,5.8,17:00,83,100,,56,16:00,2025-05-07 08:29:06.568370,2025-05-07 08:29:06.568370
255005,136,2019-10-18,16.4,0,12.4,00:01,20.4,14:46,34,1.7,5.6,15:00,83,96,,68,11:10,2025-05-07 08:29:06.821477,2025-05-07 08:29:06.821477
255023,136,2019-10-19,17.2,0,13.8,,20.7,14:09,33,1.9,6.4,14:40,84,97,,65,14:10,2025-05-07 08:29:07.053838,2025-05-07 08:29:07.053838
255041,136,2019-10-20,17,26,13.3,,20.8,10:56,1,1.4,7.5,15:10,89,100,23:20,66,11:00,2025-05-07 08:29:07.306219,2025-05-07 08:29:07.306219
255059,136,2019-10-21,13.8,6.8,11.3,20:57,16.3,14:05,34,2.8,8.3,15:20,94,100,,79,14:10,2025-05-07 08:29:07.543895,2025-05-07 08:29:07.543895
255077,136,2019-10-22,13.3,4.8,10.4,07:14,16.2,14:00,35,2.5,8.9,05:30,90,99,05:50,70,14:40,2025-05-07 08:29:07.815105,2025-05-07 08:29:07.815105
255095,136,2019-10-23,14,5,11.3,05:15,16.7,14:43,2,1.9,7.5,03:50,92,100,,73,14:40,2025-05-07 08:29:08.092331,2025-05-07 08:29:08.092331
255113,136,2019-10-24,14.8,0,11.1,02:57,18.6,16:13,12,4.7,9.4,09:10,84,97,,41,23:40,2025-05-07 08:29:08.373034,2025-05-07 08:29:08.373034
255131,136,2019-10-25,20.8,0,15.3,00:01,26.3,13:18,26,3.1,11.4,18:50,46,60,14:40,34,01:10,2025-05-07 08:29:08.585111,2025-05-07 08:29:08.585111
255149,136,2019-10-26,22.6,0.6,18,13:43,27.1,11:51,13,2.2,10.3,23:59,60,88,13:40,41,06:50,2025-05-07 08:29:08.815000,2025-05-07 08:29:08.815000
255167,136,2019-10-27,24.6,0,21.4,17:11,27.8,13:17,13,1.9,10.3,00:10,59,73,17:10,48,19:30,2025-05-07 08:29:09.025550,2025-05-07 08:29:09.025550
255185,136,2019-10-28,23.5,0,19.4,07:10,27.6,15:43,12,1.9,6.4,13:30,57,71,18:50,46,14:40,2025-05-07 08:29:09.312144,2025-05-07 08:29:09.312144
255203,136,2019-10-29,23.4,0,19.5,05:53,27.4,13:37,12,1.4,3.9,00:20,53,61,08:00,48,,2025-05-07 08:29:09.577693,2025-05-07 08:29:09.577693
255221,136,2019-10-30,22.2,0,16.8,23:52,27.7,15:22,8,1.1,5.6,17:00,46,75,23:50,33,16:00,2025-05-07 08:29:09.794446,2025-05-07 08:29:09.794446
255239,136,2019-10-31,18.8,0.4,15.3,23:45,22.2,11:09,11,3.1,8.3,23:10,79,96,,58,13:40,2025-05-07 08:29:10.030204,2025-05-07 08:29:10.030204
255257,136,2019-11-01,18.6,0.6,15,22:55,22.2,14:55,9,4.2,10.3,05:50,89,100,10:10,52,17:30,2025-05-07 08:29:10.270788,2025-05-07 08:29:10.270788
255275,136,2019-11-02,20.2,0,15,01:33,25.3,13:29,12,3.6,12.5,03:40,56,95,02:30,37,13:40,2025-05-07 08:29:10.532494,2025-05-07 08:29:10.532494
255292,136,2019-11-03,19,0,13.8,23:54,24.3,10:47,27,1.9,6.7,19:30,70,95,23:00,39,10:40,2025-05-07 08:29:10.761360,2025-05-07 08:29:10.761360
255309,136,2019-11-04,16.2,2,13,03:52,19.4,14:47,32,2.2,11.1,23:50,89,99,09:10,72,14:50,2025-05-07 08:29:10.974156,2025-05-07 08:29:10.974156
255327,136,2019-11-05,15.6,26,12.2,23:54,19.1,14:55,36,3.6,11.1,21:00,93,100,,70,15:00,2025-05-07 08:29:11.175337,2025-05-07 08:29:11.175337
255345,136,2019-11-06,12,6.4,10.4,06:07,13.7,13:42,1,2.8,10.6,20:50,98,100,,96,18:00,2025-05-07 08:29:11.368759,2025-05-07 08:29:11.368759
255363,136,2019-11-07,13,12.8,10.9,06:31,15.1,15:15,4,2.2,10.8,23:59,96,100,,91,14:00,2025-05-07 08:29:11.597533,2025-05-07 08:29:11.597533
255381,136,2019-11-08,13,6.2,11.2,23:36,14.7,11:41,3,2.8,14.2,12:30,100,100,,92,23:50,2025-05-07 08:29:11.786953,2025-05-07 08:29:11.786953
255399,136,2019-11-09,12.3,7,11.3,00:02,13.3,15:26,2,3.9,10,10:30,96,100,23:59,86,15:30,2025-05-07 08:29:12.008403,2025-05-07 08:29:12.008403
255417,136,2019-11-10,13.7,1,11,03:26,16.4,13:15,3,2.5,9.4,05:30,94,100,,79,14:10,2025-05-07 08:29:12.212796,2025-05-07 08:29:12.212796
255435,136,2019-11-11,13,6.2,11.5,01:09,14.6,10:45,1,2.8,10.3,13:00,98,100,,90,10:50,2025-05-07 08:29:12.482248,2025-05-07 08:29:12.482248
255453,136,2019-11-12,13.2,6.2,11.4,22:06,15.1,13:12,4,2.8,10.3,13:30,100,100,,98,16:40,2025-05-07 08:29:12.715023,2025-05-07 08:29:12.715023
255471,136,2019-11-13,13.8,0.4,11.4,00:25,16.3,13:46,36,1.7,8.3,16:50,94,100,00:00,81,13:30,2025-05-07 08:29:12.910118,2025-05-07 08:29:12.910118
255489,136,2019-11-14,13.2,5,11.5,06:08,14.9,12:11,11,2.8,8.9,21:40,95,100,22:10,86,11:30,2025-05-07 08:29:13.144630,2025-05-07 08:29:13.144630
255507,136,2019-11-15,11.2,15.6,10,23:15,12.5,11:57,1,2.8,12.2,15:30,100,100,,98,,2025-05-07 08:29:13.363309,2025-05-07 08:29:13.363309
255525,136,2019-11-16,12,8.6,9.8,02:17,14.1,14:40,36,3.6,12.2,04:30,93,100,,75,15:20,2025-05-07 08:29:13.553869,2025-05-07 08:29:13.553869
255543,136,2019-11-17,11,4.8,9.4,05:27,12.5,12:30,4,2.5,8.6,14:00,95,100,,86,13:00,2025-05-07 08:29:13.764456,2025-05-07 08:29:13.764456
255561,136,2019-11-18,13.2,0.4,9.2,01:13,17.2,14:57,2,1.4,5.8,13:20,89,100,,64,14:50,2025-05-07 08:29:13.980184,2025-05-07 08:29:13.980184
255579,136,2019-11-19,12.6,4.6,10.1,23:49,15.1,16:44,32,2.5,7.2,11:10,98,100,,92,00:10,2025-05-07 08:29:14.200443,2025-05-07 08:29:14.200443
255597,136,2019-11-20,14.2,0,10,00:12,18.5,12:39,99,2.2,6.1,03:50,88,100,00:00,69,12:10,2025-05-07 08:29:14.423051,2025-05-07 08:29:14.423051
255615,136,2019-11-21,14,0,11,02:43,17,16:57,28,2.8,9.2,20:50,91,100,,84,17:00,2025-05-07 08:29:14.624491,2025-05-07 08:29:14.624491
255633,136,2019-11-22,16.3,3.2,13.2,07:33,19.4,16:45,28,2.8,8.6,03:10,96,100,10:20,69,16:40,2025-05-07 08:29:14.834588,2025-05-07 08:29:14.834588
255651,136,2019-11-23,14,7,12.2,21:04,15.8,13:38,34,3.9,9.2,16:00,100,100,,97,,2025-05-07 08:29:15.102356,2025-05-07 08:29:15.102356
255669,136,2019-11-24,14.1,1.8,11,20:56,17.2,14:59,36,1.1,6.1,07:50,97,100,,79,15:20,2025-05-07 08:29:15.284385,2025-05-07 08:29:15.284385
255686,136,2019-11-25,13.2,0.2,9.8,03:46,16.7,13:06,10,1.1,5.6,10:20,92,100,,80,13:10,2025-05-07 08:29:15.506092,2025-05-07 08:29:15.506092
255703,136,2019-11-26,15.6,0,11.5,05:40,19.8,13:58,12,1.7,6.1,09:50,93,100,,74,14:00,2025-05-07 08:29:15.729904,2025-05-07 08:29:15.729904
255721,136,2019-11-27,14.8,0,11.9,05:03,17.8,16:07,99,2.2,5.6,,94,100,,81,16:10,2025-05-07 08:29:15.957787,2025-05-07 08:29:15.957787
255739,136,2019-11-28,14.8,0,10.2,03:29,19.5,11:45,12,3.9,7.5,11:20,78,100,,54,11:50,2025-05-07 08:29:16.195526,2025-05-07 08:29:16.195526
255756,136,2019-11-29,19.6,0,13.8,01:14,25.5,16:35,14,3.6,14.4,10:20,34,62,01:10,29,16:00,2025-05-07 08:29:16.393568,2025-05-07 08:29:16.393568
255773,136,2019-11-30,20.2,0,15,23:46,25.3,13:23,13,4.4,10,05:00,33,65,16:50,23,,2025-05-07 08:29:16.581415,2025-05-07 08:29:16.581415
255790,136,2019-12-01,15,0.2,10.4,22:55,19.5,14:24,12,2.2,5.3,09:20,84,97,08:00,31,01:40,2025-05-07 08:29:16.789599,2025-05-07 08:29:16.789599
255807,136,2019-12-02,11.9,9.4,10.2,23:56,13.6,12:19,32,4.2,10.8,20:40,98,100,,88,14:40,2025-05-07 08:29:17.098566,2025-05-07 08:29:17.098566
255825,136,2019-12-03,11.9,2.4,9.8,20:01,14,11:51,99,3.3,10.8,,95,100,,82,11:50,2025-05-07 08:29:17.299215,2025-05-07 08:29:17.299215
255843,136,2019-12-04,12.3,31.8,9.3,06:53,15.3,14:46,34,3.6,11.1,20:20,98,100,,75,14:50,2025-05-07 08:29:17.521225,2025-05-07 08:29:17.521225
255861,136,2019-12-05,9.9,37.8,8,21:25,11.8,01:38,27,6.4,14.7,01:40,100,100,,93,00:00,2025-05-07 08:29:17.712249,2025-05-07 08:29:17.712249
255879,136,2019-12-06,10.8,5,9,00:22,12.6,12:03,34,5,12.8,01:10,100,100,,100,,2025-05-07 08:29:17.936148,2025-05-07 08:29:17.936148
255897,136,2019-12-07,11.4,0.2,10,03:47,12.9,12:38,9,2.8,11.1,23:20,100,100,,98,14:00,2025-05-07 08:29:18.149957,2025-05-07 08:29:18.149957
255915,136,2019-12-08,11.7,0,10.2,04:57,13.2,12:54,12,1.7,10.8,00:20,95,100,,88,13:50,2025-05-07 08:29:18.356976,2025-05-07 08:29:18.356976
255932,136,2019-12-09,12.3,0,9.6,22:11,15,16:08,10,1.7,8.6,01:50,97,100,,81,16:10,2025-05-07 08:29:18.581518,2025-05-07 08:29:18.581518
255949,136,2019-12-10,12.7,0.2,8.8,04:48,16.6,14:38,12,3.6,7.8,09:20,89,100,,71,14:00,2025-05-07 08:29:18.801267,2025-05-07 08:29:18.801267
255967,136,2019-12-11,11.8,0,10,20:27,13.6,13:25,99,3.1,9.2,04:50,95,100,,91,13:00,2025-05-07 08:29:19.021513,2025-05-07 08:29:19.021513
255985,136,2019-12-12,11,6.4,9.1,22:42,12.8,10:06,11,2.8,9.4,11:50,97,100,,85,10:20,2025-05-07 08:29:19.244618,2025-05-07 08:29:19.244618
256003,136,2019-12-13,10.7,0.2,8.8,07:48,12.6,14:11,12,1.9,6.4,05:00,93,100,00:00,82,14:00,2025-05-07 08:29:19.472645,2025-05-07 08:29:19.472645
256021,136,2019-12-14,12.6,0.4,10.2,06:23,15.1,12:51,15,0.8,5.3,02:30,94,100,,83,13:00,2025-05-07 08:29:19.689720,2025-05-07 08:29:19.689720
256039,136,2019-12-15,12.4,0,9,06:19,15.7,13:33,22,1.7,5.8,07:00,91,100,,76,13:20,2025-05-07 08:29:19.908390,2025-05-07 08:29:19.908390
256057,136,2019-12-16,11.6,3,9,23:25,14.2,13:27,32,5.6,15.3,18:00,84,100,23:50,53,00:50,2025-05-07 08:29:20.133759,2025-05-07 08:29:20.133759
256075,136,2019-12-17,11.9,0.2,8.7,05:19,15.1,15:10,32,3.9,13.9,00:10,92,100,,49,20:50,2025-05-07 08:29:20.366798,2025-05-07 08:29:20.366798
256093,136,2019-12-18,12.6,0,8.9,07:24,16.4,12:02,34,1.4,5,22:00,90,100,07:50,70,11:10,2025-05-07 08:29:20.567370,2025-05-07 08:29:20.567370
256111,136,2019-12-19,14.6,0,9.9,02:55,19.2,15:53,99,1.7,6.7,,83,99,02:10,46,23:59,2025-05-07 08:29:20.784946,2025-05-07 08:29:20.784946
256129,136,2019-12-20,15.2,0,10.7,23:26,19.8,15:25,99,1.9,4.2,,83,98,22:40,39,01:00,2025-05-07 08:29:20.999077,2025-05-07 08:29:20.999077
256147,136,2019-12-21,13.8,0,10.2,06:28,17.4,15:21,33,2.2,5.3,06:40,88,99,08:30,47,00:50,2025-05-07 08:29:21.199644,2025-05-07 08:29:21.199644
256165,136,2019-12-22,13.8,0.2,10.6,07:49,17.1,12:42,12,3.6,10.8,10:20,91,100,,77,12:10,2025-05-07 08:30:23.834209,2025-05-07 08:30:23.834209
256183,136,2019-12-23,15.8,0,10.5,05:08,21,15:55,13,2.8,13.6,23:30,82,100,,25,21:50,2025-05-07 08:30:23.938298,2025-05-07 08:30:23.938298
256201,136,2019-12-24,19.8,0,15,04:40,24.6,16:53,13,1.9,14.7,03:00,26,34,12:40,16,23:10,2025-05-07 08:30:24.016234,2025-05-07 08:30:24.016234
256219,136,2019-12-25,18.4,0,14.3,17:43,22.4,10:43,14,2.5,10.3,00:20,46,83,17:40,21,00:00,2025-05-07 08:30:24.080559,2025-05-07 08:30:24.080559
256237,136,2019-12-26,16.6,0,13.3,21:34,20,14:35,13,5.6,13.3,14:50,35,49,06:50,22,17:20,2025-05-07 08:30:24.162855,2025-05-07 08:30:24.162855
256255,136,2019-12-27,17.6,0,13.6,00:21,21.7,15:27,14,5.6,13.6,10:20,23,38,00:20,16,16:40,2025-05-07 08:30:24.260286,2025-05-07 08:30:24.260286
256273,136,2019-12-28,18.6,0,14.9,05:23,22.3,12:57,13,6.1,13.1,09:40,22,30,05:20,15,19:40,2025-05-07 08:30:24.344167,2025-05-07 08:30:24.344167
256291,136,2019-12-29,17.9,0,14.5,23:28,21.3,14:06,11,5.6,14.2,06:40,21,28,15:20,16,20:50,2025-05-07 08:30:24.418077,2025-05-07 08:30:24.418077
256318,136,2019-12-31,15.9,0,11.3,18:20,20.5,12:02,13,2.2,16.9,23:59,41,64,16:10,13,07:00,2025-05-07 08:30:24.546437,2025-05-07 08:30:24.546437
256336,136,2020-01-01,12.3,0,9,18:10,15.6,13:30,13,4.7,17.2,01:30,51,67,18:10,24,00:00,2025-05-07 08:30:24.629220,2025-05-07 08:30:24.629220
256354,136,2020-01-02,11,0,8.1,06:22,14,12:15,13,6.4,16.1,01:40,46,62,03:20,20,20:10,2025-05-07 08:30:24.711488,2025-05-07 08:30:24.711488
256372,136,2020-01-03,11.5,0,8.7,,14.3,13:36,13,9.4,16.4,04:50,41,79,04:00,22,00:00,2025-05-07 08:30:24.802785,2025-05-07 08:30:24.802785
256390,136,2020-01-04,12.9,0,8.9,19:44,16.9,13:25,12,5,12.8,00:20,50,95,23:30,29,09:20,2025-05-07 08:30:24.898715,2025-05-07 08:30:24.898715
256408,136,2020-01-05,12.6,0,8.6,06:07,16.5,13:42,11,2.2,7.5,12:50,78,96,02:10,63,13:00,2025-05-07 08:30:24.994463,2025-05-07 08:30:24.994463
256426,136,2020-01-06,11.1,1.4,9.1,03:07,13.1,13:09,35,2.8,11.1,20:50,85,99,,74,11:10,2025-05-07 08:30:25.050093,2025-05-07 08:30:25.050093
256444,136,2020-01-07,11.6,0,8.7,07:29,14.4,16:07,36,3.3,9.7,02:20,85,100,,57,15:00,2025-05-07 08:30:25.133145,2025-05-07 08:30:25.133145
256462,136,2020-01-08,11.5,1,9.2,,13.8,15:56,3,2.2,8.3,22:40,95,99,,74,16:00,2025-05-07 08:30:25.216994,2025-05-07 08:30:25.216994
256480,136,2020-01-09,10.7,2.4,9,03:43,12.4,14:58,1,2.2,7.8,19:40,92,98,,81,13:50,2025-05-07 08:30:25.319512,2025-05-07 08:30:25.319512
256498,136,2020-01-10,11,8.6,9.7,,12.3,13:45,2,2.2,10.6,12:50,100,100,,92,00:00,2025-05-07 08:30:25.422476,2025-05-07 08:30:25.422476
256516,136,2020-01-11,10.1,3.6,8.6,19:43,11.6,12:45,3,1.1,7.2,17:20,97,100,22:00,90,11:50,2025-05-07 08:30:25.525518,2025-05-07 08:30:25.525518
256534,136,2020-01-12,10.8,0,8.5,08:02,13.1,15:13,13,4.2,13.3,14:30,90,100,,44,19:30,2025-05-07 08:30:25.628753,2025-05-07 08:30:25.628753
256552,136,2020-01-13,12.7,0,8.2,02:07,17.2,13:23,14,3.6,12.2,04:20,69,93,01:50,36,,2025-05-07 08:30:25.707681,2025-05-07 08:30:25.707681
256570,136,2020-01-14,13,0,9,21:59,16.9,12:00,12,1.4,8.3,11:20,45,71,19:00,32,10:20,2025-05-07 08:30:25.798782,2025-05-07 08:30:25.798782
256588,136,2020-01-15,12.6,0,8.4,01:08,16.7,15:44,12,2.8,8.9,12:30,50,78,19:00,34,10:30,2025-05-07 08:30:25.885533,2025-05-07 08:30:25.885533
256606,136,2020-01-16,12.7,0,8.1,07:02,17.3,14:17,15,3.3,8.6,22:20,44,61,00:10,26,11:30,2025-05-07 08:30:25.963560,2025-05-07 08:30:25.963560
256623,136,2020-01-17,12.5,0,8.9,06:26,16.1,13:48,99,6.1,12.5,09:50,39,52,00:20,15,23:59,2025-05-07 08:30:26.027786,2025-05-07 08:30:26.027786
256640,136,2020-01-18,14.8,0,11.7,18:51,17.9,14:29,14,7.5,15.3,07:40,32,49,18:20,15,00:00,2025-05-07 08:30:26.087390,2025-05-07 08:30:26.087390
256658,136,2020-01-19,14.9,3.4,9.2,20:44,20.6,13:38,13,4.4,10,00:30,43,98,20:50,14,00:00,2025-05-07 08:30:26.157722,2025-05-07 08:30:26.157722
256675,136,2020-01-20,9.6,3.4,7.9,,11.4,00:38,34,3.1,9.2,23:59,97,100,09:10,89,22:00,2025-05-07 08:30:26.255896,2025-05-07 08:30:26.255896
256693,136,2020-01-21,8.5,0.4,6.4,23:52,10.6,13:16,34,2.8,8.3,11:20,91,100,,77,13:40,2025-05-07 08:30:26.364652,2025-05-07 08:30:26.364652
256710,136,2020-01-22,9.8,0.6,6.2,,13.4,11:18,34,1.7,5.3,12:50,75,96,00:00,45,10:50,2025-05-07 08:30:26.448001,2025-05-07 08:30:26.448001
256728,136,2020-01-23,10.2,0,7.1,03:56,13.2,11:05,28,0.8,4.4,01:00,78,96,,62,05:40,2025-05-07 08:30:26.542255,2025-05-07 08:30:26.542255
256745,136,2020-01-24,11.3,0,7.3,03:46,15.3,15:25,36,1.7,5.8,17:00,70,97,,57,14:50,2025-05-07 08:30:26.645476,2025-05-07 08:30:26.645476
256763,136,2020-01-25,11,0,7.2,23:04,14.9,12:58,34,3.1,8.3,14:50,85,97,,67,14:10,2025-05-07 08:30:26.749390,2025-05-07 08:30:26.749390
256781,136,2020-01-26,11.6,0,7.6,20:06,15.6,11:46,12,1.7,6.4,22:40,85,97,08:30,61,11:50,2025-05-07 08:30:26.827838,2025-05-07 08:30:26.827838
256799,136,2020-01-27,10.6,0,7,07:45,14.1,12:42,10,3.3,9.2,13:20,85,98,07:50,70,12:50,2025-05-07 08:30:26.901063,2025-05-07 08:30:26.901063
256817,136,2020-01-28,13.9,0,7.3,06:23,20.5,16:30,13,4.4,11.4,08:10,55,99,05:30,17,23:50,2025-05-07 08:30:26.986351,2025-05-07 08:30:26.986351
256835,136,2020-01-29,18.8,0,13,01:17,24.6,15:38,11,1.1,8.1,00:20,26,44,18:20,14,01:30,2025-05-07 08:30:27.071951,2025-05-07 08:30:27.071951
256853,136,2020-01-30,20.1,0,15.7,02:15,24.5,12:09,99,4.7,9.2,05:50,23,37,16:30,17,13:00,2025-05-07 08:30:27.179237,2025-05-07 08:30:27.179237
256871,136,2020-01-31,19.6,0,15.7,20:29,23.4,13:24,14,3.9,10.6,11:20,22,32,,17,,2025-05-07 08:30:27.281091,2025-05-07 08:30:27.281091
256889,136,2020-02-01,17.4,0,13.7,23:48,21.1,12:31,10,5,12.2,16:20,30,48,,25,02:30,2025-05-07 08:30:27.363251,2025-05-07 08:30:27.363251
256907,136,2020-02-02,18.6,0,12.6,01:08,24.6,13:45,14,3.1,14.7,22:10,15,42,00:00,11,07:00,2025-05-07 08:30:27.456272,2025-05-07 08:30:27.456272
256925,136,2020-02-03,19.6,0,16.5,07:55,22.6,14:17,14,8.1,18.9,05:40,18,27,,16,00:00,2025-05-07 08:30:27.529502,2025-05-07 08:30:27.529502
256943,136,2020-02-04,20.2,0,16.6,23:11,23.8,15:23,12,6.9,21.9,05:50,27,38,18:00,19,00:00,2025-05-07 08:30:27.624694,2025-05-07 08:30:27.624694
256961,136,2020-02-05,18,0,10.7,22:06,25.3,13:23,15,1.9,11.4,01:10,42,98,,19,10:30,2025-05-07 08:30:27.702597,2025-05-07 08:30:27.702597
256979,136,2020-02-06,13.6,0,9.4,07:43,17.9,15:49,99,1.7,4.4,,68,98,,46,11:00,2025-05-07 08:30:27.783034,2025-05-07 08:30:27.783034
256997,136,2020-02-07,13.8,0,8.3,23:48,19.2,13:33,13,1.1,4.2,23:20,81,99,07:10,57,23:59,2025-05-07 08:30:27.866163,2025-05-07 08:30:27.866163
257015,136,2020-02-08,13.2,0,8,07:27,18.3,13:32,99,1.7,7.8,,71,98,07:50,33,02:30,2025-05-07 08:30:27.957191,2025-05-07 08:30:27.957191
257033,136,2020-02-09,12.6,6.4,10,03:14,15.2,13:54,36,1.7,7.2,18:50,96,99,,69,04:00,2025-05-07 08:30:28.066084,2025-05-07 08:30:28.066084
257051,136,2020-02-10,14.4,0,10.2,06:01,18.6,14:29,12,3.6,7.5,02:20,85,100,,29,,2025-05-07 08:30:28.149669,2025-05-07 08:30:28.149669
257069,136,2020-02-11,17,0,13,03:46,20.9,14:24,13,5.6,12.2,10:30,27,41,03:10,19,23:59,2025-05-07 08:30:28.226074,2025-05-07 08:30:28.226074
257087,136,2020-02-12,18.4,0,12.7,01:44,24.1,11:32,13,3.3,11.7,06:30,20,36,18:30,14,16:30,2025-05-07 08:30:28.302129,2025-05-07 08:30:28.302129
257105,136,2020-02-13,18.5,0,14.7,,22.3,14:11,10,5,11.9,15:20,25,53,23:59,18,13:00,2025-05-07 08:30:28.370234,2025-05-07 08:30:28.370234
257123,136,2020-02-14,18.8,0,14.1,02:43,23.4,15:46,14,4.4,8.9,05:00,26,53,00:00,20,13:00,2025-05-07 08:30:28.439524,2025-05-07 08:30:28.439524
257141,136,2020-02-15,15.1,0,9.5,20:01,20.7,12:06,11,2.5,6.4,12:40,40,98,23:30,17,13:00,2025-05-07 08:30:28.524567,2025-05-07 08:30:28.524567
257158,136,2020-02-16,15,0,9.1,05:16,20.8,12:32,13,4.2,7.5,07:10,66,100,,32,23:30,2025-05-07 08:30:28.589431,2025-05-07 08:30:28.589431
257176,136,2020-02-17,16.2,0,10.9,21:15,21.4,12:38,12,2.8,6.7,07:30,58,95,19:00,30,00:00,2025-05-07 08:30:28.651915,2025-05-07 08:30:28.651915
257193,136,2020-02-18,13,0.6,9.8,07:13,16.1,15:21,12,1.4,7.5,01:40,83,98,,41,03:30,2025-05-07 08:30:28.817692,2025-05-07 08:30:28.817692
257210,136,2020-02-19,12.6,0.2,9.2,,15.9,13:16,7,2.2,6.9,11:30,92,100,09:50,76,13:10,2025-05-07 08:30:28.928555,2025-05-07 08:30:28.928555
257226,136,2020-02-20,12.5,0,8.8,,16.2,16:08,36,1.1,6.1,14:30,82,97,01:20,61,16:10,2025-05-07 08:30:29.037120,2025-05-07 08:30:29.037120
257244,136,2020-02-21,11.3,0,7.4,06:06,15.2,12:41,33,2.5,6.1,12:10,79,95,23:40,56,12:40,2025-05-07 08:30:29.148988,2025-05-07 08:30:29.148988
257262,136,2020-02-22,13.8,0,7.2,02:54,20.3,14:17,13,6.1,19.7,23:59,35,97,01:40,22,,2025-05-07 08:30:29.254512,2025-05-07 08:30:29.254512
257280,136,2020-02-23,18.2,0,16,06:25,20.5,18:42,13,16.7,32.5,11:30,25,40,00:20,21,13:00,2025-05-07 08:30:29.365145,2025-05-07 08:30:29.365145
257297,136,2020-02-24,21.1,0,17,19:24,25.2,12:30,17,8.1,20,04:10,36,46,07:10,23,21:10,2025-05-07 08:30:29.463923,2025-05-07 08:30:29.463923
257314,136,2020-02-25,20,0,16.1,21:08,24,12:07,99,4.7,11.1,,23,45,18:20,19,09:20,2025-05-07 08:30:29.559232,2025-05-07 08:30:29.559232
257331,136,2020-02-26,15.1,0.6,9.1,20:38,21.1,15:41,99,1.9,6.7,00:50,45,96,,24,10:00,2025-05-07 08:30:29.633745,2025-05-07 08:30:29.633745
257348,136,2020-02-27,13,1,9.8,23:44,16.2,16:15,99,1.4,5,,94,100,10:00,72,16:20,2025-05-07 08:30:29.720619,2025-05-07 08:30:29.720619
257366,136,2020-02-28,14.4,0,9,06:55,19.9,16:23,29,2.2,5.8,20:20,77,100,,44,20:20,2025-05-07 08:30:29.796218,2025-05-07 08:30:29.796218
257384,136,2020-02-29,15.4,0,9,03:03,21.7,11:15,13,2.2,5.3,15:40,33,98,01:50,8,06:40,2025-05-07 08:30:29.864820,2025-05-07 08:30:29.864820
257402,136,2020-03-01,16.1,0,9.9,21:53,22.3,15:07,34,1.4,5.6,14:30,51,96,21:20,26,,2025-05-07 08:30:29.933470,2025-05-07 08:30:29.933470
257420,136,2020-03-02,13.7,0,9.3,05:06,18.1,10:53,29,2.5,6.7,06:30,81,96,,62,15:00,2025-05-07 08:30:30.001443,2025-05-07 08:30:30.001443
257437,136,2020-03-03,16,0,9.6,06:30,22.5,13:56,12,3.6,8.1,23:20,65,98,,34,02:00,2025-05-07 08:30:30.085986,2025-05-07 08:30:30.085986
257454,136,2020-03-04,19.4,0,14,04:53,24.7,11:41,11,4.4,8.9,02:40,33,54,18:10,21,09:20,2025-05-07 08:30:30.177292,2025-05-07 08:30:30.177292
257472,136,2020-03-05,16.3,8.8,10.8,21:53,21.8,11:18,11,1.4,5.3,23:50,61,98,23:59,29,04:40,2025-05-07 08:30:30.249171,2025-05-07 08:30:30.249171
257490,136,2020-03-06,10.4,1.8,9,23:49,11.9,03:42,5,2.8,8.3,07:10,94,100,,83,17:40,2025-05-07 08:30:30.324282,2025-05-07 08:30:30.324282
257508,136,2020-03-07,12.8,0.2,8.8,00:12,16.7,11:14,8,1.9,6.7,13:30,86,98,,67,10:40,2025-05-07 08:30:30.393124,2025-05-07 08:30:30.393124
257526,136,2020-03-08,15.4,0,8.8,02:53,22,12:19,11,4.2,10.8,11:50,34,99,,19,18:40,2025-05-07 08:30:30.465030,2025-05-07 08:30:30.465030
257544,136,2020-03-09,18.3,0,12.7,02:09,23.9,14:16,14,4.4,13.6,10:50,38,75,18:20,21,12:20,2025-05-07 08:30:30.556393,2025-05-07 08:30:30.556393
257562,136,2020-03-10,19.8,0,14.8,01:45,24.8,10:12,12,3.3,6.9,04:50,35,62,18:20,5,07:00,2025-05-07 08:30:30.644197,2025-05-07 08:30:30.644197
257580,136,2020-03-11,20.6,0,15.6,04:56,25.7,13:36,10,3.1,8.9,12:00,21,42,18:00,5,01:50,2025-05-07 08:30:30.733971,2025-05-07 08:30:30.733971
257598,136,2020-03-12,21,0,16.2,23:46,25.8,14:43,10,2.8,10.3,12:40,23,51,14:00,8,00:00,2025-05-07 08:30:30.807080,2025-05-07 08:30:30.807080
257616,136,2020-03-13,14.4,0.2,8.7,07:10,20,14:13,12,2.2,6.1,11:30,83,96,06:50,21,00:00,2025-05-07 08:30:30.907641,2025-05-07 08:30:30.907641
257634,136,2020-03-14,11.6,1.2,8.7,21:53,14.4,16:26,28,2.2,6.1,19:50,84,98,03:30,66,18:00,2025-05-07 08:30:30.981312,2025-05-07 08:30:30.981312
257652,136,2020-03-15,11.8,5,8.7,04:07,14.8,14:38,35,3.9,10.3,16:30,94,100,08:20,66,14:40,2025-05-07 08:30:31.058097,2025-05-07 08:30:31.058097
257670,136,2020-03-16,11,10.8,8.1,23:56,13.8,13:36,34,3.6,10.3,20:00,91,100,,73,13:40,2025-05-07 08:30:31.148189,2025-05-07 08:30:31.148189
257688,136,2020-03-17,9.1,13.2,7.1,06:36,11.1,14:45,34,1.9,10,23:50,96,100,,88,14:50,2025-05-07 08:30:31.233521,2025-05-07 08:30:31.233521
257705,136,2020-03-18,10.8,3.8,7.5,04:52,14,13:59,33,5.3,14.2,20:30,92,100,,72,14:00,2025-05-07 08:30:31.319233,2025-05-07 08:30:31.319233
257722,136,2020-03-19,12.3,3.8,9.1,00:01,15.5,14:04,33,4.7,16.9,02:10,92,100,,63,13:40,2025-05-07 08:30:31.388356,2025-05-07 08:30:31.388356
257740,136,2020-03-20,12.6,7.8,9.4,23:31,15.9,16:04,34,3.3,11.7,07:30,97,100,,70,16:10,2025-05-07 08:30:31.455446,2025-05-07 08:30:31.455446
257758,136,2020-03-21,10.2,3.8,7.4,07:33,12.9,16:32,33,2.5,9.7,22:50,86,100,,69,17:30,2025-05-07 08:30:31.521435,2025-05-07 08:30:31.521435
257776,136,2020-03-22,12.4,8.4,7.2,07:16,17.5,14:57,25,4.4,16.1,23:40,79,100,,51,14:40,2025-05-07 08:30:31.587590,2025-05-07 08:30:31.587590
257794,136,2020-03-23,8.8,11.4,6.7,05:26,10.9,14:21,33,6.7,18.6,06:10,99,100,,90,02:40,2025-05-07 08:30:31.663890,2025-05-07 08:30:31.663890
257812,136,2020-03-24,11.8,2.4,8.7,06:25,14.9,13:52,35,4.4,11.1,00:10,93,100,,75,14:30,2025-05-07 08:30:31.747551,2025-05-07 08:30:31.747551
257830,136,2020-03-25,11.6,0.2,7.8,23:07,15.5,12:13,2,1.9,5.6,12:20,82,100,,66,11:10,2025-05-07 08:30:31.835802,2025-05-07 08:30:31.835802
257848,136,2020-03-26,11,1.2,7.6,06:27,14.3,11:05,32,1.4,5,16:00,87,98,20:30,63,08:50,2025-05-07 08:30:31.929280,2025-05-07 08:30:31.929280
257866,136,2020-03-27,12.6,16,7.8,00:21,17.5,15:51,34,3.1,8.9,23:59,90,100,,70,15:00,2025-05-07 08:30:32.003760,2025-05-07 08:30:32.003760
257884,136,2020-03-28,11.8,0.2,7.9,04:23,15.7,12:57,33,2.5,7.8,00:10,82,100,,68,,2025-05-07 08:30:32.086611,2025-05-07 08:30:32.086611
257902,136,2020-03-29,12.9,0,8.2,02:12,17.6,16:11,34,1.1,5.8,16:20,81,97,21:00,63,09:00,2025-05-07 08:30:32.176977,2025-05-07 08:30:32.176977
257920,136,2020-03-30,13.8,0,8.7,05:21,18.9,11:10,29,1.9,5.8,23:10,75,99,,64,07:00,2025-05-07 08:30:32.250524,2025-05-07 08:30:32.250524
257938,136,2020-03-31,14,0.2,9.7,04:53,18.4,10:55,33,1.7,6.4,01:00,97,100,,68,11:00,2025-05-07 08:30:32.325763,2025-05-07 08:30:32.325763
257956,136,2020-04-01,13.5,0,9.2,24:00,17.8,10:45,28,1.1,3.6,04:20,90,100,,69,10:40,2025-05-07 08:30:32.400509,2025-05-07 08:30:32.400509
257974,136,2020-04-02,14,0,8.4,06:26,19.6,11:38,11,2.2,7.8,10:10,78,100,,59,08:10,2025-05-07 08:30:32.498712,2025-05-07 08:30:32.498712
257992,136,2020-04-03,14.4,0,9.2,05:01,19.7,11:18,26,1.1,6.9,21:30,74,100,00:00,59,06:30,2025-05-07 08:30:32.594891,2025-05-07 08:30:32.594891
258010,136,2020-04-04,16.2,0,11.9,23:23,20.5,10:18,25,1.7,8.3,01:50,75,99,,51,06:30,2025-05-07 08:30:32.679522,2025-05-07 08:30:32.679522
258028,136,2020-04-05,17.5,0,11.9,00:26,23.1,11:53,12,1.4,6.1,00:40,62,99,00:00,52,10:50,2025-05-07 08:30:32.749853,2025-05-07 08:30:32.749853
258046,136,2020-04-06,17,0,11.5,06:28,22.6,14:25,32,2.2,5,00:40,83,100,07:40,55,11:50,2025-05-07 08:30:32.806450,2025-05-07 08:30:32.806450
258064,136,2020-04-07,17,0,11.3,05:24,22.8,15:22,28,1.7,5,19:00,69,98,,37,21:00,2025-05-07 08:30:32.881856,2025-05-07 08:30:32.881856
258082,136,2020-04-08,18.4,0,11.8,00:44,25.1,13:11,34,1.1,4.4,13:40,57,97,,21,23:00,2025-05-07 08:30:32.969975,2025-05-07 08:30:32.969975
258100,136,2020-04-09,18.1,0,13.8,22:07,22.4,14:41,8,1.1,4.4,07:20,71,97,,22,02:10,2025-05-07 08:30:33.035424,2025-05-07 08:30:33.035424
258118,136,2020-04-10,16,0,11.9,22:05,20.1,14:24,36,1.9,5.8,14:40,81,98,,60,16:30,2025-05-07 08:30:33.117427,2025-05-07 08:30:33.117427
258136,136,2020-04-11,14.9,0.2,10.8,23:57,19,14:21,36,2.2,6.4,14:50,80,98,,58,13:50,2025-05-07 08:30:33.193751,2025-05-07 08:30:33.193751
258154,136,2020-04-12,13.2,7.8,9.8,04:42,16.5,13:55,34,3.3,8.6,15:40,90,100,10:30,71,14:00,2025-05-07 08:30:33.286145,2025-05-07 08:30:33.286145
258172,136,2020-04-13,14,0,9.4,07:07,18.5,14:02,99,3.3,7.5,,84,100,,64,13:40,2025-05-07 08:30:33.352309,2025-05-07 08:30:33.352309
258190,136,2020-04-14,15.2,0,9.3,06:46,21.1,16:24,99,0.6,5.3,,77,99,01:10,50,16:20,2025-05-07 08:30:33.431132,2025-05-07 08:30:33.431132
258208,136,2020-04-15,13.4,0,9.3,06:40,17.6,16:55,32,2.2,7.2,16:40,86,100,,65,17:00,2025-05-07 08:30:33.537920,2025-05-07 08:30:33.537920
258226,136,2020-04-16,15.4,1,9.7,04:53,21,10:32,1,1.7,6.1,17:50,80,99,,49,09:30,2025-05-07 08:30:33.623096,2025-05-07 08:30:33.623096
258244,136,2020-04-17,13.3,1,9.5,06:38,17.1,10:36,12,0.8,4.4,23:59,84,99,,58,09:20,2025-05-07 08:30:33.728767,2025-05-07 08:30:33.728767
258262,136,2020-04-18,13.6,25.6,9.6,23:11,17.6,11:20,34,2.5,10.3,14:40,88,100,,64,11:10,2025-05-07 08:30:33.821611,2025-05-07 08:30:33.821611
258280,136,2020-04-19,14,0,9.9,07:25,18.1,15:51,35,3.3,9.2,00:20,81,100,,56,13:00,2025-05-07 08:30:33.911806,2025-05-07 08:30:33.911806
258298,136,2020-04-20,14.4,0.4,9.3,00:15,19.5,14:36,33,3.3,9.4,23:30,79,100,09:00,54,15:00,2025-05-07 08:30:33.996709,2025-05-07 08:30:33.996709
258316,136,2020-04-21,13.4,0,9.5,04:47,17.2,13:11,99,2.5,8.6,,81,100,02:50,56,14:30,2025-05-07 08:30:34.104568,2025-05-07 08:30:34.104568
258334,136,2020-04-22,12.4,1.6,8.6,06:07,16.2,12:54,34,1.9,6.7,14:40,77,96,,58,13:50,2025-05-07 08:30:34.214370,2025-05-07 08:30:34.214370
258352,136,2020-04-23,12.6,6,9.5,01:56,15.7,16:11,1,1.7,6.9,19:50,91,100,,75,16:00,2025-05-07 08:30:34.310205,2025-05-07 08:30:34.310205
258370,136,2020-04-24,12.6,2.4,9.5,05:54,15.7,12:57,31,3.6,10,23:59,87,100,,71,16:20,2025-05-07 08:30:34.408348,2025-05-07 08:30:34.408348
258387,136,2020-04-25,13.7,0,9.8,00:49,17.6,11:41,34,4.2,8.6,13:00,84,100,,58,11:00,2025-05-07 08:30:34.495642,2025-05-07 08:30:34.495642
258405,136,2020-04-26,13.7,0,8.7,03:24,18.7,10:09,30,1.7,5.3,23:20,72,98,,58,10:10,2025-05-07 08:30:34.598794,2025-05-07 08:30:34.598794
258423,136,2020-04-27,14.7,0.6,9.8,06:13,19.6,11:09,33,2.8,7.2,18:40,68,99,21:00,49,07:20,2025-05-07 08:30:34.687138,2025-05-07 08:30:34.687138
258441,136,2020-04-28,14.6,0,10.3,05:27,19,13:21,34,3.1,7.5,11:30,78,98,00:00,61,14:40,2025-05-07 08:30:34.748212,2025-05-07 08:30:34.748212
258459,136,2020-04-29,14.1,0,9.6,01:44,18.6,14:32,7,1.9,6.4,14:10,77,96,,58,14:00,2025-05-07 08:30:34.844890,2025-05-07 08:30:34.844890
258477,136,2020-04-30,15.6,0,9.1,02:32,22.2,16:09,5,1.7,6.9,11:40,69,97,02:40,45,14:20,2025-05-07 08:30:34.957486,2025-05-07 08:30:34.957486
258495,136,2020-05-01,15.2,0,9.9,04:32,20.5,15:11,10,2.5,6.9,11:40,76,98,,50,06:10,2025-05-07 08:30:35.060563,2025-05-07 08:30:35.060563
258513,136,2020-05-02,17.2,0,7.9,05:32,26.6,14:01,15,1.9,8.3,20:10,45,100,,19,06:40,2025-05-07 08:30:35.154842,2025-05-07 08:30:35.154842
258531,136,2020-05-03,18.6,0,11.5,23:25,25.8,15:24,12,2.5,7.2,12:50,45,94,,6,04:00,2025-05-07 08:30:35.220123,2025-05-07 08:30:35.220123
258549,136,2020-05-04,15.7,1,11.7,02:21,19.7,09:52,34,1.4,5,18:20,90,99,,71,14:20,2025-05-07 08:30:35.301680,2025-05-07 08:30:35.301680
258567,136,2020-05-05,14.6,0,10.1,05:56,19.2,13:36,34,2.8,7.2,14:20,74,99,00:00,49,17:00,2025-05-07 08:30:35.379225,2025-05-07 08:30:35.379225
258585,136,2020-05-06,13.8,0,9.4,04:44,18.2,12:41,34,1.7,5.6,12:10,84,98,06:00,60,12:30,2025-05-07 08:30:35.460809,2025-05-07 08:30:35.460809
258603,136,2020-05-07,15,0,10.2,04:55,19.9,14:25,35,2.8,6.9,16:00,77,97,06:30,61,15:00,2025-05-07 08:30:35.522777,2025-05-07 08:30:35.522777
258621,136,2020-05-08,15.4,0,10.2,02:41,20.6,14:26,33,2.8,8.1,12:30,75,94,00:00,61,10:30,2025-05-07 08:30:35.615414,2025-05-07 08:30:35.615414
258639,136,2020-05-09,15.8,0,11,05:21,20.6,10:47,32,4.2,9.7,17:10,91,97,,49,01:20,2025-05-07 08:30:35.693762,2025-05-07 08:30:35.693762
258657,136,2020-05-10,15.6,0,10.7,06:20,20.5,13:57,30,4.4,10,14:50,81,99,,60,12:40,2025-05-07 08:30:35.774427,2025-05-07 08:30:35.774427
258675,136,2020-05-11,16.6,3,11,23:47,22.1,14:22,28,4.7,10.3,17:50,75,100,,56,14:10,2025-05-07 08:30:35.857500,2025-05-07 08:30:35.857500
258693,136,2020-05-12,14.2,1.6,9.4,04:45,19,14:36,31,5,15.3,21:00,83,100,,60,14:30,2025-05-07 08:30:35.941779,2025-05-07 08:30:35.941779
258711,136,2020-05-13,15.3,0,9.9,23:28,20.7,12:31,28,4.7,12.2,08:20,75,99,04:20,46,11:50,2025-05-07 08:30:36.039699,2025-05-07 08:30:36.039699
258729,136,2020-05-14,14.2,0.6,9.9,02:27,18.6,13:36,29,5.6,12.8,20:30,79,96,16:00,55,10:20,2025-05-07 08:30:36.131555,2025-05-07 08:30:36.131555
258747,136,2020-05-15,12.9,4.4,9.3,,16.5,15:37,33,4.4,11.4,10:10,96,100,,80,15:40,2025-05-07 08:30:36.205697,2025-05-07 08:30:36.205697
258765,136,2020-05-16,14.2,0.4,9.7,05:31,18.8,15:27,32,3.6,9.2,03:50,79,100,,53,14:10,2025-05-07 08:30:36.284838,2025-05-07 08:30:36.284838
258783,136,2020-05-17,11.6,2.4,9.8,20:05,13.3,10:30,36,1.4,7.5,04:50,97,99,,84,11:10,2025-05-07 08:30:36.372945,2025-05-07 08:30:36.372945
258801,136,2020-05-18,13.4,0,9.9,06:00,16.8,14:07,2,1.4,6.7,02:40,91,100,,78,12:50,2025-05-07 08:30:36.462171,2025-05-07 08:30:36.462171
258819,136,2020-05-19,15.6,0,11.7,02:56,19.6,10:47,32,2.5,6.4,19:00,88,100,,74,10:50,2025-05-07 08:30:36.548197,2025-05-07 08:30:36.548197
258837,136,2020-05-20,17.8,0,11.4,04:13,24.3,10:48,12,1.4,8.9,08:20,55,99,,38,17:00,2025-05-07 08:30:36.631254,2025-05-07 08:30:36.631254
258855,136,2020-05-21,16.4,0,9.9,23:52,22.8,08:56,2,1.9,5.8,14:40,72,98,23:00,22,08:30,2025-05-07 08:30:36.714683,2025-05-07 08:30:36.714683
258873,136,2020-05-22,17.4,0,9.7,00:18,25.2,16:48,16,2.2,7.8,22:20,62,97,00:00,34,03:00,2025-05-07 08:30:36.801017,2025-05-07 08:30:36.801017
258891,136,2020-05-23,23,0,16,00:20,29.9,16:19,12,4.7,11.1,07:20,33,66,00:20,20,,2025-05-07 08:30:36.881188,2025-05-07 08:30:36.881188
258909,136,2020-05-24,24.3,0,17.7,04:13,30.9,18:07,10,2.5,8.9,02:10,29,44,07:10,21,13:40,2025-05-07 08:30:36.938984,2025-05-07 08:30:36.938984
258927,136,2020-05-25,24.3,0,17.4,05:19,31.2,12:19,10,3.3,7.5,10:40,30,41,13:30,16,08:00,2025-05-07 08:30:37.011199,2025-05-07 08:30:37.011199
258945,136,2020-05-26,26.9,0,20.1,03:09,33.7,14:07,99,2.2,7.2,,23,36,19:10,17,08:40,2025-05-07 08:30:37.109681,2025-05-07 08:30:37.109681
258963,136,2020-05-27,26.4,0,20.8,05:23,31.9,12:29,30,1.4,3.9,12:50,22,36,13:40,16,,2025-05-07 08:30:37.200263,2025-05-07 08:30:37.200263
258980,136,2020-05-28,24,0,19.1,23:30,28.9,13:06,99,2.2,4.2,16:30,25,36,13:20,15,22:40,2025-05-07 08:30:37.281292,2025-05-07 08:30:37.281292
258998,136,2020-05-29,19.4,0,13.5,,25.3,09:21,99,2.2,5,,51,95,,9,04:30,2025-05-07 08:30:37.351220,2025-05-07 08:30:37.351220
259016,136,2020-05-30,15.2,0,12.6,05:58,17.8,11:11,28,2.2,7.8,21:40,88,97,05:10,76,17:40,2025-05-07 08:30:37.440056,2025-05-07 08:30:37.440056
259034,136,2020-05-31,17.6,0,12.4,05:16,22.9,14:39,33,4.2,8.6,10:40,67,94,01:00,49,12:10,2025-05-07 08:30:37.520540,2025-05-07 08:30:37.520540
259052,136,2020-06-01,16.9,0.4,12.4,23:22,21.4,09:40,29,1.4,5.8,08:00,83,98,23:30,55,08:40,2025-05-07 08:30:37.606067,2025-05-07 08:30:37.606067
259070,136,2020-06-02,17.5,0.2,11.9,04:33,23.1,17:11,11,1.7,8.3,12:40,77,98,00:00,59,11:00,2025-05-07 08:30:37.692901,2025-05-07 08:30:37.692901
259088,136,2020-06-03,18.1,0,13.9,03:52,22.3,14:08,29,1.9,8.6,08:30,77,96,23:30,61,08:10,2025-05-07 08:30:37.841934,2025-05-07 08:30:37.841934
259106,136,2020-06-04,18.2,0,13.5,03:42,22.9,09:43,12,1.4,6.9,22:00,83,98,23:00,58,08:20,2025-05-07 08:30:37.946854,2025-05-07 08:30:37.946854
259123,136,2020-06-05,19.8,0,14.5,00:05,25.2,17:33,23,3.6,10,17:00,69,97,00:00,50,17:30,2025-05-07 08:30:38.052653,2025-05-07 08:30:38.052653
259141,136,2020-06-06,20,0,14.4,23:40,25.7,10:39,10,2.5,8.9,14:30,63,95,,38,10:30,2025-05-07 08:30:38.136783,2025-05-07 08:30:38.136783
259159,136,2020-06-07,17.6,0,13.1,,22.2,11:55,32,2.2,6.9,15:10,79,97,,64,13:20,2025-05-07 08:30:38.217577,2025-05-07 08:30:38.217577
259177,136,2020-06-08,17.2,2,11.8,03:52,22.6,11:12,36,2.2,5.6,11:00,84,98,,59,11:10,2025-05-07 08:30:38.313984,2025-05-07 08:30:38.313984
259195,136,2020-06-09,15.4,1.4,13.5,,17.3,11:20,8,2.2,7.2,12:20,95,100,,88,12:00,2025-05-07 08:30:38.394061,2025-05-07 08:30:38.394061
259213,136,2020-06-10,15.4,0.4,12.6,,18.2,14:39,9,1.7,5.6,14:20,90,100,,74,14:10,2025-05-07 08:30:38.494707,2025-05-07 08:30:38.494707
259231,136,2020-06-11,13.6,0.2,12.2,23:04,15,12:23,8,1.4,6.1,01:20,99,100,,90,22:30,2025-05-07 08:30:38.580836,2025-05-07 08:30:38.580836
259247,136,2020-06-12,16.2,0,12,07:00,20.3,13:39,36,3.1,6.9,11:00,80,100,,56,15:30,2025-05-07 08:30:38.675674,2025-05-07 08:30:38.675674
259264,136,2020-06-13,17.2,0,11.3,05:34,23.2,13:54,12,1.7,5.8,10:10,79,98,,57,14:00,2025-05-07 08:30:38.780410,2025-05-07 08:30:38.780410
259281,136,2020-06-14,18,1.2,11.6,03:27,24.3,14:43,13,3.6,9.7,10:20,61,94,03:50,38,20:10,2025-05-07 08:30:38.862336,2025-05-07 08:30:38.862336
259299,136,2020-06-15,22,0,17.1,06:03,26.9,13:52,34,4.4,11.7,12:30,54,76,06:00,46,13:20,2025-05-07 08:30:38.936578,2025-05-07 08:30:38.936578
259317,136,2020-06-16,24.2,0.2,18.5,00:25,29.8,13:24,28,3.9,15.3,21:00,43,67,00:20,34,13:00,2025-05-07 08:30:39.012070,2025-05-07 08:30:39.012070
259335,136,2020-06-17,19.8,0.6,15.5,23:31,24.1,12:52,28,2.8,10.8,00:30,81,97,23:00,59,02:30,2025-05-07 08:30:39.091580,2025-05-07 08:30:39.091580
259353,136,2020-06-18,17.8,2.8,13.3,04:56,22.4,15:38,32,3.9,8.6,03:40,82,99,05:00,62,15:50,2025-05-07 08:30:39.174917,2025-05-07 08:30:39.174917
259371,136,2020-06-19,17.2,1,13.7,04:33,20.8,15:17,5,2.2,7.2,06:00,89,100,08:00,67,16:10,2025-05-07 08:30:39.246679,2025-05-07 08:30:39.246679
259389,136,2020-06-20,17.6,0.2,13.6,,21.7,15:48,33,2.5,6.4,13:10,79,98,,60,15:50,2025-05-07 08:31:54.194609,2025-05-07 08:31:54.194609
259407,136,2020-06-21,18.2,0,12.6,23:20,23.7,16:24,4,1.1,5.3,09:30,76,97,22:40,51,23:50,2025-05-07 08:31:54.301399,2025-05-07 08:31:54.301399
259425,136,2020-06-22,18.5,0,12.4,02:15,24.6,14:54,35,1.9,4.7,16:00,76,98,,56,00:00,2025-05-07 08:31:54.397253,2025-05-07 08:31:54.397253
259443,136,2020-06-23,17.7,0,13.6,01:30,21.8,15:04,33,1.9,5.8,15:10,81,97,,67,14:50,2025-05-07 08:31:54.468095,2025-05-07 08:31:54.468095
259461,136,2020-06-24,16.2,0.2,13.6,03:56,18.7,15:06,36,1.9,7.2,20:30,89,99,07:50,76,15:00,2025-05-07 08:31:54.554749,2025-05-07 08:31:54.554749
259479,136,2020-06-25,16.6,0.2,13.3,,20,14:27,34,2.2,6.1,01:00,88,99,,71,14:20,2025-05-07 08:31:54.658364,2025-05-07 08:31:54.658364
259497,136,2020-06-26,16.2,0,13.2,06:31,19.1,14:36,34,1.4,6.7,04:10,84,98,05:10,73,11:00,2025-05-07 08:31:54.732719,2025-05-07 08:31:54.732719
259515,136,2020-06-27,17.4,0,12.4,05:56,22.4,14:58,36,1.9,5.8,17:20,76,99,,59,15:00,2025-05-07 08:31:54.829997,2025-05-07 08:31:54.829997
259533,136,2020-06-28,16.6,4,13.8,06:01,19.3,15:17,36,1.7,5.3,23:20,88,99,,74,15:20,2025-05-07 08:31:54.894709,2025-05-07 08:31:54.894709
259551,136,2020-06-29,16.1,3.8,14.2,05:59,18,13:17,3,2.5,6.9,12:30,98,100,,93,13:20,2025-05-07 08:31:54.978867,2025-05-07 08:31:54.978867
259569,136,2020-06-30,17.6,0.2,13.9,06:27,21.3,13:05,36,1.1,4.4,12:40,85,100,,74,17:40,2025-05-07 08:31:55.064454,2025-05-07 08:31:55.064454
259587,136,2020-07-01,19.4,0,14.2,01:42,24.6,14:51,36,1.1,4.2,12:20,83,100,,29,22:40,2025-05-07 08:31:55.135439,2025-05-07 08:31:55.135439
259605,136,2020-07-02,19.6,0,14.5,20:46,24.6,12:23,24,1.9,5.3,16:00,84,99,08:30,22,04:10,2025-05-07 08:31:55.201832,2025-05-07 08:31:55.201832
259623,136,2020-07-03,20.5,0,14.5,23:41,26.5,14:25,13,1.7,6.1,04:40,66,91,23:59,23,02:40,2025-05-07 08:31:55.274822,2025-05-07 08:31:55.274822
259641,136,2020-07-04,17.2,0,13.1,04:45,21.2,13:32,28,1.9,5.8,22:40,83,99,,69,13:30,2025-05-07 08:31:55.338372,2025-05-07 08:31:55.338372
259659,136,2020-07-05,21.4,0,12.5,04:12,30.3,11:48,11,2.2,6.1,,44,100,,19,10:50,2025-05-07 08:31:55.408517,2025-05-07 08:31:55.408517
259676,136,2020-07-06,28.6,0,21.7,00:03,35.5,13:15,12,2.5,7.5,00:30,29,47,17:20,9,02:30,2025-05-07 08:31:55.501672,2025-05-07 08:31:55.501672
259694,136,2020-07-07,33,0,26.2,00:01,39.8,12:45,28,1.4,4.7,20:20,23,42,17:40,13,10:10,2025-05-07 08:31:55.611266,2025-05-07 08:31:55.611266
259712,136,2020-07-08,30.4,0,23.8,20:54,37.1,12:08,12,2.5,7.5,03:00,23,54,14:40,12,09:40,2025-05-07 08:31:55.703557,2025-05-07 08:31:55.703557
259730,136,2020-07-09,23.6,0,14.2,23:53,32.9,12:26,29,1.1,6.1,21:10,31,94,23:59,6,07:30,2025-05-07 08:31:55.783699,2025-05-07 08:31:55.783699
259748,136,2020-07-10,18.8,0,13.1,03:56,24.4,14:36,24,1.9,5.8,04:00,74,97,,58,,2025-05-07 08:31:55.844458,2025-05-07 08:31:55.844458
259766,136,2020-07-11,21.3,0,13.9,00:20,28.7,11:14,12,1.7,6.7,21:30,55,96,00:00,25,21:30,2025-05-07 08:31:55.923508,2025-05-07 08:31:55.923508
259783,136,2020-07-12,24.2,0,18.6,00:27,29.7,13:25,12,1.9,7.8,01:00,41,53,18:30,26,19:30,2025-05-07 08:31:55.995795,2025-05-07 08:31:55.995795
259800,136,2020-07-13,23.7,0,17.4,22:14,30,08:47,12,2.8,6.7,01:10,47,71,19:10,14,08:20,2025-05-07 08:31:56.056986,2025-05-07 08:31:56.056986
259818,136,2020-07-14,18.8,0,13.1,05:55,24.4,14:16,28,3.6,6.9,07:00,78,97,,29,00:10,2025-05-07 08:31:56.143704,2025-05-07 08:31:56.143704
259835,136,2020-07-15,21.5,0,18,06:33,25,12:26,32,1.4,9.2,02:30,61,80,19:10,32,05:00,2025-05-07 08:31:56.225755,2025-05-07 08:31:56.225755
259853,136,2020-07-16,25.4,0,20.8,02:50,30.1,13:46,12,2.2,6.9,05:20,41,53,11:30,36,08:50,2025-05-07 08:31:56.297772,2025-05-07 08:31:56.297772
259870,136,2020-07-17,28,0,22.1,01:28,34,16:46,11,3.3,7.2,03:30,31,48,14:50,9,,2025-05-07 08:31:56.366476,2025-05-07 08:31:56.366476
259888,136,2020-07-18,29.9,0,23.8,23:59,36,12:02,14,2.5,7.2,23:20,16,38,,9,,2025-05-07 08:31:56.440169,2025-05-07 08:31:56.440169
259906,136,2020-07-19,28.4,0,22.5,20:53,34.3,12:15,8,1.7,6.7,15:10,29,43,20:50,17,14:40,2025-05-07 08:31:56.505268,2025-05-07 08:31:56.505268
259923,136,2020-07-20,20.6,0,14.5,23:29,26.8,13:17,31,2.2,5.8,02:10,43,94,21:20,13,07:20,2025-05-07 08:31:56.583723,2025-05-07 08:31:56.583723
259941,136,2020-07-21,19,0,13.6,06:22,24.5,14:48,9,1.9,6.4,03:40,75,97,06:30,54,14:50,2025-05-07 08:31:56.654547,2025-05-07 08:31:56.654547
259959,136,2020-07-22,,,,,,,10,1.4,4.7,23:10,77,,,,,2025-05-07 08:31:56.739455,2025-05-07 08:31:56.739455
259977,136,2020-07-23,24.7,0,19.5,01:51,29.9,12:07,11,1.9,5.8,01:30,31,48,01:50,25,08:20,2025-05-07 08:31:56.828128,2025-05-07 08:31:56.828128
259995,136,2020-07-24,24.4,0,20.8,05:58,28.1,15:46,8,0.8,4.2,00:20,43,67,17:50,13,04:50,2025-05-07 08:31:56.931840,2025-05-07 08:31:56.931840
260013,136,2020-07-25,20.6,0,12.7,05:24,28.4,11:17,99,1.4,4.2,,38,92,,20,02:00,2025-05-07 08:31:57.032538,2025-05-07 08:31:57.032538
260031,136,2020-07-26,19,0,14.2,03:25,23.9,16:13,26,1.9,5.3,06:50,76,97,,60,13:30,2025-05-07 08:31:57.113821,2025-05-07 08:31:57.113821
260049,136,2020-07-27,20.8,0,13.6,04:09,28,11:46,11,1.7,5.6,10:00,50,97,,26,06:20,2025-05-07 08:31:57.214563,2025-05-07 08:31:57.214563
260067,136,2020-07-28,21,0,15,,26.9,08:53,10,2.2,5.3,09:00,51,96,,21,07:00,2025-05-07 08:31:57.325362,2025-05-07 08:31:57.325362
260085,136,2020-07-29,18.7,0,14.4,05:54,23,13:05,34,1.9,6.1,14:40,78,97,,59,13:00,2025-05-07 08:31:57.425845,2025-05-07 08:31:57.425845
260103,136,2020-07-30,19,0,13.6,06:15,24.3,11:35,9,1.9,6.1,10:10,81,98,06:50,59,11:00,2025-05-07 08:31:57.530202,2025-05-07 08:31:57.530202
260121,136,2020-07-31,19.2,0,12.9,05:18,25.4,12:27,13,1.7,8.6,05:10,77,99,,28,23:40,2025-05-07 08:31:57.609109,2025-05-07 08:31:57.609109
260139,136,2020-08-01,26.3,0,21.1,00:01,31.5,10:18,10,1.9,4.7,05:00,37,65,17:40,10,07:00,2025-05-07 08:31:57.681853,2025-05-07 08:31:57.681853
260157,136,2020-08-02,26.4,0,21.4,24:00,31.5,13:06,13,1.7,7.2,19:40,30,51,06:40,9,21:50,2025-05-07 08:31:57.764756,2025-05-07 08:31:57.764756
260175,136,2020-08-03,25.4,0,20.6,01:57,30.3,12:12,35,1.7,6.1,16:40,33,56,10:40,10,22:00,2025-05-07 08:31:57.849085,2025-05-07 08:31:57.849085
260192,136,2020-08-04,20.2,0.2,14.8,05:47,25.7,13:54,34,1.9,5,14:10,74,96,,13,00:00,2025-05-07 08:31:57.913989,2025-05-07 08:31:57.913989
260209,136,2020-08-05,20.1,0,14.2,23:48,26,12:35,29,1.9,5,22:50,68,97,04:50,31,08:50,2025-05-07 08:31:57.979445,2025-05-07 08:31:57.979445
260226,136,2020-08-06,19,0,13.4,05:25,24.5,12:22,32,2.5,6.7,17:50,79,98,,60,12:50,2025-05-07 08:31:58.050169,2025-05-07 08:31:58.050169
260244,136,2020-08-07,19.4,0,14.6,06:45,24.3,11:54,35,2.2,6.1,15:30,78,98,,59,12:10,2025-05-07 08:31:58.120539,2025-05-07 08:31:58.120539
260262,136,2020-08-08,19.7,0,14.3,05:50,25.1,13:57,36,2.2,5.3,09:40,76,97,,42,22:20,2025-05-07 08:31:58.186238,2025-05-07 08:31:58.186238
260280,136,2020-08-09,20,0.2,14,02:16,26.1,14:16,29,2.2,6.7,07:40,73,99,07:30,51,13:00,2025-05-07 08:31:58.255650,2025-05-07 08:31:58.255650
260298,136,2020-08-10,18.7,1,15.1,00:07,22.3,14:49,34,1.9,6.1,15:20,87,99,08:10,67,14:50,2025-05-07 08:31:58.355556,2025-05-07 08:31:58.355556
260314,136,2020-08-11,19,0,14.9,04:29,23.1,14:09,35,2.2,6.7,15:10,76,98,06:50,57,14:10,2025-05-07 08:31:58.414541,2025-05-07 08:31:58.414541
260331,136,2020-08-12,19,0,14.6,05:54,23.4,13:27,6,1.9,6.1,14:40,76,95,00:50,59,14:20,2025-05-07 08:31:58.488735,2025-05-07 08:31:58.488735
260349,136,2020-08-13,19.2,0,14.4,06:48,24,14:40,10,1.7,6.1,12:40,75,97,07:10,58,13:40,2025-05-07 08:31:58.568673,2025-05-07 08:31:58.568673
260367,136,2020-08-14,18.8,0,14.3,03:55,23.2,12:46,99,1.9,5.8,,77,95,,61,12:50,2025-05-07 08:31:58.660267,2025-05-07 08:31:58.660267
260385,136,2020-08-15,19.8,0,14.4,04:26,25.3,11:45,9,1.9,6.1,09:20,75,96,06:50,56,11:50,2025-05-07 08:31:58.737372,2025-05-07 08:31:58.737372
260403,136,2020-08-16,19.8,0,14.1,06:13,25.5,15:08,13,2.2,7.2,23:00,72,97,07:00,17,23:00,2025-05-07 08:31:58.815096,2025-05-07 08:31:58.815096
260421,136,2020-08-17,22.6,0,18.2,03:47,27,14:26,10,3.3,8.6,12:00,21,55,23:10,10,06:30,2025-05-07 08:31:58.890171,2025-05-07 08:31:58.890171
260439,136,2020-08-18,23.7,0,17.6,04:16,29.8,13:44,13,2.2,6.9,00:10,32,58,01:00,20,23:00,2025-05-07 08:31:58.992924,2025-05-07 08:31:58.992924
260457,136,2020-08-19,24.8,0,18.7,06:24,30.9,14:33,10,1.7,7.5,09:30,21,45,13:30,15,15:20,2025-05-07 08:31:59.098621,2025-05-07 08:31:59.098621
260475,136,2020-08-20,23.8,0,18.8,06:14,28.9,16:38,10,3.6,8.1,14:10,27,39,13:30,12,21:10,2025-05-07 08:31:59.177562,2025-05-07 08:31:59.177562
260493,136,2020-08-21,24.6,0,19.2,02:11,30,14:20,12,4.2,8.6,13:00,30,58,19:40,10,23:59,2025-05-07 08:31:59.244570,2025-05-07 08:31:59.244570
260511,136,2020-08-22,27.9,0,22.3,05:25,33.5,12:16,10,3.6,7.8,14:10,10,39,23:50,7,00:00,2025-05-07 08:31:59.311476,2025-05-07 08:31:59.311476
260529,136,2020-08-23,27,0,20.8,23:47,33.3,14:32,9,1.4,6.7,03:10,23,44,04:10,17,21:10,2025-05-07 08:31:59.394636,2025-05-07 08:31:59.394636
260547,136,2020-08-24,23.8,0,19.1,04:01,28.4,12:35,12,3.1,8.9,08:40,21,37,02:30,7,20:50,2025-05-07 08:31:59.470556,2025-05-07 08:31:59.470556
260565,136,2020-08-25,28,0,20.8,00:43,35.1,13:46,16,4.2,18.6,13:40,35,65,10:00,13,19:00,2025-05-07 08:31:59.569629,2025-05-07 08:31:59.569629
260583,136,2020-08-26,31,0,23.7,00:56,38.3,12:59,14,3.1,12.8,08:20,23,38,01:00,16,04:30,2025-05-07 08:31:59.653235,2025-05-07 08:31:59.653235
260601,136,2020-08-27,33.4,0,27.2,22:08,39.6,13:19,12,1.7,7.5,22:50,20,39,00:50,13,13:00,2025-05-07 08:31:59.737461,2025-05-07 08:31:59.737461
260619,136,2020-08-28,27.2,0,20.2,23:28,34.2,12:00,12,2.2,9.2,09:20,20,37,17:20,14,12:30,2025-05-07 08:31:59.836314,2025-05-07 08:31:59.836314
260637,136,2020-08-29,18.7,5.4,14.6,22:54,22.8,13:57,35,3.1,9.4,23:30,84,98,,27,00:00,2025-05-07 08:31:59.937762,2025-05-07 08:31:59.937762
260655,136,2020-08-30,16,0.8,13.2,06:46,18.8,13:36,34,3.9,11.4,04:00,90,99,,72,15:50,2025-05-07 08:32:00.013936,2025-05-07 08:32:00.013936
260673,136,2020-08-31,16.8,0,13.1,05:09,20.6,15:09,31,2.2,6.7,17:00,80,97,,65,16:40,2025-05-07 08:32:00.083603,2025-05-07 08:32:00.083603
260691,136,2020-09-01,18.3,0,13.5,23:54,23.1,16:21,32,1.9,6.1,20:40,88,98,,63,23:59,2025-05-07 08:32:00.158155,2025-05-07 08:32:00.158155
260709,136,2020-09-02,21.8,0,15.8,00:01,27.9,14:41,99,3.1,7.2,19:50,52,93,19:30,29,08:00,2025-05-07 08:32:00.236311,2025-05-07 08:32:00.236311
260727,136,2020-09-03,22,0,14.6,07:07,29.4,11:49,13,2.5,7.8,08:40,66,97,07:40,11,,2025-05-07 08:32:00.320196,2025-05-07 08:32:00.320196
260745,136,2020-09-04,25.1,0,20,05:52,30.2,15:36,29,2.2,6.1,21:40,37,59,10:10,8,00:00,2025-05-07 08:32:00.385941,2025-05-07 08:32:00.385941
260763,136,2020-09-05,20.9,0,15.1,06:33,26.7,12:49,10,1.7,6.4,09:20,72,95,,19,00:00,2025-05-07 08:32:00.455993,2025-05-07 08:32:00.455993
260781,136,2020-09-06,21.2,0,14.2,06:18,28.1,11:59,99,1.1,6.1,,59,97,05:50,27,23:50,2025-05-07 08:32:00.539762,2025-05-07 08:32:00.539762
260799,136,2020-09-07,27.6,0,21.5,,33.6,11:56,12,2.5,8.1,01:20,33,61,16:50,24,10:00,2025-05-07 08:32:00.645707,2025-05-07 08:32:00.645707
260817,136,2020-09-08,28.2,0,23.4,22:24,33,11:05,10,3.6,10.8,08:30,15,29,23:00,10,07:00,2025-05-07 08:32:00.758993,2025-05-07 08:32:00.758993
260835,136,2020-09-09,26.2,0,21.6,03:05,30.7,12:16,15,3.6,7.8,22:00,28,39,03:00,15,22:00,2025-05-07 08:32:00.848131,2025-05-07 08:32:00.848131
260853,136,2020-09-10,24,0,17.3,20:18,30.7,11:31,9,1.4,5.8,03:10,39,80,20:10,14,22:00,2025-05-07 08:32:00.988797,2025-05-07 08:32:00.988797
260871,136,2020-09-11,20.4,0,14.4,07:13,26.5,13:36,26,1.1,6.4,05:40,71,96,06:00,13,01:50,2025-05-07 08:32:01.115768,2025-05-07 08:32:01.115768
260889,136,2020-09-12,20.4,0.2,14.7,06:49,26,14:58,12,1.4,5.3,23:50,78,97,05:30,55,15:00,2025-05-07 08:32:01.234403,2025-05-07 08:32:01.234403
260907,136,2020-09-13,20.2,0,16,,24.4,13:08,12,1.9,7.2,05:50,80,92,,68,13:10,2025-05-07 08:32:01.344459,2025-05-07 08:32:01.344459
260925,136,2020-09-14,21.4,0,15.8,04:04,27,12:02,12,2.2,8.6,22:10,59,83,04:10,38,23:40,2025-05-07 08:32:01.432577,2025-05-07 08:32:01.432577
260943,136,2020-09-15,21.8,0,16.4,05:24,27.2,12:15,12,1.7,8.1,04:10,35,78,01:50,16,17:10,2025-05-07 08:32:01.547678,2025-05-07 08:32:01.547678
260961,136,2020-09-16,26.3,0,22.6,06:29,30,15:02,13,2.5,7.2,11:20,33,45,19:00,17,00:00,2025-05-07 08:32:01.657162,2025-05-07 08:32:01.657162
260979,136,2020-09-17,20.6,0,15.2,22:21,26.1,15:46,32,1.7,9.7,11:50,75,96,21:00,41,00:00,2025-05-07 08:32:01.767675,2025-05-07 08:32:01.767675
260997,136,2020-09-18,18.4,0,14.1,22:50,22.6,12:41,30,1.9,6.9,01:00,79,95,,63,10:20,2025-05-07 08:32:01.879907,2025-05-07 08:32:01.879907
261015,136,2020-09-19,19,0,13.6,21:11,24.3,15:42,12,3.1,7.8,05:40,78,99,,20,,2025-05-07 08:32:02.016128,2025-05-07 08:32:02.016128
261033,136,2020-09-20,23.5,0,17.6,03:04,29.4,15:04,11,2.5,6.4,02:00,48,60,,15,,2025-05-07 08:32:02.126537,2025-05-07 08:32:02.126537
261051,136,2020-09-21,26.4,0,21.8,01:14,31,12:15,11,1.4,4.2,09:40,30,51,10:30,9,22:40,2025-05-07 08:32:02.224491,2025-05-07 08:32:02.224491
261069,136,2020-09-22,24.2,0,17.5,20:23,30.8,10:52,9,2.2,6.1,13:20,42,90,20:00,8,00:00,2025-05-07 08:32:02.334968,2025-05-07 08:32:02.334968
261087,136,2020-09-23,22.2,2.4,18.6,24:00,25.8,11:48,23,1.7,13.6,23:40,43,69,23:59,18,03:30,2025-05-07 08:32:02.427540,2025-05-07 08:32:02.427540
261105,136,2020-09-24,21.4,0,15.6,06:23,27.2,13:17,19,1.7,13.6,00:30,75,90,06:20,43,01:30,2025-05-07 08:32:02.514353,2025-05-07 08:32:02.514353
261123,136,2020-09-25,23.2,0,17.9,01:54,28.6,14:18,10,4.4,9.2,12:40,42,62,00:00,31,15:40,2025-05-07 08:32:02.593829,2025-05-07 08:32:02.593829
261141,136,2020-09-26,22.1,1.2,15.7,21:17,28.5,13:25,14,1.4,5.8,00:30,53,95,23:40,37,,2025-05-07 08:32:02.683260,2025-05-07 08:32:02.683260
261159,136,2020-09-27,16.6,2,14.6,07:04,18.7,14:37,35,2.8,9.2,21:30,93,99,,81,14:30,2025-05-07 08:32:02.801091,2025-05-07 08:32:02.801091
261177,136,2020-09-28,16.2,5,13.7,02:44,18.7,13:30,34,2.8,8.9,00:50,95,99,,83,14:30,2025-05-07 08:32:02.917200,2025-05-07 08:32:02.917200
261194,136,2020-09-29,16.2,0.6,13.6,04:25,18.9,13:26,34,1.9,7.5,01:30,82,100,,71,17:30,2025-05-07 08:32:03.031581,2025-05-07 08:32:03.031581
261211,136,2020-09-30,17.6,0,13.7,01:16,21.4,11:04,36,1.9,6.1,13:20,86,96,06:00,66,11:00,2025-05-07 08:32:03.121585,2025-05-07 08:32:03.121585
261228,136,2020-10-01,16.8,2.8,13.7,,19.8,13:33,2,1.7,6.9,22:10,85,98,08:40,68,14:20,2025-05-07 08:32:03.222127,2025-05-07 08:32:03.222127
261246,136,2020-10-02,16.1,7.8,13.4,06:29,18.8,13:46,1,2.8,9.7,21:40,95,100,,74,13:50,2025-05-07 08:32:03.305915,2025-05-07 08:32:03.305915
261264,136,2020-10-03,16,23,13.7,05:36,18.2,14:15,36,3.3,10.3,06:20,100,100,,98,13:40,2025-05-07 08:32:03.372311,2025-05-07 08:32:03.372311
261282,136,2020-10-04,16.1,11.8,14.1,,18.1,11:27,34,2.2,8.9,06:20,98,100,,93,17:40,2025-05-07 08:32:03.444381,2025-05-07 08:32:03.444381
261300,136,2020-10-05,15.4,1.6,13.7,02:07,17,12:50,99,3.3,7.2,,93,100,,85,17:10,2025-05-07 08:32:03.546622,2025-05-07 08:32:03.546622
261318,136,2020-10-06,16.7,0.6,14.3,06:49,19.1,23:59,10,2.8,7.2,14:30,100,100,,60,23:59,2025-05-07 08:32:03.649254,2025-05-07 08:32:03.649254
261336,136,2020-10-07,22.8,0,18.4,03:39,27.3,15:29,10,2.2,5.8,12:20,48,80,19:50,23,07:10,2025-05-07 08:32:03.750037,2025-05-07 08:32:03.750037
261354,136,2020-10-08,,,,,,,0,3.1,,,52,,,,,2025-05-07 08:32:03.846628,2025-05-07 08:32:03.846628
261372,136,2020-10-09,17,0.2,14.5,23:59,19.6,15:47,36,1.4,4.4,22:10,97,99,,71,00:00,2025-05-07 08:32:03.915268,2025-05-07 08:32:03.915268
261390,136,2020-10-10,18.2,0,14,07:14,22.5,11:42,12,1.7,4.7,13:20,85,100,00:30,64,11:30,2025-05-07 08:32:03.986230,2025-05-07 08:32:03.986230
261408,136,2020-10-11,19.5,0,14.6,07:02,24.4,14:46,11,2.2,6.1,23:50,86,99,,38,23:20,2025-05-07 08:32:04.068427,2025-05-07 08:32:04.068427
261426,136,2020-10-12,25.4,0,20.6,02:54,30.3,12:34,13,6.1,12.5,14:30,21,39,00:00,19,13:00,2025-05-07 08:32:04.148859,2025-05-07 08:32:04.148859
261444,136,2020-10-13,24.4,0,18.2,23:25,30.6,16:12,13,3.6,8.6,10:10,29,65,18:30,19,09:10,2025-05-07 08:32:04.227490,2025-05-07 08:32:04.227490
261462,136,2020-10-14,22.2,0,15.3,19:18,29.2,10:08,99,1.9,6.7,,38,89,19:10,6,23:00,2025-05-07 08:32:04.310831,2025-05-07 08:32:04.310831
261480,136,2020-10-15,20.2,0,12.8,05:09,27.7,10:40,11,1.7,9.2,23:40,58,99,,13,10:30,2025-05-07 08:32:04.405890,2025-05-07 08:32:04.405890
261498,136,2020-10-16,17.6,0.8,13.4,07:02,21.7,13:10,12,2.2,8.6,00:10,85,100,07:50,66,13:10,2025-05-07 08:32:04.484987,2025-05-07 08:32:04.484987
261516,136,2020-10-17,15.8,0.2,12.5,,19.1,10:18,10,2.2,5.8,10:20,94,100,23:20,70,10:20,2025-05-07 08:32:04.554431,2025-05-07 08:32:04.554431
261534,136,2020-10-18,17.4,0,12.5,02:29,22.4,13:28,33,1.7,5.6,13:20,82,99,,64,12:10,2025-05-07 08:32:04.631846,2025-05-07 08:32:04.631846
261552,136,2020-10-19,20.9,0,15.5,02:43,26.3,13:55,26,2.5,10.3,04:40,70,84,18:40,56,09:40,2025-05-07 08:32:04.731908,2025-05-07 08:32:04.731908
261570,136,2020-10-20,21.4,1,15.6,22:03,27.1,13:11,22,4.2,22.2,10:40,60,99,,38,04:00,2025-05-07 08:32:04.832100,2025-05-07 08:32:04.832100
261588,136,2020-10-21,15.8,34.6,13.4,24:00,18.1,10:58,32,1.7,6.4,23:40,94,100,,83,11:50,2025-05-07 08:32:04.908958,2025-05-07 08:32:04.908958
261606,136,2020-10-22,14,8.6,11.6,23:45,16.5,13:35,32,3.1,9.4,08:10,97,100,,82,14:50,2025-05-07 08:32:05.030262,2025-05-07 08:32:05.030262
261624,136,2020-10-23,14.1,0.2,10.7,06:24,17.5,12:58,14,1.9,7.8,22:00,85,99,00:10,74,13:00,2025-05-07 08:32:05.127316,2025-05-07 08:32:05.127316
261641,136,2020-10-24,14.2,0,11.3,04:51,17.1,13:08,10,3.1,8.1,12:50,86,97,,64,12:30,2025-05-07 08:32:05.203620,2025-05-07 08:32:05.203620
261659,136,2020-10-25,14.8,0,12.2,07:16,17.5,12:05,10,1.7,5.8,00:50,91,99,,77,11:50,2025-05-07 08:32:05.271362,2025-05-07 08:32:05.271362
261677,136,2020-10-26,15.8,0,12.4,05:05,19.1,13:59,99,1.7,6.7,,86,98,04:50,62,13:50,2025-05-07 08:32:05.346113,2025-05-07 08:32:05.346113
261695,136,2020-10-27,15.6,0.2,12.8,21:07,18.5,15:01,34,1.1,6.1,10:50,83,97,,72,13:40,2025-05-07 08:32:05.444265,2025-05-07 08:32:05.444265
261713,136,2020-10-28,14,3,12.2,03:32,15.8,14:14,36,0.8,6.1,11:30,91,99,22:40,84,14:10,2025-05-07 08:32:05.522018,2025-05-07 08:32:05.522018
261731,136,2020-10-29,14.8,0.2,12.2,01:08,17.3,16:09,34,1.9,5,11:00,93,100,09:00,80,16:10,2025-05-07 08:32:05.602955,2025-05-07 08:32:05.602955
261749,136,2020-10-30,17.4,0,12.4,05:15,22.3,13:25,12,4.2,14.7,18:40,67,100,,19,19:10,2025-05-07 08:32:05.682440,2025-05-07 08:32:05.682440
261767,136,2020-10-31,22,0,19.7,05:55,24.4,13:51,14,7.8,18.6,03:10,24,28,02:00,20,,2025-05-07 08:32:05.746638,2025-05-07 08:32:05.746638
261785,136,2020-11-01,20.4,0,17.1,21:25,23.8,10:19,12,5.3,11.7,05:40,29,40,18:10,21,19:30,2025-05-07 08:32:05.819415,2025-05-07 08:32:05.819415
261803,136,2020-11-02,17.9,0,13.3,23:00,22.5,14:22,10,2.2,5.6,00:10,47,95,23:10,24,00:00,2025-05-07 08:32:05.911593,2025-05-07 08:32:05.911593
261821,136,2020-11-03,16.5,1,13.2,00:19,19.8,13:08,8,2.2,6.7,23:50,85,99,23:30,69,13:00,2025-05-07 08:32:05.990895,2025-05-07 08:32:05.990895
261839,136,2020-11-04,14.2,27,12.2,23:43,16.1,13:51,1,1.9,8.1,17:00,99,100,,97,13:30,2025-05-07 08:32:06.079264,2025-05-07 08:32:06.079264
261857,136,2020-11-05,14.9,0.2,10.2,,19.6,16:50,27,2.8,10,15:30,93,100,,54,16:20,2025-05-07 08:32:06.171495,2025-05-07 08:32:06.171495
261875,136,2020-11-06,16.6,0,12,00:50,21.3,14:06,21,3.1,13.1,08:10,74,98,,52,16:10,2025-05-07 08:32:06.270143,2025-05-07 08:32:06.270143
261893,136,2020-11-07,15.4,0,11.4,04:41,19.5,10:54,99,1.7,4.7,09:40,86,98,,59,10:50,2025-05-07 08:32:06.372301,2025-05-07 08:32:06.372301
261911,136,2020-11-08,14.6,0.2,11.7,23:59,17.5,10:00,99,1.1,3.6,,93,98,,78,00:40,2025-05-07 08:32:06.477715,2025-05-07 08:32:06.477715
261929,136,2020-11-09,,,,,,,0,3.3,,,88,,,,,2025-05-07 08:32:06.579970,2025-05-07 08:32:06.579970
261947,136,2020-11-10,14.2,0,11.5,19:47,16.8,15:09,13,4.4,9.7,10:20,98,100,,38,21:30,2025-05-07 08:32:06.684707,2025-05-07 08:32:06.684707
261965,136,2020-11-11,16.8,0,11.2,01:42,22.3,13:52,35,2.2,5.8,07:30,67,100,,30,07:00,2025-05-07 08:32:06.772550,2025-05-07 08:32:06.772550
261983,136,2020-11-12,20.6,0,15.1,02:42,26.1,14:03,12,1.7,6.4,23:00,55,79,18:00,17,04:40,2025-05-07 08:32:06.856431,2025-05-07 08:32:06.856431
262001,136,2020-11-13,21.4,0,18.7,00:28,24,16:32,12,3.1,8.9,12:50,35,56,00:00,23,16:30,2025-05-07 08:32:06.933099,2025-05-07 08:32:06.933099
262019,136,2020-11-14,24.6,0,19.9,00:05,29.3,13:54,22,2.8,12.8,15:50,21,36,14:10,19,07:00,2025-05-07 08:32:07.017149,2025-05-07 08:32:07.017149
262037,136,2020-11-15,24.4,0,20.2,21:39,28.6,15:59,18,3.1,11.4,10:30,33,51,13:10,20,16:00,2025-05-07 08:32:07.099707,2025-05-07 08:32:07.099707
262055,136,2020-11-16,24.2,0,19.5,00:49,29,12:37,13,2.2,10.8,12:10,40,50,,19,00:00,2025-05-07 08:32:07.169872,2025-05-07 08:32:07.169872
262073,136,2020-11-17,23,0,19.7,23:51,26.4,11:08,14,4.4,13.3,05:00,28,40,18:20,19,13:00,2025-05-07 08:32:07.236958,2025-05-07 08:32:07.236958
262091,136,2020-11-18,21.3,0,15.9,24:00,26.7,11:36,14,1.9,8.3,09:40,40,61,18:00,25,11:30,2025-05-07 08:32:07.307210,2025-05-07 08:32:07.307210
262109,136,2020-11-19,15.4,0,13.1,03:41,17.8,12:23,11,2.8,6.4,13:30,92,99,18:50,38,23:20,2025-05-07 08:32:07.373992,2025-05-07 08:32:07.373992
262127,136,2020-11-20,17.8,0,11.7,00:47,23.8,14:51,14,5,12.8,07:20,34,96,00:30,22,17:00,2025-05-07 08:32:07.453597,2025-05-07 08:32:07.453597
262145,136,2020-11-21,18.2,0,15.7,,20.6,,13,7.5,15.3,09:00,32,44,22:00,26,00:00,2025-05-07 08:32:07.530061,2025-05-07 08:32:07.530061
262163,136,2020-11-22,18.1,0,15.2,,21,14:08,13,6.1,12.5,09:10,38,46,,31,14:40,2025-05-07 08:32:07.599745,2025-05-07 08:32:07.599745
262181,136,2020-11-23,18.8,0,14.7,06:02,22.8,14:01,14,3.9,12.8,04:30,33,47,16:10,26,13:10,2025-05-07 08:32:07.679536,2025-05-07 08:32:07.679536
262199,136,2020-11-24,18.2,0,14.7,04:18,21.7,13:15,13,1.9,13.6,02:00,34,63,18:10,16,11:40,2025-05-07 08:32:07.775158,2025-05-07 08:32:07.775158
262217,136,2020-11-25,13.6,26.4,9.5,23:42,17.7,11:38,34,4.2,12.2,22:10,85,99,,24,00:00,2025-05-07 08:32:07.869676,2025-05-07 08:32:07.869676
262235,136,2020-11-26,9.6,9.8,8.1,23:03,11.2,12:15,34,6.9,17.2,16:20,99,100,,92,20:20,2025-05-07 08:32:07.936771,2025-05-07 08:32:07.936771
262253,136,2020-11-27,10.7,14.6,8.4,07:20,13,15:06,32,5.6,13.1,02:30,97,100,,80,15:20,2025-05-07 08:32:07.997588,2025-05-07 08:32:07.997588
262271,136,2020-11-28,12.7,4.4,9.7,06:10,15.7,15:09,32,2.5,7.8,01:00,98,100,,83,16:30,2025-05-07 08:32:08.064352,2025-05-07 08:32:08.064352
262289,136,2020-11-29,11.3,5.8,9.8,06:48,12.8,13:51,21,1.1,10,23:59,97,100,,77,23:40,2025-05-07 08:32:08.135397,2025-05-07 08:32:08.135397
262307,136,2020-11-30,14.2,0,10.4,03:45,17.9,13:28,23,2.8,10.3,04:30,75,86,22:50,55,13:50,2025-05-07 08:32:08.205953,2025-05-07 08:32:08.205953
262325,136,2020-12-01,14.8,0.8,11.7,02:49,17.8,10:32,99,3.3,11.1,17:50,73,93,16:00,62,10:20,2025-05-07 08:32:08.303464,2025-05-07 08:32:08.303464
262343,136,2020-12-02,14.4,0,11,23:08,17.8,11:42,22,2.2,8.3,03:30,85,98,19:20,66,07:20,2025-05-07 08:32:08.396534,2025-05-07 08:32:08.396534
262361,136,2020-12-03,14.4,0,10.3,04:19,18.4,11:57,14,1.9,5,23:40,79,95,18:00,56,,2025-05-07 08:32:08.465130,2025-05-07 08:32:08.465130
262379,136,2020-12-04,13.2,8,10.1,22:02,16.4,13:38,36,1.4,8.3,19:20,88,99,,73,03:10,2025-05-07 08:32:08.546550,2025-05-07 08:32:08.546550
262397,136,2020-12-05,11,37.8,9.9,,12.1,11:06,34,4.4,11.1,12:20,100,100,,99,,2025-05-07 08:32:08.638304,2025-05-07 08:32:08.638304
262414,136,2020-12-06,10.4,14.2,9.1,19:22,11.6,14:27,36,2.5,9.4,10:00,100,100,,100,,2025-05-07 08:32:08.708591,2025-05-07 08:32:08.708591
262431,136,2020-12-07,11.4,8.4,9.6,01:26,13.2,12:20,1,2.2,8.3,01:10,100,100,,96,15:40,2025-05-07 08:32:08.786584,2025-05-07 08:32:08.786584
262448,136,2020-12-08,12.1,4.2,9.2,05:06,15,17:06,12,1.7,6.4,02:00,90,100,,71,17:10,2025-05-07 08:32:08.874248,2025-05-07 08:32:08.874248
262465,136,2020-12-09,11.8,23.2,9.5,08:15,14,12:46,34,2.2,9.4,22:00,96,100,,86,12:50,2025-05-07 08:32:08.972885,2025-05-07 08:32:08.972885
262483,136,2020-12-10,12,3.8,10.5,23:49,13.5,15:39,36,2.5,8.9,00:20,97,100,,92,17:30,2025-05-07 08:32:09.083858,2025-05-07 08:32:09.083858
262501,136,2020-12-11,12.2,10.4,10.5,00:02,13.8,15:38,12,2.8,6.9,00:10,99,100,,95,11:10,2025-05-07 08:32:09.182265,2025-05-07 08:32:09.182265
262519,136,2020-12-12,13.4,2.2,10.8,18:30,15.9,14:55,13,2.2,5.3,01:30,98,100,,82,15:00,2025-05-07 08:32:09.268372,2025-05-07 08:32:09.268372
262537,136,2020-12-13,12.2,0.6,10.1,18:44,14.4,13:17,29,2.8,8.1,18:10,99,100,,93,,2025-05-07 08:32:09.363945,2025-05-07 08:32:09.363945
262555,136,2020-12-14,13.2,8,10.3,04:08,16.1,15:39,28,2.2,7.5,05:00,95,100,,83,15:20,2025-05-07 08:32:09.457626,2025-05-07 08:32:09.457626
262572,136,2020-12-15,13,7.8,11.1,,14.9,13:09,33,0.6,6.4,03:30,99,100,,94,13:40,2025-05-07 08:32:09.529851,2025-05-07 08:32:09.529851
262589,136,2020-12-16,12.6,6.2,10.4,06:36,14.9,16:10,33,3.6,11.7,23:00,93,100,,76,16:10,2025-05-07 08:32:09.606841,2025-05-07 08:32:09.606841
262607,136,2020-12-17,11.4,1.2,9.7,22:13,13.2,15:31,30,1.9,10.6,01:20,98,100,,91,,2025-05-07 08:33:12.362150,2025-05-07 08:33:12.362150
262625,136,2020-12-18,11.7,0,9.2,06:30,14.2,16:12,36,0.8,5.3,14:30,88,97,,75,13:00,2025-05-07 08:33:12.459425,2025-05-07 08:33:12.459425
262643,136,2020-12-19,12.6,0,9.3,20:52,16,12:57,14,0.8,5,23:00,85,98,04:30,65,23:30,2025-05-07 08:33:12.533132,2025-05-07 08:33:12.533132
262661,136,2020-12-20,13,5.6,9.6,00:05,16.5,13:58,11,3.3,6.7,09:50,89,100,,75,06:40,2025-05-07 08:33:12.618134,2025-05-07 08:33:12.618134
262679,136,2020-12-21,13.6,0.2,10.1,08:18,17,14:05,13,2.2,10,09:40,95,100,,74,14:10,2025-05-07 08:33:12.684870,2025-05-07 08:33:12.684870
262697,136,2020-12-22,13.9,0,9.5,07:02,18.3,13:49,12,2.2,8.6,02:50,87,100,,40,09:20,2025-05-07 08:33:12.754991,2025-05-07 08:33:12.754991
262715,136,2020-12-23,14.1,0,11.1,03:41,17.1,13:56,13,5.6,15.8,19:20,50,67,23:20,42,09:00,2025-05-07 08:33:12.836614,2025-05-07 08:33:12.836614
262733,136,2020-12-24,12.4,0,10,19:12,14.9,13:23,14,7.8,22.5,04:30,74,86,,52,00:40,2025-05-07 08:33:12.917625,2025-05-07 08:33:12.917625
262751,136,2020-12-25,15.4,0.2,10.6,01:49,20.2,12:20,13,4.2,14.2,00:10,57,90,18:20,27,14:20,2025-05-07 08:33:12.996110,2025-05-07 08:33:12.996110
262769,136,2020-12-26,15.6,0,11.7,02:50,19.6,13:37,12,0.8,5,02:10,67,100,23:59,38,03:40,2025-05-07 08:33:13.080037,2025-05-07 08:33:13.080037
262787,136,2020-12-27,15.2,0,11,05:26,19.4,15:40,14,2.2,5.6,05:50,73,100,00:00,33,22:10,2025-05-07 08:33:13.150291,2025-05-07 08:33:13.150291
262805,136,2020-12-28,14.8,0,10.3,22:27,19.4,13:22,13,4.2,8.9,10:10,52,98,,29,13:00,2025-05-07 08:33:13.232392,2025-05-07 08:33:13.232392
262823,136,2020-12-29,12.2,0,8.9,07:07,15.4,13:48,12,1.9,7.8,11:20,93,100,07:20,33,00:20,2025-05-07 08:33:13.316659,2025-05-07 08:33:13.316659
262841,136,2020-12-30,11.2,1,8.1,07:53,14.4,14:11,99,1.4,3.9,,95,100,,86,11:10,2025-05-07 08:33:13.389318,2025-05-07 08:33:13.389318
262859,136,2020-12-31,11.4,0.8,8,07:45,14.7,15:02,34,1.7,5.6,,97,100,,78,15:00,2025-05-07 08:33:13.488822,2025-05-07 08:33:13.488822
262877,136,2021-01-01,9.8,3.6,8.3,00:01,11.4,11:13,3,1.9,6.9,12:30,94,99,,76,11:00,2025-05-07 08:33:13.574849,2025-05-07 08:33:13.574849
262895,136,2021-01-02,10.2,0,8,08:01,12.3,15:55,13,2.2,7.2,21:20,93,100,,75,16:00,2025-05-07 08:33:13.646346,2025-05-07 08:33:13.646346
262913,136,2021-01-03,10,0,8.4,04:44,11.6,16:37,12,2.8,7.2,01:30,92,99,23:00,86,08:40,2025-05-07 08:33:13.728634,2025-05-07 08:33:13.728634
262931,136,2021-01-04,12.6,0,8.8,00:30,16.3,11:44,24,3.6,17.8,19:30,79,98,,66,19:30,2025-05-07 08:33:13.814429,2025-05-07 08:33:13.814429
262949,136,2021-01-05,16.4,0,12.2,07:40,20.5,16:13,27,2.2,9.4,01:50,74,91,18:50,57,04:20,2025-05-07 08:33:13.914161,2025-05-07 08:33:13.914161
262967,136,2021-01-06,16.2,2.8,12.8,00:50,19.6,10:46,24,6.7,21.4,11:30,75,93,13:30,63,17:40,2025-05-07 08:33:13.985502,2025-05-07 08:33:13.985502
262985,136,2021-01-07,15.2,14.8,13.6,20:53,16.9,13:36,25,7.8,21.9,12:00,77,92,10:40,72,02:30,2025-05-07 08:33:14.072017,2025-05-07 08:33:14.072017
263003,136,2021-01-08,10.8,75.8,7.6,18:36,13.9,00:01,23,5.8,20,00:50,100,100,,73,03:40,2025-05-07 08:33:14.159803,2025-05-07 08:33:14.159803
263021,136,2021-01-09,8,13.2,6,05:13,9.9,13:38,34,5,12.2,,97,100,,84,14:00,2025-05-07 08:33:14.227166,2025-05-07 08:33:14.227166
263039,136,2021-01-10,9,21.8,7,00:42,11,15:13,33,5.8,14.7,18:40,99,100,,80,14:50,2025-05-07 08:33:14.294438,2025-05-07 08:33:14.294438
263057,136,2021-01-11,8.1,18.8,6,07:41,10.2,13:47,36,3.1,11.4,00:40,99,100,,90,09:50,2025-05-07 08:33:14.383593,2025-05-07 08:33:14.383593
263075,136,2021-01-12,9.2,15.4,6.7,07:14,11.7,14:28,1,1.1,7.5,13:10,96,100,,75,14:40,2025-05-07 08:33:14.467256,2025-05-07 08:33:14.467256
263093,136,2021-01-13,9.9,0.2,8.3,02:23,11.5,14:33,8,1.4,7.5,11:10,94,100,,81,16:00,2025-05-07 08:33:14.542478,2025-05-07 08:33:14.542478
263111,136,2021-01-14,9,0.8,7.6,22:26,10.4,11:58,12,2.2,8.3,11:00,96,100,,85,22:50,2025-05-07 08:33:14.615992,2025-05-07 08:33:14.615992
263129,136,2021-01-15,9.4,0,7.7,,11.2,13:54,99,2.2,6.7,,93,98,,79,13:50,2025-05-07 08:33:14.699983,2025-05-07 08:33:14.699983
263147,136,2021-01-16,10.4,0,7.7,03:59,13.2,11:17,13,3.3,7.5,11:30,85,99,19:30,71,11:20,2025-05-07 08:33:14.795307,2025-05-07 08:33:14.795307
263165,136,2021-01-17,11.6,0.2,8.1,22:12,15.2,14:02,11,3.6,10,11:40,88,100,,76,14:10,2025-05-07 08:33:14.859674,2025-05-07 08:33:14.859674
263183,136,2021-01-18,11,0.2,5,03:23,17.1,14:29,13,1.9,6.4,11:20,88,100,,64,23:10,2025-05-07 08:33:14.937591,2025-05-07 08:33:14.937591
263201,136,2021-01-19,10.8,0.2,6.2,05:31,15.4,13:17,99,2.2,5.8,06:50,86,100,,42,20:40,2025-05-07 08:33:15.029872,2025-05-07 08:33:15.029872
263219,136,2021-01-20,12.1,0,7.6,05:59,16.6,12:53,11,0.8,6.7,11:10,85,97,,23,21:10,2025-05-07 08:33:15.130432,2025-05-07 08:33:15.130432
263237,136,2021-01-21,14.8,1.2,9.9,03:57,19.8,15:56,34,1.4,3.6,13:00,88,99,23:59,46,20:00,2025-05-07 08:33:15.225011,2025-05-07 08:33:15.225011
263255,136,2021-01-22,14.3,0.6,10.9,21:53,17.7,13:33,10,1.9,5.3,15:50,95,100,,66,09:40,2025-05-07 08:33:15.289879,2025-05-07 08:33:15.289879
263273,136,2021-01-23,14.1,0,10.8,07:58,17.4,12:39,10,5,8.3,12:10,77,100,,29,20:20,2025-05-07 08:33:15.391639,2025-05-07 08:33:15.391639
263291,136,2021-01-24,16.9,0,13.3,19:57,20.5,14:12,14,3.9,8.3,05:50,57,71,18:30,45,11:00,2025-05-07 08:33:15.493477,2025-05-07 08:33:15.493477
263309,136,2021-01-25,14,0,8.4,23:57,19.6,15:38,11,1.4,7.5,22:10,72,100,,51,07:00,2025-05-07 08:33:15.570309,2025-05-07 08:33:15.570309
263327,136,2021-01-26,12.4,0,8.2,00:05,16.6,14:26,12,5,9.7,10:00,84,100,,33,20:50,2025-05-07 08:33:15.651215,2025-05-07 08:33:15.651215
263345,136,2021-01-27,18,0,9.9,00:41,26,16:51,14,2.5,7.8,07:10,30,97,,18,16:30,2025-05-07 08:33:15.756078,2025-05-07 08:33:15.756078
263363,136,2021-01-28,21.1,0,17.5,21:53,24.7,12:33,13,1.1,4.7,21:50,20,35,14:30,19,,2025-05-07 08:33:15.833470,2025-05-07 08:33:15.833470
263381,136,2021-01-29,20.2,0,15.5,07:41,25,16:40,11,1.9,6.7,11:20,27,53,17:20,16,,2025-05-07 08:33:15.915850,2025-05-07 08:33:15.915850
263399,136,2021-01-30,15.3,0.4,9.3,22:37,21.3,17:47,36,1.1,5,07:50,46,97,23:59,15,00:00,2025-05-07 08:33:15.998533,2025-05-07 08:33:15.998533
263417,136,2021-01-31,15.2,0,9.8,00:46,20.7,13:53,11,1.9,9.2,23:20,56,100,,22,11:30,2025-05-07 08:33:16.075494,2025-05-07 08:33:16.075494
263435,136,2021-02-01,16.5,0,13,22:31,20,14:47,14,5,10.6,11:10,64,84,18:00,46,14:50,2025-05-07 08:33:16.146953,2025-05-07 08:33:16.146953
263453,136,2021-02-02,17,0,10.9,22:56,23.1,15:39,12,3.1,8.3,07:00,,84,19:00,18,,2025-05-07 08:33:16.232580,2025-05-07 08:33:16.232580
263471,136,2021-02-03,14.5,0.4,9.7,22:08,19.3,11:00,32,1.4,6.4,21:30,68,98,,27,03:40,2025-05-07 08:33:16.306231,2025-05-07 08:33:16.306231
263489,136,2021-02-04,8.5,30.6,5.6,23:57,11.4,14:13,28,3.3,10.8,23:59,98,100,,95,18:00,2025-05-07 08:33:16.390127,2025-05-07 08:33:16.390127
263507,136,2021-02-05,7.2,30,5.2,02:52,9.3,14:11,34,4.7,14.7,14:20,100,100,,95,03:10,2025-05-07 08:33:16.490321,2025-05-07 08:33:16.490321
263525,136,2021-02-06,8.2,12,5.7,03:54,10.7,14:19,32,6.1,13.9,12:50,99,100,,95,15:00,2025-05-07 08:33:16.569476,2025-05-07 08:33:16.569476
263543,136,2021-02-07,11,0.6,8,03:40,13.9,13:32,99,2.2,7.8,00:40,94,100,,80,16:50,2025-05-07 08:33:16.640281,2025-05-07 08:33:16.640281
263560,136,2021-02-08,12.2,0.2,8.5,03:03,15.8,15:02,28,2.8,8.3,23:59,93,100,,77,15:10,2025-05-07 08:33:16.720102,2025-05-07 08:33:16.720102
263578,136,2021-02-09,12.8,0,8.4,03:36,17.2,14:24,29,2.8,7.2,00:10,86,99,,70,14:30,2025-05-07 08:33:16.790315,2025-05-07 08:33:16.790315
263596,136,2021-02-10,12.4,0,9.1,06:17,15.8,11:37,12,0.8,3.6,11:40,93,100,08:00,79,11:40,2025-05-07 08:33:16.862270,2025-05-07 08:33:16.862270
263614,136,2021-02-11,12.2,2.4,8.4,05:27,16.1,13:32,99,2.8,7.8,13:50,83,98,,69,,2025-05-07 08:33:16.941393,2025-05-07 08:33:16.941393
263632,136,2021-02-12,11.8,2,9.9,07:32,13.8,13:10,12,1.7,6.1,00:40,97,100,,88,12:10,2025-05-07 08:33:17.020971,2025-05-07 08:33:17.020971
263650,136,2021-02-13,13.4,0,9.2,22:04,17.5,14:36,10,1.9,6.4,23:10,91,100,,42,23:10,2025-05-07 08:33:17.119394,2025-05-07 08:33:17.119394
263668,136,2021-02-14,15,0,9.8,07:46,20.3,15:32,17,3.3,6.7,22:00,52,88,08:20,22,,2025-05-07 08:33:17.200534,2025-05-07 08:33:17.200534
263686,136,2021-02-15,18,0,15.7,23:57,20.3,14:36,13,6.9,17.8,21:20,22,31,04:20,19,00:00,2025-05-07 08:33:17.268559,2025-05-07 08:33:17.268559
263704,136,2021-02-16,13.6,0,11.1,21:30,16.1,14:05,14,8.6,20,03:00,35,47,08:20,26,00:00,2025-05-07 08:33:17.346839,2025-05-07 08:33:17.346839
263722,136,2021-02-17,13.5,0,9.1,21:31,17.9,14:20,12,4.4,15.3,04:10,53,79,02:40,24,23:40,2025-05-07 08:33:17.413092,2025-05-07 08:33:17.413092
263740,136,2021-02-18,13,0,8.1,05:59,18,15:37,10,3.6,7.8,12:40,78,94,19:30,21,,2025-05-07 08:33:17.477377,2025-05-07 08:33:17.477377
263758,136,2021-02-19,15.5,0,11,07:04,20,12:36,14,3.1,6.7,07:10,44,84,19:30,17,00:00,2025-05-07 08:33:17.566034,2025-05-07 08:33:17.566034
263776,136,2021-02-20,15.9,13,10,04:35,21.8,14:37,27,4.7,19.7,18:50,39,97,23:59,17,09:40,2025-05-07 08:33:17.635945,2025-05-07 08:33:17.635945
263794,136,2021-02-21,12.1,0.2,8.7,07:10,15.5,15:26,32,3.6,12.2,03:30,87,100,,67,15:30,2025-05-07 08:33:17.707271,2025-05-07 08:33:17.707271
263812,136,2021-02-22,12.6,0,8.1,06:54,17.1,15:51,24,2.2,6.4,07:40,79,99,,61,10:50,2025-05-07 08:33:17.796997,2025-05-07 08:33:17.796997
263830,136,2021-02-23,12.4,0.6,8.8,21:24,16.1,12:59,11,1.7,7.5,09:10,91,100,22:00,75,12:40,2025-05-07 08:33:17.898556,2025-05-07 08:33:17.898556
263848,136,2021-02-24,12.4,0.6,9.2,03:27,15.6,13:45,35,1.1,5.8,14:00,90,99,00:20,78,10:30,2025-05-07 08:33:18.010356,2025-05-07 08:33:18.010356
263866,136,2021-02-25,10,31,7.1,23:31,12.9,11:52,3,1.4,9.4,15:40,99,100,,93,12:20,2025-05-07 08:33:18.119420,2025-05-07 08:33:18.119420
263884,136,2021-02-26,9,2.6,7.1,00:54,10.8,13:38,36,4.2,10.3,09:30,97,100,,88,,2025-05-07 08:33:18.220105,2025-05-07 08:33:18.220105
263902,136,2021-02-27,8.4,17.2,6.5,05:33,10.2,12:02,33,3.1,10,14:40,98,100,,84,09:40,2025-05-07 08:33:18.326146,2025-05-07 08:33:18.326146
263920,136,2021-02-28,10.2,7,7.7,07:07,12.7,15:09,32,3.3,11.1,04:30,96,100,,84,17:30,2025-05-07 08:33:18.436829,2025-05-07 08:33:18.436829
263938,136,2021-03-01,12,0.8,9.1,03:51,15,13:23,34,2.5,8.6,03:30,90,100,,73,16:20,2025-05-07 08:33:18.514421,2025-05-07 08:33:18.514421
263956,136,2021-03-02,12.2,0,9.1,03:39,15.4,15:01,13,2.5,6.4,07:30,89,100,,76,12:10,2025-05-07 08:33:18.616255,2025-05-07 08:33:18.616255
263974,136,2021-03-03,12.2,0,8.2,05:31,16.2,12:55,15,2.2,6.9,07:40,80,99,,72,11:20,2025-05-07 08:33:18.719529,2025-05-07 08:33:18.719529
263992,136,2021-03-04,12.6,0.2,8.1,02:54,17.2,14:20,34,2.2,6.4,16:10,79,100,03:10,49,14:10,2025-05-07 08:33:18.812105,2025-05-07 08:33:18.812105
264010,136,2021-03-05,12.4,10.6,9.5,20:53,15.4,14:28,33,5.3,12.8,21:50,98,100,,84,14:30,2025-05-07 08:33:18.883350,2025-05-07 08:33:18.883350
264028,136,2021-03-06,10,8.6,8.8,05:04,11.2,12:48,32,6.1,13.9,11:20,100,100,,100,,2025-05-07 08:33:18.959543,2025-05-07 08:33:18.959543
264046,136,2021-03-07,10.6,2.2,9,07:23,12.1,13:15,36,4.2,12.2,02:30,99,100,,90,17:10,2025-05-07 08:33:19.054443,2025-05-07 08:33:19.054443
264064,136,2021-03-08,11.5,23.6,9.2,,13.8,15:05,28,3.6,11.4,09:50,100,100,,99,14:30,2025-05-07 08:33:19.128307,2025-05-07 08:33:19.128307
264082,136,2021-03-09,10,1,8,23:11,12.1,13:58,36,4.2,11.7,04:40,97,100,,87,14:10,2025-05-07 08:33:19.202218,2025-05-07 08:33:19.202218
264100,136,2021-03-10,10.8,0,8,03:33,13.6,14:22,1,2.2,9.2,01:00,88,98,01:10,72,14:10,2025-05-07 08:33:19.283247,2025-05-07 08:33:19.283247
264118,136,2021-03-11,12.5,0,8.5,06:14,16.5,18:01,8,4.2,11.9,13:00,81,99,04:00,46,20:30,2025-05-07 08:33:19.364836,2025-05-07 08:33:19.364836
264136,136,2021-03-12,13.6,0,8,21:33,19.1,14:38,11,2.5,7.2,09:00,83,100,,8,23:10,2025-05-07 08:33:19.449850,2025-05-07 08:33:19.449850
264154,136,2021-03-13,11.6,0,7.4,01:51,15.8,16:05,10,3.3,8.6,10:00,92,100,,7,00:00,2025-05-07 08:33:19.528785,2025-05-07 08:33:19.528785
264171,136,2021-03-14,12.8,0,9.5,07:02,16.2,12:25,10,1.9,6.7,00:20,93,100,,76,12:30,2025-05-07 08:33:19.606391,2025-05-07 08:33:19.606391
264189,136,2021-03-15,12.6,0,9.3,05:05,15.9,14:22,30,2.2,5.8,05:30,92,100,,77,14:20,2025-05-07 08:33:19.699131,2025-05-07 08:33:19.699131
264207,136,2021-03-16,13.2,0,9.4,04:56,16.9,13:27,99,1.4,5,,89,100,,72,13:30,2025-05-07 08:33:19.782999,2025-05-07 08:33:19.782999
264225,136,2021-03-17,12.4,0,8.1,05:09,16.8,14:20,26,2.2,5.8,19:50,85,99,,28,03:00,2025-05-07 08:33:19.866811,2025-05-07 08:33:19.866811
264243,136,2021-03-18,12.7,0,8.7,,16.7,14:13,28,2.8,6.9,07:10,79,98,00:00,62,14:20,2025-05-07 08:33:19.938795,2025-05-07 08:33:19.938795
264261,136,2021-03-19,12.7,0,8.5,01:01,16.9,14:40,32,3.3,9.2,19:40,82,100,07:30,56,14:10,2025-05-07 08:33:20.019634,2025-05-07 08:33:20.019634
264279,136,2021-03-20,12,1.8,8,06:28,16,14:43,34,3.1,6.9,17:10,82,94,,63,11:40,2025-05-07 08:33:20.118096,2025-05-07 08:33:20.118096
264297,136,2021-03-21,10.5,0,7.8,23:38,13.2,13:17,34,2.2,8.3,01:30,86,100,,70,13:20,2025-05-07 08:33:20.185436,2025-05-07 08:33:20.185436
264314,136,2021-03-22,9.8,0,7.9,,11.7,13:17,10,1.9,5.8,10:20,81,98,23:59,70,13:40,2025-05-07 08:33:20.246663,2025-05-07 08:33:20.246663
264332,136,2021-03-23,12.6,0,7.9,06:53,17.2,11:50,10,1.4,4.4,10:10,87,99,,57,23:50,2025-05-07 08:33:20.334121,2025-05-07 08:33:20.334121
264350,136,2021-03-24,18.3,0,11.2,00:01,25.4,14:15,14,3.9,9.7,23:59,27,57,00:00,18,18:00,2025-05-07 08:33:20.409006,2025-05-07 08:33:20.409006
264368,136,2021-03-25,20.8,0,16.4,05:05,25.2,15:21,13,6.7,16.9,12:00,13,30,23:59,11,13:00,2025-05-07 08:33:20.488794,2025-05-07 08:33:20.488794
264386,136,2021-03-26,16.7,0,10.2,22:32,23.2,10:32,22,3.3,15.6,07:40,43,95,21:10,7,07:00,2025-05-07 08:33:20.568122,2025-05-07 08:33:20.568122
264404,136,2021-03-27,15,0,10,02:29,20,14:37,99,1.7,8.1,,67,97,22:50,46,14:30,2025-05-07 08:33:20.645357,2025-05-07 08:33:20.645357
264422,136,2021-03-28,13.5,0,9.4,02:09,17.6,11:37,11,2.2,7.5,13:10,88,99,03:50,60,09:20,2025-05-07 08:33:20.728048,2025-05-07 08:33:20.728048
264440,136,2021-03-29,14.2,0,10.2,05:57,18.1,10:54,33,2.2,6.7,16:00,86,99,23:30,62,10:00,2025-05-07 08:33:20.814031,2025-05-07 08:33:20.814031
264458,136,2021-03-30,13.7,0.2,9.3,01:45,18.1,13:00,12,1.9,6.4,22:10,79,100,,66,09:00,2025-05-07 08:33:20.886753,2025-05-07 08:33:20.886753
264476,136,2021-03-31,15.2,0,8.9,04:58,21.6,15:28,26,3.1,10.3,15:40,64,100,00:00,34,08:10,2025-05-07 08:33:20.989462,2025-05-07 08:33:20.989462
264494,136,2021-04-01,13.5,0,9.6,05:58,17.4,10:37,13,1.4,5.6,00:10,91,98,07:20,72,10:20,2025-05-07 08:33:21.070939,2025-05-07 08:33:21.070939
264512,136,2021-04-02,13.6,0,9.8,02:11,17.3,15:23,8,3.1,8.3,12:10,85,99,08:00,69,15:20,2025-05-07 08:33:21.146393,2025-05-07 08:33:21.146393
264530,136,2021-04-03,13.6,0,10,03:46,17.1,13:55,35,1.4,6.7,12:50,79,95,00:20,60,13:50,2025-05-07 08:33:21.217784,2025-05-07 08:33:21.217784
264548,136,2021-04-04,13.8,0,9.6,04:52,18,14:23,9,1.9,6.7,12:50,77,93,,60,14:20,2025-05-07 08:33:21.284116,2025-05-07 08:33:21.284116
264566,136,2021-04-05,11.3,0,8.4,04:21,14.2,10:47,32,1.7,4.4,18:40,85,98,,76,10:40,2025-05-07 08:33:21.349017,2025-05-07 08:33:21.349017
264584,136,2021-04-06,13.6,0,7.9,06:41,19.3,15:27,27,1.7,6.1,22:00,77,98,00:00,58,11:00,2025-05-07 08:33:21.430729,2025-05-07 08:33:21.430729
264602,136,2021-04-07,15,0,10.9,01:28,19.1,12:27,30,1.7,6.1,03:30,81,96,20:00,60,09:30,2025-05-07 08:33:21.513551,2025-05-07 08:33:21.513551
264620,136,2021-04-08,15.8,0,10.8,03:33,20.9,11:09,32,2.5,5.8,12:20,74,97,00:50,53,11:10,2025-05-07 08:33:21.617538,2025-05-07 08:33:21.617538
264638,136,2021-04-09,15.9,0,11.1,06:55,20.7,14:07,34,3.1,6.4,15:20,70,98,,58,10:20,2025-05-07 08:33:21.704715,2025-05-07 08:33:21.704715
264656,136,2021-04-10,15,0,9.7,05:05,20.3,11:46,31,1.7,5.8,00:30,72,98,,42,07:50,2025-05-07 08:33:21.793509,2025-05-07 08:33:21.793509
264674,136,2021-04-11,16.8,0,12,04:47,21.5,15:11,26,1.4,5.6,20:40,59,79,08:50,39,20:30,2025-05-07 08:33:21.874647,2025-05-07 08:33:21.874647
264692,136,2021-04-12,17.2,0,11,04:14,23.3,14:25,8,1.7,5,14:00,60,97,05:10,44,14:50,2025-05-07 08:33:21.965726,2025-05-07 08:33:21.965726
264708,136,2021-04-13,18.3,0,12.9,22:49,23.7,15:17,24,1.7,6.4,20:10,58,86,19:50,48,10:10,2025-05-07 08:33:22.040988,2025-05-07 08:33:22.040988
264725,136,2021-04-14,16.4,4.4,12.2,,20.7,13:36,33,3.9,7.8,17:10,88,100,,69,,2025-05-07 08:33:22.112637,2025-05-07 08:33:22.112637
264743,136,2021-04-15,13.3,4,10.7,04:12,15.9,13:28,34,3.3,8.9,15:40,90,100,,83,18:00,2025-05-07 08:33:22.213885,2025-05-07 08:33:22.213885
264761,136,2021-04-16,13.8,5.4,11.1,04:53,16.5,14:14,34,3.6,9.2,05:50,99,100,,79,14:50,2025-05-07 08:33:22.293086,2025-05-07 08:33:22.293086
264779,136,2021-04-17,14.6,0,10.9,,18.4,14:19,36,1.7,9.7,01:20,87,100,,63,14:20,2025-05-07 08:33:22.367299,2025-05-07 08:33:22.367299
264797,136,2021-04-18,14.4,0,10.2,23:59,18.6,14:03,4,1.7,5.8,02:30,79,98,00:00,65,13:30,2025-05-07 08:33:22.438622,2025-05-07 08:33:22.438622
264814,136,2021-04-19,15.3,0,9,02:08,21.6,15:14,14,1.4,6.7,20:40,81,99,,31,23:59,2025-05-07 08:33:22.497939,2025-05-07 08:33:22.497939
264832,136,2021-04-20,15.8,0,11,20:46,20.7,11:49,36,1.9,6.7,15:50,50,95,23:20,17,01:50,2025-05-07 08:33:22.574238,2025-05-07 08:33:22.574238
264850,136,2021-04-21,15.2,0,10.2,06:20,20.1,13:16,36,2.5,6.1,13:30,83,98,06:50,41,23:40,2025-05-07 08:33:22.643901,2025-05-07 08:33:22.643901
264868,136,2021-04-22,15.2,0,9.8,03:12,20.5,10:39,33,1.9,6.7,16:30,80,100,06:40,43,23:59,2025-05-07 08:33:22.740070,2025-05-07 08:33:22.740070
264886,136,2021-04-23,16.2,0.4,10.7,04:54,21.6,13:22,28,3.3,7.2,05:10,80,99,23:50,41,00:00,2025-05-07 08:33:22.815591,2025-05-07 08:33:22.815591
264904,136,2021-04-24,14.4,1.4,10.9,05:06,18,11:15,32,1.9,7.5,10:10,87,100,,65,11:30,2025-05-07 08:33:22.912672,2025-05-07 08:33:22.912672
264922,136,2021-04-25,13.4,0.2,9.9,06:12,17,10:08,10,1.4,6.1,10:50,95,100,,72,08:40,2025-05-07 08:33:23.003471,2025-05-07 08:33:23.003471
264940,136,2021-04-26,13.7,3.4,9.9,06:23,17.5,10:02,6,1.4,5,12:00,94,100,,72,08:00,2025-05-07 08:33:23.086550,2025-05-07 08:33:23.086550
264958,136,2021-04-27,13.7,0,10.7,06:30,16.7,09:17,32,2.2,5.6,01:20,90,100,,75,14:00,2025-05-07 08:33:23.157602,2025-05-07 08:33:23.157602
264976,136,2021-04-28,14.6,0.2,11,03:49,18.3,10:11,28,0.8,4.7,11:00,90,100,23:50,64,10:00,2025-05-07 08:33:23.241382,2025-05-07 08:33:23.241382
264994,136,2021-04-29,13.6,11.4,10.2,01:48,17,08:45,31,1.1,5.3,16:50,93,100,,66,08:20,2025-05-07 08:33:23.322419,2025-05-07 08:33:23.322419
265012,136,2021-04-30,11.6,22.8,9.5,23:32,13.6,15:26,34,4.4,11.4,09:20,100,100,,97,,2025-05-07 08:33:23.400079,2025-05-07 08:33:23.400079
265030,136,2021-05-01,12.8,0.8,8.7,04:01,17,14:32,36,1.9,6.9,18:50,85,99,00:00,60,14:40,2025-05-07 08:33:23.498669,2025-05-07 08:33:23.498669
265048,136,2021-05-02,13.4,0,9.8,21:43,16.9,12:00,2,2.8,8.3,12:00,79,100,,60,12:50,2025-05-07 08:33:23.584391,2025-05-07 08:33:23.584391
265066,136,2021-05-03,12.8,5.6,9.5,02:32,16.1,13:01,34,2.5,10,16:20,87,100,,68,09:20,2025-05-07 08:33:23.654425,2025-05-07 08:33:23.654425
265084,136,2021-05-04,12.8,0,9.8,05:32,15.8,14:16,34,3.1,8.9,14:00,88,100,,69,14:20,2025-05-07 08:33:23.723782,2025-05-07 08:33:23.723782
265102,136,2021-05-05,12.2,0,9.3,04:13,15.1,12:37,31,2.5,8.1,00:40,92,100,,77,12:40,2025-05-07 08:33:23.814833,2025-05-07 08:33:23.814833
265120,136,2021-05-06,14.4,0,10,01:43,18.7,14:37,35,1.9,6.4,15:30,83,100,,66,12:30,2025-05-07 08:33:23.882255,2025-05-07 08:33:23.882255
265138,136,2021-05-07,15,0,10.1,06:02,20,12:09,34,1.7,5.6,17:30,89,100,23:50,70,11:30,2025-05-07 08:33:23.954992,2025-05-07 08:33:23.954992
265156,136,2021-05-08,14.3,0,10.2,04:58,18.4,14:04,33,4.2,10.6,13:40,74,100,,57,15:30,2025-05-07 08:33:24.020365,2025-05-07 08:33:24.020365
265174,136,2021-05-09,15.9,3.2,9.9,04:31,21.9,15:14,28,3.1,10.3,21:40,67,100,,55,12:00,2025-05-07 08:33:24.105657,2025-05-07 08:33:24.105657
265192,136,2021-05-10,15.4,0,11.6,00:01,19.1,13:55,3,1.7,6.4,22:00,79,100,,61,14:00,2025-05-07 08:33:24.167352,2025-05-07 08:33:24.167352
265210,136,2021-05-11,14.1,0,10.1,03:31,18.1,15:33,2,1.7,6.4,13:40,80,98,01:20,66,13:00,2025-05-07 08:33:24.239451,2025-05-07 08:33:24.239451
265228,136,2021-05-12,14.8,0.6,10.1,05:48,19.5,15:01,34,1.4,5,03:40,75,97,,44,17:30,2025-05-07 08:33:24.309083,2025-05-07 08:33:24.309083
265245,136,2021-05-13,12.8,4,10.5,01:15,15,12:49,32,2.2,9.2,16:00,93,100,,74,00:20,2025-05-07 08:33:24.384899,2025-05-07 08:33:24.384899
265262,136,2021-05-14,13.2,0.6,10.5,00:09,15.8,13:46,99,3.3,9.2,,96,100,,88,13:50,2025-05-07 08:33:24.453547,2025-05-07 08:33:24.453547
265279,136,2021-05-15,14.4,0,11.5,03:46,17.3,13:25,34,3.6,8.3,00:50,93,100,,77,16:30,2025-05-07 08:33:24.537407,2025-05-07 08:33:24.537407
265296,136,2021-05-16,17.9,0,11.3,06:10,24.5,11:21,10,1.7,9.4,21:20,66,100,,30,15:50,2025-05-07 08:33:24.622780,2025-05-07 08:33:24.622780
265313,136,2021-05-17,19.8,0,15.7,04:21,23.8,16:35,12,3.9,11.7,01:00,33,66,17:00,17,18:40,2025-05-07 08:33:24.691840,2025-05-07 08:33:24.691840
265331,136,2021-05-18,19,0,14.3,05:18,23.8,13:48,9,2.5,7.2,07:20,43,60,22:20,15,02:00,2025-05-07 08:33:24.773089,2025-05-07 08:33:24.773089
265349,136,2021-05-19,15.8,0.6,12.5,06:41,19.2,10:46,34,2.8,8.9,18:40,85,100,,51,04:30,2025-05-07 08:33:24.838703,2025-05-07 08:33:24.838703
265367,136,2021-05-20,18,0,11.4,04:39,24.5,14:55,8,1.7,7.5,23:30,80,100,,42,23:30,2025-05-07 08:33:24.920760,2025-05-07 08:33:24.920760
265385,136,2021-05-21,22.8,0,16.5,21:49,29.2,12:10,12,1.9,7.8,01:00,36,65,21:40,15,12:00,2025-05-07 08:33:25.023972,2025-05-07 08:33:25.023972
265403,136,2021-05-22,18,2.2,12.2,23:51,23.9,09:37,34,1.7,6.4,21:10,67,96,23:00,39,05:20,2025-05-07 08:33:25.122664,2025-05-07 08:33:25.122664
265421,136,2021-05-23,12.8,0.2,10.1,23:49,15.6,14:16,6,1.7,7.8,12:10,91,100,,75,16:00,2025-05-07 08:33:25.197274,2025-05-07 08:33:25.197274
265439,136,2021-05-24,13.2,1.4,10,04:04,16.5,15:36,2,2.5,8.3,15:20,86,98,,70,15:40,2025-05-07 08:33:25.279610,2025-05-07 08:33:25.279610
265457,136,2021-05-25,13.2,0.8,10.5,23:17,15.9,14:33,36,2.5,8.9,05:20,95,100,,83,,2025-05-07 08:33:25.350254,2025-05-07 08:33:25.350254
265475,136,2021-05-26,13.6,0,9.8,,17.5,15:05,34,2.8,8.1,11:40,87,100,,68,15:00,2025-05-07 08:33:25.419189,2025-05-07 08:33:25.419189
265493,136,2021-05-27,13.6,0,10.4,,16.8,15:08,34,2.8,6.4,15:40,84,99,04:20,69,15:10,2025-05-07 08:33:25.504663,2025-05-07 08:33:25.504663
265511,136,2021-05-28,14.7,0,11,04:43,18.4,11:30,36,1.9,6.1,11:50,85,99,,65,10:50,2025-05-07 08:33:25.588414,2025-05-07 08:33:25.588414
265529,136,2021-05-29,15.6,0,10.3,05:13,20.8,15:35,34,1.9,5.3,12:20,80,99,,59,14:10,2025-05-07 08:33:25.649104,2025-05-07 08:33:25.649104
265547,136,2021-05-30,16.2,1,11.8,,20.7,14:59,36,2.2,6.7,07:20,88,99,,65,14:30,2025-05-07 08:33:25.726747,2025-05-07 08:33:25.726747
265565,136,2021-05-31,14.8,0.2,10.7,,19,12:26,8,1.4,6.1,14:30,87,100,,72,12:40,2025-05-07 08:33:25.802051,2025-05-07 08:33:25.802051
265583,136,2021-06-01,15,0.4,9.9,01:06,20.1,15:15,35,1.9,5.8,13:10,81,100,,61,14:10,2025-05-07 08:33:25.872258,2025-05-07 08:33:25.872258
265601,136,2021-06-02,15.5,0.2,11.2,,19.8,12:28,1,1.9,5.8,12:20,75,99,06:30,59,12:30,2025-05-07 08:33:25.956740,2025-05-07 08:33:25.956740
265619,136,2021-06-03,16,2.6,11.3,00:01,20.6,10:36,34,1.4,7.5,20:40,87,99,,60,10:40,2025-05-07 08:33:26.041551,2025-05-07 08:33:26.041551
265637,136,2021-06-04,12.2,1.2,10.6,,13.9,13:37,1,2.5,8.3,11:30,96,100,,88,13:40,2025-05-07 08:33:26.120070,2025-05-07 08:33:26.120070
265655,136,2021-06-05,13.7,0,9.7,06:09,17.7,12:56,3,1.4,6.4,13:10,83,98,00:40,63,13:00,2025-05-07 08:33:26.195833,2025-05-07 08:33:26.195833
265673,136,2021-06-06,15.1,0,10.6,02:07,19.6,14:27,35,1.9,5.8,13:50,83,97,,63,13:20,2025-05-07 08:33:26.261898,2025-05-07 08:33:26.261898
265691,136,2021-06-07,18.2,0,12.3,03:53,24,15:01,14,1.9,7.5,19:00,82,100,,46,22:50,2025-05-07 08:33:26.345652,2025-05-07 08:33:26.345652
265709,136,2021-06-08,24.6,0,17.2,00:01,32.1,16:45,13,2.2,7.5,03:00,49,60,13:10,29,23:59,2025-05-07 08:33:26.435218,2025-05-07 08:33:26.435218
265727,136,2021-06-09,25,0,19.8,04:11,30.1,16:04,26,3.6,8.9,04:50,25,43,11:50,14,08:00,2025-05-07 08:33:26.514358,2025-05-07 08:33:26.514358
265745,136,2021-06-10,26.8,0,21.8,24:00,31.9,12:18,99,2.2,8.3,03:50,32,42,10:40,25,08:50,2025-05-07 08:33:26.597980,2025-05-07 08:33:26.597980
265763,136,2021-06-11,23.2,0,18.4,23:41,28,09:00,12,3.6,8.6,01:30,24,36,07:30,21,18:00,2025-05-07 08:33:26.679704,2025-05-07 08:33:26.679704
265780,136,2021-06-12,19.4,0,11.9,23:58,26.8,10:51,12,1.7,8.3,01:00,51,96,23:50,26,10:10,2025-05-07 08:33:26.759399,2025-05-07 08:33:26.759399
265798,136,2021-06-13,17.2,0.2,11.4,01:53,23.1,15:30,34,1.9,4.2,12:40,78,100,07:50,57,01:10,2025-05-07 08:33:26.833404,2025-05-07 08:33:26.833404
265816,136,2021-06-14,17.2,0,12.7,,21.7,14:27,34,2.2,6.4,23:00,79,100,,65,,2025-05-07 08:33:26.916441,2025-05-07 08:33:26.916441
265834,136,2021-06-15,17.1,0,12.2,04:51,22,14:38,28,3.1,9.2,22:30,77,97,,54,14:40,2025-05-07 08:33:27.015322,2025-05-07 08:33:27.015322
265851,136,2021-06-16,17.5,0,13,05:03,22,12:15,31,3.9,9.4,07:20,76,99,,56,11:30,2025-05-07 08:34:30.136423,2025-05-07 08:34:30.136423
265869,136,2021-06-17,17.4,6.4,13,04:43,21.9,13:37,35,3.6,8.1,14:20,79,99,,62,13:40,2025-05-07 08:34:30.259089,2025-05-07 08:34:30.259089
265887,136,2021-06-18,15.2,1.6,11.6,21:37,18.8,14:48,34,2.2,10.3,00:40,84,100,,65,17:40,2025-05-07 08:34:30.371366,2025-05-07 08:34:30.371366
265905,136,2021-06-19,14.4,0,10.6,02:02,18.2,12:37,36,2.5,8.6,09:00,78,98,,59,13:10,2025-05-07 08:34:30.466615,2025-05-07 08:34:30.466615
265923,136,2021-06-20,15.3,2.8,11.1,02:06,19.5,13:59,36,2.2,7.2,06:00,88,100,,63,13:40,2025-05-07 08:34:30.575846,2025-05-07 08:34:30.575846
265941,136,2021-06-21,15.6,1.6,11.6,21:58,19.7,15:08,33,2.2,6.4,18:50,97,100,,81,15:10,2025-05-07 08:34:30.725559,2025-05-07 08:34:30.725559
265959,136,2021-06-22,14.8,2.4,10.6,03:37,19,15:38,4,1.9,6.7,14:20,85,100,,63,16:30,2025-05-07 08:34:30.843612,2025-05-07 08:34:30.843612
265977,136,2021-06-23,14.4,2.2,11.3,02:25,17.6,11:13,36,1.9,8.6,23:20,96,99,,78,11:20,2025-05-07 08:34:30.933219,2025-05-07 08:34:30.933219
265995,136,2021-06-24,13.8,0,10.8,04:42,16.9,13:33,36,1.7,6.9,02:40,92,100,04:10,79,13:40,2025-05-07 08:34:31.014794,2025-05-07 08:34:31.014794
266013,136,2021-06-25,15.8,0,11.2,04:11,20.4,12:47,36,1.9,5.6,13:00,79,98,06:00,64,15:30,2025-05-07 08:34:31.112799,2025-05-07 08:34:31.112799
266031,136,2021-06-26,17.4,0,11.9,03:29,23,11:28,34,1.1,5,15:00,80,100,,62,11:30,2025-05-07 08:34:31.218156,2025-05-07 08:34:31.218156
266049,136,2021-06-27,17,0,11.4,00:54,22.6,12:09,36,1.7,5,15:00,84,100,07:00,33,01:10,2025-05-07 08:34:31.326489,2025-05-07 08:34:31.326489
266067,136,2021-06-28,16.3,0,11.8,04:55,20.8,15:11,35,1.9,5.3,12:00,84,99,,64,,2025-05-07 08:34:31.443673,2025-05-07 08:34:31.443673
266085,136,2021-06-29,16.4,0,12.1,23:57,20.7,16:03,27,2.2,5.8,22:10,84,99,,67,16:00,2025-05-07 08:34:31.559253,2025-05-07 08:34:31.559253
266103,136,2021-06-30,15.2,0,11.6,05:34,18.8,13:45,99,2.5,5.8,,90,100,07:40,76,13:40,2025-05-07 08:34:31.657153,2025-05-07 08:34:31.657153
266121,136,2021-07-01,16.7,0,10.8,06:36,22.6,13:59,29,1.4,4.2,15:10,76,100,,18,20:20,2025-05-07 08:34:31.730826,2025-05-07 08:34:31.730826
266139,136,2021-07-02,19.9,0,11.7,00:31,28.1,12:30,9,1.9,5.3,07:20,29,97,00:00,5,23:00,2025-05-07 08:34:31.816000,2025-05-07 08:34:31.816000
266157,136,2021-07-03,22.6,0,16.7,20:40,28.4,12:52,99,1.4,4.4,,33,54,20:20,6,00:00,2025-05-07 08:34:31.892239,2025-05-07 08:34:31.892239
266175,136,2021-07-04,22.7,0,17.8,07:18,27.6,13:31,5,1.1,5.6,10:10,43,66,18:30,14,00:00,2025-05-07 08:34:31.953557,2025-05-07 08:34:31.953557
266193,136,2021-07-05,22.4,0,18.2,09:18,26.7,,5,0.6,3.9,23:59,35,76,09:20,7,08:20,2025-05-07 08:34:32.029976,2025-05-07 08:34:32.029976
266211,136,2021-07-06,20.6,0,14.5,06:51,26.7,10:38,4,1.4,4.7,00:20,77,96,06:30,12,00:20,2025-05-07 08:34:32.091750,2025-05-07 08:34:32.091750
266229,136,2021-07-07,21.2,3.2,15.3,24:00,27.1,15:42,11,1.4,6.7,01:20,50,92,23:59,31,06:00,2025-05-07 08:34:32.163714,2025-05-07 08:34:32.163714
266247,136,2021-07-08,16,0.8,12.8,22:56,19.1,14:57,36,2.5,9.2,19:30,91,100,,74,15:00,2025-05-07 08:34:32.254167,2025-05-07 08:34:32.254167
266265,136,2021-07-09,15,1.8,12.1,03:49,17.9,13:38,33,3.9,9.2,06:00,93,100,,80,16:10,2025-05-07 08:34:32.361987,2025-05-07 08:34:32.361987
266283,136,2021-07-10,15.9,1,13.3,,18.5,14:11,29,3.6,8.1,06:10,100,100,,96,14:00,2025-05-07 08:34:32.444340,2025-05-07 08:34:32.444340
266301,136,2021-07-11,23.4,0,13.7,03:01,33,16:50,10,3.6,7.8,13:50,34,100,00:00,25,04:30,2025-05-07 08:34:32.539457,2025-05-07 08:34:32.539457
266319,136,2021-07-12,27.6,0,20.5,01:44,34.8,14:02,13,5,14.4,07:00,35,71,01:50,29,14:10,2025-05-07 08:34:32.614690,2025-05-07 08:34:32.614690
266337,136,2021-07-13,26.2,0,21.2,22:50,31.3,10:26,9,2.5,6.9,10:50,33,53,03:00,7,21:50,2025-05-07 08:34:32.688817,2025-05-07 08:34:32.688817
266355,136,2021-07-14,23.6,0,19.2,07:19,27.9,16:53,11,2.5,7.2,13:50,23,42,12:40,8,00:00,2025-05-07 08:34:32.766786,2025-05-07 08:34:32.766786
266372,136,2021-07-15,24.8,0,18.5,05:17,31.2,15:25,14,1.1,5.3,03:10,37,50,06:00,4,21:10,2025-05-07 08:34:32.853269,2025-05-07 08:34:32.853269
266390,136,2021-07-16,26.4,0,21.1,02:12,31.6,11:30,9,3.1,5.8,08:30,16,45,15:20,5,02:40,2025-05-07 08:34:32.957053,2025-05-07 08:34:32.957053
266408,136,2021-07-17,27.2,0,21,01:22,33.4,10:36,14,4.2,9.2,21:30,21,26,18:10,8,03:20,2025-05-07 08:34:33.075946,2025-05-07 08:34:33.075946
266426,136,2021-07-18,30.1,0,24.6,04:24,35.6,14:43,13,4.4,9.7,08:10,11,17,14:00,9,00:00,2025-05-07 08:34:33.191892,2025-05-07 08:34:33.191892
266444,136,2021-07-19,29.2,0,25,23:59,33.3,11:37,14,3.6,7.5,02:10,16,28,17:50,10,07:00,2025-05-07 08:34:33.279804,2025-05-07 08:34:33.279804
266462,136,2021-07-20,20,0,13.1,23:41,27,08:28,1,1.7,3.3,15:20,47,97,23:50,10,00:00,2025-05-07 08:34:33.382972,2025-05-07 08:34:33.382972
266480,136,2021-07-21,17.8,0,12.6,21:46,22.9,13:00,28,3.1,8.6,18:50,78,99,,57,13:00,2025-05-07 08:34:33.487793,2025-05-07 08:34:33.487793
266498,136,2021-07-22,18.8,0,12.5,04:11,25,15:04,28,4.4,10.3,07:30,74,97,03:50,32,23:00,2025-05-07 08:34:33.578523,2025-05-07 08:34:33.578523
266516,136,2021-07-23,18.4,0,13.2,05:43,23.7,14:09,36,2.5,6.4,20:50,70,90,20:20,30,21:30,2025-05-07 08:34:33.661378,2025-05-07 08:34:33.661378
266533,136,2021-07-24,21.6,0,16.3,07:40,26.8,17:12,12,1.1,6.4,01:50,47,84,07:50,16,23:40,2025-05-07 08:34:33.730456,2025-05-07 08:34:33.730456
266551,136,2021-07-25,24.6,0,20,23:21,29.3,14:28,13,1.7,6.1,02:30,28,59,10:10,10,04:50,2025-05-07 08:34:33.827882,2025-05-07 08:34:33.827882
266569,136,2021-07-26,21.1,2.2,16.3,20:13,25.9,15:49,2,1.7,6.1,07:50,58,98,23:30,35,00:00,2025-05-07 08:34:33.902663,2025-05-07 08:34:33.902663
266587,136,2021-07-27,16.9,1.6,13.7,05:56,20.1,16:07,36,2.2,7.2,04:00,89,99,,72,17:30,2025-05-07 08:34:34.003730,2025-05-07 08:34:34.003730
266605,136,2021-07-28,17.2,0.2,13.3,06:48,21,16:33,12,1.1,6.9,22:10,89,99,,68,23:50,2025-05-07 08:34:34.080350,2025-05-07 08:34:34.080350
266623,136,2021-07-29,18.8,0.2,14.3,,23.2,15:37,26,1.4,5,05:30,84,100,,67,00:00,2025-05-07 08:34:34.176348,2025-05-07 08:34:34.176348
266641,136,2021-07-30,19.4,0,13.8,00:57,25,15:16,11,1.4,5,23:20,61,98,00:00,12,23:30,2025-05-07 08:34:34.266749,2025-05-07 08:34:34.266749
266659,136,2021-07-31,21.5,0,15,21:04,28,14:14,13,1.9,7.5,22:50,45,90,21:00,11,00:10,2025-05-07 08:34:34.343872,2025-05-07 08:34:34.343872
266677,136,2021-08-01,17.8,0,13.9,06:48,21.6,12:17,10,1.4,7.5,00:40,79,93,23:10,47,02:00,2025-05-07 08:34:34.433768,2025-05-07 08:34:34.433768
266695,136,2021-08-02,18,0.8,13.2,06:10,22.7,15:05,35,1.9,5.8,15:40,80,97,23:50,62,14:50,2025-05-07 08:34:34.521784,2025-05-07 08:34:34.521784
266713,136,2021-08-03,17.5,4.8,14.1,20:28,20.9,15:52,34,2.5,6.1,09:40,86,99,,63,15:50,2025-05-07 08:34:34.628407,2025-05-07 08:34:34.628407
266730,136,2021-08-04,17.9,0,13.5,,22.3,17:05,1,1.9,6.4,14:50,78,97,,61,14:00,2025-05-07 08:34:34.731219,2025-05-07 08:34:34.731219
266748,136,2021-08-05,19.4,2.6,13.4,02:55,25.5,14:15,28,1.7,6.4,21:50,80,99,,60,12:40,2025-05-07 08:34:34.820757,2025-05-07 08:34:34.820757
266766,136,2021-08-06,19.3,0.6,14.7,21:31,23.9,13:48,26,2.2,6.1,01:20,80,100,,57,18:40,2025-05-07 08:34:34.934528,2025-05-07 08:34:34.934528
266784,136,2021-08-07,19.2,3.6,15.4,,23,14:42,34,1.7,5,15:40,84,99,,63,02:50,2025-05-07 08:34:35.045869,2025-05-07 08:34:35.045869
266802,136,2021-08-08,18.2,5.2,14.2,,22.2,15:13,34,1.7,6.4,09:30,80,100,,58,16:40,2025-05-07 08:34:35.154986,2025-05-07 08:34:35.154986
266820,136,2021-08-09,17.8,0.6,13.7,02:31,22,14:58,34,2.8,7.5,08:00,73,99,08:10,53,17:10,2025-05-07 08:34:35.247601,2025-05-07 08:34:35.247601
266838,136,2021-08-10,17.6,0.6,12.9,04:02,22.3,14:22,34,2.8,6.9,10:00,73,98,,55,15:50,2025-05-07 08:34:35.352361,2025-05-07 08:34:35.352361
266856,136,2021-08-11,18.4,0.6,14.2,,22.6,14:17,34,1.9,6.9,14:50,79,99,,62,14:20,2025-05-07 08:34:35.445880,2025-05-07 08:34:35.445880
266874,136,2021-08-12,18.2,0,13.2,02:51,23.1,14:08,36,1.9,6.4,13:00,76,96,23:50,63,11:50,2025-05-07 08:34:35.543653,2025-05-07 08:34:35.543653
266892,136,2021-08-13,21.2,0,14,04:57,28.4,23:08,11,1.4,5,18:20,70,98,,8,19:40,2025-05-07 08:34:35.645441,2025-05-07 08:34:35.645441
266910,136,2021-08-14,30.4,0,25.2,07:16,35.5,13:44,12,4.4,8.9,11:00,21,47,16:10,8,07:00,2025-05-07 08:34:35.751555,2025-05-07 08:34:35.751555
266928,136,2021-08-15,30.4,0,23.1,03:31,37.7,13:19,13,1.7,8.9,03:40,16,46,03:30,13,07:40,2025-05-07 08:34:35.855877,2025-05-07 08:34:35.855877
266946,136,2021-08-16,32.2,0,25.5,01:02,39,16:05,12,3.3,12.5,09:20,13,27,16:20,12,18:00,2025-05-07 08:34:35.938616,2025-05-07 08:34:35.938616
266964,136,2021-08-17,30.5,0,24.5,24:00,36.5,11:40,14,4.7,16.4,01:20,14,27,23:59,11,13:00,2025-05-07 08:34:36.027065,2025-05-07 08:34:36.027065
266982,136,2021-08-18,27.4,0,22,21:20,32.8,12:43,14,2.2,11.4,02:10,18,29,,16,11:50,2025-05-07 08:34:36.099215,2025-05-07 08:34:36.099215
267000,136,2021-08-19,26.2,0,21.2,23:49,31.1,10:15,10,1.7,5.6,13:50,18,34,22:10,12,07:00,2025-05-07 08:34:36.171633,2025-05-07 08:34:36.171633
267018,136,2021-08-20,23.8,0,18.5,04:42,29,13:37,10,4.2,8.6,11:20,31,57,19:10,15,07:00,2025-05-07 08:34:36.241745,2025-05-07 08:34:36.241745
267036,136,2021-08-21,25.2,0,20,24:00,30.3,15:48,99,3.6,8.6,,34,60,19:00,20,00:00,2025-05-07 08:34:36.313648,2025-05-07 08:34:36.313648
267054,136,2021-08-22,23.8,0,18.6,06:37,29,10:23,12,1.9,6.9,00:10,35,48,13:10,20,09:50,2025-05-07 08:34:36.381347,2025-05-07 08:34:36.381347
267072,136,2021-08-23,19,0,13.7,,24.2,14:38,2,1.9,5.8,15:00,75,95,07:10,38,00:00,2025-05-07 08:34:36.464003,2025-05-07 08:34:36.464003
267090,136,2021-08-24,18.8,0,14.7,05:19,23,13:46,33,2.5,6.1,14:10,78,97,,62,13:50,2025-05-07 08:34:36.559324,2025-05-07 08:34:36.559324
267108,136,2021-08-25,19.2,0,14.3,23:16,24.2,14:18,34,1.4,5.8,15:50,71,98,07:30,55,,2025-05-07 08:34:36.630204,2025-05-07 08:34:36.630204
267126,136,2021-08-26,19.8,0,13.2,06:56,26.3,15:47,11,0.8,5.3,23:00,72,98,07:10,52,15:40,2025-05-07 08:34:36.703582,2025-05-07 08:34:36.703582
267144,136,2021-08-27,21.6,0,14.6,,28.5,12:11,12,2.5,8.3,06:10,68,93,06:40,38,23:40,2025-05-07 08:34:36.791586,2025-05-07 08:34:36.791586
267162,136,2021-08-28,23,0,17.6,05:20,28.5,12:14,12,3.1,7.2,00:30,48,62,05:20,25,18:40,2025-05-07 08:34:36.858949,2025-05-07 08:34:36.858949
267180,136,2021-08-29,22.8,0,17.7,23:31,28,09:57,11,1.7,4.2,05:00,57,79,18:50,23,08:50,2025-05-07 08:34:36.943404,2025-05-07 08:34:36.943404
267197,136,2021-08-30,21,0,15.5,23:55,26.4,14:16,13,1.7,6.4,12:00,62,93,23:30,35,00:00,2025-05-07 08:34:37.035805,2025-05-07 08:34:37.035805
267215,136,2021-08-31,19.8,0,15,02:44,24.5,14:56,31,2.2,6.1,14:10,76,96,02:50,60,12:20,2025-05-07 08:34:37.109790,2025-05-07 08:34:37.109790
267233,136,2021-09-01,20.6,0,15.7,04:09,25.5,12:07,35,2.2,6.1,12:50,81,95,,58,13:00,2025-05-07 08:34:37.176213,2025-05-07 08:34:37.176213
267251,136,2021-09-02,20.4,0,14.8,23:39,26.1,12:51,11,2.2,7.8,14:20,76,98,06:30,62,,2025-05-07 08:34:37.248448,2025-05-07 08:34:37.248448
267269,136,2021-09-03,20.3,0,13.3,06:02,27.3,14:24,11,2.8,6.1,12:50,68,97,06:00,25,,2025-05-07 08:34:37.313089,2025-05-07 08:34:37.313089
267287,136,2021-09-04,24.2,0,19.3,06:49,29,11:51,12,1.1,5,20:10,51,70,17:50,29,08:50,2025-05-07 08:34:37.388122,2025-05-07 08:34:37.388122
267305,136,2021-09-05,21.7,0,15.7,07:00,27.7,15:20,12,1.4,6.4,23:00,75,97,07:20,56,00:00,2025-05-07 08:34:37.473163,2025-05-07 08:34:37.473163
267323,136,2021-09-06,22.4,0,16.8,04:58,28.1,10:56,12,1.1,5.8,11:10,68,89,23:20,50,11:00,2025-05-07 08:34:37.552798,2025-05-07 08:34:37.552798
267341,136,2021-09-07,23,0,17.2,06:56,28.8,13:08,99,1.9,3.9,,75,97,07:10,15,23:40,2025-05-07 08:34:37.646879,2025-05-07 08:34:37.646879
267359,136,2021-09-08,25.2,0,20.7,22:51,29.8,13:36,99,2.5,6.7,12:50,46,63,17:50,13,00:10,2025-05-07 08:34:37.732842,2025-05-07 08:34:37.732842
267377,136,2021-09-09,25,0,20.8,00:01,29.3,16:54,11,3.1,6.7,13:50,35,56,15:50,18,22:50,2025-05-07 08:34:37.820560,2025-05-07 08:34:37.820560
267395,136,2021-09-10,25,0,20.2,07:02,29.8,10:51,12,3.6,6.7,,51,77,17:00,14,21:40,2025-05-07 08:34:37.916781,2025-05-07 08:34:37.916781
267413,136,2021-09-11,29.1,0,22.4,24:00,35.8,12:21,12,3.6,8.3,07:20,24,41,16:40,13,07:00,2025-05-07 08:34:38.006589,2025-05-07 08:34:38.006589
267431,136,2021-09-12,22.2,0,16.5,23:55,28,14:03,14,2.2,11.9,07:40,56,95,21:00,31,00:00,2025-05-07 08:34:38.092177,2025-05-07 08:34:38.092177
267449,136,2021-09-13,21,0,15.6,06:24,26.3,14:49,10,1.7,6.1,13:40,77,96,06:50,59,13:00,2025-05-07 08:34:38.191278,2025-05-07 08:34:38.191278
267467,136,2021-09-14,19.2,0.4,14.6,23:55,23.7,10:14,34,2.5,6.7,16:10,89,98,,64,10:10,2025-05-07 08:34:38.301755,2025-05-07 08:34:38.301755
267485,136,2021-09-15,19.2,3.4,14.1,02:33,24.3,14:28,33,2.2,7.8,14:50,79,97,09:10,63,14:50,2025-05-07 08:34:38.413671,2025-05-07 08:34:38.413671
267503,136,2021-09-16,18.2,6.4,15.3,23:08,21,13:31,3,1.9,7.2,21:10,90,99,,75,13:20,2025-05-07 08:34:38.493082,2025-05-07 08:34:38.493082
267521,136,2021-09-17,18.6,2.6,14.7,06:03,22.6,15:54,99,1.9,8.1,,90,99,,64,15:40,2025-05-07 08:34:38.566187,2025-05-07 08:34:38.566187
267539,136,2021-09-18,18,0.2,13.6,06:25,22.4,12:36,9,2.5,6.9,00:40,90,100,,69,12:20,2025-05-07 08:34:38.685638,2025-05-07 08:34:38.685638
267557,136,2021-09-19,17.8,0,14,03:54,21.6,15:49,8,1.7,6.1,11:40,89,100,,73,15:50,2025-05-07 08:34:38.746178,2025-05-07 08:34:38.746178
267575,136,2021-09-20,17.8,0.2,13.9,02:48,21.6,15:44,36,2.2,6.4,09:40,80,97,,59,12:10,2025-05-07 08:34:38.803445,2025-05-07 08:34:38.803445
267593,136,2021-09-21,17.2,0.2,14.3,02:26,20.2,13:31,34,1.9,6.7,21:30,85,98,20:50,70,12:20,2025-05-07 08:34:38.859285,2025-05-07 08:34:38.859285
267610,136,2021-09-22,18,0,14,01:56,22,13:04,33,2.2,6.4,13:00,81,97,,60,13:10,2025-05-07 08:34:38.914350,2025-05-07 08:34:38.914350
267627,136,2021-09-23,17.4,0,13.5,02:49,21.3,11:01,34,2.2,6.7,13:40,81,97,,59,16:20,2025-05-07 08:34:38.969326,2025-05-07 08:34:38.969326
267645,136,2021-09-24,17.1,0,12.9,02:06,21.3,15:30,1,1.7,5,16:30,81,96,00:00,50,16:30,2025-05-07 08:34:39.024884,2025-05-07 08:34:39.024884
267663,136,2021-09-25,17.2,0,12.3,05:07,22,11:31,13,2.8,9.2,23:20,88,99,21:50,65,11:00,2025-05-07 08:34:39.084196,2025-05-07 08:34:39.084196
267681,136,2021-09-26,19.7,0,13.2,06:49,26.2,13:41,12,1.9,8.6,01:40,79,100,,33,23:40,2025-05-07 08:34:39.140838,2025-05-07 08:34:39.140838
267699,136,2021-09-27,24.9,0,19.6,00:44,30.2,13:04,11,2.8,5.3,,41,67,17:50,22,09:50,2025-05-07 08:34:39.207289,2025-05-07 08:34:39.207289
267717,136,2021-09-28,20.6,0.4,15.2,19:17,26,09:56,12,1.9,5.6,11:10,60,94,,20,02:20,2025-05-07 08:34:39.269763,2025-05-07 08:34:39.269763
267735,136,2021-09-29,16.5,2.4,14.4,22:15,18.6,14:38,2,1.9,10.3,08:20,93,99,,80,14:20,2025-05-07 08:34:39.333114,2025-05-07 08:34:39.333114
267752,136,2021-09-30,18.8,0,14.2,,23.5,23:37,13,1.4,5.6,23:50,90,100,08:20,28,23:59,2025-05-07 08:34:39.406551,2025-05-07 08:34:39.406551
267770,136,2021-10-01,28.3,0,21.9,23:55,34.7,10:40,13,4.4,8.1,06:30,15,43,16:00,12,10:00,2025-05-07 08:34:39.479575,2025-05-07 08:34:39.479575
267786,136,2021-10-02,26.6,0,20.9,23:30,32.2,09:57,10,3.6,7.8,13:30,18,33,00:00,12,22:50,2025-05-07 08:34:39.558371,2025-05-07 08:34:39.558371
267803,136,2021-10-03,21.4,0,13.9,21:56,29,10:45,2,1.7,5,05:40,46,96,23:20,10,00:00,2025-05-07 08:34:39.651824,2025-05-07 08:34:39.651824
267820,136,2021-10-04,16,6,13.2,21:48,18.7,12:25,1,2.5,10.3,12:40,96,99,14:40,90,02:40,2025-05-07 08:34:39.723847,2025-05-07 08:34:39.723847
267838,136,2021-10-05,16.4,0,12.7,04:15,20,14:09,1,1.7,5.6,03:20,84,98,,65,15:20,2025-05-07 08:34:39.797813,2025-05-07 08:34:39.797813
267856,136,2021-10-06,17.2,0,12.7,23:55,21.7,11:15,36,1.4,5,13:20,84,99,23:20,65,11:00,2025-05-07 08:34:39.903189,2025-05-07 08:34:39.903189
267874,136,2021-10-07,19.2,0,12.6,04:49,25.9,10:15,11,1.1,5.6,12:40,58,99,,20,08:50,2025-05-07 08:34:39.961215,2025-05-07 08:34:39.961215
267892,136,2021-10-08,18.6,0,13.1,03:52,24,14:07,8,1.1,3.6,11:30,82,100,,44,20:40,2025-05-07 08:34:40.044861,2025-05-07 08:34:40.044861
267910,136,2021-10-09,17.1,0,13.7,00:52,20.5,14:54,33,1.9,5.8,19:50,83,97,22:30,68,14:50,2025-05-07 08:34:40.102114,2025-05-07 08:34:40.102114
267928,136,2021-10-10,17.8,0,14.3,07:10,21.4,15:10,33,2.8,6.7,15:30,85,99,,61,14:30,2025-05-07 08:34:40.160675,2025-05-07 08:34:40.160675
267946,136,2021-10-11,17.2,0,12.8,20:44,21.5,13:52,36,2.2,6.4,11:50,75,95,,58,14:50,2025-05-07 08:34:40.217528,2025-05-07 08:34:40.217528
267964,136,2021-10-12,16.4,0,12.8,02:13,20,10:36,99,1.7,5.8,14:40,81,95,,64,10:10,2025-05-07 08:34:40.273712,2025-05-07 08:34:40.273712
267982,136,2021-10-13,16.5,0,12.9,02:40,20.1,10:32,35,1.9,6.4,11:00,86,97,,65,10:30,2025-05-07 08:34:40.335082,2025-05-07 08:34:40.335082
268000,136,2021-10-14,18,0,13,00:54,22.9,14:32,9,1.7,6.9,09:50,81,98,,59,11:40,2025-05-07 08:34:40.394871,2025-05-07 08:34:40.394871
268017,136,2021-10-15,18.4,0,12.9,02:49,23.8,12:51,11,1.9,5.8,,83,100,,60,12:10,2025-05-07 08:34:40.461715,2025-05-07 08:34:40.461715
268034,136,2021-10-16,21.4,0,14.3,02:45,28.6,14:53,13,3.9,8.9,10:50,49,83,02:40,26,23:20,2025-05-07 08:34:40.530732,2025-05-07 08:34:40.530732
268051,136,2021-10-17,26.2,0,21.3,06:08,31,13:29,10,2.5,6.9,14:40,21,32,08:00,17,13:00,2025-05-07 08:34:40.622574,2025-05-07 08:34:40.622574
268068,136,2021-10-18,24.4,0,19.5,22:00,29.2,11:51,9,1.1,5.6,13:20,22,36,17:20,16,18:00,2025-05-07 08:34:40.700483,2025-05-07 08:34:40.700483
268086,136,2021-10-19,24.1,0,19,03:27,29.2,15:06,8,3.1,6.1,13:20,24,48,16:10,8,22:30,2025-05-07 08:34:40.782931,2025-05-07 08:34:40.782931
268104,136,2021-10-20,22.7,0,17.6,04:31,27.8,15:24,12,3.9,7.8,09:00,34,58,16:30,18,00:00,2025-05-07 08:34:40.881580,2025-05-07 08:34:40.881580
268122,136,2021-10-21,19.8,0,14.5,22:05,25.2,15:22,10,1.9,6.4,03:40,60,95,22:30,31,09:10,2025-05-07 08:34:40.969531,2025-05-07 08:34:40.969531
268140,136,2021-10-22,15.8,7.8,12.9,20:49,18.7,13:19,34,1.7,7.2,18:50,86,99,08:50,66,13:20,2025-05-07 08:34:41.042667,2025-05-07 08:34:41.042667
268158,136,2021-10-23,14.2,4.2,12.3,22:43,16.2,14:33,3,2.2,7.5,04:00,93,100,,76,14:40,2025-05-07 08:34:41.148740,2025-05-07 08:34:41.148740
268176,136,2021-10-24,15,0,12.2,03:48,17.9,13:09,99,1.4,5,,88,98,,74,13:00,2025-05-07 08:34:41.230495,2025-05-07 08:34:41.230495
268194,136,2021-10-25,15.4,1,11.9,07:02,19,14:23,36,1.9,7.5,15:40,92,99,,70,11:00,2025-05-07 08:34:41.315519,2025-05-07 08:34:41.315519
268212,136,2021-10-26,15,5,12.5,23:51,17.5,12:23,2,1.9,8.6,06:40,94,100,,81,13:30,2025-05-07 08:34:41.390901,2025-05-07 08:34:41.390901
268230,136,2021-10-27,15.7,0.2,12.1,23:24,19.3,14:36,34,1.7,6.9,03:40,89,100,,55,14:20,2025-05-07 08:34:41.468009,2025-05-07 08:34:41.468009
268248,136,2021-10-28,15.1,0.2,11.8,19:01,18.4,15:29,35,2.2,7.2,11:40,87,100,10:20,56,15:40,2025-05-07 08:34:41.557305,2025-05-07 08:34:41.557305
268266,136,2021-10-29,15.4,0.2,10.5,23:46,20.3,13:56,7,1.7,5.8,13:10,80,98,23:50,44,20:40,2025-05-07 08:34:41.647007,2025-05-07 08:34:41.647007
268284,136,2021-10-30,16,0,9.7,07:26,22.2,14:43,15,1.9,6.4,09:50,82,100,,34,23:00,2025-05-07 08:34:41.753895,2025-05-07 08:34:41.753895
268302,136,2021-10-31,18.4,0,12.6,04:28,24.2,14:56,10,1.4,7.2,10:10,44,75,17:30,13,23:00,2025-05-07 08:34:41.853338,2025-05-07 08:34:41.853338
268320,136,2021-11-01,16.2,0.2,10.9,22:36,21.5,13:39,12,2.8,7.8,10:10,84,100,07:50,8,01:40,2025-05-07 08:34:41.952122,2025-05-07 08:34:41.952122
268338,136,2021-11-02,16.6,0,11.4,02:24,21.9,15:36,13,3.9,8.3,12:00,86,100,,64,15:40,2025-05-07 08:34:42.045840,2025-05-07 08:34:42.045840
268356,136,2021-11-03,16.2,0,12.6,07:20,19.8,10:33,34,1.7,5.6,13:50,86,97,,62,15:10,2025-05-07 08:34:42.151989,2025-05-07 08:34:42.151989
268374,136,2021-11-04,14.6,18,12.2,21:48,17,12:18,36,1.4,6.7,10:20,97,100,,84,01:10,2025-05-07 08:34:42.246871,2025-05-07 08:34:42.246871
268392,136,2021-11-05,14,1.2,11.4,19:47,16.5,14:37,3,3.1,8.3,23:20,92,100,,69,14:40,2025-05-07 08:34:42.321669,2025-05-07 08:34:42.321669
268410,136,2021-11-06,12.6,0.2,10.8,01:02,14.5,14:41,4,1.7,7.5,08:00,89,99,00:00,76,14:20,2025-05-07 08:34:42.437440,2025-05-07 08:34:42.437440
268428,136,2021-11-07,12.8,0.2,10.7,,14.8,14:29,9,1.7,7.2,00:40,90,98,,68,14:30,2025-05-07 08:34:42.528898,2025-05-07 08:34:42.528898
268446,136,2021-11-08,13.9,0,10.4,06:46,17.4,16:04,13,2.5,8.1,02:20,84,95,,66,15:20,2025-05-07 08:34:42.629811,2025-05-07 08:34:42.629811
268464,136,2021-11-09,13.8,0,9.7,01:22,18,15:32,11,1.9,7.2,11:40,82,97,,65,13:30,2025-05-07 08:34:42.711279,2025-05-07 08:34:42.711279
268482,136,2021-11-10,13.5,0,9.6,03:23,17.4,13:33,13,3.1,8.6,11:20,86,99,,70,15:50,2025-05-07 08:34:42.795006,2025-05-07 08:34:42.795006
268500,136,2021-11-11,14.2,0,11.2,21:23,17.2,14:13,13,3.9,10.6,10:30,87,99,,71,14:30,2025-05-07 08:34:42.863323,2025-05-07 08:34:42.863323
268518,136,2021-11-12,14.9,2.6,11.6,04:52,18.2,11:44,9,1.7,6.4,10:40,87,99,,64,10:50,2025-05-07 08:34:42.932583,2025-05-07 08:34:42.932583
268536,136,2021-11-13,13.5,0,10.4,07:46,16.6,13:22,3,1.1,7.8,02:00,87,99,,69,15:20,2025-05-07 08:34:43.033825,2025-05-07 08:34:43.033825
268554,136,2021-11-14,13.5,0,10.5,23:08,16.5,12:05,99,1.7,3.9,12:50,86,98,,69,13:30,2025-05-07 08:34:43.119408,2025-05-07 08:34:43.119408
268572,136,2021-11-15,13.4,0,9.2,06:15,17.6,15:20,10,3.1,8.3,11:40,85,100,,65,14:40,2025-05-07 08:34:43.205780,2025-05-07 08:34:43.205780
268590,136,2021-11-16,14.5,0,10.2,02:32,18.8,14:22,9,1.7,5,11:00,89,100,,60,10:10,2025-05-07 08:34:43.296986,2025-05-07 08:34:43.296986
268607,136,2021-11-17,13.6,0,10.5,07:01,16.7,13:35,4,0.6,6.4,14:10,80,97,,61,13:40,2025-05-07 08:34:43.380351,2025-05-07 08:34:43.380351
268624,136,2021-11-18,13.7,0,9.7,07:40,17.7,13:04,7,2.5,6.7,13:20,77,98,01:20,56,11:50,2025-05-07 08:34:43.492220,2025-05-07 08:34:43.492220
268641,136,2021-11-19,13,0,9.6,04:40,16.3,10:50,34,1.7,4.7,10:10,87,99,01:00,68,11:00,2025-05-07 08:34:43.602571,2025-05-07 08:34:43.602571
268658,136,2021-11-20,14.4,0,10.1,01:09,18.8,11:40,12,1.7,6.1,23:20,84,98,21:00,51,11:10,2025-05-07 08:34:43.699552,2025-05-07 08:34:43.699552
268675,136,2021-11-21,15.6,0,10.4,04:27,20.7,14:39,13,1.1,6.4,01:50,72,90,19:50,51,09:30,2025-05-07 08:34:43.795479,2025-05-07 08:34:43.795479
268692,136,2021-11-22,16.9,0,13.8,23:56,20,10:49,24,0.8,5.6,02:40,89,99,,63,00:20,2025-05-07 08:34:43.896419,2025-05-07 08:34:43.896419
268709,136,2021-11-23,15.9,0,12.8,05:55,19,11:01,36,1.1,4.2,13:10,94,100,,77,11:00,2025-05-07 08:34:43.984691,2025-05-07 08:34:43.984691
268726,136,2021-11-24,15.8,1.4,11.9,06:27,19.8,10:46,11,2.8,7.5,12:30,91,100,,62,10:40,2025-05-07 08:34:44.069589,2025-05-07 08:34:44.069589
268744,136,2021-11-25,12.2,1.2,10.8,23:55,13.5,15:20,11,2.2,10.6,09:40,97,100,,91,17:10,2025-05-07 08:34:44.147866,2025-05-07 08:34:44.147866
268762,136,2021-11-26,11.4,21.8,8.9,20:03,14,09:47,28,1.4,17.2,10:40,99,100,,91,09:40,2025-05-07 08:34:44.240643,2025-05-07 08:34:44.240643
268780,136,2021-11-27,10.1,9.6,8,02:39,12.2,12:59,34,4.2,11.9,13:50,100,100,,96,13:30,2025-05-07 08:34:44.322173,2025-05-07 08:34:44.322173
268798,136,2021-11-28,11.3,14.4,9.8,22:43,12.8,11:55,36,4.2,12.2,09:50,100,100,,100,,2025-05-07 08:34:44.405370,2025-05-07 08:34:44.405370
268816,136,2021-11-29,10.5,2.6,9.1,05:23,11.9,14:48,4,2.5,10,12:20,97,100,,85,10:20,2025-05-07 08:34:44.477332,2025-05-07 08:34:44.477332
268834,136,2021-11-30,12.6,0,9.4,04:50,15.8,14:10,9,2.2,6.4,12:40,89,99,,61,14:00,2025-05-07 08:34:44.581860,2025-05-07 08:34:44.581860
268852,136,2021-12-01,12.5,0,9.1,07:31,15.9,16:10,99,2.5,8.1,21:50,84,99,,59,15:30,2025-05-07 08:34:44.664538,2025-05-07 08:34:44.664538
268870,136,2021-12-02,12,4.6,9.9,05:30,14.1,13:44,36,2.5,9.2,14:20,93,100,,73,11:40,2025-05-07 08:34:44.740362,2025-05-07 08:34:44.740362
268888,136,2021-12-03,11,4.2,9.6,19:23,12.3,12:29,8,2.8,10.6,12:00,98,100,,87,14:20,2025-05-07 08:34:44.851750,2025-05-07 08:34:44.851750
268906,136,2021-12-04,11.6,0,9.3,22:20,13.9,13:19,13,5.3,13.6,12:10,78,100,,57,14:10,2025-05-07 08:34:44.951044,2025-05-07 08:34:44.951044
268924,136,2021-12-05,11.8,0.2,9,01:12,14.6,13:47,10,3.1,9.2,18:10,92,100,,74,13:50,2025-05-07 08:34:45.050239,2025-05-07 08:34:45.050239
268942,136,2021-12-06,11.7,0,10,07:44,13.4,14:05,99,3.9,7.5,,96,100,,86,14:10,2025-05-07 08:34:45.154171,2025-05-07 08:34:45.154171
268960,136,2021-12-07,13.1,0,8.6,03:36,17.6,15:00,12,2.8,6.7,,55,100,,30,10:20,2025-05-07 08:34:45.236454,2025-05-07 08:34:45.236454
268978,136,2021-12-08,12.2,14.2,10.1,20:46,14.4,12:33,14,1.7,7.8,01:00,94,100,,83,12:20,2025-05-07 08:34:45.321758,2025-05-07 08:34:45.321758
268996,136,2021-12-09,10.8,22.8,9.6,22:27,12,05:31,6,3.1,11.9,21:50,100,100,,97,00:00,2025-05-07 08:34:45.427127,2025-05-07 08:34:45.427127
269014,136,2021-12-10,11.8,0.6,9.4,24:00,14.1,15:01,10,3.9,10.6,05:40,99,100,,85,16:10,2025-05-07 08:34:45.504386,2025-05-07 08:34:45.504386
269032,136,2021-12-11,12.2,0.2,9.1,00:36,15.3,14:19,12,1.9,7.2,12:30,92,100,,77,14:20,2025-05-07 08:34:45.591705,2025-05-07 08:34:45.591705
269050,136,2021-12-12,12.2,0.2,9.9,22:44,14.6,13:10,12,2.2,5.8,22:40,91,100,,84,13:10,2025-05-07 08:34:45.685818,2025-05-07 08:34:45.685818
269068,136,2021-12-13,13,0,7.1,04:19,18.9,16:17,12,1.7,7.8,23:59,86,100,,36,23:59,2025-05-07 08:36:29.696993,2025-05-07 08:36:29.696993
269086,136,2021-12-14,14.4,0,10.1,,18.6,11:35,14,2.2,8.3,00:10,66,98,,33,00:30,2025-05-07 08:36:29.766968,2025-05-07 08:36:29.766968
269104,136,2021-12-15,10.2,1,8,23:51,12.5,12:53,28,1.7,4.7,02:30,93,100,09:30,77,23:10,2025-05-07 08:36:29.838246,2025-05-07 08:36:29.838246
269122,136,2021-12-16,10.9,0,7.4,01:46,14.4,13:29,11,0.8,3.3,01:00,83,98,01:20,62,10:20,2025-05-07 08:36:29.902815,2025-05-07 08:36:29.902815
269140,136,2021-12-17,13.4,0,9.1,06:05,17.6,14:28,13,1.4,7.2,23:00,65,86,18:20,34,23:50,2025-05-07 08:36:29.980145,2025-05-07 08:36:29.980145
269158,136,2021-12-18,14.1,0,9.8,04:27,18.4,13:39,99,2.2,6.9,,63,97,19:00,30,08:00,2025-05-07 08:36:30.071825,2025-05-07 08:36:30.071825
269176,136,2021-12-19,15.2,0,10.6,00:06,19.8,17:20,23,1.7,9.2,04:30,81,93,08:00,53,03:00,2025-05-07 08:36:30.170908,2025-05-07 08:36:30.170908
269194,136,2021-12-20,16.1,0,12.1,07:36,20.1,15:33,12,1.9,6.9,10:20,62,93,18:50,43,05:30,2025-05-07 08:36:30.248534,2025-05-07 08:36:30.248534
269212,136,2021-12-21,17.4,0,12.6,23:42,22.2,13:45,24,1.9,14.2,10:00,51,84,23:40,38,13:30,2025-05-07 08:36:30.352396,2025-05-07 08:36:30.352396
269230,136,2021-12-22,14.5,0,11.3,07:57,17.7,11:39,12,1.7,7.5,09:50,87,99,20:40,71,05:20,2025-05-07 08:36:30.447501,2025-05-07 08:36:30.447501
269248,136,2021-12-23,16,0,12.2,05:34,19.8,17:22,21,1.1,6.9,22:20,61,88,15:30,33,23:50,2025-05-07 08:36:30.545993,2025-05-07 08:36:30.545993
269266,136,2021-12-24,15,0,11.2,08:31,18.9,13:42,11,1.9,4.7,13:00,72,97,,30,00:00,2025-05-07 08:36:30.639541,2025-05-07 08:36:30.639541
269284,136,2021-12-25,13.5,0,10.2,03:52,16.8,16:08,14,1.7,5.8,00:30,91,100,08:10,31,22:00,2025-05-07 08:36:30.746943,2025-05-07 08:36:30.746943
269302,136,2021-12-26,14.8,0.2,11,07:48,18.7,12:28,12,1.1,3.6,10:20,78,100,22:30,24,00:30,2025-05-07 08:36:30.833812,2025-05-07 08:36:30.833812
269320,136,2021-12-27,14,0.2,10.8,20:53,17.3,13:51,12,4.2,9.2,23:50,98,100,,82,15:30,2025-05-07 08:36:30.919889,2025-05-07 08:36:30.919889
269338,136,2021-12-28,15.4,0,10.5,07:59,20.3,15:32,12,3.3,8.9,04:50,90,100,,65,23:50,2025-05-07 08:36:30.998166,2025-05-07 08:36:30.998166
269356,136,2021-12-29,17.3,0,13.5,03:41,21.1,12:41,13,2.8,9.2,00:50,68,90,18:40,37,22:40,2025-05-07 08:36:31.093166,2025-05-07 08:36:31.093166
269374,136,2021-12-30,20.4,0,16.3,03:43,24.4,12:25,13,2.2,11.1,23:20,34,48,18:10,26,12:40,2025-05-07 08:36:31.171753,2025-05-07 08:36:31.171753
269392,136,2021-12-31,20.2,0,15.9,19:17,24.5,14:12,13,3.6,10.3,01:50,31,41,18:30,22,13:30,2025-05-07 08:36:31.289862,2025-05-07 08:36:31.289862
269410,136,2022-01-01,19.8,0,15.3,20:45,24.2,12:14,14,2.2,8.6,23:59,23,33,08:40,20,11:30,2025-05-07 08:36:31.370865,2025-05-07 08:36:31.370865
269428,136,2022-01-02,18.2,0,14.3,23:13,22,14:21,14,5.8,13.6,07:50,23,32,08:50,18,15:40,2025-05-07 08:36:31.472453,2025-05-07 08:36:31.472453
269446,136,2022-01-03,16.3,0,12.6,23:38,20,13:20,11,4.4,10.8,14:40,34,45,21:40,28,00:00,2025-05-07 08:36:31.558733,2025-05-07 08:36:31.558733
269464,136,2022-01-04,14.8,0,9.6,21:23,20,11:24,14,3.9,6.9,07:10,56,95,20:40,27,11:20,2025-05-07 08:36:31.657469,2025-05-07 08:36:31.657469
269482,136,2022-01-05,10.6,6.2,9,19:36,12.2,12:04,1,1.9,7.5,22:40,94,99,,37,02:40,2025-05-07 08:36:31.729135,2025-05-07 08:36:31.729135
269500,136,2022-01-06,10.2,18.8,8.8,01:22,11.7,14:29,36,2.2,8.3,15:00,99,100,,97,13:00,2025-05-07 08:36:31.797886,2025-05-07 08:36:31.797886
269518,136,2022-01-07,10.4,15.8,9.4,23:09,11.4,03:12,10,2.5,10.3,14:40,100,100,,100,,2025-05-07 08:36:31.864423,2025-05-07 08:36:31.864423
269536,136,2022-01-08,12.4,0.2,9.7,00:01,15.1,15:25,11,3.3,9.4,23:59,98,100,,45,23:50,2025-05-07 08:36:31.948179,2025-05-07 08:36:31.948179
269554,136,2022-01-09,14.2,0,11.8,17:59,16.7,12:15,13,8.3,18.6,08:50,33,54,03:30,22,13:50,2025-05-07 08:36:32.026786,2025-05-07 08:36:32.026786
269572,136,2022-01-10,12.6,0,9.5,08:10,15.8,13:56,99,5.8,14.7,,62,80,05:00,25,21:40,2025-05-07 08:36:32.090452,2025-05-07 08:36:32.090452
269590,136,2022-01-11,12.6,0,8.6,06:23,16.6,13:16,11,3.1,7.2,13:10,42,82,21:40,24,00:00,2025-05-07 08:36:32.154123,2025-05-07 08:36:32.154123
269608,136,2022-01-12,12.4,0,7.9,07:10,16.8,12:59,13,1.9,7.8,00:10,83,97,,46,00:10,2025-05-07 08:36:32.227763,2025-05-07 08:36:32.227763
269626,136,2022-01-13,14,0,9.4,00:03,18.6,13:20,15,2.2,9.7,22:50,48,79,00:00,25,20:50,2025-05-07 08:36:32.314251,2025-05-07 08:36:32.314251
269644,136,2022-01-14,16.2,0,12.3,00:31,20.2,14:19,14,5.8,21.1,23:00,27,34,06:40,22,23:10,2025-05-07 08:36:32.379227,2025-05-07 08:36:32.379227
269662,136,2022-01-15,14,0,11.5,08:34,16.6,11:53,13,6.9,19.7,00:30,34,43,,24,,2025-05-07 08:36:32.456284,2025-05-07 08:36:32.456284
269680,136,2022-01-16,13.4,0.8,8.8,06:44,17.9,13:29,14,5,18.3,22:30,43,60,,27,19:00,2025-05-07 08:36:32.527331,2025-05-07 08:36:32.527331
269698,136,2022-01-17,12.7,10,9,05:08,16.4,15:10,11,4.4,13.9,14:10,91,100,23:59,37,00:00,2025-05-07 08:36:32.617432,2025-05-07 08:36:32.617432
269716,136,2022-01-18,13.8,0,8.9,08:28,18.7,14:20,13,2.8,13.9,22:50,74,100,,49,10:10,2025-05-07 08:36:32.711363,2025-05-07 08:36:32.711363
269734,136,2022-01-19,15.8,0,11.9,03:21,19.7,14:30,12,6.1,18.1,23:10,41,56,01:00,31,20:20,2025-05-07 08:36:32.812686,2025-05-07 08:36:32.812686
269752,136,2022-01-20,16.2,0,12.7,18:48,19.7,13:09,13,5.3,19.2,05:20,38,64,18:40,23,12:10,2025-05-07 08:36:32.895394,2025-05-07 08:36:32.895394
269770,136,2022-01-21,15.8,0,11.1,23:59,20.4,12:02,12,1.4,7.5,01:40,66,98,,41,12:00,2025-05-07 08:36:32.971363,2025-05-07 08:36:32.971363
269788,136,2022-01-22,13.2,0.2,9.4,07:26,17.1,10:49,14,1.4,4.7,02:20,92,100,,70,11:00,2025-05-07 08:36:33.045707,2025-05-07 08:36:33.045707
269806,136,2022-01-23,14.8,0,10.6,08:10,19,13:24,33,1.4,4.7,15:00,78,96,19:00,58,12:00,2025-05-07 08:36:33.118528,2025-05-07 08:36:33.118528
269824,136,2022-01-24,14.2,5,11,,17.4,10:55,32,1.4,5,23:50,81,98,,65,10:50,2025-05-07 08:36:33.203522,2025-05-07 08:36:33.203522
269842,136,2022-01-25,10.2,9.8,8.5,,11.8,15:19,34,3.6,9.7,16:50,98,100,,90,15:40,2025-05-07 08:36:33.277215,2025-05-07 08:36:33.277215
269860,136,2022-01-26,10.4,28.8,8.4,22:49,12.3,14:52,34,3.3,12.2,04:40,100,100,,96,00:00,2025-05-07 08:36:33.349840,2025-05-07 08:36:33.349840
269878,136,2022-01-27,10.3,3.2,7.3,07:04,13.3,14:05,8,1.1,8.1,08:30,91,100,,79,14:50,2025-05-07 08:36:33.422313,2025-05-07 08:36:33.422313
269896,136,2022-01-28,10.8,0,6.7,05:04,15,13:08,11,2.2,5.8,10:40,79,98,,64,11:10,2025-05-07 08:36:33.507218,2025-05-07 08:36:33.507218
269914,136,2022-01-29,11.6,0.4,8.3,05:46,15,14:53,35,1.9,5.3,09:50,83,100,10:20,45,23:59,2025-05-07 08:36:33.579816,2025-05-07 08:36:33.579816
269932,136,2022-01-30,12.6,0,7.8,05:59,17.3,13:13,10,0.8,5.3,13:40,71,100,21:40,39,10:40,2025-05-07 08:36:33.672899,2025-05-07 08:36:33.672899
269950,136,2022-01-31,12.6,0,7.5,06:17,17.6,12:27,13,3.1,9.2,20:40,66,95,08:10,28,22:00,2025-05-07 08:36:33.766020,2025-05-07 08:36:33.766020
269968,136,2022-02-01,17.9,0.8,14.9,04:29,20.9,13:29,13,2.2,16.1,21:40,32,66,20:10,19,09:50,2025-05-07 08:36:33.828739,2025-05-07 08:36:33.828739
269986,136,2022-02-02,16.8,0.6,12.2,22:24,21.3,13:23,29,5.3,11.7,03:30,36,97,23:59,24,13:00,2025-05-07 08:36:33.898910,2025-05-07 08:36:33.898910
270004,136,2022-02-03,17.8,0,12,00:20,23.7,14:12,12,3.6,15,08:50,45,97,00:00,21,23:30,2025-05-07 08:36:33.967051,2025-05-07 08:36:33.967051
270022,136,2022-02-04,17.6,0,13,23:21,22.3,13:32,14,0.6,17.2,01:00,31,67,19:00,19,11:10,2025-05-07 08:36:34.039698,2025-05-07 08:36:34.039698
270040,136,2022-02-05,17.7,0,13.7,21:46,21.7,12:21,15,4.4,8.6,03:40,23,37,00:00,21,,2025-05-07 08:36:34.110437,2025-05-07 08:36:34.110437
270058,136,2022-02-06,15,0,10.4,21:00,19.5,12:37,12,4.2,8.9,02:20,59,99,20:20,25,23:59,2025-05-07 08:36:34.182876,2025-05-07 08:36:34.182876
270076,136,2022-02-07,16.5,0,12.5,03:40,20.5,15:06,12,5.3,12.2,11:40,45,64,12:50,16,21:10,2025-05-07 08:36:34.268239,2025-05-07 08:36:34.268239
270094,136,2022-02-08,18.9,0,14.7,02:57,23.1,11:54,13,7.8,22.5,10:20,15,32,03:00,13,07:00,2025-05-07 08:36:34.339147,2025-05-07 08:36:34.339147
270112,136,2022-02-09,21,,17.9,18:49,24.1,11:42,14,3.9,15,04:00,15,29,,11,07:00,2025-05-07 08:36:34.405651,2025-05-07 08:36:34.405651
270130,136,2022-02-10,,0,,,,,0,1.7,,,29,,,,,2025-05-07 08:36:34.499106,2025-05-07 08:36:34.499106
270148,136,2022-02-11,,,,,,,0,1.9,,,25,,,,,2025-05-07 08:36:34.575218,2025-05-07 08:36:34.575218
270166,136,2022-02-12,13.4,0,9.6,20:03,17.3,12:52,10,1.7,5.8,06:30,65,93,20:10,27,00:00,2025-05-07 08:36:34.657710,2025-05-07 08:36:34.657710
270184,136,2022-02-13,13.2,0,8.3,07:05,18.2,13:42,12,1.9,6.7,13:10,70,95,20:10,35,03:50,2025-05-07 08:36:34.754928,2025-05-07 08:36:34.754928
270202,136,2022-02-14,12.7,2.2,7.8,07:22,17.6,11:49,12,2.2,6.4,14:10,84,100,,57,11:30,2025-05-07 08:36:34.828701,2025-05-07 08:36:34.828701
270220,136,2022-02-15,11,7.6,8.6,06:30,13.3,14:48,4,1.9,8.1,21:00,93,100,,78,14:40,2025-05-07 08:36:34.936859,2025-05-07 08:36:34.936859
270238,136,2022-02-16,10.9,0.4,8.1,04:56,13.7,16:40,8,3.1,10,04:20,97,100,,82,16:40,2025-05-07 08:36:35.017886,2025-05-07 08:36:35.017886
270256,136,2022-02-17,14.4,0,8.9,00:26,19.8,14:51,99,1.7,5.8,,57,100,00:00,30,21:10,2025-05-07 08:36:35.100140,2025-05-07 08:36:35.100140
270274,136,2022-02-18,12,2.2,8.5,,15.5,13:33,99,1.7,6.1,14:40,79,97,06:10,30,00:00,2025-05-07 08:36:35.204908,2025-05-07 08:36:35.204908
270292,136,2022-02-19,11.6,34.8,8.4,07:01,14.7,11:48,2,3.6,12.8,23:50,94,100,,68,11:50,2025-05-07 08:36:35.301975,2025-05-07 08:36:35.301975
270310,136,2022-02-20,10.4,4.6,7.1,04:33,13.7,13:33,36,4.2,12.2,00:10,92,100,,77,13:10,2025-05-07 08:36:35.369919,2025-05-07 08:36:35.369919
270328,136,2022-02-21,10,1.6,6.1,07:13,13.9,11:58,34,2.5,7.8,02:40,96,100,,74,22:00,2025-05-07 08:36:35.443476,2025-05-07 08:36:35.443476
270346,136,2022-02-22,12.2,0,6.2,07:03,18.3,12:40,12,1.4,6.7,10:50,83,100,,40,20:50,2025-05-07 08:36:35.521330,2025-05-07 08:36:35.521330
270364,136,2022-02-23,13.5,0,9.1,19:34,17.9,11:59,10,1.9,6.7,13:40,68,94,17:20,22,05:10,2025-05-07 08:36:35.621645,2025-05-07 08:36:35.621645
270382,136,2022-02-24,13.2,0.4,8.3,02:54,18,13:50,32,3.1,7.2,14:00,79,100,,61,00:50,2025-05-07 08:36:35.710257,2025-05-07 08:36:35.710257
270400,136,2022-02-25,11.3,5.6,8.6,23:54,14,14:32,35,3.6,9.2,16:50,99,100,,90,14:40,2025-05-07 08:36:35.796378,2025-05-07 08:36:35.796378
270418,136,2022-02-26,9.6,33,8.4,00:07,10.9,12:38,36,5,12.8,07:40,100,100,,100,,2025-05-07 08:36:35.889604,2025-05-07 08:36:35.889604
270436,136,2022-02-27,10.2,1,8.3,23:31,12.2,15:45,1,5,13.1,05:40,99,100,,95,23:59,2025-05-07 08:36:35.975488,2025-05-07 08:36:35.975488
270454,136,2022-02-28,10.2,0.6,8,01:20,12.4,12:52,36,3.3,10.8,19:10,91,100,,80,13:00,2025-05-07 08:36:36.094563,2025-05-07 08:36:36.094563
270472,136,2022-03-01,12,0.2,9.1,05:18,14.8,14:57,36,2.2,9.2,01:40,93,100,,75,15:20,2025-05-07 08:36:36.176370,2025-05-07 08:36:36.176370
270490,136,2022-03-02,12.7,0,9.3,06:42,16.1,13:10,1,1.4,5.6,04:20,85,100,,69,13:10,2025-05-07 08:36:36.247574,2025-05-07 08:36:36.247574
270508,136,2022-03-03,13.2,5.2,9.4,03:27,17.1,12:19,33,2.2,8.6,23:50,87,100,,66,15:20,2025-05-07 08:36:36.323232,2025-05-07 08:36:36.323232
270526,136,2022-03-04,9.9,17.4,8.1,21:46,11.7,13:06,34,1.9,10.3,10:30,99,100,,90,16:20,2025-05-07 08:36:36.422359,2025-05-07 08:36:36.422359
270544,136,2022-03-05,9.2,3.8,7.5,01:50,11,12:55,3,2.8,10,10:10,98,100,,96,13:00,2025-05-07 08:36:36.502422,2025-05-07 08:36:36.502422
270562,136,2022-03-06,11.4,3,8.1,03:53,14.7,13:26,28,4.2,9.7,10:30,91,100,,80,11:40,2025-05-07 08:36:36.577569,2025-05-07 08:36:36.577569
270580,136,2022-03-07,11.2,0,6.8,23:15,15.7,14:34,34,2.2,7.8,02:00,89,100,,64,14:00,2025-05-07 08:36:36.673309,2025-05-07 08:36:36.673309
270598,136,2022-03-08,11.2,0,6.6,00:25,15.7,12:22,12,1.9,8.6,13:20,76,99,00:40,60,11:20,2025-05-07 08:36:36.752846,2025-05-07 08:36:36.752846
270616,136,2022-03-09,12.8,0.2,9,04:20,16.5,10:54,7,1.4,5.8,13:20,87,99,23:10,69,10:30,2025-05-07 08:36:36.824883,2025-05-07 08:36:36.824883
270634,136,2022-03-10,12.3,0,7.8,23:54,16.8,13:13,99,1.4,5,,80,99,,63,13:30,2025-05-07 08:36:36.905337,2025-05-07 08:36:36.905337
270652,136,2022-03-11,12.1,0,6.9,03:06,17.3,09:52,99,1.7,6.1,,49,100,,8,06:20,2025-05-07 08:36:36.978927,2025-05-07 08:36:36.978927
270670,136,2022-03-12,13.8,0.4,9.4,00:23,18.3,13:42,31,2.5,7.8,13:50,82,99,,70,12:50,2025-05-07 08:36:37.043039,2025-05-07 08:36:37.043039
270688,136,2022-03-13,12.9,3,9.1,02:28,16.7,15:15,28,3.3,10.3,23:59,93,100,,68,16:00,2025-05-07 08:36:37.113033,2025-05-07 08:36:37.113033
270706,136,2022-03-14,8.4,22.8,5.2,21:03,11.5,00:16,31,8.9,20.3,17:20,98,100,,88,17:30,2025-05-07 08:36:37.177098,2025-05-07 08:36:37.177098
270724,136,2022-03-15,8,8,5.5,00:41,10.5,12:19,33,6.1,15,08:20,97,100,,92,06:30,2025-05-07 08:36:37.279077,2025-05-07 08:36:37.279077
270742,136,2022-03-16,9.8,0,7.8,07:20,11.7,13:42,35,5.3,11.4,14:10,99,100,,82,10:20,2025-05-07 08:36:37.358673,2025-05-07 08:36:37.358673
270760,136,2022-03-17,10,0,8.1,,11.8,13:37,36,2.8,9.7,00:10,98,100,,94,,2025-05-07 08:36:37.433627,2025-05-07 08:36:37.433627
270778,136,2022-03-18,11.4,0.2,8,02:24,14.7,13:51,8,1.9,5.8,11:30,91,99,,80,13:50,2025-05-07 08:36:37.523580,2025-05-07 08:36:37.523580
270796,136,2022-03-19,11.6,0.2,8.8,,14.5,11:50,32,1.9,7.5,21:30,95,100,,73,11:50,2025-05-07 08:36:37.611390,2025-05-07 08:36:37.611390
270814,136,2022-03-20,11.4,1,8,02:17,14.7,15:15,35,3.6,9.2,15:00,85,100,,56,15:10,2025-05-07 08:36:37.689092,2025-05-07 08:36:37.689092
270832,136,2022-03-21,11.6,0,7,02:33,16.3,13:07,32,1.9,6.4,13:10,81,99,21:00,63,13:30,2025-05-07 08:36:37.750865,2025-05-07 08:36:37.750865
270850,136,2022-03-22,11.7,11.6,8.6,01:06,14.8,12:35,26,2.5,8.6,22:20,88,100,09:20,74,16:30,2025-05-07 08:36:37.834999,2025-05-07 08:36:37.834999
270868,136,2022-03-23,10.8,1.8,8.1,24:00,13.4,16:02,34,5.3,11.9,12:30,94,100,,71,16:10,2025-05-07 08:36:37.913989,2025-05-07 08:36:37.913989
270886,136,2022-03-24,11.2,1.2,7.6,03:43,14.9,15:40,33,4.4,11.7,11:40,84,100,,71,14:20,2025-05-07 08:36:37.992092,2025-05-07 08:36:37.992092
270904,136,2022-03-25,11.2,1,7.7,01:30,14.8,12:16,26,2.8,7.5,01:20,96,100,,81,12:20,2025-05-07 08:36:38.072907,2025-05-07 08:36:38.072907
270922,136,2022-03-26,11.7,0,6.9,04:54,16.5,16:18,13,2.2,9.4,21:00,78,98,20:50,59,17:10,2025-05-07 08:36:38.143694,2025-05-07 08:36:38.143694
270940,136,2022-03-27,14.7,0,9.6,01:02,19.8,14:36,24,5.6,17.2,06:20,67,82,06:30,42,,2025-05-07 08:36:38.234586,2025-05-07 08:36:38.234586
270958,136,2022-03-28,15.4,,9.7,04:56,21.1,15:16,99,4.2,13.6,,62,98,23:40,52,18:00,2025-05-07 08:36:38.310287,2025-05-07 08:36:38.310287
270976,136,2022-03-29,12.6,6.4,9.3,07:33,15.9,12:56,34,3.6,12.8,00:20,93,100,,80,13:00,2025-05-07 08:36:38.387271,2025-05-07 08:36:38.387271
270994,136,2022-03-30,12.6,0.4,9.3,06:41,16,15:06,36,1.7,7.2,10:10,86,100,,72,15:10,2025-05-07 08:36:38.515111,2025-05-07 08:36:38.515111
271012,136,2022-03-31,11.8,0,8.9,02:25,14.7,13:48,10,1.4,6.7,06:00,93,100,00:20,78,10:30,2025-05-07 08:36:38.630380,2025-05-07 08:36:38.630380
271030,136,2022-04-01,12.6,0.4,9.3,,16,14:01,9,1.9,7.2,14:30,91,100,,75,13:50,2025-05-07 08:36:38.705256,2025-05-07 08:36:38.705256
271048,136,2022-04-02,12.6,0.2,8.6,04:09,16.7,14:25,28,1.1,5.3,19:30,81,100,03:30,64,15:30,2025-05-07 08:36:38.797153,2025-05-07 08:36:38.797153
271066,136,2022-04-03,15.2,4.4,8.7,00:52,21.6,13:14,27,3.1,17.8,23:30,73,99,01:10,48,16:20,2025-05-07 08:36:38.864154,2025-05-07 08:36:38.864154
271084,136,2022-04-04,9.4,4,7,23:20,11.9,12:20,26,5.3,17.8,00:10,100,100,,82,00:30,2025-05-07 08:36:38.928410,2025-05-07 08:36:38.928410
271102,136,2022-04-05,9.7,2.2,6.5,04:57,12.9,15:20,33,3.3,8.9,21:10,87,100,09:30,74,13:50,2025-05-07 08:36:38.989512,2025-05-07 08:36:38.989512
271120,136,2022-04-06,10.3,0,6.8,23:23,13.8,13:06,34,2.2,7.5,04:50,85,98,03:10,68,13:30,2025-05-07 08:36:39.064219,2025-05-07 08:36:39.064219
271138,136,2022-04-07,12.1,0,7.2,04:21,17,15:38,10,1.7,6.7,12:10,74,96,20:10,56,13:00,2025-05-07 08:36:39.134013,2025-05-07 08:36:39.134013
271156,136,2022-04-08,13,0,8.5,06:43,17.6,13:03,8,1.4,6.1,11:40,81,95,,64,12:40,2025-05-07 08:36:39.209946,2025-05-07 08:36:39.209946
271174,136,2022-04-09,15.2,0,8.5,05:58,21.9,15:33,11,1.4,7.2,11:00,81,100,07:20,58,13:00,2025-05-07 08:36:39.292154,2025-05-07 08:36:39.292154
271192,136,2022-04-10,14.8,0,8.3,00:12,21.2,15:43,28,1.7,6.7,20:50,74,99,00:00,11,02:20,2025-05-07 08:36:39.363459,2025-05-07 08:36:39.363459
271210,136,2022-04-11,12.4,0.2,9.9,01:30,14.9,15:51,31,2.2,8.1,23:10,93,100,,81,13:50,2025-05-07 08:36:39.435287,2025-05-07 08:36:39.435287
271228,136,2022-04-12,13.6,0,9.7,07:12,17.5,14:02,28,3.1,8.3,05:40,89,100,,69,13:40,2025-05-07 08:36:39.519143,2025-05-07 08:36:39.519143
271246,136,2022-04-13,12.4,6.4,9.6,03:32,15.2,16:28,99,2.5,7.8,,98,100,,84,16:30,2025-05-07 08:36:39.606492,2025-05-07 08:36:39.606492
271264,136,2022-04-14,13.2,0,8.9,23:22,17.5,14:00,2,2.2,6.7,11:10,88,100,,65,14:00,2025-05-07 08:36:39.688343,2025-05-07 08:36:39.688343
271282,136,2022-04-15,15.2,0,8.8,02:02,21.5,15:49,14,2.5,8.9,23:10,64,98,,27,20:30,2025-05-07 08:36:39.769402,2025-05-07 08:36:39.769402
271300,136,2022-04-16,20.2,0,13.8,00:14,26.6,16:39,14,4.2,12.2,03:50,50,65,13:40,27,20:40,2025-05-07 08:36:39.846806,2025-05-07 08:36:39.846806
271318,136,2022-04-17,24.2,0,17.6,01:00,30.8,14:57,15,4.4,16.4,12:00,25,42,08:20,18,14:50,2025-05-07 08:36:39.933385,2025-05-07 08:36:39.933385
271336,136,2022-04-18,19.7,0,14.1,24:00,25.3,12:53,14,5.3,18.3,05:30,41,82,19:50,25,01:20,2025-05-07 08:36:40.022340,2025-05-07 08:36:40.022340
271354,136,2022-04-19,12.4,1.8,9.7,23:55,15,12:35,12,2.8,8.3,04:00,95,100,,69,00:00,2025-05-07 08:36:40.111208,2025-05-07 08:36:40.111208
271372,136,2022-04-20,11.6,2.2,8.6,05:13,14.7,13:57,34,1.7,7.8,22:10,91,100,,71,13:50,2025-05-07 08:36:40.184449,2025-05-07 08:36:40.184449
271390,136,2022-04-21,11.2,1.8,8.3,23:15,14.2,14:18,12,1.4,8.1,02:50,92,100,,80,14:10,2025-05-07 08:36:40.261564,2025-05-07 08:36:40.261564
271408,136,2022-04-22,12,1.6,7.9,03:54,16.1,12:57,34,3.3,8.3,14:30,86,99,,66,12:10,2025-05-07 08:36:40.333859,2025-05-07 08:36:40.333859
271426,136,2022-04-23,12.1,3,9.1,01:13,15.1,13:05,27,2.2,7.2,04:10,94,100,,84,13:40,2025-05-07 08:36:40.413152,2025-05-07 08:36:40.413152
271444,136,2022-04-24,13.8,0,9.2,05:57,18.5,14:09,34,3.6,8.9,13:00,72,100,00:00,51,16:00,2025-05-07 08:36:40.502097,2025-05-07 08:36:40.502097
271462,136,2022-04-25,15.3,4,10.4,03:48,20.2,15:35,31,1.4,10.3,22:00,75,100,,52,10:10,2025-05-07 08:36:40.565550,2025-05-07 08:36:40.565550
271480,136,2022-04-26,13,0.8,9.4,02:14,16.7,15:08,32,5,10.8,07:50,91,100,,66,15:10,2025-05-07 08:36:40.661624,2025-05-07 08:36:40.661624
271498,136,2022-04-27,13,0,8.6,05:58,17.5,12:53,99,2.2,7.2,01:50,82,100,,55,13:40,2025-05-07 08:36:40.733324,2025-05-07 08:36:40.733324
271516,136,2022-04-28,14.9,0,9.5,00:21,20.3,14:28,12,1.9,6.9,12:40,75,97,00:30,58,11:40,2025-05-07 08:36:40.802396,2025-05-07 08:36:40.802396
271534,136,2022-04-29,14,0,8.9,23:07,19.1,13:58,33,1.4,5.6,14:40,76,96,,58,13:30,2025-05-07 08:36:40.900055,2025-05-07 08:36:40.900055
271552,136,2022-04-30,15.7,0,9.5,04:58,21.9,10:59,34,1.9,5,15:50,61,94,20:10,39,13:20,2025-05-07 08:36:40.985708,2025-05-07 08:36:40.985708
271570,136,2022-05-01,17,0,10.7,21:13,23.3,14:41,11,2.5,7.2,11:40,54,95,21:10,31,23:10,2025-05-07 08:36:41.061800,2025-05-07 08:36:41.061800
271588,136,2022-05-02,16.2,0.8,10.7,22:02,21.6,14:33,11,2.8,9.7,02:50,70,97,23:30,28,00:10,2025-05-07 08:36:41.128053,2025-05-07 08:36:41.128053
271606,136,2022-05-03,12.2,2.8,9.6,05:24,14.9,14:02,30,1.7,6.7,09:00,87,99,,75,14:10,2025-05-07 08:36:41.219484,2025-05-07 08:36:41.219484
271624,136,2022-05-04,13,0.4,9.3,05:22,16.8,14:29,36,2.5,7.8,21:00,86,100,,61,15:10,2025-05-07 08:36:41.307720,2025-05-07 08:36:41.307720
271642,136,2022-05-05,13.6,0,9.2,01:52,18.1,15:29,12,1.9,7.5,14:10,80,98,00:00,68,15:10,2025-05-07 08:36:41.376485,2025-05-07 08:36:41.376485
271660,136,2022-05-06,16,0,8.3,06:27,23.6,15:48,99,2.5,5.8,,61,100,,43,23:00,2025-05-07 08:36:41.447653,2025-05-07 08:36:41.447653
271678,136,2022-05-07,19,0,12.8,05:50,25.2,15:18,13,2.5,6.7,08:20,50,66,09:30,32,21:40,2025-05-07 08:36:41.542851,2025-05-07 08:36:41.542851
271696,136,2022-05-08,18.8,0,13,02:26,24.6,16:30,13,3.6,8.3,07:50,44,66,02:50,25,19:30,2025-05-07 08:36:41.642718,2025-05-07 08:36:41.642718
271714,136,2022-05-09,22.8,0,15.5,05:28,30.2,17:02,12,2.5,8.9,09:20,41,55,12:40,19,09:20,2025-05-07 08:36:41.735927,2025-05-07 08:36:41.735927
271732,136,2022-05-10,26.2,6.2,19.5,22:10,32.8,15:26,14,3.6,12.8,14:10,39,68,22:10,28,01:20,2025-05-07 08:36:41.807269,2025-05-07 08:36:41.807269
271750,136,2022-05-11,20,0,13.6,23:19,26.4,08:39,16,2.5,18.3,02:50,60,96,23:50,31,08:20,2025-05-07 08:36:41.883355,2025-05-07 08:36:41.883355
271768,136,2022-05-12,16.2,0,12.4,20:33,20.1,15:37,28,3.6,7.8,06:00,91,100,,69,16:30,2025-05-07 08:36:41.951484,2025-05-07 08:36:41.951484
271786,136,2022-05-13,18,0,11.2,05:46,24.7,14:33,30,1.7,6.9,04:20,74,100,03:30,27,07:50,2025-05-07 08:36:42.022209,2025-05-07 08:36:42.022209
271804,136,2022-05-14,16.7,0,11.8,22:39,21.6,08:55,34,1.9,6.4,18:30,70,93,16:20,50,01:40,2025-05-07 08:36:42.092823,2025-05-07 08:36:42.092823
271822,136,2022-05-15,17.3,0,11.1,06:14,23.5,12:37,35,1.9,5.6,13:30,58,87,04:20,40,11:50,2025-05-07 08:36:42.161874,2025-05-07 08:36:42.161874
271840,136,2022-05-16,16.6,0,10.6,05:47,22.7,11:55,29,1.7,5.8,20:20,70,87,19:40,43,07:50,2025-05-07 08:36:42.228129,2025-05-07 08:36:42.228129
271858,136,2022-05-17,17,0,10.9,04:26,23,15:36,34,1.4,5.3,12:50,69,97,,55,06:10,2025-05-07 08:36:42.294493,2025-05-07 08:36:42.294493
271876,136,2022-05-18,17.2,0,12.5,,22,14:51,35,2.2,6.4,14:00,80,99,,60,14:40,2025-05-07 08:36:42.385107,2025-05-07 08:36:42.385107
271894,136,2022-05-19,17,0,11.4,04:46,22.7,14:11,26,2.8,7.8,23:10,83,99,,64,14:00,2025-05-07 08:36:42.479638,2025-05-07 08:36:42.479638
271912,136,2022-05-20,16.7,0,11.8,05:10,21.6,13:39,33,3.1,7.5,12:50,80,98,,56,13:00,2025-05-07 08:36:42.641233,2025-05-07 08:36:42.641233
271929,136,2022-05-21,16.2,0,11.1,03:07,21.2,14:59,99,1.9,5.6,,79,97,05:50,62,14:40,2025-05-07 08:36:42.768584,2025-05-07 08:36:42.768584
271947,136,2022-05-22,15.8,0,10.9,05:51,20.6,15:11,36,1.7,5.8,13:30,79,97,,64,15:00,2025-05-07 08:36:42.874376,2025-05-07 08:36:42.874376
271965,136,2022-05-23,15.6,0.4,11.7,06:17,19.6,13:13,33,2.2,6.1,15:00,85,99,,67,13:30,2025-05-07 08:36:42.955777,2025-05-07 08:36:42.955777
271983,136,2022-05-24,14.2,1.4,11.2,,17.2,11:07,32,1.7,6.4,15:00,92,100,,81,11:10,2025-05-07 08:36:43.033453,2025-05-07 08:36:43.033453
272001,136,2022-05-25,14.2,0.4,11.2,,17.1,12:45,8,1.7,5.8,12:40,92,100,08:00,76,12:40,2025-05-07 08:36:43.133228,2025-05-07 08:36:43.133228
272019,136,2022-05-26,15.4,0,10.8,02:18,20,13:45,36,1.7,5.3,13:20,78,99,,66,12:50,2025-05-07 08:36:43.220157,2025-05-07 08:36:43.220157
272037,136,2022-05-27,15.8,0,10.7,01:51,20.8,14:32,34,2.2,7.8,17:40,81,98,,62,14:20,2025-05-07 08:36:43.306337,2025-05-07 08:36:43.306337
272055,136,2022-05-28,16.1,0.2,11.7,,20.5,11:23,32,2.5,6.4,11:10,83,99,,61,10:20,2025-05-07 08:36:43.379549,2025-05-07 08:36:43.379549
272073,136,2022-05-29,16.4,0,10.7,06:17,22.1,15:38,29,1.7,5.8,00:10,83,99,00:00,66,,2025-05-07 08:36:43.456121,2025-05-07 08:36:43.456121
272091,136,2022-05-30,17.1,0,10.5,06:22,23.7,17:16,34,1.4,4.4,13:00,77,99,07:00,61,17:20,2025-05-07 08:36:43.546374,2025-05-07 08:36:43.546374
272109,136,2022-05-31,18,0,13,06:11,22.9,09:47,28,1.4,6.4,08:10,73,96,,54,09:00,2025-05-07 08:36:43.639299,2025-05-07 08:36:43.639299
272127,136,2022-06-01,14.8,0,12.2,21:53,17.5,16:16,12,1.1,3.9,05:00,89,100,,73,16:10,2025-05-07 08:36:43.717436,2025-05-07 08:36:43.717436
272145,136,2022-06-02,16.6,0,11.7,04:29,21.4,10:48,34,3.3,7.8,14:50,86,97,23:40,62,10:40,2025-05-07 08:36:43.813972,2025-05-07 08:36:43.813972
272163,136,2022-06-03,16.6,1,12.1,01:17,21,14:18,34,2.5,7.5,15:10,83,100,06:10,62,14:20,2025-05-07 08:36:43.895192,2025-05-07 08:36:43.895192
272181,136,2022-06-04,16.4,0.2,11.9,07:09,20.8,16:23,2,1.9,6.1,04:20,83,100,06:30,65,13:10,2025-05-07 08:36:43.983067,2025-05-07 08:36:43.983067
272199,136,2022-06-05,16,0,11.4,04:55,20.6,15:47,6,1.9,6.4,06:20,81,98,,58,15:50,2025-05-07 08:36:44.068032,2025-05-07 08:36:44.068032
272217,136,2022-06-06,16.5,0,11.9,04:13,21.1,16:28,35,1.7,5.8,02:20,76,96,,61,16:30,2025-05-07 08:36:44.141901,2025-05-07 08:36:44.141901
272235,136,2022-06-07,18.8,0,11.3,06:22,26.2,15:35,9,1.9,5.8,13:40,57,99,,12,23:40,2025-05-07 08:36:44.215678,2025-05-07 08:36:44.215678
272253,136,2022-06-08,21.2,0,15.5,05:22,27,13:40,99,3.3,7.2,14:50,36,53,,8,01:30,2025-05-07 08:36:44.288711,2025-05-07 08:36:44.288711
272271,136,2022-06-09,21.9,0,15,02:47,28.8,14:35,10,2.2,7.5,10:40,41,76,02:40,27,16:00,2025-05-07 08:36:44.369611,2025-05-07 08:36:44.369611
272289,136,2022-06-10,19.4,0,13.7,23:33,25.2,14:18,27,2.5,6.7,21:30,40,95,23:50,28,08:20,2025-05-07 08:36:44.450850,2025-05-07 08:36:44.450850
272307,136,2022-06-11,18.4,0,13.7,01:58,23,15:34,28,2.5,6.9,05:30,82,100,,55,23:40,2025-05-07 08:36:44.525409,2025-05-07 08:36:44.525409
272325,136,2022-06-12,19.8,0,13.2,05:28,26.4,10:33,27,1.9,4.4,06:20,62,100,,35,21:20,2025-05-07 08:37:47.075454,2025-05-07 08:37:47.075454
272343,136,2022-06-13,19.2,0,12.3,04:19,26.1,11:31,28,1.9,4.7,22:30,82,99,,34,03:10,2025-05-07 08:37:47.191964,2025-05-07 08:37:47.191964
272361,136,2022-06-14,17.4,0,12.7,23:49,22.1,10:46,33,3.6,8.1,16:40,84,99,,59,10:20,2025-05-07 08:37:47.278799,2025-05-07 08:37:47.278799
272379,136,2022-06-15,17.4,0,11.7,03:54,23.2,13:52,34,3.3,6.9,12:50,65,96,,48,13:10,2025-05-07 08:37:47.403907,2025-05-07 08:37:47.403907
272397,136,2022-06-16,18.4,0,12.7,06:03,24.1,12:12,30,2.5,6.4,01:20,72,98,,43,11:50,2025-05-07 08:37:47.533305,2025-05-07 08:37:47.533305
272415,136,2022-06-17,18,0.2,12.4,03:07,23.5,13:38,36,1.4,6.1,15:30,75,98,,48,13:30,2025-05-07 08:37:47.622577,2025-05-07 08:37:47.622577
272433,136,2022-06-18,17.4,0,12.5,06:37,22.2,10:13,11,1.9,6.4,08:00,82,99,,58,08:50,2025-05-07 08:37:47.707444,2025-05-07 08:37:47.707444
272451,136,2022-06-19,18.5,1.6,13.2,02:09,23.8,10:56,13,2.5,7.5,03:30,63,99,,26,07:00,2025-05-07 08:37:47.783368,2025-05-07 08:37:47.783368
272469,136,2022-06-20,15,4.2,13,21:00,16.9,15:45,99,1.7,6.1,01:50,99,100,,88,,2025-05-07 08:37:47.888337,2025-05-07 08:37:47.888337
272487,136,2022-06-21,14.2,3,12.4,22:28,16,18:46,2,1.7,5.3,08:50,96,100,,81,18:50,2025-05-07 08:37:47.990318,2025-05-07 08:37:47.990318
272505,136,2022-06-22,13.8,0.2,11.6,01:03,16.1,18:40,34,1.4,5,16:30,94,100,,83,18:40,2025-05-07 08:37:48.064510,2025-05-07 08:37:48.064510
272523,136,2022-06-23,15.6,0,10.9,04:55,20.3,12:49,32,2.8,6.9,14:00,74,98,22:30,61,12:40,2025-05-07 08:37:48.137513,2025-05-07 08:37:48.137513
272541,136,2022-06-24,16,0.2,11.4,,20.6,15:27,99,1.9,6.1,,80,99,23:59,61,14:00,2025-05-07 08:37:48.209994,2025-05-07 08:37:48.209994
272559,136,2022-06-25,16.3,6.4,12.7,04:16,19.9,14:40,1,2.8,8.1,06:30,91,100,,66,14:50,2025-05-07 08:37:48.288298,2025-05-07 08:37:48.288298
272577,136,2022-06-26,16.6,1.8,12.5,06:22,20.8,16:19,34,3.1,8.3,04:10,84,100,,62,14:40,2025-05-07 08:37:48.390461,2025-05-07 08:37:48.390461
272595,136,2022-06-27,15.4,2.4,11.6,05:55,19.3,14:55,36,1.7,7.2,13:40,89,100,,64,14:50,2025-05-07 08:37:48.465829,2025-05-07 08:37:48.465829
272613,136,2022-06-28,15,1,12,22:42,17.9,13:29,34,2.5,8.3,21:10,91,100,,69,13:30,2025-05-07 08:37:48.564122,2025-05-07 08:37:48.564122
272631,136,2022-06-29,15.4,1,11.5,04:40,19.2,13:09,34,2.5,7.2,15:00,88,100,,70,,2025-05-07 08:37:48.643146,2025-05-07 08:37:48.643146
272649,136,2022-06-30,15.4,4.6,12.4,,18.5,15:55,34,2.2,6.7,18:10,96,100,,75,,2025-05-07 08:37:48.711772,2025-05-07 08:37:48.711772
272666,136,2022-07-01,14.8,11.8,11.8,02:30,17.7,16:53,36,2.2,7.2,08:20,94,100,,81,17:00,2025-05-07 08:37:48.778255,2025-05-07 08:37:48.778255
272682,136,2022-07-02,16,1.4,13,07:02,19.1,14:33,1,1.9,6.1,02:50,90,100,,71,17:50,2025-05-07 08:37:48.836001,2025-05-07 08:37:48.836001
272699,136,2022-07-03,16.4,1.2,13,06:04,19.7,15:18,4,1.1,5.8,05:30,92,100,,72,14:40,2025-05-07 08:37:48.943586,2025-05-07 08:37:48.943586
272716,136,2022-07-04,16.3,0.6,12.6,03:31,20,17:02,35,1.4,5.3,13:40,86,100,,66,17:10,2025-05-07 08:37:49.021345,2025-05-07 08:37:49.021345
272734,136,2022-07-05,17,0.4,12.7,05:34,21.4,15:25,10,1.7,5.3,11:00,89,100,,66,15:50,2025-05-07 08:37:49.116290,2025-05-07 08:37:49.116290
272752,136,2022-07-06,17.2,0,12.8,,21.6,14:54,33,1.9,5.6,19:00,86,100,,72,15:00,2025-05-07 08:37:49.215890,2025-05-07 08:37:49.215890
272770,136,2022-07-07,18.2,0,12.3,05:54,24.2,23:40,33,1.9,5.3,16:10,83,100,,12,21:40,2025-05-07 08:37:49.286107,2025-05-07 08:37:49.286107
272788,136,2022-07-08,25,0,19.2,03:56,30.8,16:32,13,1.7,5.3,06:20,33,63,09:10,13,23:40,2025-05-07 08:37:49.373910,2025-05-07 08:37:49.373910
272806,136,2022-07-09,30.8,0,24.9,00:25,36.6,10:14,11,2.5,11.1,08:00,28,40,11:20,9,23:59,2025-05-07 08:37:49.468022,2025-05-07 08:37:49.468022
272824,136,2022-07-10,29.4,0,21.7,21:22,37,13:49,6,1.7,8.6,07:50,13,41,21:20,6,00:00,2025-05-07 08:37:49.538611,2025-05-07 08:37:49.538611
272842,136,2022-07-11,23.6,0,14.6,,32.5,11:09,10,1.7,6.4,00:50,45,99,,8,03:50,2025-05-07 08:37:49.637777,2025-05-07 08:37:49.637777
272860,136,2022-07-12,17.8,0,13.1,05:59,22.4,12:12,30,3.1,6.9,03:20,87,100,,60,11:40,2025-05-07 08:37:49.728802,2025-05-07 08:37:49.728802
272878,136,2022-07-13,18.4,0,12.6,04:06,24.3,15:15,34,1.9,5.3,13:30,75,99,,56,16:20,2025-05-07 08:37:49.835093,2025-05-07 08:37:49.835093
272896,136,2022-07-14,20.8,0,12.9,05:41,28.6,12:18,26,1.1,4.2,00:50,74,99,,13,08:10,2025-05-07 08:37:49.906492,2025-05-07 08:37:49.906492
272914,136,2022-07-15,21,0,13.4,00:41,28.7,11:36,33,1.4,3.6,17:10,47,97,00:20,13,07:00,2025-05-07 08:37:49.983748,2025-05-07 08:37:49.983748
272932,136,2022-07-16,20.4,0,14.4,23:01,26.5,09:06,12,1.1,3.9,11:50,55,98,,11,04:00,2025-05-07 08:37:50.062097,2025-05-07 08:37:50.062097
272950,136,2022-07-17,19.6,0,14.2,,25.1,12:45,28,1.9,5,21:00,81,100,,61,12:30,2025-05-07 08:37:50.135020,2025-05-07 08:37:50.135020
272968,136,2022-07-18,20.4,0,13.7,04:40,27,10:53,33,1.7,4.7,14:20,66,98,04:20,31,10:40,2025-05-07 08:37:50.206731,2025-05-07 08:37:50.206731
272986,136,2022-07-19,23.1,0,17.4,00:04,28.8,12:48,99,2.8,7.2,,44,67,17:50,29,07:00,2025-05-07 08:37:50.303935,2025-05-07 08:37:50.303935
273004,136,2022-07-20,26.7,0,19.3,01:27,34.1,13:05,10,3.3,7.5,01:40,29,43,03:30,22,08:20,2025-05-07 08:37:50.390394,2025-05-07 08:37:50.390394
273022,136,2022-07-21,28.8,0,23.4,02:33,34.1,11:45,14,2.2,7.8,00:20,20,41,14:00,12,,2025-05-07 08:37:50.459732,2025-05-07 08:37:50.459732
273040,136,2022-07-22,24.8,0,16.8,22:50,32.8,09:37,12,3.3,12.2,23:59,30,99,23:59,9,00:00,2025-05-07 08:37:50.546845,2025-05-07 08:37:50.546845
273058,136,2022-07-23,25.2,0,18.3,00:01,32.2,14:51,13,5.3,19.4,08:20,34,99,00:00,31,14:10,2025-05-07 08:37:50.630333,2025-05-07 08:37:50.630333
273076,136,2022-07-24,28.6,0,22.5,23:15,34.6,14:38,12,2.8,9.4,00:20,29,45,23:10,20,13:00,2025-05-07 08:37:50.712052,2025-05-07 08:37:50.712052
273094,136,2022-07-25,32.8,0,26.9,05:40,38.7,15:34,11,2.2,6.4,12:00,27,33,07:50,16,14:10,2025-05-07 08:37:50.801490,2025-05-07 08:37:50.801490
273112,136,2022-07-26,31.6,0,25.4,20:57,37.9,11:49,11,4.4,13.3,11:20,23,30,16:00,14,,2025-05-07 08:37:50.877590,2025-05-07 08:37:50.877590
273130,136,2022-07-27,25.4,0,17,23:11,33.7,14:24,28,2.8,8.1,22:20,20,80,23:10,14,14:50,2025-05-07 08:37:50.946473,2025-05-07 08:37:50.946473
273148,136,2022-07-28,19.2,1.4,15,06:49,23.5,14:23,29,2.5,6.7,04:00,81,98,08:10,59,00:20,2025-05-07 08:37:51.035630,2025-05-07 08:37:51.035630
273166,136,2022-07-29,17.4,3,14.8,05:47,20,12:15,36,1.1,5.6,11:00,94,100,,83,16:10,2025-05-07 08:37:51.104374,2025-05-07 08:37:51.104374
273184,136,2022-07-30,19.4,0.2,14.9,05:30,24,13:13,33,1.4,6.1,14:10,84,100,,67,13:10,2025-05-07 08:37:51.200696,2025-05-07 08:37:51.200696
273202,136,2022-07-31,20,0,13.9,05:13,26,08:48,11,1.4,5,06:10,66,100,,36,22:50,2025-05-07 08:37:51.316224,2025-05-07 08:37:51.316224
273220,136,2022-08-01,27.2,0,22.2,05:18,32.3,10:58,9,1.9,4.2,10:20,45,65,13:20,23,21:40,2025-05-07 08:37:51.382145,2025-05-07 08:37:51.382145
273238,136,2022-08-02,29.2,0,23.1,00:01,35.4,14:17,14,1.9,6.4,07:30,14,28,02:40,12,12:50,2025-05-07 08:37:51.459432,2025-05-07 08:37:51.459432
273256,136,2022-08-03,29.1,0,23.8,21:23,34.4,10:48,16,3.1,6.9,05:50,26,44,17:50,8,,2025-05-07 08:37:51.547442,2025-05-07 08:37:51.547442
273274,136,2022-08-04,25.8,0,20.1,20:18,31.6,09:58,15,1.7,7.2,06:20,37,72,18:50,7,23:00,2025-05-07 08:37:51.636104,2025-05-07 08:37:51.636104
273292,136,2022-08-05,24.6,0,16.9,21:55,32.2,16:48,99,2.2,5.3,,32,80,21:50,6,04:40,2025-05-07 08:37:51.711499,2025-05-07 08:37:51.711499
273310,136,2022-08-06,27,0,21.8,00:33,32.2,14:06,11,3.1,7.5,00:20,17,54,09:30,7,20:00,2025-05-07 08:37:51.791538,2025-05-07 08:37:51.791538
273328,136,2022-08-07,26.2,0,22.2,23:40,30.3,16:02,10,4.4,8.3,,24,47,17:30,11,,2025-05-07 08:37:51.880569,2025-05-07 08:37:51.880569
273346,136,2022-08-08,24.6,0,20,19:50,29.2,14:07,11,4.2,7.2,01:30,40,67,18:50,26,00:00,2025-05-07 08:37:51.951952,2025-05-07 08:37:51.951952
273364,136,2022-08-09,24,0,19.3,22:50,28.8,18:12,28,0.8,5.3,23:10,34,59,17:40,10,19:50,2025-05-07 08:37:52.021231,2025-05-07 08:37:52.021231
273382,136,2022-08-10,19.6,0,14.3,,24.8,12:26,29,2.2,5.3,05:00,66,96,,16,02:20,2025-05-07 08:37:52.097731,2025-05-07 08:37:52.097731
273400,136,2022-08-11,18.8,0,14.3,06:54,23.3,12:22,32,2.5,6.4,14:20,81,96,,61,12:20,2025-05-07 08:37:52.165928,2025-05-07 08:37:52.165928
273418,136,2022-08-12,17.8,0,13.6,01:43,22.1,16:47,33,2.5,6.4,13:20,81,98,07:10,63,17:00,2025-05-07 08:37:52.253578,2025-05-07 08:37:52.253578
273436,136,2022-08-13,19.1,0,14.8,,23.4,14:36,34,2.2,5.8,11:20,81,96,,43,23:59,2025-05-07 08:37:52.336786,2025-05-07 08:37:52.336786
273454,136,2022-08-14,21.6,0,15.4,23:11,27.9,11:25,12,1.4,4.2,06:10,51,93,20:20,25,07:00,2025-05-07 08:37:52.407540,2025-05-07 08:37:52.407540
273472,136,2022-08-15,21,0,15,03:05,27.1,10:49,1,1.7,5.3,20:50,50,87,03:10,29,07:40,2025-05-07 08:37:52.489333,2025-05-07 08:37:52.489333
273490,136,2022-08-16,19,0.6,15.1,04:06,23,12:48,32,1.9,6.7,08:10,78,95,06:00,65,15:40,2025-05-07 08:37:52.558781,2025-05-07 08:37:52.558781
273508,136,2022-08-17,17.2,3.4,14.1,21:53,20.4,13:35,14,2.5,10,13:10,89,99,06:10,71,12:30,2025-05-07 08:37:52.631069,2025-05-07 08:37:52.631069
273526,136,2022-08-18,16.6,1.8,13,05:16,20.3,14:55,6,1.7,6.4,03:10,91,100,,73,15:00,2025-05-07 08:37:52.701368,2025-05-07 08:37:52.701368
273544,136,2022-08-19,18.2,0,13.9,05:03,22.5,13:26,32,1.7,5,12:20,84,100,,69,15:30,2025-05-07 08:37:52.778925,2025-05-07 08:37:52.778925
273562,136,2022-08-20,22.9,0,14.7,00:05,31.1,15:13,12,3.3,7.8,02:40,39,98,00:00,16,04:40,2025-05-07 08:37:52.873507,2025-05-07 08:37:52.873507
273580,136,2022-08-21,29.1,0,23.5,00:01,34.7,10:29,3,2.8,8.6,22:20,17,30,13:10,12,09:40,2025-05-07 08:37:52.959767,2025-05-07 08:37:52.959767
273597,136,2022-08-22,28.8,0,23.2,01:37,34.4,11:21,14,2.2,8.6,02:30,16,38,15:30,8,10:20,2025-05-07 08:37:53.048310,2025-05-07 08:37:53.048310
273614,136,2022-08-23,26.3,0,21.7,03:44,30.9,14:29,11,2.2,5.8,08:30,39,56,19:20,16,00:00,2025-05-07 08:37:53.111688,2025-05-07 08:37:53.111688
273632,136,2022-08-24,23.1,0,17.5,23:32,28.7,10:36,11,1.1,6.7,09:20,52,68,23:30,21,02:50,2025-05-07 08:37:53.218477,2025-05-07 08:37:53.218477
273650,136,2022-08-25,20.8,0,14.4,05:49,27.1,13:28,35,1.7,5,23:00,72,96,06:00,47,00:10,2025-05-07 08:37:53.309827,2025-05-07 08:37:53.309827
273668,136,2022-08-26,18.7,0,14.2,01:55,23.2,15:31,99,3.3,6.7,,82,100,08:30,63,14:50,2025-05-07 08:37:53.390636,2025-05-07 08:37:53.390636
273686,136,2022-08-27,19,0.2,14.6,04:18,23.3,14:09,34,3.1,7.2,13:00,76,97,,56,14:10,2025-05-07 08:37:53.478848,2025-05-07 08:37:53.478848
273704,136,2022-08-28,18.4,0,13.5,05:53,23.3,15:59,34,2.5,6.7,04:10,74,99,07:30,53,11:30,2025-05-07 08:37:53.549452,2025-05-07 08:37:53.549452
273722,136,2022-08-29,18.2,0,12.8,04:08,23.5,13:26,9,1.1,7.2,13:30,81,97,23:50,59,13:30,2025-05-07 08:37:53.630019,2025-05-07 08:37:53.630019
273740,136,2022-08-30,20.9,0,13.8,06:33,28,14:40,12,2.2,8.6,04:10,58,98,01:30,35,04:50,2025-05-07 08:37:53.725359,2025-05-07 08:37:53.725359
273758,136,2022-08-31,21.2,1.8,17.7,19:49,24.6,09:17,11,3.3,18.9,03:10,83,99,,56,01:30,2025-05-07 08:37:53.817207,2025-05-07 08:37:53.817207
273776,136,2022-09-01,21.8,0.8,18.2,23:57,25.3,09:25,14,1.4,10.8,03:40,69,93,23:59,55,09:20,2025-05-07 08:37:53.887836,2025-05-07 08:37:53.887836
273794,136,2022-09-02,23,0,17.8,,28.3,14:00,15,1.7,7.2,02:40,65,94,01:30,49,15:00,2025-05-07 08:37:53.963635,2025-05-07 08:37:53.963635
273812,136,2022-09-03,20.9,0,16,23:52,25.8,15:44,21,1.7,5.3,14:30,81,99,23:10,61,15:50,2025-05-07 08:37:54.042719,2025-05-07 08:37:54.042719
273830,136,2022-09-04,19.7,0,14.1,05:16,25.3,12:54,11,0.8,5,09:30,77,99,,60,13:00,2025-05-07 08:37:54.115785,2025-05-07 08:37:54.115785
273848,136,2022-09-05,20,0,14.1,04:07,25.9,15:01,12,2.2,5.8,01:20,78,100,07:50,53,11:10,2025-05-07 08:37:54.188943,2025-05-07 08:37:54.188943
273865,136,2022-09-06,18.8,0,14.4,,23.3,12:21,36,1.7,6.4,13:30,81,99,,63,12:10,2025-05-07 08:37:54.276533,2025-05-07 08:37:54.276533
273882,136,2022-09-07,19.2,0,14,02:25,24.3,14:33,12,1.4,6.7,15:00,78,95,05:20,53,14:20,2025-05-07 08:37:54.345049,2025-05-07 08:37:54.345049
273900,136,2022-09-08,19.6,0,14.8,06:17,24.3,14:05,1,1.9,5.6,13:50,76,95,04:10,59,16:30,2025-05-07 08:37:54.428682,2025-05-07 08:37:54.428682
273918,136,2022-09-09,19.2,0,14.3,05:00,24.2,11:47,1,1.9,6.1,13:40,80,96,06:50,59,11:20,2025-05-07 08:37:54.506249,2025-05-07 08:37:54.506249
273936,136,2022-09-10,20.4,0,14.9,05:28,25.8,13:35,33,1.9,5.8,15:50,80,99,,60,13:20,2025-05-07 08:37:54.580013,2025-05-07 08:37:54.580013
273954,136,2022-09-11,22,0,15.3,00:28,28.6,12:16,31,2.2,5.8,15:10,71,100,,43,12:20,2025-05-07 08:37:54.660274,2025-05-07 08:37:54.660274
273972,136,2022-09-12,22.3,0.2,16.3,23:50,28.3,13:20,34,1.4,5.8,21:40,73,98,,50,10:20,2025-05-07 08:37:54.738723,2025-05-07 08:37:54.738723
273990,136,2022-09-13,18.6,0,15.3,22:14,21.8,16:53,33,2.5,6.7,04:40,86,100,,71,17:00,2025-05-07 08:37:54.829693,2025-05-07 08:37:54.829693
274008,136,2022-09-14,19.5,0,14.9,,24.1,14:25,32,3.9,9.2,15:10,84,98,,65,14:10,2025-05-07 08:37:54.907142,2025-05-07 08:37:54.907142
274026,136,2022-09-15,19.2,1.4,15.1,02:30,23.3,13:16,34,2.5,8.6,23:40,79,99,,59,11:40,2025-05-07 08:37:54.982179,2025-05-07 08:37:54.982179
274044,136,2022-09-16,18.8,0.6,16,,21.5,14:31,32,4.7,11.4,19:50,95,100,,73,14:20,2025-05-07 08:37:55.051256,2025-05-07 08:37:55.051256
274062,136,2022-09-17,19.2,0,16.1,,22.4,14:48,27,4.2,10.6,23:30,86,100,,66,15:50,2025-05-07 08:37:55.141229,2025-05-07 08:37:55.141229
274080,136,2022-09-18,20.2,0,15.7,23:00,24.8,13:09,29,3.6,9.7,04:10,82,100,,61,13:30,2025-05-07 08:37:55.220973,2025-05-07 08:37:55.220973
274097,136,2022-09-19,17.8,26.6,14.7,23:56,21,09:16,10,1.4,6.4,16:30,93,100,23:30,72,09:00,2025-05-07 08:37:55.301639,2025-05-07 08:37:55.301639
274114,136,2022-09-20,18.8,0,14.3,02:14,23.4,11:20,11,2.2,6.1,07:20,86,100,,70,10:20,2025-05-07 08:37:55.376484,2025-05-07 08:37:55.376484
274132,136,2022-09-21,18.8,0,14.4,03:56,23.2,12:17,99,2.2,7.2,,79,99,21:10,67,12:20,2025-05-07 08:37:55.447185,2025-05-07 08:37:55.447185
274150,136,2022-09-22,19,0,14.9,05:14,23.1,14:28,10,1.9,7.8,16:20,81,99,,61,15:50,2025-05-07 08:37:55.517986,2025-05-07 08:37:55.517986
274168,136,2022-09-23,18.3,0.6,15.6,,21,12:01,10,2.5,6.7,07:00,90,100,,77,11:00,2025-05-07 08:37:55.590281,2025-05-07 08:37:55.590281
274186,136,2022-09-24,16.9,48.4,14.8,08:22,19,13:19,12,2.5,7.5,17:10,99,100,,94,00:00,2025-05-07 08:37:55.671525,2025-05-07 08:37:55.671525
274204,136,2022-09-25,16.8,96.2,16.3,,17.2,17:05,12,3.6,10.6,13:20,100,100,,100,,2025-05-07 08:37:55.745595,2025-05-07 08:37:55.745595
274222,136,2022-09-26,16,22.6,14.3,23:41,17.6,10:13,12,3.6,11.7,01:30,100,100,,100,,2025-05-07 08:37:55.844065,2025-05-07 08:37:55.844065
274240,136,2022-09-27,15.2,0.6,13.7,01:32,16.7,14:48,12,4.2,10.3,01:50,100,100,,100,,2025-05-07 08:37:55.929488,2025-05-07 08:37:55.929488
274258,136,2022-09-28,19.4,0.6,14.4,,24.3,14:23,12,2.5,9.4,04:20,89,100,,51,19:10,2025-05-07 08:37:56.022091,2025-05-07 08:37:56.022091
274276,136,2022-09-29,17.6,3.6,14,23:33,21.1,12:18,32,1.7,8.9,23:20,90,100,,73,12:20,2025-05-07 08:37:56.100076,2025-05-07 08:37:56.100076
274294,136,2022-09-30,16.3,10,13.2,03:07,19.4,10:35,34,2.8,11.4,18:10,98,100,,84,10:40,2025-05-07 08:37:56.179104,2025-05-07 08:37:56.179104
274312,136,2022-10-01,16,1.2,13.2,04:08,18.7,11:32,36,2.5,9.7,01:40,96,100,,78,11:40,2025-05-07 08:37:56.279822,2025-05-07 08:37:56.279822
274330,136,2022-10-02,18.4,0,13.5,06:43,23.3,14:47,12,3.3,7.8,10:10,84,100,,48,23:20,2025-05-07 08:37:56.367232,2025-05-07 08:37:56.367232
274348,136,2022-10-03,22.5,0,16.3,04:43,28.7,15:18,12,3.9,9.7,06:30,42,81,04:30,30,23:40,2025-05-07 08:37:56.442715,2025-05-07 08:37:56.442715
274366,136,2022-10-04,21.6,0.2,16.4,23:46,26.9,10:21,11,3.9,8.9,12:20,31,67,23:40,23,07:00,2025-05-07 08:37:56.510555,2025-05-07 08:37:56.510555
274384,136,2022-10-05,21.8,0,18.3,00:07,25.3,10:31,13,3.1,8.3,12:40,35,50,00:00,28,21:20,2025-05-07 08:37:56.596953,2025-05-07 08:37:56.596953
274402,136,2022-10-06,17.6,0.2,13.9,23:08,21.4,12:34,28,3.9,9.2,19:30,82,100,,34,00:00,2025-05-07 08:37:56.691065,2025-05-07 08:37:56.691065
274420,136,2022-10-07,17.8,0,14.4,05:56,21.2,13:40,36,3.1,6.9,04:20,91,100,,74,,2025-05-07 08:37:56.768575,2025-05-07 08:37:56.768575
274438,136,2022-10-08,17.6,1,15,07:00,20.1,14:28,34,1.7,6.4,09:30,93,100,,78,14:30,2025-05-07 08:37:56.861639,2025-05-07 08:37:56.861639
274456,136,2022-10-09,17.3,1.8,15.3,,19.3,13:09,4,1.4,5.6,14:00,97,100,,87,13:10,2025-05-07 08:37:56.931826,2025-05-07 08:37:56.931826
274474,136,2022-10-10,17.2,0.6,13.1,23:45,21.2,13:42,8,1.9,5.3,06:40,90,100,,70,13:50,2025-05-07 08:37:57.003144,2025-05-07 08:37:57.003144
274492,136,2022-10-11,15.2,8.2,12.4,02:15,18.1,11:57,35,1.9,6.7,18:20,99,100,,58,01:20,2025-05-07 08:37:57.067909,2025-05-07 08:37:57.067909
274510,136,2022-10-12,15,4.2,12,04:00,18,13:38,2,2.5,10.3,23:59,99,100,,90,12:00,2025-05-07 08:37:57.164638,2025-05-07 08:37:57.164638
274528,136,2022-10-13,15.5,7.6,13.6,03:44,17.4,13:38,36,3.1,12.8,19:30,98,100,,93,13:40,2025-05-07 08:37:57.239374,2025-05-07 08:37:57.239374
274546,136,2022-10-14,16.2,2.6,14.7,05:34,17.7,12:00,1,2.8,11.7,00:30,100,100,,100,,2025-05-07 08:37:57.312440,2025-05-07 08:37:57.312440
274564,136,2022-10-15,17.6,0.2,13.8,23:29,21.4,13:32,36,1.4,5.3,01:10,94,100,,75,11:10,2025-05-07 08:37:57.423972,2025-05-07 08:37:57.423972
274582,136,2022-10-16,17.8,0,13.4,04:04,22.2,10:51,99,1.1,4.7,04:30,92,100,,66,08:40,2025-05-07 08:37:57.509690,2025-05-07 08:37:57.509690
274600,136,2022-10-17,17.8,0,13.2,05:32,22.3,12:22,13,1.4,6.1,23:59,85,100,,66,10:10,2025-05-07 08:37:57.604590,2025-05-07 08:37:57.604590
274618,136,2022-10-18,19.6,0,15.3,05:32,24,07:45,23,2.8,11.1,07:00,69,96,18:30,36,03:10,2025-05-07 08:37:57.679913,2025-05-07 08:37:57.679913
274636,136,2022-10-19,20.4,0,15.3,19:00,25.4,10:49,99,1.4,6.9,,66,94,17:30,41,02:10,2025-05-07 08:37:57.748119,2025-05-07 08:37:57.748119
274654,136,2022-10-20,19.2,0,13.3,06:19,25.1,12:46,11,0.8,5.3,12:10,65,97,05:30,36,23:10,2025-05-07 08:37:57.814107,2025-05-07 08:37:57.814107
274672,136,2022-10-21,20.2,0,14,01:21,26.4,12:36,12,1.7,6.7,10:30,60,95,18:00,20,10:00,2025-05-07 08:37:57.878848,2025-05-07 08:37:57.878848
274690,136,2022-10-22,19.4,0,14.3,23:48,24.4,10:13,12,1.4,5,02:30,65,99,23:50,32,05:30,2025-05-07 08:37:57.970230,2025-05-07 08:37:57.970230
274708,136,2022-10-23,18.4,0,13.3,22:48,23.5,13:09,12,1.4,5,12:50,86,100,07:00,63,12:30,2025-05-07 08:37:58.040073,2025-05-07 08:37:58.040073
274726,136,2022-10-24,18.9,0,12.6,04:16,25.2,12:39,21,1.1,6.4,23:40,80,96,04:00,24,23:59,2025-05-07 08:37:58.120266,2025-05-07 08:37:58.120266
274744,136,2022-10-25,21.8,0,16.8,19:24,26.8,11:41,99,0.8,6.4,,62,94,18:10,21,00:00,2025-05-07 08:37:58.189228,2025-05-07 08:37:58.189228
274762,136,2022-10-26,23,0,17.1,05:18,28.8,10:56,20,1.4,6.1,00:10,62,80,18:10,27,00:00,2025-05-07 08:37:58.255064,2025-05-07 08:37:58.255064
274780,136,2022-10-27,24.2,0,19.3,03:48,29.1,10:37,10,1.1,5.8,09:40,45,64,13:40,28,00:00,2025-05-07 08:37:58.343114,2025-05-07 08:37:58.343114
274798,136,2022-10-28,25.6,0,20.8,23:03,30.4,11:36,13,1.7,6.7,08:20,33,63,18:20,19,07:00,2025-05-07 08:37:58.450466,2025-05-07 08:37:58.450466
274816,136,2022-10-29,22.9,0,18.4,02:46,27.4,11:53,12,2.2,5.8,09:30,31,59,16:10,18,22:40,2025-05-07 08:37:58.530870,2025-05-07 08:37:58.530870
274834,136,2022-10-30,23.2,0,17.8,01:43,28.7,12:29,11,2.5,8.1,05:00,46,84,17:30,17,22:40,2025-05-07 08:37:58.615753,2025-05-07 08:37:58.615753
274852,136,2022-10-31,22.8,0,18.3,03:27,27.3,14:24,12,2.5,5.3,12:00,43,75,17:00,22,00:50,2025-05-07 08:37:58.694863,2025-05-07 08:37:58.694863
274870,136,2022-11-01,21.4,0,17.4,03:58,25.5,10:36,12,2.2,6.7,11:20,48,81,17:20,19,23:30,2025-05-07 08:37:58.772171,2025-05-07 08:37:58.772171
274888,136,2022-11-02,24,0,19.5,05:54,28.5,13:15,11,0.8,4.4,11:40,30,66,13:50,18,23:40,2025-05-07 08:37:58.847700,2025-05-07 08:37:58.847700
274906,136,2022-11-03,18.2,0,13.1,20:27,23.3,10:26,13,2.2,5.3,16:00,64,99,,16,00:00,2025-05-07 08:37:58.933447,2025-05-07 08:37:58.933447
274924,136,2022-11-04,17.2,0,13.2,20:17,21.2,11:26,12,1.7,5.6,01:20,93,100,,68,11:30,2025-05-07 08:37:59.019800,2025-05-07 08:37:59.019800
274942,136,2022-11-05,17.4,0.8,12.8,02:00,21.9,12:52,14,2.5,7.2,13:20,83,99,,63,11:00,2025-05-07 08:37:59.107399,2025-05-07 08:37:59.107399
274960,136,2022-11-06,18,0,14,21:32,21.9,14:51,99,2.8,7.8,,88,100,,68,14:50,2025-05-07 08:37:59.197181,2025-05-07 08:37:59.197181
274978,136,2022-11-07,18.1,0,12.1,07:54,24.1,11:37,12,1.4,9.4,00:40,80,100,,29,23:40,2025-05-07 08:37:59.272419,2025-05-07 08:37:59.272419
274996,136,2022-11-08,18.8,0,12.1,23:25,25.4,12:35,14,0.6,5.8,21:40,59,100,23:20,23,07:30,2025-05-07 08:37:59.351634,2025-05-07 08:37:59.351634
275014,136,2022-11-09,16.4,0,11.3,23:19,21.6,14:57,12,1.9,6.7,22:50,85,100,,34,00:20,2025-05-07 08:37:59.423948,2025-05-07 08:37:59.423948
275032,136,2022-11-10,16.4,0.2,12.8,00:10,20.1,15:27,99,5,10.3,,89,100,,59,00:40,2025-05-07 08:37:59.507832,2025-05-07 08:37:59.507832
275050,136,2022-11-11,16.6,0,12.9,06:24,20.2,11:01,10,5,8.9,09:20,87,100,,30,20:30,2025-05-07 08:37:59.589959,2025-05-07 08:37:59.589959
275068,136,2022-11-12,18.2,0,13,02:43,23.3,11:35,13,1.7,9.4,04:00,49,99,,20,,2025-05-07 08:37:59.661036,2025-05-07 08:37:59.661036
275086,136,2022-11-13,20.2,0,17.2,00:01,23.3,15:56,14,3.6,17.2,10:40,21,50,00:00,19,18:00,2025-05-07 08:37:59.729712,2025-05-07 08:37:59.729712
275104,136,2022-11-14,21.1,0,17.3,23:49,24.9,12:54,12,4.4,13.1,12:00,24,33,23:30,20,13:00,2025-05-07 08:37:59.807695,2025-05-07 08:37:59.807695
275122,136,2022-11-15,21.4,0,16.6,04:43,26.2,10:56,99,1.9,6.4,,34,54,17:10,22,07:00,2025-05-07 08:37:59.882477,2025-05-07 08:37:59.882477
275140,136,2022-11-16,22.4,0,17.7,06:46,27.2,11:59,14,1.9,6.9,05:30,32,59,18:50,20,10:20,2025-05-07 08:37:59.954816,2025-05-07 08:37:59.954816
275158,136,2022-11-17,20.1,0,14.5,24:00,25.7,10:54,28,1.1,3.6,22:50,51,85,18:10,18,07:00,2025-05-07 08:38:00.029615,2025-05-07 08:38:00.029615
275176,136,2022-11-18,15.6,4.2,12.1,02:44,19.2,13:24,36,1.4,11.1,22:00,93,100,,52,00:00,2025-05-07 08:38:00.097816,2025-05-07 08:38:00.097816
275194,136,2022-11-19,12.8,17.8,11.6,,14,00:01,1,3.3,11.1,11:30,96,100,,88,15:50,2025-05-07 08:38:00.189450,2025-05-07 08:38:00.189450
275212,136,2022-11-20,13.5,4.4,11.7,07:41,15.3,13:12,1,1.9,10,02:30,98,100,,86,14:40,2025-05-07 08:38:00.256197,2025-05-07 08:38:00.256197
275229,136,2022-11-21,15.6,1,12.6,02:07,18.7,11:37,99,1.9,6.1,,93,100,,78,13:10,2025-05-07 08:38:00.328772,2025-05-07 08:38:00.328772
275245,136,2022-11-22,15.6,0.2,12.3,01:13,18.9,13:48,10,2.5,8.3,12:50,90,100,,74,13:30,2025-05-07 08:38:00.396520,2025-05-07 08:38:00.396520
275263,136,2022-11-23,16.1,0,12.6,21:13,19.6,11:35,11,1.9,6.4,11:20,90,99,,72,11:10,2025-05-07 08:38:00.481541,2025-05-07 08:38:00.481541
275281,136,2022-11-24,15.9,0,12.3,01:14,19.5,12:04,10,1.4,4.7,00:50,90,99,,72,12:10,2025-05-07 08:38:00.568380,2025-05-07 08:38:00.568380
275299,136,2022-11-25,16.3,0,11.8,06:54,20.8,14:58,14,3.1,10.3,09:00,89,100,,63,13:20,2025-05-07 08:38:00.667602,2025-05-07 08:38:00.667602
275317,136,2022-11-26,16.2,0,10.3,04:57,22.1,12:37,13,4.2,7.8,09:10,65,100,,24,,2025-05-07 08:38:00.747301,2025-05-07 08:38:00.747301
275335,136,2022-11-27,18,0,12.8,20:17,23.3,11:52,11,3.3,6.4,10:30,41,90,20:10,21,10:50,2025-05-07 08:38:00.835439,2025-05-07 08:38:00.835439
275353,136,2022-11-28,17.2,0,12,22:53,22.3,10:58,99,3.9,7.5,06:50,73,99,,29,00:00,2025-05-07 08:38:00.935038,2025-05-07 08:38:00.935038
275371,136,2022-11-29,15.6,0,11.5,07:33,19.8,13:19,12,2.5,7.2,09:40,84,98,00:00,69,12:50,2025-05-07 08:38:01.017683,2025-05-07 08:38:01.017683
275389,136,2022-11-30,14,0,11.7,07:26,16.2,10:30,10,1.1,5.3,09:40,88,97,,73,10:30,2025-05-07 08:38:01.106506,2025-05-07 08:38:01.106506
275407,136,2022-12-01,14.4,16.8,11.1,03:41,17.8,12:39,27,2.5,12.5,20:40,85,100,,50,11:40,2025-05-07 08:38:01.203032,2025-05-07 08:38:01.203032
275424,136,2022-12-02,13.4,9.2,11.4,02:46,15.5,14:23,32,3.9,9.2,08:30,100,100,,91,15:30,2025-05-07 08:38:01.263148,2025-05-07 08:38:01.263148
275442,136,2022-12-03,13.3,9,11.3,00:58,15.3,12:28,34,1.4,5.6,12:10,100,100,,99,13:00,2025-05-07 08:38:01.335867,2025-05-07 08:38:01.335867
275460,136,2022-12-04,14,0.4,9.9,05:32,18.1,13:20,99,3.1,14.7,,82,100,,61,14:50,2025-05-07 08:38:01.415845,2025-05-07 08:38:01.415845
275478,136,2022-12-05,16.4,0,12,22:04,20.8,13:34,26,1.7,16.1,02:10,76,99,21:00,46,13:30,2025-05-07 08:38:01.486092,2025-05-07 08:38:01.486092
275496,136,2022-12-06,15.1,0,11.4,06:53,18.8,12:01,20,1.1,6.1,21:20,81,97,18:50,63,11:50,2025-05-07 08:38:01.574752,2025-05-07 08:38:01.574752
275514,136,2022-12-07,15.7,2.2,12.6,01:13,18.8,15:38,22,1.9,13.9,18:20,66,95,20:30,42,07:50,2025-05-07 08:38:01.646833,2025-05-07 08:38:01.646833
275532,136,2022-12-08,18.2,0,13.9,,22.4,12:22,99,1.9,11.7,,72,95,01:00,51,12:30,2025-05-07 08:38:01.722248,2025-05-07 08:38:01.722248
275550,136,2022-12-09,16.9,0,12.8,07:05,21,11:23,29,1.7,5.6,21:00,92,100,07:10,68,11:30,2025-05-07 08:39:04.579286,2025-05-07 08:39:04.579286
275568,136,2022-12-10,18,0,14.2,06:17,21.8,11:00,14,1.1,5,23:20,91,100,,70,11:00,2025-05-07 08:39:04.663750,2025-05-07 08:39:04.663750
275586,136,2022-12-11,19.6,0,15,,24.2,12:43,33,1.7,6.7,04:30,88,99,06:30,51,23:50,2025-05-07 08:39:04.734197,2025-05-07 08:39:04.734197
275604,136,2022-12-12,20.4,0,16.7,02:52,24.2,12:55,12,1.4,5.3,11:50,73,98,,45,23:50,2025-05-07 08:39:04.814690,2025-05-07 08:39:04.814690
275622,136,2022-12-13,22.8,0,18.5,07:08,27.1,12:13,24,1.1,9.2,23:59,50,63,17:10,36,10:40,2025-05-07 08:39:04.888850,2025-05-07 08:39:04.888850
275640,136,2022-12-14,18.4,1.2,12.8,23:57,23.9,10:48,26,3.9,13.3,09:00,68,100,,35,03:20,2025-05-07 08:39:04.993920,2025-05-07 08:39:04.993920
275658,136,2022-12-15,13.6,11.4,11.2,05:28,16,12:40,32,2.8,6.7,00:10,93,100,,80,12:00,2025-05-07 08:39:05.061895,2025-05-07 08:39:05.061895
275676,136,2022-12-16,12.8,0.6,10.7,20:04,15,13:06,29,2.8,6.1,07:00,99,100,,92,13:30,2025-05-07 08:39:05.128814,2025-05-07 08:39:05.128814
275694,136,2022-12-17,13.8,0.2,10.7,02:33,16.8,15:06,12,2.2,7.5,23:50,90,100,,73,13:40,2025-05-07 08:39:05.208545,2025-05-07 08:39:05.208545
275712,136,2022-12-18,15,0,10.6,02:19,19.4,15:24,13,3.3,9.2,08:20,93,100,02:50,40,22:50,2025-05-07 08:39:05.290566,2025-05-07 08:39:05.290566
275730,136,2022-12-19,17.8,0,13.1,01:02,22.4,12:54,14,2.2,7.5,21:40,59,87,19:10,36,07:00,2025-05-07 08:39:05.378363,2025-05-07 08:39:05.378363
275748,136,2022-12-20,17.8,0,13.6,04:21,22,11:17,14,3.1,7.8,21:10,37,58,14:00,24,23:50,2025-05-07 08:39:05.453328,2025-05-07 08:39:05.453328
275766,136,2022-12-21,16,0,12.9,07:38,19,13:08,12,6.1,11.9,10:10,42,56,18:00,24,00:00,2025-05-07 08:39:05.536322,2025-05-07 08:39:05.536322
275784,136,2022-12-22,16.8,0,12.1,06:53,21.5,13:55,13,2.5,9.2,00:50,52,80,18:20,35,11:00,2025-05-07 08:39:05.639699,2025-05-07 08:39:05.639699
275802,136,2022-12-23,16.6,0,12.4,06:38,20.8,13:17,13,3.1,7.2,01:10,51,71,18:20,33,23:59,2025-05-07 08:39:05.732782,2025-05-07 08:39:05.732782
275820,136,2022-12-24,17.7,0,13.1,,22.3,13:41,13,1.1,8.6,00:20,47,74,18:00,26,00:20,2025-05-07 08:39:05.821244,2025-05-07 08:39:05.821244
275838,136,2022-12-25,16.6,0,11.9,23:52,21.3,11:29,18,1.7,6.9,14:30,40,61,01:30,29,11:30,2025-05-07 08:39:05.938737,2025-05-07 08:39:05.938737
275856,136,2022-12-26,14.6,0,10.1,05:51,19,12:14,14,2.2,18.6,23:50,78,97,08:50,35,12:00,2025-05-07 08:39:06.012276,2025-05-07 08:39:06.012276
275874,136,2022-12-27,13.5,0,11.8,07:18,15.2,00:14,11,8.9,22.8,00:20,69,80,17:40,41,00:20,2025-05-07 08:39:06.161329,2025-05-07 08:39:06.161329
275892,136,2022-12-28,14.6,0,11.7,03:54,17.5,13:34,11,6.7,13.9,06:50,70,94,03:30,51,22:30,2025-05-07 08:39:06.284649,2025-05-07 08:39:06.284649
275910,136,2022-12-29,15.8,0,12.8,06:52,18.7,11:59,14,6.7,16.4,19:50,56,72,,45,13:50,2025-05-07 08:39:06.390273,2025-05-07 08:39:06.390273
275928,136,2022-12-30,16.4,0,13,08:33,19.8,11:51,13,3.6,16.7,03:30,60,78,01:10,50,19:20,2025-05-07 08:39:06.494912,2025-05-07 08:39:06.494912
275946,136,2022-12-31,16.2,0,12.7,19:11,19.8,12:00,14,1.4,14.2,04:40,65,89,18:50,50,04:50,2025-05-07 08:39:06.610049,2025-05-07 08:39:06.610049
275964,136,2023-01-01,17,0,12.4,03:41,21.6,13:14,12,0.8,5,10:00,69,95,18:50,52,12:40,2025-05-07 08:39:06.700481,2025-05-07 08:39:06.700481
275982,136,2023-01-02,15.8,0,11.7,21:08,19.8,14:21,8,2.8,6.1,12:30,75,96,18:40,57,13:00,2025-05-07 08:39:06.777246,2025-05-07 08:39:06.777246
276000,136,2023-01-03,14.2,0,10.8,06:08,17.6,11:09,9,4.2,10,12:40,73,98,,34,10:40,2025-05-07 08:39:06.856064,2025-05-07 08:39:06.856064
276018,136,2023-01-04,14.4,0,10.7,23:32,18.2,13:09,12,4.4,10.6,13:50,60,96,23:20,32,19:00,2025-05-07 08:39:06.970890,2025-05-07 08:39:06.970890
276036,136,2023-01-05,13.8,0,9.7,03:10,18,13:15,14,4.4,11.9,08:30,34,96,,28,10:00,2025-05-07 08:39:07.070165,2025-05-07 08:39:07.070165
276054,136,2023-01-06,13.6,0,9.4,06:30,17.9,13:14,11,2.5,7.8,15:00,76,93,06:20,29,22:50,2025-05-07 08:39:07.155215,2025-05-07 08:39:07.155215
276072,136,2023-01-07,13,0,9,02:27,17.1,13:31,99,3.9,7.2,,86,98,23:50,32,00:00,2025-05-07 08:39:07.242065,2025-05-07 08:39:07.242065
276090,136,2023-01-08,13.7,0.2,9.3,04:11,18.1,12:45,14,3.3,6.9,23:20,81,98,00:20,56,14:10,2025-05-07 08:39:07.312486,2025-05-07 08:39:07.312486
276108,136,2023-01-09,13,0,9.5,07:57,16.5,12:40,10,3.9,9.4,14:00,81,96,23:40,63,15:10,2025-05-07 08:39:07.407940,2025-05-07 08:39:07.407940
276126,136,2023-01-10,12.4,9,11.1,02:03,13.8,13:50,12,3.1,9.4,00:50,95,99,,86,,2025-05-07 08:39:07.478517,2025-05-07 08:39:07.478517
276144,136,2023-01-11,13.6,12,11.1,05:15,16.2,15:01,5,2.5,10.8,23:50,93,100,,77,15:00,2025-05-07 08:39:07.561089,2025-05-07 08:39:07.561089
276162,136,2023-01-12,11.5,28,10.1,23:05,12.9,13:24,3,3.3,11.4,12:20,100,100,,100,,2025-05-07 08:39:07.644046,2025-05-07 08:39:07.644046
276180,136,2023-01-13,12.1,0.2,9.5,06:32,14.7,16:03,8,2.2,8.1,20:50,97,100,,80,15:40,2025-05-07 08:39:07.749629,2025-05-07 08:39:07.749629
276198,136,2023-01-14,14,0,9.7,03:49,18.3,13:37,13,4.4,10.6,08:30,69,100,,48,13:30,2025-05-07 08:39:07.827329,2025-05-07 08:39:07.827329
276216,136,2023-01-15,13.7,0.2,10.4,05:26,17,12:50,13,3.6,7.8,06:20,89,99,18:50,46,01:10,2025-05-07 08:39:07.902511,2025-05-07 08:39:07.902511
276234,136,2023-01-16,13.2,5.8,9.1,06:27,17.3,11:57,8,1.9,6.9,12:40,91,100,,69,11:30,2025-05-07 08:39:08.000685,2025-05-07 08:39:08.000685
276252,136,2023-01-17,11.2,15,9.5,23:00,13,13:16,1,1.7,8.9,20:40,96,100,,86,13:20,2025-05-07 08:39:08.115876,2025-05-07 08:39:08.115876
276270,136,2023-01-18,11.4,33.4,9.1,04:42,13.7,14:37,36,3.3,10.6,16:30,100,100,,99,11:40,2025-05-07 08:39:08.190934,2025-05-07 08:39:08.190934
276288,136,2023-01-19,9.5,16.4,8.1,03:15,10.9,12:35,2,2.5,10.6,07:10,99,100,,97,10:50,2025-05-07 08:39:08.268538,2025-05-07 08:39:08.268538
276306,136,2023-01-20,10.6,6.2,9,01:04,12.2,15:21,10,2.8,10.3,03:40,100,100,,99,15:30,2025-05-07 08:39:08.344892,2025-05-07 08:39:08.344892
276324,136,2023-01-21,10.8,5.4,9.2,02:48,12.4,12:02,13,2.2,9.2,23:40,98,100,,90,16:30,2025-05-07 08:39:08.415036,2025-05-07 08:39:08.415036
276342,136,2023-01-22,11.7,7.2,10,06:16,13.4,13:32,36,2.5,9.4,09:50,100,100,,90,16:00,2025-05-07 08:39:08.485900,2025-05-07 08:39:08.485900
276360,136,2023-01-23,10.9,0,9,23:47,12.8,11:07,2,2.5,9.2,06:10,93,100,,83,12:50,2025-05-07 08:39:08.565253,2025-05-07 08:39:08.565253
276378,136,2023-01-24,12,0,8.4,06:42,15.6,13:35,5,2.5,6.7,14:10,87,97,,66,13:30,2025-05-07 08:39:08.669358,2025-05-07 08:39:08.669358
276396,136,2023-01-25,10.2,0,8,08:07,12.4,15:24,11,3.3,8.3,23:30,87,97,19:50,73,16:30,2025-05-07 08:39:08.750028,2025-05-07 08:39:08.750028
276414,136,2023-01-26,10.4,0,8.1,07:48,12.6,12:13,12,3.9,13.3,11:00,77,92,08:30,60,11:20,2025-05-07 08:39:08.826292,2025-05-07 08:39:08.826292
276432,136,2023-01-27,10.6,4.2,7.7,01:46,13.5,14:25,34,2.5,11.1,21:20,86,100,,61,14:00,2025-05-07 08:39:08.887666,2025-05-07 08:39:08.887666
276450,136,2023-01-28,9.2,16.4,7.5,00:47,11,10:23,36,2.5,11.1,20:40,99,100,,84,10:20,2025-05-07 08:39:08.955086,2025-05-07 08:39:08.955086
276468,136,2023-01-29,9.6,6.2,6.9,23:56,12.2,17:48,34,1.4,8.9,03:20,91,100,,79,17:50,2025-05-07 08:39:09.029040,2025-05-07 08:39:09.029040
276486,136,2023-01-30,9.6,0.6,6.7,02:01,12.5,14:26,10,1.4,6.4,12:20,82,97,00:00,67,14:30,2025-05-07 08:39:09.100098,2025-05-07 08:39:09.100098
276504,136,2023-01-31,10.6,1,7.8,00:01,13.4,13:07,5,1.7,7.8,05:00,88,100,05:10,69,13:10,2025-05-07 08:39:09.175809,2025-05-07 08:39:09.175809
276522,136,2023-02-01,10.9,0,7.1,23:06,14.7,13:39,35,1.7,6.4,14:00,82,100,00:10,69,13:20,2025-05-07 08:39:09.247127,2025-05-07 08:39:09.247127
276540,136,2023-02-02,11,0,6.9,00:12,15,14:24,13,4.4,10.3,08:30,70,97,02:50,36,23:50,2025-05-07 08:39:09.331753,2025-05-07 08:39:09.331753
276558,136,2023-02-03,11.8,0,7.2,07:14,16.4,13:22,12,2.5,8.6,02:00,67,88,03:50,31,00:50,2025-05-07 08:39:09.421261,2025-05-07 08:39:09.421261
276576,136,2023-02-04,10.6,0.4,6.7,06:59,14.6,11:42,11,2.2,5.3,10:30,89,100,,57,00:00,2025-05-07 08:39:09.517499,2025-05-07 08:39:09.517499
276594,136,2023-02-05,10.7,0,6.8,02:30,14.6,12:20,12,3.1,10,13:20,67,100,00:00,37,13:00,2025-05-07 08:39:09.591100,2025-05-07 08:39:09.591100
276612,136,2023-02-06,11.3,17,7.5,08:00,15.1,12:46,31,1.9,8.6,20:30,81,100,,56,12:50,2025-05-07 08:39:09.676847,2025-05-07 08:39:09.676847
276630,136,2023-02-07,10.1,1.2,7.2,01:31,13,11:55,32,3.1,10.6,00:30,93,100,,77,10:30,2025-05-07 08:39:09.755370,2025-05-07 08:39:09.755370
276648,136,2023-02-08,9.8,0,7.3,07:49,12.4,13:04,99,1.4,4.2,11:50,92,100,,81,16:10,2025-05-07 08:39:09.819762,2025-05-07 08:39:09.819762
276666,136,2023-02-09,10.2,5.2,6.9,05:54,13.4,15:24,13,2.5,7.8,23:40,92,100,00:10,62,23:40,2025-05-07 08:39:09.902445,2025-05-07 08:39:09.902445
276684,136,2023-02-10,10.8,0,6.3,03:45,15.2,11:02,14,2.8,10,02:20,88,97,,65,00:30,2025-05-07 08:39:09.971748,2025-05-07 08:39:09.971748
276702,136,2023-02-11,11.4,1,8.2,03:34,14.7,13:24,99,0.8,7.2,,86,98,19:30,61,01:20,2025-05-07 08:39:10.054263,2025-05-07 08:39:10.054263
276720,136,2023-02-12,13.6,0,8.5,05:45,18.7,12:55,16,2.5,9.2,09:50,65,92,00:10,47,10:40,2025-05-07 08:39:10.134070,2025-05-07 08:39:10.134070
276738,136,2023-02-13,13.7,0,9.3,23:21,18.1,13:40,13,1.1,8.6,02:10,66,90,22:50,49,14:40,2025-05-07 08:39:10.200998,2025-05-07 08:39:10.200998
276756,136,2023-02-14,12.6,9,8.6,07:04,16.6,13:04,99,2.2,5.8,17:30,84,99,,60,15:30,2025-05-07 08:39:10.282286,2025-05-07 08:39:10.282286
276774,136,2023-02-15,8.6,31.8,6.7,21:19,10.5,00:05,35,3.3,10,15:30,99,100,,94,02:20,2025-05-07 08:39:10.375910,2025-05-07 08:39:10.375910
276792,136,2023-02-16,9.6,14.2,5.9,19:41,13.4,14:45,36,2.5,8.1,18:00,91,100,,74,14:40,2025-05-07 08:39:10.452121,2025-05-07 08:39:10.452121
276810,136,2023-02-17,11,2.4,7.3,00:01,14.8,15:50,27,4.4,10.6,05:50,91,100,,69,15:10,2025-05-07 08:39:10.523491,2025-05-07 08:39:10.523491
276828,136,2023-02-18,12.2,1.6,9.2,00:48,15.1,15:17,26,3.1,10,04:00,93,100,,83,15:00,2025-05-07 08:39:10.597386,2025-05-07 08:39:10.597386
276846,136,2023-02-19,12,3,8.9,04:45,15.1,12:40,27,2.2,7.2,04:10,95,100,,86,12:40,2025-05-07 08:39:10.677136,2025-05-07 08:39:10.677136
276864,136,2023-02-20,11.6,0,8,06:11,15.3,15:15,99,1.4,4.7,,89,100,08:30,68,13:40,2025-05-07 08:39:10.773757,2025-05-07 08:39:10.773757
276882,136,2023-02-21,12.3,2.4,9.6,03:06,15,14:16,36,2.2,8.9,19:40,92,100,,77,12:10,2025-05-07 08:39:10.852541,2025-05-07 08:39:10.852541
276900,136,2023-02-22,11.5,2.4,9.5,21:53,13.5,13:12,34,2.8,10,18:20,98,100,,87,13:20,2025-05-07 08:39:10.934989,2025-05-07 08:39:10.934989
276918,136,2023-02-23,10.1,10.6,8.5,23:32,11.7,12:22,30,3.6,10.3,19:20,100,100,,98,15:30,2025-05-07 08:39:11.035733,2025-05-07 08:39:11.035733
276936,136,2023-02-24,11.2,1.6,8,07:14,14.4,13:26,31,3.3,8.9,01:00,97,100,,84,13:30,2025-05-07 08:39:11.134473,2025-05-07 08:39:11.134473
276954,136,2023-02-25,10.4,0,7.8,04:03,13,11:25,34,1.1,3.9,10:00,93,100,,82,10:40,2025-05-07 08:39:11.235244,2025-05-07 08:39:11.235244
276972,136,2023-02-26,14,1,8.8,00:16,19.3,14:19,99,2.2,6.4,,75,100,,61,13:30,2025-05-07 08:39:11.347456,2025-05-07 08:39:11.347456
276990,136,2023-02-27,13,0,9.3,06:58,16.6,13:46,28,2.2,5.8,01:10,76,100,00:30,52,18:40,2025-05-07 08:39:11.422250,2025-05-07 08:39:11.422250
277008,136,2023-02-28,13.6,0,9.5,01:30,17.7,15:12,33,1.4,5,15:40,87,99,23:40,68,00:50,2025-05-07 08:39:11.512049,2025-05-07 08:39:11.512049
277026,136,2023-03-01,14.1,0.2,10.5,05:03,17.7,12:31,31,2.5,6.7,18:20,93,100,,80,12:20,2025-05-07 08:39:11.581991,2025-05-07 08:39:11.581991
277044,136,2023-03-02,14.4,0,10.1,06:11,18.8,14:16,28,1.1,5.3,20:40,89,100,,73,14:20,2025-05-07 08:39:11.652753,2025-05-07 08:39:11.652753
277062,136,2023-03-03,14.6,0,10.6,23:50,18.6,12:59,34,2.2,5.3,15:00,86,100,22:50,72,13:00,2025-05-07 08:39:11.729162,2025-05-07 08:39:11.729162
277080,136,2023-03-04,14.5,0,10,06:48,19,13:51,26,1.4,6.4,02:00,77,99,00:00,64,13:50,2025-05-07 08:39:11.802298,2025-05-07 08:39:11.802298
277098,136,2023-03-05,14.2,0,9.8,06:24,18.5,11:42,12,2.2,5.6,08:40,90,100,,59,21:00,2025-05-07 08:39:11.898731,2025-05-07 08:39:11.898731
277116,136,2023-03-06,14.3,0,9.3,07:22,19.3,14:32,99,0.8,4.2,,82,98,19:40,43,23:40,2025-05-07 08:39:11.978109,2025-05-07 08:39:11.978109
277134,136,2023-03-07,15.2,0,9.7,04:13,20.8,13:44,12,0.6,5.3,21:30,72,96,03:30,46,01:00,2025-05-07 08:39:12.063544,2025-05-07 08:39:12.063544
277151,136,2023-03-08,16.3,0,11.1,02:17,21.5,12:15,36,1.1,4.2,13:00,67,96,19:30,37,05:20,2025-05-07 08:39:12.135414,2025-05-07 08:39:12.135414
277168,136,2023-03-09,15.9,0,10.9,00:19,20.9,14:31,11,3.6,8.1,22:50,57,91,09:00,38,03:10,2025-05-07 08:39:12.200984,2025-05-07 08:39:12.200984
277186,136,2023-03-10,16.8,0,11,02:30,22.6,12:52,13,5,11.7,11:00,60,96,02:50,26,11:10,2025-05-07 08:39:12.277075,2025-05-07 08:39:12.277075
277204,136,2023-03-11,20.4,0,14.7,05:00,26,16:58,12,3.6,7.8,10:10,38,61,15:40,12,23:00,2025-05-07 08:39:12.359777,2025-05-07 08:39:12.359777
277222,136,2023-03-12,23.8,0,18.9,07:08,28.8,16:00,14,2.8,8.9,12:40,18,30,14:30,11,00:00,2025-05-07 08:39:12.460492,2025-05-07 08:39:12.460492
277239,136,2023-03-13,18.5,0,12.1,19:37,24.9,11:08,11,1.4,5,21:50,49,95,19:30,13,10:00,2025-05-07 08:39:12.569774,2025-05-07 08:39:12.569774
277256,136,2023-03-14,18.4,0,13.6,02:00,23.1,13:43,11,3.6,7.2,03:00,25,51,16:50,19,18:00,2025-05-07 08:39:12.663891,2025-05-07 08:39:12.663891
277274,136,2023-03-15,18.4,0,13.6,02:34,23.3,13:58,12,1.4,6.4,00:40,48,72,18:30,8,23:30,2025-05-07 08:39:12.742915,2025-05-07 08:39:12.742915
277292,136,2023-03-16,17.8,2.2,11.6,21:32,24.1,13:16,35,1.7,6.1,21:40,34,98,,5,00:00,2025-05-07 08:39:12.823272,2025-05-07 08:39:12.823272
277309,136,2023-03-17,11.8,15.6,9.8,23:40,13.8,09:42,6,1.1,7.5,09:10,99,100,,97,,2025-05-07 08:39:12.898833,2025-05-07 08:39:12.898833
277326,136,2023-03-18,13,1.4,9.4,04:08,16.6,15:22,13,1.7,8.3,08:10,92,100,,73,,2025-05-07 08:39:12.975245,2025-05-07 08:39:12.975245
277344,136,2023-03-19,12.4,0,9,21:57,15.9,13:05,9,1.7,6.1,12:40,87,100,,74,14:20,2025-05-07 08:39:13.049468,2025-05-07 08:39:13.049468
277361,136,2023-03-20,13.4,0,9.5,05:21,17.4,13:09,8,1.4,5.8,11:40,82,98,,66,13:10,2025-05-07 08:39:13.137336,2025-05-07 08:39:13.137336
277378,136,2023-03-21,13.8,0,9.5,23:09,18.1,14:20,10,3.1,8.1,09:50,85,99,08:00,71,,2025-05-07 08:39:13.206582,2025-05-07 08:39:13.206582
277396,136,2023-03-22,15.4,0,9.7,01:24,21.1,10:35,12,4.2,11.1,10:30,71,98,03:30,34,,2025-05-07 08:39:13.290016,2025-05-07 08:39:13.290016
277414,136,2023-03-23,19,0,12.8,00:16,25.3,13:08,12,2.2,8.9,01:00,38,61,14:10,31,19:00,2025-05-07 08:39:13.361091,2025-05-07 08:39:13.361091
277431,136,2023-03-24,19.3,0,14.5,00:36,24.1,12:01,11,4.7,8.9,11:00,49,63,19:30,20,11:00,2025-05-07 08:39:13.435155,2025-05-07 08:39:13.435155
277448,136,2023-03-25,20.8,0,16.2,04:53,25.4,12:18,10,3.6,8.3,00:50,29,41,15:00,17,02:10,2025-05-07 08:39:13.523896,2025-05-07 08:39:13.523896
277466,136,2023-03-26,21.2,0,16.4,06:09,26,12:42,12,3.9,8.6,10:40,16,42,18:20,9,,2025-05-07 08:39:13.594385,2025-05-07 08:39:13.594385
277484,136,2023-03-27,20.6,0,15.3,05:40,26,13:18,99,2.5,6.9,,8,29,08:30,4,07:00,2025-05-07 08:39:13.695616,2025-05-07 08:39:13.695616
277502,136,2023-03-28,20.5,0,14.6,05:25,26.4,12:13,14,2.8,6.4,06:10,17,29,23:20,10,10:00,2025-05-07 08:39:13.769887,2025-05-07 08:39:13.769887
277519,136,2023-03-29,21.8,0,17.5,20:16,26.2,11:16,13,3.1,8.6,15:20,20,32,,15,19:10,2025-05-07 08:39:13.837751,2025-05-07 08:39:13.837751
277536,136,2023-03-30,23.2,0,18,00:24,28.3,12:19,12,4.2,10.3,11:40,20,29,18:00,16,06:00,2025-05-07 08:39:13.905495,2025-05-07 08:39:13.905495
277554,136,2023-03-31,23.5,0,17.6,20:49,29.4,13:36,13,3.9,11.1,03:50,30,50,19:30,17,,2025-05-07 08:39:13.976139,2025-05-07 08:39:13.976139
277572,136,2023-04-01,19.2,0,14,06:49,24.3,13:00,9,2.8,10.8,22:30,27,42,,17,13:40,2025-05-07 08:39:14.055077,2025-05-07 08:39:14.055077
277590,136,2023-04-02,18,0,13.6,24:00,22.5,11:37,99,4.4,10.3,,37,58,17:40,21,00:00,2025-05-07 08:39:14.131403,2025-05-07 08:39:14.131403
277607,136,2023-04-03,15.7,1.4,10.6,21:43,20.8,13:18,28,1.7,8.1,22:00,71,95,,19,02:50,2025-05-07 08:39:14.217600,2025-05-07 08:39:14.217600
277625,136,2023-04-04,10.8,11.2,9.3,23:47,12.2,10:19,34,5,14.7,23:10,99,100,,75,00:00,2025-05-07 08:39:14.304353,2025-05-07 08:39:14.304353
277642,136,2023-04-05,11.3,0,9.3,04:17,13.3,12:20,34,5.6,14.2,03:00,99,100,,94,15:10,2025-05-07 08:39:14.393325,2025-05-07 08:39:14.393325
277659,136,2023-04-06,13.8,0,8.7,06:25,18.9,13:58,28,2.8,8.3,01:50,38,100,,24,14:30,2025-05-07 08:39:14.461123,2025-05-07 08:39:14.461123
277677,136,2023-04-07,13.6,0,9.7,22:17,17.4,12:11,32,1.9,5.3,11:10,64,99,,23,02:00,2025-05-07 08:39:14.533637,2025-05-07 08:39:14.533637
277694,136,2023-04-08,11.7,0,9,05:02,14.4,13:14,2,2.2,5.3,11:30,88,100,,77,13:10,2025-05-07 08:39:14.609785,2025-05-07 08:39:14.609785
277711,136,2023-04-09,12.2,0,8.6,06:37,15.7,14:50,18,1.1,6.7,23:50,83,99,,68,23:59,2025-05-07 08:39:14.675252,2025-05-07 08:39:14.675252
277729,136,2023-04-10,18.2,0,12.5,00:25,23.8,12:27,12,4.4,11.4,19:50,44,68,00:00,32,11:30,2025-05-07 08:39:14.749440,2025-05-07 08:39:14.749440
277746,136,2023-04-11,18.5,0,13.4,02:09,23.6,12:36,6,3.9,11.4,00:10,47,87,17:10,36,12:40,2025-05-07 08:39:14.829589,2025-05-07 08:39:14.829589
277763,136,2023-04-12,18.2,0,12.7,22:25,23.7,12:14,13,3.1,9.2,08:50,56,89,19:30,28,07:00,2025-05-07 08:39:14.910175,2025-05-07 08:39:14.910175
277780,136,2023-04-13,15.7,0,9.8,06:59,21.6,13:33,12,1.9,6.9,03:10,73,96,23:10,31,02:10,2025-05-07 08:39:14.977648,2025-05-07 08:39:14.977648
277797,136,2023-04-14,14.4,0.2,10.3,07:29,18.4,14:09,13,2.5,6.7,02:10,85,99,,69,14:10,2025-05-07 08:39:15.047402,2025-05-07 08:39:15.047402
277814,136,2023-04-15,15.2,0,7.4,06:37,23.1,13:17,10,1.9,5.8,00:10,78,100,,49,11:40,2025-05-07 08:39:15.129982,2025-05-07 08:39:15.129982
277831,136,2023-04-16,15,0,10.7,22:53,19.4,13:34,32,3.3,7.5,16:50,86,100,,65,13:00,2025-05-07 08:39:15.206408,2025-05-07 08:39:15.206408
277848,136,2023-04-17,14.9,0,10.7,03:33,19.1,11:23,28,3.3,8.9,08:40,88,99,,64,11:10,2025-05-07 08:39:15.277127,2025-05-07 08:39:15.277127
277865,136,2023-04-18,13.4,0,10.9,00:56,16,13:07,27,4.7,11.1,23:30,93,100,,81,13:50,2025-05-07 08:39:15.345698,2025-05-07 08:39:15.345698
277882,136,2023-04-19,14.5,0,10.3,23:31,18.7,14:11,30,3.6,11.4,02:20,85,100,,67,13:20,2025-05-07 08:39:15.417571,2025-05-07 08:39:15.417571
277899,136,2023-04-20,13.7,0,9.8,02:22,17.6,15:15,99,2.5,7.5,,80,94,,65,15:20,2025-05-07 08:39:15.497853,2025-05-07 08:39:15.497853
277916,136,2023-04-21,15.7,0,10,01:40,21.4,13:23,99,2.5,6.7,,66,93,23:30,48,13:00,2025-05-07 08:39:15.580616,2025-05-07 08:39:15.580616
277933,136,2023-04-22,16.1,0.6,11.5,02:10,20.7,11:14,28,1.9,6.4,23:10,75,98,22:30,60,10:10,2025-05-07 08:39:15.660321,2025-05-07 08:39:15.660321
277950,136,2023-04-23,14.5,0,10,23:32,19,12:54,34,1.9,5.6,15:50,83,100,07:40,69,14:00,2025-05-07 08:39:15.739320,2025-05-07 08:39:15.739320
277967,136,2023-04-24,16.3,0,9.8,00:23,22.8,12:10,36,1.4,4.7,14:10,55,99,00:30,24,06:20,2025-05-07 08:39:15.813907,2025-05-07 08:39:15.813907
277984,136,2023-04-25,16,0,10.3,00:12,21.8,14:06,31,1.9,4.2,17:40,60,97,20:40,28,07:20,2025-05-07 08:39:15.882189,2025-05-07 08:39:15.882189
278001,136,2023-04-26,19.4,0,13.6,00:01,25.3,10:01,30,1.1,6.1,02:50,58,87,19:30,30,08:50,2025-05-07 08:39:15.956196,2025-05-07 08:39:15.956196
278018,136,2023-04-27,21,0,14.5,19:54,27.4,12:13,28,1.1,5.8,22:00,54,95,19:50,26,07:00,2025-05-07 08:39:16.030373,2025-05-07 08:39:16.030373
278035,136,2023-04-28,19.9,0,14.7,24:00,25.1,12:33,3,1.4,5.3,22:50,39,50,18:50,26,00:00,2025-05-07 08:39:16.116864,2025-05-07 08:39:16.116864
278052,136,2023-04-29,20.1,0,14.4,00:11,25.8,13:32,12,3.9,9.2,22:50,33,46,07:30,23,13:00,2025-05-07 08:39:16.194995,2025-05-07 08:39:16.194995
278069,136,2023-04-30,21.9,0,16.1,01:49,27.7,13:13,10,3.1,7.5,08:30,39,54,19:20,27,00:30,2025-05-07 08:39:16.284659,2025-05-07 08:39:16.284659
278086,136,2023-05-01,20.8,0,15.3,06:28,26.3,12:16,9,3.3,8.1,14:00,32,48,00:20,25,10:00,2025-05-07 08:39:16.353170,2025-05-07 08:39:16.353170
278103,136,2023-05-02,23.6,0,17.2,02:11,29.9,11:52,99,1.4,5.3,,33,70,20:10,17,09:50,2025-05-07 08:39:16.442687,2025-05-07 08:39:16.442687
278120,136,2023-05-03,18.1,0.2,13.6,,22.6,11:57,29,3.1,7.5,05:10,71,98,,41,04:50,2025-05-07 08:39:16.508340,2025-05-07 08:39:16.508340
278137,136,2023-05-04,16.3,0.4,11.2,06:38,21.4,15:59,35,2.5,7.2,13:40,76,98,,52,13:00,2025-05-07 08:39:16.580093,2025-05-07 08:39:16.580093
278154,136,2023-05-05,15,0.2,11.1,06:11,18.8,14:41,30,2.2,8.1,23:10,93,100,08:10,65,15:30,2025-05-07 08:39:16.646419,2025-05-07 08:39:16.646419
278171,136,2023-05-06,14.9,1.2,11.8,03:14,18,13:50,33,2.5,10.6,22:30,93,100,,79,13:50,2025-05-07 08:39:16.750973,2025-05-07 08:39:16.750973
278187,136,2023-05-07,15.8,0.4,12.4,04:00,19.3,13:26,36,2.8,10.3,03:20,87,100,,65,11:20,2025-05-07 08:39:16.838259,2025-05-07 08:39:16.838259
278203,136,2023-05-08,15.8,0.2,11.8,05:40,19.7,13:40,2,1.9,8.3,00:40,82,100,,67,13:40,2025-05-07 08:39:16.913153,2025-05-07 08:39:16.913153
278220,136,2023-05-09,17.4,0,12.5,05:23,22.4,11:37,6,3.1,9.7,06:50,67,98,,52,09:10,2025-05-07 08:39:16.986272,2025-05-07 08:39:16.986272
278237,136,2023-05-10,19,0,12.7,02:31,25.4,12:38,12,1.1,8.3,22:40,80,100,,60,12:40,2025-05-07 08:39:17.060251,2025-05-07 08:39:17.060251
278254,136,2023-05-11,17.4,0,10.3,23:08,24.6,12:26,11,2.8,7.5,01:10,67,97,22:50,36,02:20,2025-05-07 08:39:17.127843,2025-05-07 08:39:17.127843
278271,136,2023-05-12,16.1,0,9.8,01:26,22.4,14:26,10,1.7,7.5,08:10,74,99,05:00,53,14:10,2025-05-07 08:39:17.194543,2025-05-07 08:39:17.194543
278288,136,2023-05-13,15.6,0,11.5,22:02,19.7,14:18,34,1.1,5.8,11:40,80,94,02:00,61,14:20,2025-05-07 08:39:17.260333,2025-05-07 08:39:17.260333
278305,136,2023-05-14,14.6,0,9.1,23:58,20.1,12:13,9,1.4,7.2,11:30,74,96,06:50,59,12:10,2025-05-07 08:39:17.320127,2025-05-07 08:39:17.320127
278322,136,2023-05-15,14.6,0,8.4,03:09,20.8,13:34,10,2.5,7.2,11:30,82,100,,60,12:30,2025-05-07 08:39:17.397296,2025-05-07 08:39:17.397296
278339,136,2023-05-16,14.2,1.4,11.5,04:44,17,12:47,36,2.8,6.4,13:30,89,100,,71,12:50,2025-05-07 08:39:17.475568,2025-05-07 08:39:17.475568
278356,136,2023-05-17,14.4,0.8,11,03:33,17.9,16:07,34,3.1,8.3,20:50,84,100,,61,16:10,2025-05-07 08:39:17.545331,2025-05-07 08:39:17.545331
278373,136,2023-05-18,14.9,0.2,10.9,02:25,18.9,15:38,31,3.3,9.7,04:40,85,100,,63,15:10,2025-05-07 08:39:17.617668,2025-05-07 08:39:17.617668
278390,136,2023-05-19,15,0,10.3,21:43,19.6,16:03,32,2.5,8.3,05:40,81,100,,56,12:50,2025-05-07 08:39:17.684088,2025-05-07 08:39:17.684088
278407,136,2023-05-20,13.6,0,10.2,23:56,17,10:48,35,2.8,6.4,15:10,80,97,,63,10:50,2025-05-07 08:39:17.749948,2025-05-07 08:39:17.749948
278424,136,2023-05-21,14.7,0.6,9.9,06:10,19.5,12:56,36,3.3,7.5,13:20,74,96,06:20,53,11:10,2025-05-07 08:39:17.818218,2025-05-07 08:39:17.818218
278441,136,2023-05-22,14.5,0.2,10.4,07:30,18.6,12:51,34,3.1,8.6,16:10,81,100,,61,12:30,2025-05-07 08:39:17.884328,2025-05-07 08:39:17.884328
278458,136,2023-05-23,13.4,0.6,9.6,23:16,17.3,15:32,29,1.9,7.2,16:50,84,98,,60,,2025-05-07 08:39:17.956246,2025-05-07 08:39:17.956246
278475,136,2023-05-24,14.1,0.2,9.6,01:25,18.6,14:02,32,2.2,6.4,11:50,81,99,07:20,56,14:10,2025-05-07 08:39:18.037557,2025-05-07 08:39:18.037557
278492,136,2023-05-25,14.2,0,10.1,06:17,18.3,17:38,34,1.9,5.6,18:10,84,97,,66,17:30,2025-05-07 08:39:18.111497,2025-05-07 08:39:18.111497
278510,136,2023-05-26,15.4,0,10.1,04:40,20.6,13:20,34,1.9,6.9,12:00,75,96,06:30,59,11:30,2025-05-07 08:39:18.183131,2025-05-07 08:39:18.183131
278528,136,2023-05-27,14.2,0,10,03:08,18.3,09:37,12,1.1,5,11:30,81,98,23:50,64,09:40,2025-05-07 08:39:18.259465,2025-05-07 08:39:18.259465
278546,136,2023-05-28,14.7,0,10.6,03:41,18.8,09:23,8,1.1,5.8,14:00,76,99,00:20,62,09:10,2025-05-07 08:39:18.337353,2025-05-07 08:39:18.337353
278564,136,2023-05-29,16.4,0,11.8,01:00,21,15:32,33,1.9,6.9,15:10,78,96,05:50,62,15:20,2025-05-07 08:39:18.420700,2025-05-07 08:39:18.420700
278582,136,2023-05-30,16.8,0,12,00:22,21.7,12:29,33,2.2,5.6,11:10,74,93,,58,12:30,2025-05-07 08:39:18.492457,2025-05-07 08:39:18.492457
278600,136,2023-05-31,17.4,0,11.4,04:47,23.5,14:11,28,1.9,5.8,05:40,59,96,,50,13:40,2025-05-07 08:39:18.592074,2025-05-07 08:39:18.592074
278618,136,2023-06-01,15.8,1,12.5,04:48,19,11:45,14,1.4,5.3,05:00,92,99,,78,11:40,2025-05-07 08:39:18.675812,2025-05-07 08:39:18.675812
278636,136,2023-06-02,17.2,0,13.2,01:01,21.1,11:40,34,3.1,7.8,11:30,88,100,,71,11:30,2025-05-07 08:39:18.748059,2025-05-07 08:39:18.748059
278654,136,2023-06-03,17.3,0,12.5,03:24,22.1,14:31,34,3.6,8.6,13:30,79,99,,61,14:50,2025-05-07 08:39:18.816354,2025-05-07 08:39:18.816354
278672,136,2023-06-04,18.2,0,12.6,06:23,23.8,17:12,34,1.9,5,11:40,61,99,06:00,52,07:30,2025-05-07 08:39:18.898415,2025-05-07 08:39:18.898415
278690,136,2023-06-05,18,0,13.7,05:48,22.3,13:29,12,1.1,5.3,09:50,82,99,,63,01:10,2025-05-07 08:39:18.967754,2025-05-07 08:39:18.967754
278708,136,2023-06-06,20.8,0,14.8,03:45,26.8,14:54,20,3.6,14.7,13:50,67,99,,42,05:40,2025-05-07 08:39:19.038830,2025-05-07 08:39:19.038830
278726,136,2023-06-07,21.8,0,15.6,21:22,28,12:33,23,3.6,19.2,13:50,65,97,23:40,54,14:40,2025-05-07 08:39:19.109457,2025-05-07 08:39:19.109457
278744,136,2023-06-08,17.8,2.2,13.1,23:13,22.5,11:35,10,0.8,5.8,11:00,94,99,,70,11:40,2025-05-07 08:40:22.164208,2025-05-07 08:40:22.164208
278762,136,2023-06-09,16,0.8,12.3,02:07,19.6,10:04,34,1.4,4.2,10:30,95,100,07:00,81,10:00,2025-05-07 08:40:22.237786,2025-05-07 08:40:22.237786
278780,136,2023-06-10,16.6,0.2,12,05:52,21.2,10:06,12,0.6,4.7,00:40,92,100,00:50,71,10:10,2025-05-07 08:40:22.325080,2025-05-07 08:40:22.325080
278798,136,2023-06-11,19,0,13.7,01:00,24.4,14:59,35,2.5,7.2,16:10,59,93,01:00,50,12:20,2025-05-07 08:40:22.399397,2025-05-07 08:40:22.399397
278816,136,2023-06-12,18.2,3.8,14.3,23:59,22.1,10:53,99,2.2,6.7,,84,100,,70,13:00,2025-05-07 08:40:22.479783,2025-05-07 08:40:22.479783
278834,136,2023-06-13,16.5,0,12.7,04:42,20.3,12:50,35,1.9,6.7,14:10,81,100,,65,16:30,2025-05-07 08:40:22.562494,2025-05-07 08:40:22.562494
278852,136,2023-06-14,18.4,0,12.4,01:22,24.3,15:06,4,1.4,5,09:50,74,99,02:50,48,22:40,2025-05-07 08:40:22.668446,2025-05-07 08:40:22.668446
278870,136,2023-06-15,19.2,0,14,01:58,24.5,13:56,34,1.4,4.7,16:10,79,99,,13,23:10,2025-05-07 08:40:22.758428,2025-05-07 08:40:22.758428
278888,136,2023-06-16,19.8,0,12.9,02:15,26.6,,35,2.2,4.7,13:00,66,100,06:40,12,00:00,2025-05-07 08:40:22.878838,2025-05-07 08:40:22.878838
278906,136,2023-06-17,20.2,0,14.1,22:38,26.4,13:06,31,1.7,5.3,17:10,65,98,23:40,49,08:30,2025-05-07 08:40:23.010010,2025-05-07 08:40:23.010010
278924,136,2023-06-18,18.6,0,13.6,01:19,23.6,14:37,28,3.3,7.5,23:50,80,100,,61,14:40,2025-05-07 08:40:23.107360,2025-05-07 08:40:23.107360
278941,136,2023-06-19,19.6,0,14.3,03:58,24.9,13:22,29,2.8,7.8,00:50,80,98,22:20,59,13:00,2025-05-07 08:40:23.177609,2025-05-07 08:40:23.177609
278958,136,2023-06-20,18.2,0,14.9,,21.5,13:03,28,1.7,5.8,23:59,86,98,,79,12:50,2025-05-07 08:40:23.252894,2025-05-07 08:40:23.252894
278976,136,2023-06-21,16.8,0.4,13.8,23:57,19.8,18:25,28,1.9,5,00:30,93,100,,80,18:30,2025-05-07 08:40:23.336060,2025-05-07 08:40:23.336060
278994,136,2023-06-22,18.4,0,13.1,05:06,23.6,10:42,7,1.1,5.8,10:50,91,100,,68,10:50,2025-05-07 08:40:23.413279,2025-05-07 08:40:23.413279
279012,136,2023-06-23,18.8,0,13.8,01:03,23.8,14:28,99,1.9,6.4,,79,99,,61,,2025-05-07 08:40:23.491867,2025-05-07 08:40:23.491867
279030,136,2023-06-24,18.2,0,14,05:33,22.3,13:43,34,3.6,8.1,15:10,80,98,,62,13:10,2025-05-07 08:40:23.586385,2025-05-07 08:40:23.586385
279048,136,2023-06-25,18.3,0,13.9,04:44,22.7,12:36,99,2.8,7.2,,90,100,,72,12:10,2025-05-07 08:40:23.658932,2025-05-07 08:40:23.658932
279066,136,2023-06-26,20.8,0,14,03:40,27.6,08:44,12,1.9,6.1,05:10,52,99,,13,04:40,2025-05-07 08:40:23.737672,2025-05-07 08:40:23.737672
279084,136,2023-06-27,29.6,0,22.9,00:51,36.4,12:17,14,2.8,8.9,04:40,32,47,13:40,8,02:50,2025-05-07 08:40:23.812227,2025-05-07 08:40:23.812227
279102,136,2023-06-28,31,0,24.9,23:10,37,12:20,10,2.5,6.7,11:00,14,25,07:40,10,03:50,2025-05-07 08:40:23.887108,2025-05-07 08:40:23.887108
279120,136,2023-06-29,28.6,0,22.5,23:30,34.6,13:18,27,1.9,5,15:10,21,39,16:50,13,09:00,2025-05-07 08:40:23.960713,2025-05-07 08:40:23.960713
279138,136,2023-06-30,20.8,0,15,21:46,26.7,09:04,4,1.9,6.7,05:30,50,96,,10,02:00,2025-05-07 08:40:24.045038,2025-05-07 08:40:24.045038
279156,136,2023-07-01,18.6,0,14.7,,22.5,15:50,32,2.8,6.9,17:00,86,97,05:50,64,14:40,2025-05-07 08:40:24.113588,2025-05-07 08:40:24.113588
279174,136,2023-07-02,19.5,0,14.7,05:50,24.3,13:03,99,2.2,5.3,,79,98,,61,13:00,2025-05-07 08:40:24.183336,2025-05-07 08:40:24.183336
279192,136,2023-07-03,22.2,0,15.4,06:13,29,14:25,11,0.6,4.2,09:30,73,98,,19,23:30,2025-05-07 08:40:24.255520,2025-05-07 08:40:24.255520
279210,136,2023-07-04,26.5,0,22.7,00:33,30.3,18:35,32,1.4,3.1,12:10,33,59,10:50,5,07:00,2025-05-07 08:40:24.337139,2025-05-07 08:40:24.337139
279228,136,2023-07-05,22.6,0.2,16.2,23:48,29,12:14,28,1.7,4.7,20:30,44,93,23:50,10,01:10,2025-05-07 08:40:24.428752,2025-05-07 08:40:24.428752
279246,136,2023-07-06,19,0,14.6,23:28,23.5,15:04,33,3.9,7.5,04:50,78,100,,62,13:10,2025-05-07 08:40:24.500328,2025-05-07 08:40:24.500328
279264,136,2023-07-07,19,0,14.4,03:48,23.7,14:47,33,2.2,6.7,16:30,79,97,03:50,59,14:50,2025-05-07 08:40:24.585864,2025-05-07 08:40:24.585864
279282,136,2023-07-08,18.9,0,13.8,02:48,24,14:39,35,2.5,6.7,16:20,76,95,,58,16:20,2025-05-07 08:40:24.656087,2025-05-07 08:40:24.656087
279300,136,2023-07-09,19,0,13.8,23:46,24.3,13:35,36,1.7,5.3,12:00,76,96,23:50,59,13:30,2025-05-07 08:40:24.734929,2025-05-07 08:40:24.734929
279318,136,2023-07-10,21.8,0,13.7,00:09,30,12:28,10,1.4,5,11:40,39,96,00:00,22,23:30,2025-05-07 08:40:24.811104,2025-05-07 08:40:24.811104
279336,136,2023-07-11,25.6,0,18.4,06:34,32.8,13:35,13,2.8,7.8,12:20,33,51,09:50,20,,2025-05-07 08:40:24.890681,2025-05-07 08:40:24.890681
279354,136,2023-07-12,,0,,,,,11,4.2,8.6,07:10,25,,,,,2025-05-07 08:40:24.972144,2025-05-07 08:40:24.972144
279371,136,2023-07-13,30.2,0,22.6,01:30,37.8,14:13,14,3.1,8.3,03:20,7,29,01:30,5,13:00,2025-05-07 08:40:25.044645,2025-05-07 08:40:25.044645
279389,136,2023-07-14,28.8,0,23.8,03:16,33.9,12:25,12,1.9,7.8,08:20,12,24,17:20,7,03:50,2025-05-07 08:40:25.137535,2025-05-07 08:40:25.137535
279407,136,2023-07-15,20.4,1.4,15.8,23:49,24.9,00:23,28,2.2,6.7,06:50,77,99,,18,01:30,2025-05-07 08:40:25.221022,2025-05-07 08:40:25.221022
279425,136,2023-07-16,17.6,2.8,14.3,,20.8,14:05,3,2.5,6.9,15:50,86,100,,69,13:20,2025-05-07 08:40:25.313550,2025-05-07 08:40:25.313550
279443,136,2023-07-17,17.2,0.2,13.7,05:05,20.6,13:18,1,1.9,7.5,00:40,89,100,,70,13:20,2025-05-07 08:40:25.391605,2025-05-07 08:40:25.391605
279461,136,2023-07-18,18,0,14,01:03,22.1,15:40,34,1.7,5.3,12:40,85,99,,70,16:30,2025-05-07 08:40:25.462357,2025-05-07 08:40:25.462357
279479,136,2023-07-19,20,0,14.8,02:55,25.2,13:54,32,2.2,6.1,14:40,61,99,,36,07:00,2025-05-07 08:40:25.538861,2025-05-07 08:40:25.538861
279497,136,2023-07-20,19.4,0,14.5,06:23,24.4,13:03,33,1.9,6.7,22:30,80,100,07:00,65,12:20,2025-05-07 08:40:25.610095,2025-05-07 08:40:25.610095
279515,136,2023-07-21,18.5,0.2,15.1,,21.9,12:45,28,2.5,6.1,16:20,83,100,06:50,70,15:30,2025-05-07 08:40:25.712453,2025-05-07 08:40:25.712453
279533,136,2023-07-22,18,0.8,14.9,05:13,21,12:53,2,1.9,7.2,04:50,84,100,,70,14:40,2025-05-07 08:40:25.826435,2025-05-07 08:40:25.826435
279551,136,2023-07-23,18.8,1,14.5,04:45,23.1,,32,2.8,7.5,04:00,83,100,,62,,2025-05-07 08:40:25.913635,2025-05-07 08:40:25.913635
279569,136,2023-07-24,18.1,0,14.4,07:39,21.8,15:20,33,2.5,6.1,04:40,86,100,,65,15:50,2025-05-07 08:40:26.012228,2025-05-07 08:40:26.012228
279587,136,2023-07-25,19.6,0,14.4,03:53,24.9,15:31,33,1.9,5,14:20,78,97,,60,,2025-05-07 08:40:26.102057,2025-05-07 08:40:26.102057
279605,136,2023-07-26,18.7,0,14.8,23:29,22.6,13:26,36,1.9,5.8,15:10,81,98,,67,16:00,2025-05-07 08:40:26.172431,2025-05-07 08:40:26.172431
279623,136,2023-07-27,18.6,0,14.5,05:46,22.7,13:44,34,3.1,7.8,14:40,78,97,,59,13:50,2025-05-07 08:40:26.251823,2025-05-07 08:40:26.251823
279641,136,2023-07-28,17.8,0.2,13.8,06:11,21.9,15:02,34,2.5,7.2,01:50,90,98,,61,15:00,2025-05-07 08:40:26.344120,2025-05-07 08:40:26.344120
279659,136,2023-07-29,20.5,0,14.5,,26.5,13:21,14,1.4,6.1,11:20,74,97,,30,23:50,2025-05-07 08:40:26.428776,2025-05-07 08:40:26.428776
279677,136,2023-07-30,24.8,0,19.1,05:53,30.4,15:31,12,2.2,5.8,00:20,37,60,10:40,13,07:00,2025-05-07 08:40:26.503509,2025-05-07 08:40:26.503509
279695,136,2023-07-31,25.8,0,19.3,06:30,32.2,12:45,11,2.5,6.7,16:20,31,53,22:00,16,01:30,2025-05-07 08:40:26.578717,2025-05-07 08:40:26.578717
279713,136,2023-08-01,24.7,0,19.4,04:33,30,12:37,9,1.7,6.7,01:30,51,64,19:00,34,15:40,2025-05-07 08:40:26.677069,2025-05-07 08:40:26.677069
279731,136,2023-08-02,21.5,0,15.8,03:57,27.2,11:37,3,1.1,5.8,06:50,50,97,23:50,26,05:30,2025-05-07 08:40:26.764059,2025-05-07 08:40:26.764059
279749,136,2023-08-03,21.4,0.2,15.5,05:51,27.3,12:55,10,1.1,6.1,09:20,74,99,06:40,55,,2025-05-07 08:40:26.847541,2025-05-07 08:40:26.847541
279767,136,2023-08-04,19,0.4,15,22:36,23.1,13:04,30,1.7,7.8,23:40,88,100,22:10,70,13:50,2025-05-07 08:40:26.922276,2025-05-07 08:40:26.922276
279785,136,2023-08-05,18.2,0,14,07:00,22.3,15:15,30,5.3,10.3,14:10,82,100,,63,15:00,2025-05-07 08:40:26.994723,2025-05-07 08:40:26.994723
279803,136,2023-08-06,19.3,0,14.7,04:03,23.9,14:59,99,5,9.2,,80,98,,62,,2025-05-07 08:40:27.092772,2025-05-07 08:40:27.092772
279821,136,2023-08-07,19.6,0,15,24:00,24.1,13:18,34,3.3,7.5,15:50,84,98,,63,14:40,2025-05-07 08:40:27.162540,2025-05-07 08:40:27.162540
279839,136,2023-08-08,19.6,0,14.8,00:18,24.5,12:23,33,2.5,6.1,17:40,80,100,,65,14:10,2025-05-07 08:40:27.248684,2025-05-07 08:40:27.248684
279857,136,2023-08-09,22,0,15,,29,11:13,1,1.1,5.3,15:10,77,98,,29,20:50,2025-05-07 08:40:27.315676,2025-05-07 08:40:27.315676
279875,136,2023-08-10,28,0,20,01:30,35.9,16:37,15,2.8,8.1,06:30,26,47,17:20,16,19:30,2025-05-07 08:40:27.386809,2025-05-07 08:40:27.386809
279893,136,2023-08-11,32.6,0,25.5,00:04,39.8,12:49,13,2.8,10,09:10,17,36,00:10,14,11:00,2025-05-07 08:40:27.462355,2025-05-07 08:40:27.462355
279911,136,2023-08-12,34,0,28.1,01:07,39.8,14:22,11,3.1,8.6,04:00,21,35,16:00,17,14:30,2025-05-07 08:40:27.541042,2025-05-07 08:40:27.541042
279929,136,2023-08-13,33.4,0,27.1,23:27,39.8,11:33,99,3.1,6.4,,19,36,15:20,13,,2025-05-07 08:40:27.617430,2025-05-07 08:40:27.617430
279947,136,2023-08-14,28,0,22.3,21:45,33.8,12:39,13,3.9,7.2,12:20,24,44,21:30,15,,2025-05-07 08:40:27.704855,2025-05-07 08:40:27.704855
279965,136,2023-08-15,26.4,0,20.3,19:38,32.4,12:28,13,2.2,6.9,14:40,38,75,19:20,15,07:00,2025-05-07 08:40:27.781240,2025-05-07 08:40:27.781240
279983,136,2023-08-16,23.4,0,16.5,20:57,30.3,10:38,12,1.9,7.5,06:00,37,91,20:40,7,07:30,2025-05-07 08:40:27.855316,2025-05-07 08:40:27.855316
280001,136,2023-08-17,22.6,0,16.2,07:01,29.1,12:17,12,1.7,7.5,10:50,68,82,07:00,5,00:00,2025-05-07 08:40:27.931661,2025-05-07 08:40:27.931661
280019,136,2023-08-18,25.1,0,17.8,00:01,32.4,11:48,11,3.1,8.3,03:00,24,50,14:40,16,18:00,2025-05-07 08:40:28.003392,2025-05-07 08:40:28.003392
280037,136,2023-08-19,24.4,1.6,19.4,19:30,29.3,10:47,22,3.9,13.3,17:30,29,75,19:00,11,07:00,2025-05-07 08:40:28.072174,2025-05-07 08:40:28.072174
280055,136,2023-08-20,26.2,2,21.2,01:50,31.2,12:20,11,3.9,10.6,09:30,41,58,08:10,31,04:10,2025-05-07 08:40:28.158891,2025-05-07 08:40:28.158891
280073,136,2023-08-21,26.7,0,19.9,01:42,33.5,10:01,14,1.4,7.8,01:30,33,70,02:20,30,09:50,2025-05-07 08:40:28.247604,2025-05-07 08:40:28.247604
280091,136,2023-08-22,28,0,23.5,23:56,32.6,13:30,36,2.2,5.8,14:30,24,39,,19,13:00,2025-05-07 08:40:28.322780,2025-05-07 08:40:28.322780
280109,136,2023-08-23,27.6,0,21.8,02:25,33.3,13:21,13,2.2,5.6,05:20,31,42,01:10,27,11:00,2025-05-07 08:40:28.400482,2025-05-07 08:40:28.400482
280127,136,2023-08-24,28.2,0,22.7,00:06,33.6,10:09,10,2.5,5.8,11:50,37,52,15:20,25,,2025-05-07 08:40:28.470589,2025-05-07 08:40:28.470589
280145,136,2023-08-25,26.1,0,20,01:11,32.2,11:23,25,3.6,16.7,16:10,44,81,15:50,22,07:00,2025-05-07 08:40:28.543941,2025-05-07 08:40:28.543941
280163,136,2023-08-26,25.8,0,20.9,,30.7,14:45,28,2.8,8.6,00:10,51,67,06:40,40,14:30,2025-05-07 08:40:28.614070,2025-05-07 08:40:28.614070
280181,136,2023-08-27,22.8,0,17,,28.5,12:24,35,2.8,9.2,09:10,50,93,23:40,36,04:20,2025-05-07 08:40:28.697369,2025-05-07 08:40:28.697369
280199,136,2023-08-28,19,0,15,21:32,22.9,14:20,33,1.9,6.1,13:10,80,98,07:40,58,22:40,2025-05-07 08:40:28.771147,2025-05-07 08:40:28.771147
280217,136,2023-08-29,19.5,0,14.8,03:58,24.2,13:13,99,2.2,6.1,,73,95,23:30,56,12:50,2025-05-07 08:40:28.869485,2025-05-07 08:40:28.869485
280235,136,2023-08-30,20,0,15.4,04:05,24.5,14:04,35,1.7,6.4,13:10,78,95,,60,14:10,2025-05-07 08:40:28.960431,2025-05-07 08:40:28.960431
280253,136,2023-08-31,20.4,0,14.8,06:10,25.9,13:44,10,1.7,7.5,12:40,74,96,,56,13:30,2025-05-07 08:40:29.030993,2025-05-07 08:40:29.030993
280271,136,2023-09-01,20.7,0,15.8,,25.6,12:17,33,1.7,5,17:20,79,97,,58,12:20,2025-05-07 08:40:29.100713,2025-05-07 08:40:29.100713
280289,136,2023-09-02,19.6,6.6,15.1,04:16,24.1,14:32,28,2.5,9.2,23:00,77,97,23:10,61,17:10,2025-05-07 08:40:29.177665,2025-05-07 08:40:29.177665
280307,136,2023-09-03,17.4,3.2,14.8,23:51,19.9,16:04,30,3.1,9.2,04:10,88,100,,64,16:00,2025-05-07 08:40:29.247597,2025-05-07 08:40:29.247597
280325,136,2023-09-04,18,0,13.7,03:53,22.3,14:32,33,3.1,7.2,15:20,86,99,00:00,56,16:30,2025-05-07 08:40:29.318763,2025-05-07 08:40:29.318763
280343,136,2023-09-05,18.6,0,13.9,01:16,23.4,13:12,35,0.8,5.3,13:20,73,97,,58,13:00,2025-05-07 08:40:29.417870,2025-05-07 08:40:29.417870
280361,136,2023-09-06,20.6,0,14.1,06:49,27.1,13:22,11,2.8,7.5,07:40,77,97,07:10,45,23:00,2025-05-07 08:40:29.566913,2025-05-07 08:40:29.566913
280379,136,2023-09-07,21.3,0,15.8,01:39,26.8,11:05,12,1.7,7.5,04:20,65,73,16:50,40,02:50,2025-05-07 08:40:29.743190,2025-05-07 08:40:29.743190
280397,136,2023-09-08,20.7,0.6,16.1,20:16,25.3,12:04,34,1.9,6.1,10:20,76,98,18:30,45,03:30,2025-05-07 08:40:29.937904,2025-05-07 08:40:29.937904
280415,136,2023-09-09,20.3,0,15.8,06:22,24.8,12:27,32,3.1,6.7,16:10,70,96,23:50,52,13:00,2025-05-07 08:40:30.155375,2025-05-07 08:40:30.155375
280433,136,2023-09-10,19.8,0,15.3,06:01,24.4,13:29,35,2.2,6.1,11:20,81,96,,63,13:30,2025-05-07 08:40:30.418037,2025-05-07 08:40:30.418037
280451,136,2023-09-11,19,0,14.9,03:24,23.1,11:58,36,1.7,5.3,12:10,81,95,,69,12:00,2025-05-07 08:40:30.724233,2025-05-07 08:40:30.724233
280469,136,2023-09-12,19.4,0,14.7,01:55,24,13:26,36,1.7,7.2,12:40,80,97,01:10,58,13:30,2025-05-07 08:40:30.925418,2025-05-07 08:40:30.925418
280487,136,2023-09-13,18.9,4.2,15,00:33,22.8,11:42,36,1.7,6.7,15:30,79,98,,61,13:00,2025-05-07 08:40:31.191222,2025-05-07 08:40:31.191222
280505,136,2023-09-14,18.6,2,15.1,04:03,22.2,14:39,35,2.2,7.5,23:20,88,100,,63,14:30,2025-05-07 08:40:31.454357,2025-05-07 08:40:31.454357
280523,136,2023-09-15,18.7,0.2,15.4,05:20,22,12:12,1,1.7,7.8,22:10,86,100,,63,14:20,2025-05-07 08:40:31.701743,2025-05-07 08:40:31.701743
280541,136,2023-09-16,19.8,13,14.5,06:31,25.1,13:27,99,2.2,6.4,,78,100,,56,13:00,2025-05-07 08:40:31.993575,2025-05-07 08:40:31.993575
280559,136,2023-09-17,16,26.6,14.2,23:02,17.7,15:02,34,1.1,7.8,08:50,99,100,,98,12:50,2025-05-07 08:40:32.255508,2025-05-07 08:40:32.255508
280577,136,2023-09-18,16.1,0.2,12.8,07:05,19.4,16:57,4,1.9,7.2,13:00,87,100,,70,16:40,2025-05-07 08:40:32.473017,2025-05-07 08:40:32.473017
280595,136,2023-09-19,17.8,0.8,13.9,07:02,21.8,13:45,8,1.9,6.7,12:20,76,99,,55,12:40,2025-05-07 08:40:32.703568,2025-05-07 08:40:32.703568
280613,136,2023-09-20,16.3,0.2,12.4,06:13,20.2,13:54,1,1.4,6.4,12:50,84,99,,73,09:50,2025-05-07 08:40:32.985821,2025-05-07 08:40:32.985821
280631,136,2023-09-21,17.8,0.2,13.3,05:24,22.4,13:33,3,1.4,6.4,14:30,78,99,,57,13:00,2025-05-07 08:40:33.250417,2025-05-07 08:40:33.250417
280649,136,2023-09-22,18.8,3.6,14.5,01:40,23.2,12:29,8,1.1,6.1,13:30,80,100,06:50,59,12:40,2025-05-07 08:40:33.477100,2025-05-07 08:40:33.477100
280667,136,2023-09-23,18.2,0.6,14.3,23:58,22,14:21,33,2.2,8.1,12:10,85,100,,59,15:20,2025-05-07 08:40:33.690647,2025-05-07 08:40:33.690647
280685,136,2023-09-24,17.9,0,14,00:07,21.8,12:22,32,1.9,6.1,13:50,81,98,,63,14:50,2025-05-07 08:40:33.956412,2025-05-07 08:40:33.956412
280703,136,2023-09-25,19.6,0,14.9,04:15,24.3,13:03,99,1.7,6.4,,56,96,,28,13:10,2025-05-07 08:40:34.217648,2025-05-07 08:40:34.217648
280721,136,2023-09-26,19.4,0,15.1,07:03,23.8,13:47,32,2.2,6.4,15:00,81,97,,67,13:40,2025-05-07 08:40:34.453470,2025-05-07 08:40:34.453470
280739,136,2023-09-27,,,,,,,0,1.4,,,75,,,,,2025-05-07 08:40:34.732949,2025-05-07 08:40:34.732949
280757,136,2023-09-28,18.7,0,14.8,01:59,22.6,14:30,35,2.2,6.9,17:10,88,98,07:00,65,14:10,2025-05-07 08:40:35.069736,2025-05-07 08:40:35.069736
280775,136,2023-09-29,20.4,0,15.8,02:10,25,23:58,11,1.1,7.5,20:40,83,97,,28,23:59,2025-05-07 08:40:35.327706,2025-05-07 08:40:35.327706
280793,136,2023-09-30,26.8,0,22.4,05:26,31.3,13:36,99,1.7,5.8,14:40,48,68,18:00,25,09:40,2025-05-07 08:40:35.595566,2025-05-07 08:40:35.595566
280811,136,2023-10-01,25.8,0,20.8,06:34,30.8,11:56,10,3.3,8.1,11:20,32,48,,20,09:40,2025-05-07 08:40:35.818824,2025-05-07 08:40:35.818824
280829,136,2023-10-02,25.4,0,19.9,06:07,31,13:51,12,4.2,9.7,12:40,32,42,07:40,23,21:40,2025-05-07 08:40:36.085469,2025-05-07 08:40:36.085469
280847,136,2023-10-03,26.4,0,21.6,05:17,31.1,12:37,11,3.9,11.7,11:20,28,36,18:00,21,11:00,2025-05-07 08:40:36.361271,2025-05-07 08:40:36.361271
280865,136,2023-10-04,28.2,0,23.5,00:57,33,12:34,13,5.3,11.7,10:10,17,29,01:40,16,13:00,2025-05-07 08:40:36.608104,2025-05-07 08:40:36.608104
280883,136,2023-10-05,26.8,0,20.9,05:27,32.6,13:17,12,4.7,10.8,13:20,25,36,04:50,17,00:50,2025-05-07 08:40:36.848664,2025-05-07 08:40:36.848664
280901,136,2023-10-06,27.3,0,22.9,23:53,31.7,13:12,12,4.4,11.4,10:00,20,32,00:00,15,13:00,2025-05-07 08:40:37.161277,2025-05-07 08:40:37.161277
280919,136,2023-10-07,27.2,0,21.8,00:17,32.7,13:37,13,5.3,16.4,10:00,25,34,21:10,21,,2025-05-07 08:40:37.470630,2025-05-07 08:40:37.470630
280937,136,2023-10-08,28.4,0,23.9,05:14,33,13:18,13,4.7,18.3,07:20,23,34,19:00,19,13:30,2025-05-07 08:40:37.752678,2025-05-07 08:40:37.752678
280955,136,2023-10-09,28.8,0,25.2,00:50,32.5,12:06,13,5.6,16.7,04:30,14,25,00:50,12,13:00,2025-05-07 08:40:38.043625,2025-05-07 08:40:38.043625
280973,136,2023-10-10,27.2,0,22.3,23:41,32.2,14:40,14,4.4,13.9,08:00,17,25,18:10,15,13:00,2025-05-07 08:40:38.280927,2025-05-07 08:40:38.280927
280991,136,2023-10-11,26.2,0,21.6,05:33,30.9,12:46,15,3.3,10,12:40,20,32,18:40,16,10:30,2025-05-07 08:40:38.458823,2025-05-07 08:40:38.458823
281009,136,2023-10-12,25.4,0,19.9,07:01,30.8,12:30,10,3.3,6.7,11:30,19,31,14:00,11,10:30,2025-05-07 08:40:38.694454,2025-05-07 08:40:38.694454
281027,136,2023-10-13,26.6,0,21.5,01:53,31.7,13:58,14,4.4,11.7,11:10,18,28,,15,15:20,2025-05-07 08:40:38.960192,2025-05-07 08:40:38.960192
281045,136,2023-10-14,27.2,0,21.9,00:01,32.5,11:47,14,2.8,11.7,05:30,22,31,18:50,18,,2025-05-07 08:40:39.282856,2025-05-07 08:40:39.282856
281063,136,2023-10-15,25.8,0,20.9,23:48,30.6,11:37,13,2.5,8.3,10:50,26,34,18:10,19,00:00,2025-05-07 08:40:39.550165,2025-05-07 08:40:39.550165
281081,136,2023-10-16,24.8,0,21,00:04,28.7,13:10,35,1.1,5.8,13:20,27,48,18:40,19,13:00,2025-05-07 08:40:39.766473,2025-05-07 08:40:39.766473
281099,136,2023-10-17,20.7,0,16.4,23:42,25,11:57,33,1.7,6.1,11:40,68,98,,32,00:00,2025-05-07 08:40:39.993306,2025-05-07 08:40:39.993306
281117,136,2023-10-18,18.3,0,15.4,23:34,21.2,11:01,28,1.4,4.4,23:40,87,97,00:30,74,16:40,2025-05-07 08:40:40.253522,2025-05-07 08:40:40.253522
281135,136,2023-10-19,17.4,5.4,13.7,05:46,21.1,15:50,28,1.9,11.4,22:40,80,97,05:20,56,18:00,2025-05-07 08:40:40.490765,2025-05-07 08:40:40.490765
281153,136,2023-10-20,16.4,20,14.1,,18.8,00:04,32,3.1,10.8,06:00,100,100,,74,00:00,2025-05-07 08:40:40.745182,2025-05-07 08:40:40.745182
281171,136,2023-10-21,17.2,8.8,13.2,02:38,21.3,15:21,28,1.7,6.9,23:20,89,100,00:00,69,15:20,2025-05-07 08:40:40.985326,2025-05-07 08:40:40.985326
281189,136,2023-10-22,15.8,76.4,14.5,23:21,17.1,13:29,33,3.9,9.7,06:20,100,100,,97,00:00,2025-05-07 08:40:41.205109,2025-05-07 08:40:41.205109
281207,136,2023-10-23,15.6,5.6,13.1,23:13,18.1,16:00,33,2.8,9.4,06:30,98,100,,85,16:00,2025-05-07 08:40:41.427964,2025-05-07 08:40:41.427964
281225,136,2023-10-24,15.8,0,12.8,04:19,18.9,13:41,1,1.7,6.1,13:50,86,100,,69,13:00,2025-05-07 08:40:41.697562,2025-05-07 08:40:41.697562
281243,136,2023-10-25,16.5,0.6,12.4,01:07,20.6,13:10,8,2.5,6.9,15:50,82,99,,63,13:00,2025-05-07 08:40:41.956197,2025-05-07 08:40:41.956197
281261,136,2023-10-26,16.2,2.4,13.9,04:55,18.4,14:53,34,1.7,5.3,11:50,96,100,,82,16:00,2025-05-07 08:40:42.190166,2025-05-07 08:40:42.190166
281279,136,2023-10-27,16.8,1.8,14.3,22:31,19.3,14:24,34,1.4,5,10:00,97,100,,87,11:20,2025-05-07 08:40:42.475713,2025-05-07 08:40:42.475713
281297,136,2023-10-28,16.8,0,13.7,02:55,19.9,12:46,10,1.1,4.4,02:20,94,100,,86,12:50,2025-05-07 08:40:42.706423,2025-05-07 08:40:42.706423
281315,136,2023-10-29,17.8,0.2,14.2,02:19,21.3,12:02,99,0.8,4.7,11:30,92,100,,76,11:00,2025-05-07 08:40:42.951518,2025-05-07 08:40:42.951518
281333,136,2023-10-30,17.4,0,13.8,06:22,21,11:58,12,2.2,5.6,04:30,88,100,,71,10:10,2025-05-07 08:40:43.181042,2025-05-07 08:40:43.181042
281351,136,2023-10-31,19.6,0,14.6,00:08,24.7,12:15,10,1.7,6.7,13:30,82,97,18:50,42,21:50,2025-05-07 08:40:43.415152,2025-05-07 08:40:43.415152
281369,136,2023-11-01,18.8,0.2,15.5,05:31,22.1,14:01,34,1.9,5.3,16:00,89,99,06:50,65,14:30,2025-05-07 08:40:43.687657,2025-05-07 08:40:43.687657
281387,136,2023-11-02,17.2,0,14.1,,20.4,13:01,36,2.2,6.4,16:50,88,99,,71,12:50,2025-05-07 08:40:43.951403,2025-05-07 08:40:43.951403
281405,136,2023-11-03,16.1,4,13.1,19:40,19.1,11:50,36,2.2,7.2,06:50,99,100,,85,10:20,2025-05-07 08:40:44.252849,2025-05-07 08:40:44.252849
281423,136,2023-11-04,16,0.2,13.1,07:12,19,14:24,99,1.9,4.7,,92,100,,75,13:30,2025-05-07 08:40:44.541844,2025-05-07 08:40:44.541844
281441,136,2023-11-05,16.8,46.4,13.4,01:40,20.2,14:17,4,2.2,8.9,20:40,85,100,,70,13:30,2025-05-07 08:40:44.806562,2025-05-07 08:40:44.806562
281459,136,2023-11-06,14.2,11.6,11.8,23:10,16.6,12:46,36,3.3,11.7,19:30,94,100,,82,12:50,2025-05-07 08:40:45.052356,2025-05-07 08:40:45.052356
281477,136,2023-11-07,13.2,2.2,11.2,07:31,15.1,13:06,2,3.3,11.7,05:40,84,100,,72,13:00,2025-05-07 08:40:45.314164,2025-05-07 08:40:45.314164
281495,136,2023-11-08,15,0.4,11.9,04:14,18.2,12:09,35,2.2,10.3,16:00,88,99,,73,12:00,2025-05-07 08:40:45.600081,2025-05-07 08:40:45.600081
281513,136,2023-11-09,15.9,0.2,12.7,00:45,19.1,13:48,4,1.4,7.8,00:20,87,100,,69,13:50,2025-05-07 08:40:45.793512,2025-05-07 08:40:45.793512
281531,136,2023-11-10,17.1,0.4,12.5,00:47,21.7,11:25,14,3.9,8.6,22:10,47,98,00:10,29,13:00,2025-05-07 08:40:45.993905,2025-05-07 08:40:45.993905
281549,136,2023-11-11,17.2,0.4,14.3,23:39,20.2,13:18,10,3.6,8.3,09:40,93,100,,72,00:00,2025-05-07 08:40:46.248987,2025-05-07 08:40:46.248987
281567,136,2023-11-12,18.6,0,11.2,07:22,26,12:33,13,3.1,7.2,18:40,59,100,,25,11:30,2025-05-07 08:40:46.463113,2025-05-07 08:40:46.463113
281585,136,2023-11-13,21.8,0,18.2,05:04,25.3,13:26,12,3.6,8.3,11:50,36,53,15:40,29,06:00,2025-05-07 08:40:46.696242,2025-05-07 08:40:46.696242
281603,136,2023-11-14,23.7,0,18.5,00:10,28.9,12:10,15,1.7,8.3,23:00,32,59,16:50,23,04:40,2025-05-07 08:40:46.955275,2025-05-07 08:40:46.955275
281620,136,2023-11-15,23.5,0,19.9,22:56,27.1,13:36,12,4.2,10.3,11:10,28,34,08:00,22,00:00,2025-05-07 08:40:47.195223,2025-05-07 08:40:47.195223
281638,136,2023-11-16,20.8,0,17.4,18:15,24.1,12:07,12,3.1,8.3,12:40,29,37,05:10,25,13:40,2025-05-07 08:40:47.437728,2025-05-07 08:40:47.437728
281656,136,2023-11-17,21.1,0,17.1,02:54,25.1,11:56,13,3.9,8.1,00:10,42,65,17:40,22,02:00,2025-05-07 08:40:47.675297,2025-05-07 08:40:47.675297
281674,136,2023-11-18,,,,,,,0,3.1,,,43,,,,,2025-05-07 08:40:47.992063,2025-05-07 08:40:47.992063
281692,136,2023-11-19,21.6,0,17.7,22:46,25.6,13:29,12,2.5,8.1,13:00,31,51,17:30,25,,2025-05-07 08:40:48.342104,2025-05-07 08:40:48.342104
281710,136,2023-11-20,21.2,0,16.9,06:08,25.6,11:27,14,4.2,13.9,22:40,28,35,,22,20:50,2025-05-07 08:40:48.635849,2025-05-07 08:40:48.635849
281728,136,2023-11-21,20,0,18,23:56,22.1,13:55,11,4.7,15.3,02:00,24,41,15:00,21,02:10,2025-05-07 08:40:48.919294,2025-05-07 08:40:48.919294
281746,136,2023-11-22,20.2,0,17.2,08:36,23.3,13:46,14,2.5,8.1,02:40,40,71,10:40,22,07:00,2025-05-07 08:40:49.215315,2025-05-07 08:40:49.215315
281764,136,2023-11-23,17.6,0,12.5,21:28,22.8,12:59,27,1.4,4.7,05:50,47,96,20:30,22,00:00,2025-05-07 08:40:49.527589,2025-05-07 08:40:49.527589
281782,136,2023-11-24,15.5,1,12.4,06:15,18.6,11:45,2,0.8,6.9,20:40,84,98,,34,02:50,2025-05-07 08:40:49.758872,2025-05-07 08:40:49.758872
281800,136,2023-11-25,13.6,0.2,11.6,22:20,15.6,15:41,1,1.7,6.9,12:20,93,100,,76,15:40,2025-05-07 08:40:49.994812,2025-05-07 08:40:49.994812
281818,136,2023-11-26,14.5,0.4,10.4,23:29,18.6,13:41,12,2.2,5.3,11:00,81,99,10:20,65,13:30,2025-05-07 08:40:50.209815,2025-05-07 08:40:50.209815
281836,136,2023-11-27,13.5,0,10.4,23:50,16.6,11:35,99,1.4,5,00:20,89,97,,69,11:40,2025-05-07 08:40:50.439685,2025-05-07 08:40:50.439685
281854,136,2023-11-28,14.9,0,10.1,06:06,19.7,12:59,13,2.2,5.8,11:20,78,98,03:40,55,13:00,2025-05-07 08:40:50.707772,2025-05-07 08:40:50.707772
281872,136,2023-11-29,14.4,0,10.7,04:41,18,13:03,11,1.9,6.1,08:10,87,99,,72,11:10,2025-05-07 08:40:50.907767,2025-05-07 08:40:50.907767
