id,station_id,date,avg_temp,precipitation,min_temp,min_temp_time,max_temp,max_temp_time,wind_direction,avg_wind_speed,wind_gust,wind_gust_time,avg_humidity,max_humidity,max_humidity_time,min_humidity,min_humidity_time,created_at,updated_at
150823,137,2015-05-18,,,,,,,1,3.9,11.1,15:15,,,,,,2025-05-06 14:31:02.038324,2025-05-06 14:31:02.038324
151992,137,1996-05-10,17.5,0,13,06:00,22,14:00,0,,,,83,,,,,2025-05-06 14:31:50.318403,2025-05-06 14:31:50.318403
152062,137,1996-05-20,17.5,0,15,,20,14:00,0,,,,76,,,,,2025-05-06 14:31:50.518689,2025-05-06 14:31:50.518689
152202,137,1996-06-09,21,0,17,,25,15:00,9,9.7,16.1,16:00,76,,,,,2025-05-06 14:31:50.958970,2025-05-06 14:31:50.958970
189866,137,2007-05-02,,,,,,,9,3.6,11.9,20:45,,,,,,2025-05-06 18:44:25.908708,2025-05-06 18:44:25.908708
189995,137,2007-05-15,,,,,,,3,5.8,15.3,01:18,,,,,,2025-05-06 18:44:26.649085,2025-05-06 18:44:26.649085
152405,137,1996-07-08,22,0,18,06:00,26,16:00,9,12.8,18.1,16:00,76,,,,,2025-05-06 14:31:51.539783,2025-05-06 14:31:51.539783
190123,137,2007-05-28,,,,,,,3,5,11.9,01:30,,,,,,2025-05-06 18:44:27.397482,2025-05-06 18:44:27.397482
193100,137,2008-03-30,,,,,,,7,7.2,21.1,23:03,,,,,,2025-05-06 18:46:47.488328,2025-05-06 18:46:47.488328
193610,137,2008-05-22,,,,,,,3,5.3,13.1,15:40,,,,,,2025-05-06 18:46:50.634691,2025-05-06 18:46:50.634691
152475,137,1996-07-18,21.5,0,18,06:00,25,16:00,3,8.3,16.1,16:30,79,,,,,2025-05-06 14:31:51.733351,2025-05-06 14:31:51.733351
193739,137,2008-06-04,,,,,,,6,4.7,12.2,00:02,,,,,,2025-05-06 18:46:51.433786,2025-05-06 18:46:51.433786
197393,137,2009-04-14,,,,,,,15,5.3,10,06:50,,,,,,2025-05-06 18:49:19.963413,2025-05-06 18:49:19.963413
152685,137,1996-08-17,24.5,0,21,02:00,28,16:00,9,15,20,19:30,67,,,,,2025-05-06 14:31:52.335332,2025-05-06 14:31:52.335332
152895,137,1996-09-16,25.5,0,20,03:00,31,15:00,3,3.3,10,18:55,60,,,,,2025-05-06 14:31:52.904800,2025-05-06 14:31:52.904800
152965,137,1996-09-26,22.5,0,20,06:00,25,14:00,3,8.1,13.1,12:55,74,,,,,2025-05-06 14:31:53.094881,2025-05-06 14:31:53.094881
159658,137,1995-05-01,18,0,15,,21,16:00,36,6.4,10,16:40,87,,,,,2025-05-06 18:11:55.986621,2025-05-06 18:11:55.986621
159735,137,1995-05-12,18.5,0,15,,22,17:00,6,13.3,18.1,15:10,86,,,,,2025-05-06 18:11:56.243996,2025-05-06 18:11:56.243996
159812,137,1995-05-23,19,0,15,06:00,23,14:00,3,8.6,13.9,16:20,84,,,,,2025-05-06 18:11:56.534015,2025-05-06 18:11:56.534015
160022,137,1995-06-22,21,0,17,,25,16:00,36,10,16.1,16:40,84,,,,,2025-05-06 18:11:57.188772,2025-05-06 18:11:57.188772
160162,137,1995-07-12,23.5,0,20,,27,16:00,9,11.1,16.1,08:00,80,,,,,2025-05-06 18:11:57.624919,2025-05-06 18:11:57.624919
160232,137,1995-07-22,27,0,20,,34,02:00,3,8.3,16.1,12:00,71,,,,,2025-05-06 18:11:57.846323,2025-05-06 18:11:57.846323
160309,137,1995-08-02,23,0,20,06:00,26,14:00,9,11.7,20,03:20,86,,,,,2025-05-06 18:11:58.103458,2025-05-06 18:11:58.103458
160456,137,1995-08-23,23,0,19,06:00,27,15:00,3,6.7,10,14:00,83,,,,,2025-05-06 18:11:58.564719,2025-05-06 18:11:58.564719
161161,137,1995-12-02,18,0,15,06:00,21,15:00,0,,,,77,,,,,2025-05-06 18:14:26.266649,2025-05-06 18:14:26.266649
161227,137,1995-12-13,18,33.2,15,,21,15:00,0,,,,73,,,,,2025-05-06 18:14:26.498320,2025-05-06 18:14:26.498320
161293,137,1995-12-24,18,0,14,09:00,22,12:00,0,,,,80,,,,,2025-05-06 18:14:26.703825,2025-05-06 18:14:26.703825
161299,137,1995-12-25,16.5,0,13,05:00,20,16:00,0,,,,86,,,,,2025-05-06 18:14:26.721402,2025-05-06 18:14:26.721402
161976,137,1996-04-01,16,0,12,06:00,20,16:00,3,7.8,11.1,11:40,83,,,,,2025-05-06 18:14:29.124596,2025-05-06 18:14:29.124596
162046,137,1996-04-11,17,0,12,05:00,22,15:00,36,2.2,8.1,10:45,80,,,,,2025-05-06 18:14:29.355038,2025-05-06 18:14:29.355038
162318,137,1996-11-16,16.5,0,13,06:00,20,14:00,3,4.7,8.1,16:00,78,,,,,2025-05-06 18:19:46.361439,2025-05-06 18:19:46.361439
162388,137,1996-11-26,18,0,15,06:00,21,14:00,9,6.7,15,05:10,84,,,,,2025-05-06 18:19:46.605889,2025-05-06 18:19:46.605889
162743,137,1997-01-16,16.5,0,13,06:00,20,16:00,3,3.1,6.1,13:15,81,,,,,2025-05-06 18:19:47.898513,2025-05-06 18:19:47.898513
163018,137,1997-02-20,23,0,18,02:00,28,14:00,9,6.1,15,05:58,55,,,,,2025-05-06 18:19:48.881454,2025-05-06 18:19:48.881454
163377,137,1997-04-06,19,0,16,,22,14:00,24,10,18.1,02:05,78,,,,,2025-05-06 18:19:50.191525,2025-05-06 18:19:50.191525
163385,137,1997-04-07,19,0,15,,23,16:00,3,4.4,8.9,13:55,79,,,,,2025-05-06 18:19:50.221213,2025-05-06 18:19:50.221213
163497,137,1997-04-21,17,0,14,,20,14:00,32,5.3,8.9,,86,,,,,2025-05-06 18:20:51.612384,2025-05-06 18:20:51.612384
163505,137,1997-04-22,18,0,14,,22,14:00,2,5.6,10,16:00,83,,,,,2025-05-06 18:20:51.660622,2025-05-06 18:20:51.660622
163513,137,1997-04-23,19,0,15,,23,14:00,2,7.8,13.1,11:55,81,,,,,2025-05-06 18:20:51.698508,2025-05-06 18:20:51.698508
142180,137,2023-11-30,20.1,0,15.5,03:05,24.7,15:55,31,3.1,18.6,16:00,55,88,18:20,29,12:00,2025-05-06 14:19:28.147010,2025-05-06 14:19:28.147010
142198,137,2023-12-01,19.6,0,16.3,04:20,22.8,14:21,18,5,15.3,07:10,76,95,04:50,54,00:00,2025-05-06 14:19:28.192579,2025-05-06 14:19:28.192579
142216,137,2023-12-02,18.8,0,16.9,23:50,20.7,15:01,10,5.8,16.4,11:00,77,89,,68,03:30,2025-05-06 14:19:28.228262,2025-05-06 14:19:28.228262
142234,137,2023-12-03,18.5,0,15.7,23:17,21.3,14:05,12,2.5,9.2,01:30,73,89,,63,23:40,2025-05-06 14:19:28.264551,2025-05-06 14:19:28.264551
142252,137,2023-12-04,18.1,0,15.2,06:18,21,13:16,14,3.1,12.5,01:20,69,82,20:30,58,12:00,2025-05-06 14:19:28.297656,2025-05-06 14:19:28.297656
142270,137,2023-12-05,19.3,0,16.1,00:59,22.5,14:07,16,1.4,8.3,05:10,62,87,19:00,33,03:50,2025-05-06 14:19:28.334450,2025-05-06 14:19:28.334450
142288,137,2023-12-06,19.8,0,16.8,23:58,22.8,14:54,11,2.8,10.6,21:00,84,96,06:10,60,21:20,2025-05-06 14:19:28.367561,2025-05-06 14:19:28.367561
142306,137,2023-12-07,19,0,16.6,07:59,21.4,13:54,6,3.6,15.8,23:59,68,78,03:20,60,06:40,2025-05-06 14:19:28.405318,2025-05-06 14:19:28.405318
142324,137,2023-12-08,20,0,15.5,05:32,24.6,14:51,14,4.4,18.6,,49,81,23:59,17,19:20,2025-05-06 14:19:28.439968,2025-05-06 14:19:28.439968
142342,137,2023-12-09,21.6,0,15.6,01:12,27.6,11:23,16,3.6,13.9,08:40,52,89,01:30,19,03:20,2025-05-06 14:19:28.479734,2025-05-06 14:19:28.479734
142360,137,2023-12-10,19.6,0,14.6,06:24,24.7,16:59,35,1.1,3.6,14:40,68,96,06:00,34,23:50,2025-05-06 14:19:28.513384,2025-05-06 14:19:28.513384
142378,137,2023-12-11,21.2,0,17.2,23:15,25.3,09:48,16,1.9,5,05:30,44,67,23:00,28,05:20,2025-05-06 14:19:28.551695,2025-05-06 14:19:28.551695
142396,137,2023-12-12,21.4,0,18.4,00:01,24.3,12:31,13,1.9,6.7,23:30,29,38,00:00,25,10:00,2025-05-06 14:19:28.586185,2025-05-06 14:19:28.586185
142414,137,2023-12-13,22.6,0,19.3,07:45,25.8,14:50,14,2.2,11.4,22:20,28,43,11:30,21,15:00,2025-05-06 14:19:28.628027,2025-05-06 14:19:28.628027
142432,137,2023-12-14,18.6,0,16,23:50,21.2,13:12,10,7.8,19.4,02:20,61,77,19:40,27,00:30,2025-05-06 14:19:28.662092,2025-05-06 14:19:28.662092
142450,137,2023-12-15,17.7,0,15,23:53,20.4,14:28,12,5.8,19.2,08:30,73,87,21:40,60,10:30,2025-05-06 14:19:28.701572,2025-05-06 14:19:28.701572
142468,137,2023-12-16,19,0,15.2,00:01,22.7,14:42,16,2.2,11.4,20:20,50,84,00:00,25,22:40,2025-05-06 14:19:28.737698,2025-05-06 14:19:28.737698
142486,137,2023-12-17,18,0,15.3,22:38,20.8,10:53,16,5,13.3,08:30,34,53,04:30,29,16:40,2025-05-06 14:19:28.772470,2025-05-06 14:19:28.772470
142504,137,2023-12-18,17.4,0,14,07:07,20.8,14:01,15,2.2,11.9,04:40,53,71,18:40,30,22:10,2025-05-06 14:19:28.806559,2025-05-06 14:19:28.806559
163521,137,1997-04-24,18.5,0,14,06:00,23,14:00,6,10,16.1,23:05,82,,,,,2025-05-06 18:20:51.735744,2025-05-06 18:20:51.735744
142522,137,2023-12-19,16.2,0,13.2,07:59,19.3,11:19,10,3.9,12.8,14:00,58,70,,33,00:00,2025-05-06 14:19:28.843373,2025-05-06 14:19:28.843373
142540,137,2023-12-20,17.1,0,15.6,,18.6,11:42,5,4.2,12.8,19:30,73,82,13:10,58,20:20,2025-05-06 14:19:28.877794,2025-05-06 14:19:28.877794
142558,137,2023-12-21,16,0,15,10:38,17,15:38,2,3.6,15.8,09:10,74,95,10:50,58,04:30,2025-05-06 14:19:28.912867,2025-05-06 14:19:28.912867
142576,137,2023-12-22,15.8,11,13,21:26,18.5,13:54,2,3.1,9.7,03:20,79,92,19:20,67,13:00,2025-05-06 14:19:28.948241,2025-05-06 14:19:28.948241
142594,137,2023-12-23,15.8,0,12.9,01:43,18.7,16:07,19,1.9,7.8,12:50,66,77,03:40,33,21:10,2025-05-06 14:19:28.985174,2025-05-06 14:19:28.985174
142612,137,2023-12-24,17.6,0,14.6,02:52,20.7,12:28,13,3.1,7.5,,37,55,15:10,22,11:00,2025-05-06 14:19:29.023444,2025-05-06 14:19:29.023444
142630,137,2023-12-25,18.4,0,15.8,20:10,20.9,11:52,12,7.2,14.4,09:20,53,75,,25,03:00,2025-05-06 14:19:29.056567,2025-05-06 14:19:29.056567
142648,137,2023-12-26,18.6,0,15.3,01:18,21.9,17:19,6,4.7,12.8,15:10,56,74,00:40,26,20:20,2025-05-06 14:19:29.097332,2025-05-06 14:19:29.097332
142666,137,2023-12-27,19.2,0,16.1,07:59,22.3,15:10,16,1.9,5.3,00:50,35,45,18:30,30,,2025-05-06 14:19:29.132725,2025-05-06 14:19:29.132725
142684,137,2023-12-28,19.5,0,16.1,22:44,22.9,13:58,31,1.1,4.7,16:10,32,48,11:30,22,15:20,2025-05-06 14:19:29.172173,2025-05-06 14:19:29.172173
142702,137,2023-12-29,20.6,0,16.6,00:22,24.7,14:05,16,1.7,4.2,05:10,32,62,18:50,17,07:00,2025-05-06 14:19:29.206946,2025-05-06 14:19:29.206946
142720,137,2023-12-30,20.2,0,16.8,23:01,23.5,10:42,17,1.4,4.4,05:30,37,69,18:50,22,09:50,2025-05-06 14:19:29.242227,2025-05-06 14:19:29.242227
142738,137,2023-12-31,19,0,16.5,18:54,21.5,14:08,32,1.9,5.8,13:00,52,84,18:50,21,04:40,2025-05-06 14:19:29.276596,2025-05-06 14:19:29.276596
142756,137,2024-01-01,18.5,0,15.3,22:52,21.7,10:40,30,1.7,5.3,15:40,60,92,19:20,29,10:40,2025-05-06 14:19:29.311839,2025-05-06 14:19:29.311839
142774,137,2024-01-02,18.2,0,14.1,08:29,22.3,13:44,30,1.1,4.7,13:20,71,95,07:20,38,15:10,2025-05-06 14:19:29.348207,2025-05-06 14:19:29.348207
142792,137,2024-01-03,19,0,14.8,02:51,23.1,15:48,29,1.1,4.7,14:30,62,88,03:50,52,23:40,2025-05-06 14:19:29.391704,2025-05-06 14:19:29.391704
142810,137,2024-01-04,19,0,15.9,07:58,22.1,15:06,4,1.9,8.9,12:20,69,90,20:00,46,01:00,2025-05-06 14:19:29.436454,2025-05-06 14:19:29.436454
142828,137,2024-01-05,18.8,0,15.8,06:46,21.7,14:17,12,1.9,13.1,09:10,85,95,,70,11:50,2025-05-06 14:19:29.481912,2025-05-06 14:19:29.481912
142846,137,2024-01-06,18.4,0,15.1,07:20,21.8,15:37,35,1.4,5.3,13:30,80,94,23:59,67,10:50,2025-05-06 14:19:29.521881,2025-05-06 14:19:29.521881
142864,137,2024-01-07,18,0,14.4,04:48,21.5,17:05,2,2.8,9.2,14:20,74,94,00:00,57,20:00,2025-05-06 14:19:29.553793,2025-05-06 14:19:29.553793
142882,137,2024-01-08,17.6,0,14.3,00:43,20.9,15:00,1,3.1,8.1,13:20,84,94,06:30,38,21:20,2025-05-06 14:19:29.595301,2025-05-06 14:19:29.595301
142900,137,2024-01-09,19,0,15.5,04:27,22.5,15:04,12,1.4,10.8,02:40,57,74,00:30,38,02:40,2025-05-06 14:19:29.633788,2025-05-06 14:19:29.633788
142918,137,2024-01-10,19,0,15.2,22:52,22.7,11:38,30,1.9,7.2,12:00,60,94,21:00,40,00:00,2025-05-06 14:19:29.671473,2025-05-06 14:19:29.671473
142936,137,2024-01-11,20.9,0,15.7,00:44,26.1,16:27,20,1.4,7.8,18:10,49,68,00:00,18,23:50,2025-05-06 14:19:29.706277,2025-05-06 14:19:29.706277
142954,137,2024-01-12,22.8,0,17.3,23:41,28.4,14:50,28,2.2,12.2,15:40,24,86,23:59,13,14:10,2025-05-06 14:19:29.742075,2025-05-06 14:19:29.742075
142972,137,2024-01-13,22.3,0,16.8,00:38,27.8,12:07,18,1.4,6.4,09:50,36,87,00:20,17,09:50,2025-05-06 14:19:29.780407,2025-05-06 14:19:29.780407
142990,137,2024-01-14,19.6,0,17.1,08:07,22,13:27,24,1.1,4.2,01:00,60,79,14:40,28,00:00,2025-05-06 14:19:29.815596,2025-05-06 14:19:29.815596
143008,137,2024-01-15,20.8,0,15.9,05:43,25.8,20:45,19,1.7,8.6,22:10,43,87,06:20,14,22:10,2025-05-06 14:19:29.852554,2025-05-06 14:19:29.852554
143026,137,2024-01-16,24,0,20.1,07:25,27.9,12:25,26,4.7,17.2,18:30,45,69,19:20,11,02:20,2025-05-06 14:19:29.887230,2025-05-06 14:19:29.887230
143044,137,2024-01-17,19.2,0,16.2,08:17,22.3,12:40,31,3.1,10,01:40,78,92,,50,00:00,2025-05-06 14:19:29.922636,2025-05-06 14:19:29.922636
143062,137,2024-01-18,19,0.4,16.3,23:35,21.8,13:08,27,3.1,9.7,21:00,69,91,23:40,61,10:40,2025-05-06 14:19:29.956777,2025-05-06 14:19:29.956777
143080,137,2024-01-19,17,0,15.1,22:38,18.9,12:47,2,4.4,10,12:50,77,91,01:30,63,13:50,2025-05-06 14:19:29.991468,2025-05-06 14:19:29.991468
143098,137,2024-01-20,16.6,0.6,14.6,07:05,18.6,12:32,4,4.7,13.9,18:00,78,86,18:50,62,12:30,2025-05-06 14:19:30.032876,2025-05-06 14:19:30.032876
143116,137,2024-01-21,16.1,0,14.8,04:37,17.4,12:41,3,5.8,18.3,16:10,66,74,11:30,59,13:50,2025-05-06 14:19:30.070883,2025-05-06 14:19:30.070883
143134,137,2024-01-22,17.6,0,14.7,22:09,20.4,15:56,6,5,19.7,08:30,66,80,21:20,43,23:59,2025-05-06 14:19:30.106230,2025-05-06 14:19:30.106230
143152,137,2024-01-23,19.4,0,15.7,22:46,23.1,13:54,20,2.8,8.6,23:30,47,76,,27,02:40,2025-05-06 14:19:30.143118,2025-05-06 14:19:30.143118
143170,137,2024-01-24,19.2,0,15.9,00:04,22.5,12:30,14,2.8,12.5,21:50,45,76,21:00,20,22:10,2025-05-06 14:19:30.179979,2025-05-06 14:19:30.179979
143187,137,2024-01-25,19.4,0,15.4,22:59,23.5,15:02,12,2.2,15.8,02:40,31,71,22:50,16,,2025-05-06 14:19:30.214767,2025-05-06 14:19:30.214767
143204,137,2024-01-26,20.7,0,16.9,21:12,24.5,13:26,99,1.9,6.1,,32,50,,21,01:50,2025-05-06 14:19:30.249065,2025-05-06 14:19:30.249065
143222,137,2024-01-27,21,0,17.8,19:39,24.1,14:39,28,1.9,5.8,15:30,35,56,19:30,24,,2025-05-06 14:19:30.284766,2025-05-06 14:19:30.284766
143240,137,2024-01-28,21.4,0,16.4,06:58,26.4,13:09,34,1.4,8.3,13:20,41,63,20:00,25,13:00,2025-05-06 14:19:30.320362,2025-05-06 14:19:30.320362
143258,137,2024-01-29,21.2,0,17.5,00:17,24.8,15:05,10,1.9,6.1,05:00,34,48,18:40,21,11:00,2025-05-06 14:19:30.357604,2025-05-06 14:19:30.357604
143276,137,2024-01-30,21.8,0,17.7,07:05,25.9,15:15,13,1.1,6.4,09:30,36,52,18:00,19,,2025-05-06 14:19:30.392498,2025-05-06 14:19:30.392498
143294,137,2024-01-31,21.2,0,18.1,01:41,24.2,10:26,8,1.7,7.8,05:00,39,59,12:40,17,10:10,2025-05-06 14:19:30.431843,2025-05-06 14:19:30.431843
143312,137,2024-02-01,20.6,0,17.1,21:08,24.1,14:59,14,3.1,10.3,23:30,31,52,20:20,22,,2025-05-06 14:19:30.469601,2025-05-06 14:19:30.469601
143330,137,2024-02-02,19.4,0,15.8,21:05,22.9,13:18,12,2.8,15.6,01:20,35,67,21:00,23,03:40,2025-05-06 14:19:30.506441,2025-05-06 14:19:30.506441
143348,137,2024-02-03,19.6,0,16.1,23:44,23.2,14:50,28,2.2,5.8,14:30,27,49,23:40,23,10:00,2025-05-06 14:19:30.543131,2025-05-06 14:19:30.543131
143366,137,2024-02-04,19.6,0,15.9,00:18,23.3,12:40,27,2.2,5.8,13:40,31,61,20:10,17,07:00,2025-05-06 14:19:30.581507,2025-05-06 14:19:30.581507
143384,137,2024-02-05,19.8,0,16.8,22:33,22.9,12:54,14,2.2,6.9,04:10,32,47,20:00,17,,2025-05-06 14:19:30.619225,2025-05-06 14:19:30.619225
143401,137,2024-02-06,19.8,0,16.4,08:25,23.1,14:59,28,2.8,6.7,17:30,30,57,19:10,23,09:50,2025-05-06 14:19:30.654975,2025-05-06 14:19:30.654975
143419,137,2024-02-07,20.4,0,17.1,05:06,23.8,14:40,15,2.5,5.3,23:10,36,62,19:10,16,23:30,2025-05-06 14:19:30.689002,2025-05-06 14:19:30.689002
143437,137,2024-02-08,22.8,0,18.3,00:22,27.4,15:29,24,2.2,10.8,16:30,16,34,00:20,10,18:00,2025-05-06 14:19:30.725843,2025-05-06 14:19:30.725843
143455,137,2024-02-09,22.6,0,18.7,05:09,26.5,11:17,30,2.8,8.6,01:20,61,89,19:50,11,00:00,2025-05-06 14:19:30.763359,2025-05-06 14:19:30.763359
143473,137,2024-02-10,19.4,0,17.2,21:49,21.6,13:11,34,2.8,8.3,13:50,80,94,06:40,56,23:10,2025-05-06 14:19:30.798405,2025-05-06 14:19:30.798405
143491,137,2024-02-11,17.8,0,14.9,08:21,20.7,13:40,36,3.1,9.2,14:50,75,93,23:40,61,00:30,2025-05-06 14:19:30.835832,2025-05-06 14:19:30.835832
143509,137,2024-02-12,18.2,0,14.3,07:18,22.2,12:59,34,2.2,7.2,14:10,80,95,,66,22:20,2025-05-06 14:19:30.873984,2025-05-06 14:19:30.873984
143527,137,2024-02-13,21,0,14.8,01:44,27.3,14:14,32,1.1,5,16:00,57,91,01:20,30,23:50,2025-05-06 14:19:30.910976,2025-05-06 14:19:30.910976
143545,137,2024-02-14,20.4,0,16.4,06:15,24.4,14:19,26,1.9,9.2,16:40,77,91,05:50,36,00:40,2025-05-06 14:19:30.949085,2025-05-06 14:19:30.949085
143563,137,2024-02-15,19,0,16.5,07:40,21.4,16:04,12,4.7,11.7,23:20,79,90,10:10,62,20:20,2025-05-06 14:19:30.986501,2025-05-06 14:19:30.986501
143581,137,2024-02-16,18.2,0,16.1,20:36,20.2,13:47,8,8.9,21.7,22:40,70,77,20:10,30,09:30,2025-05-06 14:19:31.023262,2025-05-06 14:19:31.023262
143599,137,2024-02-17,20.4,0,16,02:01,24.9,12:27,10,6.4,23.6,02:30,39,82,20:50,12,05:40,2025-05-06 14:19:31.063088,2025-05-06 14:19:31.063088
143617,137,2024-02-18,21,0,16.7,04:52,25.2,15:16,5,7.2,16.4,02:40,75,83,08:20,28,23:50,2025-05-06 14:19:31.102445,2025-05-06 14:19:31.102445
143635,137,2024-02-19,21,0,16.9,21:17,25.2,13:51,99,3.3,11.4,08:30,32,76,21:10,25,18:50,2025-05-06 14:19:31.140706,2025-05-06 14:19:31.140706
143653,137,2024-02-20,19.8,0,16.2,22:19,23.4,11:11,8,8.3,15.6,07:10,56,77,20:30,27,04:00,2025-05-06 14:19:31.181397,2025-05-06 14:19:31.181397
143671,137,2024-02-21,19.2,0,14.9,23:13,23.6,11:42,99,8.1,20,06:40,53,86,20:50,25,07:20,2025-05-06 14:19:31.225251,2025-05-06 14:19:31.225251
143689,137,2024-02-22,18.3,0,13.9,07:49,22.7,16:06,99,5,12.2,17:40,72,80,22:20,54,06:10,2025-05-06 14:19:31.282815,2025-05-06 14:19:31.282815
143707,137,2024-02-23,16.8,4.8,14.7,23:34,18.8,14:04,2,4.2,13.9,19:30,79,98,17:00,67,00:00,2025-05-06 14:19:31.327833,2025-05-06 14:19:31.327833
143725,137,2024-02-24,15.8,0,14,05:16,17.6,15:03,6,5.6,15,05:40,74,84,04:10,62,14:50,2025-05-06 14:19:31.369429,2025-05-06 14:19:31.369429
143743,137,2024-02-25,16.8,0.2,15,06:10,18.5,15:30,6,7.2,17.5,18:40,76,82,,70,15:40,2025-05-06 14:19:31.406610,2025-05-06 14:19:31.406610
143761,137,2024-02-26,16.9,5,14.5,08:37,19.3,14:35,8,11.7,22.5,06:00,70,85,08:40,59,13:40,2025-05-06 14:19:31.441177,2025-05-06 14:19:31.441177
143779,137,2024-02-27,15.2,0.6,14,10:31,16.4,13:01,8,6.9,17.5,20:20,70,93,05:00,62,13:00,2025-05-06 14:19:31.479971,2025-05-06 14:19:31.479971
143797,137,2024-02-28,15.9,0.2,13.5,03:47,18.3,14:40,4,7.2,17.2,02:40,72,82,03:40,64,12:30,2025-05-06 14:19:31.516730,2025-05-06 14:19:31.516730
143815,137,2024-02-29,15.5,8.2,14.2,22:37,16.8,12:51,10,4.7,14.2,23:40,80,88,19:10,70,11:00,2025-05-06 14:19:31.553505,2025-05-06 14:19:31.553505
143833,137,2024-03-01,15,4.2,13.6,09:09,16.4,11:09,6,5.8,17.2,08:50,80,92,03:00,70,11:00,2025-05-06 14:19:31.590457,2025-05-06 14:19:31.590457
143851,137,2024-03-02,14.8,1,12.2,05:07,17.4,13:21,34,5,13.9,00:50,71,95,05:10,58,12:50,2025-05-06 14:19:31.628701,2025-05-06 14:19:31.628701
143869,137,2024-03-03,15.6,1.2,13.4,08:55,17.9,14:48,3,4.2,11.9,01:00,74,92,08:50,69,03:40,2025-05-06 14:19:31.667523,2025-05-06 14:19:31.667523
143887,137,2024-03-04,15.6,0,14.1,03:31,17.2,11:33,6,4.7,12.2,15:50,78,89,03:30,65,11:40,2025-05-06 14:19:31.704551,2025-05-06 14:19:31.704551
143904,137,2024-03-05,16.4,0,14.4,06:59,18.5,15:22,1,5.3,14.4,13:40,68,79,00:20,57,,2025-05-06 14:19:31.739753,2025-05-06 14:19:31.739753
143922,137,2024-03-06,16.3,0,14.4,23:49,18.2,13:03,2,6.1,13.6,14:00,68,83,04:50,58,13:00,2025-05-06 14:19:31.776108,2025-05-06 14:19:31.776108
143940,137,2024-03-07,16.8,1.4,13.1,04:49,20.6,14:05,2,3.6,10.3,02:10,74,90,18:40,58,14:00,2025-05-06 14:19:31.814789,2025-05-06 14:19:31.814789
143958,137,2024-03-08,15.6,0,13,03:05,18.3,14:26,2,3.1,9.4,01:30,67,92,03:00,56,12:10,2025-05-06 14:19:31.852837,2025-05-06 14:19:31.852837
143976,137,2024-03-09,18,0,14.1,02:01,21.8,14:10,36,2.8,7.5,23:30,69,91,23:40,53,14:10,2025-05-06 14:19:31.891478,2025-05-06 14:19:31.891478
143994,137,2024-03-10,17,0,14.4,07:08,19.6,12:57,35,3.6,7.8,16:30,70,90,00:00,62,18:10,2025-05-06 14:19:31.931067,2025-05-06 14:19:31.931067
144012,137,2024-03-11,17.2,0.4,14.3,21:38,20.1,11:43,8,4.2,11.1,14:20,73,89,08:20,61,11:40,2025-05-06 14:19:31.967361,2025-05-06 14:19:31.967361
144030,137,2024-03-12,16.6,0,12.8,07:32,20.5,13:04,28,3.3,8.3,14:50,66,86,,55,12:30,2025-05-06 14:19:32.005147,2025-05-06 14:19:32.005147
144048,137,2024-03-13,18.8,0,14.2,00:21,23.3,13:55,28,2.5,8.6,12:30,78,95,19:40,65,10:20,2025-05-06 14:19:32.042334,2025-05-06 14:19:32.042334
144066,137,2024-03-14,18.6,0,15.8,23:35,21.4,14:06,10,4.4,14.7,23:00,74,90,01:20,62,13:00,2025-05-06 14:19:32.079366,2025-05-06 14:19:32.079366
144084,137,2024-03-15,18,0,13.4,06:09,22.6,15:30,11,1.7,8.9,00:10,75,92,07:30,65,15:40,2025-05-06 14:19:32.117267,2025-05-06 14:19:32.117267
144102,137,2024-03-16,19.8,0,13.6,04:46,26.1,13:47,16,1.7,5.6,21:40,51,91,21:10,26,06:50,2025-05-06 14:19:32.154910,2025-05-06 14:19:32.154910
144120,137,2024-03-17,21,0,14.5,07:03,27.6,16:24,2,3.9,10.3,11:30,85,96,,43,16:50,2025-05-06 14:19:32.190877,2025-05-06 14:19:32.190877
144138,137,2024-03-18,18.3,0,16.2,23:57,20.4,13:12,3,5.3,13.1,14:10,76,92,03:20,71,12:20,2025-05-06 14:19:32.228827,2025-05-06 14:19:32.228827
144156,137,2024-03-19,17.4,0,15.7,05:19,19.1,12:15,8,5.6,16.1,05:00,79,82,05:10,67,03:50,2025-05-06 14:19:32.268746,2025-05-06 14:19:32.268746
144174,137,2024-03-20,17.1,0.2,14.9,05:05,19.3,12:03,2,5.8,13.9,14:20,73,84,12:40,65,16:10,2025-05-06 14:19:32.309484,2025-05-06 14:19:32.309484
144192,137,2024-03-21,17.4,1.6,14.5,22:19,20.4,13:28,1,3.6,11.9,04:20,70,92,03:10,55,13:10,2025-05-06 14:19:32.350691,2025-05-06 14:19:32.350691
144210,137,2024-03-22,15,25.4,11.7,17:46,18.3,13:45,32,2.2,10.6,00:30,82,94,07:30,55,14:40,2025-05-06 14:19:32.388434,2025-05-06 14:19:32.388434
144228,137,2024-03-23,14.2,2.8,9.4,02:11,18.9,11:43,10,3.1,10.8,01:30,71,93,22:30,63,10:00,2025-05-06 14:19:32.427648,2025-05-06 14:19:32.427648
144246,137,2024-03-24,16.8,0,12.7,03:09,20.8,14:34,28,3.3,9.2,11:00,70,90,00:00,58,12:10,2025-05-06 14:19:32.462905,2025-05-06 14:19:32.462905
144264,137,2024-03-25,16.8,0,13.9,02:11,19.6,11:49,32,2.2,9.7,14:00,75,87,20:00,66,,2025-05-06 14:19:32.501939,2025-05-06 14:19:32.501939
144282,137,2024-03-26,14.4,3.6,12.2,18:57,16.7,14:29,36,2.8,11.7,17:00,73,93,18:50,67,07:30,2025-05-06 14:19:32.540353,2025-05-06 14:19:32.540353
144300,137,2024-03-27,16.8,0,13,07:15,20.6,14:55,11,2.8,7.2,22:30,59,78,02:20,43,14:40,2025-05-06 14:19:32.578153,2025-05-06 14:19:32.578153
144318,137,2024-03-28,17.2,4.4,13.5,02:22,21,14:06,24,5,21.9,22:50,57,76,02:10,49,14:00,2025-05-06 14:19:32.617381,2025-05-06 14:19:32.617381
144336,137,2024-03-29,16,0,13,04:58,19,15:36,22,3.1,18.6,01:00,63,96,03:50,54,15:40,2025-05-06 14:19:32.655915,2025-05-06 14:19:32.655915
144354,137,2024-03-30,17.6,0,13.7,04:02,21.5,15:01,26,4.4,11.4,13:20,66,86,23:50,51,11:20,2025-05-06 14:19:32.694386,2025-05-06 14:19:32.694386
144372,137,2024-03-31,18.6,0,14.8,06:39,22.3,12:47,3,2.5,7.2,19:50,74,89,05:30,54,11:00,2025-05-06 14:19:32.732730,2025-05-06 14:19:32.732730
144390,137,2024-04-01,17.6,0,15.5,06:06,19.8,14:47,35,2.8,7.5,12:30,77,88,,67,14:50,2025-05-06 14:19:32.771135,2025-05-06 14:19:32.771135
144408,137,2024-04-02,18.2,0,14.3,06:11,22.2,13:48,9,3.1,8.9,23:30,65,77,22:20,54,12:50,2025-05-06 14:19:32.812992,2025-05-06 14:19:32.812992
144425,137,2024-04-03,19.6,0,16.7,05:46,22.4,14:15,8,5.8,17.5,13:20,70,84,09:30,64,01:20,2025-05-06 14:19:32.852088,2025-05-06 14:19:32.852088
144443,137,2024-04-04,19.6,0,15.4,06:42,23.8,18:17,9,4.4,15,00:40,71,88,20:40,22,23:40,2025-05-06 14:19:32.890418,2025-05-06 14:19:32.890418
144461,137,2024-04-05,19.6,0,14.3,05:36,25,14:48,8,1.7,15.3,00:50,61,90,22:10,20,01:50,2025-05-06 14:19:32.937339,2025-05-06 14:19:32.937339
144479,137,2024-04-06,17.6,4.6,15.6,22:01,19.6,00:54,99,2.8,7.5,00:10,88,95,13:20,70,01:00,2025-05-06 14:19:32.973031,2025-05-06 14:19:32.973031
144497,137,2024-04-07,17.5,0,14.9,04:54,20.1,13:55,36,4.2,10,11:50,71,86,03:20,55,15:30,2025-05-06 14:19:33.006743,2025-05-06 14:19:33.006743
144515,137,2024-04-08,17.6,2,15.3,00:07,19.8,14:28,6,3.9,14.2,22:50,84,94,18:20,69,15:00,2025-05-06 14:19:33.045681,2025-05-06 14:19:33.045681
144533,137,2024-04-09,17.2,0,15.2,07:37,19.1,12:48,7,6.7,18.6,23:59,75,87,01:50,36,23:50,2025-05-06 14:19:33.083628,2025-05-06 14:19:33.083628
144551,137,2024-04-10,22.6,0,15.4,05:29,29.9,12:34,10,7.8,21.1,07:10,66,87,18:40,25,01:00,2025-05-06 14:19:33.121614,2025-05-06 14:19:33.121614
144569,137,2024-04-11,31.2,0,25.8,00:03,36.5,15:35,13,5.8,16.4,10:20,18,29,00:00,16,,2025-05-06 14:19:33.165300,2025-05-06 14:19:33.165300
144587,137,2024-04-12,30,0,24.8,,35.3,11:35,8,4.4,15.6,04:20,33,53,14:50,10,03:50,2025-05-06 14:19:33.212923,2025-05-06 14:19:33.212923
144605,137,2024-04-13,25.2,0,20.9,20:36,29.5,18:04,32,1.4,4.2,20:10,41,71,20:30,16,03:20,2025-05-06 14:19:33.256737,2025-05-06 14:19:33.256737
144623,137,2024-04-14,26.1,0,22.6,00:01,29.6,13:54,9,1.7,5.6,23:50,29,70,11:00,11,23:59,2025-05-06 14:19:33.299021,2025-05-06 14:19:33.299021
144641,137,2024-04-15,27.5,0,22.8,06:37,32.2,13:50,3,2.5,7.2,21:40,13,26,19:20,6,01:50,2025-05-06 14:19:33.337561,2025-05-06 14:19:33.337561
144659,137,2024-04-16,24,0,18.9,22:23,29.2,15:26,9,4.4,13.3,05:00,36,70,22:20,12,,2025-05-06 14:19:33.376169,2025-05-06 14:19:33.376169
144677,137,2024-04-17,23.2,0,19.2,04:19,27.3,13:47,25,1.7,6.1,12:10,44,73,20:50,30,07:00,2025-05-06 14:19:33.413928,2025-05-06 14:19:33.413928
144695,137,2024-04-18,20.5,0,16.5,06:43,24.5,14:09,1,1.9,8.3,18:30,83,91,06:20,39,04:40,2025-05-06 14:19:33.452352,2025-05-06 14:19:33.452352
144713,137,2024-04-19,20,0,16.6,01:43,23.3,13:03,35,2.8,8.9,12:30,67,83,21:30,53,13:20,2025-05-06 14:19:33.488596,2025-05-06 14:19:33.488596
144731,137,2024-04-20,19.6,0.8,16.7,03:17,22.6,11:30,2,4.4,10,13:00,69,85,22:50,61,11:20,2025-05-06 14:19:33.526054,2025-05-06 14:19:33.526054
144749,137,2024-04-21,18.6,0.2,15.4,06:08,21.7,13:59,14,4.2,11.1,21:10,64,92,06:10,49,13:00,2025-05-06 14:19:33.566707,2025-05-06 14:19:33.566707
144767,137,2024-04-22,18.2,0,15.5,06:25,20.9,15:10,36,6.1,11.9,12:50,68,85,02:40,54,15:10,2025-05-06 14:19:33.606057,2025-05-06 14:19:33.606057
144785,137,2024-04-23,19,0,15.8,06:06,22.2,13:36,3,5.3,14.7,23:50,69,83,02:30,38,23:59,2025-05-06 14:19:33.643083,2025-05-06 14:19:33.643083
144803,137,2024-04-24,21.8,0,18.8,23:20,24.8,13:13,10,6.9,20,01:20,36,47,11:30,14,23:59,2025-05-06 14:19:33.681253,2025-05-06 14:19:33.681253
144821,137,2024-04-25,19.4,0,16,23:53,22.9,13:48,8,9.2,15.8,14:30,42,76,21:30,9,00:30,2025-05-06 14:19:33.719874,2025-05-06 14:19:33.719874
144839,137,2024-04-26,17.6,0,15.1,05:11,20.1,14:16,10,7.2,16.1,00:30,65,76,02:40,56,13:50,2025-05-06 14:19:33.757633,2025-05-06 14:19:33.757633
144857,137,2024-04-27,18,1.4,14.2,05:41,21.8,13:29,3,4.2,10.3,19:40,62,93,19:50,45,13:00,2025-05-06 14:19:33.799344,2025-05-06 14:19:33.799344
144875,137,2024-04-28,16.8,1,14.5,04:04,19.1,14:54,4,4.7,12.8,15:20,66,80,00:00,53,17:00,2025-05-06 14:19:33.836410,2025-05-06 14:19:33.836410
144893,137,2024-04-29,16.8,0,14.1,05:42,19.4,15:28,36,4.4,12.8,12:40,64,81,03:40,51,15:00,2025-05-06 14:19:33.875889,2025-05-06 14:19:33.875889
144911,137,2024-04-30,16.9,0.2,14.5,06:13,19.3,14:07,1,5.8,14.2,14:40,70,83,08:40,55,11:10,2025-05-06 14:19:33.913437,2025-05-06 14:19:33.913437
144929,137,2024-05-01,17.6,0.4,15.2,05:31,19.9,14:41,34,4.4,15.8,15:10,77,87,19:10,65,14:30,2025-05-06 14:19:33.952952,2025-05-06 14:19:33.952952
144947,137,2024-05-02,18,0,15.5,07:07,20.4,16:25,13,6.1,17.5,23:59,71,83,07:10,59,16:00,2025-05-06 14:19:33.993840,2025-05-06 14:19:33.993840
144965,137,2024-05-03,18.3,0,14.7,23:57,21.9,14:32,9,7.5,20,03:00,67,77,07:20,47,22:50,2025-05-06 14:19:34.028013,2025-05-06 14:19:34.028013
144983,137,2024-05-04,19.4,0,13.4,05:58,25.3,13:07,6,5.6,16.4,12:40,47,77,01:00,12,,2025-05-06 14:19:34.063991,2025-05-06 14:19:34.063991
145001,137,2024-05-05,24,0,20.9,02:58,27.1,13:53,8,11.1,20.6,06:40,21,63,15:10,10,07:50,2025-05-06 14:19:34.098914,2025-05-06 14:19:34.098914
145019,137,2024-05-06,22.9,0,18.9,21:03,26.9,14:03,7,10.3,18.3,13:30,35,74,20:50,13,03:00,2025-05-06 14:19:34.133419,2025-05-06 14:19:34.133419
145037,137,2024-05-07,21.2,0,17.2,21:50,25.3,07:31,8,6.1,13.9,07:30,51,86,21:40,21,07:30,2025-05-06 14:19:34.172220,2025-05-06 14:19:34.172220
145055,137,2024-05-08,22.4,0,15.9,02:00,28.8,14:22,2,3.3,11.7,22:20,57,83,00:20,19,21:00,2025-05-06 14:19:34.207392,2025-05-06 14:19:34.207392
145073,137,2024-05-09,22,0,17.8,05:19,26.3,14:24,34,5,13.6,09:20,57,86,08:40,15,02:20,2025-05-06 14:19:34.240455,2025-05-06 14:19:34.240455
145091,137,2024-05-10,19.4,0,17,05:59,21.7,00:59,2,6.9,14.4,13:50,74,84,06:20,14,00:50,2025-05-06 14:19:34.277796,2025-05-06 14:19:34.277796
145109,137,2024-05-11,19,0,16.8,06:04,21.3,15:19,3,5.6,15.3,14:50,72,85,05:50,50,00:40,2025-05-06 14:19:34.322675,2025-05-06 14:19:34.322675
145127,137,2024-05-12,18.7,0,16.3,07:03,21.1,15:31,3,6.1,15.8,12:20,73,82,00:40,60,15:20,2025-05-06 14:19:34.364041,2025-05-06 14:19:34.364041
145145,137,2024-05-13,19,0.2,16.4,06:50,21.6,15:15,1,5.3,12.8,13:30,77,91,22:50,60,15:20,2025-05-06 14:19:34.402529,2025-05-06 14:19:34.402529
145163,137,2024-05-14,18.6,2.4,15.8,,21.5,15:28,5,5.3,13.3,15:20,79,94,20:40,69,15:30,2025-05-06 14:19:34.439074,2025-05-06 14:19:34.439074
145181,137,2024-05-15,16.8,3,15.1,01:39,18.5,16:45,3,5,11.9,11:20,74,88,20:00,61,11:10,2025-05-06 14:19:34.479267,2025-05-06 14:19:34.479267
145199,137,2024-05-16,16.7,1.8,14.4,05:19,19,14:10,7,4.7,12.5,00:20,77,92,03:30,60,14:10,2025-05-06 14:19:34.517216,2025-05-06 14:19:34.517216
145217,137,2024-05-17,18.2,0.4,14.9,01:42,21.4,14:29,36,5,11.4,17:40,79,95,01:50,71,,2025-05-06 14:19:34.552128,2025-05-06 14:19:34.552128
145235,137,2024-05-18,19.1,0,15.2,04:35,23,13:18,34,4.4,9.7,16:00,66,93,04:20,51,13:20,2025-05-06 14:19:34.594496,2025-05-06 14:19:34.594496
145253,137,2024-05-19,19.2,0,16.1,23:59,22.3,13:55,1,3.9,12.2,14:50,67,80,07:20,54,19:30,2025-05-06 14:19:34.637441,2025-05-06 14:19:34.637441
145271,137,2024-05-20,18,0,15.4,02:50,20.6,14:32,2,4.7,12.5,14:10,61,79,05:20,44,14:40,2025-05-06 14:19:34.690938,2025-05-06 14:19:34.690938
145289,137,2024-05-21,18.2,0,15.4,04:40,21,14:24,2,5,12.8,15:40,67,83,05:00,50,11:10,2025-05-06 14:19:34.731822,2025-05-06 14:19:34.731822
145307,137,2024-05-22,18.3,0,15.4,06:02,21.2,13:52,2,4.4,11.7,11:30,64,85,22:20,54,13:50,2025-05-06 14:19:34.766852,2025-05-06 14:19:34.766852
145325,137,2024-05-23,19.3,0,16,01:38,22.6,14:53,36,4.4,11.1,11:10,66,84,01:20,54,10:50,2025-05-06 14:19:34.801995,2025-05-06 14:19:34.801995
145343,137,2024-05-24,18.6,0,16,23:08,21.3,15:00,1,4.7,11.9,13:10,66,86,,55,15:20,2025-05-06 14:19:34.841338,2025-05-06 14:19:34.841338
145361,137,2024-05-25,18.1,0,15.2,05:59,21,14:51,2,6.4,13.9,11:30,66,78,,50,22:40,2025-05-06 14:19:34.879228,2025-05-06 14:19:34.879228
145379,137,2024-05-26,19.7,0,17.1,00:35,22.3,13:17,99,5.8,13.9,,52,81,23:59,18,07:40,2025-05-06 14:19:34.920387,2025-05-06 14:19:34.920387
145397,137,2024-05-27,19.2,0,16.6,23:48,21.9,15:27,8,4.4,12.2,14:30,76,90,04:10,57,,2025-05-06 14:19:34.958723,2025-05-06 14:19:34.958723
163529,137,1997-04-25,19,0,16,,22,14:00,6,11.9,18.1,08:30,81,,,,,2025-05-06 18:20:51.781055,2025-05-06 18:20:51.781055
146653,137,2017-09-15,25,0,20.6,07:29,29.4,04:49,9,5.8,17.8,02:20,71,90,01:20,26,03:30,2025-05-06 14:20:00.549049,2025-05-06 14:20:00.549049
146671,137,2017-09-16,25.6,0,20.3,21:13,31,13:52,36,5.6,14.7,16:10,61,83,02:40,33,13:40,2025-05-06 14:20:00.597403,2025-05-06 14:20:00.597403
146689,137,2017-09-17,22,0,19,04:21,24.9,15:37,2,4.4,16.1,15:50,69,77,19:20,57,09:20,2025-05-06 14:20:00.638788,2025-05-06 14:20:00.638788
146707,137,2017-09-18,24.2,0,19,04:49,29.4,22:23,10,4.4,13.1,22:20,65,78,20:40,27,22:20,2025-05-06 14:20:00.688398,2025-05-06 14:20:00.688398
146725,137,2017-09-19,23.8,0,17.7,06:44,30,02:28,10,3.1,12.8,02:40,76,91,06:50,26,02:10,2025-05-06 14:20:00.729234,2025-05-06 14:20:00.729234
146743,137,2017-09-20,23.2,0,19.3,04:10,27.1,02:32,2,5.6,12.5,16:50,68,81,04:10,30,02:30,2025-05-06 14:20:00.773508,2025-05-06 14:20:00.773508
146761,137,2017-09-21,20,2.2,18.7,03:52,21.2,12:41,2,4.4,14.2,16:30,84,93,,72,12:10,2025-05-06 14:20:00.813720,2025-05-06 14:20:00.813720
146779,137,2017-09-22,20.1,0,18.1,05:41,22.1,14:00,8,5.6,13.1,21:40,76,88,00:00,68,13:20,2025-05-06 14:20:00.854206,2025-05-06 14:20:00.854206
146797,137,2017-09-23,19.9,0.4,18.5,03:21,21.3,23:31,9,5.3,18.6,21:40,85,91,16:50,68,23:30,2025-05-06 14:20:00.894614,2025-05-06 14:20:00.894614
146815,137,2017-09-24,23.2,0,17.9,03:21,28.5,17:14,2,1.1,12.2,23:20,56,93,01:00,46,07:00,2025-05-06 14:20:00.935127,2025-05-06 14:20:00.935127
146833,137,2017-09-25,25.2,0,21.3,07:00,29,11:41,26,1.9,9.4,00:10,68,86,,45,13:20,2025-05-06 14:20:00.972507,2025-05-06 14:20:00.972507
146850,137,2017-09-26,24,0,19.7,06:13,28.2,13:03,99,3.1,10.6,12:50,61,93,04:40,50,12:50,2025-05-06 14:20:01.010558,2025-05-06 14:20:01.010558
146868,137,2017-09-27,23.9,0,19.7,23:12,28.1,14:56,10,6.1,14.7,12:50,54,83,22:00,40,19:10,2025-05-06 14:20:01.050413,2025-05-06 14:20:01.050413
146886,137,2017-09-28,21.9,0,19.2,23:54,24.6,13:35,1,3.9,11.9,,72,79,19:20,48,21:40,2025-05-06 14:20:01.088511,2025-05-06 14:20:01.088511
146904,137,2017-09-29,20.7,0,18.2,03:19,23.2,13:18,2,5.3,12.5,13:00,70,80,18:00,55,06:10,2025-05-06 14:20:01.127412,2025-05-06 14:20:01.127412
146922,137,2017-09-30,21,0,19.1,05:38,23,15:20,8,4.4,12.5,23:40,78,86,04:10,67,15:20,2025-05-06 14:20:01.167409,2025-05-06 14:20:01.167409
146940,137,2017-10-01,21.4,0,19.3,23:56,23.5,12:32,2,5.6,15.3,13:50,78,90,05:40,61,22:50,2025-05-06 14:20:01.207746,2025-05-06 14:20:01.207746
146958,137,2017-10-02,21.1,0,19.1,07:02,23.1,12:46,7,5.3,12.5,01:00,76,86,18:30,61,13:00,2025-05-06 14:20:01.244155,2025-05-06 14:20:01.244155
146976,137,2017-10-03,21.5,0,18.8,05:17,24.2,14:18,2,5.6,12.5,13:10,79,87,06:50,68,14:20,2025-05-06 14:20:01.286573,2025-05-06 14:20:01.286573
146994,137,2017-10-04,21.7,0,18.4,23:45,25,13:25,2,2.2,7.5,15:00,74,86,,62,12:20,2025-05-06 14:20:01.333312,2025-05-06 14:20:01.333312
147012,137,2017-10-05,20.6,,17.6,05:26,23.7,15:21,29,2.5,6.4,15:10,79,93,21:40,68,15:20,2025-05-06 14:20:01.374462,2025-05-06 14:20:01.374462
147030,137,2017-10-06,21.5,0,18.3,06:35,24.7,12:28,31,2.8,6.7,13:00,67,89,00:00,53,12:30,2025-05-06 14:20:01.416186,2025-05-06 14:20:01.416186
147048,137,2017-10-07,21.5,0,18.5,,24.5,12:28,99,3.1,7.2,,69,89,,54,11:40,2025-05-06 14:20:01.459467,2025-05-06 14:20:01.459467
147066,137,2017-10-08,20.8,0,17.6,06:58,24,11:40,3,1.9,8.1,16:30,72,86,00:10,58,10:30,2025-05-06 14:20:01.501046,2025-05-06 14:20:01.501046
147084,137,2017-10-09,21.1,0,17.5,07:39,24.7,12:36,2,2.5,7.2,12:00,65,79,06:00,50,,2025-05-06 14:20:01.542849,2025-05-06 14:20:01.542849
147102,137,2017-10-10,20.9,0,17.8,23:55,24,12:53,28,2.8,7.2,14:30,62,86,23:59,46,09:40,2025-05-06 14:20:01.584768,2025-05-06 14:20:01.584768
147120,137,2017-10-11,21.6,0,17.5,04:46,25.6,14:03,34,3.1,7.8,11:10,62,88,21:10,51,06:50,2025-05-06 14:20:01.623637,2025-05-06 14:20:01.623637
147138,137,2017-10-12,23.2,0,18.3,06:01,28.2,12:24,36,1.4,4.7,12:40,70,82,,26,23:40,2025-05-06 14:20:01.662134,2025-05-06 14:20:01.662134
147156,137,2017-10-13,29.7,0,25.7,18:41,33.7,12:29,10,1.1,12.8,04:10,30,69,18:40,15,,2025-05-06 14:20:01.702465,2025-05-06 14:20:01.702465
147174,137,2017-10-14,29.8,0,24.8,01:59,34.7,12:48,11,2.8,12.2,12:30,37,58,02:00,15,10:00,2025-05-06 14:20:01.741237,2025-05-06 14:20:01.741237
147192,137,2017-10-15,27.6,0,24.4,23:49,30.7,12:48,14,1.9,6.9,06:20,31,58,08:30,17,06:10,2025-05-06 14:20:01.782236,2025-05-06 14:20:01.782236
147210,137,2017-10-16,25,0,20.9,21:54,29.1,13:38,30,1.7,5,16:20,48,90,18:40,20,02:20,2025-05-06 14:20:01.822371,2025-05-06 14:20:01.822371
147228,137,2017-10-17,22.9,0,19.6,23:57,26.2,10:47,2,5.3,12.2,14:30,74,90,21:30,26,00:40,2025-05-06 14:20:01.861064,2025-05-06 14:20:01.861064
147246,137,2017-10-18,21,0,19,,23.1,13:42,10,6.1,13.1,07:50,60,89,03:00,43,07:10,2025-05-06 14:20:01.901845,2025-05-06 14:20:01.901845
147263,137,2017-10-19,20.9,0.2,18.3,02:51,23.5,13:18,4,3.9,10.8,14:30,78,93,05:10,68,15:10,2025-05-06 14:20:01.940328,2025-05-06 14:20:01.940328
147280,137,2017-10-20,20.7,3.2,18.8,20:38,22.6,15:58,10,5,11.1,08:20,73,87,,56,13:50,2025-05-06 14:20:01.976335,2025-05-06 14:20:01.976335
147297,137,2017-10-21,19.6,5.4,17.9,01:50,21.3,13:41,2,5,13.3,23:59,82,95,07:00,71,16:50,2025-05-06 14:20:02.014686,2025-05-06 14:20:02.014686
147314,137,2017-10-22,19.9,1,18.3,00:11,21.5,11:22,6,6.1,12.2,05:30,84,93,01:00,75,11:20,2025-05-06 14:20:02.051849,2025-05-06 14:20:02.051849
147331,137,2017-10-23,21,0,18.9,06:58,23,,9,1.7,14.7,01:30,77,88,00:00,42,23:30,2025-05-06 14:20:02.089918,2025-05-06 14:20:02.089918
147348,137,2017-10-24,23.6,0,18.6,00:33,28.6,15:36,35,1.4,5,10:50,63,89,19:50,25,23:50,2025-05-06 14:20:02.124662,2025-05-06 14:20:02.124662
147366,137,2017-10-25,26.4,0,23.3,09:35,29.5,12:58,15,1.7,5,04:30,27,60,09:30,21,07:00,2025-05-06 14:20:02.166511,2025-05-06 14:20:02.166511
147384,137,2017-10-26,27.5,0,24.4,19:06,30.6,12:15,11,1.4,7.5,23:50,30,42,,19,19:40,2025-05-06 14:20:02.213632,2025-05-06 14:20:02.213632
147402,137,2017-10-27,26.2,0,23.4,19:52,29.1,14:42,16,3.3,13.6,23:50,29,37,17:50,20,,2025-05-06 14:20:02.256397,2025-05-06 14:20:02.256397
147420,137,2017-10-28,26.6,0,24.2,05:35,28.9,13:09,12,3.6,13.9,00:30,21,36,16:50,16,,2025-05-06 14:20:02.296821,2025-05-06 14:20:02.296821
147438,137,2017-10-29,21.8,0,17.2,23:11,26.4,11:48,9,4.2,9.7,02:30,59,83,18:10,18,,2025-05-06 14:20:02.339203,2025-05-06 14:20:02.339203
147456,137,2017-10-30,20,0,15.5,04:47,24.4,12:28,2,2.2,9.7,15:50,70,82,04:00,31,23:40,2025-05-06 14:20:02.382051,2025-05-06 14:20:02.382051
147474,137,2017-10-31,20.2,0,16.5,06:11,23.8,13:11,3,2.2,8.1,10:40,67,86,20:00,34,00:10,2025-05-06 14:20:02.422488,2025-05-06 14:20:02.422488
147492,137,2017-11-01,19.8,0,16.5,05:28,23.2,,9,4.4,11.4,08:10,64,79,18:40,46,02:10,2025-05-06 14:20:02.463954,2025-05-06 14:20:02.463954
147510,137,2017-11-02,19.4,0,17,03:03,21.7,13:52,8,3.6,9.7,00:30,65,78,01:50,59,13:40,2025-05-06 14:20:02.504599,2025-05-06 14:20:02.504599
147528,137,2017-11-03,20.6,0,17.9,,23.4,15:17,2,3.1,8.1,15:30,77,89,19:20,57,15:10,2025-05-06 14:20:02.547566,2025-05-06 14:20:02.547566
147546,137,2017-11-04,19,0.6,17.4,23:23,20.6,16:03,9,5,12.5,18:30,76,86,03:50,67,15:20,2025-05-06 14:20:02.589830,2025-05-06 14:20:02.589830
147564,137,2017-11-05,19.1,1,17.5,06:43,20.7,13:07,7,4.7,12.8,02:20,75,84,23:10,64,13:20,2025-05-06 14:20:02.630633,2025-05-06 14:20:02.630633
147582,137,2017-11-06,18.9,0.4,17.3,04:41,20.5,12:58,8,5.3,13.6,05:30,80,88,07:00,69,03:00,2025-05-06 14:20:02.673095,2025-05-06 14:20:02.673095
147600,137,2017-11-07,19.4,0,17.8,,20.9,13:38,9,6.1,18.9,09:30,80,86,21:10,70,10:10,2025-05-06 14:20:02.715026,2025-05-06 14:20:02.715026
147618,137,2017-11-08,20.4,0,16.8,07:25,23.9,15:13,11,2.5,14.7,01:40,84,90,07:20,54,02:10,2025-05-06 14:20:02.755994,2025-05-06 14:20:02.755994
147636,137,2017-11-09,19.4,0,17.5,23:43,21.2,13:52,12,4.2,12.2,20:30,78,89,03:40,57,21:20,2025-05-06 14:20:02.794047,2025-05-06 14:20:02.794047
147654,137,2017-11-10,21.5,0.6,17.4,00:01,25.6,16:10,9,2.8,15.6,00:40,68,87,00:10,34,04:20,2025-05-06 14:20:02.834031,2025-05-06 14:20:02.834031
147672,137,2017-11-11,21.7,0.2,18,00:01,25.4,23:48,3,2.2,8.1,11:40,67,83,18:20,34,23:30,2025-05-06 14:20:02.875310,2025-05-06 14:20:02.875310
147690,137,2017-11-12,21.9,0,17.8,21:58,26,13:58,34,1.1,5.3,14:20,61,82,19:30,30,02:20,2025-05-06 14:20:02.919378,2025-05-06 14:20:02.919378
147708,137,2017-11-13,20.3,0,17,06:32,23.6,12:51,13,2.2,15,20:40,56,78,22:40,23,06:10,2025-05-06 14:20:02.960697,2025-05-06 14:20:02.960697
147726,137,2017-11-14,20.4,0,16.4,06:22,24.3,13:50,12,5,17.2,10:40,64,80,00:30,37,13:50,2025-05-06 14:20:03.003544,2025-05-06 14:20:03.003544
147744,137,2017-11-15,17.8,0,15.2,23:49,20.5,14:24,36,5.8,12.2,13:30,69,76,,59,20:20,2025-05-06 14:20:03.043795,2025-05-06 14:20:03.043795
147762,137,2017-11-16,17.8,0,14.7,06:21,20.8,14:45,3,2.8,11.1,12:30,76,88,07:00,62,02:20,2025-05-06 14:20:03.090120,2025-05-06 14:20:03.090120
147780,137,2017-11-17,18.8,0,14.8,04:36,22.9,21:40,10,3.1,16.4,21:30,80,92,07:30,24,21:30,2025-05-06 14:20:03.131997,2025-05-06 14:20:03.131997
147798,137,2017-11-18,18.2,0,15.8,06:35,20.6,12:57,11,2.8,15.3,22:30,81,94,05:30,65,23:10,2025-05-06 14:20:03.171002,2025-05-06 14:20:03.171002
147816,137,2017-11-19,18,0,15.7,,20.3,14:52,11,8.3,16.1,20:10,72,89,02:40,48,23:40,2025-05-06 14:20:03.211264,2025-05-06 14:20:03.211264
147834,137,2017-11-20,21.2,0,16.5,04:21,26,12:13,23,1.7,13.6,11:40,50,80,01:50,21,12:10,2025-05-06 14:20:03.253608,2025-05-06 14:20:03.253608
147852,137,2017-11-21,21.8,0,18.8,21:34,24.7,11:58,14,1.7,6.7,07:20,37,63,19:50,17,07:00,2025-05-06 14:20:03.295336,2025-05-06 14:20:03.295336
147870,137,2017-11-22,21.6,0,17.8,04:40,25.3,12:41,27,1.4,6.9,12:30,38,66,19:00,18,11:10,2025-05-06 14:20:03.332722,2025-05-06 14:20:03.332722
147888,137,2017-11-23,19.4,0,16.3,06:28,22.6,14:02,29,1.9,5,13:40,51,81,18:30,25,23:00,2025-05-06 14:20:03.373783,2025-05-06 14:20:03.373783
147906,137,2017-11-24,21.5,0,17.7,04:12,25.3,21:50,15,1.7,6.7,21:40,63,78,16:30,24,21:50,2025-05-06 14:20:03.421090,2025-05-06 14:20:03.421090
147924,137,2017-11-25,24.3,0,20.4,02:02,28.2,12:15,18,1.9,13.9,08:40,37,55,02:00,22,12:10,2025-05-06 14:20:03.467973,2025-05-06 14:20:03.467973
147942,137,2017-11-26,24.4,0,21.4,23:51,27.3,13:28,15,2.8,12.2,11:10,46,63,19:10,36,00:30,2025-05-06 14:20:03.518365,2025-05-06 14:20:03.518365
147960,137,2017-11-27,24,0,20.8,05:23,27.2,14:14,34,1.4,4.7,14:30,35,51,00:00,22,23:10,2025-05-06 14:20:03.561285,2025-05-06 14:20:03.561285
147978,137,2017-11-28,20.8,0,18.6,08:08,23.1,12:49,99,1.1,4.2,,59,77,18:40,22,00:00,2025-05-06 14:20:03.605367,2025-05-06 14:20:03.605367
147996,137,2017-11-29,20.4,0,18.2,22:00,22.5,10:47,24,1.9,6.7,20:50,76,91,18:20,54,00:00,2025-05-06 14:20:03.644010,2025-05-06 14:20:03.644010
148014,137,2017-11-30,19.4,0,17.3,24:00,21.6,12:11,2,3.1,8.6,16:30,79,94,23:40,73,10:20,2025-05-06 14:20:03.683218,2025-05-06 14:20:03.683218
148032,137,2017-12-01,19,0,16.4,04:46,21.7,11:12,30,1.4,5.8,11:40,84,95,20:30,72,10:40,2025-05-06 14:20:03.723746,2025-05-06 14:20:03.723746
148050,137,2017-12-02,18,0.2,16,22:58,19.9,16:04,10,1.1,8.6,21:40,89,95,12:20,77,16:00,2025-05-06 14:20:03.764077,2025-05-06 14:20:03.764077
148068,137,2017-12-03,18.1,0,15.7,02:38,20.5,13:53,10,8.1,18.3,12:30,69,85,02:40,59,13:50,2025-05-06 14:20:03.805707,2025-05-06 14:20:03.805707
148086,137,2017-12-04,18.1,0,14.6,08:20,21.6,13:39,6,3.1,13.3,04:20,62,78,00:00,26,,2025-05-06 14:20:03.844394,2025-05-06 14:20:03.844394
148104,137,2017-12-05,18.6,0,15.7,20:43,21.4,12:12,12,2.5,15.8,00:40,51,65,18:30,21,02:50,2025-05-06 14:20:03.887485,2025-05-06 14:20:03.887485
148122,137,2017-12-06,16.8,0,14.1,23:59,19.6,15:07,13,6.4,16.1,19:40,41,58,23:50,17,21:00,2025-05-06 14:20:03.928407,2025-05-06 14:20:03.928407
148140,137,2017-12-07,16.1,0,13.3,06:40,18.9,14:28,9,1.9,9.7,03:10,50,61,23:30,25,02:20,2025-05-06 14:20:03.968610,2025-05-06 14:20:03.968610
148158,137,2017-12-08,16,0,13,07:25,19,12:51,12,2.2,11.7,10:20,51,67,,27,23:00,2025-05-06 14:20:04.011712,2025-05-06 14:20:04.011712
148176,137,2017-12-09,16.6,0,14.1,08:24,19,16:37,10,1.7,16.1,02:30,52,68,19:40,28,04:30,2025-05-06 14:20:04.055487,2025-05-06 14:20:04.055487
148194,137,2017-12-10,17.3,0,14.8,08:13,19.8,12:28,8,3.9,15.8,02:30,56,76,19:20,12,05:40,2025-05-06 14:20:04.123268,2025-05-06 14:20:04.123268
148212,137,2017-12-11,17.1,24.4,13.7,22:50,20.5,13:53,3,2.8,15,19:50,62,100,,54,12:50,2025-05-06 14:20:04.170119,2025-05-06 14:20:04.170119
148230,137,2017-12-12,14.4,5,12.6,20:38,16.1,14:58,3,5.3,21.7,15:40,73,95,00:40,62,10:10,2025-05-06 14:20:04.207251,2025-05-06 14:20:04.207251
148248,137,2017-12-13,14.4,0.2,13,05:02,15.9,14:35,2,6.9,18.1,05:00,69,88,05:00,59,09:10,2025-05-06 14:20:04.242940,2025-05-06 14:20:04.242940
148266,137,2017-12-14,16,0,14.3,04:52,17.7,14:28,8,4.4,12.8,10:00,75,83,07:40,64,12:50,2025-05-06 14:20:04.283126,2025-05-06 14:20:04.283126
148284,137,2017-12-15,16.6,5.6,14.6,,18.7,13:34,15,4.7,12.5,07:30,70,98,20:40,62,13:00,2025-05-06 14:20:04.324668,2025-05-06 14:20:04.324668
148302,137,2017-12-16,15.8,24,14.8,02:40,16.9,12:41,10,2.8,8.6,00:10,93,100,,80,06:00,2025-05-06 14:20:04.367278,2025-05-06 14:20:04.367278
148319,137,2017-12-17,15.4,0.8,14.1,13:45,16.6,00:29,10,5.8,15.3,09:40,74,97,00:00,63,17:10,2025-05-06 14:20:04.405339,2025-05-06 14:20:04.405339
148337,137,2017-12-18,15.4,0,13.9,04:22,16.8,12:36,10,5.8,13.6,13:30,77,89,23:40,69,04:30,2025-05-06 14:20:04.446915,2025-05-06 14:20:04.446915
148355,137,2017-12-19,15.8,0,14.4,,17.2,13:03,11,8.1,15.8,08:30,74,89,00:30,64,10:30,2025-05-06 14:20:04.488192,2025-05-06 14:20:04.488192
148373,137,2017-12-20,15.8,0,14,03:15,17.5,12:47,10,3.9,12.8,14:30,69,79,15:40,52,23:59,2025-05-06 14:20:04.524714,2025-05-06 14:20:04.524714
148391,137,2017-12-21,16.4,0,13.8,,19.1,15:19,8,3.6,15.3,17:40,39,75,23:10,32,15:30,2025-05-06 14:20:04.566533,2025-05-06 14:20:04.566533
148409,137,2017-12-22,15.6,0,13.2,23:45,17.9,12:25,7,2.8,13.1,01:40,66,77,21:20,44,22:30,2025-05-06 14:20:04.606903,2025-05-06 14:20:04.606903
148427,137,2017-12-23,15.6,0,13,00:06,18.2,13:38,12,4.4,11.1,08:30,46,70,00:00,36,05:40,2025-05-06 14:20:04.648567,2025-05-06 14:20:04.648567
148445,137,2017-12-24,14.3,0,11.6,23:55,17,15:01,10,2.8,10,07:20,55,73,01:10,46,17:20,2025-05-06 14:20:04.690399,2025-05-06 14:20:04.690399
148463,137,2017-12-25,14.8,0,11.4,00:58,18.3,14:13,16,2.5,13.9,21:00,43,65,00:00,23,22:00,2025-05-06 14:20:04.729036,2025-05-06 14:20:04.729036
148481,137,2017-12-26,15.8,0,12.9,06:07,18.8,16:28,7,4.2,13.6,20:30,45,72,22:10,37,09:30,2025-05-06 14:20:04.772050,2025-05-06 14:20:04.772050
148499,137,2017-12-27,14.8,0,12.6,07:13,16.9,13:56,6,5,14.2,10:10,64,78,,29,00:40,2025-05-06 14:20:04.813385,2025-05-06 14:20:04.813385
148516,137,2017-12-28,16,0,14.7,04:10,17.4,13:19,3,5,13.9,21:30,74,86,00:40,62,13:10,2025-05-06 14:20:04.852530,2025-05-06 14:20:04.852530
148533,137,2017-12-29,15.7,0,14.5,06:44,16.9,14:09,8,5,17.5,14:30,74,84,06:40,66,14:10,2025-05-06 14:20:04.891603,2025-05-06 14:20:04.891603
148550,137,2017-12-30,16.4,0,14.5,06:50,18.3,11:05,8,1.9,15.8,01:40,80,91,,56,23:50,2025-05-06 14:20:04.931068,2025-05-06 14:20:04.931068
148566,137,2015-01-16,,,,,,,99,4.4,11.1,,,,,,,2025-05-06 14:30:56.260167,2025-05-06 14:30:56.260167
148583,137,2015-01-17,,,,,,,3,4.7,13.1,05:55,,,,,,2025-05-06 14:30:56.311159,2025-05-06 14:30:56.311159
148600,137,2015-01-18,,,,,,,1,1.7,8.9,04:00,,,,,,2025-05-06 14:30:56.354851,2025-05-06 14:30:56.354851
148617,137,2015-01-19,,,,,,,36,2.2,13.9,16:18,,,,,,2025-05-06 14:30:56.400491,2025-05-06 14:30:56.400491
148635,137,2015-01-20,,,,,,,6,3.6,13.1,02:40,,,,,,2025-05-06 14:30:56.448640,2025-05-06 14:30:56.448640
148652,137,2015-01-21,,,,,,,4,3.9,13.3,15:30,,,,,,2025-05-06 14:30:56.511376,2025-05-06 14:30:56.511376
148670,137,2015-01-22,,,,,,,99,4.2,11.1,,,,,,,2025-05-06 14:30:56.557091,2025-05-06 14:30:56.557091
148688,137,2015-01-23,,,,,,,3,4.2,12.2,14:35,,,,,,2025-05-06 14:30:56.609732,2025-05-06 14:30:56.609732
148706,137,2015-01-24,,,,,,,10,4.4,11.7,08:03,,,,,,2025-05-06 14:30:56.660495,2025-05-06 14:30:56.660495
148724,137,2015-01-25,,,,,,,5,3.9,10,08:02,,,,,,2025-05-06 14:30:56.709100,2025-05-06 14:30:56.709100
148742,137,2015-01-26,,,,,,,99,4.4,11.1,,,,,,,2025-05-06 14:30:56.770254,2025-05-06 14:30:56.770254
148760,137,2015-01-27,,,,,,,5,3.6,11.9,23:10,,,,,,2025-05-06 14:30:56.806658,2025-05-06 14:30:56.806658
148778,137,2015-01-28,,,,,,,4,5,12.2,12:00,,,,,,2025-05-06 14:30:56.839774,2025-05-06 14:30:56.839774
149608,137,2015-03-14,,,,,,,8,5.8,18.1,10:55,,,,,,2025-05-06 14:30:58.895913,2025-05-06 14:30:58.895913
148796,137,2015-01-29,,,,,,,99,4.2,10.3,,,,,,,2025-05-06 14:30:56.873743,2025-05-06 14:30:56.873743
148814,137,2015-01-30,,,,,,,6,2.2,10,05:55,,,,,,2025-05-06 14:30:56.908830,2025-05-06 14:30:56.908830
148832,137,2015-01-31,,,,,,,2,3.3,10,17:40,,,,,,2025-05-06 14:30:56.944042,2025-05-06 14:30:56.944042
148850,137,2015-02-01,,0,,,,,6,3.6,10,23:10,,,,,,2025-05-06 14:30:56.978050,2025-05-06 14:30:56.978050
148868,137,2015-02-02,,0,,,,,9,3.9,9.2,00:50,,,,,,2025-05-06 14:30:57.030699,2025-05-06 14:30:57.030699
148887,137,2015-02-03,,0,,,,,36,2.2,10,08:23,,,,,,2025-05-06 14:30:57.065756,2025-05-06 14:30:57.065756
148905,137,2015-02-04,,0,,,,,99,2.8,8.1,,,,,,,2025-05-06 14:30:57.099266,2025-05-06 14:30:57.099266
148923,137,2015-02-05,,0,,,,,2,3.3,11.4,13:52,,,,,,2025-05-06 14:30:57.133334,2025-05-06 14:30:57.133334
148941,137,2015-02-06,,0,,,,,6,3.3,8.9,17:10,,,,,,2025-05-06 14:30:57.166495,2025-05-06 14:30:57.166495
148960,137,2015-02-07,,0,,,,,99,4.2,8.9,,,,,,,2025-05-06 14:30:57.204131,2025-05-06 14:30:57.204131
148979,137,2015-02-08,,0,,,,,9,1.4,10,02:22,,,,,,2025-05-06 14:30:57.260699,2025-05-06 14:30:57.260699
148998,137,2015-02-09,,0,,,,,99,1.4,6.1,,,,,,,2025-05-06 14:30:57.297983,2025-05-06 14:30:57.297983
149017,137,2015-02-10,,0,,,,,25,1.4,5,12:10,,,,,,2025-05-06 14:30:57.343151,2025-05-06 14:30:57.343151
149036,137,2015-02-11,,0,,,,,1,1.4,6.1,14:25,,,,,,2025-05-06 14:30:57.400038,2025-05-06 14:30:57.400038
149055,137,2015-02-12,,0,,,,,1,1.9,7.5,21:35,,,,,,2025-05-06 14:30:57.454214,2025-05-06 14:30:57.454214
149074,137,2015-02-13,,0,,,,,99,2.8,10,,,,,,,2025-05-06 14:30:57.520491,2025-05-06 14:30:57.520491
149093,137,2015-02-14,,0,,,,,4,5.6,15.6,11:38,,,,,,2025-05-06 14:30:57.564775,2025-05-06 14:30:57.564775
149112,137,2015-02-15,,0,,,,,7,4.4,18.3,07:03,,,,,,2025-05-06 14:30:57.609296,2025-05-06 14:30:57.609296
149131,137,2015-02-16,,0,,,,,7,3.3,15,01:30,,,,,,2025-05-06 14:30:57.655682,2025-05-06 14:30:57.655682
149150,137,2015-02-17,,0,,,,,5,5,13.9,16:23,,,,,,2025-05-06 14:30:57.701116,2025-05-06 14:30:57.701116
149169,137,2015-02-18,,5.8,,,,,99,4.7,15,,,,,,,2025-05-06 14:30:57.763710,2025-05-06 14:30:57.763710
149188,137,2015-02-19,,2.1,,,,,99,6.1,13.9,,,,,,,2025-05-06 14:30:57.806884,2025-05-06 14:30:57.806884
149207,137,2015-02-20,,0,,,,,99,5.8,13.9,,,,,,,2025-05-06 14:30:57.862176,2025-05-06 14:30:57.862176
149226,137,2015-02-21,,12.6,,,,,3,4.4,11.9,06:30,,,,,,2025-05-06 14:30:57.909677,2025-05-06 14:30:57.909677
149244,137,2015-02-22,,6.1,,,,,99,3.9,10,,,,,,,2025-05-06 14:30:57.965910,2025-05-06 14:30:57.965910
149262,137,2015-02-23,,4.2,,,,,5,3.9,11.9,21:25,,,,,,2025-05-06 14:30:58.028830,2025-05-06 14:30:58.028830
149280,137,2015-02-24,,4.8,,,,,6,6.1,15.3,16:23,,,,,,2025-05-06 14:30:58.072256,2025-05-06 14:30:58.072256
149298,137,2015-02-25,,0,,,,,7,7.8,25.8,23:38,,,,,,2025-05-06 14:30:58.114529,2025-05-06 14:30:58.114529
149315,137,2015-02-26,,0,,,,,7,8.9,23.9,00:09,,,,,,2025-05-06 14:30:58.156323,2025-05-06 14:30:58.156323
149333,137,2015-02-27,,0,,,,,99,6.9,19.4,,,,,,,2025-05-06 14:30:58.200624,2025-05-06 14:30:58.200624
149351,137,2015-02-28,,,,,,,8,4.7,16.1,01:55,,,,,,2025-05-06 14:30:58.247342,2025-05-06 14:30:58.247342
149369,137,2015-03-01,,,,,,,99,6.1,13.9,,,,,,,2025-05-06 14:30:58.292396,2025-05-06 14:30:58.292396
149438,137,2015-03-05,,,,,,,0,2.5,,,,,,,,2025-05-06 14:30:58.469976,2025-05-06 14:30:58.469976
149456,137,2015-03-06,,,,,,,9,2.2,11.9,09:00,,,,,,2025-05-06 14:30:58.512483,2025-05-06 14:30:58.512483
149475,137,2015-03-07,,,,,,,2,2.8,10,16:25,,,,,,2025-05-06 14:30:58.560562,2025-05-06 14:30:58.560562
149494,137,2015-03-08,,,,,,,12,0.8,16.9,03:38,,,,,,2025-05-06 14:30:58.607564,2025-05-06 14:30:58.607564
149513,137,2015-03-09,,,,,,,12,5.8,18.1,06:48,,,,,,2025-05-06 14:30:58.653674,2025-05-06 14:30:58.653674
149532,137,2015-03-10,,,,,,,8,5.8,13.9,06:47,,,,,,2025-05-06 14:30:58.705550,2025-05-06 14:30:58.705550
149551,137,2015-03-11,,,,,,,6,3.6,18.1,09:02,,,,,,2025-05-06 14:30:58.750346,2025-05-06 14:30:58.750346
149570,137,2015-03-12,,,,,,,99,0.8,6.1,,,,,,,2025-05-06 14:30:58.797025,2025-05-06 14:30:58.797025
149589,137,2015-03-13,,,,,,,8,5.8,14.7,21:50,,,,,,2025-05-06 14:30:58.848523,2025-05-06 14:30:58.848523
149627,137,2015-03-15,,,,,,,4,4.4,11.7,01:15,,,,,,2025-05-06 14:30:58.943102,2025-05-06 14:30:58.943102
149646,137,2015-03-16,,,,,,,6,3.9,14.4,20:45,,,,,,2025-05-06 14:30:58.988445,2025-05-06 14:30:58.988445
149665,137,2015-03-17,,,,,,,4,4.7,13.1,02:15,,,,,,2025-05-06 14:30:59.038852,2025-05-06 14:30:59.038852
149684,137,2015-03-18,,,,,,,99,3.6,9.2,,,,,,,2025-05-06 14:30:59.097223,2025-05-06 14:30:59.097223
149703,137,2015-03-19,,,,,,,99,3.3,10,,,,,,,2025-05-06 14:30:59.149400,2025-05-06 14:30:59.149400
149721,137,2015-03-20,,,,,,,99,1.9,6.1,,,,,,,2025-05-06 14:30:59.200380,2025-05-06 14:30:59.200380
149739,137,2015-03-21,,,,,,,33,1.4,6.1,13:45,,,,,,2025-05-06 14:30:59.254773,2025-05-06 14:30:59.254773
149757,137,2015-03-22,,,,,,,35,1.7,6.9,22:12,,,,,,2025-05-06 14:30:59.303982,2025-05-06 14:30:59.303982
149792,137,2015-03-24,,,,,,,1,3.6,10,12:50,,,,,,2025-05-06 14:30:59.400734,2025-05-06 14:30:59.400734
149810,137,2015-03-25,,,,,,,36,2.2,10.8,02:35,,,,,,2025-05-06 14:30:59.450054,2025-05-06 14:30:59.450054
149828,137,2015-03-26,,,,,,,3,4.2,12.5,23:35,,,,,,2025-05-06 14:30:59.502557,2025-05-06 14:30:59.502557
149845,137,2015-03-27,,,,,,,6,5,13.9,15:55,,,,,,2025-05-06 14:30:59.551662,2025-05-06 14:30:59.551662
149863,137,2015-03-28,,,,,,,6,5,11.9,12:30,,,,,,2025-05-06 14:30:59.596722,2025-05-06 14:30:59.596722
149881,137,2015-03-29,,,,,,,6,8.9,16.1,14:40,,,,,,2025-05-06 14:30:59.641376,2025-05-06 14:30:59.641376
149899,137,2015-03-30,,,,,,,7,5,13.6,18:12,,,,,,2025-05-06 14:30:59.681431,2025-05-06 14:30:59.681431
149917,137,2015-03-31,,,,,,,8,2.5,13.9,01:35,,,,,,2025-05-06 14:30:59.720654,2025-05-06 14:30:59.720654
149934,137,2015-04-01,,,,,,,35,1.7,5.6,13:04,,,,,,2025-05-06 14:30:59.762217,2025-05-06 14:30:59.762217
149953,137,2015-04-02,,,,,,,1,1.9,7.8,14:30,,,,,,2025-05-06 14:30:59.801913,2025-05-06 14:30:59.801913
149971,137,2015-04-03,,,,,,,1,2.5,8.9,17:15,,,,,,2025-05-06 14:30:59.842537,2025-05-06 14:30:59.842537
149990,137,2015-04-04,,,,,,,99,1.7,6.1,,,,,,,2025-05-06 14:30:59.907476,2025-05-06 14:30:59.907476
150009,137,2015-04-05,,,,,,,33,3.1,8.6,14:40,,,,,,2025-05-06 14:30:59.967865,2025-05-06 14:30:59.967865
150028,137,2015-04-06,,,,,,,2,1.4,5.8,02:15,,,,,,2025-05-06 14:31:00.017600,2025-05-06 14:31:00.017600
150047,137,2015-04-07,,,,,,,23,2.2,8.9,11:40,,,,,,2025-05-06 14:31:00.063790,2025-05-06 14:31:00.063790
150066,137,2015-04-08,,,,,,,99,0.8,4.2,,,,,,,2025-05-06 14:31:00.111437,2025-05-06 14:31:00.111437
150085,137,2015-04-09,,,,,,,36,2.5,7.5,12:50,,,,,,2025-05-06 14:31:00.159681,2025-05-06 14:31:00.159681
150104,137,2015-04-10,,,,,,,99,3.3,9.2,,,,,,,2025-05-06 14:31:00.214573,2025-05-06 14:31:00.214573
150123,137,2015-04-11,,,,,,,3,6.4,18.1,12:03,,,,,,2025-05-06 14:31:00.263789,2025-05-06 14:31:00.263789
150142,137,2015-04-12,,,,,,,99,2.5,6.9,,,,,,,2025-05-06 14:31:00.313298,2025-05-06 14:31:00.313298
150161,137,2015-04-13,,,,,,,23,2.2,8.1,16:25,,,,,,2025-05-06 14:31:00.361408,2025-05-06 14:31:00.361408
150180,137,2015-04-14,,,,,,,24,1.9,10,02:40,,,,,,2025-05-06 14:31:00.410643,2025-05-06 14:31:00.410643
150199,137,2015-04-15,,,,,,,99,2.8,8.1,,,,,,,2025-05-06 14:31:00.456755,2025-05-06 14:31:00.456755
150218,137,2015-04-16,,,,,,,36,5.3,13.1,14:30,,,,,,2025-05-06 14:31:00.500523,2025-05-06 14:31:00.500523
150237,137,2015-04-17,,,,,,,6,6.1,15,01:35,,,,,,2025-05-06 14:31:00.546799,2025-05-06 14:31:00.546799
150256,137,2015-04-18,,,,,,,7,4.2,11.1,06:45,,,,,,2025-05-06 14:31:00.594404,2025-05-06 14:31:00.594404
150275,137,2015-04-19,,,,,,,36,4.2,13.6,16:20,,,,,,2025-05-06 14:31:00.643112,2025-05-06 14:31:00.643112
150294,137,2015-04-20,,,,,,,99,5,11.9,,,,,,,2025-05-06 14:31:00.695773,2025-05-06 14:31:00.695773
150313,137,2015-04-21,,,,,,,99,4.7,10,,,,,,,2025-05-06 14:31:00.746234,2025-05-06 14:31:00.746234
150332,137,2015-04-22,,,,,,,36,5.6,11.9,13:08,,,,,,2025-05-06 14:31:00.794509,2025-05-06 14:31:00.794509
150351,137,2015-04-23,,,,,,,99,3.1,10,,,,,,,2025-05-06 14:31:00.841214,2025-05-06 14:31:00.841214
150370,137,2015-04-24,,,,,,,35,3.6,10,12:50,,,,,,2025-05-06 14:31:00.885157,2025-05-06 14:31:00.885157
150389,137,2015-04-25,,,,,,,99,1.4,5,,,,,,,2025-05-06 14:31:00.932827,2025-05-06 14:31:00.932827
150408,137,2015-04-26,,,,,,,7,3.6,10.8,22:25,,,,,,2025-05-06 14:31:00.978663,2025-05-06 14:31:00.978663
150427,137,2015-04-27,,,,,,,8,4.4,14.7,21:03,,,,,,2025-05-06 14:31:01.026044,2025-05-06 14:31:01.026044
150446,137,2015-04-28,,,,,,,7,7.5,17.2,13:18,,,,,,2025-05-06 14:31:01.073052,2025-05-06 14:31:01.073052
150465,137,2015-04-29,,,,,,,34,3.6,13.3,13:40,,,,,,2025-05-06 14:31:01.119458,2025-05-06 14:31:01.119458
150484,137,2015-04-30,,,,,,,8,3.6,11.1,10:04,,,,,,2025-05-06 14:31:01.167544,2025-05-06 14:31:01.167544
150503,137,2015-05-01,,,,,,,1,1.7,8.9,16:10,,,,,,2025-05-06 14:31:01.217592,2025-05-06 14:31:01.217592
150522,137,2015-05-02,,,,,,,99,2.8,8.1,,,,,,,2025-05-06 14:31:01.265947,2025-05-06 14:31:01.265947
150541,137,2015-05-03,,,,,,,5,0.8,8.1,07:00,,,,,,2025-05-06 14:31:01.312849,2025-05-06 14:31:01.312849
150595,137,2015-05-06,,,,,,,33,0.8,6.1,14:47,,,,,,2025-05-06 14:31:01.465585,2025-05-06 14:31:01.465585
150614,137,2015-05-07,,,,,,,1,3.3,10,17:02,,,,,,2025-05-06 14:31:01.513534,2025-05-06 14:31:01.513534
150633,137,2015-05-08,,,,,,,1,3.9,13.1,15:55,,,,,,2025-05-06 14:31:01.565566,2025-05-06 14:31:01.565566
150652,137,2015-05-09,,,,,,,35,4.2,13.1,14:50,,,,,,2025-05-06 14:31:01.611594,2025-05-06 14:31:01.611594
150671,137,2015-05-10,,,,,,,1,3.1,8.9,14:05,,,,,,2025-05-06 14:31:01.660097,2025-05-06 14:31:01.660097
150690,137,2015-05-11,,,,,,,7,1.7,8.9,22:07,,,,,,2025-05-06 14:31:01.709377,2025-05-06 14:31:01.709377
150709,137,2015-05-12,,,,,,,5,2.8,16.9,05:15,,,,,,2025-05-06 14:31:01.756320,2025-05-06 14:31:01.756320
150728,137,2015-05-13,,,,,,,12,1.9,11.4,09:04,,,,,,2025-05-06 14:31:01.803628,2025-05-06 14:31:01.803628
150747,137,2015-05-14,,,,,,,7,6.1,20,02:55,,,,,,2025-05-06 14:31:01.850631,2025-05-06 14:31:01.850631
150766,137,2015-05-15,,,,,,,6,2.5,16.1,23:50,,,,,,2025-05-06 14:31:01.896997,2025-05-06 14:31:01.896997
150785,137,2015-05-16,,,,,,,7,8.3,20,05:42,,,,,,2025-05-06 14:31:01.945217,2025-05-06 14:31:01.945217
150804,137,2015-05-17,,,,,,,99,4.7,13.6,,,,,,,2025-05-06 14:31:01.992293,2025-05-06 14:31:01.992293
150842,137,2015-05-19,,,,,,,7,2.8,11.1,23:40,,,,,,2025-05-06 14:31:02.082952,2025-05-06 14:31:02.082952
150861,137,2015-05-20,,,,,,,1,3.9,12.2,16:30,,,,,,2025-05-06 14:31:02.130987,2025-05-06 14:31:02.130987
150880,137,2015-05-21,,,,,,,5,4.2,11.1,00:30,,,,,,2025-05-06 14:31:02.177630,2025-05-06 14:31:02.177630
150899,137,2015-05-22,,,,,,,99,3.9,10,,,,,,,2025-05-06 14:31:02.227173,2025-05-06 14:31:02.227173
150918,137,2015-05-23,,,,,,,2,2.8,6.9,22:30,,,,,,2025-05-06 14:31:02.277656,2025-05-06 14:31:02.277656
150937,137,2015-05-24,,,,,,,36,3.1,13.1,18:15,,,,,,2025-05-06 14:31:02.328000,2025-05-06 14:31:02.328000
150955,137,2015-05-25,,,,,,,35,1.7,6.9,15:40,,,,,,2025-05-06 14:31:02.377121,2025-05-06 14:31:02.377121
150973,137,2015-05-26,,,,,,,1,3.1,8.9,14:25,,,,,,2025-05-06 14:31:02.423692,2025-05-06 14:31:02.423692
150991,137,2015-05-27,,,,,,,34,1.9,3.6,14:42,,,,,,2025-05-06 14:31:02.472299,2025-05-06 14:31:02.472299
151010,137,2015-05-28,,,,,,,1,2.5,7.5,16:22,,,,,,2025-05-06 14:31:02.517488,2025-05-06 14:31:02.517488
151029,137,2015-05-29,,,,,,,1,4.7,11.1,16:55,,,,,,2025-05-06 14:31:02.565674,2025-05-06 14:31:02.565674
151048,137,2015-05-30,,,,,,,99,4.7,11.9,,,,,,,2025-05-06 14:31:02.613644,2025-05-06 14:31:02.613644
151067,137,2015-05-31,,,,,,,1,6.7,11.4,13:35,,,,,,2025-05-06 14:31:02.663162,2025-05-06 14:31:02.663162
151086,137,2015-06-01,,,,,,,36,3.3,11.9,15:44,,,,,,2025-05-06 14:31:02.708907,2025-05-06 14:31:02.708907
151105,137,2015-06-02,,,,,,,35,2.8,11.1,08:00,,,,,,2025-05-06 14:31:02.757420,2025-05-06 14:31:02.757420
151124,137,2015-06-03,,,,,,,99,4.4,10.6,,,,,,,2025-05-06 14:31:02.805678,2025-05-06 14:31:02.805678
151143,137,2015-06-04,,,,,,,3,5,11.9,19:55,,,,,,2025-05-06 14:31:02.854865,2025-05-06 14:31:02.854865
151162,137,2015-06-05,,,,,,,4,3.9,11.9,03:00,,,,,,2025-05-06 14:31:02.902474,2025-05-06 14:31:02.902474
151181,137,2015-06-06,,,,,,,99,1.4,6.1,,,,,,,2025-05-06 14:31:02.951165,2025-05-06 14:31:02.951165
151200,137,2015-06-07,,,,,,,36,2.8,8.1,16:12,,,,,,2025-05-06 14:31:03.000983,2025-05-06 14:31:03.000983
151219,137,2015-06-08,,,,,,,36,2.5,11.1,17:22,,,,,,2025-05-06 14:31:03.047274,2025-05-06 14:31:03.047274
151238,137,2015-06-09,,,,,,,99,3.1,8.9,,,,,,,2025-05-06 14:31:03.101103,2025-05-06 14:31:03.101103
151257,137,2015-06-10,,,,,,,35,2.2,6.1,14:15,,,,,,2025-05-06 14:31:03.150613,2025-05-06 14:31:03.150613
151276,137,2015-06-11,,,,,,,99,1.4,6.4,,,,,,,2025-05-06 14:31:03.198500,2025-05-06 14:31:03.198500
151295,137,2015-06-12,,,,,,,99,1.7,8.1,,,,,,,2025-05-06 14:31:03.247210,2025-05-06 14:31:03.247210
151314,137,2015-06-13,,,,,,,36,1.4,6.4,18:56,,,,,,2025-05-06 14:31:03.295740,2025-05-06 14:31:03.295740
151333,137,2015-06-14,,,,,,,99,2.5,11.4,,,,,,,2025-05-06 14:31:03.343315,2025-05-06 14:31:03.343315
151352,137,2015-06-15,,,,,,,0,5.3,,,,,,,,2025-05-06 14:31:03.393132,2025-05-06 14:31:03.393132
151371,137,2015-06-16,,,,,,,1,3.9,11.9,16:12,,,,,,2025-05-06 14:31:03.436740,2025-05-06 14:31:03.436740
151390,137,2015-06-17,,,,,,,99,4.7,13.1,,,,,,,2025-05-06 14:31:03.491001,2025-05-06 14:31:03.491001
151427,137,2015-06-19,,,,,,,2,3.6,11.1,14:52,,,,,,2025-05-06 14:31:03.583920,2025-05-06 14:31:03.583920
151446,137,2015-06-20,,,,,,,99,3.6,11.1,,,,,,,2025-05-06 14:31:03.631793,2025-05-06 14:31:03.631793
151465,137,2015-06-21,,,,,,,36,2.8,8.9,10:55,,,,,,2025-05-06 14:31:03.686757,2025-05-06 14:31:03.686757
151484,137,2015-06-22,,,,,,,33,3.3,8.9,13:40,,,,,,2025-05-06 14:31:03.731693,2025-05-06 14:31:03.731693
151503,137,2015-06-23,,,,,,,1,3.6,8.9,15:03,,,,,,2025-05-06 14:31:03.776607,2025-05-06 14:31:03.776607
151522,137,2015-06-24,,,,,,,1,4.2,11.1,12:05,,,,,,2025-05-06 14:31:03.822943,2025-05-06 14:31:03.822943
151541,137,2015-06-25,,,,,,,36,4.4,11.9,14:05,,,,,,2025-05-06 14:31:03.870458,2025-05-06 14:31:03.870458
151559,137,2015-06-26,,,,,,,36,3.9,11.4,13:50,,,,,,2025-05-06 14:31:03.922608,2025-05-06 14:31:03.922608
151577,137,2015-06-27,,,,,,,36,4.7,11.1,17:35,,,,,,2025-05-06 14:31:03.968352,2025-05-06 14:31:03.968352
151596,137,2015-06-28,,,,,,,36,5,10,12:50,,,,,,2025-05-06 14:31:04.017559,2025-05-06 14:31:04.017559
151614,137,2015-06-29,,,,,,,1,4.7,8.9,07:35,,,,,,2025-05-06 14:31:04.065181,2025-05-06 14:31:04.065181
151633,137,2015-06-30,,,,,,,99,3.3,9.4,,,,,,,2025-05-06 14:31:04.115377,2025-05-06 14:31:04.115377
151887,137,1996-04-25,17,0,13,06:00,21,16:00,3,4.4,8.9,12:10,76,,,,,2025-05-06 14:31:49.966515,2025-05-06 14:31:49.966515
151894,137,1996-04-26,17.5,0,12,06:00,23,15:00,27,5.8,10,17:20,71,,,,,2025-05-06 14:31:49.994925,2025-05-06 14:31:49.994925
151901,137,1996-04-27,18,0,12,06:00,24,16:00,27,7.8,13.9,02:45,75,,,,,2025-05-06 14:31:50.021854,2025-05-06 14:31:50.021854
151908,137,1996-04-28,18.5,0,15,,22,16:00,3,3.3,8.1,16:15,77,,,,,2025-05-06 14:31:50.105376,2025-05-06 14:31:50.105376
151915,137,1996-04-29,18,0,14,,22,15:00,3,5.6,11.1,11:35,74,,,,,2025-05-06 14:31:50.124219,2025-05-06 14:31:50.124219
151922,137,1996-04-30,17.5,0,13,06:00,22,16:00,27,2.5,6.9,11:45,84,,,,,2025-05-06 14:31:50.137977,2025-05-06 14:31:50.137977
151929,137,1996-05-01,18,0,13,06:00,23,14:00,0,,,,87,,,,,2025-05-06 14:31:50.155768,2025-05-06 14:31:50.155768
151936,137,1996-05-02,19,0,15,,23,14:00,0,,,,78,,,,,2025-05-06 14:31:50.172317,2025-05-06 14:31:50.172317
151943,137,1996-05-03,20.5,0,16,,25,14:00,0,,,,72,,,,,2025-05-06 14:31:50.188601,2025-05-06 14:31:50.188601
151950,137,1996-05-04,22.5,0,18,,27,16:00,0,,,,59,,,,,2025-05-06 14:31:50.209915,2025-05-06 14:31:50.209915
151957,137,1996-05-05,22,0,20,,24,14:00,0,,,,65,,,,,2025-05-06 14:31:50.226478,2025-05-06 14:31:50.226478
151964,137,1996-05-06,17.5,0,14,06:00,21,16:00,0,,,,83,,,,,2025-05-06 14:31:50.245291,2025-05-06 14:31:50.245291
151971,137,1996-05-07,17.5,0,15,,20,14:00,0,,,,79,,,,,2025-05-06 14:31:50.265025,2025-05-06 14:31:50.265025
151978,137,1996-05-08,17.5,0,13,04:00,22,16:00,0,,,,86,,,,,2025-05-06 14:31:50.281286,2025-05-06 14:31:50.281286
151985,137,1996-05-09,16.5,0,13,,20,16:00,0,,,,82,,,,,2025-05-06 14:31:50.299833,2025-05-06 14:31:50.299833
151999,137,1996-05-11,17,0,14,05:00,20,14:00,0,,,,70,,,,,2025-05-06 14:31:50.353058,2025-05-06 14:31:50.353058
152006,137,1996-05-12,17,0,14,05:00,20,16:00,0,,,,66,,,,,2025-05-06 14:31:50.369719,2025-05-06 14:31:50.369719
152013,137,1996-05-13,19,0,15,,23,16:00,0,,,,68,,,,,2025-05-06 14:31:50.387546,2025-05-06 14:31:50.387546
152020,137,1996-05-14,18.5,0,13,06:00,24,16:00,0,,,,72,,,,,2025-05-06 14:31:50.405265,2025-05-06 14:31:50.405265
152027,137,1996-05-15,19.5,0,15,,24,16:00,0,,,,77,,,,,2025-05-06 14:31:50.424553,2025-05-06 14:31:50.424553
152034,137,1996-05-16,20,0,16,,24,16:00,0,,,,74,,,,,2025-05-06 14:31:50.442846,2025-05-06 14:31:50.442846
152041,137,1996-05-17,19,0,15,,23,15:00,0,,,,77,,,,,2025-05-06 14:31:50.462948,2025-05-06 14:31:50.462948
152048,137,1996-05-18,18.5,0,15,05:00,22,16:00,0,,,,78,,,,,2025-05-06 14:31:50.481035,2025-05-06 14:31:50.481035
152055,137,1996-05-19,17.5,0,14,06:00,21,12:00,0,,,,80,,,,,2025-05-06 14:31:50.499337,2025-05-06 14:31:50.499337
152069,137,1996-05-21,18,0,15,,21,14:00,0,,,,77,,,,,2025-05-06 14:31:50.537826,2025-05-06 14:31:50.537826
152076,137,1996-05-22,18.5,0,15,06:00,22,16:00,0,,,,80,,,,,2025-05-06 14:31:50.557143,2025-05-06 14:31:50.557143
152083,137,1996-05-23,25,0,18,20:00,32,14:00,9,7.2,18.1,22:30,63,,,,,2025-05-06 14:31:50.575405,2025-05-06 14:31:50.575405
152090,137,1996-05-24,27.5,0,23,,32,16:00,6,16.4,25,11:20,54,,,,,2025-05-06 14:31:50.610636,2025-05-06 14:31:50.610636
152097,137,1996-05-25,26,0,20,08:00,32,16:00,9,3.9,23.1,00:40,48,,,,,2025-05-06 14:31:50.629117,2025-05-06 14:31:50.629117
152104,137,1996-05-26,28.5,0,24,11:00,33,17:00,9,11.7,18.1,01:45,37,,,,,2025-05-06 14:31:50.646347,2025-05-06 14:31:50.646347
152111,137,1996-05-27,22.5,0,20,,25,16:00,9,8.6,16.9,00:45,71,,,,,2025-05-06 14:31:50.663913,2025-05-06 14:31:50.663913
152118,137,1996-05-28,19.5,0,16,04:00,23,14:00,36,8.3,15,15:00,84,,,,,2025-05-06 14:31:50.682750,2025-05-06 14:31:50.682750
152125,137,1996-05-29,23,0,17,,29,16:00,36,7.5,15,11:40,73,,,,,2025-05-06 14:31:50.702159,2025-05-06 14:31:50.702159
152132,137,1996-05-30,21,0,17,04:00,25,10:00,36,7.2,11.1,15:55,85,,,,,2025-05-06 14:31:50.722053,2025-05-06 14:31:50.722053
152139,137,1996-05-31,25,0,16,06:00,34,16:00,9,7.8,21.9,21:40,59,,,,,2025-05-06 14:31:50.738827,2025-05-06 14:31:50.738827
152146,137,1996-06-01,23,0,16,20:00,30,10:00,11,11.9,21.1,12:55,60,,,,,2025-05-06 14:31:50.757168,2025-05-06 14:31:50.757168
152153,137,1996-06-02,18.5,0,15,06:00,22,14:00,3,9.7,15,12:05,84,,,,,2025-05-06 14:31:50.780425,2025-05-06 14:31:50.780425
152160,137,1996-06-03,18,0,16,,20,15:00,8,6.9,11.9,09:30,89,,,,,2025-05-06 14:31:50.803731,2025-05-06 14:31:50.803731
152167,137,1996-06-04,17,0,15,,19,14:00,3,3.1,8.1,01:45,86,,,,,2025-05-06 14:31:50.826645,2025-05-06 14:31:50.826645
152174,137,1996-06-05,18,0,16,05:00,20,14:00,3,1.7,6.1,22:40,84,,,,,2025-05-06 14:31:50.868715,2025-05-06 14:31:50.868715
152181,137,1996-06-06,18.5,0,14,06:00,23,14:00,3,6.7,11.1,12:55,77,,,,,2025-05-06 14:31:50.891160,2025-05-06 14:31:50.891160
152188,137,1996-06-07,19.5,0,16,06:00,23,14:00,9,11.4,18.1,22:58,80,,,,,2025-05-06 14:31:50.911230,2025-05-06 14:31:50.911230
152195,137,1996-06-08,19.5,0,16,06:00,23,16:00,9,12.8,25,04:10,81,,,,,2025-05-06 14:31:50.934002,2025-05-06 14:31:50.934002
152209,137,1996-06-10,22.5,0,18,04:00,27,16:00,9,10.3,18.1,08:50,70,,,,,2025-05-06 14:31:50.980140,2025-05-06 14:31:50.980140
152216,137,1996-06-11,20.5,0,16,20:00,25,04:00,3,7.8,16.1,16:05,84,,,,,2025-05-06 14:31:50.999499,2025-05-06 14:31:50.999499
152223,137,1996-06-12,21.5,0,16,,27,16:00,36,6.9,13.1,10:25,82,,,,,2025-05-06 14:31:51.018012,2025-05-06 14:31:51.018012
152230,137,1996-06-13,20.5,0,15,,26,16:00,3,3.3,8.9,19:50,78,,,,,2025-05-06 14:31:51.037731,2025-05-06 14:31:51.037731
152237,137,1996-06-14,20.5,0,15,05:00,26,14:00,3,4.7,11.9,16:50,80,,,,,2025-05-06 14:31:51.057235,2025-05-06 14:31:51.057235
152244,137,1996-06-15,19.5,0,14,06:00,25,15:00,3,5,11.1,13:55,81,,,,,2025-05-06 14:31:51.077013,2025-05-06 14:31:51.077013
152251,137,1996-06-16,21.5,0,17,05:00,26,14:00,3,6.7,11.9,14:00,70,,,,,2025-05-06 14:31:51.113336,2025-05-06 14:31:51.113336
152258,137,1996-06-17,20,0,16,04:00,24,16:00,3,5.8,11.1,17:30,80,,,,,2025-05-06 14:31:51.129450,2025-05-06 14:31:51.129450
152265,137,1996-06-18,19.5,0,16,,23,16:00,6,5.3,11.1,17:20,87,,,,,2025-05-06 14:31:51.147288,2025-05-06 14:31:51.147288
152272,137,1996-06-19,20,0,15,06:00,25,15:00,9,7.2,11.9,17:30,76,,,,,2025-05-06 14:31:51.163408,2025-05-06 14:31:51.163408
152279,137,1996-06-20,20,0,16,04:00,24,11:00,3,7.8,11.9,15:58,73,,,,,2025-05-06 14:31:51.181241,2025-05-06 14:31:51.181241
152286,137,1996-06-21,20.5,0,16,20:00,25,04:00,3,10.8,16.1,14:00,73,,,,,2025-05-06 14:31:51.198712,2025-05-06 14:31:51.198712
152293,137,1996-06-22,20.5,0,17,06:00,24,14:00,9,9.7,20,09:55,76,,,,,2025-05-06 14:31:51.217312,2025-05-06 14:31:51.217312
152300,137,1996-06-23,20,0,17,05:00,23,16:00,3,9.4,15,14:55,78,,,,,2025-05-06 14:31:51.235421,2025-05-06 14:31:51.235421
152307,137,1996-06-24,19,0,17,,21,14:00,3,5.6,11.9,15:55,87,,,,,2025-05-06 14:31:51.254086,2025-05-06 14:31:51.254086
152314,137,1996-06-25,21,0,17,,25,16:00,3,6.7,11.9,12:58,81,,,,,2025-05-06 14:31:51.273766,2025-05-06 14:31:51.273766
152321,137,1996-06-26,22.5,0,18,04:00,27,17:00,36,8.1,13.1,18:55,67,,,,,2025-05-06 14:31:51.293185,2025-05-06 14:31:51.293185
152328,137,1996-06-27,24,0,20,,28,16:00,9,9.2,16.1,21:35,72,,,,,2025-05-06 14:31:51.310719,2025-05-06 14:31:51.310719
152335,137,1996-06-28,24.5,0,20,04:00,29,15:00,6,8.3,13.9,16:15,66,,,,,2025-05-06 14:31:51.328088,2025-05-06 14:31:51.328088
152342,137,1996-06-29,22,0,18,05:00,26,16:00,36,9.4,16.1,15:55,74,,,,,2025-05-06 14:31:51.371366,2025-05-06 14:31:51.371366
152349,137,1996-06-30,24,0,20,,28,16:00,9,8.1,15,11:35,62,,,,,2025-05-06 14:31:51.388917,2025-05-06 14:31:51.388917
152356,137,1996-07-01,23,0,18,02:00,28,15:00,3,6.9,15,15:15,67,,,,,2025-05-06 14:31:51.406479,2025-05-06 14:31:51.406479
152363,137,1996-07-02,27.5,0,21,,34,16:00,9,10.8,16.9,19:58,58,,,,,2025-05-06 14:31:51.422912,2025-05-06 14:31:51.422912
152370,137,1996-07-03,22.5,0,18,06:00,27,16:00,6,11.4,16.9,11:10,66,,,,,2025-05-06 14:31:51.442430,2025-05-06 14:31:51.442430
152377,137,1996-07-04,21,0,18,18:00,24,16:00,3,8.9,16.1,14:55,75,,,,,2025-05-06 14:31:51.462714,2025-05-06 14:31:51.462714
152384,137,1996-07-05,21.5,0,18,06:00,25,15:00,6,7.5,15,08:55,73,,,,,2025-05-06 14:31:51.482155,2025-05-06 14:31:51.482155
152391,137,1996-07-06,20.5,0,18,,23,16:00,6,11.1,16.9,19:00,84,,,,,2025-05-06 14:31:51.502303,2025-05-06 14:31:51.502303
152398,137,1996-07-07,20.5,0,18,,23,16:00,6,9.7,20,02:40,87,,,,,2025-05-06 14:31:51.521572,2025-05-06 14:31:51.521572
152412,137,1996-07-09,20.5,0,17,06:00,24,16:00,3,12.2,16.1,14:10,84,,,,,2025-05-06 14:31:51.559910,2025-05-06 14:31:51.559910
152419,137,1996-07-10,21,0,17,06:00,25,16:00,3,11.9,16.1,12:10,79,,,,,2025-05-06 14:31:51.576813,2025-05-06 14:31:51.576813
152426,137,1996-07-11,20.5,0,16,06:00,25,17:00,3,9.7,13.9,17:05,87,,,,,2025-05-06 14:31:51.612707,2025-05-06 14:31:51.612707
152433,137,1996-07-12,20,0,15,06:00,25,16:00,3,8.1,11.9,15:05,82,,,,,2025-05-06 14:31:51.628432,2025-05-06 14:31:51.628432
152440,137,1996-07-13,21,0,15,06:00,27,14:00,6,5.3,8.9,10:55,75,,,,,2025-05-06 14:31:51.647619,2025-05-06 14:31:51.647619
152447,137,1996-07-14,20.5,0,15,06:00,26,16:00,9,4.7,10,23:50,88,,,,,2025-05-06 14:31:51.664160,2025-05-06 14:31:51.664160
152454,137,1996-07-15,21,0,15,06:00,27,16:00,9,9.7,13.1,13:00,88,,,,,2025-05-06 14:31:51.680410,2025-05-06 14:31:51.680410
152461,137,1996-07-16,26,0,19,17:00,33,15:00,3,10.3,15,17:10,55,,,,,2025-05-06 14:31:51.698399,2025-05-06 14:31:51.698399
152468,137,1996-07-17,22.5,0,17,06:00,28,14:00,3,9.4,15,16:00,77,,,,,2025-05-06 14:31:51.716763,2025-05-06 14:31:51.716763
152482,137,1996-07-19,22.5,0,19,06:00,26,15:00,3,8.6,15,13:45,83,,,,,2025-05-06 14:31:51.752138,2025-05-06 14:31:51.752138
152489,137,1996-07-20,22.5,0,18,06:00,27,16:00,3,9.2,11.9,16:30,77,,,,,2025-05-06 14:31:51.769480,2025-05-06 14:31:51.769480
152496,137,1996-07-21,23,0,20,,26,16:00,6,6.9,11.9,14:10,80,,,,,2025-05-06 14:31:51.788189,2025-05-06 14:31:51.788189
152503,137,1996-07-22,23.5,0,20,,27,15:00,3,7.2,11.9,15:10,72,,,,,2025-05-06 14:31:51.807200,2025-05-06 14:31:51.807200
152510,137,1996-07-23,23.5,0,19,,28,16:00,11,13.9,16.9,08:05,78,,,,,2025-05-06 14:31:51.825225,2025-05-06 14:31:51.825225
152517,137,1996-07-24,25,0,18,02:00,32,16:00,12,14.2,23.9,08:55,66,,,,,2025-05-06 14:31:51.866490,2025-05-06 14:31:51.866490
152524,137,1996-07-25,27,0,22,02:00,32,16:00,12,10,18.9,06:15,50,,,,,2025-05-06 14:31:51.884977,2025-05-06 14:31:51.884977
152531,137,1996-07-26,26.5,0,20,,33,16:00,6,8.1,16.9,14:15,61,,,,,2025-05-06 14:31:51.904743,2025-05-06 14:31:51.904743
152538,137,1996-07-27,22,0,19,,25,15:00,6,10.8,18.9,02:55,79,,,,,2025-05-06 14:31:51.922563,2025-05-06 14:31:51.922563
152545,137,1996-07-28,21.5,0,19,06:00,24,16:00,3,7.8,16.1,15:30,79,,,,,2025-05-06 14:31:51.939935,2025-05-06 14:31:51.939935
152552,137,1996-07-29,24,0,18,06:00,30,11:00,6,11.4,20,16:45,68,,,,,2025-05-06 14:31:51.959140,2025-05-06 14:31:51.959140
152559,137,1996-07-30,23.5,0,19,05:00,28,14:00,3,8.3,13.9,16:10,73,,,,,2025-05-06 14:31:51.978064,2025-05-06 14:31:51.978064
152566,137,1996-07-31,31,0,25,,37,17:00,11,13.3,20,11:10,40,,,,,2025-05-06 14:31:51.995600,2025-05-06 14:31:51.995600
152573,137,1996-08-01,32,0,26,,38,16:00,9,11.7,15,13:00,38,,,,,2025-05-06 14:31:52.017554,2025-05-06 14:31:52.017554
152580,137,1996-08-02,28.5,0,23,06:00,34,16:00,3,13.3,23.1,21:10,48,,,,,2025-05-06 14:31:52.037880,2025-05-06 14:31:52.037880
152587,137,1996-08-03,27.5,0,23,02:00,32,15:00,9,16.1,22.2,09:01,46,,,,,2025-05-06 14:31:52.057081,2025-05-06 14:31:52.057081
152594,137,1996-08-04,26.8,0,23,10:00,30.5,14:00,9,10.8,20,03:05,45,,,,,2025-05-06 14:31:52.075840,2025-05-06 14:31:52.075840
152601,137,1996-08-05,26,0,20,04:00,32,12:00,4,8.3,18.9,14:15,48,,,,,2025-05-06 14:31:52.110743,2025-05-06 14:31:52.110743
152608,137,1996-08-06,23.5,0,18,06:00,29,16:00,0,,,,64,,,,,2025-05-06 14:31:52.128162,2025-05-06 14:31:52.128162
152615,137,1996-08-07,23.8,0,17.5,06:00,30,16:00,3,9.4,13.9,14:50,60,,,,,2025-05-06 14:31:52.146325,2025-05-06 14:31:52.146325
152622,137,1996-08-08,23.5,0,19,06:00,28,16:00,3,9.4,15,13:05,73,,,,,2025-05-06 14:31:52.165711,2025-05-06 14:31:52.165711
152629,137,1996-08-09,22.5,0,19,06:00,26,16:00,3,8.3,13.9,16:55,76,,,,,2025-05-06 14:31:52.184283,2025-05-06 14:31:52.184283
152636,137,1996-08-10,23.5,0,20,,27,15:00,9,10,21.1,,71,,,,,2025-05-06 14:31:52.204322,2025-05-06 14:31:52.204322
152643,137,1996-08-11,23,0,20,,26,16:00,9,11.4,22.2,02:05,77,,,,,2025-05-06 14:31:52.222431,2025-05-06 14:31:52.222431
152650,137,1996-08-12,23.5,0,20,,27,17:00,3,11.4,16.1,12:30,78,,,,,2025-05-06 14:31:52.239928,2025-05-06 14:31:52.239928
152657,137,1996-08-13,23,0,20,,26,16:00,3,8.3,13.1,14:50,81,,,,,2025-05-06 14:31:52.258650,2025-05-06 14:31:52.258650
152664,137,1996-08-14,23.5,0,20,,27,14:00,3,8.6,13.9,13:10,77,,,,,2025-05-06 14:31:52.277847,2025-05-06 14:31:52.277847
152671,137,1996-08-15,23,0,20,,26,16:00,10,9.4,13.1,22:30,82,,,,,2025-05-06 14:31:52.295547,2025-05-06 14:31:52.295547
152678,137,1996-08-16,22.5,0,18,04:00,27,16:00,9,15.3,21.1,,81,,,,,2025-05-06 14:31:52.314988,2025-05-06 14:31:52.314988
152692,137,1996-08-18,25.5,0,21,20:00,30,11:00,10,10.3,20,23:10,57,,,,,2025-05-06 14:31:52.355072,2025-05-06 14:31:52.355072
152699,137,1996-08-19,22.5,0,19,06:00,26,14:00,3,10.8,16.9,14:15,83,,,,,2025-05-06 14:31:52.372211,2025-05-06 14:31:52.372211
152706,137,1996-08-20,22,0,19,06:00,25,14:00,9,13.3,23.9,10:30,79,,,,,2025-05-06 14:31:52.389725,2025-05-06 14:31:52.389725
152713,137,1996-08-21,,0,,,,,0,,,,,,,,,2025-05-06 14:31:52.406878,2025-05-06 14:31:52.406878
152720,137,1996-08-22,,0,,,,,0,,,,,,,,,2025-05-06 14:31:52.424609,2025-05-06 14:31:52.424609
152727,137,1996-08-23,,0,,,,,0,,,,,,,,,2025-05-06 14:31:52.441638,2025-05-06 14:31:52.441638
152734,137,1996-08-24,,0,,,,,0,,,,,,,,,2025-05-06 14:31:52.469965,2025-05-06 14:31:52.469965
152741,137,1996-08-25,,0,,,,,0,,,,,,,,,2025-05-06 14:31:52.487116,2025-05-06 14:31:52.487116
152748,137,1996-08-26,,0,,,,,0,,,,,,,,,2025-05-06 14:31:52.504842,2025-05-06 14:31:52.504842
152755,137,1996-08-27,,0,,,,,0,,,,,,,,,2025-05-06 14:31:52.522911,2025-05-06 14:31:52.522911
152762,137,1996-08-28,,0,,,,,0,,,,,,,,,2025-05-06 14:31:52.539508,2025-05-06 14:31:52.539508
152769,137,1996-08-29,,0,,,,,0,,,,,,,,,2025-05-06 14:31:52.559995,2025-05-06 14:31:52.559995
152776,137,1996-08-30,,0,,,,,0,,,,,,,,,2025-05-06 14:31:52.577699,2025-05-06 14:31:52.577699
152783,137,1996-08-31,,0,,,,,0,,,,,,,,,2025-05-06 14:31:52.598186,2025-05-06 14:31:52.598186
152790,137,1996-09-01,22,0,18,,26,15:00,3,3.1,6.1,17:15,75,,,,,2025-05-06 14:31:52.616697,2025-05-06 14:31:52.616697
152797,137,1996-09-02,21,0,17,06:00,25,14:00,30,4.7,8.1,15:05,78,,,,,2025-05-06 14:31:52.634986,2025-05-06 14:31:52.634986
152804,137,1996-09-03,22.5,0,18,06:00,27,16:00,3,2.8,11.9,11:30,76,,,,,2025-05-06 14:31:52.653395,2025-05-06 14:31:52.653395
152811,137,1996-09-04,22,0,17,06:00,27,15:00,0,,,,84,,,,,2025-05-06 14:31:52.673360,2025-05-06 14:31:52.673360
152818,137,1996-09-05,23,0,20,,26,14:00,9,7.5,16.1,22:40,86,,,,,2025-05-06 14:31:52.691334,2025-05-06 14:31:52.691334
152825,137,1996-09-06,22.5,0,20,,25,14:00,9,13.1,23.1,23:58,83,,,,,2025-05-06 14:31:52.713302,2025-05-06 14:31:52.713302
152832,137,1996-09-07,23,0,19,06:00,27,14:00,9,16.1,23.1,23:58,62,,,,,2025-05-06 14:31:52.731313,2025-05-06 14:31:52.731313
152839,137,1996-09-08,23.5,0,20,05:00,27,14:00,6,7.5,11.9,13:15,54,,,,,2025-05-06 14:31:52.752665,2025-05-06 14:31:52.752665
152846,137,1996-09-09,22.5,0,20,,25,14:00,32,2.5,8.9,10:10,79,,,,,2025-05-06 14:31:52.770272,2025-05-06 14:31:52.770272
152853,137,1996-09-10,21.5,0,18,06:00,25,15:00,36,3.6,6.9,15:55,73,,,,,2025-05-06 14:31:52.788608,2025-05-06 14:31:52.788608
152860,137,1996-09-11,22,0,18,,26,14:00,0,,,,73,,,,,2025-05-06 14:31:52.808028,2025-05-06 14:31:52.808028
152867,137,1996-09-12,21.5,0,17,05:00,26,16:00,0,,,,78,,,,,2025-05-06 14:31:52.827410,2025-05-06 14:31:52.827410
152874,137,1996-09-13,20.5,0,16,,25,16:00,0,,,,83,,,,,2025-05-06 14:31:52.848554,2025-05-06 14:31:52.848554
152881,137,1996-09-14,23,0,19,02:00,27,16:00,9,10,16.9,05:50,70,,,,,2025-05-06 14:31:52.867784,2025-05-06 14:31:52.867784
152888,137,1996-09-15,23.5,0,19,05:00,28,16:00,3,3.6,8.1,14:00,76,,,,,2025-05-06 14:31:52.886370,2025-05-06 14:31:52.886370
152902,137,1996-09-17,26.5,0,21,,32,15:00,36,6.9,13.1,12:15,60,,,,,2025-05-06 14:31:52.925012,2025-05-06 14:31:52.925012
152909,137,1996-09-18,23,0,19,,27,16:00,3,9.7,13.9,16:10,75,,,,,2025-05-06 14:31:52.943595,2025-05-06 14:31:52.943595
152916,137,1996-09-19,23.5,0,20,,27,16:00,9,9.7,13.1,16:15,75,,,,,2025-05-06 14:31:52.962985,2025-05-06 14:31:52.962985
152923,137,1996-09-20,22.5,0,19,05:00,26,16:00,3,6.4,10,14:15,74,,,,,2025-05-06 14:31:52.980693,2025-05-06 14:31:52.980693
152930,137,1996-09-21,23.5,0,19,06:00,28,16:00,3,4.7,8.1,14:15,76,,,,,2025-05-06 14:31:52.999539,2025-05-06 14:31:52.999539
152937,137,1996-09-22,22.2,0,18.5,05:00,26,15:00,3,8.9,13.1,12:50,79,,,,,2025-05-06 14:31:53.017535,2025-05-06 14:31:53.017535
152944,137,1996-09-23,21.5,7,18,06:00,25,16:00,3,6.7,11.9,23:10,87,,,,,2025-05-06 14:31:53.036990,2025-05-06 14:31:53.036990
152951,137,1996-09-24,20.5,8.2,19,,22,16:00,6,8.6,13.1,10:05,89,,,,,2025-05-06 14:31:53.057746,2025-05-06 14:31:53.057746
152958,137,1996-09-25,21.5,1.9,20,,23,16:00,3,8.6,13.1,15:20,88,,,,,2025-05-06 14:31:53.076618,2025-05-06 14:31:53.076618
152972,137,1996-09-27,21.5,0,18,06:00,25,16:00,9,8.6,16.1,08:45,85,,,,,2025-05-06 14:31:53.115933,2025-05-06 14:31:53.115933
152979,137,1996-09-28,23,0,18,06:00,28,15:00,36,1.4,6.1,15:30,57,,,,,2025-05-06 14:31:53.134386,2025-05-06 14:31:53.134386
152986,137,1996-09-29,28.5,0,23,06:00,34,16:00,3,4.4,8.1,14:30,43,,,,,2025-05-06 14:31:53.151396,2025-05-06 14:31:53.151396
152993,137,1996-09-30,27.5,0,23,04:00,32,16:00,3,6.9,13.1,15:30,55,,,,,2025-05-06 14:31:53.172256,2025-05-06 14:31:53.172256
153000,137,1996-10-01,25,0,22,06:00,28,14:00,9,17.5,26.1,20:56,55,,,,,2025-05-06 14:31:53.191381,2025-05-06 14:31:53.191381
153007,137,1996-10-02,22.5,0,20,06:00,25,16:00,9,14.7,26.1,05:55,70,,,,,2025-05-06 14:31:53.211383,2025-05-06 14:31:53.211383
153014,137,1996-10-03,25,0,20,20:00,30,10:00,9,10.3,18.1,09:50,66,,,,,2025-05-06 14:31:53.229324,2025-05-06 14:31:53.229324
153020,137,1996-10-04,24,0,20,21:00,28,09:00,2,8.6,15,15:55,66,,,,,2025-05-06 14:31:53.247071,2025-05-06 14:31:53.247071
153026,137,1996-10-05,22,0,20,,24,16:00,3,8.3,13.1,09:00,77,,,,,2025-05-06 14:31:53.262439,2025-05-06 14:31:53.262439
153033,137,1996-10-06,21,0,17,06:00,25,16:00,9,9.7,16.1,07:05,77,,,,,2025-05-06 14:31:53.278479,2025-05-06 14:31:53.278479
153040,137,1996-10-07,20.5,0,17,06:00,24,16:00,6,8.1,13.1,10:55,73,,,,,2025-05-06 14:31:53.295617,2025-05-06 14:31:53.295617
153047,137,1996-10-08,20,0,17,,23,14:00,6,8.3,11.9,14:55,73,,,,,2025-05-06 14:31:53.312496,2025-05-06 14:31:53.312496
153054,137,1996-10-09,20.5,0,17,03:00,24,16:00,9,6.9,11.9,08:05,73,,,,,2025-05-06 14:31:53.328902,2025-05-06 14:31:53.328902
153061,137,1996-10-10,20.5,0,17,04:00,24,16:00,6,10.3,15,09:15,71,,,,,2025-05-06 14:31:53.346815,2025-05-06 14:31:53.346815
153068,137,1996-10-11,21,0,17,06:00,25,16:00,3,5,8.9,11:30,74,,,,,2025-05-06 14:31:53.365648,2025-05-06 14:31:53.365648
153075,137,1996-10-12,21.5,0,18,,25,16:00,3,4.2,6.9,13:30,70,,,,,2025-05-06 14:31:53.382363,2025-05-06 14:31:53.382363
153082,137,1996-10-13,21,0,17,,25,16:00,30,1.7,6.9,16:50,74,,,,,2025-05-06 14:31:53.398618,2025-05-06 14:31:53.398618
153089,137,1996-10-14,22,0,18,,26,16:00,9,6.7,11.1,18:05,69,,,,,2025-05-06 14:31:53.417552,2025-05-06 14:31:53.417552
153096,137,1996-10-15,21,0,18,,24,15:00,9,7.8,16.1,21:30,75,,,,,2025-05-06 14:31:53.435284,2025-05-06 14:31:53.435284
153103,137,1996-10-16,20,0,17,06:00,23,14:00,3,9.2,16.1,13:30,78,,,,,2025-05-06 14:31:53.451027,2025-05-06 14:31:53.451027
153110,137,1996-10-17,21.5,0,18,,25,14:00,9,8.9,16.1,19:00,73,,,,,2025-05-06 14:31:53.469414,2025-05-06 14:31:53.469414
153117,137,1996-10-18,23.5,0,19,21:00,28,12:00,36,6.9,11.9,12:05,60,,,,,2025-05-06 14:31:53.487350,2025-05-06 14:31:53.487350
153124,137,1996-10-19,27,0,20,02:00,34,14:00,9,5.6,11.9,07:15,39,,,,,2025-05-06 14:31:53.503954,2025-05-06 14:31:53.503954
153131,137,1996-10-20,28,0,24,09:00,32,16:00,9,2.5,11.9,04:50,48,,,,,2025-05-06 14:31:53.521471,2025-05-06 14:31:53.521471
153137,137,1996-10-21,24.5,0,20,16:00,29,14:00,30,1.4,3.9,15:05,62,,,,,2025-05-06 14:31:53.536208,2025-05-06 14:31:53.536208
163537,137,1997-04-26,19.5,0,16,,23,16:00,8,13.9,20,19:45,82,,,,,2025-05-06 18:20:51.831524,2025-05-06 18:20:51.831524
153622,137,2024-05-28,18.5,0,16.3,01:44,20.7,11:06,2,5.6,12.5,15:40,70,82,21:10,58,15:10,2025-05-06 16:22:58.380618,2025-05-06 16:22:58.380618
153640,137,2024-05-29,19.2,0,16.6,03:07,21.7,13:39,1,3.9,8.6,14:10,67,84,03:00,58,13:00,2025-05-06 16:22:58.479991,2025-05-06 16:22:58.479991
153658,137,2024-05-30,20.1,0,17.2,04:19,23,14:28,34,3.1,9.4,17:20,69,87,22:50,56,15:10,2025-05-06 16:22:58.589979,2025-05-06 16:22:58.589979
153676,137,2024-05-31,19.2,1.8,16.6,04:13,21.8,15:28,1,3.3,8.6,16:40,75,92,,61,15:20,2025-05-06 16:22:58.707968,2025-05-06 16:22:58.707968
153694,137,2024-06-01,19.2,0.2,16.4,05:36,22,15:03,7,4.2,10.8,15:20,87,97,05:00,73,14:20,2025-05-06 16:22:58.831283,2025-05-06 16:22:58.831283
153712,137,2024-06-02,18.8,0,15.5,05:44,22.2,15:02,99,6.7,11.9,,76,89,,63,22:30,2025-05-06 16:22:58.941784,2025-05-06 16:22:58.941784
153730,137,2024-06-03,19.4,0,15.7,03:56,23.2,13:33,36,4.4,10.3,17:00,67,87,,57,17:50,2025-05-06 16:22:59.054602,2025-05-06 16:22:59.054602
153748,137,2024-06-04,19.8,0,16.8,05:36,22.8,14:53,2,4.4,9.7,14:00,71,90,05:10,61,14:30,2025-05-06 16:22:59.165508,2025-05-06 16:22:59.165508
153766,137,2024-06-05,20.8,0,17.6,06:31,24,14:31,1,4.7,10.6,13:30,65,89,08:00,55,14:20,2025-05-06 16:22:59.245034,2025-05-06 16:22:59.245034
153784,137,2024-06-06,20,0,17.4,22:12,22.6,11:05,26,2.5,7.2,18:10,74,92,22:30,64,10:00,2025-05-06 16:22:59.312276,2025-05-06 16:22:59.312276
153802,137,2024-06-07,21.5,0,17.3,00:08,25.7,14:32,27,3.1,8.1,10:20,76,92,04:50,59,10:10,2025-05-06 16:22:59.374332,2025-05-06 16:22:59.374332
153820,137,2024-06-08,21.2,0,17.3,05:22,25,13:45,28,2.2,7.2,13:40,72,83,,59,15:20,2025-05-06 16:22:59.435428,2025-05-06 16:22:59.435428
153838,137,2024-06-09,21.2,0,18,06:06,24.4,15:18,1,5.6,10.3,12:30,66,87,00:20,50,14:20,2025-05-06 16:22:59.513330,2025-05-06 16:22:59.513330
153856,137,2024-06-10,20.4,0.4,17.4,06:37,23.5,13:26,35,3.6,9.7,15:10,71,89,,58,,2025-05-06 16:22:59.622670,2025-05-06 16:22:59.622670
153874,137,2024-06-11,19.3,0.4,16.5,07:11,22.1,15:49,4,5.6,12.8,12:40,77,93,07:10,56,15:50,2025-05-06 16:22:59.755701,2025-05-06 16:22:59.755701
153892,137,2024-06-12,18.8,0,16.3,04:38,21.3,14:36,8,5,14.4,15:00,76,83,04:40,59,14:40,2025-05-06 16:22:59.881766,2025-05-06 16:22:59.881766
153910,137,2024-06-13,18.2,0,16.1,02:51,20.2,14:15,1,5.6,14.4,12:50,78,88,02:40,66,14:00,2025-05-06 16:23:00.013590,2025-05-06 16:23:00.013590
153928,137,2024-06-14,19.2,0,16.5,02:42,22,15:36,36,6.1,15.8,14:40,69,85,02:30,59,15:30,2025-05-06 16:23:00.143235,2025-05-06 16:23:00.143235
153946,137,2024-06-15,19.6,0,16.7,05:04,22.6,16:21,2,7.2,18.1,14:50,66,80,23:59,57,13:10,2025-05-06 16:23:00.280931,2025-05-06 16:23:00.280931
153964,137,2024-06-16,19,0,16.8,,21.1,16:28,6,5.6,16.7,00:50,75,90,08:00,64,16:10,2025-05-06 16:23:00.398022,2025-05-06 16:23:00.398022
153982,137,2024-06-17,19,0,16.3,05:41,21.6,15:05,8,8.1,16.4,09:30,70,83,21:50,62,13:00,2025-05-06 16:23:00.513104,2025-05-06 16:23:00.513104
154000,137,2024-06-18,19.8,0.2,16.7,04:51,23,15:38,1,7.8,17.5,12:40,71,89,23:50,61,15:40,2025-05-06 16:23:00.636415,2025-05-06 16:23:00.636415
154018,137,2024-06-19,19.7,0,17.3,06:47,22.1,13:09,36,5.8,14.4,14:50,65,89,00:00,51,15:00,2025-05-06 16:23:00.757708,2025-05-06 16:23:00.757708
154036,137,2024-06-20,19.3,0,16.6,04:22,22,12:55,3,5.6,17.2,13:50,67,84,22:20,55,,2025-05-06 16:23:00.871190,2025-05-06 16:23:00.871190
154054,137,2024-06-21,19,0,16.7,02:35,21.3,15:27,2,5,14.4,15:00,69,87,01:00,60,16:40,2025-05-06 16:23:00.988923,2025-05-06 16:23:00.988923
154072,137,2024-06-22,19.2,0,17.1,05:30,21.2,14:39,2,6.4,15.3,14:00,74,84,05:40,62,14:40,2025-05-06 16:23:01.111818,2025-05-06 16:23:01.111818
154090,137,2024-06-23,19.6,0,17,02:48,22.1,13:29,1,6.7,13.9,17:00,76,85,04:00,69,12:30,2025-05-06 16:23:01.230870,2025-05-06 16:23:01.230870
154108,137,2024-06-24,19.4,0,17.1,07:20,21.8,15:36,1,4.2,11.9,15:20,79,88,02:30,70,14:50,2025-05-06 16:23:01.348842,2025-05-06 16:23:01.348842
154126,137,2024-06-25,18.5,0.4,16.9,23:00,20.1,11:43,36,4.4,11.4,16:10,80,92,22:40,72,17:00,2025-05-06 16:23:01.464339,2025-05-06 16:23:01.464339
154144,137,2024-06-26,19.6,1,16.7,02:49,22.4,11:19,2,4.4,11.9,17:00,79,92,13:20,65,17:20,2025-05-06 16:23:01.585299,2025-05-06 16:23:01.585299
154162,137,2024-06-27,18.4,0.8,15.9,08:00,21,14:28,1,3.9,11.1,19:40,76,95,07:40,65,14:30,2025-05-06 16:23:01.703955,2025-05-06 16:23:01.703955
154180,137,2024-06-28,19.6,0,17,05:53,22.2,11:40,3,6.4,16.4,14:50,72,90,,61,11:40,2025-05-06 16:23:01.819907,2025-05-06 16:23:01.819907
154198,137,2024-06-29,21.3,0,17.9,07:04,24.7,15:12,8,9.2,16.7,06:10,72,81,07:50,38,03:40,2025-05-06 16:23:01.929700,2025-05-06 16:23:01.929700
154216,137,2024-06-30,19.7,0,16.7,06:59,22.7,10:31,8,7.5,15.8,23:59,77,90,,58,10:30,2025-05-06 16:23:02.049179,2025-05-06 16:23:02.049179
154234,137,2024-07-01,20.8,0,17,00:48,24.7,14:54,9,14.7,23.3,03:20,63,88,23:59,51,05:10,2025-05-06 16:23:02.173372,2025-05-06 16:23:02.173372
154252,137,2024-07-02,19.7,0,17,06:07,22.4,13:56,6,7.2,20,11:20,74,89,00:20,66,13:40,2025-05-06 16:23:02.296951,2025-05-06 16:23:02.296951
154270,137,2024-07-03,19.8,0,17.4,06:17,22.2,13:17,1,6.9,15.3,12:20,74,87,04:10,66,12:50,2025-05-06 16:23:02.414268,2025-05-06 16:23:02.414268
154288,137,2024-07-04,19.7,0,17.6,,21.8,13:44,1,7.2,15.3,14:10,77,89,22:40,71,12:30,2025-05-06 16:23:02.545782,2025-05-06 16:23:02.545782
154306,137,2024-07-05,19.4,0,16.6,02:12,22.3,14:47,2,7.5,15,14:10,77,92,02:00,67,14:30,2025-05-06 16:23:02.676117,2025-05-06 16:23:02.676117
154324,137,2024-07-06,22.4,0,17.7,01:13,27.1,13:44,8,7.8,18.9,23:00,62,82,00:10,43,03:40,2025-05-06 16:23:02.796179,2025-05-06 16:23:02.796179
154342,137,2024-07-07,23.2,0,18.3,23:54,28.1,10:56,8,10,20,03:10,56,72,,26,22:40,2025-05-06 16:23:02.909266,2025-05-06 16:23:02.909266
154360,137,2024-07-08,21.8,0,16.7,03:52,26.9,12:19,36,4.7,12.5,15:20,48,83,23:30,27,01:30,2025-05-06 16:23:03.026895,2025-05-06 16:23:03.026895
154378,137,2024-07-09,20.7,0,17.9,06:17,23.5,13:46,1,6.9,17.2,12:40,72,82,,64,,2025-05-06 16:23:03.151146,2025-05-06 16:23:03.151146
154396,137,2024-07-10,22.3,0,19.1,02:12,25.5,12:11,9,7.8,16.4,23:59,71,84,01:20,60,,2025-05-06 16:23:03.285826,2025-05-06 16:23:03.285826
154414,137,2024-07-11,25.6,0,21,21:50,30.3,10:53,9,8.9,17.8,00:20,50,76,19:50,38,10:00,2025-05-06 16:23:03.409947,2025-05-06 16:23:03.409947
154432,137,2024-07-12,28.9,0.2,26.3,00:32,31.5,13:43,9,12.2,22.5,22:00,36,50,10:20,33,08:00,2025-05-06 16:23:03.524790,2025-05-06 16:23:03.524790
154450,137,2024-07-13,25.5,0,18.9,23:58,32.1,09:32,8,7.2,23.1,05:10,51,83,21:40,13,08:00,2025-05-06 16:23:03.645770,2025-05-06 16:23:03.645770
154468,137,2024-07-14,22.4,0,18.3,01:49,26.6,14:00,1,4.4,10.3,10:50,72,85,01:50,45,23:59,2025-05-06 16:23:03.770505,2025-05-06 16:23:03.770505
154486,137,2024-07-15,26,0,19.7,00:56,32.2,13:20,9,13.1,21.7,08:20,27,67,00:20,17,04:50,2025-05-06 16:23:03.893059,2025-05-06 16:23:03.893059
154504,137,2024-07-16,25.1,0,18.7,24:00,31.5,13:31,11,7.8,19.2,01:30,50,82,23:59,10,19:50,2025-05-06 16:23:04.015754,2025-05-06 16:23:04.015754
154522,137,2024-07-17,21.2,0,17.7,06:22,24.8,12:42,2,5.8,14.2,10:30,70,84,22:10,62,13:00,2025-05-06 16:23:04.151654,2025-05-06 16:23:04.151654
154540,137,2024-07-18,23,0,16.7,05:01,29.2,23:20,9,5,20.3,83:40,71,86,,11,23:59,2025-05-06 16:23:04.277021,2025-05-06 16:23:04.277021
154558,137,2024-07-19,25.4,0,19.5,05:22,31.2,17:12,99,6.9,19.2,00:10,51,81,07:10,8,00:30,2025-05-06 16:23:04.403848,2025-05-06 16:23:04.403848
154576,137,2024-07-20,25.7,0,19.9,22:18,31.5,14:51,2,7.8,19.2,12:20,27,82,22:30,13,16:00,2025-05-06 16:23:04.524649,2025-05-06 16:23:04.524649
154594,137,2024-07-21,23.5,0,20,05:54,27,17:46,8,9.4,20.3,07:50,60,81,07:50,21,00:10,2025-05-06 16:23:04.653253,2025-05-06 16:23:04.653253
154612,137,2024-07-22,22.9,0,19.7,06:16,26.1,19:20,9,8.1,20.3,00:10,69,83,06:20,44,19:20,2025-05-06 16:23:04.777153,2025-05-06 16:23:04.777153
154630,137,2024-07-23,25,0,18.9,05:35,31.2,23:58,2,7.2,17.5,12:00,71,83,05:40,16,23:50,2025-05-06 16:23:04.893952,2025-05-06 16:23:04.893952
154648,137,2024-07-24,25.6,0,18.8,06:34,32.5,24:00,10,3.6,18.6,01:00,76,92,06:40,14,01:20,2025-05-06 16:23:05.005172,2025-05-06 16:23:05.005172
154666,137,2024-07-25,28,0,21.1,05:52,35,15:16,10,3.3,13.9,23:10,63,85,19:20,10,02:10,2025-05-06 16:23:05.135638,2025-05-06 16:23:05.135638
154684,137,2024-07-26,26,0,20.1,20:31,31.8,01:17,3,6.4,13.3,17:40,68,85,04:00,12,01:10,2025-05-06 16:23:05.262661,2025-05-06 16:23:05.262661
154702,137,2024-07-27,24.8,0.4,18.2,06:06,31.5,13:16,2,5.3,17.8,11:40,72,88,06:10,27,00:10,2025-05-06 16:23:05.385553,2025-05-06 16:23:05.385553
154720,137,2024-07-28,21.1,0,18.4,,23.8,15:20,1,5.6,10.8,12:50,78,96,,66,14:40,2025-05-06 16:23:05.500652,2025-05-06 16:23:05.500652
154738,137,2024-07-29,22.6,0.2,19.6,01:01,25.6,16:11,2,3.9,11.1,15:20,73,94,09:20,58,16:10,2025-05-06 16:23:05.621448,2025-05-06 16:23:05.621448
154756,137,2024-07-30,22.1,0,19.6,01:39,24.6,13:53,4,5,13.9,22:50,68,80,23:59,60,13:00,2025-05-06 16:23:05.741465,2025-05-06 16:23:05.741465
154774,137,2024-07-31,22.2,0,19.5,05:08,24.8,15:04,6,7.8,16.9,23:20,73,83,06:40,61,15:00,2025-05-06 16:23:05.861831,2025-05-06 16:23:05.861831
154792,137,2024-08-01,22.3,0,20,07:23,24.6,16:37,4,8.6,21.4,14:20,73,85,01:40,66,,2025-05-06 16:23:05.975544,2025-05-06 16:23:05.975544
154810,137,2024-08-02,26.7,0.2,21.4,00:09,32,08:36,8,15.8,23.9,16:40,22,68,00:10,12,06:40,2025-05-06 16:23:06.092482,2025-05-06 16:23:06.092482
154828,137,2024-08-03,31.8,1.4,28.9,02:15,34.8,15:34,9,14.7,24.7,12:00,21,29,16:10,13,00:30,2025-05-06 16:23:06.229739,2025-05-06 16:23:06.229739
154846,137,2024-08-04,25.6,0,19.9,23:38,31.2,00:01,8,5.8,17.5,00:10,72,82,22:00,12,02:50,2025-05-06 16:23:06.362020,2025-05-06 16:23:06.362020
154864,137,2024-08-05,21.4,0,18.4,04:11,24.3,14:14,1,6.7,14.7,12:50,75,86,04:00,57,23:40,2025-05-06 16:23:06.494325,2025-05-06 16:23:06.494325
154882,137,2024-08-06,22.2,0,19.7,,24.8,13:52,4,6.9,18.3,12:20,73,85,06:40,57,00:00,2025-05-06 16:23:06.612942,2025-05-06 16:23:06.612942
154900,137,2024-08-07,22.2,0,19.7,04:51,24.7,14:43,8,8.6,20.6,01:30,68,82,03:40,61,,2025-05-06 16:23:06.736967,2025-05-06 16:23:06.736967
154918,137,2024-08-08,23.6,0,20.1,,27.1,15:30,9,12.8,23.6,07:30,68,82,09:30,43,19:20,2025-05-06 16:23:06.859052,2025-05-06 16:23:06.859052
154936,137,2024-08-09,25.3,0,19.9,01:02,30.7,16:19,9,7.5,18.1,13:40,58,80,20:30,31,11:10,2025-05-06 16:23:06.983656,2025-05-06 16:23:06.983656
154954,137,2024-08-10,25.4,0,19.9,00:24,30.8,09:02,1,8.3,16.9,10:50,52,80,19:50,10,08:20,2025-05-06 16:23:07.106689,2025-05-06 16:23:07.106689
154972,137,2024-08-11,21.6,0,18.2,06:25,24.9,13:26,1,5.6,13.3,16:50,77,86,06:50,64,00:10,2025-05-06 16:23:07.230442,2025-05-06 16:23:07.230442
154990,137,2024-08-12,22.9,0,19.2,04:58,26.6,20:46,1,6.4,19.2,13:00,73,80,07:40,33,20:10,2025-05-06 16:23:07.359377,2025-05-06 16:23:07.359377
155007,137,2024-08-13,27.7,0.8,20.9,00:05,34.5,09:50,8,9.2,21.7,23:10,47,77,00:00,11,07:00,2025-05-06 16:23:07.482362,2025-05-06 16:23:07.482362
155025,137,2024-08-14,25.3,0.4,20.9,23:15,29.7,01:12,8,11.9,25,02:40,40,83,23:40,11,01:10,2025-05-06 16:23:07.598453,2025-05-06 16:23:07.598453
163545,137,1997-04-27,20.5,0,16,06:00,25,14:00,9,14.7,18.9,08:10,70,,,,,2025-05-06 18:20:51.860692,2025-05-06 18:20:51.860692
155043,137,2024-08-15,21.4,0,19.3,07:38,23.6,13:39,2,6.7,14.7,13:50,75,89,02:00,64,14:30,2025-05-06 16:23:07.719035,2025-05-06 16:23:07.719035
155061,137,2024-08-16,22,0,18.4,05:42,25.7,13:59,4,5.8,14.2,00:10,78,93,20:50,67,14:00,2025-05-06 16:23:07.845821,2025-05-06 16:23:07.845821
155079,137,2024-08-17,26,0,19.7,,32.2,12:23,6,7.2,13.9,13:40,69,93,07:10,31,12:00,2025-05-06 16:23:07.969388,2025-05-06 16:23:07.969388
155097,137,2024-08-18,26.5,0,21.2,02:53,31.8,24:00,1,6.4,16.1,22:20,45,81,02:50,27,08:20,2025-05-06 16:23:08.085615,2025-05-06 16:23:08.085615
155115,137,2024-08-19,26.5,0,21.4,04:50,31.6,00:03,8,1.4,21.4,08:00,77,86,14:50,28,00:00,2025-05-06 16:23:08.201010,2025-05-06 16:23:08.201010
155133,137,2024-08-20,27.1,0.2,21,01:42,33.2,15:04,7,8.9,20.3,13:40,50,95,01:50,25,09:20,2025-05-06 16:23:08.329211,2025-05-06 16:23:08.329211
155151,137,2024-08-21,29.2,0.2,23.6,07:13,34.8,12:56,8,8.1,24.7,21:10,41,64,,8,23:10,2025-05-06 16:23:08.408243,2025-05-06 16:23:08.408243
155169,137,2024-08-22,27.3,0,21,07:04,33.6,11:05,7,8.3,20.8,01:50,40,75,07:10,9,,2025-05-06 16:23:08.481969,2025-05-06 16:23:08.481969
155187,137,2024-08-23,23.2,0,19.6,07:04,26.8,01:33,10,6.4,18.3,04:50,68,84,23:50,22,01:20,2025-05-06 16:23:08.551041,2025-05-06 16:23:08.551041
155205,137,2024-08-24,22.6,0,19.5,01:21,25.7,12:40,4,5.8,13.3,12:20,77,91,19:10,57,12:10,2025-05-06 16:23:08.619934,2025-05-06 16:23:08.619934
155223,137,2024-08-25,23.4,0,20,06:01,26.8,22:35,8,7.5,18.9,23:50,68,86,00:10,41,22:30,2025-05-06 16:23:08.690624,2025-05-06 16:23:08.690624
155241,137,2024-08-26,25.3,0,22.1,19:38,28.5,23:59,9,9.2,22.8,05:50,63,76,11:50,33,23:59,2025-05-06 16:23:08.764903,2025-05-06 16:23:08.764903
155259,137,2024-08-27,24.4,0,20.4,07:03,28.5,,9,4.7,14.7,00:10,73,76,,32,00:00,2025-05-06 16:23:08.831707,2025-05-06 16:23:08.831707
155277,137,2024-08-28,21.8,0,19.6,06:16,24.1,12:43,2,6.7,16.4,16:00,69,81,06:10,63,11:50,2025-05-06 16:23:08.906477,2025-05-06 16:23:08.906477
155295,137,2024-08-29,22,0,19.2,03:19,24.9,14:28,2,5,13.3,15:30,70,86,10:40,65,13:30,2025-05-06 16:23:08.981769,2025-05-06 16:23:08.981769
155313,137,2024-08-30,21.8,0,19.5,04:53,24.2,14:59,2,5.6,13.9,14:10,71,84,04:50,58,17:20,2025-05-06 16:23:09.058143,2025-05-06 16:23:09.058143
155331,137,2024-08-31,21.4,0,18.9,05:03,23.8,13:09,2,6.4,17.2,13:40,70,83,00:00,58,13:10,2025-05-06 16:23:09.159330,2025-05-06 16:23:09.159330
155348,137,2024-09-01,21.3,0,19,05:22,23.6,14:01,3,6.4,16.4,12:50,66,79,00:00,59,13:30,2025-05-06 16:23:09.218132,2025-05-06 16:23:09.218132
155365,137,2024-09-02,22,0,19.4,06:17,24.6,12:46,1,6.1,15,15:00,72,82,22:50,61,11:50,2025-05-06 16:23:09.278133,2025-05-06 16:23:09.278133
155381,137,2024-09-03,21.1,2.4,18.6,23:59,23.6,12:45,3,6.4,16.4,02:00,77,92,08:10,69,12:40,2025-05-06 16:23:09.332993,2025-05-06 16:23:09.332993
155398,137,2024-09-04,19,1.6,17.8,05:14,20.3,15:17,6,5.3,12.5,01:20,86,92,01:10,80,16:00,2025-05-06 16:23:09.393361,2025-05-06 16:23:09.393361
155415,137,2024-09-05,20.1,0,18.6,02:31,21.6,13:01,35,4.7,10.8,17:50,77,88,22:30,72,14:40,2025-05-06 16:23:09.465264,2025-05-06 16:23:09.465264
155432,137,2024-09-06,20.2,0,18.6,22:13,21.8,18:26,1,3.6,9.2,16:20,78,88,04:10,71,18:20,2025-05-06 16:23:09.544509,2025-05-06 16:23:09.544509
155450,137,2024-09-07,21.2,0,18.1,03:47,24.2,14:21,35,4.2,10.6,14:30,73,85,00:10,59,14:20,2025-05-06 16:23:09.676961,2025-05-06 16:23:09.676961
155468,137,2024-09-08,21.3,0,18.9,,23.7,14:05,8,6.9,17.2,21:30,69,82,07:40,62,13:20,2025-05-06 16:23:09.790924,2025-05-06 16:23:09.790924
155486,137,2024-09-09,23,0,19.3,00:22,26.8,13:46,9,5.8,18.6,02:20,64,78,00:00,57,20:00,2025-05-06 16:23:09.921109,2025-05-06 16:23:09.921109
155504,137,2024-09-10,23.4,0,19.7,23:46,27,14:19,9,11.1,21.4,23:40,64,78,21:40,45,08:50,2025-05-06 16:23:10.045282,2025-05-06 16:23:10.045282
155522,137,2024-09-11,21.2,0,18.9,22:59,23.6,14:03,6,6.7,21.7,01:00,72,87,22:10,57,15:30,2025-05-06 16:23:10.165130,2025-05-06 16:23:10.165130
155540,137,2024-09-12,20.2,0.2,18.9,00:18,21.4,14:44,8,4.2,13.6,03:00,81,88,20:40,73,15:50,2025-05-06 16:23:10.250586,2025-05-06 16:23:10.250586
155558,137,2024-09-13,22.5,0.2,18.8,02:19,26.2,21:19,9,7.8,17.5,16:20,72,89,06:40,32,21:20,2025-05-06 16:23:10.317956,2025-05-06 16:23:10.317956
155576,137,2024-09-14,22.6,0,19.6,23:17,25.6,00:01,9,6.7,15.6,02:00,69,87,,32,00:00,2025-05-06 16:23:10.403790,2025-05-06 16:23:10.403790
155594,137,2024-09-15,21.2,0,18.9,05:24,23.6,14:27,1,6.1,13.6,12:10,73,87,00:00,67,13:20,2025-05-06 16:23:10.474162,2025-05-06 16:23:10.474162
155612,137,2024-09-16,21.4,0,18.6,06:04,24.3,12:42,2,4.7,10.6,11:30,74,90,21:00,61,12:10,2025-05-06 16:23:10.570638,2025-05-06 16:23:10.570638
155630,137,2024-09-17,21.4,0,19.6,21:24,23.3,10:41,1,4.2,11.4,11:20,73,78,06:10,63,21:50,2025-05-06 16:23:10.696201,2025-05-06 16:23:10.696201
155648,137,2024-09-18,22,0,18.2,08:02,25.8,12:25,9,3.9,10.3,01:00,66,79,04:30,58,12:30,2025-05-06 16:23:10.820691,2025-05-06 16:23:10.820691
155666,137,2024-09-19,21.4,0,17.7,06:49,25,12:10,8,1.9,6.7,00:10,69,78,19:00,57,11:30,2025-05-06 16:23:10.915933,2025-05-06 16:23:10.915933
155684,137,2024-09-20,21.6,0,18,05:40,25.1,12:22,35,3.1,7.5,15:30,69,82,19:30,56,12:10,2025-05-06 16:23:11.019564,2025-05-06 16:23:11.019564
155702,137,2024-09-21,21.4,0,18.7,06:21,24.2,16:15,9,4.4,13.1,23:50,61,75,00:00,53,,2025-05-06 16:23:11.131588,2025-05-06 16:23:11.131588
155720,137,2024-09-22,22.4,0,19.9,07:16,24.9,14:22,8,9.4,16.7,08:30,68,77,18:50,59,00:20,2025-05-06 16:23:11.249937,2025-05-06 16:23:11.249937
155738,137,2024-09-23,22,0,19.3,,24.8,15:12,9,10,20.3,04:30,67,80,,50,14:40,2025-05-06 16:23:11.371243,2025-05-06 16:23:11.371243
155756,137,2024-09-24,21.8,0,19.2,00:05,24.3,11:27,7,10,21.1,03:40,63,75,00:00,49,11:20,2025-05-06 16:23:11.504820,2025-05-06 16:23:11.504820
155773,137,2024-09-25,21.8,0,18.2,07:53,25.4,15:30,6,7.5,20.8,01:40,60,76,07:40,42,23:50,2025-05-06 16:23:11.624333,2025-05-06 16:23:11.624333
155791,137,2024-09-26,22.4,0,17.8,05:21,27.1,16:02,10,4.2,17.5,21:40,71,90,04:20,55,23:59,2025-05-06 16:23:11.745653,2025-05-06 16:23:11.745653
155809,137,2024-09-27,23.4,0,19.4,06:24,27.4,11:49,11,6.4,16.4,02:40,69,80,06:20,33,23:00,2025-05-06 16:23:11.873635,2025-05-06 16:23:11.873635
155827,137,2024-09-28,23,0,19.8,23:36,26.3,13:28,9,6.4,15.3,03:20,73,85,05:40,18,01:00,2025-05-06 16:23:11.996880,2025-05-06 16:23:11.996880
155845,137,2024-09-29,20.6,0,18.6,04:47,22.7,12:46,6,5.6,14.2,23:59,72,83,04:50,64,,2025-05-06 16:23:12.115837,2025-05-06 16:23:12.115837
155863,137,2024-09-30,20.4,0,18.2,06:07,22.7,13:40,99,6.1,14.2,,74,80,,66,11:20,2025-05-06 16:23:12.235588,2025-05-06 16:23:12.235588
155881,137,2024-10-01,22,0,19.4,02:56,24.5,13:54,1,5,13.1,13:30,71,85,06:10,61,13:50,2025-05-06 16:23:12.356730,2025-05-06 16:23:12.356730
155899,137,2024-10-02,21.3,0,19.6,03:22,23,11:31,6,5.8,13.6,15:50,83,91,20:10,74,11:30,2025-05-06 16:23:12.476780,2025-05-06 16:23:12.476780
155917,137,2024-10-03,27.6,0,19.8,04:14,35.4,15:56,7,8.6,23.3,20:50,33,84,,18,19:30,2025-05-06 16:23:12.606620,2025-05-06 16:23:12.606620
155935,137,2024-10-04,27.6,0,23,19:36,32.3,12:31,8,8.1,22.8,00:50,39,65,19:30,31,10:20,2025-05-06 16:23:12.721798,2025-05-06 16:23:12.721798
155952,137,2024-10-05,23.1,0,18.9,22:41,27.3,10:02,8,4.7,15.3,05:30,63,89,22:40,42,00:00,2025-05-06 16:23:12.850079,2025-05-06 16:23:12.850079
155969,137,2024-10-06,21.2,0,17.4,06:56,24.9,12:25,27,2.5,6.7,11:50,81,93,,71,,2025-05-06 16:23:12.972363,2025-05-06 16:23:12.972363
155987,137,2024-10-07,21.9,2,18.1,06:24,25.7,14:11,30,1.9,6.4,13:30,77,89,04:20,59,11:50,2025-05-06 16:23:13.091611,2025-05-06 16:23:13.091611
156005,137,2024-10-08,21.8,0,19.1,06:16,24.4,12:27,1,3.3,8.3,14:50,80,97,,66,14:00,2025-05-06 16:23:13.206442,2025-05-06 16:23:13.206442
156023,137,2024-10-09,21.6,0,18.5,06:51,24.7,14:35,6,3.3,9.7,23:50,74,88,06:30,62,20:10,2025-05-06 16:23:13.331352,2025-05-06 16:23:13.331352
156041,137,2024-10-10,22.8,0,18.8,06:53,26.9,13:58,11,2.5,11.7,03:00,77,90,23:00,67,12:50,2025-05-06 16:23:13.462158,2025-05-06 16:23:13.462158
156059,137,2024-10-11,21.6,0,18.5,07:50,24.7,14:58,27,2.2,7.8,15:30,84,92,07:30,76,,2025-05-06 16:23:13.595109,2025-05-06 16:23:13.595109
156076,137,2024-10-12,22.4,0.4,18.5,03:30,26.2,12:00,14,1.9,9.2,20:30,84,94,02:40,65,12:00,2025-05-06 16:23:13.717011,2025-05-06 16:23:13.717011
156093,137,2024-10-13,21.5,0.4,18.9,03:12,24.1,12:41,2,2.8,7.2,17:30,75,95,01:40,56,14:20,2025-05-06 16:23:13.828677,2025-05-06 16:23:13.828677
156111,137,2024-10-14,21.5,0,18.2,23:15,24.8,14:37,26,3.1,8.9,15:00,77,88,01:00,55,12:20,2025-05-06 16:23:13.952640,2025-05-06 16:23:13.952640
156129,137,2024-10-15,21.8,0,18,04:58,25.6,13:16,26,2.5,12.2,15:10,77,93,23:20,61,10:00,2025-05-06 16:23:14.076302,2025-05-06 16:23:14.076302
156147,137,2024-10-16,23.2,0,20.1,06:09,26.3,15:24,10,1.4,14.4,23:50,88,95,04:50,76,14:10,2025-05-06 16:23:14.197480,2025-05-06 16:23:14.197480
156165,137,2024-10-17,20.7,0,18.8,23:59,22.6,12:16,6,9.7,21.1,09:00,75,90,01:20,67,09:30,2025-05-06 16:23:14.314022,2025-05-06 16:23:14.314022
156183,137,2024-10-18,20.3,0,18.2,07:04,22.4,13:50,8,7.8,21.1,05:40,73,81,04:10,61,14:00,2025-05-06 16:23:14.438086,2025-05-06 16:23:14.438086
156201,137,2024-10-19,22.4,0,17.6,01:34,27.1,16:01,8,4.7,18.3,11:00,64,86,22:00,35,,2025-05-06 16:23:14.556465,2025-05-06 16:23:14.556465
156219,137,2024-10-20,22.7,0,17.1,01:36,28.3,14:33,8,5.3,15.8,09:20,55,83,01:30,21,02:50,2025-05-06 16:23:14.673886,2025-05-06 16:23:14.673886
156237,137,2024-10-21,19.8,0,17.6,01:22,22.1,12:27,9,8.6,22.2,06:30,74,84,,60,02:50,2025-05-06 16:23:14.795667,2025-05-06 16:23:14.795667
156255,137,2024-10-22,20.3,0.2,18.2,05:20,22.4,14:12,6,5.6,15.3,19:40,76,89,05:10,63,15:20,2025-05-06 16:23:14.916815,2025-05-06 16:23:14.916815
156273,137,2024-10-23,21.4,0,18.8,05:09,24,13:05,9,5.3,14.7,20:20,67,79,04:20,60,13:20,2025-05-06 16:23:15.038066,2025-05-06 16:23:15.038066
156291,137,2024-10-24,21,0,17,06:58,25.1,14:04,8,4.4,15.6,23:59,69,80,20:40,59,02:50,2025-05-06 16:23:15.158162,2025-05-06 16:23:15.158162
156309,137,2024-10-25,20.6,9.8,18.5,23:30,22.7,13:12,8,8.3,18.3,04:20,72,85,20:20,58,02:30,2025-05-06 16:23:15.284766,2025-05-06 16:23:15.284766
156327,137,2024-10-26,18.4,6,17.3,07:13,19.5,13:49,99,4.2,14.7,15:50,80,95,03:40,66,16:30,2025-05-06 16:23:15.398837,2025-05-06 16:23:15.398837
156345,137,2024-10-27,17.8,6.6,15.8,06:23,19.8,12:05,8,5.6,13.1,00:10,84,95,06:10,73,00:00,2025-05-06 16:23:15.527587,2025-05-06 16:23:15.527587
156362,137,2024-10-28,18.6,3.2,16.6,12:12,20.5,14:27,2,3.6,12.8,12:00,82,92,07:40,70,14:10,2025-05-06 16:23:15.651496,2025-05-06 16:23:15.651496
156380,137,2024-10-29,18.5,0.8,15.5,07:03,21.5,14:02,36,3.1,7.5,06:50,78,94,07:20,63,21:20,2025-05-06 16:23:15.782424,2025-05-06 16:23:15.782424
156398,137,2024-10-30,18.2,0,15,05:23,21.4,11:22,99,3.1,6.1,,71,81,01:50,55,10:10,2025-05-06 16:23:15.919149,2025-05-06 16:23:15.919149
156416,137,2024-10-31,18.1,0,14.5,03:32,21.7,15:18,10,2.8,7.2,05:30,57,73,03:30,43,06:50,2025-05-06 16:23:16.056528,2025-05-06 16:23:16.056528
156434,137,2024-11-01,18.9,0,16.1,00:17,21.7,11:29,36,3.3,10.3,15:00,74,81,,62,10:50,2025-05-06 16:23:16.193512,2025-05-06 16:23:16.193512
156452,137,2024-11-02,19.8,0,16.9,23:47,22.7,13:12,36,3.6,8.1,12:50,69,88,00:20,59,13:00,2025-05-06 16:23:16.324224,2025-05-06 16:23:16.324224
156470,137,2024-11-03,19.5,0,15.7,05:51,23.3,14:18,27,3.1,8.9,15:00,72,89,05:10,61,14:00,2025-05-06 16:23:16.456035,2025-05-06 16:23:16.456035
156488,137,2024-11-04,20.2,0,17.2,05:51,23.3,11:46,8,1.7,15.3,22:10,81,91,05:40,70,,2025-05-06 16:23:16.587440,2025-05-06 16:23:16.587440
156506,137,2024-11-05,20.6,0,16.8,22:04,24.4,12:44,9,6.4,15.3,08:20,70,92,21:00,56,09:30,2025-05-06 16:23:16.717237,2025-05-06 16:23:16.717237
156524,137,2024-11-06,20.4,0,16.2,06:47,24.6,15:32,99,1.7,6.1,12:50,80,92,01:40,63,16:20,2025-05-06 16:23:16.834620,2025-05-06 16:23:16.834620
156542,137,2024-11-07,21.8,0,17.9,05:23,25.7,13:31,2,1.9,6.7,10:20,64,82,10:20,38,21:50,2025-05-06 16:23:16.953073,2025-05-06 16:23:16.953073
156560,137,2024-11-08,24.4,0,19.5,05:50,29.3,17:50,20,2.8,11.9,17:50,46,76,05:30,19,17:50,2025-05-06 16:23:17.073883,2025-05-06 16:23:17.073883
156578,137,2024-11-09,27.8,0,23.6,18:14,32,10:46,7,2.5,7.2,22:50,31,66,18:10,17,09:40,2025-05-06 16:23:17.199347,2025-05-06 16:23:17.199347
156596,137,2024-11-10,28.6,0,24.5,00:52,32.7,11:28,12,4.4,15,05:00,22,33,,14,10:50,2025-05-06 16:23:17.317667,2025-05-06 16:23:17.317667
156614,137,2024-11-11,24.6,0,20.7,23:45,28.5,12:12,11,6.7,15.3,09:40,24,47,23:50,18,05:10,2025-05-06 16:23:17.438843,2025-05-06 16:23:17.438843
156632,137,2024-11-12,19.7,0.6,17.4,23:41,22,14:48,10,4.2,15,01:10,71,84,,42,00:10,2025-05-06 16:23:17.573714,2025-05-06 16:23:17.573714
156649,137,2024-11-13,18.8,1.2,16.1,06:41,21.4,13:30,1,2.8,6.4,05:40,76,90,04:20,64,11:40,2025-05-06 16:23:17.704971,2025-05-06 16:23:17.704971
156667,137,2024-11-14,18.8,0,15.9,03:03,21.8,11:59,26,2.2,6.1,12:50,74,86,04:00,61,10:00,2025-05-06 16:23:17.840425,2025-05-06 16:23:17.840425
156685,137,2024-11-15,19.2,0,16.3,06:48,22,14:13,28,2.2,8.1,17:00,73,91,11:10,62,01:40,2025-05-06 16:23:17.969239,2025-05-06 16:23:17.969239
156703,137,2024-11-16,19.6,0,15.9,03:10,23.3,15:31,28,4.7,13.1,12:40,60,76,20:00,45,,2025-05-06 16:23:18.108616,2025-05-06 16:23:18.108616
156721,137,2024-11-17,20,2.8,16.6,07:17,23.5,12:32,16,1.9,8.9,00:30,69,98,23:59,61,,2025-05-06 16:23:18.238235,2025-05-06 16:23:18.238235
156739,137,2024-11-18,19.8,0,15.9,06:36,23.8,13:31,28,1.7,10,14:00,75,99,,55,13:10,2025-05-06 16:23:18.358988,2025-05-06 16:23:18.358988
156757,137,2024-11-19,20.4,0,16.6,03:10,24.3,16:05,33,1.7,6.1,11:50,67,80,,46,10:40,2025-05-06 16:23:18.480919,2025-05-06 16:23:18.480919
156775,137,2024-11-20,24.4,0.2,20.5,00:07,28.3,15:19,15,1.7,23.3,09:30,46,61,13:40,28,15:10,2025-05-06 16:23:18.610507,2025-05-06 16:23:18.610507
156793,137,2024-11-21,25.8,0,22.7,18:23,28.8,12:03,6,1.4,15.6,23:59,37,53,17:10,26,,2025-05-06 16:23:18.741709,2025-05-06 16:23:18.741709
156811,137,2024-11-22,25.4,0,21.3,21:17,29.5,13:39,99,2.8,18.1,03:30,34,52,18:10,18,22:40,2025-05-06 16:23:18.877814,2025-05-06 16:23:18.877814
156829,137,2024-11-23,23,0,19,23:57,27.1,14:48,28,1.4,8.3,07:20,49,82,23:59,18,00:00,2025-05-06 16:23:18.999831,2025-05-06 16:23:18.999831
156847,137,2024-11-24,22.1,1,18.3,22:09,25.9,10:49,25,3.1,13.6,13:20,68,92,21:10,37,10:40,2025-05-06 16:24:21.528353,2025-05-06 16:24:21.528353
156865,137,2024-11-25,20.6,0,17.6,04:05,23.6,11:46,12,3.3,9.4,07:10,78,87,,58,09:20,2025-05-06 16:24:21.650347,2025-05-06 16:24:21.650347
156883,137,2024-11-26,20.5,0,17.3,21:30,23.7,11:11,4,2.2,8.6,15:40,81,90,19:30,53,,2025-05-06 16:24:21.787104,2025-05-06 16:24:21.787104
156901,137,2024-11-27,21.9,0,16.6,01:56,27.2,16:38,15,4.2,17.5,16:50,43,83,01:40,21,,2025-05-06 16:24:21.924809,2025-05-06 16:24:21.924809
156919,137,2024-11-28,24.8,0,20.8,05:04,28.9,14:09,18,1.9,15.8,09:20,32,47,05:10,22,11:20,2025-05-06 16:24:22.038362,2025-05-06 16:24:22.038362
156937,137,2024-11-29,24.3,0,21.6,01:55,27,,28,1.9,6.1,13:50,29,40,18:50,21,23:40,2025-05-06 16:24:22.160330,2025-05-06 16:24:22.160330
156955,137,2024-11-30,24.9,0,22.3,20:46,27.5,13:27,34,2.2,8.6,12:10,27,49,10:50,21,,2025-05-06 16:24:22.293169,2025-05-06 16:24:22.293169
156973,137,2024-12-01,21.2,0,17.1,22:09,25.2,09:36,99,1.1,4.7,,56,94,21:50,23,07:20,2025-05-06 16:24:22.430227,2025-05-06 16:24:22.430227
156991,137,2024-12-02,22,0,18,05:05,26,13:41,30,2.5,8.6,13:50,39,56,00:00,21,09:50,2025-05-06 16:24:22.554390,2025-05-06 16:24:22.554390
157009,137,2024-12-03,19.3,0.2,17.1,07:39,21.5,11:49,2,4.7,11.7,12:10,73,86,21:40,26,02:40,2025-05-06 16:24:22.673966,2025-05-06 16:24:22.673966
157027,137,2024-12-04,19.5,0.2,17.3,05:35,21.7,14:27,5,6.1,15.8,19:40,79,88,,36,23:59,2025-05-06 16:24:22.791829,2025-05-06 16:24:22.791829
157045,137,2024-12-05,21.4,0,17.2,02:57,25.5,12:34,11,5,18.9,08:20,55,86,20:00,27,00:40,2025-05-06 16:24:22.918547,2025-05-06 16:24:22.918547
157063,137,2024-12-06,20.2,0,16.8,01:58,23.7,13:00,12,5.6,18.6,22:30,56,82,01:20,22,06:30,2025-05-06 16:24:23.040126,2025-05-06 16:24:23.040126
157081,137,2024-12-07,20,0,16.3,02:41,23.7,14:04,12,1.1,10.6,00:10,72,79,19:20,37,08:50,2025-05-06 16:24:23.166650,2025-05-06 16:24:23.166650
157099,137,2024-12-08,18.6,0.4,16.8,01:31,20.4,11:27,13,8.6,16.1,07:30,70,87,23:40,32,02:30,2025-05-06 16:24:23.254320,2025-05-06 16:24:23.254320
157117,137,2024-12-09,16.8,1.4,15.5,20:04,18,14:40,7,5.3,11.4,21:40,82,89,18:00,74,14:00,2025-05-06 16:24:23.336724,2025-05-06 16:24:23.336724
157135,137,2024-12-10,15.5,3.6,13.7,19:17,17.3,13:23,8,4.7,12.5,09:50,79,89,,66,09:20,2025-05-06 16:24:23.454180,2025-05-06 16:24:23.454180
157153,137,2024-12-11,15.4,1.4,13.4,05:36,17.5,14:42,4,3.6,8.9,04:50,76,90,05:00,62,13:20,2025-05-06 16:24:23.577192,2025-05-06 16:24:23.577192
157171,137,2024-12-12,16.2,0,13.1,03:00,19.4,15:22,35,1.4,7.8,11:10,71,93,02:50,58,10:20,2025-05-06 16:24:23.701771,2025-05-06 16:24:23.701771
157189,137,2024-12-13,16.6,0,13.6,05:59,19.6,12:34,30,2.2,5.8,12:50,72,86,00:30,61,09:50,2025-05-06 16:24:23.821086,2025-05-06 16:24:23.821086
157206,137,2024-12-14,18,5.4,13.7,02:57,22.3,19:55,18,2.5,8.6,23:00,55,85,02:40,36,20:00,2025-05-06 16:24:23.940959,2025-05-06 16:24:23.940959
157223,137,2024-12-15,19.1,3,14.7,03:14,23.5,14:58,16,2.2,16.4,14:50,79,92,04:40,40,23:59,2025-05-06 16:24:24.061861,2025-05-06 16:24:24.061861
157240,137,2024-12-16,23,0,20.1,21:54,25.8,15:20,16,0.8,4.2,00:10,44,54,18:20,32,23:10,2025-05-06 16:24:24.181583,2025-05-06 16:24:24.181583
157258,137,2024-12-17,19.3,0,15.7,22:58,22.9,14:41,30,2.2,5.6,15:20,49,85,22:20,31,01:30,2025-05-06 16:24:24.311790,2025-05-06 16:24:24.311790
157276,137,2024-12-18,17.4,0,14.2,23:19,20.5,14:14,33,2.2,5.8,12:10,59,75,21:30,39,02:30,2025-05-06 16:24:24.451775,2025-05-06 16:24:24.451775
157294,137,2024-12-19,17.2,0,14.1,00:25,20.4,12:23,29,2.2,6.7,13:30,55,81,20:20,27,06:00,2025-05-06 16:24:24.580031,2025-05-06 16:24:24.580031
157312,137,2024-12-20,18.6,4,14.5,00:33,22.6,13:56,15,5.8,17.2,19:30,61,77,21:40,25,17:30,2025-05-06 16:24:24.714783,2025-05-06 16:24:24.714783
157330,137,2024-12-21,15.3,12.8,13.1,19:56,17.5,00:33,10,4.4,16.4,14:00,80,93,04:30,60,23:40,2025-05-06 16:24:24.822370,2025-05-06 16:24:24.822370
157348,137,2024-12-22,15,6.4,13.1,,16.9,14:21,3,3.9,14.2,05:00,75,85,06:30,63,,2025-05-06 16:24:24.886143,2025-05-06 16:24:24.886143
157366,137,2024-12-23,16.3,0,13.9,00:20,18.7,14:50,8,7.2,17.5,04:20,68,84,00:00,49,14:40,2025-05-06 16:24:24.954397,2025-05-06 16:24:24.954397
157384,137,2024-12-24,18.2,0,15.5,01:22,20.8,11:33,15,2.8,17.2,04:40,59,77,01:50,23,22:30,2025-05-06 16:24:25.020143,2025-05-06 16:24:25.020143
157402,137,2024-12-25,18.2,0,14.5,23:43,21.9,13:57,15,2.2,11.9,00:50,62,82,21:50,25,00:50,2025-05-06 16:24:25.090323,2025-05-06 16:24:25.090323
157420,137,2024-12-26,17,0,14,05:59,20,12:57,30,2.5,5.8,14:30,71,85,19:50,55,12:20,2025-05-06 16:24:25.166614,2025-05-06 16:24:25.166614
157438,137,2024-12-27,16.5,0,13.9,05:40,19.1,14:47,2,3.3,9.7,14:40,71,86,00:50,46,17:20,2025-05-06 16:24:25.297597,2025-05-06 16:24:25.297597
157456,137,2024-12-28,18.1,0,15.3,00:53,20.9,15:13,14,4.4,12.2,19:20,52,78,00:00,39,05:30,2025-05-06 16:24:25.434910,2025-05-06 16:24:25.434910
157474,137,2024-12-29,18,0,14.6,06:00,21.3,13:58,11,3.3,10.3,23:40,54,73,,34,23:30,2025-05-06 16:24:25.564274,2025-05-06 16:24:25.564274
157492,137,2024-12-30,17.1,0,14.3,04:44,19.9,15:51,14,3.3,11.4,06:40,51,70,19:20,33,00:30,2025-05-06 16:24:25.690156,2025-05-06 16:24:25.690156
157510,137,2024-12-31,17.2,0,14.1,02:24,20.2,13:46,13,3.6,9.7,04:20,56,77,20:10,37,00:10,2025-05-06 16:24:25.831219,2025-05-06 16:24:25.831219
157528,137,2025-01-01,16,0,12.5,07:57,19.5,11:49,12,2.2,8.1,01:40,52,71,19:20,41,00:30,2025-05-06 16:24:25.969158,2025-05-06 16:24:25.969158
157546,137,2025-01-02,16,0,12.6,07:19,19.3,15:28,27,1.9,6.4,13:40,62,78,19:40,50,10:10,2025-05-06 16:24:26.103521,2025-05-06 16:24:26.103521
157564,137,2025-01-03,16.2,0,12.8,06:19,19.6,14:21,30,2.5,6.1,13:20,68,88,05:50,45,,2025-05-06 16:24:26.236859,2025-05-06 16:24:26.236859
157582,137,2025-01-04,16.6,0,13.4,03:19,19.9,15:05,34,2.5,5.8,13:20,53,76,02:40,37,06:00,2025-05-06 16:24:26.381257,2025-05-06 16:24:26.381257
157600,137,2025-01-05,17,0,13.4,07:57,20.5,15:42,31,2.5,7.2,14:40,47,72,23:50,35,11:00,2025-05-06 16:24:26.519779,2025-05-06 16:24:26.519779
157618,137,2025-01-06,17.7,0,15.2,23:33,20.2,14:55,11,2.5,10.3,22:10,70,86,08:10,57,20:10,2025-05-06 16:24:26.653556,2025-05-06 16:24:26.653556
157636,137,2025-01-07,17,0,13.7,06:49,20.4,12:42,11,1.9,6.7,02:50,77,91,21:40,64,12:40,2025-05-06 16:24:26.784845,2025-05-06 16:24:26.784845
157654,137,2025-01-08,17.4,0,14.2,23:25,20.6,13:14,13,1.9,6.1,05:00,67,88,01:10,48,23:59,2025-05-06 16:24:26.924993,2025-05-06 16:24:26.924993
157672,137,2025-01-09,18,0,13.9,00:18,22.2,17:05,35,0.8,4.2,13:40,47,62,12:30,32,09:10,2025-05-06 16:24:27.060153,2025-05-06 16:24:27.060153
157690,137,2025-01-10,19.1,0,16,22:02,22.2,12:44,12,2.5,10.6,04:30,37,64,19:20,23,10:50,2025-05-06 16:24:27.191059,2025-05-06 16:24:27.191059
157708,137,2025-01-11,19.2,0,14.6,03:17,23.9,13:09,14,1.4,10.8,19:20,33,62,17:10,16,07:00,2025-05-06 16:24:27.315316,2025-05-06 16:24:27.315316
157725,137,2025-01-12,19.1,0,14.5,06:47,23.7,16:33,15,5.3,16.4,20:10,66,89,23:59,18,04:50,2025-05-06 16:24:27.447274,2025-05-06 16:24:27.447274
157742,137,2025-01-13,16.7,0,15.4,00:20,18,14:36,9,5.3,16.9,03:10,78,90,00:10,71,14:30,2025-05-06 16:24:27.566963,2025-05-06 16:24:27.566963
157759,137,2025-01-14,16.4,0,14.9,07:23,17.9,14:24,7,7.2,20,18:30,69,81,00:20,54,04:00,2025-05-06 16:24:27.685975,2025-05-06 16:24:27.685975
157777,137,2025-01-15,17.4,0,13.8,04:07,21.1,12:40,6,4.4,14.4,06:40,57,77,02:30,25,23:30,2025-05-06 16:24:27.808515,2025-05-06 16:24:27.808515
157795,137,2025-01-16,17.2,0,13.8,23:22,20.5,14:40,15,2.5,14.7,01:30,44,67,18:40,26,00:00,2025-05-06 16:24:27.938141,2025-05-06 16:24:27.938141
157813,137,2025-01-17,15.2,0,12.8,02:52,17.6,14:29,3,6.1,9.2,16:30,64,72,23:10,37,03:10,2025-05-06 16:24:28.066408,2025-05-06 16:24:28.066408
157831,137,2025-01-18,16.3,0,13.8,22:50,18.8,13:54,2,3.3,8.6,13:40,62,72,18:40,52,12:50,2025-05-06 16:24:28.194345,2025-05-06 16:24:28.194345
157849,137,2025-01-19,16.8,0,13.7,07:55,20,13:53,4,2.8,7.8,13:40,70,85,22:40,55,14:00,2025-05-06 16:24:28.328786,2025-05-06 16:24:28.328786
157867,137,2025-01-20,17,0,13.6,07:59,20.5,15:26,29,2.2,9.4,15:00,74,87,05:50,68,15:30,2025-05-06 16:24:28.465734,2025-05-06 16:24:28.465734
157885,137,2025-01-21,18.4,0,13.9,05:25,22.9,13:42,30,3.1,14.7,21:30,71,86,16:20,57,14:20,2025-05-06 16:24:28.609798,2025-05-06 16:24:28.609798
157903,137,2025-01-22,16.8,5.8,13.1,15:05,20.4,13:32,30,3.3,12.8,09:40,65,93,15:10,52,01:00,2025-05-06 16:24:28.738480,2025-05-06 16:24:28.738480
157921,137,2025-01-23,15.2,7,13.1,06:45,17.4,16:16,5,2.8,10,11:40,89,93,06:40,73,11:00,2025-05-06 16:24:28.856072,2025-05-06 16:24:28.856072
157939,137,2025-01-24,16,0,13.9,04:12,18.2,15:11,4,3.3,8.1,21:10,82,94,,76,11:10,2025-05-06 16:24:28.973021,2025-05-06 16:24:28.973021
157957,137,2025-01-25,16.1,0,14.3,23:23,17.9,16:09,5,3.9,8.6,13:40,75,92,01:10,69,,2025-05-06 16:24:29.104855,2025-05-06 16:24:29.104855
157975,137,2025-01-26,16.4,0,13.5,08:05,19.3,16:37,3,4.2,11.1,11:20,79,92,21:10,59,23:59,2025-05-06 16:24:29.231610,2025-05-06 16:24:29.231610
157993,137,2025-01-27,17.9,0,13.7,02:58,22.1,10:05,12,3.6,14.7,22:40,80,93,01:40,45,10:00,2025-05-06 16:24:29.361743,2025-05-06 16:24:29.361743
158011,137,2025-01-28,19.2,0,15.9,23:33,22.5,15:12,14,11.7,23.1,08:30,72,86,06:00,19,21:50,2025-05-06 16:24:29.494245,2025-05-06 16:24:29.494245
158029,137,2025-01-29,18.8,0,14.8,21:47,22.8,15:36,4,6.7,17.5,15:00,53,78,,11,06:50,2025-05-06 16:24:29.633198,2025-05-06 16:24:29.633198
158047,137,2025-01-30,15.7,0,14.4,20:06,17,14:12,10,7.5,14.7,10:50,74,90,08:20,62,14:10,2025-05-06 16:24:29.760546,2025-05-06 16:24:29.760546
158065,137,2025-01-31,15.4,0,13.7,23:28,17,15:31,12,5.8,15.6,03:10,72,88,23:30,65,16:30,2025-05-06 16:24:29.880923,2025-05-06 16:24:29.880923
158083,137,2025-02-01,15.2,1.2,13.5,06:46,17,14:22,10,6.4,15.8,02:00,74,91,06:50,62,14:00,2025-05-06 16:24:30.005269,2025-05-06 16:24:30.005269
158101,137,2025-02-02,15.8,8.6,13.9,06:40,17.6,14:38,1,5,15.6,15:50,83,91,18:30,72,13:30,2025-05-06 16:24:30.142520,2025-05-06 16:24:30.142520
158119,137,2025-02-03,16,1.4,14.2,03:01,17.8,15:39,9,4.7,13.3,21:40,84,92,,74,15:40,2025-05-06 16:24:30.272892,2025-05-06 16:24:30.272892
158137,137,2025-02-04,15.6,0.2,13.9,22:44,17.4,13:56,4,4.4,13.3,16:50,71,85,00:00,58,17:00,2025-05-06 16:24:30.399680,2025-05-06 16:24:30.399680
158155,137,2025-02-05,15.4,0,13.5,08:09,17.2,13:55,4,4.4,13.3,15:30,73,84,05:00,63,15:40,2025-05-06 16:24:30.534278,2025-05-06 16:24:30.534278
158173,137,2025-02-06,17.4,0,14,04:07,20.9,16:39,12,8.1,19.7,07:20,71,84,19:40,42,09:20,2025-05-06 16:24:30.672607,2025-05-06 16:24:30.672607
158190,137,2025-02-07,16.4,0,12.5,08:13,20.2,15:36,4,1.9,6.9,13:20,70,88,19:50,42,04:40,2025-05-06 16:24:30.798598,2025-05-06 16:24:30.798598
158207,137,2025-02-08,16,0,12.7,24:00,19.2,13:15,31,2.8,6.7,13:00,62,88,20:10,38,08:00,2025-05-06 16:24:30.920095,2025-05-06 16:24:30.920095
158224,137,2025-02-09,15.5,0,11.9,05:58,19.1,14:43,32,2.2,6.7,13:30,63,83,19:50,40,23:10,2025-05-06 16:24:31.047313,2025-05-06 16:24:31.047313
158241,137,2025-02-10,,,,,,,0,1.7,,,50,,,,,2025-05-06 16:24:31.173517,2025-05-06 16:24:31.173517
158259,137,2025-02-11,15.8,0,12.8,06:07,18.7,12:23,8,3.9,10.6,09:30,70,84,22:50,47,08:10,2025-05-06 16:24:31.316895,2025-05-06 16:24:31.316895
158277,137,2025-02-12,17.1,0,14.5,04:33,19.7,13:22,8,8.9,16.7,09:30,68,81,00:00,49,10:20,2025-05-06 16:24:31.453666,2025-05-06 16:24:31.453666
158294,137,2025-02-13,17.6,0,13.2,,21.9,15:15,12,6.9,17.2,05:00,61,85,20:20,48,06:50,2025-05-06 16:24:31.577376,2025-05-06 16:24:31.577376
158312,137,2025-02-14,16.6,0,12.6,05:03,20.7,15:11,35,3.1,8.6,14:10,53,82,22:20,30,08:00,2025-05-06 16:24:31.708258,2025-05-06 16:24:31.708258
158330,137,2025-02-15,16.8,0.4,12.7,06:59,20.9,14:54,4,3.1,11.7,17:00,77,91,18:20,42,01:10,2025-05-06 16:24:31.848894,2025-05-06 16:24:31.848894
158347,137,2025-02-16,15.9,0.2,13,04:49,18.8,13:07,12,6.9,17.5,05:30,64,85,00:50,55,05:40,2025-05-06 16:24:31.974500,2025-05-06 16:24:31.974500
158364,137,2025-02-17,15.5,1.4,11.5,06:09,19.5,14:30,12,3.3,12.2,00:10,70,81,05:50,58,14:30,2025-05-06 16:24:32.097119,2025-05-06 16:24:32.097119
163553,137,1997-04-28,22,0,17,,27,14:00,8,8.3,16.9,03:50,65,,,,,2025-05-06 18:20:51.890972,2025-05-06 18:20:51.890972
158382,137,2025-02-18,15.4,1.8,13.2,07:04,17.6,13:59,32,3.6,13.1,03:10,81,92,06:50,63,01:10,2025-05-06 16:24:32.215384,2025-05-06 16:24:32.215384
158400,137,2025-02-19,16.2,0.2,14.2,05:31,18.2,15:14,3,4.7,11.9,15:20,69,86,11:40,59,14:30,2025-05-06 16:24:32.346833,2025-05-06 16:24:32.346833
158418,137,2025-02-20,18,0,13.6,22:32,22.4,12:57,8,4.4,17.5,09:40,70,86,01:20,55,13:00,2025-05-06 16:24:32.482006,2025-05-06 16:24:32.482006
158436,137,2025-02-21,15.9,0,12.3,06:18,19.5,13:28,36,2.8,10.8,14:10,71,90,21:50,57,10:10,2025-05-06 16:24:32.620351,2025-05-06 16:24:32.620351
158454,137,2025-02-22,17.6,0,12.9,01:45,22.3,15:00,11,5.8,15,23:59,71,88,01:10,54,09:40,2025-05-06 16:24:32.756529,2025-05-06 16:24:32.756529
158472,137,2025-02-23,17.7,0,15,23:58,20.4,12:57,99,9.2,20,,69,79,02:30,59,10:50,2025-05-06 16:24:32.893511,2025-05-06 16:24:32.893511
158490,137,2025-02-24,18.4,0,14.4,04:12,22.4,11:38,12,10.6,20.3,06:20,64,85,23:40,19,11:40,2025-05-06 16:24:33.034037,2025-05-06 16:24:33.034037
158508,137,2025-02-25,17.4,0,13.8,23:35,21,14:04,12,3.1,16.4,03:30,73,91,21:40,43,05:50,2025-05-06 16:24:33.161641,2025-05-06 16:24:33.161641
158526,137,2025-02-26,17,0,13.4,21:09,20.5,11:07,14,5.6,17.5,23:30,50,79,18:40,9,08:10,2025-05-06 16:24:33.291340,2025-05-06 16:24:33.291340
158544,137,2025-02-27,17.4,4.4,14.6,06:33,20.3,12:33,10,7.2,20.6,00:20,64,88,23:00,52,14:30,2025-05-06 16:24:33.428271,2025-05-06 16:24:33.428271
158562,137,2025-02-28,15.8,1.4,13.4,06:59,18.3,14:14,35,3.3,9.7,18:50,81,97,,60,12:30,2025-05-06 16:24:33.557682,2025-05-06 16:24:33.557682
158580,137,2025-03-01,15.7,0.2,12.9,23:45,18.5,14:52,6,3.1,11.1,01:40,69,94,,60,14:50,2025-05-06 16:24:33.682991,2025-05-06 16:24:33.682991
158598,137,2025-03-02,15.2,8,12.9,05:17,17.4,12:15,5,1.7,6.9,06:10,77,93,15:10,63,09:30,2025-05-06 16:24:33.816941,2025-05-06 16:24:33.816941
158616,137,2025-03-03,15.2,4.4,12.3,04:51,18.1,11:33,10,2.8,9.7,15:20,72,90,21:40,61,09:30,2025-05-06 16:24:33.949934,2025-05-06 16:24:33.949934
158634,137,2025-03-04,14.2,5.4,11.7,21:30,16.8,11:30,34,3.1,8.6,14:30,85,95,06:10,71,16:50,2025-05-06 16:24:34.090144,2025-05-06 16:24:34.090144
158651,137,2025-03-05,15.4,0,11.5,05:42,19.4,15:14,32,2.5,6.1,14:50,68,84,00:00,43,15:10,2025-05-06 16:24:34.215636,2025-05-06 16:24:34.215636
158669,137,2025-03-06,16.3,0,12.9,03:56,19.7,12:52,34,1.9,7.2,14:20,68,87,04:00,56,13:50,2025-05-06 16:24:34.344170,2025-05-06 16:24:34.344170
158687,137,2025-03-07,16.2,0,12.4,05:56,20,14:28,30,3.9,13.9,17:00,73,88,21:40,60,10:40,2025-05-06 16:24:34.466123,2025-05-06 16:24:34.466123
158705,137,2025-03-08,15.4,0.4,13.6,23:46,17.2,09:37,5,3.3,10,09:40,79,93,10:40,67,01:10,2025-05-06 16:24:34.592945,2025-05-06 16:24:34.592945
158723,137,2025-03-09,16,0.2,13.1,07:38,19,14:45,36,1.9,7.5,01:10,74,88,08:30,65,14:40,2025-05-06 16:24:34.720570,2025-05-06 16:24:34.720570
158741,137,2025-03-10,16.8,0,13.4,06:47,20.3,12:12,99,1.7,6.9,,73,85,00:30,60,10:10,2025-05-06 16:24:34.861626,2025-05-06 16:24:34.861626
158759,137,2025-03-11,18,0,15,02:44,20.9,16:13,28,3.1,7.5,16:20,67,86,02:10,50,09:20,2025-05-06 16:24:34.986456,2025-05-06 16:24:34.986456
158777,137,2025-03-12,18,0,14.1,06:58,22,13:15,29,3.9,13.1,13:50,71,85,21:10,55,10:10,2025-05-06 16:24:35.112116,2025-05-06 16:24:35.112116
158795,137,2025-03-13,18.4,0,14.7,23:18,22.1,15:02,30,3.6,11.4,13:50,73,89,05:20,53,15:00,2025-05-06 16:24:35.237607,2025-05-06 16:24:35.237607
158813,137,2025-03-14,16.4,0,13.7,23:31,19.2,14:15,36,3.3,10,01:10,65,88,00:10,52,14:00,2025-05-06 16:24:35.378804,2025-05-06 16:24:35.378804
158831,137,2025-03-15,16.2,0,12.5,05:51,19.9,12:12,2,1.9,6.7,14:00,64,80,00:40,59,,2025-05-06 16:24:35.502394,2025-05-06 16:24:35.502394
158849,137,2025-03-16,17.6,5,13.1,02:43,22.2,15:35,29,2.2,7.8,11:10,74,88,21:00,44,15:40,2025-05-06 16:24:35.634978,2025-05-06 16:24:35.634978
158867,137,2025-03-17,17.4,0,14.3,06:37,20.4,15:42,36,3.3,8.3,17:50,66,95,,54,17:30,2025-05-06 16:24:35.766041,2025-05-06 16:24:35.766041
158885,137,2025-03-18,16.7,0,13.3,23:36,20.1,12:28,36,2.8,9.2,14:50,69,86,00:40,54,11:50,2025-05-06 16:24:35.833453,2025-05-06 16:24:35.833453
158903,137,2025-03-19,17.3,0,12.8,05:46,21.8,13:52,29,5.6,18.6,17:10,60,84,00:00,46,10:10,2025-05-06 16:24:35.898541,2025-05-06 16:24:35.898541
158921,137,2025-03-20,17.7,3.4,14.7,23:57,20.7,10:27,23,3.9,12.5,06:50,82,93,14:00,69,11:10,2025-05-06 16:24:35.966285,2025-05-06 16:24:35.966285
158939,137,2025-03-21,16.2,1.2,13.8,04:19,18.6,13:22,2,3.6,8.9,17:50,66,87,02:30,55,15:40,2025-05-06 16:24:36.040362,2025-05-06 16:24:36.040362
158957,137,2025-03-22,15.4,2.6,13.1,04:24,17.8,12:01,3,3.9,13.9,22:50,82,93,07:20,67,22:50,2025-05-06 16:24:36.131745,2025-05-06 16:24:36.131745
158975,137,2025-03-23,14.5,0.8,12.9,07:09,16.1,14:07,4,5.6,14.7,17:00,74,85,07:10,64,12:50,2025-05-06 16:24:36.261946,2025-05-06 16:24:36.261946
158993,137,2025-03-24,15.7,1.4,14,02:24,17.4,13:13,10,5.8,13.9,05:10,74,87,02:20,65,09:30,2025-05-06 16:24:36.373938,2025-05-06 16:24:36.373938
159011,137,2025-03-25,15.8,0.6,13.3,05:52,18.2,15:54,8,5.8,12.8,06:00,79,95,,57,14:50,2025-05-06 16:24:36.511695,2025-05-06 16:24:36.511695
159029,137,2025-03-26,15.4,0.2,13.6,,17.3,15:04,3,4.2,13.9,16:10,68,88,01:00,60,13:20,2025-05-06 16:24:36.652185,2025-05-06 16:24:36.652185
159046,137,2025-03-27,15.7,0,13.4,06:07,18,13:18,8,5.3,16.1,11:40,77,88,19:10,68,09:10,2025-05-06 16:24:36.774263,2025-05-06 16:24:36.774263
159064,137,2025-03-28,17.7,0,14,05:55,21.4,15:58,10,3.9,10.8,14:20,79,91,05:30,56,15:50,2025-05-06 16:24:36.938780,2025-05-06 16:24:36.938780
159082,137,2025-03-29,17.9,0,13,04:30,22.8,15:35,30,3.6,11.1,13:30,61,90,03:20,50,15:40,2025-05-06 16:24:37.074563,2025-05-06 16:24:37.074563
159100,137,2025-03-30,18.5,0,14.6,04:19,22.4,17:48,30,3.9,13.1,13:20,62,81,20:30,44,17:40,2025-05-06 16:24:37.203885,2025-05-06 16:24:37.203885
159118,137,2025-03-31,18.8,0,15,00:46,22.5,12:07,28,5,12.8,12:50,70,89,23:20,48,16:00,2025-05-06 16:24:37.331617,2025-05-06 16:24:37.331617
159137,137,2025-04-01,17.2,0.4,14.7,23:54,19.8,16:20,4,1.9,6.9,21:30,77,88,,67,15:50,2025-05-06 16:24:37.469072,2025-05-06 16:24:37.469072
159148,137,2025-04-02,14.6,5.4,13,08:13,16.3,16:26,34,3.3,8.9,06:20,85,96,,72,23:30,2025-05-06 16:24:37.545127,2025-05-06 16:24:37.545127
159165,137,2025-04-03,17.8,0,13,00:44,22.5,15:16,26,6.4,24.4,12:00,,77,00:30,40,,2025-05-06 16:24:37.677686,2025-05-06 16:24:37.677686
159185,137,2025-04-04,18.2,0,13.7,06:21,22.7,14:03,34,3.6,8.6,13:30,62,88,21:30,52,13:40,2025-05-06 16:24:37.833412,2025-05-06 16:24:37.833412
159200,137,2025-04-05,17.6,0,13.7,05:58,21.6,15:50,28,3.1,9.2,16:20,73,89,08:20,61,15:00,2025-05-06 16:24:37.947269,2025-05-06 16:24:37.947269
159218,137,2025-04-06,18.6,0,14.4,05:51,22.8,14:33,29,2.5,6.7,13:50,71,93,23:10,57,10:20,2025-05-06 16:24:38.071052,2025-05-06 16:24:38.071052
159235,137,2025-04-07,18.4,0,13.9,06:02,22.9,14:53,31,2.5,6.1,16:10,77,93,,68,14:50,2025-05-06 16:24:38.208963,2025-05-06 16:24:38.208963
159252,137,2025-04-08,18.3,46.8,14.1,04:54,22.5,13:39,30,3.6,9.2,15:20,78,96,,63,13:40,2025-05-06 16:24:38.336443,2025-05-06 16:24:38.336443
159270,137,2025-04-09,17.6,6.2,14.1,06:39,21,17:19,30,3.3,9.2,15:20,78,100,,60,17:30,2025-05-06 16:24:38.472845,2025-05-06 16:24:38.472845
159294,137,2025-04-10,18.2,19.2,14.8,00:01,21.5,11:57,28,3.9,16.9,10:30,64,97,23:59,58,12:30,2025-05-06 16:24:38.648131,2025-05-06 16:24:38.648131
159308,137,2025-04-11,17.4,0.2,13.7,06:43,21.1,12:37,28,3.3,13.3,14:50,80,99,,68,11:50,2025-05-06 16:24:38.759539,2025-05-06 16:24:38.759539
159324,137,2025-04-12,17.1,4.6,14.4,05:49,19.8,10:04,34,1.9,8.9,11:20,82,93,11:30,71,08:20,2025-05-06 16:24:38.879221,2025-05-06 16:24:38.879221
159338,137,2025-04-13,17.4,0.6,14.9,,20,14:07,35,2.8,7.8,07:40,82,96,,70,17:50,2025-05-06 16:24:38.984078,2025-05-06 16:24:38.984078
159364,137,2025-04-14,17.4,0.2,15.2,04:14,19.6,16:04,3,2.5,7.2,13:40,78,94,02:20,61,10:00,2025-05-06 16:24:39.171612,2025-05-06 16:24:39.171612
159377,137,2025-04-15,16.6,0.2,14,07:02,19.3,15:35,15,4.2,12.2,20:40,84,93,07:00,66,16:10,2025-05-06 16:24:39.273199,2025-05-06 16:24:39.273199
159401,137,2025-04-16,16.7,0,14.3,03:16,19.1,13:26,10,5.8,14.2,13:10,71,87,21:00,62,13:00,2025-05-06 16:24:39.446741,2025-05-06 16:24:39.446741
159418,137,2025-04-17,17,0,14.6,00:16,19.5,13:56,10,6.7,18.1,09:50,74,84,00:20,65,13:00,2025-05-06 16:24:39.571375,2025-05-06 16:24:39.571375
159430,137,2025-04-18,17.4,1.4,15,05:10,19.7,13:15,4,6.1,14.2,15:20,76,83,19:00,65,13:20,2025-05-06 16:24:39.660854,2025-05-06 16:24:39.660854
159450,137,2025-04-19,15.7,0.2,13.8,05:58,17.6,13:26,10,4.2,14.4,16:00,79,95,06:00,68,13:20,2025-05-06 16:24:39.815229,2025-05-06 16:24:39.815229
159472,137,2025-04-20,15.9,0,13.8,07:58,18,13:55,99,6.7,14.2,12:40,73,85,08:00,61,13:50,2025-05-06 16:24:40.031849,2025-05-06 16:24:40.031849
159481,137,2025-04-21,16,1.4,14.1,00:30,18,15:47,9,5.6,14.7,22:50,71,91,21:10,65,,2025-05-06 16:24:40.104097,2025-05-06 16:24:40.104097
159500,137,2025-04-22,16.4,0.4,14.3,06:25,18.4,12:59,10,4.2,12.5,15:00,82,91,06:20,67,11:10,2025-05-06 16:24:40.252477,2025-05-06 16:24:40.252477
159518,137,2025-04-23,16.9,0,14.9,06:54,18.9,14:42,4,5.3,12.2,13:50,78,85,06:50,65,14:30,2025-05-06 16:24:40.400217,2025-05-06 16:24:40.400217
159536,137,2025-04-24,17,0,14.6,04:38,19.3,15:28,99,3.9,9.2,,69,82,09:50,63,15:40,2025-05-06 16:24:40.537852,2025-05-06 16:24:40.537852
159554,137,2025-04-25,17.6,0,15.4,01:10,19.9,14:43,4,6.1,15,14:40,75,86,20:10,62,13:20,2025-05-06 16:24:40.666389,2025-05-06 16:24:40.666389
159572,137,2025-04-26,17.2,0,15.2,04:37,19.1,14:48,11,10,23.9,17:40,75,82,01:20,67,11:10,2025-05-06 16:24:40.801876,2025-05-06 16:24:40.801876
159591,137,2025-04-27,17,0,14.6,04:06,19.5,14:56,11,6.4,18.6,01:30,78,84,,70,15:00,2025-05-06 16:24:40.942531,2025-05-06 16:24:40.942531
159607,137,2025-04-28,16,0,13.3,03:37,18.6,14:23,3,5.3,10.6,11:00,77,86,03:50,69,14:10,2025-05-06 16:24:41.073734,2025-05-06 16:24:41.073734
159631,137,2025-04-29,15.5,5.4,13.9,23:35,17.1,09:39,34,2.8,7.8,10:00,79,97,10:50,72,21:30,2025-05-06 16:24:41.258872,2025-05-06 16:24:41.258872
159639,137,2025-04-30,16,0,13.4,23:29,18.7,12:31,29,2.5,8.3,19:50,69,84,23:10,58,12:30,2025-05-06 16:24:41.321949,2025-05-06 16:24:41.321949
159665,137,1995-05-02,18,0,15,,21,14:00,3,5.3,6.9,17:00,83,,,,,2025-05-06 18:11:56.015408,2025-05-06 18:11:56.015408
159672,137,1995-05-03,20,0,16,,24,14:00,36,8.1,11.1,17:00,81,,,,,2025-05-06 18:11:56.040512,2025-05-06 18:11:56.040512
159679,137,1995-05-04,19.5,0,15,,24,15:00,36,6.1,8.9,14:55,85,,,,,2025-05-06 18:11:56.063233,2025-05-06 18:11:56.063233
159686,137,1995-05-05,19.5,0,15,,24,16:00,36,6.9,13.1,15:50,83,,,,,2025-05-06 18:11:56.088685,2025-05-06 18:11:56.088685
159693,137,1995-05-06,19,0,15,05:00,23,16:00,36,8.9,15,13:10,81,,,,,2025-05-06 18:11:56.111929,2025-05-06 18:11:56.111929
159700,137,1995-05-07,20.5,0,16,04:00,25,16:00,6,8.3,11.9,11:20,68,,,,,2025-05-06 18:11:56.135160,2025-05-06 18:11:56.135160
159707,137,1995-05-08,20.5,0,17,,24,14:00,9,12.5,16.1,07:10,76,,,,,2025-05-06 18:11:56.157135,2025-05-06 18:11:56.157135
159714,137,1995-05-09,18.5,0,15,06:00,22,16:00,6,10,16.1,11:55,80,,,,,2025-05-06 18:11:56.180518,2025-05-06 18:11:56.180518
159721,137,1995-05-10,18.5,0,15,06:00,22,14:00,3,8.6,16.9,14:50,77,,,,,2025-05-06 18:11:56.198983,2025-05-06 18:11:56.198983
159728,137,1995-05-11,17.5,0,15,,20,15:00,6,8.3,13.1,22:20,83,,,,,2025-05-06 18:11:56.219139,2025-05-06 18:11:56.219139
159742,137,1995-05-13,19.5,0,15,06:00,24,16:00,3,11.1,15,09:20,76,,,,,2025-05-06 18:11:56.266133,2025-05-06 18:11:56.266133
159749,137,1995-05-14,19.5,0,13,06:00,26,16:00,6,6.1,13.1,21:20,82,,,,,2025-05-06 18:11:56.286330,2025-05-06 18:11:56.286330
159756,137,1995-05-15,21,0,14,06:00,28,14:00,9,10,13.1,23:20,76,,,,,2025-05-06 18:11:56.308984,2025-05-06 18:11:56.308984
159763,137,1995-05-16,21.5,0,15,,28,15:00,6,7.5,20,17:15,70,,,,,2025-05-06 18:11:56.338337,2025-05-06 18:11:56.338337
159770,137,1995-05-17,20,0,16,03:00,24,01:40,9,11.4,16.9,07:40,75,,,,,2025-05-06 18:11:56.357702,2025-05-06 18:11:56.357702
159777,137,1995-05-18,20,0,16,05:00,24,14:00,3,12.5,16.1,14:50,84,,,,,2025-05-06 18:11:56.382749,2025-05-06 18:11:56.382749
159784,137,1995-05-19,20.5,0,16,06:00,25,16:00,6,10,13.9,14:30,76,,,,,2025-05-06 18:11:56.403161,2025-05-06 18:11:56.403161
159791,137,1995-05-20,21,0,16,06:00,26,15:00,3,11.9,16.9,15:30,82,,,,,2025-05-06 18:11:56.422779,2025-05-06 18:11:56.422779
159798,137,1995-05-21,19,0,15,,23,15:00,3,6.1,11.9,16:15,84,,,,,2025-05-06 18:11:56.481301,2025-05-06 18:11:56.481301
159805,137,1995-05-22,17.5,0,15,06:00,20,14:00,6,6.4,11.9,21:25,90,,,,,2025-05-06 18:11:56.509106,2025-05-06 18:11:56.509106
159819,137,1995-05-24,19.5,0,16,,23,14:00,3,9.4,15,16:20,90,,,,,2025-05-06 18:11:56.554847,2025-05-06 18:11:56.554847
159826,137,1995-05-25,20,0,16,,24,17:00,6,9.4,15,14:10,81,,,,,2025-05-06 18:11:56.576469,2025-05-06 18:11:56.576469
159833,137,1995-05-26,19.5,0,16,,23,16:00,6,8.6,15,13:20,81,,,,,2025-05-06 18:11:56.598208,2025-05-06 18:11:56.598208
159840,137,1995-05-27,18.5,0,15,05:00,22,14:00,3,10.6,16.1,13:55,87,,,,,2025-05-06 18:11:56.618405,2025-05-06 18:11:56.618405
159847,137,1995-05-28,19.5,0,16,,23,15:00,6,10,13.1,12:55,84,,,,,2025-05-06 18:11:56.638831,2025-05-06 18:11:56.638831
159854,137,1995-05-29,19.5,0,16,,23,14:00,6,12.8,20,10:40,90,,,,,2025-05-06 18:11:56.659825,2025-05-06 18:11:56.659825
159861,137,1995-05-30,21.5,0,15,,28,16:00,36,4.7,8.9,13:55,85,,,,,2025-05-06 18:11:56.679647,2025-05-06 18:11:56.679647
159868,137,1995-05-31,22,0,16,,28,16:00,3,6.4,11.9,15:30,75,,,,,2025-05-06 18:11:56.699844,2025-05-06 18:11:56.699844
159875,137,1995-06-01,23,0,16,,30,14:00,3,4.2,10,13:40,79,,,,,2025-05-06 18:11:56.722589,2025-05-06 18:11:56.722589
159882,137,1995-06-02,23.5,0,17,,30,14:00,0,0,0,,73,,,,,2025-05-06 18:11:56.745834,2025-05-06 18:11:56.745834
159889,137,1995-06-03,20.5,0,15,06:00,26,15:00,36,4.4,8.9,15:40,83,,,,,2025-05-06 18:11:56.765747,2025-05-06 18:11:56.765747
159896,137,1995-06-04,20.5,0,16,06:00,25,14:00,3,5.6,8.9,15:10,82,,,,,2025-05-06 18:11:56.788135,2025-05-06 18:11:56.788135
159903,137,1995-06-05,20.5,0,17,,24,14:00,36,3.3,8.1,18:20,84,,,,,2025-05-06 18:11:56.810010,2025-05-06 18:11:56.810010
159910,137,1995-06-06,20,0,17,,23,15:00,0,0,0,,87,,,,,2025-05-06 18:11:56.831811,2025-05-06 18:11:56.831811
159917,137,1995-06-07,21,0,17,,25,15:00,30,2.5,6.1,15:55,85,,,,,2025-05-06 18:11:56.853670,2025-05-06 18:11:56.853670
159924,137,1995-06-08,21,0,17,,25,15:00,3,5.6,10,19:00,82,,,,,2025-05-06 18:11:56.877057,2025-05-06 18:11:56.877057
159931,137,1995-06-09,21.5,0,18,,25,14:00,3,9.4,13.1,11:40,74,,,,,2025-05-06 18:11:56.900955,2025-05-06 18:11:56.900955
159938,137,1995-06-10,21.5,0,18,,25,16:00,3,8.1,11.9,16:00,76,,,,,2025-05-06 18:11:56.922492,2025-05-06 18:11:56.922492
159945,137,1995-06-11,20,0,16,06:00,24,14:00,6,6.9,11.9,13:45,81,,,,,2025-05-06 18:11:56.945221,2025-05-06 18:11:56.945221
159952,137,1995-06-12,20.5,0,17,,24,16:00,3,8.3,11.9,15:00,81,,,,,2025-05-06 18:11:56.968559,2025-05-06 18:11:56.968559
159959,137,1995-06-13,20.5,0,17,,24,16:00,0,,,,87,,,,,2025-05-06 18:11:56.990150,2025-05-06 18:11:56.990150
159966,137,1995-06-14,21,0,16,05:00,26,16:00,0,,,,80,,,,,2025-05-06 18:11:57.015381,2025-05-06 18:11:57.015381
159973,137,1995-06-15,21,0,17,,25,14:00,27,3.1,6.9,12:30,88,,,,,2025-05-06 18:11:57.038093,2025-05-06 18:11:57.038093
159980,137,1995-06-16,20,0,16,,24,14:00,27,3.1,8.9,14:15,85,,,,,2025-05-06 18:11:57.060330,2025-05-06 18:11:57.060330
159987,137,1995-06-17,22.5,0,15,,30,17:00,36,4.4,11.9,16:55,73,,,,,2025-05-06 18:11:57.082280,2025-05-06 18:11:57.082280
159994,137,1995-06-18,23.5,0,19,06:00,28,16:00,30,4.7,8.1,16:55,84,,,,,2025-05-06 18:11:57.102713,2025-05-06 18:11:57.102713
160001,137,1995-06-19,22.5,0,19,06:00,26,14:00,36,3.1,8.9,19:30,81,,,,,2025-05-06 18:11:57.122518,2025-05-06 18:11:57.122518
160008,137,1995-06-20,23,0,19,05:00,27,16:00,36,7.2,11.9,16:15,82,,,,,2025-05-06 18:11:57.143520,2025-05-06 18:11:57.143520
160015,137,1995-06-21,23,0,19,06:00,27,15:00,3,9.7,13.1,13:00,80,,,,,2025-05-06 18:11:57.165938,2025-05-06 18:11:57.165938
160029,137,1995-06-23,20.5,0,17,06:00,24,14:00,3,11.4,16.1,15:55,88,,,,,2025-05-06 18:11:57.212044,2025-05-06 18:11:57.212044
160036,137,1995-06-24,22,0,17,06:00,27,17:00,9,5.6,16.1,01:40,80,,,,,2025-05-06 18:11:57.233444,2025-05-06 18:11:57.233444
160043,137,1995-06-25,21.5,0,18,06:00,25,15:00,30,3.9,11.1,14:10,82,,,,,2025-05-06 18:11:57.256139,2025-05-06 18:11:57.256139
160050,137,1995-06-26,21.5,0,18,05:00,25,15:00,30,4.4,8.1,15:40,88,,,,,2025-05-06 18:11:57.276686,2025-05-06 18:11:57.276686
160057,137,1995-06-27,21.5,0,17,06:00,26,14:00,36,5,11.1,14:55,85,,,,,2025-05-06 18:11:57.298727,2025-05-06 18:11:57.298727
160064,137,1995-06-28,21,0,17,06:00,25,15:00,9,3.6,11.1,23:45,82,,,,,2025-05-06 18:11:57.320224,2025-05-06 18:11:57.320224
160071,137,1995-06-29,21.5,0,17,04:00,26,16:00,6,6.1,13.1,01:45,81,,,,,2025-05-06 18:11:57.342805,2025-05-06 18:11:57.342805
160078,137,1995-06-30,22,0,18,05:00,26,16:00,3,5.8,11.9,03:00,79,,,,,2025-05-06 18:11:57.365074,2025-05-06 18:11:57.365074
160085,137,1995-07-01,22.5,0,18,,27,14:00,3,6.7,13.1,02:40,75,,,,,2025-05-06 18:11:57.388588,2025-05-06 18:11:57.388588
160092,137,1995-07-02,21,0,17,05:00,25,14:00,3,6.4,11.9,04:30,79,,,,,2025-05-06 18:11:57.409971,2025-05-06 18:11:57.409971
160099,137,1995-07-03,21,0,17,04:00,25,16:00,3,10.6,18.1,00:45,79,,,,,2025-05-06 18:11:57.431143,2025-05-06 18:11:57.431143
160106,137,1995-07-04,22,0,18,04:00,26,17:00,8,12.2,16.9,20:45,74,,,,,2025-05-06 18:11:57.454177,2025-05-06 18:11:57.454177
160113,137,1995-07-05,22.5,0,18,03:00,27,14:00,7,11.4,16.9,17:10,81,,,,,2025-05-06 18:11:57.475101,2025-05-06 18:11:57.475101
160120,137,1995-07-06,21.5,0,17,06:00,26,14:00,3,4.2,6.9,22:40,83,,,,,2025-05-06 18:11:57.495999,2025-05-06 18:11:57.495999
160127,137,1995-07-07,23,0,18,01:00,28,14:00,3,5.8,10,18:30,78,,,,,2025-05-06 18:11:57.516697,2025-05-06 18:11:57.516697
160134,137,1995-07-08,23.5,0,19,04:00,28,13:00,6,6.7,10,10:55,79,,,,,2025-05-06 18:11:57.536764,2025-05-06 18:11:57.536764
160141,137,1995-07-09,23.5,0,19,02:00,28,15:00,3,6.1,10,17:20,83,,,,,2025-05-06 18:11:57.556921,2025-05-06 18:11:57.556921
160148,137,1995-07-10,22.5,0,19,02:00,26,14:00,36,5.6,11.9,16:10,83,,,,,2025-05-06 18:11:57.580237,2025-05-06 18:11:57.580237
160155,137,1995-07-11,22,0,18,04:00,26,14:00,36,10.3,15,14:30,74,,,,,2025-05-06 18:11:57.601548,2025-05-06 18:11:57.601548
160169,137,1995-07-13,24,0,20,,28,16:00,9,8.3,16.9,01:20,70,,,,,2025-05-06 18:11:57.647354,2025-05-06 18:11:57.647354
160176,137,1995-07-14,23.5,0,20,06:00,27,14:00,8,13.3,18.1,09:30,73,,,,,2025-05-06 18:11:57.669617,2025-05-06 18:11:57.669617
160183,137,1995-07-15,22.5,0,19,,26,16:00,36,9.7,13.9,15:40,85,,,,,2025-05-06 18:11:57.691107,2025-05-06 18:11:57.691107
160190,137,1995-07-16,22,0,19,,25,16:00,3,8.1,13.1,14:55,82,,,,,2025-05-06 18:11:57.712564,2025-05-06 18:11:57.712564
160197,137,1995-07-17,21.5,0,18,06:00,25,14:00,3,7.2,13.1,14:30,86,,,,,2025-05-06 18:11:57.736753,2025-05-06 18:11:57.736753
160204,137,1995-07-18,23,0,19,,27,16:00,3,10.6,16.1,13:25,85,,,,,2025-05-06 18:11:57.759496,2025-05-06 18:11:57.759496
160211,137,1995-07-19,25,0,19,06:00,31,11:00,3,10,15,16:20,72,,,,,2025-05-06 18:11:57.780805,2025-05-06 18:11:57.780805
160218,137,1995-07-20,24.5,0,19,06:00,30,16:00,3,8.6,15,09:20,79,,,,,2025-05-06 18:11:57.802996,2025-05-06 18:11:57.802996
160225,137,1995-07-21,27,0,19,06:00,35,17:00,9,11.1,16.9,22:05,60,,,,,2025-05-06 18:11:57.824382,2025-05-06 18:11:57.824382
160239,137,1995-07-23,23.5,0,20,05:00,27,16:00,3,7.8,13.9,15:40,86,,,,,2025-05-06 18:11:57.869960,2025-05-06 18:11:57.869960
160246,137,1995-07-24,23.5,0,20,,27,11:00,3,10.8,15,14:20,86,,,,,2025-05-06 18:11:57.891406,2025-05-06 18:11:57.891406
160253,137,1995-07-25,23,0,20,,26,16:00,9,15,21.9,09:00,82,,,,,2025-05-06 18:11:57.913141,2025-05-06 18:11:57.913141
160260,137,1995-07-26,26.5,0,21,,32,16:00,9,19.4,26.9,12:10,67,,,,,2025-05-06 18:11:57.935765,2025-05-06 18:11:57.935765
160267,137,1995-07-27,29,0,21,02:00,37,12:00,9,13.9,25,06:10,67,,,,,2025-05-06 18:11:57.957695,2025-05-06 18:11:57.957695
160274,137,1995-07-28,34.5,0,30,20:00,39,14:00,9,18.3,25,03:45,60,,,,,2025-05-06 18:11:57.979896,2025-05-06 18:11:57.979896
160281,137,1995-07-29,30,0,25,20:00,35,15:00,9,11.9,18.1,01:00,61,,,,,2025-05-06 18:11:58.002251,2025-05-06 18:11:58.002251
160288,137,1995-07-30,25.5,0,20,20:00,31,02:00,9,14.4,21.1,07:40,74,,,,,2025-05-06 18:11:58.024504,2025-05-06 18:11:58.024504
160295,137,1995-07-31,22.5,0,19,06:00,26,14:00,8,11.4,18.1,16:15,88,,,,,2025-05-06 18:11:58.059268,2025-05-06 18:11:58.059268
160302,137,1995-08-01,22,0,19,,25,14:00,8,15.3,21.9,00:40,85,,,,,2025-05-06 18:11:58.082657,2025-05-06 18:11:58.082657
160316,137,1995-08-03,27,0,22,,32,16:00,3,6.1,10,18:55,83,,,,,2025-05-06 18:11:58.127277,2025-05-06 18:11:58.127277
160323,137,1995-08-04,22,0,18,,26,14:00,3,7.2,13.9,18:40,86,,,,,2025-05-06 18:11:58.149640,2025-05-06 18:11:58.149640
160330,137,1995-08-05,32.5,0,30,,35,12:00,9,11.7,15,16:05,64,,,,,2025-05-06 18:11:58.182408,2025-05-06 18:11:58.182408
160337,137,1995-08-06,31.5,0,28,02:00,35,14:00,9,16.7,21.1,16:05,66,,,,,2025-05-06 18:11:58.204884,2025-05-06 18:11:58.204884
160344,137,1995-08-07,29,0,23,03:00,35,12:00,9,11.7,16.9,10:40,54,,,,,2025-05-06 18:11:58.225910,2025-05-06 18:11:58.225910
160351,137,1995-08-08,23.5,0,20,,27,15:00,3,9.7,15,14:05,77,,,,,2025-05-06 18:11:58.246621,2025-05-06 18:11:58.246621
160358,137,1995-08-09,23,0,20,,26,15:00,3,7.2,10,11:00,83,,,,,2025-05-06 18:11:58.267565,2025-05-06 18:11:58.267565
160365,137,1995-08-10,22.5,0,19,,26,14:00,9,8.6,15,21:40,82,,,,,2025-05-06 18:11:58.289051,2025-05-06 18:11:58.289051
160372,137,1995-08-11,22.5,0,19,03:00,26,16:00,9,15.8,21.1,03:30,86,,,,,2025-05-06 18:11:58.308333,2025-05-06 18:11:58.308333
160379,137,1995-08-12,25.5,0,19,06:00,32,19:00,9,10.3,18.1,18:30,76,,,,,2025-05-06 18:11:58.331348,2025-05-06 18:11:58.331348
160386,137,1995-08-13,29,0,25,,33,15:00,9,15.6,23.9,08:00,64,,,,,2025-05-06 18:11:58.352758,2025-05-06 18:11:58.352758
160393,137,1995-08-14,32,0,30,,34,14:00,9,15,18.9,17:55,64,,,,,2025-05-06 18:11:58.374273,2025-05-06 18:11:58.374273
160400,137,1995-08-15,25.5,0,21,06:00,30,01:00,3,8.9,15,14:20,86,,,,,2025-05-06 18:11:58.392179,2025-05-06 18:11:58.392179
160407,137,1995-08-16,23.5,0,20,,27,16:00,3,5,10,13:30,88,,,,,2025-05-06 18:11:58.415776,2025-05-06 18:11:58.415776
160414,137,1995-08-17,22,0,19,06:00,25,11:00,30,3.9,11.9,23:40,85,,,,,2025-05-06 18:11:58.435364,2025-05-06 18:11:58.435364
160421,137,1995-08-18,28,0,26,,30,14:00,27,6.1,11.1,19:20,74,,,,,2025-05-06 18:11:58.457286,2025-05-06 18:11:58.457286
160428,137,1995-08-19,28.5,0,23,,34,14:00,9,6.7,18.9,14:55,60,,,,,2025-05-06 18:11:58.478360,2025-05-06 18:11:58.478360
160435,137,1995-08-20,29.5,0,27,20:00,32,14:00,9,11.1,18.1,12:25,69,,,,,2025-05-06 18:11:58.498945,2025-05-06 18:11:58.498945
160442,137,1995-08-21,25,0,23,,27,16:00,9,13.9,21.1,06:40,73,,,,,2025-05-06 18:11:58.520617,2025-05-06 18:11:58.520617
160449,137,1995-08-22,23,0,19,,27,14:00,9,8.6,13.1,02:20,85,,,,,2025-05-06 18:11:58.541160,2025-05-06 18:11:58.541160
160463,137,1995-08-24,22.5,0,19,06:00,26,14:00,3,11.4,16.1,06:25,88,,,,,2025-05-06 18:11:58.587182,2025-05-06 18:11:58.587182
160470,137,1995-08-25,22,0,19,05:00,25,16:00,9,10,13.1,16:00,85,,,,,2025-05-06 18:11:58.608340,2025-05-06 18:11:58.608340
160477,137,1995-08-26,22,0,18,04:00,26,16:00,3,7.2,15,13:40,85,,,,,2025-05-06 18:11:58.631485,2025-05-06 18:11:58.631485
160484,137,1995-08-27,23,0,19,,27,16:00,3,6.9,11.1,13:55,86,,,,,2025-05-06 18:11:58.652200,2025-05-06 18:11:58.652200
160491,137,1995-08-28,22.5,0,18,06:00,27,13:00,3,5.8,11.1,13:30,83,,,,,2025-05-06 18:11:58.673353,2025-05-06 18:11:58.673353
160498,137,1995-08-29,22,0,18,06:00,26,14:00,36,3.9,8.9,17:30,85,,,,,2025-05-06 18:11:58.695054,2025-05-06 18:11:58.695054
160505,137,1995-08-30,22.5,0,18,06:00,27,16:00,3,8.6,11.1,13:30,86,,,,,2025-05-06 18:11:58.717311,2025-05-06 18:11:58.717311
160512,137,1995-08-31,22.5,0,18,06:00,27,14:00,9,9.4,13.9,06:05,81,,,,,2025-05-06 18:11:58.738726,2025-05-06 18:11:58.738726
160519,137,1995-09-01,22,0,18,06:00,26,16:00,3,7.8,10,13:00,85,,,,,2025-05-06 18:11:58.761296,2025-05-06 18:11:58.761296
160526,137,1995-09-02,21.5,0,18,,25,14:00,9,6.9,18.1,06:40,88,,,,,2025-05-06 18:11:58.782772,2025-05-06 18:11:58.782772
160533,137,1995-09-03,22,0,18,,26,15:00,6,5.6,11.1,09:55,79,,,,,2025-05-06 18:11:58.805584,2025-05-06 18:11:58.805584
160540,137,1995-09-04,23,0,19,06:00,27,16:00,3,6.7,11.1,15:00,83,,,,,2025-05-06 18:11:58.825649,2025-05-06 18:11:58.825649
160547,137,1995-09-05,23,0,19,06:00,27,16:00,3,6.7,10,12:20,77,,,,,2025-05-06 18:11:58.847663,2025-05-06 18:11:58.847663
160554,137,1995-09-06,22.5,0,19,06:00,26,16:00,3,6.4,11.1,11:20,77,,,,,2025-05-06 18:11:58.868963,2025-05-06 18:11:58.868963
160561,137,1995-09-07,23.5,0,20,,27,17:00,3,8.6,13.1,14:40,75,,,,,2025-05-06 18:11:58.894108,2025-05-06 18:11:58.894108
160568,137,1995-09-08,23.5,0,19,02:00,28,14:00,9,11.1,16.9,05:20,65,,,,,2025-05-06 18:11:58.915960,2025-05-06 18:11:58.915960
160575,137,1995-09-09,23,0,20,,26,16:00,9,10.3,18.1,02:00,79,,,,,2025-05-06 18:11:58.936720,2025-05-06 18:11:58.936720
160582,137,1995-09-10,23.5,0,20,,27,16:00,9,11.9,18.1,21:00,75,,,,,2025-05-06 18:11:58.958880,2025-05-06 18:11:58.958880
160589,137,1995-09-11,23.5,0,19,06:00,28,16:00,9,10.6,16.9,17:50,70,,,,,2025-05-06 18:11:58.981050,2025-05-06 18:11:58.981050
160596,137,1995-09-12,23.5,0,20,05:00,27,16:00,9,6.7,21.9,00:20,75,,,,,2025-05-06 18:11:59.002099,2025-05-06 18:11:59.002099
160603,137,1995-09-13,24,0,20,,28,16:00,9,20.8,26.1,07:40,83,,,,,2025-05-06 18:11:59.024301,2025-05-06 18:11:59.024301
160610,137,1995-09-14,23.5,0,19,03:00,28,17:00,9,10.8,21.1,08:30,75,,,,,2025-05-06 18:11:59.046991,2025-05-06 18:11:59.046991
160617,137,1995-09-15,22,0,19,,25,15:00,3,8.9,13.9,04:00,82,,,,,2025-05-06 18:11:59.071180,2025-05-06 18:11:59.071180
160624,137,1995-09-16,22,0,19,,25,16:00,6,9.7,15,02:40,76,,,,,2025-05-06 18:11:59.094523,2025-05-06 18:11:59.094523
160631,137,1995-09-17,22.5,0,19,,26,14:00,9,7.2,11.9,07:00,76,,,,,2025-05-06 18:11:59.116178,2025-05-06 18:11:59.116178
160638,137,1995-09-18,22,0,19,,25,16:00,36,5.3,11.9,13:30,76,,,,,2025-05-06 18:11:59.141521,2025-05-06 18:11:59.141521
160645,137,1995-09-19,21,0,18,02:00,24,15:00,3,8.1,13.1,18:20,71,,,,,2025-05-06 18:11:59.161955,2025-05-06 18:11:59.161955
160652,137,1995-09-20,21,0,18,06:00,24,14:00,6,9.7,13.9,14:00,73,,,,,2025-05-06 18:11:59.184267,2025-05-06 18:11:59.184267
160659,137,1995-09-21,21.5,0,18,06:00,25,16:00,9,11.1,15,04:45,73,,,,,2025-05-06 18:11:59.206386,2025-05-06 18:11:59.206386
160666,137,1995-09-22,22,0,18,05:00,26,15:00,9,10,15,07:10,71,,,,,2025-05-06 18:11:59.226969,2025-05-06 18:11:59.226969
160673,137,1995-09-23,22,0,19,06:00,25,15:00,3,6.7,10,15:00,73,,,,,2025-05-06 18:11:59.250353,2025-05-06 18:11:59.250353
160680,137,1995-09-24,21.5,0,18,,25,16:00,9,1.9,8.9,09:45,70,,,,,2025-05-06 18:11:59.273166,2025-05-06 18:11:59.273166
160687,137,1995-09-25,20,0,17,06:00,23,14:00,3,6.9,13.9,15:40,81,,,,,2025-05-06 18:11:59.295861,2025-05-06 18:11:59.295861
160694,137,1995-09-26,22,0,18,,26,14:00,9,15.6,20,16:55,73,,,,,2025-05-06 18:11:59.318294,2025-05-06 18:11:59.318294
160701,137,1995-09-27,29,0,26,,32,14:00,9,11.4,20,04:40,50,,,,,2025-05-06 18:11:59.338671,2025-05-06 18:11:59.338671
160708,137,1995-09-28,27,0,24,12:00,30,08:00,9,6.4,21.9,02:55,60,,,,,2025-05-06 18:11:59.361786,2025-05-06 18:11:59.361786
160715,137,1995-09-29,25.5,0,23,,28,12:00,3,2.2,6.9,15:55,66,,,,,2025-05-06 18:11:59.385963,2025-05-06 18:11:59.385963
160722,137,1995-09-30,24,3,20,,28,16:00,3,5.3,10,14:40,66,,,,,2025-05-06 18:11:59.405147,2025-05-06 18:11:59.405147
160729,137,1995-10-01,21.5,0,18,,25,16:00,0,,,,82,,,,,2025-05-06 18:11:59.426673,2025-05-06 18:11:59.426673
160736,137,1995-10-02,21.5,0,17,06:00,26,16:00,0,,,,71,,,,,2025-05-06 18:11:59.447501,2025-05-06 18:11:59.447501
160743,137,1995-10-03,22,0,19,06:00,25,15:00,0,,,,79,,,,,2025-05-06 18:11:59.470496,2025-05-06 18:11:59.470496
160750,137,1995-10-04,21.5,0,18,,25,14:00,0,,,,76,,,,,2025-05-06 18:11:59.493747,2025-05-06 18:11:59.493747
160757,137,1995-10-05,21.5,0,18,06:00,25,14:00,0,,,,77,,,,,2025-05-06 18:11:59.516958,2025-05-06 18:11:59.516958
160764,137,1995-10-06,21,0,18,,24,14:00,0,,,,79,,,,,2025-05-06 18:11:59.539123,2025-05-06 18:11:59.539123
160771,137,1995-10-07,20,0,15,06:00,25,15:00,0,,,,82,,,,,2025-05-06 18:11:59.560797,2025-05-06 18:11:59.560797
160778,137,1995-10-08,23,0,17,02:00,29,11:00,0,,,,62,,,,,2025-05-06 18:11:59.582206,2025-05-06 18:11:59.582206
160785,137,1995-10-09,28,0,23,04:00,33,16:00,0,,,,55,,,,,2025-05-06 18:11:59.603444,2025-05-06 18:11:59.603444
160792,137,1995-10-10,25.5,0,21,,30,12:00,0,,,,69,,,,,2025-05-06 18:11:59.623283,2025-05-06 18:11:59.623283
160799,137,1995-10-11,21,0,17,06:00,25,14:00,0,,,,76,,,,,2025-05-06 18:11:59.647262,2025-05-06 18:11:59.647262
160806,137,1995-10-12,21,0,18,,24,14:00,0,,,,76,,,,,2025-05-06 18:11:59.669570,2025-05-06 18:11:59.669570
160813,137,1995-10-13,21.5,0,18,04:00,25,14:00,0,,,,74,,,,,2025-05-06 18:11:59.694237,2025-05-06 18:11:59.694237
160820,137,1995-10-14,23,0,19,04:00,27,14:00,0,,,,77,,,,,2025-05-06 18:11:59.716311,2025-05-06 18:11:59.716311
160827,137,1995-10-15,23,0,19,03:00,27,14:00,0,,,,67,,,,,2025-05-06 18:11:59.738130,2025-05-06 18:11:59.738130
160834,137,1995-10-16,21,0,17,,25,14:00,0,,,,82,,,,,2025-05-06 18:11:59.759427,2025-05-06 18:11:59.759427
160841,137,1995-10-17,20.5,0,16,05:00,25,16:00,0,,,,79,,,,,2025-05-06 18:11:59.783355,2025-05-06 18:11:59.783355
160848,137,1995-10-18,27.5,0,22,02:00,33,16:00,0,,,,54,,,,,2025-05-06 18:11:59.855239,2025-05-06 18:11:59.855239
160855,137,1995-10-19,30.5,0,28,06:00,33,15:00,0,,,,36,,,,,2025-05-06 18:11:59.880412,2025-05-06 18:11:59.880412
160862,137,1995-10-20,24,0,19,,29,01:00,0,,,,67,,,,,2025-05-06 18:11:59.906571,2025-05-06 18:11:59.906571
160869,137,1995-10-21,22,0,17,04:00,27,16:00,0,,,,72,,,,,2025-05-06 18:11:59.925544,2025-05-06 18:11:59.925544
160876,137,1995-10-22,20.5,0,16,06:00,25,16:00,0,,,,73,,,,,2025-05-06 18:11:59.948195,2025-05-06 18:11:59.948195
160883,137,1995-10-23,21,0,16,06:00,26,14:00,0,,,,77,,,,,2025-05-06 18:11:59.969711,2025-05-06 18:11:59.969711
160890,137,1995-10-24,21.5,0,16,06:00,27,16:00,0,,,,62,,,,,2025-05-06 18:11:59.992354,2025-05-06 18:11:59.992354
160897,137,1995-10-25,24.5,0,20,05:00,29,16:00,0,,,,49,,,,,2025-05-06 18:12:00.015851,2025-05-06 18:12:00.015851
160904,137,1995-10-26,23.5,0,20,06:00,27,15:00,0,,,,78,,,,,2025-05-06 18:12:00.038091,2025-05-06 18:12:00.038091
160911,137,1995-10-27,25.5,0,20,,31,16:00,0,,,,69,,,,,2025-05-06 18:12:00.061276,2025-05-06 18:12:00.061276
160918,137,1995-10-28,26,0,22,09:00,30,16:00,0,,,,50,,,,,2025-05-06 18:14:25.434296,2025-05-06 18:14:25.434296
160925,137,1995-10-29,25,0,21,06:00,29,16:00,0,,,,58,,,,,2025-05-06 18:14:25.456826,2025-05-06 18:14:25.456826
160932,137,1995-10-30,25,0,22,,28,16:00,0,,,,66,,,,,2025-05-06 18:14:25.478994,2025-05-06 18:14:25.478994
160939,137,1995-10-31,22.5,0,20,,25,16:00,0,,,,77,,,,,2025-05-06 18:14:25.500680,2025-05-06 18:14:25.500680
160946,137,1995-11-01,23,0,20,,26,14:00,0,,,,69,,,,,2025-05-06 18:14:25.522853,2025-05-06 18:14:25.522853
160953,137,1995-11-02,21,0,17,,25,16:00,0,,,,71,,,,,2025-05-06 18:14:25.548260,2025-05-06 18:14:25.548260
160960,137,1995-11-03,21.5,0,18,,25,15:00,0,,,,74,,,,,2025-05-06 18:14:25.572433,2025-05-06 18:14:25.572433
160967,137,1995-11-04,21,0,17,06:00,25,16:00,0,,,,73,,,,,2025-05-06 18:14:25.592784,2025-05-06 18:14:25.592784
160974,137,1995-11-05,20.5,0,17,06:00,24,11:00,0,,,,76,,,,,2025-05-06 18:14:25.613193,2025-05-06 18:14:25.613193
160981,137,1995-11-06,20.5,0,17,06:00,24,14:00,0,,,,76,,,,,2025-05-06 18:14:25.655185,2025-05-06 18:14:25.655185
160988,137,1995-11-07,20.5,0,17,06:00,24,15:00,0,,,,81,,,,,2025-05-06 18:14:25.677210,2025-05-06 18:14:25.677210
160995,137,1995-11-08,20,0,16,06:00,24,15:00,0,,,,78,,,,,2025-05-06 18:14:25.711950,2025-05-06 18:14:25.711950
161002,137,1995-11-09,20,0,17,,23,14:00,0,,,,87,,,,,2025-05-06 18:14:25.731946,2025-05-06 18:14:25.731946
161009,137,1995-11-10,20,0,17,,23,15:00,0,,,,87,,,,,2025-05-06 18:14:25.753994,2025-05-06 18:14:25.753994
161016,137,1995-11-11,20,0,17,05:00,23,16:00,0,,,,82,,,,,2025-05-06 18:14:25.777156,2025-05-06 18:14:25.777156
161023,137,1995-11-12,19,0,16,04:00,22,14:00,0,,,,84,,,,,2025-05-06 18:14:25.807266,2025-05-06 18:14:25.807266
161030,137,1995-11-13,19,0,15,,23,16:00,0,,,,77,,,,,2025-05-06 18:14:25.828216,2025-05-06 18:14:25.828216
161037,137,1995-11-14,18.5,0,15,,22,16:00,0,,,,83,,,,,2025-05-06 18:14:25.852635,2025-05-06 18:14:25.852635
161044,137,1995-11-15,18,0,15,,21,14:00,0,,,,90,,,,,2025-05-06 18:14:25.875764,2025-05-06 18:14:25.875764
161051,137,1995-11-16,24,0,18,02:00,30,15:00,0,,,,54,,,,,2025-05-06 18:14:25.899744,2025-05-06 18:14:25.899744
161058,137,1995-11-17,26,0,22,,30,14:00,0,,,,55,,,,,2025-05-06 18:14:25.921653,2025-05-06 18:14:25.921653
161065,137,1995-11-18,25,0,20,,30,14:00,0,,,,52,,,,,2025-05-06 18:14:25.941750,2025-05-06 18:14:25.941750
161072,137,1995-11-19,27,0,22,02:00,32,15:00,0,,,,30,,,,,2025-05-06 18:14:25.964240,2025-05-06 18:14:25.964240
161079,137,1995-11-20,23,0,20,,26,14:00,0,,,,74,,,,,2025-05-06 18:14:25.987288,2025-05-06 18:14:25.987288
161086,137,1995-11-21,21.5,0,17,04:00,26,14:00,0,,,,82,,,,,2025-05-06 18:14:26.023939,2025-05-06 18:14:26.023939
161093,137,1995-11-22,25.5,0,20,18:00,31,14:00,0,,,,59,,,,,2025-05-06 18:14:26.044919,2025-05-06 18:14:26.044919
161100,137,1995-11-23,21.5,0,18,19:00,25,14:00,0,,,,78,,,,,2025-05-06 18:14:26.067304,2025-05-06 18:14:26.067304
161107,137,1995-11-24,19,0,18,,20,14:00,0,,,,81,,,,,2025-05-06 18:14:26.089254,2025-05-06 18:14:26.089254
161114,137,1995-11-25,18,11,16,,20,14:00,0,,,,86,,,,,2025-05-06 18:14:26.114110,2025-05-06 18:14:26.114110
161121,137,1995-11-26,17,0,14,,20,12:00,0,,,,83,,,,,2025-05-06 18:14:26.134635,2025-05-06 18:14:26.134635
161128,137,1995-11-27,17,0,14,,20,14:00,0,,,,83,,,,,2025-05-06 18:14:26.159016,2025-05-06 18:14:26.159016
161135,137,1995-11-28,14.5,39.4,11,11:00,18,15:00,0,,,,75,,,,,2025-05-06 18:14:26.181698,2025-05-06 18:14:26.181698
161142,137,1995-11-29,17,0,12,06:00,22,15:00,0,,,,77,,,,,2025-05-06 18:14:26.204484,2025-05-06 18:14:26.204484
161149,137,1995-11-30,16.5,0,12,05:00,21,14:00,0,,,,80,,,,,2025-05-06 18:14:26.228170,2025-05-06 18:14:26.228170
161155,137,1995-12-01,17.5,0,15,06:00,20,14:00,0,,,,80,,,,,2025-05-06 18:14:26.246627,2025-05-06 18:14:26.246627
161167,137,1995-12-03,18,0,15,06:00,21,11:00,0,,,,77,,,,,2025-05-06 18:14:26.287170,2025-05-06 18:14:26.287170
161173,137,1995-12-04,17.5,0,15,05:00,20,16:00,0,,,,83,,,,,2025-05-06 18:14:26.307109,2025-05-06 18:14:26.307109
161179,137,1995-12-05,17,4.6,15,06:00,19,14:00,0,,,,79,,,,,2025-05-06 18:14:26.325150,2025-05-06 18:14:26.325150
161185,137,1995-12-06,17,8,14,06:00,20,14:00,0,,,,73,,,,,2025-05-06 18:14:26.352570,2025-05-06 18:14:26.352570
161191,137,1995-12-07,16,11.6,14,05:00,18,15:00,0,,,,79,,,,,2025-05-06 18:14:26.381428,2025-05-06 18:14:26.381428
161197,137,1995-12-08,14.5,3.7,13,04:00,16,15:00,0,,,,93,,,,,2025-05-06 18:14:26.401800,2025-05-06 18:14:26.401800
161203,137,1995-12-09,15,3.1,13,05:00,17,16:00,0,,,,85,,,,,2025-05-06 18:14:26.419162,2025-05-06 18:14:26.419162
161209,137,1995-12-10,15.5,0,13,06:00,18,16:00,0,,,,79,,,,,2025-05-06 18:14:26.438378,2025-05-06 18:14:26.438378
161215,137,1995-12-11,15.5,0,12,05:00,19,16:00,0,,,,85,,,,,2025-05-06 18:14:26.460101,2025-05-06 18:14:26.460101
161221,137,1995-12-12,15.5,0,13,06:00,18,16:00,0,,,,86,,,,,2025-05-06 18:14:26.478484,2025-05-06 18:14:26.478484
161233,137,1995-12-14,17,2,13,04:00,21,16:00,0,,,,73,,,,,2025-05-06 18:14:26.518440,2025-05-06 18:14:26.518440
161239,137,1995-12-15,17,18.5,15,,19,16:00,0,,,,86,,,,,2025-05-06 18:14:26.537383,2025-05-06 18:14:26.537383
161245,137,1995-12-16,17,0,14,,20,16:00,25,1.4,6.9,11:24,83,,,,,2025-05-06 18:14:26.556151,2025-05-06 18:14:26.556151
161251,137,1995-12-17,17.5,0,14,05:00,21,14:00,17,1.4,10.3,21:34,68,,,,,2025-05-06 18:14:26.575657,2025-05-06 18:14:26.575657
161257,137,1995-12-18,20.5,0,17,,24,14:00,99,3.6,13.6,,75,,,,,2025-05-06 18:14:26.597151,2025-05-06 18:14:26.597151
161263,137,1995-12-19,18.5,0,15,06:00,22,16:00,27,1.4,6.1,13:24,83,,,,,2025-05-06 18:14:26.615472,2025-05-06 18:14:26.615472
161269,137,1995-12-20,18,0,15,,21,16:00,1,0.8,4.4,14:38,84,,,,,2025-05-06 18:14:26.631987,2025-05-06 18:14:26.631987
161275,137,1995-12-21,20,0,15,06:00,25,14:00,22,2.5,11.1,13:18,65,,,,,2025-05-06 18:14:26.652949,2025-05-06 18:14:26.652949
161281,137,1995-12-22,20,0,17,06:00,23,14:00,0,,,,73,,,,,2025-05-06 18:14:26.669925,2025-05-06 18:14:26.669925
161287,137,1995-12-23,18.5,0,15,06:00,22,12:00,0,,,,68,,,,,2025-05-06 18:14:26.687134,2025-05-06 18:14:26.687134
161305,137,1995-12-26,17.5,0,15,,20,14:00,14,1.1,3.9,06:32,87,,,,,2025-05-06 18:14:26.744132,2025-05-06 18:14:26.744132
161311,137,1995-12-27,17,0,14,06:00,20,16:00,8,0.8,6.4,21:58,90,,,,,2025-05-06 18:14:26.775866,2025-05-06 18:14:26.775866
161317,137,1995-12-28,18,0,15,,21,16:00,5,0.8,6.4,00:08,87,,,,,2025-05-06 18:14:26.793185,2025-05-06 18:14:26.793185
161323,137,1995-12-29,17.5,0,15,,20,16:00,0,1.4,,,93,,,,,2025-05-06 18:14:26.811145,2025-05-06 18:14:26.811145
161329,137,1995-12-30,17.5,0,14,06:00,21,14:00,0,,,,90,,,,,2025-05-06 18:14:26.828546,2025-05-06 18:14:26.828546
161335,137,1995-12-31,17,0,14,06:00,20,16:00,0,,,,90,,,,,2025-05-06 18:14:26.844862,2025-05-06 18:14:26.844862
161342,137,1996-01-01,17.5,0,15,,20,14:00,0,,,,89,,,,,2025-05-06 18:14:26.866960,2025-05-06 18:14:26.866960
161349,137,1996-01-02,16.5,0,13,04:00,20,16:00,0,,,,90,,,,,2025-05-06 18:14:26.889257,2025-05-06 18:14:26.889257
161356,137,1996-01-03,18.5,0,15,06:00,22,14:00,0,,,,81,,,,,2025-05-06 18:14:26.914508,2025-05-06 18:14:26.914508
161363,137,1996-01-04,19,0,16,06:00,22,14:00,0,,,,72,,,,,2025-05-06 18:14:26.936487,2025-05-06 18:14:26.936487
161370,137,1996-01-05,17,0,14,06:00,20,14:00,0,,,,90,,,,,2025-05-06 18:14:26.958499,2025-05-06 18:14:26.958499
161377,137,1996-01-06,18,0,14,06:00,22,14:00,0,,,,81,,,,,2025-05-06 18:14:26.982498,2025-05-06 18:14:26.982498
161384,137,1996-01-07,19,0,16,05:00,22,15:00,0,,,,78,,,,,2025-05-06 18:14:27.005070,2025-05-06 18:14:27.005070
161391,137,1996-01-08,18.5,0,14,06:00,23,15:00,0,,,,72,,,,,2025-05-06 18:14:27.024932,2025-05-06 18:14:27.024932
161398,137,1996-01-09,17.5,0,15,,20,16:00,0,,,,83,,,,,2025-05-06 18:14:27.048193,2025-05-06 18:14:27.048193
161405,137,1996-01-10,16,0,13,06:00,19,14:00,0,,,,82,,,,,2025-05-06 18:14:27.070523,2025-05-06 18:14:27.070523
161412,137,1996-01-11,16,2.2,13,06:00,19,14:00,9,1.9,6.4,03:08,89,,,,,2025-05-06 18:14:27.093799,2025-05-06 18:14:27.093799
161419,137,1996-01-12,15.5,0,12,05:00,19,14:00,5,5.3,15,18:10,89,,,,,2025-05-06 18:14:27.132412,2025-05-06 18:14:27.132412
161426,137,1996-01-13,14.5,0,11,06:00,18,15:00,0,,,,82,,,,,2025-05-06 18:14:27.155495,2025-05-06 18:14:27.155495
161433,137,1996-01-14,14.5,17.9,10,06:00,19,14:00,0,2.5,,,86,,,,,2025-05-06 18:14:27.179624,2025-05-06 18:14:27.179624
161440,137,1996-01-15,13,17.5,11,05:00,15,16:00,33,1.7,10.8,12:38,88,,,,,2025-05-06 18:14:27.200809,2025-05-06 18:14:27.200809
161447,137,1996-01-16,14,7.5,10,06:00,18,16:00,3,2.5,6.7,02:44,75,,,,,2025-05-06 18:14:27.223001,2025-05-06 18:14:27.223001
161454,137,1996-01-17,14.5,0,11,06:00,18,16:00,10,3.3,8.9,03:50,79,,,,,2025-05-06 18:14:27.244158,2025-05-06 18:14:27.244158
161461,137,1996-01-18,15.5,0,13,04:00,18,14:00,35,1.9,5.8,14:58,78,,,,,2025-05-06 18:14:27.268204,2025-05-06 18:14:27.268204
161468,137,1996-01-19,14.5,35,12,,17,14:00,99,2.5,11.1,,85,,,,,2025-05-06 18:14:27.290769,2025-05-06 18:14:27.290769
161475,137,1996-01-20,13,5,10,04:00,16,16:00,24,2.8,13.6,22:42,84,,,,,2025-05-06 18:14:27.315122,2025-05-06 18:14:27.315122
161482,137,1996-01-21,14.5,1.5,10,04:00,19,15:00,20,11.7,25,16:45,73,,,,,2025-05-06 18:14:27.337054,2025-05-06 18:14:27.337054
161489,137,1996-01-22,14.5,0,10,02:00,19,14:00,22,12.2,26.1,,79,,,,,2025-05-06 18:14:27.367749,2025-05-06 18:14:27.367749
161496,137,1996-01-23,15,0,12,06:00,18,14:00,20,2.8,6.9,09:20,85,,,,,2025-05-06 18:14:27.395042,2025-05-06 18:14:27.395042
161503,137,1996-01-24,14,0,11,06:00,17,14:00,36,3.9,11.9,20:50,81,,,,,2025-05-06 18:14:27.420934,2025-05-06 18:14:27.420934
161510,137,1996-01-25,14.5,0,11,06:00,18,16:00,34,3.3,10,01:00,82,,,,,2025-05-06 18:14:27.448686,2025-05-06 18:14:27.448686
161517,137,1996-01-26,16,0,12,06:00,20,16:00,24,3.1,23.1,22:45,82,,,,,2025-05-06 18:14:27.548448,2025-05-06 18:14:27.548448
161524,137,1996-01-27,14.5,0,12,06:00,17,14:00,24,13.1,25.8,03:00,65,,,,,2025-05-06 18:14:27.590627,2025-05-06 18:14:27.590627
161531,137,1996-01-28,16,2.5,14,06:00,18,16:00,21,8.3,16.9,13:45,69,,,,,2025-05-06 18:14:27.619653,2025-05-06 18:14:27.619653
161538,137,1996-01-29,15.5,0,12,05:00,19,14:00,3,1.1,10,14:45,82,,,,,2025-05-06 18:14:27.638602,2025-05-06 18:14:27.638602
161545,137,1996-01-30,19,0,14,01:00,24,15:00,24,16.7,31.9,17:00,71,,,,,2025-05-06 18:14:27.658022,2025-05-06 18:14:27.658022
161552,137,1996-01-31,16.5,5,14,19:00,19,12:00,23,4.4,23.1,02:55,72,,,,,2025-05-06 18:14:27.679192,2025-05-06 18:14:27.679192
161559,137,1996-02-01,14.5,0,12,06:00,17,12:00,1,5.3,8.1,19:00,75,,,,,2025-05-06 18:14:27.699490,2025-05-06 18:14:27.699490
161566,137,1996-02-02,14.5,39.6,11,06:00,18,10:00,25,1.4,15,23:05,81,,,,,2025-05-06 18:14:27.722450,2025-05-06 18:14:27.722450
161572,137,1996-02-03,13,2.6,10,02:00,16,15:00,20,5,10,07:40,81,,,,,2025-05-06 18:14:27.739613,2025-05-06 18:14:27.739613
161578,137,1996-02-04,13.5,0,10,05:00,17,12:00,2,5,10,15:20,74,,,,,2025-05-06 18:14:27.759744,2025-05-06 18:14:27.759744
161585,137,1996-02-05,14.5,0,12,,17,14:00,8,7.2,13.9,09:40,78,,,,,2025-05-06 18:14:27.782238,2025-05-06 18:14:27.782238
161592,137,1996-02-06,15,0,13,06:00,17,14:00,8,9.4,18.9,06:10,78,,,,,2025-05-06 18:14:27.803201,2025-05-06 18:14:27.803201
161599,137,1996-02-07,14.5,0,13,06:00,16,14:00,3,6.9,13.9,16:50,85,,,,,2025-05-06 18:14:27.825519,2025-05-06 18:14:27.825519
161606,137,1996-02-08,16,0,14,,18,17:00,3,8.9,16.1,02:50,79,,,,,2025-05-06 18:14:27.846134,2025-05-06 18:14:27.846134
161613,137,1996-02-09,16,0,14,,18,14:00,1,3.6,11.1,20:50,89,,,,,2025-05-06 18:14:27.869551,2025-05-06 18:14:27.869551
161620,137,1996-02-10,15.5,6,14,,17,16:00,5,8.1,16.1,22:00,89,,,,,2025-05-06 18:14:27.909429,2025-05-06 18:14:27.909429
161627,137,1996-02-11,13.5,0,12,06:00,15,14:00,4,11.4,15,07:00,81,,,,,2025-05-06 18:14:27.930785,2025-05-06 18:14:27.930785
161633,137,1996-02-12,14,0,12,,16,15:00,6,10.8,16.1,13:30,85,,,,,2025-05-06 18:14:27.949436,2025-05-06 18:14:27.949436
161640,137,1996-02-13,14.5,0,13,,16,14:00,7,8.9,18.1,11:55,78,,,,,2025-05-06 18:14:27.974983,2025-05-06 18:14:27.974983
161647,137,1996-02-14,14.5,2.7,12,,17,12:00,35,2.2,13.9,21:40,77,,,,,2025-05-06 18:14:27.996559,2025-05-06 18:14:27.996559
161654,137,1996-02-15,14,0,11,06:00,17,14:00,36,2.5,11.1,09:06,77,,,,,2025-05-06 18:14:28.019414,2025-05-06 18:14:28.019414
161661,137,1996-02-16,13,0,9,05:00,17,16:00,25,0,10,14:10,81,,,,,2025-05-06 18:14:28.040739,2025-05-06 18:14:28.040739
161668,137,1996-02-17,15,0,10,06:00,20,15:00,2,1.4,11.9,12:05,85,,,,,2025-05-06 18:14:28.061669,2025-05-06 18:14:28.061669
161675,137,1996-02-18,15,0,10,06:00,20,14:00,3,0.6,10,14:00,79,,,,,2025-05-06 18:14:28.086342,2025-05-06 18:14:28.086342
161682,137,1996-02-19,17.5,0,13,06:00,22,14:00,7,1.1,6.9,15:30,77,,,,,2025-05-06 18:14:28.107629,2025-05-06 18:14:28.107629
161689,137,1996-02-20,18.5,0,15,,22,14:00,31,1.9,3.9,14:00,77,,,,,2025-05-06 18:14:28.130100,2025-05-06 18:14:28.130100
161696,137,1996-02-21,17.5,0,14,06:00,21,11:00,8,2.2,20,23:05,86,,,,,2025-05-06 18:14:28.153899,2025-05-06 18:14:28.153899
161703,137,1996-02-22,16,0,14,05:00,18,16:00,8,5,20,00:00,86,,,,,2025-05-06 18:14:28.176865,2025-05-06 18:14:28.176865
161710,137,1996-02-23,17,0,13,06:00,21,14:00,8,2.5,13.1,21:00,81,,,,,2025-05-06 18:14:28.200521,2025-05-06 18:14:28.200521
161717,137,1996-02-24,13,4.3,10,06:00,16,16:00,1,4.4,10,15:30,85,,,,,2025-05-06 18:14:28.223999,2025-05-06 18:14:28.223999
161724,137,1996-02-25,13.5,0,10,02:00,17,12:00,2,3.9,8.1,23:10,78,,,,,2025-05-06 18:14:28.261777,2025-05-06 18:14:28.261777
161731,137,1996-02-26,14,0,11,,17,16:00,9,8.1,13.1,19:25,88,,,,,2025-05-06 18:14:28.284104,2025-05-06 18:14:28.284104
161738,137,1996-02-27,14.5,0,12,,17,16:00,5,8.1,11.9,17:10,74,,,,,2025-05-06 18:14:28.303936,2025-05-06 18:14:28.303936
161745,137,1996-02-28,14,0,12,06:00,16,15:00,3,6.9,15,14:35,81,,,,,2025-05-06 18:14:28.325788,2025-05-06 18:14:28.325788
161752,137,1996-02-29,17,0,14,,20,15:00,6,8.6,13.1,06:15,72,,,,,2025-05-06 18:14:28.350486,2025-05-06 18:14:28.350486
161759,137,1996-03-01,15,0,12,,18,14:00,27,3.9,8.1,12:55,81,,,,,2025-05-06 18:14:28.372518,2025-05-06 18:14:28.372518
161766,137,1996-03-02,16.5,0,13,,20,15:00,30,1.4,6.9,12:55,75,,,,,2025-05-06 18:14:28.398579,2025-05-06 18:14:28.398579
161773,137,1996-03-03,15.5,0,12,,19,16:00,36,2.8,6.9,12:40,82,,,,,2025-05-06 18:14:28.420537,2025-05-06 18:14:28.420537
161780,137,1996-03-04,17,14,12,,22,14:00,27,3.6,18.9,20:00,83,,,,,2025-05-06 18:14:28.440895,2025-05-06 18:14:28.440895
161787,137,1996-03-05,16,5.7,12,,20,14:00,18,16.1,23.9,07:45,69,,,,,2025-05-06 18:14:28.464794,2025-05-06 18:14:28.464794
161794,137,1996-03-06,16.5,1.2,14,,19,16:00,27,8.3,21.1,04:40,69,,,,,2025-05-06 18:14:28.489969,2025-05-06 18:14:28.489969
161801,137,1996-03-07,15.5,14.3,13,06:00,18,14:00,36,1.7,6.9,22:00,82,,,,,2025-05-06 18:14:28.513945,2025-05-06 18:14:28.513945
161808,137,1996-03-08,14.5,0,12,06:00,17,12:00,36,6.9,10,13:00,82,,,,,2025-05-06 18:14:28.534558,2025-05-06 18:14:28.534558
161815,137,1996-03-09,15,8.2,11,05:00,19,14:00,30,2.2,6.1,15:00,75,,,,,2025-05-06 18:14:28.557742,2025-05-06 18:14:28.557742
161822,137,1996-03-10,14,4.5,11,05:00,17,15:00,30,5,11.9,21:30,81,,,,,2025-05-06 18:14:28.579657,2025-05-06 18:14:28.579657
161829,137,1996-03-11,11.5,5.2,9,05:00,14,14:00,36,8.9,13.1,23:00,84,,,,,2025-05-06 18:14:28.599088,2025-05-06 18:14:28.599088
161836,137,1996-03-12,13,0,9,02:00,17,12:00,36,6.1,11.1,04:20,78,,,,,2025-05-06 18:14:28.626108,2025-05-06 18:14:28.626108
161843,137,1996-03-13,14,0,12,,16,12:00,30,5.3,8.9,10:20,77,,,,,2025-05-06 18:14:28.663500,2025-05-06 18:14:28.663500
161850,137,1996-03-14,13,0,10,04:00,16,11:00,36,4.7,8.1,09:10,81,,,,,2025-05-06 18:14:28.687631,2025-05-06 18:14:28.687631
161857,137,1996-03-15,15,0,10,06:00,20,16:00,30,1.4,6.1,12:40,81,,,,,2025-05-06 18:14:28.710569,2025-05-06 18:14:28.710569
161864,137,1996-03-16,15,0,11,,19,14:00,0,0,0,,85,,,,,2025-05-06 18:14:28.733591,2025-05-06 18:14:28.733591
161871,137,1996-03-17,15,0,11,05:00,19,14:00,0,0,0,,78,,,,,2025-05-06 18:14:28.757392,2025-05-06 18:14:28.757392
161878,137,1996-03-18,15.5,0,12,,19,12:00,0,0,0,,85,,,,,2025-05-06 18:14:28.778572,2025-05-06 18:14:28.778572
161885,137,1996-03-19,15.5,0,11,05:00,20,14:00,9,1.4,6.9,,72,,,,,2025-05-06 18:14:28.801103,2025-05-06 18:14:28.801103
161892,137,1996-03-20,16,0,12,,20,16:00,27,2.5,5,12:10,79,,,,,2025-05-06 18:14:28.826435,2025-05-06 18:14:28.826435
161899,137,1996-03-21,16,0,11,05:00,21,16:00,30,3.1,6.9,15:40,73,,,,,2025-05-06 18:14:28.849896,2025-05-06 18:14:28.849896
161906,137,1996-03-22,18.5,0,14,05:00,23,16:00,18,9.7,18.9,17:45,62,,,,,2025-05-06 18:14:28.874082,2025-05-06 18:14:28.874082
161913,137,1996-03-23,18.5,6,14,06:00,23,15:00,24,16.9,32.2,12:45,57,,,,,2025-05-06 18:14:28.896585,2025-05-06 18:14:28.896585
161920,137,1996-03-24,17.5,0,13,04:00,22,15:00,27,9.7,18.9,01:20,61,,,,,2025-05-06 18:14:28.916151,2025-05-06 18:14:28.916151
161927,137,1996-03-25,15,0,11,05:00,19,16:00,30,3.3,6.9,17:40,79,,,,,2025-05-06 18:14:28.939539,2025-05-06 18:14:28.939539
161934,137,1996-03-26,15,0,12,03:00,18,14:00,9,6.9,11.9,17:40,81,,,,,2025-05-06 18:14:28.966561,2025-05-06 18:14:28.966561
161941,137,1996-03-27,16,0,12,,20,12:00,12,10.3,18.9,04:45,83,,,,,2025-05-06 18:14:28.994569,2025-05-06 18:14:28.994569
161948,137,1996-03-28,15.5,0,11,06:00,20,14:00,27,2.5,10,14:20,85,,,,,2025-05-06 18:14:29.028068,2025-05-06 18:14:29.028068
161955,137,1996-03-29,18,0,14,05:00,22,14:00,36,4.7,6.9,13:05,70,,,,,2025-05-06 18:14:29.053964,2025-05-06 18:14:29.053964
161962,137,1996-03-30,17.5,0,14,06:00,21,15:00,3,8.1,11.1,12:55,76,,,,,2025-05-06 18:14:29.075651,2025-05-06 18:14:29.075651
161969,137,1996-03-31,17,0,13,06:00,21,16:00,36,9.2,13.1,13:20,86,,,,,2025-05-06 18:14:29.103644,2025-05-06 18:14:29.103644
161983,137,1996-04-02,17,0,14,06:00,20,16:00,3,10.6,16.9,18:05,79,,,,,2025-05-06 18:14:29.148137,2025-05-06 18:14:29.148137
161990,137,1996-04-03,15.5,0,11,06:00,20,11:00,3,8.1,13.1,16:10,80,,,,,2025-05-06 18:14:29.170462,2025-05-06 18:14:29.170462
161997,137,1996-04-04,16,0,12,06:00,20,16:00,36,3.6,6.9,09:45,86,,,,,2025-05-06 18:14:29.190966,2025-05-06 18:14:29.190966
162004,137,1996-04-05,17,1.5,14,,20,16:00,3,3.3,8.1,16:00,83,,,,,2025-05-06 18:14:29.214206,2025-05-06 18:14:29.214206
162011,137,1996-04-06,17,0,14,,20,16:00,6,9.2,15,14:15,79,,,,,2025-05-06 18:14:29.236874,2025-05-06 18:14:29.236874
162018,137,1996-04-07,17,0,14,,20,16:00,6,13.3,18.1,10:00,86,,,,,2025-05-06 18:14:29.260524,2025-05-06 18:14:29.260524
162025,137,1996-04-08,15.5,0,12,05:00,19,14:00,9,11.1,18.1,21:00,86,,,,,2025-05-06 18:14:29.284964,2025-05-06 18:14:29.284964
162032,137,1996-04-09,18,0,14,05:00,22,16:00,9,12.5,21.1,07:30,76,,,,,2025-05-06 18:14:29.307491,2025-05-06 18:14:29.307491
162039,137,1996-04-10,18,0,14,05:00,22,14:00,9,9.7,16.1,06:45,84,,,,,2025-05-06 18:14:29.332418,2025-05-06 18:14:29.332418
162053,137,1996-04-12,15,1.1,13,,17,16:00,6,6.7,15,03:50,81,,,,,2025-05-06 18:14:29.379731,2025-05-06 18:14:29.379731
162060,137,1996-04-13,15,2.5,13,,17,15:00,3,9.7,13.9,17:40,89,,,,,2025-05-06 18:14:29.417565,2025-05-06 18:14:29.417565
162067,137,1996-04-14,17.5,0,15,,20,14:00,6,7.2,13.9,21:45,83,,,,,2025-05-06 18:14:29.443999,2025-05-06 18:14:29.443999
162074,137,1996-04-15,18,0,15,,21,14:00,9,9.7,18.1,00:45,80,,,,,2025-05-06 18:14:29.466872,2025-05-06 18:14:29.466872
162081,137,1996-04-16,16.5,0,13,06:00,20,15:00,3,9.4,13.1,20:10,79,,,,,2025-05-06 18:14:29.489883,2025-05-06 18:14:29.489883
162088,137,1996-04-17,16.5,0,13,05:00,20,16:00,6,9.7,20,10:15,86,,,,,2025-05-06 18:14:29.510968,2025-05-06 18:14:29.510968
162095,137,1996-04-18,17,0,14,06:00,20,14:00,6,6.4,11.9,11:15,83,,,,,2025-05-06 18:14:29.533628,2025-05-06 18:14:29.533628
162102,137,1996-04-19,15.5,0,13,,18,16:00,3,3.6,6.9,11:40,86,,,,,2025-05-06 18:14:29.555114,2025-05-06 18:14:29.555114
162109,137,1996-04-20,16.5,0,13,06:00,20,14:00,30,2.2,13.1,11:30,76,,,,,2025-05-06 18:14:29.579131,2025-05-06 18:14:29.579131
162116,137,1996-04-21,17.5,0,13,,22,16:00,30,3.3,6.9,17:40,74,,,,,2025-05-06 18:14:29.601941,2025-05-06 18:14:29.601941
162123,137,1996-04-22,16.5,0,14,,19,14:00,9,3.9,8.9,22:40,76,,,,,2025-05-06 18:14:29.625766,2025-05-06 18:14:29.625766
162130,137,1996-04-23,17,0,14,,20,15:00,9,2.2,10,00:20,76,,,,,2025-05-06 18:14:29.657314,2025-05-06 18:14:29.657314
162137,137,1996-04-24,17,0,14,,20,14:00,36,8.6,13.1,15:10,79,,,,,2025-05-06 18:14:29.677478,2025-05-06 18:14:29.677478
162143,137,1996-10-22,28,0,23,,33,15:00,36,1.4,6.1,15:05,42,,,,,2025-05-06 18:19:45.635920,2025-05-06 18:19:45.635920
162150,137,1996-10-23,27.5,0,23,02:00,32,15:00,30,1.4,11.1,14:30,43,,,,,2025-05-06 18:19:45.673050,2025-05-06 18:19:45.673050
162157,137,1996-10-24,24.5,0,21,04:00,28,14:00,36,3.6,11.1,12:05,59,,,,,2025-05-06 18:19:45.712751,2025-05-06 18:19:45.712751
162164,137,1996-10-25,25.5,0,20,02:00,31,14:00,9,7.8,16.9,23:30,48,,,,,2025-05-06 18:19:45.741875,2025-05-06 18:19:45.741875
162171,137,1996-10-26,27,0,23,20:00,31,12:00,9,6.9,16.9,06:10,51,,,,,2025-05-06 18:19:45.772030,2025-05-06 18:19:45.772030
162178,137,1996-10-27,23,0,18,05:00,28,12:00,30,1.4,5,11:15,59,,,,,2025-05-06 18:19:45.825971,2025-05-06 18:19:45.825971
162185,137,1996-10-28,26,0,20,06:00,32,16:00,30,1.4,5,12:00,42,,,,,2025-05-06 18:19:45.863711,2025-05-06 18:19:45.863711
162192,137,1996-10-29,26,0,20,03:00,32,14:00,12,4.7,13.1,23:55,47,,,,,2025-05-06 18:19:45.890308,2025-05-06 18:19:45.890308
162199,137,1996-10-30,23.5,0,20,22:00,27,16:00,9,8.9,16.9,19:59,43,,,,,2025-05-06 18:19:45.947846,2025-05-06 18:19:45.947846
162206,137,1996-10-31,21,0,18,21:00,24,14:00,9,15,18.9,08:55,61,,,,,2025-05-06 18:19:45.971879,2025-05-06 18:19:45.971879
162213,137,1996-11-01,21.5,0,18,06:00,25,14:00,9,9.2,18.1,08:15,78,,,,,2025-05-06 18:19:45.998791,2025-05-06 18:19:45.998791
162220,137,1996-11-02,20,0,15,06:00,25,14:00,3,3.9,8.9,16:50,74,,,,,2025-05-06 18:19:46.023168,2025-05-06 18:19:46.023168
162227,137,1996-11-03,23.5,0,17,04:00,30,15:00,30,1.1,5,13:55,61,,,,,2025-05-06 18:19:46.044935,2025-05-06 18:19:46.044935
162234,137,1996-11-04,21.5,0,18,06:00,25,14:00,11,5.6,13.9,22:55,79,,,,,2025-05-06 18:19:46.068531,2025-05-06 18:19:46.068531
162241,137,1996-11-05,21,0,18,06:00,24,16:00,9,11.1,18.1,,75,,,,,2025-05-06 18:19:46.091023,2025-05-06 18:19:46.091023
162248,137,1996-11-06,20.5,0,18,06:00,23,15:00,9,14.2,23.9,05:10,73,,,,,2025-05-06 18:19:46.114048,2025-05-06 18:19:46.114048
162255,137,1996-11-07,23.5,0,19,02:00,28,14:00,12,6.4,16.9,10:58,58,,,,,2025-05-06 18:19:46.140061,2025-05-06 18:19:46.140061
162262,137,1996-11-08,26,0,22,03:00,30,15:00,13,2.8,20,23:58,44,,,,,2025-05-06 18:19:46.165017,2025-05-06 18:19:46.165017
162269,137,1996-11-09,24.5,0,22,02:00,27,15:00,12,5.3,11.9,10:57,42,,,,,2025-05-06 18:19:46.189006,2025-05-06 18:19:46.189006
162276,137,1996-11-10,23,0,20,04:00,26,16:00,7,10.6,18.9,12:45,46,,,,,2025-05-06 18:19:46.212877,2025-05-06 18:19:46.212877
162283,137,1996-11-11,20,0,16,,24,16:00,36,3.1,8.9,23:55,78,,,,,2025-05-06 18:19:46.238258,2025-05-06 18:19:46.238258
162290,137,1996-11-12,19.5,26.7,16,22:00,23,16:00,26,10,21.1,11:30,83,,,,,2025-05-06 18:19:46.262965,2025-05-06 18:19:46.262965
162297,137,1996-11-13,18.5,0,15,,22,14:00,34,3.3,8.1,09:55,84,,,,,2025-05-06 18:19:46.289947,2025-05-06 18:19:46.289947
162304,137,1996-11-14,17.5,0,14,06:00,21,16:00,27,3.6,8.1,14:00,75,,,,,2025-05-06 18:19:46.313203,2025-05-06 18:19:46.313203
162311,137,1996-11-15,17.5,0,15,,20,14:00,27,6.1,16.1,01:15,80,,,,,2025-05-06 18:19:46.336630,2025-05-06 18:19:46.336630
162325,137,1996-11-17,17.5,0,16,,19,14:00,8,7.8,13.1,07:20,89,,,,,2025-05-06 18:19:46.385916,2025-05-06 18:19:46.385916
162332,137,1996-11-18,16,5.6,15,,17,14:00,6,9.4,13.9,11:00,83,,,,,2025-05-06 18:19:46.410817,2025-05-06 18:19:46.410817
162339,137,1996-11-19,17,0,16,,18,15:00,6,8.3,16.1,01:45,77,,,,,2025-05-06 18:19:46.434727,2025-05-06 18:19:46.434727
162346,137,1996-11-20,17,0,16,,18,15:00,9,11.9,20,23:10,80,,,,,2025-05-06 18:19:46.457221,2025-05-06 18:19:46.457221
162353,137,1996-11-21,19,0,15,,23,14:00,3,3.3,11.9,,79,,,,,2025-05-06 18:19:46.481525,2025-05-06 18:19:46.481525
162360,137,1996-11-22,19,0,15,06:00,23,14:00,28,1.1,5,14:20,61,,,,,2025-05-06 18:19:46.507877,2025-05-06 18:19:46.507877
162367,137,1996-11-23,21.5,0,17,06:00,26,14:00,11,8.6,16.1,00:00,60,,,,,2025-05-06 18:19:46.532554,2025-05-06 18:19:46.532554
162374,137,1996-11-24,19,0,16,04:00,22,16:00,6,7.8,13.1,12:30,75,,,,,2025-05-06 18:19:46.554539,2025-05-06 18:19:46.554539
162381,137,1996-11-25,18.5,0,15,06:00,22,15:00,6,8.3,13.1,15:05,84,,,,,2025-05-06 18:19:46.579432,2025-05-06 18:19:46.579432
162395,137,1996-11-27,20.5,0,16,05:00,25,14:00,34,1.7,5,11:45,67,,,,,2025-05-06 18:19:46.630629,2025-05-06 18:19:46.630629
162402,137,1996-11-28,21,0,17,04:00,25,14:00,9,10.6,21.1,20:55,64,,,,,2025-05-06 18:19:46.656054,2025-05-06 18:19:46.656054
162409,137,1996-11-29,18,0,16,,20,14:00,6,8.6,13.1,15:05,80,,,,,2025-05-06 18:19:46.679747,2025-05-06 18:19:46.679747
162416,137,1996-11-30,17.5,0,15,,20,15:00,8,10,16.1,14:15,87,,,,,2025-05-06 18:19:46.703793,2025-05-06 18:19:46.703793
162423,137,1996-12-01,17.5,0,15,06:00,20,16:00,0,,,,87,,,,,2025-05-06 18:19:46.730413,2025-05-06 18:19:46.730413
162430,137,1996-12-02,17.5,0,15,,20,16:00,0,,,,85,,,,,2025-05-06 18:19:46.755581,2025-05-06 18:19:46.755581
162437,137,1996-12-03,18,0,16,,20,16:00,0,,,,79,,,,,2025-05-06 18:19:46.780592,2025-05-06 18:19:46.780592
162444,137,1996-12-04,19.5,16,15,,24,11:00,0,,,,73,,,,,2025-05-06 18:19:46.805138,2025-05-06 18:19:46.805138
162451,137,1996-12-05,16.5,5.2,14,,19,14:00,0,,,,87,,,,,2025-05-06 18:19:46.830928,2025-05-06 18:19:46.830928
162458,137,1996-12-06,13.5,16.4,12,06:00,15,16:00,0,,,,86,,,,,2025-05-06 18:19:46.853313,2025-05-06 18:19:46.853313
162465,137,1996-12-07,15,7,12,04:00,18,16:00,0,,,,82,,,,,2025-05-06 18:19:46.876917,2025-05-06 18:19:46.876917
162472,137,1996-12-08,14.5,0,12,05:00,17,16:00,0,,,,86,,,,,2025-05-06 18:19:46.901847,2025-05-06 18:19:46.901847
162479,137,1996-12-09,15.5,0,12,,19,14:00,0,,,,78,,,,,2025-05-06 18:19:46.927534,2025-05-06 18:19:46.927534
162486,137,1996-12-10,17,0,13,05:00,21,14:00,0,,,,71,,,,,2025-05-06 18:19:46.950393,2025-05-06 18:19:46.950393
162493,137,1996-12-11,19.5,0,17,,22,14:00,20,8.6,21.1,03:58,70,,,,,2025-05-06 18:19:46.976504,2025-05-06 18:19:46.976504
162500,137,1996-12-12,20,0,17,06:00,23,16:00,16,6.9,11.9,08:10,68,,,,,2025-05-06 18:19:47.000809,2025-05-06 18:19:47.000809
162507,137,1996-12-13,17,0,13,06:00,21,16:00,27,1.9,6.1,12:50,75,,,,,2025-05-06 18:19:47.048605,2025-05-06 18:19:47.048605
162514,137,1996-12-14,16.5,0,13,06:00,20,16:00,27,3.1,8.1,16:00,76,,,,,2025-05-06 18:19:47.076901,2025-05-06 18:19:47.076901
162521,137,1996-12-15,18.5,0,15,06:00,22,15:00,30,3.6,8.1,13:50,82,,,,,2025-05-06 18:19:47.101445,2025-05-06 18:19:47.101445
162528,137,1996-12-16,19,0,15,06:00,23,14:00,27,2.2,6.9,16:15,86,,,,,2025-05-06 18:19:47.128617,2025-05-06 18:19:47.128617
162535,137,1996-12-17,21,0,17,02:00,25,16:00,27,9.2,20,16:30,54,,,,,2025-05-06 18:19:47.153339,2025-05-06 18:19:47.153339
162542,137,1996-12-18,19.5,0,16,04:00,23,16:00,27,6.4,25,05:52,75,,,,,2025-05-06 18:19:47.180951,2025-05-06 18:19:47.180951
162549,137,1996-12-19,18,0,15,06:00,21,14:00,27,1.9,6.9,14:10,82,,,,,2025-05-06 18:19:47.205167,2025-05-06 18:19:47.205167
162556,137,1996-12-20,18,0,15,,21,15:00,27,11.4,23.1,23:54,76,,,,,2025-05-06 18:19:47.230695,2025-05-06 18:19:47.230695
162563,137,1996-12-21,19.5,0,17,,22,16:00,22,11.1,28.9,08:30,67,,,,,2025-05-06 18:19:47.253426,2025-05-06 18:19:47.253426
162570,137,1996-12-22,16,0,13,06:00,19,14:00,22,3.3,13.1,03:50,84,,,,,2025-05-06 18:19:47.278734,2025-05-06 18:19:47.278734
162577,137,1996-12-23,16,0,13,,19,16:00,3,2.5,5,13:58,91,,,,,2025-05-06 18:19:47.302805,2025-05-06 18:19:47.302805
162584,137,1996-12-24,16,0,12,02:00,20,15:00,26,1.9,6.1,12:00,84,,,,,2025-05-06 18:19:47.327993,2025-05-06 18:19:47.327993
162591,137,1996-12-25,16,0,12,06:00,20,16:00,25,1.9,6.1,11:50,76,,,,,2025-05-06 18:19:47.351893,2025-05-06 18:19:47.351893
162598,137,1996-12-26,18,0,12,03:00,24,17:00,6,1.4,6.1,17:00,64,,,,,2025-05-06 18:19:47.378446,2025-05-06 18:19:47.378446
162605,137,1996-12-27,17.5,0,13,06:00,22,16:00,22,6.1,13.1,13:30,80,,,,,2025-05-06 18:19:47.402193,2025-05-06 18:19:47.402193
162612,137,1996-12-28,17,0,13,06:00,21,15:00,6,2.8,5,16:30,80,,,,,2025-05-06 18:19:47.428559,2025-05-06 18:19:47.428559
162619,137,1996-12-29,16,0,13,,19,14:00,9,3.3,6.1,16:05,76,,,,,2025-05-06 18:19:47.453659,2025-05-06 18:19:47.453659
162626,137,1996-12-30,16,0,13,,19,14:00,27,5,11.9,16:25,81,,,,,2025-05-06 18:19:47.479004,2025-05-06 18:19:47.479004
162633,137,1996-12-31,15.5,7.1,12,,19,14:00,24,8.3,20,18:15,80,,,,,2025-05-06 18:19:47.502395,2025-05-06 18:19:47.502395
162640,137,1997-01-01,14.5,0,12,,17,12:00,0,2.8,,,75,,,,,2025-05-06 18:19:47.527873,2025-05-06 18:19:47.527873
162646,137,1997-01-02,15.5,4.5,12,05:00,19,14:00,0,,,,78,,,,,2025-05-06 18:19:47.550955,2025-05-06 18:19:47.550955
162653,137,1997-01-03,15,0,13,06:00,17,14:00,0,,,,79,,,,,2025-05-06 18:19:47.576528,2025-05-06 18:19:47.576528
162660,137,1997-01-04,15,0,11,05:00,19,15:00,0,,,,83,,,,,2025-05-06 18:19:47.603049,2025-05-06 18:19:47.603049
162667,137,1997-01-05,15,0,13,02:00,17,16:00,3,2.2,6.1,16:15,85,,,,,2025-05-06 18:19:47.628260,2025-05-06 18:19:47.628260
162674,137,1997-01-06,16.5,0,13,,20,14:00,28,1.4,6.1,12:48,87,,,,,2025-05-06 18:19:47.652873,2025-05-06 18:19:47.652873
162681,137,1997-01-07,17.5,0,14,05:00,21,14:00,26,7.5,13.1,13:05,81,,,,,2025-05-06 18:19:47.679318,2025-05-06 18:19:47.679318
162688,137,1997-01-08,17,0,14,,20,12:00,8,2.8,6.9,21:05,86,,,,,2025-05-06 18:19:47.705610,2025-05-06 18:19:47.705610
162695,137,1997-01-09,17,0,15,,19,12:00,9,5,11.9,21:05,77,,,,,2025-05-06 18:19:47.730424,2025-05-06 18:19:47.730424
162702,137,1997-01-10,15,0,11,06:00,19,14:00,8,5,13.1,20:30,78,,,,,2025-05-06 18:19:47.755715,2025-05-06 18:19:47.755715
162709,137,1997-01-11,16,0,12,06:00,20,14:00,3,2.8,11.9,02:08,77,,,,,2025-05-06 18:19:47.780572,2025-05-06 18:19:47.780572
162716,137,1997-01-12,16.5,0,13,02:00,20,14:00,16,6.4,20,16:55,73,,,,,2025-05-06 18:19:47.805411,2025-05-06 18:19:47.805411
162723,137,1997-01-13,16.5,0,13,06:00,20,14:00,24,10.6,18.1,09:50,76,,,,,2025-05-06 18:19:47.829557,2025-05-06 18:19:47.829557
162730,137,1997-01-14,17,0,14,06:00,20,15:00,24,6.4,18.9,03:30,73,,,,,2025-05-06 18:19:47.852840,2025-05-06 18:19:47.852840
162737,137,1997-01-15,17,0,14,,20,15:00,28,2.2,5,16:30,83,,,,,2025-05-06 18:19:47.878082,2025-05-06 18:19:47.878082
162750,137,1997-01-17,16,0,12,05:00,20,14:00,30,2.5,6.1,14:02,84,,,,,2025-05-06 18:19:47.926853,2025-05-06 18:19:47.926853
162757,137,1997-01-18,17,0,12,05:00,22,15:00,31,1.4,3.9,13:30,66,,,,,2025-05-06 18:19:47.951831,2025-05-06 18:19:47.951831
162764,137,1997-01-19,15.5,4.5,10,19:00,21,14:00,3,3.1,13.1,15:05,86,,,,,2025-05-06 18:19:47.978370,2025-05-06 18:19:47.978370
162771,137,1997-01-20,15,0,11,,19,15:00,3,3.9,10,06:58,82,,,,,2025-05-06 18:19:48.005459,2025-05-06 18:19:48.005459
162778,137,1997-01-21,15,0,12,,18,14:00,33,3.6,13.1,15:05,82,,,,,2025-05-06 18:19:48.030833,2025-05-06 18:19:48.030833
162786,137,1997-01-22,14.5,0,12,05:00,17,14:00,30,3.3,13.9,11:05,80,,,,,2025-05-06 18:19:48.058620,2025-05-06 18:19:48.058620
162794,137,1997-01-23,15.5,0,12,,19,15:00,3,6.1,11.1,13:15,78,,,,,2025-05-06 18:19:48.084506,2025-05-06 18:19:48.084506
162802,137,1997-01-24,14.5,0,11,05:00,18,16:00,6,7.8,16.1,18:05,75,,,,,2025-05-06 18:19:48.111429,2025-05-06 18:19:48.111429
162810,137,1997-01-25,15.5,0,12,06:00,19,16:00,13,3.1,11.9,05:30,76,,,,,2025-05-06 18:19:48.135420,2025-05-06 18:19:48.135420
162818,137,1997-01-26,20,0,16,,24,14:00,9,3.6,6.9,05:00,64,,,,,2025-05-06 18:19:48.173265,2025-05-06 18:19:48.173265
162826,137,1997-01-27,19,0,15,05:00,23,14:00,16,3.1,13.9,12:30,59,,,,,2025-05-06 18:19:48.203154,2025-05-06 18:19:48.203154
162834,137,1997-01-28,20.5,0,17,06:00,24,16:00,16,2.8,16.1,11:00,63,,,,,2025-05-06 18:19:48.231344,2025-05-06 18:19:48.231344
162842,137,1997-01-29,19.5,0,15,02:00,24,14:00,14,1.7,11.1,09:10,68,,,,,2025-05-06 18:19:48.259852,2025-05-06 18:19:48.259852
162850,137,1997-01-30,19,0,15,03:00,23,14:00,13,2.5,11.9,14:05,76,,,,,2025-05-06 18:19:48.292109,2025-05-06 18:19:48.292109
162858,137,1997-01-31,20.5,0,16,03:00,25,15:00,16,2.5,10,19:05,73,,,,,2025-05-06 18:19:48.315923,2025-05-06 18:19:48.315923
162866,137,1997-02-01,23,0,19,02:00,27,14:00,16,7.8,18.9,12:10,62,,,,,2025-05-06 18:19:48.346410,2025-05-06 18:19:48.346410
162874,137,1997-02-02,23,0,18,02:00,28,16:00,1,5.8,16.1,08:10,61,,,,,2025-05-06 18:19:48.373109,2025-05-06 18:19:48.373109
162882,137,1997-02-03,21,0,18,,24,14:00,9,2.5,6.1,18:20,76,,,,,2025-05-06 18:19:48.399483,2025-05-06 18:19:48.399483
162890,137,1997-02-04,20,0,18,06:00,22,14:00,6,11.1,18.1,17:30,63,,,,,2025-05-06 18:19:48.429516,2025-05-06 18:19:48.429516
162898,137,1997-02-05,20.5,0,18,06:00,23,12:00,9,5.8,13.9,03:45,70,,,,,2025-05-06 18:19:48.457343,2025-05-06 18:19:48.457343
162906,137,1997-02-06,19.5,0,16,,23,14:00,8,6.7,18.9,03:45,62,,,,,2025-05-06 18:19:48.486028,2025-05-06 18:19:48.486028
162914,137,1997-02-07,19.5,0,16,05:00,23,15:00,8,7.2,11.9,13:00,67,,,,,2025-05-06 18:19:48.515227,2025-05-06 18:19:48.515227
162922,137,1997-02-08,16,0,14,,18,12:00,2,6.4,10,12:15,88,,,,,2025-05-06 18:19:48.545332,2025-05-06 18:19:48.545332
162930,137,1997-02-09,14.5,0,11,05:00,18,14:00,6,3.9,6.1,19:55,80,,,,,2025-05-06 18:19:48.571763,2025-05-06 18:19:48.571763
162938,137,1997-02-10,15,0,11,06:00,19,11:00,11,8.6,20,12:55,80,,,,,2025-05-06 18:19:48.599634,2025-05-06 18:19:48.599634
162946,137,1997-02-11,17.5,0,15,,20,14:00,8,11.1,23.9,23:00,76,,,,,2025-05-06 18:19:48.627407,2025-05-06 18:19:48.627407
162954,137,1997-02-12,19,0,15,05:00,23,16:00,6,6.7,23.1,,61,,,,,2025-05-06 18:19:48.656278,2025-05-06 18:19:48.656278
162962,137,1997-02-13,19.5,0,15,06:00,24,16:00,6,6.9,21.9,03:02,62,,,,,2025-05-06 18:19:48.682318,2025-05-06 18:19:48.682318
162970,137,1997-02-14,19,0,14,02:00,24,16:00,9,7.2,16.1,06:30,54,,,,,2025-05-06 18:19:48.710861,2025-05-06 18:19:48.710861
162978,137,1997-02-15,18,0,14,,22,15:00,9,4.4,13.1,03:30,76,,,,,2025-05-06 18:19:48.740518,2025-05-06 18:19:48.740518
162986,137,1997-02-16,15.5,0,13,05:00,18,16:00,9,13.9,20,17:40,76,,,,,2025-05-06 18:19:48.767250,2025-05-06 18:19:48.767250
162994,137,1997-02-17,16,0,14,,18,14:00,9,12.5,20,10:30,81,,,,,2025-05-06 18:19:48.797244,2025-05-06 18:19:48.797244
163002,137,1997-02-18,16,0,13,05:00,19,16:00,6,13.6,25,11:45,83,,,,,2025-05-06 18:19:48.822218,2025-05-06 18:19:48.822218
163010,137,1997-02-19,17,0,13,,21,16:00,9,4.2,13.1,12:05,78,,,,,2025-05-06 18:19:48.849330,2025-05-06 18:19:48.849330
163026,137,1997-02-21,21,0,16,,26,16:00,8,1.9,13.1,22:30,68,,,,,2025-05-06 18:19:48.910568,2025-05-06 18:19:48.910568
163034,137,1997-02-22,23,0,18,19:00,28,16:00,9,4.4,11.9,04:10,58,,,,,2025-05-06 18:19:48.936179,2025-05-06 18:19:48.936179
163042,137,1997-02-23,22,0,18,06:00,26,16:00,9,4.4,13.1,23:00,60,,,,,2025-05-06 18:19:48.964191,2025-05-06 18:19:48.964191
163050,137,1997-02-24,21,0,18,06:00,24,14:00,6,11.1,16.9,10:45,49,,,,,2025-05-06 18:19:48.993455,2025-05-06 18:19:48.993455
163058,137,1997-02-25,20.5,0,16,04:00,25,16:00,9,10.6,18.1,02:10,75,,,,,2025-05-06 18:19:49.022896,2025-05-06 18:19:49.022896
163066,137,1997-02-26,21.5,0,15,02:00,28,15:00,9,6.4,18.1,04:00,57,,,,,2025-05-06 18:19:49.058385,2025-05-06 18:19:49.058385
163074,137,1997-02-27,21.5,0,16,,27,14:00,9,3.1,11.1,05:50,75,,,,,2025-05-06 18:19:49.085183,2025-05-06 18:19:49.085183
163082,137,1997-02-28,23.5,0,18,03:00,29,15:00,9,5,16.1,13:25,52,,,,,2025-05-06 18:19:49.114666,2025-05-06 18:19:49.114666
163090,137,1997-03-01,22,0,18,02:00,26,14:00,16,6.9,16.1,09:30,60,,,,,2025-05-06 18:19:49.143525,2025-05-06 18:19:49.143525
163098,137,1997-03-02,23,0,18,22:00,28,15:00,0,,0,,47,,,,,2025-05-06 18:19:49.173531,2025-05-06 18:19:49.173531
163106,137,1997-03-03,24,0,18,03:00,30,15:00,0,,0,,63,,,,,2025-05-06 18:19:49.199397,2025-05-06 18:19:49.199397
163114,137,1997-03-04,24,0,19,11:00,29,14:00,0,,0,,59,,,,,2025-05-06 18:19:49.225838,2025-05-06 18:19:49.225838
163122,137,1997-03-05,24,0,20,19:00,28,10:00,0,,,,58,,,,,2025-05-06 18:19:49.254421,2025-05-06 18:19:49.254421
163129,137,1997-03-06,23,0,20,,26,16:00,11,4.4,11.1,07:52,58,,,,,2025-05-06 18:19:49.279960,2025-05-06 18:19:49.279960
163137,137,1997-03-07,22.5,0,19,05:00,26,15:00,3,5.3,11.1,13:10,52,,,,,2025-05-06 18:19:49.308790,2025-05-06 18:19:49.308790
163145,137,1997-03-08,17.5,0,14,,21,16:00,3,6.4,11.1,16:10,80,,,,,2025-05-06 18:19:49.336625,2025-05-06 18:19:49.336625
163153,137,1997-03-09,17,0,12,,22,15:00,3,9.2,18.1,15:00,82,,,,,2025-05-06 18:19:49.364473,2025-05-06 18:19:49.364473
163161,137,1997-03-10,18,0,15,,21,16:00,8,1.9,11.9,03:55,86,,,,,2025-05-06 18:19:49.393262,2025-05-06 18:19:49.393262
163169,137,1997-03-11,21,0,14,08:00,28,15:00,0,,,,61,,,,,2025-05-06 18:19:49.423513,2025-05-06 18:19:49.423513
163177,137,1997-03-12,25,0,22,09:00,28,14:00,12,3.9,8.9,08:10,52,,,,,2025-05-06 18:19:49.451113,2025-05-06 18:19:49.451113
163185,137,1997-03-13,23.5,0,20,11:00,27,14:00,0,,,,57,,,,,2025-05-06 18:19:49.479979,2025-05-06 18:19:49.479979
163193,137,1997-03-14,18,0,15,,21,16:00,27,3.6,6.9,14:05,80,,,,,2025-05-06 18:19:49.508212,2025-05-06 18:19:49.508212
163201,137,1997-03-15,17.5,0,14,06:00,21,15:00,30,1.7,3.9,15:30,82,,,,,2025-05-06 18:19:49.533670,2025-05-06 18:19:49.533670
163209,137,1997-03-16,16.5,0,11,06:00,22,15:00,0,,,,83,,,,,2025-05-06 18:19:49.564049,2025-05-06 18:19:49.564049
163217,137,1997-03-17,18.5,0,15,06:00,22,14:00,0,,,,72,,,,,2025-05-06 18:19:49.597784,2025-05-06 18:19:49.597784
163225,137,1997-03-18,21,0,15,,27,16:00,16,5.3,20,14:05,68,,,,,2025-05-06 18:19:49.629988,2025-05-06 18:19:49.629988
163233,137,1997-03-19,18,0,13,06:00,23,16:00,30,3.1,6.1,14:58,75,,,,,2025-05-06 18:19:49.662116,2025-05-06 18:19:49.662116
163241,137,1997-03-20,18.5,0,14,,23,14:00,8,6.7,8.9,04:10,81,,,,,2025-05-06 18:19:49.694362,2025-05-06 18:19:49.694362
163249,137,1997-03-21,18,0,14,05:00,22,15:00,27,3.6,6.9,16:30,81,,,,,2025-05-06 18:19:49.728394,2025-05-06 18:19:49.728394
163257,137,1997-03-22,17,4,14,06:00,20,14:00,30,4.7,11.1,08:58,82,,,,,2025-05-06 18:19:49.758568,2025-05-06 18:19:49.758568
163265,137,1997-03-23,16.5,0,14,,19,14:00,36,7.2,11.9,17:10,85,,,,,2025-05-06 18:19:49.785758,2025-05-06 18:19:49.785758
163273,137,1997-03-24,16,0,14,,18,12:00,36,7.8,11.1,14:30,82,,,,,2025-05-06 18:19:49.815492,2025-05-06 18:19:49.815492
163281,137,1997-03-25,16,0,14,,18,14:00,36,6.1,11.1,05:02,83,,,,,2025-05-06 18:19:49.844992,2025-05-06 18:19:49.844992
163289,137,1997-03-26,15,7.2,12,04:00,18,15:00,3,6.7,10,03:58,85,,,,,2025-05-06 18:19:49.873329,2025-05-06 18:19:49.873329
163297,137,1997-03-27,16.5,2.2,13,,20,14:00,30,3.3,6.9,05:50,84,,,,,2025-05-06 18:19:49.901515,2025-05-06 18:19:49.901515
163305,137,1997-03-28,16.5,0,12,03:00,21,14:00,2,4.4,8.1,17:58,82,,,,,2025-05-06 18:19:49.930582,2025-05-06 18:19:49.930582
163313,137,1997-03-29,16.5,0,13,06:00,20,14:00,32,3.9,8.1,15:50,85,,,,,2025-05-06 18:19:49.959729,2025-05-06 18:19:49.959729
163321,137,1997-03-30,17.5,0,13,04:00,22,16:00,30,3.9,6.9,13:00,82,,,,,2025-05-06 18:19:49.987109,2025-05-06 18:19:49.987109
163329,137,1997-03-31,17.5,0,14,,21,14:00,36,3.6,6.1,10:30,83,,,,,2025-05-06 18:19:50.015888,2025-05-06 18:19:50.015888
163337,137,1997-04-01,18.5,0,14,,23,17:00,32,3.9,11.9,13:55,84,,,,,2025-05-06 18:19:50.043277,2025-05-06 18:19:50.043277
163345,137,1997-04-02,18,0,13,06:00,23,16:00,27,4.7,8.9,15:10,83,,,,,2025-05-06 18:19:50.072181,2025-05-06 18:19:50.072181
163353,137,1997-04-03,17.5,2.6,14,,21,14:00,27,2.5,6.1,11:50,87,,,,,2025-05-06 18:19:50.100534,2025-05-06 18:19:50.100534
163361,137,1997-04-04,16,3,12,06:00,20,14:00,16,4.7,20,18:30,85,,,,,2025-05-06 18:19:50.130113,2025-05-06 18:19:50.130113
163369,137,1997-04-05,16.5,1.1,13,,20,14:00,24,7.8,13.1,13:30,83,,,,,2025-05-06 18:19:50.159912,2025-05-06 18:19:50.159912
163393,137,1997-04-08,18.5,0,15,,22,15:00,36,4.7,8.1,16:55,86,,,,,2025-05-06 18:19:50.250052,2025-05-06 18:19:50.250052
163401,137,1997-04-09,18,0,14,06:00,22,16:00,2,6.9,10,15:10,83,,,,,2025-05-06 18:19:50.280383,2025-05-06 18:19:50.280383
163409,137,1997-04-10,18.5,,15,,22,15:00,3,9.4,16.1,12:15,81,,,,,2025-05-06 18:19:50.308795,2025-05-06 18:19:50.308795
163417,137,1997-04-11,20.5,0,16,06:00,25,15:00,9,10.3,20,08:30,76,,,,,2025-05-06 18:19:50.336159,2025-05-06 18:19:50.336159
163425,137,1997-04-12,18.5,0,15,06:00,22,16:00,3,8.9,13.1,09:30,78,,,,,2025-05-06 18:19:50.363916,2025-05-06 18:19:50.363916
163433,137,1997-04-13,18.5,0,14,06:00,23,16:00,3,5,13.1,11:15,82,,,,,2025-05-06 18:19:50.388878,2025-05-06 18:19:50.388878
163441,137,1997-04-14,18.5,0,14,05:00,23,15:00,11,3.1,10,05:50,86,,,,,2025-05-06 18:19:50.417476,2025-05-06 18:19:50.417476
163449,137,1997-04-15,19.5,0,14,06:00,25,14:00,27,6.1,13.1,15:55,74,,,,,2025-05-06 18:19:50.445199,2025-05-06 18:19:50.445199
163457,137,1997-04-16,19.5,0,16,,23,16:00,3,4.4,8.9,15:15,82,,,,,2025-05-06 18:19:50.474052,2025-05-06 18:19:50.474052
163465,137,1997-04-17,18.5,0,14,04:00,23,16:00,3,5.3,8.9,,78,,,,,2025-05-06 18:19:50.502831,2025-05-06 18:19:50.502831
163473,137,1997-04-18,19,0,14,,24,16:00,30,3.9,6.9,15:55,82,,,,,2025-05-06 18:19:50.529946,2025-05-06 18:19:50.529946
163481,137,1997-04-19,18.5,10.7,14,06:00,23,14:00,32,7.8,20,14:10,81,,,,,2025-05-06 18:19:50.559689,2025-05-06 18:19:50.559689
163489,137,1997-04-20,18,,14,,22,14:00,32,8.1,10,16:30,86,,,,,2025-05-06 18:19:50.585855,2025-05-06 18:19:50.585855
163561,137,1997-04-29,20,0,14,05:00,26,17:00,36,3.1,11.9,12:50,78,,,,,2025-05-06 18:20:51.918056,2025-05-06 18:20:51.918056
163569,137,1997-04-30,19,,14,06:00,24,16:00,28,2.2,6.9,14:30,82,,,,,2025-05-06 18:20:51.946874,2025-05-06 18:20:51.946874
163577,137,1997-05-01,18,0,14,04:00,22,14:00,3,2.8,8.1,15:50,87,,,,,2025-05-06 18:20:51.976247,2025-05-06 18:20:51.976247
163585,137,1997-05-02,18.5,0,16,,21,14:00,10,8.6,16.9,23:55,88,,,,,2025-05-06 18:20:52.002413,2025-05-06 18:20:52.002413
163593,137,1997-05-03,20.5,0,16,05:00,25,16:00,9,12.2,21.1,06:30,74,,,,,2025-05-06 18:20:52.031439,2025-05-06 18:20:52.031439
163601,137,1997-05-04,20,0,15,,25,15:00,2,7.2,13.1,14:00,80,,,,,2025-05-06 18:20:52.059275,2025-05-06 18:20:52.059275
163609,137,1997-05-05,20,0,15,,25,14:00,36,6.7,13.9,11:55,78,,,,,2025-05-06 18:20:52.086219,2025-05-06 18:20:52.086219
163617,137,1997-05-06,20.5,0,15,05:00,26,15:00,9,13.6,21.9,05:05,78,,,,,2025-05-06 18:20:52.116297,2025-05-06 18:20:52.116297
163625,137,1997-05-07,19.5,0,14,04:00,25,16:00,9,16.7,26.1,07:40,72,,,,,2025-05-06 18:20:52.145074,2025-05-06 18:20:52.145074
163633,137,1997-05-08,20,0,17,,23,16:00,9,12.8,20,02:58,71,,,,,2025-05-06 18:20:52.173466,2025-05-06 18:20:52.173466
163641,137,1997-05-09,19,0,15,05:00,23,16:00,9,8.6,11.9,,68,,,,,2025-05-06 18:20:52.197603,2025-05-06 18:20:52.197603
163649,137,1997-05-10,19.5,0,15,,24,16:00,3,5.6,8.9,12:05,73,,,,,2025-05-06 18:20:52.222691,2025-05-06 18:20:52.222691
163657,137,1997-05-11,20,0,15,,25,16:00,32,3.6,8.1,14:50,77,,,,,2025-05-06 18:20:52.252712,2025-05-06 18:20:52.252712
163665,137,1997-05-12,18.5,0,15,06:00,22,14:00,3,3.6,8.9,16:58,83,,,,,2025-05-06 18:20:52.280773,2025-05-06 18:20:52.280773
163673,137,1997-05-13,18.5,0,15,,22,16:00,3,6.9,11.9,21:55,82,,,,,2025-05-06 18:20:52.307587,2025-05-06 18:20:52.307587
163681,137,1997-05-14,18,0,15,,21,16:00,3,6.7,13.1,10:51,84,,,,,2025-05-06 18:20:52.335570,2025-05-06 18:20:52.335570
163689,137,1997-05-15,18.5,0,15,,22,16:00,3,4.4,10,12:50,84,,,,,2025-05-06 18:20:52.363720,2025-05-06 18:20:52.363720
163697,137,1997-05-16,17.5,0,15,,20,16:00,3,4.7,8.1,,85,,,,,2025-05-06 18:20:52.391440,2025-05-06 18:20:52.391440
163705,137,1997-05-17,19.5,0,15,,24,16:00,3,5,8.9,,81,,,,,2025-05-06 18:20:52.418266,2025-05-06 18:20:52.418266
163713,137,1997-05-18,20,0,15,04:00,25,16:00,0,,,,74,,,,,2025-05-06 18:20:52.446324,2025-05-06 18:20:52.446324
163721,137,1997-05-19,21,0,17,,25,16:00,36,7.2,10,14:30,75,,,,,2025-05-06 18:20:52.474812,2025-05-06 18:20:52.474812
163729,137,1997-05-20,19,0,15,,23,16:00,3,8.6,13.9,13:30,87,,,,,2025-05-06 18:20:52.501288,2025-05-06 18:20:52.501288
163737,137,1997-05-21,19,0,15,,23,16:00,3,8.6,15,15:58,82,,,,,2025-05-06 18:20:52.531644,2025-05-06 18:20:52.531644
163745,137,1997-05-22,19.5,0,15,,24,15:00,3,6.9,11.1,17:10,83,,,,,2025-05-06 18:20:52.557714,2025-05-06 18:20:52.557714
163753,137,1997-05-23,20.5,0,16,,25,16:00,30,4.4,11.9,14:12,73,,,,,2025-05-06 18:20:52.582053,2025-05-06 18:20:52.582053
163761,137,1997-05-24,20.5,0,17,06:00,24,15:00,24,3.1,13.1,14:18,76,,,,,2025-05-06 18:20:52.608933,2025-05-06 18:20:52.608933
163769,137,1997-05-25,19.5,0,16,,23,16:00,30,2.2,8.9,10:02,81,,,,,2025-05-06 18:20:52.638920,2025-05-06 18:20:52.638920
163777,137,1997-05-26,19,0,16,,22,16:00,3,,6.1,13:45,87,,,,,2025-05-06 18:20:52.663918,2025-05-06 18:20:52.663918
163785,137,1997-05-27,19.5,0,16,,23,16:00,29,3.3,8.1,14:55,82,,,,,2025-05-06 18:20:52.691747,2025-05-06 18:20:52.691747
163793,137,1997-05-28,20,0,16,06:00,24,16:00,27,2.2,8.1,10:55,77,,,,,2025-05-06 18:20:52.718337,2025-05-06 18:20:52.718337
163801,137,1997-05-29,20,0,15,06:00,25,16:00,27,2.8,11.1,13:30,82,,,,,2025-05-06 18:20:52.746491,2025-05-06 18:20:52.746491
163809,137,1997-05-30,20,0,16,,24,16:00,27,4.7,14.4,13:10,83,,,,,2025-05-06 18:20:52.774093,2025-05-06 18:20:52.774093
163817,137,1997-05-31,20.5,,16,,25,16:00,36,2.8,8.9,20:20,82,,,,,2025-05-06 18:20:52.801572,2025-05-06 18:20:52.801572
163825,137,1997-06-01,20.5,0,16,,25,16:00,36,3.6,8.9,17:50,77,,,,,2025-05-06 18:20:52.829783,2025-05-06 18:20:52.829783
163833,137,1997-06-02,20.5,0,16,06:00,25,15:00,2,3.3,13.1,17:20,76,,,,,2025-05-06 18:20:52.857862,2025-05-06 18:20:52.857862
163841,137,1997-06-03,21,0,16,06:00,26,15:00,35,2.8,8.1,14:45,79,,,,,2025-05-06 18:20:52.885590,2025-05-06 18:20:52.885590
163849,137,1997-06-04,21,0,16,05:00,26,15:00,3,2.8,8.9,16:25,75,,,,,2025-05-06 18:20:52.912452,2025-05-06 18:20:52.912452
163857,137,1997-06-05,20.5,0,15,,26,16:00,26,2.8,11.1,14:25,88,,,,,2025-05-06 18:20:52.941453,2025-05-06 18:20:52.941453
163865,137,1997-06-06,22,0,17,,27,16:00,3,2.8,8.1,20:30,78,,,,,2025-05-06 18:20:52.969599,2025-05-06 18:20:52.969599
163873,137,1997-06-07,22,0,17,,27,16:00,30,3.6,10,14:45,74,,,,,2025-05-06 18:20:52.997160,2025-05-06 18:20:52.997160
163881,137,1997-06-08,22.5,0,17,,28,17:00,24,2.5,11.1,16:25,69,,,,,2025-05-06 18:20:53.021997,2025-05-06 18:20:53.021997
163889,137,1997-06-09,22,0,17,,27,16:00,36,2.2,8.1,16:25,74,,,,,2025-05-06 18:20:53.047360,2025-05-06 18:20:53.047360
163897,137,1997-06-10,20,0,16,05:00,24,14:00,2,3.1,6.9,16:10,85,,,,,2025-05-06 18:20:53.075473,2025-05-06 18:20:53.075473
163905,137,1997-06-11,20,0,16,,24,16:00,2,6.4,12.5,17:10,80,,,,,2025-05-06 18:20:53.101609,2025-05-06 18:20:53.101609
163913,137,1997-06-12,21.5,0,17,,26,16:00,3,3.9,10,10:45,72,,,,,2025-05-06 18:20:53.129727,2025-05-06 18:20:53.129727
163921,137,1997-06-13,21.5,0,16,05:00,27,16:00,8,3.9,8.6,20:10,69,,,,,2025-05-06 18:20:53.159136,2025-05-06 18:20:53.159136
163929,137,1997-06-14,22.5,0,17,06:00,28,16:00,9,6.1,11.1,07:20,75,,,,,2025-05-06 18:20:53.186419,2025-05-06 18:20:53.186419
163937,137,1997-06-15,22,0,18,06:00,26,16:00,2,5.8,14.4,14:15,80,,,,,2025-05-06 18:20:53.213158,2025-05-06 18:20:53.213158
163945,137,1997-06-16,22.5,0,19,05:00,26,14:00,5,6.4,23.9,12:10,77,,,,,2025-05-06 18:20:53.241950,2025-05-06 18:20:53.241950
163953,137,1997-06-17,21.5,0,18,06:00,25,15:00,2,6.1,15,14:50,79,,,,,2025-05-06 18:20:53.268113,2025-05-06 18:20:53.268113
163961,137,1997-06-18,21.5,0,18,,25,15:00,6,4.4,13.1,06:00,80,,,,,2025-05-06 18:20:53.294947,2025-05-06 18:20:53.294947
163969,137,1997-06-19,21.5,0,18,,25,15:00,2,5.3,15,09:35,81,,,,,2025-05-06 18:20:53.322860,2025-05-06 18:20:53.322860
163977,137,1997-06-20,20,0,16,04:00,24,14:00,5,4.7,11.4,16:03,81,,,,,2025-05-06 18:20:53.348347,2025-05-06 18:20:53.348347
163985,137,1997-06-21,20,0,16,05:00,24,16:00,3,4.2,10,15:10,83,,,,,2025-05-06 18:20:53.376933,2025-05-06 18:20:53.376933
163993,137,1997-06-22,19.5,0,16,06:00,23,16:00,2,6.1,13.9,15:40,80,,,,,2025-05-06 18:20:53.404416,2025-05-06 18:20:53.404416
164001,137,1997-06-23,20,0,16,06:00,24,16:00,4,5.3,16.4,05:30,76,,,,,2025-05-06 18:20:53.432512,2025-05-06 18:20:53.432512
164009,137,1997-06-24,21,0,17,05:00,25,15:00,7,6.7,16.9,11:30,77,,,,,2025-05-06 18:20:53.460887,2025-05-06 18:20:53.460887
164017,137,1997-06-25,21,0,17,06:00,25,14:00,3,8.1,13.1,18:10,73,,,,,2025-05-06 18:20:53.489112,2025-05-06 18:20:53.489112
164025,137,1997-06-26,20.5,0,17,05:00,24,14:00,3,6.4,11.9,,80,,,,,2025-05-06 18:20:53.515387,2025-05-06 18:20:53.515387
164033,137,1997-06-27,22,0,19,,25,15:00,3,6.7,11.1,12:30,80,,,,,2025-05-06 18:20:53.543187,2025-05-06 18:20:53.543187
164041,137,1997-06-28,21,0,17,,25,15:00,3,5.3,10,15:45,79,,,,,2025-05-06 18:20:53.569758,2025-05-06 18:20:53.569758
164049,137,1997-06-29,21.5,0,17,,26,15:00,3,6.9,13.1,16:15,80,,,,,2025-05-06 18:20:53.598801,2025-05-06 18:20:53.598801
164057,137,1997-06-30,20.5,0,16,02:00,25,15:00,3,8.9,13.1,14:30,73,,,,,2025-05-06 18:20:53.625302,2025-05-06 18:20:53.625302
164065,137,1997-07-01,22,0,18,,26,16:00,30,3.6,8.9,14:05,80,,,,,2025-05-06 18:20:53.651021,2025-05-06 18:20:53.651021
164073,137,1997-07-02,23,0,18,06:00,28,16:00,3,4.7,8.9,17:35,70,,,,,2025-05-06 18:20:53.680338,2025-05-06 18:20:53.680338
164081,137,1997-07-03,20.5,0,17,06:00,24,16:00,3,7.5,11.9,14:10,74,,,,,2025-05-06 18:20:53.707041,2025-05-06 18:20:53.707041
164089,137,1997-07-04,20,0,17,06:00,23,16:00,3,10,15,16:45,82,,,,,2025-05-06 18:20:53.734538,2025-05-06 18:20:53.734538
164097,137,1997-07-05,20,0,17,06:00,23,16:00,6,8.9,13.1,11:30,82,,,,,2025-05-06 18:20:53.762611,2025-05-06 18:20:53.762611
164105,137,1997-07-06,21,0,17,06:00,25,15:00,2,9.7,11.9,12:50,77,,,,,2025-05-06 18:20:53.787901,2025-05-06 18:20:53.787901
164113,137,1997-07-07,21,0,17,,25,14:00,3,8.3,13.9,18:45,82,,,,,2025-05-06 18:20:53.816647,2025-05-06 18:20:53.816647
164121,137,1997-07-08,24,0,19,,29,14:00,9,14.7,21.1,06:20,63,,,,,2025-05-06 18:20:53.844550,2025-05-06 18:20:53.844550
164129,137,1997-07-09,22.5,0,19,,26,14:00,9,13.1,21.1,02:55,74,,,,,2025-05-06 18:20:53.869526,2025-05-06 18:20:53.869526
164137,137,1997-07-10,21.5,0,18,,25,14:00,0,,,,83,,,,,2025-05-06 18:20:53.896905,2025-05-06 18:20:53.896905
164145,137,1997-07-11,21.5,0,18,,25,16:00,2,8.9,15,,79,,,,,2025-05-06 18:20:53.921784,2025-05-06 18:20:53.921784
164153,137,1997-07-12,22,0,18,,26,15:00,2,7.8,11.9,13:10,75,,,,,2025-05-06 18:20:53.951326,2025-05-06 18:20:53.951326
164161,137,1997-07-13,23.5,0,19,06:00,28,14:00,36,4.4,10,14:00,70,,,,,2025-05-06 18:20:53.978283,2025-05-06 18:20:53.978283
164169,137,1997-07-14,21.5,0,18,06:00,25,16:00,99,5.3,11.9,,79,,,,,2025-05-06 18:20:54.007207,2025-05-06 18:20:54.007207
164177,137,1997-07-15,21.5,0,18,05:00,25,15:00,2,8.1,13.1,15:30,79,,,,,2025-05-06 18:20:54.033105,2025-05-06 18:20:54.033105
164185,137,1997-07-16,21.5,0,18,,25,16:00,2,9.7,18.1,11:45,80,,,,,2025-05-06 18:20:54.061234,2025-05-06 18:20:54.061234
164193,137,1997-07-17,22.5,0,19,,26,14:00,8,11.4,18.1,20:50,71,,,,,2025-05-06 18:20:54.088384,2025-05-06 18:20:54.088384
164201,137,1997-07-18,21,0,17,04:00,25,14:00,3,9.7,16.9,13:45,77,,,,,2025-05-06 18:20:54.115689,2025-05-06 18:20:54.115689
164209,137,1997-07-19,22,0,19,,25,14:00,3,9.2,16.1,15:10,77,,,,,2025-05-06 18:20:54.142131,2025-05-06 18:20:54.142131
164217,137,1997-07-20,22,0,19,,25,14:00,3,6.9,11.9,14:45,79,,,,,2025-05-06 18:20:54.166233,2025-05-06 18:20:54.166233
164225,137,1997-07-21,21.5,0,18,06:00,25,16:00,6,5,8.9,20:30,77,,,,,2025-05-06 18:20:54.195110,2025-05-06 18:20:54.195110
164233,137,1997-07-22,22.5,0,18,06:00,27,14:00,3,6.1,11.1,,71,,,,,2025-05-06 18:20:54.222873,2025-05-06 18:20:54.222873
164241,137,1997-07-23,22.5,0,19,06:00,26,14:00,2,7.5,11.1,,72,,,,,2025-05-06 18:20:54.250446,2025-05-06 18:20:54.250446
164249,137,1997-07-24,23,0,19,06:00,27,16:00,3,9.7,16.1,14:30,78,,,,,2025-05-06 18:20:54.278947,2025-05-06 18:20:54.278947
164257,137,1997-07-25,22.5,0,19,06:00,26,15:00,9,12.8,18.1,,67,,,,,2025-05-06 18:20:54.307291,2025-05-06 18:20:54.307291
164265,137,1997-07-26,22,0,17,,27,15:00,36,6.7,13.1,,83,,,,,2025-05-06 18:20:54.335674,2025-05-06 18:20:54.335674
164273,137,1997-07-27,22,0,17,06:00,27,16:00,3,7.5,15,13:15,70,,,,,2025-05-06 18:20:54.363341,2025-05-06 18:20:54.363341
164281,137,1997-07-28,21.5,0,18,05:00,25,16:00,4,8.6,16.1,09:30,77,,,,,2025-05-06 18:20:54.392940,2025-05-06 18:20:54.392940
164289,137,1997-07-29,22.5,0,19,,26,16:00,3,9.7,16.9,15:45,79,,,,,2025-05-06 18:20:54.420008,2025-05-06 18:20:54.420008
164297,137,1997-07-30,22,0,19,,25,14:00,3,7.8,15,15:15,78,,,,,2025-05-06 18:20:54.447555,2025-05-06 18:20:54.447555
164305,137,1997-07-31,22.5,0,19,,26,15:00,2,10,16.1,14:30,78,,,,,2025-05-06 18:20:54.475862,2025-05-06 18:20:54.475862
164313,137,1997-08-01,22,0,18,06:00,26,16:00,3,7.2,13.1,14:50,78,,,,,2025-05-06 18:20:54.502384,2025-05-06 18:20:54.502384
164321,137,1997-08-02,22.5,0,18,,27,16:00,36,6.1,11.1,16:30,75,,,,,2025-05-06 18:20:54.529669,2025-05-06 18:20:54.529669
164329,137,1997-08-03,23,0,19,06:00,27,15:00,3,8.1,15,13:30,70,,,,,2025-05-06 18:20:54.558144,2025-05-06 18:20:54.558144
164337,137,1997-08-04,23,0,19,06:00,27,15:00,3,10.6,16.9,13:55,70,,,,,2025-05-06 18:20:54.585456,2025-05-06 18:20:54.585456
164345,137,1997-08-05,22.5,0,18,,27,16:00,36,6.7,11.9,17:15,74,,,,,2025-05-06 18:20:54.614915,2025-05-06 18:20:54.614915
164353,137,1997-08-06,22,0,17,04:00,27,16:00,36,7.5,16.1,14:30,72,,,,,2025-05-06 18:20:54.647125,2025-05-06 18:20:54.647125
164361,137,1997-08-07,22,0,18,,26,16:00,3,7.2,13.1,11:10,74,,,,,2025-05-06 18:20:54.672187,2025-05-06 18:20:54.672187
164369,137,1997-08-08,22,0,17,06:00,27,16:00,99,3.3,6.9,,69,,,,,2025-05-06 18:20:54.697166,2025-05-06 18:20:54.697166
164377,137,1997-08-09,22,0,18,,26,17:00,3,3.3,8.9,14:55,75,,,,,2025-05-06 18:20:54.726296,2025-05-06 18:20:54.726296
164385,137,1997-08-10,22.5,0,20,,25,14:00,9,10.6,21.1,21:55,75,,,,,2025-05-06 18:20:54.797896,2025-05-06 18:20:54.797896
164392,137,1997-08-11,24.5,0,20,,29,16:00,9,10.6,20,16:30,62,,,,,2025-05-06 18:20:54.825041,2025-05-06 18:20:54.825041
164399,137,1997-08-12,25,0,19,,31,14:00,6,6.7,15,00:00,59,,,,,2025-05-06 18:20:54.850321,2025-05-06 18:20:54.850321
164407,137,1997-08-13,23,0,19,,27,14:00,9,10.3,16.9,07:30,67,,,,,2025-05-06 18:20:54.875450,2025-05-06 18:20:54.875450
164415,137,1997-08-14,23,0,19,04:00,27,14:00,9,11.9,20,11:50,60,,,,,2025-05-06 18:20:54.903928,2025-05-06 18:20:54.903928
164422,137,1997-08-15,25,0,21,04:00,29,14:00,9,7.2,20,22:15,52,,,,,2025-05-06 18:20:54.927611,2025-05-06 18:20:54.927611
164429,137,1997-08-16,28,0,23,05:00,33,14:00,9,13.6,20,08:55,48,,,,,2025-05-06 18:20:54.951323,2025-05-06 18:20:54.951323
164436,137,1997-08-17,24.5,0,19,19:00,30,03:00,4,6.7,13.1,,73,,,,,2025-05-06 18:20:54.976835,2025-05-06 18:20:54.976835
164443,137,1997-08-18,23,0,19,04:00,27,14:00,3,7.2,13.9,17:15,67,,,,,2025-05-06 18:20:55.000947,2025-05-06 18:20:55.000947
164451,137,1997-08-19,23,0,18,06:00,28,14:00,2,10.3,16.1,13:55,64,,,,,2025-05-06 18:20:55.026594,2025-05-06 18:20:55.026594
164459,137,1997-08-20,23.5,0,19,06:00,28,15:00,2,7.5,15,15:30,66,,,,,2025-05-06 18:20:55.054171,2025-05-06 18:20:55.054171
164467,137,1997-08-21,23.5,0,19,06:00,28,14:00,3,5.3,11.9,19:10,54,,,,,2025-05-06 18:20:55.082280,2025-05-06 18:20:55.082280
164475,137,1997-08-22,23,0,19,,27,14:00,3,8.1,13.9,17:10,72,,,,,2025-05-06 18:20:55.110928,2025-05-06 18:20:55.110928
164483,137,1997-08-23,22,0,18,06:00,26,15:00,4,6.1,10,10:50,77,,,,,2025-05-06 18:20:55.138459,2025-05-06 18:20:55.138459
164491,137,1997-08-24,23.5,0,20,,27,14:00,3,5.6,10,16:45,73,,,,,2025-05-06 18:20:55.168392,2025-05-06 18:20:55.168392
164499,137,1997-08-25,24,0,20,,28,14:00,3,8.3,13.9,16:05,79,,,,,2025-05-06 18:20:55.197547,2025-05-06 18:20:55.197547
164507,137,1997-08-26,24,0,20,,28,14:00,2,9.4,15,13:45,75,,,,,2025-05-06 18:20:55.222320,2025-05-06 18:20:55.222320
164515,137,1997-08-27,24,0,20,,28,14:00,2,,15,12:45,75,,,,,2025-05-06 18:20:55.250226,2025-05-06 18:20:55.250226
164522,137,1997-08-28,23.5,0,20,,27,14:00,6,8.1,16.1,09:12,79,,,,,2025-05-06 18:20:55.275512,2025-05-06 18:20:55.275512
164529,137,1997-08-29,24.5,0,21,,28,14:00,3,8.3,13.1,14:10,74,,,,,2025-05-06 18:20:55.298959,2025-05-06 18:20:55.298959
164537,137,1997-08-30,23,0,20,,26,14:00,3,9.4,13.1,14:50,71,,,,,2025-05-06 18:20:55.329071,2025-05-06 18:20:55.329071
164545,137,1997-08-31,23,0,19,04:00,27,15:00,8,8.6,13.9,16:02,72,,,,,2025-05-06 18:20:55.355554,2025-05-06 18:20:55.355554
164553,137,1997-09-01,22.5,0,19,06:00,26,14:00,2,8.1,13.9,11:15,75,,,,,2025-05-06 18:20:55.383932,2025-05-06 18:20:55.383932
164561,137,1997-09-02,22.5,0,19,,26,14:00,3,7.8,13.1,14:55,83,,,,,2025-05-06 18:20:55.411162,2025-05-06 18:20:55.411162
164569,137,1997-09-03,22,0,19,,25,14:00,2,6.4,13.1,14:15,75,,,,,2025-05-06 18:20:55.439801,2025-05-06 18:20:55.439801
164577,137,1997-09-04,22.5,0,18,04:00,27,14:00,3,5.6,11.1,16:02,75,,,,,2025-05-06 18:20:55.467058,2025-05-06 18:20:55.467058
164585,137,1997-09-05,24.5,0,20,,29,15:00,2,7.8,15,11:30,63,,,,,2025-05-06 18:20:55.492437,2025-05-06 18:20:55.492437
164593,137,1997-09-06,23.5,0,18,04:00,29,14:00,11,9.7,15,06:30,70,,,,,2025-05-06 18:20:55.518544,2025-05-06 18:20:55.518544
164601,137,1997-09-07,25,0,20,06:00,30,14:00,10,6.4,16.1,20:45,64,,,,,2025-05-06 18:20:55.543415,2025-05-06 18:20:55.543415
164609,137,1997-09-08,26.5,0,21,06:00,32,15:00,36,10.8,15,15:50,53,,,,,2025-05-06 18:20:55.572852,2025-05-06 18:20:55.572852
164617,137,1997-09-09,28,0,22,10:00,34,15:00,2,6.9,13.1,11:20,49,,,,,2025-05-06 18:20:55.600344,2025-05-06 18:20:55.600344
164625,137,1997-09-10,25,0,20,05:00,30,14:00,2,4.4,11.1,10:55,60,,,,,2025-05-06 18:20:55.628158,2025-05-06 18:20:55.628158
164633,137,1997-09-11,23.5,0,19,06:00,28,14:00,3,2.8,8.9,13:55,73,,,,,2025-05-06 18:20:55.656138,2025-05-06 18:20:55.656138
164641,137,1997-09-12,24,0,20,,28,15:00,30,2.2,6.1,13:50,75,,,,,2025-05-06 18:20:55.681194,2025-05-06 18:20:55.681194
164649,137,1997-09-13,24,0,21,05:00,27,16:00,27,3.3,6.9,06:15,71,,,,,2025-05-06 18:20:55.709601,2025-05-06 18:20:55.709601
164657,137,1997-09-14,22.5,0,20,06:00,25,15:00,3,5.3,10,14:02,72,,,,,2025-05-06 18:20:55.737867,2025-05-06 18:20:55.737867
164665,137,1997-09-15,22.5,0,20,06:00,25,14:00,6,6.7,13.1,14:50,77,,,,,2025-05-06 18:20:55.766407,2025-05-06 18:20:55.766407
164673,137,1997-09-16,21,0,18,06:00,24,14:00,3,5.8,10,15:45,80,,,,,2025-05-06 18:20:55.794269,2025-05-06 18:20:55.794269
164681,137,1997-09-17,21.5,0,18,,25,15:00,2,5,11.1,15:10,74,,,,,2025-05-06 18:20:55.822277,2025-05-06 18:20:55.822277
164689,137,1997-09-18,24,0,19,,29,15:00,8,8.3,18.1,12:55,71,,,,,2025-05-06 18:20:55.851086,2025-05-06 18:20:55.851086
164697,137,1997-09-19,25,0,20,02:00,30,15:00,11,6.4,20,05:30,56,,,,,2025-05-06 18:20:55.879668,2025-05-06 18:20:55.879668
164705,137,1997-09-20,26.5,,21,,32,12:00,35,6.9,15,12:15,58,,,,,2025-05-06 18:20:55.908853,2025-05-06 18:20:55.908853
164713,137,1997-09-21,23,0,19,04:00,27,15:00,9,11.9,21.1,05:55,68,,,,,2025-05-06 18:20:55.935204,2025-05-06 18:20:55.935204
164721,137,1997-09-22,22,0,19,06:00,25,14:00,3,6.7,11.9,13:02,71,,,,,2025-05-06 18:20:55.963281,2025-05-06 18:20:55.963281
164729,137,1997-09-23,21.5,0,18,06:00,25,14:00,6,5.6,11.1,08:55,72,,,,,2025-05-06 18:20:55.992975,2025-05-06 18:20:55.992975
164737,137,1997-09-24,22.5,0,20,,25,14:00,4,6.4,11.1,12:30,70,,,,,2025-05-06 18:20:56.021254,2025-05-06 18:20:56.021254
164745,137,1997-09-25,23.5,0,20,,27,15:00,3,6.1,10,15:05,69,,,,,2025-05-06 18:20:56.048482,2025-05-06 18:20:56.048482
164753,137,1997-09-26,22.5,0,20,,25,14:00,3,5.6,8.9,,72,,,,,2025-05-06 18:20:56.075651,2025-05-06 18:20:56.075651
164761,137,1997-09-27,22,2,18,06:00,26,14:00,30,4.7,8.9,12:40,72,,,,,2025-05-06 18:20:56.104890,2025-05-06 18:20:56.104890
164769,137,1997-09-28,21.5,10,18,06:00,25,14:00,36,3.1,6.9,,78,,,,,2025-05-06 18:20:56.131548,2025-05-06 18:20:56.131548
164777,137,1997-09-29,21.5,0,17,05:00,26,15:00,36,4.4,6.9,,73,,,,,2025-05-06 18:20:56.161320,2025-05-06 18:20:56.161320
164785,137,1997-09-30,21,,17,06:00,25,16:00,99,3.3,6.9,,81,,,,,2025-05-06 18:20:56.188963,2025-05-06 18:20:56.188963
164793,137,1997-10-01,21.5,0,17,06:00,26,14:00,99,3.1,6.9,,74,,,,,2025-05-06 18:20:56.217403,2025-05-06 18:20:56.217403
164801,137,1997-10-02,23.5,0,20,,27,14:00,99,3.9,6.9,,72,,,,,2025-05-06 18:20:56.244343,2025-05-06 18:20:56.244343
164809,137,1997-10-03,24,0,20,,28,14:00,99,3.3,6.9,,76,,,,,2025-05-06 18:20:56.273471,2025-05-06 18:20:56.273471
164817,137,1997-10-04,23,0,19,04:00,27,14:00,99,4.2,6.9,,69,,,,,2025-05-06 18:20:56.299148,2025-05-06 18:20:56.299148
164824,137,1997-10-05,22.5,0,19,05:00,26,14:00,34,,6.9,21:05,75,,,,,2025-05-06 18:20:56.324510,2025-05-06 18:20:56.324510
164831,137,1997-10-06,22.5,0,19,05:00,26,14:00,32,3.6,11.1,14:10,77,,,,,2025-05-06 18:20:56.348947,2025-05-06 18:20:56.348947
164839,137,1997-10-07,22,0,19,05:00,25,14:00,6,5.8,11.9,14:15,81,,,,,2025-05-06 18:20:56.376989,2025-05-06 18:20:56.376989
164847,137,1997-10-08,21.5,0,18,06:00,25,15:00,9,5.3,11.9,17:55,76,,,,,2025-05-06 18:20:56.404379,2025-05-06 18:20:56.404379
164855,137,1997-10-09,22,0,18,06:00,26,16:00,9,8.3,16.1,03:30,75,,,,,2025-05-06 18:20:56.428211,2025-05-06 18:20:56.428211
164863,137,1997-10-10,24,0,20,,28,16:00,6,9.7,18.9,09:10,71,,,,,2025-05-06 18:20:56.452829,2025-05-06 18:20:56.452829
164871,137,1997-10-11,24.5,0,20,,29,15:00,9,6.7,15,08:30,67,,,,,2025-05-06 18:20:56.475970,2025-05-06 18:20:56.475970
164879,137,1997-10-12,23.5,0,19,,28,15:00,36,2.2,6.9,,76,,,,,2025-05-06 18:20:56.500699,2025-05-06 18:20:56.500699
164887,137,1997-10-13,24,0,19,06:00,29,14:00,4,6.7,15,13:15,72,,,,,2025-05-06 18:20:56.524990,2025-05-06 18:20:56.524990
164895,137,1997-10-14,22,0,20,,24,14:00,2,5,11.1,11:18,79,,,,,2025-05-06 18:20:56.547498,2025-05-06 18:20:56.547498
164903,137,1997-10-15,20.5,0,19,06:00,22,14:00,2,4.4,11.1,16:15,79,,,,,2025-05-06 18:20:56.573561,2025-05-06 18:20:56.573561
164911,137,1997-10-16,20.5,0,19,04:00,22,14:00,99,5.8,8.1,,85,,,,,2025-05-06 18:20:56.597868,2025-05-06 18:20:56.597868
164919,137,1997-10-17,21,0,18,04:00,24,16:00,24,1.9,8.9,23:20,85,,,,,2025-05-06 18:20:56.626800,2025-05-06 18:20:56.626800
164927,137,1997-10-18,21,0,17,06:00,25,16:00,27,6.4,11.9,14:00,74,,,,,2025-05-06 18:20:56.655069,2025-05-06 18:20:56.655069
164935,137,1997-10-19,23.5,0,18,06:00,29,16:00,28,3.9,15,14:10,65,,,,,2025-05-06 18:21:57.700795,2025-05-06 18:21:57.700795
164943,137,1997-10-20,25.5,,20,,31,16:00,27,6.1,15,15:30,71,,,,,2025-05-06 18:21:57.740744,2025-05-06 18:21:57.740744
164951,137,1997-10-21,27,0,23,02:00,31,16:00,24,3.9,15,08:30,74,,,,,2025-05-06 18:21:57.777384,2025-05-06 18:21:57.777384
164959,137,1997-10-22,24,0,21,,27,14:00,3,4.7,6.9,,70,,,,,2025-05-06 18:21:57.809163,2025-05-06 18:21:57.809163
164967,137,1997-10-23,22,0,18,06:00,26,14:00,27,2.2,8.1,11:58,81,,,,,2025-05-06 18:21:57.857316,2025-05-06 18:21:57.857316
164975,137,1997-10-24,22.5,0,18,04:00,27,14:00,24,2.2,11.1,15:00,76,,,,,2025-05-06 18:21:57.899375,2025-05-06 18:21:57.899375
164983,137,1997-10-25,22.5,0,18,06:00,27,14:00,27,3.9,10,14:30,76,,,,,2025-05-06 18:21:57.927688,2025-05-06 18:21:57.927688
164991,137,1997-10-26,22.5,0,18,06:00,27,14:00,3,3.6,6.9,,70,,,,,2025-05-06 18:21:57.952098,2025-05-06 18:21:57.952098
164999,137,1997-10-27,21.5,0,18,06:00,25,14:00,3,5,10,14:10,71,,,,,2025-05-06 18:21:57.982830,2025-05-06 18:21:57.982830
165007,137,1997-10-28,21.5,0,19,06:00,24,14:00,2,8.1,16.1,14:55,74,,,,,2025-05-06 18:21:58.010700,2025-05-06 18:21:58.010700
165015,137,1997-10-29,22,0,19,06:00,25,14:00,9,7.2,16.9,06:30,81,,,,,2025-05-06 18:21:58.040957,2025-05-06 18:21:58.040957
165023,137,1997-10-30,20.5,0,17,06:00,24,16:00,2,2.8,8.1,13:15,77,,,,,2025-05-06 18:21:58.069550,2025-05-06 18:21:58.069550
165031,137,1997-10-31,20,0,16,06:00,24,16:00,28,3.3,8.1,13:55,76,,,,,2025-05-06 18:21:58.097650,2025-05-06 18:21:58.097650
165039,137,1997-11-01,23.5,0,18,04:00,29,14:00,21,7.8,13.9,22:05,66,,,,,2025-05-06 18:21:58.126056,2025-05-06 18:21:58.126056
165047,137,1997-11-02,25,0,22,,28,16:00,19,8.1,16.1,17:10,69,,,,,2025-05-06 18:21:58.154758,2025-05-06 18:21:58.154758
165055,137,1997-11-03,23.5,0,21,,26,14:00,27,,13.9,02:15,83,,,,,2025-05-06 18:21:58.183884,2025-05-06 18:21:58.183884
165063,137,1997-11-04,22.5,0,19,06:00,26,14:00,24,1.9,6.9,15:55,81,,,,,2025-05-06 18:21:58.210899,2025-05-06 18:21:58.210899
165071,137,1997-11-05,26.5,0,21,02:00,32,14:00,24,12.2,30,15:58,58,,,,,2025-05-06 18:21:58.239457,2025-05-06 18:21:58.239457
165079,137,1997-11-06,19.5,0,17,05:00,22,14:00,3,5.8,11.9,10:30,76,,,,,2025-05-06 18:21:58.265120,2025-05-06 18:21:58.265120
165087,137,1997-11-07,19.5,0,16,05:00,23,15:00,12,3.6,8.9,07:50,84,,,,,2025-05-06 18:21:58.294781,2025-05-06 18:21:58.294781
165095,137,1997-11-08,21.5,0,19,,24,14:00,9,6.9,11.9,06:30,79,,,,,2025-05-06 18:21:58.326351,2025-05-06 18:21:58.326351
165103,137,1997-11-09,20,0,17,06:00,23,14:00,6,6.4,13.1,,83,,,,,2025-05-06 18:21:58.355619,2025-05-06 18:21:58.355619
165111,137,1997-11-10,20,0,17,06:00,23,14:00,99,6.7,11.1,,82,,,,,2025-05-06 18:21:58.383984,2025-05-06 18:21:58.383984
165119,137,1997-11-11,19.5,0,17,06:00,22,14:00,2,6.7,11.1,08:58,87,,,,,2025-05-06 18:21:58.411207,2025-05-06 18:21:58.411207
165127,137,1997-11-12,19,0,16,06:00,22,15:00,6,5.6,13.9,08:30,82,,,,,2025-05-06 18:21:58.441105,2025-05-06 18:21:58.441105
165135,137,1997-11-13,18,0,16,06:00,20,14:00,6,9.7,13.9,11:45,80,,,,,2025-05-06 18:21:58.467056,2025-05-06 18:21:58.467056
165143,137,1997-11-14,18,0,16,06:00,20,14:00,6,7.2,15,17:05,84,,,,,2025-05-06 18:21:58.495372,2025-05-06 18:21:58.495372
165151,137,1997-11-15,20,0,17,06:00,23,12:00,9,6.7,13.9,22:15,75,,,,,2025-05-06 18:21:58.525091,2025-05-06 18:21:58.525091
165159,137,1997-11-16,21,0,18,06:00,24,14:00,9,6.9,13.9,05:30,77,,,,,2025-05-06 18:21:58.551807,2025-05-06 18:21:58.551807
165167,137,1997-11-17,21,0,18,,24,14:00,36,3.3,8.1,19:45,83,,,,,2025-05-06 18:21:58.582349,2025-05-06 18:21:58.582349
165175,137,1997-11-18,20,0,17,06:00,23,14:00,6,5.6,10,19:45,85,,,,,2025-05-06 18:21:58.611185,2025-05-06 18:21:58.611185
165183,137,1997-11-19,20,0,16,05:00,24,14:00,4,5.8,11.1,21:00,80,,,,,2025-05-06 18:21:58.638042,2025-05-06 18:21:58.638042
165191,137,1997-11-20,19.5,0,15,06:00,24,14:00,9,10,18.1,04:30,82,,,,,2025-05-06 18:21:58.666916,2025-05-06 18:21:58.666916
165199,137,1997-11-21,19.5,0,15,06:00,24,14:00,8,5.3,10,22:45,84,,,,,2025-05-06 18:21:58.694373,2025-05-06 18:21:58.694373
165207,137,1997-11-22,18.5,0,16,06:00,21,15:00,8,8.3,16.1,10:15,80,,,,,2025-05-06 18:21:58.723182,2025-05-06 18:21:58.723182
165215,137,1997-11-23,19.5,0,15,06:00,24,14:00,99,3.3,6.1,,72,,,,,2025-05-06 18:21:58.752355,2025-05-06 18:21:58.752355
165223,137,1997-11-24,18.5,0,16,,21,14:00,99,2.8,6.9,,77,,,,,2025-05-06 18:21:58.780100,2025-05-06 18:21:58.780100
165231,137,1997-11-25,19,0,15,06:00,23,14:00,27,1.9,8.1,13:55,75,,,,,2025-05-06 18:21:58.809144,2025-05-06 18:21:58.809144
165239,137,1997-11-26,19,0,15,06:00,23,14:00,2,4.4,8.9,14:00,76,,,,,2025-05-06 18:21:58.836779,2025-05-06 18:21:58.836779
165247,137,1997-11-27,19.5,0,17,06:00,22,14:00,11,6.9,13.9,15:55,69,,,,,2025-05-06 18:21:58.866296,2025-05-06 18:21:58.866296
165255,137,1997-11-28,20,0,19,,21,14:00,9,6.9,13.1,,70,,,,,2025-05-06 18:21:58.891885,2025-05-06 18:21:58.891885
165263,137,1997-11-29,21.5,0,19,,24,14:00,8,12.2,20,05:45,73,,,,,2025-05-06 18:21:58.918671,2025-05-06 18:21:58.918671
165271,137,1997-11-30,20.5,,16,,25,16:00,31,2.5,6.1,13:55,65,,,,,2025-05-06 18:21:58.947564,2025-05-06 18:21:58.947564
165279,137,1997-12-01,22,0,19,,25,15:00,99,1.1,3.9,,65,,,,,2025-05-06 18:21:58.974921,2025-05-06 18:21:58.974921
165287,137,1997-12-02,21.5,0,18,06:00,25,15:00,2,2.5,6.9,14:30,58,,,,,2025-05-06 18:21:59.004840,2025-05-06 18:21:59.004840
165295,137,1997-12-03,19,0,15,06:00,23,14:00,2,3.6,6.9,14:55,79,,,,,2025-05-06 18:21:59.033714,2025-05-06 18:21:59.033714
165303,137,1997-12-04,18,0,16,06:00,20,14:00,32,3.3,6.9,10:30,75,,,,,2025-05-06 18:21:59.060080,2025-05-06 18:21:59.060080
165311,137,1997-12-05,17.5,0,15,06:00,20,14:00,8,5.6,10,10:55,74,,,,,2025-05-06 18:21:59.087470,2025-05-06 18:21:59.087470
165319,137,1997-12-06,18,0,15,06:00,21,14:00,99,6.4,13.9,,57,,,,,2025-05-06 18:21:59.117368,2025-05-06 18:21:59.117368
165327,137,1997-12-07,17.5,0,14,06:00,21,14:00,99,4.7,11.9,,54,,,,,2025-05-06 18:21:59.146987,2025-05-06 18:21:59.146987
165335,137,1997-12-08,18.5,0,13,06:00,24,14:00,99,4.2,10,,66,,,,,2025-05-06 18:21:59.173902,2025-05-06 18:21:59.173902
165343,137,1997-12-09,19,0,16,,22,14:00,99,5.6,8.9,,68,,,,,2025-05-06 18:21:59.201144,2025-05-06 18:21:59.201144
165351,137,1997-12-10,19,0,15,04:00,23,14:00,99,2.8,8.1,,84,,,,,2025-05-06 18:21:59.229627,2025-05-06 18:21:59.229627
165359,137,1997-12-11,19.5,0,15,06:00,24,15:00,99,1.9,5,,78,,,,,2025-05-06 18:21:59.259955,2025-05-06 18:21:59.259955
165367,137,1997-12-12,19,0,14,06:00,24,14:00,99,3.6,8.9,,61,,,,,2025-05-06 18:21:59.287057,2025-05-06 18:21:59.287057
165375,137,1997-12-13,19.5,0,16,06:00,23,14:00,99,2.5,6.1,,49,,,,,2025-05-06 18:21:59.314285,2025-05-06 18:21:59.314285
165383,137,1997-12-14,18.5,0,14,06:00,23,14:00,99,1.9,6.1,,63,,,,,2025-05-06 18:21:59.343216,2025-05-06 18:21:59.343216
165391,137,1997-12-15,22,0,18,06:00,26,15:00,3,6.7,23.1,10:15,58,,,,,2025-05-06 18:21:59.370485,2025-05-06 18:21:59.370485
165399,137,1997-12-16,19.5,0,16,06:00,23,14:00,28,4.4,11.1,,72,,,,,2025-05-06 18:21:59.397419,2025-05-06 18:21:59.397419
165407,137,1997-12-17,20,0,16,02:00,24,14:00,30,11.7,23.1,12:45,58,,,,,2025-05-06 18:21:59.427450,2025-05-06 18:21:59.427450
165415,137,1997-12-18,20,0,17,06:00,23,14:00,27,6.9,20,05:15,75,,,,,2025-05-06 18:21:59.454328,2025-05-06 18:21:59.454328
165423,137,1997-12-19,20.5,0,17,06:00,24,14:00,36,3.1,8.1,10:10,73,,,,,2025-05-06 18:21:59.481063,2025-05-06 18:21:59.481063
165431,137,1997-12-20,20.5,0,16,05:00,25,14:00,99,3.9,6.1,,69,,,,,2025-05-06 18:21:59.509374,2025-05-06 18:21:59.509374
165439,137,1997-12-21,18,0,15,06:00,21,14:00,11,4.7,11.1,23:05,75,,,,,2025-05-06 18:21:59.539299,2025-05-06 18:21:59.539299
165447,137,1997-12-22,19,0,16,06:00,22,14:00,8,5.3,13.9,10:00,74,,,,,2025-05-06 18:21:59.568767,2025-05-06 18:21:59.568767
165455,137,1997-12-23,19.5,0,16,,23,14:00,6,3.3,16.1,04:55,75,,,,,2025-05-06 18:21:59.595347,2025-05-06 18:21:59.595347
165463,137,1997-12-24,18,0,13,06:00,23,14:00,34,3.1,6.1,12:55,64,,,,,2025-05-06 18:21:59.624695,2025-05-06 18:21:59.624695
165471,137,1997-12-25,21.5,0,18,,25,14:00,9,2.8,10,21:45,53,,,,,2025-05-06 18:21:59.654503,2025-05-06 18:21:59.654503
165479,137,1997-12-26,20,0,16,,24,14:00,10,5.3,21.9,23:10,69,,,,,2025-05-06 18:21:59.682762,2025-05-06 18:21:59.682762
165487,137,1997-12-27,18,0,14,06:00,22,14:00,9,11.7,21.1,08:30,79,,,,,2025-05-06 18:21:59.711475,2025-05-06 18:21:59.711475
165495,137,1997-12-28,18,0,14,06:00,22,14:00,3,6.7,13.1,11:15,81,,,,,2025-05-06 18:21:59.740684,2025-05-06 18:21:59.740684
165503,137,1997-12-29,15.5,0,13,04:00,18,14:00,34,5.6,8.1,13:00,86,,,,,2025-05-06 18:21:59.767581,2025-05-06 18:21:59.767581
165511,137,1997-12-30,15.5,11.5,13,,18,14:00,36,4.7,10,22:10,89,,,,,2025-05-06 18:21:59.797241,2025-05-06 18:21:59.797241
165519,137,1997-12-31,16.5,,15,,18,14:00,3,7.8,20,17:05,85,,,,,2025-05-06 18:21:59.826315,2025-05-06 18:21:59.826315
166155,137,1998-04-01,17.5,,15,06:00,20,14:00,2,6.4,11.9,18:50,80,,,,,2025-05-06 18:22:02.087858,2025-05-06 18:22:02.087858
166163,137,1998-04-02,18,,16,,20,14:00,3,7.2,13.1,19:30,85,,,,,2025-05-06 18:22:02.116214,2025-05-06 18:22:02.116214
166171,137,1998-04-03,18.5,,15,06:00,22,15:00,6,5.3,10,11:55,81,,,,,2025-05-06 18:22:02.143912,2025-05-06 18:22:02.143912
166179,137,1998-04-04,18.5,,15,05:00,22,15:00,2,7.2,13.1,14:55,78,,,,,2025-05-06 18:22:02.172565,2025-05-06 18:22:02.172565
166187,137,1998-04-05,17.5,,15,06:00,20,15:00,36,7.2,16.9,15:58,80,,,,,2025-05-06 18:22:02.201399,2025-05-06 18:22:02.201399
166195,137,1998-04-06,18,,15,06:00,21,15:00,6,6.9,16.1,11:55,83,,,,,2025-05-06 18:22:02.229706,2025-05-06 18:22:02.229706
166203,137,1998-04-07,18,,15,,21,15:00,2,5,13.1,12:45,79,,,,,2025-05-06 18:22:02.260579,2025-05-06 18:22:02.260579
166211,137,1998-04-08,17,,14,,20,15:00,3,5.6,13.9,19:55,89,,,,,2025-05-06 18:22:02.291328,2025-05-06 18:22:02.291328
166219,137,1998-04-09,17,,14,06:00,20,14:00,2,6.4,13.1,15:55,84,,,,,2025-05-06 18:22:02.316797,2025-05-06 18:22:02.316797
166227,137,1998-04-10,16.5,,13,06:00,20,14:00,3,5,11.9,11:20,87,,,,,2025-05-06 18:22:02.345417,2025-05-06 18:22:02.345417
166235,137,1998-04-11,17.5,,15,,20,11:00,3,6.1,15,15:55,85,,,,,2025-05-06 18:22:02.373219,2025-05-06 18:22:02.373219
166243,137,1998-04-12,17.5,,15,,20,11:00,3,6.1,13.1,17:10,89,,,,,2025-05-06 18:22:02.402890,2025-05-06 18:22:02.402890
166251,137,1998-04-13,16.5,,13,06:00,20,14:00,2,6.1,16.1,15:30,86,,,,,2025-05-06 18:22:02.432302,2025-05-06 18:22:02.432302
166259,137,1998-04-14,15.5,,12,06:00,19,14:00,99,3.3,8.1,,84,,,,,2025-05-06 18:22:02.460672,2025-05-06 18:22:02.460672
166267,137,1998-04-15,15.5,,12,06:00,19,14:00,36,1.9,10.6,09:45,90,,,,,2025-05-06 18:22:02.487992,2025-05-06 18:22:02.487992
166275,137,1998-04-16,16,,13,06:00,19,14:00,6,6.7,16.9,11:45,90,,,,,2025-05-06 18:22:02.518018,2025-05-06 18:22:02.518018
166283,137,1998-04-17,16.5,,13,06:00,20,15:00,1,3.9,11.1,15:05,83,,,,,2025-05-06 18:22:02.545363,2025-05-06 18:22:02.545363
166291,137,1998-04-18,17,,14,06:00,20,16:00,36,3.9,13.1,16:50,85,,,,,2025-05-06 18:23:03.525104,2025-05-06 18:23:03.525104
166299,137,1998-04-19,17.5,,14,06:00,21,14:00,2,4.4,11.9,,85,,,,,2025-05-06 18:23:03.564626,2025-05-06 18:23:03.564626
166307,137,1998-04-20,17.5,,14,06:00,21,14:00,2,4.7,11.9,,89,,,,,2025-05-06 18:23:03.606484,2025-05-06 18:23:03.606484
166315,137,1998-04-21,18,,14,06:00,22,14:00,3,3.1,8.1,,84,,,,,2025-05-06 18:23:03.640090,2025-05-06 18:23:03.640090
166323,137,1998-04-22,18,,13,06:00,23,15:00,1,3.6,11.9,16:00,88,,,,,2025-05-06 18:23:03.672363,2025-05-06 18:23:03.672363
166331,137,1998-04-23,19,,14,06:00,24,15:00,8,5.8,16.1,15:00,82,,,,,2025-05-06 18:23:03.719301,2025-05-06 18:23:03.719301
166339,137,1998-04-24,19,,14,06:00,24,14:00,6,8.6,15,12:10,81,,,,,2025-05-06 18:23:03.767961,2025-05-06 18:23:03.767961
166347,137,1998-04-25,19.5,,15,,24,14:00,99,1.9,8.1,,82,,,,,2025-05-06 18:23:03.798039,2025-05-06 18:23:03.798039
166355,137,1998-04-26,20,,16,,24,14:00,9,8.3,21.1,20:30,80,,,,,2025-05-06 18:23:03.828873,2025-05-06 18:23:03.828873
166363,137,1998-04-27,19.5,,16,,23,14:00,9,12.8,26.1,08:10,85,,,,,2025-05-06 18:23:03.859957,2025-05-06 18:23:03.859957
166371,137,1998-04-28,19.5,,15,06:00,24,14:00,6,6.7,16.9,17:30,87,,,,,2025-05-06 18:23:03.888575,2025-05-06 18:23:03.888575
166379,137,1998-04-29,19.5,,16,06:00,23,15:00,3,5.3,16.1,22:30,79,,,,,2025-05-06 18:23:03.920102,2025-05-06 18:23:03.920102
166387,137,1998-04-30,19.5,,15,06:00,24,15:00,6,5.3,13.1,16:00,85,,,,,2025-05-06 18:23:03.949600,2025-05-06 18:23:03.949600
166394,137,1998-05-01,16.5,0,13,06:00,20,15:00,3,5,11.9,18:45,86,,,,,2025-05-06 18:23:03.973442,2025-05-06 18:23:03.973442
166401,137,1998-05-02,17.5,0,14,06:00,21,15:00,3,3.9,11.9,12:10,88,,,,,2025-05-06 18:23:03.998513,2025-05-06 18:23:03.998513
166408,137,1998-05-03,18.5,0,15,06:00,22,14:00,36,3.6,11.1,15:45,79,,,,,2025-05-06 18:23:04.023659,2025-05-06 18:23:04.023659
166415,137,1998-05-04,17,0,14,06:00,20,14:00,1,3.6,11.9,16:55,87,,,,,2025-05-06 18:23:04.049490,2025-05-06 18:23:04.049490
166422,137,1998-05-05,17,0,14,06:00,20,14:00,3,4.7,13.9,13:30,89,,,,,2025-05-06 18:23:04.076538,2025-05-06 18:23:04.076538
166429,137,1998-05-06,17,0,14,06:00,20,14:00,99,4.4,8.9,,90,,,,,2025-05-06 18:23:04.102009,2025-05-06 18:23:04.102009
166436,137,1998-05-07,18.5,0,14,06:00,23,15:00,99,2.5,8.1,,83,,,,,2025-05-06 18:23:04.128652,2025-05-06 18:23:04.128652
166443,137,1998-05-08,20,0,16,,24,15:00,30,2.2,6.9,16:50,79,,,,,2025-05-06 18:23:04.154671,2025-05-06 18:23:04.154671
166450,137,1998-05-09,20,0,16,06:00,24,15:00,18,6.9,21.9,12:30,69,,,,,2025-05-06 18:23:04.179311,2025-05-06 18:23:04.179311
166457,137,1998-05-10,18,0,16,,20,14:00,99,3.6,6.1,,85,,,,,2025-05-06 18:23:04.207116,2025-05-06 18:23:04.207116
166464,137,1998-05-11,15.5,0,14,06:00,17,14:00,32,3.6,8.9,15:45,91,,,,,2025-05-06 18:23:04.234772,2025-05-06 18:23:04.234772
166471,137,1998-05-12,17.5,0,13,06:00,22,16:00,32,3.1,8.9,11:30,81,,,,,2025-05-06 18:23:04.257525,2025-05-06 18:23:04.257525
166478,137,1998-05-13,18,0,14,06:00,22,16:00,9,3.6,8.1,14:00,81,,,,,2025-05-06 18:23:04.282267,2025-05-06 18:23:04.282267
166485,137,1998-05-14,19,0,15,06:00,23,16:00,2,3.6,10,,70,,,,,2025-05-06 18:23:04.307959,2025-05-06 18:23:04.307959
166492,137,1998-05-15,18,0,15,,21,14:00,1,6.4,16.1,12:45,77,,,,,2025-05-06 18:23:04.332747,2025-05-06 18:23:04.332747
166499,137,1998-05-16,18.5,0,15,06:00,22,14:00,2,3.9,18.9,15:55,78,,,,,2025-05-06 18:23:04.361552,2025-05-06 18:23:04.361552
166506,137,1998-05-17,18.5,0,15,06:00,22,14:00,9,8.1,18.9,06:30,84,,,,,2025-05-06 18:23:04.387705,2025-05-06 18:23:04.387705
166513,137,1998-05-18,19,0,15,06:00,23,14:00,2,6.9,13.9,16:15,84,,,,,2025-05-06 18:23:04.412473,2025-05-06 18:23:04.412473
166520,137,1998-05-19,19.5,0,16,06:00,23,14:00,36,5.6,13.9,14:00,82,,,,,2025-05-06 18:23:04.438334,2025-05-06 18:23:04.438334
166527,137,1998-05-20,19.5,,16,06:00,23,14:00,1,4.4,11.9,11:45,84,,,,,2025-05-06 18:23:04.464500,2025-05-06 18:23:04.464500
166600,137,1998-06-01,19.5,0,16,06:00,23,14:00,2,3.3,11.9,13:05,85,,,,,2025-05-06 18:23:04.739065,2025-05-06 18:23:04.739065
166607,137,1998-06-02,20.5,0,17,06:00,24,15:00,36,2.8,8.1,,75,,,,,2025-05-06 18:23:04.762597,2025-05-06 18:23:04.762597
166614,137,1998-06-03,21,0,17,,25,14:00,6,1.9,11.9,,71,,,,,2025-05-06 18:23:04.791058,2025-05-06 18:23:04.791058
166621,137,1998-06-04,20,0,16,06:00,24,12:00,99,1.7,6.9,,75,,,,,2025-05-06 18:23:04.817992,2025-05-06 18:23:04.817992
166628,137,1998-06-05,20,0,16,06:00,24,14:00,2,2.5,8.1,13:30,78,,,,,2025-05-06 18:23:04.840902,2025-05-06 18:23:04.840902
166635,137,1998-06-06,20,0,16,,24,14:00,2,2.8,8.1,,82,,,,,2025-05-06 18:23:04.865862,2025-05-06 18:23:04.865862
166642,137,1998-06-07,19,0,15,06:00,23,14:00,1,6.1,16.1,15:30,82,,,,,2025-05-06 18:23:04.889579,2025-05-06 18:23:04.889579
166649,137,1998-06-08,20.5,0,16,06:00,25,14:00,6,3.9,11.1,21:10,79,,,,,2025-05-06 18:23:04.914074,2025-05-06 18:23:04.914074
166656,137,1998-06-09,21,0,17,06:00,25,14:00,6,3.3,11.9,22:10,77,,,,,2025-05-06 18:23:04.940839,2025-05-06 18:23:04.940839
166663,137,1998-06-10,19.5,0,16,06:00,23,14:00,2,4.7,10,14:15,81,,,,,2025-05-06 18:23:04.967119,2025-05-06 18:23:04.967119
166670,137,1998-06-11,19.5,0,16,06:00,23,14:00,3,2.8,11.1,23:05,82,,,,,2025-05-06 18:23:04.991576,2025-05-06 18:23:04.991576
166677,137,1998-06-12,20.5,0,17,,24,14:00,8,10,18.9,09:15,81,,,,,2025-05-06 18:23:05.015945,2025-05-06 18:23:05.015945
166684,137,1998-06-13,20,0,15,06:00,25,14:00,3,3.6,11.1,22:55,79,,,,,2025-05-06 18:23:05.040152,2025-05-06 18:23:05.040152
166691,137,1998-06-14,20,0,15,06:00,25,14:00,3,5,13.1,,80,,,,,2025-05-06 18:23:05.066041,2025-05-06 18:23:05.066041
166698,137,1998-06-15,20.5,0,16,06:00,25,15:00,8,6.4,16.1,18:10,88,,,,,2025-05-06 18:23:05.092434,2025-05-06 18:23:05.092434
166705,137,1998-06-16,20,0,16,,24,14:00,2,5,13.1,,82,,,,,2025-05-06 18:23:05.118344,2025-05-06 18:23:05.118344
166712,137,1998-06-17,20,0,15,,25,14:00,2,6.7,15,13:30,76,,,,,2025-05-06 18:23:05.143553,2025-05-06 18:23:05.143553
166719,137,1998-06-18,20.5,0,15,,26,14:00,2,5,11.9,13:05,77,,,,,2025-05-06 18:23:05.167649,2025-05-06 18:23:05.167649
166726,137,1998-06-19,20,0,15,05:00,25,14:00,99,2.8,6.9,,74,,,,,2025-05-06 18:23:05.193471,2025-05-06 18:23:05.193471
166733,137,1998-06-20,21.5,0,17,05:00,26,14:00,8,5.3,18.1,22:30,64,,,,,2025-05-06 18:23:05.218557,2025-05-06 18:23:05.218557
166740,137,1998-06-21,22,0,19,04:00,25,12:00,8,8.6,20,,59,,,,,2025-05-06 18:23:05.244385,2025-05-06 18:23:05.244385
166747,137,1998-06-22,23,0,19,05:00,27,15:00,3,4.4,11.1,13:45,70,,,,,2025-05-06 18:23:05.270557,2025-05-06 18:23:05.270557
166754,137,1998-06-23,28,0,20,02:00,36,10:00,10,4.2,13.9,23:15,58,,,,,2025-05-06 18:23:05.296677,2025-05-06 18:23:05.296677
166761,137,1998-06-24,27.5,0,21,03:00,34,12:00,8,6.4,20,01:00,67,,,,,2025-05-06 18:23:05.324173,2025-05-06 18:23:05.324173
166768,137,1998-06-25,24.5,0,19,04:00,30,14:00,6,8.1,16.9,,68,,,,,2025-05-06 18:23:05.346351,2025-05-06 18:23:05.346351
166775,137,1998-06-26,22,0,18,,26,14:00,36,5,11.9,,74,,,,,2025-05-06 18:23:05.369636,2025-05-06 18:23:05.369636
166782,137,1998-06-27,21,0,17,05:00,25,14:00,6,5,13.1,13:45,71,,,,,2025-05-06 18:23:05.391695,2025-05-06 18:23:05.391695
166789,137,1998-06-28,21.5,0,17,06:00,26,14:00,2,4.4,12.5,12:20,60,,,,,2025-05-06 18:23:05.413816,2025-05-06 18:23:05.413816
166796,137,1998-06-29,22,0,18,,26,14:00,36,3.9,11.1,14:00,63,,,,,2025-05-06 18:23:05.436663,2025-05-06 18:23:05.436663
166803,137,1998-06-30,22,0,18,06:00,26,15:00,2,4.2,13.9,15:40,71,,,,,2025-05-06 18:23:05.459956,2025-05-06 18:23:05.459956
166810,137,1998-07-01,21,0,17,06:00,25,14:00,3,4.7,11.1,14:50,71,,,,,2025-05-06 18:23:05.483648,2025-05-06 18:23:05.483648
166817,137,1998-07-02,22,0,18,,26,14:00,2,6.1,16.1,12:05,71,,,,,2025-05-06 18:23:05.508479,2025-05-06 18:23:05.508479
166824,137,1998-07-03,21,0,17,,25,14:00,4,6.4,15,14:45,73,,,,,2025-05-06 18:23:05.531827,2025-05-06 18:23:05.531827
166831,137,1998-07-04,21.5,0,18,06:00,25,15:00,3,5.3,11.1,10:50,65,,,,,2025-05-06 18:23:05.555634,2025-05-06 18:23:05.555634
166838,137,1998-07-05,20.5,0,18,,23,15:00,7,5,13.9,23:30,76,,,,,2025-05-06 18:23:05.580184,2025-05-06 18:23:05.580184
166845,137,1998-07-06,20.5,0,18,,23,14:00,6,6.9,18.1,13:10,73,,,,,2025-05-06 18:23:05.602908,2025-05-06 18:23:05.602908
166852,137,1998-07-07,20,0,17,,23,14:00,8,10.3,23.6,13:15,78,,,,,2025-05-06 18:23:05.630863,2025-05-06 18:23:05.630863
166859,137,1998-07-08,22,0,17,02:00,27,14:00,9,6.9,23.1,03:30,69,,,,,2025-05-06 18:23:05.656731,2025-05-06 18:23:05.656731
166866,137,1998-07-09,20.5,0,17,04:00,24,14:00,4,5.6,16.9,12:30,68,,,,,2025-05-06 18:23:05.692175,2025-05-06 18:23:05.692175
166873,137,1998-07-10,20.5,0,17,02:00,24,14:00,99,5,13.1,,82,,,,,2025-05-06 18:23:05.717599,2025-05-06 18:23:05.717599
166880,137,1998-07-11,21.5,0,17,,26,15:00,1,3.3,10,12:15,76,,,,,2025-05-06 18:23:05.744239,2025-05-06 18:23:05.744239
166887,137,1998-07-12,21,0,17,,25,14:00,1,4.7,11.4,16:55,78,,,,,2025-05-06 18:23:05.769939,2025-05-06 18:23:05.769939
166894,137,1998-07-13,21.5,0,17,04:00,26,16:00,1,5.6,13.1,,81,,,,,2025-05-06 18:23:05.796670,2025-05-06 18:23:05.796670
167034,137,1998-08-02,,0,,,,,3,4.7,13.9,16:15,,,,,,2025-05-06 18:23:06.312276,2025-05-06 18:23:06.312276
166901,137,1998-07-14,26.5,0,18,,35,12:00,9,3.6,20,21:50,65,,,,,2025-05-06 18:23:05.823088,2025-05-06 18:23:05.823088
166908,137,1998-07-15,27,0,20,06:00,34,14:00,9,8.3,21.9,07:55,48,,,,,2025-05-06 18:23:05.849485,2025-05-06 18:23:05.849485
166915,137,1998-07-16,25.5,0,20,,31,14:00,3,3.1,10,,65,,,,,2025-05-06 18:23:05.876156,2025-05-06 18:23:05.876156
166922,137,1998-07-17,23,0,18,06:00,28,14:00,2,4.2,13.1,,72,,,,,2025-05-06 18:23:05.903804,2025-05-06 18:23:05.903804
166929,137,1998-07-18,23,0,18,,28,14:00,1,4.4,11.9,14:15,68,,,,,2025-05-06 18:23:05.929722,2025-05-06 18:23:05.929722
166936,137,1998-07-19,23,0,18,06:00,28,14:00,3,4.4,13.1,15:00,65,,,,,2025-05-06 18:23:05.956642,2025-05-06 18:23:05.956642
166943,137,1998-07-20,25.5,0,19,06:00,32,15:00,1,4.7,18.9,11:15,57,,,,,2025-05-06 18:23:05.982725,2025-05-06 18:23:05.982725
166950,137,1998-07-21,27.5,0,24,,31,12:00,8,13.3,21.9,,48,,,,,2025-05-06 18:23:06.008914,2025-05-06 18:23:06.008914
166957,137,1998-07-22,26.5,0,21,02:00,32,12:00,9,10.3,26.9,23:05,54,,,,,2025-05-06 18:23:06.032632,2025-05-06 18:23:06.032632
166964,137,1998-07-23,31,0,25,,37,11:00,9,8.6,26.9,03:05,50,,,,,2025-05-06 18:23:06.058100,2025-05-06 18:23:06.058100
166971,137,1998-07-24,31,0,24,08:00,38,02:00,9,5.6,21.1,,49,,,,,2025-05-06 18:23:06.084207,2025-05-06 18:23:06.084207
166978,137,1998-07-25,30,0,22,,38,14:00,6,9.7,16.9,03:05,48,,,,,2025-05-06 18:23:06.108682,2025-05-06 18:23:06.108682
166985,137,1998-07-26,25,0,22,08:00,28,10:00,3,5.6,15,,52,,,,,2025-05-06 18:23:06.133655,2025-05-06 18:23:06.133655
166992,137,1998-07-27,23.5,0,19,06:00,28,14:00,1,5.8,16.1,13:50,66,,,,,2025-05-06 18:23:06.157182,2025-05-06 18:23:06.157182
166999,137,1998-07-28,22.5,0,18,06:00,27,14:00,2,5.3,13.9,,77,,,,,2025-05-06 18:23:06.182338,2025-05-06 18:23:06.182338
167006,137,1998-07-29,21,0,17,06:00,25,14:00,1,2.5,11.1,10:30,81,,,,,2025-05-06 18:23:06.209010,2025-05-06 18:23:06.209010
167013,137,1998-07-30,24,0,18,09:00,30,14:00,2,2.2,10,16:10,72,,,,,2025-05-06 18:23:06.237548,2025-05-06 18:23:06.237548
167020,137,1998-07-31,24.5,0,19,06:00,30,14:00,3,4.4,13.9,11:15,70,,,,,2025-05-06 18:23:06.260778,2025-05-06 18:23:06.260778
167027,137,1998-08-01,,0,,,,,9,9.7,23.9,09:30,,,,,,2025-05-06 18:23:06.286547,2025-05-06 18:23:06.286547
167041,137,1998-08-03,,0,,,,,8,6.9,18.9,21:30,,,,,,2025-05-06 18:23:06.337530,2025-05-06 18:23:06.337530
167048,137,1998-08-04,,0,,,,,99,2.2,6.1,,,,,,,2025-05-06 18:23:06.361798,2025-05-06 18:23:06.361798
167055,137,1998-08-05,,0,,,,,9,4.2,13.1,23:15,,,,,,2025-05-06 18:23:06.390819,2025-05-06 18:23:06.390819
167062,137,1998-08-06,,0,,,,,9,8.1,13.9,16:55,,,,,,2025-05-06 18:23:06.416534,2025-05-06 18:23:06.416534
167069,137,1998-08-07,,0,,,,,8,6.9,15,07:55,,,,,,2025-05-06 18:23:06.441441,2025-05-06 18:23:06.441441
167076,137,1998-08-08,,0,,,,,2,5,11.9,15:05,,,,,,2025-05-06 18:23:06.466415,2025-05-06 18:23:06.466415
167083,137,1998-08-09,,0,,,,,2,6.1,11.9,14:45,,,,,,2025-05-06 18:23:06.493207,2025-05-06 18:23:06.493207
167090,137,1998-08-10,,0,,,,,2,3.6,8.9,18:15,,,,,,2025-05-06 18:23:06.518676,2025-05-06 18:23:06.518676
167097,137,1998-08-11,23.5,0,18,06:00,29,15:00,2,5,11.9,,78,,,,,2025-05-06 18:23:06.542144,2025-05-06 18:23:06.542144
167104,137,1998-08-12,24,0,18,06:00,30,10:00,1,6.1,16.4,12:58,71,,,,,2025-05-06 18:23:06.568239,2025-05-06 18:23:06.568239
167111,137,1998-08-13,26,0,18,20:00,34,16:00,6,6.7,16.9,09:10,56,,,,,2025-05-06 18:23:06.593882,2025-05-06 18:23:06.593882
167118,137,1998-08-14,25,0,20,,30,14:00,2,4.7,14.4,15:15,70,,,,,2025-05-06 18:23:06.620455,2025-05-06 18:23:06.620455
167125,137,1998-08-15,24.5,0,19,08:00,30,16:00,36,6.7,13.9,,74,,,,,2025-05-06 18:23:06.645524,2025-05-06 18:23:06.645524
167132,137,1998-08-16,24,0,19,08:00,29,16:00,9,6.1,20,22:30,63,,,,,2025-05-06 18:23:06.672349,2025-05-06 18:23:06.672349
167139,137,1998-08-17,25,0,21,06:00,29,14:00,8,10.6,23.1,07:50,74,,,,,2025-05-06 18:23:06.699302,2025-05-06 18:23:06.699302
167146,137,1998-08-18,23,0,20,,26,14:00,3,6.9,18.1,11:55,74,,,,,2025-05-06 18:23:06.725752,2025-05-06 18:23:06.725752
167153,137,1998-08-19,23.5,0,20,,27,15:00,9,8.3,20,22:10,74,,,,,2025-05-06 18:23:06.749822,2025-05-06 18:23:06.749822
167160,137,1998-08-20,26.5,0,20,02:00,33,17:00,9,10.8,23.1,,50,,,,,2025-05-06 18:23:06.776313,2025-05-06 18:23:06.776313
167167,137,1998-08-21,24,0,20,,28,15:00,2,4.4,11.9,,78,,,,,2025-05-06 18:23:06.802780,2025-05-06 18:23:06.802780
167174,137,1998-08-22,24,0,19,06:00,29,16:00,3,6.1,13.9,13:15,84,,,,,2025-05-06 18:23:06.828564,2025-05-06 18:23:06.828564
167181,137,1998-08-23,24,0,19,02:00,29,14:00,9,6.4,16.1,03:30,60,,,,,2025-05-06 18:23:06.850501,2025-05-06 18:23:06.850501
167188,137,1998-08-24,23.5,0,19,06:00,28,14:00,2,6.9,15,,73,,,,,2025-05-06 18:23:06.876924,2025-05-06 18:23:06.876924
167195,137,1998-08-25,24.5,0,19,06:00,30,14:00,6,5.6,16.1,14:58,73,,,,,2025-05-06 18:23:06.900701,2025-05-06 18:23:06.900701
167202,137,1998-08-26,26,0,20,22:00,32,23:00,2,4.7,13.9,,65,,,,,2025-05-06 18:23:06.926912,2025-05-06 18:23:06.926912
167209,137,1998-08-27,32.5,0,22,,43,15:00,8,5.6,18.1,22:30,60,,,,,2025-05-06 18:23:06.951367,2025-05-06 18:23:06.951367
167216,137,1998-08-28,34,0,28,,40,14:00,3,5.8,15,15:18,73,,,,,2025-05-06 18:23:06.977847,2025-05-06 18:23:06.977847
167223,137,1998-08-29,26.5,0,21,,32,02:00,3,5,15,14:15,70,,,,,2025-05-06 18:23:07.004553,2025-05-06 18:23:07.004553
167230,137,1998-08-30,23,0,19,04:00,27,14:00,8,3.6,11.9,09:10,73,,,,,2025-05-06 18:23:07.030082,2025-05-06 18:23:07.030082
167237,137,1998-08-31,22.5,0,19,06:00,26,14:00,2,1.9,10,16:00,80,,,,,2025-05-06 18:23:07.055430,2025-05-06 18:23:07.055430
167244,137,1998-09-01,23,0,20,,26,14:00,2,3.9,11.1,11:15,80,,,,,2025-05-06 18:23:07.081372,2025-05-06 18:23:07.081372
167251,137,1998-09-02,23.5,0,20,,27,14:00,2,3.6,10,17:15,72,,,,,2025-05-06 18:23:07.107423,2025-05-06 18:23:07.107423
167258,137,1998-09-03,24,0,18,06:00,30,17:00,2,4.4,13.9,13:30,58,,,,,2025-05-06 18:23:07.133352,2025-05-06 18:23:07.133352
167265,137,1998-09-04,23,0,20,04:00,26,14:00,6,7.2,18.1,19:15,70,,,,,2025-05-06 18:23:07.160008,2025-05-06 18:23:07.160008
167272,137,1998-09-05,23.5,0,21,06:00,26,14:00,3,6.1,16.1,,78,,,,,2025-05-06 18:23:07.184248,2025-05-06 18:23:07.184248
167279,137,1998-09-06,25,0,22,,28,16:00,8,7.2,20,09:58,77,,,,,2025-05-06 18:23:07.209464,2025-05-06 18:23:07.209464
167286,137,1998-09-07,26.5,0,23,03:00,30,16:00,9,8.9,23.9,22:50,61,,,,,2025-05-06 18:23:07.234017,2025-05-06 18:23:07.234017
167293,137,1998-09-08,28.5,0,25,20:00,32,16:00,9,7.2,23.6,,59,,,,,2025-05-06 18:23:07.260012,2025-05-06 18:23:07.260012
167300,137,1998-09-09,24,0,20,06:00,28,11:00,36,5,13.9,15:45,73,,,,,2025-05-06 18:23:07.283273,2025-05-06 18:23:07.283273
167307,137,1998-09-10,23.5,0,20,06:00,27,14:00,9,8.9,17.5,10:05,78,,,,,2025-05-06 18:23:07.310225,2025-05-06 18:23:07.310225
167314,137,1998-09-11,22.5,0,19,06:00,26,14:00,8,8.6,21.1,16:45,81,,,,,2025-05-06 18:23:07.332434,2025-05-06 18:23:07.332434
167321,137,1998-09-12,22,0,19,06:00,25,16:00,8,9.4,21.9,04:15,74,,,,,2025-05-06 18:23:07.360203,2025-05-06 18:23:07.360203
167328,137,1998-09-13,23,0,19,06:00,27,16:00,9,3.9,16.1,15:05,75,,,,,2025-05-06 18:23:07.387972,2025-05-06 18:23:07.387972
167335,137,1998-09-14,23,0,19,06:00,27,15:00,2,5.3,13.9,14:15,70,,,,,2025-05-06 18:23:07.412187,2025-05-06 18:23:07.412187
167342,137,1998-09-15,23,0,20,,26,14:00,3,5.3,13.9,14:30,78,,,,,2025-05-06 18:23:07.438265,2025-05-06 18:23:07.438265
167349,137,1998-09-16,24,0,19,06:00,29,14:00,1,2.8,6.9,12:10,71,,,,,2025-05-06 18:23:07.462619,2025-05-06 18:23:07.462619
167356,137,1998-09-17,24,0,19,06:00,29,15:00,99,2.8,6.9,,73,,,,,2025-05-06 18:23:07.490195,2025-05-06 18:23:07.490195
167363,137,1998-09-18,23,0,19,06:00,27,14:00,3,3.6,11.1,21:50,78,,,,,2025-05-06 18:23:07.517621,2025-05-06 18:23:07.517621
167370,137,1998-09-19,23,0,19,06:00,27,14:00,1,5.3,11.1,14:10,80,,,,,2025-05-06 18:23:07.543645,2025-05-06 18:23:07.543645
167377,137,1998-09-20,23,0,20,06:00,26,14:00,4,5.6,13.9,13:50,76,,,,,2025-05-06 18:23:07.568934,2025-05-06 18:23:07.568934
167384,137,1998-09-21,22.5,0,19,06:00,26,14:00,8,6.1,16.1,08:30,75,,,,,2025-05-06 18:23:07.595798,2025-05-06 18:23:07.595798
167391,137,1998-09-22,22.5,0,19,06:00,26,14:00,8,6.4,15,14:55,71,,,,,2025-05-06 18:23:07.621239,2025-05-06 18:23:07.621239
167398,137,1998-09-23,23,0,19,06:00,27,14:00,3,3.1,8.9,15:10,79,,,,,2025-05-06 18:23:07.646191,2025-05-06 18:23:07.646191
167405,137,1998-09-24,22,0,19,06:00,25,14:00,36,3.3,8.9,14:05,75,,,,,2025-05-06 18:23:07.670354,2025-05-06 18:23:07.670354
167412,137,1998-09-25,23,0,20,06:00,26,14:00,36,3.6,8.9,12:55,75,,,,,2025-05-06 18:23:07.695485,2025-05-06 18:23:07.695485
167419,137,1998-09-26,23.5,0,20,,27,14:00,8,4.2,16.1,21:30,68,,,,,2025-05-06 18:23:07.720716,2025-05-06 18:23:07.720716
167426,137,1998-09-27,24.5,0,20,04:00,29,16:00,1,2.2,8.1,13:30,73,,,,,2025-05-06 18:23:07.747503,2025-05-06 18:23:07.747503
167433,137,1998-09-28,24.5,0,20,06:00,29,14:00,1,1.7,8.1,03:05,60,,,,,2025-05-06 18:23:07.774793,2025-05-06 18:23:07.774793
167440,137,1998-09-29,23,0,19,06:00,27,14:00,9,6.7,18.1,06:30,75,,,,,2025-05-06 18:23:07.800134,2025-05-06 18:23:07.800134
167447,137,1998-09-30,23.5,0,20,06:00,27,14:00,6,5,16.1,23:30,80,,,,,2025-05-06 18:23:07.827033,2025-05-06 18:23:07.827033
167454,137,1998-10-01,24,0,20,06:00,28,14:00,11,7.2,16.1,23:10,69,,,,,2025-05-06 18:23:07.852896,2025-05-06 18:23:07.852896
167461,137,1998-10-02,24,0,20,06:00,28,15:00,10,1.9,16.1,02:05,70,,,,,2025-05-06 18:23:07.880203,2025-05-06 18:23:07.880203
167468,137,1998-10-03,22.5,0,18,06:00,27,16:00,99,1.7,6.1,,78,,,,,2025-05-06 18:23:07.905211,2025-05-06 18:23:07.905211
167475,137,1998-10-04,22.5,0,18,06:00,27,16:00,27,0.8,6.9,13:55,75,,,,,2025-05-06 18:23:07.930066,2025-05-06 18:23:07.930066
167482,137,1998-10-05,22.5,0,18,,27,16:00,1,2.2,8.1,12:10,81,,,,,2025-05-06 18:23:07.955227,2025-05-06 18:23:07.955227
167489,137,1998-10-06,22.5,0,18,06:00,27,16:00,9,5.6,16.9,23:50,76,,,,,2025-05-06 18:23:07.980165,2025-05-06 18:23:07.980165
167496,137,1998-10-07,20,0,17,06:00,23,14:00,9,8.6,18.9,07:10,85,,,,,2025-05-06 18:23:08.006699,2025-05-06 18:23:08.006699
167503,137,1998-10-08,20.5,0,18,06:00,23,14:00,6,5,13.9,20:30,78,,,,,2025-05-06 18:23:08.032517,2025-05-06 18:23:08.032517
167510,137,1998-10-09,21.5,0,19,06:00,24,15:00,3,6.4,18.9,15:10,79,,,,,2025-05-06 18:23:08.055676,2025-05-06 18:23:08.055676
167517,137,1998-10-10,22,0,20,,24,15:00,8,11.7,26.1,21:10,78,,,,,2025-05-06 18:23:08.081479,2025-05-06 18:23:08.081479
167524,137,1998-10-11,26.5,0,20,02:00,33,15:00,6,8.6,23.1,08:00,59,,,,,2025-05-06 18:23:08.107618,2025-05-06 18:23:08.107618
167531,137,1998-10-12,25,0,20,20:00,30,15:00,34,0.6,4.4,15:10,62,,,,,2025-05-06 18:23:08.131383,2025-05-06 18:23:08.131383
167538,137,1998-10-13,26,0,22,03:00,30,15:00,35,1.4,6.1,14:10,65,,,,,2025-05-06 18:23:08.157400,2025-05-06 18:23:08.157400
167545,137,1998-10-14,22,0,18,06:00,26,14:00,3,2.8,11.1,,74,,,,,2025-05-06 18:23:08.180350,2025-05-06 18:23:08.180350
167552,137,1998-10-15,21.5,0,17,06:00,26,14:00,2,3.3,13.9,13:05,72,,,,,2025-05-06 18:23:08.206368,2025-05-06 18:23:08.206368
167559,137,1998-10-16,21.5,0,17,04:00,26,15:00,2,3.3,11.9,15:05,81,,,,,2025-05-06 18:24:13.841032,2025-05-06 18:24:13.841032
167566,137,1998-10-17,21.5,0,17,04:00,26,16:00,34,,11.1,07:50,79,,,,,2025-05-06 18:24:13.877762,2025-05-06 18:24:13.877762
167573,137,1998-10-18,21.5,0,18,06:00,25,16:00,9,2.8,16.1,23:20,83,,,,,2025-05-06 18:24:13.914305,2025-05-06 18:24:13.914305
167580,137,1998-10-19,23,0,20,,26,16:00,8,6.4,15,,85,,,,,2025-05-06 18:24:13.945632,2025-05-06 18:24:13.945632
167587,137,1998-10-20,22.5,0,20,,25,15:00,6,4.2,13.1,13:15,86,,,,,2025-05-06 18:24:13.980768,2025-05-06 18:24:13.980768
167594,137,1998-10-21,20.5,0,17,06:00,24,12:00,1,5.3,11.9,13:45,82,,,,,2025-05-06 18:24:14.010908,2025-05-06 18:24:14.010908
167601,137,1998-10-22,20,0,17,06:00,23,16:00,3,5.3,11.1,,82,,,,,2025-05-06 18:24:14.042074,2025-05-06 18:24:14.042074
167608,137,1998-10-23,23,0,19,,27,16:00,36,1.1,4.4,15:30,76,,,,,2025-05-06 18:24:14.078388,2025-05-06 18:24:14.078388
167615,137,1998-10-24,20.5,0,16,06:00,25,16:00,3,2.5,11.1,15:30,82,,,,,2025-05-06 18:24:14.119676,2025-05-06 18:24:14.119676
167622,137,1998-10-25,23.5,0,20,,27,16:00,34,4.2,13.9,12:20,66,,,,,2025-05-06 18:24:14.151837,2025-05-06 18:24:14.151837
167629,137,1998-10-26,22.5,0,19,06:00,26,16:00,9,8.9,18.9,08:50,65,,,,,2025-05-06 18:24:14.178405,2025-05-06 18:24:14.178405
167636,137,1998-10-27,23,0,19,06:00,27,15:00,8,7.2,16.1,05:15,65,,,,,2025-05-06 18:24:14.205760,2025-05-06 18:24:14.205760
167643,137,1998-10-28,23,0,19,06:00,27,15:00,27,2.8,8.1,12:30,70,,,,,2025-05-06 18:24:14.232128,2025-05-06 18:24:14.232128
167650,137,1998-10-29,23,0,19,06:00,27,15:00,9,3.1,11.9,06:10,72,,,,,2025-05-06 18:24:14.258420,2025-05-06 18:24:14.258420
167657,137,1998-10-30,23,0,20,06:00,26,14:00,9,1.9,20,03:15,74,,,,,2025-05-06 18:24:14.286412,2025-05-06 18:24:14.286412
167664,137,1998-10-31,23,0,20,,26,14:00,12,1.1,20,03:05,75,,,,,2025-05-06 18:24:14.313191,2025-05-06 18:24:14.313191
167671,137,1998-11-01,22.5,0,20,,25,15:00,13,1.9,11.9,01:00,76,,,,,2025-05-06 18:24:14.340609,2025-05-06 18:24:14.340609
167678,137,1998-11-02,23,0,20,,26,15:00,16,2.2,18.1,12:15,78,,,,,2025-05-06 18:24:14.365272,2025-05-06 18:24:14.365272
167685,137,1998-11-03,22.5,0,20,,25,14:00,9,1.1,7.5,04:15,80,,,,,2025-05-06 18:24:14.391241,2025-05-06 18:24:14.391241
167692,137,1998-11-04,22.5,0,19,06:00,26,14:00,31,1.4,6.9,11:55,77,,,,,2025-05-06 18:24:14.416999,2025-05-06 18:24:14.416999
167699,137,1998-11-05,21,0,17,06:00,25,14:00,99,1.1,5,,78,,,,,2025-05-06 18:24:14.444219,2025-05-06 18:24:14.444219
167706,137,1998-11-06,22.5,0,19,06:00,26,14:00,29,0.8,6.1,13:10,75,,,,,2025-05-06 18:24:14.471053,2025-05-06 18:24:14.471053
167713,137,1998-11-07,26,0,22,,30,14:00,7,1.9,13.9,22:58,64,,,,,2025-05-06 18:24:14.496086,2025-05-06 18:24:14.496086
167720,137,1998-11-08,27,0,24,,30,14:00,8,0.8,10,,60,,,,,2025-05-06 18:24:14.519240,2025-05-06 18:24:14.519240
167727,137,1998-11-09,30.5,0,25,04:00,36,14:00,12,3.3,13.1,07:05,55,,,,,2025-05-06 18:24:14.545896,2025-05-06 18:24:14.545896
167734,137,1998-11-10,30.5,0,26,,35,14:00,9,4.4,11.9,16:30,56,,,,,2025-05-06 18:24:14.572431,2025-05-06 18:24:14.572431
167741,137,1998-11-11,22,0,19,,25,14:00,6,5.8,16.1,23:30,80,,,,,2025-05-06 18:24:14.597631,2025-05-06 18:24:14.597631
167748,137,1998-11-12,22,0,19,,25,14:00,6,3.9,21.4,05:40,74,,,,,2025-05-06 18:24:14.623124,2025-05-06 18:24:14.623124
167755,137,1998-11-13,22,0,19,,25,14:00,99,0.3,3.9,,77,,,,,2025-05-06 18:24:14.644242,2025-05-06 18:24:14.644242
167762,137,1998-11-14,22,0,18,04:00,26,15:00,99,0.8,3.9,,75,,,,,2025-05-06 18:24:14.670925,2025-05-06 18:24:14.670925
167769,137,1998-11-15,22,0,18,04:00,26,15:00,34,0.8,5,13:35,74,,,,,2025-05-06 18:24:14.696549,2025-05-06 18:24:14.696549
167776,137,1998-11-16,22,0,18,06:00,26,14:00,30,1.1,3.9,12:40,63,,,,,2025-05-06 18:24:14.723135,2025-05-06 18:24:14.723135
167783,137,1998-11-17,22,0,18,05:00,26,15:00,99,0.8,5,,59,,,,,2025-05-06 18:24:14.751852,2025-05-06 18:24:14.751852
167790,137,1998-11-18,21.5,0,18,06:00,25,14:00,34,1.1,5,,79,,,,,2025-05-06 18:24:14.777705,2025-05-06 18:24:14.777705
167797,137,1998-11-19,21,0,17,06:00,25,14:00,3,2.2,10,12:50,77,,,,,2025-05-06 18:24:14.804039,2025-05-06 18:24:14.804039
167804,137,1998-11-20,20,0,16,06:00,24,14:00,9,3.6,15,01:20,83,,,,,2025-05-06 18:24:14.832301,2025-05-06 18:24:14.832301
167811,137,1998-11-21,18.5,0,16,06:00,21,14:00,2,4.7,13.9,11:50,76,,,,,2025-05-06 18:24:14.858456,2025-05-06 18:24:14.858456
167818,137,1998-11-22,18.5,0,16,06:00,21,12:00,99,4.4,8.1,,75,,,,,2025-05-06 18:24:14.884990,2025-05-06 18:24:14.884990
167825,137,1998-11-23,18,0,16,06:00,20,14:00,8,4.7,20,23:30,79,,,,,2025-05-06 18:24:14.910600,2025-05-06 18:24:14.910600
167832,137,1998-11-24,18,0,16,,20,14:00,9,7.8,16.9,,77,,,,,2025-05-06 18:24:14.937157,2025-05-06 18:24:14.937157
167839,137,1998-11-25,18.5,0,16,,21,14:00,99,3.3,11.1,,78,,,,,2025-05-06 18:24:14.961692,2025-05-06 18:24:14.961692
167846,137,1998-11-26,18.5,0,16,06:00,21,14:00,8,6.7,20,06:10,81,,,,,2025-05-06 18:24:14.986396,2025-05-06 18:24:14.986396
167853,137,1998-11-27,18,0,16,,20,14:00,3,6.7,13.1,,82,,,,,2025-05-06 18:24:15.012359,2025-05-06 18:24:15.012359
167860,137,1998-11-28,19,0,16,,22,14:00,8,6.4,15,04:05,76,,,,,2025-05-06 18:24:15.040522,2025-05-06 18:24:15.040522
167867,137,1998-11-29,18,0,16,,20,14:00,8,4.7,18.1,05:10,80,,,,,2025-05-06 18:24:15.066642,2025-05-06 18:24:15.066642
167874,137,1998-11-30,17.5,,15,,20,14:00,99,4.2,11.9,,81,,,,,2025-05-06 18:24:15.094327,2025-05-06 18:24:15.094327
167881,137,1998-12-01,16.5,,14,06:00,19,14:00,3,3.1,11.9,00:10,83,,,,,2025-05-06 18:24:15.121307,2025-05-06 18:24:15.121307
167888,137,1998-12-02,16.5,,14,06:00,19,14:00,8,1.4,10,23:02,86,,,,,2025-05-06 18:24:15.146659,2025-05-06 18:24:15.146659
167895,137,1998-12-03,17,,14,06:00,20,14:00,9,3.1,8.9,,81,,,,,2025-05-06 18:24:15.173252,2025-05-06 18:24:15.173252
167902,137,1998-12-04,17,,14,06:00,20,15:00,99,1.7,5,,83,,,,,2025-05-06 18:24:15.201019,2025-05-06 18:24:15.201019
167909,137,1998-12-05,18.5,,16,,21,14:00,6,2.8,11.1,,76,,,,,2025-05-06 18:24:15.226313,2025-05-06 18:24:15.226313
167916,137,1998-12-06,17.5,,15,,20,14:00,6,6.9,16.9,,80,,,,,2025-05-06 18:24:15.253428,2025-05-06 18:24:15.253428
167923,137,1998-12-07,16,,14,06:00,18,14:00,99,6.4,13.9,,81,,,,,2025-05-06 18:24:15.279479,2025-05-06 18:24:15.279479
167930,137,1998-12-08,15.5,,13,06:00,18,14:00,99,6.9,16.1,,84,,,,,2025-05-06 18:24:15.307404,2025-05-06 18:24:15.307404
167937,137,1998-12-09,16,,13,06:00,19,14:00,99,1.7,13.1,,76,,,,,2025-05-06 18:24:15.332824,2025-05-06 18:24:15.332824
167944,137,1998-12-10,16.5,,13,03:00,20,14:00,3,3.3,11.9,20:20,76,,,,,2025-05-06 18:24:15.358916,2025-05-06 18:24:15.358916
167951,137,1998-12-11,17,0,14,06:00,20,14:00,6,6.7,18.1,07:50,75,,,,,2025-05-06 18:24:15.383899,2025-05-06 18:24:15.383899
167958,137,1998-12-12,18,0,13,06:00,23,14:00,8,3.1,16.1,02:10,71,,,,,2025-05-06 18:24:15.409495,2025-05-06 18:24:15.409495
167965,137,1998-12-13,19.5,0,15,,24,14:00,4,2.5,11.1,12:05,41,,,,,2025-05-06 18:24:15.435901,2025-05-06 18:24:15.435901
167972,137,1998-12-14,21,0,18,,24,14:00,11,3.3,11.1,05:30,62,,,,,2025-05-06 18:24:15.463353,2025-05-06 18:24:15.463353
167979,137,1998-12-15,18,0,15,,21,14:00,99,0.8,6.9,,76,,,,,2025-05-06 18:24:15.490565,2025-05-06 18:24:15.490565
167986,137,1998-12-16,17,0,14,06:00,20,14:00,3,3.6,11.1,20:00,71,,,,,2025-05-06 18:24:15.518148,2025-05-06 18:24:15.518148
167993,137,1998-12-17,18,0,15,06:00,21,14:00,8,1.7,10,19:50,73,,,,,2025-05-06 18:24:15.543099,2025-05-06 18:24:15.543099
168000,137,1998-12-18,20,0,16,,24,14:00,99,1.9,8.9,,62,,,,,2025-05-06 18:24:15.568993,2025-05-06 18:24:15.568993
168007,137,1998-12-19,19.5,0,15,06:00,24,14:00,9,1.7,11.9,22:10,73,,,,,2025-05-06 18:24:15.592219,2025-05-06 18:24:15.592219
168014,137,1998-12-20,17.5,,14,,21,14:00,9,2.2,15,23:20,74,,,,,2025-05-06 18:24:15.618780,2025-05-06 18:24:15.618780
168021,137,1998-12-21,16.5,,13,06:00,20,16:00,9,7.2,15,04:00,76,,,,,2025-05-06 18:24:15.646181,2025-05-06 18:24:15.646181
168028,137,1998-12-22,16.5,,13,06:00,20,16:00,9,4.4,10,18:40,76,,,,,2025-05-06 18:24:15.672473,2025-05-06 18:24:15.672473
168035,137,1998-12-23,16.5,,13,06:00,20,16:00,6,3.9,10,05:21,74,,,,,2025-05-06 18:24:15.698145,2025-05-06 18:24:15.698145
168042,137,1998-12-24,17,,14,,20,16:00,8,3.6,16.1,19:50,78,,,,,2025-05-06 18:24:15.725416,2025-05-06 18:24:15.725416
168049,137,1998-12-25,17.5,,14,,21,14:00,8,8.3,16.9,16:15,72,,,,,2025-05-06 18:24:15.754073,2025-05-06 18:24:15.754073
168056,137,1998-12-26,16.5,,13,06:00,20,14:00,4,5,16.9,17:15,70,,,,,2025-05-06 18:24:15.778835,2025-05-06 18:24:15.778835
168063,137,1998-12-27,16.5,,13,06:00,20,14:00,9,1.9,13.1,21:05,77,,,,,2025-05-06 18:24:15.805892,2025-05-06 18:24:15.805892
168070,137,1998-12-28,16.5,,13,06:00,20,14:00,3,0.8,8.1,10:00,80,,,,,2025-05-06 18:24:15.834201,2025-05-06 18:24:15.834201
168077,137,1998-12-29,17,,13,06:00,21,14:00,24,4.7,15,10:55,81,,,,,2025-05-06 18:24:15.859319,2025-05-06 18:24:15.859319
168084,137,1998-12-30,16.5,,13,06:00,20,14:00,36,3.3,10,,76,,,,,2025-05-06 18:24:15.887496,2025-05-06 18:24:15.887496
168091,137,1998-12-31,16,,12,06:00,20,14:00,27,2.5,10,,80,,,,,2025-05-06 18:24:15.914325,2025-05-06 18:24:15.914325
168097,137,1999-01-01,15.5,3.2,12,06:00,19,14:00,36,2.5,6.1,13:05,83,,,,,2025-05-06 18:24:15.938429,2025-05-06 18:24:15.938429
168103,137,1999-01-02,15.5,6.5,12,06:00,19,14:00,3,3.6,11.9,,80,,,,,2025-05-06 18:24:15.962900,2025-05-06 18:24:15.962900
168109,137,1999-01-03,16,0,13,,19,14:00,6,1.1,16.9,01:40,80,,,,,2025-05-06 18:24:15.985886,2025-05-06 18:24:15.985886
168115,137,1999-01-04,15.5,0,13,06:00,18,15:00,30,0.8,5,14:10,86,,,,,2025-05-06 18:24:16.009860,2025-05-06 18:24:16.009860
168121,137,1999-01-05,15,9.5,12,06:00,18,,12,3.6,16.9,,83,,,,,2025-05-06 18:24:16.032935,2025-05-06 18:24:16.032935
168127,137,1999-01-06,15,2.5,12,06:00,18,14:00,24,1.7,6.9,12:46,82,,,,,2025-05-06 18:24:16.054003,2025-05-06 18:24:16.054003
168133,137,1999-01-07,15,59.7,13,,17,14:00,12,4.7,31.9,,79,,,,,2025-05-06 18:24:16.076479,2025-05-06 18:24:16.076479
168139,137,1999-01-08,15,8,12,06:00,18,14:00,0,,,,76,,,,,2025-05-06 18:24:16.102081,2025-05-06 18:24:16.102081
168145,137,1999-01-09,15.5,2.5,12,06:00,19,14:00,0,,,,79,,,,,2025-05-06 18:24:16.124177,2025-05-06 18:24:16.124177
168151,137,1999-01-10,14.5,4.2,12,06:00,17,14:00,0,,,,86,,,,,2025-05-06 18:24:16.148897,2025-05-06 18:24:16.148897
168157,137,1999-01-11,13.5,19.2,11,,16,14:00,0,,,,79,,,,,2025-05-06 18:24:16.171483,2025-05-06 18:24:16.171483
168163,137,1999-01-12,11.5,7.4,8,05:00,15,14:00,0,,,,76,,,,,2025-05-06 18:24:16.192689,2025-05-06 18:24:16.192689
168169,137,1999-01-13,12.5,7.7,10,,15,14:00,0,,,,72,,,,,2025-05-06 18:24:16.215687,2025-05-06 18:24:16.215687
168175,137,1999-01-14,14,0,12,,16,14:00,6,1.9,10,22:10,81,,,,,2025-05-06 18:24:16.239480,2025-05-06 18:24:16.239480
168181,137,1999-01-15,15.5,0,13,,18,15:00,9,3.1,11.1,07:15,76,,,,,2025-05-06 18:24:16.263322,2025-05-06 18:24:16.263322
168187,137,1999-01-16,15,1,12,06:00,18,15:00,8,2.8,10,21:15,74,,,,,2025-05-06 18:24:16.286531,2025-05-06 18:24:16.286531
168193,137,1999-01-17,14.5,2,12,06:00,17,14:00,7,4.2,13.1,,79,,,,,2025-05-06 18:24:16.311290,2025-05-06 18:24:16.311290
168199,137,1999-01-18,14.5,0,12,06:00,17,14:00,6,5.8,13.1,09:50,81,,,,,2025-05-06 18:24:16.332821,2025-05-06 18:24:16.332821
168205,137,1999-01-19,13.5,0,12,,15,14:00,6,5,11.9,,80,,,,,2025-05-06 18:24:16.351611,2025-05-06 18:24:16.351611
168211,137,1999-01-20,14.5,0,12,,17,14:00,9,4.7,13.9,07:55,77,,,,,2025-05-06 18:24:16.372160,2025-05-06 18:24:16.372160
168217,137,1999-01-21,14.5,2.5,12,06:00,17,,36,2.2,6.9,17:15,79,,,,,2025-05-06 18:24:16.396999,2025-05-06 18:24:16.396999
168223,137,1999-01-22,14,0,12,03:00,16,14:00,3,0.8,8.1,15:30,85,,,,,2025-05-06 18:24:16.421355,2025-05-06 18:24:16.421355
168229,137,1999-01-23,13.5,1.5,11,05:00,16,14:00,9,3.1,10,06:30,78,,,,,2025-05-06 18:24:16.450612,2025-05-06 18:24:16.450612
168235,137,1999-01-24,15.5,0.5,13,,18,16:00,9,3.9,15,12:10,72,,,,,2025-05-06 18:24:16.470351,2025-05-06 18:24:16.470351
168241,137,1999-01-25,15,0,11,06:00,19,14:00,99,0.3,6.9,,69,,,,,2025-05-06 18:24:16.491551,2025-05-06 18:24:16.491551
168247,137,1999-01-26,17,0,14,06:00,20,14:00,12,0.6,8.9,11:30,75,,,,,2025-05-06 18:24:16.515287,2025-05-06 18:24:16.515287
168253,137,1999-01-27,16,0,12,06:00,20,14:00,14,3.9,13.1,03:50,77,,,,,2025-05-06 18:24:16.538922,2025-05-06 18:24:16.538922
168259,137,1999-01-28,16.5,0,13,06:00,20,14:00,11,1.9,11.9,19:30,76,,,,,2025-05-06 18:24:16.564022,2025-05-06 18:24:16.564022
168265,137,1999-01-29,15.5,0,11,06:00,20,14:00,0,,,,73,,,,,2025-05-06 18:24:16.588438,2025-05-06 18:24:16.588438
168271,137,1999-01-30,14.5,0,10,,19,16:00,99,0.8,3.9,,78,,,,,2025-05-06 18:24:16.609401,2025-05-06 18:24:16.609401
168277,137,1999-01-31,14,0,11,06:00,17,,9,6.9,11.9,,78,,,,,2025-05-06 18:24:16.631212,2025-05-06 18:24:16.631212
168284,137,1999-02-01,15,0,12,06:00,18,14:00,9,4.7,13.1,,76,,,,,2025-05-06 18:24:16.655006,2025-05-06 18:24:16.655006
168291,137,1999-02-02,15,0,12,06:00,18,14:00,8,6.1,15,11:15,76,,,,,2025-05-06 18:24:16.681708,2025-05-06 18:24:16.681708
168298,137,1999-02-03,16,0,13,06:00,19,14:00,9,6.7,16.9,04:45,77,,,,,2025-05-06 18:24:16.706002,2025-05-06 18:24:16.706002
168305,137,1999-02-04,14,0,11,06:00,17,14:00,14,3.1,16.1,,74,,,,,2025-05-06 18:24:16.730603,2025-05-06 18:24:16.730603
168312,137,1999-02-05,13.5,0,10,06:00,17,14:00,9,5.8,13.1,19:05,77,,,,,2025-05-06 18:24:16.756119,2025-05-06 18:24:16.756119
168319,137,1999-02-06,13.5,0,10,06:00,17,14:00,11,6.1,15,04:50,76,,,,,2025-05-06 18:24:16.781918,2025-05-06 18:24:16.781918
168326,137,1999-02-07,15,0,13,06:00,17,14:00,3,2.8,8.1,19:45,74,,,,,2025-05-06 18:24:16.807788,2025-05-06 18:24:16.807788
168333,137,1999-02-08,14.5,0,12,,17,12:00,9,3.1,8.1,,78,,,,,2025-05-06 18:24:16.836235,2025-05-06 18:24:16.836235
168340,137,1999-02-09,15,0,13,06:00,17,14:00,99,4.4,8.1,,75,,,,,2025-05-06 18:24:16.864036,2025-05-06 18:24:16.864036
168347,137,1999-02-10,15,0,13,06:00,17,14:00,4,3.3,8.9,15:30,76,,,,,2025-05-06 18:24:16.890389,2025-05-06 18:24:16.890389
168354,137,1999-02-11,14.5,0,12,06:00,17,14:00,6,4.2,11.1,21:50,79,,,,,2025-05-06 18:24:16.917313,2025-05-06 18:24:16.917313
168361,137,1999-02-12,14,0,12,06:00,16,14:00,8,3.6,11.1,,78,,,,,2025-05-06 18:24:16.942554,2025-05-06 18:24:16.942554
168368,137,1999-02-13,14,0,12,,16,14:00,8,3.1,13.1,22:00,74,,,,,2025-05-06 18:24:16.968618,2025-05-06 18:24:16.968618
168375,137,1999-02-14,14.5,0,13,04:00,16,14:00,3,3.6,15,15:45,72,,,,,2025-05-06 18:24:16.997012,2025-05-06 18:24:16.997012
168382,137,1999-02-15,14,1,12,06:00,16,14:00,8,4.7,15,02:05,76,,,,,2025-05-06 18:24:17.022790,2025-05-06 18:24:17.022790
168389,137,1999-02-16,14.5,0,12,06:00,17,14:00,8,4.7,13.9,06:10,77,,,,,2025-05-06 18:24:17.049166,2025-05-06 18:24:17.049166
168396,137,1999-02-17,14.5,0,12,06:00,17,14:00,3,3.3,11.1,16:10,75,,,,,2025-05-06 18:24:17.075990,2025-05-06 18:24:17.075990
168403,137,1999-02-18,14.5,0,12,06:00,17,14:00,8,5.3,13.9,14:05,75,,,,,2025-05-06 18:24:17.102388,2025-05-06 18:24:17.102388
168410,137,1999-02-19,14.5,0,11,06:00,18,14:00,9,6.4,13.9,15:45,76,,,,,2025-05-06 18:24:17.128924,2025-05-06 18:24:17.128924
168417,137,1999-02-20,16,0,12,06:00,20,14:00,10,4.7,15.6,07:10,70,,,,,2025-05-06 18:24:17.157140,2025-05-06 18:24:17.157140
168424,137,1999-02-21,16.5,0,14,,19,14:00,9,8.3,18.1,09:30,76,,,,,2025-05-06 18:24:17.182075,2025-05-06 18:24:17.182075
168431,137,1999-02-22,17,0,14,06:00,20,14:00,8,4.2,16.1,12:40,71,,,,,2025-05-06 18:24:17.206794,2025-05-06 18:24:17.206794
168438,137,1999-02-23,16,0,14,06:00,18,14:00,9,5.3,13.1,16:50,75,,,,,2025-05-06 18:24:17.233087,2025-05-06 18:24:17.233087
168445,137,1999-02-24,15.5,0,13,06:00,18,14:00,9,4.4,13.9,12:10,77,,,,,2025-05-06 18:24:17.260807,2025-05-06 18:24:17.260807
168452,137,1999-02-25,15.5,4.5,13,06:00,18,14:00,6,2.5,8.9,14:16,78,,,,,2025-05-06 18:24:17.289178,2025-05-06 18:24:17.289178
168459,137,1999-02-26,14.5,0,12,06:00,17,14:00,4,1.7,6.9,,80,,,,,2025-05-06 18:24:17.317643,2025-05-06 18:24:17.317643
168466,137,1999-02-27,14.5,0,12,06:00,17,14:00,3,3.1,11.1,,77,,,,,2025-05-06 18:24:17.343975,2025-05-06 18:24:17.343975
168473,137,1999-02-28,15,0,12,06:00,18,14:00,4,5.3,16.1,16:30,76,,,,,2025-05-06 18:24:17.371888,2025-05-06 18:24:17.371888
168480,137,1999-03-01,15,4.2,12,06:00,18,14:00,4,4.7,16.9,21:55,75,,,,,2025-05-06 18:24:17.400420,2025-05-06 18:24:17.400420
168487,137,1999-03-02,15,0,12,06:00,18,14:00,8,6.4,18.1,,75,,,,,2025-05-06 18:24:17.426859,2025-05-06 18:24:17.426859
168494,137,1999-03-03,15,0,12,06:00,18,14:00,4,4.4,11.1,,76,,,,,2025-05-06 18:24:17.454101,2025-05-06 18:24:17.454101
168501,137,1999-03-04,15.5,1.5,12,06:00,19,14:00,9,3.6,10,20:10,73,,,,,2025-05-06 18:24:17.478164,2025-05-06 18:24:17.478164
168508,137,1999-03-05,16,0.5,13,06:00,19,14:00,7,2.8,10,,73,,,,,2025-05-06 18:24:17.505106,2025-05-06 18:24:17.505106
168515,137,1999-03-06,16.5,0,14,06:00,19,14:00,3,2.2,11.4,13:50,76,,,,,2025-05-06 18:24:17.530487,2025-05-06 18:24:17.530487
168522,137,1999-03-07,15.5,0,13,,18,14:00,4,1.9,11.9,12:50,78,,,,,2025-05-06 18:24:17.556392,2025-05-06 18:24:17.556392
168529,137,1999-03-08,16.5,0,14,,19,14:00,27,1.1,6.9,15:05,76,,,,,2025-05-06 18:24:17.582506,2025-05-06 18:24:17.582506
168536,137,1999-03-09,17,0,14,06:00,20,14:00,28,2.8,11.9,16:15,70,,,,,2025-05-06 18:24:17.608673,2025-05-06 18:24:17.608673
168543,137,1999-03-10,18,0,15,06:00,21,14:00,24,0.6,11.9,04:05,70,,,,,2025-05-06 18:24:17.636127,2025-05-06 18:24:17.636127
168550,137,1999-03-11,16,0,12,06:00,20,14:00,29,3.6,13.6,,79,,,,,2025-05-06 18:24:17.664201,2025-05-06 18:24:17.664201
168557,137,1999-03-12,17.5,7.8,13,06:00,22,14:00,30,3.6,16.9,13:05,76,,,,,2025-05-06 18:24:17.692323,2025-05-06 18:24:17.692323
168564,137,1999-03-13,18,0,14,06:00,22,14:00,30,0.6,6.1,15:55,70,,,,,2025-05-06 18:24:17.720911,2025-05-06 18:24:17.720911
168571,137,1999-03-14,15,0,13,06:00,17,14:00,34,1.9,8.1,,72,,,,,2025-05-06 18:24:17.750627,2025-05-06 18:24:17.750627
168578,137,1999-03-15,15,0,13,06:00,17,14:00,3,3.6,8.9,,76,,,,,2025-05-06 18:24:17.780452,2025-05-06 18:24:17.780452
168585,137,1999-03-16,15.5,0,13,06:00,18,14:00,99,2.2,6.9,,70,,,,,2025-05-06 18:24:17.807206,2025-05-06 18:24:17.807206
168592,137,1999-03-17,16.5,0,14,06:00,19,14:00,8,3.3,13.9,14:30,70,,,,,2025-05-06 18:24:17.834944,2025-05-06 18:24:17.834944
168599,137,1999-03-18,17,0,15,05:00,19,14:00,8,3.3,13.1,09:50,70,,,,,2025-05-06 18:24:17.861884,2025-05-06 18:24:17.861884
168606,137,1999-03-19,17.5,0,15,06:00,20,14:00,6,3.1,9.4,21:14,74,,,,,2025-05-06 18:24:17.890766,2025-05-06 18:24:17.890766
168613,137,1999-03-20,19.5,0,15,02:00,24,16:00,8,4.7,18.1,22:50,68,,,,,2025-05-06 18:24:17.918389,2025-05-06 18:24:17.918389
168620,137,1999-03-21,20.5,0,17,09:00,24,16:00,9,1.9,21.9,04:20,63,,,,,2025-05-06 18:24:17.944616,2025-05-06 18:24:17.944616
168627,137,1999-03-22,16.5,0,14,02:00,19,15:00,34,0,4.4,12:15,84,,,,,2025-05-06 18:24:17.972597,2025-05-06 18:24:17.972597
168634,137,1999-03-23,17,0,13,06:00,21,16:00,36,0.6,6.1,05:15,82,,,,,2025-05-06 18:24:18.002987,2025-05-06 18:24:18.002987
168641,137,1999-03-24,17.5,0,13,04:00,22,15:00,4,0.6,8.1,11:05,78,,,,,2025-05-06 18:24:18.030715,2025-05-06 18:24:18.030715
168648,137,1999-03-25,15,7,13,05:00,17,14:00,36,0,6.9,15:10,85,,,,,2025-05-06 18:24:18.058504,2025-05-06 18:24:18.058504
168655,137,1999-03-26,14.5,0,12,04:00,17,15:00,99,3.3,10,,86,,,,,2025-05-06 18:24:18.087904,2025-05-06 18:24:18.087904
168662,137,1999-03-27,15,1.2,12,05:00,18,15:00,9,4.7,11.9,08:15,75,,,,,2025-05-06 18:24:18.116481,2025-05-06 18:24:18.116481
168669,137,1999-03-28,16,0.6,13,06:00,19,14:00,8,3.6,15,10:15,73,,,,,2025-05-06 18:24:18.145374,2025-05-06 18:24:18.145374
168676,137,1999-03-29,16.5,0,13,06:00,20,16:00,3,3.1,13.1,15:55,72,,,,,2025-05-06 18:24:18.173238,2025-05-06 18:24:18.173238
168683,137,1999-03-30,17,0,14,06:00,20,12:00,10,3.6,13.6,06:50,70,,,,,2025-05-06 18:24:18.201084,2025-05-06 18:24:18.201084
168690,137,1999-03-31,17,,13,05:00,21,17:00,99,1.7,6.1,,74,,,,,2025-05-06 18:24:18.230403,2025-05-06 18:24:18.230403
188666,137,2007-01-01,,,,,,,15,3.3,11.1,20:05,,,,,,2025-05-06 18:43:17.672344,2025-05-06 18:43:17.672344
188676,137,2007-01-02,,,,,,,8,1.9,8.3,01:05,,,,,,2025-05-06 18:43:17.722402,2025-05-06 18:43:17.722402
188686,137,2007-01-03,,,,,,,30,0.8,5.3,12:30,,,,,,2025-05-06 18:43:17.774921,2025-05-06 18:43:17.774921
188696,137,2007-01-04,,,,,,,30,1.7,6.1,13:25,,,,,,2025-05-06 18:43:17.828818,2025-05-06 18:43:17.828818
188706,137,2007-01-05,,,,,,,12,3.9,13.9,09:55,,,,,,2025-05-06 18:43:17.880649,2025-05-06 18:43:17.880649
188716,137,2007-01-06,,,,,,,11,4.7,16.9,23:58,,,,,,2025-05-06 18:43:17.929490,2025-05-06 18:43:17.929490
188726,137,2007-01-07,,,,,,,11,8.6,20,22:15,,,,,,2025-05-06 18:43:17.981535,2025-05-06 18:43:17.981535
188736,137,2007-01-08,,,,,,,11,5.6,21.1,04:50,,,,,,2025-05-06 18:43:18.032051,2025-05-06 18:43:18.032051
188746,137,2007-01-09,,,,,,,27,0.3,4.2,13:50,,,,,,2025-05-06 18:43:18.086183,2025-05-06 18:43:18.086183
188756,137,2007-01-10,,,,,,,9,1.7,15,23:55,,,,,,2025-05-06 18:43:18.138488,2025-05-06 18:43:18.138488
188766,137,2007-01-11,,,,,,,11,3.1,15,09:55,,,,,,2025-05-06 18:43:18.192250,2025-05-06 18:43:18.192250
188776,137,2007-01-12,,,,,,,11,1.1,8.3,21:22,,,,,,2025-05-06 18:43:18.240504,2025-05-06 18:43:18.240504
188786,137,2007-01-13,,,,,,,10,3.9,28.6,10:38,,,,,,2025-05-06 18:43:18.291441,2025-05-06 18:43:18.291441
188796,137,2007-01-14,,,,,,,12,1.7,9.7,04:10,,,,,,2025-05-06 18:43:18.348115,2025-05-06 18:43:18.348115
188806,137,2007-01-15,,,,,,,16,1.7,4.7,07:08,,,,,,2025-05-06 18:43:18.403070,2025-05-06 18:43:18.403070
188816,137,2007-01-16,,,,,,,12,2.8,6.4,21:10,,,,,,2025-05-06 18:43:18.458178,2025-05-06 18:43:18.458178
188825,137,2007-01-17,,,,,,,12,2.5,11.1,23:30,,,,,,2025-05-06 18:43:18.510493,2025-05-06 18:43:18.510493
188834,137,2007-01-18,,,,,,,15,1.9,12.2,23:40,,,,,,2025-05-06 18:43:18.559968,2025-05-06 18:43:18.559968
188844,137,2007-01-19,,,,,,,13,2.8,18.9,05:00,,,,,,2025-05-06 18:43:18.617316,2025-05-06 18:43:18.617316
188854,137,2007-01-20,,,,,,,13,2.5,13.3,23:45,,,,,,2025-05-06 18:43:18.676311,2025-05-06 18:43:18.676311
188864,137,2007-01-21,,,,,,,9,4.4,16.1,00:05,,,,,,2025-05-06 18:43:18.731593,2025-05-06 18:43:18.731593
188874,137,2007-01-22,,,,,,,10,5.8,14.7,22:30,,,,,,2025-05-06 18:43:18.789110,2025-05-06 18:43:18.789110
188884,137,2007-01-23,,,,,,,9,1.4,15.3,00:50,,,,,,2025-05-06 18:43:18.849881,2025-05-06 18:43:18.849881
188894,137,2007-01-24,,,,,,,2,1.9,10.6,13:35,,,,,,2025-05-06 18:43:18.908750,2025-05-06 18:43:18.908750
188904,137,2007-01-25,,,,,,,27,2.5,10,10:30,,,,,,2025-05-06 18:43:18.965416,2025-05-06 18:43:18.965416
188914,137,2007-01-26,,,,,,,11,3.1,10.3,22:10,,,,,,2025-05-06 18:43:19.022211,2025-05-06 18:43:19.022211
188924,137,2007-01-27,,,,,,,11,6.9,32.2,13:35,,,,,,2025-05-06 18:43:19.077109,2025-05-06 18:43:19.077109
188934,137,2007-01-28,,,,,,,8,5,18.9,00:05,,,,,,2025-05-06 18:43:19.134866,2025-05-06 18:43:19.134866
188944,137,2007-01-29,,,,,,,3,4.4,11.1,02:35,,,,,,2025-05-06 18:43:19.192324,2025-05-06 18:43:19.192324
188954,137,2007-01-30,,,,,,,3,2.8,9.7,04:03,,,,,,2025-05-06 18:43:19.247477,2025-05-06 18:43:19.247477
188964,137,2007-01-31,,,,,,,11,3.1,11.1,11:10,,,,,,2025-05-06 18:43:19.306780,2025-05-06 18:43:19.306780
188974,137,2007-02-01,,,,,,,11,3.3,7.5,05:28,,,,,,2025-05-06 18:43:19.363706,2025-05-06 18:43:19.363706
188984,137,2007-02-02,,,,,,,7,4.7,9.4,22:39,,,,,,2025-05-06 18:43:19.422322,2025-05-06 18:43:19.422322
189003,137,2007-02-04,,,,,,,10,4.2,11.9,04:17,,,,,,2025-05-06 18:43:19.532822,2025-05-06 18:43:19.532822
189013,137,2007-02-05,,,,,,,26,2.8,6.7,16:33,,,,,,2025-05-06 18:43:19.589339,2025-05-06 18:43:19.589339
189023,137,2007-02-06,,,,,,,4,3.1,6.9,08:50,,,,,,2025-05-06 18:43:19.645833,2025-05-06 18:43:19.645833
189033,137,2007-02-07,,,,,,,3,2.8,8.1,15:18,,,,,,2025-05-06 18:43:19.700677,2025-05-06 18:43:19.700677
189043,137,2007-02-08,,,,,,,12,3.6,8.9,15:58,,,,,,2025-05-06 18:43:19.763503,2025-05-06 18:43:19.763503
189053,137,2007-02-09,,,,,,,11,4.7,11.4,23:40,,,,,,2025-05-06 18:43:19.818916,2025-05-06 18:43:19.818916
189063,137,2007-02-10,,,,,,,10,5,19.2,19:43,,,,,,2025-05-06 18:43:19.865105,2025-05-06 18:43:19.865105
189073,137,2007-02-11,,,,,,,11,1.9,15,00:51,,,,,,2025-05-06 18:43:19.945505,2025-05-06 18:43:19.945505
189083,137,2007-02-12,,,,,,,30,1.1,5.8,13:51,,,,,,2025-05-06 18:43:19.994527,2025-05-06 18:43:19.994527
189093,137,2007-02-13,,,,,,,3,1.7,6.9,23:50,,,,,,2025-05-06 18:43:20.044244,2025-05-06 18:43:20.044244
189103,137,2007-02-14,,,,,,,12,2.2,6.1,07:25,,,,,,2025-05-06 18:43:20.097619,2025-05-06 18:43:20.097619
189113,137,2007-02-15,,,,,,,22,1.4,9.2,23:24,,,,,,2025-05-06 18:43:20.141889,2025-05-06 18:43:20.141889
189123,137,2007-02-16,,,,,,,26,4.7,15,00:55,,,,,,2025-05-06 18:43:20.192134,2025-05-06 18:43:20.192134
189133,137,2007-02-17,,,,,,,9,4.7,12.2,,,,,,,2025-05-06 18:43:20.246683,2025-05-06 18:43:20.246683
189152,137,2007-02-19,,,,,,,4,4.7,12.2,16:27,,,,,,2025-05-06 18:43:20.343182,2025-05-06 18:43:20.343182
189162,137,2007-02-20,,,,,,,7,5.6,13.6,09:28,,,,,,2025-05-06 18:43:20.393993,2025-05-06 18:43:20.393993
189172,137,2007-02-21,,,,,,,26,3.3,10.3,13:35,,,,,,2025-05-06 18:43:20.446012,2025-05-06 18:43:20.446012
189182,137,2007-02-22,,,,,,,10,4.2,13.6,02:18,,,,,,2025-05-06 18:43:20.502992,2025-05-06 18:43:20.502992
189192,137,2007-02-23,,,,,,,8,5.3,12.8,10:27,,,,,,2025-05-06 18:43:20.560791,2025-05-06 18:43:20.560791
189202,137,2007-02-24,,,,,,,8,6.4,19.2,22:55,,,,,,2025-05-06 18:43:20.617184,2025-05-06 18:43:20.617184
189212,137,2007-02-25,,,,,,,10,8.1,21.9,02:15,,,,,,2025-05-06 18:43:20.676531,2025-05-06 18:43:20.676531
189222,137,2007-02-26,,,,,,,11,7.5,18.1,21:18,,,,,,2025-05-06 18:43:20.730367,2025-05-06 18:43:20.730367
189232,137,2007-02-27,,,,,,,8,7.2,16.4,09:30,,,,,,2025-05-06 18:43:20.787342,2025-05-06 18:43:20.787342
189242,137,2007-02-28,,,,,,,10,6.9,18.9,09:10,,,,,,2025-05-06 18:43:20.843821,2025-05-06 18:43:20.843821
189252,137,2007-03-01,,,,,,,11,7.2,20,03:23,,,,,,2025-05-06 18:43:20.899839,2025-05-06 18:43:20.899839
189262,137,2007-03-02,,,,,,,34,1.4,5.6,14:50,,,,,,2025-05-06 18:43:20.952666,2025-05-06 18:43:20.952666
189272,137,2007-03-03,,,,,,,4,4.7,15,13:50,,,,,,2025-05-06 18:43:21.009454,2025-05-06 18:43:21.009454
189282,137,2007-03-04,,,,,,,2,4.4,11.1,11:00,,,,,,2025-05-06 18:43:21.064864,2025-05-06 18:43:21.064864
189292,137,2007-03-05,,,,,,,9,12.2,22.2,12:10,,,,,,2025-05-06 18:43:21.117257,2025-05-06 18:43:21.117257
189302,137,2007-03-06,,,,,,,11,9.2,26.4,22:23,,,,,,2025-05-06 18:43:21.170548,2025-05-06 18:43:21.170548
189312,137,2007-03-07,,,,,,,8,10.6,26.1,18:15,,,,,,2025-05-06 18:43:21.226704,2025-05-06 18:43:21.226704
189322,137,2007-03-08,,,,,,,8,11.4,23.9,10:10,,,,,,2025-05-06 18:43:21.284417,2025-05-06 18:43:21.284417
189332,137,2007-03-09,,,,,,,9,1.7,25,00:58,,,,,,2025-05-06 18:43:21.334526,2025-05-06 18:43:21.334526
189342,137,2007-03-10,,,,,,,2,3.6,8.1,11:35,,,,,,2025-05-06 18:43:21.387203,2025-05-06 18:43:21.387203
189352,137,2007-03-11,,,,,,,8,2.8,9.7,01:45,,,,,,2025-05-06 18:43:21.440205,2025-05-06 18:43:21.440205
189362,137,2007-03-12,,,,,,,27,5,13.3,17:30,,,,,,2025-05-06 18:43:21.490718,2025-05-06 18:43:21.490718
189372,137,2007-03-13,,,,,,,11,2.2,11.7,23:25,,,,,,2025-05-06 18:43:21.546223,2025-05-06 18:43:21.546223
189382,137,2007-03-14,,,,,,,9,5.3,16.4,13:03,,,,,,2025-05-06 18:43:21.598923,2025-05-06 18:43:21.598923
189392,137,2007-03-15,,,,,,,12,4.4,13.3,01:22,,,,,,2025-05-06 18:43:21.650627,2025-05-06 18:43:21.650627
189402,137,2007-03-16,,,,,,,8,5.3,13.1,12:15,,,,,,2025-05-06 18:43:21.705213,2025-05-06 18:43:21.705213
189412,137,2007-03-17,,,,,,,0,3.1,,,,,,,,2025-05-06 18:43:21.759487,2025-05-06 18:43:21.759487
189422,137,2007-03-18,,,,,,,11,3.1,9.2,22:17,,,,,,2025-05-06 18:44:23.367856,2025-05-06 18:44:23.367856
189450,137,2007-03-21,,,,,,,6,6.7,20,14:20,,,,,,2025-05-06 18:44:23.540845,2025-05-06 18:44:23.540845
189460,137,2007-03-22,,,,,,,8,3.1,10.3,00:12,,,,,,2025-05-06 18:44:23.603000,2025-05-06 18:44:23.603000
189470,137,2007-03-23,,,,,,,36,3.1,7.2,12:59,,,,,,2025-05-06 18:44:23.663375,2025-05-06 18:44:23.663375
189480,137,2007-03-24,,,,,,,4,2.5,6.7,18:17,,,,,,2025-05-06 18:44:23.724744,2025-05-06 18:44:23.724744
189490,137,2007-03-25,,,,,,,5,1.4,10.3,21:13,,,,,,2025-05-06 18:44:23.805166,2025-05-06 18:44:23.805166
189500,137,2007-03-26,,,,,,,3,5,12.5,12:12,,,,,,2025-05-06 18:44:23.860697,2025-05-06 18:44:23.860697
189510,137,2007-03-27,,,,,,,3,3.9,13.6,18:12,,,,,,2025-05-06 18:44:23.914246,2025-05-06 18:44:23.914246
189520,137,2007-03-28,,,,,,,6,5.6,16.1,13:57,,,,,,2025-05-06 18:44:23.966418,2025-05-06 18:44:23.966418
189530,137,2007-03-29,,,,,,,7,6.4,16.9,12:43,,,,,,2025-05-06 18:44:24.017711,2025-05-06 18:44:24.017711
189540,137,2007-03-30,,,,,,,9,6.7,15.8,07:18,,,,,,2025-05-06 18:44:24.066702,2025-05-06 18:44:24.066702
189586,137,2007-04-04,,,,,,,1,2.5,10,10:05,,,,,,2025-05-06 18:44:24.328237,2025-05-06 18:44:24.328237
189596,137,2007-04-05,,,,,,,28,1.9,6.7,12:22,,,,,,2025-05-06 18:44:24.380793,2025-05-06 18:44:24.380793
189606,137,2007-04-06,,,,,,,27,1.7,9.2,12:52,,,,,,2025-05-06 18:44:24.432142,2025-05-06 18:44:24.432142
189616,137,2007-04-07,,,,,,,27,4.4,12.2,11:12,,,,,,2025-05-06 18:44:24.486670,2025-05-06 18:44:24.486670
189626,137,2007-04-08,,,,,,,27,3.9,11.9,15:35,,,,,,2025-05-06 18:44:24.541831,2025-05-06 18:44:24.541831
189636,137,2007-04-09,,,,,,,2,1.9,10,14:22,,,,,,2025-05-06 18:44:24.598501,2025-05-06 18:44:24.598501
189646,137,2007-04-10,,,,,,,1,1.9,11.9,22:00,,,,,,2025-05-06 18:44:24.656647,2025-05-06 18:44:24.656647
189656,137,2007-04-11,,,,,,,3,3.6,10.6,15:57,,,,,,2025-05-06 18:44:24.709233,2025-05-06 18:44:24.709233
189666,137,2007-04-12,,,,,,,7,6.4,14.2,15:50,,,,,,2025-05-06 18:44:24.765652,2025-05-06 18:44:24.765652
189676,137,2007-04-13,,,,,,,10,5.6,15,02:35,,,,,,2025-05-06 18:44:24.821925,2025-05-06 18:44:24.821925
189686,137,2007-04-14,,,,,,,2,4.4,9.7,15:03,,,,,,2025-05-06 18:44:24.881492,2025-05-06 18:44:24.881492
189696,137,2007-04-15,,,,,,,3,2.5,8.3,17:30,,,,,,2025-05-06 18:44:24.937188,2025-05-06 18:44:24.937188
189706,137,2007-04-16,,,,,,,2,3.6,7.5,11:30,,,,,,2025-05-06 18:44:24.998422,2025-05-06 18:44:24.998422
189716,137,2007-04-17,,,,,,,3,3.6,8.1,15:20,,,,,,2025-05-06 18:44:25.057492,2025-05-06 18:44:25.057492
189726,137,2007-04-18,,,,,,,2,1.4,7.8,09:10,,,,,,2025-05-06 18:44:25.117187,2025-05-06 18:44:25.117187
189736,137,2007-04-19,,,,,,,2,3.6,8.3,13:05,,,,,,2025-05-06 18:44:25.178143,2025-05-06 18:44:25.178143
189746,137,2007-04-20,,,,,,,6,3.9,10,23:58,,,,,,2025-05-06 18:44:25.238490,2025-05-06 18:44:25.238490
189756,137,2007-04-21,,,,,,,3,6.1,13.9,08:37,,,,,,2025-05-06 18:44:25.297055,2025-05-06 18:44:25.297055
189766,137,2007-04-22,,,,,,,6,3.9,11.4,00:30,,,,,,2025-05-06 18:44:25.359022,2025-05-06 18:44:25.359022
189776,137,2007-04-23,,,,,,,3,3.9,11.9,13:05,,,,,,2025-05-06 18:44:25.412379,2025-05-06 18:44:25.412379
189786,137,2007-04-24,,,,,,,3,5.6,12.2,,,,,,,2025-05-06 18:44:25.466885,2025-05-06 18:44:25.466885
189796,137,2007-04-25,,,,,,,6,,15,05:50,,,,,,2025-05-06 18:44:25.520484,2025-05-06 18:44:25.520484
189806,137,2007-04-26,,,,,,,9,5.8,15,07:20,,,,,,2025-05-06 18:44:25.572397,2025-05-06 18:44:25.572397
189816,137,2007-04-27,,,,,,,9,4.7,15,03:02,,,,,,2025-05-06 18:44:25.630915,2025-05-06 18:44:25.630915
189826,137,2007-04-28,,,,,,,8,5.3,15.8,06:03,,,,,,2025-05-06 18:44:25.684105,2025-05-06 18:44:25.684105
189836,137,2007-04-29,,,,,,,7,6.1,14.4,12:15,,,,,,2025-05-06 18:44:25.739289,2025-05-06 18:44:25.739289
189846,137,2007-04-30,,,,,,,2,6.1,13.9,02:55,,,,,,2025-05-06 18:44:25.794979,2025-05-06 18:44:25.794979
189856,137,2007-05-01,,,,,,,3,4.4,11.1,13:40,,,,,,2025-05-06 18:44:25.851176,2025-05-06 18:44:25.851176
189876,137,2007-05-03,,,,,,,9,5.6,13.1,21:25,,,,,,2025-05-06 18:44:25.968603,2025-05-06 18:44:25.968603
189886,137,2007-05-04,,,,,,,6,5.3,18.3,22:10,,,,,,2025-05-06 18:44:26.028836,2025-05-06 18:44:26.028836
189896,137,2007-05-05,,,,,,,7,6.4,18.9,14:10,,,,,,2025-05-06 18:44:26.087671,2025-05-06 18:44:26.087671
189906,137,2007-05-06,,,,,,,6,8.6,20,12:00,,,,,,2025-05-06 18:44:26.145466,2025-05-06 18:44:26.145466
189916,137,2007-05-07,,,,,,,9,2.2,19.2,00:05,,,,,,2025-05-06 18:44:26.201428,2025-05-06 18:44:26.201428
189926,137,2007-05-08,,,,,,,13,2.2,19.2,05:22,,,,,,2025-05-06 18:44:26.259918,2025-05-06 18:44:26.259918
189936,137,2007-05-09,,,,,,,11,1.9,11.7,03:35,,,,,,2025-05-06 18:44:26.318312,2025-05-06 18:44:26.318312
189945,137,2007-05-10,,,,,,,9,5.3,16.4,04:02,,,,,,2025-05-06 18:44:26.366357,2025-05-06 18:44:26.366357
189955,137,2007-05-11,,,,,,,9,5,15,09:07,,,,,,2025-05-06 18:44:26.424260,2025-05-06 18:44:26.424260
189965,137,2007-05-12,,,,,,,0,3.9,,,,,,,,2025-05-06 18:44:26.478932,2025-05-06 18:44:26.478932
189975,137,2007-05-13,,,,,,,2,6.4,14.2,20:10,,,,,,2025-05-06 18:44:26.535620,2025-05-06 18:44:26.535620
189985,137,2007-05-14,,,,,,,8,4.4,12.5,04:50,,,,,,2025-05-06 18:44:26.595964,2025-05-06 18:44:26.595964
190004,137,2007-05-16,,,,,,,9,3.9,11.7,02:03,,,,,,2025-05-06 18:44:26.701859,2025-05-06 18:44:26.701859
190013,137,2007-05-17,,,,,,,3,4.7,10.8,05:10,,,,,,2025-05-06 18:44:26.752418,2025-05-06 18:44:26.752418
190023,137,2007-05-18,,,,,,,4,4.2,8.3,13:58,,,,,,2025-05-06 18:44:26.812763,2025-05-06 18:44:26.812763
190033,137,2007-05-19,,,,,,,36,5.3,9.7,05:20,,,,,,2025-05-06 18:44:26.873540,2025-05-06 18:44:26.873540
190043,137,2007-05-20,,,,,,,3,4.2,10.6,12:55,,,,,,2025-05-06 18:44:26.931529,2025-05-06 18:44:26.931529
190053,137,2007-05-21,,,,,,,32,2.2,7.2,23:45,,,,,,2025-05-06 18:44:26.990284,2025-05-06 18:44:26.990284
190063,137,2007-05-22,,,,,,,3,3.9,8.3,04:40,,,,,,2025-05-06 18:44:27.048283,2025-05-06 18:44:27.048283
190073,137,2007-05-23,,,,,,,12,0.8,5.8,07:30,,,,,,2025-05-06 18:44:27.106631,2025-05-06 18:44:27.106631
190083,137,2007-05-24,,,,,,,13,1.1,4.4,21:00,,,,,,2025-05-06 18:44:27.164299,2025-05-06 18:44:27.164299
190093,137,2007-05-25,,,,,,,24,4.7,12.2,08:10,,,,,,2025-05-06 18:44:27.223497,2025-05-06 18:44:27.223497
190103,137,2007-05-26,,,,,,,6,3.1,7.8,21:15,,,,,,2025-05-06 18:44:27.277775,2025-05-06 18:44:27.277775
190113,137,2007-05-27,,,,,,,8,3.6,11.4,15:10,,,,,,2025-05-06 18:44:27.339138,2025-05-06 18:44:27.339138
190133,137,2007-05-29,,,,,,,3,7.8,16.1,05:40,,,,,,2025-05-06 18:44:27.454213,2025-05-06 18:44:27.454213
190143,137,2007-05-30,,,,,,,2,6.1,14.2,11:20,,,,,,2025-05-06 18:44:27.512389,2025-05-06 18:44:27.512389
190162,137,2007-06-01,,,,,,,0,7.5,,,,,,,,2025-05-06 18:44:27.627555,2025-05-06 18:44:27.627555
190172,137,2007-06-02,,,,,,,3,7.8,15,15:50,,,,,,2025-05-06 18:44:27.684783,2025-05-06 18:44:27.684783
190182,137,2007-06-03,,,,,,,8,7.2,16.9,08:39,,,,,,2025-05-06 18:44:27.743133,2025-05-06 18:44:27.743133
190192,137,2007-06-04,,,,,,,9,5.8,13.9,00:30,,,,,,2025-05-06 18:44:27.795270,2025-05-06 18:44:27.795270
190202,137,2007-06-05,,,,,,,1,4.4,10.3,13:30,,,,,,2025-05-06 18:44:27.855266,2025-05-06 18:44:27.855266
190212,137,2007-06-06,,,,,,,3,3.1,8.3,15:20,,,,,,2025-05-06 18:44:27.919544,2025-05-06 18:44:27.919544
190221,137,2007-06-07,,,,,,,28,2.5,10,14:05,,,,,,2025-05-06 18:44:27.974167,2025-05-06 18:44:27.974167
190230,137,2007-06-08,,,,,,,28,2.5,11.1,14:40,,,,,,2025-05-06 18:44:28.030797,2025-05-06 18:44:28.030797
190240,137,2007-06-09,,,,,,,36,3.1,8.6,15:25,,,,,,2025-05-06 18:44:28.089753,2025-05-06 18:44:28.089753
190250,137,2007-06-10,,,,,,,2,3.1,9.2,15:58,,,,,,2025-05-06 18:44:28.152728,2025-05-06 18:44:28.152728
190260,137,2007-06-11,,,,,,,3,3.6,10,14:50,,,,,,2025-05-06 18:44:28.210933,2025-05-06 18:44:28.210933
190270,137,2007-06-12,,,,,,,3,4.2,9.2,17:02,,,,,,2025-05-06 18:44:28.270764,2025-05-06 18:44:28.270764
190280,137,2007-06-13,,,,,,,3,5.3,11.9,11:30,,,,,,2025-05-06 18:44:28.328178,2025-05-06 18:44:28.328178
190290,137,2007-06-14,,,,,,,2,7.2,13.3,12:10,,,,,,2025-05-06 18:44:28.381052,2025-05-06 18:44:28.381052
190300,137,2007-06-15,,,,,,,11,4.2,13.6,03:15,,,,,,2025-05-06 18:44:28.437657,2025-05-06 18:44:28.437657
190310,137,2007-06-16,,,,,,,30,3.3,10.6,12:15,,,,,,2025-05-06 18:44:28.497216,2025-05-06 18:44:28.497216
190320,137,2007-06-17,,,,,,,32,2.2,8.1,14:50,,,,,,2025-05-06 18:44:28.556529,2025-05-06 18:44:28.556529
190330,137,2007-06-18,,,,,,,3,3.6,8.6,12:00,,,,,,2025-05-06 18:44:28.613527,2025-05-06 18:44:28.613527
190340,137,2007-06-19,,,,,,,3,4.2,10.6,16:35,,,,,,2025-05-06 18:44:28.667660,2025-05-06 18:44:28.667660
190350,137,2007-06-20,,,,,,,3,5.3,13.3,15:55,,,,,,2025-05-06 18:44:28.724567,2025-05-06 18:44:28.724567
190360,137,2007-06-21,,,,,,,3,4.4,16.1,22:15,,,,,,2025-05-06 18:44:28.781813,2025-05-06 18:44:28.781813
190370,137,2007-06-22,,,,,,,8,4.7,14.2,08:15,,,,,,2025-05-06 18:44:28.841972,2025-05-06 18:44:28.841972
190380,137,2007-06-23,,,,,,,3,5.8,13.1,14:00,,,,,,2025-05-06 18:44:28.899127,2025-05-06 18:44:28.899127
190408,137,2007-06-26,,,,,,,5,4.7,13.9,01:10,,,,,,2025-05-06 18:44:29.066002,2025-05-06 18:44:29.066002
190418,137,2007-06-27,,,,,,,6,3.6,11.1,01:05,,,,,,2025-05-06 18:44:29.123735,2025-05-06 18:44:29.123735
190428,137,2007-06-28,,,,,,,2,4.7,12.2,16:00,,,,,,2025-05-06 18:44:29.187666,2025-05-06 18:44:29.187666
190438,137,2007-06-29,,,,,,,8,3.1,11.4,16:22,,,,,,2025-05-06 18:44:29.248121,2025-05-06 18:44:29.248121
190448,137,2007-06-30,,,,,,,7,3.9,12.5,21:42,,,,,,2025-05-06 18:44:29.307465,2025-05-06 18:44:29.307465
190458,137,2007-07-01,,,,,,,3,5.3,13.9,13:18,,,,,,2025-05-06 18:44:29.368294,2025-05-06 18:44:29.368294
190468,137,2007-07-02,,,,,,,8,5.6,18.1,00:55,,,,,,2025-05-06 18:44:29.427629,2025-05-06 18:44:29.427629
190478,137,2007-07-03,,,,,,,3,6.9,26.7,10:55,,,,,,2025-05-06 18:44:29.485844,2025-05-06 18:44:29.485844
190488,137,2007-07-04,,,,,,,21,4.7,17.5,20:50,,,,,,2025-05-06 18:44:29.539773,2025-05-06 18:44:29.539773
190498,137,2007-07-05,,,,,,,8,5.6,14.7,13:50,,,,,,2025-05-06 18:44:29.598244,2025-05-06 18:44:29.598244
190508,137,2007-07-06,,,,,,,10,6.1,13.6,21:22,,,,,,2025-05-06 18:44:29.660810,2025-05-06 18:44:29.660810
190518,137,2007-07-07,,,,,,,3,6.7,13.9,13:30,,,,,,2025-05-06 18:44:29.719062,2025-05-06 18:44:29.719062
190528,137,2007-07-08,,,,,,,2,5.6,13.6,15:25,,,,,,2025-05-06 18:44:29.778668,2025-05-06 18:44:29.778668
190538,137,2007-07-09,,,,,,,5,6.7,12.5,16:22,,,,,,2025-05-06 18:44:29.836325,2025-05-06 18:44:29.836325
190548,137,2007-07-10,,,,,,,8,7.2,18.3,21:30,,,,,,2025-05-06 18:44:29.895959,2025-05-06 18:44:29.895959
190558,137,2007-07-11,,,,,,,9,13.1,26.4,22:42,,,,,,2025-05-06 18:44:29.952870,2025-05-06 18:44:29.952870
190568,137,2007-07-12,,,,,,,9,7.5,25,00:22,,,,,,2025-05-06 18:44:30.008009,2025-05-06 18:44:30.008009
190578,137,2007-07-13,,,,,,,4,6.1,15.3,16:55,,,,,,2025-05-06 18:44:30.064794,2025-05-06 18:44:30.064794
190588,137,2007-07-14,,,,,,,5,6.9,14.2,10:58,,,,,,2025-05-06 18:44:30.124183,2025-05-06 18:44:30.124183
190597,137,2007-07-15,,,,,,,2,6.4,13.9,11:00,,,,,,2025-05-06 18:44:30.176257,2025-05-06 18:44:30.176257
190607,137,2007-07-16,,,,,,,2,4.2,11.1,09:58,,,,,,2025-05-06 18:44:30.234526,2025-05-06 18:44:30.234526
190617,137,2007-07-17,,,,,,,10,5.3,16.7,22:20,,,,,,2025-05-06 18:44:30.290375,2025-05-06 18:44:30.290375
190627,137,2007-07-18,,,,,,,10,9.4,22.8,07:25,,,,,,2025-05-06 18:44:30.340765,2025-05-06 18:44:30.340765
190637,137,2007-07-19,,,,,,,10,13.9,24.7,22:22,,,,,,2025-05-06 18:44:30.387149,2025-05-06 18:44:30.387149
190647,137,2007-07-20,,,,,,,9,11.1,27.2,07:30,,,,,,2025-05-06 18:44:30.441348,2025-05-06 18:44:30.441348
190657,137,2007-07-21,,,,,,,10,11.4,25.8,22:45,,,,,,2025-05-06 18:44:30.487758,2025-05-06 18:44:30.487758
190667,137,2007-07-22,,,,,,,9,14.4,26.9,20:25,,,,,,2025-05-06 18:44:30.537889,2025-05-06 18:44:30.537889
190677,137,2007-07-23,,,,,,,8,,25.6,00:42,,,,,,2025-05-06 18:44:30.588930,2025-05-06 18:44:30.588930
190687,137,2007-07-24,,,,,,,9,10.8,23.1,06:40,,,,,,2025-05-06 18:44:30.643564,2025-05-06 18:44:30.643564
190697,137,2007-07-25,,,,,,,1,6.4,14.7,13:42,,,,,,2025-05-06 18:44:30.699178,2025-05-06 18:44:30.699178
190840,137,2007-08-11,,,,,,,2,4.4,11.4,10:25,,,,,,2025-05-06 18:44:31.513754,2025-05-06 18:44:31.513754
190853,137,2007-08-13,,,,,,,0,8.3,,,,,,,,2025-05-06 18:44:31.580161,2025-05-06 18:44:31.580161
190862,137,2007-08-14,,,,,,,9,8.9,18.6,08:40,,,,,,2025-05-06 18:44:31.622991,2025-05-06 18:44:31.622991
190871,137,2007-08-15,,,,,,,10,10.6,21.7,21:50,,,,,,2025-05-06 18:44:31.665141,2025-05-06 18:44:31.665141
190880,137,2007-08-16,,,,,,,10,12.2,27.5,02:25,,,,,,2025-05-06 18:44:31.705712,2025-05-06 18:44:31.705712
190889,137,2007-08-17,,,,,,,7,5.6,16.1,01:35,,,,,,2025-05-06 18:44:31.755815,2025-05-06 18:44:31.755815
190898,137,2007-08-18,,,,,,,6,4.2,13.6,19:18,,,,,,2025-05-06 18:44:31.805956,2025-05-06 18:44:31.805956
190907,137,2007-08-19,,,,,,,2,4.4,12.5,17:30,,,,,,2025-05-06 18:44:31.864382,2025-05-06 18:44:31.864382
190916,137,2007-08-20,,,,,,,2,5,11.9,15:55,,,,,,2025-05-06 18:44:31.919112,2025-05-06 18:44:31.919112
190926,137,2007-08-21,,,,,,,2,3.9,10.6,14:10,,,,,,2025-05-06 18:44:31.982469,2025-05-06 18:44:31.982469
190936,137,2007-08-22,,,,,,,2,5.3,10.3,,,,,,,2025-05-06 18:44:32.041926,2025-05-06 18:44:32.041926
190946,137,2007-08-23,,,,,,,2,5,12.5,17:30,,,,,,2025-05-06 18:44:32.101775,2025-05-06 18:44:32.101775
190956,137,2007-08-24,,,,,,,2,5.6,11.1,18:58,,,,,,2025-05-06 18:44:32.160599,2025-05-06 18:44:32.160599
190966,137,2007-08-25,,,,,,,2,5,11.4,17:18,,,,,,2025-05-06 18:44:32.216763,2025-05-06 18:44:32.216763
190976,137,2007-08-26,,,,,,,2,6.1,13.6,14:35,,,,,,2025-05-06 18:44:32.278280,2025-05-06 18:44:32.278280
190986,137,2007-08-27,,,,,,,2,5.3,13.6,16:05,,,,,,2025-05-06 18:44:32.337368,2025-05-06 18:44:32.337368
190996,137,2007-08-28,,,,,,,3,6.4,13.6,,,,,,,2025-05-06 18:44:32.394977,2025-05-06 18:44:32.394977
191006,137,2007-08-29,,,,,,,2,5.3,14.2,15:00,,,,,,2025-05-06 18:44:32.452877,2025-05-06 18:44:32.452877
191016,137,2007-08-30,,,,,,,10,7.5,16.9,21:40,,,,,,2025-05-06 18:44:32.509315,2025-05-06 18:44:32.509315
191025,137,2007-08-31,,,,,,,7,6.4,16.9,14:03,,,,,,2025-05-06 18:44:32.561978,2025-05-06 18:44:32.561978
191351,137,2007-10-03,,,,,,,3,1.9,6.9,16:40,,,,,,2025-05-06 18:45:35.924166,2025-05-06 18:45:35.924166
191035,137,2007-09-01,,,,,,,3,6.4,13.9,13:05,,,,,,2025-05-06 18:44:32.620861,2025-05-06 18:44:32.620861
191045,137,2007-09-02,,,,,,,2,3.3,11.9,12:20,,,,,,2025-05-06 18:44:32.677334,2025-05-06 18:44:32.677334
191055,137,2007-09-03,,,,,,,4,3.1,10,00:50,,,,,,2025-05-06 18:44:32.732492,2025-05-06 18:44:32.732492
191065,137,2007-09-04,,,,,,,2,4.4,11.1,16:40,,,,,,2025-05-06 18:44:32.789312,2025-05-06 18:44:32.789312
191075,137,2007-09-05,,,,,,,31,3.1,7.5,14:20,,,,,,2025-05-06 18:44:32.843931,2025-05-06 18:44:32.843931
191085,137,2007-09-06,,,,,,,2,1.7,5.6,17:50,,,,,,2025-05-06 18:44:32.901248,2025-05-06 18:44:32.901248
191095,137,2007-09-07,,,,,,,2,3.6,11.9,14:30,,,,,,2025-05-06 18:44:32.962135,2025-05-06 18:44:32.962135
191105,137,2007-09-08,,,,,,,8,6.1,16.1,15:20,,,,,,2025-05-06 18:44:33.019758,2025-05-06 18:44:33.019758
191115,137,2007-09-09,,,,,,,8,5.8,15,20:40,,,,,,2025-05-06 18:44:33.076316,2025-05-06 18:44:33.076316
191124,137,2007-09-10,,,,,,,7,7.5,16.9,08:50,,,,,,2025-05-06 18:44:33.130439,2025-05-06 18:44:33.130439
191133,137,2007-09-11,,,,,,,2,3.3,10,13:35,,,,,,2025-05-06 18:44:33.187541,2025-05-06 18:44:33.187541
191142,137,2007-09-12,,,,,,,11,4.7,8.9,20:35,,,,,,2025-05-06 18:44:33.241665,2025-05-06 18:44:33.241665
191151,137,2007-09-13,,,,,,,2,5,13.9,13:25,,,,,,2025-05-06 18:44:33.289288,2025-05-06 18:44:33.289288
191161,137,2007-09-14,,,,,,,9,6.1,18.9,08:59,,,,,,2025-05-06 18:45:34.780042,2025-05-06 18:45:34.780042
191171,137,2007-09-15,,,,,,,9,5.3,16.1,06:40,,,,,,2025-05-06 18:45:34.852140,2025-05-06 18:45:34.852140
191181,137,2007-09-16,,,,,,,10,3.6,13.1,23:15,,,,,,2025-05-06 18:45:34.915475,2025-05-06 18:45:34.915475
191191,137,2007-09-17,,,,,,,10,7.8,15,06:03,,,,,,2025-05-06 18:45:34.988458,2025-05-06 18:45:34.988458
191201,137,2007-09-18,,,,,,,8,6.4,16.1,05:15,,,,,,2025-05-06 18:45:35.060786,2025-05-06 18:45:35.060786
191211,137,2007-09-19,,,,,,,8,5.3,16.9,02:10,,,,,,2025-05-06 18:45:35.118920,2025-05-06 18:45:35.118920
191221,137,2007-09-20,,,,,,,10,8.1,20.6,23:50,,,,,,2025-05-06 18:45:35.178909,2025-05-06 18:45:35.178909
191231,137,2007-09-21,,,,,,,11,6.9,25,21:58,,,,,,2025-05-06 18:45:35.239885,2025-05-06 18:45:35.239885
191241,137,2007-09-22,,,,,,,10,8.6,23.9,00:30,,,,,,2025-05-06 18:45:35.301011,2025-05-06 18:45:35.301011
191251,137,2007-09-23,,,,,,,10,5.8,13.6,17:45,,,,,,2025-05-06 18:45:35.363452,2025-05-06 18:45:35.363452
191261,137,2007-09-24,,,,,,,2,5,13.1,16:30,,,,,,2025-05-06 18:45:35.423714,2025-05-06 18:45:35.423714
191271,137,2007-09-25,,,,,,,2,3.3,10,11:03,,,,,,2025-05-06 18:45:35.483160,2025-05-06 18:45:35.483160
191281,137,2007-09-26,,,,,,,26,1.7,6.1,11:45,,,,,,2025-05-06 18:45:35.544623,2025-05-06 18:45:35.544623
191291,137,2007-09-27,,,,,,,34,2.8,8.6,15:20,,,,,,2025-05-06 18:45:35.602967,2025-05-06 18:45:35.602967
191301,137,2007-09-28,,,,,,,3,1.9,6.9,12:10,,,,,,2025-05-06 18:45:35.662367,2025-05-06 18:45:35.662367
191311,137,2007-09-29,,,,,,,24,1.9,6.9,13:35,,,,,,2025-05-06 18:45:35.715456,2025-05-06 18:45:35.715456
191321,137,2007-09-30,,,,,,,27,1.7,6.1,12:42,,,,,,2025-05-06 18:45:35.772471,2025-05-06 18:45:35.772471
191331,137,2007-10-01,,,,,,,30,1.4,6.9,14:55,,,,,,2025-05-06 18:45:35.826217,2025-05-06 18:45:35.826217
191341,137,2007-10-02,,,,,,,31,1.9,6.4,10:58,,,,,,2025-05-06 18:45:35.875945,2025-05-06 18:45:35.875945
191360,137,2007-10-04,,,,,,,2,1.7,6.9,16:20,,,,,,2025-05-06 18:45:35.969229,2025-05-06 18:45:35.969229
191369,137,2007-10-05,,,,,,,36,1.9,6.9,13:05,,,,,,2025-05-06 18:45:36.009788,2025-05-06 18:45:36.009788
191379,137,2007-10-06,,,,,,,36,3.1,8.6,10:42,,,,,,2025-05-06 18:45:36.054193,2025-05-06 18:45:36.054193
191389,137,2007-10-07,,,,,,,10,6.9,16.1,23:55,,,,,,2025-05-06 18:45:36.101244,2025-05-06 18:45:36.101244
191399,137,2007-10-08,,,,,,,11,6.4,18.6,00:20,,,,,,2025-05-06 18:45:36.151502,2025-05-06 18:45:36.151502
191409,137,2007-10-09,,,,,,,9,3.9,13.6,00:20,,,,,,2025-05-06 18:45:36.199773,2025-05-06 18:45:36.199773
191419,137,2007-10-10,,,,,,,8,2.5,8.9,00:05,,,,,,2025-05-06 18:45:36.250401,2025-05-06 18:45:36.250401
191429,137,2007-10-11,,,,,,,28,1.9,6.9,13:50,,,,,,2025-05-06 18:45:36.302455,2025-05-06 18:45:36.302455
191439,137,2007-10-12,,,,,,,28,1.9,7.2,14:40,,,,,,2025-05-06 18:45:36.359107,2025-05-06 18:45:36.359107
191449,137,2007-10-13,,,,,,,27,2.2,6.9,13:02,,,,,,2025-05-06 18:45:36.422118,2025-05-06 18:45:36.422118
191459,137,2007-10-14,,,,,,,99,3.1,13.1,,,,,,,2025-05-06 18:45:36.482556,2025-05-06 18:45:36.482556
191468,137,2007-10-15,,,,,,,2,3.3,9.4,16:30,,,,,,2025-05-06 18:45:36.535262,2025-05-06 18:45:36.535262
191476,137,2007-10-16,,,,,,,3,3.6,10,16:50,,,,,,2025-05-06 18:45:36.582894,2025-05-06 18:45:36.582894
191484,137,2007-10-17,,,,,,,2,2.5,9.7,15:15,,,,,,2025-05-06 18:45:36.634659,2025-05-06 18:45:36.634659
191494,137,2007-10-18,,,,,,,2,3.1,11.7,23:15,,,,,,2025-05-06 18:45:36.696091,2025-05-06 18:45:36.696091
191503,137,2007-10-19,,,,,,,2,5.3,11.1,13:10,,,,,,2025-05-06 18:45:36.752833,2025-05-06 18:45:36.752833
191512,137,2007-10-20,,,,,,,2,4.4,11.1,14:20,,,,,,2025-05-06 18:45:36.808076,2025-05-06 18:45:36.808076
191522,137,2007-10-21,,,,,,,4,5.6,13.1,09:50,,,,,,2025-05-06 18:45:36.868247,2025-05-06 18:45:36.868247
191532,137,2007-10-22,,,,,,,12,5.6,18.9,08:40,,,,,,2025-05-06 18:45:36.930334,2025-05-06 18:45:36.930334
191542,137,2007-10-23,,,,,,,8,2.2,17.5,00:30,,,,,,2025-05-06 18:45:36.990588,2025-05-06 18:45:36.990588
191552,137,2007-10-24,,,,,,,3,1.7,8.1,22:02,,,,,,2025-05-06 18:45:37.047811,2025-05-06 18:45:37.047811
191562,137,2007-10-25,,,,,,,6,3.9,9.2,01:30,,,,,,2025-05-06 18:45:37.104298,2025-05-06 18:45:37.104298
191572,137,2007-10-26,,,,,,,3,3.9,10,20:25,,,,,,2025-05-06 18:45:37.166556,2025-05-06 18:45:37.166556
191582,137,2007-10-27,,,,,,,3,4.4,11.1,,,,,,,2025-05-06 18:45:37.228586,2025-05-06 18:45:37.228586
191592,137,2007-10-28,,,,,,,3,4.7,10.6,04:22,,,,,,2025-05-06 18:45:37.286046,2025-05-06 18:45:37.286046
191602,137,2007-10-29,,,,,,,6,4.4,11.9,20:22,,,,,,2025-05-06 18:45:37.345791,2025-05-06 18:45:37.345791
191611,137,2007-10-30,,,,,,,1,4.2,14.2,18:42,,,,,,2025-05-06 18:45:37.398565,2025-05-06 18:45:37.398565
191620,137,2007-10-31,,,,,,,8,5.8,13.6,20:42,,,,,,2025-05-06 18:45:37.455508,2025-05-06 18:45:37.455508
191630,137,2007-11-01,,,,,,,9,5.6,16.4,23:25,,,,,,2025-05-06 18:45:37.516826,2025-05-06 18:45:37.516826
191639,137,2007-11-02,,,,,,,35,5.6,12.2,01:10,,,,,,2025-05-06 18:45:37.569123,2025-05-06 18:45:37.569123
191648,137,2007-11-03,,,,,,,99,2.8,7.2,,,,,,,2025-05-06 18:45:37.623887,2025-05-06 18:45:37.623887
191657,137,2007-11-04,,,,,,,9,3.9,10.8,10:10,,,,,,2025-05-06 18:45:37.679619,2025-05-06 18:45:37.679619
191666,137,2007-11-05,,,,,,,9,1.4,10.3,23:58,,,,,,2025-05-06 18:45:37.737250,2025-05-06 18:45:37.737250
191676,137,2007-11-06,,,,,,,9,1.7,12.8,03:55,,,,,,2025-05-06 18:45:37.799180,2025-05-06 18:45:37.799180
191686,137,2007-11-07,,,,,,,11,2.8,12.2,09:10,,,,,,2025-05-06 18:45:37.858349,2025-05-06 18:45:37.858349
191696,137,2007-11-08,,,,,,,12,0.8,7.5,23:32,,,,,,2025-05-06 18:45:37.917500,2025-05-06 18:45:37.917500
191706,137,2007-11-09,,,,,,,10,1.9,13.1,23:00,,,,,,2025-05-06 18:45:37.974791,2025-05-06 18:45:37.974791
191716,137,2007-11-10,,,,,,,10,1.9,13.9,03:20,,,,,,2025-05-06 18:45:38.035315,2025-05-06 18:45:38.035315
191726,137,2007-11-11,,,,,,,10,1.9,13.6,05:05,,,,,,2025-05-06 18:45:38.095301,2025-05-06 18:45:38.095301
191736,137,2007-11-12,,,,,,,9,3.3,10,,,,,,,2025-05-06 18:45:38.148632,2025-05-06 18:45:38.148632
191746,137,2007-11-13,,,,,,,8,5.3,15.3,20:10,,,,,,2025-05-06 18:45:38.205247,2025-05-06 18:45:38.205247
191756,137,2007-11-14,,,,,,,9,4.7,11.9,00:55,,,,,,2025-05-06 18:45:38.260062,2025-05-06 18:45:38.260062
191766,137,2007-11-15,,,,,,,9,3.1,8.1,07:45,,,,,,2025-05-06 18:45:38.316153,2025-05-06 18:45:38.316153
191776,137,2007-11-16,,,,,,,28,1.4,6.1,12:35,,,,,,2025-05-06 18:45:38.374182,2025-05-06 18:45:38.374182
191786,137,2007-11-17,,,,,,,27,0.8,5.3,13:15,,,,,,2025-05-06 18:45:38.429213,2025-05-06 18:45:38.429213
191796,137,2007-11-18,,,,,,,24,4.4,15,14:38,,,,,,2025-05-06 18:45:38.482378,2025-05-06 18:45:38.482378
191806,137,2007-11-19,,,,,,,21,6.7,21.7,10:30,,,,,,2025-05-06 18:45:38.540047,2025-05-06 18:45:38.540047
191816,137,2007-11-20,,,,,,,29,4.2,20.6,07:20,,,,,,2025-05-06 18:45:38.599337,2025-05-06 18:45:38.599337
191825,137,2007-11-21,,,,,,,4,1.9,11.1,12:20,,,,,,2025-05-06 18:45:38.649989,2025-05-06 18:45:38.649989
191834,137,2007-11-22,,,,,,,34,3.1,8.9,23:35,,,,,,2025-05-06 18:45:38.698670,2025-05-06 18:45:38.698670
191843,137,2007-11-23,,,,,,,2,5.8,13.6,08:45,,,,,,2025-05-06 18:45:38.748315,2025-05-06 18:45:38.748315
191852,137,2007-11-24,,,,,,,1,4.2,13.9,03:45,,,,,,2025-05-06 18:45:38.795651,2025-05-06 18:45:38.795651
191861,137,2007-11-25,,,,,,,2,5.3,10.6,16:23,,,,,,2025-05-06 18:45:38.845105,2025-05-06 18:45:38.845105
191921,137,2007-12-02,,,,,,,8,,11.7,22:37,,,,,,2025-05-06 18:45:39.172411,2025-05-06 18:45:39.172411
191931,137,2007-12-03,,,,,,,0,2.8,,,,,,,,2025-05-06 18:45:39.226803,2025-05-06 18:45:39.226803
191941,137,2007-12-04,,,,,,,6,5.3,11.9,12:42,,,,,,2025-05-06 18:45:39.285493,2025-05-06 18:45:39.285493
191951,137,2007-12-05,,,,,,,7,3.6,14.2,21:20,,,,,,2025-05-06 18:45:39.340750,2025-05-06 18:45:39.340750
191961,137,2007-12-06,,,,,,,6,5.8,18.3,23:38,,,,,,2025-05-06 18:45:39.390505,2025-05-06 18:45:39.390505
191971,137,2007-12-07,,,,,,,5,4.7,15.6,00:50,,,,,,2025-05-06 18:45:39.441283,2025-05-06 18:45:39.441283
191981,137,2007-12-08,,,,,,,8,5.6,18.1,07:55,,,,,,2025-05-06 18:45:39.493812,2025-05-06 18:45:39.493812
191991,137,2007-12-09,,,,,,,33,1.1,6.9,14:10,,,,,,2025-05-06 18:45:39.550544,2025-05-06 18:45:39.550544
192001,137,2007-12-10,,,,,,,36,1.4,5.6,12:58,,,,,,2025-05-06 18:45:39.607940,2025-05-06 18:45:39.607940
192011,137,2007-12-11,,,,,,,14,3.3,19.4,23:45,,,,,,2025-05-06 18:45:39.668086,2025-05-06 18:45:39.668086
192021,137,2007-12-12,,,,,,,17,2.8,23.1,04:30,,,,,,2025-05-06 18:45:39.722185,2025-05-06 18:45:39.722185
192031,137,2007-12-13,,,,,,,29,1.7,4.4,13:50,,,,,,2025-05-06 18:45:39.781555,2025-05-06 18:45:39.781555
192041,137,2007-12-14,,,,,,,33,1.7,6.9,15:40,,,,,,2025-05-06 18:45:39.834609,2025-05-06 18:45:39.834609
192051,137,2007-12-15,,,,,,,32,1.4,5.3,12:00,,,,,,2025-05-06 18:45:39.890979,2025-05-06 18:45:39.890979
192061,137,2007-12-16,,,,,,,26,1.7,5.3,13:57,,,,,,2025-05-06 18:45:39.947140,2025-05-06 18:45:39.947140
192071,137,2007-12-17,,,,,,,20,4.2,19.2,10:58,,,,,,2025-05-06 18:45:39.999231,2025-05-06 18:45:39.999231
192080,137,2007-12-18,,,,,,,21,3.1,14.2,00:02,,,,,,2025-05-06 18:45:40.048764,2025-05-06 18:45:40.048764
192089,137,2007-12-19,,,,,,,18,0.6,16.1,02:10,,,,,,2025-05-06 18:45:40.097320,2025-05-06 18:45:40.097320
192099,137,2007-12-20,,,,,,,27,1.1,6.1,16:30,,,,,,2025-05-06 18:45:40.152191,2025-05-06 18:45:40.152191
192109,137,2007-12-21,,,,,,,3,1.7,8.6,16:42,,,,,,2025-05-06 18:45:40.206881,2025-05-06 18:45:40.206881
192119,137,2007-12-22,,,,,,,6,1.9,9.2,22:10,,,,,,2025-05-06 18:45:40.260341,2025-05-06 18:45:40.260341
192129,137,2007-12-23,,,,,,,8,4.4,12.2,11:20,,,,,,2025-05-06 18:45:40.317669,2025-05-06 18:45:40.317669
192139,137,2007-12-24,,,,,,,6,4.2,13.3,11:30,,,,,,2025-05-06 18:45:40.377121,2025-05-06 18:45:40.377121
192149,137,2007-12-25,,,,,,,7,4.7,16.1,07:30,,,,,,2025-05-06 18:45:40.438625,2025-05-06 18:45:40.438625
192159,137,2007-12-26,,,,,,,8,4.7,14.2,15:40,,,,,,2025-05-06 18:45:40.498220,2025-05-06 18:45:40.498220
192169,137,2007-12-27,,,,,,,6,2.5,12.5,12:18,,,,,,2025-05-06 18:45:40.560556,2025-05-06 18:45:40.560556
192179,137,2007-12-28,,,,,,,8,1.9,13.9,03:35,,,,,,2025-05-06 18:45:40.618248,2025-05-06 18:45:40.618248
192189,137,2007-12-29,,,,,,,10,5.3,10.6,20:03,,,,,,2025-05-06 18:45:40.682598,2025-05-06 18:45:40.682598
192199,137,2007-12-30,,,,,,,10,2.8,9.2,00:05,,,,,,2025-05-06 18:45:40.745113,2025-05-06 18:45:40.745113
192209,137,2007-12-31,,,,,,,10,3.9,12.5,01:55,,,,,,2025-05-06 18:45:40.802176,2025-05-06 18:45:40.802176
192219,137,2008-01-01,,,,,,,27,1.4,6.1,14:45,,,,,,2025-05-06 18:45:40.865662,2025-05-06 18:45:40.865662
192229,137,2008-01-02,,,,,,,1,0.3,6.9,22:10,,,,,,2025-05-06 18:45:40.926370,2025-05-06 18:45:40.926370
192239,137,2008-01-03,,,,,,,5,2.2,12.5,22:10,,,,,,2025-05-06 18:45:40.985042,2025-05-06 18:45:40.985042
192249,137,2008-01-04,,,,,,,6,5.6,15,17:50,,,,,,2025-05-06 18:45:41.038223,2025-05-06 18:45:41.038223
192259,137,2008-01-05,,,,,,,10,2.8,10.6,23:59,,,,,,2025-05-06 18:45:41.096282,2025-05-06 18:45:41.096282
192269,137,2008-01-06,,,,,,,10,1.7,10.6,00:00,,,,,,2025-05-06 18:45:41.154921,2025-05-06 18:45:41.154921
192279,137,2008-01-07,,,,,,,2,1.7,6.1,12:58,,,,,,2025-05-06 18:45:41.215604,2025-05-06 18:45:41.215604
192289,137,2008-01-08,,,,,,,6,2.5,11.4,21:20,,,,,,2025-05-06 18:45:41.277158,2025-05-06 18:45:41.277158
192299,137,2008-01-09,,,,,,,5,2.5,11.1,11:05,,,,,,2025-05-06 18:45:41.338582,2025-05-06 18:45:41.338582
192308,137,2008-01-10,,,,,,,7,4.4,11.1,11:15,,,,,,2025-05-06 18:45:41.394567,2025-05-06 18:45:41.394567
192317,137,2008-01-11,,,,,,,8,4.2,11.1,14:10,,,,,,2025-05-06 18:45:41.447307,2025-05-06 18:45:41.447307
192327,137,2008-01-12,,,,,,,10,1.7,7.5,00:15,,,,,,2025-05-06 18:45:41.506034,2025-05-06 18:45:41.506034
192337,137,2008-01-13,,,,,,,9,1.4,10.6,23:58,,,,,,2025-05-06 18:45:41.568622,2025-05-06 18:45:41.568622
192347,137,2008-01-14,,,,,,,10,3.9,12.2,01:25,,,,,,2025-05-06 18:45:41.630712,2025-05-06 18:45:41.630712
192357,137,2008-01-15,,,,,,,8,6.4,19.2,23:05,,,,,,2025-05-06 18:45:41.691483,2025-05-06 18:45:41.691483
192367,137,2008-01-16,,,,,,,7,6.1,21.4,02:05,,,,,,2025-05-06 18:45:41.752209,2025-05-06 18:45:41.752209
192377,137,2008-01-17,,,,,,,11,0.6,6.1,04:58,,,,,,2025-05-06 18:45:41.809032,2025-05-06 18:45:41.809032
192387,137,2008-01-18,,,,,,,29,1.7,6.1,15:25,,,,,,2025-05-06 18:45:41.867173,2025-05-06 18:45:41.867173
192397,137,2008-01-19,,,,,,,27,0.8,5,14:40,,,,,,2025-05-06 18:45:41.955117,2025-05-06 18:45:41.955117
192407,137,2008-01-20,,,,,,,24,1.4,6.1,13:50,,,,,,2025-05-06 18:45:42.012741,2025-05-06 18:45:42.012741
192417,137,2008-01-21,,,,,,,13,0.6,12.5,01:58,,,,,,2025-05-06 18:45:42.068654,2025-05-06 18:45:42.068654
192426,137,2008-01-22,,,,,,,12,2.2,8.1,22:55,,,,,,2025-05-06 18:45:42.119192,2025-05-06 18:45:42.119192
192436,137,2008-01-23,,,,,,,10,1.9,13.1,02:58,,,,,,2025-05-06 18:45:42.173058,2025-05-06 18:45:42.173058
192446,137,2008-01-24,,,,,,,28,0.8,5,14:30,,,,,,2025-05-06 18:45:42.225601,2025-05-06 18:45:42.225601
192456,137,2008-01-25,,,,,,,99,1.9,6.1,,,,,,,2025-05-06 18:45:42.283796,2025-05-06 18:45:42.283796
192466,137,2008-01-26,,,,,,,99,1.1,6.1,,,,,,,2025-05-06 18:45:42.336961,2025-05-06 18:45:42.336961
192476,137,2008-01-27,,,,,,,27,1.9,6.1,13:30,,,,,,2025-05-06 18:45:42.395715,2025-05-06 18:45:42.395715
192486,137,2008-01-28,,,,,,,0,1.1,,,,,,,,2025-05-06 18:45:42.455084,2025-05-06 18:45:42.455084
192496,137,2008-01-29,,,,,,,6,1.4,13.9,22:10,,,,,,2025-05-06 18:45:42.515181,2025-05-06 18:45:42.515181
192506,137,2008-01-30,,,,,,,7,7.2,16.1,22:30,,,,,,2025-05-06 18:45:42.570570,2025-05-06 18:45:42.570570
192515,137,2008-01-31,,,,,,,10,8.1,15.6,07:18,,,,,,2025-05-06 18:45:42.626099,2025-05-06 18:45:42.626099
192524,137,2008-02-01,,,,,,,8,1.4,8.3,00:10,,,,,,2025-05-06 18:45:42.677389,2025-05-06 18:45:42.677389
192534,137,2008-02-02,,,,,,,36,0.8,5.3,05:04,,,,,,2025-05-06 18:45:42.737317,2025-05-06 18:45:42.737317
192544,137,2008-02-03,,,,,,,2,2.2,8.1,15:50,,,,,,2025-05-06 18:45:42.798988,2025-05-06 18:45:42.798988
192554,137,2008-02-04,,,,,,,9,6.4,12.5,20:20,,,,,,2025-05-06 18:45:42.852898,2025-05-06 18:45:42.852898
192564,137,2008-02-05,,,,,,,10,4.2,13.9,06:02,,,,,,2025-05-06 18:45:42.908183,2025-05-06 18:45:42.908183
192574,137,2008-02-06,,,,,,,16,1.9,6.1,03:40,,,,,,2025-05-06 18:45:42.958663,2025-05-06 18:45:42.958663
192584,137,2008-02-07,,,,,,,18,3.1,12.5,07:45,,,,,,2025-05-06 18:45:43.014929,2025-05-06 18:45:43.014929
192594,137,2008-02-08,,,,,,,25,1.1,10.6,07:42,,,,,,2025-05-06 18:45:43.070220,2025-05-06 18:45:43.070220
192604,137,2008-02-09,,,,,,,24,1.1,8.9,16:03,,,,,,2025-05-06 18:45:43.127048,2025-05-06 18:45:43.127048
192614,137,2008-02-10,,,,,,,25,0.6,5,12:05,,,,,,2025-05-06 18:45:43.186337,2025-05-06 18:45:43.186337
192624,137,2008-02-11,,,,,,,25,1.7,8.9,18:50,,,,,,2025-05-06 18:45:43.245145,2025-05-06 18:45:43.245145
192634,137,2008-02-12,,,,,,,25,4.2,15.3,14:50,,,,,,2025-05-06 18:45:43.303010,2025-05-06 18:45:43.303010
192644,137,2008-02-13,,,,,,,25,3.9,11.9,12:55,,,,,,2025-05-06 18:45:43.362205,2025-05-06 18:45:43.362205
192654,137,2008-02-14,,,,,,,36,2.2,6.1,13:30,,,,,,2025-05-06 18:45:43.423134,2025-05-06 18:45:43.423134
192664,137,2008-02-15,,,,,,,23,3.9,25.3,15:45,,,,,,2025-05-06 18:45:43.482899,2025-05-06 18:45:43.482899
192674,137,2008-02-16,,,,,,,24,4.2,18.1,01:10,,,,,,2025-05-06 18:45:43.545685,2025-05-06 18:45:43.545685
192684,137,2008-02-17,,,,,,,2,3.1,8.3,17:02,,,,,,2025-05-06 18:45:43.604987,2025-05-06 18:45:43.604987
192694,137,2008-02-18,,,,,,,10,4.7,11.4,21:15,,,,,,2025-05-06 18:45:43.668013,2025-05-06 18:45:43.668013
192704,137,2008-02-19,,,,,,,10,1.7,11.7,04:05,,,,,,2025-05-06 18:45:43.729233,2025-05-06 18:45:43.729233
192714,137,2008-02-20,,,,,,,3,1.1,8.1,13:50,,,,,,2025-05-06 18:45:43.784924,2025-05-06 18:45:43.784924
192724,137,2008-02-21,,,,,,,21,3.6,16.1,15:30,,,,,,2025-05-06 18:45:43.840703,2025-05-06 18:45:43.840703
192734,137,2008-02-22,,,,,,,2,1.9,6.9,14:18,,,,,,2025-05-06 18:45:43.901099,2025-05-06 18:45:43.901099
192744,137,2008-02-23,,,,,,,3,2.8,10.3,20:38,,,,,,2025-05-06 18:45:43.959467,2025-05-06 18:45:43.959467
192754,137,2008-02-24,,,,,,,3,5,12.2,16:40,,,,,,2025-05-06 18:45:44.018473,2025-05-06 18:45:44.018473
192764,137,2008-02-25,,,,,,,2,5.6,15,17:10,,,,,,2025-05-06 18:45:44.074648,2025-05-06 18:45:44.074648
192774,137,2008-02-26,,,,,,,8,5.6,15.8,21:10,,,,,,2025-05-06 18:45:44.128924,2025-05-06 18:45:44.128924
192783,137,2008-02-27,,,,,,,9,5.8,19.2,05:25,,,,,,2025-05-06 18:45:44.182405,2025-05-06 18:45:44.182405
192802,137,2008-02-29,,,,,,,9,4.4,14.7,04:02,,,,,,2025-05-06 18:45:44.292028,2025-05-06 18:45:44.292028
192812,137,2008-03-01,,,,,,,7,2.8,9.2,20:30,,,,,,2025-05-06 18:45:44.349583,2025-05-06 18:45:44.349583
192822,137,2008-03-02,,,,,,,25,1.7,13.3,14:05,,,,,,2025-05-06 18:45:44.405660,2025-05-06 18:45:44.405660
192832,137,2008-03-03,,,,,,,9,2.5,15.3,23:50,,,,,,2025-05-06 18:45:44.465832,2025-05-06 18:45:44.465832
192842,137,2008-03-04,,,,,,,7,6.9,21.1,23:15,,,,,,2025-05-06 18:45:44.527742,2025-05-06 18:45:44.527742
192852,137,2008-03-05,,,,,,,10,1.9,18.1,00:45,,,,,,2025-05-06 18:45:44.592720,2025-05-06 18:45:44.592720
192862,137,2008-03-06,,,,,,,8,5.8,19.2,18:55,,,,,,2025-05-06 18:45:44.649376,2025-05-06 18:45:44.649376
192872,137,2008-03-07,,,,,,,9,7.2,16.7,01:30,,,,,,2025-05-06 18:45:44.704775,2025-05-06 18:45:44.704775
192882,137,2008-03-08,,,,,,,7,4.7,14.7,01:10,,,,,,2025-05-06 18:45:44.765494,2025-05-06 18:45:44.765494
192892,137,2008-03-09,,,,,,,7,4.7,17.5,03:05,,,,,,2025-05-06 18:45:44.826345,2025-05-06 18:45:44.826345
192902,137,2008-03-10,,,,,,,8,7.5,20,09:55,,,,,,2025-05-06 18:45:44.887139,2025-05-06 18:45:44.887139
192912,137,2008-03-11,,,,,,,10,2.2,20.6,01:50,,,,,,2025-05-06 18:45:44.947234,2025-05-06 18:45:44.947234
192922,137,2008-03-12,,,,,,,8,1.7,11.9,16:50,,,,,,2025-05-06 18:45:45.004230,2025-05-06 18:45:45.004230
192932,137,2008-03-13,,,,,,,8,5,18.3,20:10,,,,,,2025-05-06 18:46:46.388689,2025-05-06 18:46:46.388689
192942,137,2008-03-14,,,,,,,10,7.8,19.7,11:18,,,,,,2025-05-06 18:46:46.460667,2025-05-06 18:46:46.460667
192952,137,2008-03-15,,,,,,,99,1.7,9.2,,,,,,,2025-05-06 18:46:46.534232,2025-05-06 18:46:46.534232
192962,137,2008-03-16,,,,,,,33,0.6,5.3,15:42,,,,,,2025-05-06 18:46:46.604015,2025-05-06 18:46:46.604015
192972,137,2008-03-17,,,,,,,8,5.3,15.3,17:25,,,,,,2025-05-06 18:46:46.668088,2025-05-06 18:46:46.668088
192982,137,2008-03-18,,,,,,,6,3.1,10,00:10,,,,,,2025-05-06 18:46:46.755933,2025-05-06 18:46:46.755933
192992,137,2008-03-19,,,,,,,3,2.2,8.1,11:30,,,,,,2025-05-06 18:46:46.825904,2025-05-06 18:46:46.825904
193002,137,2008-03-20,,,,,,,2,3.1,10,14:40,,,,,,2025-05-06 18:46:46.884087,2025-05-06 18:46:46.884087
193012,137,2008-03-21,,,,,,,3,3.9,11.1,12:50,,,,,,2025-05-06 18:46:46.947825,2025-05-06 18:46:46.947825
193022,137,2008-03-22,,,,,,,10,2.5,8.1,21:00,,,,,,2025-05-06 18:46:47.006405,2025-05-06 18:46:47.006405
193032,137,2008-03-23,,,,,,,8,6.9,16.9,12:35,,,,,,2025-05-06 18:46:47.069726,2025-05-06 18:46:47.069726
193042,137,2008-03-24,,,,,,,2,4.4,12.5,18:18,,,,,,2025-05-06 18:46:47.132896,2025-05-06 18:46:47.132896
193051,137,2008-03-25,,,,,,,3,4.7,13.9,12:00,,,,,,2025-05-06 18:46:47.187971,2025-05-06 18:46:47.187971
193060,137,2008-03-26,,,,,,,8,6.9,19.2,16:19,,,,,,2025-05-06 18:46:47.237719,2025-05-06 18:46:47.237719
193070,137,2008-03-27,,,,,,,10,6.4,21.1,01:50,,,,,,2025-05-06 18:46:47.296967,2025-05-06 18:46:47.296967
193080,137,2008-03-28,,,,,,,2,3.9,11.9,15:22,,,,,,2025-05-06 18:46:47.363605,2025-05-06 18:46:47.363605
193090,137,2008-03-29,,,,,,,8,6.1,16.1,22:55,,,,,,2025-05-06 18:46:47.424976,2025-05-06 18:46:47.424976
193110,137,2008-03-31,,,,,,,7,9.4,23.1,06:15,,,,,,2025-05-06 18:46:47.551021,2025-05-06 18:46:47.551021
193120,137,2008-04-01,,,,,,,9,1.1,11.1,00:58,,,,,,2025-05-06 18:46:47.609445,2025-05-06 18:46:47.609445
193129,137,2008-04-02,,,,,,,21,2.2,10,11:40,,,,,,2025-05-06 18:46:47.667839,2025-05-06 18:46:47.667839
193139,137,2008-04-03,,,,,,,34,0.8,10,11:10,,,,,,2025-05-06 18:46:47.727127,2025-05-06 18:46:47.727127
193149,137,2008-04-04,,,,,,,25,2.5,8.3,14:03,,,,,,2025-05-06 18:46:47.789534,2025-05-06 18:46:47.789534
193159,137,2008-04-05,,,,,,,22,6.7,24.7,18:58,,,,,,2025-05-06 18:46:47.852041,2025-05-06 18:46:47.852041
193168,137,2008-04-06,,,,,,,19,7.2,22.5,14:43,,,,,,2025-05-06 18:46:47.907481,2025-05-06 18:46:47.907481
193177,137,2008-04-07,,,,,,,27,9.4,25,18:18,,,,,,2025-05-06 18:46:47.962131,2025-05-06 18:46:47.962131
193187,137,2008-04-08,,,,,,,20,11.9,26.1,11:50,,,,,,2025-05-06 18:46:48.018582,2025-05-06 18:46:48.018582
193197,137,2008-04-09,,,,,,,23,3.9,18.1,05:50,,,,,,2025-05-06 18:46:48.082587,2025-05-06 18:46:48.082587
193207,137,2008-04-10,,,,,,,3,3.3,11.7,18:35,,,,,,2025-05-06 18:46:48.143942,2025-05-06 18:46:48.143942
193235,137,2008-04-13,,,,,,,8,3.3,12.2,01:03,,,,,,2025-05-06 18:46:48.318272,2025-05-06 18:46:48.318272
193245,137,2008-04-14,,,,,,,0,3.6,,,,,,,,2025-05-06 18:46:48.378743,2025-05-06 18:46:48.378743
193255,137,2008-04-15,,,,,,,0,5.8,,,,,,,,2025-05-06 18:46:48.439882,2025-05-06 18:46:48.439882
193265,137,2008-04-16,,,,,,,2,3.9,10,12:41,,,,,,2025-05-06 18:46:48.503610,2025-05-06 18:46:48.503610
193275,137,2008-04-17,,,,,,,36,1.7,9.4,13:48,,,,,,2025-05-06 18:46:48.566330,2025-05-06 18:46:48.566330
193285,137,2008-04-18,,,,,,,3,1.4,7.5,02:50,,,,,,2025-05-06 18:46:48.628453,2025-05-06 18:46:48.628453
193304,137,2008-04-20,,,,,,,5,,19.2,08:30,,,,,,2025-05-06 18:46:48.742942,2025-05-06 18:46:48.742942
193323,137,2008-04-22,,,,,,,5,8.3,19.2,08:35,,,,,,2025-05-06 18:46:48.864185,2025-05-06 18:46:48.864185
193333,137,2008-04-23,,,,,,,8,5.8,23.1,04:00,,,,,,2025-05-06 18:46:48.926294,2025-05-06 18:46:48.926294
193343,137,2008-04-24,,,,,,,8,3.6,18.1,04:30,,,,,,2025-05-06 18:46:48.984267,2025-05-06 18:46:48.984267
193353,137,2008-04-25,,,,,,,11,1.9,22.8,03:58,,,,,,2025-05-06 18:46:49.047136,2025-05-06 18:46:49.047136
193363,137,2008-04-26,,,,,,,11,6.1,19.7,04:58,,,,,,2025-05-06 18:46:49.102528,2025-05-06 18:46:49.102528
193382,137,2008-04-28,,,,,,,8,6.9,20.8,01:45,,,,,,2025-05-06 18:46:49.217881,2025-05-06 18:46:49.217881
193401,137,2008-04-30,,,,,,,27,2.8,6.1,01:35,,,,,,2025-05-06 18:46:49.329679,2025-05-06 18:46:49.329679
193410,137,2008-05-01,,,,,,,27,2.2,6.1,23:58,,,,,,2025-05-06 18:46:49.382205,2025-05-06 18:46:49.382205
193419,137,2008-05-02,,,,,,,27,1.9,5.6,02:30,,,,,,2025-05-06 18:46:49.439213,2025-05-06 18:46:49.439213
193428,137,2008-05-03,,,,,,,6,1.7,5.8,21:25,,,,,,2025-05-06 18:46:49.495354,2025-05-06 18:46:49.495354
193437,137,2008-05-04,,,,,,,3,3.1,9.2,13:55,,,,,,2025-05-06 18:46:49.551245,2025-05-06 18:46:49.551245
193446,137,2008-05-05,,,,,,,3,5.3,15,09:50,,,,,,2025-05-06 18:46:49.607877,2025-05-06 18:46:49.607877
193456,137,2008-05-06,,,,,,,2,6.1,14.4,10:00,,,,,,2025-05-06 18:46:49.665987,2025-05-06 18:46:49.665987
193473,137,2008-05-08,,,,,,,5,3.1,8.6,11:30,,,,,,2025-05-06 18:46:49.781209,2025-05-06 18:46:49.781209
193483,137,2008-05-09,,,,,,,3,2.5,9.7,16:50,,,,,,2025-05-06 18:46:49.847220,2025-05-06 18:46:49.847220
193493,137,2008-05-10,,,,,,,2,5,13.1,12:30,,,,,,2025-05-06 18:46:49.908866,2025-05-06 18:46:49.908866
193503,137,2008-05-11,,,,,,,1,4.7,12.5,17:25,,,,,,2025-05-06 18:46:49.976589,2025-05-06 18:46:49.976589
193513,137,2008-05-12,,,,,,,2,4.4,14.4,14:25,,,,,,2025-05-06 18:46:50.037407,2025-05-06 18:46:50.037407
193523,137,2008-05-13,,,,,,,2,3.9,14.2,13:20,,,,,,2025-05-06 18:46:50.099261,2025-05-06 18:46:50.099261
193533,137,2008-05-14,,,,,,,2,4.4,10.6,13:15,,,,,,2025-05-06 18:46:50.162608,2025-05-06 18:46:50.162608
193543,137,2008-05-15,,,,,,,2,3.1,9.4,11:25,,,,,,2025-05-06 18:46:50.225951,2025-05-06 18:46:50.225951
193552,137,2008-05-16,,,,,,,25,3.6,9.2,17:55,,,,,,2025-05-06 18:46:50.281010,2025-05-06 18:46:50.281010
193561,137,2008-05-17,,,,,,,2,2.2,8.1,17:40,,,,,,2025-05-06 18:46:50.337652,2025-05-06 18:46:50.337652
193570,137,2008-05-18,,,,,,,33,2.8,7.8,15:30,,,,,,2025-05-06 18:46:50.396329,2025-05-06 18:46:50.396329
193580,137,2008-05-19,,,,,,,2,4.4,11.9,13:30,,,,,,2025-05-06 18:46:50.451982,2025-05-06 18:46:50.451982
193590,137,2008-05-20,,,,,,,99,5.6,11.9,,,,,,,2025-05-06 18:46:50.513904,2025-05-06 18:46:50.513904
193600,137,2008-05-21,,,,,,,2,5.6,16.9,15:05,,,,,,2025-05-06 18:46:50.572495,2025-05-06 18:46:50.572495
193620,137,2008-05-23,,,,,,,9,5.3,13.1,22:15,,,,,,2025-05-06 18:46:50.695776,2025-05-06 18:46:50.695776
193630,137,2008-05-24,,,,,,,5,3.9,11.9,01:20,,,,,,2025-05-06 18:46:50.754826,2025-05-06 18:46:50.754826
193640,137,2008-05-25,,,,,,,3,2.8,10,22:50,,,,,,2025-05-06 18:46:50.814173,2025-05-06 18:46:50.814173
193650,137,2008-05-26,,,,,,,3,2.2,11.9,00:50,,,,,,2025-05-06 18:46:50.875368,2025-05-06 18:46:50.875368
193660,137,2008-05-27,,,,,,,3,3.6,10,11:00,,,,,,2025-05-06 18:46:50.936498,2025-05-06 18:46:50.936498
193670,137,2008-05-28,,,,,,,7,3.1,11.1,01:20,,,,,,2025-05-06 18:46:51.002302,2025-05-06 18:46:51.002302
193680,137,2008-05-29,,,,,,,3,3.9,9.7,17:50,,,,,,2025-05-06 18:46:51.065537,2025-05-06 18:46:51.065537
193690,137,2008-05-30,,,,,,,4,4.4,13.6,13:25,,,,,,2025-05-06 18:46:51.128062,2025-05-06 18:46:51.128062
193700,137,2008-05-31,,,,,,,2,4.2,13.3,14:42,,,,,,2025-05-06 18:46:51.189815,2025-05-06 18:46:51.189815
193710,137,2008-06-01,,,,,,,1,3.9,12.8,11:10,,,,,,2025-05-06 18:46:51.251526,2025-05-06 18:46:51.251526
193720,137,2008-06-02,,,,,,,8,4.7,11.4,11:55,,,,,,2025-05-06 18:46:51.312514,2025-05-06 18:46:51.312514
193730,137,2008-06-03,,,,,,,2,3.6,13.1,15:55,,,,,,2025-05-06 18:46:51.378071,2025-05-06 18:46:51.378071
193749,137,2008-06-05,,,,,,,8,4.4,11.1,02:04,,,,,,2025-05-06 18:46:51.498635,2025-05-06 18:46:51.498635
193758,137,2008-06-06,,,,,,,8,3.9,11.1,03:38,,,,,,2025-05-06 18:46:51.557089,2025-05-06 18:46:51.557089
193768,137,2008-06-07,,,,,,,6,4.2,9.7,07:30,,,,,,2025-05-06 18:46:51.618942,2025-05-06 18:46:51.618942
193778,137,2008-06-08,,,,,,,1,2.5,8.1,04:45,,,,,,2025-05-06 18:46:51.671654,2025-05-06 18:46:51.671654
193787,137,2008-06-09,,,,,,,36,3.3,9.7,19:40,,,,,,2025-05-06 18:46:51.713293,2025-05-06 18:46:51.713293
193797,137,2008-06-10,,,,,,,2,7.2,15.8,17:45,,,,,,2025-05-06 18:46:51.764527,2025-05-06 18:46:51.764527
193807,137,2008-06-11,,,,,,,5,6.9,13.6,02:18,,,,,,2025-05-06 18:46:51.815090,2025-05-06 18:46:51.815090
193817,137,2008-06-12,,,,,,,7,3.9,11.9,02:30,,,,,,2025-05-06 18:46:51.865323,2025-05-06 18:46:51.865323
193827,137,2008-06-13,,,,,,,2,4.4,12.8,17:20,,,,,,2025-05-06 18:46:51.914796,2025-05-06 18:46:51.914796
193837,137,2008-06-14,,,,,,,2,5.6,12.5,15:22,,,,,,2025-05-06 18:46:51.966070,2025-05-06 18:46:51.966070
193847,137,2008-06-15,,,,,,,2,7.5,13.9,15:35,,,,,,2025-05-06 18:46:52.023483,2025-05-06 18:46:52.023483
193857,137,2008-06-16,,,,,,,8,3.6,10,01:05,,,,,,2025-05-06 18:46:52.092264,2025-05-06 18:46:52.092264
193867,137,2008-06-17,,,,,,,3,3.9,9.4,15:30,,,,,,2025-05-06 18:46:52.164046,2025-05-06 18:46:52.164046
193876,137,2008-06-18,,,,,,,7,3.9,11.1,16:50,,,,,,2025-05-06 18:46:52.224069,2025-05-06 18:46:52.224069
193886,137,2008-06-19,,,,,,,2,6.1,13.9,17:10,,,,,,2025-05-06 18:46:52.289365,2025-05-06 18:46:52.289365
193896,137,2008-06-20,,,,,,,8,6.9,14.2,00:43,,,,,,2025-05-06 18:46:52.350715,2025-05-06 18:46:52.350715
193905,137,2008-06-21,,,,,,,2,6.4,15,,,,,,,2025-05-06 18:46:52.409229,2025-05-06 18:46:52.409229
193913,137,2008-06-22,,,,,,,2,6.4,13.6,13:20,,,,,,2025-05-06 18:46:52.454083,2025-05-06 18:46:52.454083
193921,137,2008-06-23,,,,,,,7,5.3,16.1,16:50,,,,,,2025-05-06 18:46:52.504743,2025-05-06 18:46:52.504743
193930,137,2008-06-24,,,,,,,5,6.4,17.2,18:25,,,,,,2025-05-06 18:46:52.552769,2025-05-06 18:46:52.552769
193939,137,2008-06-25,,,,,,,10,6.4,18.1,02:05,,,,,,2025-05-06 18:46:52.609056,2025-05-06 18:46:52.609056
193948,137,2008-06-26,,,,,,,3,4.4,14.7,15:10,,,,,,2025-05-06 18:46:52.667374,2025-05-06 18:46:52.667374
193957,137,2008-06-27,,,,,,,99,4.7,14.2,,,,,,,2025-05-06 18:46:52.720639,2025-05-06 18:46:52.720639
193966,137,2008-06-28,,,,,,,5,3.6,11.1,00:57,,,,,,2025-05-06 18:46:52.778164,2025-05-06 18:46:52.778164
193975,137,2008-06-29,,,,,,,2,3.1,8.9,17:20,,,,,,2025-05-06 18:46:52.833801,2025-05-06 18:46:52.833801
193984,137,2008-06-30,,,,,,,1,2.2,8.9,12:25,,,,,,2025-05-06 18:46:52.892853,2025-05-06 18:46:52.892853
193994,137,2008-07-01,,,,,,,4,3.6,11.1,13:57,,,,,,2025-05-06 18:46:52.954666,2025-05-06 18:46:52.954666
194004,137,2008-07-02,,,,,,,8,4.4,15,23:50,,,,,,2025-05-06 18:46:53.017454,2025-05-06 18:46:53.017454
194014,137,2008-07-03,,,,,,,5,6.7,15.3,00:43,,,,,,2025-05-06 18:46:53.082245,2025-05-06 18:46:53.082245
194024,137,2008-07-04,,,,,,,2,7.2,16.9,14:48,,,,,,2025-05-06 18:46:53.143467,2025-05-06 18:46:53.143467
194034,137,2008-07-05,,,,,,,6,5.3,16.7,14:58,,,,,,2025-05-06 18:46:53.209820,2025-05-06 18:46:53.209820
194044,137,2008-07-06,,,,,,,4,5.3,16.1,20:30,,,,,,2025-05-06 18:46:53.272196,2025-05-06 18:46:53.272196
194054,137,2008-07-07,,,,,,,8,6.9,20.3,11:15,,,,,,2025-05-06 18:46:53.336252,2025-05-06 18:46:53.336252
194064,137,2008-07-08,,,,,,,6,6.4,21.4,03:35,,,,,,2025-05-06 18:46:53.404344,2025-05-06 18:46:53.404344
194074,137,2008-07-09,,,,,,,9,5.6,16.4,22:20,,,,,,2025-05-06 18:46:53.468274,2025-05-06 18:46:53.468274
194084,137,2008-07-10,,,,,,,8,8.1,19.4,11:40,,,,,,2025-05-06 18:46:53.529744,2025-05-06 18:46:53.529744
194094,137,2008-07-11,,,,,,,8,4.2,15,12:02,,,,,,2025-05-06 18:46:53.594034,2025-05-06 18:46:53.594034
194104,137,2008-07-12,,,,,,,4,5.6,16.1,15:03,,,,,,2025-05-06 18:46:53.659049,2025-05-06 18:46:53.659049
194114,137,2008-07-13,,,,,,,7,7.8,19.2,21:20,,,,,,2025-05-06 18:46:53.721405,2025-05-06 18:46:53.721405
194124,137,2008-07-14,,,,,,,9,6.4,18.1,04:55,,,,,,2025-05-06 18:46:53.785426,2025-05-06 18:46:53.785426
194134,137,2008-07-15,,,,,,,7,5,13.9,14:45,,,,,,2025-05-06 18:46:53.849467,2025-05-06 18:46:53.849467
194144,137,2008-07-16,,,,,,,2,5.3,10,14:30,,,,,,2025-05-06 18:46:53.911094,2025-05-06 18:46:53.911094
194154,137,2008-07-17,,,,,,,2,5.6,8.1,13:00,,,,,,2025-05-06 18:46:53.976866,2025-05-06 18:46:53.976866
194164,137,2008-07-18,,,,,,,99,5.8,13.1,,,,,,,2025-05-06 18:46:54.036960,2025-05-06 18:46:54.036960
194174,137,2008-07-19,,,,,,,2,8.1,18.1,12:24,,,,,,2025-05-06 18:46:54.102713,2025-05-06 18:46:54.102713
194184,137,2008-07-20,,,,,,,2,6.1,16.7,12:50,,,,,,2025-05-06 18:46:54.159931,2025-05-06 18:46:54.159931
194193,137,2008-07-21,,,,,,,2,5.3,15.6,12:04,,,,,,2025-05-06 18:46:54.212649,2025-05-06 18:46:54.212649
194202,137,2008-07-22,,,,,,,4,6.9,16.9,15:57,,,,,,2025-05-06 18:46:54.269887,2025-05-06 18:46:54.269887
194211,137,2008-07-23,,,,,,,3,7.2,18.3,12:25,,,,,,2025-05-06 18:46:54.326381,2025-05-06 18:46:54.326381
194219,137,2008-07-24,,,,,,,8,6.1,9.7,09:35,,,,,,2025-05-06 18:46:54.373645,2025-05-06 18:46:54.373645
194227,137,2008-07-25,,,,,,,9,6.7,16.4,01:30,,,,,,2025-05-06 18:46:54.442845,2025-05-06 18:46:54.442845
194236,137,2008-07-26,,,,,,,8,5.3,12.2,13:18,,,,,,2025-05-06 18:46:54.501823,2025-05-06 18:46:54.501823
194245,137,2008-07-27,,,,,,,7,8.3,17.2,13:45,,,,,,2025-05-06 18:46:54.557168,2025-05-06 18:46:54.557168
194254,137,2008-07-28,,,,,,,9,8.9,20,19:35,,,,,,2025-05-06 18:46:54.619644,2025-05-06 18:46:54.619644
194263,137,2008-07-29,,,,,,,8,5.3,16.7,01:30,,,,,,2025-05-06 18:46:54.678276,2025-05-06 18:46:54.678276
194280,137,2008-07-31,,,,,,,8,15.8,28.6,17:20,,,,,,2025-05-06 18:46:54.790938,2025-05-06 18:46:54.790938
194290,137,2008-08-01,,,,,,,7,10,25.6,01:55,,,,,,2025-05-06 18:46:54.850622,2025-05-06 18:46:54.850622
194300,137,2008-08-02,,,,,,,0,10.6,,,,,,,,2025-05-06 18:46:54.913532,2025-05-06 18:46:54.913532
194310,137,2008-08-03,,,,,,,0,5.3,,,,,,,,2025-05-06 18:46:54.975248,2025-05-06 18:46:54.975248
194320,137,2008-08-04,,,,,,,3,3.9,11.1,16:56,,,,,,2025-05-06 18:46:55.039318,2025-05-06 18:46:55.039318
194330,137,2008-08-05,,,,,,,10,2.8,15.3,01:40,,,,,,2025-05-06 18:46:55.105985,2025-05-06 18:46:55.105985
194340,137,2008-08-06,,,,,,,7,7.2,17.2,23:50,,,,,,2025-05-06 18:46:55.171175,2025-05-06 18:46:55.171175
194368,137,2008-08-09,,,,,,,2,6.1,15.6,13:38,,,,,,2025-05-06 18:46:55.348804,2025-05-06 18:46:55.348804
194378,137,2008-08-10,,,,,,,4,6.4,16.1,14:05,,,,,,2025-05-06 18:46:55.410292,2025-05-06 18:46:55.410292
194388,137,2008-08-11,,,,,,,2,4.4,12.5,14:50,,,,,,2025-05-06 18:46:55.470363,2025-05-06 18:46:55.470363
194398,137,2008-08-12,,,,,,,3,3.3,15,14:58,,,,,,2025-05-06 18:46:55.534332,2025-05-06 18:46:55.534332
194408,137,2008-08-13,,,,,,,9,4.7,13.6,22:05,,,,,,2025-05-06 18:46:55.598351,2025-05-06 18:46:55.598351
194418,137,2008-08-14,,,,,,,2,2.5,11.1,14:07,,,,,,2025-05-06 18:46:55.664831,2025-05-06 18:46:55.664831
194427,137,2008-08-15,,,,,,,10,3.1,13.6,21:45,,,,,,2025-05-06 18:46:55.725734,2025-05-06 18:46:55.725734
194436,137,2008-08-16,,,,,,,9,13.6,22.8,02:40,,,,,,2025-05-06 18:46:55.782777,2025-05-06 18:46:55.782777
194446,137,2008-08-17,,,,,,,8,8.6,20.8,03:15,,,,,,2025-05-06 18:46:55.845955,2025-05-06 18:46:55.845955
194464,137,2008-08-19,,,,,,,8,3.6,24.2,02:06,,,,,,2025-05-06 18:46:55.960343,2025-05-06 18:46:55.960343
194474,137,2008-08-20,,,,,,,9,5,15.3,00:05,,,,,,2025-05-06 18:46:56.025660,2025-05-06 18:46:56.025660
194484,137,2008-08-21,,,,,,,9,7.5,21.9,22:40,,,,,,2025-05-06 18:46:56.086219,2025-05-06 18:46:56.086219
194494,137,2008-08-22,,,,,,,7,12.5,25,08:03,,,,,,2025-05-06 18:46:56.149549,2025-05-06 18:46:56.149549
194503,137,2008-08-23,,,,,,,9,9.2,21.9,05:30,,,,,,2025-05-06 18:46:56.199803,2025-05-06 18:46:56.199803
194513,137,2008-08-24,,,,,,,8,9.4,21.9,15:30,,,,,,2025-05-06 18:46:56.262073,2025-05-06 18:46:56.262073
194523,137,2008-08-25,,,,,,,8,13.9,20.6,10:02,,,,,,2025-05-06 18:46:56.326208,2025-05-06 18:46:56.326208
194533,137,2008-08-26,,,,,,,5,7.8,20,12:10,,,,,,2025-05-06 18:46:56.390537,2025-05-06 18:46:56.390537
194543,137,2008-08-27,,,,,,,5,7.2,18.1,00:02,,,,,,2025-05-06 18:46:56.450311,2025-05-06 18:46:56.450311
194553,137,2008-08-28,,,,,,,8,7.2,20.6,01:57,,,,,,2025-05-06 18:46:56.506932,2025-05-06 18:46:56.506932
194563,137,2008-08-29,,,,,,,9,4.7,18.1,00:03,,,,,,2025-05-06 18:46:56.570195,2025-05-06 18:46:56.570195
194572,137,2008-08-30,,,,,,,9,10.8,20.8,11:58,,,,,,2025-05-06 18:46:56.624602,2025-05-06 18:46:56.624602
194581,137,2008-08-31,,,,,,,9,6.1,17.5,07:35,,,,,,2025-05-06 18:46:56.682899,2025-05-06 18:46:56.682899
194590,137,2008-09-01,,,,,,,10,8.6,18.3,04:00,,,,,,2025-05-06 18:46:56.739016,2025-05-06 18:46:56.739016
194600,137,2008-09-02,,,,,,,10,6.9,16.9,23:47,,,,,,2025-05-06 18:46:56.800782,2025-05-06 18:46:56.800782
194610,137,2008-09-03,,,,,,,9,4.2,21.4,00:50,,,,,,2025-05-06 18:46:56.864926,2025-05-06 18:46:56.864926
194620,137,2008-09-04,,,,,,,1,2.8,10,15:22,,,,,,2025-05-06 18:46:56.926950,2025-05-06 18:46:56.926950
194630,137,2008-09-05,,,,,,,1,2.5,8.1,14:57,,,,,,2025-05-06 18:46:56.991098,2025-05-06 18:46:56.991098
194640,137,2008-09-06,,,,,,,2,2.8,8.9,14:23,,,,,,2025-05-06 18:46:57.054232,2025-05-06 18:46:57.054232
194650,137,2008-09-07,,,,,,,3,2.5,8.9,12:30,,,,,,2025-05-06 18:46:57.120401,2025-05-06 18:46:57.120401
194660,137,2008-09-08,,,,,,,24,1.4,6.9,13:50,,,,,,2025-05-06 18:46:57.186030,2025-05-06 18:46:57.186030
194670,137,2008-09-09,,,,,,,2,2.8,9.4,17:55,,,,,,2025-05-06 18:46:57.248824,2025-05-06 18:46:57.248824
194680,137,2008-09-10,,,,,,,1,1.9,8.9,16:15,,,,,,2025-05-06 18:47:59.028151,2025-05-06 18:47:59.028151
194690,137,2008-09-11,,,,,,,3,4.4,10,11:30,,,,,,2025-05-06 18:47:59.106259,2025-05-06 18:47:59.106259
194700,137,2008-09-12,,,,,,,7,3.1,13.1,13:50,,,,,,2025-05-06 18:47:59.183923,2025-05-06 18:47:59.183923
194710,137,2008-09-13,,,,,,,2,5,15,14:30,,,,,,2025-05-06 18:47:59.281415,2025-05-06 18:47:59.281415
194720,137,2008-09-14,,,,,,,7,5.3,13.6,02:03,,,,,,2025-05-06 18:47:59.342489,2025-05-06 18:47:59.342489
194730,137,2008-09-15,,,,,,,3,6.1,11.9,18:10,,,,,,2025-05-06 18:47:59.406219,2025-05-06 18:47:59.406219
194740,137,2008-09-16,,,,,,,2,6.4,11.1,11:57,,,,,,2025-05-06 18:47:59.469354,2025-05-06 18:47:59.469354
194750,137,2008-09-17,,,,,,,5,1.4,6.1,14:00,,,,,,2025-05-06 18:47:59.531843,2025-05-06 18:47:59.531843
194760,137,2008-09-18,,,,,,,15,2.2,11.4,18:15,,,,,,2025-05-06 18:47:59.592037,2025-05-06 18:47:59.592037
194770,137,2008-09-19,,,,,,,24,1.1,8.1,16:59,,,,,,2025-05-06 18:47:59.652516,2025-05-06 18:47:59.652516
194780,137,2008-09-20,,,,,,,25,2.2,6.7,16:32,,,,,,2025-05-06 18:47:59.716032,2025-05-06 18:47:59.716032
194790,137,2008-09-21,,,,,,,25,1.7,6.9,13:58,,,,,,2025-05-06 18:47:59.776535,2025-05-06 18:47:59.776535
194800,137,2008-09-22,,,,,,,29,2.2,6.4,14:18,,,,,,2025-05-06 18:47:59.839856,2025-05-06 18:47:59.839856
194808,137,2008-09-23,,,,,,,99,2.5,6.1,,,,,,,2025-05-06 18:47:59.891681,2025-05-06 18:47:59.891681
194818,137,2008-09-24,,,,,,,36,1.9,7.5,15:30,,,,,,2025-05-06 18:47:59.958597,2025-05-06 18:47:59.958597
194828,137,2008-09-25,,,,,,,16,4.2,26.1,15:18,,,,,,2025-05-06 18:48:00.017210,2025-05-06 18:48:00.017210
194838,137,2008-09-26,,,,,,,16,3.3,17.2,04:35,,,,,,2025-05-06 18:48:00.079086,2025-05-06 18:48:00.079086
194848,137,2008-09-27,,,,,,,3,2.2,7.5,19:58,,,,,,2025-05-06 18:48:00.141643,2025-05-06 18:48:00.141643
194858,137,2008-09-28,,,,,,,7,1.4,6.4,12:40,,,,,,2025-05-06 18:48:00.207554,2025-05-06 18:48:00.207554
194868,137,2008-09-29,,,,,,,3,5,11.7,15:15,,,,,,2025-05-06 18:48:00.268403,2025-05-06 18:48:00.268403
194878,137,2008-09-30,,,,,,,5,3.3,8.6,14:50,,,,,,2025-05-06 18:48:00.331432,2025-05-06 18:48:00.331432
194888,137,2008-10-01,,,,,,,2,5,13.1,15:50,,,,,,2025-05-06 18:48:00.399890,2025-05-06 18:48:00.399890
194897,137,2008-10-02,,,,,,,5,4.7,11.1,10:40,,,,,,2025-05-06 18:48:00.459874,2025-05-06 18:48:00.459874
194906,137,2008-10-03,,,,,,,8,6.1,11.9,05:15,,,,,,2025-05-06 18:48:00.514501,2025-05-06 18:48:00.514501
194916,137,2008-10-04,,,,,,,7,5,15,22:30,,,,,,2025-05-06 18:48:00.579080,2025-05-06 18:48:00.579080
194926,137,2008-10-05,,,,,,,8,5.8,13.3,03:27,,,,,,2025-05-06 18:48:00.643144,2025-05-06 18:48:00.643144
194936,137,2008-10-06,,,,,,,9,5,16.9,23:56,,,,,,2025-05-06 18:48:00.697774,2025-05-06 18:48:00.697774
194946,137,2008-10-07,,,,,,,9,8.9,21.1,23:50,,,,,,2025-05-06 18:48:00.761352,2025-05-06 18:48:00.761352
194956,137,2008-10-08,,,,,,,10,5.6,23.1,01:18,,,,,,2025-05-06 18:48:00.822907,2025-05-06 18:48:00.822907
194966,137,2008-10-09,,,,,,,6,5,20.3,21:40,,,,,,2025-05-06 18:48:00.882286,2025-05-06 18:48:00.882286
194976,137,2008-10-10,,,,,,,2,4.4,16.9,07:23,,,,,,2025-05-06 18:48:00.944167,2025-05-06 18:48:00.944167
194986,137,2008-10-11,,,,,,,29,1.9,6.4,13:03,,,,,,2025-05-06 18:48:01.001251,2025-05-06 18:48:01.001251
194996,137,2008-10-12,,,,,,,2,3.1,10,22:56,,,,,,2025-05-06 18:48:01.064590,2025-05-06 18:48:01.064590
195006,137,2008-10-13,,,,,,,10,3.6,13.9,06:00,,,,,,2025-05-06 18:48:01.130400,2025-05-06 18:48:01.130400
195016,137,2008-10-14,,,,,,,9,8.9,18.1,23:25,,,,,,2025-05-06 18:48:01.195500,2025-05-06 18:48:01.195500
195026,137,2008-10-15,,,,,,,8,5,18.1,00:45,,,,,,2025-05-06 18:48:01.256995,2025-05-06 18:48:01.256995
195036,137,2008-10-16,,,,,,,13,3.9,16.1,10:42,,,,,,2025-05-06 18:48:01.322540,2025-05-06 18:48:01.322540
195046,137,2008-10-17,,,,,,,3,5,11.4,14:02,,,,,,2025-05-06 18:48:01.390150,2025-05-06 18:48:01.390150
195056,137,2008-10-18,,,,,,,9,2.2,8.9,02:30,,,,,,2025-05-06 18:48:01.453062,2025-05-06 18:48:01.453062
195063,137,2008-10-19,,,,,,,6,1.4,8.1,00:35,,,,,,2025-05-06 18:48:01.500476,2025-05-06 18:48:01.500476
195072,137,2008-10-20,,,,,,,0,3.6,,,,,,,,2025-05-06 18:48:01.559526,2025-05-06 18:48:01.559526
195108,137,2008-10-24,,,,,,,3,4.2,11.9,05:50,,,,,,2025-05-06 18:48:01.797247,2025-05-06 18:48:01.797247
195118,137,2008-10-25,,,,,,,6,4.2,12.5,14:18,,,,,,2025-05-06 18:48:01.860823,2025-05-06 18:48:01.860823
195128,137,2008-10-26,,,,,,,2,5.6,13.9,21:00,,,,,,2025-05-06 18:48:01.924533,2025-05-06 18:48:01.924533
195138,137,2008-10-27,,,,,,,16,3.6,14.4,12:07,,,,,,2025-05-06 18:48:01.990048,2025-05-06 18:48:01.990048
195148,137,2008-10-28,,,,,,,2,3.3,21.4,18:23,,,,,,2025-05-06 18:48:02.052738,2025-05-06 18:48:02.052738
195157,137,2008-10-29,,,,,,,2,5,18.1,15:05,,,,,,2025-05-06 18:48:02.113383,2025-05-06 18:48:02.113383
195166,137,2008-10-30,,,,,,,2,5,12.5,14:50,,,,,,2025-05-06 18:48:02.172462,2025-05-06 18:48:02.172462
195176,137,2008-10-31,,,,,,,24,1.4,16.1,23:20,,,,,,2025-05-06 18:48:02.236743,2025-05-06 18:48:02.236743
195185,137,2008-11-01,,,,,,,25,3.6,18.1,05:50,,,,,,2025-05-06 18:48:02.294745,2025-05-06 18:48:02.294745
195194,137,2008-11-02,,,,,,,33,2.2,8.1,14:50,,,,,,2025-05-06 18:48:02.350936,2025-05-06 18:48:02.350936
195202,137,2008-11-03,,,,,,,6,2.2,8.1,09:15,,,,,,2025-05-06 18:48:02.404099,2025-05-06 18:48:02.404099
195211,137,2008-11-04,,,,,,,11,3.3,8.9,16:00,,,,,,2025-05-06 18:48:02.458603,2025-05-06 18:48:02.458603
195217,137,2008-11-05,,,,,,,7,4.4,19.2,23:50,,,,,,2025-05-06 18:48:02.498861,2025-05-06 18:48:02.498861
195226,137,2008-11-06,,,,,,,8,6.1,19.2,00:05,,,,,,2025-05-06 18:48:02.558551,2025-05-06 18:48:02.558551
195235,137,2008-11-07,,,,,,,7,6.9,16.9,,,,,,,2025-05-06 18:48:02.618883,2025-05-06 18:48:02.618883
195244,137,2008-11-08,,,,,,,8,3.6,19.7,04:05,,,,,,2025-05-06 18:48:02.678783,2025-05-06 18:48:02.678783
195253,137,2008-11-09,,,,,,,27,1.4,4.2,12:40,,,,,,2025-05-06 18:48:02.735928,2025-05-06 18:48:02.735928
195262,137,2008-11-10,,,,,,,12,1.4,10.8,05:30,,,,,,2025-05-06 18:48:02.791243,2025-05-06 18:48:02.791243
195271,137,2008-11-11,,,,,,,11,1.9,10,05:42,,,,,,2025-05-06 18:48:02.848230,2025-05-06 18:48:02.848230
195281,137,2008-11-12,,,,,,,8,5.8,16.7,12:55,,,,,,2025-05-06 18:48:02.914090,2025-05-06 18:48:02.914090
195292,137,2008-11-13,,,,,,,6,7.2,11.9,08:45,,,,,,2025-05-06 18:48:02.980198,2025-05-06 18:48:02.980198
195303,137,2008-11-14,,,,,,,9,6.4,16.7,05:03,,,,,,2025-05-06 18:48:03.046155,2025-05-06 18:48:03.046155
195314,137,2008-11-15,,,,,,,9,1.9,14.4,21:23,,,,,,2025-05-06 18:48:03.116636,2025-05-06 18:48:03.116636
195326,137,2008-11-16,,,,,,,26,1.4,6.1,12:40,,,,,,2025-05-06 18:48:03.185499,2025-05-06 18:48:03.185499
195338,137,2008-11-17,,,,,,,9,3.6,13.9,21:30,,,,,,2025-05-06 18:48:03.244329,2025-05-06 18:48:03.244329
195351,137,2008-11-18,,,,,,,9,5.6,13.9,10:23,,,,,,2025-05-06 18:48:03.319370,2025-05-06 18:48:03.319370
195366,137,2008-11-19,,,,,,,3,3.6,13.6,12:50,,,,,,2025-05-06 18:48:03.400967,2025-05-06 18:48:03.400967
195381,137,2008-11-20,,,,,,,9,1.9,8.9,23:05,,,,,,2025-05-06 18:48:03.480973,2025-05-06 18:48:03.480973
195396,137,2008-11-21,,,,,,,9,4.2,10,03:50,,,,,,2025-05-06 18:48:03.566229,2025-05-06 18:48:03.566229
195411,137,2008-11-22,,,,,,,6,3.6,10,10:25,,,,,,2025-05-06 18:48:03.648691,2025-05-06 18:48:03.648691
195426,137,2008-11-23,,,,,,,36,3.9,10.3,02:30,,,,,,2025-05-06 18:48:03.728411,2025-05-06 18:48:03.728411
195441,137,2008-11-24,,,,,,,99,1.9,8.1,,,,,,,2025-05-06 18:48:03.809153,2025-05-06 18:48:03.809153
195456,137,2008-11-25,,,,,,,5,2.5,10.6,09:45,,,,,,2025-05-06 18:48:03.887326,2025-05-06 18:48:03.887326
195471,137,2008-11-26,,,,,,,2,3.1,10,01:00,,,,,,2025-05-06 18:48:03.968125,2025-05-06 18:48:03.968125
195486,137,2008-11-27,,,,,,,3,2.8,10,00:35,,,,,,2025-05-06 18:48:04.048292,2025-05-06 18:48:04.048292
195500,137,2008-11-28,,,,,,,10,3.9,10.3,19:50,,,,,,2025-05-06 18:48:04.124015,2025-05-06 18:48:04.124015
195513,137,2008-11-29,,,,,,,4,0.6,8.3,21:30,,,,,,2025-05-06 18:48:04.184853,2025-05-06 18:48:04.184853
195526,137,2008-11-30,,,,,,,2,1.1,6.9,14:45,,,,,,2025-05-06 18:48:04.251497,2025-05-06 18:48:04.251497
195951,137,2009-01-01,,,,,,,9,3.9,13.9,00:55,,,,,,2025-05-06 18:48:06.624404,2025-05-06 18:48:06.624404
195965,137,2009-01-02,,,,,,,10,1.1,9.7,23:19,,,,,,2025-05-06 18:48:06.705918,2025-05-06 18:48:06.705918
195979,137,2009-01-03,,,,,,,9,2.8,16.9,19:50,,,,,,2025-05-06 18:48:06.785064,2025-05-06 18:48:06.785064
195993,137,2009-01-04,,,,,,,36,4.2,11.7,14:42,,,,,,2025-05-06 18:48:06.864852,2025-05-06 18:48:06.864852
196007,137,2009-01-05,,,,,,,33,2.8,8.9,20:20,,,,,,2025-05-06 18:48:06.943689,2025-05-06 18:48:06.943689
196021,137,2009-01-06,,,,,,,3,3.1,8.1,16:48,,,,,,2025-05-06 18:48:07.018130,2025-05-06 18:48:07.018130
196035,137,2009-01-07,,,,,,,2,1.7,10,14:53,,,,,,2025-05-06 18:48:07.098162,2025-05-06 18:48:07.098162
196049,137,2009-01-08,,,,,,,21,1.1,6.1,17:05,,,,,,2025-05-06 18:48:07.177267,2025-05-06 18:48:07.177267
196063,137,2009-01-09,,,,,,,99,1.9,10,,,,,,,2025-05-06 18:48:07.249188,2025-05-06 18:48:07.249188
196077,137,2009-01-10,,,,,,,1,3.6,11.4,16:50,,,,,,2025-05-06 18:48:07.329615,2025-05-06 18:48:07.329615
196091,137,2009-01-11,,,,,,,5,3.3,15,23:15,,,,,,2025-05-06 18:48:07.404564,2025-05-06 18:48:07.404564
196105,137,2009-01-12,,,,,,,5,4.7,11.7,22:30,,,,,,2025-05-06 18:48:07.480509,2025-05-06 18:48:07.480509
196119,137,2009-01-13,,,,,,,10,4.4,11.9,16:55,,,,,,2025-05-06 18:48:07.552378,2025-05-06 18:48:07.552378
196133,137,2009-01-14,,,,,,,10,4.7,13.6,03:50,,,,,,2025-05-06 18:48:07.615405,2025-05-06 18:48:07.615405
196147,137,2009-01-15,,,,,,,17,3.3,11.9,13:42,,,,,,2025-05-06 18:48:07.672205,2025-05-06 18:48:07.672205
196161,137,2009-01-16,,,,,,,36,5,13.9,05:55,,,,,,2025-05-06 18:48:07.732153,2025-05-06 18:48:07.732153
196175,137,2009-01-17,,,,,,,12,3.9,10.3,05:15,,,,,,2025-05-06 18:48:07.791943,2025-05-06 18:48:07.791943
196189,137,2009-01-18,,,,,,,10,4.7,10.3,00:08,,,,,,2025-05-06 18:48:07.858141,2025-05-06 18:48:07.858141
196203,137,2009-01-19,,,,,,,12,2.5,10,08:50,,,,,,2025-05-06 18:48:07.929143,2025-05-06 18:48:07.929143
196217,137,2009-01-20,,,,,,,7,2.8,13.9,23:55,,,,,,2025-05-06 18:48:08.005543,2025-05-06 18:48:08.005543
196231,137,2009-01-21,,,,,,,9,3.3,7.2,01:03,,,,,,2025-05-06 18:48:08.090724,2025-05-06 18:48:08.090724
196245,137,2009-01-22,,,,,,,9,4.7,15.6,23:40,,,,,,2025-05-06 18:48:08.177859,2025-05-06 18:48:08.177859
196258,137,2009-01-23,,,,,,,11,2.8,11.1,00:15,,,,,,2025-05-06 18:48:08.253707,2025-05-06 18:48:08.253707
196271,137,2009-01-24,,,,,,,12,1.4,7.5,09:50,,,,,,2025-05-06 18:48:08.327122,2025-05-06 18:48:08.327122
196284,137,2009-01-25,,,,,,,14,1.1,10,21:35,,,,,,2025-05-06 18:48:08.400062,2025-05-06 18:48:08.400062
196297,137,2009-01-26,,,,,,,99,4.7,13.1,,,,,,,2025-05-06 18:48:08.471586,2025-05-06 18:48:08.471586
196311,137,2009-01-27,,,,,,,8,5.3,16.7,23:22,,,,,,2025-05-06 18:48:08.551682,2025-05-06 18:48:08.551682
196325,137,2009-01-28,,,,,,,8,2.8,19.7,01:47,,,,,,2025-05-06 18:48:08.633008,2025-05-06 18:48:08.633008
196339,137,2009-01-29,,,,,,,21,1.1,4.2,15:40,,,,,,2025-05-06 18:48:08.709180,2025-05-06 18:48:08.709180
196353,137,2009-01-30,,,,,,,23,3.6,13.1,06:45,,,,,,2025-05-06 18:48:08.790247,2025-05-06 18:48:08.790247
196367,137,2009-01-31,,,,,,,10,2.2,8.3,01:50,,,,,,2025-05-06 18:48:08.864629,2025-05-06 18:48:08.864629
196381,137,2009-02-01,,,,,,,22,3.3,11.9,12:30,,,,,,2025-05-06 18:48:08.941249,2025-05-06 18:48:08.941249
196395,137,2009-02-02,,,,,,,22,2.5,10.3,12:45,,,,,,2025-05-06 18:48:09.020081,2025-05-06 18:48:09.020081
196409,137,2009-02-03,,,,,,,15,1.9,6.4,13:20,,,,,,2025-05-06 18:48:09.101278,2025-05-06 18:48:09.101278
196423,137,2009-02-04,,,,,,,21,1.9,8.1,14:57,,,,,,2025-05-06 18:48:09.181394,2025-05-06 18:48:09.181394
196437,137,2009-02-05,,,,,,,21,8.1,26.7,17:23,,,,,,2025-05-06 18:48:09.260967,2025-05-06 18:48:09.260967
196477,137,2009-02-08,,,,,,,10,5,13.1,19:10,,,,,,2025-05-06 18:48:09.474954,2025-05-06 18:48:09.474954
196491,137,2009-02-09,,,,,,,16,1.9,8.1,12:35,,,,,,2025-05-06 18:48:09.549658,2025-05-06 18:48:09.549658
196505,137,2009-02-10,,,,,,,17,1.1,6.7,14:55,,,,,,2025-05-06 18:48:09.631323,2025-05-06 18:48:09.631323
196519,137,2009-02-11,,,,,,,19,0.6,5,13:25,,,,,,2025-05-06 18:48:09.709557,2025-05-06 18:48:09.709557
196533,137,2009-02-12,,,,,,,15,1.9,9.4,16:23,,,,,,2025-05-06 18:48:09.784813,2025-05-06 18:48:09.784813
196547,137,2009-02-13,,,,,,,10,6.9,13.1,08:25,,,,,,2025-05-06 18:48:09.848744,2025-05-06 18:48:09.848744
196561,137,2009-02-14,,,,,,,15,7.2,14.4,18:00,,,,,,2025-05-06 18:48:09.922487,2025-05-06 18:48:09.922487
196575,137,2009-02-15,,,,,,,16,3.9,9.2,16:27,,,,,,2025-05-06 18:48:09.994522,2025-05-06 18:48:09.994522
196589,137,2009-02-16,,,,,,,14,3.3,10.3,11:50,,,,,,2025-05-06 18:48:10.070236,2025-05-06 18:48:10.070236
196603,137,2009-02-17,,,,,,,10,4.7,15,16:40,,,,,,2025-05-06 18:48:10.148744,2025-05-06 18:48:10.148744
196617,137,2009-02-18,,,,,,,99,3.9,11.1,,,,,,,2025-05-06 18:48:10.229625,2025-05-06 18:48:10.229625
196631,137,2009-02-19,,,,,,,12,3.3,8.9,02:35,,,,,,2025-05-06 18:48:10.311075,2025-05-06 18:48:10.311075
196645,137,2009-02-20,,,,,,,99,3.3,6.4,,,,,,,2025-05-06 18:48:10.390833,2025-05-06 18:48:10.390833
196659,137,2009-02-21,,,,,,,16,3.3,8.9,12:08,,,,,,2025-05-06 18:48:10.468610,2025-05-06 18:48:10.468610
196673,137,2009-02-22,,,,,,,9,1.4,7.5,00:00,,,,,,2025-05-06 18:48:10.547665,2025-05-06 18:48:10.547665
196687,137,2009-02-23,,,,,,,14,1.4,6.1,14:18,,,,,,2025-05-06 18:48:10.630402,2025-05-06 18:48:10.630402
196702,137,2009-02-24,,,,,,,24,1.9,6.4,12:20,,,,,,2025-05-06 18:48:10.709984,2025-05-06 18:48:10.709984
196717,137,2009-02-25,,,,,,,24,0.8,6.7,15:15,,,,,,2025-05-06 18:48:10.792458,2025-05-06 18:48:10.792458
196732,137,2009-02-26,,,,,,,24,1.7,9.2,15:48,,,,,,2025-05-06 18:48:10.874948,2025-05-06 18:48:10.874948
196747,137,2009-02-27,,,,,,,24,1.4,5.6,12:45,,,,,,2025-05-06 18:48:10.958197,2025-05-06 18:48:10.958197
196762,137,2009-02-28,,,,,,,19,1.9,6.4,15:50,,,,,,2025-05-06 18:48:11.042616,2025-05-06 18:48:11.042616
196777,137,2009-03-01,,,,,,,24,1.7,6.4,13:08,,,,,,2025-05-06 18:48:11.126700,2025-05-06 18:48:11.126700
196792,137,2009-03-02,,,,,,,15,2.8,10.3,16:27,,,,,,2025-05-06 18:48:11.210157,2025-05-06 18:48:11.210157
196806,137,2009-03-03,,,,,,,16,4.7,11.9,11:10,,,,,,2025-05-06 18:48:11.289894,2025-05-06 18:48:11.289894
196820,137,2009-03-04,,,,,,,15,2.8,11.1,10:35,,,,,,2025-05-06 18:48:11.364267,2025-05-06 18:48:11.364267
196834,137,2009-03-05,,,,,,,99,4.2,11.9,,,,,,,2025-05-06 18:48:11.445099,2025-05-06 18:48:11.445099
196848,137,2009-03-06,,,,,,,12,7.2,18.3,21:50,,,,,,2025-05-06 18:48:11.523958,2025-05-06 18:48:11.523958
196862,137,2009-03-07,,,,,,,12,5,20,03:25,,,,,,2025-05-06 18:48:11.600507,2025-05-06 18:48:11.600507
196877,137,2009-03-08,,,,,,,24,1.9,6.9,16:23,,,,,,2025-05-06 18:48:11.682435,2025-05-06 18:48:11.682435
196892,137,2009-03-09,,,,,,,9,3.3,11.9,23:51,,,,,,2025-05-06 18:48:11.768360,2025-05-06 18:48:11.768360
196906,137,2009-03-10,,,,,,,9,4.7,15.6,22:42,,,,,,2025-05-06 18:49:17.429396,2025-05-06 18:49:17.429396
196920,137,2009-03-11,,,,,,,10,2.8,14.4,02:00,,,,,,2025-05-06 18:49:17.521928,2025-05-06 18:49:17.521928
196947,137,2009-03-13,,,,,,,13,5,13.3,12:20,,,,,,2025-05-06 18:49:17.664537,2025-05-06 18:49:17.664537
196961,137,2009-03-14,,,,,,,0,3.9,,,,,,,,2025-05-06 18:49:17.749082,2025-05-06 18:49:17.749082
197002,137,2009-03-17,,,,,,,13,3.3,15,05:45,,,,,,2025-05-06 18:49:18.007293,2025-05-06 18:49:18.007293
197017,137,2009-03-18,,,,,,,25,5.3,13.1,13:57,,,,,,2025-05-06 18:49:18.088335,2025-05-06 18:49:18.088335
197031,137,2009-03-19,,,,,,,0,2.2,,,,,,,,2025-05-06 18:49:18.156673,2025-05-06 18:49:18.156673
197058,137,2009-03-21,,,,,,,17,2.2,7.5,16:05,,,,,,2025-05-06 18:49:18.289548,2025-05-06 18:49:18.289548
197072,137,2009-03-22,,,,,,,16,6.1,13.1,06:42,,,,,,2025-05-06 18:49:18.359981,2025-05-06 18:49:18.359981
197086,137,2009-03-23,,,,,,,16,5.8,13.1,12:20,,,,,,2025-05-06 18:49:18.428378,2025-05-06 18:49:18.428378
197100,137,2009-03-24,,,,,,,11,5,10.3,09:00,,,,,,2025-05-06 18:49:18.503742,2025-05-06 18:49:18.503742
197115,137,2009-03-25,,,,,,,99,2.2,6.9,,,,,,,2025-05-06 18:49:18.578264,2025-05-06 18:49:18.578264
197129,137,2009-03-26,,,,,,,24,2.2,6.9,11:10,,,,,,2025-05-06 18:49:18.639038,2025-05-06 18:49:18.639038
197143,137,2009-03-27,,,,,,,24,1.7,8.9,16:30,,,,,,2025-05-06 18:49:18.706544,2025-05-06 18:49:18.706544
197157,137,2009-03-28,,,,,,,24,2.8,10,13:25,,,,,,2025-05-06 18:49:18.768888,2025-05-06 18:49:18.768888
197172,137,2009-03-29,,,,,,,22,3.9,14.2,11:22,,,,,,2025-05-06 18:49:18.846313,2025-05-06 18:49:18.846313
197199,137,2009-03-31,,,,,,,16,4.7,10.8,14:15,,,,,,2025-05-06 18:49:18.981944,2025-05-06 18:49:18.981944
197213,137,2009-04-01,,,,,,,16,4.2,11.1,15:40,,,,,,2025-05-06 18:49:19.051287,2025-05-06 18:49:19.051287
197227,137,2009-04-02,,,,,,,16,4.2,11.1,15:32,,,,,,2025-05-06 18:49:19.122500,2025-05-06 18:49:19.122500
197239,137,2009-04-03,,,,,,,15,5,13.9,14:30,,,,,,2025-05-06 18:49:19.182268,2025-05-06 18:49:19.182268
197253,137,2009-04-04,,,,,,,10,5.6,14.2,09:35,,,,,,2025-05-06 18:49:19.249580,2025-05-06 18:49:19.249580
197266,137,2009-04-05,,,,,,,10,5.8,16.9,12:03,,,,,,2025-05-06 18:49:19.321494,2025-05-06 18:49:19.321494
197280,137,2009-04-06,,,,,,,15,3.6,11.9,12:11,,,,,,2025-05-06 18:49:19.394481,2025-05-06 18:49:19.394481
197294,137,2009-04-07,,,,,,,12,5.3,15,,,,,,,2025-05-06 18:49:19.454897,2025-05-06 18:49:19.454897
197308,137,2009-04-08,,,,,,,10,16.4,28.9,09:35,,,,,,2025-05-06 18:49:19.517043,2025-05-06 18:49:19.517043
197321,137,2009-04-09,,,,,,,11,7.8,24.4,02:45,,,,,,2025-05-06 18:49:19.579021,2025-05-06 18:49:19.579021
197335,137,2009-04-10,,,,,,,0,5,,,,,,,,2025-05-06 18:49:19.654526,2025-05-06 18:49:19.654526
197350,137,2009-04-11,,,,,,,12,5.8,13.9,04:22,,,,,,2025-05-06 18:49:19.739649,2025-05-06 18:49:19.739649
197364,137,2009-04-12,,,,,,,15,5.6,13.9,19:38,,,,,,2025-05-06 18:49:19.815105,2025-05-06 18:49:19.815105
197379,137,2009-04-13,,,,,,,15,5,13.1,12:05,,,,,,2025-05-06 18:49:19.887611,2025-05-06 18:49:19.887611
197407,137,2009-04-15,,,,,,,99,3.6,8.3,,,,,,,2025-05-06 18:49:20.036589,2025-05-06 18:49:20.036589
197421,137,2009-04-16,,,,,,,1,3.1,8.6,14:30,,,,,,2025-05-06 18:49:20.113327,2025-05-06 18:49:20.113327
197434,137,2009-04-17,,,,,,,16,3.1,8.3,12:47,,,,,,2025-05-06 18:49:20.188454,2025-05-06 18:49:20.188454
197448,137,2009-04-18,,,,,,,14,4.2,11.9,13:40,,,,,,2025-05-06 18:49:20.267835,2025-05-06 18:49:20.267835
197462,137,2009-04-19,,,,,,,11,6.4,16.1,08:23,,,,,,2025-05-06 18:49:20.343291,2025-05-06 18:49:20.343291
197475,137,2009-04-20,,,,,,,99,7.2,15,,,,,,,2025-05-06 18:49:20.414747,2025-05-06 18:49:20.414747
197502,137,2009-04-22,,,,,,,13,5,16.1,,,,,,,2025-05-06 18:49:20.558270,2025-05-06 18:49:20.558270
197516,137,2009-04-23,,,,,,,10,5,16.1,00:15,,,,,,2025-05-06 18:49:20.632557,2025-05-06 18:49:20.632557
197529,137,2009-04-24,,,,,,,16,3.9,8.9,17:22,,,,,,2025-05-06 18:49:20.706672,2025-05-06 18:49:20.706672
197542,137,2009-04-25,,,,,,,10,5.6,15,,,,,,,2025-05-06 18:49:20.773854,2025-05-06 18:49:20.773854
197556,137,2009-04-26,,,,,,,10,8.9,23.1,13:15,,,,,,2025-05-06 18:49:20.845013,2025-05-06 18:49:20.845013
197570,137,2009-04-27,,,,,,,12,5.6,13.1,22:58,,,,,,2025-05-06 18:49:20.925886,2025-05-06 18:49:20.925886
197584,137,2009-04-28,,,,,,,16,4.4,13.1,15:20,,,,,,2025-05-06 18:49:20.997610,2025-05-06 18:49:20.997610
197598,137,2009-04-29,,,,,,,16,6.4,13.9,12:10,,,,,,2025-05-06 18:49:21.076839,2025-05-06 18:49:21.076839
197612,137,2009-04-30,,,,,,,10,6.7,23.1,22:45,,,,,,2025-05-06 18:49:21.150389,2025-05-06 18:49:21.150389
197626,137,2009-05-01,,,,,,,10,9.2,23.1,04:15,,,,,,2025-05-06 18:49:21.213611,2025-05-06 18:49:21.213611
197640,137,2009-05-02,,,,,,,10,5,11.9,03:25,,,,,,2025-05-06 18:49:21.276503,2025-05-06 18:49:21.276503
197654,137,2009-05-03,,,,,,,99,3.1,8.1,,,,,,,2025-05-06 18:49:21.342387,2025-05-06 18:49:21.342387
197668,137,2009-05-04,,,,,,,16,4.4,10,15:40,,,,,,2025-05-06 18:49:21.407284,2025-05-06 18:49:21.407284
197682,137,2009-05-05,,,,,,,17,6.9,13.6,14:58,,,,,,2025-05-06 18:49:21.479988,2025-05-06 18:49:21.479988
197696,137,2009-05-06,,,,,,,16,4.4,11.9,13:58,,,,,,2025-05-06 18:49:21.549815,2025-05-06 18:49:21.549815
197710,137,2009-05-07,,,,,,,5,1.9,7.8,22:18,,,,,,2025-05-06 18:49:21.622714,2025-05-06 18:49:21.622714
197724,137,2009-05-08,,,,,,,16,5,9.7,12:35,,,,,,2025-05-06 18:49:21.701845,2025-05-06 18:49:21.701845
197738,137,2009-05-09,,,,,,,18,4.2,9.2,17:05,,,,,,2025-05-06 18:49:21.781744,2025-05-06 18:49:21.781744
197752,137,2009-05-10,,,,,,,21,2.8,12.2,12:00,,,,,,2025-05-06 18:49:21.864769,2025-05-06 18:49:21.864769
197766,137,2009-05-11,,,,,,,1,1.9,6.9,22:15,,,,,,2025-05-06 18:49:21.944459,2025-05-06 18:49:21.944459
197780,137,2009-05-12,,,,,,,16,3.9,12.5,20:45,,,,,,2025-05-06 18:49:22.022112,2025-05-06 18:49:22.022112
197794,137,2009-05-13,,,,,,,15,6.4,15,13:40,,,,,,2025-05-06 18:49:22.095402,2025-05-06 18:49:22.095402
197808,137,2009-05-14,,,,,,,11,6.4,15,20:05,,,,,,2025-05-06 18:49:22.169832,2025-05-06 18:49:22.169832
197822,137,2009-05-15,,,,,,,13,6.1,16.1,08:25,,,,,,2025-05-06 18:49:22.246753,2025-05-06 18:49:22.246753
197836,137,2009-05-16,,,,,,,4,7.8,16.1,10:05,,,,,,2025-05-06 18:49:22.312562,2025-05-06 18:49:22.312562
197850,137,2009-05-17,,,,,,,11,6.9,16.1,16:42,,,,,,2025-05-06 18:49:22.382784,2025-05-06 18:49:22.382784
197864,137,2009-05-18,,,,,,,99,6.7,15,,,,,,,2025-05-06 18:49:22.446454,2025-05-06 18:49:22.446454
197878,137,2009-05-19,,,,,,,3,7.5,14.2,13:05,,,,,,2025-05-06 18:49:22.517418,2025-05-06 18:49:22.517418
197892,137,2009-05-20,,,,,,,2,2.8,10,10:45,,,,,,2025-05-06 18:49:22.578150,2025-05-06 18:49:22.578150
197906,137,2009-05-21,,,,,,,26,3.1,9.2,13:35,,,,,,2025-05-06 18:49:22.643006,2025-05-06 18:49:22.643006
197920,137,2009-05-22,,,,,,,15,3.6,13.1,16:20,,,,,,2025-05-06 18:49:22.718420,2025-05-06 18:49:22.718420
197934,137,2009-05-23,,,,,,,14,5,11.9,14:27,,,,,,2025-05-06 18:49:22.785449,2025-05-06 18:49:22.785449
197948,137,2009-05-24,,,,,,,15,6.1,13.9,15:05,,,,,,2025-05-06 18:49:22.853845,2025-05-06 18:49:22.853845
197962,137,2009-05-25,,,,,,,17,4.7,15,16:18,,,,,,2025-05-06 18:49:22.931134,2025-05-06 18:49:22.931134
197976,137,2009-05-26,,,,,,,10,5.3,15.3,09:43,,,,,,2025-05-06 18:49:23.010875,2025-05-06 18:49:23.010875
197990,137,2009-05-27,,,,,,,16,7.2,15,12:15,,,,,,2025-05-06 18:49:23.083265,2025-05-06 18:49:23.083265
198004,137,2009-05-28,,,,,,,17,4.2,8.9,18:15,,,,,,2025-05-06 18:49:23.154231,2025-05-06 18:49:23.154231
198018,137,2009-05-29,,,,,,,16,2.5,10,14:20,,,,,,2025-05-06 18:49:23.228277,2025-05-06 18:49:23.228277
198032,137,2009-05-30,,,,,,,99,4.7,10.3,,,,,,,2025-05-06 18:49:23.305252,2025-05-06 18:49:23.305252
198046,137,2009-05-31,,,,,,,16,4.2,10.6,15:42,,,,,,2025-05-06 18:49:23.378193,2025-05-06 18:49:23.378193
198059,137,2009-06-01,,,,,,,24,1.9,8.3,16:42,,,,,,2025-05-06 18:49:23.447517,2025-05-06 18:49:23.447517
198072,137,2009-06-02,,,,,,,99,2.5,8.3,,,,,,,2025-05-06 18:49:23.521944,2025-05-06 18:49:23.521944
198085,137,2009-06-03,,,,,,,16,5.6,11.4,13:27,,,,,,2025-05-06 18:49:23.584013,2025-05-06 18:49:23.584013
198098,137,2009-06-04,,,,,,,99,4.4,10.3,,,,,,,2025-05-06 18:49:23.646545,2025-05-06 18:49:23.646545
198111,137,2009-06-05,,,,,,,1,5,10.6,15:08,,,,,,2025-05-06 18:49:23.710335,2025-05-06 18:49:23.710335
198124,137,2009-06-06,,,,,,,3,5.3,10.6,17:52,,,,,,2025-05-06 18:49:23.772584,2025-05-06 18:49:23.772584
198137,137,2009-06-07,,,,,,,16,5.3,11.1,10:50,,,,,,2025-05-06 18:49:23.836450,2025-05-06 18:49:23.836450
198150,137,2009-06-08,,,,,,,2,5.3,11.1,18:18,,,,,,2025-05-06 18:49:23.900142,2025-05-06 18:49:23.900142
198163,137,2009-06-09,,,,,,,0,4.4,,,,,,,,2025-05-06 18:49:23.964458,2025-05-06 18:49:23.964458
198188,137,2009-06-11,,,,,,,10,6.1,15.3,23:57,,,,,,2025-05-06 18:49:24.090116,2025-05-06 18:49:24.090116
198201,137,2009-06-12,,,,,,,10,6.1,16.1,00:18,,,,,,2025-05-06 18:49:24.163315,2025-05-06 18:49:24.163315
198214,137,2009-06-13,,,,,,,24,2.2,8.6,13:35,,,,,,2025-05-06 18:49:24.238721,2025-05-06 18:49:24.238721
198227,137,2009-06-14,,,,,,,16,2.8,10.6,15:50,,,,,,2025-05-06 18:49:24.309624,2025-05-06 18:49:24.309624
198240,137,2009-06-15,,,,,,,10,4.7,10,,,,,,,2025-05-06 18:49:24.385546,2025-05-06 18:49:24.385546
198253,137,2009-06-16,,,,,,,24,3.3,10,17:24,,,,,,2025-05-06 18:49:24.452805,2025-05-06 18:49:24.452805
198267,137,2009-06-17,,,,,,,99,3.1,11.9,,,,,,,2025-05-06 18:49:24.519953,2025-05-06 18:49:24.519953
198281,137,2009-06-18,,,,,,,24,3.1,12.5,16:50,,,,,,2025-05-06 18:49:24.593102,2025-05-06 18:49:24.593102
198295,137,2009-06-19,,,,,,,24,2.8,8.1,12:50,,,,,,2025-05-06 18:49:24.664733,2025-05-06 18:49:24.664733
198309,137,2009-06-20,,,,,,,15,2.5,8.9,19:25,,,,,,2025-05-06 18:49:24.742551,2025-05-06 18:49:24.742551
198323,137,2009-06-21,,,,,,,9,3.3,11.9,23:23,,,,,,2025-05-06 18:49:24.817674,2025-05-06 18:49:24.817674
198337,137,2009-06-22,,,,,,,10,7.8,16.9,11:50,,,,,,2025-05-06 18:49:24.887951,2025-05-06 18:49:24.887951
199514,137,2009-09-09,,,,,,,4,5,10.6,16:39,,,,,,2025-05-06 18:50:34.407971,2025-05-06 18:50:34.407971
198351,137,2009-06-23,,,,,,,9,6.1,16.1,08:20,,,,,,2025-05-06 18:49:24.959578,2025-05-06 18:49:24.959578
198365,137,2009-06-24,,,,,,,10,7.5,18.3,01:50,,,,,,2025-05-06 18:49:25.020899,2025-05-06 18:49:25.020899
198379,137,2009-06-25,,,,,,,36,5.3,11.9,13:15,,,,,,2025-05-06 18:49:25.095362,2025-05-06 18:49:25.095362
198393,137,2009-06-26,,,,,,,2,3.1,10.3,13:15,,,,,,2025-05-06 18:49:25.170350,2025-05-06 18:49:25.170350
198407,137,2009-06-27,,,,,,,25,3.3,10.6,11:40,,,,,,2025-05-06 18:49:25.238705,2025-05-06 18:49:25.238705
198421,137,2009-06-28,,,,,,,23,2.5,8.3,15:38,,,,,,2025-05-06 18:49:25.306210,2025-05-06 18:49:25.306210
198434,137,2009-06-29,,,,,,,27,2.5,7.8,16:35,,,,,,2025-05-06 18:49:25.382259,2025-05-06 18:49:25.382259
198447,137,2009-06-30,,,,,,,99,7.5,14.2,,,,,,,2025-05-06 18:49:25.448522,2025-05-06 18:49:25.448522
198460,137,2009-07-01,,,,,,,10,7.8,17.8,23:59,,,,,,2025-05-06 18:49:25.512948,2025-05-06 18:49:25.512948
198473,137,2009-07-02,,,,,,,11,7.2,16.7,02:35,,,,,,2025-05-06 18:49:25.576171,2025-05-06 18:49:25.576171
198486,137,2009-07-03,,,,,,,11,6.4,15,14:55,,,,,,2025-05-06 18:49:25.640853,2025-05-06 18:49:25.640853
198499,137,2009-07-04,,,,,,,10,5.3,16.1,06:10,,,,,,2025-05-06 18:49:25.707023,2025-05-06 18:49:25.707023
198512,137,2009-07-05,,,,,,,15,5.6,15,12:05,,,,,,2025-05-06 18:49:25.771439,2025-05-06 18:49:25.771439
198525,137,2009-07-06,,,,,,,10,6.1,18.3,01:50,,,,,,2025-05-06 18:49:25.842461,2025-05-06 18:49:25.842461
198538,137,2009-07-07,,,,,,,0,5.8,,,,,,,,2025-05-06 18:49:25.916504,2025-05-06 18:49:25.916504
198564,137,2009-07-09,,,,,,,1,5.6,15,11:45,,,,,,2025-05-06 18:49:26.059148,2025-05-06 18:49:26.059148
198578,137,2009-07-10,,,,,,,7,5.8,15,08:22,,,,,,2025-05-06 18:49:26.141849,2025-05-06 18:49:26.141849
198592,137,2009-07-11,,,,,,,8,6.7,14.7,17:38,,,,,,2025-05-06 18:49:26.220766,2025-05-06 18:49:26.220766
198606,137,2009-07-12,,,,,,,9,8.3,16.9,00:30,,,,,,2025-05-06 18:49:26.293865,2025-05-06 18:49:26.293865
198620,137,2009-07-13,,,,,,,7,6.1,15,23:20,,,,,,2025-05-06 18:49:26.371195,2025-05-06 18:49:26.371195
198634,137,2009-07-14,,,,,,,8,7.5,18.1,19:17,,,,,,2025-05-06 18:49:26.447288,2025-05-06 18:49:26.447288
198648,137,2009-07-15,,,,,,,9,7.5,20.3,04:25,,,,,,2025-05-06 18:49:26.526140,2025-05-06 18:49:26.526140
198662,137,2009-07-16,,,,,,,9,11.4,22.2,20:22,,,,,,2025-05-06 18:49:26.606813,2025-05-06 18:49:26.606813
198677,137,2009-07-17,,,,,,,8,14.7,26.1,10:50,,,,,,2025-05-06 18:49:26.684707,2025-05-06 18:49:26.684707
198693,137,2009-07-18,,,,,,,9,10,25,04:35,,,,,,2025-05-06 18:49:26.757136,2025-05-06 18:49:26.757136
198709,137,2009-07-19,,,,,,,9,5,18.9,01:05,,,,,,2025-05-06 18:49:26.832397,2025-05-06 18:49:26.832397
198725,137,2009-07-20,,,,,,,8,3.9,14.4,02:05,,,,,,2025-05-06 18:49:26.904415,2025-05-06 18:49:26.904415
198741,137,2009-07-21,,,,,,,4,4.4,13.1,15:40,,,,,,2025-05-06 18:49:26.991556,2025-05-06 18:49:26.991556
198757,137,2009-07-22,,,,,,,2,4.2,11.9,11:00,,,,,,2025-05-06 18:49:27.074044,2025-05-06 18:49:27.074044
198771,137,2009-07-23,,,,,,,8,8.6,23.9,09:50,,,,,,2025-05-06 18:49:27.143017,2025-05-06 18:49:27.143017
198785,137,2009-07-24,,,,,,,6,10,23.1,12:45,,,,,,2025-05-06 18:49:27.219078,2025-05-06 18:49:27.219078
198801,137,2009-07-25,,,,,,,7,7.5,22.2,02:46,,,,,,2025-05-06 18:49:27.304556,2025-05-06 18:49:27.304556
198817,137,2009-07-26,,,,,,,9,5,17.8,00:40,,,,,,2025-05-06 18:49:27.390621,2025-05-06 18:49:27.390621
198832,137,2009-07-27,,,,,,,5,8.6,20,06:27,,,,,,2025-05-06 18:49:27.476243,2025-05-06 18:49:27.476243
198848,137,2009-07-28,,,,,,,9,3.9,13.6,02:18,,,,,,2025-05-06 18:49:27.559050,2025-05-06 18:49:27.559050
198864,137,2009-07-29,,,,,,,3,4.4,15,14:08,,,,,,2025-05-06 18:49:27.638856,2025-05-06 18:49:27.638856
198879,137,2009-07-30,,,,,,,9,4.7,16.1,00:10,,,,,,2025-05-06 18:49:27.708354,2025-05-06 18:49:27.708354
198894,137,2009-07-31,,,,,,,9,5.3,20.3,03:30,,,,,,2025-05-06 18:49:27.785038,2025-05-06 18:49:27.785038
198910,137,2009-08-01,,,,,,,7,7.8,20.8,12:36,,,,,,2025-05-06 18:49:27.868880,2025-05-06 18:49:27.868880
198926,137,2009-08-02,,,,,,,10,9.2,18.9,01:35,,,,,,2025-05-06 18:49:27.947093,2025-05-06 18:49:27.947093
198942,137,2009-08-03,,,,,,,6,9.2,21.1,09:05,,,,,,2025-05-06 18:49:28.025751,2025-05-06 18:49:28.025751
198958,137,2009-08-04,,,,,,,99,6.9,15.6,,,,,,,2025-05-06 18:49:28.110213,2025-05-06 18:49:28.110213
198973,137,2009-08-05,,,,,,,9,10.3,21.9,07:43,,,,,,2025-05-06 18:49:28.185835,2025-05-06 18:49:28.185835
198988,137,2009-08-06,,,,,,,8,7.2,20.6,23:03,,,,,,2025-05-06 18:49:28.259864,2025-05-06 18:49:28.259864
199003,137,2009-08-07,,,,,,,9,11.1,23.1,19:03,,,,,,2025-05-06 18:49:28.337172,2025-05-06 18:49:28.337172
199018,137,2009-08-08,,,,,,,8,11.1,23.9,,,,,,,2025-05-06 18:49:28.411421,2025-05-06 18:49:28.411421
199033,137,2009-08-09,,,,,,,8,7.2,20.6,01:42,,,,,,2025-05-06 18:49:28.488840,2025-05-06 18:49:28.488840
199048,137,2009-08-10,,,,,,,2,3.6,13.9,14:30,,,,,,2025-05-06 18:49:28.568616,2025-05-06 18:49:28.568616
199062,137,2009-08-11,,,,,,,1,6.4,13.1,16:15,,,,,,2025-05-06 18:49:28.643061,2025-05-06 18:49:28.643061
199077,137,2009-08-12,,,,,,,1,5.6,16.9,13:18,,,,,,2025-05-06 18:49:28.718661,2025-05-06 18:49:28.718661
199093,137,2009-08-13,,,,,,,36,5.3,11.9,15:02,,,,,,2025-05-06 18:49:28.786783,2025-05-06 18:49:28.786783
199109,137,2009-08-14,,,,,,,2,5,12.5,13:42,,,,,,2025-05-06 18:49:28.856524,2025-05-06 18:49:28.856524
199140,137,2009-08-16,,,,,,,6,7.2,16.4,15:39,,,,,,2025-05-06 18:49:28.997093,2025-05-06 18:49:28.997093
199155,137,2009-08-17,,,,,,,1,5.6,16.4,13:15,,,,,,2025-05-06 18:49:29.063643,2025-05-06 18:49:29.063643
199170,137,2009-08-18,,,,,,,8,7.8,21.1,13:25,,,,,,2025-05-06 18:49:29.132949,2025-05-06 18:49:29.132949
199185,137,2009-08-19,,,,,,,7,6.4,17.8,00:21,,,,,,2025-05-06 18:49:29.206669,2025-05-06 18:49:29.206669
199200,137,2009-08-20,,,,,,,9,13.1,25,20:50,,,,,,2025-05-06 18:49:29.285172,2025-05-06 18:49:29.285172
199215,137,2009-08-21,,,,,,,9,8.3,25,00:27,,,,,,2025-05-06 18:49:29.360723,2025-05-06 18:49:29.360723
199230,137,2009-08-22,,,,,,,6,6.4,17.5,11:35,,,,,,2025-05-06 18:49:29.435640,2025-05-06 18:49:29.435640
199245,137,2009-08-23,,,,,,,2,6.1,15.8,13:38,,,,,,2025-05-06 18:49:29.513052,2025-05-06 18:49:29.513052
199260,137,2009-08-24,,,,,,,5,6.4,16.4,15:03,,,,,,2025-05-06 18:49:29.586740,2025-05-06 18:49:29.586740
199276,137,2009-08-25,,,,,,,8,6.1,23.1,22:05,,,,,,2025-05-06 18:49:29.675651,2025-05-06 18:49:29.675651
199292,137,2009-08-26,,,,,,,9,6.1,23.3,00:18,,,,,,2025-05-06 18:49:29.752411,2025-05-06 18:49:29.752411
199308,137,2009-08-27,,,,,,,7,5.8,15,15:52,,,,,,2025-05-06 18:49:29.832349,2025-05-06 18:49:29.832349
199324,137,2009-08-28,,,,,,,2,5.8,15.6,15:05,,,,,,2025-05-06 18:49:29.908440,2025-05-06 18:49:29.908440
199340,137,2009-08-29,,,,,,,8,6.1,16.4,05:37,,,,,,2025-05-06 18:49:29.977974,2025-05-06 18:49:29.977974
199356,137,2009-08-30,,,,,,,9,6.9,15,07:25,,,,,,2025-05-06 18:49:30.050424,2025-05-06 18:49:30.050424
199371,137,2009-08-31,,,,,,,2,5.3,13.1,12:50,,,,,,2025-05-06 18:49:30.119898,2025-05-06 18:49:30.119898
199387,137,2009-09-01,,,,,,,2,4.7,13.1,16:24,,,,,,2025-05-06 18:49:30.192397,2025-05-06 18:49:30.192397
199403,137,2009-09-02,,,,,,,8,11.9,21.9,10:15,,,,,,2025-05-06 18:49:30.276195,2025-05-06 18:49:30.276195
199419,137,2009-09-03,,,,,,,6,10.3,22.8,02:30,,,,,,2025-05-06 18:49:30.363784,2025-05-06 18:49:30.363784
199434,137,2009-09-04,,,,,,,10,6.9,16.9,00:59,,,,,,2025-05-06 18:49:30.433542,2025-05-06 18:49:30.433542
199450,137,2009-09-05,,,,,,,3,7.2,15,13:30,,,,,,2025-05-06 18:49:30.511366,2025-05-06 18:49:30.511366
199466,137,2009-09-06,,,,,,,1,4.4,10.3,14:35,,,,,,2025-05-06 18:50:34.142227,2025-05-06 18:50:34.142227
199482,137,2009-09-07,,,,,,,3,3.9,10.6,12:07,,,,,,2025-05-06 18:50:34.237150,2025-05-06 18:50:34.237150
199498,137,2009-09-08,,,,,,,3,5.8,11.1,12:55,,,,,,2025-05-06 18:50:34.318742,2025-05-06 18:50:34.318742
199529,137,2009-09-10,,,,,,,3,1.9,8.9,13:52,,,,,,2025-05-06 18:50:34.492132,2025-05-06 18:50:34.492132
199544,137,2009-09-11,,,,,,,2,3.1,10.6,15:57,,,,,,2025-05-06 18:50:34.568687,2025-05-06 18:50:34.568687
199559,137,2009-09-12,,,,,,,9,6.1,16.9,23:07,,,,,,2025-05-06 18:50:34.646093,2025-05-06 18:50:34.646093
199574,137,2009-09-13,,,,,,,9,7.2,17.8,21:40,,,,,,2025-05-06 18:50:34.726442,2025-05-06 18:50:34.726442
199589,137,2009-09-14,,,,,,,11,6.4,16.7,01:05,,,,,,2025-05-06 18:50:34.809003,2025-05-06 18:50:34.809003
199605,137,2009-09-15,,,,,,,36,1.7,7.5,14:22,,,,,,2025-05-06 18:50:34.893828,2025-05-06 18:50:34.893828
199621,137,2009-09-16,,,,,,,29,3.6,9.2,14:02,,,,,,2025-05-06 18:50:34.979411,2025-05-06 18:50:34.979411
201183,137,2009-12-25,,,,,,,19,11.7,26.9,,,,,,,2025-05-06 18:50:42.428110,2025-05-06 18:50:42.428110
199637,137,2009-09-17,,,,,,,3,4.7,9.7,15:20,,,,,,2025-05-06 18:50:35.055850,2025-05-06 18:50:35.055850
199653,137,2009-09-18,,,,,,,11,4.4,13.1,22:04,,,,,,2025-05-06 18:50:35.137789,2025-05-06 18:50:35.137789
199669,137,2009-09-19,,,,,,,10,3.1,18.1,,,,,,,2025-05-06 18:50:35.206419,2025-05-06 18:50:35.206419
199685,137,2009-09-20,,,,,,,10,5.8,18.3,11:30,,,,,,2025-05-06 18:50:35.282642,2025-05-06 18:50:35.282642
199698,137,2009-09-21,,,,,,,8,5,16.4,14:58,,,,,,2025-05-06 18:50:35.356045,2025-05-06 18:50:35.356045
199714,137,2009-09-22,,,,,,,7,5.3,16.1,03:38,,,,,,2025-05-06 18:50:35.438937,2025-05-06 18:50:35.438937
199730,137,2009-09-23,,,,,,,7,2.8,10.3,23:10,,,,,,2025-05-06 18:50:35.520688,2025-05-06 18:50:35.520688
199746,137,2009-09-24,,,,,,,9,3.3,11.9,01:22,,,,,,2025-05-06 18:50:35.603340,2025-05-06 18:50:35.603340
199761,137,2009-09-25,,,,,,,8,5,11.1,05:40,,,,,,2025-05-06 18:50:35.672447,2025-05-06 18:50:35.672447
199776,137,2009-09-26,,,,,,,3,5,11.1,12:45,,,,,,2025-05-06 18:50:35.741187,2025-05-06 18:50:35.741187
199791,137,2009-09-27,,,,,,,3,4.4,11.1,15:00,,,,,,2025-05-06 18:50:35.817545,2025-05-06 18:50:35.817545
199805,137,2009-09-28,,,,,,,1,2.5,10,17:21,,,,,,2025-05-06 18:50:35.887419,2025-05-06 18:50:35.887419
199819,137,2009-09-29,,,,,,,36,3.3,7.8,13:10,,,,,,2025-05-06 18:50:35.959167,2025-05-06 18:50:35.959167
199834,137,2009-09-30,,,,,,,25,2.8,8.9,14:43,,,,,,2025-05-06 18:50:36.026447,2025-05-06 18:50:36.026447
199849,137,2009-10-01,,,,,,,28,2.5,7.5,15:02,,,,,,2025-05-06 18:50:36.105169,2025-05-06 18:50:36.105169
199864,137,2009-10-02,,,,,,,28,1.9,7.5,12:30,,,,,,2025-05-06 18:50:36.187745,2025-05-06 18:50:36.187745
199879,137,2009-10-03,,,,,,,29,1.9,6.9,12:07,,,,,,2025-05-06 18:50:36.265579,2025-05-06 18:50:36.265579
199893,137,2009-10-04,,,,,,,25,3.1,7.8,15:10,,,,,,2025-05-06 18:50:36.337775,2025-05-06 18:50:36.337775
199908,137,2009-10-05,,,,,,,25,2.5,6.9,15:20,,,,,,2025-05-06 18:50:36.409006,2025-05-06 18:50:36.409006
199923,137,2009-10-06,,,,,,,24,2.2,8.9,16:32,,,,,,2025-05-06 18:50:36.480081,2025-05-06 18:50:36.480081
199939,137,2009-10-07,,,,,,,27,2.2,7.5,,,,,,,2025-05-06 18:50:36.565371,2025-05-06 18:50:36.565371
199955,137,2009-10-08,,,,,,,1,3.3,9.4,14:45,,,,,,2025-05-06 18:50:36.652750,2025-05-06 18:50:36.652750
199971,137,2009-10-09,,,,,,,3,5.8,13.9,11:50,,,,,,2025-05-06 18:50:36.738308,2025-05-06 18:50:36.738308
199987,137,2009-10-10,,,,,,,3,5,12.5,13:32,,,,,,2025-05-06 18:50:36.820213,2025-05-06 18:50:36.820213
200003,137,2009-10-11,,,,,,,6,5,11.9,17:35,,,,,,2025-05-06 18:50:36.902554,2025-05-06 18:50:36.902554
201406,137,2010-01-08,,,,,,,23,3.3,8.9,06:04,,,,,,2025-05-06 18:50:43.264720,2025-05-06 18:50:43.264720
200019,137,2009-10-12,,,,,,,7,4.7,13.9,15:59,,,,,,2025-05-06 18:50:36.983252,2025-05-06 18:50:36.983252
200034,137,2009-10-13,,,,,,,1,5.3,11.9,14:15,,,,,,2025-05-06 18:50:37.061491,2025-05-06 18:50:37.061491
200050,137,2009-10-14,,,,,,,36,3.1,8.9,17:27,,,,,,2025-05-06 18:50:37.149542,2025-05-06 18:50:37.149542
200066,137,2009-10-15,,,,,,,36,3.6,9.4,23:50,,,,,,2025-05-06 18:50:37.240701,2025-05-06 18:50:37.240701
200082,137,2009-10-16,,,,,,,2,0.6,10.3,23:15,,,,,,2025-05-06 18:50:37.327297,2025-05-06 18:50:37.327297
200098,137,2009-10-17,,,,,,,8,2.2,13.9,10:40,,,,,,2025-05-06 18:50:37.410840,2025-05-06 18:50:37.410840
200114,137,2009-10-18,,,,,,,2,3.6,13.3,02:00,,,,,,2025-05-06 18:50:37.496611,2025-05-06 18:50:37.496611
200130,137,2009-10-19,,,,,,,99,2.5,8.1,,,,,,,2025-05-06 18:50:37.578271,2025-05-06 18:50:37.578271
200146,137,2009-10-20,,,,,,,0,0.8,,,,,,,,2025-05-06 18:50:37.646431,2025-05-06 18:50:37.646431
200177,137,2009-10-22,,,,,,,6,4.7,11.1,22:55,,,,,,2025-05-06 18:50:37.776760,2025-05-06 18:50:37.776760
200192,137,2009-10-23,,,,,,,6,6.1,16.9,04:35,,,,,,2025-05-06 18:50:37.843674,2025-05-06 18:50:37.843674
200207,137,2009-10-24,,,,,,,1,5.6,14.2,10:10,,,,,,2025-05-06 18:50:37.918513,2025-05-06 18:50:37.918513
200222,137,2009-10-25,,,,,,,9,1.7,9.4,04:45,,,,,,2025-05-06 18:50:37.995501,2025-05-06 18:50:37.995501
200237,137,2009-10-26,,,,,,,24,2.2,7.5,12:35,,,,,,2025-05-06 18:50:38.086838,2025-05-06 18:50:38.086838
200253,137,2009-10-27,,,,,,,25,1.1,6.9,13:52,,,,,,2025-05-06 18:50:38.170145,2025-05-06 18:50:38.170145
200269,137,2009-10-28,,,,,,,24,1.1,6.9,13:45,,,,,,2025-05-06 18:50:38.279199,2025-05-06 18:50:38.279199
200285,137,2009-10-29,,,,,,,23,2.2,7.5,13:05,,,,,,2025-05-06 18:50:38.357137,2025-05-06 18:50:38.357137
200301,137,2009-10-30,,,,,,,1,5.3,10.6,13:22,,,,,,2025-05-06 18:50:38.436279,2025-05-06 18:50:38.436279
200316,137,2009-10-31,,,,,,,7,8.1,15,19:45,,,,,,2025-05-06 18:50:38.502926,2025-05-06 18:50:38.502926
200332,137,2009-11-01,,,,,,,0,7.2,,,,,,,,2025-05-06 18:50:38.568407,2025-05-06 18:50:38.568407
200348,137,2009-11-02,,,,,,,8,8.1,20,15:23,,,,,,2025-05-06 18:50:38.645984,2025-05-06 18:50:38.645984
200364,137,2009-11-03,,,,,,,9,5,20,00:15,,,,,,2025-05-06 18:50:38.726762,2025-05-06 18:50:38.726762
200376,137,2009-11-04,,,,,,,9,3.3,11.7,00:03,,,,,,2025-05-06 18:50:38.795035,2025-05-06 18:50:38.795035
200392,137,2009-11-05,,,,,,,6,5,11.1,18:50,,,,,,2025-05-06 18:50:38.898795,2025-05-06 18:50:38.898795
202064,137,2010-02-20,,,,,,,99,4.2,20,,,,,,,2025-05-06 18:50:46.470398,2025-05-06 18:50:46.470398
200408,137,2009-11-06,,,,,,,8,6.1,14.4,22:50,,,,,,2025-05-06 18:50:38.981044,2025-05-06 18:50:38.981044
200424,137,2009-11-07,,,,,,,6,5.6,16.9,11:50,,,,,,2025-05-06 18:50:39.057242,2025-05-06 18:50:39.057242
200437,137,2009-11-08,,,,,,,8,9.4,25,09:22,,,,,,2025-05-06 18:50:39.137967,2025-05-06 18:50:39.137967
200453,137,2009-11-09,,,,,,,6,6.4,14.4,14:10,,,,,,2025-05-06 18:50:39.213302,2025-05-06 18:50:39.213302
202283,137,2010-03-07,,,,,,,16,4.7,10,20:23,,,,,,2025-05-06 18:51:49.794010,2025-05-06 18:51:49.794010
200469,137,2009-11-10,,,,,,,6,5.6,13.9,10:15,,,,,,2025-05-06 18:50:39.287723,2025-05-06 18:50:39.287723
200483,137,2009-11-11,,,,,,,8,3.6,11.9,00:20,,,,,,2025-05-06 18:50:39.363479,2025-05-06 18:50:39.363479
200497,137,2009-11-12,,,,,,,36,3.9,9.4,16:58,,,,,,2025-05-06 18:50:39.438034,2025-05-06 18:50:39.438034
200513,137,2009-11-13,,,,,,,9,2.2,8.1,00:30,,,,,,2025-05-06 18:50:39.519446,2025-05-06 18:50:39.519446
202449,137,2010-03-17,,,,,,,24,1.7,7.5,14:22,,,,,,2025-05-06 18:51:50.689629,2025-05-06 18:51:50.689629
200529,137,2009-11-14,,,,,,,23,1.9,8.1,15:02,,,,,,2025-05-06 18:50:39.594986,2025-05-06 18:50:39.594986
200545,137,2009-11-15,,,,,,,23,0.6,6.1,13:38,,,,,,2025-05-06 18:50:39.676637,2025-05-06 18:50:39.676637
200561,137,2009-11-16,,,,,,,20,1.4,11.7,12:04,,,,,,2025-05-06 18:50:39.758180,2025-05-06 18:50:39.758180
200637,137,2009-11-21,,,,,,,17,1.7,11.1,13:10,,,,,,2025-05-06 18:50:40.135419,2025-05-06 18:50:40.135419
200653,137,2009-11-22,,,,,,,10,3.3,14.7,21:10,,,,,,2025-05-06 18:50:40.204761,2025-05-06 18:50:40.204761
200669,137,2009-11-23,,,,,,,10,10.3,20.8,06:03,,,,,,2025-05-06 18:50:40.286317,2025-05-06 18:50:40.286317
200684,137,2009-11-24,,,,,,,10,0.8,6.1,02:02,,,,,,2025-05-06 18:50:40.372652,2025-05-06 18:50:40.372652
200700,137,2009-11-25,,,,,,,9,0.8,10,23:40,,,,,,2025-05-06 18:50:40.463534,2025-05-06 18:50:40.463534
200716,137,2009-11-26,,,,,,,10,1.1,13.9,02:15,,,,,,2025-05-06 18:50:40.556246,2025-05-06 18:50:40.556246
200732,137,2009-11-27,,,,,,,2,1.9,7.8,19:05,,,,,,2025-05-06 18:50:40.644306,2025-05-06 18:50:40.644306
200745,137,2009-11-28,,,,,,,15,,10,21:50,,,,,,2025-05-06 18:50:40.708525,2025-05-06 18:50:40.708525
200761,137,2009-11-29,,,,,,,2,,11.4,01:55,,,,,,2025-05-06 18:50:40.795891,2025-05-06 18:50:40.795891
200777,137,2009-11-30,,,,,,,0,5.6,,,,,,,,2025-05-06 18:50:40.881901,2025-05-06 18:50:40.881901
200808,137,2009-12-02,,,,,,,12,,11.9,22:28,,,,,,2025-05-06 18:50:41.046430,2025-05-06 18:50:41.046430
200825,137,2009-12-03,,,,,,,7,,5.6,,,,,,,2025-05-06 18:50:41.126421,2025-05-06 18:50:41.126421
200842,137,2009-12-04,,,,,,,0,5.3,,,,,,,,2025-05-06 18:50:41.207000,2025-05-06 18:50:41.207000
200858,137,2009-12-05,,,,,,,10,4.7,20,01:43,,,,,,2025-05-06 18:50:41.292577,2025-05-06 18:50:41.292577
200874,137,2009-12-06,,,,,,,15,4.7,11.9,14:50,,,,,,2025-05-06 18:50:41.367563,2025-05-06 18:50:41.367563
200890,137,2009-12-07,,,,,,,9,3.9,9.4,00:04,,,,,,2025-05-06 18:50:41.450588,2025-05-06 18:50:41.450588
200906,137,2009-12-08,,,,,,,10,4.2,12.5,13:24,,,,,,2025-05-06 18:50:41.538845,2025-05-06 18:50:41.538845
200922,137,2009-12-09,,,,,,,10,1.9,8.1,04:04,,,,,,2025-05-06 18:50:41.625672,2025-05-06 18:50:41.625672
200938,137,2009-12-10,,,,,,,24,1.1,6.1,14:40,,,,,,2025-05-06 18:50:41.708241,2025-05-06 18:50:41.708241
200954,137,2009-12-11,,,,,,,11,1.1,6.7,19:52,,,,,,2025-05-06 18:50:41.792168,2025-05-06 18:50:41.792168
200970,137,2009-12-12,,,,,,,21,5.3,13.1,13:20,,,,,,2025-05-06 18:50:41.861411,2025-05-06 18:50:41.861411
200987,137,2009-12-13,,,,,,,22,2.5,11.1,00:45,,,,,,2025-05-06 18:50:41.927713,2025-05-06 18:50:41.927713
201003,137,2009-12-14,,,,,,,18,1.7,10,03:17,,,,,,2025-05-06 18:50:41.993539,2025-05-06 18:50:41.993539
201019,137,2009-12-15,,,,,,,23,0.6,6.1,10:35,,,,,,2025-05-06 18:50:42.050435,2025-05-06 18:50:42.050435
201049,137,2009-12-17,,,,,,,12,3.1,31.4,20:28,,,,,,2025-05-06 18:50:42.125446,2025-05-06 18:50:42.125446
201066,137,2009-12-18,,,,,,,17,6.7,23.9,02:35,,,,,,2025-05-06 18:50:42.170364,2025-05-06 18:50:42.170364
201083,137,2009-12-19,,,,,,,20,0.6,8.1,01:20,,,,,,2025-05-06 18:50:42.205072,2025-05-06 18:50:42.205072
201099,137,2009-12-20,,,,,,,22,5,19.7,11:50,,,,,,2025-05-06 18:50:42.239717,2025-05-06 18:50:42.239717
201115,137,2009-12-21,,,,,,,18,8.9,30,21:10,,,,,,2025-05-06 18:50:42.273533,2025-05-06 18:50:42.273533
201132,137,2009-12-22,,,,,,,19,6.9,25.3,01:40,,,,,,2025-05-06 18:50:42.311253,2025-05-06 18:50:42.311253
201149,137,2009-12-23,,,,,,,20,9.7,33.1,16:25,,,,,,2025-05-06 18:50:42.348906,2025-05-06 18:50:42.348906
201166,137,2009-12-24,,,,,,,19,8.3,29.7,01:30,,,,,,2025-05-06 18:50:42.388500,2025-05-06 18:50:42.388500
201200,137,2009-12-26,,,,,,,20,2.2,13.6,00:18,,,,,,2025-05-06 18:50:42.467471,2025-05-06 18:50:42.467471
201216,137,2009-12-27,,,,,,,21,2.8,5.6,14:50,,,,,,2025-05-06 18:50:42.504411,2025-05-06 18:50:42.504411
201232,137,2009-12-28,,,,,,,99,1.9,6.1,,,,,,,2025-05-06 18:50:42.541413,2025-05-06 18:50:42.541413
201248,137,2009-12-29,,,,,,,22,3.1,13.1,14:07,,,,,,2025-05-06 18:50:42.614662,2025-05-06 18:50:42.614662
201263,137,2009-12-30,,,,,,,99,3.1,8.1,,,,,,,2025-05-06 18:50:42.656125,2025-05-06 18:50:42.656125
201278,137,2009-12-31,,,,,,,10,1.9,10,23:50,,,,,,2025-05-06 18:50:42.699171,2025-05-06 18:50:42.699171
201294,137,2010-01-01,,,,,,,9,3.6,10,01:00,,,,,,2025-05-06 18:50:42.760875,2025-05-06 18:50:42.760875
201310,137,2010-01-02,,,,,,,22,1.7,8.1,13:40,,,,,,2025-05-06 18:50:42.821636,2025-05-06 18:50:42.821636
201326,137,2010-01-03,,,,,,,18,3.1,13.9,20:45,,,,,,2025-05-06 18:50:42.890542,2025-05-06 18:50:42.890542
201342,137,2010-01-04,,,,,,,17,1.4,8.1,14:44,,,,,,2025-05-06 18:50:42.957385,2025-05-06 18:50:42.957385
201358,137,2010-01-05,,,,,,,99,2.2,6.9,,,,,,,2025-05-06 18:50:43.027363,2025-05-06 18:50:43.027363
201374,137,2010-01-06,,,,,,,22,1.9,8.3,16:57,,,,,,2025-05-06 18:50:43.107433,2025-05-06 18:50:43.107433
201390,137,2010-01-07,,,,,,,21,2.8,9.7,09:58,,,,,,2025-05-06 18:50:43.191736,2025-05-06 18:50:43.191736
201422,137,2010-01-09,,,,,,,99,2.5,6.9,,,,,,,2025-05-06 18:50:43.333634,2025-05-06 18:50:43.333634
201438,137,2010-01-10,,,,,,,9,4.2,8.1,21:22,,,,,,2025-05-06 18:50:43.411832,2025-05-06 18:50:43.411832
201453,137,2010-01-11,,,,,,,10,3.3,11.4,04:07,,,,,,2025-05-06 18:50:43.489488,2025-05-06 18:50:43.489488
202618,137,2010-03-27,,,,,,,0,10.8,,,,,,,,2025-05-06 18:51:51.555032,2025-05-06 18:51:51.555032
201468,137,2010-01-12,,,,,,,12,0.6,6.7,20:50,,,,,,2025-05-06 18:50:43.565035,2025-05-06 18:50:43.565035
201484,137,2010-01-13,,,,,,,14,1.9,7.2,16:50,,,,,,2025-05-06 18:50:43.649076,2025-05-06 18:50:43.649076
201500,137,2010-01-14,,,,,,,12,2.5,10.8,08:30,,,,,,2025-05-06 18:50:43.732866,2025-05-06 18:50:43.732866
201516,137,2010-01-15,,,,,,,9,1.1,10,04:53,,,,,,2025-05-06 18:50:43.817069,2025-05-06 18:50:43.817069
201532,137,2010-01-16,,,,,,,24,0.3,4.4,14:57,,,,,,2025-05-06 18:50:43.893620,2025-05-06 18:50:43.893620
201548,137,2010-01-17,,,,,,,99,0,8.9,13:30,,,,,,2025-05-06 18:50:43.973470,2025-05-06 18:50:43.973470
201563,137,2010-01-18,,,,,,,13,1.4,6.7,19:10,,,,,,2025-05-06 18:50:44.043173,2025-05-06 18:50:44.043173
201578,137,2010-01-19,,,,,,,15,3.1,10.3,13:22,,,,,,2025-05-06 18:50:44.117216,2025-05-06 18:50:44.117216
201593,137,2010-01-20,,,,,,,10,4.2,17.2,06:15,,,,,,2025-05-06 18:50:44.196662,2025-05-06 18:50:44.196662
201608,137,2010-01-21,,,,,,,18,2.5,6.9,14:23,,,,,,2025-05-06 18:50:44.275024,2025-05-06 18:50:44.275024
201623,137,2010-01-22,,,,,,,9,3.6,8.1,,,,,,,2025-05-06 18:50:44.355902,2025-05-06 18:50:44.355902
201639,137,2010-01-23,,,,,,,13,5,14.2,21:00,,,,,,2025-05-06 18:50:44.439710,2025-05-06 18:50:44.439710
201655,137,2010-01-24,,,,,,,12,5.8,15,10:43,,,,,,2025-05-06 18:50:44.522130,2025-05-06 18:50:44.522130
201671,137,2010-01-25,,,,,,,99,4.7,13.1,,,,,,,2025-05-06 18:50:44.592559,2025-05-06 18:50:44.592559
201687,137,2010-01-26,,,,,,,17,3.9,10.3,23:40,,,,,,2025-05-06 18:50:44.665508,2025-05-06 18:50:44.665508
201703,137,2010-01-27,,,,,,,17,3.9,10.6,05:00,,,,,,2025-05-06 18:50:44.734798,2025-05-06 18:50:44.734798
201719,137,2010-01-28,,,,,,,9,2.8,10.3,23:37,,,,,,2025-05-06 18:50:44.806471,2025-05-06 18:50:44.806471
201735,137,2010-01-29,,,,,,,9,2.8,11.9,00:37,,,,,,2025-05-06 18:50:44.885975,2025-05-06 18:50:44.885975
201751,137,2010-01-30,,,,,,,24,0.6,6.4,13:02,,,,,,2025-05-06 18:50:44.967350,2025-05-06 18:50:44.967350
201767,137,2010-01-31,,,,,,,21,5.8,18.1,11:45,,,,,,2025-05-06 18:50:45.048251,2025-05-06 18:50:45.048251
201782,137,2010-02-01,,,,,,,19,1.7,13.9,23:38,,,,,,2025-05-06 18:50:45.114629,2025-05-06 18:50:45.114629
201797,137,2010-02-02,,,,,,,0,6.9,,,,,,,,2025-05-06 18:50:45.179973,2025-05-06 18:50:45.179973
201812,137,2010-02-03,,,,,,,25,1.9,10,01:23,,,,,,2025-05-06 18:50:45.251635,2025-05-06 18:50:45.251635
201828,137,2010-02-04,,,,,,,18,3.6,8.1,,,,,,,2025-05-06 18:50:45.319168,2025-05-06 18:50:45.319168
201843,137,2010-02-05,,,,,,,99,1.1,6.1,,,,,,,2025-05-06 18:50:45.390680,2025-05-06 18:50:45.390680
201858,137,2010-02-06,,,,,,,13,0.6,6.1,22:20,,,,,,2025-05-06 18:50:45.467870,2025-05-06 18:50:45.467870
201873,137,2010-02-07,,,,,,,15,3.1,8.6,22:42,,,,,,2025-05-06 18:50:45.544177,2025-05-06 18:50:45.544177
201888,137,2010-02-08,,,,,,,17,1.9,8.1,16:10,,,,,,2025-05-06 18:50:45.624336,2025-05-06 18:50:45.624336
201903,137,2010-02-09,,,,,,,17,3.9,9.2,13:52,,,,,,2025-05-06 18:50:45.691472,2025-05-06 18:50:45.691472
201918,137,2010-02-10,,,,,,,19,4.7,10.3,16:10,,,,,,2025-05-06 18:50:45.756990,2025-05-06 18:50:45.756990
201933,137,2010-02-11,,,,,,,19,4.7,8.6,12:10,,,,,,2025-05-06 18:50:45.824954,2025-05-06 18:50:45.824954
201948,137,2010-02-12,,,,,,,23,1.4,6.4,15:22,,,,,,2025-05-06 18:50:45.895910,2025-05-06 18:50:45.895910
201963,137,2010-02-13,,,,,,,24,3.1,6.9,14:30,,,,,,2025-05-06 18:50:45.973414,2025-05-06 18:50:45.973414
201978,137,2010-02-14,,,,,,,22,8.1,13.3,11:42,,,,,,2025-05-06 18:50:46.054012,2025-05-06 18:50:46.054012
201993,137,2010-02-15,,,,,,,17,4.4,20,23:55,,,,,,2025-05-06 18:50:46.129723,2025-05-06 18:50:46.129723
202008,137,2010-02-16,,,,,,,21,8.9,35,07:58,,,,,,2025-05-06 18:50:46.207619,2025-05-06 18:50:46.207619
202731,137,2010-04-03,19.5,,15,,24,16:00,13,6.1,11.9,15:40,75,,,,,2025-05-06 18:51:52.124981,2025-05-06 18:51:52.124981
202022,137,2010-02-17,,,,,,,23,6.4,36.1,17:18,,,,,,2025-05-06 18:50:46.272522,2025-05-06 18:50:46.272522
202036,137,2010-02-18,,,,,,,22,9.7,33.9,01:30,,,,,,2025-05-06 18:50:46.340778,2025-05-06 18:50:46.340778
202050,137,2010-02-19,,,,,,,18,2.2,6.1,15:10,,,,,,2025-05-06 18:50:46.407489,2025-05-06 18:50:46.407489
202078,137,2010-02-21,,,,,,,24,5,13.1,,,,,,,2025-05-06 18:50:46.533561,2025-05-06 18:50:46.533561
202091,137,2010-02-22,,,,,,,18,1.9,8.9,17:00,,,,,,2025-05-06 18:50:46.590666,2025-05-06 18:50:46.590666
202105,137,2010-02-23,,,,,,,26,1.7,6.9,02:35,,,,,,2025-05-06 18:50:46.654012,2025-05-06 18:50:46.654012
202119,137,2010-02-24,,,,,,,24,1.4,5.6,12:58,,,,,,2025-05-06 18:50:46.718349,2025-05-06 18:50:46.718349
202134,137,2010-02-25,,,,,,,22,0.6,21.1,22:33,,,,,,2025-05-06 18:50:46.795676,2025-05-06 18:50:46.795676
202149,137,2010-02-26,,,,,,,24,6.9,38.9,02:35,,,,,,2025-05-06 18:50:46.879181,2025-05-06 18:50:46.879181
202164,137,2010-02-27,,,,,,,12,3.6,11.9,23:55,,,,,,2025-05-06 18:50:46.952708,2025-05-06 18:50:46.952708
202179,137,2010-02-28,,,,,,,21,3.3,15.6,19:24,,,,,,2025-05-06 18:50:47.021026,2025-05-06 18:50:47.021026
202194,137,2010-03-01,,,,,,,21,3.9,21.9,02:04,,,,,,2025-05-06 18:50:47.090806,2025-05-06 18:50:47.090806
202208,137,2010-03-02,,,,,,,88,4.4,8.3,12:22,,,,,,2025-05-06 18:50:47.158595,2025-05-06 18:50:47.158595
202223,137,2010-03-03,,,,,,,23,2.5,8.3,16:15,,,,,,2025-05-06 18:50:47.234550,2025-05-06 18:50:47.234550
202238,137,2010-03-04,,,,,,,21,6.4,23.1,10:07,,,,,,2025-05-06 18:50:47.304974,2025-05-06 18:50:47.304974
202253,137,2010-03-05,,,,,,,19,3.6,8.1,12:15,,,,,,2025-05-06 18:50:47.376638,2025-05-06 18:50:47.376638
202268,137,2010-03-06,,,,,,,99,3.6,6.4,,,,,,,2025-05-06 18:51:49.689771,2025-05-06 18:51:49.689771
202299,137,2010-03-08,,,,,,,16,3.1,10,09:00,,,,,,2025-05-06 18:51:49.887509,2025-05-06 18:51:49.887509
202315,137,2010-03-09,,,,,,,24,3.1,8.1,14:00,,,,,,2025-05-06 18:51:49.973770,2025-05-06 18:51:49.973770
202331,137,2010-03-10,,,,,,,25,3.1,9.2,13:38,,,,,,2025-05-06 18:51:50.070808,2025-05-06 18:51:50.070808
202347,137,2010-03-11,,,,,,,13,3.6,6.1,20:03,,,,,,2025-05-06 18:51:50.152919,2025-05-06 18:51:50.152919
202364,137,2010-03-12,,,,,,,99,2.8,3.6,,,,,,,2025-05-06 18:51:50.230292,2025-05-06 18:51:50.230292
202381,137,2010-03-13,,,,,,,10,9.2,21.9,17:43,,,,,,2025-05-06 18:51:50.330751,2025-05-06 18:51:50.330751
202398,137,2010-03-14,,,,,,,10,4.7,23.1,02:05,,,,,,2025-05-06 18:51:50.434092,2025-05-06 18:51:50.434092
202415,137,2010-03-15,,,,,,,19,3.6,10.6,13:03,,,,,,2025-05-06 18:51:50.520357,2025-05-06 18:51:50.520357
202432,137,2010-03-16,,,,,,,99,4.7,10,,,,,,,2025-05-06 18:51:50.603665,2025-05-06 18:51:50.603665
202466,137,2010-03-18,,,,,,,21,2.5,18.3,13:30,,,,,,2025-05-06 18:51:50.767068,2025-05-06 18:51:50.767068
202483,137,2010-03-19,,,,,,,18,1.7,10,08:12,,,,,,2025-05-06 18:51:50.863113,2025-05-06 18:51:50.863113
202500,137,2010-03-20,,,,,,,3,4.4,10.6,08:15,,,,,,2025-05-06 18:51:50.959723,2025-05-06 18:51:50.959723
202517,137,2010-03-21,,,,,,,15,5.3,16.9,18:05,,,,,,2025-05-06 18:51:51.048676,2025-05-06 18:51:51.048676
202534,137,2010-03-22,,,,,,,13,7.2,23.1,04:15,,,,,,2025-05-06 18:51:51.143393,2025-05-06 18:51:51.143393
202551,137,2010-03-23,,,,,,,7,3.6,12.5,00:30,,,,,,2025-05-06 18:51:51.227853,2025-05-06 18:51:51.227853
202567,137,2010-03-24,,,,,,,88,4.4,10.6,16:07,,,,,,2025-05-06 18:51:51.316498,2025-05-06 18:51:51.316498
202584,137,2010-03-25,,,,,,,15,5,13.1,23:45,,,,,,2025-05-06 18:51:51.399838,2025-05-06 18:51:51.399838
202601,137,2010-03-26,,,,,,,0,10.8,,,,,,,,2025-05-06 18:51:51.482378,2025-05-06 18:51:51.482378
202667,137,2010-03-30,,,,,,,12,8.1,23.9,,,,,,,2025-05-06 18:51:51.807377,2025-05-06 18:51:51.807377
202683,137,2010-03-31,,,,,,,11,11.7,21.9,00:15,,,,,,2025-05-06 18:51:51.886997,2025-05-06 18:51:51.886997
202699,137,2010-04-01,17.5,,13,06:00,22,14:00,11,13.3,18.9,,75,,,,,2025-05-06 18:51:51.960025,2025-05-06 18:51:51.960025
202715,137,2010-04-02,18.5,,14,06:00,23,15:00,12,11.1,21.4,,72,,,,,2025-05-06 18:51:52.039445,2025-05-06 18:51:52.039445
202747,137,2010-04-04,20,,15,05:00,25,15:00,15,5.6,18.9,,76,,,,,2025-05-06 18:51:52.209132,2025-05-06 18:51:52.209132
202764,137,2010-04-05,19.5,,15,,24,16:00,10,5.6,13.6,13:35,75,,,,,2025-05-06 18:51:52.301754,2025-05-06 18:51:52.301754
202781,137,2010-04-06,18.5,,14,,23,15:00,16,6.9,15,18:10,74,,,,,2025-05-06 18:51:52.397263,2025-05-06 18:51:52.397263
202797,137,2010-04-07,18.5,,14,04:00,23,14:00,12,10.8,18.9,15:30,75,,,,,2025-05-06 18:51:52.490099,2025-05-06 18:51:52.490099
202813,137,2010-04-08,19,,14,06:00,24,14:00,11,6.9,14.4,00:30,75,,,,,2025-05-06 18:51:52.572109,2025-05-06 18:51:52.572109
202830,137,2010-04-09,20,,15,06:00,25,14:00,19,5,9.4,16:20,74,,,,,2025-05-06 18:51:52.659509,2025-05-06 18:51:52.659509
203116,137,2010-04-26,20,,15,,25,14:00,19,8.3,13.1,13:35,72,,,,,2025-05-06 18:51:54.110182,2025-05-06 18:51:54.110182
202847,137,2010-04-10,21,,16,,26,15:00,17,2.5,8.9,04:15,76,,,,,2025-05-06 18:51:52.748983,2025-05-06 18:51:52.748983
202864,137,2010-04-11,19.5,,15,06:00,24,14:00,23,3.6,8.1,15:50,75,,,,,2025-05-06 18:51:52.845677,2025-05-06 18:51:52.845677
202881,137,2010-04-12,20.5,,16,,25,14:00,23,5,11.9,16:45,76,,,,,2025-05-06 18:51:52.929465,2025-05-06 18:51:52.929465
202898,137,2010-04-13,19.5,,15,06:00,24,15:00,23,7.2,20.6,15:55,75,,,,,2025-05-06 18:51:53.008160,2025-05-06 18:51:53.008160
202914,137,2010-04-14,20.5,,16,,25,14:00,15,10,24.4,16:25,74,,,,,2025-05-06 18:51:53.083923,2025-05-06 18:51:53.083923
202930,137,2010-04-15,19.5,,15,,24,15:00,15,11.1,25.6,17:25,78,,,,,2025-05-06 18:51:53.165453,2025-05-06 18:51:53.165453
202947,137,2010-04-16,18.5,,14,06:00,23,16:00,20,8.6,18.9,05:35,78,,,,,2025-05-06 18:51:53.255388,2025-05-06 18:51:53.255388
202964,137,2010-04-17,19.5,,15,06:00,24,16:00,24,5.6,11.9,16:25,77,,,,,2025-05-06 18:51:53.354970,2025-05-06 18:51:53.354970
202981,137,2010-04-18,18.5,,14,06:00,23,15:00,17,3.6,8.6,,78,,,,,2025-05-06 18:51:53.448123,2025-05-06 18:51:53.448123
202998,137,2010-04-19,18.5,,13,04:00,24,16:00,9,2.8,7.5,16:30,78,,,,,2025-05-06 18:51:53.533693,2025-05-06 18:51:53.533693
203015,137,2010-04-20,19,,14,06:00,24,15:00,24,6.4,18.9,10:50,77,,,,,2025-05-06 18:51:53.622926,2025-05-06 18:51:53.622926
203032,137,2010-04-21,18.5,,14,06:00,23,14:00,16,4.4,10.6,14:05,77,,,,,2025-05-06 18:51:53.716303,2025-05-06 18:51:53.716303
203049,137,2010-04-22,19.5,,15,06:00,24,14:00,17,4.2,6.9,,74,,,,,2025-05-06 18:51:53.792027,2025-05-06 18:51:53.792027
203066,137,2010-04-23,20,,16,,24,15:00,19,3.1,10,12:50,76,,,,,2025-05-06 18:51:53.870572,2025-05-06 18:51:53.870572
203083,137,2010-04-24,20,,15,06:00,25,16:00,17,5.3,11.9,22:30,73,,,,,2025-05-06 18:51:53.946615,2025-05-06 18:51:53.946615
203100,137,2010-04-25,19,,14,04:00,24,15:00,14,6.7,16.1,21:25,73,,,,,2025-05-06 18:51:54.032133,2025-05-06 18:51:54.032133
203132,137,2010-04-27,19,,14,,24,14:00,14,6.4,19.4,12:00,76,,,,,2025-05-06 18:51:54.193413,2025-05-06 18:51:54.193413
203149,137,2010-04-28,18.5,,14,06:00,23,15:00,20,6.9,15,15:00,72,,,,,2025-05-06 18:51:54.277006,2025-05-06 18:51:54.277006
203166,137,2010-04-29,19,,14,06:00,24,16:00,88,8.3,16.9,,75,,,,,2025-05-06 18:51:54.358983,2025-05-06 18:51:54.358983
203183,137,2010-04-30,20,,15,06:00,25,14:00,14,10.6,21.9,13:40,76,,,,,2025-05-06 18:51:54.435077,2025-05-06 18:51:54.435077
203200,137,2010-05-01,19,0,14,06:00,24,14:00,13,10.3,22.8,07:50,74,,,,,2025-05-06 18:51:54.519344,2025-05-06 18:51:54.519344
203217,137,2010-05-02,18.5,0,14,06:00,23,15:00,17,6.9,14.4,06:50,73,,,,,2025-05-06 18:51:54.606745,2025-05-06 18:51:54.606745
203234,137,2010-05-03,19.5,0,15,06:00,24,16:00,20,5.8,16.1,13:10,74,,,,,2025-05-06 18:51:54.695523,2025-05-06 18:51:54.695523
203251,137,2010-05-04,19.5,0,15,,24,15:00,17,8.1,17.2,23:50,78,,,,,2025-05-06 18:51:54.787012,2025-05-06 18:51:54.787012
203268,137,2010-05-05,19,0,15,,23,16:00,15,7.8,15.6,00:45,78,,,,,2025-05-06 18:51:54.879231,2025-05-06 18:51:54.879231
203285,137,2010-05-06,19,0,14,04:00,24,15:00,21,4.4,10.6,14:25,73,,,,,2025-05-06 18:51:54.963738,2025-05-06 18:51:54.963738
203302,137,2010-05-07,20,0,16,,24,15:00,20,5.3,10.6,12:55,74,,,,,2025-05-06 18:51:55.044167,2025-05-06 18:51:55.044167
203319,137,2010-05-08,19,0,14,06:00,24,14:00,22,3.9,13.9,12:10,75,,,,,2025-05-06 18:51:55.119132,2025-05-06 18:51:55.119132
203336,137,2010-05-09,19,0,15,,23,15:00,22,3.1,8.1,08:25,72,,,,,2025-05-06 18:51:55.195200,2025-05-06 18:51:55.195200
203353,137,2010-05-10,18.5,0,14,04:00,23,,26,4.2,9.4,12:55,78,,,,,2025-05-06 18:51:55.272977,2025-05-06 18:51:55.272977
203370,137,2010-05-11,18,0,14,06:00,22,14:00,18,2.8,7.5,17:50,77,,,,,2025-05-06 18:51:55.351630,2025-05-06 18:51:55.351630
203387,137,2010-05-12,19,0,15,,23,14:00,15,3.6,8.6,07:05,75,,,,,2025-05-06 18:51:55.426346,2025-05-06 18:51:55.426346
203404,137,2010-05-13,18,0,14,,22,14:00,21,4.7,11.1,20:15,75,,,,,2025-05-06 18:51:55.497368,2025-05-06 18:51:55.497368
203420,137,2010-05-14,19.5,0,15,06:00,24,14:00,13,6.4,16.4,16:25,70,,,,,2025-05-06 18:51:55.561140,2025-05-06 18:51:55.561140
203437,137,2010-05-15,20.5,0,16,06:00,25,15:00,19,6.1,13.6,13:25,72,,,,,2025-05-06 18:51:55.634225,2025-05-06 18:51:55.634225
203454,137,2010-05-16,20.5,0,15,06:00,26,15:00,21,6.4,13.9,04:50,74,,,,,2025-05-06 18:51:55.701858,2025-05-06 18:51:55.701858
203471,137,2010-05-17,20,0,15,06:00,25,16:00,14,4.7,11.4,02:30,77,,,,,2025-05-06 18:51:55.772666,2025-05-06 18:51:55.772666
203488,137,2010-05-18,20.5,0,16,,25,15:00,19,5.8,11.4,13:45,73,,,,,2025-05-06 18:51:55.854304,2025-05-06 18:51:55.854304
203505,137,2010-05-19,20.5,0,15,06:00,26,14:00,19,5.6,10.6,14:30,75,,,,,2025-05-06 18:51:55.940473,2025-05-06 18:51:55.940473
203522,137,2010-05-20,19.5,0,14,05:00,25,14:00,19,6.4,21.1,11:55,76,,,,,2025-05-06 18:51:56.028119,2025-05-06 18:51:56.028119
203539,137,2010-05-21,20,0,15,,25,14:00,21,2.8,8.6,14:50,73,,,,,2025-05-06 18:51:56.113824,2025-05-06 18:51:56.113824
203556,137,2010-05-22,20.5,0,15,04:00,26,15:00,10,5,11.4,13:50,75,,,,,2025-05-06 18:51:56.197003,2025-05-06 18:51:56.197003
203573,137,2010-05-23,21.5,0,16,,27,16:00,19,5,8.9,,68,,,,,2025-05-06 18:51:56.282928,2025-05-06 18:51:56.282928
203590,137,2010-05-24,22,0,16,05:00,28,15:00,19,6.9,17.5,,70,,,,,2025-05-06 18:51:56.373187,2025-05-06 18:51:56.373187
203607,137,2010-05-25,22,0,17,,27,14:00,11,8.6,17.5,06:55,75,,,,,2025-05-06 18:51:56.449241,2025-05-06 18:51:56.449241
203622,137,2010-05-26,20.5,0,15,06:00,26,14:00,11,3.9,13.1,00:50,77,,,,,2025-05-06 18:51:56.520114,2025-05-06 18:51:56.520114
203639,137,2010-05-27,21,0,15,,27,14:00,0,4.7,,,75,,,,,2025-05-06 18:51:56.597108,2025-05-06 18:51:56.597108
203656,137,2010-05-28,21.5,0,15,06:00,28,15:00,0,5.3,,,72,,,,,2025-05-06 18:51:56.674376,2025-05-06 18:51:56.674376
203673,137,2010-05-29,21,0,16,,26,14:00,13,8.1,16.1,,77,,,,,2025-05-06 18:51:56.752556,2025-05-06 18:51:56.752556
203690,137,2010-05-30,20.5,0,15,04:00,26,15:00,14,9.2,20,10:50,75,,,,,2025-05-06 18:51:56.826213,2025-05-06 18:51:56.826213
203707,137,2010-05-31,21.5,,16,,27,16:00,20,6.9,16.4,,75,,,,,2025-05-06 18:51:56.901746,2025-05-06 18:51:56.901746
203993,137,2010-06-17,20,,15,06:00,25,14:00,16,5,9.4,11:15,77,,,,,2025-05-06 18:51:58.332490,2025-05-06 18:51:58.332490
203724,137,2010-06-01,28,,19,02:00,37,15:00,14,2.2,18.1,23:55,45,,,,,2025-05-06 18:51:56.981350,2025-05-06 18:51:56.981350
203740,137,2010-06-02,31.5,,25,,38,14:00,13,0,18.6,00:30,39,,,,,2025-05-06 18:51:57.058598,2025-05-06 18:51:57.058598
203756,137,2010-06-03,27,,22,23:00,32,15:00,14,0,3.9,05:55,58,,,,,2025-05-06 18:51:57.138973,2025-05-06 18:51:57.138973
203772,137,2010-06-04,26,,20,,32,16:00,11,0,8.9,19:10,60,,,,,2025-05-06 18:51:57.215879,2025-05-06 18:51:57.215879
203789,137,2010-06-05,23,,17,23:00,29,15:00,15,5.6,13.9,20:15,70,,,,,2025-05-06 18:51:57.294560,2025-05-06 18:51:57.294560
203806,137,2010-06-06,21,,15,02:00,27,15:00,19,6.9,18.1,13:50,75,,,,,2025-05-06 18:51:57.380605,2025-05-06 18:51:57.380605
203823,137,2010-06-07,20.5,,15,06:00,26,15:00,19,6.1,13.9,14:15,74,,,,,2025-05-06 18:51:57.463507,2025-05-06 18:51:57.463507
203840,137,2010-06-08,20,,15,,25,15:00,17,6.4,14.4,14:40,76,,,,,2025-05-06 18:51:57.547276,2025-05-06 18:51:57.547276
203857,137,2010-06-09,21,,16,,26,16:00,17,3.6,9.4,13:10,75,,,,,2025-05-06 18:51:57.633021,2025-05-06 18:51:57.633021
203874,137,2010-06-10,21.5,,16,04:00,27,15:00,11,2.2,6.9,22:00,74,,,,,2025-05-06 18:51:57.711797,2025-05-06 18:51:57.711797
203891,137,2010-06-11,21,,16,,26,14:00,88,6.7,15,21:25,75,,,,,2025-05-06 18:51:57.802314,2025-05-06 18:51:57.802314
203908,137,2010-06-12,21.5,,16,06:00,27,15:00,16,6.1,11.4,17:20,74,,,,,2025-05-06 18:51:57.888946,2025-05-06 18:51:57.888946
203925,137,2010-06-13,21.5,,17,,26,14:00,20,6.1,9.4,14:35,77,,,,,2025-05-06 18:51:57.977345,2025-05-06 18:51:57.977345
203942,137,2010-06-14,20.5,,15,06:00,26,14:00,19,5.3,11.1,01:55,71,,,,,2025-05-06 18:51:58.069461,2025-05-06 18:51:58.069461
203959,137,2010-06-15,21.5,,16,,27,15:00,14,4.4,9.4,00:25,74,,,,,2025-05-06 18:51:58.156324,2025-05-06 18:51:58.156324
203976,137,2010-06-16,21,,16,04:00,26,14:00,14,3.9,8.1,11:05,69,,,,,2025-05-06 18:51:58.251625,2025-05-06 18:51:58.251625
204010,137,2010-06-18,19,,15,,23,15:00,16,7.5,17.5,14:10,78,,,,,2025-05-06 18:51:58.410725,2025-05-06 18:51:58.410725
204027,137,2010-06-19,19.5,,15,,24,15:00,10,7.2,18.1,04:20,76,,,,,2025-05-06 18:51:58.495261,2025-05-06 18:51:58.495261
204044,137,2010-06-20,19,,15,,23,14:00,19,6.4,15.6,15:10,77,,,,,2025-05-06 18:51:58.580669,2025-05-06 18:51:58.580669
204060,137,2010-06-21,20,,16,,24,14:00,15,5.3,12.5,08:15,77,,,,,2025-05-06 18:51:58.660227,2025-05-06 18:51:58.660227
204077,137,2010-06-22,20.5,,16,02:00,25,15:00,17,6.1,12.5,17:25,73,,,,,2025-05-06 18:51:58.742683,2025-05-06 18:51:58.742683
204094,137,2010-06-23,19.5,,15,04:00,24,14:00,12,5.8,11.9,03:30,76,,,,,2025-05-06 18:51:58.819879,2025-05-06 18:51:58.819879
204111,137,2010-06-24,20,,16,05:00,24,16:00,19,7.2,13.9,14:55,74,,,,,2025-05-06 18:51:58.902579,2025-05-06 18:51:58.902579
204128,137,2010-06-25,21,,17,,25,16:00,19,6.7,11.9,16:10,75,,,,,2025-05-06 18:51:58.991636,2025-05-06 18:51:58.991636
204145,137,2010-06-26,20.5,,16,,25,15:00,18,5,11.1,17:35,74,,,,,2025-05-06 18:51:59.073979,2025-05-06 18:51:59.073979
204162,137,2010-06-27,20.5,,15,06:00,26,15:00,17,5,12.5,14:20,73,,,,,2025-05-06 18:51:59.156587,2025-05-06 18:51:59.156587
204179,137,2010-06-28,20.5,,16,04:00,25,16:00,10,5.6,13.1,13:05,73,,,,,2025-05-06 18:51:59.236233,2025-05-06 18:51:59.236233
204196,137,2010-06-29,19.5,,15,06:00,24,15:00,15,6.1,16.1,,73,,,,,2025-05-06 18:51:59.316929,2025-05-06 18:51:59.316929
204213,137,2010-06-30,19.5,,15,,24,15:00,21,5.3,13.9,11:20,75,,,,,2025-05-06 18:51:59.393891,2025-05-06 18:51:59.393891
204230,137,2010-07-01,,,,,,,18,5,13.1,18:02,,,,,,2025-05-06 18:51:59.467261,2025-05-06 18:51:59.467261
204247,137,2010-07-02,,,,,,,14,4.2,10.8,17:37,,,,,,2025-05-06 18:51:59.541117,2025-05-06 18:51:59.541117
204264,137,2010-07-03,,,,,,,19,4.2,13.1,13:23,,,,,,2025-05-06 18:51:59.611186,2025-05-06 18:51:59.611186
204281,137,2010-07-04,,,,,,,19,5.3,11.9,13:42,,,,,,2025-05-06 18:51:59.693952,2025-05-06 18:51:59.693952
204297,137,2010-07-05,,,,,,,21,5,11.1,12:52,,,,,,2025-05-06 18:51:59.775665,2025-05-06 18:51:59.775665
204313,137,2010-07-06,,,,,,,11,3.6,10,03:30,,,,,,2025-05-06 18:51:59.846098,2025-05-06 18:51:59.846098
204330,137,2010-07-07,,,,,,,20,6.9,14.7,17:19,,,,,,2025-05-06 18:51:59.929050,2025-05-06 18:51:59.929050
204347,137,2010-07-08,,,,,,,99,5.8,16.9,,,,,,,2025-05-06 18:52:00.016427,2025-05-06 18:52:00.016427
204364,137,2010-07-09,,,,,,,11,5.6,16.9,00:58,,,,,,2025-05-06 18:52:00.096953,2025-05-06 18:52:00.096953
204381,137,2010-07-10,,,,,,,11,4.7,20.8,22:57,,,,,,2025-05-06 18:52:00.173951,2025-05-06 18:52:00.173951
204439,137,2010-07-14,,,,,,,19,4.4,11.9,09:24,,,,,,2025-05-06 18:52:00.454032,2025-05-06 18:52:00.454032
204455,137,2010-07-15,,,,,,,8,5.6,6.9,00:30,,,,,,2025-05-06 18:52:00.531301,2025-05-06 18:52:00.531301
204472,137,2010-07-16,,,,,,,99,5,10,,,,,,,2025-05-06 18:52:00.616243,2025-05-06 18:52:00.616243
204488,137,2010-07-17,,,,,,,7,5.6,23.1,23:50,,,,,,2025-05-06 18:52:00.698257,2025-05-06 18:52:00.698257
206685,137,2010-11-30,,,,,,,17,4.7,36.1,05:05,,,,,,2025-05-06 18:53:13.515030,2025-05-06 18:53:13.515030
204521,137,2010-07-19,,,,,,,0,5.3,,,,,,,,2025-05-06 18:52:00.852644,2025-05-06 18:52:00.852644
204538,137,2010-07-20,,,,,,,0,2.5,,,,,,,,2025-05-06 18:52:00.933844,2025-05-06 18:52:00.933844
207071,137,2010-12-23,,,,,,,15,3.1,8.9,12:35,,,,,,2025-05-06 18:53:15.507302,2025-05-06 18:53:15.507302
204555,137,2010-07-21,,,,,,,3,3.6,23.1,16:27,,,,,,2025-05-06 18:52:01.012805,2025-05-06 18:52:01.012805
204572,137,2010-07-22,,,,,,,13,5,23.9,13:30,,,,,,2025-05-06 18:52:01.092419,2025-05-06 18:52:01.092419
204589,137,2010-07-23,,,,,,,4,5.3,21.9,10:40,,,,,,2025-05-06 18:52:01.179597,2025-05-06 18:52:01.179597
204605,137,2010-07-24,,,,,,,0,4.7,,,,,,,,2025-05-06 18:52:01.255860,2025-05-06 18:52:01.255860
204652,137,2010-07-27,,,,,,,36,6.1,13.1,13:20,,,,,,2025-05-06 18:52:01.485549,2025-05-06 18:52:01.485549
204669,137,2010-07-28,,,,,,,36,6.1,13.1,10:30,,,,,,2025-05-06 18:52:01.567623,2025-05-06 18:52:01.567623
204686,137,2010-07-29,,,,,,,0,4.2,,,,,,,,2025-05-06 18:52:01.653048,2025-05-06 18:52:01.653048
204702,137,2010-07-30,,,,,,,0,2.2,,,,,,,,2025-05-06 18:52:01.735108,2025-05-06 18:52:01.735108
204718,137,2010-07-31,,,,,,,1,3.3,13.1,20:23,,,,,,2025-05-06 18:52:01.819616,2025-05-06 18:52:01.819616
204734,137,2010-08-01,,,,,,,36,6.1,15,12:53,,,,,,2025-05-06 18:52:01.909734,2025-05-06 18:52:01.909734
204750,137,2010-08-02,,,,,,,2,6.4,17.5,18:58,,,,,,2025-05-06 18:52:01.981186,2025-05-06 18:52:01.981186
204798,137,2010-08-05,,,,,,,99,3.6,13.6,,,,,,,2025-05-06 18:52:02.213147,2025-05-06 18:52:02.213147
204815,137,2010-08-06,,,,,,,8,4.4,9.2,00:30,,,,,,2025-05-06 18:52:02.297671,2025-05-06 18:52:02.297671
204832,137,2010-08-07,,,,,,,6,5.3,16.9,,,,,,,2025-05-06 18:52:02.383620,2025-05-06 18:52:02.383620
204849,137,2010-08-08,,,,,,,5,5.3,22.2,15:50,,,,,,2025-05-06 18:52:02.463350,2025-05-06 18:52:02.463350
206264,137,2010-11-05,,,,,,,9,2.5,10.8,23:55,,,,,,2025-05-06 18:53:11.497345,2025-05-06 18:53:11.497345
206281,137,2010-11-06,,,,,,,9,1.7,8.6,,,,,,,2025-05-06 18:53:11.574506,2025-05-06 18:53:11.574506
206298,137,2010-11-07,,,,,,,15,4.7,11.1,11:20,,,,,,2025-05-06 18:53:11.663627,2025-05-06 18:53:11.663627
206315,137,2010-11-08,,,,,,,12,6.1,11.9,08:05,,,,,,2025-05-06 18:53:11.757795,2025-05-06 18:53:11.757795
206332,137,2010-11-09,,,,,,,9,4.2,8.9,04:05,,,,,,2025-05-06 18:53:11.835200,2025-05-06 18:53:11.835200
206349,137,2010-11-10,,,,,,,17,1.9,6.9,,,,,,,2025-05-06 18:53:11.923335,2025-05-06 18:53:11.923335
206366,137,2010-11-11,,,,,,,17,4.4,9.4,16:10,,,,,,2025-05-06 18:53:12.012732,2025-05-06 18:53:12.012732
206383,137,2010-11-12,,,,,,,9,4.4,13.1,19:35,,,,,,2025-05-06 18:53:12.093943,2025-05-06 18:53:12.093943
206400,137,2010-11-13,,,,,,,9,3.3,9.4,09:50,,,,,,2025-05-06 18:53:12.170321,2025-05-06 18:53:12.170321
206417,137,2010-11-14,,,,,,,9,5,11.1,20:30,,,,,,2025-05-06 18:53:12.254825,2025-05-06 18:53:12.254825
206434,137,2010-11-15,,,,,,,13,5.8,16.9,14:30,,,,,,2025-05-06 18:53:12.337580,2025-05-06 18:53:12.337580
206450,137,2010-11-16,,,,,,,11,6.7,18.6,07:25,,,,,,2025-05-06 18:53:12.415579,2025-05-06 18:53:12.415579
206467,137,2010-11-17,,,,,,,10,4.7,15,20:40,,,,,,2025-05-06 18:53:12.495784,2025-05-06 18:53:12.495784
206484,137,2010-11-18,,,,,,,10,5,16.4,05:25,,,,,,2025-05-06 18:53:12.578240,2025-05-06 18:53:12.578240
206501,137,2010-11-19,,,,,,,18,1.9,6.9,12:50,,,,,,2025-05-06 18:53:12.651829,2025-05-06 18:53:12.651829
206518,137,2010-11-20,,,,,,,11,4.7,8.9,07:50,,,,,,2025-05-06 18:53:12.719941,2025-05-06 18:53:12.719941
210859,137,2011-08-08,,,,,,,3,5.6,11.1,16:05,,,,,,2025-05-06 18:54:43.600377,2025-05-06 18:54:43.600377
206535,137,2010-11-21,,,,,,,14,6.1,11.4,15:50,,,,,,2025-05-06 18:53:12.794054,2025-05-06 18:53:12.794054
206551,137,2010-11-22,,,,,,,9,3.6,11.1,06:05,,,,,,2025-05-06 18:53:12.871616,2025-05-06 18:53:12.871616
206568,137,2010-11-23,,,,,,,23,1.4,6.9,13:10,,,,,,2025-05-06 18:53:12.947219,2025-05-06 18:53:12.947219
206585,137,2010-11-24,,,,,,,24,1.7,5.6,,,,,,,2025-05-06 18:53:13.021802,2025-05-06 18:53:13.021802
206602,137,2010-11-25,,,,,,,29,2.2,20,22:00,,,,,,2025-05-06 18:53:13.095173,2025-05-06 18:53:13.095173
206619,137,2010-11-26,,,,,,,20,6.7,22.5,,,,,,,2025-05-06 18:53:13.180884,2025-05-06 18:53:13.180884
206635,137,2010-11-27,,,,,,,20,8.9,25,03:15,,,,,,2025-05-06 18:53:13.261386,2025-05-06 18:53:13.261386
206651,137,2010-11-28,,,,,,,88,7.8,21.1,23:30,,,,,,2025-05-06 18:53:13.345103,2025-05-06 18:53:13.345103
206668,137,2010-11-29,,,,,,,88,13.1,40,18:25,,,,,,2025-05-06 18:53:13.431496,2025-05-06 18:53:13.431496
206701,137,2010-12-01,,,,,,,10,3.6,9.4,,,,,,,2025-05-06 18:53:13.587636,2025-05-06 18:53:13.587636
206718,137,2010-12-02,,,,,,,12,6.4,13.1,13:10,,,,,,2025-05-06 18:53:13.676821,2025-05-06 18:53:13.676821
206735,137,2010-12-03,,,,,,,9,2.5,10,01:20,,,,,,2025-05-06 18:53:13.764802,2025-05-06 18:53:13.764802
206752,137,2010-12-04,,,,,,,17,2.2,13.1,20:55,,,,,,2025-05-06 18:53:13.849562,2025-05-06 18:53:13.849562
206769,137,2010-12-05,,,,,,,9,9.4,28.1,14:05,,,,,,2025-05-06 18:53:13.937689,2025-05-06 18:53:13.937689
206785,137,2010-12-06,,,,,,,19,8.1,23.9,17:35,,,,,,2025-05-06 18:53:14.027054,2025-05-06 18:53:14.027054
206801,137,2010-12-07,,,,,,,17,7.2,21.9,13:15,,,,,,2025-05-06 18:53:14.114326,2025-05-06 18:53:14.114326
206818,137,2010-12-08,,,,,,,22,6.9,21.4,13:45,,,,,,2025-05-06 18:53:14.202959,2025-05-06 18:53:14.202959
206835,137,2010-12-09,,,,,,,13,6.4,18.1,10:25,,,,,,2025-05-06 18:53:14.295522,2025-05-06 18:53:14.295522
206852,137,2010-12-10,,,,,,,17,3.6,13.9,00:30,,,,,,2025-05-06 18:53:14.389621,2025-05-06 18:53:14.389621
206869,137,2010-12-11,,,,,,,9,2.5,6.9,18:50,,,,,,2025-05-06 18:53:14.481020,2025-05-06 18:53:14.481020
206886,137,2010-12-12,,,,,,,20,3.1,8.1,16:15,,,,,,2025-05-06 18:53:14.573896,2025-05-06 18:53:14.573896
206903,137,2010-12-13,,,,,,,9,3.3,8.9,22:05,,,,,,2025-05-06 18:53:14.663028,2025-05-06 18:53:14.663028
206919,137,2010-12-14,,,,,,,22,1.7,8.9,16:25,,,,,,2025-05-06 18:53:14.738419,2025-05-06 18:53:14.738419
206936,137,2010-12-15,,,,,,,24,1.4,10,11:25,,,,,,2025-05-06 18:53:14.820189,2025-05-06 18:53:14.820189
206953,137,2010-12-16,,,,,,,17,6.9,18.9,17:55,,,,,,2025-05-06 18:53:14.909032,2025-05-06 18:53:14.909032
206970,137,2010-12-17,,,,,,,19,8.6,23.6,,,,,,,2025-05-06 18:53:14.996156,2025-05-06 18:53:14.996156
206987,137,2010-12-18,,,,,,,13,10.3,22.5,00:50,,,,,,2025-05-06 18:53:15.085762,2025-05-06 18:53:15.085762
207004,137,2010-12-19,,,,,,,19,2.5,13.9,22:20,,,,,,2025-05-06 18:53:15.170433,2025-05-06 18:53:15.170433
207020,137,2010-12-20,,,,,,,19,12.5,25.6,11:35,,,,,,2025-05-06 18:53:15.257523,2025-05-06 18:53:15.257523
207037,137,2010-12-21,,,,,,,17,11.7,21.9,22:15,,,,,,2025-05-06 18:53:15.341557,2025-05-06 18:53:15.341557
207054,137,2010-12-22,,,,,,,22,3.3,18.1,01:25,,,,,,2025-05-06 18:53:15.424289,2025-05-06 18:53:15.424289
207088,137,2010-12-24,,,,,,,9,3.1,8.1,00:15,,,,,,2025-05-06 18:53:15.582638,2025-05-06 18:53:15.582638
207104,137,2010-12-25,,,,,,,16,1.9,8.6,13:30,,,,,,2025-05-06 18:53:15.645690,2025-05-06 18:53:15.645690
207120,137,2010-12-26,,,,,,,9,3.1,8.1,10:45,,,,,,2025-05-06 18:53:15.721086,2025-05-06 18:53:15.721086
207136,137,2010-12-27,,,,,,,11,3.1,10,07:35,,,,,,2025-05-06 18:53:15.804243,2025-05-06 18:53:15.804243
207151,137,2010-12-28,,,,,,,21,1.9,11.4,17:35,,,,,,2025-05-06 18:53:15.876932,2025-05-06 18:53:15.876932
207166,137,2010-12-29,,,,,,,20,5.3,9.7,15:50,,,,,,2025-05-06 18:53:15.958154,2025-05-06 18:53:15.958154
207181,137,2010-12-30,,,,,,,11,1.9,6.1,,,,,,,2025-05-06 18:53:16.040944,2025-05-06 18:53:16.040944
207195,137,2010-12-31,,,,,,,9,4.4,11.9,18:45,,,,,,2025-05-06 18:53:16.112239,2025-05-06 18:53:16.112239
207210,137,2011-01-01,,,,,,,11,4.2,13.9,21:55,,,,,,2025-05-06 18:53:16.191895,2025-05-06 18:53:16.191895
207225,137,2011-01-02,,,,,,,21,1.7,6.1,13:05,,,,,,2025-05-06 18:53:16.271636,2025-05-06 18:53:16.271636
207240,137,2011-01-03,,,,,,,23,1.7,5,14:25,,,,,,2025-05-06 18:53:16.353171,2025-05-06 18:53:16.353171
207256,137,2011-01-04,,,,,,,24,0.8,4.4,14:10,,,,,,2025-05-06 18:53:16.428012,2025-05-06 18:53:16.428012
207271,137,2011-01-05,,,,,,,9,1.1,4.7,02:55,,,,,,2025-05-06 18:53:16.503291,2025-05-06 18:53:16.503291
207288,137,2011-01-06,,,,,,,99,0,4.4,,,,,,,2025-05-06 18:53:16.598300,2025-05-06 18:53:16.598300
207303,137,2011-01-07,,,,,,,10,1.4,6.1,,,,,,,2025-05-06 18:53:16.678891,2025-05-06 18:53:16.678891
207320,137,2011-01-08,,,,,,,17,3.9,11.1,13:10,,,,,,2025-05-06 18:53:16.778230,2025-05-06 18:53:16.778230
207337,137,2011-01-09,,,,,,,15,5,11.9,15:20,,,,,,2025-05-06 18:53:16.871022,2025-05-06 18:53:16.871022
207354,137,2011-01-10,,,,,,,19,5.3,11.9,15:35,,,,,,2025-05-06 18:53:16.960073,2025-05-06 18:53:16.960073
207370,137,2011-01-11,,,,,,,12,5,11.9,09:30,,,,,,2025-05-06 18:53:17.047118,2025-05-06 18:53:17.047118
207387,137,2011-01-12,,,,,,,12,2.2,13.1,09:50,,,,,,2025-05-06 18:53:17.136839,2025-05-06 18:53:17.136839
207404,137,2011-01-13,,,,,,,23,0.6,4.4,,,,,,,2025-05-06 18:53:17.233988,2025-05-06 18:53:17.233988
207421,137,2011-01-14,,,,,,,22,2.2,5.3,,,,,,,2025-05-06 18:53:17.327659,2025-05-06 18:53:17.327659
207438,137,2011-01-15,,,,,,,23,3.1,7.5,15:25,,,,,,2025-05-06 18:53:17.407322,2025-05-06 18:53:17.407322
207455,137,2011-01-16,,,,,,,9,4.7,11.9,04:50,,,,,,2025-05-06 18:53:17.482942,2025-05-06 18:53:17.482942
207472,137,2011-01-17,,,,,,,9,1.9,8.9,03:40,,,,,,2025-05-06 18:53:17.561873,2025-05-06 18:53:17.561873
207489,137,2011-01-18,,,,,,,11,4.7,10,08:25,,,,,,2025-05-06 18:53:17.640582,2025-05-06 18:53:17.640582
207506,137,2011-01-19,,,,,,,19,4.2,8.1,14:30,,,,,,2025-05-06 18:53:17.722474,2025-05-06 18:53:17.722474
207523,137,2011-01-20,,,,,,,22,1.1,5.6,,,,,,,2025-05-06 18:53:17.804159,2025-05-06 18:53:17.804159
207540,137,2011-01-21,,,,,,,21,4.7,13.9,12:50,,,,,,2025-05-06 18:53:17.885232,2025-05-06 18:53:17.885232
207557,137,2011-01-22,,,,,,,17,3.3,16.9,02:35,,,,,,2025-05-06 18:53:17.964752,2025-05-06 18:53:17.964752
207574,137,2011-01-23,,,,,,,19,4.2,12.5,17:00,,,,,,2025-05-06 18:53:18.062039,2025-05-06 18:53:18.062039
207591,137,2011-01-24,,,,,,,21,1.4,7.5,01:05,,,,,,2025-05-06 18:53:18.148279,2025-05-06 18:53:18.148279
207608,137,2011-01-25,,,,,,,18,7.8,20.6,18:10,,,,,,2025-05-06 18:53:18.235255,2025-05-06 18:53:18.235255
207625,137,2011-01-26,,,,,,,20,5,16.9,18:00,,,,,,2025-05-06 18:53:18.322389,2025-05-06 18:53:18.322389
207641,137,2011-01-27,,,,,,,23,1.1,8.6,04:45,,,,,,2025-05-06 18:53:18.404203,2025-05-06 18:53:18.404203
207657,137,2011-01-28,,,,,,,11,3.3,9.4,18:30,,,,,,2025-05-06 18:53:18.487663,2025-05-06 18:53:18.487663
207674,137,2011-01-29,,,,,,,10,1.1,13.1,21:25,,,,,,2025-05-06 18:53:18.577664,2025-05-06 18:53:18.577664
207691,137,2011-01-30,,,,,,,13,6.1,13.9,16:15,,,,,,2025-05-06 18:53:18.671324,2025-05-06 18:53:18.671324
207708,137,2011-01-31,,,,,,,18,5.3,12.5,16:30,,,,,,2025-05-06 18:53:18.754949,2025-05-06 18:53:18.754949
207724,137,2011-02-01,,,,,,,16,5,16.1,11:50,,,,,,2025-05-06 18:53:18.829059,2025-05-06 18:53:18.829059
207740,137,2011-02-02,,,,,,,16,6.7,16.9,05:35,,,,,,2025-05-06 18:53:18.898221,2025-05-06 18:53:18.898221
207756,137,2011-02-03,,,,,,,14,6.7,11.9,06:00,,,,,,2025-05-06 18:53:18.977540,2025-05-06 18:53:18.977540
207771,137,2011-02-04,,,,,,,16,2.8,13.1,01:00,,,,,,2025-05-06 18:53:19.054689,2025-05-06 18:53:19.054689
207786,137,2011-02-05,,,,,,,9,2.5,9.4,,,,,,,2025-05-06 18:53:19.132213,2025-05-06 18:53:19.132213
207801,137,2011-02-06,,,,,,,9,3.1,8.6,18:50,,,,,,2025-05-06 18:53:19.222155,2025-05-06 18:53:19.222155
207816,137,2011-02-07,,,,,,,11,3.6,13.6,05:15,,,,,,2025-05-06 18:53:19.302319,2025-05-06 18:53:19.302319
207833,137,2011-02-08,,,,,,,9,3.3,8.6,07:40,,,,,,2025-05-06 18:53:19.385067,2025-05-06 18:53:19.385067
207850,137,2011-02-09,,,,,,,88,3.3,18.9,17:40,,,,,,2025-05-06 18:53:19.456845,2025-05-06 18:53:19.456845
207867,137,2011-02-10,,,,,,,88,2.2,10,22:25,,,,,,2025-05-06 18:53:19.540891,2025-05-06 18:53:19.540891
207884,137,2011-02-11,,,,,,,88,5,10.6,01:50,,,,,,2025-05-06 18:53:19.624400,2025-05-06 18:53:19.624400
207900,137,2011-02-12,,,,,,,18,8.6,11.1,,,,,,,2025-05-06 18:53:19.707626,2025-05-06 18:53:19.707626
207917,137,2011-02-13,,,,,,,12,2.5,6.4,,,,,,,2025-05-06 18:53:19.811675,2025-05-06 18:53:19.811675
207934,137,2011-02-14,,,,,,,20,1.9,6.1,09:14,,,,,,2025-05-06 18:53:19.904046,2025-05-06 18:53:19.904046
207951,137,2011-02-15,,,,,,,14,2.2,8.1,14:25,,,,,,2025-05-06 18:53:19.988758,2025-05-06 18:53:19.988758
207968,137,2011-02-16,,,,,,,88,2.2,7.5,16:15,,,,,,2025-05-06 18:53:20.090939,2025-05-06 18:53:20.090939
207984,137,2011-02-17,,,,,,,88,4.4,9.4,13:50,,,,,,2025-05-06 18:53:20.179300,2025-05-06 18:53:20.179300
208001,137,2011-02-18,,,,,,,88,3.9,9.4,,,,,,,2025-05-06 18:53:20.265529,2025-05-06 18:53:20.265529
208017,137,2011-02-19,,,,,,,6,3.6,10,23:45,,,,,,2025-05-06 18:53:20.355337,2025-05-06 18:53:20.355337
208033,137,2011-02-20,,,,,,,7,9.7,20.6,17:35,,,,,,2025-05-06 18:53:20.440468,2025-05-06 18:53:20.440468
208049,137,2011-02-21,,,,,,,6,8.1,21.4,09:10,,,,,,2025-05-06 18:53:20.526588,2025-05-06 18:53:20.526588
208066,137,2011-02-22,,,,,,,7,7.8,21.9,07:10,,,,,,2025-05-06 18:53:20.623875,2025-05-06 18:53:20.623875
208082,137,2011-02-23,,,,,,,21,3.9,8.1,06:45,,,,,,2025-05-06 18:53:20.722880,2025-05-06 18:53:20.722880
208099,137,2011-02-24,,,,,,,36,2.8,6.9,14:50,,,,,,2025-05-06 18:53:20.832001,2025-05-06 18:53:20.832001
208114,137,2011-02-25,,,,,,,7,8.3,16.9,20:40,,,,,,2025-05-06 18:53:20.944849,2025-05-06 18:53:20.944849
208129,137,2011-02-26,,,,,,,7,5.3,18.9,08:10,,,,,,2025-05-06 18:53:21.052304,2025-05-06 18:53:21.052304
208145,137,2011-02-27,,,,,,,9,5.3,13.6,03:25,,,,,,2025-05-06 18:53:21.154378,2025-05-06 18:53:21.154378
208161,137,2011-02-28,,,,,,,6,9.4,18.1,11:15,,,,,,2025-05-06 18:53:21.274343,2025-05-06 18:53:21.274343
208177,137,2011-03-01,,,,,,,8,5.3,13.6,22:35,,,,,,2025-05-06 18:54:24.048622,2025-05-06 18:54:24.048622
208193,137,2011-03-02,,,,,,,6,5,13.9,10:30,,,,,,2025-05-06 18:54:24.181091,2025-05-06 18:54:24.181091
208210,137,2011-03-03,,,,,,,6,3.6,11.9,01:10,,,,,,2025-05-06 18:54:24.321517,2025-05-06 18:54:24.321517
208227,137,2011-03-04,,,,,,,88,3.9,8.1,12:45,,,,,,2025-05-06 18:54:24.467307,2025-05-06 18:54:24.467307
208244,137,2011-03-05,,,,,,,30,1.9,6.9,12:30,,,,,,2025-05-06 18:54:24.579118,2025-05-06 18:54:24.579118
208261,137,2011-03-06,,,,,,,26,3.3,11.9,17:05,,,,,,2025-05-06 18:54:24.729797,2025-05-06 18:54:24.729797
208278,137,2011-03-07,,,,,,,25,5,13.6,12:30,,,,,,2025-05-06 18:54:24.892133,2025-05-06 18:54:24.892133
208295,137,2011-03-08,,,,,,,88,3.6,11.1,13:45,,,,,,2025-05-06 18:54:25.010291,2025-05-06 18:54:25.010291
208312,137,2011-03-09,,,,,,,25,3.3,11.1,16:00,,,,,,2025-05-06 18:54:25.127739,2025-05-06 18:54:25.127739
208329,137,2011-03-10,,,,,,,25,3.9,13.1,15:10,,,,,,2025-05-06 18:54:25.236463,2025-05-06 18:54:25.236463
208346,137,2011-03-11,,,,,,,25,5.3,14.4,15:55,,,,,,2025-05-06 18:54:25.354742,2025-05-06 18:54:25.354742
208363,137,2011-03-12,,,,,,,32,2.8,7.5,00:10,,,,,,2025-05-06 18:54:25.475996,2025-05-06 18:54:25.475996
208380,137,2011-03-13,,,,,,,22,6.7,18.1,13:40,,,,,,2025-05-06 18:54:25.590233,2025-05-06 18:54:25.590233
208573,137,2011-03-25,,,,,,,12,5.3,11.9,22:10,,,,,,2025-05-06 18:54:26.910824,2025-05-06 18:54:26.910824
208590,137,2011-03-26,,,,,,,11,6.9,15.6,07:25,,,,,,2025-05-06 18:54:27.008717,2025-05-06 18:54:27.008717
208607,137,2011-03-27,,,,,,,8,5.6,15,16:15,,,,,,2025-05-06 18:54:27.136453,2025-05-06 18:54:27.136453
208624,137,2011-03-28,,,,,,,8,6.7,15,23:40,,,,,,2025-05-06 18:54:27.260532,2025-05-06 18:54:27.260532
208639,137,2011-03-29,,,,,,,10,6.9,16.4,09:59,,,,,,2025-05-06 18:54:27.363165,2025-05-06 18:54:27.363165
208654,137,2011-03-30,,,,,,,8,4.4,15,01:10,,,,,,2025-05-06 18:54:27.479802,2025-05-06 18:54:27.479802
208670,137,2011-03-31,,,,,,,8,2.8,12.5,01:50,,,,,,2025-05-06 18:54:27.592632,2025-05-06 18:54:27.592632
208686,137,2011-04-01,,,,,,,3,5,10,,,,,,,2025-05-06 18:54:27.723613,2025-05-06 18:54:27.723613
208702,137,2011-04-02,,,,,,,3,3.3,10,23:35,,,,,,2025-05-06 18:54:27.834309,2025-05-06 18:54:27.834309
208718,137,2011-04-03,,,,,,,4,5.3,13.9,13:35,,,,,,2025-05-06 18:54:27.956403,2025-05-06 18:54:27.956403
208734,137,2011-04-04,,,,,,,4,6.4,11.9,14:35,,,,,,2025-05-06 18:54:28.067030,2025-05-06 18:54:28.067030
208750,137,2011-04-05,,,,,,,11,2.5,10,00:55,,,,,,2025-05-06 18:54:28.195623,2025-05-06 18:54:28.195623
208767,137,2011-04-06,,,,,,,30,1.7,5.6,14:35,,,,,,2025-05-06 18:54:28.309973,2025-05-06 18:54:28.309973
208785,137,2011-04-07,,,,,,,29,1.4,6.9,14:50,,,,,,2025-05-06 18:54:28.406843,2025-05-06 18:54:28.406843
208803,137,2011-04-08,,,,,,,11,3.1,13.9,23:58,,,,,,2025-05-06 18:54:28.519561,2025-05-06 18:54:28.519561
208821,137,2011-04-09,,,,,,,11,12.2,18.9,09:25,,,,,,2025-05-06 18:54:28.634595,2025-05-06 18:54:28.634595
208839,137,2011-04-10,,,,,,,12,8.9,18.1,03:45,,,,,,2025-05-06 18:54:28.766162,2025-05-06 18:54:28.766162
208856,137,2011-04-11,,,,,,,7,5.3,16.1,12:05,,,,,,2025-05-06 18:54:28.873623,2025-05-06 18:54:28.873623
208873,137,2011-04-12,,,,,,,29,5.3,13.1,13:50,,,,,,2025-05-06 18:54:29.008322,2025-05-06 18:54:29.008322
208890,137,2011-04-13,,,,,,,88,6.1,11.4,09:35,,,,,,2025-05-06 18:54:29.115081,2025-05-06 18:54:29.115081
208908,137,2011-04-14,,,,,,,4,3.9,9.4,17:05,,,,,,2025-05-06 18:54:29.223871,2025-05-06 18:54:29.223871
208926,137,2011-04-15,,,,,,,31,1.9,6.9,,,,,,,2025-05-06 18:54:29.338972,2025-05-06 18:54:29.338972
208944,137,2011-04-16,,,,,,,28,2.8,10,13:10,,,,,,2025-05-06 18:54:29.468382,2025-05-06 18:54:29.468382
208962,137,2011-04-17,,,,,,,27,4.2,17.5,16:50,,,,,,2025-05-06 18:54:29.591577,2025-05-06 18:54:29.591577
208980,137,2011-04-18,,,,,,,26,6.7,19.4,02:25,,,,,,2025-05-06 18:54:29.734977,2025-05-06 18:54:29.734977
208998,137,2011-04-19,,,,,,,4,3.1,8.1,,,,,,,2025-05-06 18:54:29.873516,2025-05-06 18:54:29.873516
209016,137,2011-04-20,,,,,,,1,3.1,8.9,14:50,,,,,,2025-05-06 18:54:29.990619,2025-05-06 18:54:29.990619
209033,137,2011-04-21,,,,,,,35,3.1,8.1,14:55,,,,,,2025-05-06 18:54:30.128951,2025-05-06 18:54:30.128951
209051,137,2011-04-22,,,,,,,34,3.3,8.1,14:35,,,,,,2025-05-06 18:54:30.268061,2025-05-06 18:54:30.268061
209069,137,2011-04-23,,,,,,,36,4.7,11.9,05:35,,,,,,2025-05-06 18:54:30.402562,2025-05-06 18:54:30.402562
209087,137,2011-04-24,,,,,,,4,3.6,11.9,00:50,,,,,,2025-05-06 18:54:30.533815,2025-05-06 18:54:30.533815
209105,137,2011-04-25,,,,,,,4,5,10,04:35,,,,,,2025-05-06 18:54:30.685433,2025-05-06 18:54:30.685433
209123,137,2011-04-26,,,,,,,10,3.9,8.9,01:10,,,,,,2025-05-06 18:54:30.818292,2025-05-06 18:54:30.818292
209141,137,2011-04-27,,,,,,,26,2.8,6.9,14:55,,,,,,2025-05-06 18:54:30.936203,2025-05-06 18:54:30.936203
209159,137,2011-04-28,,,,,,,88,3.3,8.9,18:20,,,,,,2025-05-06 18:54:31.069215,2025-05-06 18:54:31.069215
209177,137,2011-04-29,,,,,,,88,2.8,6.9,,,,,,,2025-05-06 18:54:31.201035,2025-05-06 18:54:31.201035
209194,137,2011-04-30,,,,,,,88,2.2,5.6,,,,,,,2025-05-06 18:54:31.307623,2025-05-06 18:54:31.307623
209227,137,2011-05-02,,,,,,,88,3.6,8.9,10:35,,,,,,2025-05-06 18:54:31.532850,2025-05-06 18:54:31.532850
209245,137,2011-05-03,,,,,,,88,4.7,10.3,12:30,,,,,,2025-05-06 18:54:31.641856,2025-05-06 18:54:31.641856
209262,137,2011-05-04,,,,,,,88,3.3,8.6,17:35,,,,,,2025-05-06 18:54:31.753972,2025-05-06 18:54:31.753972
209279,137,2011-05-05,,,,,,,88,3.1,10.6,,,,,,,2025-05-06 18:54:31.869590,2025-05-06 18:54:31.869590
209297,137,2011-05-06,,,,,,,88,3.9,11.9,01:50,,,,,,2025-05-06 18:54:32.003779,2025-05-06 18:54:32.003779
209315,137,2011-05-07,,,,,,,88,7.8,15.6,20:10,,,,,,2025-05-06 18:54:32.126588,2025-05-06 18:54:32.126588
209333,137,2011-05-08,,,,,,,88,6.7,16.1,22:40,,,,,,2025-05-06 18:54:32.260863,2025-05-06 18:54:32.260863
209351,137,2011-05-09,,,,,,,88,7.8,15,,,,,,,2025-05-06 18:54:32.412899,2025-05-06 18:54:32.412899
209369,137,2011-05-10,,,,,,,88,5.6,13.1,12:05,,,,,,2025-05-06 18:54:32.529191,2025-05-06 18:54:32.529191
212075,137,2011-10-28,,,,,,,3,4.2,12.5,18:30,,,,,,2025-05-06 18:55:51.992084,2025-05-06 18:55:51.992084
209387,137,2011-05-11,,,,,,,88,4.2,11.1,00:40,,,,,,2025-05-06 18:54:32.656195,2025-05-06 18:54:32.656195
209405,137,2011-05-12,,,,,,,88,4.2,7.5,15:50,,,,,,2025-05-06 18:54:32.787753,2025-05-06 18:54:32.787753
209423,137,2011-05-13,,,,,,,88,2.2,6.9,14:25,,,,,,2025-05-06 18:54:32.898846,2025-05-06 18:54:32.898846
209441,137,2011-05-14,,,,,,,88,2.5,6.9,16:35,,,,,,2025-05-06 18:54:33.002268,2025-05-06 18:54:33.002268
209459,137,2011-05-15,,,,,,,88,3.1,7.5,14:25,,,,,,2025-05-06 18:54:33.146267,2025-05-06 18:54:33.146267
209476,137,2011-05-16,,,,,,,88,4.2,11.4,22:30,,,,,,2025-05-06 18:54:33.286055,2025-05-06 18:54:33.286055
213012,137,2011-12-23,,,,,,,11,7.5,15.6,23:42,,,,,,2025-05-06 18:55:56.712960,2025-05-06 18:55:56.712960
209493,137,2011-05-17,,,,,,,88,4.2,10,16:15,,,,,,2025-05-06 18:54:33.397998,2025-05-06 18:54:33.397998
209510,137,2011-05-18,,,,,,,88,4.2,10,22:00,,,,,,2025-05-06 18:54:33.525823,2025-05-06 18:54:33.525823
209527,137,2011-05-19,,,,,,,88,4.7,11.1,20:35,,,,,,2025-05-06 18:54:33.634349,2025-05-06 18:54:33.634349
209543,137,2011-05-20,,,,,,,88,5,11.1,17:15,,,,,,2025-05-06 18:54:33.758026,2025-05-06 18:54:33.758026
209560,137,2011-05-21,,,,,,,88,4.7,11.9,01:38,,,,,,2025-05-06 18:54:33.892049,2025-05-06 18:54:33.892049
209577,137,2011-05-22,,,,,,,88,4.2,11.1,,,,,,,2025-05-06 18:54:34.001151,2025-05-06 18:54:34.001151
209594,137,2011-05-23,,,,,,,88,3.9,10,10:45,,,,,,2025-05-06 18:54:34.111976,2025-05-06 18:54:34.111976
209610,137,2011-05-24,,,,,,,88,3.9,11.1,17:30,,,,,,2025-05-06 18:54:34.217836,2025-05-06 18:54:34.217836
209626,137,2011-05-25,,,,,,,88,4.2,11.9,13:05,,,,,,2025-05-06 18:54:34.326377,2025-05-06 18:54:34.326377
209644,137,2011-05-26,,,,,,,88,3.3,12.5,15:45,,,,,,2025-05-06 18:54:34.449858,2025-05-06 18:54:34.449858
209662,137,2011-05-27,,,,,,,88,3.1,8.9,18:40,,,,,,2025-05-06 18:54:34.574736,2025-05-06 18:54:34.574736
209680,137,2011-05-28,,,,,,,88,3.1,8.1,14:00,,,,,,2025-05-06 18:54:34.681396,2025-05-06 18:54:34.681396
209698,137,2011-05-29,,,,,,,88,5,11.1,15:10,,,,,,2025-05-06 18:54:34.827682,2025-05-06 18:54:34.827682
209716,137,2011-05-30,,,,,,,88,6.7,11.4,22:20,,,,,,2025-05-06 18:54:34.966030,2025-05-06 18:54:34.966030
209734,137,2011-05-31,,,,,,,88,9.4,20,23:05,,,,,,2025-05-06 18:54:35.123362,2025-05-06 18:54:35.123362
209752,137,2011-06-01,,,,,,,88,10.8,20.6,07:10,,,,,,2025-05-06 18:54:35.277850,2025-05-06 18:54:35.277850
209770,137,2011-06-02,,,,,,,88,6.9,15.6,00:10,,,,,,2025-05-06 18:54:35.430539,2025-05-06 18:54:35.430539
209788,137,2011-06-03,,,,,,,88,6.7,10,,,,,,,2025-05-06 18:54:35.591384,2025-05-06 18:54:35.591384
209806,137,2011-06-04,,,,,,,88,3.9,8.9,13:30,,,,,,2025-05-06 18:54:35.733141,2025-05-06 18:54:35.733141
209824,137,2011-06-05,,,,,,,88,3.6,8.9,15:10,,,,,,2025-05-06 18:54:35.868758,2025-05-06 18:54:35.868758
209842,137,2011-06-06,,,,,,,88,3.9,8.6,14:50,,,,,,2025-05-06 18:54:35.991633,2025-05-06 18:54:35.991633
209860,137,2011-06-07,,,,,,,88,5.3,12.5,17:25,,,,,,2025-05-06 18:54:36.113169,2025-05-06 18:54:36.113169
209878,137,2011-06-08,,,,,,,88,5,11.9,,,,,,,2025-05-06 18:54:36.249246,2025-05-06 18:54:36.249246
209896,137,2011-06-09,,,,,,,88,6.4,15,14:55,,,,,,2025-05-06 18:54:36.427803,2025-05-06 18:54:36.427803
209914,137,2011-06-10,,,,,,,88,5.3,11.9,,,,,,,2025-05-06 18:54:36.585846,2025-05-06 18:54:36.585846
209932,137,2011-06-11,,,,,,,88,5,11.1,,,,,,,2025-05-06 18:54:36.746056,2025-05-06 18:54:36.746056
209950,137,2011-06-12,,,,,,,88,5.3,13.1,23:58,,,,,,2025-05-06 18:54:36.906072,2025-05-06 18:54:36.906072
209968,137,2011-06-13,,,,,,,88,9.4,25,21:00,,,,,,2025-05-06 18:54:37.064143,2025-05-06 18:54:37.064143
209986,137,2011-06-14,,,,,,,88,5.6,16.1,,,,,,,2025-05-06 18:54:37.218898,2025-05-06 18:54:37.218898
210004,137,2011-06-15,,,,,,,88,7.5,18.1,04:05,,,,,,2025-05-06 18:54:37.358153,2025-05-06 18:54:37.358153
210022,137,2011-06-16,,,,,,,88,8.3,17.5,09:50,,,,,,2025-05-06 18:54:37.514540,2025-05-06 18:54:37.514540
210039,137,2011-06-17,,,,,,,88,5,11.9,11:55,,,,,,2025-05-06 18:54:37.656536,2025-05-06 18:54:37.656536
210057,137,2011-06-18,,,,,,,88,6.7,13.1,17:50,,,,,,2025-05-06 18:54:37.813435,2025-05-06 18:54:37.813435
210075,137,2011-06-19,,,,,,,88,3.6,10,,,,,,,2025-05-06 18:54:37.964484,2025-05-06 18:54:37.964484
210092,137,2011-06-20,,,,,,,88,2.2,6.1,,,,,,,2025-05-06 18:54:38.100284,2025-05-06 18:54:38.100284
210108,137,2011-06-21,,,,,,,88,1.9,6.1,23:45,,,,,,2025-05-06 18:54:38.219057,2025-05-06 18:54:38.219057
210123,137,2011-06-22,,,,,,,88,3.9,11.9,,,,,,,2025-05-06 18:54:38.348850,2025-05-06 18:54:38.348850
210139,137,2011-06-23,,,,,,,88,4.4,18.1,22:15,,,,,,2025-05-06 18:54:38.479721,2025-05-06 18:54:38.479721
210156,137,2011-06-24,,,,,,,88,7.2,21.4,01:15,,,,,,2025-05-06 18:54:38.594773,2025-05-06 18:54:38.594773
210171,137,2011-06-25,,,,,,,88,4.4,11.1,10:30,,,,,,2025-05-06 18:54:38.700604,2025-05-06 18:54:38.700604
210187,137,2011-06-26,,,,,,,88,4.2,10,13:50,,,,,,2025-05-06 18:54:38.832282,2025-05-06 18:54:38.832282
210202,137,2011-06-27,,,,,,,88,8.9,14.4,,,,,,,2025-05-06 18:54:38.955232,2025-05-06 18:54:38.955232
210217,137,2011-06-28,,,,,,,88,10.3,15.6,12:20,,,,,,2025-05-06 18:54:39.094547,2025-05-06 18:54:39.094547
210233,137,2011-06-29,,,,,,,88,6.9,12.5,23:18,,,,,,2025-05-06 18:54:39.230106,2025-05-06 18:54:39.230106
210249,137,2011-06-30,,,,,,,88,6.1,12.5,01:10,,,,,,2025-05-06 18:54:39.367259,2025-05-06 18:54:39.367259
210265,137,2011-07-01,,,,,,,88,5.3,11.9,,,,,,,2025-05-06 18:54:39.489376,2025-05-06 18:54:39.489376
210281,137,2011-07-02,,,,,,,88,5,13.9,15:15,,,,,,2025-05-06 18:54:39.618870,2025-05-06 18:54:39.618870
210297,137,2011-07-03,,,,,,,88,8.9,18.1,12:40,,,,,,2025-05-06 18:54:39.741476,2025-05-06 18:54:39.741476
210313,137,2011-07-04,,,,,,,88,7.2,15,,,,,,,2025-05-06 18:54:39.866922,2025-05-06 18:54:39.866922
210329,137,2011-07-05,,,,,,,88,6.1,13.9,11:20,,,,,,2025-05-06 18:54:40.039190,2025-05-06 18:54:40.039190
210345,137,2011-07-06,,,,,,,88,6.9,15,09:05,,,,,,2025-05-06 18:54:40.167389,2025-05-06 18:54:40.167389
210361,137,2011-07-07,,,,,,,88,8.1,16.4,,,,,,,2025-05-06 18:54:40.333450,2025-05-06 18:54:40.333450
210376,137,2011-07-08,,,,,,,88,5.8,15,11:25,,,,,,2025-05-06 18:54:40.438108,2025-05-06 18:54:40.438108
210392,137,2011-07-09,,,,,,,88,6.4,13.9,21:35,,,,,,2025-05-06 18:54:40.568480,2025-05-06 18:54:40.568480
210408,137,2011-07-10,,,,,,,88,6.4,13.1,16:10,,,,,,2025-05-06 18:54:40.677716,2025-05-06 18:54:40.677716
210423,137,2011-07-11,,,,,,,88,5.6,13.6,13:05,,,,,,2025-05-06 18:54:40.793052,2025-05-06 18:54:40.793052
210439,137,2011-07-12,,,,,,,88,8.9,21.1,20:15,,,,,,2025-05-06 18:54:40.914108,2025-05-06 18:54:40.914108
210455,137,2011-07-13,,,,,,,88,11.9,22.5,02:45,,,,,,2025-05-06 18:54:41.009279,2025-05-06 18:54:41.009279
210470,137,2011-07-14,,,,,,,88,8.1,16.9,21:50,,,,,,2025-05-06 18:54:41.121093,2025-05-06 18:54:41.121093
210486,137,2011-07-15,,,,,,,88,9.4,20,14:25,,,,,,2025-05-06 18:54:41.222566,2025-05-06 18:54:41.222566
210502,137,2011-07-16,,,,,,,88,10.3,21.9,23:40,,,,,,2025-05-06 18:54:41.336633,2025-05-06 18:54:41.336633
210518,137,2011-07-17,,,,,,,88,7.5,20.6,00:25,,,,,,2025-05-06 18:54:41.428323,2025-05-06 18:54:41.428323
210534,137,2011-07-18,,,,,,,88,6.4,15,00:10,,,,,,2025-05-06 18:54:41.547910,2025-05-06 18:54:41.547910
210550,137,2011-07-19,,,,,,,88,6.9,13.9,13:55,,,,,,2025-05-06 18:54:41.690979,2025-05-06 18:54:41.690979
210565,137,2011-07-20,,,,,,,88,5,11.9,14:05,,,,,,2025-05-06 18:54:41.835590,2025-05-06 18:54:41.835590
210580,137,2011-07-21,,,,,,,88,3.6,9.4,09:40,,,,,,2025-05-06 18:54:41.965801,2025-05-06 18:54:41.965801
210595,137,2011-07-22,,,,,,,88,4.7,13.9,07:10,,,,,,2025-05-06 18:54:42.103247,2025-05-06 18:54:42.103247
210610,137,2011-07-23,,,,,,,88,3.9,15.6,13:35,,,,,,2025-05-06 18:54:42.231716,2025-05-06 18:54:42.231716
210625,137,2011-07-24,,,,,,,88,4.4,13.1,00:30,,,,,,2025-05-06 18:54:42.339807,2025-05-06 18:54:42.339807
210639,137,2011-07-25,,,,,,,88,3.9,11.1,,,,,,,2025-05-06 18:54:42.410462,2025-05-06 18:54:42.410462
210669,137,2011-07-27,,,,,,,88,6.4,15.6,14:40,,,,,,2025-05-06 18:54:42.550343,2025-05-06 18:54:42.550343
210685,137,2011-07-28,,,,,,,1,5.8,11.4,,,,,,,2025-05-06 18:54:42.620683,2025-05-06 18:54:42.620683
215378,137,2012-05-22,,,,,,,2,6.9,13.6,13:05,,,,,,2025-05-06 18:57:10.594152,2025-05-06 18:57:10.594152
210700,137,2011-07-29,,,,,,,6,6.1,13.9,23:45,,,,,,2025-05-06 18:54:42.690553,2025-05-06 18:54:42.690553
210715,137,2011-07-30,,,,,,,7,6.7,15,,,,,,,2025-05-06 18:54:42.771260,2025-05-06 18:54:42.771260
210731,137,2011-07-31,,,,,,,4,5.3,13.9,00:30,,,,,,2025-05-06 18:54:42.880396,2025-05-06 18:54:42.880396
210747,137,2011-08-01,,,,,,,36,5.8,15.6,14:15,,,,,,2025-05-06 18:54:42.970617,2025-05-06 18:54:42.970617
210763,137,2011-08-02,,,,,,,4,6.1,16.1,19:05,,,,,,2025-05-06 18:54:43.045310,2025-05-06 18:54:43.045310
210779,137,2011-08-03,,,,,,,5,6.4,16.9,20:55,,,,,,2025-05-06 18:54:43.180177,2025-05-06 18:54:43.180177
210795,137,2011-08-04,,,,,,,8,7.8,20.8,,,,,,,2025-05-06 18:54:43.269148,2025-05-06 18:54:43.269148
210811,137,2011-08-05,,,,,,,3,5.8,11.9,15:50,,,,,,2025-05-06 18:54:43.358402,2025-05-06 18:54:43.358402
210827,137,2011-08-06,,,,,,,5,5.3,10.6,11:35,,,,,,2025-05-06 18:54:43.434719,2025-05-06 18:54:43.434719
210844,137,2011-08-07,,,,,,,1,4.7,11.1,16:50,,,,,,2025-05-06 18:54:43.521379,2025-05-06 18:54:43.521379
210874,137,2011-08-09,,,,,,,1,5,12.5,,,,,,,2025-05-06 18:54:43.667064,2025-05-06 18:54:43.667064
210889,137,2011-08-10,,,,,,,2,5.6,13.6,16:00,,,,,,2025-05-06 18:54:43.735464,2025-05-06 18:54:43.735464
210904,137,2011-08-11,,,,,,,11,7.2,15.6,03:10,,,,,,2025-05-06 18:54:43.814770,2025-05-06 18:54:43.814770
210919,137,2011-08-12,,,,,,,1,7.5,15.6,14:30,,,,,,2025-05-06 18:54:43.886111,2025-05-06 18:54:43.886111
210933,137,2011-08-13,,,,,,,7,8.3,18.1,23:58,,,,,,2025-05-06 18:54:43.949001,2025-05-06 18:54:43.949001
210948,137,2011-08-14,,,,,,,8,6.7,20.6,06:00,,,,,,2025-05-06 18:54:44.017072,2025-05-06 18:54:44.017072
210963,137,2011-08-15,,,,,,,9,4.2,20.6,23:45,,,,,,2025-05-06 18:54:44.092214,2025-05-06 18:54:44.092214
210978,137,2011-08-16,,,,,,,9,6.1,21.1,01:10,,,,,,2025-05-06 18:54:44.166402,2025-05-06 18:54:44.166402
210992,137,2011-08-17,,,,,,,8,8.9,18.3,,,,,,,2025-05-06 18:54:44.240034,2025-05-06 18:54:44.240034
211006,137,2011-08-18,,,,,,,9,6.9,13.9,07:45,,,,,,2025-05-06 18:54:44.315498,2025-05-06 18:54:44.315498
211020,137,2011-08-19,,,,,,,2,5.6,12.5,12:08,,,,,,2025-05-06 18:54:44.398472,2025-05-06 18:54:44.398472
211035,137,2011-08-20,,,,,,,1,5.8,11.4,,,,,,,2025-05-06 18:54:44.482628,2025-05-06 18:54:44.482628
211050,137,2011-08-21,,,,,,,4,7.2,13.9,,,,,,,2025-05-06 18:54:44.566435,2025-05-06 18:54:44.566435
211064,137,2011-08-22,,,,,,,3,7.8,15,10:15,,,,,,2025-05-06 18:54:44.643662,2025-05-06 18:54:44.643662
211078,137,2011-08-23,,,,,,,3,6.9,14.4,22:50,,,,,,2025-05-06 18:54:44.713731,2025-05-06 18:54:44.713731
211092,137,2011-08-24,,,,,,,2,7.5,16.9,08:45,,,,,,2025-05-06 18:54:44.781387,2025-05-06 18:54:44.781387
211108,137,2011-08-25,,,,,,,10,6.4,13.9,20:50,,,,,,2025-05-06 18:54:44.853021,2025-05-06 18:54:44.853021
211124,137,2011-08-26,,,,,,,2,7.2,18.1,04:20,,,,,,2025-05-06 18:54:44.935535,2025-05-06 18:54:44.935535
211140,137,2011-08-27,,,,,,,1,6.7,11.9,12:25,,,,,,2025-05-06 18:54:45.017933,2025-05-06 18:54:45.017933
211155,137,2011-08-28,,,,,,,3,6.4,12.5,,,,,,,2025-05-06 18:55:47.549638,2025-05-06 18:55:47.549638
211170,137,2011-08-29,,,,,,,8,7.2,15.6,23:05,,,,,,2025-05-06 18:55:47.647936,2025-05-06 18:55:47.647936
211186,137,2011-08-30,,,,,,,7,6.1,13.6,00:05,,,,,,2025-05-06 18:55:47.735135,2025-05-06 18:55:47.735135
211202,137,2011-08-31,,,,,,,6,3.1,10,03:10,,,,,,2025-05-06 18:55:47.818690,2025-05-06 18:55:47.818690
211218,137,2011-09-01,,,,,,,0,1.7,,,,,,,,2025-05-06 18:55:47.916471,2025-05-06 18:55:47.916471
211292,137,2011-09-06,,,,,,,8,6.7,15,,,,,,,2025-05-06 18:55:48.274036,2025-05-06 18:55:48.274036
211307,137,2011-09-07,,,,,,,34,1.9,8.3,11:20,,,,,,2025-05-06 18:55:48.346068,2025-05-06 18:55:48.346068
211322,137,2011-09-08,,,,,,,34,1.7,5.6,13:50,,,,,,2025-05-06 18:55:48.421573,2025-05-06 18:55:48.421573
211337,137,2011-09-09,,,,,,,3,3.1,10.3,12:28,,,,,,2025-05-06 18:55:48.504288,2025-05-06 18:55:48.504288
211352,137,2011-09-10,,,,,,,7,7.2,15,15:45,,,,,,2025-05-06 18:55:48.587341,2025-05-06 18:55:48.587341
211367,137,2011-09-11,,,,,,,7,8.1,20.6,23:35,,,,,,2025-05-06 18:55:48.662295,2025-05-06 18:55:48.662295
211382,137,2011-09-12,,,,,,,8,6.7,19.7,00:38,,,,,,2025-05-06 18:55:48.734997,2025-05-06 18:55:48.734997
211397,137,2011-09-13,,,,,,,1,4.7,11.9,13:50,,,,,,2025-05-06 18:55:48.807454,2025-05-06 18:55:48.807454
211412,137,2011-09-14,,,,,,,1,5,11.1,15:02,,,,,,2025-05-06 18:55:48.882169,2025-05-06 18:55:48.882169
211427,137,2011-09-15,,,,,,,2,4.2,10.3,14:38,,,,,,2025-05-06 18:55:48.949144,2025-05-06 18:55:48.949144
211442,137,2011-09-16,,,,,,,7,5.8,11.4,16:30,,,,,,2025-05-06 18:55:49.016780,2025-05-06 18:55:49.016780
211457,137,2011-09-17,,,,,,,4,5.8,12.2,13:10,,,,,,2025-05-06 18:55:49.090749,2025-05-06 18:55:49.090749
211472,137,2011-09-18,,,,,,,4,5.8,13.6,12:18,,,,,,2025-05-06 18:55:49.152577,2025-05-06 18:55:49.152577
211487,137,2011-09-19,,,,,,,6,5.3,12.5,08:55,,,,,,2025-05-06 18:55:49.217412,2025-05-06 18:55:49.217412
211502,137,2011-09-20,,,,,,,1,6.4,13.6,14:15,,,,,,2025-05-06 18:55:49.281440,2025-05-06 18:55:49.281440
211517,137,2011-09-21,,,,,,,1,7.5,16.9,05:55,,,,,,2025-05-06 18:55:49.346521,2025-05-06 18:55:49.346521
211532,137,2011-09-22,,,,,,,1,3.6,13.6,14:00,,,,,,2025-05-06 18:55:49.413537,2025-05-06 18:55:49.413537
211547,137,2011-09-23,,,,,,,8,5,11.1,05:18,,,,,,2025-05-06 18:55:49.484986,2025-05-06 18:55:49.484986
211562,137,2011-09-24,,,,,,,7,6.9,18.1,23:55,,,,,,2025-05-06 18:55:49.565661,2025-05-06 18:55:49.565661
211577,137,2011-09-25,,,,,,,8,3.6,18.1,00:05,,,,,,2025-05-06 18:55:49.643165,2025-05-06 18:55:49.643165
211592,137,2011-09-26,,,,,,,34,2.8,6.9,,,,,,,2025-05-06 18:55:49.721618,2025-05-06 18:55:49.721618
211606,137,2011-09-27,,,,,,,34,2.8,7.5,12:30,,,,,,2025-05-06 18:55:49.802249,2025-05-06 18:55:49.802249
211620,137,2011-09-28,,,,,,,1,4.7,13.1,14:35,,,,,,2025-05-06 18:55:49.866369,2025-05-06 18:55:49.866369
211634,137,2011-09-29,,,,,,,6,4.7,11.9,05:50,,,,,,2025-05-06 18:55:49.922058,2025-05-06 18:55:49.922058
211648,137,2011-09-30,,,,,,,13,4.4,11.1,01:35,,,,,,2025-05-06 18:55:49.981499,2025-05-06 18:55:49.981499
211662,137,2011-10-01,,,,,,,28,1.9,5.6,15:25,,,,,,2025-05-06 18:55:50.040676,2025-05-06 18:55:50.040676
211676,137,2011-10-02,,,,,,,88,2.8,6.1,,,,,,,2025-05-06 18:55:50.101001,2025-05-06 18:55:50.101001
211691,137,2011-10-03,,,,,,,88,1.7,4.4,,,,,,,2025-05-06 18:55:50.168255,2025-05-06 18:55:50.168255
211707,137,2011-10-04,,,,,,,8,2.2,13.1,23:30,,,,,,2025-05-06 18:55:50.239196,2025-05-06 18:55:50.239196
211723,137,2011-10-05,,,,,,,8,3.9,15.6,22:05,,,,,,2025-05-06 18:55:50.313605,2025-05-06 18:55:50.313605
211739,137,2011-10-06,,,,,,,8,6.1,16.1,03:10,,,,,,2025-05-06 18:55:50.387704,2025-05-06 18:55:50.387704
211755,137,2011-10-07,,,,,,,7,10,16.9,06:25,,,,,,2025-05-06 18:55:50.467810,2025-05-06 18:55:50.467810
211771,137,2011-10-08,,,,,,,7,7.2,13.9,,,,,,,2025-05-06 18:55:50.545678,2025-05-06 18:55:50.545678
211787,137,2011-10-09,,,,,,,9,1.7,11.1,00:50,,,,,,2025-05-06 18:55:50.621722,2025-05-06 18:55:50.621722
211803,137,2011-10-10,,,,,,,10,1.9,13.6,09:50,,,,,,2025-05-06 18:55:50.702903,2025-05-06 18:55:50.702903
211819,137,2011-10-11,,,,,,,5,2.5,12.5,02:05,,,,,,2025-05-06 18:55:50.781052,2025-05-06 18:55:50.781052
211835,137,2011-10-12,,,,,,,6,6.1,15,14:45,,,,,,2025-05-06 18:55:50.852099,2025-05-06 18:55:50.852099
211850,137,2011-10-13,,,,,,,2,5,12.5,14:10,,,,,,2025-05-06 18:55:50.915795,2025-05-06 18:55:50.915795
211865,137,2011-10-14,,,,,,,8,8.1,18.1,23:25,,,,,,2025-05-06 18:55:50.983052,2025-05-06 18:55:50.983052
211881,137,2011-10-15,,,,,,,7,4.4,18.9,01:30,,,,,,2025-05-06 18:55:51.062179,2025-05-06 18:55:51.062179
211896,137,2011-10-16,,,,,,,8,4.2,13.1,23:58,,,,,,2025-05-06 18:55:51.136485,2025-05-06 18:55:51.136485
211911,137,2011-10-17,,,,,,,9,3.9,15.6,,,,,,,2025-05-06 18:55:51.208771,2025-05-06 18:55:51.208771
211926,137,2011-10-18,,,,,,,8,3.9,10.3,21:05,,,,,,2025-05-06 18:55:51.276864,2025-05-06 18:55:51.276864
211942,137,2011-10-19,,,,,,,2,3.1,8.3,11:35,,,,,,2025-05-06 18:55:51.352450,2025-05-06 18:55:51.352450
211957,137,2011-10-20,,,,,,,6,3.1,11.9,23:15,,,,,,2025-05-06 18:55:51.437621,2025-05-06 18:55:51.437621
211971,137,2011-10-21,,,,,,,8,5.6,15.3,23:35,,,,,,2025-05-06 18:55:51.503973,2025-05-06 18:55:51.503973
211986,137,2011-10-22,,,,,,,8,3.6,11.1,00:08,,,,,,2025-05-06 18:55:51.567495,2025-05-06 18:55:51.567495
212000,137,2011-10-23,,,,,,,26,2.5,6.4,,,,,,,2025-05-06 18:55:51.632765,2025-05-06 18:55:51.632765
212015,137,2011-10-24,,,,,,,24,2.5,8.9,11:15,,,,,,2025-05-06 18:55:51.702586,2025-05-06 18:55:51.702586
212031,137,2011-10-25,,,,,,,1,3.1,6.7,14:50,,,,,,2025-05-06 18:55:51.773868,2025-05-06 18:55:51.773868
212046,137,2011-10-26,,,,,,,2,1.9,6.1,20:45,,,,,,2025-05-06 18:55:51.849009,2025-05-06 18:55:51.849009
212060,137,2011-10-27,,,,,,,35,3.6,10,15:20,,,,,,2025-05-06 18:55:51.922383,2025-05-06 18:55:51.922383
212090,137,2011-10-29,,,,,,,1,5.3,11.4,12:55,,,,,,2025-05-06 18:55:52.064309,2025-05-06 18:55:52.064309
212105,137,2011-10-30,,,,,,,4,4.4,10.6,14:38,,,,,,2025-05-06 18:55:52.140660,2025-05-06 18:55:52.140660
212120,137,2011-10-31,,,,,,,6,4.2,11.4,02:10,,,,,,2025-05-06 18:55:52.212434,2025-05-06 18:55:52.212434
212136,137,2011-11-01,,,,,,,5,5,11.4,13:35,,,,,,2025-05-06 18:55:52.284940,2025-05-06 18:55:52.284940
212152,137,2011-11-02,,,,,,,24,3.1,7.5,15:35,,,,,,2025-05-06 18:55:52.360985,2025-05-06 18:55:52.360985
212168,137,2011-11-03,,,,,,,35,2.8,8.1,20:35,,,,,,2025-05-06 18:55:52.440920,2025-05-06 18:55:52.440920
212184,137,2011-11-04,,,,,,,33,2.8,8.6,15:08,,,,,,2025-05-06 18:55:52.526238,2025-05-06 18:55:52.526238
212199,137,2011-11-05,,,,,,,1,3.6,9.7,15:00,,,,,,2025-05-06 18:55:52.608878,2025-05-06 18:55:52.608878
212215,137,2011-11-06,,,,,,,11,4.7,10,13:35,,,,,,2025-05-06 18:55:52.700406,2025-05-06 18:55:52.700406
212230,137,2011-11-07,,,,,,,1,4.7,11.9,13:38,,,,,,2025-05-06 18:55:52.786421,2025-05-06 18:55:52.786421
212246,137,2011-11-08,,,,,,,7,3.1,10,01:35,,,,,,2025-05-06 18:55:52.874987,2025-05-06 18:55:52.874987
212263,137,2011-11-09,,,,,,,26,1.9,6.1,12:10,,,,,,2025-05-06 18:55:52.959763,2025-05-06 18:55:52.959763
212279,137,2011-11-10,,,,,,,34,1.7,6.1,15:15,,,,,,2025-05-06 18:55:53.034289,2025-05-06 18:55:53.034289
212295,137,2011-11-11,,,,,,,11,1.7,8.9,04:30,,,,,,2025-05-06 18:55:53.112580,2025-05-06 18:55:53.112580
212310,137,2011-11-12,,,,,,,13,1.9,8.9,23:15,,,,,,2025-05-06 18:55:53.178021,2025-05-06 18:55:53.178021
212327,137,2011-11-13,,,,,,,1,2.8,7.5,,,,,,,2025-05-06 18:55:53.249515,2025-05-06 18:55:53.249515
212344,137,2011-11-14,,,,,,,2,2.8,7.2,10:25,,,,,,2025-05-06 18:55:53.332543,2025-05-06 18:55:53.332543
212360,137,2011-11-15,,,,,,,1,5.3,10.8,15:18,,,,,,2025-05-06 18:55:53.419051,2025-05-06 18:55:53.419051
212377,137,2011-11-16,,,,,,,1,4.7,9.7,12:45,,,,,,2025-05-06 18:55:53.515036,2025-05-06 18:55:53.515036
212394,137,2011-11-17,,,,,,,6,3.6,8.9,18:05,,,,,,2025-05-06 18:55:53.617660,2025-05-06 18:55:53.617660
212412,137,2011-11-18,,,,,,,8,2.8,6.9,15:05,,,,,,2025-05-06 18:55:53.721802,2025-05-06 18:55:53.721802
212430,137,2011-11-19,,,,,,,34,2.2,6.9,14:08,,,,,,2025-05-06 18:55:53.817039,2025-05-06 18:55:53.817039
212446,137,2011-11-20,,,,,,,3,3.6,9.4,09:50,,,,,,2025-05-06 18:55:53.898080,2025-05-06 18:55:53.898080
212462,137,2011-11-21,,,,,,,6,3.6,10.6,23:30,,,,,,2025-05-06 18:55:53.980662,2025-05-06 18:55:53.980662
212478,137,2011-11-22,,,,,,,7,5.3,12.2,,,,,,,2025-05-06 18:55:54.059951,2025-05-06 18:55:54.059951
212495,137,2011-11-23,,,,,,,7,4.4,11.4,03:50,,,,,,2025-05-06 18:55:54.144897,2025-05-06 18:55:54.144897
212512,137,2011-11-24,,,,,,,6,3.1,10.6,14:35,,,,,,2025-05-06 18:55:54.214598,2025-05-06 18:55:54.214598
212529,137,2011-11-25,,,,,,,6,5,10.6,19:50,,,,,,2025-05-06 18:55:54.292740,2025-05-06 18:55:54.292740
212546,137,2011-11-26,,,,,,,6,3.6,9.7,23:25,,,,,,2025-05-06 18:55:54.371538,2025-05-06 18:55:54.371538
212563,137,2011-11-27,,,,,,,5,4.7,10.6,,,,,,,2025-05-06 18:55:54.449640,2025-05-06 18:55:54.449640
212579,137,2011-11-28,,,,,,,7,6.4,11.4,05:10,,,,,,2025-05-06 18:55:54.529893,2025-05-06 18:55:54.529893
212596,137,2011-11-29,,,,,,,11,5.6,13.9,01:05,,,,,,2025-05-06 18:55:54.608638,2025-05-06 18:55:54.608638
212613,137,2011-11-30,,,,,,,10,1.9,11.9,00:10,,,,,,2025-05-06 18:55:54.694080,2025-05-06 18:55:54.694080
212646,137,2011-12-02,,,,,,,13,3.1,15.6,01:20,,,,,,2025-05-06 18:55:54.877003,2025-05-06 18:55:54.877003
212663,137,2011-12-03,,,,,,,2,6.4,12.5,07:25,,,,,,2025-05-06 18:55:54.976968,2025-05-06 18:55:54.976968
212680,137,2011-12-04,,,,,,,6,5,13.1,10:25,,,,,,2025-05-06 18:55:55.079909,2025-05-06 18:55:55.079909
212697,137,2011-12-05,,,,,,,7,6.7,16.1,06:50,,,,,,2025-05-06 18:55:55.178221,2025-05-06 18:55:55.178221
212715,137,2011-12-06,,,,,,,8,5.6,12.8,00:50,,,,,,2025-05-06 18:55:55.272331,2025-05-06 18:55:55.272331
212733,137,2011-12-07,,,,,,,11,1.4,7.5,00:35,,,,,,2025-05-06 18:55:55.372866,2025-05-06 18:55:55.372866
218320,137,2012-11-15,,,,,,,17,1.7,5,,,,,,,2025-05-06 18:58:28.470415,2025-05-06 18:58:28.470415
212751,137,2011-12-08,,,,,,,7,1.1,11.1,03:18,,,,,,2025-05-06 18:55:55.463857,2025-05-06 18:55:55.463857
212769,137,2011-12-09,,,,,,,13,5.3,14.4,07:55,,,,,,2025-05-06 18:55:55.557349,2025-05-06 18:55:55.557349
212787,137,2011-12-10,,,,,,,7,8.6,18.1,04:42,,,,,,2025-05-06 18:55:55.645675,2025-05-06 18:55:55.645675
218429,137,2012-11-22,,,,,,,5,4.2,8.1,03:58,,,,,,2025-05-06 18:58:28.989369,2025-05-06 18:58:28.989369
212805,137,2011-12-11,,,,,,,8,5.6,18.1,21:45,,,,,,2025-05-06 18:55:55.737481,2025-05-06 18:55:55.737481
212823,137,2011-12-12,,,,,,,10,8.6,20,23:25,,,,,,2025-05-06 18:55:55.824477,2025-05-06 18:55:55.824477
212841,137,2011-12-13,,,,,,,7,6.9,18.6,19:25,,,,,,2025-05-06 18:55:55.913060,2025-05-06 18:55:55.913060
218864,137,2012-12-18,,,,,,,31,0.8,3.3,14:30,,,,,,2025-05-06 18:58:31.250458,2025-05-06 18:58:31.250458
212859,137,2011-12-14,,,,,,,8,8.9,18.1,18:45,,,,,,2025-05-06 18:55:56.004097,2025-05-06 18:55:56.004097
212877,137,2011-12-15,,,,,,,7,6.7,18.6,09:42,,,,,,2025-05-06 18:55:56.084196,2025-05-06 18:55:56.084196
212894,137,2011-12-16,,,,,,,8,9.7,17.8,15:15,,,,,,2025-05-06 18:55:56.166626,2025-05-06 18:55:56.166626
212910,137,2011-12-17,,,,,,,6,9.7,18.9,16:10,,,,,,2025-05-06 18:55:56.239718,2025-05-06 18:55:56.239718
212927,137,2011-12-18,,,,,,,6,6.7,13.9,06:48,,,,,,2025-05-06 18:55:56.325128,2025-05-06 18:55:56.325128
212944,137,2011-12-19,,,,,,,7,5.3,14.4,,,,,,,2025-05-06 18:55:56.399987,2025-05-06 18:55:56.399987
212961,137,2011-12-20,,,,,,,4,5,13.6,14:15,,,,,,2025-05-06 18:55:56.475625,2025-05-06 18:55:56.475625
212978,137,2011-12-21,,,,,,,14,2.5,9.2,00:02,,,,,,2025-05-06 18:55:56.555304,2025-05-06 18:55:56.555304
212995,137,2011-12-22,,,,,,,7,2.5,15,21:58,,,,,,2025-05-06 18:55:56.635888,2025-05-06 18:55:56.635888
213029,137,2011-12-24,,,,,,,7,7.2,18.9,11:45,,,,,,2025-05-06 18:55:56.792768,2025-05-06 18:55:56.792768
213046,137,2011-12-25,,,,,,,7,8.9,17.2,07:08,,,,,,2025-05-06 18:55:56.878234,2025-05-06 18:55:56.878234
213063,137,2011-12-26,,,,,,,10,4.4,11.9,07:45,,,,,,2025-05-06 18:55:56.962769,2025-05-06 18:55:56.962769
213080,137,2011-12-27,,,,,,,10,6.1,13.1,08:35,,,,,,2025-05-06 18:55:57.039467,2025-05-06 18:55:57.039467
213097,137,2011-12-28,,,,,,,2,3.9,12.8,22:30,,,,,,2025-05-06 18:55:57.114627,2025-05-06 18:55:57.114627
213112,137,2011-12-29,,,,,,,6,3.9,13.9,21:10,,,,,,2025-05-06 18:55:57.186162,2025-05-06 18:55:57.186162
213128,137,2011-12-30,,,,,,,6,4.4,11.9,03:05,,,,,,2025-05-06 18:55:57.260859,2025-05-06 18:55:57.260859
213144,137,2011-12-31,,,,,,,5,6.1,10.6,14:30,,,,,,2025-05-06 18:55:57.337679,2025-05-06 18:55:57.337679
213205,137,2012-01-04,,,,,,,13,3.6,12.5,01:10,,,,,,2025-05-06 18:55:57.608828,2025-05-06 18:55:57.608828
213221,137,2012-01-05,,,,,,,13,1.9,15.6,,,,,,,2025-05-06 18:55:57.680691,2025-05-06 18:55:57.680691
213236,137,2012-01-06,,,,,,,12,2.8,14.7,05:40,,,,,,2025-05-06 18:55:57.754692,2025-05-06 18:55:57.754692
213252,137,2012-01-07,,,,,,,12,3.1,8.1,06:25,,,,,,2025-05-06 18:55:57.838578,2025-05-06 18:55:57.838578
213268,137,2012-01-08,,,,,,,1,2.2,6.1,11:55,,,,,,2025-05-06 18:55:57.921569,2025-05-06 18:55:57.921569
213284,137,2012-01-09,,,,,,,35,1.4,5.6,12:40,,,,,,2025-05-06 18:55:58.002667,2025-05-06 18:55:58.002667
213300,137,2012-01-10,,,,,,,30,1.9,6.7,13:10,,,,,,2025-05-06 18:55:58.092763,2025-05-06 18:55:58.092763
213316,137,2012-01-11,,,,,,,26,2.2,6.7,13:12,,,,,,2025-05-06 18:55:58.176313,2025-05-06 18:55:58.176313
213332,137,2012-01-12,,,,,,,27,1.7,5,15:10,,,,,,2025-05-06 18:55:58.253147,2025-05-06 18:55:58.253147
213348,137,2012-01-13,,,,,,,26,2.2,5.3,14:50,,,,,,2025-05-06 18:55:58.323594,2025-05-06 18:55:58.323594
213364,137,2012-01-14,,,,,,,28,1.4,5.3,14:08,,,,,,2025-05-06 18:55:58.396110,2025-05-06 18:55:58.396110
213380,137,2012-01-15,,,,,,,18,,13.1,09:10,,,,,,2025-05-06 18:55:58.464865,2025-05-06 18:55:58.464865
213396,137,2012-01-16,,,,,,,33,5.8,14.4,13:08,,,,,,2025-05-06 18:55:58.536210,2025-05-06 18:55:58.536210
213411,137,2012-01-17,,,,,,,11,6.7,15.6,08:10,,,,,,2025-05-06 18:55:58.610170,2025-05-06 18:55:58.610170
213427,137,2012-01-18,,,,,,,8,5,15,05:20,,,,,,2025-05-06 18:55:58.684824,2025-05-06 18:55:58.684824
213444,137,2012-01-19,,,,,,,8,1.9,6.4,20:25,,,,,,2025-05-06 18:55:58.758534,2025-05-06 18:55:58.758534
213460,137,2012-01-20,,,,,,,23,1.7,4.2,20:08,,,,,,2025-05-06 18:55:58.832899,2025-05-06 18:55:58.832899
213476,137,2012-01-21,,,,,,,13,3.3,9.2,22:58,,,,,,2025-05-06 18:55:58.909459,2025-05-06 18:55:58.909459
213492,137,2012-01-22,,,,,,,7,4.7,10,02:55,,,,,,2025-05-06 18:55:58.985081,2025-05-06 18:55:58.985081
213507,137,2012-01-23,,,,,,,2,3.9,7.8,14:10,,,,,,2025-05-06 18:55:59.062743,2025-05-06 18:55:59.062743
213522,137,2012-01-24,,,,,,,8,2.8,6.4,00:40,,,,,,2025-05-06 18:55:59.146711,2025-05-06 18:55:59.146711
213538,137,2012-01-25,,,,,,,3,2.2,7.5,20:50,,,,,,2025-05-06 18:55:59.238025,2025-05-06 18:55:59.238025
213554,137,2012-01-26,,,,,,,30,4.4,10,17:10,,,,,,2025-05-06 18:55:59.327880,2025-05-06 18:55:59.327880
213569,137,2012-01-27,,,,,,,1,4.4,10,14:35,,,,,,2025-05-06 18:55:59.409044,2025-05-06 18:55:59.409044
213586,137,2012-01-28,,,,,,,7,4.4,11.7,,,,,,,2025-05-06 18:55:59.495601,2025-05-06 18:55:59.495601
213602,137,2012-01-29,,,,,,,8,5.3,12.8,18:40,,,,,,2025-05-06 18:55:59.570133,2025-05-06 18:55:59.570133
213619,137,2012-01-30,,,,,,,8,5,16.7,21:55,,,,,,2025-05-06 18:55:59.642302,2025-05-06 18:55:59.642302
213635,137,2012-01-31,,,,,,,9,6.1,15,,,,,,,2025-05-06 18:55:59.708492,2025-05-06 18:55:59.708492
213651,137,2012-02-01,,,,,,,11,6.4,13.1,06:55,,,,,,2025-05-06 18:55:59.782858,2025-05-06 18:55:59.782858
213666,137,2012-02-02,,,,,,,6,4.4,13.1,00:40,,,,,,2025-05-06 18:55:59.856783,2025-05-06 18:55:59.856783
213680,137,2012-02-03,,,,,,,5,5.3,12.5,22:50,,,,,,2025-05-06 18:55:59.924581,2025-05-06 18:55:59.924581
213695,137,2012-02-04,,,,,,,6,6.1,16.4,,,,,,,2025-05-06 18:55:59.992729,2025-05-06 18:55:59.992729
213710,137,2012-02-05,,,,,,,8,6.9,21.1,23:55,,,,,,2025-05-06 18:56:00.068970,2025-05-06 18:56:00.068970
213725,137,2012-02-06,,,,,,,8,5.6,21.1,00:15,,,,,,2025-05-06 18:56:00.149059,2025-05-06 18:56:00.149059
213739,137,2012-02-07,,,,,,,4,6.7,13.9,14:30,,,,,,2025-05-06 18:56:00.217073,2025-05-06 18:56:00.217073
213753,137,2012-02-08,,,,,,,7,4.4,12.2,22:08,,,,,,2025-05-06 18:56:00.286088,2025-05-06 18:56:00.286088
213767,137,2012-02-09,,,,,,,6,4.2,14.7,23:25,,,,,,2025-05-06 18:56:00.345870,2025-05-06 18:56:00.345870
213781,137,2012-02-10,,,,,,,8,5.6,14.4,05:35,,,,,,2025-05-06 18:56:00.413953,2025-05-06 18:56:00.413953
213795,137,2012-02-11,,,,,,,8,3.3,8.3,11:35,,,,,,2025-05-06 18:56:00.479061,2025-05-06 18:56:00.479061
213809,137,2012-02-12,,,,,,,2,3.6,8.9,17:45,,,,,,2025-05-06 18:56:00.549920,2025-05-06 18:56:00.549920
213824,137,2012-02-13,,,,,,,36,4.4,11.9,22:10,,,,,,2025-05-06 18:56:00.620023,2025-05-06 18:56:00.620023
213839,137,2012-02-14,,,,,,,6,5,12.5,20:25,,,,,,2025-05-06 18:56:00.688583,2025-05-06 18:56:00.688583
213854,137,2012-02-15,,,,,,,35,4.7,11.1,,,,,,,2025-05-06 18:56:00.757765,2025-05-06 18:56:00.757765
213869,137,2012-02-16,,,,,,,10,2.8,9.2,22:10,,,,,,2025-05-06 18:56:00.828166,2025-05-06 18:56:00.828166
213883,137,2012-02-17,,,,,,,7,5.6,12.2,04:45,,,,,,2025-05-06 18:56:00.888702,2025-05-06 18:56:00.888702
213898,137,2012-02-18,,,,,,,7,4.7,13.3,11:15,,,,,,2025-05-06 18:56:00.950246,2025-05-06 18:56:00.950246
213913,137,2012-02-19,,,,,,,6,5.6,12.2,15:42,,,,,,2025-05-06 18:56:01.009647,2025-05-06 18:56:01.009647
213928,137,2012-02-20,,,,,,,35,5.3,13.6,14:05,,,,,,2025-05-06 18:56:01.067283,2025-05-06 18:56:01.067283
213942,137,2012-02-21,,,,,,,1,5.3,11.9,,,,,,,2025-05-06 18:56:01.120801,2025-05-06 18:56:01.120801
213956,137,2012-02-22,,,,,,,36,3.6,12.8,15:35,,,,,,2025-05-06 18:56:01.178118,2025-05-06 18:56:01.178118
213970,137,2012-02-23,,,,,,,2,4.7,10,16:35,,,,,,2025-05-06 18:56:01.234785,2025-05-06 18:56:01.234785
213985,137,2012-02-24,,,,,,,1,5.8,11.9,,,,,,,2025-05-06 18:56:01.317506,2025-05-06 18:56:01.317506
214000,137,2012-02-25,,,,,,,8,2.8,13.9,03:50,,,,,,2025-05-06 18:57:03.552203,2025-05-06 18:57:03.552203
214015,137,2012-02-26,,,,,,,33,3.1,9.4,14:35,,,,,,2025-05-06 18:57:03.641449,2025-05-06 18:57:03.641449
214031,137,2012-02-27,,,,,,,10,5.6,11.4,07:28,,,,,,2025-05-06 18:57:03.742332,2025-05-06 18:57:03.742332
214047,137,2012-02-28,,,,,,,7,3.3,10.6,23:15,,,,,,2025-05-06 18:57:03.838731,2025-05-06 18:57:03.838731
214063,137,2012-02-29,,,,,,,8,6.1,15,21:15,,,,,,2025-05-06 18:57:03.927501,2025-05-06 18:57:03.927501
214079,137,2012-03-01,,,,,,,6,11.1,14.4,15:38,,,,,,2025-05-06 18:57:04.024906,2025-05-06 18:57:04.024906
214096,137,2012-03-02,,,,,,,8,9.7,20.6,23:30,,,,,,2025-05-06 18:57:04.146409,2025-05-06 18:57:04.146409
214113,137,2012-03-03,,,,,,,6,10.6,19.4,06:30,,,,,,2025-05-06 18:57:04.255581,2025-05-06 18:57:04.255581
214130,137,2012-03-04,,,,,,,8,8.3,21.1,07:52,,,,,,2025-05-06 18:57:04.345055,2025-05-06 18:57:04.345055
214147,137,2012-03-05,,,,,,,8,3.6,13.1,23:52,,,,,,2025-05-06 18:57:04.445800,2025-05-06 18:57:04.445800
214164,137,2012-03-06,,,,,,,6,7.8,20.6,05:10,,,,,,2025-05-06 18:57:04.544680,2025-05-06 18:57:04.544680
214181,137,2012-03-07,,,,,,,7,7.8,15.6,08:30,,,,,,2025-05-06 18:57:04.635441,2025-05-06 18:57:04.635441
214198,137,2012-03-08,,,,,,,8,3.6,15.6,08:52,,,,,,2025-05-06 18:57:04.729399,2025-05-06 18:57:04.729399
214215,137,2012-03-09,,,,,,,10,2.5,8.9,,,,,,,2025-05-06 18:57:04.811851,2025-05-06 18:57:04.811851
214232,137,2012-03-10,,,,,,,1,3.3,8.9,15:20,,,,,,2025-05-06 18:57:04.904617,2025-05-06 18:57:04.904617
214249,137,2012-03-11,,,,,,,24,2.2,6.7,14:40,,,,,,2025-05-06 18:57:04.995702,2025-05-06 18:57:04.995702
214265,137,2012-03-12,,,,,,,10,2.8,8.1,17:05,,,,,,2025-05-06 18:57:05.089592,2025-05-06 18:57:05.089592
214281,137,2012-03-13,,,,,,,1,4.2,10,14:30,,,,,,2025-05-06 18:57:05.175635,2025-05-06 18:57:05.175635
214297,137,2012-03-14,,,,,,,36,4.4,11.4,12:55,,,,,,2025-05-06 18:57:05.260315,2025-05-06 18:57:05.260315
214313,137,2012-03-15,,,,,,,1,2.5,7.5,,,,,,,2025-05-06 18:57:05.339391,2025-05-06 18:57:05.339391
214329,137,2012-03-16,,,,,,,6,2.2,13.9,22:20,,,,,,2025-05-06 18:57:05.415741,2025-05-06 18:57:05.415741
214345,137,2012-03-17,,,,,,,7,6.4,16.9,,,,,,,2025-05-06 18:57:05.490129,2025-05-06 18:57:05.490129
214360,137,2012-03-18,,,,,,,4,6.4,17.5,15:50,,,,,,2025-05-06 18:57:05.557430,2025-05-06 18:57:05.557430
214376,137,2012-03-19,,,,,,,8,12.5,20.6,18:15,,,,,,2025-05-06 18:57:05.627846,2025-05-06 18:57:05.627846
214392,137,2012-03-20,,,,,,,7,6.9,16.4,08:58,,,,,,2025-05-06 18:57:05.695328,2025-05-06 18:57:05.695328
214408,137,2012-03-21,,,,,,,8,5.6,16.1,19:45,,,,,,2025-05-06 18:57:05.761812,2025-05-06 18:57:05.761812
214425,137,2012-03-22,,,,,,,8,3.3,16.1,01:05,,,,,,2025-05-06 18:57:05.835186,2025-05-06 18:57:05.835186
214442,137,2012-03-23,,,,,,,1,3.6,9.4,17:10,,,,,,2025-05-06 18:57:05.913721,2025-05-06 18:57:05.913721
214459,137,2012-03-24,,,,,,,1,5.3,11.1,,,,,,,2025-05-06 18:57:05.999803,2025-05-06 18:57:05.999803
214476,137,2012-03-25,,,,,,,88,5.3,11.9,13:05,,,,,,2025-05-06 18:57:06.088787,2025-05-06 18:57:06.088787
214493,137,2012-03-26,,,,,,,1,6.9,13.1,13:42,,,,,,2025-05-06 18:57:06.179090,2025-05-06 18:57:06.179090
214509,137,2012-03-27,,,,,,,4,4.2,10.6,02:35,,,,,,2025-05-06 18:57:06.259319,2025-05-06 18:57:06.259319
214525,137,2012-03-28,,,,,,,1,2.8,6.9,,,,,,,2025-05-06 18:57:06.346335,2025-05-06 18:57:06.346335
214542,137,2012-03-29,,,,,,,1,3.6,6.9,17:05,,,,,,2025-05-06 18:57:06.434215,2025-05-06 18:57:06.434215
214559,137,2012-03-30,,,,,,,3,2.5,7.5,19:55,,,,,,2025-05-06 18:57:06.524029,2025-05-06 18:57:06.524029
214576,137,2012-03-31,,,,,,,2,3.1,7.5,13:50,,,,,,2025-05-06 18:57:06.639291,2025-05-06 18:57:06.639291
214592,137,2012-04-01,,,,,,,3,2.8,8.1,14:25,,,,,,2025-05-06 18:57:06.728697,2025-05-06 18:57:06.728697
214608,137,2012-04-02,,,,,,,1,3.6,8.1,14:35,,,,,,2025-05-06 18:57:06.815235,2025-05-06 18:57:06.815235
214624,137,2012-04-03,,,,,,,34,3.3,8.1,14:50,,,,,,2025-05-06 18:57:06.903474,2025-05-06 18:57:06.903474
214639,137,2012-04-04,,,,,,,1,3.1,6.9,16:50,,,,,,2025-05-06 18:57:06.981918,2025-05-06 18:57:06.981918
214655,137,2012-04-05,,,,,,,1,2.8,8.1,16:45,,,,,,2025-05-06 18:57:07.058507,2025-05-06 18:57:07.058507
214671,137,2012-04-06,,,,,,,35,4.7,8.6,,,,,,,2025-05-06 18:57:07.133901,2025-05-06 18:57:07.133901
214687,137,2012-04-07,,,,,,,29,2.5,8.9,14:25,,,,,,2025-05-06 18:57:07.212633,2025-05-06 18:57:07.212633
214702,137,2012-04-08,,,,,,,25,3.1,8.9,15:35,,,,,,2025-05-06 18:57:07.285376,2025-05-06 18:57:07.285376
214717,137,2012-04-09,,,,,,,36,3.9,8.6,18:15,,,,,,2025-05-06 18:57:07.358250,2025-05-06 18:57:07.358250
214731,137,2012-04-10,,,,,,,7,5.8,12.5,20:35,,,,,,2025-05-06 18:57:07.422714,2025-05-06 18:57:07.422714
214746,137,2012-04-11,,,,,,,1,3.3,11.9,06:38,,,,,,2025-05-06 18:57:07.496414,2025-05-06 18:57:07.496414
214761,137,2012-04-12,,,,,,,7,3.1,8.1,18:10,,,,,,2025-05-06 18:57:07.569030,2025-05-06 18:57:07.569030
214775,137,2012-04-13,,,,,,,36,6.1,13.6,,,,,,,2025-05-06 18:57:07.636078,2025-05-06 18:57:07.636078
214790,137,2012-04-14,,,,,,,1,5.6,14.4,14:40,,,,,,2025-05-06 18:57:07.709290,2025-05-06 18:57:07.709290
214803,137,2012-04-15,,,,,,,6,4.4,12.5,20:30,,,,,,2025-05-06 18:57:07.774541,2025-05-06 18:57:07.774541
214818,137,2012-04-16,,,,,,,5,5.3,15,14:15,,,,,,2025-05-06 18:57:07.844201,2025-05-06 18:57:07.844201
214835,137,2012-04-17,,,,,,,5,6.9,13.9,01:35,,,,,,2025-05-06 18:57:07.928115,2025-05-06 18:57:07.928115
214852,137,2012-04-18,,,,,,,9,10,19.4,02:50,,,,,,2025-05-06 18:57:08.011278,2025-05-06 18:57:08.011278
214869,137,2012-04-19,,,,,,,8,8.6,20.6,08:00,,,,,,2025-05-06 18:57:08.089113,2025-05-06 18:57:08.089113
225003,137,2014-01-04,,,,,,,10,4.7,16.1,23:50,,,,,,2025-05-06 19:01:07.863875,2025-05-06 19:01:07.863875
215189,137,2012-05-10,,,,,,,1,5,10,13:08,,,,,,2025-05-06 18:57:09.613357,2025-05-06 18:57:09.613357
215205,137,2012-05-11,,,,,,,8,6.9,16.7,23:52,,,,,,2025-05-06 18:57:09.685220,2025-05-06 18:57:09.685220
215221,137,2012-05-12,,,,,,,8,1.7,17.2,00:08,,,,,,2025-05-06 18:57:09.768467,2025-05-06 18:57:09.768467
215237,137,2012-05-13,,,,,,,8,2.8,12.5,05:35,,,,,,2025-05-06 18:57:09.859501,2025-05-06 18:57:09.859501
215253,137,2012-05-14,,,,,,,7,1.4,13.9,01:20,,,,,,2025-05-06 18:57:09.943382,2025-05-06 18:57:09.943382
215269,137,2012-05-15,,,,,,,24,1.7,5,13:45,,,,,,2025-05-06 18:57:10.027016,2025-05-06 18:57:10.027016
215285,137,2012-05-16,,,,,,,24,2.2,6.1,16:25,,,,,,2025-05-06 18:57:10.113773,2025-05-06 18:57:10.113773
215301,137,2012-05-17,,,,,,,4,3.9,10,20:15,,,,,,2025-05-06 18:57:10.203267,2025-05-06 18:57:10.203267
215317,137,2012-05-18,,,,,,,2,5.6,11.1,11:58,,,,,,2025-05-06 18:57:10.291985,2025-05-06 18:57:10.291985
215333,137,2012-05-19,,,,,,,5,3.9,10.6,23:45,,,,,,2025-05-06 18:57:10.373069,2025-05-06 18:57:10.373069
215348,137,2012-05-20,,,,,,,1,5,14.4,14:38,,,,,,2025-05-06 18:57:10.448308,2025-05-06 18:57:10.448308
215362,137,2012-05-21,,,,,,,1,5.8,11.4,17:50,,,,,,2025-05-06 18:57:10.517159,2025-05-06 18:57:10.517159
215394,137,2012-05-23,,,,,,,10,6.4,13.1,04:15,,,,,,2025-05-06 18:57:10.676891,2025-05-06 18:57:10.676891
215410,137,2012-05-24,,,,,,,1,6.9,12.2,12:15,,,,,,2025-05-06 18:57:10.742771,2025-05-06 18:57:10.742771
215425,137,2012-05-25,,,,,,,6,4.7,17.8,23:50,,,,,,2025-05-06 18:57:10.805517,2025-05-06 18:57:10.805517
215441,137,2012-05-26,,,,,,,8,6.1,16.1,00:02,,,,,,2025-05-06 18:57:10.871608,2025-05-06 18:57:10.871608
215457,137,2012-05-27,,,,,,,2,5.3,11.9,15:30,,,,,,2025-05-06 18:57:10.936502,2025-05-06 18:57:10.936502
215473,137,2012-05-28,,,,,,,3,4.2,9.4,15:48,,,,,,2025-05-06 18:57:11.007393,2025-05-06 18:57:11.007393
226428,137,2014-03-31,,,,,,,27,4.4,15,15:20,,,,,,2025-05-06 19:02:17.904719,2025-05-06 19:02:17.904719
215490,137,2012-05-29,,,,,,,2,4.2,11.1,12:20,,,,,,2025-05-06 18:57:11.079990,2025-05-06 18:57:11.079990
215507,137,2012-05-30,,,,,,,2,4.4,9.7,15:35,,,,,,2025-05-06 18:57:11.157374,2025-05-06 18:57:11.157374
215524,137,2012-05-31,,,,,,,1,5,10,16:22,,,,,,2025-05-06 18:57:11.230116,2025-05-06 18:57:11.230116
215541,137,2012-06-01,,,,,,,2,4.4,9.2,18:25,,,,,,2025-05-06 18:57:11.312668,2025-05-06 18:57:11.312668
215558,137,2012-06-02,,,,,,,2,4.4,10.6,10:58,,,,,,2025-05-06 18:57:11.395956,2025-05-06 18:57:11.395956
215575,137,2012-06-03,,,,,,,2,4.7,9.2,,,,,,,2025-05-06 18:57:11.472718,2025-05-06 18:57:11.472718
215592,137,2012-06-04,,,,,,,6,5.3,13.1,05:25,,,,,,2025-05-06 18:57:11.551147,2025-05-06 18:57:11.551147
215608,137,2012-06-05,,,,,,,36,4.7,11.9,20:08,,,,,,2025-05-06 18:57:11.638606,2025-05-06 18:57:11.638606
215624,137,2012-06-06,,,,,,,7,5.3,11.4,03:00,,,,,,2025-05-06 18:57:11.723470,2025-05-06 18:57:11.723470
215641,137,2012-06-07,,,,,,,8,3.3,6.9,,,,,,,2025-05-06 18:57:11.808953,2025-05-06 18:57:11.808953
215658,137,2012-06-08,,,,,,,2,3.6,11.1,,,,,,,2025-05-06 18:57:11.894753,2025-05-06 18:57:11.894753
215675,137,2012-06-09,,,,,,,6,6.4,13.3,16:50,,,,,,2025-05-06 18:57:11.984897,2025-05-06 18:57:11.984897
215692,137,2012-06-10,,,,,,,7,6.4,13.6,13:40,,,,,,2025-05-06 18:57:12.067200,2025-05-06 18:57:12.067200
215709,137,2012-06-11,,,,,,,5,6.1,13.6,,,,,,,2025-05-06 18:57:12.166942,2025-05-06 18:57:12.166942
215726,137,2012-06-12,,,,,,,6,6.4,13.3,16:42,,,,,,2025-05-06 18:57:12.271189,2025-05-06 18:57:12.271189
215743,137,2012-06-13,,,,,,,4,5.3,12.5,,,,,,,2025-05-06 18:57:12.359678,2025-05-06 18:57:12.359678
215760,137,2012-06-14,,,,,,,7,6.4,16.7,22:30,,,,,,2025-05-06 18:57:12.442207,2025-05-06 18:57:12.442207
215775,137,2012-06-15,,,,,,,6,7.8,18.1,,,,,,,2025-05-06 18:57:12.519057,2025-05-06 18:57:12.519057
215792,137,2012-06-16,,,,,,,6,7.8,15,11:10,,,,,,2025-05-06 18:57:12.604134,2025-05-06 18:57:12.604134
215809,137,2012-06-17,,,,,,,0,6.4,,,,,,,,2025-05-06 18:57:12.689121,2025-05-06 18:57:12.689121
227864,137,2014-06-25,,,,,,,36,4.7,10.8,10:55,,,,,,2025-05-06 19:02:25.387048,2025-05-06 19:02:25.387048
215826,137,2012-06-18,,,,,,,2,5.8,11.1,11:15,,,,,,2025-05-06 18:57:12.776589,2025-05-06 18:57:12.776589
215859,137,2012-06-20,,,,,,,2,3.9,8.3,18:38,,,,,,2025-05-06 18:57:12.943731,2025-05-06 18:57:12.943731
215876,137,2012-06-21,,,,,,,0,4.7,,,,,,,,2025-05-06 18:57:13.029504,2025-05-06 18:57:13.029504
215893,137,2012-06-22,,,,,,,5,6.1,15.6,06:50,,,,,,2025-05-06 18:57:13.115814,2025-05-06 18:57:13.115814
215910,137,2012-06-23,,,,,,,2,5.8,13.9,14:20,,,,,,2025-05-06 18:57:13.194481,2025-05-06 18:57:13.194481
215927,137,2012-06-24,,,,,,,7,6.1,13.9,05:55,,,,,,2025-05-06 18:57:13.268923,2025-05-06 18:57:13.268923
215944,137,2012-06-25,,,,,,,2,1.4,8.1,02:45,,,,,,2025-05-06 18:57:13.341979,2025-05-06 18:57:13.341979
215961,137,2012-06-26,,,,,,,9,2.8,9.4,00:50,,,,,,2025-05-06 18:57:13.417919,2025-05-06 18:57:13.417919
215978,137,2012-06-27,,,,,,,12,5.8,11.1,04:25,,,,,,2025-05-06 18:57:13.509068,2025-05-06 18:57:13.509068
227975,137,2014-07-02,,,,,,,7,5.3,16.4,04:56,,,,,,2025-05-06 19:02:25.978652,2025-05-06 19:02:25.978652
215995,137,2012-06-28,,,,,,,8,6.4,14.7,23:58,,,,,,2025-05-06 18:57:13.605082,2025-05-06 18:57:13.605082
216011,137,2012-06-29,,,,,,,9,8.3,19.4,22:48,,,,,,2025-05-06 18:57:13.692712,2025-05-06 18:57:13.692712
216027,137,2012-06-30,,,,,,,8,14.4,23.9,09:08,,,,,,2025-05-06 18:57:13.769534,2025-05-06 18:57:13.769534
216043,137,2012-07-01,,,,,,,6,6.1,15.6,05:20,,,,,,2025-05-06 18:57:13.845681,2025-05-06 18:57:13.845681
216059,137,2012-07-02,,,,,,,2,5.8,13.1,14:20,,,,,,2025-05-06 18:57:13.921975,2025-05-06 18:57:13.921975
216075,137,2012-07-03,,,,,,,10,6.7,16.1,23:08,,,,,,2025-05-06 18:57:14.002878,2025-05-06 18:57:14.002878
216091,137,2012-07-04,,,,,,,8,9.7,20,08:42,,,,,,2025-05-06 18:57:14.088171,2025-05-06 18:57:14.088171
216107,137,2012-07-05,,,,,,,8,9.7,20,07:42,,,,,,2025-05-06 18:57:14.172866,2025-05-06 18:57:14.172866
216123,137,2012-07-06,,,,,,,3,5.3,15,15:35,,,,,,2025-05-06 18:57:14.253591,2025-05-06 18:57:14.253591
216139,137,2012-07-07,,,,,,,6,6.4,13.1,09:28,,,,,,2025-05-06 18:57:14.339209,2025-05-06 18:57:14.339209
216155,137,2012-07-08,,,,,,,4,6.9,16.9,23:42,,,,,,2025-05-06 18:57:14.437064,2025-05-06 18:57:14.437064
216171,137,2012-07-09,,,,,,,4,7.8,18.1,16:42,,,,,,2025-05-06 18:57:14.526588,2025-05-06 18:57:14.526588
216187,137,2012-07-10,,,,,,,9,8.9,18.9,20:30,,,,,,2025-05-06 18:57:14.619706,2025-05-06 18:57:14.619706
216202,137,2012-07-11,,,,,,,7,10,18.9,09:56,,,,,,2025-05-06 18:57:14.696867,2025-05-06 18:57:14.696867
216217,137,2012-07-12,,,,,,,8,10.3,21.1,04:38,,,,,,2025-05-06 18:57:14.779246,2025-05-06 18:57:14.779246
216233,137,2012-07-13,,,,,,,5,7.8,16.1,05:08,,,,,,2025-05-06 18:57:14.862785,2025-05-06 18:57:14.862785
216247,137,2012-07-14,,,,,,,9,10,24.4,23:58,,,,,,2025-05-06 18:57:14.938039,2025-05-06 18:57:14.938039
216262,137,2012-07-15,,,,,,,8,12.5,24.4,07:45,,,,,,2025-05-06 18:57:15.008561,2025-05-06 18:57:15.008561
216277,137,2012-07-16,,,,,,,8,6.7,17.5,00:18,,,,,,2025-05-06 18:57:15.075481,2025-05-06 18:57:15.075481
216292,137,2012-07-17,,,,,,,11,4.7,15.6,00:22,,,,,,2025-05-06 18:57:15.140450,2025-05-06 18:57:15.140450
216306,137,2012-07-18,,,,,,,11,5.6,12.5,00:32,,,,,,2025-05-06 18:57:15.212284,2025-05-06 18:57:15.212284
216321,137,2012-07-19,,,,,,,7,5.6,18.9,22:25,,,,,,2025-05-06 18:57:15.286776,2025-05-06 18:57:15.286776
216336,137,2012-07-20,,,,,,,7,8.9,20.6,01:00,,,,,,2025-05-06 18:57:15.357064,2025-05-06 18:57:15.357064
216351,137,2012-07-21,,,,,,,9,5.3,17.5,,,,,,,2025-05-06 18:57:15.443069,2025-05-06 18:57:15.443069
216366,137,2012-07-22,,,,,,,3,1.9,9.7,,,,,,,2025-05-06 18:57:15.518897,2025-05-06 18:57:15.518897
216381,137,2012-07-23,,,,,,,8,3.9,18.3,02:30,,,,,,2025-05-06 18:57:15.607561,2025-05-06 18:57:15.607561
216396,137,2012-07-24,,,,,,,11,5,16.7,20:15,,,,,,2025-05-06 18:57:15.686521,2025-05-06 18:57:15.686521
216410,137,2012-07-25,,,,,,,11,7.8,17.8,08:20,,,,,,2025-05-06 18:57:15.761732,2025-05-06 18:57:15.761732
216425,137,2012-07-26,,,,,,,9,4.4,17.5,,,,,,,2025-05-06 18:57:15.836402,2025-05-06 18:57:15.836402
216441,137,2012-07-27,,,,,,,8,4.7,11.9,02:30,,,,,,2025-05-06 18:57:15.916286,2025-05-06 18:57:15.916286
216490,137,2012-07-30,,,,,,,5,5.8,14.4,15:10,,,,,,2025-05-06 18:57:16.155664,2025-05-06 18:57:16.155664
216507,137,2012-07-31,,,,,,,9,6.7,17.5,05:40,,,,,,2025-05-06 18:57:16.257785,2025-05-06 18:57:16.257785
216524,137,2012-08-01,,,,,,,9,7.2,18.9,01:35,,,,,,2025-05-06 18:57:16.350234,2025-05-06 18:57:16.350234
216541,137,2012-08-02,,,,,,,11,7.2,19.7,00:25,,,,,,2025-05-06 18:57:16.430601,2025-05-06 18:57:16.430601
216558,137,2012-08-03,,,,,,,9,8.3,20,15:48,,,,,,2025-05-06 18:57:16.526035,2025-05-06 18:57:16.526035
216575,137,2012-08-04,,,,,,,10,7.5,16.9,01:08,,,,,,2025-05-06 18:57:16.612486,2025-05-06 18:57:16.612486
216592,137,2012-08-05,,,,,,,8,8.6,18.6,10:52,,,,,,2025-05-06 18:57:16.713117,2025-05-06 18:57:16.713117
216609,137,2012-08-06,,,,,,,8,7.8,20.6,03:15,,,,,,2025-05-06 18:57:16.804042,2025-05-06 18:57:16.804042
216626,137,2012-08-07,,,,,,,2,5.3,11.9,,,,,,,2025-05-06 18:57:16.889114,2025-05-06 18:57:16.889114
216641,137,2012-08-08,,,,,,,3,5.6,13.9,13:15,,,,,,2025-05-06 18:57:16.960797,2025-05-06 18:57:16.960797
216658,137,2012-08-09,,,,,,,9,6.4,20,23:55,,,,,,2025-05-06 18:57:17.035472,2025-05-06 18:57:17.035472
216674,137,2012-08-10,,,,,,,9,4.7,21.4,00:02,,,,,,2025-05-06 18:57:17.108441,2025-05-06 18:57:17.108441
216690,137,2012-08-11,,,,,,,35,3.9,15,00:32,,,,,,2025-05-06 18:57:17.183745,2025-05-06 18:57:17.183745
216703,137,2012-08-12,,,,,,,8,9.2,19.7,19:12,,,,,,2025-05-06 18:57:17.244306,2025-05-06 18:57:17.244306
216716,137,2012-08-13,,,,,,,8,6.9,18.1,,,,,,,2025-05-06 18:57:17.311050,2025-05-06 18:57:17.311050
216732,137,2012-08-14,,,,,,,11,5.3,11.4,03:20,,,,,,2025-05-06 18:57:17.391729,2025-05-06 18:57:17.391729
216748,137,2012-08-15,,,,,,,2,4.4,10.6,13:10,,,,,,2025-05-06 18:57:17.482909,2025-05-06 18:57:17.482909
216764,137,2012-08-16,,,,,,,2,4.4,11.7,15:08,,,,,,2025-05-06 18:57:17.560186,2025-05-06 18:57:17.560186
216780,137,2012-08-17,,,,,,,8,5.8,13.6,23:15,,,,,,2025-05-06 18:57:17.633978,2025-05-06 18:57:17.633978
216797,137,2012-08-18,,,,,,,9,4.4,14.4,01:40,,,,,,2025-05-06 18:57:17.713742,2025-05-06 18:57:17.713742
216814,137,2012-08-19,,,,,,,8,5.3,16.1,,,,,,,2025-05-06 18:57:17.795115,2025-05-06 18:57:17.795115
216831,137,2012-08-20,,,,,,,11,5,13.1,02:50,,,,,,2025-05-06 18:57:17.874574,2025-05-06 18:57:17.874574
216848,137,2012-08-21,,,,,,,10,9.7,18.6,23:45,,,,,,2025-05-06 18:57:17.954723,2025-05-06 18:57:17.954723
216865,137,2012-08-22,,,,,,,8,8.3,16.9,,,,,,,2025-05-06 18:57:18.031582,2025-05-06 18:57:18.031582
216882,137,2012-08-23,,,,,,,10,5.8,16.9,00:30,,,,,,2025-05-06 18:58:20.894411,2025-05-06 18:58:20.894411
216899,137,2012-08-24,,,,,,,6,5.3,16.1,21:55,,,,,,2025-05-06 18:58:20.996067,2025-05-06 18:58:20.996067
216916,137,2012-08-25,,,,,,,9,7.2,16.4,,,,,,,2025-05-06 18:58:21.086900,2025-05-06 18:58:21.086900
216933,137,2012-08-26,,,,,,,8,9.7,21.4,06:18,,,,,,2025-05-06 18:58:21.210399,2025-05-06 18:58:21.210399
216950,137,2012-08-27,,,,,,,9,9.7,17.5,,,,,,,2025-05-06 18:58:21.315394,2025-05-06 18:58:21.315394
216967,137,2012-08-28,,,,,,,8,9.7,17.8,20:58,,,,,,2025-05-06 18:58:21.407654,2025-05-06 18:58:21.407654
216984,137,2012-08-29,,,,,,,9,8.9,21.4,20:45,,,,,,2025-05-06 18:58:21.501996,2025-05-06 18:58:21.501996
217001,137,2012-08-30,,,,,,,7,12.5,19.7,11:48,,,,,,2025-05-06 18:58:21.600637,2025-05-06 18:58:21.600637
217018,137,2012-08-31,,,,,,,7,7.8,16.1,03:55,,,,,,2025-05-06 18:58:21.687407,2025-05-06 18:58:21.687407
217035,137,2012-09-01,,,,,,,2,6.4,13.1,13:50,,,,,,2025-05-06 18:58:21.778316,2025-05-06 18:58:21.778316
217052,137,2012-09-02,,,,,,,9,4.7,15,22:20,,,,,,2025-05-06 18:58:21.864314,2025-05-06 18:58:21.864314
217068,137,2012-09-03,,,,,,,36,4.7,11.4,00:32,,,,,,2025-05-06 18:58:21.940838,2025-05-06 18:58:21.940838
217084,137,2012-09-04,,,,,,,1,3.3,9.7,16:28,,,,,,2025-05-06 18:58:22.017100,2025-05-06 18:58:22.017100
217101,137,2012-09-05,,,,,,,2,3.9,9.4,14:38,,,,,,2025-05-06 18:58:22.101910,2025-05-06 18:58:22.101910
217118,137,2012-09-06,,,,,,,2,3.1,8.1,18:32,,,,,,2025-05-06 18:58:22.188479,2025-05-06 18:58:22.188479
217134,137,2012-09-07,,,,,,,3,3.1,8.1,10:58,,,,,,2025-05-06 18:58:22.267636,2025-05-06 18:58:22.267636
217151,137,2012-09-08,,,,,,,10,2.8,9.7,13:55,,,,,,2025-05-06 18:58:22.362653,2025-05-06 18:58:22.362653
217168,137,2012-09-09,,,,,,,25,3.1,11.7,23:42,,,,,,2025-05-06 18:58:22.452312,2025-05-06 18:58:22.452312
217183,137,2012-09-10,,,,,,,9,6.7,13.9,,,,,,,2025-05-06 18:58:22.527662,2025-05-06 18:58:22.527662
217198,137,2012-09-11,,,,,,,1,3.9,9.4,15:28,,,,,,2025-05-06 18:58:22.605091,2025-05-06 18:58:22.605091
217213,137,2012-09-12,,,,,,,1,4.4,10,,,,,,,2025-05-06 18:58:22.685000,2025-05-06 18:58:22.685000
217229,137,2012-09-13,,,,,,,12,2.8,11.1,21:30,,,,,,2025-05-06 18:58:22.775904,2025-05-06 18:58:22.775904
217246,137,2012-09-14,,,,,,,1,1.9,6.4,14:48,,,,,,2025-05-06 18:58:22.882812,2025-05-06 18:58:22.882812
217264,137,2012-09-15,,,,,,,1,1.4,5.3,,,,,,,2025-05-06 18:58:22.995187,2025-05-06 18:58:22.995187
217282,137,2012-09-16,,,,,,,9,1.9,6.1,14:32,,,,,,2025-05-06 18:58:23.095108,2025-05-06 18:58:23.095108
217299,137,2012-09-17,,,,,,,31,1.9,5.6,,,,,,,2025-05-06 18:58:23.189709,2025-05-06 18:58:23.189709
217315,137,2012-09-18,,,,,,,2,2.5,8.1,13:12,,,,,,2025-05-06 18:58:23.275833,2025-05-06 18:58:23.275833
217333,137,2012-09-19,,,,,,,4,5.6,11.1,14:30,,,,,,2025-05-06 18:58:23.375351,2025-05-06 18:58:23.375351
217367,137,2012-09-21,,,,,,,26,1.4,5,12:35,,,,,,2025-05-06 18:58:23.537514,2025-05-06 18:58:23.537514
217385,137,2012-09-22,,,,,,,30,2.2,5,,,,,,,2025-05-06 18:58:23.624338,2025-05-06 18:58:23.624338
217403,137,2012-09-23,,,,,,,26,0.8,4.4,15:08,,,,,,2025-05-06 18:58:23.728697,2025-05-06 18:58:23.728697
217420,137,2012-09-24,,,,,,,28,1.7,5,11:25,,,,,,2025-05-06 18:58:23.828239,2025-05-06 18:58:23.828239
217437,137,2012-09-25,,,,,,,26,2.2,6.1,16:50,,,,,,2025-05-06 18:58:23.922338,2025-05-06 18:58:23.922338
217454,137,2012-09-26,,,,,,,22,2.2,8.9,04:42,,,,,,2025-05-06 18:58:24.010359,2025-05-06 18:58:24.010359
217470,137,2012-09-27,,,,,,,1,3.3,8.1,,,,,,,2025-05-06 18:58:24.088852,2025-05-06 18:58:24.088852
217488,137,2012-09-28,,,,,,,2,3.6,8.9,19:15,,,,,,2025-05-06 18:58:24.177553,2025-05-06 18:58:24.177553
217505,137,2012-09-29,,,,,,,4,4.2,8.9,18:35,,,,,,2025-05-06 18:58:24.267807,2025-05-06 18:58:24.267807
217537,137,2012-10-01,,,,,,,2,3.9,8.3,,,,,,,2025-05-06 18:58:24.432913,2025-05-06 18:58:24.432913
217555,137,2012-10-02,,,,,,,1,3.9,8.9,13:44,,,,,,2025-05-06 18:58:24.527120,2025-05-06 18:58:24.527120
217573,137,2012-10-03,,,,,,,8,2.2,8.9,01:30,,,,,,2025-05-06 18:58:24.625200,2025-05-06 18:58:24.625200
217590,137,2012-10-04,,,,,,,2,1.1,5.8,14:12,,,,,,2025-05-06 18:58:24.706630,2025-05-06 18:58:24.706630
228764,137,2014-08-19,,,,,,,8,5.6,20.8,08:50,,,,,,2025-05-06 19:03:32.969719,2025-05-06 19:03:32.969719
217607,137,2012-10-05,,,,,,,1,2.5,7.2,13:08,,,,,,2025-05-06 18:58:24.790782,2025-05-06 18:58:24.790782
217624,137,2012-10-06,,,,,,,28,1.4,5.6,14:08,,,,,,2025-05-06 18:58:24.886640,2025-05-06 18:58:24.886640
217641,137,2012-10-07,,,,,,,2,1.7,9.2,16:03,,,,,,2025-05-06 18:58:24.983407,2025-05-06 18:58:24.983407
217658,137,2012-10-08,,,,,,,6,5.3,11.4,,,,,,,2025-05-06 18:58:25.084413,2025-05-06 18:58:25.084413
217674,137,2012-10-09,,,,,,,9,4.2,11.7,02:32,,,,,,2025-05-06 18:58:25.178294,2025-05-06 18:58:25.178294
217690,137,2012-10-10,,,,,,,8,3.9,10,02:40,,,,,,2025-05-06 18:58:25.262094,2025-05-06 18:58:25.262094
217708,137,2012-10-11,,,,,,,7,8.1,15.6,18:03,,,,,,2025-05-06 18:58:25.350080,2025-05-06 18:58:25.350080
217725,137,2012-10-12,,,,,,,8,7.2,16.1,05:55,,,,,,2025-05-06 18:58:25.432250,2025-05-06 18:58:25.432250
217742,137,2012-10-13,,,,,,,2,4.7,11.1,16:45,,,,,,2025-05-06 18:58:25.518956,2025-05-06 18:58:25.518956
217759,137,2012-10-14,,,,,,,2,3.9,9.2,15:30,,,,,,2025-05-06 18:58:25.602893,2025-05-06 18:58:25.602893
217776,137,2012-10-15,,,,,,,2,3.6,8.9,15:50,,,,,,2025-05-06 18:58:25.686719,2025-05-06 18:58:25.686719
217794,137,2012-10-16,,,,,,,1,3.9,8.9,,,,,,,2025-05-06 18:58:25.780240,2025-05-06 18:58:25.780240
217811,137,2012-10-17,,,,,,,2,2.5,6.4,,,,,,,2025-05-06 18:58:25.862191,2025-05-06 18:58:25.862191
217829,137,2012-10-18,,,,,,,3,1.4,11.1,17:35,,,,,,2025-05-06 18:58:25.946359,2025-05-06 18:58:25.946359
217847,137,2012-10-19,,,,,,,9,3.3,8.9,00:08,,,,,,2025-05-06 18:58:26.025689,2025-05-06 18:58:26.025689
217865,137,2012-10-20,,,,,,,5,3.1,8.1,04:18,,,,,,2025-05-06 18:58:26.112464,2025-05-06 18:58:26.112464
217882,137,2012-10-21,,,,,,,13,2.2,6.9,00:35,,,,,,2025-05-06 18:58:26.196652,2025-05-06 18:58:26.196652
217899,137,2012-10-22,,,,,,,28,1.7,5,,,,,,,2025-05-06 18:58:26.280667,2025-05-06 18:58:26.280667
217915,137,2012-10-23,,,,,,,23,4.2,13.6,15:32,,,,,,2025-05-06 18:58:26.360346,2025-05-06 18:58:26.360346
217931,137,2012-10-24,,,,,,,28,4.4,11.1,12:15,,,,,,2025-05-06 18:58:26.447933,2025-05-06 18:58:26.447933
217948,137,2012-10-25,,,,,,,25,1.9,6.9,00:10,,,,,,2025-05-06 18:58:26.549575,2025-05-06 18:58:26.549575
217965,137,2012-10-26,,,,,,,1,1.9,5,15:55,,,,,,2025-05-06 18:58:26.646317,2025-05-06 18:58:26.646317
217983,137,2012-10-27,,,,,,,26,1.4,5,12:15,,,,,,2025-05-06 18:58:26.744665,2025-05-06 18:58:26.744665
218001,137,2012-10-28,,,,,,,24,3.1,13.1,20:40,,,,,,2025-05-06 18:58:26.837368,2025-05-06 18:58:26.837368
218019,137,2012-10-29,,,,,,,24,2.2,8.9,,,,,,,2025-05-06 18:58:26.929350,2025-05-06 18:58:26.929350
218037,137,2012-10-30,,,,,,,22,6.9,25.6,12:45,,,,,,2025-05-06 18:58:27.017005,2025-05-06 18:58:27.017005
218055,137,2012-10-31,,,,,,,30,6.4,21.1,02:45,,,,,,2025-05-06 18:58:27.103326,2025-05-06 18:58:27.103326
218073,137,2012-11-01,,,,,,,24,3.1,16.9,01:35,,,,,,2025-05-06 18:58:27.193467,2025-05-06 18:58:27.193467
218091,137,2012-11-02,,,,,,,26,3.6,8.3,17:58,,,,,,2025-05-06 18:58:27.278711,2025-05-06 18:58:27.278711
218109,137,2012-11-03,,,,,,,22,1.7,11.1,20:30,,,,,,2025-05-06 18:58:27.365443,2025-05-06 18:58:27.365443
218127,137,2012-11-04,,,,,,,22,1.1,10,,,,,,,2025-05-06 18:58:27.449245,2025-05-06 18:58:27.449245
218145,137,2012-11-05,,,,,,,14,1.1,13.9,07:48,,,,,,2025-05-06 18:58:27.528527,2025-05-06 18:58:27.528527
218163,137,2012-11-06,,,,,,,26,1.7,5,13:22,,,,,,2025-05-06 18:58:27.617694,2025-05-06 18:58:27.617694
218180,137,2012-11-07,,,,,,,3,3.3,7.2,,,,,,,2025-05-06 18:58:27.713709,2025-05-06 18:58:27.713709
218198,137,2012-11-08,,,,,,,14,1.7,10.6,04:42,,,,,,2025-05-06 18:58:27.805832,2025-05-06 18:58:27.805832
218216,137,2012-11-09,,,,,,,32,1.7,6.4,13:05,,,,,,2025-05-06 18:58:27.902015,2025-05-06 18:58:27.902015
218234,137,2012-11-10,,,,,,,8,4.2,12.5,14:38,,,,,,2025-05-06 18:58:27.999050,2025-05-06 18:58:27.999050
218252,137,2012-11-11,,,,,,,22,3.9,13.6,19:18,,,,,,2025-05-06 18:58:28.091498,2025-05-06 18:58:28.091498
218269,137,2012-11-12,,,,,,,6,4.2,11.9,12:12,,,,,,2025-05-06 18:58:28.179256,2025-05-06 18:58:28.179256
218286,137,2012-11-13,,,,,,,8,3.1,8.1,08:00,,,,,,2025-05-06 18:58:28.276618,2025-05-06 18:58:28.276618
218303,137,2012-11-14,,,,,,,17,0.8,6.1,22:40,,,,,,2025-05-06 18:58:28.378859,2025-05-06 18:58:28.378859
218337,137,2012-11-16,,,,,,,20,2.8,6.9,02:18,,,,,,2025-05-06 18:58:28.550461,2025-05-06 18:58:28.550461
218399,137,2012-11-20,,,,,,,9,2.2,6.4,05:50,,,,,,2025-05-06 18:58:28.841922,2025-05-06 18:58:28.841922
218414,137,2012-11-21,,,,,,,35,1.9,11.1,15:10,,,,,,2025-05-06 18:58:28.917155,2025-05-06 18:58:28.917155
218445,137,2012-11-23,,,,,,,26,1.1,5,,,,,,,2025-05-06 18:58:29.061495,2025-05-06 18:58:29.061495
218461,137,2012-11-24,,,,,,,26,1.1,4.2,13:42,,,,,,2025-05-06 18:58:29.130125,2025-05-06 18:58:29.130125
218476,137,2012-11-25,,,,,,,14,4.4,13.9,17:12,,,,,,2025-05-06 18:58:29.208013,2025-05-06 18:58:29.208013
229669,137,2014-10-14,,,,,,,99,2.5,6.9,,,,,,,2025-05-06 19:03:37.651921,2025-05-06 19:03:37.651921
218492,137,2012-11-26,,,,,,,25,3.9,11.1,07:18,,,,,,2025-05-06 18:58:29.300451,2025-05-06 18:58:29.300451
218507,137,2012-11-27,,,,,,,14,6.4,16.1,13:25,,,,,,2025-05-06 18:58:29.386299,2025-05-06 18:58:29.386299
218523,137,2012-11-28,,,,,,,2,5.6,13.9,09:50,,,,,,2025-05-06 18:58:29.490597,2025-05-06 18:58:29.490597
218539,137,2012-11-29,,,,,,,6,5.8,15.8,16:38,,,,,,2025-05-06 18:58:29.597590,2025-05-06 18:58:29.597590
218556,137,2012-11-30,,,,,,,3,4.2,13.9,19:30,,,,,,2025-05-06 18:58:29.702571,2025-05-06 18:58:29.702571
218573,137,2012-12-01,,,,,,,2,6.7,13.9,17:20,,,,,,2025-05-06 18:58:29.800865,2025-05-06 18:58:29.800865
218590,137,2012-12-02,,,,,,,3,4.4,13.9,15:25,,,,,,2025-05-06 18:58:29.890117,2025-05-06 18:58:29.890117
218607,137,2012-12-03,,,,,,,8,4.2,11.9,12:50,,,,,,2025-05-06 18:58:29.979887,2025-05-06 18:58:29.979887
218624,137,2012-12-04,,,,,,,4,4.7,11.1,10:42,,,,,,2025-05-06 18:58:30.068854,2025-05-06 18:58:30.068854
218641,137,2012-12-05,,,,,,,7,5,12.5,01:10,,,,,,2025-05-06 18:58:30.152805,2025-05-06 18:58:30.152805
218658,137,2012-12-06,,,,,,,12,2.5,5,,,,,,,2025-05-06 18:58:30.235547,2025-05-06 18:58:30.235547
218676,137,2012-12-07,,,,,,,1,1.4,6.1,,,,,,,2025-05-06 18:58:30.326234,2025-05-06 18:58:30.326234
218694,137,2012-12-08,,,,,,,4,3.9,7.5,16:28,,,,,,2025-05-06 18:58:30.409110,2025-05-06 18:58:30.409110
218711,137,2012-12-09,,,,,,,10,5.3,10.6,23:50,,,,,,2025-05-06 18:58:30.486345,2025-05-06 18:58:30.486345
218728,137,2012-12-10,,,,,,,4,3.1,11.1,00:30,,,,,,2025-05-06 18:58:30.567434,2025-05-06 18:58:30.567434
218746,137,2012-12-11,,,,,,,24,1.4,5.3,13:00,,,,,,2025-05-06 18:58:30.655615,2025-05-06 18:58:30.655615
218763,137,2012-12-12,,,,,,,2,3.3,6.9,14:30,,,,,,2025-05-06 18:58:30.749678,2025-05-06 18:58:30.749678
218779,137,2012-12-13,,,,,,,9,2.5,7.2,08:50,,,,,,2025-05-06 18:58:30.828889,2025-05-06 18:58:30.828889
218796,137,2012-12-14,,,,,,,10,2.2,9.7,22:40,,,,,,2025-05-06 18:58:30.919058,2025-05-06 18:58:30.919058
218813,137,2012-12-15,,,,,,,7,2.8,9.7,14:35,,,,,,2025-05-06 18:58:30.996614,2025-05-06 18:58:30.996614
218830,137,2012-12-16,,,,,,,13,1.9,8.1,23:55,,,,,,2025-05-06 18:58:31.075478,2025-05-06 18:58:31.075478
218847,137,2012-12-17,,,,,,,19,1.1,8.1,00:10,,,,,,2025-05-06 18:58:31.158256,2025-05-06 18:58:31.158256
218881,137,2012-12-19,,,,,,,9,1.4,6.9,,,,,,,2025-05-06 18:58:31.344325,2025-05-06 18:58:31.344325
218898,137,2012-12-20,,,,,,,13,1.4,4.4,,,,,,,2025-05-06 18:58:31.440419,2025-05-06 18:58:31.440419
218915,137,2012-12-21,,,,,,,13,1.4,3.6,,,,,,,2025-05-06 18:58:31.538219,2025-05-06 18:58:31.538219
218932,137,2012-12-22,,,,,,,15,0.8,3.1,,,,,,,2025-05-06 18:58:31.622967,2025-05-06 18:58:31.622967
218949,137,2012-12-23,,,,,,,13,2.2,4.2,,,,,,,2025-05-06 18:58:31.715597,2025-05-06 18:58:31.715597
218966,137,2012-12-24,,,,,,,2,2.8,11.4,22:08,,,,,,2025-05-06 18:58:31.810598,2025-05-06 18:58:31.810598
218983,137,2012-12-25,,,,,,,5,5,10.8,22:30,,,,,,2025-05-06 18:58:31.912748,2025-05-06 18:58:31.912748
218999,137,2012-12-26,,,,,,,6,5.3,12.2,06:10,,,,,,2025-05-06 18:58:32.006033,2025-05-06 18:58:32.006033
219013,137,2012-12-27,,,,,,,12,6.9,13.9,10:50,,,,,,2025-05-06 18:58:32.092633,2025-05-06 18:58:32.092633
219030,137,2012-12-28,,,,,,,16,1.9,10.8,04:38,,,,,,2025-05-06 18:58:32.193045,2025-05-06 18:58:32.193045
219048,137,2012-12-29,,,,,,,7,2.8,16.1,22:28,,,,,,2025-05-06 18:58:32.283953,2025-05-06 18:58:32.283953
219065,137,2012-12-30,,,,,,,9,7.2,16.1,06:45,,,,,,2025-05-06 18:58:32.362607,2025-05-06 18:58:32.362607
219082,137,2012-12-31,,,,,,,7,3.6,20,01:45,,,,,,2025-05-06 18:58:32.450785,2025-05-06 18:58:32.450785
219115,137,2013-01-02,,,,,,,7,4.4,11.1,14:30,,,,,,2025-05-06 18:58:32.625812,2025-05-06 18:58:32.625812
219132,137,2013-01-03,,,,,,,10,5.6,10.6,19:40,,,,,,2025-05-06 18:58:32.711740,2025-05-06 18:58:32.711740
219149,137,2013-01-04,,,,,,,11,3.3,6.1,,,,,,,2025-05-06 18:58:32.797557,2025-05-06 18:58:32.797557
219166,137,2013-01-05,,,,,,,26,1.9,6.7,,,,,,,2025-05-06 18:58:32.882243,2025-05-06 18:58:32.882243
219184,137,2013-01-06,,,,,,,26,1.7,6.1,13:38,,,,,,2025-05-06 18:58:32.976187,2025-05-06 18:58:32.976187
219202,137,2013-01-07,,,,,,,8,2.2,8.1,22:40,,,,,,2025-05-06 18:58:33.059583,2025-05-06 18:58:33.059583
219220,137,2013-01-08,,,,,,,9,2.5,8.1,09:12,,,,,,2025-05-06 18:58:33.143673,2025-05-06 18:58:33.143673
219237,137,2013-01-09,,,,,,,9,2.8,10.6,05:45,,,,,,2025-05-06 18:58:33.223890,2025-05-06 18:58:33.223890
219254,137,2013-01-10,,,,,,,9,2.8,8.9,,,,,,,2025-05-06 18:58:33.299153,2025-05-06 18:58:33.299153
219271,137,2013-01-11,,,,,,,13,1.4,7.5,01:00,,,,,,2025-05-06 18:58:33.375078,2025-05-06 18:58:33.375078
219289,137,2013-01-12,,,,,,,36,1.7,6.4,,,,,,,2025-05-06 18:58:33.463114,2025-05-06 18:58:33.463114
219307,137,2013-01-13,,,,,,,3,5,17.5,22:25,,,,,,2025-05-06 18:58:33.545952,2025-05-06 18:58:33.545952
219325,137,2013-01-14,,,,,,,8,6.4,16.9,06:26,,,,,,2025-05-06 18:58:33.628283,2025-05-06 18:58:33.628283
219342,137,2013-01-15,,,,,,,5,3.9,16.1,01:38,,,,,,2025-05-06 18:58:33.709686,2025-05-06 18:58:33.709686
219359,137,2013-01-16,,,,,,,30,1.4,5.6,14:18,,,,,,2025-05-06 18:58:33.788889,2025-05-06 18:58:33.788889
219376,137,2013-01-17,,,,,,,2,1.4,8.6,14:10,,,,,,2025-05-06 18:58:33.865165,2025-05-06 18:58:33.865165
219393,137,2013-01-18,,,,,,,11,2.5,8.9,14:52,,,,,,2025-05-06 18:58:33.948281,2025-05-06 18:58:33.948281
219410,137,2013-01-19,,,,,,,35,2.2,8.1,14:20,,,,,,2025-05-06 18:58:34.020619,2025-05-06 18:58:34.020619
219427,137,2013-01-20,,,,,,,1,3.9,8.9,16:15,,,,,,2025-05-06 18:58:34.093750,2025-05-06 18:58:34.093750
219443,137,2013-01-21,,,,,,,1,1.9,8.9,00:35,,,,,,2025-05-06 18:58:34.168446,2025-05-06 18:58:34.168446
219459,137,2013-01-22,,,,,,,6,5.6,16.1,21:20,,,,,,2025-05-06 18:58:34.255551,2025-05-06 18:58:34.255551
219477,137,2013-01-23,,,,,,,4,6.4,13.9,04:55,,,,,,2025-05-06 18:58:34.359406,2025-05-06 18:58:34.359406
219495,137,2013-01-24,,,,,,,11,6.4,11.7,06:08,,,,,,2025-05-06 18:58:34.464142,2025-05-06 18:58:34.464142
219512,137,2013-01-25,,,,,,,17,4.2,13.3,00:02,,,,,,2025-05-06 18:58:34.555205,2025-05-06 18:58:34.555205
219529,137,2013-01-26,,,,,,,1,4.4,10.6,01:40,,,,,,2025-05-06 18:58:34.641844,2025-05-06 18:58:34.641844
219546,137,2013-01-27,,,,,,,5,6.1,15,14:20,,,,,,2025-05-06 18:58:34.737717,2025-05-06 18:58:34.737717
219563,137,2013-01-28,,,,,,,6,4.7,18.9,03:12,,,,,,2025-05-06 18:58:34.827786,2025-05-06 18:58:34.827786
219580,137,2013-01-29,,,,,,,8,1.1,3.6,14:00,,,,,,2025-05-06 18:58:34.919215,2025-05-06 18:58:34.919215
219598,137,2013-01-30,,,,,,,13,1.4,5.6,06:03,,,,,,2025-05-06 18:58:35.017437,2025-05-06 18:58:35.017437
219616,137,2013-01-31,,,,,,,12,1.7,10.6,19:00,,,,,,2025-05-06 18:58:35.112002,2025-05-06 18:58:35.112002
219634,137,2013-02-01,,,,,,,19,1.4,11.4,01:52,,,,,,2025-05-06 18:58:35.205008,2025-05-06 18:58:35.205008
219652,137,2013-02-02,,,,,,,7,8.3,18.6,18:25,,,,,,2025-05-06 18:58:35.290502,2025-05-06 18:58:35.290502
219670,137,2013-02-03,,,,,,,8,5,15,00:18,,,,,,2025-05-06 18:58:35.375682,2025-05-06 18:58:35.375682
219687,137,2013-02-04,,,,,,,4,4.7,15.6,09:08,,,,,,2025-05-06 18:58:35.458360,2025-05-06 18:58:35.458360
219704,137,2013-02-05,,,,,,,12,0.8,8.9,00:10,,,,,,2025-05-06 18:58:35.551181,2025-05-06 18:58:35.551181
219722,137,2013-02-06,,,,,,,6,6.9,15,19:08,,,,,,2025-05-06 18:58:35.644145,2025-05-06 18:58:35.644145
219739,137,2013-02-07,,,,,,,1,5.3,13.9,14:35,,,,,,2025-05-06 18:58:35.737307,2025-05-06 18:58:35.737307
219756,137,2013-02-08,,,,,,,9,4.2,12.5,19:44,,,,,,2025-05-06 18:58:35.819764,2025-05-06 18:58:35.819764
219773,137,2013-02-09,,,,,,,6,4.2,13.9,22:18,,,,,,2025-05-06 18:58:35.903415,2025-05-06 18:58:35.903415
219790,137,2013-02-10,,,,,,,7,5,12.5,13:20,,,,,,2025-05-06 18:58:35.993742,2025-05-06 18:58:35.993742
219807,137,2013-02-11,,,,,,,8,11.7,20.6,,,,,,,2025-05-06 18:58:36.088020,2025-05-06 18:58:36.088020
219823,137,2013-02-12,,,,,,,8,7.2,20,00:10,,,,,,2025-05-06 18:58:36.172285,2025-05-06 18:58:36.172285
219839,137,2013-02-13,,,,,,,4,5.6,11.9,08:05,,,,,,2025-05-06 18:58:36.256946,2025-05-06 18:58:36.256946
219855,137,2013-02-14,,,,,,,5,6.7,10.6,14:30,,,,,,2025-05-06 18:58:36.339858,2025-05-06 18:58:36.339858
219871,137,2013-02-15,,,,,,,36,3.3,11.1,15:35,,,,,,2025-05-06 18:58:36.421123,2025-05-06 18:58:36.421123
219888,137,2013-02-16,,,,,,,24,1.7,5.6,16:58,,,,,,2025-05-06 18:58:36.514632,2025-05-06 18:58:36.514632
219905,137,2013-02-17,,,,,,,35,1.9,5.6,12:52,,,,,,2025-05-06 18:58:36.601598,2025-05-06 18:58:36.601598
219921,137,2013-02-18,,,,,,,7,1.4,10,20:15,,,,,,2025-05-06 18:58:36.690495,2025-05-06 18:58:36.690495
219936,137,2013-02-19,,,,,,,2,3.3,8.1,01:40,,,,,,2025-05-06 18:58:36.768283,2025-05-06 18:58:36.768283
219952,137,2013-02-20,,,,,,,1,1.9,5.6,17:12,,,,,,2025-05-06 18:59:39.618975,2025-05-06 18:59:39.618975
219969,137,2013-02-21,,,,,,,29,1.4,5.6,13:38,,,,,,2025-05-06 18:59:39.721812,2025-05-06 18:59:39.721812
219985,137,2013-02-22,,,,,,,2,1.9,7.5,14:00,,,,,,2025-05-06 18:59:39.834918,2025-05-06 18:59:39.834918
220001,137,2013-02-23,,,,,,,8,4.2,13.1,23:58,,,,,,2025-05-06 18:59:39.943311,2025-05-06 18:59:39.943311
220017,137,2013-02-24,,,,,,,14,4.4,15.6,06:15,,,,,,2025-05-06 18:59:40.031268,2025-05-06 18:59:40.031268
220033,137,2013-02-25,,,,,,,15,0.8,6.4,00:18,,,,,,2025-05-06 18:59:40.097188,2025-05-06 18:59:40.097188
220049,137,2013-02-26,,,,,,,28,1.9,6.1,16:20,,,,,,2025-05-06 18:59:40.167763,2025-05-06 18:59:40.167763
220065,137,2013-02-27,,,,,,,8,2.2,8.9,,,,,,,2025-05-06 18:59:40.239537,2025-05-06 18:59:40.239537
220081,137,2013-02-28,,,,,,,9,2.5,9.4,07:42,,,,,,2025-05-06 18:59:40.314897,2025-05-06 18:59:40.314897
220098,137,2013-03-01,,,,,,,25,1.7,6.1,12:12,,,,,,2025-05-06 18:59:40.399866,2025-05-06 18:59:40.399866
220115,137,2013-03-02,,,,,,,88,4.4,11.4,,,,,,,2025-05-06 18:59:40.484406,2025-05-06 18:59:40.484406
220181,137,2013-03-06,,,,,,,25,3.6,11.9,13:12,,,,,,2025-05-06 18:59:40.778716,2025-05-06 18:59:40.778716
220198,137,2013-03-07,,,,,,,88,4.4,11.9,,,,,,,2025-05-06 18:59:40.865653,2025-05-06 18:59:40.865653
220215,137,2013-03-08,,,,,,,25,1.9,8.9,14:20,,,,,,2025-05-06 18:59:40.950868,2025-05-06 18:59:40.950868
220232,137,2013-03-09,,,,,,,1,2.2,7.5,12:38,,,,,,2025-05-06 18:59:41.038641,2025-05-06 18:59:41.038641
220249,137,2013-03-10,,,,,,,32,2.8,5.8,14:18,,,,,,2025-05-06 18:59:41.122346,2025-05-06 18:59:41.122346
220266,137,2013-03-11,,,,,,,2,4.2,8.9,13:28,,,,,,2025-05-06 18:59:41.213314,2025-05-06 18:59:41.213314
220283,137,2013-03-12,,,,,,,2,2.2,6.4,11:30,,,,,,2025-05-06 18:59:41.299577,2025-05-06 18:59:41.299577
220300,137,2013-03-13,,,,,,,1,3.1,8.1,12:42,,,,,,2025-05-06 18:59:41.375185,2025-05-06 18:59:41.375185
220317,137,2013-03-14,,,,,,,10,1.4,6.9,02:20,,,,,,2025-05-06 18:59:41.457657,2025-05-06 18:59:41.457657
220334,137,2013-03-15,,,,,,,30,1.1,3.9,,,,,,,2025-05-06 18:59:41.551872,2025-05-06 18:59:41.551872
220350,137,2013-03-16,,,,,,,88,3.6,13.9,22:08,,,,,,2025-05-06 18:59:41.633836,2025-05-06 18:59:41.633836
220367,137,2013-03-17,,,,,,,88,5,13.9,07:04,,,,,,2025-05-06 18:59:41.723948,2025-05-06 18:59:41.723948
220384,137,2013-03-18,,,,,,,11,3.6,11.7,13:40,,,,,,2025-05-06 18:59:41.815601,2025-05-06 18:59:41.815601
220401,137,2013-03-19,,,,,,,1,2.8,8.9,14:40,,,,,,2025-05-06 18:59:41.900958,2025-05-06 18:59:41.900958
220418,137,2013-03-20,,,,,,,2,1.9,8.1,,,,,,,2025-05-06 18:59:41.991122,2025-05-06 18:59:41.991122
220435,137,2013-03-21,,,,,,,26,1.9,6.1,,,,,,,2025-05-06 18:59:42.074323,2025-05-06 18:59:42.074323
220452,137,2013-03-22,,,,,,,2,2.5,6.1,,,,,,,2025-05-06 18:59:42.148545,2025-05-06 18:59:42.148545
220469,137,2013-03-23,,,,,,,34,2.2,8.6,,,,,,,2025-05-06 18:59:42.219896,2025-05-06 18:59:42.219896
220486,137,2013-03-24,,,,,,,2,2.8,8.1,16:48,,,,,,2025-05-06 18:59:42.301384,2025-05-06 18:59:42.301384
220503,137,2013-03-25,,,,,,,1,4.7,10,12:02,,,,,,2025-05-06 18:59:42.387305,2025-05-06 18:59:42.387305
220520,137,2013-03-26,,,,,,,2,2.2,6.4,18:40,,,,,,2025-05-06 18:59:42.481212,2025-05-06 18:59:42.481212
220537,137,2013-03-27,,,,,,,28,2.8,6.1,,,,,,,2025-05-06 18:59:42.579869,2025-05-06 18:59:42.579869
220554,137,2013-03-28,,,,,,,2,3.1,6.9,13:08,,,,,,2025-05-06 18:59:42.668372,2025-05-06 18:59:42.668372
220571,137,2013-03-29,,,,,,,4,2.2,8.9,04:00,,,,,,2025-05-06 18:59:42.746359,2025-05-06 18:59:42.746359
220588,137,2013-03-30,,,,,,,1,2.2,6.4,,,,,,,2025-05-06 18:59:42.820321,2025-05-06 18:59:42.820321
220605,137,2013-03-31,,,,,,,3,1.7,6.7,21:18,,,,,,2025-05-06 18:59:42.898540,2025-05-06 18:59:42.898540
220622,137,2013-04-01,,,,,,,1,3.9,8.9,10:52,,,,,,2025-05-06 18:59:42.981795,2025-05-06 18:59:42.981795
220639,137,2013-04-02,,,,,,,25,5.8,16.1,16:45,,,,,,2025-05-06 18:59:43.074244,2025-05-06 18:59:43.074244
220655,137,2013-04-03,,,,,,,11,3.1,11.1,23:58,,,,,,2025-05-06 18:59:43.169186,2025-05-06 18:59:43.169186
220670,137,2013-04-04,,,,,,,35,2.8,11.1,00:48,,,,,,2025-05-06 18:59:43.255067,2025-05-06 18:59:43.255067
220685,137,2013-04-05,,,,,,,32,3.1,8.9,02:12,,,,,,2025-05-06 18:59:43.336613,2025-05-06 18:59:43.336613
220700,137,2013-04-06,,,,,,,2,5,13.9,12:45,,,,,,2025-05-06 18:59:43.416464,2025-05-06 18:59:43.416464
220715,137,2013-04-07,,,,,,,35,2.8,7.5,12:55,,,,,,2025-05-06 18:59:43.491566,2025-05-06 18:59:43.491566
220730,137,2013-04-08,,,,,,,2,3.3,9.4,23:18,,,,,,2025-05-06 18:59:43.564867,2025-05-06 18:59:43.564867
220744,137,2013-04-09,,,,,,,5,4.7,12.5,22:35,,,,,,2025-05-06 18:59:43.627440,2025-05-06 18:59:43.627440
220758,137,2013-04-10,,,,,,,7,3.9,15.6,05:38,,,,,,2025-05-06 18:59:43.687330,2025-05-06 18:59:43.687330
220772,137,2013-04-11,,,,,,,11,5.3,15,22:10,,,,,,2025-05-06 18:59:43.794272,2025-05-06 18:59:43.794272
220786,137,2013-04-12,,,,,,,8,6.7,15,00:32,,,,,,2025-05-06 18:59:43.866505,2025-05-06 18:59:43.866505
220800,137,2013-04-13,,,,,,,1,5,11.9,13:30,,,,,,2025-05-06 18:59:43.936803,2025-05-06 18:59:43.936803
220814,137,2013-04-14,,,,,,,6,4.2,11.7,22:18,,,,,,2025-05-06 18:59:44.006581,2025-05-06 18:59:44.006581
220828,137,2013-04-15,,,,,,,10,5.3,13.1,01:18,,,,,,2025-05-06 18:59:44.075084,2025-05-06 18:59:44.075084
220843,137,2013-04-16,,,,,,,9,4.4,11.9,13:10,,,,,,2025-05-06 18:59:44.148986,2025-05-06 18:59:44.148986
220856,137,2013-04-17,,,,,,,4,2.5,8.1,13:50,,,,,,2025-05-06 18:59:44.209298,2025-05-06 18:59:44.209298
220887,137,2013-04-19,,,,,,,12,1.1,14.4,06:18,,,,,,2025-05-06 18:59:44.391660,2025-05-06 18:59:44.391660
220903,137,2013-04-20,,,,,,,12,3.6,15.6,07:30,,,,,,2025-05-06 18:59:44.492976,2025-05-06 18:59:44.492976
220919,137,2013-04-21,,,,,,,9,1.1,10.6,03:35,,,,,,2025-05-06 18:59:44.585735,2025-05-06 18:59:44.585735
220935,137,2013-04-22,,,,,,,8,1.9,8.1,23:58,,,,,,2025-05-06 18:59:44.673256,2025-05-06 18:59:44.673256
220951,137,2013-04-23,,,,,,,8,3.1,8.6,02:22,,,,,,2025-05-06 18:59:44.766448,2025-05-06 18:59:44.766448
220967,137,2013-04-24,,,,,,,30,1.7,6.1,13:48,,,,,,2025-05-06 18:59:44.860231,2025-05-06 18:59:44.860231
220983,137,2013-04-25,,,,,,,10,1.1,6.9,02:05,,,,,,2025-05-06 18:59:44.943253,2025-05-06 18:59:44.943253
220998,137,2013-04-26,,,,,,,26,1.4,4.4,14:38,,,,,,2025-05-06 18:59:45.024294,2025-05-06 18:59:45.024294
221013,137,2013-04-27,,,,,,,1,2.8,7.2,19:10,,,,,,2025-05-06 18:59:45.097033,2025-05-06 18:59:45.097033
221028,137,2013-04-28,,,,,,,8,3.9,11.9,01:45,,,,,,2025-05-06 18:59:45.166548,2025-05-06 18:59:45.166548
221042,137,2013-04-29,,,,,,,34,3.3,11.1,12:10,,,,,,2025-05-06 18:59:45.229028,2025-05-06 18:59:45.229028
221057,137,2013-04-30,,,,,,,34,3.6,10,18:08,,,,,,2025-05-06 18:59:45.299991,2025-05-06 18:59:45.299991
221074,137,2013-05-01,,,,,,,36,3.3,7.5,,,,,,,2025-05-06 18:59:45.379663,2025-05-06 18:59:45.379663
221091,137,2013-05-02,,,,,,,1,2.5,8.9,18:38,,,,,,2025-05-06 18:59:45.461519,2025-05-06 18:59:45.461519
221108,137,2013-05-03,,,,,,,34,2.8,7.5,16:25,,,,,,2025-05-06 18:59:45.552233,2025-05-06 18:59:45.552233
221125,137,2013-05-04,,,,,,,2,3.9,10,18:12,,,,,,2025-05-06 18:59:45.637544,2025-05-06 18:59:45.637544
221141,137,2013-05-05,,,,,,,1,5,10.6,17:40,,,,,,2025-05-06 18:59:45.727181,2025-05-06 18:59:45.727181
221157,137,2013-05-06,,,,,,,10,4.2,11.4,06:12,,,,,,2025-05-06 18:59:45.819210,2025-05-06 18:59:45.819210
221173,137,2013-05-07,,,,,,,28,1.7,4.4,14:55,,,,,,2025-05-06 18:59:45.906576,2025-05-06 18:59:45.906576
221189,137,2013-05-08,,,,,,,4,1.4,6.1,22:55,,,,,,2025-05-06 18:59:45.986945,2025-05-06 18:59:45.986945
221204,137,2013-05-09,,,,,,,1,1.9,8.6,23:45,,,,,,2025-05-06 18:59:46.062303,2025-05-06 18:59:46.062303
221219,137,2013-05-10,,,,,,,10,3.9,12.5,03:45,,,,,,2025-05-06 18:59:46.129927,2025-05-06 18:59:46.129927
221234,137,2013-05-11,,,,,,,0,5.6,,,,,,,,2025-05-06 18:59:46.199484,2025-05-06 18:59:46.199484
221250,137,2013-05-12,,,,,,,10,3.1,9.4,07:22,,,,,,2025-05-06 18:59:46.273907,2025-05-06 18:59:46.273907
221266,137,2013-05-13,,,,,,,1,4.4,8.9,18:02,,,,,,2025-05-06 18:59:46.361061,2025-05-06 18:59:46.361061
221282,137,2013-05-14,,,,,,,6,4.2,9.4,03:12,,,,,,2025-05-06 18:59:46.452750,2025-05-06 18:59:46.452750
221361,137,2013-05-19,,,,,,,0,6.9,,,,,,,,2025-05-06 18:59:46.898161,2025-05-06 18:59:46.898161
221526,137,2013-05-30,,,,,,,8,3.6,11.1,20:30,,,,,,2025-05-06 18:59:47.732026,2025-05-06 18:59:47.732026
221542,137,2013-05-31,,,,,,,9,4.2,11.4,14:55,,,,,,2025-05-06 18:59:47.810813,2025-05-06 18:59:47.810813
221558,137,2013-06-01,,,,,,,1,5.3,11.9,13:18,,,,,,2025-05-06 18:59:47.885645,2025-05-06 18:59:47.885645
221574,137,2013-06-02,,,,,,,2,5.3,9.7,11:45,,,,,,2025-05-06 18:59:47.966130,2025-05-06 18:59:47.966130
221590,137,2013-06-03,,,,,,,1,4.4,11.1,14:30,,,,,,2025-05-06 18:59:48.056753,2025-05-06 18:59:48.056753
221607,137,2013-06-04,,,,,,,2,2.5,8.1,14:50,,,,,,2025-05-06 18:59:48.157481,2025-05-06 18:59:48.157481
221623,137,2013-06-05,,,,,,,2,3.6,8.1,,,,,,,2025-05-06 18:59:48.257751,2025-05-06 18:59:48.257751
221639,137,2013-06-06,,,,,,,6,4.7,13.1,14:50,,,,,,2025-05-06 18:59:48.351078,2025-05-06 18:59:48.351078
221655,137,2013-06-07,,,,,,,6,5.8,13.6,04:55,,,,,,2025-05-06 18:59:48.442391,2025-05-06 18:59:48.442391
221672,137,2013-06-08,,,,,,,2,5,13.1,13:38,,,,,,2025-05-06 18:59:48.535388,2025-05-06 18:59:48.535388
221689,137,2013-06-09,,,,,,,1,6.4,15,13:30,,,,,,2025-05-06 18:59:48.631643,2025-05-06 18:59:48.631643
221706,137,2013-06-10,,,,,,,2,5.3,11.9,00:25,,,,,,2025-05-06 18:59:48.719980,2025-05-06 18:59:48.719980
221723,137,2013-06-11,,,,,,,3,6.4,15,14:40,,,,,,2025-05-06 18:59:48.817429,2025-05-06 18:59:48.817429
221739,137,2013-06-12,,,,,,,5,8.1,15.6,18:30,,,,,,2025-05-06 18:59:48.909175,2025-05-06 18:59:48.909175
221756,137,2013-06-13,,,,,,,9,3.9,9.7,22:50,,,,,,2025-05-06 18:59:49.009276,2025-05-06 18:59:49.009276
221774,137,2013-06-14,,,,,,,6,4.4,13.1,16:40,,,,,,2025-05-06 18:59:49.106001,2025-05-06 18:59:49.106001
221792,137,2013-06-15,,,,,,,3,5.3,11.1,02:12,,,,,,2025-05-06 18:59:49.213025,2025-05-06 18:59:49.213025
221810,137,2013-06-16,,,,,,,2,5,11.9,14:08,,,,,,2025-05-06 18:59:49.317996,2025-05-06 18:59:49.317996
221828,137,2013-06-17,,,,,,,4,5.6,13.9,21:30,,,,,,2025-05-06 18:59:49.417884,2025-05-06 18:59:49.417884
221846,137,2013-06-18,,,,,,,3,5.6,13.9,00:21,,,,,,2025-05-06 18:59:49.514559,2025-05-06 18:59:49.514559
221864,137,2013-06-19,,,,,,,2,4.7,11.4,,,,,,,2025-05-06 18:59:49.616096,2025-05-06 18:59:49.616096
221899,137,2013-06-21,,,,,,,1,4.7,11.1,14:10,,,,,,2025-05-06 18:59:49.799228,2025-05-06 18:59:49.799228
221917,137,2013-06-22,,,,,,,1,4.2,11.1,15:42,,,,,,2025-05-06 18:59:49.893067,2025-05-06 18:59:49.893067
221934,137,2013-06-23,,,,,,,36,4.4,8.9,,,,,,,2025-05-06 18:59:49.979303,2025-05-06 18:59:49.979303
221951,137,2013-06-24,,,,,,,1,4.2,9.4,04:35,,,,,,2025-05-06 18:59:50.068463,2025-05-06 18:59:50.068463
221983,137,2013-06-26,,,,,,,7,3.3,16.7,23:10,,,,,,2025-05-06 18:59:50.218550,2025-05-06 18:59:50.218550
221999,137,2013-06-27,,,,,,,6,6.9,21.1,,,,,,,2025-05-06 18:59:50.297704,2025-05-06 18:59:50.297704
222015,137,2013-06-28,,,,,,,14,6.7,16.1,03:22,,,,,,2025-05-06 18:59:50.379089,2025-05-06 18:59:50.379089
234102,137,2016-01-06,,,,,,,99,4.7,10,,,,,,,2025-05-06 19:17:27.066779,2025-05-06 19:17:27.066779
223812,137,2013-10-25,,,,,,,2,1.7,6.9,03:35,,,,,,2025-05-06 19:01:01.993657,2025-05-06 19:01:01.993657
223829,137,2013-10-26,,,,,,,2,2.5,9.4,,,,,,,2025-05-06 19:01:02.077286,2025-05-06 19:01:02.077286
223846,137,2013-10-27,,,,,,,2,3.3,10,12:30,,,,,,2025-05-06 19:01:02.163091,2025-05-06 19:01:02.163091
223862,137,2013-10-28,,,,,,,1,5,11.1,,,,,,,2025-05-06 19:01:02.236744,2025-05-06 19:01:02.236744
223879,137,2013-10-29,,,,,,,2,5,13.9,13:40,,,,,,2025-05-06 19:01:02.313554,2025-05-06 19:01:02.313554
223896,137,2013-10-30,,,,,,,9,5,13.1,10:30,,,,,,2025-05-06 19:01:02.394150,2025-05-06 19:01:02.394150
223913,137,2013-10-31,,,,,,,6,4.2,13.9,04:50,,,,,,2025-05-06 19:01:02.477335,2025-05-06 19:01:02.477335
223930,137,2013-11-01,,,,,,,8,7.2,15.6,,,,,,,2025-05-06 19:01:02.555732,2025-05-06 19:01:02.555732
223947,137,2013-11-02,,,,,,,8,4.2,14.4,00:02,,,,,,2025-05-06 19:01:02.639054,2025-05-06 19:01:02.639054
223964,137,2013-11-03,,,,,,,25,1.1,5,14:00,,,,,,2025-05-06 19:01:02.728623,2025-05-06 19:01:02.728623
223981,137,2013-11-04,,,,,,,10,3.1,8.9,19:48,,,,,,2025-05-06 19:01:02.817443,2025-05-06 19:01:02.817443
223998,137,2013-11-05,,,,,,,9,3.9,11.1,03:55,,,,,,2025-05-06 19:01:02.903326,2025-05-06 19:01:02.903326
224015,137,2013-11-06,,,,,,,1,3.3,8.1,13:42,,,,,,2025-05-06 19:01:02.985912,2025-05-06 19:01:02.985912
224032,137,2013-11-07,,,,,,,7,5.6,13.1,05:55,,,,,,2025-05-06 19:01:03.068547,2025-05-06 19:01:03.068547
224049,137,2013-11-08,,,,,,,7,5.3,13.1,23:50,,,,,,2025-05-06 19:01:03.143422,2025-05-06 19:01:03.143422
224066,137,2013-11-09,,,,,,,4,6.4,13.1,13:38,,,,,,2025-05-06 19:01:03.217842,2025-05-06 19:01:03.217842
224083,137,2013-11-10,,,,,,,6,9.7,19.4,03:10,,,,,,2025-05-06 19:01:03.293292,2025-05-06 19:01:03.293292
224100,137,2013-11-11,,,,,,,9,5.3,15,01:02,,,,,,2025-05-06 19:01:03.373046,2025-05-06 19:01:03.373046
224117,137,2013-11-12,,,,,,,99,3.6,10,,,,,,,2025-05-06 19:01:03.462479,2025-05-06 19:01:03.462479
224134,137,2013-11-13,,,,,,,35,4.2,11.1,15:08,,,,,,2025-05-06 19:01:03.538878,2025-05-06 19:01:03.538878
224151,137,2013-11-14,,,,,,,7,3.9,11.1,,,,,,,2025-05-06 19:01:03.617239,2025-05-06 19:01:03.617239
224168,137,2013-11-15,,,,,,,1,4.2,11.9,22:40,,,,,,2025-05-06 19:01:03.700687,2025-05-06 19:01:03.700687
224185,137,2013-11-16,,,,,,,5,4.2,9.7,11:55,,,,,,2025-05-06 19:01:03.786488,2025-05-06 19:01:03.786488
224202,137,2013-11-17,,,,,,,10,5.3,12.5,09:50,,,,,,2025-05-06 19:01:03.872637,2025-05-06 19:01:03.872637
224219,137,2013-11-18,,,,,,,2,4.4,12.5,,,,,,,2025-05-06 19:01:03.968796,2025-05-06 19:01:03.968796
224236,137,2013-11-19,,,,,,,2,3.9,10,,,,,,,2025-05-06 19:01:04.059381,2025-05-06 19:01:04.059381
224252,137,2013-11-20,,,,,,,4,3.1,8.1,,,,,,,2025-05-06 19:01:04.146465,2025-05-06 19:01:04.146465
224269,137,2013-11-21,,,,,,,1,3.3,8.6,14:40,,,,,,2025-05-06 19:01:04.236903,2025-05-06 19:01:04.236903
224286,137,2013-11-22,,,,,,,1,3.3,8.1,13:58,,,,,,2025-05-06 19:01:04.324296,2025-05-06 19:01:04.324296
224303,137,2013-11-23,,,,,,,9,2.8,6.9,01:10,,,,,,2025-05-06 19:01:04.404043,2025-05-06 19:01:04.404043
224320,137,2013-11-24,,,,,,,1,3.1,6.9,19:50,,,,,,2025-05-06 19:01:04.479037,2025-05-06 19:01:04.479037
224337,137,2013-11-25,,,,,,,7,5,11.1,08:18,,,,,,2025-05-06 19:01:04.566905,2025-05-06 19:01:04.566905
224353,137,2013-11-26,,,,,,,7,3.3,11.1,12:30,,,,,,2025-05-06 19:01:04.652776,2025-05-06 19:01:04.652776
224369,137,2013-11-27,,,,,,,13,1.4,8.9,01:18,,,,,,2025-05-06 19:01:04.740312,2025-05-06 19:01:04.740312
224386,137,2013-11-28,,,,,,,27,3.3,10,13:50,,,,,,2025-05-06 19:01:04.827612,2025-05-06 19:01:04.827612
224403,137,2013-11-29,,,,,,,26,1.7,5,13:00,,,,,,2025-05-06 19:01:04.906018,2025-05-06 19:01:04.906018
224420,137,2013-11-30,,,,,,,99,1.1,3.6,,,,,,,2025-05-06 19:01:04.986988,2025-05-06 19:01:04.986988
224437,137,2013-12-01,,,,,,,30,1.7,6.4,13:30,,,,,,2025-05-06 19:01:05.066664,2025-05-06 19:01:05.066664
224454,137,2013-12-02,,,,,,,12,1.1,7.5,19:25,,,,,,2025-05-06 19:01:05.146762,2025-05-06 19:01:05.146762
224471,137,2013-12-03,,,,,,,25,3.3,8.9,14:10,,,,,,2025-05-06 19:01:05.231980,2025-05-06 19:01:05.231980
224486,137,2013-12-04,,,,,,,12,1.1,6.1,03:20,,,,,,2025-05-06 19:01:05.312271,2025-05-06 19:01:05.312271
224502,137,2013-12-05,,,,,,,28,1.9,5.6,15:10,,,,,,2025-05-06 19:01:05.393866,2025-05-06 19:01:05.393866
224519,137,2013-12-06,,,,,,,99,1.7,3.9,,,,,,,2025-05-06 19:01:05.484256,2025-05-06 19:01:05.484256
224536,137,2013-12-07,,,,,,,25,1.9,5,14:18,,,,,,2025-05-06 19:01:05.580681,2025-05-06 19:01:05.580681
224553,137,2013-12-08,,,,,,,1,1.7,5,15:20,,,,,,2025-05-06 19:01:05.676067,2025-05-06 19:01:05.676067
224570,137,2013-12-09,,,,,,,14,1.1,3.9,01:00,,,,,,2025-05-06 19:01:05.754694,2025-05-06 19:01:05.754694
224586,137,2013-12-10,,,,,,,16,2.2,16.1,22:55,,,,,,2025-05-06 19:01:05.817852,2025-05-06 19:01:05.817852
224602,137,2013-12-11,,,,,,,88,5,21.1,15:50,,,,,,2025-05-06 19:01:05.890223,2025-05-06 19:01:05.890223
224619,137,2013-12-12,,,,,,,10,1.4,11.1,23:58,,,,,,2025-05-06 19:01:05.968544,2025-05-06 19:01:05.968544
224636,137,2013-12-13,,,,,,,11,3.9,21.9,02:15,,,,,,2025-05-06 19:01:06.039343,2025-05-06 19:01:06.039343
224653,137,2013-12-14,,,,,,,1,5.3,15,05:50,,,,,,2025-05-06 19:01:06.115123,2025-05-06 19:01:06.115123
224670,137,2013-12-15,,,,,,,5,4.7,13.6,10:50,,,,,,2025-05-06 19:01:06.189366,2025-05-06 19:01:06.189366
224686,137,2013-12-16,,,,,,,13,3.9,11.9,08:12,,,,,,2025-05-06 19:01:06.250945,2025-05-06 19:01:06.250945
224703,137,2013-12-17,,,,,,,8,3.6,13.1,19:35,,,,,,2025-05-06 19:01:06.326100,2025-05-06 19:01:06.326100
224719,137,2013-12-18,,,,,,,8,6.4,16.7,07:50,,,,,,2025-05-06 19:01:06.404210,2025-05-06 19:01:06.404210
224735,137,2013-12-19,,,,,,,8,6.4,15,17:28,,,,,,2025-05-06 19:01:06.482992,2025-05-06 19:01:06.482992
224751,137,2013-12-20,,,,,,,7,6.4,15.6,09:18,,,,,,2025-05-06 19:01:06.581148,2025-05-06 19:01:06.581148
224767,137,2013-12-21,,,,,,,1,8.1,20,10:45,,,,,,2025-05-06 19:01:06.676175,2025-05-06 19:01:06.676175
224783,137,2013-12-22,,,,,,,6,3.6,11.1,04:50,,,,,,2025-05-06 19:01:06.768947,2025-05-06 19:01:06.768947
224799,137,2013-12-23,,,,,,,9,5.3,12.5,05:42,,,,,,2025-05-06 19:01:06.865153,2025-05-06 19:01:06.865153
224816,137,2013-12-24,,,,,,,10,2.2,6.9,04:52,,,,,,2025-05-06 19:01:06.953359,2025-05-06 19:01:06.953359
224833,137,2013-12-25,,,,,,,3,3.6,8.9,16:20,,,,,,2025-05-06 19:01:07.045242,2025-05-06 19:01:07.045242
224850,137,2013-12-26,,,,,,,10,2.5,8.1,21:25,,,,,,2025-05-06 19:01:07.136242,2025-05-06 19:01:07.136242
224867,137,2013-12-27,,,,,,,9,5,11.4,08:50,,,,,,2025-05-06 19:01:07.223908,2025-05-06 19:01:07.223908
224884,137,2013-12-28,,,,,,,6,3.9,15.6,20:00,,,,,,2025-05-06 19:01:07.300958,2025-05-06 19:01:07.300958
224901,137,2013-12-29,,,,,,,8,6.1,18.1,03:22,,,,,,2025-05-06 19:01:07.374365,2025-05-06 19:01:07.374365
224918,137,2013-12-30,,,,,,,10,6.1,15,01:18,,,,,,2025-05-06 19:01:07.452177,2025-05-06 19:01:07.452177
224935,137,2013-12-31,,,,,,,7,1.1,11.4,01:10,,,,,,2025-05-06 19:01:07.537289,2025-05-06 19:01:07.537289
224952,137,2014-01-01,,,,,,,5,2.8,7.5,14:45,,,,,,2025-05-06 19:01:07.611062,2025-05-06 19:01:07.611062
224969,137,2014-01-02,,,,,,,8,1.7,6.1,23:05,,,,,,2025-05-06 19:01:07.688533,2025-05-06 19:01:07.688533
224986,137,2014-01-03,,,,,,,7,1.9,11.9,22:50,,,,,,2025-05-06 19:01:07.776010,2025-05-06 19:01:07.776010
225020,137,2014-01-05,,,,,,,10,3.1,16.9,03:08,,,,,,2025-05-06 19:01:07.951592,2025-05-06 19:01:07.951592
225037,137,2014-01-06,,,,,,,30,1.7,5,14:40,,,,,,2025-05-06 19:01:08.050896,2025-05-06 19:01:08.050896
225054,137,2014-01-07,,,,,,,28,1.1,3.6,14:28,,,,,,2025-05-06 19:01:08.149273,2025-05-06 19:01:08.149273
225071,137,2014-01-08,,,,,,,27,1.4,6.9,22:30,,,,,,2025-05-06 19:01:08.241101,2025-05-06 19:01:08.241101
225088,137,2014-01-09,,,,,,,27,1.9,10,15:50,,,,,,2025-05-06 19:01:08.332527,2025-05-06 19:01:08.332527
225105,137,2014-01-10,,,,,,,99,1.9,6.9,,,,,,,2025-05-06 19:01:08.429177,2025-05-06 19:01:08.429177
225122,137,2014-01-11,,,,,,,24,1.7,6.1,13:25,,,,,,2025-05-06 19:01:08.523063,2025-05-06 19:01:08.523063
225139,137,2014-01-12,,,,,,,8,1.4,14.2,22:10,,,,,,2025-05-06 19:01:08.614615,2025-05-06 19:01:08.614615
225156,137,2014-01-13,,,,,,,8,5,16.1,18:50,,,,,,2025-05-06 19:01:08.705509,2025-05-06 19:01:08.705509
225173,137,2014-01-14,,,,,,,6,5.8,14.4,02:18,,,,,,2025-05-06 19:01:08.800247,2025-05-06 19:01:08.800247
225190,137,2014-01-15,,,,,,,26,3.3,13.1,00:50,,,,,,2025-05-06 19:01:08.891160,2025-05-06 19:01:08.891160
225207,137,2014-01-16,,,,,,,35,3.1,8.6,20:20,,,,,,2025-05-06 19:01:08.980703,2025-05-06 19:01:08.980703
225224,137,2014-01-17,,,,,,,33,2.8,8.6,12:05,,,,,,2025-05-06 19:01:09.068034,2025-05-06 19:01:09.068034
225241,137,2014-01-18,,,,,,,27,3.1,8.9,12:20,,,,,,2025-05-06 19:01:09.139323,2025-05-06 19:01:09.139323
225258,137,2014-01-19,,,,,,,34,1.9,6.9,,,,,,,2025-05-06 19:01:09.216030,2025-05-06 19:01:09.216030
225275,137,2014-01-20,,,,,,,1,3.1,8.1,05:50,,,,,,2025-05-06 19:01:09.297507,2025-05-06 19:01:09.297507
225292,137,2014-01-21,,,,,,,8,3.1,10,17:08,,,,,,2025-05-06 19:01:09.381440,2025-05-06 19:01:09.381440
225309,137,2014-01-22,,,,,,,8,3.1,18.1,23:25,,,,,,2025-05-06 19:01:09.461779,2025-05-06 19:01:09.461779
225325,137,2014-01-23,,,,,,,6,7.2,17.5,21:02,,,,,,2025-05-06 19:01:09.540264,2025-05-06 19:01:09.540264
225341,137,2014-01-24,,,,,,,1,6.9,18.9,04:50,,,,,,2025-05-06 19:01:09.620904,2025-05-06 19:01:09.620904
225357,137,2014-01-25,,,,,,,5,5,15,18:10,,,,,,2025-05-06 19:01:09.707123,2025-05-06 19:01:09.707123
225373,137,2014-01-26,,,,,,,7,7.8,18.9,12:30,,,,,,2025-05-06 19:01:09.791235,2025-05-06 19:01:09.791235
225389,137,2014-01-27,,,,,,,8,6.7,21.1,22:22,,,,,,2025-05-06 19:01:09.871688,2025-05-06 19:01:09.871688
225405,137,2014-01-28,,,,,,,8,6.9,21.9,00:05,,,,,,2025-05-06 19:01:09.968735,2025-05-06 19:01:09.968735
225420,137,2014-01-29,,,,,,,4,3.1,11.9,21:32,,,,,,2025-05-06 19:01:10.057649,2025-05-06 19:01:10.057649
225436,137,2014-01-30,,,,,,,1,3.9,12.5,11:20,,,,,,2025-05-06 19:01:10.146628,2025-05-06 19:01:10.146628
225452,137,2014-01-31,,,,,,,6,3.9,10.6,02:38,,,,,,2025-05-06 19:01:10.227509,2025-05-06 19:01:10.227509
225468,137,2014-02-01,,,,,,,8,3.3,6.9,21:40,,,,,,2025-05-06 19:01:10.316571,2025-05-06 19:01:10.316571
225484,137,2014-02-02,,,,,,,5,1.7,6.9,00:35,,,,,,2025-05-06 19:01:10.400214,2025-05-06 19:01:10.400214
225500,137,2014-02-03,,,,,,,1,3.3,8.1,15:55,,,,,,2025-05-06 19:01:10.479339,2025-05-06 19:01:10.479339
225516,137,2014-02-04,,,,,,,1,2.8,6.9,15:50,,,,,,2025-05-06 19:01:10.559495,2025-05-06 19:01:10.559495
225532,137,2014-02-05,,,,,,,6,1.7,6.1,00:30,,,,,,2025-05-06 19:01:10.641250,2025-05-06 19:01:10.641250
225548,137,2014-02-06,,,,,,,7,2.8,6.1,20:12,,,,,,2025-05-06 19:01:10.723165,2025-05-06 19:01:10.723165
225564,137,2014-02-07,,,,,,,5,5,10,13:58,,,,,,2025-05-06 19:01:10.805112,2025-05-06 19:01:10.805112
225580,137,2014-02-08,,,,,,,6,5,13.1,03:58,,,,,,2025-05-06 19:01:10.892566,2025-05-06 19:01:10.892566
225596,137,2014-02-09,,,,,,,7,1.9,8.9,19:55,,,,,,2025-05-06 19:01:10.972732,2025-05-06 19:01:10.972732
225612,137,2014-02-10,,,,,,,99,5.6,13.1,,,,,,,2025-05-06 19:01:11.054980,2025-05-06 19:01:11.054980
225628,137,2014-02-11,,,,,,,9,7.2,15.6,02:50,,,,,,2025-05-06 19:01:11.134526,2025-05-06 19:01:11.134526
225644,137,2014-02-12,,,,,,,9,7.8,17.5,23:50,,,,,,2025-05-06 19:01:11.227837,2025-05-06 19:01:11.227837
225660,137,2014-02-13,,,,,,,8,4.7,18.6,02:18,,,,,,2025-05-06 19:01:11.326938,2025-05-06 19:01:11.326938
225676,137,2014-02-14,,,,,,,29,1.9,6.1,21:08,,,,,,2025-05-06 19:01:11.421451,2025-05-06 19:01:11.421451
225692,137,2014-02-15,,,,,,,1,5,19.7,19:20,,,,,,2025-05-06 19:02:14.001079,2025-05-06 19:02:14.001079
225707,137,2014-02-16,,,,,,,2,6.1,18.6,00:25,,,,,,2025-05-06 19:02:14.092001,2025-05-06 19:02:14.092001
225723,137,2014-02-17,,,,,,,3,3.6,13.1,06:50,,,,,,2025-05-06 19:02:14.189792,2025-05-06 19:02:14.189792
225739,137,2014-02-18,,,,,,,10,3.6,11.1,13:55,,,,,,2025-05-06 19:02:14.289111,2025-05-06 19:02:14.289111
225756,137,2014-02-19,,,,,,,8,5.3,13.6,16:30,,,,,,2025-05-06 19:02:14.392286,2025-05-06 19:02:14.392286
225773,137,2014-02-20,,,,,,,5,6.1,13.1,13:50,,,,,,2025-05-06 19:02:14.515777,2025-05-06 19:02:14.515777
225790,137,2014-02-21,,,,,,,12,6.1,16.9,20:00,,,,,,2025-05-06 19:02:14.612880,2025-05-06 19:02:14.612880
225807,137,2014-02-22,,,,,,,6,6.7,15.6,11:30,,,,,,2025-05-06 19:02:14.786538,2025-05-06 19:02:14.786538
225824,137,2014-02-23,,,,,,,27,1.7,5,16:25,,,,,,2025-05-06 19:02:14.877973,2025-05-06 19:02:14.877973
225841,137,2014-02-24,,,,,,,14,3.9,10,17:38,,,,,,2025-05-06 19:02:14.962466,2025-05-06 19:02:14.962466
225858,137,2014-02-25,,,,,,,4,5.8,11.7,14:20,,,,,,2025-05-06 19:02:15.050018,2025-05-06 19:02:15.050018
225873,137,2014-02-26,,,,,,,5,6.7,16.1,12:18,,,,,,2025-05-06 19:02:15.132424,2025-05-06 19:02:15.132424
225890,137,2014-02-27,,,,,,,5,7.2,20,08:10,,,,,,2025-05-06 19:02:15.214046,2025-05-06 19:02:15.214046
225907,137,2014-02-28,,,,,,,7,6.4,15,01:05,,,,,,2025-05-06 19:02:15.293489,2025-05-06 19:02:15.293489
225924,137,2014-03-01,,,,,,,3,6.9,13.1,,,,,,,2025-05-06 19:02:15.377003,2025-05-06 19:02:15.377003
225941,137,2014-03-02,,,,,,,4,6.7,16.1,11:40,,,,,,2025-05-06 19:02:15.472258,2025-05-06 19:02:15.472258
225958,137,2014-03-03,,,,,,,4,6.1,11.9,12:05,,,,,,2025-05-06 19:02:15.552602,2025-05-06 19:02:15.552602
225975,137,2014-03-04,,,,,,,8,5.3,15,18:45,,,,,,2025-05-06 19:02:15.636200,2025-05-06 19:02:15.636200
225992,137,2014-03-05,,,,,,,8,5.8,12.5,00:05,,,,,,2025-05-06 19:02:15.715935,2025-05-06 19:02:15.715935
226009,137,2014-03-06,,,,,,,8,5.6,16.9,19:55,,,,,,2025-05-06 19:02:15.797806,2025-05-06 19:02:15.797806
226026,137,2014-03-07,,,,,,,9,3.9,12.5,,,,,,,2025-05-06 19:02:15.880821,2025-05-06 19:02:15.880821
226043,137,2014-03-08,,,,,,,4,3.3,6.4,,,,,,,2025-05-06 19:02:15.968244,2025-05-06 19:02:15.968244
226060,137,2014-03-09,,,,,,,25,3.6,13.1,16:45,,,,,,2025-05-06 19:02:16.052416,2025-05-06 19:02:16.052416
226093,137,2014-03-11,,,,,,,2,3.6,10.6,04:18,,,,,,2025-05-06 19:02:16.214921,2025-05-06 19:02:16.214921
226110,137,2014-03-12,,,,,,,1,3.6,8.9,16:20,,,,,,2025-05-06 19:02:16.295483,2025-05-06 19:02:16.295483
226127,137,2014-03-13,,,,,,,5,6.4,13.6,21:50,,,,,,2025-05-06 19:02:16.382859,2025-05-06 19:02:16.382859
226144,137,2014-03-14,,,,,,,11,8.3,16.9,02:05,,,,,,2025-05-06 19:02:16.473685,2025-05-06 19:02:16.473685
226161,137,2014-03-15,,,,,,,7,10.6,21.9,,,,,,,2025-05-06 19:02:16.559025,2025-05-06 19:02:16.559025
226178,137,2014-03-16,,,,,,,8,5.3,15,04:20,,,,,,2025-05-06 19:02:16.641558,2025-05-06 19:02:16.641558
226195,137,2014-03-17,,,,,,,2,3.1,6.9,,,,,,,2025-05-06 19:02:16.721958,2025-05-06 19:02:16.721958
226212,137,2014-03-18,,,,,,,8,7.2,18.1,23:35,,,,,,2025-05-06 19:02:16.808363,2025-05-06 19:02:16.808363
226229,137,2014-03-19,,,,,,,9,8.6,20,03:40,,,,,,2025-05-06 19:02:16.896431,2025-05-06 19:02:16.896431
226245,137,2014-03-20,,,,,,,8,6.9,16.4,01:05,,,,,,2025-05-06 19:02:16.978106,2025-05-06 19:02:16.978106
226261,137,2014-03-21,,,,,,,11,6.4,11.9,12:05,,,,,,2025-05-06 19:02:17.071008,2025-05-06 19:02:17.071008
226278,137,2014-03-22,,,,,,,7,6.9,13.1,13:55,,,,,,2025-05-06 19:02:17.165351,2025-05-06 19:02:17.165351
226295,137,2014-03-23,,,,,,,2,5.3,13.9,18:18,,,,,,2025-05-06 19:02:17.247654,2025-05-06 19:02:17.247654
226312,137,2014-03-24,,,,,,,8,6.9,18.6,19:25,,,,,,2025-05-06 19:02:17.331623,2025-05-06 19:02:17.331623
226329,137,2014-03-25,,,,,,,8,10.6,21.4,08:25,,,,,,2025-05-06 19:02:17.420436,2025-05-06 19:02:17.420436
226346,137,2014-03-26,,,,,,,7,8.6,21.1,08:30,,,,,,2025-05-06 19:02:17.508040,2025-05-06 19:02:17.508040
226363,137,2014-03-27,,,,,,,1,6.1,13.1,12:55,,,,,,2025-05-06 19:02:17.588034,2025-05-06 19:02:17.588034
226380,137,2014-03-28,,,,,,,34,3.6,10,09:50,,,,,,2025-05-06 19:02:17.663726,2025-05-06 19:02:17.663726
226396,137,2014-03-29,,,,,,,36,3.1,6.9,01:40,,,,,,2025-05-06 19:02:17.738785,2025-05-06 19:02:17.738785
226412,137,2014-03-30,,,,,,,25,2.2,5.6,15:50,,,,,,2025-05-06 19:02:17.820164,2025-05-06 19:02:17.820164
226444,137,2014-04-01,,,,,,,20,7.2,21.4,12:45,,,,,,2025-05-06 19:02:17.994681,2025-05-06 19:02:17.994681
226460,137,2014-04-02,,,,,,,20,1.9,15.6,00:58,,,,,,2025-05-06 19:02:18.092251,2025-05-06 19:02:18.092251
226477,137,2014-04-03,,,,,,,1,3.1,8.1,17:05,,,,,,2025-05-06 19:02:18.183431,2025-05-06 19:02:18.183431
226494,137,2014-04-04,,,,,,,99,3.3,11.4,,,,,,,2025-05-06 19:02:18.254708,2025-05-06 19:02:18.254708
226511,137,2014-04-05,,,,,,,10,4.7,11.9,01:25,,,,,,2025-05-06 19:02:18.336578,2025-05-06 19:02:18.336578
226528,137,2014-04-06,,,,,,,1,4.7,11.1,13:00,,,,,,2025-05-06 19:02:18.415955,2025-05-06 19:02:18.415955
226545,137,2014-04-07,,,,,,,2,2.2,6.4,,,,,,,2025-05-06 19:02:18.498798,2025-05-06 19:02:18.498798
226562,137,2014-04-08,,,,,,,35,1.9,6.1,,,,,,,2025-05-06 19:02:18.588815,2025-05-06 19:02:18.588815
226579,137,2014-04-09,,,,,,,2,3.1,8.1,12:12,,,,,,2025-05-06 19:02:18.673465,2025-05-06 19:02:18.673465
226596,137,2014-04-10,,,,,,,35,3.6,8.1,12:50,,,,,,2025-05-06 19:02:18.761561,2025-05-06 19:02:18.761561
226613,137,2014-04-11,,,,,,,7,5,11.4,06:50,,,,,,2025-05-06 19:02:18.852261,2025-05-06 19:02:18.852261
226630,137,2014-04-12,,,,,,,16,3.1,12.5,17:05,,,,,,2025-05-06 19:02:18.950439,2025-05-06 19:02:18.950439
226647,137,2014-04-13,,,,,,,18,5.3,13.6,20:10,,,,,,2025-05-06 19:02:19.058720,2025-05-06 19:02:19.058720
226664,137,2014-04-14,,,,,,,24,1.9,6.9,12:28,,,,,,2025-05-06 19:02:19.160767,2025-05-06 19:02:19.160767
226681,137,2014-04-15,,,,,,,88,1.7,5.6,11:50,,,,,,2025-05-06 19:02:19.250856,2025-05-06 19:02:19.250856
226698,137,2014-04-16,,,,,,,7,2.8,8.1,08:25,,,,,,2025-05-06 19:02:19.344574,2025-05-06 19:02:19.344574
226715,137,2014-04-17,,,,,,,5,4.2,10,21:20,,,,,,2025-05-06 19:02:19.437875,2025-05-06 19:02:19.437875
226732,137,2014-04-18,,,,,,,3,4.7,11.9,13:25,,,,,,2025-05-06 19:02:19.537259,2025-05-06 19:02:19.537259
226749,137,2014-04-19,,,,,,,25,1.9,8.9,15:12,,,,,,2025-05-06 19:02:19.634768,2025-05-06 19:02:19.634768
226780,137,2014-04-21,,,,,,,5,1.9,8.1,15:35,,,,,,2025-05-06 19:02:19.793065,2025-05-06 19:02:19.793065
226797,137,2014-04-22,,,,,,,1,5,10,13:10,,,,,,2025-05-06 19:02:19.885018,2025-05-06 19:02:19.885018
226814,137,2014-04-23,,,,,,,6,4.7,13.1,13:30,,,,,,2025-05-06 19:02:19.971826,2025-05-06 19:02:19.971826
226830,137,2014-04-24,,,,,,,6,6.1,18.9,,,,,,,2025-05-06 19:02:20.047922,2025-05-06 19:02:20.047922
226846,137,2014-04-25,,,,,,,3,8.1,21.1,10:20,,,,,,2025-05-06 19:02:20.132035,2025-05-06 19:02:20.132035
226863,137,2014-04-26,,,,,,,8,4.4,17.5,04:45,,,,,,2025-05-06 19:02:20.193897,2025-05-06 19:02:20.193897
226880,137,2014-04-27,,,,,,,7,7.2,18.9,,,,,,,2025-05-06 19:02:20.263599,2025-05-06 19:02:20.263599
226897,137,2014-04-28,,,,,,,9,7.2,18.9,05:25,,,,,,2025-05-06 19:02:20.342680,2025-05-06 19:02:20.342680
226914,137,2014-04-29,,,,,,,8,9.4,19.4,,,,,,,2025-05-06 19:02:20.426168,2025-05-06 19:02:20.426168
226931,137,2014-04-30,,,,,,,7,9.4,19.4,09:50,,,,,,2025-05-06 19:02:20.514962,2025-05-06 19:02:20.514962
226948,137,2014-05-01,,,,,,,7,5.3,15,23:55,,,,,,2025-05-06 19:02:20.614952,2025-05-06 19:02:20.614952
226965,137,2014-05-02,,,,,,,2,6.7,11.4,,,,,,,2025-05-06 19:02:20.711373,2025-05-06 19:02:20.711373
226982,137,2014-05-03,,,,,,,2,4.7,10,,,,,,,2025-05-06 19:02:20.802751,2025-05-06 19:02:20.802751
226999,137,2014-05-04,,,,,,,1,3.3,8.9,12:18,,,,,,2025-05-06 19:02:20.898080,2025-05-06 19:02:20.898080
227016,137,2014-05-05,,,,,,,1,4.2,11.1,12:05,,,,,,2025-05-06 19:02:20.983461,2025-05-06 19:02:20.983461
227032,137,2014-05-06,,,,,,,2,4.4,10,11:50,,,,,,2025-05-06 19:02:21.058258,2025-05-06 19:02:21.058258
227049,137,2014-05-07,,,,,,,36,3.9,11.9,14:20,,,,,,2025-05-06 19:02:21.143738,2025-05-06 19:02:21.143738
227066,137,2014-05-08,,,,,,,10,5,12.5,14:55,,,,,,2025-05-06 19:02:21.228912,2025-05-06 19:02:21.228912
227083,137,2014-05-09,,,,,,,9,9.7,18.6,14:30,,,,,,2025-05-06 19:02:21.320479,2025-05-06 19:02:21.320479
227100,137,2014-05-10,,,,,,,7,11.4,18.1,21:30,,,,,,2025-05-06 19:02:21.405269,2025-05-06 19:02:21.405269
227117,137,2014-05-11,,,,,,,8,9.4,21.1,08:10,,,,,,2025-05-06 19:02:21.492455,2025-05-06 19:02:21.492455
227134,137,2014-05-12,,,,,,,36,1.9,8.9,17:20,,,,,,2025-05-06 19:02:21.582421,2025-05-06 19:02:21.582421
227150,137,2014-05-13,,,,,,,29,2.2,6.4,15:28,,,,,,2025-05-06 19:02:21.657555,2025-05-06 19:02:21.657555
227167,137,2014-05-14,,,,,,,4,3.1,8.1,06:30,,,,,,2025-05-06 19:02:21.737807,2025-05-06 19:02:21.737807
227184,137,2014-05-15,,,,,,,1,3.6,11.1,,,,,,,2025-05-06 19:02:21.821203,2025-05-06 19:02:21.821203
227201,137,2014-05-16,,,,,,,1,5.6,11.9,,,,,,,2025-05-06 19:02:21.910942,2025-05-06 19:02:21.910942
227218,137,2014-05-17,,,,,,,1,7.2,11.9,13:10,,,,,,2025-05-06 19:02:22.002568,2025-05-06 19:02:22.002568
227235,137,2014-05-18,,,,,,,1,5.3,11.9,15:50,,,,,,2025-05-06 19:02:22.073623,2025-05-06 19:02:22.073623
227252,137,2014-05-19,,,,,,,36,3.1,8.1,16:25,,,,,,2025-05-06 19:02:22.150761,2025-05-06 19:02:22.150761
227269,137,2014-05-20,,,,,,,32,3.1,6.9,12:58,,,,,,2025-05-06 19:02:22.231592,2025-05-06 19:02:22.231592
227286,137,2014-05-21,,,,,,,24,3.1,6.9,13:25,,,,,,2025-05-06 19:02:22.316227,2025-05-06 19:02:22.316227
227303,137,2014-05-22,,,,,,,2,5.3,11.1,13:30,,,,,,2025-05-06 19:02:22.406839,2025-05-06 19:02:22.406839
227320,137,2014-05-23,,,,,,,2,3.9,10,16:30,,,,,,2025-05-06 19:02:22.506356,2025-05-06 19:02:22.506356
227337,137,2014-05-24,,,,,,,1,5,11.1,15:00,,,,,,2025-05-06 19:02:22.600310,2025-05-06 19:02:22.600310
227354,137,2014-05-25,,,,,,,36,5,12.5,16:00,,,,,,2025-05-06 19:02:22.689880,2025-05-06 19:02:22.689880
227370,137,2014-05-26,,,,,,,4,4.2,13.1,14:18,,,,,,2025-05-06 19:02:22.765760,2025-05-06 19:02:22.765760
227386,137,2014-05-27,,,,,,,3,4.7,11.9,05:30,,,,,,2025-05-06 19:02:22.841836,2025-05-06 19:02:22.841836
227402,137,2014-05-28,,,,,,,8,4.7,11.4,19:50,,,,,,2025-05-06 19:02:22.918125,2025-05-06 19:02:22.918125
227418,137,2014-05-29,,,,,,,7,4.7,13.1,23:05,,,,,,2025-05-06 19:02:23.003035,2025-05-06 19:02:23.003035
227435,137,2014-05-30,,,,,,,6,6.7,13.1,18:30,,,,,,2025-05-06 19:02:23.091504,2025-05-06 19:02:23.091504
227452,137,2014-05-31,,,,,,,5,4.7,13.1,09:10,,,,,,2025-05-06 19:02:23.191821,2025-05-06 19:02:23.191821
227469,137,2014-06-01,,,,,,,7,3.6,13.9,23:20,,,,,,2025-05-06 19:02:23.275933,2025-05-06 19:02:23.275933
227485,137,2014-06-02,,,,,,,4,5.8,14.2,15:50,,,,,,2025-05-06 19:02:23.346346,2025-05-06 19:02:23.346346
227501,137,2014-06-03,,,,,,,4,4.2,14.2,08:42,,,,,,2025-05-06 19:02:23.424316,2025-05-06 19:02:23.424316
227517,137,2014-06-04,,,,,,,99,5.3,11.9,,,,,,,2025-05-06 19:02:23.498584,2025-05-06 19:02:23.498584
227533,137,2014-06-05,,,,,,,7,2.8,7.8,03:50,,,,,,2025-05-06 19:02:23.572906,2025-05-06 19:02:23.572906
227549,137,2014-06-06,,,,,,,33,2.2,7.2,15:12,,,,,,2025-05-06 19:02:23.656003,2025-05-06 19:02:23.656003
227565,137,2014-06-07,,,,,,,1,2.8,10,16:04,,,,,,2025-05-06 19:02:23.734498,2025-05-06 19:02:23.734498
227581,137,2014-06-08,,,,,,,7,4.2,13.6,19:50,,,,,,2025-05-06 19:02:23.816728,2025-05-06 19:02:23.816728
227597,137,2014-06-09,,,,,,,4,6.4,16.9,10:25,,,,,,2025-05-06 19:02:23.901395,2025-05-06 19:02:23.901395
227613,137,2014-06-10,,,,,,,1,3.6,11.9,12:30,,,,,,2025-05-06 19:02:23.969438,2025-05-06 19:02:23.969438
227630,137,2014-06-11,,,,,,,99,4.2,10,,,,,,,2025-05-06 19:02:24.051585,2025-05-06 19:02:24.051585
227647,137,2014-06-12,,,,,,,99,3.6,10.3,,,,,,,2025-05-06 19:02:24.135043,2025-05-06 19:02:24.135043
227664,137,2014-06-13,,,,,,,2,3.9,9.7,03:45,,,,,,2025-05-06 19:02:24.222087,2025-05-06 19:02:24.222087
227681,137,2014-06-14,,,,,,,99,0.8,3.1,,,,,,,2025-05-06 19:02:24.308343,2025-05-06 19:02:24.308343
227698,137,2014-06-15,,,,,,,99,3.1,8.1,,,,,,,2025-05-06 19:02:24.397882,2025-05-06 19:02:24.397882
227715,137,2014-06-16,,,,,,,99,2.8,7.2,,,,,,,2025-05-06 19:02:24.494447,2025-05-06 19:02:24.494447
227731,137,2014-06-17,,,,,,,1,3.1,8.6,17:20,,,,,,2025-05-06 19:02:24.577381,2025-05-06 19:02:24.577381
227748,137,2014-06-18,,,,,,,99,3.3,8.9,,,,,,,2025-05-06 19:02:24.682659,2025-05-06 19:02:24.682659
227765,137,2014-06-19,,,,,,,6,2.2,6.9,11:50,,,,,,2025-05-06 19:02:24.788462,2025-05-06 19:02:24.788462
227782,137,2014-06-20,,,,,,,99,1.7,6.1,,,,,,,2025-05-06 19:02:24.894493,2025-05-06 19:02:24.894493
227799,137,2014-06-21,,,,,,,36,2.8,6.9,17:25,,,,,,2025-05-06 19:02:24.999652,2025-05-06 19:02:24.999652
227815,137,2014-06-22,,,,,,,36,3.3,8.6,14:30,,,,,,2025-05-06 19:02:25.097031,2025-05-06 19:02:25.097031
227832,137,2014-06-23,,,,,,,99,1.1,7.2,,,,,,,2025-05-06 19:02:25.207143,2025-05-06 19:02:25.207143
227848,137,2014-06-24,,,,,,,36,4.4,16.1,14:07,,,,,,2025-05-06 19:02:25.298357,2025-05-06 19:02:25.298357
227880,137,2014-06-26,,,,,,,1,4.7,11.1,12:05,,,,,,2025-05-06 19:02:25.467706,2025-05-06 19:02:25.467706
227896,137,2014-06-27,,,,,,,36,3.6,11.1,10:00,,,,,,2025-05-06 19:02:25.556055,2025-05-06 19:02:25.556055
227912,137,2014-06-28,,,,,,,6,5.8,15.3,17:30,,,,,,2025-05-06 19:02:25.637647,2025-05-06 19:02:25.637647
227928,137,2014-06-29,,,,,,,7,11.1,23.6,21:40,,,,,,2025-05-06 19:02:25.725095,2025-05-06 19:02:25.725095
227944,137,2014-06-30,,,,,,,8,8.3,21.9,07:48,,,,,,2025-05-06 19:02:25.811371,2025-05-06 19:02:25.811371
227960,137,2014-07-01,,,,,,,7,8.1,21.1,,,,,,,2025-05-06 19:02:25.896980,2025-05-06 19:02:25.896980
227992,137,2014-07-03,,,,,,,5,5.3,12.5,01:22,,,,,,2025-05-06 19:02:26.073589,2025-05-06 19:02:26.073589
228008,137,2014-07-04,,,,,,,6,6.7,15.6,22:50,,,,,,2025-05-06 19:02:26.165650,2025-05-06 19:02:26.165650
228025,137,2014-07-05,,,,,,,10,4.7,13.1,06:57,,,,,,2025-05-06 19:02:26.259084,2025-05-06 19:02:26.259084
228042,137,2014-07-06,,,,,,,99,5.8,14.4,,,,,,,2025-05-06 19:02:26.360954,2025-05-06 19:02:26.360954
228059,137,2014-07-07,,,,,,,4,3.3,11.1,20:03,,,,,,2025-05-06 19:02:26.461450,2025-05-06 19:02:26.461450
228076,137,2014-07-08,,,,,,,5,3.9,13.1,01:58,,,,,,2025-05-06 19:02:26.552463,2025-05-06 19:02:26.552463
228093,137,2014-07-09,,,,,,,4,3.1,11.9,03:57,,,,,,2025-05-06 19:02:26.643485,2025-05-06 19:02:26.643485
228110,137,2014-07-10,,,,,,,99,2.8,6.9,,,,,,,2025-05-06 19:02:26.721933,2025-05-06 19:02:26.721933
228127,137,2014-07-11,,,,,,,99,2.5,8.1,,,,,,,2025-05-06 19:02:26.801741,2025-05-06 19:02:26.801741
228144,137,2014-07-12,,,,,,,1,4.2,10.6,12:30,,,,,,2025-05-06 19:02:26.883749,2025-05-06 19:02:26.883749
228161,137,2014-07-13,,,,,,,1,5.6,13.1,12:22,,,,,,2025-05-06 19:02:26.962451,2025-05-06 19:02:26.962451
228176,137,2014-07-14,,,,,,,36,4.7,14.2,14:20,,,,,,2025-05-06 19:02:27.034497,2025-05-06 19:02:27.034497
228192,137,2014-07-15,,,,,,,36,4.7,11.9,14:10,,,,,,2025-05-06 19:02:27.121108,2025-05-06 19:02:27.121108
228209,137,2014-07-16,,,,,,,36,4.7,12.2,14:50,,,,,,2025-05-06 19:02:27.211923,2025-05-06 19:02:27.211923
228225,137,2014-07-17,,,,,,,1,4.2,13.3,12:50,,,,,,2025-05-06 19:02:27.296103,2025-05-06 19:02:27.296103
228241,137,2014-07-18,,,,,,,7,5.3,15.6,23:15,,,,,,2025-05-06 19:02:27.382028,2025-05-06 19:02:27.382028
228257,137,2014-07-19,,,,,,,99,6.4,13.9,,,,,,,2025-05-06 19:02:27.475243,2025-05-06 19:02:27.475243
228274,137,2014-07-20,,,,,,,7,7.8,20.3,04:55,,,,,,2025-05-06 19:02:27.569940,2025-05-06 19:02:27.569940
228291,137,2014-07-21,,,,,,,99,6.1,14.4,,,,,,,2025-05-06 19:02:27.662545,2025-05-06 19:02:27.662545
228308,137,2014-07-22,,,,,,,88,4.4,11.9,00:23,,,,,,2025-05-06 19:02:27.758612,2025-05-06 19:02:27.758612
228323,137,2014-07-23,,,,,,,99,2.5,8.9,,,,,,,2025-05-06 19:02:27.840909,2025-05-06 19:02:27.840909
228337,137,2014-07-24,,,,,,,36,3.6,10.6,15:47,,,,,,2025-05-06 19:02:27.920586,2025-05-06 19:02:27.920586
228354,137,2014-07-25,,,,,,,36,3.1,9.2,03:17,,,,,,2025-05-06 19:02:28.015750,2025-05-06 19:02:28.015750
228366,137,2014-07-26,,,,,,,2,3.6,9.2,11:10,,,,,,2025-05-06 19:02:28.082445,2025-05-06 19:02:28.082445
228382,137,2014-07-27,,,,,,,36,4.2,11.1,14:02,,,,,,2025-05-06 19:02:28.167796,2025-05-06 19:02:28.167796
228399,137,2014-07-28,,,,,,,2,4.4,14.7,13:25,,,,,,2025-05-06 19:02:28.246534,2025-05-06 19:02:28.246534
228416,137,2014-07-29,,,,,,,5,4.4,12.2,19:40,,,,,,2025-05-06 19:02:28.332760,2025-05-06 19:02:28.332760
228427,137,2014-07-30,,,,,,,9,5.3,13.6,08:42,,,,,,2025-05-06 19:02:28.397438,2025-05-06 19:02:28.397438
228444,137,2014-07-31,,,,,,,9,5.6,15,23:02,,,,,,2025-05-06 19:02:28.492642,2025-05-06 19:02:28.492642
228477,137,2014-08-02,,,,,,,5,4.2,12.8,09:38,,,,,,2025-05-06 19:02:28.675699,2025-05-06 19:02:28.675699
228494,137,2014-08-03,,,,,,,6,3.3,10.6,14:20,,,,,,2025-05-06 19:02:28.770858,2025-05-06 19:02:28.770858
228511,137,2014-08-04,,,,,,,6,5,13.1,23:27,,,,,,2025-05-06 19:02:28.863593,2025-05-06 19:02:28.863593
228528,137,2014-08-05,,,,,,,6,6.4,15.3,03:30,,,,,,2025-05-06 19:02:28.948422,2025-05-06 19:02:28.948422
228545,137,2014-08-06,,,,,,,7,7.5,18.3,15:18,,,,,,2025-05-06 19:02:29.030934,2025-05-06 19:02:29.030934
228561,137,2014-08-07,,,,,,,6,5,12.8,13:58,,,,,,2025-05-06 19:02:29.111645,2025-05-06 19:02:29.111645
228578,137,2014-08-08,,,,,,,1,4.2,15.6,14:18,,,,,,2025-05-06 19:02:29.201158,2025-05-06 19:02:29.201158
228595,137,2014-08-09,,,,,,,5,4.7,14.2,23:55,,,,,,2025-05-06 19:02:29.283359,2025-05-06 19:02:29.283359
228611,137,2014-08-10,,,,,,,1,5.8,13.9,15:52,,,,,,2025-05-06 19:02:29.362762,2025-05-06 19:02:29.362762
228628,137,2014-08-11,,,,,,,8,6.7,20.6,23:18,,,,,,2025-05-06 19:02:29.448177,2025-05-06 19:02:29.448177
228645,137,2014-08-12,,,,,,,7,9.4,19.7,13:40,,,,,,2025-05-06 19:02:29.542179,2025-05-06 19:02:29.542179
228662,137,2014-08-13,,,,,,,7,8.3,22.5,10:47,,,,,,2025-05-06 19:02:29.633547,2025-05-06 19:02:29.633547
228679,137,2014-08-14,,,,,,,7,9.7,18.6,11:18,,,,,,2025-05-06 19:03:32.435698,2025-05-06 19:03:32.435698
228696,137,2014-08-15,,,,,,,9,5.8,15,01:03,,,,,,2025-05-06 19:03:32.541912,2025-05-06 19:03:32.541912
228713,137,2014-08-16,,,,,,,99,4.7,13.1,,,,,,,2025-05-06 19:03:32.641749,2025-05-06 19:03:32.641749
228730,137,2014-08-17,,,,,,,36,6.7,13.3,16:15,,,,,,2025-05-06 19:03:32.767463,2025-05-06 19:03:32.767463
228747,137,2014-08-18,,,,,,,99,5.8,15.3,,,,,,,2025-05-06 19:03:32.875615,2025-05-06 19:03:32.875615
228780,137,2014-08-20,,,,,,,99,3.1,8.1,,,,,,,2025-05-06 19:03:33.062173,2025-05-06 19:03:33.062173
228797,137,2014-08-21,,,,,,,8,2.2,6.9,06:15,,,,,,2025-05-06 19:03:33.162980,2025-05-06 19:03:33.162980
228813,137,2014-08-22,,,,,,,2,3.9,10,14:00,,,,,,2025-05-06 19:03:33.256318,2025-05-06 19:03:33.256318
228830,137,2014-08-23,,,,,,,99,6.4,16.1,,,,,,,2025-05-06 19:03:33.348263,2025-05-06 19:03:33.348263
228847,137,2014-08-24,,,,,,,99,5.6,15.3,,,,,,,2025-05-06 19:03:33.430939,2025-05-06 19:03:33.430939
228864,137,2014-08-25,,,,,,,99,6.1,12.8,,,,,,,2025-05-06 19:03:33.517023,2025-05-06 19:03:33.517023
228881,137,2014-08-26,,,,,,,6,7.5,16.4,22:30,,,,,,2025-05-06 19:03:33.591756,2025-05-06 19:03:33.591756
228898,137,2014-08-27,,,,,,,7,3.6,15.3,00:05,,,,,,2025-05-06 19:03:33.668621,2025-05-06 19:03:33.668621
228915,137,2014-08-28,,,,,,,6,2.2,15,23:59,,,,,,2025-05-06 19:03:33.745558,2025-05-06 19:03:33.745558
228932,137,2014-08-29,,,,,,,7,6.7,14.7,15:10,,,,,,2025-05-06 19:03:33.826560,2025-05-06 19:03:33.826560
228948,137,2014-08-30,,,,,,,7,5.8,14.4,12:15,,,,,,2025-05-06 19:03:33.913570,2025-05-06 19:03:33.913570
228965,137,2014-08-31,,,,,,,8,5.3,13.9,01:20,,,,,,2025-05-06 19:03:34.004657,2025-05-06 19:03:34.004657
228982,137,2014-09-01,,,,,,,4,4.2,10,17:15,,,,,,2025-05-06 19:03:34.095664,2025-05-06 19:03:34.095664
228999,137,2014-09-02,,,,,,,99,4.4,8.3,,,,,,,2025-05-06 19:03:34.187202,2025-05-06 19:03:34.187202
229015,137,2014-09-03,,,,,,,99,1.9,6.4,,,,,,,2025-05-06 19:03:34.274176,2025-05-06 19:03:34.274176
229032,137,2014-09-04,,,,,,,99,1.7,5,,,,,,,2025-05-06 19:03:34.357250,2025-05-06 19:03:34.357250
229048,137,2014-09-05,,,,,,,99,2.8,7.8,,,,,,,2025-05-06 19:03:34.432162,2025-05-06 19:03:34.432162
229065,137,2014-09-06,,,,,,,9,2.2,8.6,05:10,,,,,,2025-05-06 19:03:34.513569,2025-05-06 19:03:34.513569
229082,137,2014-09-07,,,,,,,2,2.2,7.2,16:10,,,,,,2025-05-06 19:03:34.595888,2025-05-06 19:03:34.595888
229099,137,2014-09-08,,,,,,,36,2.5,6.9,10:50,,,,,,2025-05-06 19:03:34.676771,2025-05-06 19:03:34.676771
229116,137,2014-09-09,,,,,,,99,1.1,5,,,,,,,2025-05-06 19:03:34.757628,2025-05-06 19:03:34.757628
229133,137,2014-09-10,,,,,,,23,1.7,6.1,12:40,,,,,,2025-05-06 19:03:34.839539,2025-05-06 19:03:34.839539
229150,137,2014-09-11,,,,,,,1,3.6,9.4,12:30,,,,,,2025-05-06 19:03:34.922994,2025-05-06 19:03:34.922994
229167,137,2014-09-12,,,,,,,1,3.6,10.8,14:48,,,,,,2025-05-06 19:03:35.006706,2025-05-06 19:03:35.006706
229184,137,2014-09-13,,,,,,,9,4.7,12.5,06:45,,,,,,2025-05-06 19:03:35.087615,2025-05-06 19:03:35.087615
229200,137,2014-09-14,,,,,,,9,5.6,16.1,07:30,,,,,,2025-05-06 19:03:35.167677,2025-05-06 19:03:35.167677
229216,137,2014-09-15,,,,,,,9,1.1,6.1,00:42,,,,,,2025-05-06 19:03:35.248290,2025-05-06 19:03:35.248290
229232,137,2014-09-16,,,,,,,8,1.4,6.4,01:50,,,,,,2025-05-06 19:03:35.332431,2025-05-06 19:03:35.332431
229249,137,2014-09-17,,,,,,,36,2.8,7.5,13:20,,,,,,2025-05-06 19:03:35.416112,2025-05-06 19:03:35.416112
229265,137,2014-09-18,,,,,,,99,1.9,6.1,,,,,,,2025-05-06 19:03:35.505455,2025-05-06 19:03:35.505455
229282,137,2014-09-19,,,,,,,1,1.9,5.3,17:15,,,,,,2025-05-06 19:03:35.592228,2025-05-06 19:03:35.592228
229299,137,2014-09-20,,,,,,,99,1.7,6.4,,,,,,,2025-05-06 19:03:35.679726,2025-05-06 19:03:35.679726
229316,137,2014-09-21,,,,,,,99,2.2,6.1,,,,,,,2025-05-06 19:03:35.768191,2025-05-06 19:03:35.768191
229333,137,2014-09-22,,,,,,,2,3.9,10.6,13:42,,,,,,2025-05-06 19:03:35.858107,2025-05-06 19:03:35.858107
229348,137,2014-09-23,,,,,,,99,4.7,10,,,,,,,2025-05-06 19:03:35.933341,2025-05-06 19:03:35.933341
229364,137,2014-09-24,,,,,,,1,4.7,10.3,16:30,,,,,,2025-05-06 19:03:36.019757,2025-05-06 19:03:36.019757
229379,137,2014-09-25,,,,,,,7,7.5,13.6,06:45,,,,,,2025-05-06 19:03:36.105300,2025-05-06 19:03:36.105300
229395,137,2014-09-26,,,,,,,9,3.3,11.1,21:50,,,,,,2025-05-06 19:03:36.183045,2025-05-06 19:03:36.183045
229412,137,2014-09-27,,,,,,,36,3.1,11.1,14:05,,,,,,2025-05-06 19:03:36.266095,2025-05-06 19:03:36.266095
229429,137,2014-09-28,,,,,,,10,5.3,15,06:35,,,,,,2025-05-06 19:03:36.351620,2025-05-06 19:03:36.351620
229446,137,2014-09-29,,,,,,,9,3.9,13.1,03:00,,,,,,2025-05-06 19:03:36.443722,2025-05-06 19:03:36.443722
229463,137,2014-09-30,,,,,,,1,2.8,10,14:25,,,,,,2025-05-06 19:03:36.532656,2025-05-06 19:03:36.532656
229477,137,2014-10-01,,,,,,,3,3.3,10.6,00:50,,,,,,2025-05-06 19:03:36.643615,2025-05-06 19:03:36.643615
229494,137,2014-10-02,,,,,,,2,3.9,10.6,12:15,,,,,,2025-05-06 19:03:36.751574,2025-05-06 19:03:36.751574
229507,137,2014-10-03,,,,,,,1,3.6,8.6,01:35,,,,,,2025-05-06 19:03:36.828539,2025-05-06 19:03:36.828539
229518,137,2014-10-04,,,,,,,5,3.9,13.9,19:10,,,,,,2025-05-06 19:03:36.894715,2025-05-06 19:03:36.894715
229532,137,2014-10-05,,,,,,,7,4.7,11.4,22:00,,,,,,2025-05-06 19:03:36.960612,2025-05-06 19:03:36.960612
229544,137,2014-10-06,,,,,,,1,3.3,12.2,11:55,,,,,,2025-05-06 19:03:37.021568,2025-05-06 19:03:37.021568
229560,137,2014-10-07,,,,,,,99,3.3,8.9,,,,,,,2025-05-06 19:03:37.101796,2025-05-06 19:03:37.101796
229576,137,2014-10-08,,,,,,,8,3.3,7.5,22:50,,,,,,2025-05-06 19:03:37.186076,2025-05-06 19:03:37.186076
229592,137,2014-10-09,,,,,,,99,2.2,8.1,,,,,,,2025-05-06 19:03:37.264874,2025-05-06 19:03:37.264874
229608,137,2014-10-10,,,,,,,99,3.3,8.6,,,,,,,2025-05-06 19:03:37.347634,2025-05-06 19:03:37.347634
229623,137,2014-10-11,,,,,,,36,1.1,6.4,14:10,,,,,,2025-05-06 19:03:37.422576,2025-05-06 19:03:37.422576
229639,137,2014-10-12,,,,,,,99,1.7,8.1,,,,,,,2025-05-06 19:03:37.502001,2025-05-06 19:03:37.502001
229654,137,2014-10-13,,,,,,,99,3.1,8.1,,,,,,,2025-05-06 19:03:37.574602,2025-05-06 19:03:37.574602
229685,137,2014-10-15,,,,,,,99,1.7,6.9,,,,,,,2025-05-06 19:03:37.727845,2025-05-06 19:03:37.727845
229701,137,2014-10-16,,,,,,,24,1.4,5,15:42,,,,,,2025-05-06 19:03:37.820817,2025-05-06 19:03:37.820817
229716,137,2014-10-17,,,,,,,29,1.4,6.1,14:55,,,,,,2025-05-06 19:03:37.911677,2025-05-06 19:03:37.911677
229731,137,2014-10-18,,,,,,,99,1.4,5,,,,,,,2025-05-06 19:03:38.004660,2025-05-06 19:03:38.004660
229747,137,2014-10-19,,,,,,,21,1.7,16.1,15:40,,,,,,2025-05-06 19:03:38.093068,2025-05-06 19:03:38.093068
229762,137,2014-10-20,,,,,,,18,1.9,8.1,00:01,,,,,,2025-05-06 19:03:38.187275,2025-05-06 19:03:38.187275
229778,137,2014-10-21,,,,,,,6,0.8,18.1,23:50,,,,,,2025-05-06 19:03:38.287471,2025-05-06 19:03:38.287471
229794,137,2014-10-22,,,,,,,6,4.7,21.1,,,,,,,2025-05-06 19:03:38.376260,2025-05-06 19:03:38.376260
229810,137,2014-10-23,,,,,,,9,3.3,9.4,06:55,,,,,,2025-05-06 19:03:38.463229,2025-05-06 19:03:38.463229
229827,137,2014-10-24,,,,,,,9,2.5,10.8,06:05,,,,,,2025-05-06 19:03:38.546862,2025-05-06 19:03:38.546862
229844,137,2014-10-25,,,,,,,99,0.3,3.9,,,,,,,2025-05-06 19:03:38.642859,2025-05-06 19:03:38.642859
229860,137,2014-10-26,,,,,,,36,0.8,6.1,18:45,,,,,,2025-05-06 19:03:38.740229,2025-05-06 19:03:38.740229
229877,137,2014-10-27,,,,,,,99,1.4,5,,,,,,,2025-05-06 19:03:38.842799,2025-05-06 19:03:38.842799
229893,137,2014-10-28,,,,,,,1,2.2,8.1,13:55,,,,,,2025-05-06 19:03:38.930594,2025-05-06 19:03:38.930594
229910,137,2014-10-29,,,,,,,99,2.5,8.1,,,,,,,2025-05-06 19:03:39.022993,2025-05-06 19:03:39.022993
229926,137,2014-10-30,,,,,,,1,1.7,6.1,12:10,,,,,,2025-05-06 19:03:39.111068,2025-05-06 19:03:39.111068
229943,137,2014-10-31,,,,,,,1,2.8,9.4,21:18,,,,,,2025-05-06 19:03:39.210722,2025-05-06 19:03:39.210722
229960,137,2014-11-01,,,,,,,6,4.2,10.8,02:22,,,,,,2025-05-06 19:03:39.306863,2025-05-06 19:03:39.306863
229977,137,2014-11-02,,,,,,,2,5,14.2,03:45,,,,,,2025-05-06 19:03:39.403701,2025-05-06 19:03:39.403701
229992,137,2014-11-03,,,,,,,8,6.1,16.1,22:30,,,,,,2025-05-06 19:03:39.497263,2025-05-06 19:03:39.497263
230005,137,2014-11-04,,,,,,,99,3.3,11.1,,,,,,,2025-05-06 19:03:39.573589,2025-05-06 19:03:39.573589
230020,137,2014-11-05,,,,,,,99,3.3,8.9,,,,,,,2025-05-06 19:03:39.662363,2025-05-06 19:03:39.662363
230036,137,2014-11-06,,,,,,,99,5,11.1,,,,,,,2025-05-06 19:03:39.764163,2025-05-06 19:03:39.764163
230053,137,2014-11-07,,,,,,,10,6.7,16.4,08:05,,,,,,2025-05-06 19:03:39.851081,2025-05-06 19:03:39.851081
230069,137,2014-11-08,,,,,,,7,5.8,13.9,09:35,,,,,,2025-05-06 19:03:39.938403,2025-05-06 19:03:39.938403
230085,137,2014-11-09,,,,,,,99,4.4,11.1,,,,,,,2025-05-06 19:03:40.012511,2025-05-06 19:03:40.012511
230102,137,2014-11-10,,,,,,,35,2.8,9.2,15:08,,,,,,2025-05-06 19:03:40.084334,2025-05-06 19:03:40.084334
230117,137,2014-11-11,,,,,,,34,0.8,4.7,10:45,,,,,,2025-05-06 19:03:40.158839,2025-05-06 19:03:40.158839
230134,137,2014-11-12,,,,,,,3,1.4,5,17:30,,,,,,2025-05-06 19:03:40.247355,2025-05-06 19:03:40.247355
230150,137,2014-11-13,,,,,,,99,0.8,3.1,,,,,,,2025-05-06 19:03:40.330595,2025-05-06 19:03:40.330595
230166,137,2014-11-14,,,,,,,99,1.4,4.4,,,,,,,2025-05-06 19:03:40.413408,2025-05-06 19:03:40.413408
230182,137,2014-11-15,,,,,,,1,1.4,6.9,09:45,,,,,,2025-05-06 19:03:40.492672,2025-05-06 19:03:40.492672
230199,137,2014-11-16,,,,,,,99,2.5,6.9,,,,,,,2025-05-06 19:03:40.585894,2025-05-06 19:03:40.585894
230216,137,2014-11-17,,,,,,,99,1.9,6.1,,,,,,,2025-05-06 19:03:40.692094,2025-05-06 19:03:40.692094
230233,137,2014-11-18,,,,,,,99,2.5,8.9,,,,,,,2025-05-06 19:03:40.809603,2025-05-06 19:03:40.809603
230250,137,2014-11-19,,,,,,,2,1.4,10,11:25,,,,,,2025-05-06 19:03:40.902917,2025-05-06 19:03:40.902917
230267,137,2014-11-20,,,,,,,19,2.8,15,04:36,,,,,,2025-05-06 19:03:40.999137,2025-05-06 19:03:40.999137
230284,137,2014-11-21,,,,,,,99,2.5,8.9,,,,,,,2025-05-06 19:03:41.102700,2025-05-06 19:03:41.102700
230301,137,2014-11-22,,,,,,,35,1.7,8.6,04:22,,,,,,2025-05-06 19:03:41.198110,2025-05-06 19:03:41.198110
230317,137,2014-11-23,,,,,,,35,3.3,13.9,02:25,,,,,,2025-05-06 19:03:41.293047,2025-05-06 19:03:41.293047
230334,137,2014-11-24,,,,,,,1,4.2,11.9,02:20,,,,,,2025-05-06 19:03:41.385167,2025-05-06 19:03:41.385167
230351,137,2014-11-25,,,,,,,99,3.6,10,,,,,,,2025-05-06 19:03:41.470808,2025-05-06 19:03:41.470808
230366,137,2014-11-26,,,,,,,34,1.9,8.1,22:05,,,,,,2025-05-06 19:03:41.539985,2025-05-06 19:03:41.539985
230382,137,2014-11-27,,,,,,,34,1.4,7.5,06:28,,,,,,2025-05-06 19:03:41.619354,2025-05-06 19:03:41.619354
230398,137,2014-11-28,,,,,,,20,6.4,16.9,06:35,,,,,,2025-05-06 19:03:41.702796,2025-05-06 19:03:41.702796
230415,137,2014-11-29,,,,,,,34,,16.9,07:18,,,,,,2025-05-06 19:03:41.785735,2025-05-06 19:03:41.785735
230444,137,2014-12-01,,,,,,,99,1.4,9.4,,,,,,,2025-05-06 19:03:41.933783,2025-05-06 19:03:41.933783
230460,137,2014-12-02,,,,,,,99,3.3,9.4,,,,,,,2025-05-06 19:03:42.016106,2025-05-06 19:03:42.016106
230477,137,2014-12-03,,,,,,,5,2.5,10,22:58,,,,,,2025-05-06 19:03:42.103829,2025-05-06 19:03:42.103829
230494,137,2014-12-04,,,,,,,99,2.2,8.6,,,,,,,2025-05-06 19:03:42.184986,2025-05-06 19:03:42.184986
230511,137,2014-12-05,,,,,,,5,3.1,11.9,21:52,,,,,,2025-05-06 19:03:42.262482,2025-05-06 19:03:42.262482
230528,137,2014-12-06,,,,,,,3,3.3,8.9,18:50,,,,,,2025-05-06 19:03:42.331330,2025-05-06 19:03:42.331330
230545,137,2014-12-07,,,,,,,5,3.3,13.3,19:00,,,,,,2025-05-06 19:03:42.402041,2025-05-06 19:03:42.402041
230562,137,2014-12-08,,,,,,,6,6.1,18.9,03:52,,,,,,2025-05-06 19:03:42.477248,2025-05-06 19:03:42.477248
230579,137,2014-12-09,,,,,,,11,1.4,18.6,23:03,,,,,,2025-05-06 19:03:42.541280,2025-05-06 19:03:42.541280
230595,137,2014-12-10,,,,,,,6,6.1,29.4,23:58,,,,,,2025-05-06 19:03:42.614548,2025-05-06 19:03:42.614548
230612,137,2014-12-11,,,,,,,6,1.9,21.9,00:08,,,,,,2025-05-06 19:03:42.692468,2025-05-06 19:03:42.692468
230629,137,2014-12-12,,,,,,,34,1.1,5,15:30,,,,,,2025-05-06 19:03:42.780462,2025-05-06 19:03:42.780462
230646,137,2014-12-13,,,,,,,36,2.5,10.6,17:45,,,,,,2025-05-06 19:03:42.862947,2025-05-06 19:03:42.862947
230663,137,2014-12-14,,,,,,,1,4.2,10.6,21:03,,,,,,2025-05-06 19:03:42.951432,2025-05-06 19:03:42.951432
230680,137,2014-12-15,,,,,,,36,3.3,13.1,22:57,,,,,,2025-05-06 19:03:43.039764,2025-05-06 19:03:43.039764
230697,137,2014-12-16,,,,,,,7,5,13.1,22:57,,,,,,2025-05-06 19:03:43.131524,2025-05-06 19:03:43.131524
230714,137,2014-12-17,,,,,,,4,5.3,13.9,20:25,,,,,,2025-05-06 19:03:43.227522,2025-05-06 19:03:43.227522
230731,137,2014-12-18,,,,,,,7,4.7,12.2,14:58,,,,,,2025-05-06 19:03:43.317531,2025-05-06 19:03:43.317531
230748,137,2014-12-19,,,,,,,7,1.1,11.9,21:38,,,,,,2025-05-06 19:03:43.399070,2025-05-06 19:03:43.399070
230765,137,2014-12-20,,,,,,,6,6.9,13.3,05:10,,,,,,2025-05-06 19:03:43.476942,2025-05-06 19:03:43.476942
230782,137,2014-12-21,,,,,,,6,5,11.7,03:50,,,,,,2025-05-06 19:03:43.547546,2025-05-06 19:03:43.547546
230799,137,2014-12-22,,,,,,,11,2.8,14.4,06:45,,,,,,2025-05-06 19:03:43.625438,2025-05-06 19:03:43.625438
230816,137,2014-12-23,,,,,,,11,0.8,16.7,23:58,,,,,,2025-05-06 19:03:43.708057,2025-05-06 19:03:43.708057
230833,137,2014-12-24,,,,,,,9,1.1,16.1,00:10,,,,,,2025-05-06 19:03:43.792818,2025-05-06 19:03:43.792818
230850,137,2014-12-25,,,,,,,12,1.1,3.9,01:45,,,,,,2025-05-06 19:03:43.872018,2025-05-06 19:03:43.872018
230867,137,2014-12-26,,,,,,,8,1.1,8.9,20:18,,,,,,2025-05-06 19:03:43.955499,2025-05-06 19:03:43.955499
230884,137,2014-12-27,,,,,,,99,1.1,3.9,,,,,,,2025-05-06 19:03:44.044963,2025-05-06 19:03:44.044963
230901,137,2014-12-28,,,,,,,8,1.7,7.8,23:20,,,,,,2025-05-06 19:03:44.123633,2025-05-06 19:03:44.123633
230966,137,2015-01-01,,,,,,,88,3.1,11.9,15:30,,,,,,2025-05-06 19:03:44.500189,2025-05-06 19:03:44.500189
230983,137,2015-01-02,,,,,,,88,1.7,12.2,02:38,,,,,,2025-05-06 19:03:44.605982,2025-05-06 19:03:44.605982
231000,137,2015-01-03,,,,,,,7,1.4,12.5,19:48,,,,,,2025-05-06 19:03:44.710700,2025-05-06 19:03:44.710700
231017,137,2015-01-04,,,,,,,12,1.4,13.1,05:12,,,,,,2025-05-06 19:03:44.812995,2025-05-06 19:03:44.812995
231034,137,2015-01-05,,,,,,,1,2.8,15.8,20:30,,,,,,2025-05-06 19:03:44.902443,2025-05-06 19:03:44.902443
231051,137,2015-01-06,,,,,,,3,3.6,10,12:10,,,,,,2025-05-06 19:03:44.985150,2025-05-06 19:03:44.985150
231068,137,2015-01-07,,,,,,,4,3.1,10,19:30,,,,,,2025-05-06 19:03:45.052750,2025-05-06 19:03:45.052750
231085,137,2015-01-08,,,,,,,4,5,13.1,20:02,,,,,,2025-05-06 19:03:45.136116,2025-05-06 19:03:45.136116
231102,137,2015-01-09,,,,,,,9,3.3,15,23:10,,,,,,2025-05-06 19:03:45.225534,2025-05-06 19:03:45.225534
231119,137,2015-01-10,,,,,,,12,1.9,14.7,01:05,,,,,,2025-05-06 19:03:45.313396,2025-05-06 19:03:45.313396
231136,137,2015-01-11,,,,,,,11,3.3,18.1,03:45,,,,,,2025-05-06 19:03:45.394483,2025-05-06 19:03:45.394483
231153,137,2015-01-12,,,,,,,12,1.4,10.3,05:10,,,,,,2025-05-06 19:03:45.477783,2025-05-06 19:03:45.477783
231170,137,2015-01-13,,,,,,,7,1.1,11.9,22:42,,,,,,2025-05-06 19:03:45.565020,2025-05-06 19:03:45.565020
231187,137,2015-01-14,,,,,,,99,2.8,8.9,,,,,,,2025-05-06 19:03:45.652271,2025-05-06 19:03:45.652271
231204,137,2015-01-15,,,,,,,6,6.1,15.3,13:35,,,,,,2025-05-06 19:03:45.738573,2025-05-06 19:03:45.738573
233499,137,2015-12-01,,,,,,,0,1.4,,,,,,,,2025-05-06 19:17:23.885933,2025-05-06 19:17:23.885933
233544,137,2015-12-04,,,,,,,0,1.4,,,,,,,,2025-05-06 19:17:24.122577,2025-05-06 19:17:24.122577
233655,137,2015-12-11,,,,,,,7,3.1,11.7,04:30,,,,,,2025-05-06 19:17:24.754916,2025-05-06 19:17:24.754916
233672,137,2015-12-12,,,,,,,25,1.7,4.2,13:10,,,,,,2025-05-06 19:17:24.850795,2025-05-06 19:17:24.850795
233687,137,2015-12-13,,,,,,,34,0.8,4.4,12:20,,,,,,2025-05-06 19:17:24.938623,2025-05-06 19:17:24.938623
233702,137,2015-12-14,,,,,,,99,0.8,3.9,,,,,,,2025-05-06 19:17:25.022384,2025-05-06 19:17:25.022384
233720,137,2015-12-15,,,,,,,18,0,3.9,18:50,,,,,,2025-05-06 19:17:25.128137,2025-05-06 19:17:25.128137
233738,137,2015-12-16,,,,,,,99,1.4,4.7,,,,,,,2025-05-06 19:17:25.226726,2025-05-06 19:17:25.226726
233786,137,2015-12-19,,,,,,,99,1.1,5,,,,,,,2025-05-06 19:17:25.481893,2025-05-06 19:17:25.481893
233804,137,2015-12-20,,,,,,,35,5,13.6,22:20,,,,,,2025-05-06 19:17:25.576997,2025-05-06 19:17:25.576997
233822,137,2015-12-21,,,,,,,1,4.4,12.5,01:55,,,,,,2025-05-06 19:17:25.670125,2025-05-06 19:17:25.670125
233838,137,2015-12-22,,,,,,,11,5,16.9,05:05,,,,,,2025-05-06 19:17:25.757003,2025-05-06 19:17:25.757003
233855,137,2015-12-23,,,,,,,99,2.2,8.9,,,,,,,2025-05-06 19:17:25.843001,2025-05-06 19:17:25.843001
233873,137,2015-12-24,,,,,,,3,1.4,8.9,14:50,,,,,,2025-05-06 19:17:25.933271,2025-05-06 19:17:25.933271
233891,137,2015-12-25,,,,,,,36,1.4,6.9,20:10,,,,,,2025-05-06 19:17:26.022325,2025-05-06 19:17:26.022325
233909,137,2015-12-26,,,,,,,99,5,10.6,,,,,,,2025-05-06 19:17:26.122144,2025-05-06 19:17:26.122144
233927,137,2015-12-27,,,,,,,99,2.8,10.3,,,,,,,2025-05-06 19:17:26.215040,2025-05-06 19:17:26.215040
233945,137,2015-12-28,,,,,,,8,3.3,11.7,22:22,,,,,,2025-05-06 19:17:26.305997,2025-05-06 19:17:26.305997
233963,137,2015-12-29,,,,,,,9,1.7,10,03:45,,,,,,2025-05-06 19:17:26.394901,2025-05-06 19:17:26.394901
233980,137,2015-12-30,,,,,,,99,1.4,7.2,22:35,,,,,,2025-05-06 19:17:26.479042,2025-05-06 19:17:26.479042
233998,137,2015-12-31,,,,,,,7,1.4,11.9,00:45,,,,,,2025-05-06 19:17:26.565685,2025-05-06 19:17:26.565685
234016,137,2016-01-01,,,,,,,0,1.1,,,,,,,,2025-05-06 19:17:26.653866,2025-05-06 19:17:26.653866
234032,137,2016-01-02,,,,,,,1,1.1,5.6,01:25,,,,,,2025-05-06 19:17:26.732074,2025-05-06 19:17:26.732074
234050,137,2016-01-03,,,,,,,99,2.2,6.1,,,,,,,2025-05-06 19:17:26.819564,2025-05-06 19:17:26.819564
234067,137,2016-01-04,,,,,,,99,2.5,6.4,,,,,,,2025-05-06 19:17:26.900736,2025-05-06 19:17:26.900736
234084,137,2016-01-05,,,,,,,99,3.3,11.1,,,,,,,2025-05-06 19:17:26.982262,2025-05-06 19:17:26.982262
234120,137,2016-01-07,,,,,,,1,0.8,11.1,09:05,,,,,,2025-05-06 19:17:27.154401,2025-05-06 19:17:27.154401
234138,137,2016-01-08,,,,,,,99,1.7,8.1,,,,,,,2025-05-06 19:17:27.244374,2025-05-06 19:17:27.244374
234156,137,2016-01-09,,,,,,,99,1.4,5,,,,,,,2025-05-06 19:17:27.330144,2025-05-06 19:17:27.330144
234174,137,2016-01-10,,,,,,,32,1.1,5,12:42,,,,,,2025-05-06 19:17:27.419309,2025-05-06 19:17:27.419309
234192,137,2016-01-11,,,,,,,8,0.8,8.1,22:45,,,,,,2025-05-06 19:18:29.952230,2025-05-06 19:18:29.952230
234210,137,2016-01-12,,,,,,,28,0.8,3.9,04:20,,,,,,2025-05-06 19:18:30.057428,2025-05-06 19:18:30.057428
234228,137,2016-01-13,,,,,,,10,0.8,9.4,20:50,,,,,,2025-05-06 19:18:30.145697,2025-05-06 19:18:30.145697
234246,137,2016-01-14,,,,,,,99,1.4,4.2,,,,,,,2025-05-06 19:18:30.241565,2025-05-06 19:18:30.241565
234264,137,2016-01-15,,,,,,,99,1.1,10,,,,,,,2025-05-06 19:18:30.335673,2025-05-06 19:18:30.335673
234277,137,2016-01-16,,,,,,,33,3.3,11.1,15:15,,,,,,2025-05-06 19:18:30.403169,2025-05-06 19:18:30.403169
234291,137,2016-01-17,,,,,,,33,3.1,13.1,21:20,,,,,,2025-05-06 19:18:30.470774,2025-05-06 19:18:30.470774
234308,137,2016-01-18,,,,,,,99,3.6,13.9,,,,,,,2025-05-06 19:18:30.564238,2025-05-06 19:18:30.564238
234326,137,2016-01-19,,,,,,,99,2.2,10,,,,,,,2025-05-06 19:18:30.672167,2025-05-06 19:18:30.672167
234344,137,2016-01-20,,,,,,,35,2.8,11.9,03:55,,,,,,2025-05-06 19:18:30.781899,2025-05-06 19:18:30.781899
234360,137,2016-01-21,,,,,,,99,1.7,11.1,,,,,,,2025-05-06 19:18:30.878244,2025-05-06 19:18:30.878244
234377,137,2016-01-22,,,,,,,99,4.7,10,,,,,,,2025-05-06 19:18:30.972470,2025-05-06 19:18:30.972470
234393,137,2016-01-23,,,,,,,99,1.7,3.9,,,,,,,2025-05-06 19:18:31.060077,2025-05-06 19:18:31.060077
234410,137,2016-01-24,,,,,,,25,1.7,8.1,15:00,,,,,,2025-05-06 19:18:31.146190,2025-05-06 19:18:31.146190
234427,137,2016-01-25,,,,,,,7,1.7,13.9,21:35,,,,,,2025-05-06 19:18:31.230730,2025-05-06 19:18:31.230730
234445,137,2016-01-26,,,,,,,99,3.3,11.9,,,,,,,2025-05-06 19:18:31.318467,2025-05-06 19:18:31.318467
234463,137,2016-01-27,,,,,,,99,1.1,11.1,,,,,,,2025-05-06 19:18:31.434593,2025-05-06 19:18:31.434593
234481,137,2016-01-28,,,,,,,7,9.4,16.9,16:35,,,,,,2025-05-06 19:18:31.537144,2025-05-06 19:18:31.537144
234499,137,2016-01-29,,,,,,,3,10.8,27.8,11:55,,,,,,2025-05-06 19:18:31.633709,2025-05-06 19:18:31.633709
234517,137,2016-01-30,,,,,,,13,8.1,16.9,19:35,,,,,,2025-05-06 19:18:31.704526,2025-05-06 19:18:31.704526
234535,137,2016-01-31,,,,,,,99,5,15,,,,,,,2025-05-06 19:18:31.775232,2025-05-06 19:18:31.775232
234553,137,2016-02-01,,,,,,,99,1.1,5,,,,,,,2025-05-06 19:18:31.850434,2025-05-06 19:18:31.850434
234571,137,2016-02-02,,,,,,,34,0.3,8.1,20:00,,,,,,2025-05-06 19:18:31.942658,2025-05-06 19:18:31.942658
234589,137,2016-02-03,,,,,,,9,1.7,9.7,08:40,,,,,,2025-05-06 19:18:32.037667,2025-05-06 19:18:32.037667
234607,137,2016-02-04,,,,,,,10,2.5,7.5,05:43,,,,,,2025-05-06 19:18:32.136556,2025-05-06 19:18:32.136556
234625,137,2016-02-05,,,,,,,10,3.3,9.2,20:15,,,,,,2025-05-06 19:18:32.227589,2025-05-06 19:18:32.227589
234643,137,2016-02-06,,,,,,,2,1.9,8.9,14:20,,,,,,2025-05-06 19:18:32.320708,2025-05-06 19:18:32.320708
234661,137,2016-02-07,,,,,,,7,4.7,14.4,06:37,,,,,,2025-05-06 19:18:32.398739,2025-05-06 19:18:32.398739
234679,137,2016-02-08,,,,,,,9,0.8,9.2,09:57,,,,,,2025-05-06 19:18:32.467737,2025-05-06 19:18:32.467737
234697,137,2016-02-09,,,,,,,8,6.4,16.4,16:15,,,,,,2025-05-06 19:18:32.525429,2025-05-06 19:18:32.525429
234715,137,2016-02-10,,,,,,,9,6.9,20.3,10:02,,,,,,2025-05-06 19:18:32.600363,2025-05-06 19:18:32.600363
234733,137,2016-02-11,,,,,,,3,3.6,11.4,01:38,,,,,,2025-05-06 19:18:32.687692,2025-05-06 19:18:32.687692
234751,137,2016-02-12,,,,,,,3,4.7,11.9,22:50,,,,,,2025-05-06 19:18:32.773519,2025-05-06 19:18:32.773519
234769,137,2016-02-13,,,,,,,0,5.3,,,,,,,,2025-05-06 19:18:32.860035,2025-05-06 19:18:32.860035
234838,137,2016-02-17,,,,,,,0,5.8,,,,,,,,2025-05-06 19:18:33.208178,2025-05-06 19:18:33.208178
234856,137,2016-02-18,,,,,,,99,4.4,15,,,,,,,2025-05-06 19:18:33.293338,2025-05-06 19:18:33.293338
234874,137,2016-02-19,,,,,,,99,7.2,16.9,,,,,,,2025-05-06 19:18:33.389095,2025-05-06 19:18:33.389095
234891,137,2016-02-20,,,,,,,1,4.7,15,07:59,,,,,,2025-05-06 19:18:33.478848,2025-05-06 19:18:33.478848
234908,137,2016-02-21,,,,,,,3,1.4,7.2,03:17,,,,,,2025-05-06 19:18:33.570554,2025-05-06 19:18:33.570554
234925,137,2016-02-22,,,,,,,36,1.7,11.9,10:38,,,,,,2025-05-06 19:18:33.652951,2025-05-06 19:18:33.652951
234942,137,2016-02-23,,,,,,,2,3.6,11.9,13:50,,,,,,2025-05-06 19:18:33.740068,2025-05-06 19:18:33.740068
234960,137,2016-02-24,,,,,,,4,3.9,11.4,16:55,,,,,,2025-05-06 19:18:33.835218,2025-05-06 19:18:33.835218
234978,137,2016-02-25,,,,,,,34,5,13.9,09:58,,,,,,2025-05-06 19:18:33.920901,2025-05-06 19:18:33.920901
234996,137,2016-02-26,,,,,,,99,3.1,8.9,,,,,,,2025-05-06 19:18:34.010067,2025-05-06 19:18:34.010067
235014,137,2016-02-27,,,,,,,99,3.3,11.1,,,,,,,2025-05-06 19:18:34.101417,2025-05-06 19:18:34.101417
235032,137,2016-02-28,,,,,,,99,2.5,11.4,,,,,,,2025-05-06 19:18:34.193463,2025-05-06 19:18:34.193463
235050,137,2016-02-29,,,,,,,7,4.7,11.7,16:30,,,,,,2025-05-06 19:18:34.284020,2025-05-06 19:18:34.284020
235067,137,2016-03-01,,,,,,,9,4.2,11.7,12:30,,,,,,2025-05-06 19:18:34.367705,2025-05-06 19:18:34.367705
235084,137,2016-03-02,,,,,,,6,1.1,8.9,02:02,,,,,,2025-05-06 19:18:34.451084,2025-05-06 19:18:34.451084
235102,137,2016-03-03,,,,,,,0,11.7,,,,,,,,2025-05-06 19:18:34.540371,2025-05-06 19:18:34.540371
235137,137,2016-03-05,,,,,,,0,2.8,,,,,,,,2025-05-06 19:18:34.714463,2025-05-06 19:18:34.714463
235189,137,2016-03-08,,,,,,,0,3.1,,,,,,,,2025-05-06 19:18:34.993297,2025-05-06 19:18:34.993297
235207,137,2016-03-09,,,,,,,0,4.4,,,,,,,,2025-05-06 19:18:35.099542,2025-05-06 19:18:35.099542
235310,137,2016-03-15,,,,,,,0,1.4,,,,,,,,2025-05-06 19:18:35.651979,2025-05-06 19:18:35.651979
235328,137,2016-03-16,,,,,,,0,0.6,,,,,,,,2025-05-06 19:18:35.747585,2025-05-06 19:18:35.747585
235380,137,2016-03-19,,,,,,,0,2.8,,,,,,,,2025-05-06 19:18:36.009641,2025-05-06 19:18:36.009641
235398,137,2016-03-20,,,,,,,0,2.2,,,,,,,,2025-05-06 19:18:36.080587,2025-05-06 19:18:36.080587
235552,137,2016-03-29,,,,,,,0,3.9,,,,,,,,2025-05-06 19:18:36.787817,2025-05-06 19:18:36.787817
235570,137,2016-03-30,,,,,,,88,1.4,11.1,15:50,,,,,,2025-05-06 19:18:36.868185,2025-05-06 19:18:36.868185
235588,137,2016-03-31,,,,,,,1,5.6,13.1,09:03,,,,,,2025-05-06 19:18:36.950294,2025-05-06 19:18:36.950294
235606,137,2016-04-01,,,,,,,5,3.3,10,10:28,,,,,,2025-05-06 19:18:37.024817,2025-05-06 19:18:37.024817
235624,137,2016-04-02,,,,,,,36,1.9,7.2,15:30,,,,,,2025-05-06 19:18:37.112155,2025-05-06 19:18:37.112155
235642,137,2016-04-03,,,,,,,2,3.1,8.6,17:25,,,,,,2025-05-06 19:18:37.171556,2025-05-06 19:18:37.171556
235660,137,2016-04-04,,,,,,,1,3.1,6.9,18:50,,,,,,2025-05-06 19:18:37.234463,2025-05-06 19:18:37.234463
235678,137,2016-04-05,,,,,,,6,3.1,11.9,23:58,,,,,,2025-05-06 19:18:37.294843,2025-05-06 19:18:37.294843
235696,137,2016-04-06,,,,,,,99,4.4,13.1,,,,,,,2025-05-06 19:18:37.356999,2025-05-06 19:18:37.356999
235713,137,2016-04-07,,,,,,,2,3.9,13.1,16:05,,,,,,2025-05-06 19:18:37.430210,2025-05-06 19:18:37.430210
235731,137,2016-04-08,,,,,,,6,6.1,15,08:42,,,,,,2025-05-06 19:18:37.516782,2025-05-06 19:18:37.516782
235749,137,2016-04-09,,,,,,,36,4.2,11.9,16:02,,,,,,2025-05-06 19:18:37.607313,2025-05-06 19:18:37.607313
235767,137,2016-04-10,,,,,,,6,2.5,8.1,02:08,,,,,,2025-05-06 19:18:37.695312,2025-05-06 19:18:37.695312
235785,137,2016-04-11,,,,,,,3,1.1,6.1,13:55,,,,,,2025-05-06 19:18:37.785469,2025-05-06 19:18:37.785469
235803,137,2016-04-12,,,,,,,27,1.4,6.1,14:45,,,,,,2025-05-06 19:18:37.879754,2025-05-06 19:18:37.879754
235821,137,2016-04-13,,,,,,,26,2.5,5,16:35,,,,,,2025-05-06 19:18:37.982139,2025-05-06 19:18:37.982139
235839,137,2016-04-14,,,,,,,28,2.2,6.4,12:50,,,,,,2025-05-06 19:18:38.083432,2025-05-06 19:18:38.083432
235857,137,2016-04-15,,,,,,,27,1.9,8.1,16:00,,,,,,2025-05-06 19:18:38.175291,2025-05-06 19:18:38.175291
235875,137,2016-04-16,,,,,,,35,1.7,5.3,17:55,,,,,,2025-05-06 19:18:38.269123,2025-05-06 19:18:38.269123
235893,137,2016-04-17,,,,,,,33,0.8,5,12:22,,,,,,2025-05-06 19:18:38.365736,2025-05-06 19:18:38.365736
235911,137,2016-04-18,,,,,,,99,1.9,8.1,,,,,,,2025-05-06 19:18:38.456429,2025-05-06 19:18:38.456429
235929,137,2016-04-19,,,,,,,28,2.5,8.9,10:08,,,,,,2025-05-06 19:18:38.556855,2025-05-06 19:18:38.556855
235947,137,2016-04-20,,,,,,,1,2.5,8.1,16:15,,,,,,2025-05-06 19:18:38.658110,2025-05-06 19:18:38.658110
235965,137,2016-04-21,,,,,,,30,1.4,6.4,13:52,,,,,,2025-05-06 19:18:38.756402,2025-05-06 19:18:38.756402
235983,137,2016-04-22,,,,,,,36,1.7,8.1,12:30,,,,,,2025-05-06 19:18:38.844924,2025-05-06 19:18:38.844924
236001,137,2016-04-23,,,,,,,1,3.6,11.1,17:10,,,,,,2025-05-06 19:18:38.930949,2025-05-06 19:18:38.930949
236019,137,2016-04-24,,,,,,,36,4.7,12.5,12:38,,,,,,2025-05-06 19:18:39.018712,2025-05-06 19:18:39.018712
236037,137,2016-04-25,,,,,,,1,3.6,11.1,12:22,,,,,,2025-05-06 19:18:39.113917,2025-05-06 19:18:39.113917
236055,137,2016-04-26,,,,,,,1,4.4,11.4,14:03,,,,,,2025-05-06 19:18:39.223052,2025-05-06 19:18:39.223052
236073,137,2016-04-27,,,,,,,99,4.2,10,,,,,,,2025-05-06 19:18:39.340234,2025-05-06 19:18:39.340234
236091,137,2016-04-28,,,,,,,9,2.5,11.9,23:04,,,,,,2025-05-06 19:18:39.445339,2025-05-06 19:18:39.445339
236109,137,2016-04-29,,,,,,,99,5.6,13.9,,,,,,,2025-05-06 19:18:39.548041,2025-05-06 19:18:39.548041
236127,137,2016-04-30,,,,,,,6,2.8,13.6,14:22,,,,,,2025-05-06 19:18:39.648604,2025-05-06 19:18:39.648604
236145,137,2016-05-01,,,,,,,1,5,11.1,15:55,,,,,,2025-05-06 19:18:39.780640,2025-05-06 19:18:39.780640
236163,137,2016-05-02,,,,,,,36,3.9,9.4,15:30,,,,,,2025-05-06 19:18:39.880183,2025-05-06 19:18:39.880183
236181,137,2016-05-03,,,,,,,99,2.8,6.1,,,,,,,2025-05-06 19:18:39.977952,2025-05-06 19:18:39.977952
236199,137,2016-05-04,,,,,,,6,1.9,6.1,19:33,,,,,,2025-05-06 19:18:40.070661,2025-05-06 19:18:40.070661
236217,137,2016-05-05,,,,,,,35,2.2,6.1,15:25,,,,,,2025-05-06 19:18:40.175702,2025-05-06 19:18:40.175702
236235,137,2016-05-06,,,,,,,34,1.9,7.2,09:10,,,,,,2025-05-06 19:18:40.278249,2025-05-06 19:18:40.278249
236252,137,2016-05-07,,,,,,,21,3.1,6.1,15:00,,,,,,2025-05-06 19:18:40.378257,2025-05-06 19:18:40.378257
236269,137,2016-05-08,,,,,,,21,2.8,17.8,13:20,,,,,,2025-05-06 19:18:40.464110,2025-05-06 19:18:40.464110
236286,137,2016-05-09,,,,,,,24,4.4,16.1,15:40,,,,,,2025-05-06 19:18:40.547565,2025-05-06 19:18:40.547565
236303,137,2016-05-10,,,,,,,24,4.7,12.5,14:56,,,,,,2025-05-06 19:18:40.618177,2025-05-06 19:18:40.618177
236319,137,2016-05-11,,,,,,,99,2.5,6.9,,,,,,,2025-05-06 19:18:40.681177,2025-05-06 19:18:40.681177
236335,137,2016-05-12,,,,,,,99,2.5,6.1,,,,,,,2025-05-06 19:18:40.765043,2025-05-06 19:18:40.765043
236351,137,2016-05-13,,,,,,,7,3.1,8.9,21:30,,,,,,2025-05-06 19:18:40.856260,2025-05-06 19:18:40.856260
236367,137,2016-05-14,,,,,,,36,4.2,11.9,15:42,,,,,,2025-05-06 19:18:40.945547,2025-05-06 19:18:40.945547
236383,137,2016-05-15,,,,,,,6,4.7,11.9,14:18,,,,,,2025-05-06 19:18:41.028415,2025-05-06 19:18:41.028415
236399,137,2016-05-16,,,,,,,1,3.9,10,13:42,,,,,,2025-05-06 19:18:41.122290,2025-05-06 19:18:41.122290
236415,137,2016-05-17,,,,,,,2,3.6,10.8,08:12,,,,,,2025-05-06 19:18:41.204820,2025-05-06 19:18:41.204820
236432,137,2016-05-18,,,,,,,2,4.7,11.1,01:30,,,,,,2025-05-06 19:18:41.294497,2025-05-06 19:18:41.294497
236449,137,2016-05-19,,,,,,,1,4.4,11.1,12:39,,,,,,2025-05-06 19:18:41.381407,2025-05-06 19:18:41.381407
236467,137,2016-05-20,,,,,,,88,3.6,8.1,,,,,,,2025-05-06 19:18:41.470245,2025-05-06 19:18:41.470245
236485,137,2016-05-21,,,,,,,4,2.8,8.9,22:00,,,,,,2025-05-06 19:18:41.563171,2025-05-06 19:18:41.563171
236503,137,2016-05-22,,,,,,,4,3.3,11.9,10:10,,,,,,2025-05-06 19:18:41.656698,2025-05-06 19:18:41.656698
236521,137,2016-05-23,,,,,,,5,3.3,10.6,02:25,,,,,,2025-05-06 19:18:41.746994,2025-05-06 19:18:41.746994
236539,137,2016-05-24,,,,,,,36,4.2,10,10:55,,,,,,2025-05-06 19:18:41.840651,2025-05-06 19:18:41.840651
236557,137,2016-05-25,,,,,,,36,2.2,8.1,13:05,,,,,,2025-05-06 19:18:41.947596,2025-05-06 19:18:41.947596
236575,137,2016-05-26,,,,,,,27,1.9,6.9,15:15,,,,,,2025-05-06 19:18:42.061950,2025-05-06 19:18:42.061950
236593,137,2016-05-27,,,,,,,27,1.4,5,16:15,,,,,,2025-05-06 19:18:42.160298,2025-05-06 19:18:42.160298
236611,137,2016-05-28,,,,,,,88,3.1,7.5,,,,,,,2025-05-06 19:18:42.265236,2025-05-06 19:18:42.265236
236629,137,2016-05-29,,,,,,,88,4.7,11.4,,,,,,,2025-05-06 19:18:42.359606,2025-05-06 19:18:42.359606
236647,137,2016-05-30,,,,,,,7,5,12.2,16:58,,,,,,2025-05-06 19:18:42.434785,2025-05-06 19:18:42.434785
236665,137,2016-05-31,,,,,,,88,5,12.2,,,,,,,2025-05-06 19:18:42.500605,2025-05-06 19:18:42.500605
243346,137,2017-12-31,19.2,0,14.1,08:01,24.3,14:46,12,3.6,18.1,19:30,52,87,08:10,26,18:20,2025-05-07 08:24:27.506920,2025-05-07 08:24:27.506920
243363,137,2018-01-01,19.2,0,15.6,04:42,22.9,11:29,7,7.2,20.3,23:00,59,80,19:20,25,10:10,2025-05-07 08:24:27.592326,2025-05-07 08:24:27.592326
243380,137,2018-01-02,20.2,0,16.5,04:21,23.9,15:20,99,6.4,16.4,,38,67,01:10,13,22:50,2025-05-07 08:24:27.677440,2025-05-07 08:24:27.677440
243397,137,2018-01-03,18.2,0,13.5,06:46,22.9,00:40,14,1.7,15.3,00:30,74,84,18:10,6,,2025-05-07 08:24:27.752909,2025-05-07 08:24:27.752909
243414,137,2018-01-04,17.2,0,13,23:38,21.5,01:42,16,3.3,13.6,04:30,54,89,18:40,4,00:20,2025-05-07 08:24:27.821901,2025-05-07 08:24:27.821901
243431,137,2018-01-05,16.8,1.2,12.9,00:28,20.8,13:54,8,1.9,8.6,03:50,63,87,,15,02:10,2025-05-07 08:24:27.886067,2025-05-07 08:24:27.886067
243448,137,2018-01-06,13.9,4.4,11.9,21:58,15.9,01:40,34,5,17.8,21:50,82,97,22:00,62,00:20,2025-05-07 08:24:27.965599,2025-05-07 08:24:27.965599
243465,137,2018-01-07,14,3.6,11.6,04:21,16.3,14:21,1,3.6,12.8,23:20,72,95,21:20,64,12:00,2025-05-07 08:24:28.054922,2025-05-07 08:24:28.054922
243482,137,2018-01-08,14.8,4.2,12.4,00:32,17.1,16:22,36,1.7,10.6,01:30,90,98,09:10,77,21:10,2025-05-07 08:24:28.150718,2025-05-07 08:24:28.150718
243499,137,2018-01-09,16.4,0,13.4,00:36,19.3,14:05,32,1.7,8.6,13:50,81,94,19:40,78,,2025-05-07 08:24:28.232990,2025-05-07 08:24:28.232990
243516,137,2018-01-10,17.1,0.4,14.7,02:36,19.5,14:31,8,4.2,15,18:50,76,95,07:50,62,21:20,2025-05-07 08:24:28.312616,2025-05-07 08:24:28.312616
243534,137,2018-01-11,16.4,0,13.6,,19.1,12:01,13,6.4,22.8,20:30,74,91,06:00,58,,2025-05-07 08:24:28.389832,2025-05-07 08:24:28.389832
243552,137,2018-01-12,15.2,0,12.5,05:02,17.8,13:59,11,5.6,13.9,06:30,74,79,18:10,55,01:40,2025-05-07 08:24:28.478637,2025-05-07 08:24:28.478637
243570,137,2018-01-13,15,3.4,13.3,07:28,16.7,13:09,6,4.4,16.9,16:00,69,82,21:20,60,13:30,2025-05-07 08:24:28.552347,2025-05-07 08:24:28.552347
243588,137,2018-01-14,14.4,3.2,12.6,23:45,16.1,13:55,11,6.1,15,04:40,77,94,06:10,67,18:10,2025-05-07 08:24:28.627731,2025-05-07 08:24:28.627731
243606,137,2018-01-15,13.6,8,12.4,13:16,14.8,11:28,2,5,16.7,22:10,80,99,13:20,60,20:30,2025-05-07 08:24:28.716050,2025-05-07 08:24:28.716050
243624,137,2018-01-16,13.6,0.2,12.8,05:58,14.3,14:17,4,6.4,20.3,14:20,72,84,23:10,63,,2025-05-07 08:24:28.799828,2025-05-07 08:24:28.799828
243642,137,2018-01-17,15.2,2,13.9,,16.4,13:36,8,3.3,12.5,00:10,83,92,23:50,74,13:40,2025-05-07 08:24:28.873743,2025-05-07 08:24:28.873743
243660,137,2018-01-18,15,1.8,13.4,00:44,16.6,11:33,8,4.4,11.1,02:00,84,97,00:40,63,10:10,2025-05-07 08:24:28.959627,2025-05-07 08:24:28.959627
243678,137,2018-01-19,15,0.2,14.1,05:18,16,13:47,4,4.4,11.7,14:50,77,84,03:10,68,01:30,2025-05-07 08:24:29.042989,2025-05-07 08:24:29.042989
243696,137,2018-01-20,15.3,0.2,13.6,04:39,17,14:51,12,7.5,18.1,17:30,75,88,,43,23:40,2025-05-07 08:24:29.117347,2025-05-07 08:24:29.117347
243714,137,2018-01-21,17.6,0,13.7,23:53,21.5,16:39,10,2.5,8.1,03:10,43,73,23:50,24,22:30,2025-05-07 08:24:29.179841,2025-05-07 08:24:29.179841
243732,137,2018-01-22,16.6,0,12.4,01:48,20.8,12:39,14,1.4,16.1,23:59,46,76,14:40,20,,2025-05-07 08:24:29.243572,2025-05-07 08:24:29.243572
243750,137,2018-01-23,15.9,0,12.9,23:01,18.9,15:36,13,3.1,17.5,03:00,67,86,19:10,38,08:50,2025-05-07 08:24:29.308768,2025-05-07 08:24:29.308768
243768,137,2018-01-24,,,,,,,0,3.3,,,72,,,,,2025-05-07 08:24:29.381665,2025-05-07 08:24:29.381665
243786,137,2018-01-25,14.5,0,12.3,02:52,16.7,16:11,10,9.2,22.8,08:30,63,79,21:30,45,07:00,2025-05-07 08:24:29.451224,2025-05-07 08:24:29.451224
243804,137,2018-01-26,13.5,6.8,12.1,19:42,14.9,08:28,8,6.4,15.6,16:10,77,94,11:00,68,02:00,2025-05-07 08:24:29.527133,2025-05-07 08:24:29.527133
243822,137,2018-01-27,13,1,11.5,02:01,14.5,13:42,6,6.9,17.5,02:20,70,87,02:00,62,04:20,2025-05-07 08:24:29.609087,2025-05-07 08:24:29.609087
243840,137,2018-01-28,12.6,0.6,11.4,11:58,13.8,15:42,4,4.4,17.5,03:30,73,94,12:00,59,16:40,2025-05-07 08:24:29.684157,2025-05-07 08:24:29.684157
243858,137,2018-01-29,12,5.4,9.8,18:39,14.2,15:04,35,3.6,14.2,18:00,83,89,11:00,66,03:30,2025-05-07 08:24:29.748189,2025-05-07 08:24:29.748189
243876,137,2018-01-30,12.3,7.2,10.3,01:00,14.3,15:38,6,1.7,9.2,21:30,71,94,10:40,65,16:40,2025-05-07 08:24:29.837140,2025-05-07 08:24:29.837140
243894,137,2018-01-31,13,6.6,10.8,02:18,15.1,15:54,2,2.2,12.5,17:40,88,94,12:40,71,10:30,2025-05-07 08:24:29.926674,2025-05-07 08:24:29.926674
243912,137,2018-02-01,12.4,10.2,10.5,15:14,14.4,14:56,36,4.7,16.7,11:50,78,92,09:30,70,08:00,2025-05-07 08:24:30.013668,2025-05-07 08:24:30.013668
243930,137,2018-02-02,12.8,11.6,11.2,23:35,14.5,16:05,1,3.9,16.7,22:20,83,98,13:30,74,16:40,2025-05-07 08:24:30.103558,2025-05-07 08:24:30.103558
243948,137,2018-02-03,12.6,2.4,11.5,00:47,13.8,13:29,9,5.6,16.9,02:30,75,89,00:10,67,21:40,2025-05-07 08:24:30.192881,2025-05-07 08:24:30.192881
243966,137,2018-02-04,13.9,6,11.7,19:38,16.1,15:19,6,4.4,13.6,06:50,74,95,19:40,61,15:00,2025-05-07 08:24:30.278757,2025-05-07 08:24:30.278757
243984,137,2018-02-05,12.7,2.2,10.8,06:54,14.6,11:40,2,3.9,12.8,06:20,77,98,06:40,59,12:30,2025-05-07 08:24:30.362208,2025-05-07 08:24:30.362208
244002,137,2018-02-06,12,7.4,10.4,06:58,13.7,14:42,1,3.6,13.6,12:30,76,92,06:50,68,13:00,2025-05-07 08:24:30.448897,2025-05-07 08:24:30.448897
244020,137,2018-02-07,12.5,8.8,10.3,05:58,14.7,15:21,36,4.7,17.8,22:00,82,96,19:10,70,23:30,2025-05-07 08:24:30.528391,2025-05-07 08:24:30.528391
244038,137,2018-02-08,11,2,8.8,04:28,13.1,14:38,35,6.1,17.8,01:50,72,90,04:30,62,14:00,2025-05-07 08:24:30.614366,2025-05-07 08:24:30.614366
244056,137,2018-02-09,12.3,3.8,10.5,01:45,14.1,13:41,8,5.8,13.9,05:30,78,92,22:30,67,04:50,2025-05-07 08:24:30.687553,2025-05-07 08:24:30.687553
244074,137,2018-02-10,14,2,12.2,06:40,15.9,15:28,8,4.2,14.2,20:40,85,92,06:10,76,14:50,2025-05-07 08:24:30.759559,2025-05-07 08:24:30.759559
244092,137,2018-02-11,13.3,0,12.2,04:12,14.4,14:21,10,5.8,14.7,01:40,77,85,17:40,69,11:20,2025-05-07 08:24:30.818854,2025-05-07 08:24:30.818854
244110,137,2018-02-12,14.1,0,12.4,07:58,15.8,14:21,6,5.3,14.7,13:30,76,85,19:50,66,14:20,2025-05-07 08:24:30.890976,2025-05-07 08:24:30.890976
244128,137,2018-02-13,15.2,0,12.5,03:07,17.8,13:47,9,3.3,13.6,06:30,75,88,,62,09:10,2025-05-07 08:24:30.977038,2025-05-07 08:24:30.977038
244146,137,2018-02-14,15.7,0,12.3,01:03,19.1,14:23,11,1.9,10,23:40,53,77,00:00,29,21:40,2025-05-07 08:24:31.063918,2025-05-07 08:24:31.063918
244164,137,2018-02-15,16.9,0,14.8,07:49,19,21:53,11,1.1,13.3,04:10,50,75,16:00,27,,2025-05-07 08:24:31.151204,2025-05-07 08:24:31.151204
244182,137,2018-02-16,17.1,0,13.8,07:17,20.4,16:00,14,2.5,9.7,02:00,53,71,10:00,31,00:40,2025-05-07 08:24:31.235728,2025-05-07 08:24:31.235728
244200,137,2018-02-17,14.6,0,12.6,23:42,16.6,13:04,1,4.2,11.1,12:20,74,82,21:50,45,03:10,2025-05-07 08:24:31.304537,2025-05-07 08:24:31.304537
244218,137,2018-02-18,14.1,0,12,22:37,16.2,11:45,99,5,12.8,09:30,71,80,,63,05:10,2025-05-07 08:24:31.379754,2025-05-07 08:24:31.379754
244235,137,2018-02-19,14,1,11.2,01:22,16.7,14:00,2,4.7,9.2,15:30,72,95,,57,14:50,2025-05-07 08:24:31.454477,2025-05-07 08:24:31.454477
244253,137,2018-02-20,14.8,1,12.5,04:40,17,14:33,6,3.9,9.4,06:40,74,87,04:50,58,15:30,2025-05-07 08:24:31.528321,2025-05-07 08:24:31.528321
244271,137,2018-02-21,14.5,0,11.9,07:59,17.1,13:21,2,2.5,9.7,02:00,75,92,02:10,62,14:20,2025-05-07 08:24:31.593547,2025-05-07 08:24:31.593547
244289,137,2018-02-22,13.7,0,11.2,03:02,16.2,12:31,12,1.7,5.8,02:10,73,93,,55,10:00,2025-05-07 08:24:31.665601,2025-05-07 08:24:31.665601
244307,137,2018-02-23,14,2.4,11.6,02:18,16.4,11:48,26,1.7,9.7,18:20,81,93,18:20,64,,2025-05-07 08:24:31.738135,2025-05-07 08:24:31.738135
244325,137,2018-02-24,15.8,0,12.2,06:23,19.4,18:16,26,3.3,9.4,11:30,64,75,07:40,55,16:40,2025-05-07 08:24:31.807681,2025-05-07 08:24:31.807681
244343,137,2018-02-25,17.2,7.2,13.9,18:01,20.6,12:28,26,5.6,23.6,17:40,73,90,17:40,52,12:30,2025-05-07 08:24:31.868709,2025-05-07 08:24:31.868709
244361,137,2018-02-26,15.6,0,13,23:09,18.2,18:15,27,4.4,18.3,01:50,58,76,,50,18:10,2025-05-07 08:24:31.944137,2025-05-07 08:24:31.944137
244379,137,2018-02-27,15.8,16.8,12.4,02:58,19.1,16:45,23,6.1,29.4,22:30,63,74,23:50,55,16:40,2025-05-07 08:24:32.016422,2025-05-07 08:24:32.016422
244397,137,2018-02-28,16,4.4,13.2,05:45,18.8,15:52,24,10,32.2,19:30,81,96,,58,16:00,2025-05-07 08:24:32.091541,2025-05-07 08:24:32.091541
244415,137,2018-03-01,18.4,0,16.4,06:48,20.4,11:50,24,5,31.1,00:10,61,84,11:00,51,03:30,2025-05-07 08:24:32.159237,2025-05-07 08:24:32.159237
244433,137,2018-03-02,18.6,0.2,16.1,03:36,21.2,13:25,28,5,18.9,14:30,69,89,23:00,61,14:50,2025-05-07 08:24:32.223403,2025-05-07 08:24:32.223403
244451,137,2018-03-03,18.6,0.4,16,00:40,21.2,10:38,24,8.6,21.1,20:50,61,85,00:40,45,14:40,2025-05-07 08:24:32.310384,2025-05-07 08:24:32.310384
244469,137,2018-03-04,17.1,0,14.3,05:00,19.9,13:25,23,4.4,14.4,02:10,65,88,22:40,52,01:40,2025-05-07 08:24:32.399623,2025-05-07 08:24:32.399623
244487,137,2018-03-05,17.8,0,13.9,06:45,21.7,11:42,36,1.7,6.7,12:20,65,83,19:50,47,11:40,2025-05-07 08:24:32.497218,2025-05-07 08:24:32.497218
244505,137,2018-03-06,16.8,0,14.4,21:43,19.3,12:30,34,1.7,5.8,16:40,85,96,21:50,75,09:20,2025-05-07 08:24:32.587855,2025-05-07 08:24:32.587855
244523,137,2018-03-07,17,0,13.8,06:51,20.1,13:18,26,2.5,9.7,17:20,81,95,20:30,65,13:40,2025-05-07 08:24:32.669780,2025-05-07 08:24:32.669780
244541,137,2018-03-08,17.8,0,15.1,07:54,20.5,16:49,28,2.2,5.8,15:40,85,98,21:30,73,10:20,2025-05-07 08:24:32.749391,2025-05-07 08:24:32.749391
244559,137,2018-03-09,21,0,15.3,00:11,26.7,13:55,21,4.7,18.6,13:10,44,97,00:20,33,17:10,2025-05-07 08:24:32.835207,2025-05-07 08:24:32.835207
244577,137,2018-03-10,17.4,0,14.1,23:54,20.6,13:10,2,2.2,8.9,12:30,78,90,06:10,54,02:30,2025-05-07 08:24:32.903600,2025-05-07 08:24:32.903600
244595,137,2018-03-11,15.8,0,12.9,02:17,18.8,13:04,2,3.1,10.3,15:40,71,89,07:20,53,13:00,2025-05-07 08:24:32.984884,2025-05-07 08:24:32.984884
244613,137,2018-03-12,16.6,0,13.6,23:20,19.7,14:45,8,6.9,14.2,07:10,72,82,20:00,62,02:30,2025-05-07 08:24:33.050203,2025-05-07 08:24:33.050203
244631,137,2018-03-13,16.4,0,13,07:27,19.7,11:49,2,3.9,10.3,14:40,71,87,22:20,60,04:50,2025-05-07 08:24:33.137894,2025-05-07 08:24:33.137894
244649,137,2018-03-14,16.4,0,12.5,07:04,20.2,14:11,4,2.8,6.7,08:10,76,94,23:00,54,04:40,2025-05-07 08:24:33.226021,2025-05-07 08:24:33.226021
244667,137,2018-03-15,16.8,1.4,13.5,,20.1,10:21,3,2.2,10,14:30,83,97,14:40,60,06:10,2025-05-07 08:24:33.315489,2025-05-07 08:24:33.315489
244685,137,2018-03-16,14.6,0,11.9,23:33,17.3,16:04,36,4.2,10,13:50,75,91,06:50,48,16:10,2025-05-07 08:24:33.409965,2025-05-07 08:24:33.409965
244703,137,2018-03-17,14.4,0.4,11.1,05:47,17.8,15:08,34,4.4,9.7,13:50,64,76,,56,15:50,2025-05-07 08:24:33.502376,2025-05-07 08:24:33.502376
244721,137,2018-03-18,15.9,0.4,13.2,07:13,18.6,11:33,2,2.8,9.4,16:10,84,93,07:10,63,11:40,2025-05-07 08:24:33.587216,2025-05-07 08:24:33.587216
244739,137,2018-03-19,16.3,0.6,14.2,06:54,18.4,12:08,5,3.9,12.8,21:30,75,93,02:40,64,14:10,2025-05-07 08:24:33.689077,2025-05-07 08:24:33.689077
244757,137,2018-03-20,15.6,0,14.2,23:32,17.1,12:30,2,6.1,15.3,13:50,77,93,06:40,64,11:10,2025-05-07 08:24:33.782904,2025-05-07 08:24:33.782904
244775,137,2018-03-21,14.4,0,13,,15.8,12:04,6,7.5,16.1,16:50,68,83,01:00,61,,2025-05-07 08:24:33.883419,2025-05-07 08:24:33.883419
244793,137,2018-03-22,14.4,0,12.3,06:45,16.5,14:02,7,7.2,19.4,17:30,69,76,06:10,57,13:50,2025-05-07 08:24:33.984463,2025-05-07 08:24:33.984463
244811,137,2018-03-23,15,0,12.1,03:14,17.9,10:01,8,7.8,19.4,04:30,69,84,23:00,36,10:00,2025-05-07 08:24:34.070040,2025-05-07 08:24:34.070040
244829,137,2018-03-24,16.8,0.2,14,,19.5,13:51,8,5.6,13.3,13:10,70,92,21:20,58,13:50,2025-05-07 08:24:34.143535,2025-05-07 08:24:34.143535
244846,137,2018-03-25,14.4,0.8,13.3,04:06,15.5,16:28,6,5,13.1,01:50,81,89,00:00,73,10:10,2025-05-07 08:24:34.211531,2025-05-07 08:24:34.211531
244864,137,2018-03-26,15.1,0,13.6,07:42,16.6,15:45,8,6.1,16.1,19:20,76,91,02:10,68,15:50,2025-05-07 08:24:34.283577,2025-05-07 08:24:34.283577
244882,137,2018-03-27,17.6,0,13.5,,21.7,24:00,9,8.6,25.8,09:30,77,92,,38,23:59,2025-05-07 08:24:34.347860,2025-05-07 08:24:34.347860
244900,137,2018-03-28,21.7,0,16.8,01:45,26.6,15:20,6,1.1,14.4,22:40,35,61,01:40,12,21:40,2025-05-07 08:24:34.417950,2025-05-07 08:24:34.417950
244918,137,2018-03-29,20.3,0,15,23:11,25.6,02:55,10,5.3,21.1,23:30,57,85,18:10,13,00:00,2025-05-07 08:24:34.507736,2025-05-07 08:24:34.507736
244936,137,2018-03-30,16,0,13.2,19:40,18.7,01:56,10,12.5,32.2,22:30,70,83,07:10,34,01:30,2025-05-07 08:24:34.596101,2025-05-07 08:24:34.596101
244953,137,2018-03-31,16,0,12.6,22:44,19.5,15:34,9,8.1,26.1,01:00,66,90,22:20,51,00:00,2025-05-07 08:24:34.683117,2025-05-07 08:24:34.683117
244970,137,2018-04-01,15.4,0,12,02:55,18.7,13:05,30,3.1,7.5,13:10,75,88,04:00,67,13:00,2025-05-07 08:24:34.764619,2025-05-07 08:24:34.764619
244987,137,2018-04-02,16.3,0,13.2,01:47,19.4,13:31,2,3.3,8.1,16:30,71,88,00:50,61,09:50,2025-05-07 08:24:34.848426,2025-05-07 08:24:34.848426
245004,137,2018-04-03,16,0,13,05:47,19.1,14:14,1,4.2,10.8,12:50,69,87,23:59,59,16:10,2025-05-07 08:24:34.920650,2025-05-07 08:24:34.920650
245021,137,2018-04-04,16,0,13.9,,18.1,14:13,1,4.4,13.6,15:30,68,87,00:00,52,18:00,2025-05-07 08:24:35.015907,2025-05-07 08:24:35.015907
245038,137,2018-04-05,15.9,0,13.6,06:34,18.2,12:47,2,5.3,12.8,14:30,67,77,02:50,61,12:20,2025-05-07 08:24:35.099115,2025-05-07 08:24:35.099115
245055,137,2018-04-06,17.1,1,12.4,07:18,21.8,14:50,35,3.3,8.6,21:00,66,91,22:40,42,13:30,2025-05-07 08:24:35.179609,2025-05-07 08:24:35.179609
245072,137,2018-04-07,15.8,0,13.6,00:21,18.1,14:19,99,4.7,10.3,,69,93,00:30,52,13:30,2025-05-07 08:24:35.258695,2025-05-07 08:24:35.258695
245089,137,2018-04-08,15.2,3.2,13.4,06:37,16.9,13:54,6,5.3,14.2,20:40,76,92,19:20,70,,2025-05-07 08:24:35.337574,2025-05-07 08:24:35.337574
245106,137,2018-04-09,14.1,0.8,11.9,07:40,16.3,12:52,36,5.3,17.5,03:30,69,92,04:20,60,11:30,2025-05-07 08:24:35.414800,2025-05-07 08:24:35.414800
245123,137,2018-04-10,15,0,11.9,01:52,18,14:38,3,4.2,11.7,01:50,68,89,01:50,60,14:30,2025-05-07 08:24:35.481694,2025-05-07 08:24:35.481694
245140,137,2018-04-11,16.2,4.6,13.7,21:20,18.8,14:20,31,3.3,8.6,15:30,85,97,21:00,72,14:40,2025-05-07 08:24:35.551814,2025-05-07 08:24:35.551814
245157,137,2018-04-12,17.3,2,14,03:23,20.6,15:55,34,2.2,8.9,23:30,78,96,,57,15:50,2025-05-07 08:24:35.636123,2025-05-07 08:24:35.636123
245174,137,2018-04-13,15.6,0.2,13.1,04:05,18.2,12:45,35,4.2,10,14:30,76,97,,59,,2025-05-07 08:24:35.713302,2025-05-07 08:24:35.713302
245191,137,2018-04-14,15.6,0,13.2,05:05,18.1,14:15,1,4.4,11.9,15:10,72,86,01:00,53,23:50,2025-05-07 08:24:35.774181,2025-05-07 08:24:35.774181
245208,137,2018-04-15,16.6,0,13.6,,19.6,15:14,9,6.7,22.5,23:30,73,79,,44,20:40,2025-05-07 08:24:35.828287,2025-05-07 08:24:35.828287
245225,137,2018-04-16,18.4,0,14.4,23:03,22.3,11:36,10,6.9,24.2,03:30,63,85,20:20,45,05:20,2025-05-07 08:24:35.900928,2025-05-07 08:24:35.900928
245242,137,2018-04-17,17,0,14,07:07,19.9,12:07,99,5,10.8,,77,92,23:30,65,08:40,2025-05-07 08:24:35.982288,2025-05-07 08:24:35.982288
245259,137,2018-04-18,17.4,0,13.5,07:02,21.2,16:23,1,4.2,15,15:30,78,91,06:10,45,23:30,2025-05-07 08:24:36.068222,2025-05-07 08:24:36.068222
245277,137,2018-04-19,17.2,3.4,13.9,21:17,20.4,14:34,4,4.4,13.3,03:40,79,98,20:30,49,09:20,2025-05-07 08:24:36.156824,2025-05-07 08:24:36.156824
245295,137,2018-04-20,15.5,0.2,13,23:56,18,14:08,99,3.9,10.8,,64,90,02:30,50,12:50,2025-05-07 08:24:36.241101,2025-05-07 08:24:36.241101
245313,137,2018-04-21,15.8,0,12.3,05:08,19.2,13:35,36,1.1,9.2,06:00,71,89,,57,13:30,2025-05-07 08:24:36.323593,2025-05-07 08:24:36.323593
245331,137,2018-04-22,15.8,4,14,06:22,17.5,,33,3.9,8.9,14:40,84,95,06:40,69,12:40,2025-05-07 08:24:36.402258,2025-05-07 08:24:36.402258
245349,137,2018-04-23,15.6,4,13.1,04:36,18.2,13:48,3,5,10.3,04:20,87,98,08:30,70,15:00,2025-05-07 08:24:36.488047,2025-05-07 08:24:36.488047
245367,137,2018-04-24,15.6,0.8,13.9,24:00,17.3,15:16,1,3.9,10.3,14:20,90,98,06:40,75,17:20,2025-05-07 08:24:36.572292,2025-05-07 08:24:36.572292
245385,137,2018-04-25,15.6,0.2,13.7,04:42,17.5,13:43,2,2.8,12.8,15:00,80,96,01:00,71,13:40,2025-05-07 08:24:36.656761,2025-05-07 08:24:36.656761
245403,137,2018-04-26,15.6,0,14.2,,17.1,13:25,2,4.2,9.4,13:20,82,91,00:50,74,13:20,2025-05-07 08:24:36.731156,2025-05-07 08:24:36.731156
245420,137,2018-04-27,15.8,0,13.7,04:41,17.9,13:42,2,5.6,15.3,12:40,78,90,,69,14:50,2025-05-07 08:24:36.814066,2025-05-07 08:24:36.814066
245438,137,2018-04-28,16.4,1,14,05:47,18.8,17:07,9,5.6,12.5,17:40,69,93,22:30,55,02:10,2025-05-07 08:24:36.901487,2025-05-07 08:24:36.901487
245456,137,2018-04-29,15.4,0.2,13.2,04:38,17.5,13:05,36,6.1,15.8,14:00,65,86,00:00,51,12:10,2025-05-07 08:24:36.990346,2025-05-07 08:24:36.990346
245474,137,2018-04-30,15.6,0,12.7,05:55,18.5,14:13,2,3.9,11.1,11:10,55,73,23:59,41,16:20,2025-05-07 08:24:37.083851,2025-05-07 08:24:37.083851
245492,137,2018-05-01,15.9,0,13.1,04:58,18.7,13:20,4,4.2,10,11:40,63,80,,46,12:40,2025-05-07 08:24:37.229393,2025-05-07 08:24:37.229393
245510,137,2018-05-02,17.2,1.2,12.8,03:15,21.6,12:28,36,3.9,9.2,12:50,65,94,21:50,43,12:30,2025-05-07 08:24:37.317154,2025-05-07 08:24:37.317154
245528,137,2018-05-03,16.4,0,14.5,05:43,18.2,10:52,34,3.6,10.3,13:50,78,93,03:00,62,16:20,2025-05-07 08:24:37.396697,2025-05-07 08:24:37.396697
245546,137,2018-05-04,16.2,0.2,14,07:42,18.4,13:31,2,3.6,11.7,14:40,72,91,,58,13:20,2025-05-07 08:24:37.481156,2025-05-07 08:24:37.481156
245564,137,2018-05-05,15.8,0,13.1,23:58,18.6,16:13,7,3.3,7.8,02:50,67,82,02:40,54,11:10,2025-05-07 08:24:37.567573,2025-05-07 08:24:37.567573
245582,137,2018-05-06,16.9,1.4,12.9,00:16,20.9,13:31,3,2.5,6.7,15:10,67,93,08:40,54,13:20,2025-05-07 08:24:37.639369,2025-05-07 08:24:37.639369
245600,137,2018-05-07,16.8,0.2,13.7,05:40,19.9,13:06,35,3.1,9.2,15:00,68,93,05:40,44,13:40,2025-05-07 08:24:37.702791,2025-05-07 08:24:37.702791
245618,137,2018-05-08,17,0,14.6,,19.5,14:29,2,4.4,10.3,10:20,77,92,05:30,58,15:40,2025-05-07 08:24:37.768520,2025-05-07 08:24:37.768520
245636,137,2018-05-09,16.4,0.2,14.8,04:40,18.1,12:38,2,4.7,11.9,13:30,75,90,,66,03:00,2025-05-07 08:24:37.848328,2025-05-07 08:24:37.848328
245654,137,2018-05-10,16.7,0,14.1,08:42,19.3,11:03,7,5,11.7,16:00,72,89,08:40,62,11:10,2025-05-07 08:24:37.919944,2025-05-07 08:24:37.919944
245672,137,2018-05-11,16.6,0,14.2,,19.1,13:49,5,7.2,19.4,09:40,72,79,,61,14:00,2025-05-07 08:24:37.991996,2025-05-07 08:24:37.991996
245690,137,2018-05-12,16.9,0.2,14.4,05:25,19.4,14:50,6,8.6,19.4,19:20,70,89,23:59,61,14:00,2025-05-07 08:24:38.081986,2025-05-07 08:24:38.081986
245708,137,2018-05-13,15.8,0,13.3,05:52,18.4,13:30,7,9.2,25.3,19:30,74,93,01:10,62,12:50,2025-05-07 08:24:38.171353,2025-05-07 08:24:38.171353
245726,137,2018-05-14,16.4,0,13.6,,19.1,14:45,4,8.3,18.3,15:20,71,79,,61,11:30,2025-05-07 08:24:38.258435,2025-05-07 08:24:38.258435
245744,137,2018-05-15,16.9,0,14.6,,19.2,11:25,8,4.4,16.1,02:30,74,89,20:20,54,01:30,2025-05-07 08:24:38.335951,2025-05-07 08:24:38.335951
245762,137,2018-05-16,16.7,0.4,14.5,08:58,18.9,14:19,35,4.2,9.2,11:40,81,94,08:50,61,14:20,2025-05-07 08:24:38.408839,2025-05-07 08:24:38.408839
245780,137,2018-05-17,15.8,0,14,03:06,17.6,12:58,99,3.3,8.6,,71,93,03:10,67,18:50,2025-05-07 08:24:38.472147,2025-05-07 08:24:38.472147
245798,137,2018-05-18,16.7,0,13.8,01:44,19.6,13:28,2,5,11.1,14:00,69,91,01:50,51,13:30,2025-05-07 08:24:38.545872,2025-05-07 08:24:38.545872
245816,137,2018-05-19,17.2,0,14.5,04:00,19.8,12:21,2,4.7,11.1,13:00,70,85,03:50,56,11:50,2025-05-07 08:24:38.628612,2025-05-07 08:24:38.628612
245834,137,2018-05-20,17,0,14.5,23:49,19.4,16:56,2,2.5,9.2,12:30,61,82,22:20,49,16:50,2025-05-07 08:24:38.700161,2025-05-07 08:24:38.700161
245852,137,2018-05-21,17.2,0,14.5,01:42,20,15:51,2,3.1,9.4,15:30,65,89,03:10,49,11:50,2025-05-07 08:24:38.779841,2025-05-07 08:24:38.779841
245870,137,2018-05-22,18,3.8,14.1,05:32,21.8,14:47,29,2.8,8.1,14:10,73,97,,61,10:20,2025-05-07 08:24:38.861146,2025-05-07 08:24:38.861146
245888,137,2018-05-23,16.8,0,14.3,23:58,19.3,12:40,35,3.6,8.1,17:10,71,97,00:00,62,13:00,2025-05-07 08:24:38.945888,2025-05-07 08:24:38.945888
245906,137,2018-05-24,16.7,0,13.7,02:53,19.7,16:43,34,3.1,8.1,14:50,73,88,04:00,63,12:50,2025-05-07 08:24:39.022040,2025-05-07 08:24:39.022040
245924,137,2018-05-25,16.6,0.4,13.5,01:45,19.6,12:50,35,4.2,10,13:00,75,92,07:20,59,12:50,2025-05-07 08:24:39.092009,2025-05-07 08:24:39.092009
245942,137,2018-05-26,17,0,14.4,05:57,19.7,14:28,8,3.9,8.9,02:10,73,91,02:00,50,12:20,2025-05-07 08:24:39.153353,2025-05-07 08:24:39.153353
245960,137,2018-05-27,17.6,0,14.2,06:20,21.1,12:01,4,4.2,10.8,12:30,63,83,00:00,41,11:50,2025-05-07 08:24:39.227814,2025-05-07 08:24:39.227814
245978,137,2018-05-28,17,0.2,14.3,05:52,19.8,11:17,35,4.7,12.5,16:20,71,82,22:40,55,14:00,2025-05-07 08:24:39.312299,2025-05-07 08:24:39.312299
245996,137,2018-05-29,17.1,0.2,14.4,05:55,19.8,12:56,1,5,14.4,13:10,70,89,03:00,56,12:50,2025-05-07 08:24:39.371076,2025-05-07 08:24:39.371076
246014,137,2018-05-30,17.2,0.6,14.9,02:25,19.6,13:50,5,6.4,13.9,22:20,77,90,,68,15:00,2025-05-07 08:24:39.459619,2025-05-07 08:24:39.459619
246032,137,2018-05-31,17.6,0,15.3,,19.8,12:11,99,8.1,15.3,12:30,72,83,00:10,61,12:00,2025-05-07 08:24:39.547996,2025-05-07 08:24:39.547996
246050,137,2018-06-01,18.4,0,15,05:03,21.7,14:52,9,8.1,21.1,11:30,67,79,,51,09:40,2025-05-07 08:24:39.633401,2025-05-07 08:24:39.633401
246068,137,2018-06-02,16.8,0,14.4,06:33,19.3,14:28,8,5.6,15.6,00:20,75,90,06:30,57,14:30,2025-05-07 08:24:39.713802,2025-05-07 08:24:39.713802
246086,137,2018-06-03,17.7,0,14.9,,20.5,14:46,5,7.2,17.8,19:30,71,86,23:50,59,15:10,2025-05-07 08:24:39.781152,2025-05-07 08:24:39.781152
246104,137,2018-06-04,18.6,0,15.6,01:59,21.7,14:02,7,8.6,18.6,11:30,75,91,02:00,26,22:20,2025-05-07 08:24:39.842753,2025-05-07 08:24:39.842753
246122,137,2018-06-05,19.2,0,14.1,06:20,24.2,12:34,9,7.2,22.8,16:30,61,83,06:20,27,03:20,2025-05-07 08:24:39.903864,2025-05-07 08:24:39.903864
246140,137,2018-06-06,19.5,0,15.7,05:45,23.3,15:45,8,9.4,23.3,09:30,69,79,08:00,40,00:10,2025-05-07 08:24:39.982518,2025-05-07 08:24:39.982518
246158,137,2018-06-07,18.7,0,16.2,04:50,21.2,12:56,2,6.7,16.4,16:30,70,90,23:59,62,13:00,2025-05-07 08:24:40.064855,2025-05-07 08:24:40.064855
246176,137,2018-06-08,19,0.4,15.8,02:47,22.2,12:51,1,4.4,10,10:10,75,96,02:50,62,12:50,2025-05-07 08:24:40.152930,2025-05-07 08:24:40.152930
246194,137,2018-06-09,19,0.4,16.5,23:59,21.4,12:34,1,3.3,8.3,13:30,71,89,04:20,56,13:00,2025-05-07 08:24:40.240897,2025-05-07 08:24:40.240897
246212,137,2018-06-10,18,0,15,06:15,21.1,13:50,2,4.7,11.4,14:30,64,89,06:30,50,13:50,2025-05-07 08:24:40.323295,2025-05-07 08:24:40.323295
246230,137,2018-06-11,18,0.2,15.4,02:01,20.7,14:47,9,4.2,13.6,09:30,71,82,02:40,55,14:40,2025-05-07 08:24:40.386238,2025-05-07 08:24:40.386238
246248,137,2018-06-12,18.3,0.2,15.1,05:50,21.5,16:02,9,5.8,14.7,20:30,73,93,06:00,58,16:10,2025-05-07 08:24:40.470543,2025-05-07 08:24:40.470543
246266,137,2018-06-13,18.5,0,15.7,08:24,21.3,14:44,2,5.8,13.6,16:20,70,87,03:00,56,14:30,2025-05-07 08:24:40.555672,2025-05-07 08:24:40.555672
246284,137,2018-06-14,17.4,0,15.5,03:58,19.2,14:57,7,5.3,13.1,03:50,74,89,,61,12:20,2025-05-07 08:24:40.645029,2025-05-07 08:24:40.645029
246302,137,2018-06-15,17.8,0,15.2,03:40,20.3,14:25,2,4.4,10.6,14:00,68,84,03:40,59,14:20,2025-05-07 08:24:40.720542,2025-05-07 08:24:40.720542
246320,137,2018-06-16,18.6,0,16.2,22:56,21.1,12:29,1,4.4,14.2,15:30,76,84,07:00,70,12:30,2025-05-07 08:24:40.815384,2025-05-07 08:24:40.815384
246338,137,2018-06-17,18.9,1.8,15.8,22:44,22,14:12,7,5,14.4,12:20,73,98,22:40,62,,2025-05-07 08:24:40.898904,2025-05-07 08:24:40.898904
246356,137,2018-06-18,17.8,0,15.5,02:38,20.1,12:37,2,3.9,7.8,02:40,81,97,02:40,72,12:30,2025-05-07 08:24:40.983073,2025-05-07 08:24:40.983073
246374,137,2018-06-19,19.8,0,16.5,04:58,23.2,15:46,31,3.1,6.9,15:20,68,88,04:50,58,14:10,2025-05-07 08:24:41.074974,2025-05-07 08:24:41.074974
246392,137,2018-06-20,19.2,0,16.3,05:07,22.2,14:23,2,5.3,13.3,17:30,72,86,23:59,63,13:50,2025-05-07 08:24:41.175200,2025-05-07 08:24:41.175200
246410,137,2018-06-21,19,0,16.6,,21.4,14:11,36,6.7,13.9,13:30,75,89,06:00,67,12:50,2025-05-07 08:24:41.264291,2025-05-07 08:24:41.264291
246428,137,2018-06-22,18.3,0,16.6,06:22,20,14:08,1,5.6,11.7,12:30,76,89,04:40,68,17:50,2025-05-07 08:24:41.352533,2025-05-07 08:24:41.352533
246446,137,2018-06-23,20.1,0,16.5,05:21,23.7,16:43,9,3.3,10.8,00:50,70,88,22:40,57,,2025-05-07 08:24:41.427705,2025-05-07 08:24:41.427705
246464,137,2018-06-24,19.8,0,15.8,05:19,23.8,15:37,1,4.4,10.8,12:30,66,87,00:00,50,15:40,2025-05-07 08:24:41.510887,2025-05-07 08:24:41.510887
246482,137,2018-06-25,20.7,0,16.1,02:57,25.3,16:49,10,4.7,20,23:30,70,78,03:30,52,,2025-05-07 08:24:41.598788,2025-05-07 08:24:41.598788
246500,137,2018-06-26,22.7,0,18.8,03:54,26.6,18:01,8,7.2,18.9,11:30,49,75,21:50,29,23:30,2025-05-07 08:24:41.685900,2025-05-07 08:24:41.685900
246518,137,2018-06-27,22.6,0,17.7,05:38,27.6,15:53,10,6.4,18.3,11:30,44,66,02:20,22,05:10,2025-05-07 08:24:41.772810,2025-05-07 08:24:41.772810
246536,137,2018-06-28,20.9,0,18,04:38,23.8,16:15,9,5.8,12.5,03:20,68,82,06:20,46,00:00,2025-05-07 08:24:41.866913,2025-05-07 08:24:41.866913
246554,137,2018-06-29,22.2,0.6,18.4,23:32,26.1,13:28,8,3.1,7.2,05:10,71,87,20:00,57,09:30,2025-05-07 08:25:45.461479,2025-05-07 08:25:45.461479
246572,137,2018-06-30,20.4,0,17.3,06:47,23.6,14:01,2,2.8,9.2,15:10,72,93,01:50,55,12:00,2025-05-07 08:25:45.694909,2025-05-07 08:25:45.694909
246590,137,2018-07-01,20.5,0,17.6,,23.4,13:44,99,5,12.2,12:30,67,83,01:00,51,13:30,2025-05-07 08:25:45.972577,2025-05-07 08:25:45.972577
246608,137,2018-07-02,20,0,17.5,06:15,22.5,,1,6.1,16.4,13:10,71,83,04:30,62,15:50,2025-05-07 08:25:46.200947,2025-05-07 08:25:46.200947
246626,137,2018-07-03,20.4,0,17.7,05:04,23.1,14:45,9,9.4,23.9,18:30,62,81,,35,21:20,2025-05-07 08:25:46.434454,2025-05-07 08:25:46.434454
246644,137,2018-07-04,21,0,18.3,04:12,23.6,12:22,9,17.2,29.4,08:30,61,78,04:10,28,21:30,2025-05-07 08:25:46.637777,2025-05-07 08:25:46.637777
246662,137,2018-07-05,22.8,0,18.5,06:15,27,16:01,8,12.2,26.1,16:30,47,69,06:10,27,19:20,2025-05-07 08:25:46.884803,2025-05-07 08:25:46.884803
246680,137,2018-07-06,22.1,0,17.9,05:16,26.3,13:01,9,12.5,26.4,06:30,55,79,19:50,31,00:10,2025-05-07 08:25:47.079851,2025-05-07 08:25:47.079851
246698,137,2018-07-07,22.5,0,17.8,01:49,27.2,16:59,8,10.8,26.1,12:30,52,81,01:50,21,,2025-05-07 08:25:47.297486,2025-05-07 08:25:47.297486
246716,137,2018-07-08,24,0,19.4,20:55,28.5,08:23,3,8.1,15.8,11:30,51,79,18:50,16,08:10,2025-05-07 08:25:47.519324,2025-05-07 08:25:47.519324
246734,137,2018-07-09,25.4,0,18.6,05:52,32.2,23:38,10,3.3,16.7,21:00,61,76,17:20,8,19:50,2025-05-07 08:25:47.743988,2025-05-07 08:25:47.743988
246752,137,2018-07-10,27.8,0,19.8,22:25,35.8,11:29,8,8.6,20.8,07:30,29,78,18:50,11,00:00,2025-05-07 08:25:47.965276,2025-05-07 08:25:47.965276
246770,137,2018-07-11,23.8,0,18.6,06:06,28.9,04:01,2,8.3,18.3,10:30,74,84,07:10,17,,2025-05-07 08:25:48.160939,2025-05-07 08:25:48.160939
246788,137,2018-07-12,20.4,0,18.3,,22.5,13:34,10,7.8,17.8,09:20,67,82,05:00,44,00:20,2025-05-07 08:25:48.344332,2025-05-07 08:25:48.344332
246806,137,2018-07-13,20.4,0,17.7,,23,14:35,6,7.5,18.6,09:30,70,84,05:30,57,12:20,2025-05-07 08:25:48.557782,2025-05-07 08:25:48.557782
246824,137,2018-07-14,20.4,0,17.6,04:13,23.2,14:17,9,7.8,24.7,22:30,63,81,06:10,53,11:20,2025-05-07 08:25:48.848351,2025-05-07 08:25:48.848351
246842,137,2018-07-15,20.3,0,18,05:57,22.6,14:11,8,7.2,21.9,00:30,67,79,23:40,52,,2025-05-07 08:25:49.085700,2025-05-07 08:25:49.085700
246860,137,2018-07-16,20,0,17.7,05:52,22.3,13:21,9,6.7,16.1,12:40,74,83,05:50,61,15:40,2025-05-07 08:25:49.342447,2025-05-07 08:25:49.342447
246878,137,2018-07-17,19.8,0,17.9,05:15,21.7,13:49,2,5,15,14:10,71,82,05:10,63,11:40,2025-05-07 08:25:49.555985,2025-05-07 08:25:49.555985
246896,137,2018-07-18,20.7,0,17.5,05:41,23.9,13:43,10,11.9,28.9,18:30,70,81,03:40,49,22:30,2025-05-07 08:25:49.753871,2025-05-07 08:25:49.753871
246914,137,2018-07-19,21.6,0,18.7,02:16,24.5,15:59,2,5.8,15.6,13:50,67,75,07:30,42,05:30,2025-05-07 08:25:49.963957,2025-05-07 08:25:49.963957
246932,137,2018-07-20,21.7,0,17.8,05:57,25.6,22:39,6,5.3,15,13:40,66,81,06:00,14,22:30,2025-05-07 08:25:50.187627,2025-05-07 08:25:50.187627
246950,137,2018-07-21,21,0,18.2,,23.7,02:56,5,8.9,17.5,06:30,70,84,20:20,30,02:50,2025-05-07 08:25:50.417983,2025-05-07 08:25:50.417983
246968,137,2018-07-22,20.1,0,17.7,03:07,22.5,14:37,9,6.7,20.6,23:10,68,82,,48,20:50,2025-05-07 08:25:50.669516,2025-05-07 08:25:50.669516
246986,137,2018-07-23,21.6,0,18.2,04:34,24.9,15:21,9,9.2,22.2,05:30,70,83,07:40,52,18:50,2025-05-07 08:25:50.953927,2025-05-07 08:25:50.953927
247004,137,2018-07-24,20.6,0,18.3,03:21,22.8,14:25,9,6.9,18.3,00:20,66,81,03:20,52,07:10,2025-05-07 08:25:51.258334,2025-05-07 08:25:51.258334
247022,137,2018-07-25,22.1,0,18.7,04:24,25.5,17:01,9,6.1,23.9,22:30,58,75,08:20,41,19:40,2025-05-07 08:25:51.470238,2025-05-07 08:25:51.470238
247040,137,2018-07-26,21,0,18.8,,23.2,13:30,8,8.6,24.4,01:30,62,78,,56,14:40,2025-05-07 08:25:51.690279,2025-05-07 08:25:51.690279
247058,137,2018-07-27,20.6,0,18.2,05:41,23.1,14:44,8,8.3,31.4,20:30,69,83,05:40,59,21:50,2025-05-07 08:25:51.913346,2025-05-07 08:25:51.913346
247076,137,2018-07-28,22.2,0,18.8,04:38,25.5,12:37,9,8.9,27.2,01:30,64,80,20:20,57,12:40,2025-05-07 08:25:52.120355,2025-05-07 08:25:52.120355
247094,137,2018-07-29,22,0,18.3,03:19,25.8,13:29,99,3.1,10.3,,73,84,03:00,62,13:10,2025-05-07 08:25:52.329899,2025-05-07 08:25:52.329899
247112,137,2018-07-30,23.5,0,17.9,,29.1,17:10,12,3.9,17.2,21:30,64,81,01:10,13,21:50,2025-05-07 08:25:52.547131,2025-05-07 08:25:52.547131
247130,137,2018-07-31,22.6,0,19.3,03:54,26,00:01,4,6.1,15.6,16:30,67,81,23:20,23,00:00,2025-05-07 08:25:52.784744,2025-05-07 08:25:52.784744
247148,137,2018-08-01,21,0.4,18.4,23:53,23.5,14:37,1,4.2,12.5,15:10,72,92,22:00,61,15:30,2025-05-07 08:25:52.988346,2025-05-07 08:25:52.988346
247166,137,2018-08-02,21.1,0,18.2,02:07,24,14:57,10,3.1,9.4,10:30,70,89,00:00,57,14:40,2025-05-07 08:25:53.243149,2025-05-07 08:25:53.243149
247184,137,2018-08-03,21.8,0,18.8,00:01,24.7,14:12,99,3.6,8.6,,67,82,23:50,58,12:10,2025-05-07 08:25:53.477091,2025-05-07 08:25:53.477091
247202,137,2018-08-04,20.9,0,18.6,06:20,23.2,15:21,4,4.4,13.3,22:30,78,87,21:50,71,14:10,2025-05-07 08:25:53.699989,2025-05-07 08:25:53.699989
247220,137,2018-08-05,22.2,0,19.3,,25.2,13:02,2,5,14.7,10:50,78,93,03:10,67,13:10,2025-05-07 08:25:53.901577,2025-05-07 08:25:53.901577
247238,137,2018-08-06,25.1,0,19,05:58,31.2,17:51,99,5.6,14.2,12:50,68,95,,29,23:40,2025-05-07 08:25:54.159040,2025-05-07 08:25:54.159040
247256,137,2018-08-07,24.4,0,20.1,23:30,28.8,01:22,3,7.2,17.2,13:30,74,85,00:30,26,01:20,2025-05-07 08:25:54.446431,2025-05-07 08:25:54.446431
247274,137,2018-08-08,22.9,0,18.9,06:06,26.9,14:32,11,7.8,19.7,22:20,73,82,21:10,55,14:30,2025-05-07 08:25:54.749040,2025-05-07 08:25:54.749040
247292,137,2018-08-09,21,0.2,18.6,06:01,23.5,12:48,8,10.8,29.7,11:30,70,82,05:40,62,12:40,2025-05-07 08:25:54.994498,2025-05-07 08:25:54.994498
247310,137,2018-08-10,20.1,0,18.1,06:20,22.1,14:40,2,5.8,12.8,14:20,71,89,04:50,60,15:40,2025-05-07 08:25:55.239078,2025-05-07 08:25:55.239078
247328,137,2018-08-11,20.2,0,18.1,06:08,22.4,14:02,2,5.8,13.6,12:50,78,86,23:30,66,,2025-05-07 08:25:55.521091,2025-05-07 08:25:55.521091
247346,137,2018-08-12,24.2,0,18.8,04:00,29.5,23:58,8,8.6,20.6,19:30,70,94,07:40,42,,2025-05-07 08:25:55.788794,2025-05-07 08:25:55.788794
247364,137,2018-08-13,28.8,0.4,23.9,15:51,33.8,12:43,11,5.6,19.2,07:00,57,80,15:50,38,12:40,2025-05-07 08:25:56.066596,2025-05-07 08:25:56.066596
247382,137,2018-08-14,26.4,0,21.1,19:34,31.8,03:46,7,3.9,18.1,01:20,68,88,19:30,10,22:30,2025-05-07 08:25:56.364216,2025-05-07 08:25:56.364216
247400,137,2018-08-15,26.8,0,21,20:22,32.6,14:52,9,6.4,22.8,02:30,37,75,09:10,9,02:00,2025-05-07 08:25:56.595430,2025-05-07 08:25:56.595430
247418,137,2018-08-16,20.8,0.2,18.4,05:54,23.3,13:29,10,6.4,14.7,00:40,75,87,23:10,47,00:30,2025-05-07 08:25:56.851235,2025-05-07 08:25:56.851235
247436,137,2018-08-17,20,0,18.2,00:32,21.8,12:26,4,5.6,14.2,11:50,76,91,00:30,66,12:20,2025-05-07 08:25:57.155929,2025-05-07 08:25:57.155929
247454,137,2018-08-18,20.4,0,18.3,05:12,22.6,13:21,2,4.7,11.7,14:30,74,89,04:10,63,13:20,2025-05-07 08:25:57.438836,2025-05-07 08:25:57.438836
247472,137,2018-08-19,20.8,0,18.7,,22.8,15:49,2,6.1,14.2,15:00,74,84,02:30,65,15:50,2025-05-07 08:25:57.679742,2025-05-07 08:25:57.679742
247490,137,2018-08-20,20.8,0,18.1,06:03,23.6,12:46,36,5.6,12.2,09:30,75,85,,66,12:50,2025-05-07 08:25:57.881053,2025-05-07 08:25:57.881053
247508,137,2018-08-21,21,0,16.9,06:32,25.1,13:28,99,3.6,8.3,,77,93,05:50,65,13:30,2025-05-07 08:25:58.089122,2025-05-07 08:25:58.089122
247526,137,2018-08-22,21.8,0,17.3,05:35,26.2,14:30,1,2.2,7.2,15:00,78,93,05:40,63,14:30,2025-05-07 08:25:58.352927,2025-05-07 08:25:58.352927
247544,137,2018-08-23,24,0,18,06:34,29.9,23:00,2,3.1,9.2,16:40,76,92,06:10,20,23:00,2025-05-07 08:25:58.592622,2025-05-07 08:25:58.592622
247562,137,2018-08-24,26.5,0,20.8,07:47,32.2,03:05,2,5.3,16.1,17:30,50,76,08:00,12,02:40,2025-05-07 08:25:58.775699,2025-05-07 08:25:58.775699
247580,137,2018-08-25,25.2,0,19.5,07:47,31,11:01,10,3.9,16.1,23:30,71,93,08:00,21,00:00,2025-05-07 08:25:58.942932,2025-05-07 08:25:58.942932
247598,137,2018-08-26,26.4,0,23.1,21:28,29.6,13:14,7,7.5,17.2,06:30,27,54,17:10,18,07:00,2025-05-07 08:25:59.159593,2025-05-07 08:25:59.159593
247616,137,2018-08-27,22.5,0,19.6,03:15,25.4,14:17,99,5.6,13.3,,63,72,06:10,24,00:20,2025-05-07 08:25:59.350064,2025-05-07 08:25:59.350064
247634,137,2018-08-28,21.2,0,18.8,07:09,23.6,13:43,8,7.8,20,01:30,71,78,07:10,40,00:00,2025-05-07 08:25:59.551805,2025-05-07 08:25:59.551805
247652,137,2018-08-29,22.2,0,19.2,02:57,25.1,14:58,9,13.9,31.7,14:30,72,81,06:00,54,14:30,2025-05-07 08:25:59.734597,2025-05-07 08:25:59.734597
247670,137,2018-08-30,21.5,0,19.1,,23.9,12:54,8,9.4,22.5,08:40,71,84,20:50,60,13:20,2025-05-07 08:25:59.930849,2025-05-07 08:25:59.930849
247688,137,2018-08-31,20.4,0,18.8,04:53,22.1,15:11,36,5.3,14.4,15:00,72,81,00:10,64,14:50,2025-05-07 08:26:00.137332,2025-05-07 08:26:00.137332
247706,137,2018-09-01,21.3,0,19,02:06,23.6,14:17,1,7.8,15.6,15:30,73,84,03:40,62,12:20,2025-05-07 08:26:00.357913,2025-05-07 08:26:00.357913
247724,137,2018-09-02,21,0,18.8,03:44,23.2,13:56,99,6.4,14.7,,71,82,23:30,62,,2025-05-07 08:26:00.559291,2025-05-07 08:26:00.559291
247742,137,2018-09-03,22.8,0,19.6,00:40,25.9,14:43,10,8.1,18.9,04:00,63,82,01:30,53,14:50,2025-05-07 08:26:00.779121,2025-05-07 08:26:00.779121
247760,137,2018-09-04,21.9,0,19.2,03:12,24.6,11:34,10,8.3,18.3,00:30,62,81,,59,14:40,2025-05-07 08:26:01.084607,2025-05-07 08:26:01.084607
247778,137,2018-09-05,22,0,19.5,04:32,24.5,16:04,9,9.7,21.4,08:50,70,79,,63,11:00,2025-05-07 08:26:01.336165,2025-05-07 08:26:01.336165
247796,137,2018-09-06,22.9,0,19.7,,26.1,04:42,10,7.8,20,02:30,68,81,23:59,32,04:40,2025-05-07 08:26:01.610046,2025-05-07 08:26:01.610046
247814,137,2018-09-07,21.1,0,18.6,22:51,23.6,12:18,6,6.4,14.2,10:30,67,83,02:20,56,15:40,2025-05-07 08:26:01.844664,2025-05-07 08:26:01.844664
247832,137,2018-09-08,20.8,0,18.2,02:08,23.4,12:50,1,6.4,15.8,14:00,68,83,06:30,47,12:30,2025-05-07 08:26:02.082784,2025-05-07 08:26:02.082784
247850,137,2018-09-09,20.4,0,18.2,06:37,22.5,13:51,1,4.4,12.5,13:30,72,84,23:20,61,14:30,2025-05-07 08:26:02.298727,2025-05-07 08:26:02.298727
247868,137,2018-09-10,21.2,0,18.4,05:46,23.9,14:29,7,4.7,12.8,03:40,75,88,23:59,59,14:20,2025-05-07 08:26:02.514033,2025-05-07 08:26:02.514033
247886,137,2018-09-11,21.6,0,18.5,05:42,24.6,15:19,99,5.3,19.7,23:50,68,90,01:40,54,14:30,2025-05-07 08:26:02.695604,2025-05-07 08:26:02.695604
247904,137,2018-09-12,23,0,18.5,02:41,27.5,14:17,9,2.2,21.4,00:30,72,89,,58,08:30,2025-05-07 08:26:02.897997,2025-05-07 08:26:02.897997
247922,137,2018-09-13,26.3,0,23.3,23:59,29.3,15:39,28,1.7,5.8,12:50,63,77,00:20,53,,2025-05-07 08:26:03.094238,2025-05-07 08:26:03.094238
247940,137,2018-09-14,24.1,0,21,07:05,27.2,12:08,30,1.9,6.4,14:00,76,88,,58,03:00,2025-05-07 08:26:03.301314,2025-05-07 08:26:03.301314
247958,137,2018-09-15,23.2,0,19.8,,26.7,13:32,99,3.9,8.9,10:50,63,89,03:10,43,13:30,2025-05-07 08:26:03.518970,2025-05-07 08:26:03.518970
247976,137,2018-09-16,21.6,0,19.6,01:11,23.7,13:09,1,4.2,11.1,15:30,73,91,02:00,68,15:20,2025-05-07 08:26:03.730507,2025-05-07 08:26:03.730507
247994,137,2018-09-17,21.4,0,19.1,05:58,23.8,14:02,2,5.6,14.4,10:30,74,83,21:20,63,14:00,2025-05-07 08:26:03.954128,2025-05-07 08:26:03.954128
248012,137,2018-09-18,22.4,0,19.2,07:41,25.7,12:28,99,5.3,15.8,,70,82,00:20,58,11:10,2025-05-07 08:26:04.164802,2025-05-07 08:26:04.164802
248030,137,2018-09-19,22.8,0,18.7,06:03,26.8,14:26,10,3.1,16.4,00:50,73,86,06:00,56,03:30,2025-05-07 08:26:04.413529,2025-05-07 08:26:04.413529
248048,137,2018-09-20,22.4,0,19.2,06:23,25.5,13:42,4,3.9,11.7,16:20,76,90,03:30,48,21:00,2025-05-07 08:26:04.622556,2025-05-07 08:26:04.622556
248066,137,2018-09-21,22.5,0,19.3,02:55,25.7,13:28,11,7.2,16.1,04:30,69,81,21:10,56,05:40,2025-05-07 08:26:04.815165,2025-05-07 08:26:04.815165
248084,137,2018-09-22,22.6,0,19.3,06:58,25.8,24:00,8,7.5,16.4,03:00,76,80,,42,05:00,2025-05-07 08:26:05.020929,2025-05-07 08:26:05.020929
248102,137,2018-09-23,25.8,0,19.9,06:08,31.8,14:13,8,5.8,16.1,13:30,62,86,06:10,35,23:30,2025-05-07 08:26:05.189366,2025-05-07 08:26:05.189366
248120,137,2018-09-24,25.8,0,21,22:19,30.5,17:55,10,2.8,16.9,05:10,45,85,20:50,29,07:00,2025-05-07 08:26:05.366666,2025-05-07 08:26:05.366666
248138,137,2018-09-25,25.2,0,19.5,05:33,31,14:54,10,1.4,8.3,00:10,60,86,05:30,32,00:10,2025-05-07 08:26:05.544900,2025-05-07 08:26:05.544900
248156,137,2018-09-26,26.4,0,21,02:23,31.9,12:50,8,1.9,12.5,23:40,40,70,02:20,24,19:50,2025-05-07 08:26:05.729204,2025-05-07 08:26:05.729204
248174,137,2018-09-27,23.2,0,19.7,22:47,26.8,00:01,2,5.3,15.3,13:20,66,84,21:20,27,00:00,2025-05-07 08:26:05.944397,2025-05-07 08:26:05.944397
248192,137,2018-09-28,21.6,0,19.4,03:47,23.8,12:50,99,6.9,14.2,,74,84,22:00,67,12:50,2025-05-07 08:26:06.202357,2025-05-07 08:26:06.202357
248210,137,2018-09-29,22.4,0,20.4,,24.3,12:12,7,5.6,13.9,01:00,79,88,,67,11:10,2025-05-07 08:26:06.443987,2025-05-07 08:26:06.443987
248228,137,2018-09-30,22.7,0,19.6,23:07,25.8,15:12,2,4.2,10.6,11:30,75,90,06:00,55,14:40,2025-05-07 08:26:06.721799,2025-05-07 08:26:06.721799
248246,137,2018-10-01,22.2,0,19.3,23:41,25.1,13:26,2,3.1,11.1,14:40,70,82,19:10,54,07:20,2025-05-07 08:26:06.940843,2025-05-07 08:26:06.940843
248264,137,2018-10-02,22,0,18.5,23:38,25.6,13:46,10,5.8,12.2,04:30,72,83,23:00,60,10:20,2025-05-07 08:26:07.209449,2025-05-07 08:26:07.209449
248282,137,2018-10-03,21.3,0,18.1,03:53,24.5,14:23,9,3.9,10.3,05:10,74,88,,57,08:50,2025-05-07 08:26:07.406394,2025-05-07 08:26:07.406394
248300,137,2018-10-04,20.8,0,17.5,04:39,24,12:34,1,3.6,9.7,16:00,79,89,,73,12:30,2025-05-07 08:26:07.644751,2025-05-07 08:26:07.644751
248317,137,2018-10-05,21,0,18.1,01:34,24,13:26,2,2.2,7.5,20:00,83,93,01:40,74,13:30,2025-05-07 08:26:07.870818,2025-05-07 08:26:07.870818
248335,137,2018-10-06,21.6,0,18.2,04:20,24.9,13:15,28,2.2,7.2,16:30,79,94,,66,10:30,2025-05-07 08:26:08.106032,2025-05-07 08:26:08.106032
248353,137,2018-10-07,21.9,0,17.8,05:39,26,16:19,30,1.7,5.6,14:30,77,96,,69,16:20,2025-05-07 08:26:08.336509,2025-05-07 08:26:08.336509
248371,137,2018-10-08,23.2,0,20,23:57,26.5,14:43,27,3.9,12.2,14:10,70,85,23:59,44,14:40,2025-05-07 08:26:08.575722,2025-05-07 08:26:08.575722
248389,137,2018-10-09,23,0,19.4,00:51,26.7,12:26,27,5.6,15.8,17:30,69,86,00:40,52,11:30,2025-05-07 08:26:08.819763,2025-05-07 08:26:08.819763
248407,137,2018-10-10,22.4,0,19.6,,25.3,13:23,28,1.9,10.3,01:50,73,85,06:30,59,09:20,2025-05-07 08:26:09.087865,2025-05-07 08:26:09.087865
248425,137,2018-10-11,21,0.4,18.8,,23.2,09:43,33,1.7,5.8,13:20,83,90,16:10,64,22:50,2025-05-07 08:26:09.345696,2025-05-07 08:26:09.345696
248443,137,2018-10-12,21.8,0,18.3,06:01,25.2,13:28,35,2.8,9.2,11:30,71,88,20:20,56,09:00,2025-05-07 08:26:09.536864,2025-05-07 08:26:09.536864
248461,137,2018-10-13,22.6,3.8,17.7,05:50,27.4,13:11,4,1.9,7.2,13:40,65,88,23:30,53,12:10,2025-05-07 08:26:09.722424,2025-05-07 08:26:09.722424
248479,137,2018-10-14,22,5.8,19.4,04:58,24.5,13:44,9,4.7,15,15:00,84,96,03:50,72,14:10,2025-05-07 08:26:09.953966,2025-05-07 08:26:09.953966
248497,137,2018-10-15,20.4,0,18.7,06:38,22.1,14:18,8,10,22.2,21:00,76,91,,59,20:00,2025-05-07 08:26:10.163076,2025-05-07 08:26:10.163076
248515,137,2018-10-16,20.7,0,18.3,01:35,23.1,15:00,9,6.7,19.2,02:20,71,86,23:40,59,15:00,2025-05-07 08:26:10.274200,2025-05-07 08:26:10.274200
248533,137,2018-10-17,19.9,3.4,17.9,17:49,21.9,14:16,3,4.7,11.4,17:40,77,92,17:50,63,10:30,2025-05-07 08:26:10.385891,2025-05-07 08:26:10.385891
248551,137,2018-10-18,18.8,8,17.6,09:45,19.9,15:36,6,5.6,12.5,09:30,79,97,09:50,63,17:00,2025-05-07 08:26:10.513151,2025-05-07 08:26:10.513151
248569,137,2018-10-19,18.6,19.8,16.7,08:07,20.5,15:01,36,2.2,12.5,01:00,75,93,18:40,58,07:10,2025-05-07 08:26:10.654977,2025-05-07 08:26:10.654977
248587,137,2018-10-20,18.8,0,16,05:33,21.7,12:11,9,2.2,6.1,02:10,74,87,00:30,66,13:50,2025-05-07 08:26:10.763066,2025-05-07 08:26:10.763066
248605,137,2018-10-21,19.2,0,16.4,01:10,22.1,12:27,28,3.1,6.9,13:30,69,88,19:20,61,09:00,2025-05-07 08:26:10.862961,2025-05-07 08:26:10.862961
248623,137,2018-10-22,19.8,0,17.1,04:37,22.6,12:34,27,2.8,6.4,09:40,69,91,09:50,59,12:20,2025-05-07 08:26:10.959845,2025-05-07 08:26:10.959845
248641,137,2018-10-23,19.8,0,17,03:08,22.5,13:12,27,1.9,5.8,15:20,75,91,19:50,57,09:10,2025-05-07 08:26:11.032747,2025-05-07 08:26:11.032747
248659,137,2018-10-24,20.6,6.8,17.1,02:10,24,12:18,28,1.4,7.5,12:30,75,93,,63,09:10,2025-05-07 08:26:11.114357,2025-05-07 08:26:11.114357
248677,137,2018-10-25,19.7,3.6,17.7,23:45,21.7,10:29,10,2.2,12.2,05:00,91,97,23:10,70,04:40,2025-05-07 08:26:11.197455,2025-05-07 08:26:11.197455
248695,137,2018-10-26,20.6,0,17.6,02:05,23.5,15:15,9,3.9,9.4,19:10,79,93,01:50,62,16:20,2025-05-07 08:26:11.289242,2025-05-07 08:26:11.289242
248713,137,2018-10-27,19.6,4.6,16.9,04:11,22.4,12:14,2,2.8,8.6,14:50,76,90,02:30,64,23:40,2025-05-07 08:26:11.380890,2025-05-07 08:26:11.380890
248731,137,2018-10-28,17.6,7.4,16,23:57,19.2,13:16,36,3.1,11.7,23:50,81,92,04:20,65,00:00,2025-05-07 08:26:11.454839,2025-05-07 08:26:11.454839
248749,137,2018-10-29,17.1,2.2,15.2,03:17,19,13:04,1,3.6,13.6,13:10,71,94,03:20,62,12:50,2025-05-07 08:26:11.531930,2025-05-07 08:26:11.531930
248767,137,2018-10-30,17.3,0.8,14.5,04:45,20.1,13:23,2,1.7,6.9,08:50,75,97,23:50,63,13:10,2025-05-07 08:26:11.600682,2025-05-07 08:26:11.600682
248785,137,2018-10-31,18.8,0.4,16.4,00:01,21.1,14:04,1,3.3,8.1,06:00,68,97,00:00,53,14:40,2025-05-07 08:26:11.656980,2025-05-07 08:26:11.656980
248803,137,2018-11-01,18.3,4.2,16.8,05:02,19.8,11:13,6,3.9,11.4,21:40,88,96,14:50,75,00:00,2025-05-07 08:26:11.740467,2025-05-07 08:26:11.740467
248821,137,2018-11-02,18.4,0.2,17.1,05:16,19.7,12:29,8,5.6,15.8,10:30,79,88,05:20,73,15:50,2025-05-07 08:26:11.817403,2025-05-07 08:26:11.817403
248839,137,2018-11-03,18.4,0.8,16.8,22:46,19.9,12:26,8,6.1,15.8,07:30,78,89,10:20,68,23:10,2025-05-07 08:26:11.888573,2025-05-07 08:26:11.888573
248857,137,2018-11-04,18.2,3.4,16.3,20:15,20.1,13:49,13,5,11.4,06:40,76,90,19:10,62,13:40,2025-05-07 08:26:11.964465,2025-05-07 08:26:11.964465
248875,137,2018-11-05,18,1,15.3,05:13,20.7,14:16,9,5,13.9,22:30,77,94,05:00,62,16:30,2025-05-07 08:26:12.052126,2025-05-07 08:26:12.052126
248893,137,2018-11-06,17.8,0,15.7,22:43,19.9,13:49,9,3.9,13.3,04:30,75,85,08:00,63,17:20,2025-05-07 08:26:12.117998,2025-05-07 08:26:12.117998
248911,137,2018-11-07,17.2,0,15.3,06:05,19.2,12:32,2,5,10.8,12:50,65,75,,60,17:10,2025-05-07 08:26:12.180092,2025-05-07 08:26:12.180092
248929,137,2018-11-08,17.8,0,15.3,07:50,20.4,14:05,11,3.9,13.3,20:10,67,75,18:40,60,11:50,2025-05-07 08:26:12.251140,2025-05-07 08:26:12.251140
248946,137,2018-11-09,18.4,0,16.4,23:49,20.4,13:18,4,5,11.9,15:00,75,83,19:40,67,,2025-05-07 08:26:12.349540,2025-05-07 08:26:12.349540
248964,137,2018-11-10,17.6,0,15.8,06:04,19.3,13:48,2,4.7,10.8,15:30,73,84,03:40,63,15:50,2025-05-07 08:26:12.448757,2025-05-07 08:26:12.448757
248982,137,2018-11-11,18,0,16,06:12,20.1,14:20,99,4.4,10,,69,85,23:59,59,13:10,2025-05-07 08:26:12.540711,2025-05-07 08:26:12.540711
249000,137,2018-11-12,16.5,18,15.1,08:52,17.9,14:48,10,2.5,12.2,23:30,83,97,,71,19:10,2025-05-07 08:26:12.610410,2025-05-07 08:26:12.610410
249018,137,2018-11-13,16.3,1.2,14.6,01:03,18,15:23,2,4.4,13.6,15:30,75,88,01:00,67,15:50,2025-05-07 08:26:12.682707,2025-05-07 08:26:12.682707
249036,137,2018-11-14,16.7,0.8,14.1,23:50,19.3,15:44,7,2.8,9.7,01:00,72,92,20:30,61,13:40,2025-05-07 08:26:12.774667,2025-05-07 08:26:12.774667
249054,137,2018-11-15,16.9,0.4,14.2,00:17,19.6,14:37,14,2.8,8.1,08:20,81,92,12:30,63,09:30,2025-05-07 08:26:12.867231,2025-05-07 08:26:12.867231
249072,137,2018-11-16,17.4,0,14.6,07:59,20.1,15:33,36,1.4,6.1,11:10,71,85,02:10,56,15:20,2025-05-07 08:26:12.954068,2025-05-07 08:26:12.954068
249090,137,2018-11-17,18.6,14.8,15.2,00:06,22.1,11:31,25,3.9,18.1,13:30,75,99,15:20,65,05:50,2025-05-07 08:26:13.017471,2025-05-07 08:26:13.017471
249108,137,2018-11-18,16.8,0,14.8,06:16,18.9,14:31,31,1.4,7.5,15:10,78,89,06:10,64,14:30,2025-05-07 08:26:13.090903,2025-05-07 08:26:13.090903
249125,137,2018-11-19,15.8,0,13.9,09:19,17.6,12:23,35,2.5,8.9,09:20,80,95,09:10,75,12:20,2025-05-07 08:26:13.180166,2025-05-07 08:26:13.180166
249142,137,2018-11-20,17.2,0,14.6,04:16,19.9,15:03,26,2.5,6.1,17:00,78,92,00:00,66,23:20,2025-05-07 08:26:13.271109,2025-05-07 08:26:13.271109
249159,137,2018-11-21,18.2,0,15,,21.4,13:13,28,2.5,9.2,14:20,59,99,,51,09:10,2025-05-07 08:26:13.359401,2025-05-07 08:26:13.359401
249176,137,2018-11-22,14.6,22.6,12.8,20:48,16.4,12:10,4,1.7,8.9,09:20,95,100,06:40,78,09:00,2025-05-07 08:26:13.448919,2025-05-07 08:26:13.448919
249193,137,2018-11-23,14,5,11.2,03:36,16.9,15:39,36,2.5,12.8,04:50,81,97,03:40,71,17:10,2025-05-07 08:26:13.537336,2025-05-07 08:26:13.537336
249210,137,2018-11-24,16.2,0,13,00:52,19.3,11:10,29,3.1,6.4,15:10,73,86,,45,11:40,2025-05-07 08:26:13.616823,2025-05-07 08:26:13.616823
249227,137,2018-11-25,18.8,0,16.3,06:48,21.3,12:50,11,2.2,8.3,20:50,81,91,06:50,67,23:40,2025-05-07 08:26:13.699130,2025-05-07 08:26:13.699130
249244,137,2018-11-26,18.4,0,15.9,23:08,21,14:21,8,3.9,13.3,07:30,84,93,22:50,67,00:00,2025-05-07 08:26:13.770208,2025-05-07 08:26:13.770208
249262,137,2018-11-27,18,0,15.5,23:56,20.6,11:02,6,4.4,13.3,21:20,77,84,13:40,28,,2025-05-07 08:26:13.840651,2025-05-07 08:26:13.840651
249280,137,2018-11-28,17.2,0,14,06:29,20.4,15:50,31,1.7,6.7,16:20,85,96,08:00,47,00:20,2025-05-07 08:26:13.924777,2025-05-07 08:26:13.924777
249298,137,2018-11-29,19.2,0,15.4,08:07,22.9,13:09,3,0.8,8.9,21:20,68,93,18:20,40,06:20,2025-05-07 08:26:13.993367,2025-05-07 08:26:13.993367
249316,137,2018-11-30,17.8,0,14.9,07:59,20.6,17:29,11,3.9,13.3,22:20,73,86,18:30,31,23:10,2025-05-07 08:26:14.063749,2025-05-07 08:26:14.063749
249334,137,2018-12-01,18.2,0,14.9,23:50,21.4,12:35,10,7.2,17.5,04:50,72,76,02:40,32,00:30,2025-05-07 08:26:14.150702,2025-05-07 08:26:14.150702
249352,137,2018-12-02,16.8,0,14.6,01:50,19.1,12:34,10,4.7,21.4,08:30,77,92,19:00,61,08:00,2025-05-07 08:26:14.224999,2025-05-07 08:26:14.224999
249370,137,2018-12-03,18,0,14.5,03:26,21.5,14:11,30,1.1,3.6,11:50,61,79,,32,22:40,2025-05-07 08:26:14.296019,2025-05-07 08:26:14.296019
249388,137,2018-12-04,21,0,17.4,00:21,24.6,11:30,35,1.7,5.8,15:30,40,59,18:40,25,01:40,2025-05-07 08:26:14.366092,2025-05-07 08:26:14.366092
249406,137,2018-12-05,21.2,0,18.4,02:21,23.9,12:07,28,2.2,5.8,12:50,37,45,18:30,29,23:40,2025-05-07 08:26:14.450666,2025-05-07 08:26:14.450666
249424,137,2018-12-06,22,0,18.9,01:36,25.2,10:20,16,1.4,14.7,04:50,27,40,16:00,20,19:50,2025-05-07 08:26:14.544182,2025-05-07 08:26:14.544182
249442,137,2018-12-07,19.7,0,14.6,22:02,24.8,15:34,9,1.1,16.1,02:20,46,92,21:40,17,03:30,2025-05-07 08:26:14.638833,2025-05-07 08:26:14.638833
249460,137,2018-12-08,17.8,0,14.2,07:17,21.5,02:45,36,1.9,8.3,14:30,79,90,18:40,26,02:30,2025-05-07 08:26:14.724537,2025-05-07 08:26:14.724537
249478,137,2018-12-09,19.8,0,15.6,00:01,24,16:48,12,1.7,6.4,23:00,45,70,15:40,22,23:20,2025-05-07 08:26:14.817020,2025-05-07 08:26:14.817020
249496,137,2018-12-10,20.9,0,17.5,18:33,24.3,10:29,11,2.2,7.8,22:30,54,85,18:00,22,,2025-05-07 08:26:14.914917,2025-05-07 08:26:14.914917
249514,137,2018-12-11,18.2,0,14.9,08:23,21.4,12:40,2,4.4,13.3,13:30,53,81,18:40,20,01:10,2025-05-07 08:26:14.994824,2025-05-07 08:26:14.994824
249532,137,2018-12-12,16.9,0,15.4,06:08,18.4,12:18,9,5.3,14.7,09:30,70,80,03:40,63,14:30,2025-05-07 08:26:15.076007,2025-05-07 08:26:15.076007
249548,137,2018-12-13,17.8,0,15.1,03:59,20.4,14:51,2,3.9,12.8,15:20,73,86,23:59,58,14:50,2025-05-07 08:26:15.138125,2025-05-07 08:26:15.138125
249566,137,2018-12-14,16.6,0,14.9,,18.2,13:45,2,5.3,11.9,13:00,78,87,00:10,66,13:10,2025-05-07 08:26:15.214970,2025-05-07 08:26:15.214970
249584,137,2018-12-15,18.1,0,14.8,00:08,21.4,15:26,8,7.5,17.5,10:20,76,84,23:50,54,15:20,2025-05-07 08:26:15.324553,2025-05-07 08:26:15.324553
249602,137,2018-12-16,17.8,0,13.6,03:45,22,15:48,12,3.1,15.6,06:10,47,89,03:50,29,06:30,2025-05-07 08:26:15.444550,2025-05-07 08:26:15.444550
249620,137,2018-12-17,18.7,0,15.3,22:00,22.1,14:05,15,1.7,5,07:40,44,60,22:30,30,14:10,2025-05-07 08:26:15.543380,2025-05-07 08:26:15.543380
249638,137,2018-12-18,18.6,0,15.2,00:09,22.1,15:27,8,2.8,11.7,23:30,37,56,00:10,24,23:10,2025-05-07 08:26:15.641011,2025-05-07 08:26:15.641011
249656,137,2018-12-19,18.2,0,14.6,08:06,21.7,14:26,10,3.9,11.9,03:30,43,69,17:10,24,04:10,2025-05-07 08:26:15.736456,2025-05-07 08:26:15.736456
249674,137,2018-12-20,19.2,0,15.3,22:20,23.1,12:16,10,6.4,15.3,01:10,38,58,15:50,22,07:00,2025-05-07 08:26:15.823915,2025-05-07 08:26:15.823915
249692,137,2018-12-21,17.4,0,14.1,21:07,20.6,11:00,11,1.7,8.6,00:10,61,90,19:00,26,00:10,2025-05-07 08:26:15.896818,2025-05-07 08:26:15.896818
249710,137,2018-12-22,18.4,0,14.8,04:35,22,13:03,30,1.1,3.9,15:20,46,70,18:20,29,06:50,2025-05-07 08:26:15.983224,2025-05-07 08:26:15.983224
249728,137,2018-12-23,18.4,0,15.3,21:14,21.4,10:34,14,3.1,8.1,05:40,46,68,20:40,29,,2025-05-07 08:26:16.064018,2025-05-07 08:26:16.064018
249746,137,2018-12-24,18.8,0,15.3,19:16,22.3,13:09,13,3.1,12.5,13:10,38,59,18:40,25,13:10,2025-05-07 08:26:16.156644,2025-05-07 08:26:16.156644
249764,137,2018-12-25,19.5,0,16.1,01:11,22.9,14:27,28,1.4,6.7,15:40,30,44,18:50,24,12:50,2025-05-07 08:26:16.242645,2025-05-07 08:26:16.242645
249782,137,2018-12-26,19.6,0,15.8,20:54,23.4,14:28,15,1.4,5,07:40,31,44,13:10,16,23:59,2025-05-07 08:27:18.775566,2025-05-07 08:27:18.775566
249800,137,2018-12-27,18.2,0,14.8,23:13,21.5,12:10,8,5.3,15,23:30,41,76,,11,09:40,2025-05-07 08:27:18.879933,2025-05-07 08:27:18.879933
249818,137,2018-12-28,17.4,0,14.1,06:11,20.7,10:38,8,6.9,17.5,06:30,66,82,07:40,21,,2025-05-07 08:27:18.971554,2025-05-07 08:27:18.971554
249836,137,2018-12-29,16.7,0,14.5,20:39,18.9,14:12,9,5,20,03:50,67,74,01:00,56,14:10,2025-05-07 08:27:19.060295,2025-05-07 08:27:19.060295
249854,137,2018-12-30,16.1,0,13.5,23:45,18.7,13:12,12,3.3,11.4,01:10,68,81,20:50,56,23:20,2025-05-07 08:27:19.133787,2025-05-07 08:27:19.133787
249872,137,2018-12-31,16.2,0,12.9,05:23,19.6,16:26,99,1.4,5.3,,62,77,01:20,24,22:30,2025-05-07 08:27:19.195571,2025-05-07 08:27:19.195571
249890,137,2019-01-01,18.6,0,15.7,00:04,21.6,13:49,7,1.4,6.1,09:30,30,46,18:30,18,00:40,2025-05-07 08:27:19.277904,2025-05-07 08:27:19.277904
249908,137,2019-01-02,17.4,0,14.6,08:38,20.2,14:30,10,1.9,17.2,21:50,43,64,18:30,24,19:50,2025-05-07 08:27:19.350747,2025-05-07 08:27:19.350747
249926,137,2019-01-03,15.4,0,12.5,07:10,18.4,12:50,10,3.1,14.4,21:30,64,72,19:20,20,00:40,2025-05-07 08:27:19.416188,2025-05-07 08:27:19.416188
249944,137,2019-01-04,14.7,0,11.5,07:16,17.9,13:59,13,1.4,10.8,01:00,70,82,05:30,49,08:30,2025-05-07 08:27:19.481586,2025-05-07 08:27:19.481586
249962,137,2019-01-05,16,0,12.2,01:22,19.8,14:09,12,1.4,5,22:30,36,72,01:20,25,23:40,2025-05-07 08:27:19.553217,2025-05-07 08:27:19.553217
249980,137,2019-01-06,16.7,0,13.6,20:49,19.8,14:30,29,2.5,6.4,15:20,41,58,22:00,24,05:50,2025-05-07 08:27:19.624011,2025-05-07 08:27:19.624011
249998,137,2019-01-07,16.4,0,13.5,00:10,19.4,11:39,12,2.2,11.9,21:10,37,54,,17,22:00,2025-05-07 08:27:19.709391,2025-05-07 08:27:19.709391
250016,137,2019-01-08,16.4,0,13.1,23:26,19.8,14:04,27,1.1,4.4,14:30,28,72,23:20,18,,2025-05-07 08:27:19.797171,2025-05-07 08:27:19.797171
250034,137,2019-01-09,15.6,0,12,23:33,19.2,10:15,2,2.2,6.7,16:30,53,83,19:10,20,09:50,2025-05-07 08:27:19.885584,2025-05-07 08:27:19.885584
250052,137,2019-01-10,14.6,0,11.3,04:01,18,11:58,99,4.4,12.2,07:30,60,74,04:20,38,00:30,2025-05-07 08:27:19.973288,2025-05-07 08:27:19.973288
250070,137,2019-01-11,14.4,0,11,06:16,17.7,14:02,10,2.5,11.4,01:30,67,76,,57,12:20,2025-05-07 08:27:20.062695,2025-05-07 08:27:20.062695
250088,137,2019-01-12,15,0,11.2,06:20,18.8,16:03,28,2.5,7.2,15:30,67,82,06:40,53,22:10,2025-05-07 08:27:20.138272,2025-05-07 08:27:20.138272
250106,137,2019-01-13,18.4,0,14.3,00:01,22.5,14:19,27,1.7,5.6,15:20,28,56,00:00,15,08:00,2025-05-07 08:27:20.212616,2025-05-07 08:27:20.212616
250124,137,2019-01-14,17.2,0,13.9,22:14,20.5,13:16,28,1.9,6.4,13:30,36,56,18:40,20,02:10,2025-05-07 08:27:20.294843,2025-05-07 08:27:20.294843
250142,137,2019-01-15,16.8,0,13.5,07:48,20.1,14:08,10,4.2,14.2,17:30,35,71,23:59,21,20:20,2025-05-07 08:27:20.376637,2025-05-07 08:27:20.376637
250160,137,2019-01-16,15.2,0.8,12.6,08:38,17.7,13:28,5,3.9,11.7,00:10,64,82,22:20,49,12:50,2025-05-07 08:27:20.470600,2025-05-07 08:27:20.470600
250178,137,2019-01-17,13.6,1.2,11.5,10:18,15.7,12:37,34,3.3,12.5,15:30,81,94,15:40,66,14:10,2025-05-07 08:27:20.563777,2025-05-07 08:27:20.563777
250196,137,2019-01-18,13.8,0,12.9,01:39,14.8,17:46,2,4.4,13.9,14:00,77,90,13:30,69,17:50,2025-05-07 08:27:20.655760,2025-05-07 08:27:20.655760
250214,137,2019-01-19,14.2,0,12.7,07:26,15.8,12:48,8,4.7,12.5,06:50,82,95,16:10,73,,2025-05-07 08:27:20.743531,2025-05-07 08:27:20.743531
250232,137,2019-01-20,14.8,4.2,12.9,05:51,16.7,16:47,7,2.2,9.4,22:10,78,99,21:50,68,12:40,2025-05-07 08:27:20.819888,2025-05-07 08:27:20.819888
250249,137,2019-01-21,14.4,2.4,12.8,23:53,15.9,11:57,8,3.9,13.6,23:50,78,91,04:00,64,12:00,2025-05-07 08:27:20.880954,2025-05-07 08:27:20.880954
250266,137,2019-01-22,14.2,0,12.1,08:26,16.4,14:31,99,5.6,12.8,,65,87,00:00,57,13:50,2025-05-07 08:27:20.951069,2025-05-07 08:27:20.951069
250284,137,2019-01-23,14.2,1.8,12.8,08:35,15.5,14:34,7,4.2,13.6,16:00,70,86,22:00,58,15:50,2025-05-07 08:27:21.014560,2025-05-07 08:27:21.014560
250302,137,2019-01-24,14.4,4.2,12.5,05:09,16.2,13:26,2,4.2,10.8,07:30,77,92,05:00,67,13:30,2025-05-07 08:27:21.111592,2025-05-07 08:27:21.111592
250319,137,2019-01-25,14.8,0,12.9,23:49,16.8,10:53,12,3.9,8.6,03:40,81,95,04:30,70,11:20,2025-05-07 08:27:21.205195,2025-05-07 08:27:21.205195
250336,137,2019-01-26,15.3,0,12.5,01:29,18.1,10:43,9,2.2,8.3,22:30,71,88,00:50,61,18:00,2025-05-07 08:27:21.298913,2025-05-07 08:27:21.298913
250354,137,2019-01-27,15.3,0,12.4,04:45,18.2,12:29,8,4.2,10.3,20:50,72,90,05:30,58,12:10,2025-05-07 08:27:21.394517,2025-05-07 08:27:21.394517
250372,137,2019-01-28,15.4,0,13.7,,17,13:58,8,6.7,28.1,23:30,75,85,,65,13:20,2025-05-07 08:27:21.488565,2025-05-07 08:27:21.488565
250390,137,2019-01-29,14.6,1,13.4,23:01,15.8,12:59,9,7.2,19.7,07:30,77,94,22:50,70,00:20,2025-05-07 08:27:21.563362,2025-05-07 08:27:21.563362
250408,137,2019-01-30,14.6,0.2,12.9,,16.3,13:54,10,4.2,10.6,23:20,79,94,02:00,69,11:10,2025-05-07 08:27:21.650640,2025-05-07 08:27:21.650640
250426,137,2019-01-31,15,0,12.9,02:37,17,13:50,2,2.8,9.7,14:00,71,85,11:00,65,12:00,2025-05-07 08:27:21.724317,2025-05-07 08:27:21.724317
250444,137,2019-02-01,16.2,13,13.3,08:07,19.2,16:21,36,1.9,7.2,15:20,74,96,,62,14:00,2025-05-07 08:27:21.779663,2025-05-07 08:27:21.779663
250462,137,2019-02-02,14.2,0.2,13,17:11,15.4,13:26,8,5.3,14.2,03:30,75,99,02:00,63,13:00,2025-05-07 08:27:21.857391,2025-05-07 08:27:21.857391
250480,137,2019-02-03,14.3,0,13.2,06:10,15.4,14:01,7,8.1,25.8,20:20,74,80,01:50,66,17:10,2025-05-07 08:27:21.940538,2025-05-07 08:27:21.940538
250498,137,2019-02-04,16.6,0,13.1,03:35,20.2,16:10,9,3.3,24.4,00:10,67,78,03:30,35,23:40,2025-05-07 08:27:22.006320,2025-05-07 08:27:22.006320
250516,137,2019-02-05,16.6,0,13.2,21:19,20.1,12:30,28,2.2,6.4,17:00,41,77,19:50,20,05:40,2025-05-07 08:27:22.074097,2025-05-07 08:27:22.074097
250533,137,2019-02-06,18.1,0,14.7,00:05,21.5,12:00,6,2.8,18.6,22:10,21,35,00:00,17,,2025-05-07 08:27:22.160850,2025-05-07 08:27:22.160850
250550,137,2019-02-07,16.8,0,12.2,23:44,21.3,13:51,9,5,18.9,01:30,47,77,23:20,16,08:00,2025-05-07 08:27:22.245758,2025-05-07 08:27:22.245758
250568,137,2019-02-08,14.8,0,11,08:38,18.5,12:32,34,2.5,9.2,16:10,61,86,20:00,24,01:20,2025-05-07 08:27:22.332310,2025-05-07 08:27:22.332310
250586,137,2019-02-09,15.6,0,11.5,06:33,19.8,17:11,8,1.4,7.8,21:30,64,80,09:40,20,,2025-05-07 08:27:22.423214,2025-05-07 08:27:22.423214
250604,137,2019-02-10,20,0,16.4,04:52,23.6,15:48,14,2.5,12.5,07:40,23,46,10:30,14,22:20,2025-05-07 08:27:22.515203,2025-05-07 08:27:22.515203
250622,137,2019-02-11,21.8,0,18.3,20:56,25.4,11:18,14,1.7,19.7,02:50,18,30,19:40,14,00:40,2025-05-07 08:27:22.592338,2025-05-07 08:27:22.592338
250640,137,2019-02-12,22,0,18.9,19:17,25.2,11:12,18,1.9,4.7,00:10,21,42,19:00,13,07:00,2025-05-07 08:27:22.689237,2025-05-07 08:27:22.689237
250658,137,2019-02-13,22.6,0,19.7,05:53,25.6,13:16,14,2.5,5.3,00:30,29,51,18:20,12,23:40,2025-05-07 08:27:22.782730,2025-05-07 08:27:22.782730
250676,137,2019-02-14,23.2,0,20,22:06,26.5,14:53,14,5,20,12:30,14,23,22:20,10,06:00,2025-05-07 08:27:22.877232,2025-05-07 08:27:22.877232
250694,137,2019-02-15,16.6,5.8,12.6,,20.7,00:05,34,2.8,9.2,16:30,82,96,,19,00:00,2025-05-07 08:27:22.972261,2025-05-07 08:27:22.972261
250712,137,2019-02-16,14.3,0.4,12.2,08:37,16.4,14:16,9,2.8,8.1,20:10,78,94,,70,15:10,2025-05-07 08:27:23.064817,2025-05-07 08:27:23.064817
250729,137,2019-02-17,16.6,0,13.6,06:21,19.7,13:37,8,6.4,13.9,06:30,41,80,,28,10:00,2025-05-07 08:27:23.151790,2025-05-07 08:27:23.151790
250746,137,2019-02-18,14.1,6.8,12.5,07:45,15.7,01:43,8,4.2,14.2,13:20,78,97,11:10,32,02:10,2025-05-07 08:27:23.227135,2025-05-07 08:27:23.227135
250764,137,2019-02-19,14,0,12.2,,15.9,12:30,1,4.7,11.7,13:40,67,80,04:50,56,12:00,2025-05-07 08:27:23.304114,2025-05-07 08:27:23.304114
250782,137,2019-02-20,14.8,0,11.7,05:46,17.9,12:14,4,4.7,12.5,10:40,66,81,20:50,54,12:00,2025-05-07 08:27:23.386188,2025-05-07 08:27:23.386188
250800,137,2019-02-21,15.8,0,11.6,03:06,19.9,17:28,28,1.7,6.7,14:10,65,81,03:20,37,21:40,2025-05-07 08:27:23.453665,2025-05-07 08:27:23.453665
250818,137,2019-02-22,20.4,0,15.4,00:08,25.4,15:31,15,1.4,5.8,20:30,34,59,18:50,18,21:30,2025-05-07 08:27:23.543158,2025-05-07 08:27:23.543158
250836,137,2019-02-23,22.4,0,18.8,22:14,26.1,13:42,99,2.5,5,,20,39,15:40,16,12:40,2025-05-07 08:27:23.638855,2025-05-07 08:27:23.638855
250854,137,2019-02-24,22.2,0,18.8,23:44,25.6,13:54,11,2.2,8.6,04:10,20,30,10:50,18,,2025-05-07 08:27:23.727741,2025-05-07 08:27:23.727741
250872,137,2019-02-25,20,0,16.9,19:17,23.2,13:16,9,2.2,9.2,02:30,46,86,19:10,15,08:20,2025-05-07 08:27:23.817091,2025-05-07 08:27:23.817091
250890,137,2019-02-26,18.3,0,13.7,07:23,22.9,14:30,3,2.5,10,06:50,52,77,06:50,15,,2025-05-07 08:27:23.914660,2025-05-07 08:27:23.914660
250908,137,2019-02-27,18,0,14.4,08:23,21.5,16:07,9,6.4,20.8,23:30,37,74,08:50,14,01:40,2025-05-07 08:27:24.001226,2025-05-07 08:27:24.001226
250926,137,2019-02-28,16.4,0,14.3,23:53,18.6,13:04,8,8.9,20,06:20,63,71,08:50,23,02:00,2025-05-07 08:27:24.081474,2025-05-07 08:27:24.081474
250944,137,2019-03-01,15.6,0,13.2,06:46,17.9,14:03,99,5,12.5,00:30,67,88,20:30,53,13:40,2025-05-07 08:27:24.165866,2025-05-07 08:27:24.165866
250962,137,2019-03-02,15.4,0,13.4,07:09,17.3,12:51,4,6.7,15.3,13:10,73,90,06:20,60,13:30,2025-05-07 08:27:24.241320,2025-05-07 08:27:24.241320
250980,137,2019-03-03,15.8,0,13.3,04:23,18.2,15:04,7,5,13.6,14:30,74,90,04:00,62,15:30,2025-05-07 08:27:24.335885,2025-05-07 08:27:24.335885
250998,137,2019-03-04,16.2,0,13.9,07:02,18.5,13:36,1,6.1,17.5,15:30,69,80,04:50,55,14:10,2025-05-07 08:27:24.444354,2025-05-07 08:27:24.444354
251016,137,2019-03-05,15.4,0,11.8,07:38,19,16:30,8,3.6,15,00:40,70,83,08:00,62,,2025-05-07 08:27:24.548736,2025-05-07 08:27:24.548736
251033,137,2019-03-06,16.2,0,13.4,07:23,18.9,12:23,36,3.1,10.8,14:30,82,94,07:10,57,03:20,2025-05-07 08:27:24.627051,2025-05-07 08:27:24.627051
251050,137,2019-03-07,15.1,1,13.3,19:40,16.9,15:00,5,4.4,12.2,15:10,71,92,19:40,60,14:50,2025-05-07 08:27:24.690534,2025-05-07 08:27:24.690534
251068,137,2019-03-08,14.9,1.8,13,00:32,16.8,10:55,1,4.7,15,11:40,80,98,08:40,66,14:40,2025-05-07 08:27:24.782760,2025-05-07 08:27:24.782760
251086,137,2019-03-09,15,0,13.5,03:58,16.4,11:27,8,5.6,15,10:40,78,86,02:00,71,10:50,2025-05-07 08:27:24.886760,2025-05-07 08:27:24.886760
251104,137,2019-03-10,19.3,0,14.3,01:47,24.3,12:52,8,3.3,22.5,09:30,65,87,23:00,19,19:10,2025-05-07 08:27:24.987345,2025-05-07 08:27:24.987345
251121,137,2019-03-11,19.2,0,14,21:16,24.5,10:02,11,5.3,14.7,05:00,49,86,20:20,17,,2025-05-07 08:27:25.075240,2025-05-07 08:27:25.075240
251138,137,2019-03-12,17.2,0,13,23:31,21.4,02:35,36,6.4,14.7,12:20,52,81,10:00,16,07:00,2025-05-07 08:27:25.154794,2025-05-07 08:27:25.154794
251155,137,2019-03-13,15.4,0,12.5,01:14,18.4,13:17,2,6.7,18.6,13:30,70,81,08:40,53,02:20,2025-05-07 08:27:25.229463,2025-05-07 08:27:25.229463
251172,137,2019-03-14,16.9,0,13.4,03:18,20.4,15:10,2,4.2,11.9,12:30,68,88,20:40,55,10:00,2025-05-07 08:27:25.319245,2025-05-07 08:27:25.319245
251189,137,2019-03-15,18.8,0,12,06:41,25.7,17:09,9,1.7,10,08:30,60,90,21:10,22,08:50,2025-05-07 08:27:25.403404,2025-05-07 08:27:25.403404
251206,137,2019-03-16,18.2,0,13,08:31,23.5,13:03,2,3.1,10.6,,63,88,08:20,37,06:40,2025-05-07 08:27:25.490084,2025-05-07 08:27:25.490084
251223,137,2019-03-17,15.9,0,13.8,05:10,18,13:20,8,7.2,15.8,23:59,75,85,01:40,67,11:00,2025-05-07 08:27:25.558910,2025-05-07 08:27:25.558910
251240,137,2019-03-18,16.1,0,13.8,05:41,18.4,13:37,8,8.1,21.9,08:30,67,80,20:00,59,13:00,2025-05-07 08:27:25.635103,2025-05-07 08:27:25.635103
251257,137,2019-03-19,15.6,0,13.6,08:01,17.5,13:40,36,6.1,17.5,15:00,70,83,,61,13:10,2025-05-07 08:27:25.721256,2025-05-07 08:27:25.721256
251274,137,2019-03-20,16.2,0,13.2,04:57,19.3,14:50,10,8.6,19.7,10:00,72,81,04:40,63,,2025-05-07 08:27:25.792945,2025-05-07 08:27:25.792945
251291,137,2019-03-21,18,0,14.2,23:47,21.9,12:54,8,13.9,28.3,19:30,39,74,19:10,7,07:30,2025-05-07 08:27:25.866194,2025-05-07 08:27:25.866194
251308,137,2019-03-22,15.8,0,13.5,06:47,18.2,14:18,9,8.1,25.6,01:00,71,80,20:50,59,14:20,2025-05-07 08:27:25.951424,2025-05-07 08:27:25.951424
251325,137,2019-03-23,15.6,0,13.6,21:43,17.6,12:50,6,5.6,14.2,00:20,73,83,04:20,63,12:10,2025-05-07 08:27:26.039762,2025-05-07 08:27:26.039762
251342,137,2019-03-24,15.3,0,12.7,06:58,17.9,14:45,9,4.2,9.4,05:10,72,80,03:20,54,09:30,2025-05-07 08:27:26.117192,2025-05-07 08:27:26.117192
251359,137,2019-03-25,15.6,0,12.2,23:33,19.1,11:41,10,1.7,6.7,15:50,82,98,22:10,52,11:00,2025-05-07 08:27:26.177306,2025-05-07 08:27:26.177306
251376,137,2019-03-26,15.6,0.6,11.6,01:12,19.5,17:13,36,2.2,7.2,15:50,83,97,00:00,64,17:10,2025-05-07 08:27:26.240597,2025-05-07 08:27:26.240597
251393,137,2019-03-27,16.4,0,13.9,04:51,18.9,14:47,36,3.3,7.2,17:50,80,95,,67,15:50,2025-05-07 08:27:26.312262,2025-05-07 08:27:26.312262
251410,137,2019-03-28,15.5,4,12.5,05:41,18.5,11:54,12,1.4,7.5,03:00,81,94,19:20,56,07:50,2025-05-07 08:27:26.381458,2025-05-07 08:27:26.381458
251427,137,2019-03-29,16,7,12.5,06:33,19.5,15:30,28,2.8,7.5,17:40,82,95,21:00,64,16:00,2025-05-07 08:27:26.470165,2025-05-07 08:27:26.470165
251444,137,2019-03-30,15.2,8,11.8,07:38,18.6,17:02,2,3.6,8.6,14:20,70,93,08:00,55,11:00,2025-05-07 08:27:26.551347,2025-05-07 08:27:26.551347
251461,137,2019-03-31,16.2,0,12.3,01:05,20.1,11:31,29,2.8,8.1,14:30,63,79,02:00,53,09:20,2025-05-07 08:27:26.630388,2025-05-07 08:27:26.630388
251478,137,2019-04-01,15.4,0,13,06:15,17.8,13:27,2,2.2,7.2,12:00,71,89,02:20,60,08:50,2025-05-07 08:27:26.710375,2025-05-07 08:27:26.710375
251495,137,2019-04-02,15.8,0.8,13.1,04:53,18.6,12:26,28,2.5,6.9,11:30,79,97,,65,08:50,2025-05-07 08:27:26.777445,2025-05-07 08:27:26.777445
251512,137,2019-04-03,16.2,7,13.1,07:05,19.3,17:45,28,1.9,7.8,15:10,77,97,,55,17:40,2025-05-07 08:27:26.852893,2025-05-07 08:27:26.852893
251529,137,2019-04-04,14.6,2.8,11.6,06:51,17.6,12:49,35,3.1,8.9,14:30,81,98,07:00,71,12:50,2025-05-07 08:27:26.928692,2025-05-07 08:27:26.928692
251545,137,2019-04-05,15.9,0.2,12.2,03:03,19.6,14:48,32,3.9,10.3,22:50,75,92,01:00,53,14:10,2025-05-07 08:27:27.004849,2025-05-07 08:27:27.004849
251562,137,2019-04-06,15.4,0.2,12.8,05:17,18,13:55,34,3.9,11.4,00:50,69,87,01:00,59,15:30,2025-05-07 08:27:27.091542,2025-05-07 08:27:27.091542
251579,137,2019-04-07,15.6,0,12.2,07:06,18.9,15:27,1,3.3,9.7,16:10,70,81,,63,11:10,2025-05-07 08:27:27.159498,2025-05-07 08:27:27.159498
251596,137,2019-04-08,16.2,0,13.8,06:45,18.7,14:53,1,3.1,9.2,16:20,74,92,05:20,59,13:40,2025-05-07 08:27:27.226835,2025-05-07 08:27:27.226835
251613,137,2019-04-09,16.3,0.8,13.9,,18.7,10:36,6,4.7,12.5,15:00,82,92,13:00,62,09:50,2025-05-07 08:27:27.293167,2025-05-07 08:27:27.293167
251630,137,2019-04-10,15.6,0,13.4,03:35,17.7,12:22,1,5.8,13.6,15:50,73,81,21:00,55,12:20,2025-05-07 08:27:27.366609,2025-05-07 08:27:27.366609
251647,137,2019-04-11,15.8,0,13.9,,17.7,14:06,2,5.6,12.8,14:10,66,79,21:00,59,14:10,2025-05-07 08:27:27.454938,2025-05-07 08:27:27.454938
251664,137,2019-04-12,16.2,0,13.8,04:51,18.7,14:45,2,6.4,15.3,15:10,71,84,04:50,56,14:20,2025-05-07 08:27:27.535795,2025-05-07 08:27:27.535795
251681,137,2019-04-13,17.5,0,14.3,,20.7,15:11,2,6.1,14.2,12:40,68,80,00:40,28,22:50,2025-05-07 08:27:27.624488,2025-05-07 08:27:27.624488
251698,137,2019-04-14,17.2,0,12.7,06:50,21.8,12:56,7,3.3,13.6,02:50,70,85,20:50,28,03:00,2025-05-07 08:27:27.706185,2025-05-07 08:27:27.706185
251715,137,2019-04-15,18.4,0,14.3,00:44,22.6,15:06,6,6.7,17.8,12:30,66,81,00:10,51,09:10,2025-05-07 08:27:27.765440,2025-05-07 08:27:27.765440
251732,137,2019-04-16,17.6,0,13.8,06:54,21.5,11:57,9,2.8,12.2,04:30,70,87,22:50,59,16:50,2025-05-07 08:27:27.834121,2025-05-07 08:27:27.834121
251749,137,2019-04-17,17.6,0.6,14,06:31,21.3,11:01,28,2.5,8.1,12:50,73,91,14:40,55,10:20,2025-05-07 08:27:27.908990,2025-05-07 08:27:27.908990
251766,137,2019-04-18,16,0,14.2,,17.9,13:55,1,4.4,11.4,12:40,71,84,03:10,60,15:30,2025-05-07 08:27:27.986252,2025-05-07 08:27:27.986252
251783,137,2019-04-19,15.7,0,13.9,02:54,17.5,15:40,36,4.7,12.5,13:20,69,80,00:00,60,11:00,2025-05-07 08:27:28.054571,2025-05-07 08:27:28.054571
251800,137,2019-04-20,15.2,1.2,12.9,10:07,17.5,14:57,2,3.9,10,09:50,74,94,07:20,65,14:50,2025-05-07 08:27:28.142448,2025-05-07 08:27:28.142448
251817,137,2019-04-21,16.4,0.4,14,07:15,18.7,11:35,1,3.6,8.1,03:40,76,92,03:20,63,12:20,2025-05-07 08:27:28.231286,2025-05-07 08:27:28.231286
251834,137,2019-04-22,17.2,0,14.2,06:37,20.1,13:26,2,4.2,10.6,16:40,75,87,01:50,65,12:30,2025-05-07 08:27:28.316681,2025-05-07 08:27:28.316681
251851,137,2019-04-23,17.8,0,14.2,24:00,21.5,10:40,35,2.8,7.5,13:00,78,86,05:10,53,10:40,2025-05-07 08:27:28.381022,2025-05-07 08:27:28.381022
251868,137,2019-04-24,17,0,13.4,07:02,20.5,14:52,34,3.9,9.4,12:30,73,84,07:00,60,,2025-05-07 08:27:28.443385,2025-05-07 08:27:28.443385
251885,137,2019-04-25,17,0,13.8,03:43,20.3,15:08,2,5.8,13.9,16:00,63,78,,55,15:10,2025-05-07 08:27:28.517267,2025-05-07 08:27:28.517267
251902,137,2019-04-26,16.4,0,14.2,08:17,18.7,13:08,2,5.6,14.2,15:30,72,91,05:00,60,12:20,2025-05-07 08:27:28.590836,2025-05-07 08:27:28.590836
251919,137,2019-04-27,16.4,0,14.2,02:46,18.5,13:33,1,5.6,13.3,13:20,75,83,,67,13:20,2025-05-07 08:27:28.668250,2025-05-07 08:27:28.668250
251936,137,2019-04-28,17.1,0,14.8,,19.4,13:10,6,6.4,13.9,02:10,76,85,04:40,68,13:50,2025-05-07 08:27:28.753162,2025-05-07 08:27:28.753162
251953,137,2019-04-29,,,,,,,0,6.4,,,76,,,,,2025-05-07 08:27:28.824134,2025-05-07 08:27:28.824134
251970,137,2019-04-30,17.4,0,14.4,03:42,20.5,11:01,2,6.9,13.9,15:20,78,86,06:10,48,22:30,2025-05-07 08:27:28.897447,2025-05-07 08:27:28.897447
251987,137,2019-05-01,16.6,0,14.7,23:15,18.6,15:30,5,4.4,10.6,05:00,74,83,07:10,64,01:10,2025-05-07 08:27:28.969989,2025-05-07 08:27:28.969989
252004,137,2019-05-02,17,0.4,14.6,04:54,19.3,15:22,7,2.8,9.7,00:50,74,93,21:40,58,,2025-05-07 08:27:29.029232,2025-05-07 08:27:29.029232
252021,137,2019-05-03,17.2,0,14.4,06:23,20,13:42,3,3.1,8.9,13:30,64,88,,53,11:50,2025-05-07 08:27:29.109879,2025-05-07 08:27:29.109879
252038,137,2019-05-04,17.2,0,14.9,05:03,19.5,12:16,35,3.6,9.4,12:30,66,81,04:50,55,12:10,2025-05-07 08:27:29.194147,2025-05-07 08:27:29.194147
252055,137,2019-05-05,16.7,0,14.3,06:10,19.1,12:30,36,5.3,13.6,18:30,65,74,,57,15:20,2025-05-07 08:27:29.281819,2025-05-07 08:27:29.281819
252072,137,2019-05-06,16.6,0,13.8,01:34,19.3,15:10,1,7.2,18.1,14:30,71,79,21:10,62,13:50,2025-05-07 08:27:29.356441,2025-05-07 08:27:29.356441
252089,137,2019-05-07,15.8,0,12.6,06:52,19,15:28,1,5,13.3,01:30,72,81,20:10,66,13:40,2025-05-07 08:27:29.437746,2025-05-07 08:27:29.437746
252106,137,2019-05-08,19.7,0,14.1,00:08,25.3,13:44,9,12.5,22.8,07:30,38,75,00:00,15,04:10,2025-05-07 08:27:29.509542,2025-05-07 08:27:29.509542
252123,137,2019-05-09,19,0,16.2,23:40,21.7,14:12,8,8.1,22.2,07:30,63,80,23:40,52,00:00,2025-05-07 08:27:29.595446,2025-05-07 08:27:29.595446
252140,137,2019-05-10,18.8,0,15.8,06:46,21.7,15:53,8,9.4,25.6,09:30,69,80,03:40,58,11:10,2025-05-07 08:27:29.672408,2025-05-07 08:27:29.672408
252158,137,2019-05-11,19.6,0,15.1,23:46,24.1,10:30,10,5.3,22.5,01:30,69,93,23:59,43,08:10,2025-05-07 08:27:29.738154,2025-05-07 08:27:29.738154
252176,137,2019-05-12,18,0,14.1,06:10,21.9,13:56,1,3.9,10.6,18:00,81,94,,68,14:40,2025-05-07 08:27:29.821521,2025-05-07 08:27:29.821521
252194,137,2019-05-13,18.6,0,14.3,05:20,22.8,23:18,8,3.9,10.8,21:50,81,93,,35,22:00,2025-05-07 08:27:29.889686,2025-05-07 08:27:29.889686
252212,137,2019-05-14,18.1,0,15.3,03:56,20.9,13:46,1,7.2,13.3,16:00,77,92,,66,14:30,2025-05-07 08:27:30.022997,2025-05-07 08:27:30.022997
252230,137,2019-05-15,18.2,0,15,02:08,21.4,15:02,3,6.1,11.1,18:10,78,90,23:50,68,,2025-05-07 08:27:30.197299,2025-05-07 08:27:30.197299
252248,137,2019-05-16,19.1,0,14.7,02:08,23.5,14:59,26,2.8,7.8,16:00,78,95,02:00,64,15:00,2025-05-07 08:27:30.429162,2025-05-07 08:27:30.429162
252266,137,2019-05-17,20.3,0,15.3,03:52,25.3,13:07,99,3.6,11.9,,78,97,05:10,60,13:10,2025-05-07 08:27:30.679464,2025-05-07 08:27:30.679464
252284,137,2019-05-18,18.8,0,15.9,23:52,21.6,05:30,8,8.3,26.1,16:30,67,84,02:50,30,05:30,2025-05-07 08:27:30.866373,2025-05-07 08:27:30.866373
252302,137,2019-05-19,17.6,0,15.6,23:08,19.5,13:30,8,9.4,23.9,06:30,77,87,23:00,67,13:30,2025-05-07 08:27:31.105909,2025-05-07 08:27:31.105909
252320,137,2019-05-20,17.8,0,15.2,03:39,20.4,15:28,10,4.4,11.7,00:50,71,89,02:30,56,16:20,2025-05-07 08:27:31.347089,2025-05-07 08:27:31.347089
252338,137,2019-05-21,17.9,0,15.6,07:46,20.2,13:23,5,4.7,13.9,17:10,69,85,,60,13:20,2025-05-07 08:27:31.589857,2025-05-07 08:27:31.589857
252356,137,2019-05-22,18,0.2,16.1,08:33,19.8,15:10,1,5,11.9,12:20,81,91,17:30,67,15:20,2025-05-07 08:27:31.823430,2025-05-07 08:27:31.823430
252374,137,2019-05-23,18,0,16.1,01:38,19.8,13:26,1,5.6,13.3,12:10,74,87,01:40,68,13:30,2025-05-07 08:27:32.082381,2025-05-07 08:27:32.082381
252392,137,2019-05-24,20.2,0,15.8,04:07,24.6,13:54,8,8.6,19.7,10:20,57,84,05:00,23,23:30,2025-05-07 08:27:32.400319,2025-05-07 08:27:32.400319
252410,137,2019-05-25,19.2,0,16.3,,22.1,01:20,8,6.1,16.7,02:40,79,88,09:00,17,01:30,2025-05-07 08:27:32.632703,2025-05-07 08:27:32.632703
252428,137,2019-05-26,18,0,15.9,05:43,20.2,11:56,2,7.2,16.4,14:00,76,90,,69,11:10,2025-05-07 08:27:32.833208,2025-05-07 08:27:32.833208
252446,137,2019-05-27,18.3,0,15.3,06:03,21.3,14:03,1,5.8,13.3,16:10,79,90,06:10,59,02:20,2025-05-07 08:27:33.037045,2025-05-07 08:27:33.037045
252464,137,2019-05-28,18.7,0,16.3,23:44,21.1,14:29,2,6.9,14.7,12:00,77,88,,66,14:30,2025-05-07 08:27:33.273545,2025-05-07 08:27:33.273545
252482,137,2019-05-29,17.8,0,14.9,05:38,20.8,13:23,1,5.3,12.2,17:00,77,89,07:00,66,14:00,2025-05-07 08:27:33.490351,2025-05-07 08:27:33.490351
252500,137,2019-05-30,18,0,14.5,05:34,21.6,14:35,3,4.4,9.7,00:30,77,88,,66,14:30,2025-05-07 08:27:33.715006,2025-05-07 08:27:33.715006
252518,137,2019-05-31,18.2,0,14.1,06:10,22.2,15:30,36,3.9,9.7,12:40,80,92,07:00,67,15:30,2025-05-07 08:27:33.932240,2025-05-07 08:27:33.932240
252536,137,2019-06-01,19.2,0,14.9,03:15,23.5,12:56,36,3.6,8.3,16:30,80,94,04:40,68,12:50,2025-05-07 08:27:34.205083,2025-05-07 08:27:34.205083
252554,137,2019-06-02,22.8,0,15.2,05:37,30.3,17:57,8,4.2,14.2,21:50,61,99,03:50,12,19:00,2025-05-07 08:27:34.428106,2025-05-07 08:27:34.428106
252572,137,2019-06-03,23.8,0,17.6,01:50,30,15:54,6,6.7,13.3,16:10,43,95,01:10,16,07:10,2025-05-07 08:27:34.669202,2025-05-07 08:27:34.669202
252590,137,2019-06-04,22.7,0,18.1,04:50,27.3,14:17,6,7.5,16.7,09:30,46,79,23:40,19,03:50,2025-05-07 08:27:34.970574,2025-05-07 08:27:34.970574
252608,137,2019-06-05,19.6,0,16.8,23:56,22.5,12:50,2,5.3,13.9,13:30,73,86,20:20,58,12:20,2025-05-07 08:27:35.213511,2025-05-07 08:27:35.213511
252626,137,2019-06-06,18.4,0,16,,20.9,13:00,2,4.7,12.5,14:30,65,83,09:10,53,17:20,2025-05-07 08:27:35.372992,2025-05-07 08:27:35.372992
252644,137,2019-06-07,19.2,0,15.7,06:00,22.6,15:22,9,4.7,12.5,19:00,71,84,,59,16:50,2025-05-07 08:27:35.605977,2025-05-07 08:27:35.605977
252662,137,2019-06-08,19.2,0.2,16.2,23:45,22.2,12:04,2,5.3,13.9,13:30,71,90,08:20,54,15:30,2025-05-07 08:27:35.842113,2025-05-07 08:27:35.842113
252680,137,2019-06-09,18.1,0,15.8,01:38,20.4,15:20,36,5.3,16.1,16:10,64,78,22:30,56,13:30,2025-05-07 08:27:36.133986,2025-05-07 08:27:36.133986
252698,137,2019-06-10,18.4,0,16.1,04:35,20.8,12:57,99,5.8,11.7,,70,84,21:50,57,16:10,2025-05-07 08:27:36.351783,2025-05-07 08:27:36.351783
252716,137,2019-06-11,18,0.8,15.6,06:44,20.5,13:55,9,5,12.5,16:30,78,89,,67,14:20,2025-05-07 08:27:36.616673,2025-05-07 08:27:36.616673
252734,137,2019-06-12,18.9,1.8,15.8,08:36,22,14:40,1,3.3,11.9,08:30,74,96,08:50,56,14:10,2025-05-07 08:27:36.824440,2025-05-07 08:27:36.824440
252752,137,2019-06-13,18.6,0,15.4,02:48,21.9,14:03,35,3.3,10,15:50,61,85,02:40,48,14:00,2025-05-07 08:27:37.018638,2025-05-07 08:27:37.018638
252770,137,2019-06-14,18,0,15.4,01:52,20.7,16:55,9,4.2,12.2,20:40,61,75,04:50,50,17:30,2025-05-07 08:27:37.227532,2025-05-07 08:27:37.227532
252788,137,2019-06-15,17.8,0,15.4,02:26,20.3,12:19,1,3.9,11.1,10:00,71,78,07:10,54,09:30,2025-05-07 08:27:37.468976,2025-05-07 08:27:37.468976
252806,137,2019-06-16,18.6,0,14.4,04:29,22.9,16:32,2,3.6,10.8,12:30,65,84,04:20,59,16:30,2025-05-07 08:27:37.721359,2025-05-07 08:27:37.721359
252824,137,2019-06-17,19.6,0,15.3,05:19,24,14:27,28,1.9,8.1,13:30,67,92,23:59,57,15:20,2025-05-07 08:27:38.010561,2025-05-07 08:27:38.010561
252861,137,2019-06-20,20.7,0,17.4,02:08,24,13:18,36,4.2,10.6,13:40,66,89,00:00,48,11:40,2025-05-07 08:27:38.504859,2025-05-07 08:27:38.504859
252878,137,2019-06-21,19.8,0,17.5,,22.1,14:55,2,5,13.6,15:10,71,87,07:20,61,14:30,2025-05-07 08:27:38.745509,2025-05-07 08:27:38.745509
252896,137,2019-06-22,20,0,16.7,06:13,23.4,14:37,1,5.3,10.6,17:50,68,85,,56,13:00,2025-05-07 08:27:38.993807,2025-05-07 08:27:38.993807
252914,137,2019-06-23,22,0,17.7,04:09,26.4,15:23,29,3.1,7.2,13:40,67,88,05:20,54,15:20,2025-05-07 08:27:39.119196,2025-05-07 08:27:39.119196
252932,137,2019-06-24,21.4,0,18.4,05:06,24.4,17:32,27,2.2,6.9,16:40,77,90,07:20,55,19:10,2025-05-07 08:28:41.990938,2025-05-07 08:28:41.990938
252950,137,2019-06-25,19.6,1,18.2,02:42,20.9,14:28,12,2.2,5.8,05:30,92,97,,82,14:40,2025-05-07 08:28:42.240709,2025-05-07 08:28:42.240709
252968,137,2019-06-26,20.8,0,17.9,05:53,23.6,13:42,36,5.3,11.4,13:30,67,86,00:00,57,11:40,2025-05-07 08:28:42.487810,2025-05-07 08:28:42.487810
252986,137,2019-06-27,20.4,0,17.4,04:50,23.3,13:04,4,4.7,13.6,15:30,66,83,05:40,51,14:00,2025-05-07 08:28:42.727166,2025-05-07 08:28:42.727166
253004,137,2019-06-28,20,0,17.3,06:12,22.8,13:21,1,4.4,11.7,14:00,65,84,04:50,49,11:40,2025-05-07 08:28:42.979583,2025-05-07 08:28:42.979583
253022,137,2019-06-29,20.6,0,17.3,04:41,23.8,12:16,8,4.7,17.2,13:30,56,86,04:20,45,18:00,2025-05-07 08:28:43.229434,2025-05-07 08:28:43.229434
253040,137,2019-06-30,20.3,0,17.6,,23,15:40,2,6.9,17.5,21:10,65,84,,53,14:40,2025-05-07 08:28:43.467254,2025-05-07 08:28:43.467254
253058,137,2019-07-01,19.9,0,17.6,03:43,22.2,14:15,10,9.7,19.4,21:40,68,81,03:10,58,12:50,2025-05-07 08:28:43.674430,2025-05-07 08:28:43.674430
253076,137,2019-07-02,19.6,0,17.6,06:31,21.7,13:32,5,7.8,17.5,15:50,70,85,02:20,62,12:40,2025-05-07 08:28:43.884606,2025-05-07 08:28:43.884606
253094,137,2019-07-03,20,0,17.5,04:39,22.4,14:03,6,5.8,16.9,12:30,66,83,04:10,56,11:30,2025-05-07 08:28:44.098163,2025-05-07 08:28:44.098163
253112,137,2019-07-04,19.6,0,16.9,06:15,22.2,14:45,36,6.1,15.8,15:30,74,89,06:20,63,15:50,2025-05-07 08:28:44.319864,2025-05-07 08:28:44.319864
253130,137,2019-07-05,20.8,0,17.9,05:02,23.6,12:41,9,9.7,22.8,04:30,66,79,05:10,58,02:50,2025-05-07 08:28:44.549461,2025-05-07 08:28:44.549461
253148,137,2019-07-06,21,0,18.2,06:17,23.8,15:05,1,5,12.5,12:30,67,87,06:20,52,15:40,2025-05-07 08:28:44.780860,2025-05-07 08:28:44.780860
253166,137,2019-07-07,20.6,0,18,01:58,23.2,13:41,33,6.1,17.2,14:50,70,84,05:50,62,10:10,2025-05-07 08:28:45.018322,2025-05-07 08:28:45.018322
253184,137,2019-07-08,20.6,0,18,02:07,23.2,14:52,2,6.1,16.9,13:50,68,82,00:40,56,15:30,2025-05-07 08:28:45.241660,2025-05-07 08:28:45.241660
253201,137,2019-07-09,20.4,0,18,06:16,22.9,14:07,36,5.6,13.6,14:10,68,85,01:30,55,12:30,2025-05-07 08:28:45.507591,2025-05-07 08:28:45.507591
253218,137,2019-07-10,20.6,0.2,17.6,05:20,23.7,12:58,9,4.2,10.6,19:40,70,92,05:10,53,12:40,2025-05-07 08:28:45.798397,2025-05-07 08:28:45.798397
253236,137,2019-07-11,20.5,0,17.4,05:08,23.6,15:01,1,3.3,9.7,18:40,71,89,04:40,57,17:20,2025-05-07 08:28:46.022061,2025-05-07 08:28:46.022061
253254,137,2019-07-12,20.8,0,18.2,06:05,23.5,17:26,36,6.9,15.8,15:30,66,79,,43,23:59,2025-05-07 08:28:46.316627,2025-05-07 08:28:46.316627
253272,137,2019-07-13,21.8,0,18.8,04:43,24.7,11:56,36,6.7,16.4,16:30,63,79,21:30,32,02:40,2025-05-07 08:28:46.537689,2025-05-07 08:28:46.537689
253290,137,2019-07-14,21.3,0,18.3,07:14,24.3,14:01,5,7.2,16.1,22:30,79,91,07:10,52,00:20,2025-05-07 08:28:46.832857,2025-05-07 08:28:46.832857
253308,137,2019-07-15,21.9,0,18.9,03:45,24.9,23:34,4,10.6,20,16:30,75,87,00:00,38,23:30,2025-05-07 08:28:47.033537,2025-05-07 08:28:47.033537
253326,137,2019-07-16,21.6,0,18.4,06:33,24.7,23:57,10,8.9,20.3,01:30,72,84,06:30,38,22:40,2025-05-07 08:28:47.233743,2025-05-07 08:28:47.233743
253344,137,2019-07-17,22.2,0,18.4,22:58,26.1,03:12,7,11.1,22.8,11:30,51,79,23:30,28,03:10,2025-05-07 08:28:47.486855,2025-05-07 08:28:47.486855
253362,137,2019-07-18,19.4,0,17.7,,21.2,13:00,8,4.4,13.3,19:30,73,81,23:30,64,,2025-05-07 08:28:47.800958,2025-05-07 08:28:47.800958
253380,137,2019-07-19,20.2,0,18.1,04:43,22.3,12:20,6,3.9,12.5,19:00,71,86,23:10,61,12:20,2025-05-07 08:28:48.095232,2025-05-07 08:28:48.095232
253398,137,2019-07-20,20.4,0,17.9,01:15,23,14:35,9,5.6,22.2,23:30,75,90,07:00,62,14:30,2025-05-07 08:28:48.402856,2025-05-07 08:28:48.402856
253416,137,2019-07-21,22.2,0,18.8,23:36,25.5,15:08,9,7.5,25.3,02:30,64,82,00:30,53,19:10,2025-05-07 08:28:48.676662,2025-05-07 08:28:48.676662
253434,137,2019-07-22,20.4,0,17.7,,23.2,14:26,2,8.9,15.6,09:00,76,86,,66,14:20,2025-05-07 08:28:48.898066,2025-05-07 08:28:48.898066
253452,137,2019-07-23,20.2,0,17.7,05:53,22.8,13:10,36,7.8,18.6,15:30,73,83,,65,13:00,2025-05-07 08:28:49.190256,2025-05-07 08:28:49.190256
253470,137,2019-07-24,23,0,18.1,04:29,27.8,14:28,9,6.4,16.1,23:59,71,81,04:30,23,22:40,2025-05-07 08:28:49.462964,2025-05-07 08:28:49.462964
253488,137,2019-07-25,25.2,0,21.2,22:18,29.3,11:39,7,10.8,22.8,05:30,27,65,22:10,22,19:00,2025-05-07 08:28:49.752869,2025-05-07 08:28:49.752869
253506,137,2019-07-26,25,0,20.1,23:59,29.9,11:30,8,15.8,28.9,05:30,49,80,23:59,22,08:20,2025-05-07 08:28:50.012009,2025-05-07 08:28:50.012009
253524,137,2019-07-27,22.7,0,19,22:04,26.4,12:36,9,8.3,28.3,01:30,60,80,00:00,46,05:40,2025-05-07 08:28:50.234831,2025-05-07 08:28:50.234831
253542,137,2019-07-28,21.1,0,18.9,,23.3,13:43,99,4.7,16.9,00:30,82,92,,70,17:30,2025-05-07 08:28:50.435113,2025-05-07 08:28:50.435113
253560,137,2019-07-29,21,0.8,18.7,04:16,23.3,13:28,35,6.1,14.2,12:40,70,85,22:40,58,13:30,2025-05-07 08:28:50.659548,2025-05-07 08:28:50.659548
253578,137,2019-07-30,19.4,1.2,17.5,10:37,21.4,15:34,2,3.9,12.8,14:40,81,95,10:30,68,15:40,2025-05-07 08:28:50.861790,2025-05-07 08:28:50.861790
253595,137,2019-07-31,20.2,0,17.8,02:33,22.6,14:54,2,4.4,11.9,12:40,68,85,01:20,58,14:30,2025-05-07 08:28:51.067337,2025-05-07 08:28:51.067337
253613,137,2019-08-01,20.4,0,18.1,,22.7,13:57,2,5.8,14.2,11:30,68,79,06:20,60,13:20,2025-05-07 08:28:51.299904,2025-05-07 08:28:51.299904
253631,137,2019-08-02,20.5,0,18.2,02:30,22.8,14:26,36,6.7,15.6,12:30,71,81,06:40,63,12:50,2025-05-07 08:28:51.550942,2025-05-07 08:28:51.550942
253649,137,2019-08-03,20.6,0,18.2,,22.9,14:34,7,5.6,14.2,01:00,70,82,02:40,62,14:50,2025-05-07 08:28:51.794472,2025-05-07 08:28:51.794472
253667,137,2019-08-04,21.3,0,18.2,,24.4,14:27,36,5.3,14.7,12:40,66,81,05:40,57,14:40,2025-05-07 08:28:52.020366,2025-05-07 08:28:52.020366
253685,137,2019-08-05,22,0,19.4,03:08,24.5,14:09,2,5.3,14.4,14:40,71,87,03:40,60,11:30,2025-05-07 08:28:52.257958,2025-05-07 08:28:52.257958
253703,137,2019-08-06,21.9,0,19.2,06:21,24.6,15:55,36,5.6,13.6,10:40,69,83,01:10,61,16:30,2025-05-07 08:28:52.430462,2025-05-07 08:28:52.430462
253721,137,2019-08-07,22,0,18.9,05:08,25.2,16:00,1,8.1,15.8,13:10,73,81,06:40,61,10:40,2025-05-07 08:28:52.533430,2025-05-07 08:28:52.533430
253739,137,2019-08-08,22.6,0,17.7,05:46,27.6,12:39,1,2.2,11.1,01:00,67,86,05:40,57,15:40,2025-05-07 08:28:52.637063,2025-05-07 08:28:52.637063
253757,137,2019-08-09,22.5,0,18.4,06:11,26.6,08:55,2,3.6,9.7,16:10,67,87,01:40,28,07:40,2025-05-07 08:28:52.734420,2025-05-07 08:28:52.734420
253775,137,2019-08-10,26.4,0,21.6,23:08,31.2,09:48,8,10,18.6,12:30,36,83,23:00,13,08:00,2025-05-07 08:28:52.833290,2025-05-07 08:28:52.833290
253792,137,2019-08-11,22,0,19.8,21:13,24.1,11:46,11,8.3,18.9,21:50,73,88,04:30,24,22:50,2025-05-07 08:28:52.927875,2025-05-07 08:28:52.927875
253810,137,2019-08-12,21.6,0,19.6,06:12,23.6,15:38,9,7.2,16.7,23:30,67,77,06:50,22,23:30,2025-05-07 08:28:53.036428,2025-05-07 08:28:53.036428
253828,137,2019-08-13,21,0,18.6,24:00,23.5,,36,6.9,17.5,12:30,66,80,23:50,22,00:00,2025-05-07 08:28:53.125796,2025-05-07 08:28:53.125796
253846,137,2019-08-14,22,0,18.6,00:01,25.3,18:27,8,8.3,19.7,05:30,55,80,00:00,28,05:10,2025-05-07 08:28:53.200552,2025-05-07 08:28:53.200552
253864,137,2019-08-15,25.4,0,20.7,23:59,30.1,22:54,10,8.1,18.1,20:30,58,78,23:59,20,22:50,2025-05-07 08:28:53.268059,2025-05-07 08:28:53.268059
253881,137,2019-08-16,23.7,0,19.2,06:10,28.2,13:06,2,4.2,14.2,18:30,75,89,06:00,57,,2025-05-07 08:28:53.340351,2025-05-07 08:28:53.340351
253898,137,2019-08-17,27.7,0,21.1,03:02,34.3,05:52,8,7.5,20.6,22:30,64,81,03:00,11,22:10,2025-05-07 08:28:53.419122,2025-05-07 08:28:53.419122
253916,137,2019-08-18,32.8,0,27.7,16:57,37.9,12:37,7,9.7,23.6,08:30,9,50,13:40,7,07:10,2025-05-07 08:28:53.507545,2025-05-07 08:28:53.507545
253934,137,2019-08-19,29.1,0,20.8,23:46,37.4,15:58,8,8.6,22.2,03:30,29,74,21:30,8,05:40,2025-05-07 08:28:53.599599,2025-05-07 08:28:53.599599
253952,137,2019-08-20,23.8,0,19.2,03:49,28.4,13:10,9,8.9,16.4,04:30,42,75,03:30,11,01:00,2025-05-07 08:28:53.757507,2025-05-07 08:28:53.757507
253970,137,2019-08-21,21.6,0,19.1,06:44,24.1,00:27,4,6.9,17.8,15:30,72,82,06:40,26,01:00,2025-05-07 08:28:53.993748,2025-05-07 08:28:53.993748
253987,137,2019-08-22,25.1,0,19.2,00:30,31,12:20,9,9.7,19.7,04:30,36,74,00:00,5,19:40,2025-05-07 08:28:54.164788,2025-05-07 08:28:54.164788
254004,137,2019-08-23,25,0,19.7,03:44,30.3,23:27,8,6.7,19.7,23:59,56,87,08:30,5,00:50,2025-05-07 08:28:54.261955,2025-05-07 08:28:54.261955
254022,137,2019-08-24,28.5,0,21.8,04:49,35.2,07:19,8,7.5,23.6,01:30,33,72,11:20,12,01:30,2025-05-07 08:28:54.366372,2025-05-07 08:28:54.366372
254040,137,2019-08-25,28,0,21.9,19:03,34.1,03:52,12,6.9,23.9,23:30,51,82,17:10,17,03:10,2025-05-07 08:28:54.465129,2025-05-07 08:28:54.465129
254058,137,2019-08-26,26.8,0,20.4,04:17,33.1,15:07,8,6.1,19.4,20:30,54,89,02:50,14,01:00,2025-05-07 08:28:54.563158,2025-05-07 08:28:54.563158
254076,137,2019-08-27,25.4,0,20,23:58,30.8,10:18,11,8.9,22.2,14:30,49,80,18:00,25,09:40,2025-05-07 08:28:54.662209,2025-05-07 08:28:54.662209
254094,137,2019-08-28,23.8,0,19.3,00:55,28.2,09:58,9,8.9,16.7,08:10,64,80,19:20,36,09:40,2025-05-07 08:28:54.731409,2025-05-07 08:28:54.731409
254112,137,2019-08-29,23.4,0,19.5,06:54,27.2,,99,5.8,17.5,,70,78,11:20,18,07:50,2025-05-07 08:28:54.803922,2025-05-07 08:28:54.803922
254130,137,2019-08-30,23.6,0,19,06:59,28.2,01:46,8,5,17.5,01:30,75,81,,20,00:50,2025-05-07 08:28:54.888796,2025-05-07 08:28:54.888796
254147,137,2019-08-31,24.2,0,19.3,05:01,29.1,10:42,10,4.4,16.1,23:59,63,80,23:20,38,10:30,2025-05-07 08:28:55.036701,2025-05-07 08:28:55.036701
254164,137,2019-09-01,22.2,0,19.1,05:46,25.4,13:23,9,10.8,21.9,14:50,62,80,05:40,53,15:20,2025-05-07 08:28:55.267810,2025-05-07 08:28:55.267810
254182,137,2019-09-02,20.6,0,18.6,05:39,22.5,,10,8.9,20,02:20,64,84,04:20,58,18:00,2025-05-07 08:28:55.506687,2025-05-07 08:28:55.506687
254200,137,2019-09-03,21.2,0,18.9,02:14,23.5,,7,5,14.2,01:50,68,75,02:40,59,23:00,2025-05-07 08:28:55.764822,2025-05-07 08:28:55.764822
254218,137,2019-09-04,21.2,0,18.7,,23.7,13:08,2,5.8,13.3,14:30,67,81,07:40,52,13:10,2025-05-07 08:28:56.056216,2025-05-07 08:28:56.056216
254235,137,2019-09-05,22,0,19,00:15,25.1,13:59,10,3.9,9.7,01:30,66,86,23:10,49,14:00,2025-05-07 08:28:56.288566,2025-05-07 08:28:56.288566
254252,137,2019-09-06,21.8,0,19.6,06:34,23.9,12:25,8,3.9,9.2,07:10,79,86,06:40,69,12:10,2025-05-07 08:28:56.595127,2025-05-07 08:28:56.595127
254270,137,2019-09-07,21.7,0,19.1,05:02,24.3,14:13,36,3.9,9.2,12:30,65,83,05:00,56,13:00,2025-05-07 08:28:56.849994,2025-05-07 08:28:56.849994
254288,137,2019-09-08,21.4,0,19.2,02:15,23.5,12:43,35,3.6,11.9,14:30,77,86,10:20,71,08:10,2025-05-07 08:28:57.082928,2025-05-07 08:28:57.082928
254306,137,2019-09-09,23.3,0,18.7,02:58,27.9,11:49,8,7.2,20.3,10:30,47,83,02:50,28,,2025-05-07 08:28:57.323927,2025-05-07 08:28:57.323927
254324,137,2019-09-10,24.1,0,19.6,23:46,28.6,12:04,9,7.8,19.2,20:30,49,76,23:50,24,05:30,2025-05-07 08:28:57.582231,2025-05-07 08:28:57.582231
254342,137,2019-09-11,21.2,0,18.8,22:53,23.6,14:30,4,5.6,15.3,10:30,68,80,22:50,58,12:40,2025-05-07 08:28:57.816552,2025-05-07 08:28:57.816552
254360,137,2019-09-12,20.4,0,18.1,05:58,22.6,14:51,2,5.6,12.5,14:30,73,81,04:40,63,,2025-05-07 08:28:58.044161,2025-05-07 08:28:58.044161
254378,137,2019-09-13,21.4,0,19,07:39,23.8,12:27,1,5.8,13.9,11:30,70,83,04:00,62,00:30,2025-05-07 08:28:58.237083,2025-05-07 08:28:58.237083
254396,137,2019-09-14,22.9,0,19.2,00:01,26.6,12:04,9,6.1,14.2,23:10,60,81,19:20,36,07:00,2025-05-07 08:28:58.432374,2025-05-07 08:28:58.432374
254414,137,2019-09-15,23.8,0.2,17.4,05:05,30.1,13:43,35,3.9,12.5,13:10,65,87,05:00,44,13:40,2025-05-07 08:28:58.668674,2025-05-07 08:28:58.668674
254432,137,2019-09-16,26.2,1.6,20.1,06:51,32.4,09:19,27,3.3,11.7,05:50,84,96,15:20,32,09:10,2025-05-07 08:28:58.888406,2025-05-07 08:28:58.888406
254450,137,2019-09-17,21.2,0,18.2,23:18,24.3,12:42,2,5,14.4,15:30,75,92,02:40,69,,2025-05-07 08:28:59.117076,2025-05-07 08:28:59.117076
254467,137,2019-09-18,22.3,0,17.7,06:42,26.9,15:13,1,3.9,12.8,10:40,67,90,,56,15:10,2025-05-07 08:28:59.321491,2025-05-07 08:28:59.321491
254485,137,2019-09-19,21.6,0,17.9,01:22,25.4,11:38,8,9.7,18.1,07:30,59,85,01:00,43,18:20,2025-05-07 08:28:59.647108,2025-05-07 08:28:59.647108
254503,137,2019-09-20,22.6,0,19,23:46,26.1,17:48,5,6.1,13.9,01:40,62,77,11:00,48,03:40,2025-05-07 08:28:59.881486,2025-05-07 08:28:59.881486
254521,137,2019-09-21,21.8,0,18,02:13,25.5,14:26,2,3.1,9.2,15:30,68,85,22:50,59,,2025-05-07 08:29:00.140785,2025-05-07 08:29:00.140785
254539,137,2019-09-22,22.8,0.8,18.9,05:50,26.6,12:42,36,5.6,13.6,12:50,70,94,20:10,62,12:40,2025-05-07 08:29:00.387827,2025-05-07 08:29:00.387827
254557,137,2019-09-23,21.4,0.2,19.1,07:33,23.6,13:15,8,7.2,21.1,22:50,72,90,00:00,61,15:30,2025-05-07 08:29:00.668515,2025-05-07 08:29:00.668515
254575,137,2019-09-24,21,0,18.9,05:56,23.2,15:13,9,6.4,20.8,03:30,72,85,05:40,64,13:50,2025-05-07 08:29:00.878128,2025-05-07 08:29:00.878128
254593,137,2019-09-25,21.5,0,18.9,03:49,24.1,14:28,9,7.2,22.2,22:30,73,80,03:20,32,23:59,2025-05-07 08:29:01.053618,2025-05-07 08:29:01.053618
254611,137,2019-09-26,22.5,0,19.8,05:59,25.2,14:31,9,10.3,20.6,04:00,70,78,06:00,31,00:00,2025-05-07 08:29:01.284023,2025-05-07 08:29:01.284023
254629,137,2019-09-27,21.6,0,19.3,22:48,24,10:33,9,7.8,18.9,08:30,69,81,,62,10:30,2025-05-07 08:29:01.559363,2025-05-07 08:29:01.559363
254647,137,2019-09-28,21.8,0,18.3,06:00,25.2,11:19,36,4.7,13.3,12:30,72,83,,60,10:00,2025-05-07 08:29:01.845883,2025-05-07 08:29:01.845883
254664,137,2019-09-29,23,0,17.9,03:45,28.2,13:53,2,2.5,15.8,23:30,73,89,22:30,56,13:50,2025-05-07 08:29:02.069410,2025-05-07 08:29:02.069410
254681,137,2019-09-30,24.8,0,18.7,06:55,30.8,02:29,9,6.1,17.5,23:59,78,92,07:00,18,02:30,2025-05-07 08:29:02.253579,2025-05-07 08:29:02.253579
254699,137,2019-10-01,28.6,0,21.8,23:59,35.5,09:55,9,6.7,21.7,00:30,46,77,11:00,14,,2025-05-07 08:29:02.535924,2025-05-07 08:29:02.535924
254717,137,2019-10-02,27.6,0,20.1,01:10,35.2,17:51,9,6.1,19.4,06:20,27,87,01:10,9,21:00,2025-05-07 08:29:02.810858,2025-05-07 08:29:02.810858
254735,137,2019-10-03,25.8,0,20.5,22:07,31.1,12:49,9,7.8,19.7,05:30,30,76,22:00,9,00:50,2025-05-07 08:29:03.054934,2025-05-07 08:29:03.054934
254753,137,2019-10-04,23.4,0,19.4,22:17,27.3,00:10,2,9.4,19.7,15:30,66,80,,26,00:10,2025-05-07 08:29:03.364459,2025-05-07 08:29:03.364459
254771,137,2019-10-05,22,0,19.8,00:20,24.1,13:23,9,6.7,23.9,02:30,75,81,08:50,66,00:50,2025-05-07 08:29:03.669851,2025-05-07 08:29:03.669851
254789,137,2019-10-06,21.6,0,19.2,02:36,24,14:44,8,9.2,19.2,18:30,73,85,02:40,54,23:40,2025-05-07 08:29:03.985574,2025-05-07 08:29:03.985574
254807,137,2019-10-07,20.9,0,18.2,23:57,23.6,15:34,8,5.3,12.2,02:30,71,83,23:50,42,03:00,2025-05-07 08:29:04.191330,2025-05-07 08:29:04.191330
254825,137,2019-10-08,20.4,0,17.4,06:44,23.4,11:47,2,4.2,13.9,15:50,74,83,00:00,65,09:40,2025-05-07 08:29:04.385413,2025-05-07 08:29:04.385413
254843,137,2019-10-09,20.5,0,18.2,04:07,22.8,11:31,36,7.8,16.1,14:30,68,81,,53,08:40,2025-05-07 08:29:04.606841,2025-05-07 08:29:04.606841
254861,137,2019-10-10,21.2,0,19.1,04:50,23.4,14:33,9,6.1,16.4,02:30,70,84,20:30,57,15:10,2025-05-07 08:29:04.824057,2025-05-07 08:29:04.824057
254878,137,2019-10-11,20.6,0,17.7,04:05,23.6,12:55,34,3.9,10.3,12:50,64,79,21:10,53,13:00,2025-05-07 08:29:05.096135,2025-05-07 08:29:05.096135
254896,137,2019-10-12,21,0,18.6,,23.4,14:46,2,4.7,11.7,11:20,72,83,,60,13:30,2025-05-07 08:29:05.382890,2025-05-07 08:29:05.382890
254914,137,2019-10-13,20.4,0,16.8,04:39,23.9,13:35,99,2.5,7.5,,62,77,03:40,53,16:50,2025-05-07 08:29:05.617471,2025-05-07 08:29:05.617471
254932,137,2019-10-14,20,0,18.1,06:19,21.8,13:48,9,5.6,17.5,21:30,72,89,06:20,48,20:40,2025-05-07 08:29:05.852628,2025-05-07 08:29:05.852628
254950,137,2019-10-15,20,0,18,07:38,22.1,11:51,10,10,20.6,18:30,71,78,06:40,64,11:10,2025-05-07 08:29:06.094644,2025-05-07 08:29:06.094644
254968,137,2019-10-16,19.6,0,18.4,,20.8,11:26,8,8.1,17.2,08:30,71,82,23:59,67,19:10,2025-05-07 08:29:06.325425,2025-05-07 08:29:06.325425
254986,137,2019-10-17,19.8,0,17.7,06:49,22,14:48,6,8.6,17.5,16:30,67,82,00:00,53,,2025-05-07 08:29:06.554024,2025-05-07 08:29:06.554024
255004,137,2019-10-18,19.8,0,17.5,00:49,22.1,14:10,2,5.8,13.1,15:30,71,83,07:50,62,12:50,2025-05-07 08:29:06.803017,2025-05-07 08:29:06.803017
255022,137,2019-10-19,20.5,0,18.5,,22.5,14:42,3,6.1,12.8,15:40,72,84,06:00,61,16:40,2025-05-07 08:29:07.040922,2025-05-07 08:29:07.040922
255040,137,2019-10-20,20.5,2.4,17.7,23:51,23.3,11:03,6,5,12.5,15:50,81,92,15:30,62,10:50,2025-05-07 08:29:07.295100,2025-05-07 08:29:07.295100
255058,137,2019-10-21,18.6,1.8,16.8,03:49,20.3,14:28,2,4.7,12.8,14:30,68,82,,60,13:50,2025-05-07 08:29:07.532648,2025-05-07 08:29:07.532648
255076,137,2019-10-22,17.5,4.4,15.3,04:58,19.7,13:40,36,3.6,11.1,00:20,68,86,05:10,55,14:30,2025-05-07 08:29:07.804939,2025-05-07 08:29:07.804939
255094,137,2019-10-23,17.6,1.2,15,04:58,20.2,13:17,9,4.2,12.2,16:00,74,93,04:50,61,13:00,2025-05-07 08:29:08.078736,2025-05-07 08:29:08.078736
255112,137,2019-10-24,18.8,0,15.4,05:46,22.1,09:26,4,2.8,10,00:30,68,82,23:59,58,11:20,2025-05-07 08:29:08.356807,2025-05-07 08:29:08.356807
255130,137,2019-10-25,20.1,0,16.1,01:39,24.1,12:22,16,1.1,4.7,20:20,57,82,00:00,36,15:30,2025-05-07 08:29:08.569493,2025-05-07 08:29:08.569493
255148,137,2019-10-26,24.6,0.4,19.7,08:44,29.4,11:21,6,1.4,14.7,21:30,60,89,08:40,36,05:50,2025-05-07 08:29:08.806395,2025-05-07 08:29:08.806395
255166,137,2019-10-27,26.2,0,24.1,07:55,28.4,17:47,2,2.5,7.2,12:40,57,66,10:20,47,17:50,2025-05-07 08:29:09.018216,2025-05-07 08:29:09.018216
255184,137,2019-10-28,25.4,0,22.4,06:01,28.3,14:40,99,0.8,4.7,,55,70,09:10,50,,2025-05-07 08:29:09.286583,2025-05-07 08:29:09.286583
255202,137,2019-10-29,25,0,22.3,19:08,27.8,11:30,29,1.7,3.9,14:50,58,80,19:10,50,13:00,2025-05-07 08:29:09.564696,2025-05-07 08:29:09.564696
255220,137,2019-10-30,26.6,0,23.3,23:51,29.8,12:37,10,4.7,16.4,23:20,45,56,23:59,31,16:30,2025-05-07 08:29:09.785844,2025-05-07 08:29:09.785844
255238,137,2019-10-31,22.3,0,20.1,21:11,24.5,11:17,6,9.2,18.9,20:40,65,81,,53,01:50,2025-05-07 08:29:10.017869,2025-05-07 08:29:10.017869
255256,137,2019-11-01,22.2,0,19.3,08:49,25,17:05,7,7.8,16.9,11:20,75,88,08:50,54,17:00,2025-05-07 08:29:10.260537,2025-05-07 08:29:10.260537
255274,137,2019-11-02,24,0,19.8,00:57,28.3,14:24,2,5.6,17.8,14:40,54,83,01:00,35,18:00,2025-05-07 08:29:10.522372,2025-05-07 08:29:10.522372
255291,137,2019-11-03,22.4,0,19,23:54,25.7,01:44,10,4.7,12.8,01:30,64,79,22:40,34,01:40,2025-05-07 08:29:10.746243,2025-05-07 08:29:10.746243
255308,137,2019-11-04,19.5,0.2,17.6,07:54,21.4,14:59,7,4.7,13.9,15:50,72,90,07:50,61,15:00,2025-05-07 08:29:10.956601,2025-05-07 08:29:10.956601
255326,137,2019-11-05,19.4,10,16.8,20:42,21.9,13:22,6,3.9,15.3,20:20,80,96,,63,14:40,2025-05-07 08:29:11.162789,2025-05-07 08:29:11.162789
255344,137,2019-11-06,17.2,2.2,16.1,11:13,18.4,12:27,7,4.4,13.6,23:50,76,90,21:00,65,09:50,2025-05-07 08:29:11.359208,2025-05-07 08:29:11.359208
255362,137,2019-11-07,18,2.4,16.3,01:29,19.6,14:09,6,6.1,15.8,20:30,77,89,23:20,71,06:20,2025-05-07 08:29:11.588146,2025-05-07 08:29:11.588146
255380,137,2019-11-08,18,2.4,16.7,21:23,19.2,10:12,7,5.6,16.4,20:30,82,90,14:40,66,22:40,2025-05-07 08:29:11.772386,2025-05-07 08:29:11.772386
255398,137,2019-11-09,17.1,3,15.6,08:19,18.6,15:29,7,7.2,16.7,14:30,74,88,08:20,63,15:30,2025-05-07 08:29:11.996233,2025-05-07 08:29:11.996233
255416,137,2019-11-10,17.8,1.2,16.2,05:34,19.5,14:26,3,6.9,16.7,13:30,75,89,19:20,63,14:00,2025-05-07 08:29:12.204419,2025-05-07 08:29:12.204419
255434,137,2019-11-11,17.8,1.4,16.5,07:11,19.2,11:34,7,6.7,17.8,15:50,79,89,15:30,70,11:30,2025-05-07 08:29:12.468865,2025-05-07 08:29:12.468865
255452,137,2019-11-12,18,4.6,16.8,22:22,19.1,11:53,7,6.7,17.2,23:50,88,92,,78,,2025-05-07 08:29:12.706700,2025-05-07 08:29:12.706700
255470,137,2019-11-13,18,0,16.7,23:59,19.4,14:00,8,6.1,16.1,01:50,78,85,06:40,69,12:00,2025-05-07 08:29:12.897055,2025-05-07 08:29:12.897055
255488,137,2019-11-14,17.9,0.8,16.6,04:07,19.2,11:26,6,5,15.3,23:59,77,87,19:10,68,10:30,2025-05-07 08:29:13.135027,2025-05-07 08:29:13.135027
255506,137,2019-11-15,16.2,5.8,14.7,07:13,17.7,15:08,99,6.7,15.3,,82,95,07:20,67,15:00,2025-05-07 08:29:13.347219,2025-05-07 08:29:13.347219
255524,137,2019-11-16,15.8,2.4,13.9,03:31,17.6,12:48,9,5,16.4,10:30,72,90,00:30,59,13:20,2025-05-07 08:29:13.545706,2025-05-07 08:29:13.545706
255542,137,2019-11-17,15.6,0.8,13.9,06:54,17.2,12:48,99,4.7,12.2,,75,86,,60,12:50,2025-05-07 08:29:13.751584,2025-05-07 08:29:13.751584
255560,137,2019-11-18,16.9,0,14.6,01:31,19.2,14:39,3,6.4,14.4,13:30,67,80,20:20,56,14:00,2025-05-07 08:29:13.956485,2025-05-07 08:29:13.956485
255578,137,2019-11-19,16.7,0.8,14.9,05:53,18.5,15:46,8,1.7,7.5,02:30,86,91,10:00,75,00:00,2025-05-07 08:29:14.189035,2025-05-07 08:29:14.189035
255596,137,2019-11-20,17.4,0,14.7,07:33,20.1,11:25,27,2.8,8.1,12:30,77,90,,59,11:20,2025-05-07 08:29:14.413722,2025-05-07 08:29:14.413722
255614,137,2019-11-21,17.9,0,15.5,01:05,20.3,11:26,26,1.9,6.7,14:30,83,89,23:59,72,11:00,2025-05-07 08:29:14.611736,2025-05-07 08:29:14.611736
255632,137,2019-11-22,19,0.8,16.1,01:57,21.9,15:35,36,1.7,7.5,12:30,82,98,08:40,70,15:20,2025-05-07 08:29:14.821091,2025-05-07 08:29:14.821091
255650,137,2019-11-23,18.4,3,17.2,07:38,19.7,11:44,7,3.3,10,22:00,91,96,,75,,2025-05-07 08:29:15.091292,2025-05-07 08:29:15.091292
255668,137,2019-11-24,18,0.6,16.3,07:52,19.7,13:48,8,3.9,19.4,23:59,78,93,07:20,69,13:40,2025-05-07 08:29:15.276406,2025-05-07 08:29:15.276406
255685,137,2019-11-25,17.4,0,15.5,03:35,19.4,13:26,9,5.8,21.1,00:40,75,83,22:50,69,10:50,2025-05-07 08:29:15.494697,2025-05-07 08:29:15.494697
255702,137,2019-11-26,17.4,0,15.1,07:48,19.6,10:20,10,6.1,20,02:30,79,86,,70,10:10,2025-05-07 08:29:15.713131,2025-05-07 08:29:15.713131
255720,137,2019-11-27,19.4,0,16.4,00:34,22.3,13:44,9,5,20.6,03:30,74,86,,63,11:30,2025-05-07 08:29:15.947901,2025-05-07 08:29:15.947901
255738,137,2019-11-28,19.4,,14.7,07:55,24.2,23:29,9,1.9,16.7,00:10,80,89,18:40,30,23:30,2025-05-07 08:29:16.186308,2025-05-07 08:29:16.186308
255824,137,2019-12-03,,0,,,,,0,3.6,,,70,,,,,2025-05-07 08:29:17.290116,2025-05-07 08:29:17.290116
255842,137,2019-12-04,16.9,24.4,14.6,05:31,19.2,14:37,34,2.8,9.7,16:50,78,87,12:20,57,14:40,2025-05-07 08:29:17.505912,2025-05-07 08:29:17.505912
255860,137,2019-12-05,14.4,11.4,12.5,18:30,16.4,00:01,36,5,15.8,18:30,75,99,,71,07:10,2025-05-07 08:29:17.704708,2025-05-07 08:29:17.704708
255878,137,2019-12-06,15,3.8,13.3,03:05,16.8,13:10,3,5.8,12.5,10:20,77,95,,74,13:40,2025-05-07 08:29:17.923784,2025-05-07 08:29:17.923784
255896,137,2019-12-07,15.8,0.4,14.2,08:14,17.3,14:28,6,5,13.6,19:30,82,92,08:10,77,13:30,2025-05-07 08:29:18.139806,2025-05-07 08:29:18.139806
255914,137,2019-12-08,16.2,0.2,15,07:37,17.3,15:02,5,6.1,15,00:10,78,86,00:10,71,14:10,2025-05-07 08:29:18.346478,2025-05-07 08:29:18.346478
255931,137,2019-12-09,16.2,0,14.4,23:58,18,14:03,8,5.8,16.4,18:30,79,84,07:50,70,18:30,2025-05-07 08:29:18.569655,2025-05-07 08:29:18.569655
255948,137,2019-12-10,17.2,0,14.1,06:21,20.2,12:57,9,6.9,18.6,05:30,72,81,,49,06:10,2025-05-07 08:29:18.791452,2025-05-07 08:29:18.791452
255966,137,2019-12-11,16.9,0,15.3,21:37,18.5,11:15,8,10,21.7,10:30,75,81,00:00,64,10:50,2025-05-07 08:29:19.000845,2025-05-07 08:29:19.000845
255984,137,2019-12-12,16.4,1.4,14.5,23:50,18.2,12:30,6,7.2,21.7,04:20,77,90,17:20,67,09:20,2025-05-07 08:29:19.232552,2025-05-07 08:29:19.232552
256002,137,2019-12-13,15.8,0,14.1,,17.4,14:28,4,5.3,15.3,12:30,71,78,,64,14:10,2025-05-07 08:29:19.463339,2025-05-07 08:29:19.463339
256020,137,2019-12-14,16.6,0,15.1,02:17,18.2,10:32,4,3.6,14.2,02:00,78,88,19:50,67,10:20,2025-05-07 08:29:19.679939,2025-05-07 08:29:19.679939
256038,137,2019-12-15,16.1,0,13.8,07:21,18.4,14:47,99,1.1,5.8,,79,91,19:20,65,11:40,2025-05-07 08:29:19.903341,2025-05-07 08:29:19.903341
256056,137,2019-12-16,16,1.2,13.3,23:58,18.7,14:24,33,4.4,15,18:10,66,93,23:59,54,14:10,2025-05-07 08:29:20.124765,2025-05-07 08:29:20.124765
256074,137,2019-12-17,15.6,0,12.8,00:06,18.3,14:16,36,2.5,8.9,01:40,77,93,00:00,67,,2025-05-07 08:29:20.349557,2025-05-07 08:29:20.349557
256092,137,2019-12-18,16.1,0,13.6,,18.6,11:07,28,2.5,8.1,12:40,81,91,19:40,65,00:20,2025-05-07 08:29:20.557864,2025-05-07 08:29:20.557864
256110,137,2019-12-19,16.4,0,13.7,03:48,19.1,13:34,28,2.2,7.2,14:20,81,94,19:40,60,23:59,2025-05-07 08:29:20.775371,2025-05-07 08:29:20.775371
256128,137,2019-12-20,16.6,0,13.9,06:08,19.4,16:04,13,1.7,5,01:40,85,96,20:10,47,00:30,2025-05-07 08:29:20.989319,2025-05-07 08:29:20.989319
256146,137,2019-12-21,17.1,0,14.2,07:18,20,14:28,5,2.8,13.6,23:20,76,90,07:20,63,14:30,2025-05-07 08:29:21.187632,2025-05-07 08:29:21.187632
256164,137,2019-12-22,18,0,15.4,,20.7,12:44,6,6.1,21.7,21:40,75,87,20:20,66,10:10,2025-05-07 08:30:23.830202,2025-05-07 08:30:23.830202
256182,137,2019-12-23,17.6,0,14.7,04:57,20.6,13:14,11,0.8,18.3,00:10,79,89,03:50,31,20:40,2025-05-07 08:30:23.934905,2025-05-07 08:30:23.934905
256200,137,2019-12-24,21,0,17.1,00:01,24.9,16:17,31,1.7,5,16:40,33,45,00:00,21,23:59,2025-05-07 08:30:24.013302,2025-05-07 08:30:24.013302
256218,137,2019-12-25,22.2,0,18.4,19:39,26,11:29,8,1.4,10.3,21:40,43,76,17:20,20,00:10,2025-05-07 08:30:24.078086,2025-05-07 08:30:24.078086
256236,137,2019-12-26,20.5,0,16.9,18:47,24.1,13:37,14,4.4,15.6,06:50,38,63,18:40,20,13:30,2025-05-07 08:30:24.158165,2025-05-07 08:30:24.158165
256254,137,2019-12-27,21,0,17.1,03:22,24.8,12:59,12,1.4,5,01:30,30,47,17:40,22,11:00,2025-05-07 08:30:24.257567,2025-05-07 08:30:24.257567
256272,137,2019-12-28,20.2,0,17.3,20:44,23.2,10:43,14,1.9,3.9,06:50,38,53,,22,07:40,2025-05-07 08:30:24.340493,2025-05-07 08:30:24.340493
256290,137,2019-12-29,20.6,0,17.7,21:27,23.6,14:26,14,2.2,4.7,,25,39,00:00,20,06:20,2025-05-07 08:30:24.415641,2025-05-07 08:30:24.415641
256317,137,2019-12-31,17.2,0,13.8,22:41,20.5,00:40,9,1.7,6.4,00:10,52,82,20:00,12,,2025-05-07 08:30:24.543973,2025-05-07 08:30:24.543973
256335,137,2020-01-01,16.8,0,13.5,22:46,20,14:36,99,1.9,5.8,,48,72,22:40,40,15:50,2025-05-07 08:30:24.626151,2025-05-07 08:30:24.626151
256353,137,2020-01-02,15.6,0,12.8,23:19,18.5,14:26,28,1.4,6.4,13:30,46,71,00:40,38,04:50,2025-05-07 08:30:24.706651,2025-05-07 08:30:24.706651
256371,137,2020-01-03,15.8,0,12.8,06:14,18.9,15:14,28,2.5,6.4,15:20,45,65,20:30,26,04:20,2025-05-07 08:30:24.797883,2025-05-07 08:30:24.797883
256389,137,2020-01-04,16.5,0,13.6,01:06,19.4,15:16,8,2.5,17.2,23:50,42,72,23:00,27,,2025-05-07 08:30:24.894777,2025-05-07 08:30:24.894777
256407,137,2020-01-05,16,0,14,05:17,18,12:49,8,7.5,23.9,00:30,68,77,18:20,58,11:40,2025-05-07 08:30:24.991580,2025-05-07 08:30:24.991580
256425,137,2020-01-06,15.4,0.2,14,09:33,16.7,12:56,2,4.7,13.6,21:10,66,84,,56,07:30,2025-05-07 08:30:25.047676,2025-05-07 08:30:25.047676
256443,137,2020-01-07,15.2,0,13.5,08:08,16.8,14:27,36,4.7,13.9,00:30,72,84,05:10,63,12:20,2025-05-07 08:30:25.129207,2025-05-07 08:30:25.129207
256461,137,2020-01-08,15.4,0,13.7,,17.2,14:32,7,4.7,10.6,03:30,74,80,00:40,56,15:20,2025-05-07 08:30:25.213190,2025-05-07 08:30:25.213190
256479,137,2020-01-09,15,0.2,13.7,03:40,16.4,16:06,8,4.2,12.5,21:00,74,78,,66,21:10,2025-05-07 08:30:25.315614,2025-05-07 08:30:25.315614
256497,137,2020-01-10,15.7,2,14.4,08:41,17,14:04,9,5.8,13.3,02:40,85,90,08:40,70,,2025-05-07 08:30:25.418450,2025-05-07 08:30:25.418450
256515,137,2020-01-11,14.7,0.8,13.1,21:15,16.3,12:25,9,3.3,14.7,21:30,79,88,,70,09:50,2025-05-07 08:30:25.521665,2025-05-07 08:30:25.521665
256533,137,2020-01-12,16.6,0,13.4,21:31,19.8,15:00,4,4.2,15.8,12:00,68,84,04:20,36,23:30,2025-05-07 08:30:25.624451,2025-05-07 08:30:25.624451
256551,137,2020-01-13,17.1,0,14.2,06:06,20,12:34,13,2.5,13.3,02:20,45,75,19:00,29,22:20,2025-05-07 08:30:25.704342,2025-05-07 08:30:25.704342
256569,137,2020-01-14,16.2,0,13.1,23:42,19.4,14:46,15,2.8,10,08:30,38,70,23:59,28,09:50,2025-05-07 08:30:25.795204,2025-05-07 08:30:25.795204
256587,137,2020-01-15,16,0,12.9,,19.1,14:17,30,2.5,6.9,12:40,43,70,00:00,30,11:40,2025-05-07 08:30:25.881665,2025-05-07 08:30:25.881665
256605,137,2020-01-16,16.1,0,12.5,01:00,19.7,15:10,9,2.8,8.1,23:50,43,67,01:20,25,10:20,2025-05-07 08:30:25.961105,2025-05-07 08:30:25.961105
256622,137,2020-01-17,16.5,0,13.2,05:49,19.8,16:00,10,2.2,13.9,01:30,40,65,22:20,24,04:20,2025-05-07 08:30:26.025249,2025-05-07 08:30:26.025249
256639,137,2020-01-18,17.8,0,14.9,08:23,20.8,15:26,8,1.9,10.3,21:30,32,47,18:50,7,22:50,2025-05-07 08:30:26.084577,2025-05-07 08:30:26.084577
256657,137,2020-01-19,18.4,0.4,15,00:55,21.9,14:04,8,4.2,22.5,20:30,36,81,23:59,16,09:40,2025-05-07 08:30:26.154063,2025-05-07 08:30:26.154063
256674,137,2020-01-20,14.2,0.2,12.3,23:42,16,13:11,5,3.6,10.3,00:30,70,91,00:50,61,21:50,2025-05-07 08:30:26.251340,2025-05-07 08:30:26.251340
256692,137,2020-01-21,12.8,0.2,10.8,23:45,14.9,12:53,8,1.7,9.2,00:20,65,86,00:00,56,13:30,2025-05-07 08:30:26.360707,2025-05-07 08:30:26.360707
256709,137,2020-01-22,14,0,10.7,04:55,17.4,15:12,29,2.8,7.2,13:10,65,80,00:10,38,10:40,2025-05-07 08:30:26.445309,2025-05-07 08:30:26.445309
256727,137,2020-01-23,14.7,0,12.2,,17.2,11:44,9,3.1,8.9,19:30,63,77,23:50,56,01:00,2025-05-07 08:30:26.538455,2025-05-07 08:30:26.538455
256744,137,2020-01-24,15.5,0,12.1,02:57,18.9,15:54,26,2.5,7.2,16:00,60,80,,45,16:00,2025-05-07 08:30:26.641326,2025-05-07 08:30:26.641326
256762,137,2020-01-25,15.1,0,12.7,02:28,17.5,12:04,4,2.2,6.1,15:30,72,86,07:40,56,14:00,2025-05-07 08:30:26.745648,2025-05-07 08:30:26.745648
256780,137,2020-01-26,14.8,0,12.6,00:16,17.1,11:43,2,6.1,12.5,16:30,71,78,00:00,53,23:59,2025-05-07 08:30:26.823608,2025-05-07 08:30:26.823608
256798,137,2020-01-27,15.6,0,12.8,07:52,18.4,13:15,8,5.8,17.2,23:30,67,76,,52,00:00,2025-05-07 08:30:26.898881,2025-05-07 08:30:26.898881
256816,137,2020-01-28,17.4,0,12.9,04:59,21.9,16:21,9,1.7,16.4,00:10,47,72,00:00,30,15:40,2025-05-07 08:30:26.983423,2025-05-07 08:30:26.983423
256834,137,2020-01-29,20.1,0,15.8,03:47,24.4,16:29,32,2.2,3.9,13:50,32,46,17:40,17,14:00,2025-05-07 08:30:27.067778,2025-05-07 08:30:27.067778
256852,137,2020-01-30,21.8,0,18.2,23:35,25.4,10:54,33,1.7,4.7,14:30,40,52,19:20,21,10:40,2025-05-07 08:30:27.174930,2025-05-07 08:30:27.174930
256870,137,2020-01-31,21.2,0,18.1,00:56,24.4,14:29,13,1.7,5.8,23:59,25,40,20:10,18,11:10,2025-05-07 08:30:27.276678,2025-05-07 08:30:27.276678
256888,137,2020-02-01,22.1,0,19.5,04:37,24.7,14:44,4,3.9,17.2,15:10,31,45,11:20,23,,2025-05-07 08:30:27.359061,2025-05-07 08:30:27.359061
256906,137,2020-02-02,20.9,0,17.3,02:51,24.5,14:22,7,1.4,13.9,00:10,25,49,19:00,15,03:50,2025-05-07 08:30:27.454017,2025-05-07 08:30:27.454017
256924,137,2020-02-03,22.9,0,19.8,20:48,26,15:21,13,2.5,7.5,06:30,21,31,18:30,15,03:50,2025-05-07 08:30:27.526793,2025-05-07 08:30:27.526793
256942,137,2020-02-04,22.7,0,19.8,21:33,25.6,13:38,19,1.7,11.4,06:00,30,50,18:20,19,00:50,2025-05-07 08:30:27.620544,2025-05-07 08:30:27.620544
256960,137,2020-02-05,20.4,0,15.6,23:46,25.3,11:25,2,2.5,8.9,14:10,47,84,17:50,19,01:40,2025-05-07 08:30:27.698003,2025-05-07 08:30:27.698003
256978,137,2020-02-06,17.4,0,14.7,06:08,20,14:20,1,5,11.4,15:30,67,82,01:00,41,23:10,2025-05-07 08:30:27.780585,2025-05-07 08:30:27.780585
256996,137,2020-02-07,17.8,0,14.5,08:23,21,17:46,11,4.2,15.8,23:00,64,78,,27,23:59,2025-05-07 08:30:27.862267,2025-05-07 08:30:27.862267
257014,137,2020-02-08,17.4,0,14.6,03:36,20.1,16:14,7,8.6,20.8,06:30,64,84,23:50,22,02:50,2025-05-07 08:30:27.952971,2025-05-07 08:30:27.952971
257032,137,2020-02-09,17,1.2,15,06:57,18.9,14:33,6,5,16.4,22:30,81,93,21:50,67,03:40,2025-05-07 08:30:28.062503,2025-05-07 08:30:28.062503
257050,137,2020-02-10,17.6,0,14.5,22:52,20.7,10:42,8,3.9,21.4,10:30,76,90,20:00,28,21:40,2025-05-07 08:30:28.145787,2025-05-07 08:30:28.145787
257068,137,2020-02-11,20.2,0,14.5,00:24,25.8,14:07,5,3.6,15.3,13:00,25,73,00:20,15,13:00,2025-05-07 08:30:28.223832,2025-05-07 08:30:28.223832
257086,137,2020-02-12,21.7,0,17.4,00:01,26,13:30,10,1.7,12.8,03:00,27,38,18:00,14,,2025-05-07 08:30:28.298554,2025-05-07 08:30:28.298554
257104,137,2020-02-13,22.4,0,18.8,08:30,26.1,14:39,9,1.4,11.9,02:50,25,35,,13,00:00,2025-05-07 08:30:28.367623,2025-05-07 08:30:28.367623
257122,137,2020-02-14,21.6,0,18.6,05:21,24.5,13:53,11,1.1,8.3,23:59,34,47,19:20,26,23:50,2025-05-07 08:30:28.437180,2025-05-07 08:30:28.437180
257140,137,2020-02-15,20.4,0,16.4,23:39,24.5,11:43,10,7.5,18.1,21:30,26,63,23:40,15,,2025-05-07 08:30:28.520700,2025-05-07 08:30:28.520700
257157,137,2020-02-16,18,0,13.8,07:53,22.2,12:07,35,3.9,15.8,15:40,68,87,18:50,30,04:20,2025-05-07 08:30:28.585685,2025-05-07 08:30:28.585685
257175,137,2020-02-17,20.2,0,14.2,04:11,26.2,16:18,8,6.7,16.7,20:50,32,87,03:50,25,07:00,2025-05-07 08:30:28.649641,2025-05-07 08:30:28.649641
257192,137,2020-02-18,17.6,0,15.1,22:56,20,00:43,8,12.8,27.2,12:30,71,81,19:30,32,01:50,2025-05-07 08:30:28.812342,2025-05-07 08:30:28.812342
257209,137,2020-02-19,16.2,0,14.1,23:54,18.2,12:53,8,11.1,26.7,08:30,72,82,05:20,64,15:30,2025-05-07 08:30:28.923349,2025-05-07 08:30:28.923349
257225,137,2020-02-20,16,0,13.8,04:16,18.1,13:54,8,5.8,18.1,00:10,67,78,20:40,54,14:10,2025-05-07 08:30:29.031368,2025-05-07 08:30:29.031368
257243,137,2020-02-21,14.8,0,12.1,07:37,17.4,12:23,1,4.2,9.2,02:20,65,77,21:50,50,12:10,2025-05-07 08:30:29.145098,2025-05-07 08:30:29.145098
257261,137,2020-02-22,18.6,0,12.6,05:40,24.5,18:34,14,2.8,22.5,22:50,49,75,00:00,21,18:30,2025-05-07 08:30:29.249994,2025-05-07 08:30:29.249994
257279,137,2020-02-23,25.8,0,21.9,05:00,29.6,12:46,17,8.3,25.6,12:10,17,28,05:00,12,13:10,2025-05-07 08:30:29.361402,2025-05-07 08:30:29.361402
257296,137,2020-02-24,26.3,0,23.5,09:34,29.1,14:08,15,3.1,20.8,05:40,36,46,12:20,17,00:00,2025-05-07 08:30:29.458708,2025-05-07 08:30:29.458708
257313,137,2020-02-25,23.9,0,20,04:58,27.8,14:26,6,3.1,15.8,17:20,28,46,05:00,18,14:40,2025-05-07 08:30:29.555090,2025-05-07 08:30:29.555090
257330,137,2020-02-26,19.8,0,15.3,22:53,24.2,11:15,9,9.2,23.3,06:30,20,74,23:20,10,,2025-05-07 08:30:29.631528,2025-05-07 08:30:29.631528
257347,137,2020-02-27,16.4,0,14.3,04:51,18.5,14:55,8,6.1,16.7,00:10,75,88,,65,15:40,2025-05-07 08:30:29.716816,2025-05-07 08:30:29.716816
257365,137,2020-02-28,16,0,13.1,08:20,18.9,14:32,2,4.2,11.1,11:30,70,82,01:20,64,15:30,2025-05-07 08:30:29.793253,2025-05-07 08:30:29.793253
257383,137,2020-02-29,18.8,0,13.4,03:58,24.1,11:59,5,5.3,15,18:10,47,78,23:50,15,15:50,2025-05-07 08:30:29.861241,2025-05-07 08:30:29.861241
257401,137,2020-03-01,18.4,0,13.4,04:38,23.4,14:58,2,5,12.2,17:30,69,81,00:40,46,05:20,2025-05-07 08:30:29.931112,2025-05-07 08:30:29.931112
257419,137,2020-03-02,17.3,0,14.8,02:59,19.8,14:10,10,5.3,24.2,23:30,69,80,,45,23:00,2025-05-07 08:30:29.997996,2025-05-07 08:30:29.997996
257436,137,2020-03-03,18.8,0,13.6,07:26,24.1,22:28,10,3.3,19.7,00:10,73,85,06:40,14,01:40,2025-05-07 08:30:30.082055,2025-05-07 08:30:30.082055
257453,137,2020-03-04,18.4,0,13.9,02:19,22.8,17:18,2,2.2,10.6,14:00,68,87,02:10,29,00:00,2025-05-07 08:30:30.172636,2025-05-07 08:30:30.172636
257471,137,2020-03-05,19.1,3.2,15,02:31,23.2,10:42,9,9.2,19.4,16:30,58,85,01:40,35,06:20,2025-05-07 08:30:30.246308,2025-05-07 08:30:30.246308
257489,137,2020-03-06,15,0,13.6,08:32,16.3,01:16,6,8.1,22.8,13:30,77,94,05:30,65,15:10,2025-05-07 08:30:30.320123,2025-05-07 08:30:30.320123
257507,137,2020-03-07,15.9,0,13.9,00:11,17.9,14:01,8,7.8,23.3,17:30,71,80,22:00,63,23:30,2025-05-07 08:30:30.390657,2025-05-07 08:30:30.390657
257525,137,2020-03-08,20.2,0,13.7,03:57,26.6,11:42,14,3.9,15.3,12:00,66,85,03:40,15,19:00,2025-05-07 08:30:30.462564,2025-05-07 08:30:30.462564
257543,137,2020-03-09,24,0,19.5,02:06,28.4,11:47,11,3.9,12.5,01:50,32,71,15:30,15,11:40,2025-05-07 08:30:30.552172,2025-05-07 08:30:30.552172
257561,137,2020-03-10,20.3,0,16.2,23:28,24.4,08:43,11,3.9,12.2,04:50,44,82,19:40,8,07:00,2025-05-07 08:30:30.640674,2025-05-07 08:30:30.640674
257579,137,2020-03-11,20.8,0,14.1,04:54,27.4,17:07,99,1.1,4.2,,37,82,09:20,12,22:00,2025-05-07 08:30:30.731686,2025-05-07 08:30:30.731686
257597,137,2020-03-12,21.2,0,16.1,22:41,26.2,09:07,9,3.6,14.7,05:30,36,76,22:30,7,07:00,2025-05-07 08:30:30.803009,2025-05-07 08:30:30.803009
257615,137,2020-03-13,19.6,0,14.6,04:24,24.6,11:28,8,6.7,18.1,21:20,60,81,03:00,25,09:40,2025-05-07 08:30:30.903810,2025-05-07 08:30:30.903810
257633,137,2020-03-14,16.2,0,14.2,21:21,18.2,12:27,7,7.2,17.8,11:30,65,81,03:10,50,18:00,2025-05-07 08:30:30.978993,2025-05-07 08:30:30.978993
257651,137,2020-03-15,16,1.8,13.6,04:18,18.4,14:26,2,4.7,12.2,19:40,76,88,22:20,47,14:10,2025-05-07 08:30:31.054654,2025-05-07 08:30:31.054654
257669,137,2020-03-16,15.7,2.4,13.1,08:11,18.3,14:07,8,5.3,15.6,23:10,74,89,05:10,58,12:50,2025-05-07 08:30:31.144228,2025-05-07 08:30:31.144228
257687,137,2020-03-17,13.4,5,11.3,04:46,15.6,13:56,7,5.6,13.1,11:50,73,92,,61,17:40,2025-05-07 08:30:31.230701,2025-05-07 08:30:31.230701
257704,137,2020-03-18,14.4,0.8,11.5,03:36,17.2,13:18,2,3.6,11.1,20:20,74,93,00:10,63,13:20,2025-05-07 08:30:31.315626,2025-05-07 08:30:31.315626
257721,137,2020-03-19,16.4,1,13.8,04:38,19,14:36,1,4.2,12.5,10:40,75,92,06:00,51,13:50,2025-05-07 08:30:31.385856,2025-05-07 08:30:31.385856
257739,137,2020-03-20,16.2,1.4,13.9,07:29,18.4,15:45,8,3.9,10.6,21:50,78,94,04:00,58,15:20,2025-05-07 08:30:31.453235,2025-05-07 08:30:31.453235
257757,137,2020-03-21,14.8,0.4,12.7,09:34,16.8,17:46,3,3.9,10.8,12:40,64,88,21:50,51,16:40,2025-05-07 08:30:31.518530,2025-05-07 08:30:31.518530
257775,137,2020-03-22,15.9,4,11.9,19:13,19.9,14:38,99,2.8,9.2,18:30,70,97,19:10,47,14:40,2025-05-07 08:30:31.583713,2025-05-07 08:30:31.583713
257793,137,2020-03-23,13.8,3.6,10.8,05:47,16.7,14:51,36,6.1,16.7,15:30,80,94,05:50,71,17:00,2025-05-07 08:30:31.661480,2025-05-07 08:30:31.661480
257811,137,2020-03-24,15.4,7.2,12.6,05:48,18.3,13:19,3,2.5,9.4,07:50,73,94,08:00,58,13:00,2025-05-07 08:30:31.743711,2025-05-07 08:30:31.743711
257829,137,2020-03-25,16.2,0,13.6,23:02,18.8,12:31,35,3.6,9.7,16:30,65,85,00:10,51,17:30,2025-05-07 08:30:31.830746,2025-05-07 08:30:31.830746
257847,137,2020-03-26,15.2,0.6,13.1,,17.4,17:21,8,2.2,11.1,01:30,70,79,08:00,59,04:20,2025-05-07 08:30:31.924980,2025-05-07 08:30:31.924980
257865,137,2020-03-27,16.2,7.4,12.5,03:40,20,14:04,28,2.2,7.2,17:30,73,96,22:00,58,,2025-05-07 08:30:32.001121,2025-05-07 08:30:32.001121
257883,137,2020-03-28,15.2,0,12.1,06:43,18.4,15:14,1,3.9,10.3,14:10,72,95,,49,23:30,2025-05-07 08:30:32.082469,2025-05-07 08:30:32.082469
257901,137,2020-03-29,16.7,0,12.7,,20.7,13:08,29,2.8,7.2,12:50,63,88,21:50,52,,2025-05-07 08:30:32.173315,2025-05-07 08:30:32.173315
257919,137,2020-03-30,16,0,13,07:02,19.1,16:31,28,3.3,9.2,12:30,72,90,21:00,66,17:00,2025-05-07 08:30:32.248135,2025-05-07 08:30:32.248135
257937,137,2020-03-31,16.9,0,14.1,03:57,19.7,11:00,3,2.5,6.4,22:30,82,92,21:10,65,10:30,2025-05-07 08:30:32.322968,2025-05-07 08:30:32.322968
257955,137,2020-04-01,16.7,0,13.6,07:05,19.8,11:15,2,3.1,7.5,12:00,72,88,01:20,59,23:00,2025-05-07 08:30:32.396617,2025-05-07 08:30:32.396617
257973,137,2020-04-02,16.8,0,13.4,07:15,20.2,14:38,11,3.3,14.7,04:30,74,87,23:20,44,06:20,2025-05-07 08:30:32.494210,2025-05-07 08:30:32.494210
257991,137,2020-04-03,17.2,0,13.6,03:01,20.9,15:42,26,3.9,12.2,13:00,73,92,03:30,61,13:40,2025-05-07 08:30:32.590391,2025-05-07 08:30:32.590391
258009,137,2020-04-04,19,0,15.5,05:04,22.6,12:44,26,3.9,11.7,13:40,69,93,04:50,55,12:40,2025-05-07 08:30:32.675224,2025-05-07 08:30:32.675224
258027,137,2020-04-05,19.4,0,15,05:28,23.7,14:26,30,3.1,6.7,16:20,69,92,04:40,59,07:10,2025-05-07 08:30:32.747535,2025-05-07 08:30:32.747535
258045,137,2020-04-06,19.3,0,16,06:12,22.6,13:05,3,3.9,9.2,17:20,75,87,00:20,58,23:30,2025-05-07 08:30:32.804177,2025-05-07 08:30:32.804177
258063,137,2020-04-07,20,0,16.7,07:58,23.4,14:41,10,3.6,12.8,04:30,60,87,20:00,41,06:50,2025-05-07 08:30:32.878136,2025-05-07 08:30:32.878136
258081,137,2020-04-08,20.8,0,16.3,06:40,25.2,14:10,11,3.6,13.6,03:30,70,82,05:50,20,22:50,2025-05-07 08:30:32.967510,2025-05-07 08:30:32.967510
258099,137,2020-04-09,22,0,18.3,07:59,25.7,13:35,1,5.3,14.7,13:50,59,81,22:20,21,00:40,2025-05-07 08:30:33.032892,2025-05-07 08:30:33.032892
258117,137,2020-04-10,19.5,0,17.2,23:49,21.8,14:58,4,5.6,13.6,01:10,68,86,07:30,57,,2025-05-07 08:30:33.115071,2025-05-07 08:30:33.115071
258135,137,2020-04-11,18.4,0,15.9,,20.9,12:31,1,6.1,13.9,15:30,67,84,21:50,53,12:20,2025-05-07 08:30:33.190818,2025-05-07 08:30:33.190818
258153,137,2020-04-12,17.4,0.8,14.8,08:59,20,15:13,99,3.9,9.2,,68,90,09:40,54,15:00,2025-05-07 08:30:33.282265,2025-05-07 08:30:33.282265
258171,137,2020-04-13,17.5,0,14.2,06:51,20.8,13:26,35,3.3,7.8,14:00,67,84,05:50,53,13:10,2025-05-07 08:30:33.350003,2025-05-07 08:30:33.350003
258189,137,2020-04-14,17.6,0.6,13.8,05:47,21.4,17:20,27,3.6,11.1,14:40,70,86,,55,12:20,2025-05-07 08:30:33.428405,2025-05-07 08:30:33.428405
258207,137,2020-04-15,18.2,0,14.9,05:12,21.6,15:40,99,3.6,9.7,,70,91,00:50,47,15:40,2025-05-07 08:30:33.530672,2025-05-07 08:30:33.530672
258225,137,2020-04-16,18.2,0,14.6,03:41,21.9,11:33,14,3.1,8.6,05:10,74,88,03:30,55,05:30,2025-05-07 08:30:33.618846,2025-05-07 08:30:33.618846
258243,137,2020-04-17,17.8,0,14.8,03:35,20.8,11:37,8,3.1,7.5,00:10,64,82,,54,08:30,2025-05-07 08:30:33.723501,2025-05-07 08:30:33.723501
258261,137,2020-04-18,17.7,3.4,14.6,22:54,20.8,11:17,1,3.6,12.2,14:00,68,91,23:59,49,17:20,2025-05-07 08:30:33.817427,2025-05-07 08:30:33.817427
258279,137,2020-04-19,17.2,0,14,02:00,20.5,15:15,35,3.9,10.3,13:40,67,91,00:00,50,13:00,2025-05-07 08:30:33.909356,2025-05-07 08:30:33.909356
258297,137,2020-04-20,17.6,0.2,14.6,03:59,20.6,15:54,2,3.6,13.6,15:30,71,89,,52,15:50,2025-05-07 08:30:33.992105,2025-05-07 08:30:33.992105
258315,137,2020-04-21,16.8,0,14.9,07:05,18.8,15:15,1,6.4,13.6,10:30,64,86,00:40,50,14:10,2025-05-07 08:30:34.101363,2025-05-07 08:30:34.101363
258333,137,2020-04-22,16,0.2,13.8,05:57,18.2,13:11,2,4.7,15,15:30,62,84,23:20,52,13:30,2025-05-07 08:30:34.209974,2025-05-07 08:30:34.209974
258351,137,2020-04-23,16.8,7.2,14.2,18:21,19.3,14:49,1,4.7,11.9,15:20,76,90,18:20,61,14:40,2025-05-07 08:30:34.307759,2025-05-07 08:30:34.307759
258369,137,2020-04-24,16.7,0,14.4,05:39,19,15:10,2,3.6,9.2,11:50,69,84,23:40,58,15:00,2025-05-07 08:30:34.404378,2025-05-07 08:30:34.404378
258386,137,2020-04-25,17.1,0,14,06:22,20.2,12:47,36,3.1,10,16:10,67,85,06:40,52,,2025-05-07 08:30:34.491759,2025-05-07 08:30:34.491759
258404,137,2020-04-26,17.5,0,13.7,06:26,21.3,17:03,34,3.1,9.4,14:30,61,81,22:30,46,17:10,2025-05-07 08:30:34.594739,2025-05-07 08:30:34.594739
258422,137,2020-04-27,18.6,0,14.3,03:16,22.8,13:47,3,3.9,7.8,17:40,57,83,23:30,43,07:10,2025-05-07 08:30:34.684655,2025-05-07 08:30:34.684655
258440,137,2020-04-28,18.2,0,14.8,05:11,21.5,12:18,1,3.9,10.8,14:00,68,80,,51,11:50,2025-05-07 08:30:34.745472,2025-05-07 08:30:34.745472
258458,137,2020-04-29,17.8,0,15.4,,20.2,13:55,1,6.1,14.2,15:50,68,81,07:50,57,13:00,2025-05-07 08:30:34.840777,2025-05-07 08:30:34.840777
258476,137,2020-04-30,18.7,0,14.9,,22.5,14:10,1,5,13.6,15:20,68,79,01:30,53,14:10,2025-05-07 08:30:34.953505,2025-05-07 08:30:34.953505
258494,137,2020-05-01,20,0,16.1,01:45,23.8,13:21,99,7.5,16.9,11:30,55,77,00:40,36,05:10,2025-05-07 08:30:35.056928,2025-05-07 08:30:35.056928
258512,137,2020-05-02,18.6,0,14.3,05:51,23,14:36,11,2.2,10,00:30,77,95,23:20,48,00:30,2025-05-07 08:30:35.150530,2025-05-07 08:30:35.150530
258530,137,2020-05-03,18,0,13.9,05:47,22.1,16:35,27,3.6,10.8,13:30,78,94,,51,03:20,2025-05-07 08:30:35.217605,2025-05-07 08:30:35.217605
258548,137,2020-05-04,19,0,16.5,00:01,21.4,13:53,1,3.6,9.4,10:20,73,85,00:00,59,14:10,2025-05-07 08:30:35.297405,2025-05-07 08:30:35.297405
258566,137,2020-05-05,18.6,0,15.7,06:00,21.4,16:40,8,5.3,15.3,22:30,65,78,02:40,42,16:10,2025-05-07 08:30:35.375379,2025-05-07 08:30:35.375379
258584,137,2020-05-06,18.7,0,16.3,03:05,21.1,15:11,8,7.5,17.8,04:00,66,71,,55,13:20,2025-05-07 08:30:35.458175,2025-05-07 08:30:35.458175
258602,137,2020-05-07,18.4,0,15.3,04:51,21.4,14:35,1,4.7,10.3,10:40,64,82,23:00,56,14:40,2025-05-07 08:30:35.518054,2025-05-07 08:30:35.518054
258620,137,2020-05-08,19.2,0,15.8,,22.6,15:27,1,5.3,11.1,16:30,66,79,08:30,57,14:50,2025-05-07 08:30:35.611442,2025-05-07 08:30:35.611442
258638,137,2020-05-09,19.2,0.2,15.7,02:39,22.8,12:01,1,2.5,7.8,,77,87,12:40,49,08:40,2025-05-07 08:30:35.690688,2025-05-07 08:30:35.690688
258656,137,2020-05-10,19.5,0,16,06:05,23,12:31,10,2.8,9.7,21:00,70,87,23:10,54,12:20,2025-05-07 08:30:35.771672,2025-05-07 08:30:35.771672
258674,137,2020-05-11,20.2,0,16.4,23:59,24.1,14:33,2,3.1,8.9,20:10,66,90,06:40,52,14:10,2025-05-07 08:30:35.852812,2025-05-07 08:30:35.852812
258692,137,2020-05-12,18.6,0,15.2,04:15,22,14:19,32,3.3,9.2,15:00,67,86,07:50,51,14:20,2025-05-07 08:30:35.937682,2025-05-07 08:30:35.937682
258710,137,2020-05-13,19.8,0,15.4,,24.2,12:52,28,3.3,11.1,13:20,66,86,04:20,39,11:30,2025-05-07 08:30:36.037207,2025-05-07 08:30:36.037207
258728,137,2020-05-14,18.1,0,14.9,02:47,21.3,11:26,32,3.9,10.3,17:20,63,77,08:10,47,10:50,2025-05-07 08:30:36.127288,2025-05-07 08:30:36.127288
258746,137,2020-05-15,17.2,1.6,14.7,04:59,19.7,15:22,35,3.9,9.2,,75,89,11:00,63,01:20,2025-05-07 08:30:36.203179,2025-05-07 08:30:36.203179
258764,137,2020-05-16,17.6,0.2,14.8,06:23,20.4,13:42,2,3.9,12.8,15:30,62,85,01:50,46,13:40,2025-05-07 08:30:36.282375,2025-05-07 08:30:36.282375
258782,137,2020-05-17,16.5,0.4,15.2,04:53,17.8,18:31,2,4.4,10.8,04:50,79,86,,62,19:30,2025-05-07 08:30:36.369125,2025-05-07 08:30:36.369125
258800,137,2020-05-18,17.8,0,15.5,05:37,20.2,13:33,36,5,13.9,13:50,82,91,20:50,68,12:20,2025-05-07 08:30:36.459640,2025-05-07 08:30:36.459640
258818,137,2020-05-19,18,0,16.5,03:42,19.4,12:01,2,4.7,10.8,11:30,86,94,05:20,80,12:00,2025-05-07 08:30:36.544715,2025-05-07 08:30:36.544715
258836,137,2020-05-20,20.8,0,16.8,03:48,24.7,15:16,10,9.4,18.3,13:30,49,87,02:10,36,21:50,2025-05-07 08:30:36.627482,2025-05-07 08:30:36.627482
258854,137,2020-05-21,19,0,15.7,23:05,22.2,16:41,2,7.5,18.6,15:30,69,78,22:10,36,00:40,2025-05-07 08:30:36.710733,2025-05-07 08:30:36.710733
258872,137,2020-05-22,21.6,0,15.4,05:42,27.7,16:44,8,9.7,19.2,05:40,58,81,06:20,37,22:10,2025-05-07 08:30:36.796576,2025-05-07 08:30:36.796576
258890,137,2020-05-23,28.5,0,21,00:01,36,15:56,10,9.7,27.5,23:30,33,62,17:40,13,16:10,2025-05-07 08:30:36.876849,2025-05-07 08:30:36.876849
258908,137,2020-05-24,27.8,0,20.7,22:35,34.8,10:49,9,8.3,26.9,01:30,43,63,19:50,6,09:10,2025-05-07 08:30:36.936485,2025-05-07 08:30:36.936485
258926,137,2020-05-25,25.4,0,20.3,07:48,30.5,15:08,99,4.4,13.9,20:50,37,71,09:40,9,07:00,2025-05-07 08:30:37.005914,2025-05-07 08:30:37.005914
258944,137,2020-05-26,25,0,17.2,06:24,32.7,15:30,10,1.9,13.9,04:10,59,85,07:20,15,,2025-05-07 08:30:37.106843,2025-05-07 08:30:37.106843
258962,137,2020-05-27,24.8,0,20,22:35,29.7,14:28,10,3.3,10,03:30,41,73,20:30,16,04:30,2025-05-07 08:30:37.195493,2025-05-07 08:30:37.195493
258979,137,2020-05-28,22,0,17.3,23:59,26.7,10:28,1,3.1,10.3,10:50,42,78,21:20,16,05:20,2025-05-07 08:30:37.277748,2025-05-07 08:30:37.277748
258997,137,2020-05-29,18.8,0,15.4,04:18,22.2,14:55,2,4.2,11.7,17:50,76,84,07:20,63,01:30,2025-05-07 08:30:37.348892,2025-05-07 08:30:37.348892
259015,137,2020-05-30,19.2,0,17.4,03:52,21.1,17:32,35,2.5,7.5,11:10,72,84,02:30,64,18:00,2025-05-07 08:30:37.434262,2025-05-07 08:30:37.434262
259033,137,2020-05-31,20.6,0,16.8,04:24,24.3,12:26,35,2.8,7.5,12:50,67,87,03:40,54,,2025-05-07 08:30:37.517764,2025-05-07 08:30:37.517764
259051,137,2020-06-01,20.6,0,17.1,04:40,24.1,15:29,25,3.1,9.2,17:10,70,90,,47,15:30,2025-05-07 08:30:37.603745,2025-05-07 08:30:37.603745
259069,137,2020-06-02,20.2,0,15.9,06:11,24.4,16:57,26,4.4,13.3,14:30,68,91,,51,15:10,2025-05-07 08:30:37.687990,2025-05-07 08:30:37.687990
259087,137,2020-06-03,21.6,0,17.9,05:38,25.2,13:40,26,5,14.2,14:40,71,91,05:40,55,13:40,2025-05-07 08:30:37.837760,2025-05-07 08:30:37.837760
259105,137,2020-06-04,21.8,0,17.8,05:35,25.9,14:19,27,3.1,10.6,13:30,74,92,,55,15:30,2025-05-07 08:30:37.942637,2025-05-07 08:30:37.942637
259122,137,2020-06-05,23.2,0,17.5,06:01,28.8,15:56,25,3.1,13.9,18:40,70,95,05:20,43,15:50,2025-05-07 08:30:38.047750,2025-05-07 08:30:38.047750
259140,137,2020-06-06,22,0,18.9,23:42,25.1,10:29,27,5.6,15.8,13:30,65,84,20:40,45,10:20,2025-05-07 08:30:38.132058,2025-05-07 08:30:38.132058
259158,137,2020-06-07,21.3,0,17.5,06:29,25.1,14:03,3,4.2,9.2,18:30,73,92,06:10,54,14:00,2025-05-07 08:30:38.215308,2025-05-07 08:30:38.215308
259176,137,2020-06-08,20.8,0,17.6,05:19,23.9,14:07,7,5.6,14.7,23:50,68,83,22:20,56,12:30,2025-05-07 08:30:38.309609,2025-05-07 08:30:38.309609
259194,137,2020-06-09,20.4,0,18.4,,22.3,11:55,7,7.5,15.8,20:20,74,83,,65,12:00,2025-05-07 08:30:38.390374,2025-05-07 08:30:38.390374
259212,137,2020-06-10,20,0,17.5,06:01,22.4,13:51,9,8.3,17.2,19:00,70,82,05:30,58,13:50,2025-05-07 08:30:38.491946,2025-05-07 08:30:38.491946
259230,137,2020-06-11,19.7,0,17.7,05:08,21.7,14:38,8,4.7,15,00:10,73,83,05:00,59,23:10,2025-05-07 08:30:38.576159,2025-05-07 08:30:38.576159
259246,137,2020-06-12,19.8,0,16.8,05:42,22.7,15:27,6,3.6,11.9,22:30,61,80,01:10,49,15:40,2025-05-07 08:30:38.671468,2025-05-07 08:30:38.671468
259263,137,2020-06-13,20.6,0,16.6,05:33,24.5,14:20,8,4.4,11.9,00:30,61,76,04:40,50,22:10,2025-05-07 08:30:38.776081,2025-05-07 08:30:38.776081
259280,137,2020-06-14,22.2,0.8,17,05:26,27.5,22:59,10,2.2,8.1,02:10,55,70,06:00,40,02:00,2025-05-07 08:30:38.859871,2025-05-07 08:30:38.859871
259298,137,2020-06-15,24.8,0,19,04:11,30.5,13:11,8,2.5,10,23:10,57,93,01:50,40,13:10,2025-05-07 08:30:38.933966,2025-05-07 08:30:38.933966
259316,137,2020-06-16,27.6,0,23.4,04:01,31.8,14:02,26,1.7,10.6,21:40,38,66,10:30,34,,2025-05-07 08:30:39.009187,2025-05-07 08:30:39.009187
259334,137,2020-06-17,23,0,20.4,,25.5,12:24,2,3.9,10,11:50,71,81,22:00,50,00:00,2025-05-07 08:30:39.089294,2025-05-07 08:30:39.089294
259352,137,2020-06-18,21.4,0.4,18.6,06:10,24.3,12:28,35,3.9,10,14:30,75,93,23:00,60,10:40,2025-05-07 08:30:39.171104,2025-05-07 08:30:39.171104
259370,137,2020-06-19,20.8,0,17.9,04:55,23.6,14:18,1,6.1,15,15:30,74,85,05:40,61,14:50,2025-05-07 08:30:39.243175,2025-05-07 08:30:39.243175
259388,137,2020-06-20,20.4,0,18.3,,22.6,12:55,1,6.4,16.7,17:30,70,87,07:50,60,11:50,2025-05-07 08:31:54.189471,2025-05-07 08:31:54.189471
259406,137,2020-06-21,21,0,18.2,03:54,23.8,14:43,4,8.1,18.1,07:50,72,79,06:50,34,23:30,2025-05-07 08:31:54.297657,2025-05-07 08:31:54.297657
259424,137,2020-06-22,21,0,18.1,06:54,23.8,13:57,9,7.2,16.1,03:00,70,80,21:00,39,00:00,2025-05-07 08:31:54.394743,2025-05-07 08:31:54.394743
259442,137,2020-06-23,20.6,0,18,05:38,23.2,15:39,4,6.9,16.7,00:10,74,81,,65,12:10,2025-05-07 08:31:54.464402,2025-05-07 08:31:54.464402
259460,137,2020-06-24,20.2,0,18.2,06:23,22.3,16:02,7,5,12.8,15:00,74,83,08:20,61,15:50,2025-05-07 08:31:54.550520,2025-05-07 08:31:54.550520
259478,137,2020-06-25,20.2,0,18.3,03:38,22,13:28,1,5.8,16.7,13:50,71,84,03:30,64,14:00,2025-05-07 08:31:54.654402,2025-05-07 08:31:54.654402
259496,137,2020-06-26,20,0,18.2,06:12,21.7,14:22,35,5.3,16.9,14:50,73,84,05:10,65,10:20,2025-05-07 08:31:54.729002,2025-05-07 08:31:54.729002
259514,137,2020-06-27,20.5,0,17.5,05:39,23.5,13:02,8,8.9,21.7,18:30,66,81,01:50,55,13:10,2025-05-07 08:31:54.827511,2025-05-07 08:31:54.827511
259532,137,2020-06-28,20.6,0.6,18.7,,22.5,11:23,8,6.4,18.6,02:00,74,88,23:10,68,15:50,2025-05-07 08:31:54.891645,2025-05-07 08:31:54.891645
259550,137,2020-06-29,19.9,0.6,18,07:13,21.8,14:58,8,5,12.5,12:20,81,93,10:20,74,14:40,2025-05-07 08:31:54.974603,2025-05-07 08:31:54.974603
259568,137,2020-06-30,21.4,0,18.5,00:32,24.2,17:36,6,6.9,18.1,19:30,70,87,00:30,58,16:50,2025-05-07 08:31:55.060834,2025-05-07 08:31:55.060834
259586,137,2020-07-01,22.6,0,18.3,03:43,26.8,16:38,6,6.7,15.3,07:30,74,87,,56,16:40,2025-05-07 08:31:55.132923,2025-05-07 08:31:55.132923
259604,137,2020-07-02,23.7,0,18.9,04:40,28.5,12:23,9,8.1,19.2,21:40,66,86,04:40,21,,2025-05-07 08:31:55.197375,2025-05-07 08:31:55.197375
259622,137,2020-07-03,24.4,0,19.8,23:57,28.9,02:26,8,13.3,23.1,10:50,48,69,23:40,14,02:30,2025-05-07 08:31:55.272511,2025-05-07 08:31:55.272511
259640,137,2020-07-04,20.6,0,18.3,22:34,23,03:47,11,13.3,26.4,00:30,70,85,,47,02:30,2025-05-07 08:31:55.333594,2025-05-07 08:31:55.333594
259658,137,2020-07-05,23.8,0,18,01:59,29.5,23:53,8,6.1,20,22:30,64,85,00:00,12,23:59,2025-05-07 08:31:55.406200,2025-05-07 08:31:55.406200
259675,137,2020-07-06,26,0,19.7,06:32,32.2,03:36,9,5,22.8,01:30,78,89,23:40,5,01:40,2025-05-07 08:31:55.496201,2025-05-07 08:31:55.496201
259693,137,2020-07-07,25.2,0,19.5,01:48,30.9,23:04,8,2.2,9.2,23:00,75,92,01:30,40,23:00,2025-05-07 08:31:55.607366,2025-05-07 08:31:55.607366
259711,137,2020-07-08,26.9,0,19.4,06:08,34.4,17:54,2,7.5,21.4,13:20,57,86,06:00,10,23:40,2025-05-07 08:31:55.698665,2025-05-07 08:31:55.698665
259729,137,2020-07-09,26.4,0,19.9,21:33,32.8,12:30,2,7.2,16.7,18:30,33,74,20:00,7,06:20,2025-05-07 08:31:55.781180,2025-05-07 08:31:55.781180
259747,137,2020-07-10,21,0,18.5,04:09,23.6,13:48,1,8.3,17.5,14:20,75,84,23:00,63,01:00,2025-05-07 08:31:55.841743,2025-05-07 08:31:55.841743
259765,137,2020-07-11,22.6,0,19.1,03:46,26,20:16,2,8.1,17.2,11:30,70,84,00:20,34,20:20,2025-05-07 08:31:55.919481,2025-05-07 08:31:55.919481
259782,137,2020-07-12,23.8,0,19.2,07:14,28.4,,10,6.4,18.6,23:30,70,85,21:30,24,04:00,2025-05-07 08:31:55.992828,2025-05-07 08:31:55.992828
259799,137,2020-07-13,23.2,0,17.7,06:32,28.7,01:00,9,5,18.6,00:40,71,87,06:40,24,00:00,2025-05-07 08:31:56.052523,2025-05-07 08:31:56.052523
259817,137,2020-07-14,20.3,0,18,,22.6,12:07,3,5.6,14.2,15:00,78,87,22:40,69,12:10,2025-05-07 08:31:56.139747,2025-05-07 08:31:56.139747
259834,137,2020-07-15,23,0,18.3,03:57,27.7,23:19,2,8.3,16.9,12:30,69,88,03:40,34,23:20,2025-05-07 08:31:56.221667,2025-05-07 08:31:56.221667
259852,137,2020-07-16,22.3,0,17.6,06:20,27,00:02,2,3.6,12.2,11:30,79,93,,38,00:00,2025-05-07 08:31:56.295489,2025-05-07 08:31:56.295489
259869,137,2020-07-17,21.3,0,17.8,,24.8,15:03,2,3.6,10.3,15:30,81,94,,70,15:40,2025-05-07 08:31:56.362674,2025-05-07 08:31:56.362674
259887,137,2020-07-18,27,0,18.8,05:03,35.1,11:42,7,5.3,15.3,22:10,71,90,05:00,16,21:30,2025-05-07 08:31:56.437734,2025-05-07 08:31:56.437734
259905,137,2020-07-19,30.4,0,26.8,00:03,33.9,15:01,8,9.4,17.8,05:00,28,51,00:00,25,,2025-05-07 08:31:56.499105,2025-05-07 08:31:56.499105
259922,137,2020-07-20,24.2,0,19.8,05:16,28.6,00:05,99,8.9,16.1,,59,87,03:40,32,00:40,2025-05-07 08:31:56.581132,2025-05-07 08:31:56.581132
259940,137,2020-07-21,21.4,0,19.1,06:11,23.8,15:13,12,8.9,24.4,04:30,68,76,05:30,54,00:20,2025-05-07 08:31:56.650350,2025-05-07 08:31:56.650350
259958,137,2020-07-22,23.6,0,19.6,04:35,27.7,11:58,8,7.2,19.2,01:30,63,77,01:50,26,23:50,2025-05-07 08:31:56.737080,2025-05-07 08:31:56.737080
259976,137,2020-07-23,26.6,0,22.2,22:55,30.9,15:21,8,11.9,21.4,04:30,28,56,22:10,23,18:50,2025-05-07 08:31:56.824288,2025-05-07 08:31:56.824288
259994,137,2020-07-24,,,,,,,0,7.5,,,49,,,,,2025-05-07 08:31:56.927927,2025-05-07 08:31:56.927927
260012,137,2020-07-25,22.5,0,18.2,05:07,26.8,10:10,6,7.2,16.1,21:30,67,91,,37,10:10,2025-05-07 08:31:57.029389,2025-05-07 08:31:57.029389
260030,137,2020-07-26,21.6,0,19.2,05:36,24.1,15:45,3,8.1,17.2,17:00,71,83,05:30,62,15:40,2025-05-07 08:31:57.109858,2025-05-07 08:31:57.109858
260048,137,2020-07-27,24.2,0,19.6,,28.9,10:50,9,10.8,26.9,02:30,55,76,00:00,20,07:40,2025-05-07 08:31:57.210816,2025-05-07 08:31:57.210816
260066,137,2020-07-28,25.4,0,19.6,23:23,31.1,09:12,9,9.4,22.2,05:30,45,80,22:50,15,07:00,2025-05-07 08:31:57.321075,2025-05-07 08:31:57.321075
260084,137,2020-07-29,21.4,0,19,05:21,23.7,13:14,99,10.8,22.2,,73,81,06:50,62,12:30,2025-05-07 08:31:57.421805,2025-05-07 08:31:57.421805
260102,137,2020-07-30,21.1,0,18.7,02:17,23.5,15:10,12,7.2,19.2,06:30,68,80,00:10,53,04:20,2025-05-07 08:31:57.526643,2025-05-07 08:31:57.526643
260120,137,2020-07-31,21,0,18.2,06:18,23.8,12:40,8,4.4,15,00:10,76,84,06:20,58,00:10,2025-05-07 08:31:57.606513,2025-05-07 08:31:57.606513
260138,137,2020-08-01,23.8,0,19.1,03:36,28.4,18:36,2,4.2,12.5,22:50,68,89,21:10,19,19:10,2025-05-07 08:31:57.678751,2025-05-07 08:31:57.678751
260156,137,2020-08-02,26.2,0,20.2,05:18,32.1,14:19,99,5.3,15.3,,48,87,00:00,17,23:10,2025-05-07 08:31:57.760787,2025-05-07 08:31:57.760787
260174,137,2020-08-03,25.5,0,21.5,04:19,29.5,17:43,9,8.9,19.4,01:30,42,75,09:50,10,22:30,2025-05-07 08:31:57.846045,2025-05-07 08:31:57.846045
260191,137,2020-08-04,23.4,0,19.6,05:59,27.3,00:03,7,7.5,19.4,02:30,74,85,07:40,11,00:00,2025-05-07 08:31:57.909580,2025-05-07 08:31:57.909580
260208,137,2020-08-05,21.7,0,19.4,05:22,24,13:15,36,7.8,15.3,12:30,73,86,02:20,65,13:10,2025-05-07 08:31:57.976907,2025-05-07 08:31:57.976907
260225,137,2020-08-06,21.4,0,18.9,04:35,23.9,15:41,2,6.1,13.1,12:40,76,84,03:50,65,,2025-05-07 08:31:58.046584,2025-05-07 08:31:58.046584
260243,137,2020-08-07,21.4,0,19.2,,23.7,11:34,3,6.4,15.8,14:30,73,83,05:00,65,,2025-05-07 08:31:58.117989,2025-05-07 08:31:58.117989
260261,137,2020-08-08,22.2,0,19.3,03:41,25.1,13:44,2,5.8,16.4,17:10,72,84,03:40,60,13:10,2025-05-07 08:31:58.183291,2025-05-07 08:31:58.183291
260279,137,2020-08-09,22.1,0,19.2,05:41,25,12:39,2,7.2,17.5,14:10,73,84,06:40,58,12:40,2025-05-07 08:31:58.253130,2025-05-07 08:31:58.253130
260297,137,2020-08-10,21.7,0,19.1,05:58,24.3,14:29,6,5,16.7,01:20,75,91,09:00,63,14:30,2025-05-07 08:31:58.352779,2025-05-07 08:31:58.352779
260313,137,2020-08-11,22.1,0,19.3,06:39,24.9,13:57,6,6.7,16.4,17:30,70,83,,54,13:50,2025-05-07 08:31:58.410407,2025-05-07 08:31:58.410407
260330,137,2020-08-12,22,0,19.4,04:43,24.7,14:57,8,10.3,28.3,23:30,70,79,02:00,57,15:10,2025-05-07 08:31:58.486243,2025-05-07 08:31:58.486243
260348,137,2020-08-13,21.8,0,19.1,06:17,24.5,,8,10.6,26.9,01:30,69,82,06:20,58,13:00,2025-05-07 08:31:58.564539,2025-05-07 08:31:58.564539
260366,137,2020-08-14,21.6,0,19.4,05:04,23.9,12:01,9,13.6,26.7,04:30,69,78,08:50,59,13:20,2025-05-07 08:31:58.655226,2025-05-07 08:31:58.655226
260384,137,2020-08-15,22.1,0,19.6,04:41,24.6,13:52,10,14.7,30.6,03:30,67,76,00:40,42,22:50,2025-05-07 08:31:58.734530,2025-05-07 08:31:58.734530
260402,137,2020-08-16,23.4,0,20.1,06:21,26.7,21:28,8,16.4,27.8,09:30,56,69,07:30,13,23:20,2025-05-07 08:31:58.812574,2025-05-07 08:31:58.812574
260420,137,2020-08-17,27.2,0,24.4,04:02,29.9,14:11,11,8.9,23.6,21:00,20,37,,12,06:30,2025-05-07 08:31:58.886329,2025-05-07 08:31:58.886329
260438,137,2020-08-18,26.3,0,23.1,23:14,29.5,16:45,4,6.7,17.2,17:30,36,57,14:40,19,,2025-05-07 08:31:58.989042,2025-05-07 08:31:58.989042
260456,137,2020-08-19,26.8,0,22.6,12:45,31.1,15:41,8,8.6,20.8,23:40,37,76,12:50,16,15:40,2025-05-07 08:31:59.093990,2025-05-07 08:31:59.093990
260474,137,2020-08-20,25.6,0,20.2,03:46,30.9,17:29,8,5.8,26.1,00:30,37,72,08:50,10,21:40,2025-05-07 08:31:59.174855,2025-05-07 08:31:59.174855
260492,137,2020-08-21,26.7,0,21.1,07:36,32.3,23:39,9,3.9,15,23:59,59,79,19:40,7,23:30,2025-05-07 08:31:59.241907,2025-05-07 08:31:59.241907
260510,137,2020-08-22,33.6,0,30.4,,36.8,10:49,8,13.9,26.4,04:30,9,30,23:30,5,,2025-05-07 08:31:59.307535,2025-05-07 08:31:59.307535
260528,137,2020-08-23,28,0,22.2,08:17,33.8,12:33,10,7.8,21.4,03:00,29,79,08:20,14,22:20,2025-05-07 08:31:59.391754,2025-05-07 08:31:59.391754
260546,137,2020-08-24,27.9,0,25.2,21:59,30.6,16:26,8,11.4,26.1,00:30,16,37,22:10,9,20:20,2025-05-07 08:31:59.467932,2025-05-07 08:31:59.467932
260564,137,2020-08-25,25.8,0,20.9,23:34,30.8,06:53,8,7.2,26.1,01:30,67,90,,15,03:40,2025-05-07 08:31:59.566745,2025-05-07 08:31:59.566745
260582,137,2020-08-26,29.8,0,21.4,00:01,38.3,13:08,10,3.3,17.5,02:10,28,84,00:00,13,04:30,2025-05-07 08:31:59.648510,2025-05-07 08:31:59.648510
260600,137,2020-08-27,36,0,32.1,00:33,39.9,11:58,8,6.1,18.6,23:30,20,36,00:10,14,,2025-05-07 08:31:59.732833,2025-05-07 08:31:59.732833
260618,137,2020-08-28,31.2,0,26.5,21:08,35.9,11:28,9,8.3,19.7,06:30,29,59,12:50,12,18:50,2025-05-07 08:31:59.831085,2025-05-07 08:31:59.831085
260636,137,2020-08-29,23.2,0.8,19.1,23:32,27.2,00:07,10,5,17.5,03:50,75,91,17:10,20,00:00,2025-05-07 08:31:59.933782,2025-05-07 08:31:59.933782
260654,137,2020-08-30,20.6,0,18.5,06:08,22.8,13:36,36,4.7,13.6,14:50,68,87,03:20,61,13:40,2025-05-07 08:32:00.008734,2025-05-07 08:32:00.008734
260672,137,2020-08-31,20.8,0,18.6,06:12,23.1,16:36,2,4.7,11.1,13:40,75,91,23:50,62,16:10,2025-05-07 08:32:00.081251,2025-05-07 08:32:00.081251
260690,137,2020-09-01,22.2,0,19.5,23:59,24.9,14:05,36,4.2,8.9,,80,95,08:10,69,16:00,2025-05-07 08:32:00.155452,2025-05-07 08:32:00.155452
260708,137,2020-09-02,21.6,0,17.4,06:52,25.9,14:19,2,5,12.2,14:30,77,92,06:30,65,,2025-05-07 08:32:00.232901,2025-05-07 08:32:00.232901
260726,137,2020-09-03,22.3,0,18.2,23:59,26.4,13:47,1,5,11.7,12:40,69,86,23:10,56,09:20,2025-05-07 08:32:00.315808,2025-05-07 08:32:00.315808
260744,137,2020-09-04,23.2,0,17.6,05:36,28.7,16:16,2,3.1,11.7,11:30,64,86,,51,16:20,2025-05-07 08:32:00.383408,2025-05-07 08:32:00.383408
260762,137,2020-09-05,22.6,0,18.8,05:32,26.3,14:44,1,4.4,10.8,18:30,76,87,00:20,61,15:10,2025-05-07 08:32:00.453529,2025-05-07 08:32:00.453529
260780,137,2020-09-06,21.8,0,18.2,07:01,25.3,14:23,1,3.6,10.6,13:30,74,83,08:30,68,16:10,2025-05-07 08:32:00.535554,2025-05-07 08:32:00.535554
260798,137,2020-09-07,26.5,0,19.7,05:59,33.3,16:44,7,5,16.1,22:30,61,94,05:50,20,23:59,2025-05-07 08:32:00.640496,2025-05-07 08:32:00.640496
260816,137,2020-09-08,33,0,30.2,23:57,35.7,09:14,7,7.5,17.2,03:40,15,26,13:20,9,08:30,2025-05-07 08:32:00.755357,2025-05-07 08:32:00.755357
260834,137,2020-09-09,31.2,0,28.5,02:18,34,14:10,8,9.4,20.8,07:30,23,31,23:40,13,,2025-05-07 08:32:00.844159,2025-05-07 08:32:00.844159
260852,137,2020-09-10,25.2,0,20.5,22:37,29.8,00:32,4,8.1,15.6,12:00,55,79,03:40,16,00:30,2025-05-07 08:32:00.983533,2025-05-07 08:32:00.983533
260870,137,2020-09-11,22,0,19.8,02:42,24.3,14:53,4,7.2,13.9,14:30,73,83,05:20,64,15:00,2025-05-07 08:32:01.111348,2025-05-07 08:32:01.111348
260888,137,2020-09-12,22.5,0,20,07:03,25,13:42,9,3.6,11.7,04:40,68,81,01:10,53,05:20,2025-05-07 08:32:01.229152,2025-05-07 08:32:01.229152
260906,137,2020-09-13,22.4,0,19.7,,25.1,13:42,27,2.2,7.2,08:10,81,95,,62,23:30,2025-05-07 08:32:01.339977,2025-05-07 08:32:01.339977
260924,137,2020-09-14,24.2,0,19.7,06:38,28.8,12:43,8,5.3,15.6,17:30,52,71,06:40,35,21:30,2025-05-07 08:32:01.429720,2025-05-07 08:32:01.429720
260942,137,2020-09-15,27,0,22.1,19:59,31.9,14:14,9,7.5,18.9,06:30,24,75,20:00,15,09:30,2025-05-07 08:32:01.542814,2025-05-07 08:32:01.542814
260960,137,2020-09-16,28.2,0,23.8,23:58,32.7,13:08,9,6.1,16.7,12:30,29,73,23:59,17,00:00,2025-05-07 08:32:01.652901,2025-05-07 08:32:01.652901
260978,137,2020-09-17,22.8,0,20.3,,25.4,00:13,2,5.6,11.7,07:00,77,86,,54,04:20,2025-05-07 08:32:01.762888,2025-05-07 08:32:01.762888
260996,137,2020-09-18,22,0,19.8,03:51,24.2,14:05,9,6.7,16.9,23:20,71,80,00:10,33,20:20,2025-05-07 08:32:01.873257,2025-05-07 08:32:01.873257
261014,137,2020-09-19,24.4,0,20.2,24:00,28.6,12:53,10,5.8,21.1,01:30,53,70,19:00,33,07:30,2025-05-07 08:32:02.011207,2025-05-07 08:32:02.011207
261032,137,2020-09-20,22.2,0,18.2,06:23,26.2,14:30,2,3.3,9.4,03:20,71,85,,51,02:40,2025-05-07 08:32:02.122046,2025-05-07 08:32:02.122046
261050,137,2020-09-21,24.4,0,19.2,00:26,29.5,22:59,1,2.2,11.9,15:30,68,85,20:20,15,23:00,2025-05-07 08:32:02.218786,2025-05-07 08:32:02.218786
261068,137,2020-09-22,25.2,0,20.3,07:43,30.2,16:09,2,3.9,13.1,17:20,77,88,20:30,14,00:10,2025-05-07 08:32:02.331074,2025-05-07 08:32:02.331074
261086,137,2020-09-23,23.5,0.6,19.9,06:06,27.1,16:07,2,3.6,9.4,06:40,63,86,04:10,34,10:20,2025-05-07 08:32:02.423672,2025-05-07 08:32:02.423672
261104,137,2020-09-24,23.9,0,20.6,07:01,27.2,15:18,19,2.2,11.4,00:50,78,94,07:50,45,00:50,2025-05-07 08:32:02.509358,2025-05-07 08:32:02.509358
261122,137,2020-09-25,27.5,0,22.2,03:29,32.8,16:59,10,5,16.9,09:30,49,71,18:40,28,23:00,2025-05-07 08:32:02.590815,2025-05-07 08:32:02.590815
261140,137,2020-09-26,26.2,0,20.2,23:36,32.2,11:37,11,9.2,18.6,21:40,38,82,23:40,28,00:30,2025-05-07 08:32:02.680746,2025-05-07 08:32:02.680746
261158,137,2020-09-27,20.8,0.2,18.7,06:20,22.8,12:58,2,4.4,15.8,13:40,73,88,06:20,61,13:00,2025-05-07 08:32:02.795886,2025-05-07 08:32:02.795886
261176,137,2020-09-28,20.3,0.6,18.9,09:01,21.7,14:20,2,4.7,12.2,12:40,75,89,21:20,69,02:20,2025-05-07 08:32:02.912644,2025-05-07 08:32:02.912644
261193,137,2020-09-29,21.3,0,19.1,07:40,23.5,13:41,2,4.2,11.7,15:30,67,87,01:20,55,16:50,2025-05-07 08:32:03.026923,2025-05-07 08:32:03.026923
261210,137,2020-09-30,21.4,0,19,05:58,23.8,13:26,2,5.8,12.8,14:40,69,77,,56,10:30,2025-05-07 08:32:03.117086,2025-05-07 08:32:03.117086
261227,137,2020-10-01,21.1,0.8,19,04:12,23.2,12:52,4,4.4,12.5,14:20,70,84,23:00,58,12:00,2025-05-07 08:32:03.217577,2025-05-07 08:32:03.217577
261245,137,2020-10-02,20.3,1.4,18,,22.6,13:47,6,4.7,11.7,04:30,80,91,17:50,61,13:30,2025-05-07 08:32:03.302214,2025-05-07 08:32:03.302214
261263,137,2020-10-03,19.8,10.6,17.9,07:51,21.7,14:27,99,4.2,10.8,,82,96,10:30,70,01:10,2025-05-07 08:32:03.369855,2025-05-07 08:32:03.369855
261281,137,2020-10-04,20.2,1.6,18.7,09:02,21.7,14:58,6,4.7,11.7,21:50,83,96,09:10,72,16:40,2025-05-07 08:32:03.440013,2025-05-07 08:32:03.440013
261299,137,2020-10-05,21,0,18.8,01:16,23.1,13:35,8,6.1,18.3,16:10,69,81,06:20,64,16:30,2025-05-07 08:32:03.542661,2025-05-07 08:32:03.542661
261317,137,2020-10-06,21.7,1,19.3,,24.1,22:09,9,4.7,15.8,03:30,81,95,15:00,63,21:20,2025-05-07 08:32:03.644837,2025-05-07 08:32:03.644837
261335,137,2020-10-07,22.7,0,18.4,06:59,27,15:29,32,1.9,6.7,12:30,81,97,,60,21:50,2025-05-07 08:32:03.746205,2025-05-07 08:32:03.746205
261353,137,2020-10-08,24.4,0,19.6,07:08,29.3,10:58,1,4.4,11.7,19:20,72,91,,37,,2025-05-07 08:32:03.843328,2025-05-07 08:32:03.843328
261371,137,2020-10-09,21.8,0,19.7,22:50,23.8,00:01,8,4.4,18.1,08:40,78,88,09:40,58,00:00,2025-05-07 08:32:03.911412,2025-05-07 08:32:03.911412
261389,137,2020-10-10,21,0,19.2,06:45,22.8,15:30,10,8.1,19.2,23:30,76,84,01:20,69,16:00,2025-05-07 08:32:03.983282,2025-05-07 08:32:03.983282
261407,137,2020-10-11,22.6,0,19.4,04:35,25.7,11:57,10,6.7,23.3,05:30,71,82,23:10,66,07:00,2025-05-07 08:32:04.063959,2025-05-07 08:32:04.063959
261425,137,2020-10-12,25.8,0,19.4,06:06,32.3,17:26,2,1.4,7.5,01:50,49,85,01:50,18,22:10,2025-05-07 08:32:04.145630,2025-05-07 08:32:04.145630
261443,137,2020-10-13,27.2,0,22.4,07:37,31.9,16:53,8,0.8,12.8,03:20,61,73,09:50,18,,2025-05-07 08:32:04.223439,2025-05-07 08:32:04.223439
261461,137,2020-10-14,23,0,18.4,06:31,27.6,00:39,9,3.6,15.8,21:30,72,93,04:00,4,22:10,2025-05-07 08:32:04.307143,2025-05-07 08:32:04.307143
261479,137,2020-10-15,20.8,0,17.5,06:49,24.1,13:45,35,3.1,11.4,08:20,72,88,23:50,39,07:30,2025-05-07 08:32:04.401471,2025-05-07 08:32:04.401471
261497,137,2020-10-16,20.2,0,17.4,07:00,22.9,12:11,2,4.2,12.8,15:30,75,92,01:00,67,11:40,2025-05-07 08:32:04.482034,2025-05-07 08:32:04.482034
261515,137,2020-10-17,20,0,17.6,23:47,22.3,10:44,99,3.3,10.3,00:10,71,90,,61,08:50,2025-05-07 08:32:04.550019,2025-05-07 08:32:04.550019
261533,137,2020-10-18,20.4,0,16.7,02:20,24,13:52,28,1.9,6.7,14:30,75,95,23:30,57,13:00,2025-05-07 08:32:04.628433,2025-05-07 08:32:04.628433
261551,137,2020-10-19,22,0,17.7,01:38,26.3,16:26,26,3.6,10,12:10,75,96,,63,16:40,2025-05-07 08:32:04.727844,2025-05-07 08:32:04.727844
261569,137,2020-10-20,24,0.2,19.9,23:41,28,12:14,22,8.3,27.8,10:10,55,89,19:50,36,04:30,2025-05-07 08:32:04.827931,2025-05-07 08:32:04.827931
261587,137,2020-10-21,19.2,56.2,16.6,23:33,21.7,11:28,9,2.8,13.9,23:10,75,99,23:50,61,08:50,2025-05-07 08:32:04.906361,2025-05-07 08:32:04.906361
261605,137,2020-10-22,18.6,2.8,16.1,04:07,21,14:24,9,2.5,8.6,21:30,77,98,00:00,63,15:30,2025-05-07 08:32:05.026569,2025-05-07 08:32:05.026569
261623,137,2020-10-23,18.2,0,16.3,07:09,20.2,12:27,4,6.4,20.6,23:50,70,78,05:10,62,16:00,2025-05-07 08:32:05.123182,2025-05-07 08:32:05.123182
261640,137,2020-10-24,19.2,0,17.1,05:03,21.3,14:13,8,9.7,19.7,23:50,67,77,21:00,58,12:30,2025-05-07 08:32:05.199618,2025-05-07 08:32:05.199618
261658,137,2020-10-25,19.2,0,17.4,07:48,21,13:49,9,11.7,26.9,02:30,69,77,23:59,65,,2025-05-07 08:32:05.268825,2025-05-07 08:32:05.268825
261676,137,2020-10-26,20.4,0,17.5,03:00,23.2,13:54,8,12.5,25,03:30,70,78,00:10,42,13:50,2025-05-07 08:32:05.342304,2025-05-07 08:32:05.342304
261694,137,2020-10-27,19.6,0,17.9,23:11,21.4,13:40,6,5,12.8,00:20,69,85,10:20,59,13:40,2025-05-07 08:32:05.439962,2025-05-07 08:32:05.439962
261712,137,2020-10-28,18.4,0,17,08:19,19.9,16:15,1,4.4,10.3,14:20,70,85,20:50,67,13:40,2025-05-07 08:32:05.519287,2025-05-07 08:32:05.519287
261730,137,2020-10-29,18.6,0,17.2,,20.1,12:08,99,4.4,10.8,,79,86,06:00,70,12:10,2025-05-07 08:32:05.600306,2025-05-07 08:32:05.600306
261748,137,2020-10-30,21,0,17.7,05:05,24.2,24:00,10,3.3,10.3,08:40,84,96,,23,23:59,2025-05-07 08:32:05.679225,2025-05-07 08:32:05.679225
261766,137,2020-10-31,24.4,0,19.2,01:49,29.7,15:30,14,3.6,14.2,01:00,25,52,01:30,17,15:10,2025-05-07 08:32:05.742327,2025-05-07 08:32:05.742327
261784,137,2020-11-01,25.9,0,23.7,21:15,28.1,13:27,3,5.3,15,16:00,21,28,15:30,18,20:30,2025-05-07 08:32:05.814732,2025-05-07 08:32:05.814732
261802,137,2020-11-02,21.6,0,18.7,,24.4,13:11,10,6.9,17.5,07:30,36,77,23:10,19,01:20,2025-05-07 08:32:05.907336,2025-05-07 08:32:05.907336
261820,137,2020-11-03,20.2,0,18.3,02:59,22,12:55,8,6.4,18.3,23:30,73,84,19:30,65,12:40,2025-05-07 08:32:05.987237,2025-05-07 08:32:05.987237
261838,137,2020-11-04,,,,,,,8,6.1,21.4,60:30,81,,,,,2025-05-07 08:32:06.074852,2025-05-07 08:32:06.074852
261856,137,2020-11-05,18.4,0.2,15.3,03:02,21.6,14:38,99,3.3,11.7,,66,89,,52,14:40,2025-05-07 08:32:06.166936,2025-05-07 08:32:06.166936
261874,137,2020-11-06,19.7,0.6,16.7,07:10,22.7,13:29,26,5.6,16.7,12:50,73,89,07:10,54,13:30,2025-05-07 08:32:06.265314,2025-05-07 08:32:06.265314
261892,137,2020-11-07,19.4,0,16.1,05:29,22.7,13:10,10,2.5,9.7,00:30,72,92,21:40,61,09:10,2025-05-07 08:32:06.368085,2025-05-07 08:32:06.368085
261910,137,2020-11-08,17.7,0,15.8,06:15,19.6,13:33,9,2.8,10,20:30,77,91,01:20,61,22:10,2025-05-07 08:32:06.473348,2025-05-07 08:32:06.473348
261928,137,2020-11-09,18.4,0,16.3,01:36,20.6,,6,6.9,16.9,23:00,68,79,20:20,63,14:10,2025-05-07 08:32:06.575836,2025-05-07 08:32:06.575836
261946,137,2020-11-10,19.7,0,16.2,06:16,23.2,14:24,11,3.1,20,03:50,73,89,21:40,62,09:40,2025-05-07 08:32:06.681105,2025-05-07 08:32:06.681105
261964,137,2020-11-11,19.4,0,16.1,00:43,22.7,14:44,36,3.1,6.7,12:50,79,90,01:00,66,23:59,2025-05-07 08:32:06.768427,2025-05-07 08:32:06.768427
261982,137,2020-11-12,20.8,0,17.7,01:50,23.8,14:47,36,1.7,7.2,01:00,80,88,18:00,23,04:00,2025-05-07 08:32:06.853808,2025-05-07 08:32:06.853808
262000,137,2020-11-13,20.8,0,18,07:40,23.6,15:28,30,0.8,8.6,15:50,89,95,17:10,41,21:30,2025-05-07 08:32:06.928904,2025-05-07 08:32:06.928904
262018,137,2020-11-14,24,0,19.8,07:23,28.3,12:31,28,2.5,13.1,13:30,60,79,23:30,26,,2025-05-07 08:32:07.014835,2025-05-07 08:32:07.014835
262036,137,2020-11-15,22.5,0,19.3,03:32,25.7,13:10,25,1.7,6.1,03:30,65,87,01:50,43,23:40,2025-05-07 08:32:07.095637,2025-05-07 08:32:07.095637
262054,137,2020-11-16,24.2,0,20.4,01:49,28.1,15:40,99,0.8,3.6,12:50,46,66,16:50,29,12:50,2025-05-07 08:32:07.167048,2025-05-07 08:32:07.167048
262072,137,2020-11-17,26,0,23.2,23:41,28.7,12:57,13,1.7,9.4,03:40,32,42,11:50,23,03:40,2025-05-07 08:32:07.233016,2025-05-07 08:32:07.233016
262090,137,2020-11-18,24,0,19.1,23:47,29,12:08,9,3.1,11.7,01:30,37,87,19:40,22,10:20,2025-05-07 08:32:07.304796,2025-05-07 08:32:07.304796
262108,137,2020-11-19,20.6,0,16.8,23:47,24.4,15:34,8,4.7,16.4,11:30,73,91,21:10,60,15:30,2025-05-07 08:32:07.369705,2025-05-07 08:32:07.369705
262126,137,2020-11-20,20,0,16.1,03:31,24,16:36,30,1.7,5,14:10,66,95,08:50,37,05:20,2025-05-07 08:32:07.448719,2025-05-07 08:32:07.448719
262144,137,2020-11-21,21.6,0,18.7,19:57,24.4,13:34,14,2.5,10.8,22:20,43,60,19:20,34,,2025-05-07 08:32:07.527633,2025-05-07 08:32:07.527633
262162,137,2020-11-22,21.8,0,19.2,22:55,24.5,13:22,9,2.5,13.1,19:30,36,47,18:40,25,21:40,2025-05-07 08:32:07.596787,2025-05-07 08:32:07.596787
262180,137,2020-11-23,21.4,0,18.6,20:44,24.1,15:55,29,2.2,5,12:40,40,57,,26,00:30,2025-05-07 08:32:07.677058,2025-05-07 08:32:07.677058
262198,137,2020-11-24,20.5,0,17.6,23:33,23.4,13:44,30,1.9,5.6,13:30,40,55,09:50,28,02:00,2025-05-07 08:32:07.771083,2025-05-07 08:32:07.771083
262216,137,2020-11-25,18,1,15.4,19:50,20.6,11:46,33,4.4,10.6,18:10,75,93,18:50,31,00:30,2025-05-07 08:32:07.867053,2025-05-07 08:32:07.867053
262234,137,2020-11-26,14.4,1.6,12.8,23:53,15.9,15:03,35,5,13.9,17:00,80,90,08:00,69,00:40,2025-05-07 08:32:07.934369,2025-05-07 08:32:07.934369
262252,137,2020-11-27,15.2,8.2,12.7,04:46,17.8,13:56,36,2.8,11.7,05:50,75,89,22:10,67,16:00,2025-05-07 08:32:07.994050,2025-05-07 08:32:07.994050
262270,137,2020-11-28,16.6,10,14,04:16,19.1,15:42,3,1.7,8.3,03:50,85,96,10:50,69,17:30,2025-05-07 08:32:08.061981,2025-05-07 08:32:08.061981
262288,137,2020-11-29,15.6,4.8,13.4,07:15,17.7,16:54,24,1.1,14.7,23:59,86,97,07:00,66,23:59,2025-05-07 08:32:08.131108,2025-05-07 08:32:08.131108
262306,137,2020-11-30,18,0.2,15.6,07:17,20.3,12:46,23,5.6,16.4,01:00,65,76,15:40,49,12:10,2025-05-07 08:32:08.203242,2025-05-07 08:32:08.203242
262324,137,2020-12-01,18.6,3.2,15.7,01:27,21.4,12:34,19,3.9,14.2,17:30,67,96,15:00,60,11:40,2025-05-07 08:32:08.298943,2025-05-07 08:32:08.298943
262342,137,2020-12-02,17.8,1.6,14.9,02:52,20.8,13:54,26,2.5,8.9,04:00,72,95,02:40,63,14:50,2025-05-07 08:32:08.394275,2025-05-07 08:32:08.394275
262360,137,2020-12-03,18.2,0,15.3,01:41,21.1,12:30,14,1.9,7.8,07:50,71,87,21:00,54,02:50,2025-05-07 08:32:08.457924,2025-05-07 08:32:08.457924
262378,137,2020-12-04,17.4,0.8,15.1,06:55,19.7,11:08,1,3.6,10.6,11:30,77,92,19:10,69,03:00,2025-05-07 08:32:08.542689,2025-05-07 08:32:08.542689
262396,137,2020-12-05,15.2,14,13.4,23:23,17,10:45,1,3.3,12.2,19:40,89,97,11:50,79,10:40,2025-05-07 08:32:08.635860,2025-05-07 08:32:08.635860
262413,137,2020-12-06,14.6,5.2,12.8,07:10,16.3,14:05,36,4.2,12.5,10:00,82,95,00:20,73,15:20,2025-05-07 08:32:08.704666,2025-05-07 08:32:08.704666
262430,137,2020-12-07,15.3,2.2,13.8,00:26,16.8,13:41,9,5.3,10.6,11:00,82,90,04:50,74,13:40,2025-05-07 08:32:08.782627,2025-05-07 08:32:08.782627
262447,137,2020-12-08,15.9,0.8,14.2,07:52,17.6,15:14,8,3.9,10.8,02:40,77,93,23:40,66,10:30,2025-05-07 08:32:08.869561,2025-05-07 08:32:08.869561
262464,137,2020-12-09,16,5.4,14.7,10:01,17.4,14:12,8,4.2,12.5,18:30,80,91,20:50,72,12:10,2025-05-07 08:32:08.968192,2025-05-07 08:32:08.968192
262482,137,2020-12-10,16.2,0.8,15.1,06:33,17.2,13:40,5,4.7,16.7,22:30,80,92,01:00,72,15:10,2025-05-07 08:32:09.079644,2025-05-07 08:32:09.079644
262500,137,2020-12-11,17,2,14.9,08:00,19,15:47,7,5,16.9,15:30,86,95,08:00,72,14:30,2025-05-07 08:32:09.178855,2025-05-07 08:32:09.178855
262518,137,2020-12-12,16.6,0.4,14.7,23:05,18.4,13:49,5,7.2,13.3,12:30,77,98,23:40,74,,2025-05-07 08:32:09.264465,2025-05-07 08:32:09.264465
262536,137,2020-12-13,16.3,0,14.6,00:23,18,14:08,8,2.2,7.8,20:50,82,98,00:00,71,20:50,2025-05-07 08:32:09.359777,2025-05-07 08:32:09.359777
262554,137,2020-12-14,17.1,3.2,15,06:26,19.2,15:12,36,2.8,8.1,15:30,80,91,23:50,69,12:10,2025-05-07 08:32:09.453929,2025-05-07 08:32:09.453929
262571,137,2020-12-15,16.7,2,14.7,03:01,18.7,13:01,5,4.4,10,13:40,83,96,02:40,74,12:20,2025-05-07 08:32:09.527218,2025-05-07 08:32:09.527218
262588,137,2020-12-16,17,1,14.7,06:28,19.2,16:02,99,3.1,7.5,23:30,79,96,23:40,62,14:40,2025-05-07 08:32:09.602854,2025-05-07 08:32:09.602854
262606,137,2020-12-17,16,0.2,14.3,07:50,17.6,14:42,9,4.2,11.7,10:10,75,96,00:10,68,14:00,2025-05-07 08:33:12.358183,2025-05-07 08:33:12.358183
262624,137,2020-12-18,15.8,0,13.9,05:57,17.6,12:56,2,4.2,13.6,14:40,72,78,06:30,65,16:00,2025-05-07 08:33:12.457029,2025-05-07 08:33:12.457029
262642,137,2020-12-19,16.2,0,14.5,04:37,17.8,12:41,36,4.2,11.4,15:30,70,78,,48,23:10,2025-05-07 08:33:12.529624,2025-05-07 08:33:12.529624
262660,137,2020-12-20,18.2,0,14.9,01:11,21.5,13:29,9,5.3,13.3,18:30,72,82,17:10,59,05:50,2025-05-07 08:33:12.615083,2025-05-07 08:33:12.615083
262678,137,2020-12-21,17,0,14.5,01:20,19.6,11:50,8,6.1,18.1,07:50,78,90,01:10,66,08:40,2025-05-07 08:33:12.682241,2025-05-07 08:33:12.682241
262696,137,2020-12-22,17.1,0,13.8,05:47,20.4,14:09,26,0.8,5.3,14:30,67,82,02:50,57,10:10,2025-05-07 08:33:12.752654,2025-05-07 08:33:12.752654
262714,137,2020-12-23,17.7,0,14.9,22:19,20.5,13:42,9,2.5,10.8,04:00,50,64,00:00,42,03:30,2025-05-07 08:33:12.832739,2025-05-07 08:33:12.832739
262732,137,2020-12-24,18.2,0,14.7,21:40,21.7,13:45,9,2.8,12.2,23:30,52,74,19:50,40,13:50,2025-05-07 08:33:12.915266,2025-05-07 08:33:12.915266
262750,137,2020-12-25,18.6,0,15.5,01:35,21.7,11:30,5,2.2,11.1,01:10,48,71,22:40,31,08:40,2025-05-07 08:33:12.992023,2025-05-07 08:33:12.992023
262768,137,2020-12-26,17.4,0,14.6,05:56,20.3,13:41,26,1.1,6.1,13:40,77,93,,56,05:00,2025-05-07 08:33:13.077497,2025-05-07 08:33:13.077497
262786,137,2020-12-27,17.4,0,14.3,07:08,20.6,12:00,29,1.7,5,15:30,77,92,19:00,58,08:40,2025-05-07 08:33:13.147163,2025-05-07 08:33:13.147163
262804,137,2020-12-28,17.9,0,14.6,04:40,21.2,12:06,10,1.7,10.3,20:00,64,91,19:10,32,02:40,2025-05-07 08:33:13.228713,2025-05-07 08:33:13.228713
262822,137,2020-12-29,16.7,0,14.6,01:26,18.8,12:46,9,5,11.7,06:10,69,79,18:50,43,00:40,2025-05-07 08:33:13.313699,2025-05-07 08:33:13.313699
262840,137,2020-12-30,15.4,0,13.6,01:48,17.3,14:53,9,4.7,13.6,16:30,78,87,13:30,63,01:30,2025-05-07 08:33:13.385390,2025-05-07 08:33:13.385390
262858,137,2020-12-31,15,0,12.6,08:09,17.4,14:47,6,4.7,11.7,16:30,79,83,06:20,64,23:30,2025-05-07 08:33:13.484987,2025-05-07 08:33:13.484987
262876,137,2021-01-01,14.6,0,12.8,23:36,16.3,11:12,10,4.7,10.6,13:20,76,87,17:40,60,11:00,2025-05-07 08:33:13.570659,2025-05-07 08:33:13.570659
262894,137,2021-01-02,14.4,0,12.8,05:35,16,15:36,8,5.3,11.7,19:20,72,85,00:10,60,15:50,2025-05-07 08:33:13.643783,2025-05-07 08:33:13.643783
262912,137,2021-01-03,15.6,0,13.1,05:15,18,16:00,7,2.8,8.1,00:10,70,83,23:20,62,07:20,2025-05-07 08:33:13.724610,2025-05-07 08:33:13.724610
262930,137,2021-01-04,17.2,0,13.7,06:09,20.6,20:02,20,2.2,15.8,20:00,74,82,00:00,53,19:30,2025-05-07 08:33:13.811896,2025-05-07 08:33:13.811896
262948,137,2021-01-05,18,0,15.6,07:49,20.4,14:39,22,3.6,12.2,01:50,79,86,07:00,63,,2025-05-07 08:33:13.909743,2025-05-07 08:33:13.909743
262966,137,2021-01-06,19.7,2,17.7,00:01,21.7,10:57,23,8.1,25,08:10,67,87,14:50,55,17:20,2025-05-07 08:33:13.981179,2025-05-07 08:33:13.981179
262984,137,2021-01-07,18.6,9,17.2,10:31,20.1,17:28,22,8.1,25.3,15:00,69,88,04:30,63,12:50,2025-05-07 08:33:14.067959,2025-05-07 08:33:14.067959
263002,137,2021-01-08,14.9,26,11.4,21:13,18.4,02:46,26,3.3,20.8,03:50,89,95,,62,03:10,2025-05-07 08:33:14.157353,2025-05-07 08:33:14.157353
263020,137,2021-01-09,12.2,6.8,10,04:59,14.5,13:05,36,3.6,11.7,14:40,74,96,05:40,69,12:50,2025-05-07 08:33:14.224451,2025-05-07 08:33:14.224451
263038,137,2021-01-10,13.2,6,10.8,06:35,15.7,12:51,33,3.9,11.4,11:20,82,96,06:40,61,14:30,2025-05-07 08:33:14.291665,2025-05-07 08:33:14.291665
263056,137,2021-01-11,12.6,2,10.8,00:32,14.5,13:59,1,3.3,15,00:30,75,97,00:40,63,09:20,2025-05-07 08:33:14.379820,2025-05-07 08:33:14.379820
263074,137,2021-01-12,13.5,1.6,11.7,08:03,15.3,16:26,12,5.8,10.8,09:10,80,90,12:20,60,15:20,2025-05-07 08:33:14.464967,2025-05-07 08:33:14.464967
263092,137,2021-01-13,14.2,0.2,12.6,04:45,15.7,16:24,6,6.7,13.6,12:30,73,85,04:50,63,14:30,2025-05-07 08:33:14.540091,2025-05-07 08:33:14.540091
263110,137,2021-01-14,14.1,0,12.9,22:48,15.3,11:58,7,4.7,13.6,05:40,74,80,,62,23:10,2025-05-07 08:33:14.609318,2025-05-07 08:33:14.609318
263128,137,2021-01-15,14.2,0,12.8,03:38,15.6,17:09,6,4.7,12.8,13:30,72,82,00:20,60,16:50,2025-05-07 08:33:14.695788,2025-05-07 08:33:14.695788
263146,137,2021-01-16,14.8,0,12.7,04:23,16.9,14:41,6,5.6,18.9,09:40,67,82,19:10,58,12:00,2025-05-07 08:33:14.792136,2025-05-07 08:33:14.792136
263164,137,2021-01-17,15.4,0,12.1,23:49,18.7,15:04,6,6.7,17.2,01:20,69,81,19:30,46,22:10,2025-05-07 08:33:14.856679,2025-05-07 08:33:14.856679
263182,137,2021-01-18,15,0,11.6,08:15,18.3,10:57,34,1.7,7.2,12:30,65,86,20:00,33,10:40,2025-05-07 08:33:14.934615,2025-05-07 08:33:14.934615
263200,137,2021-01-19,14.9,0,11.6,06:33,18.2,13:00,8,1.4,7.5,01:40,60,91,21:00,42,07:50,2025-05-07 08:33:15.025628,2025-05-07 08:33:15.025628
263218,137,2021-01-20,14.7,0,11.2,07:05,18.2,13:38,4,2.5,8.3,23:30,80,90,,63,22:30,2025-05-07 08:33:15.126543,2025-05-07 08:33:15.126543
263236,137,2021-01-21,16.2,0,12.8,06:34,19.6,17:13,2,3.1,10.6,16:30,71,93,,44,18:10,2025-05-07 08:33:15.222173,2025-05-07 08:33:15.222173
263254,137,2021-01-22,17,0,14,05:32,20.1,12:30,6,6.1,17.8,16:30,81,96,05:40,62,21:00,2025-05-07 08:33:15.286000,2025-05-07 08:33:15.286000
263272,137,2021-01-23,17.6,0,13.5,07:38,21.8,12:53,9,1.9,12.5,00:30,82,97,08:50,64,00:00,2025-05-07 08:33:15.387268,2025-05-07 08:33:15.387268
263290,137,2021-01-24,17.1,0,13.3,06:32,20.9,14:48,36,1.7,5.8,12:40,85,97,01:50,71,10:00,2025-05-07 08:33:15.489347,2025-05-07 08:33:15.489347
263308,137,2021-01-25,18.1,0,12.9,05:58,23.3,14:27,9,2.2,20.6,20:30,69,96,04:50,39,16:40,2025-05-07 08:33:15.567628,2025-05-07 08:33:15.567628
263326,137,2021-01-26,17.2,0,13,02:34,21.5,14:08,7,9.2,20.8,08:30,54,86,02:10,25,22:10,2025-05-07 08:33:15.647692,2025-05-07 08:33:15.647692
263344,137,2021-01-27,19.4,0,13.3,07:35,25.4,17:32,15,0.8,5.3,00:50,59,87,23:40,30,00:00,2025-05-07 08:33:15.751742,2025-05-07 08:33:15.751742
263362,137,2021-01-28,20.9,0,15.4,00:09,26.4,17:21,16,1.9,4.4,03:30,43,78,00:10,21,23:59,2025-05-07 08:33:15.829897,2025-05-07 08:33:15.829897
263380,137,2021-01-29,21.8,0,17.5,24:00,26.1,15:15,36,1.4,8.6,23:50,31,60,23:59,19,07:00,2025-05-07 08:33:15.912723,2025-05-07 08:33:15.912723
263398,137,2021-01-30,18.1,0,14.6,04:30,21.6,06:22,9,5.6,20.8,22:30,56,84,01:50,17,20:20,2025-05-07 08:33:15.994566,2025-05-07 08:33:15.994566
263416,137,2021-01-31,18.3,0,14.7,00:01,21.9,15:31,9,7.5,23.1,01:30,50,83,04:00,27,,2025-05-07 08:33:16.071901,2025-05-07 08:33:16.071901
263434,137,2021-02-01,19.8,0,16.6,23:59,23.1,17:21,7,6.7,22.5,08:20,48,71,20:10,23,22:40,2025-05-07 08:33:16.143286,2025-05-07 08:33:16.143286
263452,137,2021-02-02,16.6,0,13,23:34,20.1,14:15,3,1.4,6.7,05:00,77,94,20:30,66,00:50,2025-05-07 08:33:16.228910,2025-05-07 08:33:16.228910
263470,137,2021-02-03,15.1,0.4,12,06:39,18.2,11:58,36,2.5,6.9,12:40,80,94,00:40,69,10:30,2025-05-07 08:33:16.303788,2025-05-07 08:33:16.303788
263488,137,2021-02-04,12.4,14,10.2,23:30,14.5,00:01,9,2.5,9.4,23:00,92,99,,79,17:30,2025-05-07 08:33:16.386449,2025-05-07 08:33:16.386449
263506,137,2021-02-05,11.5,11,9.6,18:21,13.4,14:03,32,2.2,15.3,14:10,91,95,12:30,77,03:20,2025-05-07 08:33:16.486561,2025-05-07 08:33:16.486561
263524,137,2021-02-06,13,3,10.2,08:10,15.7,14:40,32,3.3,12.5,12:20,81,93,08:10,69,03:50,2025-05-07 08:33:16.566548,2025-05-07 08:33:16.566548
263542,137,2021-02-07,14.6,0.4,12.1,05:17,17.2,13:45,5,3.1,10.6,14:30,79,92,05:00,67,13:20,2025-05-07 08:33:16.637806,2025-05-07 08:33:16.637806
263559,137,2021-02-08,15.2,0,12.9,02:09,17.5,12:07,36,2.2,6.7,13:40,83,89,18:50,74,10:30,2025-05-07 08:33:16.716026,2025-05-07 08:33:16.716026
263577,137,2021-02-09,15.6,0,12.5,04:41,18.7,14:46,28,2.5,5.8,14:50,75,86,07:00,62,12:00,2025-05-07 08:33:16.787627,2025-05-07 08:33:16.787627
263595,137,2021-02-10,15.3,0,12.6,05:51,18,11:10,11,1.9,5,00:30,83,92,,72,11:10,2025-05-07 08:33:16.858701,2025-05-07 08:33:16.858701
263613,137,2021-02-11,15.6,0.2,12.4,07:50,18.9,12:26,10,3.1,9.4,22:40,72,86,08:00,64,12:20,2025-05-07 08:33:16.938824,2025-05-07 08:33:16.938824
263631,137,2021-02-12,16.4,0.4,14.5,04:56,18.3,12:14,13,5,11.9,10:30,80,90,13:30,71,12:00,2025-05-07 08:33:17.016833,2025-05-07 08:33:17.016833
263649,137,2021-02-13,17.4,0,14.8,00:38,20.1,13:55,10,12.8,24.7,08:30,73,87,00:00,26,23:59,2025-05-07 08:33:17.116496,2025-05-07 08:33:17.116496
263667,137,2021-02-14,17.8,0,12.5,07:47,23.2,12:43,10,2.2,12.8,00:20,72,95,21:10,23,23:50,2025-05-07 08:33:17.197873,2025-05-07 08:33:17.197873
263685,137,2021-02-15,20.6,0,17.4,05:03,23.9,14:55,12,2.8,15.6,09:10,37,60,05:00,20,,2025-05-07 08:33:17.265728,2025-05-07 08:33:17.265728
263703,137,2021-02-16,18.2,0,14.9,20:26,21.4,00:58,12,3.1,15.8,02:00,34,55,19:00,20,00:50,2025-05-07 08:33:17.344274,2025-05-07 08:33:17.344274
263721,137,2021-02-17,16.8,0,13.6,23:53,20,13:00,8,3.6,11.7,22:20,36,60,19:20,19,22:20,2025-05-07 08:33:17.410475,2025-05-07 08:33:17.410475
263739,137,2021-02-18,17,0,13,01:03,20.9,13:30,8,3.3,12.2,06:10,49,82,19:50,18,23:40,2025-05-07 08:33:17.473656,2025-05-07 08:33:17.473656
263757,137,2021-02-19,17.1,0,13.7,04:36,20.5,11:42,8,0.8,8.9,00:50,42,70,,16,00:50,2025-05-07 08:33:17.562275,2025-05-07 08:33:17.562275
263775,137,2021-02-20,19,4.2,13.8,02:38,24.3,14:31,26,5,20.6,18:40,37,91,23:59,17,10:20,2025-05-07 08:33:17.633199,2025-05-07 08:33:17.633199
263793,137,2021-02-21,15.8,0,13.4,,18.1,14:12,2,2.2,7.8,00:20,70,95,00:30,58,,2025-05-07 08:33:17.703946,2025-05-07 08:33:17.703946
263811,137,2021-02-22,15.8,0,12.3,07:33,19.4,14:02,8,2.5,11.1,23:40,67,85,23:40,56,12:00,2025-05-07 08:33:17.792820,2025-05-07 08:33:17.792820
263829,137,2021-02-23,17,0,15,23:53,19,12:17,8,8.9,18.3,07:30,74,84,00:00,58,09:40,2025-05-07 08:33:17.894694,2025-05-07 08:33:17.894694
263847,137,2021-02-24,15.8,0,13.6,02:50,18,12:51,7,5.8,15,07:40,75,84,,68,15:10,2025-05-07 08:33:18.005245,2025-05-07 08:33:18.005245
263865,137,2021-02-25,15.4,9,12.7,23:40,18,11:33,7,7.5,15.8,07:30,82,96,,67,07:20,2025-05-07 08:33:18.115163,2025-05-07 08:33:18.115163
263883,137,2021-02-26,14.2,1.6,12.5,09:21,15.8,15:00,2,4.4,14.2,13:30,73,86,22:10,65,01:50,2025-05-07 08:33:18.216186,2025-05-07 08:33:18.216186
263901,137,2021-02-27,12.8,8.2,11.4,23:58,14.2,13:00,4,3.3,11.7,00:10,69,95,23:59,61,18:40,2025-05-07 08:33:18.321446,2025-05-07 08:33:18.321446
263919,137,2021-02-28,14,10.8,11,00:39,17,16:03,34,3.3,10,06:50,84,98,,65,16:30,2025-05-07 08:33:18.432880,2025-05-07 08:33:18.432880
263937,137,2021-03-01,15.1,1.4,12.6,07:32,17.6,13:51,36,2.8,9.2,20:10,80,96,07:40,65,15:40,2025-05-07 08:33:18.510026,2025-05-07 08:33:18.510026
263955,137,2021-03-02,15.4,0,13.7,06:41,17.1,14:36,3,5.6,13.6,14:30,76,85,,72,07:00,2025-05-07 08:33:18.612225,2025-05-07 08:33:18.612225
263973,137,2021-03-03,15.2,0,13.3,05:00,17.2,11:48,12,6.7,13.9,07:30,72,83,20:50,64,08:10,2025-05-07 08:33:18.715285,2025-05-07 08:33:18.715285
263991,137,2021-03-04,15.8,0.4,13.3,03:59,18.4,13:52,10,4.4,12.8,03:00,73,83,23:50,64,19:30,2025-05-07 08:33:18.809449,2025-05-07 08:33:18.809449
264009,137,2021-03-05,15.8,4.8,13.4,23:21,18.2,12:57,35,2.8,10,17:50,85,95,,73,13:00,2025-05-07 08:33:18.880945,2025-05-07 08:33:18.880945
264027,137,2021-03-06,14.9,1,13.1,05:43,16.7,13:13,2,6.1,13.3,18:10,81,96,00:10,76,13:10,2025-05-07 08:33:18.955855,2025-05-07 08:33:18.955855
264045,137,2021-03-07,14.9,1.8,13.4,22:20,16.4,15:38,4,4.7,12.8,00:50,78,93,,70,12:30,2025-05-07 08:33:19.051793,2025-05-07 08:33:19.051793
264063,137,2021-03-08,15.4,9.2,13,23:25,17.9,14:32,3,2.8,12.8,23:20,90,98,09:10,72,14:50,2025-05-07 08:33:19.124352,2025-05-07 08:33:19.124352
264081,137,2021-03-09,14.2,0.2,12.2,01:54,16.2,14:08,1,5.3,14.4,10:00,75,95,02:00,63,13:50,2025-05-07 08:33:19.199114,2025-05-07 08:33:19.199114
264099,137,2021-03-10,14.8,0,13.2,03:54,16.3,14:00,9,5.8,18.9,01:30,72,78,01:00,61,14:00,2025-05-07 08:33:19.280417,2025-05-07 08:33:19.280417
264117,137,2021-03-11,16.2,0,13.5,04:19,19,14:03,4,6.1,18.9,07:30,73,91,,49,23:59,2025-05-07 08:33:19.360959,2025-05-07 08:33:19.360959
264135,137,2021-03-12,17.2,0,12.5,23:41,22,12:20,9,6.9,19.4,01:30,47,71,23:30,19,22:30,2025-05-07 08:33:19.445855,2025-05-07 08:33:19.445855
264153,137,2021-03-13,16,0,12.4,01:01,19.7,11:26,8,7.2,23.3,04:30,70,83,20:10,53,10:40,2025-05-07 08:33:19.526181,2025-05-07 08:33:19.526181
264170,137,2021-03-14,17.4,0,14.4,23:41,20.4,11:16,9,7.2,20.3,07:30,74,89,19:30,59,08:40,2025-05-07 08:33:19.602621,2025-05-07 08:33:19.602621
264188,137,2021-03-15,16,0,14.1,,17.8,13:57,8,4.4,11.7,23:30,76,84,,68,11:20,2025-05-07 08:33:19.696571,2025-05-07 08:33:19.696571
264206,137,2021-03-16,16.6,0,14.1,04:21,19.2,12:43,8,5.6,20.8,10:30,70,85,00:10,56,10:10,2025-05-07 08:33:19.778043,2025-05-07 08:33:19.778043
264224,137,2021-03-17,15.5,0,12.1,03:48,18.9,14:02,10,6.1,16.4,08:30,68,79,,47,09:50,2025-05-07 08:33:19.863301,2025-05-07 08:33:19.863301
264242,137,2021-03-18,15.9,0,13.6,03:55,18.2,14:10,36,4.7,11.1,16:00,72,83,22:50,62,17:00,2025-05-07 08:33:19.936241,2025-05-07 08:33:19.936241
264260,137,2021-03-19,16.4,0,13.9,,18.9,14:18,1,3.3,9.2,16:10,74,90,06:20,57,14:30,2025-05-07 08:33:20.015777,2025-05-07 08:33:20.015777
264278,137,2021-03-20,15.2,0.6,13.1,02:17,17.4,14:29,2,4.7,13.9,12:50,67,75,23:59,58,12:30,2025-05-07 08:33:20.114975,2025-05-07 08:33:20.114975
264296,137,2021-03-21,14.8,0,12.4,04:19,17.2,14:18,36,5.8,14.4,16:00,68,93,04:20,56,13:10,2025-05-07 08:33:20.181867,2025-05-07 08:33:20.181867
264313,137,2021-03-22,14.8,0,13,02:49,16.6,13:10,99,4.7,11.7,,62,79,23:59,55,12:30,2025-05-07 08:33:20.244229,2025-05-07 08:33:20.244229
264331,137,2021-03-23,15.4,0,12.6,06:46,18.1,15:17,8,6.4,13.9,05:40,74,83,19:40,58,23:59,2025-05-07 08:33:20.330313,2025-05-07 08:33:20.330313
264349,137,2021-03-24,18.6,0,12.6,02:37,24.6,23:06,8,1.4,16.7,23:30,71,91,06:10,16,,2025-05-07 08:33:20.406235,2025-05-07 08:33:20.406235
264367,137,2021-03-25,23.4,0,19.9,07:18,27,14:16,10,1.7,20.6,01:20,26,45,09:00,13,02:30,2025-05-07 08:33:20.486284,2025-05-07 08:33:20.486284
264385,137,2021-03-26,19.7,0,16.4,23:37,23,03:03,26,5.8,18.6,17:30,48,64,,18,03:00,2025-05-07 08:33:20.565361,2025-05-07 08:33:20.565361
264403,137,2021-03-27,18,0,14.8,05:03,21.2,15:13,27,5.8,13.9,17:30,65,85,20:40,54,15:10,2025-05-07 08:33:20.641294,2025-05-07 08:33:20.641294
264421,137,2021-03-28,18,0,13.9,04:58,22,16:01,28,5,13.1,12:30,65,85,23:30,52,15:40,2025-05-07 08:33:20.724002,2025-05-07 08:33:20.724002
264439,137,2021-03-29,17.7,0,14.3,06:17,21.1,15:38,26,3.3,9.7,04:40,73,89,,61,14:40,2025-05-07 08:33:20.809765,2025-05-07 08:33:20.809765
264457,137,2021-03-30,16,0,12.8,06:43,19.2,12:30,28,2.2,7.2,13:30,77,93,22:50,64,09:20,2025-05-07 08:33:20.882440,2025-05-07 08:33:20.882440
264475,137,2021-03-31,17.4,0,13,03:37,21.9,15:00,27,4.2,15.6,14:30,57,92,00:20,50,18:30,2025-05-07 08:33:20.985429,2025-05-07 08:33:20.985429
264493,137,2021-04-01,16.3,0,13.6,05:47,19,10:47,1,4.4,9.4,11:10,77,83,02:30,51,23:50,2025-05-07 08:33:21.068275,2025-05-07 08:33:21.068275
264511,137,2021-04-02,18,0,14.9,07:37,21,14:06,10,7.8,23.1,10:30,70,80,21:10,38,00:40,2025-05-07 08:33:21.142489,2025-05-07 08:33:21.142489
264529,137,2021-04-03,16.6,0,14.6,02:17,18.7,13:28,6,5.6,16.4,19:30,66,82,02:20,57,,2025-05-07 08:33:21.213944,2025-05-07 08:33:21.213944
264547,137,2021-04-04,16.8,0,14.4,05:09,19.2,13:19,1,6.1,14.2,13:40,65,76,,58,,2025-05-07 08:33:21.281652,2025-05-07 08:33:21.281652
264565,137,2021-04-05,16,0,13,04:29,18.9,10:21,3,3.6,8.9,06:20,71,81,21:00,64,10:00,2025-05-07 08:33:21.346536,2025-05-07 08:33:21.346536
264583,137,2021-04-06,16.8,0,12.8,04:29,20.9,14:30,35,3.9,8.1,12:30,63,81,22:20,51,14:30,2025-05-07 08:33:21.428180,2025-05-07 08:33:21.428180
264601,137,2021-04-07,17.8,0,13.8,04:17,21.7,15:52,99,1.7,7.5,,74,81,07:30,62,15:40,2025-05-07 08:33:21.509180,2025-05-07 08:33:21.509180
264619,137,2021-04-08,19.3,0,15.4,06:18,23.2,14:58,35,2.5,8.3,17:30,71,82,01:50,62,13:30,2025-05-07 08:33:21.613560,2025-05-07 08:33:21.613560
264637,137,2021-04-09,18.8,0,15.3,04:49,22.3,13:50,2,3.9,8.1,,64,88,22:40,56,16:10,2025-05-07 08:33:21.700446,2025-05-07 08:33:21.700446
264655,137,2021-04-10,17.8,0,14.2,05:33,21.5,16:10,1,3.9,9.4,10:30,65,80,00:20,34,23:59,2025-05-07 08:33:21.790294,2025-05-07 08:33:21.790294
264673,137,2021-04-11,19.2,0,14.9,04:27,23.6,15:59,34,3.6,10.8,13:30,50,68,12:10,28,20:40,2025-05-07 08:33:21.870596,2025-05-07 08:33:21.870596
264691,137,2021-04-12,21,0,16.1,01:59,25.8,14:26,36,6.1,11.9,12:30,59,84,21:10,43,00:00,2025-05-07 08:33:21.961954,2025-05-07 08:33:21.961954
264707,137,2021-04-13,20.2,0,16.5,07:34,23.8,16:49,26,3.1,8.3,12:10,65,82,07:50,46,06:50,2025-05-07 08:33:22.038153,2025-05-07 08:33:22.038153
264724,137,2021-04-14,19.3,0.4,16.2,03:16,22.4,12:28,1,3.3,8.1,15:50,78,91,05:00,64,10:30,2025-05-07 08:33:22.108006,2025-05-07 08:33:22.108006
264742,137,2021-04-15,17.6,0.6,15,04:13,20.3,12:46,1,3.1,10,13:30,76,92,,62,16:20,2025-05-07 08:33:22.210121,2025-05-07 08:33:22.210121
264760,137,2021-04-16,17.1,3.2,15.5,04:48,18.7,14:43,9,3.6,11.1,23:40,80,94,19:20,70,14:00,2025-05-07 08:33:22.290669,2025-05-07 08:33:22.290669
264778,137,2021-04-17,18.2,0,15.4,06:40,21.1,14:04,2,4.4,12.5,14:40,74,92,00:10,56,13:40,2025-05-07 08:33:22.364735,2025-05-07 08:33:22.364735
264796,137,2021-04-18,17.4,0,15.1,23:42,19.8,13:48,1,5.6,15,12:10,68,81,00:00,61,13:00,2025-05-07 08:33:22.436143,2025-05-07 08:33:22.436143
264813,137,2021-04-19,18,0,14.4,06:37,21.5,14:26,36,7.8,14.2,11:30,72,79,,35,23:59,2025-05-07 08:33:22.494849,2025-05-07 08:33:22.494849
264831,137,2021-04-20,18.6,0,15.6,03:04,21.6,14:05,7,7.5,16.7,01:30,52,81,23:10,21,07:20,2025-05-07 08:33:22.571920,2025-05-07 08:33:22.571920
264849,137,2021-04-21,18.4,0,15.5,06:17,21.2,14:03,11,5,15.8,02:20,71,84,09:30,62,14:00,2025-05-07 08:33:22.640029,2025-05-07 08:33:22.640029
264867,137,2021-04-22,18.1,0,14.2,06:26,22,,2,2.8,10.8,09:30,70,84,,60,15:00,2025-05-07 08:33:22.737639,2025-05-07 08:33:22.737639
264885,137,2021-04-23,19.5,0,15,04:54,24,11:54,11,3.1,7.5,06:00,73,85,00:50,54,11:50,2025-05-07 08:33:22.811937,2025-05-07 08:33:22.811937
264903,137,2021-04-24,19.4,0,15.9,06:20,22.9,15:37,24,3.3,13.1,16:00,73,85,06:50,58,11:00,2025-05-07 08:33:22.909998,2025-05-07 08:33:22.909998
264921,137,2021-04-25,18.4,0,15.2,06:53,21.5,16:31,2,2.5,7.8,09:40,70,86,23:59,55,19:00,2025-05-07 08:33:22.998883,2025-05-07 08:33:22.998883
264939,137,2021-04-26,17.8,0.4,14.9,05:09,20.6,11:31,4,2.8,8.1,18:30,72,91,23:50,63,07:40,2025-05-07 08:33:23.082558,2025-05-07 08:33:23.082558
264957,137,2021-04-27,18.4,0,15,05:38,21.7,13:23,30,2.8,8.1,13:00,71,92,00:10,54,13:20,2025-05-07 08:33:23.155299,2025-05-07 08:33:23.155299
264975,137,2021-04-28,18.5,0,15.4,07:14,21.6,10:27,21,2.5,8.9,11:00,69,84,04:20,58,17:30,2025-05-07 08:33:23.238656,2025-05-07 08:33:23.238656
264993,137,2021-04-29,18.4,2,14.9,05:59,22,14:56,28,2.8,8.3,16:30,77,91,18:30,64,,2025-05-07 08:33:23.319911,2025-05-07 08:33:23.319911
265011,137,2021-04-30,16.8,0,14.9,23:30,18.7,14:58,3,5.3,11.4,15:30,84,96,06:30,61,15:00,2025-05-07 08:33:23.396269,2025-05-07 08:33:23.396269
265029,137,2021-05-01,16.8,0.2,13.5,05:31,20.1,13:59,3,5.6,14.2,14:30,69,80,06:30,51,14:20,2025-05-07 08:33:23.494879,2025-05-07 08:33:23.494879
265047,137,2021-05-02,17.4,0,14.7,23:43,20.1,12:34,5,5,11.7,14:30,61,80,04:20,47,11:50,2025-05-07 08:33:23.581617,2025-05-07 08:33:23.581617
265065,137,2021-05-03,17.2,1.2,14.8,,19.6,13:39,1,5.8,12.8,12:40,69,82,18:40,55,11:50,2025-05-07 08:33:23.651789,2025-05-07 08:33:23.651789
265083,137,2021-05-04,16.4,0,14.4,04:23,18.4,14:19,36,5.6,13.3,14:30,68,87,04:30,54,13:40,2025-05-07 08:33:23.719606,2025-05-07 08:33:23.719606
265101,137,2021-05-05,17.2,0,15,04:52,19.4,11:44,36,5,13.6,12:50,71,84,22:50,61,11:50,2025-05-07 08:33:23.811854,2025-05-07 08:33:23.811854
265119,137,2021-05-06,17.5,0,15.3,01:33,19.7,14:39,2,6.1,16.7,12:50,69,81,00:00,62,11:50,2025-05-07 08:33:23.878690,2025-05-07 08:33:23.878690
265137,137,2021-05-07,17.9,0,15,06:38,20.8,14:48,10,6.7,16.9,02:50,75,81,00:50,66,09:00,2025-05-07 08:33:23.951622,2025-05-07 08:33:23.951622
265155,137,2021-05-08,18.5,0,15.4,04:58,21.6,14:28,34,3.9,9.7,11:50,63,86,06:00,45,11:40,2025-05-07 08:33:24.015902,2025-05-07 08:33:24.015902
265173,137,2021-05-09,19.6,0.8,14.9,04:37,24.2,12:57,36,3.3,8.6,17:30,61,94,23:00,47,10:40,2025-05-07 08:33:24.103046,2025-05-07 08:33:24.103046
265191,137,2021-05-10,19.4,0,16.2,00:05,22.5,12:23,3,4.4,11.9,14:20,60,92,04:00,48,14:30,2025-05-07 08:33:24.163432,2025-05-07 08:33:24.163432
265209,137,2021-05-11,17.8,0,15.2,03:40,20.5,13:41,36,6.7,17.2,13:20,68,79,00:00,58,12:50,2025-05-07 08:33:24.236696,2025-05-07 08:33:24.236696
265227,137,2021-05-12,17.8,0,15.1,04:33,20.6,14:48,4,6.4,18.6,11:30,67,79,02:00,59,17:10,2025-05-07 08:33:24.305536,2025-05-07 08:33:24.305536
265244,137,2021-05-13,17.6,0.2,15.6,05:23,19.6,14:26,9,5.6,17.8,00:30,73,91,05:30,51,16:40,2025-05-07 08:33:24.382313,2025-05-07 08:33:24.382313
265261,137,2021-05-14,17.6,0.2,15.5,01:35,19.8,12:57,2,4.7,15,16:30,76,88,05:30,69,12:50,2025-05-07 08:33:24.449606,2025-05-07 08:33:24.449606
265278,137,2021-05-15,18.2,0,16,06:13,20.4,16:18,8,4.4,12.8,02:30,81,89,00:20,71,12:00,2025-05-07 08:33:24.532976,2025-05-07 08:33:24.532976
265295,137,2021-05-16,21,0,16.3,03:52,25.7,17:16,7,6.9,20.3,23:40,64,90,,29,20:10,2025-05-07 08:33:24.619718,2025-05-07 08:33:24.619718
265312,137,2021-05-17,23.8,0,21.4,08:07,26.2,17:55,6,6.4,25.3,00:40,33,53,09:20,13,22:00,2025-05-07 08:33:24.688221,2025-05-07 08:33:24.688221
265330,137,2021-05-18,23.6,0,21.1,23:12,26.2,02:01,9,12.8,25,15:50,31,44,,9,02:00,2025-05-07 08:33:24.770092,2025-05-07 08:33:24.770092
265348,137,2021-05-19,18.9,0,16.4,06:12,21.4,00:02,8,5,14.2,03:20,76,89,,43,00:00,2025-05-07 08:33:24.836167,2025-05-07 08:33:24.836167
265366,137,2021-05-20,22.6,0,16.5,04:55,28.7,14:16,9,9.7,22.2,22:30,70,87,01:00,27,23:59,2025-05-07 08:33:24.916247,2025-05-07 08:33:24.916247
265384,137,2021-05-21,26.1,0,21.2,10:10,31,12:00,7,9.7,21.1,17:30,28,73,10:10,12,12:00,2025-05-07 08:33:25.019826,2025-05-07 08:33:25.019826
265402,137,2021-05-22,21.6,0.2,17.2,22:40,25.9,04:57,8,10.8,22.8,00:30,58,81,22:40,31,05:00,2025-05-07 08:33:25.120022,2025-05-07 08:33:25.120022
265420,137,2021-05-23,17.8,0,15.4,23:53,20.3,13:37,10,6.4,17.2,12:50,73,89,05:20,56,13:30,2025-05-07 08:33:25.194303,2025-05-07 08:33:25.194303
265438,137,2021-05-24,17,0.4,15.2,05:06,18.9,14:43,4,5.8,15,14:30,72,82,,65,15:20,2025-05-07 08:33:25.275502,2025-05-07 08:33:25.275502
265456,137,2021-05-25,17.6,0.2,15.7,05:11,19.5,14:16,36,5.6,15.3,11:50,78,90,07:20,65,15:50,2025-05-07 08:33:25.347586,2025-05-07 08:33:25.347586
265474,137,2021-05-26,17.6,0,15.3,,19.9,14:02,36,5,10.8,11:20,70,82,20:10,56,14:40,2025-05-07 08:33:25.415405,2025-05-07 08:33:25.415405
265492,137,2021-05-27,17.4,0,15.4,03:26,19.4,14:55,2,3.6,9.7,08:30,69,84,23:59,59,14:40,2025-05-07 08:33:25.500163,2025-05-07 08:33:25.500163
265510,137,2021-05-28,18,0,15.7,04:59,20.3,12:28,2,5.6,13.1,16:30,71,84,00:00,57,10:40,2025-05-07 08:33:25.585753,2025-05-07 08:33:25.585753
265528,137,2021-05-29,18.1,0,15.3,06:04,20.9,15:32,2,6.9,15.3,12:20,70,85,21:40,62,13:50,2025-05-07 08:33:25.646854,2025-05-07 08:33:25.646854
265546,137,2021-05-30,19,0,16.6,04:55,21.4,14:09,2,5.8,15.6,14:30,80,89,21:00,61,10:00,2025-05-07 08:33:25.724107,2025-05-07 08:33:25.724107
265564,137,2021-05-31,18.1,0,15.5,23:56,20.7,13:17,5,7.5,15.3,13:50,74,87,06:50,66,,2025-05-07 08:33:25.798819,2025-05-07 08:33:25.798819
265582,137,2021-06-01,18,0,15,01:55,20.9,16:48,9,7.2,16.1,05:00,69,81,,57,12:40,2025-05-07 08:33:25.869836,2025-05-07 08:33:25.869836
265600,137,2021-06-02,19.2,0,16,06:01,22.5,12:21,4,5.8,12.8,14:50,61,84,05:40,52,12:00,2025-05-07 08:33:25.952190,2025-05-07 08:33:25.952190
265618,137,2021-06-03,19,0,16.4,08:34,21.6,12:45,6,5.6,13.3,16:10,67,85,22:20,62,10:10,2025-05-07 08:33:26.037851,2025-05-07 08:33:26.037851
265636,137,2021-06-04,17,0,15.4,04:31,18.7,17:57,4,4.7,13.3,16:10,73,84,04:40,63,17:50,2025-05-07 08:33:26.115909,2025-05-07 08:33:26.115909
265654,137,2021-06-05,17.8,0,15.2,06:13,20.5,15:04,36,5,16.1,15:40,67,79,,54,12:30,2025-05-07 08:33:26.193286,2025-05-07 08:33:26.193286
265672,137,2021-06-06,18.3,0,15.8,02:11,20.8,13:05,1,6.7,18.9,13:30,69,82,,59,12:50,2025-05-07 08:33:26.258200,2025-05-07 08:33:26.258200
265690,137,2021-06-07,21.2,0,16.6,02:47,25.7,21:43,9,5.8,16.9,21:10,72,89,20:20,30,21:30,2025-05-07 08:33:26.341663,2025-05-07 08:33:26.341663
265708,137,2021-06-08,22.4,0,17.2,06:20,27.7,22:26,8,2.8,11.7,23:10,71,83,03:00,25,23:00,2025-05-07 08:33:26.431222,2025-05-07 08:33:26.431222
265726,137,2021-06-09,27,0,18.6,03:53,35.4,14:52,9,5,29.2,10:30,25,84,01:20,11,08:10,2025-05-07 08:33:26.511965,2025-05-07 08:33:26.511965
265744,137,2021-06-10,25.6,0,19.4,06:17,31.7,01:27,8,5.3,16.4,23:59,36,81,06:40,20,,2025-05-07 08:33:26.595384,2025-05-07 08:33:26.595384
265762,137,2021-06-11,25.5,0,18.6,05:28,32.4,12:08,9,10.8,27.8,20:30,32,83,03:10,15,21:40,2025-05-07 08:33:26.675681,2025-05-07 08:33:26.675681
265779,137,2021-06-12,23.8,0,17.9,22:58,29.8,13:25,8,8.9,26.7,04:30,30,69,23:00,17,00:20,2025-05-07 08:33:26.755505,2025-05-07 08:33:26.755505
265797,137,2021-06-13,21.3,0,16.3,05:58,26.3,15:07,4,8.1,17.2,17:30,71,84,23:50,41,00:50,2025-05-07 08:33:26.829724,2025-05-07 08:33:26.829724
265815,137,2021-06-14,19.8,0,16.9,00:51,22.6,12:40,9,6.7,16.4,03:40,72,86,00:50,60,12:40,2025-05-07 08:33:26.912864,2025-05-07 08:33:26.912864
265833,137,2021-06-15,20.4,0,17.5,05:12,23.4,13:59,2,6.1,13.6,15:30,64,82,22:50,39,00:20,2025-05-07 08:33:27.012897,2025-05-07 08:33:27.012897
265850,137,2021-06-16,20.4,0,17.7,07:09,23.2,12:39,35,4.2,10.8,16:00,71,89,,56,15:10,2025-05-07 08:34:30.131395,2025-05-07 08:34:30.131395
265868,137,2021-06-17,20.8,0.8,17.8,06:47,23.8,13:20,2,4.4,10.6,14:20,65,91,23:59,52,13:00,2025-05-07 08:34:30.254545,2025-05-07 08:34:30.254545
265886,137,2021-06-18,18.9,0.8,16.4,08:08,21.4,14:06,1,5.3,12.2,14:30,71,94,01:00,56,13:40,2025-05-07 08:34:30.366986,2025-05-07 08:34:30.366986
265904,137,2021-06-19,18.4,0,15.9,06:43,21,12:40,2,5.8,13.9,18:00,64,76,,49,12:20,2025-05-07 08:34:30.462344,2025-05-07 08:34:30.462344
265922,137,2021-06-20,18.8,0,16.1,01:47,21.6,14:29,36,5.8,14.2,12:30,73,90,22:50,58,13:20,2025-05-07 08:34:30.571369,2025-05-07 08:34:30.571369
265940,137,2021-06-21,20.2,0,17,01:10,23.5,13:56,5,5,11.7,16:20,76,89,01:10,65,13:50,2025-05-07 08:34:30.700903,2025-05-07 08:34:30.700903
265958,137,2021-06-22,19.4,0,16.3,09:19,22.5,15:40,3,5.6,16.7,14:20,64,89,09:10,49,15:40,2025-05-07 08:34:30.839083,2025-05-07 08:34:30.839083
265976,137,2021-06-23,18.6,0.4,16.3,06:56,20.8,14:36,9,5.3,12.5,07:00,76,90,08:10,63,14:30,2025-05-07 08:34:30.929129,2025-05-07 08:34:30.929129
265994,137,2021-06-24,17.8,0,16,04:23,19.5,13:13,2,5.6,12.5,16:10,75,87,01:50,66,10:10,2025-05-07 08:34:31.010629,2025-05-07 08:34:31.010629
266012,137,2021-06-25,18.6,0,16,06:45,21.2,14:33,8,7.2,16.1,21:30,69,81,21:50,62,14:20,2025-05-07 08:34:31.107992,2025-05-07 08:34:31.107992
266030,137,2021-06-26,18.6,0,15.6,02:46,21.5,14:48,2,6.4,16.7,10:30,70,81,05:40,64,08:40,2025-05-07 08:34:31.214128,2025-05-07 08:34:31.214128
266048,137,2021-06-27,19.1,0,15.7,02:33,22.5,15:03,4,6.9,18.1,16:30,69,82,02:40,63,09:20,2025-05-07 08:34:31.321580,2025-05-07 08:34:31.321580
266066,137,2021-06-28,18.8,0,16.1,05:44,21.6,14:05,35,8.1,18.3,13:30,74,83,,63,14:00,2025-05-07 08:34:31.438295,2025-05-07 08:34:31.438295
266084,137,2021-06-29,19.7,0,17.1,02:18,22.3,14:10,2,6.4,14.7,15:10,73,86,,63,14:10,2025-05-07 08:34:31.554012,2025-05-07 08:34:31.554012
266102,137,2021-06-30,19,0,16.8,04:46,21.2,14:34,4,6.9,13.9,06:30,78,84,,71,,2025-05-07 08:34:31.653295,2025-05-07 08:34:31.653295
266120,137,2021-07-01,19,0,15.9,05:42,22,13:36,1,7.2,16.7,14:30,71,85,22:10,58,09:30,2025-05-07 08:34:31.728230,2025-05-07 08:34:31.728230
266138,137,2021-07-02,20.4,0,15.1,05:47,25.8,23:09,2,5.3,15.3,15:00,75,86,06:10,9,23:00,2025-05-07 08:34:31.812165,2025-05-07 08:34:31.812165
266156,137,2021-07-03,25.4,0,21.1,23:29,29.7,11:41,9,11.9,24.4,10:30,30,54,22:50,11,,2025-05-07 08:34:31.889519,2025-05-07 08:34:31.889519
266174,137,2021-07-04,22.8,0,18.9,23:15,26.7,13:00,6,6.7,16.4,03:10,56,73,23:10,14,00:50,2025-05-07 08:34:31.950804,2025-05-07 08:34:31.950804
266192,137,2021-07-05,21.9,0,17.7,07:23,26.1,14:08,2,6.4,17.2,11:30,64,80,07:20,15,02:30,2025-05-07 08:34:32.027206,2025-05-07 08:34:32.027206
266210,137,2021-07-06,23.2,0,19,21:15,27.5,09:27,9,10.6,24.2,03:30,64,79,19:30,11,00:50,2025-05-07 08:34:32.089331,2025-05-07 08:34:32.089331
266228,137,2021-07-07,24.6,0.2,20.5,24:00,28.7,12:21,9,9.4,23.6,00:30,42,74,23:59,22,00:40,2025-05-07 08:34:32.161121,2025-05-07 08:34:32.161121
266246,137,2021-07-08,19.6,0.2,17.3,05:13,21.9,13:50,9,5,19.2,01:20,76,93,04:50,62,15:30,2025-05-07 08:34:32.249792,2025-05-07 08:34:32.249792
266264,137,2021-07-09,18.6,0.8,16.6,05:56,20.6,13:27,2,3.3,13.3,00:30,76,90,05:50,69,17:30,2025-05-07 08:34:32.357734,2025-05-07 08:34:32.357734
266282,137,2021-07-10,18.9,0.4,17.2,07:06,20.6,15:18,2,2.5,10,14:20,93,96,06:40,81,00:10,2025-05-07 08:34:32.439583,2025-05-07 08:34:32.439583
266300,137,2021-07-11,23.8,0,16.2,04:57,31.4,23:59,8,1.4,11.4,23:30,79,96,,44,23:50,2025-05-07 08:34:32.537079,2025-05-07 08:34:32.537079
266318,137,2021-07-12,32.1,0,25.6,04:36,38.6,11:59,5,3.1,17.5,02:40,35,60,04:40,28,08:40,2025-05-07 08:34:32.612177,2025-05-07 08:34:32.612177
266336,137,2021-07-13,30,0,24.5,04:43,35.5,10:26,8,8.9,21.7,23:30,34,60,02:10,6,21:50,2025-05-07 08:34:32.686014,2025-05-07 08:34:32.686014
266354,137,2021-07-14,25.9,0,20.5,24:00,31.3,14:14,7,9.2,20.3,07:50,17,69,22:00,6,01:00,2025-05-07 08:34:32.763410,2025-05-07 08:34:32.763410
266371,137,2021-07-15,22.8,0,18.1,23:30,27.5,01:26,2,6.9,22.2,15:30,70,82,20:50,22,04:40,2025-05-07 08:34:32.850553,2025-05-07 08:34:32.850553
266389,137,2021-07-16,21,0,17.2,04:31,24.9,23:26,1,6.4,15.3,10:30,77,90,04:30,37,23:10,2025-05-07 08:34:32.952283,2025-05-07 08:34:32.952283
266407,137,2021-07-17,24,0,18.5,23:55,29.5,04:16,99,6.4,14.2,15:40,76,89,23:59,14,01:40,2025-05-07 08:34:33.069701,2025-05-07 08:34:33.069701
266425,137,2021-07-18,27.8,0,18.5,00:03,37,18:20,6,5.3,16.1,22:10,49,89,00:00,10,,2025-05-07 08:34:33.187877,2025-05-07 08:34:33.187877
266443,137,2021-07-19,26.4,0,18.2,23:58,34.5,00:01,13,3.1,17.5,01:10,62,86,23:59,9,01:20,2025-05-07 08:34:33.275765,2025-05-07 08:34:33.275765
266461,137,2021-07-20,20.2,0,17,05:34,23.3,13:28,2,6.7,15,14:40,74,88,05:40,67,13:30,2025-05-07 08:34:33.378965,2025-05-07 08:34:33.378965
266479,137,2021-07-21,19.6,0,17.4,02:46,21.9,13:59,36,6.7,15.3,11:30,74,86,02:30,66,13:50,2025-05-07 08:34:33.484239,2025-05-07 08:34:33.484239
266497,137,2021-07-22,20.4,0,17.7,05:42,23,15:04,1,5,13.1,13:30,75,85,07:40,64,14:40,2025-05-07 08:34:33.574732,2025-05-07 08:34:33.574732
266515,137,2021-07-23,21.7,0,18.6,02:41,24.8,23:15,6,5.8,17.2,23:20,71,81,07:40,32,23:10,2025-05-07 08:34:33.656916,2025-05-07 08:34:33.656916
266532,137,2021-07-24,24.2,0,19.6,07:50,28.8,23:54,8,8.9,22.8,23:30,41,76,07:50,10,23:50,2025-05-07 08:34:33.727499,2025-05-07 08:34:33.727499
266550,137,2021-07-25,24,0,18.5,06:35,29.5,01:13,10,5.8,18.6,00:30,71,82,07:00,8,,2025-05-07 08:34:33.825130,2025-05-07 08:34:33.825130
266568,137,2021-07-26,22.9,0,19.4,23:56,26.4,00:42,10,7.8,15.3,06:30,61,90,23:59,35,00:40,2025-05-07 08:34:33.900005,2025-05-07 08:34:33.900005
266586,137,2021-07-27,20.3,0,18.6,,22,15:55,2,6.1,12.2,16:30,76,90,00:00,67,16:50,2025-05-07 08:34:33.999336,2025-05-07 08:34:33.999336
266604,137,2021-07-28,20.2,0,17.6,04:12,22.9,15:30,11,6.4,16.4,16:50,78,92,03:30,64,15:30,2025-05-07 08:34:34.076279,2025-05-07 08:34:34.076279
266622,137,2021-07-29,20.5,0,18.1,04:52,22.9,14:32,1,6.9,19.2,10:20,78,89,,70,16:20,2025-05-07 08:34:34.173702,2025-05-07 08:34:34.173702
266640,137,2021-07-30,21.6,0,17.8,06:08,25.3,21:28,1,7.8,15,10:30,73,87,05:50,24,23:10,2025-05-07 08:34:34.264152,2025-05-07 08:34:34.264152
266658,137,2021-07-31,25.4,0,19.9,20:40,31,13:41,7,8.6,20.8,18:30,43,76,20:40,14,01:10,2025-05-07 08:34:34.338890,2025-05-07 08:34:34.338890
266676,137,2021-08-01,21.6,0,18.6,,24.7,00:44,10,10.8,24.2,05:30,73,80,23:59,39,03:50,2025-05-07 08:34:34.429546,2025-05-07 08:34:34.429546
266694,137,2021-08-02,20.6,0,17.9,05:37,23.2,13:02,2,5.8,14.7,17:20,70,83,04:10,61,12:40,2025-05-07 08:34:34.517883,2025-05-07 08:34:34.517883
266712,137,2021-08-03,20.6,1.4,17.8,09:33,23.5,15:40,9,5,13.6,18:30,77,96,,57,15:40,2025-05-07 08:34:34.623578,2025-05-07 08:34:34.623578
266729,137,2021-08-04,20.6,0,18.3,06:34,23,15:19,1,5.8,18.1,13:40,70,85,23:20,60,12:40,2025-05-07 08:34:34.726908,2025-05-07 08:34:34.726908
266747,137,2021-08-05,21.7,0.4,18.6,,24.8,15:15,5,6.7,15.3,10:00,78,94,23:59,63,15:00,2025-05-07 08:34:34.818153,2025-05-07 08:34:34.818153
266765,137,2021-08-06,20.4,0.2,18,06:36,22.8,15:35,1,6.4,15.3,14:20,81,97,,62,22:40,2025-05-07 08:34:34.930117,2025-05-07 08:34:34.930117
266783,137,2021-08-07,21.2,0.4,18.2,05:35,24.1,16:34,34,5.8,12.8,16:00,77,96,05:30,61,16:30,2025-05-07 08:34:35.041532,2025-05-07 08:34:35.041532
266801,137,2021-08-08,22.2,1.8,18.9,09:18,25.4,13:59,11,5.6,14.7,21:30,70,98,09:00,51,16:00,2025-05-07 08:34:35.150380,2025-05-07 08:34:35.150380
266819,137,2021-08-09,21.2,0,18.4,05:41,24,16:02,11,4.4,13.3,01:30,64,86,07:50,47,16:20,2025-05-07 08:34:35.243150,2025-05-07 08:34:35.243150
266837,137,2021-08-10,21,0.2,18,01:50,23.9,15:46,2,5,12.2,14:10,63,84,,52,15:40,2025-05-07 08:34:35.348496,2025-05-07 08:34:35.348496
266855,137,2021-08-11,21.8,0,18.9,07:46,24.6,14:02,2,5,11.9,14:50,67,88,02:10,56,13:50,2025-05-07 08:34:35.443346,2025-05-07 08:34:35.443346
266873,137,2021-08-12,20.8,0,18,03:38,23.7,12:32,2,8.1,16.7,12:30,66,81,22:10,58,11:40,2025-05-07 08:34:35.538862,2025-05-07 08:34:35.538862
266891,137,2021-08-13,21.3,0,18.7,02:37,23.9,14:08,9,7.8,17.2,04:00,69,89,23:50,64,07:10,2025-05-07 08:34:35.641523,2025-05-07 08:34:35.641523
266909,137,2021-08-14,21.6,0,18.6,00:58,24.6,13:46,2,5.6,20.8,14:30,81,94,22:50,74,13:00,2025-05-07 08:34:35.746946,2025-05-07 08:34:35.746946
266927,137,2021-08-15,28.4,0,18.7,06:35,38.1,13:48,8,1.4,23.1,23:30,53,95,06:40,13,20:20,2025-05-07 08:34:35.851993,2025-05-07 08:34:35.851993
266945,137,2021-08-16,34.4,0,27,20:44,41.9,13:19,0,5.3,,,22,49,17:00,11,07:00,2025-05-07 08:34:35.933788,2025-05-07 08:34:35.933788
266963,137,2021-08-17,37,0,32.3,24:00,41.7,13:26,12,5.3,21.7,02:20,12,26,17:30,7,17:20,2025-05-07 08:34:36.024233,2025-05-07 08:34:36.024233
266981,137,2021-08-18,32.6,0,29.2,22:18,36,11:52,10,7.8,20,05:50,13,19,01:20,11,13:00,2025-05-07 08:34:36.095561,2025-05-07 08:34:36.095561
266999,137,2021-08-19,28.8,0,23.2,09:33,34.5,13:18,9,8.1,17.5,03:30,13,71,09:30,9,02:10,2025-05-07 08:34:36.169019,2025-05-07 08:34:36.169019
267017,137,2021-08-20,25.7,0,21.2,24:00,30.2,01:32,9,2.8,14.7,02:30,53,82,20:20,10,05:00,2025-05-07 08:34:36.237993,2025-05-07 08:34:36.237993
267035,137,2021-08-21,24,0,18.3,04:57,29.7,20:34,10,2.2,11.4,21:00,53,90,03:30,12,20:50,2025-05-07 08:34:36.310054,2025-05-07 08:34:36.310054
267053,137,2021-08-22,25.2,0,18.6,06:30,31.9,15:34,8,5.8,13.3,18:00,48,77,02:40,21,15:30,2025-05-07 08:34:36.378892,2025-05-07 08:34:36.378892
267071,137,2021-08-23,,,,,,,2,6.9,16.1,12:30,71,,,,,2025-05-07 08:34:36.459517,2025-05-07 08:34:36.459517
267089,137,2021-08-24,21.4,0,19.2,06:36,23.7,12:05,9,6.7,18.1,10:30,70,83,00:40,64,12:10,2025-05-07 08:34:36.556615,2025-05-07 08:34:36.556615
267107,137,2021-08-25,22.2,0,19,06:43,25.3,14:51,10,6.7,15,19:00,66,84,06:40,53,,2025-05-07 08:34:36.627673,2025-05-07 08:34:36.627673
267125,137,2021-08-26,22,0,18.3,06:40,25.8,23:58,2,5.6,14.7,11:30,67,78,19:20,28,23:59,2025-05-07 08:34:36.698533,2025-05-07 08:34:36.698533
267143,137,2021-08-27,25,0,19.6,07:12,30.4,16:50,9,6.1,20,20:30,53,73,08:00,20,19:20,2025-05-07 08:34:36.788886,2025-05-07 08:34:36.788886
267161,137,2021-08-28,24.2,0,20.3,04:52,28.1,16:57,36,6.1,14.2,10:30,66,76,18:50,18,23:00,2025-05-07 08:34:36.855152,2025-05-07 08:34:36.855152
267179,137,2021-08-29,25.8,0,22.7,18:05,29,08:19,11,7.8,14.7,22:30,54,73,18:00,20,00:00,2025-05-07 08:34:36.938710,2025-05-07 08:34:36.938710
267196,137,2021-08-30,24.6,0,21.3,21:54,27.8,16:12,12,6.9,15.3,00:30,54,73,22:00,27,00:00,2025-05-07 08:34:37.032828,2025-05-07 08:34:37.032828
267214,137,2021-08-31,22.8,0,20.5,02:43,25.1,14:43,1,5.6,12.8,11:30,72,82,23:59,56,00:20,2025-05-07 08:34:37.105586,2025-05-07 08:34:37.105586
267232,137,2021-09-01,23.5,0,20.7,03:37,26.3,11:49,2,4.7,10.8,13:30,73,84,02:30,63,11:20,2025-05-07 08:34:37.171853,2025-05-07 08:34:37.171853
267250,137,2021-09-02,23.3,0,19.8,23:00,26.8,13:38,8,8.3,17.2,06:30,69,78,,60,04:50,2025-05-07 08:34:37.245957,2025-05-07 08:34:37.245957
267268,137,2021-09-03,22.6,0,18.2,05:10,27,15:34,1,3.6,9.4,12:20,71,90,08:10,52,00:10,2025-05-07 08:34:37.309658,2025-05-07 08:34:37.309658
267286,137,2021-09-04,22.4,0,18,,26.8,13:37,36,2.5,8.1,15:30,75,90,,62,14:20,2025-05-07 08:34:37.383887,2025-05-07 08:34:37.383887
267304,137,2021-09-05,23.5,0,19.7,06:50,27.3,15:18,27,2.2,6.9,11:30,75,88,23:20,63,15:10,2025-05-07 08:34:37.470668,2025-05-07 08:34:37.470668
267322,137,2021-09-06,23.3,0,19,05:05,27.6,14:14,8,2.5,9.2,22:30,71,90,05:40,57,14:20,2025-05-07 08:34:37.549838,2025-05-07 08:34:37.549838
267340,137,2021-09-07,25.4,0,22,02:39,28.7,21:42,2,5.3,15.3,14:30,63,75,13:20,24,22:20,2025-05-07 08:34:37.643111,2025-05-07 08:34:37.643111
267358,137,2021-09-08,28.2,0,21.5,04:55,34.9,11:07,10,5,16.9,21:30,49,74,03:00,16,23:40,2025-05-07 08:34:37.730494,2025-05-07 08:34:37.730494
267376,137,2021-09-09,29.8,0,23.7,19:14,36,13:30,9,8.1,20.8,02:30,21,67,19:10,13,06:50,2025-05-07 08:34:37.816028,2025-05-07 08:34:37.816028
267394,137,2021-09-10,29,0,22.4,19:51,35.6,09:46,2,5.6,16.4,15:20,50,78,16:30,13,03:00,2025-05-07 08:34:37.913176,2025-05-07 08:34:37.913176
267412,137,2021-09-11,26.4,0,20.1,07:07,32.7,04:09,9,1.7,15.6,01:30,71,91,07:20,16,00:00,2025-05-07 08:34:38.003795,2025-05-07 08:34:38.003795
267430,137,2021-09-12,23.8,0,19.9,06:36,27.7,13:20,3,1.7,7.2,01:40,80,95,07:30,29,00:10,2025-05-07 08:34:38.087968,2025-05-07 08:34:38.087968
267448,137,2021-09-13,22.6,0,19,06:22,26.2,12:12,23,3.9,11.4,14:00,71,94,06:10,54,17:20,2025-05-07 08:34:38.187100,2025-05-07 08:34:38.187100
267466,137,2021-09-14,23.2,0,19.9,05:32,26.6,16:02,9,2.8,6.9,01:30,73,88,19:20,63,11:00,2025-05-07 08:34:38.292719,2025-05-07 08:34:38.292719
267484,137,2021-09-15,22.4,1.2,19.3,08:33,25.4,12:16,1,3.6,9.2,16:20,72,92,08:40,61,12:30,2025-05-07 08:34:38.407952,2025-05-07 08:34:38.407952
267502,137,2021-09-16,22.2,1.2,19.8,,24.5,14:52,2,3.9,11.1,17:40,80,93,06:00,65,16:40,2025-05-07 08:34:38.489863,2025-05-07 08:34:38.489863
267520,137,2021-09-17,22.1,1.6,19.7,07:03,24.5,14:30,8,5.3,11.7,18:10,75,88,02:10,61,15:00,2025-05-07 08:34:38.562438,2025-05-07 08:34:38.562438
267538,137,2021-09-18,21.9,0,19.4,06:14,24.4,12:28,8,6.4,15,12:30,72,89,03:30,61,12:20,2025-05-07 08:34:38.681477,2025-05-07 08:34:38.681477
267556,137,2021-09-19,22.7,0,20.1,23:40,25.3,14:16,8,7.2,18.3,06:30,68,79,23:59,61,20:20,2025-05-07 08:34:38.743550,2025-05-07 08:34:38.743550
267574,137,2021-09-20,21.4,0,19.1,04:48,23.8,15:35,1,4.7,13.3,12:50,68,80,,53,11:50,2025-05-07 08:34:38.800898,2025-05-07 08:34:38.800898
267592,137,2021-09-21,21.6,0,19.5,04:13,23.6,13:22,3,5,13.6,14:00,74,86,00:40,63,13:10,2025-05-07 08:34:38.856759,2025-05-07 08:34:38.856759
267609,137,2021-09-22,21.4,0,19,01:46,23.9,12:48,2,4.2,10.3,12:50,70,83,07:00,55,13:00,2025-05-07 08:34:38.911718,2025-05-07 08:34:38.911718
267626,137,2021-09-23,21.7,0,18.8,01:05,24.6,14:40,6,4.4,8.9,04:20,70,80,04:40,59,17:00,2025-05-07 08:34:38.965432,2025-05-07 08:34:38.965432
267644,137,2021-09-24,21.5,0,17.8,06:23,25.2,14:31,10,5.6,12.8,23:20,60,80,04:40,37,23:20,2025-05-07 08:34:39.022484,2025-05-07 08:34:39.022484
267662,137,2021-09-25,21.2,0,18.6,23:58,23.9,12:58,9,8.6,17.2,07:30,58,79,23:59,37,00:00,2025-05-07 08:34:39.081557,2025-05-07 08:34:39.081557
267680,137,2021-09-26,22,0,18,04:55,26.1,14:23,1,3.6,10,12:30,69,84,19:50,55,09:50,2025-05-07 08:34:39.138565,2025-05-07 08:34:39.138565
267698,137,2021-09-27,26.8,0,20.9,00:01,32.6,20:47,1,5.3,18.6,15:30,66,80,17:30,18,21:00,2025-05-07 08:34:39.204212,2025-05-07 08:34:39.204212
267716,137,2021-09-28,26.1,0,20.2,23:20,32,11:32,10,10.3,27.2,19:30,35,77,23:50,15,02:20,2025-05-07 08:34:39.266970,2025-05-07 08:34:39.266970
267734,137,2021-09-29,21,0,19.5,19:55,22.6,14:26,8,5.6,16.9,01:10,78,85,,66,14:00,2025-05-07 08:34:39.330625,2025-05-07 08:34:39.330625
267751,137,2021-09-30,21.2,0,19,04:39,23.5,14:18,6,7.5,19.2,17:30,78,87,04:40,72,12:30,2025-05-07 08:34:39.401796,2025-05-07 08:34:39.401796
267769,137,2021-10-01,28.3,0,19.8,02:48,36.8,09:51,7,5.3,17.5,23:30,44,85,02:10,11,08:20,2025-05-07 08:34:39.476830,2025-05-07 08:34:39.476830
267785,137,2021-10-02,32.6,0,29.3,23:23,35.9,13:28,10,7.5,21.1,23:30,15,42,14:20,9,23:30,2025-05-07 08:34:39.554739,2025-05-07 08:34:39.554739
267802,137,2021-10-03,25.6,0,19.7,04:16,31.5,10:51,10,6.4,21.7,22:30,32,80,04:00,8,00:40,2025-05-07 08:34:39.647217,2025-05-07 08:34:39.647217
267819,137,2021-10-04,20.9,1.2,18.7,,23.1,13:52,11,5.3,18.6,02:00,77,92,09:00,67,,2025-05-07 08:34:39.720632,2025-05-07 08:34:39.720632
267837,137,2021-10-05,20.1,0,18.1,,22.1,13:39,35,6.4,15,14:40,67,81,,59,13:40,2025-05-07 08:34:39.790914,2025-05-07 08:34:39.790914
267855,137,2021-10-06,20.4,0,17.6,23:36,23.2,14:43,1,6.4,13.6,11:30,72,80,23:40,65,14:00,2025-05-07 08:34:39.900694,2025-05-07 08:34:39.900694
267873,137,2021-10-07,20.4,0,16.8,04:09,23.9,11:23,2,4.2,12.5,14:10,72,84,22:00,56,08:50,2025-05-07 08:34:39.958747,2025-05-07 08:34:39.958747
267891,137,2021-10-08,21.2,0,16.8,06:24,25.7,10:20,2,5.3,15,15:30,62,87,02:20,34,20:00,2025-05-07 08:34:40.040766,2025-05-07 08:34:40.040766
267909,137,2021-10-09,20.8,0,19,23:02,22.7,12:55,8,4.2,17.2,00:30,72,87,23:00,64,00:20,2025-05-07 08:34:40.099414,2025-05-07 08:34:40.099414
267927,137,2021-10-10,21,0,18.7,03:43,23.2,15:27,1,5.3,11.4,14:40,74,88,03:40,61,14:40,2025-05-07 08:34:40.157160,2025-05-07 08:34:40.157160
267945,137,2021-10-11,21.2,0,18.6,23:38,23.7,14:19,36,3.6,10.3,12:20,61,83,02:40,52,14:20,2025-05-07 08:34:40.214977,2025-05-07 08:34:40.214977
267963,137,2021-10-12,20.2,0,17.6,04:32,22.8,10:14,1,5,11.4,12:30,64,76,,55,,2025-05-07 08:34:40.271409,2025-05-07 08:34:40.271409
267981,137,2021-10-13,20.4,0,18.1,06:47,22.6,13:33,2,4.7,13.6,12:30,70,81,,60,13:00,2025-05-07 08:34:40.332200,2025-05-07 08:34:40.332200
267999,137,2021-10-14,20.8,0,18.3,04:59,23.3,13:56,7,5.8,15.3,23:30,70,82,03:40,60,21:30,2025-05-07 08:34:40.391355,2025-05-07 08:34:40.391355
268016,137,2021-10-15,19.8,0,16.7,05:49,22.8,13:03,1,5,14.2,14:10,71,83,23:50,60,09:00,2025-05-07 08:34:40.457778,2025-05-07 08:34:40.457778
268033,137,2021-10-16,21.8,0,16.9,04:30,26.8,13:46,34,1.7,6.7,11:30,75,87,05:00,46,23:50,2025-05-07 08:34:40.527380,2025-05-07 08:34:40.527380
268050,137,2021-10-17,26.2,0,21.8,00:03,30.5,15:29,12,1.7,5.8,23:50,35,66,10:30,21,06:30,2025-05-07 08:34:40.618330,2025-05-07 08:34:40.618330
268067,137,2021-10-18,28.3,0,24.4,08:02,32.2,12:35,10,3.3,11.7,23:50,36,54,17:40,13,18:30,2025-05-07 08:34:40.697331,2025-05-07 08:34:40.697331
268085,137,2021-10-19,26.4,0,21.5,19:46,31.4,10:23,8,4.7,17.8,04:30,46,74,19:10,6,23:20,2025-05-07 08:34:40.779748,2025-05-07 08:34:40.779748
268103,137,2021-10-20,25.1,0,20.2,20:02,30,14:14,10,6.1,21.4,01:30,48,79,17:40,10,00:10,2025-05-07 08:34:40.878480,2025-05-07 08:34:40.878480
268121,137,2021-10-21,23.6,0,19.6,23:18,27.6,15:04,9,8.1,17.5,02:30,54,79,23:20,26,00:10,2025-05-07 08:34:40.965507,2025-05-07 08:34:40.965507
268139,137,2021-10-22,20.4,1,18.4,18:51,22.5,12:11,9,4.7,13.9,00:30,69,89,07:30,51,13:00,2025-05-07 08:34:41.038006,2025-05-07 08:34:41.038006
268157,137,2021-10-23,18.6,0.4,16.6,07:16,20.5,13:18,9,5.6,13.9,17:30,74,89,02:40,61,14:20,2025-05-07 08:34:41.144115,2025-05-07 08:34:41.144115
268175,137,2021-10-24,19.4,0,16.9,01:29,22,12:33,8,4.4,11.4,13:40,69,87,01:30,59,12:30,2025-05-07 08:34:41.227575,2025-05-07 08:34:41.227575
268193,137,2021-10-25,20.3,0,17.7,06:44,22.9,13:38,11,5,11.4,08:30,70,86,18:40,55,10:50,2025-05-07 08:34:41.313004,2025-05-07 08:34:41.313004
268211,137,2021-10-26,19.8,1.4,17.5,23:50,22.2,13:29,8,4.7,14.2,15:30,75,85,,64,13:20,2025-05-07 08:34:41.387957,2025-05-07 08:34:41.387957
268229,137,2021-10-27,19.4,0,16.6,02:26,22.1,14:17,2,4.2,11.1,15:00,67,91,,52,14:00,2025-05-07 08:34:41.463919,2025-05-07 08:34:41.463919
268247,137,2021-10-28,19.4,0,17.1,23:02,21.7,15:03,10,4.4,10.8,02:50,71,82,07:30,45,15:00,2025-05-07 08:34:41.554806,2025-05-07 08:34:41.554806
268265,137,2021-10-29,18.6,0,15.6,03:59,21.7,13:31,1,4.7,12.2,15:10,63,76,02:30,52,20:30,2025-05-07 08:34:41.642263,2025-05-07 08:34:41.642263
268283,137,2021-10-30,18.6,0,15.1,04:45,22.2,10:23,35,6.1,15.8,11:40,69,84,20:10,39,09:40,2025-05-07 08:34:41.751258,2025-05-07 08:34:41.751258
268301,137,2021-10-31,19.8,0,15.6,00:51,24.1,15:38,2,2.5,8.1,12:50,57,82,19:00,25,06:30,2025-05-07 08:34:41.848593,2025-05-07 08:34:41.848593
268319,137,2021-11-01,20.4,0,16.1,23:38,24.6,17:02,36,4.4,13.6,13:30,63,74,,20,06:50,2025-05-07 08:34:41.947654,2025-05-07 08:34:41.947654
268337,137,2021-11-02,19.8,0,15.4,02:38,24.3,12:36,8,4.7,17.5,08:30,63,79,,49,06:50,2025-05-07 08:34:42.041911,2025-05-07 08:34:42.041911
268355,137,2021-11-03,20.1,0,18.2,04:28,22,10:28,8,5,16.1,01:30,70,77,20:30,57,15:20,2025-05-07 08:34:42.149015,2025-05-07 08:34:42.149015
268373,137,2021-11-04,19.6,2.6,16.7,22:48,22.5,14:45,9,4.7,13.3,23:30,84,94,11:30,65,00:00,2025-05-07 08:34:42.243110,2025-05-07 08:34:42.243110
268391,137,2021-11-05,17.9,0.4,16,06:10,19.8,14:12,4,5.8,11.9,23:30,74,86,06:10,60,12:30,2025-05-07 08:34:42.316909,2025-05-07 08:34:42.316909
268409,137,2021-11-06,17.8,0,16.6,01:20,19.1,14:19,8,4.2,13.9,22:30,68,76,19:10,57,14:20,2025-05-07 08:34:42.426985,2025-05-07 08:34:42.426985
268427,137,2021-11-07,17.4,0,16.1,23:17,18.6,14:34,4,5.8,15.6,23:50,68,80,00:40,58,14:30,2025-05-07 08:34:42.525047,2025-05-07 08:34:42.525047
268445,137,2021-11-08,17.6,0,15.5,06:23,19.7,13:15,4,4.7,15,00:30,66,74,,61,09:30,2025-05-07 08:34:42.625055,2025-05-07 08:34:42.625055
268463,137,2021-11-09,17.8,0,15.6,00:40,20,13:45,8,8.1,22.8,04:30,66,77,20:20,57,12:10,2025-05-07 08:34:42.706395,2025-05-07 08:34:42.706395
268481,137,2021-11-10,19,0,16.1,04:16,21.9,15:20,9,8.9,21.4,05:30,66,75,00:50,55,21:20,2025-05-07 08:34:42.791941,2025-05-07 08:34:42.791941
268499,137,2021-11-11,20.1,0,17,04:07,23.2,14:06,9,6.9,17.8,19:30,64,71,13:10,48,09:40,2025-05-07 08:34:42.860252,2025-05-07 08:34:42.860252
268517,137,2021-11-12,19.3,0,16.9,07:15,21.7,14:18,9,6.9,15.8,02:30,69,79,05:50,53,13:40,2025-05-07 08:34:42.929996,2025-05-07 08:34:42.929996
268535,137,2021-11-13,17.5,0.2,15,07:44,20,12:31,7,4.4,9.4,14:00,68,83,04:20,55,14:40,2025-05-07 08:34:43.031057,2025-05-07 08:34:43.031057
268553,137,2021-11-14,18.1,0,15.5,01:51,20.7,11:38,10,4.7,11.7,19:30,67,78,06:30,57,,2025-05-07 08:34:43.115736,2025-05-07 08:34:43.115736
268571,137,2021-11-15,18.2,0,15.4,06:54,20.9,13:51,8,5.8,14.7,21:10,66,79,01:50,58,14:50,2025-05-07 08:34:43.200684,2025-05-07 08:34:43.200684
268589,137,2021-11-16,19.4,0,16.9,21:19,21.9,14:09,9,8.3,18.3,05:30,66,77,21:10,42,09:20,2025-05-07 08:34:43.292154,2025-05-07 08:34:43.292154
268606,137,2021-11-17,18.2,0,16.1,05:52,20.3,13:17,8,3.9,15.3,03:30,60,76,22:00,56,13:00,2025-05-07 08:34:43.376019,2025-05-07 08:34:43.376019
268623,137,2021-11-18,17.9,0,15,23:47,20.8,12:30,8,5,11.1,14:30,65,76,19:00,52,11:50,2025-05-07 08:34:43.486788,2025-05-07 08:34:43.486788
268640,137,2021-11-19,17.7,0,14.3,07:16,21.1,15:06,29,1.9,6.1,14:10,71,84,07:20,54,14:50,2025-05-07 08:34:43.597654,2025-05-07 08:34:43.597654
268657,137,2021-11-20,18,0,14.6,06:31,21.5,13:58,26,2.2,6.1,14:00,69,83,,52,05:30,2025-05-07 08:34:43.694201,2025-05-07 08:34:43.694201
268674,137,2021-11-21,18.3,0,14.6,06:45,22,14:05,23,1.7,6.1,17:30,68,79,06:40,51,16:50,2025-05-07 08:34:43.790559,2025-05-07 08:34:43.790559
268691,137,2021-11-22,19.8,0,17.4,03:14,22.1,12:01,26,1.7,5.3,13:10,83,96,,72,00:00,2025-05-07 08:34:43.893790,2025-05-07 08:34:43.893790
268708,137,2021-11-23,19.8,0,16.7,06:55,22.9,15:36,28,1.4,5,13:00,88,96,00:00,74,15:30,2025-05-07 08:34:43.977170,2025-05-07 08:34:43.977170
268725,137,2021-11-24,19.1,0,16,07:28,22.2,16:20,9,2.2,15,22:30,83,91,,62,23:10,2025-05-07 08:34:44.066648,2025-05-07 08:34:44.066648
268743,137,2021-11-25,18,0,15.9,04:09,20.2,15:14,8,4.4,18.3,07:30,83,92,03:20,62,15:00,2025-05-07 08:34:44.143808,2025-05-07 08:34:44.143808
268761,137,2021-11-26,15.6,8,12.9,19:20,18.4,09:26,35,4.7,16.1,10:30,78,94,10:50,69,12:50,2025-05-07 08:34:44.235810,2025-05-07 08:34:44.235810
268779,137,2021-11-27,15.4,3.2,13.9,07:46,16.9,13:08,2,3.3,13.6,10:40,77,88,10:50,67,01:00,2025-05-07 08:34:44.318212,2025-05-07 08:34:44.318212
268797,137,2021-11-28,15.6,7.4,14.2,23:39,17.1,14:10,1,5,17.2,09:50,84,92,13:00,72,16:50,2025-05-07 08:34:44.401804,2025-05-07 08:34:44.401804
268815,137,2021-11-29,15.2,1,13.7,08:13,16.8,14:53,8,7.2,17.5,11:30,75,85,00:10,63,10:10,2025-05-07 08:34:44.473849,2025-05-07 08:34:44.473849
268833,137,2021-11-30,16.9,0,14.3,05:26,19.5,13:41,9,6.1,13.9,17:30,64,77,,48,14:00,2025-05-07 08:34:44.577329,2025-05-07 08:34:44.577329
268851,137,2021-12-01,16.6,0,13.2,06:33,19.9,13:37,7,4.4,12.5,21:10,64,82,05:50,43,09:10,2025-05-07 08:34:44.662060,2025-05-07 08:34:44.662060
268869,137,2021-12-02,16.4,1.2,15,06:10,17.8,,7,5.3,14.2,19:30,76,88,19:00,61,11:40,2025-05-07 08:34:44.735595,2025-05-07 08:34:44.735595
268887,137,2021-12-03,15.8,1,14.7,,17,12:56,6,6.4,15.6,09:50,80,88,07:30,67,14:20,2025-05-07 08:34:44.847483,2025-05-07 08:34:44.847483
268905,137,2021-12-04,16.6,0,13.9,05:13,19.3,12:00,4,3.3,15.3,13:20,57,80,02:50,34,23:30,2025-05-07 08:34:44.946329,2025-05-07 08:34:44.946329
268923,137,2021-12-05,16,0,14.1,03:37,18,16:52,5,5,13.9,09:10,73,80,08:10,35,00:00,2025-05-07 08:34:45.046026,2025-05-07 08:34:45.046026
268941,137,2021-12-06,16.5,0,15.1,07:19,17.9,14:06,8,9.2,19.4,23:10,73,83,05:40,64,23:40,2025-05-07 08:34:45.151013,2025-05-07 08:34:45.151013
268959,137,2021-12-07,17.6,0,13.9,05:09,21.3,17:06,10,1.9,13.3,23:50,64,82,04:20,31,17:00,2025-05-07 08:34:45.233603,2025-05-07 08:34:45.233603
268977,137,2021-12-08,17.4,4.4,15.4,22:49,19.4,11:07,10,6.1,18.9,03:30,76,82,05:10,57,01:40,2025-05-07 08:34:45.317764,2025-05-07 08:34:45.317764
268995,137,2021-12-09,15.4,10.4,14,17:50,16.8,11:59,9,7.5,15,05:40,88,92,05:40,72,00:00,2025-05-07 08:34:45.423632,2025-05-07 08:34:45.423632
269013,137,2021-12-10,16.1,0.2,14,00:19,18.2,14:29,10,6.7,16.1,12:30,77,89,01:40,68,23:59,2025-05-07 08:34:45.501229,2025-05-07 08:34:45.501229
269031,137,2021-12-11,16.6,0,14.9,03:21,18.4,13:39,7,8.3,19.2,05:30,72,82,23:50,63,10:30,2025-05-07 08:34:45.586745,2025-05-07 08:34:45.586745
269049,137,2021-12-12,16.3,0,14.4,23:58,18.2,11:31,10,4.4,12.2,21:40,73,84,09:20,62,23:50,2025-05-07 08:34:45.681585,2025-05-07 08:34:45.681585
269067,137,2021-12-13,16.4,0,13.1,02:47,19.8,14:46,10,2.2,11.1,09:10,69,90,19:20,45,05:40,2025-05-07 08:36:29.693890,2025-05-07 08:36:29.693890
269085,137,2021-12-14,16.6,0,14,05:09,19.3,10:47,8,1.4,5.8,23:59,72,92,21:20,46,03:10,2025-05-07 08:36:29.763471,2025-05-07 08:36:29.763471
269103,137,2021-12-15,15.4,2,13.1,08:46,17.6,16:14,2,1.7,6.4,14:40,76,93,,60,23:50,2025-05-07 08:36:29.835413,2025-05-07 08:36:29.835413
269121,137,2021-12-16,15.6,0,12.3,07:33,18.8,13:57,1,1.4,6.1,14:40,68,77,18:50,57,15:30,2025-05-07 08:36:29.900045,2025-05-07 08:36:29.900045
269139,137,2021-12-17,16.4,0,12.7,06:08,20.1,15:33,27,1.7,5.8,15:10,56,74,19:10,40,11:00,2025-05-07 08:36:29.976143,2025-05-07 08:36:29.976143
269157,137,2021-12-18,15.6,0,12.3,04:45,19,14:58,26,2.8,9.4,16:00,62,81,21:30,39,07:00,2025-05-07 08:36:30.069242,2025-05-07 08:36:30.069242
269175,137,2021-12-19,18.5,0,14.8,00:07,22.2,14:08,28,2.2,7.5,09:00,73,87,22:20,64,13:50,2025-05-07 08:36:30.166919,2025-05-07 08:36:30.166919
269193,137,2021-12-20,18.2,0,14.9,08:27,21.4,14:07,27,2.5,7.5,15:30,67,88,01:10,54,23:59,2025-05-07 08:36:30.244875,2025-05-07 08:36:30.244875
269211,137,2021-12-21,19.5,0,15.9,23:30,23.1,10:01,18,4.7,16.7,06:50,58,95,23:50,31,09:40,2025-05-07 08:36:30.347421,2025-05-07 08:36:30.347421
269229,137,2021-12-22,18,0,15.2,07:57,20.8,14:28,28,1.4,5.8,13:30,84,96,21:00,70,10:50,2025-05-07 08:36:30.445059,2025-05-07 08:36:30.445059
269247,137,2021-12-23,16.6,0,14.2,05:50,18.9,16:28,32,0.8,4.7,12:30,82,95,20:50,76,07:10,2025-05-07 08:36:30.542418,2025-05-07 08:36:30.542418
269265,137,2021-12-24,16.8,0,13.6,04:08,20.1,14:31,29,1.7,5,11:50,83,97,03:00,72,10:40,2025-05-07 08:36:30.634989,2025-05-07 08:36:30.634989
269283,137,2021-12-25,16.5,0,13.9,04:37,19.1,13:53,36,3.3,8.3,14:30,81,94,04:00,69,22:40,2025-05-07 08:36:30.742479,2025-05-07 08:36:30.742479
269301,137,2021-12-26,17.2,0,14.2,06:12,20.1,12:58,2,1.9,6.4,16:30,82,94,23:10,63,00:20,2025-05-07 08:36:30.831173,2025-05-07 08:36:30.831173
269319,137,2021-12-27,17.6,0,14.4,03:16,20.8,12:42,1,3.3,9.7,13:20,83,93,,70,10:40,2025-05-07 08:36:30.915470,2025-05-07 08:36:30.915470
269337,137,2021-12-28,16.6,0,13.9,06:32,19.2,11:58,11,1.7,8.9,01:20,86,96,22:00,74,02:10,2025-05-07 08:36:30.993482,2025-05-07 08:36:30.993482
269355,137,2021-12-29,17.2,0,13.6,08:18,20.9,14:31,99,0.8,3.6,,85,96,,52,10:30,2025-05-07 08:36:31.090277,2025-05-07 08:36:31.090277
269373,137,2021-12-30,21.7,0,17.1,08:51,26.3,11:39,17,1.1,6.4,11:40,50,61,13:10,29,21:10,2025-05-07 08:36:31.169236,2025-05-07 08:36:31.169236
269391,137,2021-12-31,23,0,19.3,22:14,26.6,,31,2.2,5.3,15:40,32,49,18:40,23,14:20,2025-05-07 08:36:31.287493,2025-05-07 08:36:31.287493
269409,137,2022-01-01,22.8,0,18.5,02:49,27.2,14:15,13,0.8,4.2,05:30,23,33,01:50,17,14:20,2025-05-07 08:36:31.365980,2025-05-07 08:36:31.365980
269427,137,2022-01-02,21.2,0,18.2,19:16,24.1,11:51,9,1.7,10.3,23:10,30,46,18:40,17,00:20,2025-05-07 08:36:31.468575,2025-05-07 08:36:31.468575
269445,137,2022-01-03,20.2,0,17.7,05:05,22.7,15:32,8,2.5,12.5,22:20,28,41,16:40,22,03:50,2025-05-07 08:36:31.554324,2025-05-07 08:36:31.554324
269463,137,2022-01-04,19.8,0,15.8,20:55,23.7,14:15,11,3.1,14.7,22:10,48,78,20:40,20,10:10,2025-05-07 08:36:31.653875,2025-05-07 08:36:31.653875
269481,137,2022-01-05,16.2,0.8,14,,18.5,02:15,9,4.2,18.6,03:30,72,86,11:10,24,02:20,2025-05-07 08:36:31.726574,2025-05-07 08:36:31.726574
269499,137,2022-01-06,14.6,8,13.5,04:15,15.6,11:26,8,6.4,15,23:59,82,93,23:59,73,,2025-05-07 08:36:31.795554,2025-05-07 08:36:31.795554
269517,137,2022-01-07,14.7,7.4,13.9,09:41,15.5,04:05,9,7.5,18.6,17:30,90,94,07:00,75,23:30,2025-05-07 08:36:31.861158,2025-05-07 08:36:31.861158
269535,137,2022-01-08,16.8,0,14.4,,19.1,23:52,4,5,17.5,09:30,75,88,03:40,30,23:50,2025-05-07 08:36:31.943973,2025-05-07 08:36:31.943973
269553,137,2022-01-09,18,0,15.4,18:11,20.5,14:37,28,1.9,9.4,14:30,49,67,19:10,26,02:10,2025-05-07 08:36:32.022724,2025-05-07 08:36:32.022724
269571,137,2022-01-10,16.4,0,14.6,18:56,18.2,12:23,12,3.1,12.5,07:20,53,62,18:40,20,21:10,2025-05-07 08:36:32.087979,2025-05-07 08:36:32.087979
269589,137,2022-01-11,16.4,0,13.4,02:20,19.4,11:48,11,4.7,10.6,20:30,43,65,23:10,22,20:40,2025-05-07 08:36:32.151502,2025-05-07 08:36:32.151502
269607,137,2022-01-12,16.5,0,13.3,04:58,19.7,14:16,31,1.9,7.2,13:10,64,87,,43,09:50,2025-05-07 08:36:32.222342,2025-05-07 08:36:32.222342
269625,137,2022-01-13,16.8,0,13.3,08:22,20.2,16:19,28,1.1,5,14:10,63,76,18:40,28,21:40,2025-05-07 08:36:32.310701,2025-05-07 08:36:32.310701
269643,137,2022-01-14,18.5,0,15.1,19:52,21.9,13:04,8,2.2,9.7,02:30,43,72,19:10,19,03:10,2025-05-07 08:36:32.376495,2025-05-07 08:36:32.376495
269661,137,2022-01-15,18,0,15.1,08:18,21,14:55,28,1.7,5,,41,53,18:40,30,02:50,2025-05-07 08:36:32.452263,2025-05-07 08:36:32.452263
269679,137,2022-01-16,17.6,1.6,14.7,07:07,20.6,14:28,28,1.1,5.6,15:40,38,66,21:50,31,00:00,2025-05-07 08:36:32.524372,2025-05-07 08:36:32.524372
269697,137,2022-01-17,16,0,13.1,06:06,18.8,13:11,14,0.8,6.7,00:30,83,97,23:59,43,00:40,2025-05-07 08:36:32.613616,2025-05-07 08:36:32.613616
269715,137,2022-01-18,16.2,0,13.2,07:58,19.2,14:57,2,1.7,5.8,17:00,82,98,,55,23:20,2025-05-07 08:36:32.708547,2025-05-07 08:36:32.708547
269733,137,2022-01-19,17.4,0,14.1,06:03,20.6,15:09,28,1.1,5,13:30,59,67,,38,23:10,2025-05-07 08:36:32.808500,2025-05-07 08:36:32.808500
269751,137,2022-01-20,19.9,0,15.5,23:11,24.3,13:43,17,3.1,20.6,09:10,34,60,,19,12:00,2025-05-07 08:36:32.892926,2025-05-07 08:36:32.892926
269769,137,2022-01-21,17,0,13.8,05:42,20.1,15:31,27,1.7,7.2,15:10,72,94,,40,10:10,2025-05-07 08:36:32.967396,2025-05-07 08:36:32.967396
269787,137,2022-01-22,17,0,13.6,05:59,20.3,16:08,28,2.5,7.8,12:40,75,93,02:00,60,16:00,2025-05-07 08:36:33.042743,2025-05-07 08:36:33.042743
269805,137,2022-01-23,16.6,0,13.5,07:39,19.8,13:26,28,2.5,6.1,13:30,75,92,19:40,56,10:10,2025-05-07 08:36:33.115600,2025-05-07 08:36:33.115600
269823,137,2022-01-24,17.2,0,14.4,01:41,20.1,15:36,9,2.5,6.9,06:40,66,92,23:10,56,06:50,2025-05-07 08:36:33.198479,2025-05-07 08:36:33.198479
269841,137,2022-01-25,15,0,13.6,22:37,16.3,15:10,1,4.4,9.7,12:30,79,90,02:10,67,15:10,2025-05-07 08:36:33.274569,2025-05-07 08:36:33.274569
269859,137,2022-01-26,14.6,6.2,13,01:51,16.1,14:07,1,4.7,12.2,06:10,82,95,04:50,73,00:00,2025-05-07 08:36:33.347387,2025-05-07 08:36:33.347387
269877,137,2022-01-27,14.4,4,11.7,06:49,17.1,13:26,4,3.9,12.2,06:30,76,90,04:30,60,13:20,2025-05-07 08:36:33.418029,2025-05-07 08:36:33.418029
269895,137,2022-01-28,14.8,1.2,12.4,07:05,17.2,11:21,10,3.6,11.1,04:30,65,83,22:10,53,10:20,2025-05-07 08:36:33.503222,2025-05-07 08:36:33.503222
269913,137,2022-01-29,15.7,0,12.9,06:00,18.5,14:45,7,3.3,8.6,00:10,68,93,09:20,46,22:10,2025-05-07 08:36:33.575157,2025-05-07 08:36:33.575157
269931,137,2022-01-30,15.2,0,12,07:54,18.4,12:37,6,2.2,7.5,01:50,67,84,20:10,45,09:30,2025-05-07 08:36:33.667481,2025-05-07 08:36:33.667481
269949,137,2022-01-31,,,,,,,99,2.2,8.6,,69,,,,,2025-05-07 08:36:33.762853,2025-05-07 08:36:33.762853
269967,137,2022-02-01,19.6,0.8,15.5,00:37,23.7,11:28,10,1.9,5,19:00,39,68,19:20,23,09:50,2025-05-07 08:36:33.826155,2025-05-07 08:36:33.826155
269985,137,2022-02-02,20.9,2.2,16.2,23:49,25.6,15:34,3,4.4,16.4,12:30,35,90,22:50,19,13:30,2025-05-07 08:36:33.896317,2025-05-07 08:36:33.896317
270003,137,2022-02-03,21.6,0,16.1,00:01,27.1,11:16,16,2.5,11.1,10:20,47,88,00:00,28,10:40,2025-05-07 08:36:33.962889,2025-05-07 08:36:33.962889
270021,137,2022-02-04,20.2,0,16.3,22:34,24,14:19,20,3.1,10,05:00,33,55,20:50,18,06:20,2025-05-07 08:36:34.036931,2025-05-07 08:36:34.036931
270039,137,2022-02-05,20.8,0,16.7,00:23,24.9,14:26,14,1.4,4.4,04:50,31,43,18:20,20,14:30,2025-05-07 08:36:34.107217,2025-05-07 08:36:34.107217
270057,137,2022-02-06,20,0,16.7,04:04,23.4,12:27,8,8.1,20.8,14:30,38,74,15:40,12,21:30,2025-05-07 08:36:34.178901,2025-05-07 08:36:34.178901
270075,137,2022-02-07,22.5,0,18.5,11:17,26.5,16:13,7,5.6,20.6,00:10,52,77,12:50,12,21:40,2025-05-07 08:36:34.265648,2025-05-07 08:36:34.265648
270093,137,2022-02-08,22.4,0,18.5,22:45,26.2,10:31,4,1.4,16.4,00:10,25,49,19:10,10,07:00,2025-05-07 08:36:34.336659,2025-05-07 08:36:34.336659
270111,137,2022-02-09,21.8,0,16.9,04:49,26.8,12:35,13,4.2,16.1,10:30,30,53,04:50,13,10:20,2025-05-07 08:36:34.403102,2025-05-07 08:36:34.403102
270129,137,2022-02-10,22.4,0,18.9,04:29,26,00:51,15,3.3,11.7,00:50,33,64,04:20,15,01:10,2025-05-07 08:36:34.494599,2025-05-07 08:36:34.494599
270147,137,2022-02-11,21.2,0,17.1,23:57,25.3,15:50,4,1.7,8.6,23:00,31,57,10:20,20,15:40,2025-05-07 08:36:34.570231,2025-05-07 08:36:34.570231
270165,137,2022-02-12,16.8,0,14.6,24:00,18.9,01:26,1,5.8,11.4,15:50,71,85,09:30,30,01:10,2025-05-07 08:36:34.653817,2025-05-07 08:36:34.653817
270183,137,2022-02-13,17.2,0,13.8,05:21,20.7,13:54,4,5,14.2,12:00,68,81,06:50,28,09:00,2025-05-07 08:36:34.751842,2025-05-07 08:36:34.751842
270201,137,2022-02-14,17,0,14.6,24:00,19.3,12:49,12,9.7,19.7,07:30,65,82,21:40,39,09:20,2025-05-07 08:36:34.824713,2025-05-07 08:36:34.824713
270219,137,2022-02-15,15.8,1.8,13.8,07:38,17.8,14:36,7,4.4,13.1,07:30,69,83,01:20,57,14:40,2025-05-07 08:36:34.931453,2025-05-07 08:36:34.931453
270237,137,2022-02-16,16.4,0.2,13.3,07:33,19.6,18:02,9,5.3,20,22:30,70,89,02:50,45,19:20,2025-05-07 08:36:35.012959,2025-05-07 08:36:35.012959
270255,137,2022-02-17,18.8,0,13.8,01:49,23.7,,10,5.3,17.5,09:30,43,79,01:00,24,,2025-05-07 08:36:35.097540,2025-05-07 08:36:35.097540
270273,137,2022-02-18,15.8,0,13.5,07:38,18.1,01:14,9,5.8,14.7,05:10,66,77,03:50,26,00:50,2025-05-07 08:36:35.200288,2025-05-07 08:36:35.200288
270291,137,2022-02-19,15.2,7,13.1,,17.2,15:37,10,5.3,19.2,20:50,76,93,19:30,62,16:20,2025-05-07 08:36:35.298893,2025-05-07 08:36:35.298893
270309,137,2022-02-20,14.2,1.4,12.2,04:39,16.1,12:35,35,3.9,14.4,01:20,71,89,00:10,57,13:00,2025-05-07 08:36:35.366954,2025-05-07 08:36:35.366954
270327,137,2022-02-21,13.4,1,11.2,07:18,15.7,13:03,9,2.8,9.2,13:30,75,89,02:10,69,,2025-05-07 08:36:35.440418,2025-05-07 08:36:35.440418
270345,137,2022-02-22,15.2,0,11,07:47,19.5,16:07,8,3.6,9.7,06:10,70,90,23:59,40,10:50,2025-05-07 08:36:35.518900,2025-05-07 08:36:35.518900
270363,137,2022-02-23,15.9,0,12.5,06:00,19.3,14:07,36,3.1,7.8,17:10,76,94,01:20,60,14:00,2025-05-07 08:36:35.618888,2025-05-07 08:36:35.618888
270381,137,2022-02-24,16.3,0.6,13,05:17,19.6,13:42,36,3.3,8.9,16:20,74,91,16:50,59,00:30,2025-05-07 08:36:35.704689,2025-05-07 08:36:35.704689
270399,137,2022-02-25,15.6,0.4,13.5,23:37,17.8,13:56,99,4.4,9.2,,82,93,,71,11:00,2025-05-07 08:36:35.792065,2025-05-07 08:36:35.792065
270417,137,2022-02-26,14.2,8,13,06:37,15.3,17:27,3,4.7,12.8,11:30,87,97,06:10,80,18:30,2025-05-07 08:36:35.886805,2025-05-07 08:36:35.886805
270435,137,2022-02-27,14.8,0.2,13.4,00:42,16.1,15:39,36,6.9,16.4,00:40,78,93,01:30,67,,2025-05-07 08:36:35.971405,2025-05-07 08:36:35.971405
270453,137,2022-02-28,14.8,0.2,13.2,02:48,16.4,15:07,1,4.4,15.8,14:30,72,80,00:40,63,12:50,2025-05-07 08:36:36.089847,2025-05-07 08:36:36.089847
270471,137,2022-03-01,16.1,0,14.1,05:13,18.1,13:35,1,5,15,01:30,77,84,03:00,68,14:40,2025-05-07 08:36:36.172836,2025-05-07 08:36:36.172836
270489,137,2022-03-02,16.2,0,14.2,05:51,18.3,15:09,4,6.4,13.3,15:10,74,84,08:10,66,16:20,2025-05-07 08:36:36.243010,2025-05-07 08:36:36.243010
270507,137,2022-03-03,16.5,2.4,14.3,00:14,18.7,14:47,36,5.6,16.4,12:30,75,88,21:40,62,15:10,2025-05-07 08:36:36.320884,2025-05-07 08:36:36.320884
270525,137,2022-03-04,14,6,12.3,19:50,15.6,13:06,7,4.7,14.7,23:40,78,96,09:10,68,,2025-05-07 08:36:36.417816,2025-05-07 08:36:36.417816
270543,137,2022-03-05,13.6,1,12.1,07:16,15,16:50,8,6.1,15.8,08:10,81,91,07:20,72,02:00,2025-05-07 08:36:36.499656,2025-05-07 08:36:36.499656
270561,137,2022-03-06,15.5,0.4,13.5,02:34,17.5,13:42,9,3.9,9.2,00:10,74,83,00:30,64,11:30,2025-05-07 08:36:36.569557,2025-05-07 08:36:36.569557
270579,137,2022-03-07,15.4,0,12.6,23:48,18.1,14:18,2,3.9,11.4,15:30,69,93,03:40,54,13:30,2025-05-07 08:36:36.670307,2025-05-07 08:36:36.670307
270597,137,2022-03-08,15,0,12.2,04:19,17.9,15:03,8,5,19.2,20:30,65,76,,60,,2025-05-07 08:36:36.748261,2025-05-07 08:36:36.748261
270615,137,2022-03-09,17,0,14.1,06:59,19.9,12:39,7,5.8,16.1,02:30,68,83,22:50,56,12:40,2025-05-07 08:36:36.822266,2025-05-07 08:36:36.822266
270633,137,2022-03-10,15.4,0,13.1,08:31,17.8,13:45,4,6.4,12.8,06:10,68,80,00:00,62,,2025-05-07 08:36:36.901433,2025-05-07 08:36:36.901433
270651,137,2022-03-11,15.4,0,10.9,07:05,19.8,16:53,99,4.2,11.4,,67,80,23:40,45,11:20,2025-05-07 08:36:36.976293,2025-05-07 08:36:36.976293
270669,137,2022-03-12,17.2,0,14.4,01:00,20,13:22,36,3.9,10.3,15:30,71,85,,60,16:50,2025-05-07 08:36:37.037787,2025-05-07 08:36:37.037787
270687,137,2022-03-13,16.6,0,14,06:29,19.3,14:33,2,3.9,8.6,14:30,76,91,09:10,58,13:50,2025-05-07 08:36:37.110695,2025-05-07 08:36:37.110695
270705,137,2022-03-14,13.2,4.8,10.3,21:04,16.2,00:15,32,5.3,19.7,11:30,80,96,10:30,64,23:59,2025-05-07 08:36:37.172311,2025-05-07 08:36:37.172311
270723,137,2022-03-15,13.7,2.8,10.7,03:51,16.7,16:59,34,5.6,14.2,02:50,75,94,10:30,63,00:00,2025-05-07 08:36:37.273235,2025-05-07 08:36:37.273235
270741,137,2022-03-16,14.2,1,12.8,02:27,15.7,13:29,36,5.3,12.5,12:00,79,92,22:40,64,10:10,2025-05-07 08:36:37.355952,2025-05-07 08:36:37.355952
270759,137,2022-03-17,14.6,0,13.3,23:44,15.8,14:21,1,4.4,13.6,10:00,79,90,00:00,68,,2025-05-07 08:36:37.429771,2025-05-07 08:36:37.429771
270777,137,2022-03-18,15.2,0,13.1,02:22,17.2,13:19,4,5,11.7,14:50,73,84,09:40,70,00:30,2025-05-07 08:36:37.521106,2025-05-07 08:36:37.521106
270795,137,2022-03-19,15.2,0.6,13.8,02:53,16.6,11:42,99,4.4,9.2,12:40,77,82,,65,11:30,2025-05-07 08:36:37.607466,2025-05-07 08:36:37.607466
270813,137,2022-03-20,15.6,0,13,,18.3,14:42,35,3.3,8.3,14:10,66,91,07:20,44,14:10,2025-05-07 08:36:37.686688,2025-05-07 08:36:37.686688
270831,137,2022-03-21,15.2,0,12.1,02:39,18.2,14:06,2,4.4,10,13:20,68,80,,57,13:40,2025-05-07 08:36:37.747538,2025-05-07 08:36:37.747538
270849,137,2022-03-22,15.4,4.8,12.9,06:00,18,15:54,35,3.6,8.1,12:50,74,88,07:40,60,15:50,2025-05-07 08:36:37.830677,2025-05-07 08:36:37.830677
270867,137,2022-03-23,14.6,0.4,12.4,03:23,16.8,16:17,33,3.3,10.6,12:30,77,97,03:30,58,16:00,2025-05-07 08:36:37.910018,2025-05-07 08:36:37.910018
270885,137,2022-03-24,14.4,0.6,11.7,06:05,17.2,12:26,3,3.1,8.3,05:30,73,91,06:10,59,17:20,2025-05-07 08:36:37.987894,2025-05-07 08:36:37.987894
270903,137,2022-03-25,14.8,0.8,12.5,01:13,17,12:07,34,2.5,6.7,14:30,82,88,00:00,65,23:40,2025-05-07 08:36:38.070538,2025-05-07 08:36:38.070538
270921,137,2022-03-26,16.2,0,12,06:23,20.4,15:51,16,3.1,10,21:00,60,77,20:10,48,17:00,2025-05-07 08:36:38.138647,2025-05-07 08:36:38.138647
270939,137,2022-03-27,17.2,0.2,13,01:16,21.4,13:27,27,6.1,18.1,14:00,62,93,08:50,43,13:30,2025-05-07 08:36:38.229673,2025-05-07 08:36:38.229673
270957,137,2022-03-28,18.6,0,15,02:22,22.1,12:02,23,4.4,20,14:30,58,92,23:40,48,12:10,2025-05-07 08:36:38.307261,2025-05-07 08:36:38.307261
270975,137,2022-03-29,16.6,0.4,13.5,07:00,19.7,14:28,1,3.6,8.6,16:30,73,92,02:40,61,12:50,2025-05-07 08:36:38.382716,2025-05-07 08:36:38.382716
270993,137,2022-03-30,16.3,0.6,13.8,06:22,18.8,12:59,1,4.7,11.1,14:20,72,91,03:30,60,16:30,2025-05-07 08:36:38.510859,2025-05-07 08:36:38.510859
271011,137,2022-03-31,16,0,14.2,,17.9,10:14,1,5,13.6,12:30,77,83,00:00,64,10:20,2025-05-07 08:36:38.626294,2025-05-07 08:36:38.626294
271029,137,2022-04-01,16.5,0,14,07:58,19,15:39,8,6.7,17.2,14:30,74,85,04:50,64,13:50,2025-05-07 08:36:38.700345,2025-05-07 08:36:38.700345
271047,137,2022-04-02,17.9,0,13.7,02:22,22.1,13:31,10,3.6,10,00:40,61,82,02:20,45,14:10,2025-05-07 08:36:38.794704,2025-05-07 08:36:38.794704
271065,137,2022-04-03,18.4,3.4,13.4,03:38,23.3,12:04,26,4.2,22.5,14:20,69,95,19:10,48,15:30,2025-05-07 08:36:38.861819,2025-05-07 08:36:38.861819
271083,137,2022-04-04,15,0.2,12.5,04:23,17.5,14:26,26,4.4,18.9,00:20,75,94,04:20,56,23:59,2025-05-07 08:36:38.925295,2025-05-07 08:36:38.925295
271101,137,2022-04-05,14.4,0.2,12,08:17,16.9,13:43,35,3.3,9.7,13:30,63,90,08:50,55,,2025-05-07 08:36:38.985758,2025-05-07 08:36:38.985758
271119,137,2022-04-06,14.4,0,12,03:37,16.9,10:45,4,3.1,11.1,19:00,66,75,03:40,50,10:50,2025-05-07 08:36:39.060288,2025-05-07 08:36:39.060288
271137,137,2022-04-07,15.2,0,12.2,00:54,18.1,12:39,6,5,14.7,12:30,65,76,,51,12:30,2025-05-07 08:36:39.130216,2025-05-07 08:36:39.130216
271155,137,2022-04-08,16,0,13.6,06:59,18.4,15:06,4,5.8,18.1,11:30,67,77,22:00,60,11:30,2025-05-07 08:36:39.205680,2025-05-07 08:36:39.205680
271173,137,2022-04-09,16.8,0,12.9,06:07,20.7,15:53,8,6.9,16.7,07:30,73,84,19:40,54,09:10,2025-05-07 08:36:39.289369,2025-05-07 08:36:39.289369
271191,137,2022-04-10,15.8,0,11.2,05:37,20.4,14:26,28,2.5,7.5,13:30,67,86,04:50,54,22:10,2025-05-07 08:36:39.361037,2025-05-07 08:36:39.361037
271209,137,2022-04-11,17.4,0,14.8,01:44,20.1,15:37,3,4.2,9.2,01:30,76,87,01:50,62,15:30,2025-05-07 08:36:39.432493,2025-05-07 08:36:39.432493
271227,137,2022-04-12,16.8,0.2,14.3,06:43,19.3,13:46,2,5,10.3,15:30,70,90,08:50,64,13:20,2025-05-07 08:36:39.515983,2025-05-07 08:36:39.515983
271245,137,2022-04-13,16,3,14.3,23:41,17.6,15:37,12,4.7,10.6,07:00,78,96,10:40,74,19:00,2025-05-07 08:36:39.601812,2025-05-07 08:36:39.601812
271263,137,2022-04-14,16.5,0,13.8,06:42,19.2,14:13,99,6.1,16.7,23:30,74,86,06:50,49,23:40,2025-05-07 08:36:39.685828,2025-05-07 08:36:39.685828
271281,137,2022-04-15,18.2,0,14.3,04:49,22.1,19:06,8,9.2,25.3,23:30,64,79,03:50,19,20:10,2025-05-07 08:36:39.766716,2025-05-07 08:36:39.766716
271299,137,2022-04-16,20.6,0,17.1,07:56,24.2,04:55,9,5.6,30,03:30,56,84,20:20,16,05:00,2025-05-07 08:36:39.841502,2025-05-07 08:36:39.841502
271317,137,2022-04-17,27.6,0,23.6,00:01,31.6,19:07,7,3.1,18.3,22:30,30,41,18:00,15,,2025-05-07 08:36:39.930870,2025-05-07 08:36:39.930870
271335,137,2022-04-18,25.6,0,16.9,23:54,34.3,12:26,13,5.6,23.1,05:30,36,83,23:10,14,12:30,2025-05-07 08:36:40.017817,2025-05-07 08:36:40.017817
271353,137,2022-04-19,16.6,0,14.3,21:36,18.8,13:58,10,11.1,23.6,05:30,73,88,02:10,60,06:40,2025-05-07 08:36:40.106094,2025-05-07 08:36:40.106094
271371,137,2022-04-20,16,0,13.9,,18.1,13:47,9,6.7,16.7,04:30,69,82,,57,13:40,2025-05-07 08:36:40.181493,2025-05-07 08:36:40.181493
271389,137,2022-04-21,15.9,0,13.3,02:13,18.5,14:13,4,4.2,11.7,01:10,72,87,09:10,59,12:00,2025-05-07 08:36:40.257322,2025-05-07 08:36:40.257322
271407,137,2022-04-22,,,,,,,4,2.5,8.3,13:20,67,,,,,2025-05-07 08:36:40.330899,2025-05-07 08:36:40.330899
271425,137,2022-04-23,17,0.6,13.5,01:05,20.6,13:47,28,2.2,6.7,13:30,70,91,09:40,54,13:50,2025-05-07 08:36:40.408938,2025-05-07 08:36:40.408938
271443,137,2022-04-24,17.6,0.2,13.5,07:09,21.8,14:48,32,3.3,10,15:00,62,91,06:50,39,14:50,2025-05-07 08:36:40.499530,2025-05-07 08:36:40.499530
271461,137,2022-04-25,17.6,2.4,13.3,06:08,21.9,15:17,26,2.2,11.4,16:30,71,95,21:00,49,13:30,2025-05-07 08:36:40.561481,2025-05-07 08:36:40.561481
271479,137,2022-04-26,17,0.6,14.4,02:00,19.7,14:42,1,3.1,10.8,17:40,74,91,03:40,55,13:40,2025-05-07 08:36:40.657122,2025-05-07 08:36:40.657122
271497,137,2022-04-27,16.5,0,13.7,06:37,19.3,13:40,5,5.8,16.4,22:50,65,85,01:30,49,14:30,2025-05-07 08:36:40.729321,2025-05-07 08:36:40.729321
271515,137,2022-04-28,17.2,0,14.5,,20,12:21,4,7.5,20,07:00,67,79,02:40,58,12:30,2025-05-07 08:36:40.799574,2025-05-07 08:36:40.799574
271533,137,2022-04-29,17,0,14.5,01:53,19.6,13:47,5,7.8,17.2,23:30,71,80,06:40,35,23:59,2025-05-07 08:36:40.896391,2025-05-07 08:36:40.896391
271551,137,2022-04-30,18.6,0,15.3,05:59,22,13:28,8,6.7,14.7,00:10,58,74,21:00,33,01:10,2025-05-07 08:36:40.982866,2025-05-07 08:36:40.982866
271569,137,2022-05-01,20,0,16.4,20:28,23.5,14:43,8,9.4,23.9,06:30,43,73,20:20,14,23:59,2025-05-07 08:36:41.059133,2025-05-07 08:36:41.059133
271587,137,2022-05-02,18.4,0,15.3,23:56,21.5,13:35,6,8.9,25,03:30,60,83,23:50,13,00:20,2025-05-07 08:36:41.123975,2025-05-07 08:36:41.123975
271605,137,2022-05-03,16.7,0.4,14.3,08:00,19.1,14:05,1,5.3,13.1,16:10,67,88,08:00,58,14:00,2025-05-07 08:36:41.216064,2025-05-07 08:36:41.216064
271623,137,2022-05-04,16.6,0,13.7,06:21,19.5,13:51,2,5.6,14.2,15:30,73,90,06:10,50,13:40,2025-05-07 08:36:41.303614,2025-05-07 08:36:41.303614
271641,137,2022-05-05,17.2,0,14.7,,19.8,15:38,8,6.7,18.3,20:00,68,80,21:40,56,10:30,2025-05-07 08:36:41.372647,2025-05-07 08:36:41.372647
271659,137,2022-05-06,18.6,0,14.9,03:30,22.3,16:18,8,6.4,15.6,05:20,52,81,00:40,36,06:50,2025-05-07 08:36:41.443832,2025-05-07 08:36:41.443832
271677,137,2022-05-07,18.5,0,14.1,06:34,22.9,21:42,1,4.4,15.3,23:30,75,86,06:40,28,21:40,2025-05-07 08:36:41.539521,2025-05-07 08:36:41.539521
271695,137,2022-05-08,21.4,0,14.8,05:21,27.9,13:26,6,4.7,24.7,22:30,52,90,05:30,17,,2025-05-07 08:36:41.638762,2025-05-07 08:36:41.638762
271713,137,2022-05-09,25,0,20.1,09:07,30,16:18,9,5,20.6,03:10,40,70,09:20,16,08:10,2025-05-07 08:36:41.732995,2025-05-07 08:36:41.732995
271731,137,2022-05-10,23.8,0,18.2,03:50,29.3,14:53,2,1.9,7.2,13:50,51,90,03:50,29,01:50,2025-05-07 08:36:41.804515,2025-05-07 08:36:41.804515
271749,137,2022-05-11,20.6,0,17.6,22:09,23.7,12:19,4,3.1,8.6,22:40,78,95,,54,00:10,2025-05-07 08:36:41.880299,2025-05-07 08:36:41.880299
271767,137,2022-05-12,19.6,0,16.5,,22.8,14:47,34,3.6,8.9,16:40,79,93,,61,16:00,2025-05-07 08:36:41.946879,2025-05-07 08:36:41.946879
271785,137,2022-05-13,20.4,0,16.6,02:35,24.2,14:35,34,3.1,10,13:50,69,89,23:30,59,14:40,2025-05-07 08:36:42.019680,2025-05-07 08:36:42.019680
271803,137,2022-05-14,19,0,16.3,05:39,21.7,12:41,4,4.2,10.3,11:30,73,90,03:10,57,17:10,2025-05-07 08:36:42.090012,2025-05-07 08:36:42.090012
271821,137,2022-05-15,20,0,15.3,05:34,24.7,12:57,2,3.9,9.4,17:30,58,73,08:40,34,19:50,2025-05-07 08:36:42.159133,2025-05-07 08:36:42.159133
271839,137,2022-05-16,19.1,0,15.1,04:53,23.1,13:34,1,3.9,11.1,11:30,57,76,19:50,45,06:50,2025-05-07 08:36:42.225460,2025-05-07 08:36:42.225460
271857,137,2022-05-17,19.4,0,15.9,04:03,22.8,15:02,2,5.8,16.1,11:30,68,81,23:20,35,06:00,2025-05-07 08:36:42.289804,2025-05-07 08:36:42.289804
271875,137,2022-05-18,19.8,0,17,03:35,22.6,12:32,2,5.8,15,12:00,69,83,20:30,60,12:50,2025-05-07 08:36:42.379723,2025-05-07 08:36:42.379723
271893,137,2022-05-19,19.4,0,16.6,05:28,22.2,13:54,2,5.3,12.2,14:50,74,85,01:20,65,12:40,2025-05-07 08:36:42.476668,2025-05-07 08:36:42.476668
271911,137,2022-05-20,20,0,17.3,04:58,22.6,13:14,36,5.3,12.5,14:10,67,83,01:20,53,13:00,2025-05-07 08:36:42.619388,2025-05-07 08:36:42.619388
271928,137,2022-05-21,19,0,16.6,06:00,21.5,13:34,2,6.7,18.6,14:50,72,84,04:10,52,00:30,2025-05-07 08:36:42.763252,2025-05-07 08:36:42.763252
271946,137,2022-05-22,18.7,0,16.5,05:38,20.9,13:22,8,7.2,21.4,03:30,70,82,21:30,62,,2025-05-07 08:36:42.871836,2025-05-07 08:36:42.871836
271964,137,2022-05-23,18.8,0,16.5,05:59,21,13:10,8,6.1,18.6,02:20,70,82,,63,13:20,2025-05-07 08:36:42.952730,2025-05-07 08:36:42.952730
271982,137,2022-05-24,18.6,0,16,05:23,21.2,13:53,7,5.3,17.2,23:10,74,86,08:20,65,,2025-05-07 08:36:43.030511,2025-05-07 08:36:43.030511
272000,137,2022-05-25,18.1,0,15.8,06:55,20.4,15:29,1,8.3,18.3,14:30,75,86,06:50,59,15:30,2025-05-07 08:36:43.127300,2025-05-07 08:36:43.127300
272018,137,2022-05-26,18.3,0,15.9,04:36,20.7,14:45,1,6.1,15.8,11:30,65,80,,59,18:10,2025-05-07 08:36:43.215811,2025-05-07 08:36:43.215811
272036,137,2022-05-27,19,0,15.8,04:08,22.1,13:39,10,4.7,10.3,02:30,68,80,04:20,57,13:40,2025-05-07 08:36:43.303877,2025-05-07 08:36:43.303877
272054,137,2022-05-28,18.4,0,15.9,03:19,21,11:11,35,2.8,6.4,17:10,68,81,00:10,63,13:40,2025-05-07 08:36:43.376750,2025-05-07 08:36:43.376750
272072,137,2022-05-29,19.8,0,15.5,06:06,24.1,14:07,16,3.1,8.9,09:30,63,86,21:50,51,13:20,2025-05-07 08:36:43.451968,2025-05-07 08:36:43.451968
272090,137,2022-05-30,20.2,0,15.8,05:51,24.6,15:12,27,3.9,14.4,16:30,67,85,02:10,54,14:20,2025-05-07 08:36:43.543684,2025-05-07 08:36:43.543684
272108,137,2022-05-31,21.8,0,18.4,02:03,25.1,14:53,28,5.3,15.8,14:20,61,86,01:50,53,14:40,2025-05-07 08:36:43.634590,2025-05-07 08:36:43.634590
272126,137,2022-06-01,19.6,0,16.7,06:13,22.6,15:53,3,4.2,12.5,11:30,72,94,02:40,55,16:10,2025-05-07 08:36:43.714787,2025-05-07 08:36:43.714787
272144,137,2022-06-02,19.4,0,16.1,06:26,22.7,14:30,4,3.6,9.2,13:30,68,85,,53,00:50,2025-05-07 08:36:43.809723,2025-05-07 08:36:43.809723
272162,137,2022-06-03,19.6,0,16.7,05:07,22.5,15:10,8,3.9,8.9,09:50,67,89,04:40,54,10:30,2025-05-07 08:36:43.892018,2025-05-07 08:36:43.892018
272180,137,2022-06-04,19.1,0,16.7,06:35,21.5,15:30,1,6.1,15.8,14:20,72,83,,63,11:30,2025-05-07 08:36:43.979091,2025-05-07 08:36:43.979091
272198,137,2022-06-05,19.5,0,16.6,03:17,22.4,15:26,3,5.6,15,08:20,69,84,02:00,57,11:30,2025-05-07 08:36:44.063436,2025-05-07 08:36:44.063436
272216,137,2022-06-06,19.2,0,17,23:45,21.3,13:01,6,6.9,18.1,20:30,68,81,01:40,61,14:20,2025-05-07 08:36:44.139217,2025-05-07 08:36:44.139217
272234,137,2022-06-07,21.5,0,16.6,03:21,26.4,11:33,8,12.5,25.8,17:30,36,80,00:50,12,23:30,2025-05-07 08:36:44.213232,2025-05-07 08:36:44.213232
272252,137,2022-06-08,26.9,0,24.2,,29.6,12:33,8,11.9,23.1,08:30,26,40,23:59,6,03:20,2025-05-07 08:36:44.286185,2025-05-07 08:36:44.286185
272270,137,2022-06-09,24,0,19.2,23:57,28.8,12:13,6,7.2,17.8,08:30,44,82,23:59,31,11:00,2025-05-07 08:36:44.365207,2025-05-07 08:36:44.365207
272288,137,2022-06-10,20.2,0,17.3,05:04,23.1,14:14,2,6.7,14.7,09:30,70,88,03:10,62,21:10,2025-05-07 08:36:44.448115,2025-05-07 08:36:44.448115
272306,137,2022-06-11,20.2,0,17.7,03:46,22.6,15:27,1,6.9,16.4,13:30,80,91,03:50,72,15:30,2025-05-07 08:36:44.521227,2025-05-07 08:36:44.521227
272324,137,2022-06-12,19.8,0,17.2,06:53,22.5,13:27,2,5,14.4,18:30,80,94,04:30,72,13:00,2025-05-07 08:37:47.070187,2025-05-07 08:37:47.070187
272342,137,2022-06-13,19.8,0,16.7,03:22,22.8,13:42,1,4.4,11.4,16:30,79,94,,69,13:10,2025-05-07 08:37:47.186552,2025-05-07 08:37:47.186552
272360,137,2022-06-14,20.2,0,17.1,06:47,23.2,11:37,2,3.6,10.3,,76,92,07:10,58,16:30,2025-05-07 08:37:47.273508,2025-05-07 08:37:47.273508
272378,137,2022-06-15,19.8,0,16.3,05:12,23.2,13:53,1,5.3,12.5,16:40,65,81,23:10,54,15:30,2025-05-07 08:37:47.397283,2025-05-07 08:37:47.397283
272396,137,2022-06-16,20.8,0,17.6,04:15,24.1,11:55,36,6.9,18.3,13:30,67,84,04:00,53,16:00,2025-05-07 08:37:47.526697,2025-05-07 08:37:47.526697
272414,137,2022-06-17,20.6,0,17.5,05:09,23.8,11:19,9,10.3,22.2,08:30,69,85,22:50,54,11:10,2025-05-07 08:37:47.619364,2025-05-07 08:37:47.619364
272432,137,2022-06-18,20.4,0,17.7,03:17,23,13:48,10,11.7,27.2,05:30,72,82,03:20,55,09:00,2025-05-07 08:37:47.704518,2025-05-07 08:37:47.704518
272450,137,2022-06-19,21.5,0,18.4,01:05,24.6,03:39,11,6.4,24.2,01:30,73,86,19:00,19,03:50,2025-05-07 08:37:47.778373,2025-05-07 08:37:47.778373
272468,137,2022-06-20,20.4,1.2,18.4,01:50,22.4,14:37,8,7.8,23.3,02:30,75,83,09:20,64,14:20,2025-05-07 08:37:47.884880,2025-05-07 08:37:47.884880
272486,137,2022-06-21,19,0,17.2,,20.7,18:04,6,5.3,12.8,13:40,80,93,05:00,58,18:30,2025-05-07 08:37:47.987535,2025-05-07 08:37:47.987535
272504,137,2022-06-22,18.8,0,16.9,07:02,20.8,17:20,2,4.7,11.4,18:30,74,87,07:10,64,17:30,2025-05-07 08:37:48.060005,2025-05-07 08:37:48.060005
272522,137,2022-06-23,19.5,0,16.4,02:36,22.6,12:20,36,5.8,11.7,12:50,62,81,21:30,53,10:30,2025-05-07 08:37:48.134924,2025-05-07 08:37:48.134924
272540,137,2022-06-24,19.8,0,17.2,01:43,22.5,13:29,1,4.2,12.8,15:30,68,86,23:50,58,13:10,2025-05-07 08:37:48.207006,2025-05-07 08:37:48.207006
272558,137,2022-06-25,19.8,1.8,17.2,05:43,22.5,15:08,2,4.4,15,13:10,83,93,18:50,56,14:20,2025-05-07 08:37:48.285380,2025-05-07 08:37:48.285380
272576,137,2022-06-26,19.7,0.6,16.5,03:48,22.9,14:07,1,4.2,11.4,18:10,73,93,03:40,56,12:10,2025-05-07 08:37:48.385221,2025-05-07 08:37:48.385221
272594,137,2022-06-27,19.4,0.2,16.6,04:14,22.2,14:52,36,5.8,14.7,15:40,71,87,22:20,57,12:00,2025-05-07 08:37:48.463231,2025-05-07 08:37:48.463231
272612,137,2022-06-28,19,0,16.3,05:49,21.8,11:54,1,5.3,13.3,12:50,69,88,01:30,55,13:20,2025-05-07 08:37:48.559479,2025-05-07 08:37:48.559479
272630,137,2022-06-29,19.1,0.2,16.3,03:50,21.9,13:54,36,5,15.8,14:00,69,86,03:40,59,13:50,2025-05-07 08:37:48.639805,2025-05-07 08:37:48.639805
272648,137,2022-06-30,19.2,0.6,16.8,08:37,21.6,15:13,36,5,14.7,14:30,78,90,07:00,58,14:50,2025-05-07 08:37:48.708597,2025-05-07 08:37:48.708597
272665,137,2022-07-01,18.6,3.2,15.8,06:08,21.3,14:27,7,5.3,12.5,07:20,82,92,07:30,61,14:30,2025-05-07 08:37:48.775505,2025-05-07 08:37:48.775505
272681,137,2022-07-02,19.6,0,16.6,05:54,22.5,15:18,6,3.6,11.7,03:20,72,93,,58,17:30,2025-05-07 08:37:48.833114,2025-05-07 08:37:48.833114
272698,137,2022-07-03,20,0.2,17.7,08:40,22.4,15:15,6,6.7,16.1,23:30,70,91,08:50,61,14:50,2025-05-07 08:37:48.938517,2025-05-07 08:37:48.938517
272715,137,2022-07-04,20.1,0,17.6,06:04,22.6,14:04,5,6.9,16.9,18:30,69,83,05:50,63,,2025-05-07 08:37:49.018636,2025-05-07 08:37:49.018636
272733,137,2022-07-05,19.9,0,17.4,07:50,22.4,14:59,9,8.1,20,21:30,76,88,07:30,64,,2025-05-07 08:37:49.111342,2025-05-07 08:37:49.111342
272751,137,2022-07-06,20.5,0,17.3,05:13,23.7,14:59,7,10.3,19.2,01:30,71,82,,62,11:30,2025-05-07 08:37:49.212958,2025-05-07 08:37:49.212958
272769,137,2022-07-07,19.4,0,16.8,04:12,21.9,17:58,1,7.2,18.9,11:30,74,85,03:40,66,18:00,2025-05-07 08:37:49.283299,2025-05-07 08:37:49.283299
272787,137,2022-07-08,20.5,0,17.6,05:37,23.4,13:38,2,7.5,13.9,,80,89,07:10,65,02:50,2025-05-07 08:37:49.371088,2025-05-07 08:37:49.371088
272805,137,2022-07-09,23.5,0,18.4,05:45,28.6,13:01,2,3.9,15,02:10,76,93,,51,13:00,2025-05-07 08:37:49.464939,2025-05-07 08:37:49.464939
272823,137,2022-07-10,27.6,0,21,03:18,34.1,04:28,2,6.4,16.1,11:50,50,80,23:59,8,04:30,2025-05-07 08:37:49.535325,2025-05-07 08:37:49.535325
272841,137,2022-07-11,25.5,0,18.4,,32.6,02:30,2,5.8,16.1,11:30,75,,,,,2025-05-07 08:37:49.633430,2025-05-07 08:37:49.633430
272859,137,2022-07-12,20.2,0,17.9,23:45,22.5,12:26,36,6.1,14.4,14:30,75,88,00:00,63,11:30,2025-05-07 08:37:49.724184,2025-05-07 08:37:49.724184
272877,137,2022-07-13,20.4,0,17.3,06:00,23.4,14:32,1,5.8,13.3,10:30,71,83,00:50,61,12:00,2025-05-07 08:37:49.829392,2025-05-07 08:37:49.829392
272895,137,2022-07-14,20.8,0,17.6,06:42,23.9,14:44,2,5.6,17.8,13:30,73,81,20:00,51,02:40,2025-05-07 08:37:49.903773,2025-05-07 08:37:49.903773
272913,137,2022-07-15,20.5,0,17.7,06:38,23.3,14:27,4,5.8,16.1,16:30,74,78,06:40,63,23:50,2025-05-07 08:37:49.980660,2025-05-07 08:37:49.980660
272931,137,2022-07-16,23,0,18.6,23:39,27.5,04:39,36,6.7,15.8,13:40,75,87,23:50,10,03:50,2025-05-07 08:37:50.059281,2025-05-07 08:37:50.059281
272949,137,2022-07-17,21.8,0,18.2,03:40,25.3,12:10,1,7.8,17.5,15:30,76,89,01:20,60,12:10,2025-05-07 08:37:50.132255,2025-05-07 08:37:50.132255
272967,137,2022-07-18,22.4,0,19.2,04:05,25.5,10:16,8,13.9,25.3,07:30,56,77,04:00,35,07:30,2025-05-07 08:37:50.204175,2025-05-07 08:37:50.204175
272985,137,2022-07-19,26.6,0,22.8,09:36,30.4,08:58,11,10,24.2,02:30,39,69,09:30,21,07:10,2025-05-07 08:37:50.298102,2025-05-07 08:37:50.298102
273003,137,2022-07-20,28.2,0,21.1,19:58,35.2,10:48,9,8.6,23.9,02:30,68,83,20:00,19,,2025-05-07 08:37:50.385142,2025-05-07 08:37:50.385142
273021,137,2022-07-21,26,0,19.7,23:46,32.3,03:53,8,7.2,18.3,00:30,60,86,23:50,14,04:10,2025-05-07 08:37:50.456589,2025-05-07 08:37:50.456589
273039,137,2022-07-22,26,0,19.1,01:20,32.8,15:20,8,6.4,30.3,22:30,59,89,01:20,12,04:30,2025-05-07 08:37:50.541713,2025-05-07 08:37:50.541713
273057,137,2022-07-23,27.4,0,19.3,06:11,35.5,13:38,7,1.9,12.2,13:10,61,97,06:00,31,13:20,2025-05-07 08:37:50.624694,2025-05-07 08:37:50.624694
273075,137,2022-07-24,30.8,0,26.3,23:59,35.2,14:02,7,5,16.7,06:40,28,47,23:59,20,09:00,2025-05-07 08:37:50.709236,2025-05-07 08:37:50.709236
273093,137,2022-07-25,,,,,,,0,2.8,,,50,,,,,2025-05-07 08:37:50.798728,2025-05-07 08:37:50.798728
273111,137,2022-07-26,32,0,26.3,08:39,37.7,07:51,6,5.3,22.5,21:50,28,62,08:40,16,07:30,2025-05-07 08:37:50.874645,2025-05-07 08:37:50.874645
273129,137,2022-07-27,27.6,0,20.8,22:09,34.5,11:31,8,7.5,18.9,08:30,44,78,22:10,13,07:00,2025-05-07 08:37:50.943772,2025-05-07 08:37:50.943772
273147,137,2022-07-28,21.5,0.2,19.3,07:36,23.7,13:26,1,6.9,16.7,13:40,70,85,07:30,62,13:20,2025-05-07 08:37:51.029686,2025-05-07 08:37:51.029686
273165,137,2022-07-29,20.8,0.2,18.5,02:59,23.2,14:27,7,6.4,15.3,15:40,82,91,,70,14:20,2025-05-07 08:37:51.101305,2025-05-07 08:37:51.101305
273183,137,2022-07-30,21.8,0,19.3,02:50,24.3,16:11,3,8.6,18.6,09:50,75,86,01:20,67,16:00,2025-05-07 08:37:51.195309,2025-05-07 08:37:51.195309
273201,137,2022-07-31,21.6,0,19.1,06:13,24,12:13,99,8.9,13.9,,81,87,06:00,72,12:10,2025-05-07 08:37:51.312568,2025-05-07 08:37:51.312568
273219,137,2022-08-01,24.6,0,19.8,05:09,29.4,23:49,6,4.7,15,22:20,66,87,00:10,20,23:20,2025-05-07 08:37:51.377328,2025-05-07 08:37:51.377328
273237,137,2022-08-02,26,0,19.8,06:44,32.2,03:53,2,6.7,16.7,11:00,62,90,08:20,13,,2025-05-07 08:37:51.456422,2025-05-07 08:37:51.456422
273255,137,2022-08-03,27.2,0,21.5,19:52,32.9,04:28,4,6.9,19.2,05:10,55,78,10:00,8,,2025-05-07 08:37:51.542300,2025-05-07 08:37:51.542300
273273,137,2022-08-04,25.9,0,20,06:37,31.8,04:41,2,7.2,18.6,14:50,70,81,19:30,8,04:40,2025-05-07 08:37:51.629785,2025-05-07 08:37:51.629785
273291,137,2022-08-05,26.1,0,20.2,06:49,32,04:04,8,6.1,19.7,22:50,70,75,17:40,5,,2025-05-07 08:37:51.708848,2025-05-07 08:37:51.708848
273309,137,2022-08-06,25.9,0,19.1,05:58,32.7,22:45,9,6.4,20.8,00:40,65,84,06:00,6,01:30,2025-05-07 08:37:51.786422,2025-05-07 08:37:51.786422
273327,137,2022-08-07,26.8,0,19,05:33,34.6,09:26,9,5.8,16.4,22:30,55,82,06:00,7,00:30,2025-05-07 08:37:51.877649,2025-05-07 08:37:51.877649
273345,137,2022-08-08,28.6,0,22.7,19:12,34.5,15:17,9,8.1,20.8,04:10,36,69,19:10,14,02:00,2025-05-07 08:37:51.948511,2025-05-07 08:37:51.948511
273363,137,2022-08-09,25.6,0,19.8,22:17,31.4,13:03,1,5.6,16.9,14:50,46,77,22:20,18,01:10,2025-05-07 08:37:52.018303,2025-05-07 08:37:52.018303
273381,137,2022-08-10,21.6,0,18.6,03:19,24.7,12:09,3,6.1,15.8,13:30,67,83,23:59,59,,2025-05-07 08:37:52.094922,2025-05-07 08:37:52.094922
273399,137,2022-08-11,21.2,0,18.8,02:48,23.5,14:21,2,6.4,14.7,14:30,70,84,00:10,64,,2025-05-07 08:37:52.162964,2025-05-07 08:37:52.162964
273417,137,2022-08-12,21.2,0,18.8,05:15,23.5,16:13,10,6.7,16.4,01:40,71,82,,61,,2025-05-07 08:37:52.250788,2025-05-07 08:37:52.250788
273435,137,2022-08-13,21.7,0,19.2,05:45,24.2,23:57,9,6.7,16.7,23:50,74,82,04:10,30,23:59,2025-05-07 08:37:52.333719,2025-05-07 08:37:52.333719
273453,137,2022-08-14,23.2,0,19.8,03:53,26.6,21:21,3,7.2,17.2,12:20,59,75,03:50,26,01:00,2025-05-07 08:37:52.402604,2025-05-07 08:37:52.402604
273471,137,2022-08-15,24.2,0,20.4,00:36,28,14:06,10,9.2,17.5,02:20,40,75,00:40,25,08:10,2025-05-07 08:37:52.486784,2025-05-07 08:37:52.486784
273489,137,2022-08-16,23,0,20,04:49,26.1,15:42,5,5.8,13.3,03:10,73,81,21:30,58,15:30,2025-05-07 08:37:52.555597,2025-05-07 08:37:52.555597
273507,137,2022-08-17,21.6,0.2,19.1,23:07,24.1,13:03,5,6.9,16.1,13:20,72,86,08:00,59,12:10,2025-05-07 08:37:52.628360,2025-05-07 08:37:52.628360
273525,137,2022-08-18,21,0,18.4,06:10,23.6,14:51,7,7.5,15,10:40,76,87,06:50,60,14:10,2025-05-07 08:37:52.698447,2025-05-07 08:37:52.698447
273543,137,2022-08-19,21,0,18.7,04:02,23.2,13:36,2,6.4,14.2,15:10,73,84,02:40,66,16:50,2025-05-07 08:37:52.774083,2025-05-07 08:37:52.774083
273561,137,2022-08-20,26,0,18.9,05:17,33.2,23:34,9,6.4,19.2,21:50,63,85,04:10,13,23:59,2025-05-07 08:37:52.868474,2025-05-07 08:37:52.868474
273579,137,2022-08-21,28.4,0,21.9,07:51,34.9,14:30,9,5.8,19.4,01:40,35,84,07:50,11,18:00,2025-05-07 08:37:52.956743,2025-05-07 08:37:52.956743
273596,137,2022-08-22,28,0,23.7,11:27,32.2,07:49,12,6.9,19.4,05:10,37,75,11:30,10,07:40,2025-05-07 08:37:53.045365,2025-05-07 08:37:53.045365
273613,137,2022-08-23,28.9,0,25,09:55,32.8,13:54,12,7.5,15.8,04:00,37,66,12:30,15,,2025-05-07 08:37:53.108537,2025-05-07 08:37:53.108537
273631,137,2022-08-24,26.6,0,20.8,19:58,32.3,17:16,10,5.3,16.4,02:50,40,76,20:00,18,03:10,2025-05-07 08:37:53.213511,2025-05-07 08:37:53.213511
273649,137,2022-08-25,25,0,20.3,07:40,29.8,12:59,9,6.9,17.8,09:20,58,75,19:50,30,00:40,2025-05-07 08:37:53.306767,2025-05-07 08:37:53.306767
273667,137,2022-08-26,21.7,0,19.3,06:39,24.1,13:17,36,6.4,16.1,14:40,71,83,03:50,62,00:10,2025-05-07 08:37:53.386222,2025-05-07 08:37:53.386222
273685,137,2022-08-27,21.9,0,19.3,05:56,24.5,12:02,1,5,11.1,14:30,64,80,03:30,54,,2025-05-07 08:37:53.475980,2025-05-07 08:37:53.475980
273703,137,2022-08-28,21,0,18.4,05:55,23.7,13:00,2,5,12.2,14:10,66,82,03:50,56,,2025-05-07 08:37:53.546765,2025-05-07 08:37:53.546765
273721,137,2022-08-29,21,0,18.7,03:12,23.2,14:02,9,8.9,23.6,23:59,69,76,20:00,60,13:10,2025-05-07 08:37:53.626599,2025-05-07 08:37:53.626599
273739,137,2022-08-30,23.6,0,18.9,05:06,28.4,23:23,10,5,23.9,00:30,72,86,,47,23:10,2025-05-07 08:37:53.720339,2025-05-07 08:37:53.720339
273757,137,2022-08-31,25.2,1.2,20.9,01:12,29.5,02:59,12,3.9,19.2,03:20,90,99,,46,03:00,2025-05-07 08:37:53.814084,2025-05-07 08:37:53.814084
273775,137,2022-09-01,25.2,1,21,06:45,29.3,02:53,9,6.7,21.7,18:30,81,96,07:00,46,02:40,2025-05-07 08:37:53.883303,2025-05-07 08:37:53.883303
273793,137,2022-09-02,26.1,0,21,23:50,31.2,13:46,9,6.7,18.3,02:00,58,88,23:50,44,03:20,2025-05-07 08:37:53.960762,2025-05-07 08:37:53.960762
273811,137,2022-09-03,23.9,0,20.3,23:11,27.5,14:27,1,6.9,14.4,15:40,76,87,00:00,59,14:40,2025-05-07 08:37:54.037626,2025-05-07 08:37:54.037626
273829,137,2022-09-04,23,0,20.2,01:21,25.8,10:27,9,6.7,15.8,05:30,62,77,00:00,56,10:10,2025-05-07 08:37:54.112985,2025-05-07 08:37:54.112985
273847,137,2022-09-05,24,0,19.9,05:52,28,13:26,9,9.2,21.9,23:30,69,74,03:20,39,20:40,2025-05-07 08:37:54.185852,2025-05-07 08:37:54.185852
273864,137,2022-09-06,22,0,19.6,24:00,24.5,13:34,9,9.2,21.1,07:00,69,79,21:30,54,05:00,2025-05-07 08:37:54.273221,2025-05-07 08:37:54.273221
273881,137,2022-09-07,22,0,19.2,05:17,24.7,13:41,36,5.6,16.1,16:30,71,83,20:00,58,14:20,2025-05-07 08:37:54.341838,2025-05-07 08:37:54.341838
273899,137,2022-09-08,22.3,0,19.9,06:03,24.7,13:34,8,7.5,15.8,00:50,72,81,00:10,61,16:10,2025-05-07 08:37:54.425739,2025-05-07 08:37:54.425739
273917,137,2022-09-09,22.5,0,20.2,03:22,24.8,13:26,8,7.5,18.1,08:00,69,81,23:10,62,12:10,2025-05-07 08:37:54.502761,2025-05-07 08:37:54.502761
273935,137,2022-09-10,23,0,20.2,06:00,25.8,12:58,10,6.1,15,06:30,70,83,06:30,62,10:50,2025-05-07 08:37:54.577353,2025-05-07 08:37:54.577353
273953,137,2022-09-11,23.6,0,18.8,03:50,28.4,12:43,24,3.9,7.5,13:20,67,87,04:30,55,12:00,2025-05-07 08:37:54.657442,2025-05-07 08:37:54.657442
273971,137,2022-09-12,23.6,0,19.9,07:44,27.4,13:28,5,2.5,7.5,20:30,71,88,07:40,61,09:40,2025-05-07 08:37:54.736002,2025-05-07 08:37:54.736002
273989,137,2022-09-13,22.6,0,20.2,23:56,24.9,16:29,35,3.6,7.5,15:00,76,91,01:40,62,16:00,2025-05-07 08:37:54.826962,2025-05-07 08:37:54.826962
274007,137,2022-09-14,22.4,0,19.7,02:41,25.1,14:19,3,2.8,7.2,16:10,76,90,22:20,61,16:30,2025-05-07 08:37:54.904361,2025-05-07 08:37:54.904361
274025,137,2022-09-15,21.8,0,19.5,05:00,24.1,14:07,36,5,12.2,15:30,74,92,22:40,63,12:00,2025-05-07 08:37:54.978973,2025-05-07 08:37:54.978973
274043,137,2022-09-16,22.2,0,20.1,,24.2,14:26,2,4.7,10.8,16:50,83,96,04:00,66,14:30,2025-05-07 08:37:55.045768,2025-05-07 08:37:55.045768
274061,137,2022-09-17,22.4,0,20,06:55,24.7,12:46,8,3.3,11.7,02:30,81,95,,65,17:00,2025-05-07 08:37:55.136217,2025-05-07 08:37:55.136217
274079,137,2022-09-18,23.3,0,20.1,05:30,26.5,13:13,1,3.1,7.5,14:00,70,91,05:20,58,12:30,2025-05-07 08:37:55.218235,2025-05-07 08:37:55.218235
274096,137,2022-09-19,22,0,19,18:05,24.9,12:32,7,2.2,7.5,17:10,82,92,18:10,70,12:00,2025-05-07 08:37:55.298647,2025-05-07 08:37:55.298647
274113,137,2022-09-20,21.8,0,19.3,01:08,24.4,17:28,10,3.6,11.7,20:50,74,86,10:40,57,,2025-05-07 08:37:55.373463,2025-05-07 08:37:55.373463
274131,137,2022-09-21,23,0,20.5,05:26,25.6,14:48,8,8.9,17.2,23:00,67,77,20:50,49,19:30,2025-05-07 08:37:55.444451,2025-05-07 08:37:55.444451
274149,137,2022-09-22,22.8,0,20.4,03:01,25.2,14:35,8,12.2,20.6,17:00,65,80,23:00,55,14:10,2025-05-07 08:37:55.515292,2025-05-07 08:37:55.515292
274167,137,2022-09-23,22.1,,20.5,05:04,23.7,10:57,99,8.9,18.9,,72,81,02:00,66,10:30,2025-05-07 08:37:55.587480,2025-05-07 08:37:55.587480
274185,137,2022-09-24,21.2,,18.8,08:37,23.6,23:27,10,0.8,11.1,05:30,90,98,19:50,58,05:40,2025-05-07 08:37:55.667112,2025-05-07 08:37:55.667112
274203,137,2022-09-25,21.5,,19.3,05:23,23.7,01:36,12,1.9,11.1,21:20,94,100,,69,00:00,2025-05-07 08:37:55.742503,2025-05-07 08:37:55.742503
274221,137,2022-09-26,,,,,,,0,7.8,,,84,,,,,2025-05-07 08:37:55.838147,2025-05-07 08:37:55.838147
274239,137,2022-09-27,21.6,0,18.7,00:01,24.4,12:09,9,9.2,19.2,04:10,74,85,22:30,65,19:40,2025-05-07 08:37:55.926213,2025-05-07 08:37:55.926213
274257,137,2022-09-28,21.9,0,18.3,03:56,25.5,12:46,9,3.9,12.8,07:20,72,94,,42,19:10,2025-05-07 08:37:56.019475,2025-05-07 08:37:56.019475
274275,137,2022-09-29,21,0,18.4,08:23,23.7,14:10,9,4.2,18.1,02:50,76,90,08:20,57,01:10,2025-05-07 08:37:56.096796,2025-05-07 08:37:56.096796
274293,137,2022-09-30,19.8,1.6,17.6,06:56,22.1,15:56,1,4.2,11.7,05:50,88,91,22:50,72,02:40,2025-05-07 08:37:56.175489,2025-05-07 08:37:56.175489
274311,137,2022-10-01,19.2,0.4,17.8,07:03,20.5,12:20,6,5,11.9,09:40,82,89,22:50,70,10:40,2025-05-07 08:37:56.274318,2025-05-07 08:37:56.274318
274329,137,2022-10-02,21.4,0,18.1,06:33,24.8,14:20,10,2.2,14.4,04:00,74,92,21:00,57,05:10,2025-05-07 08:37:56.361752,2025-05-07 08:37:56.361752
274347,137,2022-10-03,24,0,18.9,00:01,29.1,14:28,2,1.7,6.7,01:00,58,85,01:00,42,23:30,2025-05-07 08:37:56.439495,2025-05-07 08:37:56.439495
274365,137,2022-10-04,27.2,0,22.3,07:08,32,14:14,9,1.7,20.3,23:50,44,53,,25,21:30,2025-05-07 08:37:56.505882,2025-05-07 08:37:56.505882
274383,137,2022-10-05,24.8,0,20.2,23:46,29.3,13:17,9,9.2,20.6,10:20,27,76,22:20,17,01:20,2025-05-07 08:37:56.591936,2025-05-07 08:37:56.591936
274401,137,2022-10-06,21.4,0,19,22:42,23.9,14:07,6,4.4,10.8,11:40,70,89,21:10,57,17:20,2025-05-07 08:37:56.688326,2025-05-07 08:37:56.688326
274419,137,2022-10-07,20.8,0,19.1,01:51,22.4,13:12,6,4.2,10,03:10,83,90,02:40,75,13:10,2025-05-07 08:37:56.763520,2025-05-07 08:37:56.763520
274437,137,2022-10-08,21,0,19.7,04:50,22.4,13:57,6,4.2,11.1,17:20,82,87,,76,,2025-05-07 08:37:56.858982,2025-05-07 08:37:56.858982
274455,137,2022-10-09,20.8,0,19.6,07:36,22.1,12:45,7,6.7,12.2,14:00,83,90,,79,,2025-05-07 08:37:56.929178,2025-05-07 08:37:56.929178
274473,137,2022-10-10,20.4,0,18.1,23:36,22.7,13:51,6,7.2,16.9,00:50,73,85,04:10,65,13:20,2025-05-07 08:37:57.000105,2025-05-07 08:37:57.000105
274491,137,2022-10-11,20.6,0.6,18.3,00:03,22.8,15:29,8,3.9,14.2,02:50,81,93,10:50,48,01:10,2025-05-07 08:37:57.064706,2025-05-07 08:37:57.064706
274509,137,2022-10-12,19.4,2.6,17.4,05:36,21.5,13:21,1,4.2,12.8,17:10,85,92,09:20,73,03:30,2025-05-07 08:37:57.159830,2025-05-07 08:37:57.159830
274527,137,2022-10-13,19.8,17,18.6,07:13,20.9,13:25,4,4.2,15,11:10,88,95,,80,03:30,2025-05-07 08:37:57.236362,2025-05-07 08:37:57.236362
274545,137,2022-10-14,19.8,1,18.6,01:32,21.1,12:52,36,5.3,14.2,01:50,92,97,01:40,84,22:30,2025-05-07 08:37:57.307280,2025-05-07 08:37:57.307280
274563,137,2022-10-15,20.5,0,18.6,21:59,22.4,13:34,4,6.1,13.3,13:10,84,95,02:40,76,12:00,2025-05-07 08:37:57.419613,2025-05-07 08:37:57.419613
274581,137,2022-10-16,20,0,17.2,05:44,22.7,09:35,8,2.5,6.9,01:00,79,89,18:50,68,09:40,2025-05-07 08:37:57.506789,2025-05-07 08:37:57.506789
274599,137,2022-10-17,20.2,0,17.2,05:57,23.3,13:02,36,1.7,5,11:30,80,94,20:20,59,10:00,2025-05-07 08:37:57.599333,2025-05-07 08:37:57.599333
274617,137,2022-10-18,21,0,17.5,05:04,24.6,15:41,2,1.7,9.4,12:00,78,89,00:10,68,15:30,2025-05-07 08:37:57.677199,2025-05-07 08:37:57.677199
274635,137,2022-10-19,20.8,0,17.8,05:52,23.9,11:13,2,3.9,11.9,13:10,74,87,01:10,59,11:20,2025-05-07 08:37:57.745524,2025-05-07 08:37:57.745524
274653,137,2022-10-20,20.4,0,17.1,06:00,23.7,13:22,4,2.5,6.9,11:00,79,86,18:40,59,08:50,2025-05-07 08:37:57.810947,2025-05-07 08:37:57.810947
274671,137,2022-10-21,20.6,0,17.4,00:07,23.8,21:41,8,2.5,12.2,23:59,75,86,,19,20:40,2025-05-07 08:37:57.875901,2025-05-07 08:37:57.875901
274689,137,2022-10-22,21,0,18.3,05:06,23.8,01:14,10,3.9,14.7,00:20,68,89,20:10,36,01:10,2025-05-07 08:37:57.966555,2025-05-07 08:37:57.966555
274707,137,2022-10-23,21.2,0,18.5,23:53,23.9,14:22,10,5.3,14.2,21:00,74,82,03:20,57,01:30,2025-05-07 08:37:58.037235,2025-05-07 08:37:58.037235
274725,137,2022-10-24,20.6,0,17.3,06:18,24,14:22,1,2.2,5.8,15:40,78,86,17:50,59,01:00,2025-05-07 08:37:58.116553,2025-05-07 08:37:58.116553
274743,137,2022-10-25,20.8,0,17.4,06:46,24.2,14:00,1,2.2,6.7,16:00,83,94,,53,04:00,2025-05-07 08:37:58.186450,2025-05-07 08:37:58.186450
274761,137,2022-10-26,20.8,0,17.4,04:07,24.1,12:44,29,1.9,5.8,14:30,83,96,22:00,73,10:30,2025-05-07 08:37:58.252382,2025-05-07 08:37:58.252382
274779,137,2022-10-27,21.2,0,17,06:28,25.5,15:49,36,1.4,4.7,13:20,81,94,07:00,50,22:00,2025-05-07 08:37:58.337290,2025-05-07 08:37:58.337290
274797,137,2022-10-28,24.7,0,19.8,00:55,29.6,14:32,12,0.8,7.2,05:30,51,82,20:50,27,06:00,2025-05-07 08:37:58.445314,2025-05-07 08:37:58.445314
274815,137,2022-10-29,23.1,0,19.3,22:06,26.9,14:58,2,2.2,8.3,10:40,61,92,19:30,31,05:50,2025-05-07 08:37:58.525344,2025-05-07 08:37:58.525344
274833,137,2022-10-30,22.6,0,18.1,07:12,27.2,12:34,5,2.5,7.5,06:40,75,94,21:30,23,02:30,2025-05-07 08:37:58.611782,2025-05-07 08:37:58.611782
274851,137,2022-10-31,22,0,18,04:18,26,14:43,2,1.4,11.7,11:20,66,86,20:10,38,06:50,2025-05-07 08:37:58.691926,2025-05-07 08:37:58.691926
274869,137,2022-11-01,21.8,0,17.8,03:55,25.7,13:56,2,1.4,6.7,14:10,65,90,19:20,33,05:40,2025-05-07 08:37:58.766967,2025-05-07 08:37:58.766967
274887,137,2022-11-02,22,0,17.9,04:54,26,14:21,32,0.6,4.7,15:00,63,77,12:00,30,23:20,2025-05-07 08:37:58.842698,2025-05-07 08:37:58.842698
274905,137,2022-11-03,21.7,0,18.1,23:39,25.3,15:42,99,2.8,9.7,,63,80,18:20,32,00:00,2025-05-07 08:37:58.929425,2025-05-07 08:37:58.929425
274923,137,2022-11-04,20.5,0,18,00:24,23,11:48,10,9.2,16.4,07:00,70,80,22:40,52,07:50,2025-05-07 08:37:59.017089,2025-05-07 08:37:59.017089
274941,137,2022-11-05,20.7,0,18.4,,23,14:05,8,8.1,17.5,07:10,71,79,23:30,64,10:30,2025-05-07 08:37:59.104768,2025-05-07 08:37:59.104768
274959,137,2022-11-06,21,0,18.1,20:36,24,12:05,8,5.6,16.1,07:00,75,91,20:40,53,23:50,2025-05-07 08:37:59.192640,2025-05-07 08:37:59.192640
274977,137,2022-11-07,20.3,0,16.9,03:07,23.7,14:30,99,1.9,7.8,00:10,71,92,19:00,45,06:00,2025-05-07 08:37:59.269706,2025-05-07 08:37:59.269706
274995,137,2022-11-08,20.1,0,16.8,08:00,23.4,15:05,99,2.2,8.3,,75,84,19:20,36,05:40,2025-05-07 08:37:59.348667,2025-05-07 08:37:59.348667
275013,137,2022-11-09,20.8,0,17.1,01:52,24.4,12:37,9,6.7,14.2,18:10,67,78,00:40,48,10:20,2025-05-07 08:37:59.418340,2025-05-07 08:37:59.418340
275031,137,2022-11-10,21,0,17.4,00:56,24.6,15:55,9,4.7,15.8,01:40,71,85,19:40,50,02:40,2025-05-07 08:37:59.505020,2025-05-07 08:37:59.505020
275049,137,2022-11-11,20.1,0,16.5,07:35,23.7,12:08,10,1.1,10.3,01:20,78,91,18:40,50,01:00,2025-05-07 08:37:59.587390,2025-05-07 08:37:59.587390
275067,137,2022-11-12,19.9,0,16.4,06:44,23.4,15:03,28,1.1,6.1,13:20,78,89,18:40,52,04:20,2025-05-07 08:37:59.658354,2025-05-07 08:37:59.658354
275085,137,2022-11-13,22.6,0,17,06:48,28.2,15:14,17,1.7,15,10:40,56,92,08:10,18,20:40,2025-05-07 08:37:59.724650,2025-05-07 08:37:59.724650
275103,137,2022-11-14,24.6,0,21.2,23:02,28.1,14:18,15,2.5,14.7,01:00,26,43,12:20,20,04:30,2025-05-07 08:37:59.804769,2025-05-07 08:37:59.804769
275121,137,2022-11-15,22.4,0,18,07:12,26.9,14:36,10,2.5,7.8,04:30,47,60,12:10,22,,2025-05-07 08:37:59.879649,2025-05-07 08:37:59.879649
275139,137,2022-11-16,23.6,0,20.2,19:35,27,11:48,14,1.4,4.4,01:10,40,67,19:10,21,00:00,2025-05-07 08:37:59.949999,2025-05-07 08:37:59.949999
275157,137,2022-11-17,21.4,0,17.2,,25.7,11:08,3,1.9,7.5,13:10,56,84,18:50,24,08:40,2025-05-07 08:38:00.026369,2025-05-07 08:38:00.026369
275175,137,2022-11-18,19.2,1,16.6,00:23,21.9,14:01,36,5.6,15.3,22:50,76,93,20:20,48,00:10,2025-05-07 08:38:00.092746,2025-05-07 08:38:00.092746
275193,137,2022-11-19,17.3,7,16,19:01,18.6,15:50,6,4.7,17.2,21:00,76,87,,63,15:50,2025-05-07 08:38:00.186913,2025-05-07 08:38:00.186913
275211,137,2022-11-20,17.6,0.8,15.8,04:57,19.3,14:46,7,5.8,15.6,02:20,81,91,,72,13:20,2025-05-07 08:38:00.253654,2025-05-07 08:38:00.253654
275228,137,2022-11-21,19.7,0,17.3,00:03,22.1,14:01,10,11.9,18.6,09:00,75,84,00:20,62,14:00,2025-05-07 08:38:00.323727,2025-05-07 08:38:00.323727
275244,137,2022-11-22,20.2,0,17.6,08:02,22.7,12:34,8,7.2,17.8,01:50,72,77,,61,09:10,2025-05-07 08:38:00.391641,2025-05-07 08:38:00.391641
275262,137,2022-11-23,19.4,0,17.3,01:27,21.5,12:48,8,4.4,15.3,04:30,78,83,18:30,66,09:50,2025-05-07 08:38:00.478563,2025-05-07 08:38:00.478563
275280,137,2022-11-24,19.4,0,17.1,05:40,21.7,12:17,9,5,16.4,23:30,76,79,14:20,65,11:00,2025-05-07 08:38:00.562119,2025-05-07 08:38:00.562119
275298,137,2022-11-25,19.3,0,16.4,23:56,22.2,12:32,10,5,16.4,00:50,71,81,17:00,43,08:40,2025-05-07 08:38:00.664577,2025-05-07 08:38:00.664577
275316,137,2022-11-26,19.6,0,15.6,06:49,23.5,15:26,10,1.4,9.2,05:30,72,85,18:10,27,05:30,2025-05-07 08:38:00.743022,2025-05-07 08:38:00.743022
275334,137,2022-11-27,21.2,0,16.2,01:56,26.3,17:12,9,5,15,20:00,35,81,06:00,18,09:50,2025-05-07 08:38:00.828893,2025-05-07 08:38:00.828893
275352,137,2022-11-28,22.2,0.4,17.8,23:30,26.7,12:48,11,8.9,20.6,06:00,42,79,03:30,21,,2025-05-07 08:38:00.929084,2025-05-07 08:38:00.929084
275370,137,2022-11-29,19.9,0,17,23:08,22.8,09:17,9,9.2,21.9,05:50,59,81,21:50,26,09:00,2025-05-07 08:38:01.014597,2025-05-07 08:38:01.014597
275388,137,2022-11-30,18.2,0,16.5,03:54,20,13:20,6,5.6,12.8,07:30,70,79,21:20,64,,2025-05-07 08:38:01.101756,2025-05-07 08:38:01.101756
275406,137,2022-12-01,17.8,5.8,15.9,03:58,19.6,14:08,36,2.8,8.6,13:30,70,94,20:20,61,10:40,2025-05-07 08:38:01.199932,2025-05-07 08:38:01.199932
275423,137,2022-12-02,17.6,7,15.2,06:56,20.1,15:36,35,2.5,7.5,16:50,90,99,,67,15:40,2025-05-07 08:38:01.260424,2025-05-07 08:38:01.260424
275441,137,2022-12-03,15.6,7.2,14.5,23:41,16.7,09:39,3,2.8,6.9,18:00,94,97,,85,05:00,2025-05-07 08:38:01.332805,2025-05-07 08:38:01.332805
275459,137,2022-12-04,17.2,0.4,14.4,03:36,19.9,11:38,24,5.8,22.8,22:00,68,97,00:00,54,11:50,2025-05-07 08:38:01.412695,2025-05-07 08:38:01.412695
275477,137,2022-12-05,19.6,0,16.4,21:14,22.8,13:18,23,3.6,28.1,00:20,68,88,03:20,49,13:20,2025-05-07 08:38:01.482372,2025-05-07 08:38:01.482372
275495,137,2022-12-06,19.4,0,15.8,05:02,23,15:11,14,2.8,10.3,22:10,68,85,05:10,52,12:20,2025-05-07 08:38:01.571369,2025-05-07 08:38:01.571369
275513,137,2022-12-07,19.2,1.6,16.7,05:50,21.8,19:09,20,3.6,13.1,20:40,65,93,23:20,36,07:30,2025-05-07 08:38:01.641346,2025-05-07 08:38:01.641346
275531,137,2022-12-08,21.1,0.2,18.8,22:12,23.4,11:58,22,4.7,14.2,03:00,68,89,00:00,48,09:20,2025-05-07 08:38:01.719465,2025-05-07 08:38:01.719465
275549,137,2022-12-09,19.8,0,17.6,05:45,22.1,14:15,26,2.5,10,03:40,79,92,19:10,66,09:40,2025-05-07 08:39:04.574634,2025-05-07 08:39:04.574634
275567,137,2022-12-10,20.1,0,17.4,06:36,22.8,11:47,28,1.4,5,14:20,83,92,19:00,72,11:10,2025-05-07 08:39:04.661124,2025-05-07 08:39:04.661124
275585,137,2022-12-11,20.6,0,17.7,05:57,23.5,14:14,25,1.9,7.5,12:30,87,96,21:00,76,13:40,2025-05-07 08:39:04.728017,2025-05-07 08:39:04.728017
275603,137,2022-12-12,19.6,0,16.8,23:56,22.5,16:15,14,1.1,7.2,05:20,91,99,,73,05:20,2025-05-07 08:39:04.810376,2025-05-07 08:39:04.810376
275621,137,2022-12-13,21.6,0,16.8,04:50,26.4,15:06,17,1.7,6.4,02:40,77,98,04:20,49,23:59,2025-05-07 08:39:04.885863,2025-05-07 08:39:04.885863
275639,137,2022-12-14,21.6,0.2,17.2,23:51,26,10:28,22,1.7,12.2,09:00,66,88,21:30,33,04:00,2025-05-07 08:39:04.991142,2025-05-07 08:39:04.991142
275657,137,2022-12-15,18.4,3.6,15.6,23:51,21.2,12:46,4,3.1,6.4,20:00,73,91,21:30,58,12:30,2025-05-07 08:39:05.059191,2025-05-07 08:39:05.059191
275675,137,2022-12-16,16.9,0,14.4,01:35,19.4,12:21,16,1.9,6.4,01:40,77,95,01:30,68,12:30,2025-05-07 08:39:05.126031,2025-05-07 08:39:05.126031
275693,137,2022-12-17,17.4,0,14.7,02:20,20.2,13:33,3,3.3,9.7,11:00,75,88,00:00,64,13:40,2025-05-07 08:39:05.205559,2025-05-07 08:39:05.205559
275711,137,2022-12-18,17.4,0,14.1,01:13,20.8,13:57,99,1.4,4.7,,81,90,19:50,68,13:50,2025-05-07 08:39:05.287655,2025-05-07 08:39:05.287655
275729,137,2022-12-19,18.7,0,14.7,04:54,22.7,15:19,32,0.8,4.7,12:30,65,84,00:00,49,23:59,2025-05-07 08:39:05.375279,2025-05-07 08:39:05.375279
275747,137,2022-12-20,19.2,0,16.1,,22.3,14:32,14,2.8,5.8,06:40,57,79,19:30,34,07:50,2025-05-07 08:39:05.449484,2025-05-07 08:39:05.449484
275765,137,2022-12-21,19.2,0,15.8,01:06,22.6,10:47,29,1.9,5.8,13:20,37,77,00:10,32,07:10,2025-05-07 08:39:05.533223,2025-05-07 08:39:05.533223
275783,137,2022-12-22,20,0,17.1,,22.9,13:07,11,3.9,13.9,05:50,38,62,16:30,26,06:40,2025-05-07 08:39:05.634757,2025-05-07 08:39:05.634757
275801,137,2022-12-23,19.4,0,16.2,23:43,22.6,12:11,29,1.9,4.4,13:40,41,57,23:50,33,10:30,2025-05-07 08:39:05.729794,2025-05-07 08:39:05.729794
275819,137,2022-12-24,19.3,0,16.1,23:49,22.5,11:34,27,1.7,5.6,13:40,46,72,18:20,31,10:50,2025-05-07 08:39:05.816280,2025-05-07 08:39:05.816280
275837,137,2022-12-25,18.9,0,15,06:05,22.8,14:51,16,1.9,8.3,23:50,46,70,00:10,35,10:30,2025-05-07 08:39:05.935598,2025-05-07 08:39:05.935598
275855,137,2022-12-26,17,0,13.4,06:52,20.7,23:48,14,1.7,12.8,23:59,78,87,,25,23:59,2025-05-07 08:39:06.009272,2025-05-07 08:39:06.009272
275873,137,2022-12-27,18.8,0,16.8,07:08,20.9,00:19,14,5,16.4,19:30,53,58,,24,00:20,2025-05-07 08:39:06.150646,2025-05-07 08:39:06.150646
275891,137,2022-12-28,19.2,0,17.2,03:35,21.3,12:35,4,6.9,20.3,09:20,52,71,02:50,37,,2025-05-07 08:39:06.279595,2025-05-07 08:39:06.279595
275909,137,2022-12-29,20.9,0,17.9,23:55,23.9,15:36,16,2.2,15.3,19:40,40,72,23:59,32,17:00,2025-05-07 08:39:06.385898,2025-05-07 08:39:06.385898
275927,137,2022-12-30,19.2,0,16.1,23:12,22.3,12:47,3,2.5,6.4,15:20,68,89,22:40,52,12:50,2025-05-07 08:39:06.489844,2025-05-07 08:39:06.489844
275945,137,2022-12-31,19,0,16.2,20:58,21.7,12:42,32,1.9,5,13:20,69,83,00:30,52,04:10,2025-05-07 08:39:06.604742,2025-05-07 08:39:06.604742
275963,137,2023-01-01,18.9,0,15.4,07:49,22.4,15:20,28,1.4,6.1,15:40,69,87,19:50,57,11:10,2025-05-07 08:39:06.694838,2025-05-07 08:39:06.694838
275981,137,2023-01-02,18.7,0,16,08:13,21.4,14:52,9,3.3,9.4,21:30,69,79,18:50,55,10:00,2025-05-07 08:39:06.774432,2025-05-07 08:39:06.774432
275999,137,2023-01-03,19,0,16.9,05:09,21.1,11:50,6,5.6,13.9,06:40,54,79,02:50,27,08:50,2025-05-07 08:39:06.851152,2025-05-07 08:39:06.851152
276017,137,2023-01-04,19.8,0,16.5,23:54,23.1,15:11,7,3.6,13.3,04:30,41,68,23:59,29,,2025-05-07 08:39:06.965463,2025-05-07 08:39:06.965463
276035,137,2023-01-05,18.4,0,15.1,19:42,21.6,14:43,99,2.2,10,00:40,43,72,00:40,21,05:30,2025-05-07 08:39:07.066037,2025-05-07 08:39:07.066037
276053,137,2023-01-06,17,0,13.8,22:19,20.3,11:51,8,3.3,11.1,08:00,57,76,,24,23:59,2025-05-07 08:39:07.150064,2025-05-07 08:39:07.150064
276071,137,2023-01-07,17.4,0,14.1,08:04,20.8,14:42,8,4.4,13.6,09:00,60,81,19:20,22,00:00,2025-05-07 08:39:07.239043,2025-05-07 08:39:07.239043
276089,137,2023-01-08,17.2,0,13.6,08:12,20.9,14:35,10,4.4,14.2,03:40,59,77,20:40,29,19:30,2025-05-07 08:39:07.307939,2025-05-07 08:39:07.307939
276107,137,2023-01-09,17.4,0,14.7,04:44,20,14:06,8,5.8,16.1,23:20,64,76,23:10,39,00:00,2025-05-07 08:39:07.405052,2025-05-07 08:39:07.405052
276125,137,2023-01-10,17.6,2.2,16.2,24:00,19.1,16:05,14,6.4,15,04:10,65,88,23:30,56,07:00,2025-05-07 08:39:07.474914,2025-05-07 08:39:07.474914
276143,137,2023-01-11,17.4,3.2,15.5,07:27,19.2,12:41,6,5,13.9,23:50,79,89,23:50,64,12:30,2025-05-07 08:39:07.558090,2025-05-07 08:39:07.558090
276161,137,2023-01-12,15.6,16.4,14.8,15:59,16.5,12:36,8,6.4,15,19:10,89,94,16:00,77,23:10,2025-05-07 08:39:07.639071,2025-05-07 08:39:07.639071
276179,137,2023-01-13,16.4,0.2,14.9,06:35,17.8,14:52,7,5.3,13.9,19:40,76,86,18:50,67,15:00,2025-05-07 08:39:07.746612,2025-05-07 08:39:07.746612
276197,137,2023-01-14,19.4,0,15.6,00:02,23.3,14:05,7,5.6,16.9,02:20,46,82,00:00,35,23:50,2025-05-07 08:39:07.821774,2025-05-07 08:39:07.821774
276215,137,2023-01-15,18,0,15.7,23:40,20.2,00:49,6,9.7,19.2,16:40,65,81,23:50,33,,2025-05-07 08:39:07.899577,2025-05-07 08:39:07.899577
276233,137,2023-01-16,17,3.4,15,05:09,19.1,10:06,10,10,18.6,08:50,70,85,,42,10:00,2025-05-07 08:39:07.995798,2025-05-07 08:39:07.995798
276251,137,2023-01-17,15,7.2,13,20:32,17,12:52,2,4.2,10,20:30,85,96,20:40,62,00:20,2025-05-07 08:39:08.112784,2025-05-07 08:39:08.112784
276269,137,2023-01-18,14.6,16.4,12.7,03:39,16.5,11:21,8,4.7,13.9,15:30,91,99,14:20,80,19:30,2025-05-07 08:39:08.188022,2025-05-07 08:39:08.188022
276287,137,2023-01-19,14,9.8,12.9,22:54,15.1,10:29,5,6.4,16.9,23:00,83,91,00:50,65,10:30,2025-05-07 08:39:08.265502,2025-05-07 08:39:08.265502
276305,137,2023-01-20,14.8,6.6,13.7,02:23,15.8,16:19,7,5.3,13.6,16:00,85,90,05:40,74,23:00,2025-05-07 08:39:08.341991,2025-05-07 08:39:08.341991
276323,137,2023-01-21,15.2,3.4,13.8,06:54,16.6,16:01,5,5.8,15,23:50,83,89,11:00,74,12:10,2025-05-07 08:39:08.412283,2025-05-07 08:39:08.412283
276341,137,2023-01-22,15.6,3.4,14.1,23:35,17.2,13:44,4,6.4,14.4,12:10,82,90,02:30,74,16:10,2025-05-07 08:39:08.482964,2025-05-07 08:39:08.482964
276359,137,2023-01-23,15.4,0.2,14.2,,16.5,14:18,7,4.7,17.2,08:50,73,88,00:00,66,13:00,2025-05-07 08:39:08.561303,2025-05-07 08:39:08.561303
276377,137,2023-01-24,15.3,0,13.4,06:11,17.2,14:25,8,5,13.3,16:00,72,77,21:30,61,13:20,2025-05-07 08:39:08.663841,2025-05-07 08:39:08.663841
276395,137,2023-01-25,14.6,0,13,08:17,16.3,14:45,4,5.3,15.3,22:30,68,76,00:00,62,12:20,2025-05-07 08:39:08.747053,2025-05-07 08:39:08.747053
276413,137,2023-01-26,14.6,0,13.2,05:53,16.1,13:15,6,6.4,18.1,12:00,61,69,,51,11:30,2025-05-07 08:39:08.822922,2025-05-07 08:39:08.822922
276431,137,2023-01-27,14.9,0.6,13,22:48,16.8,14:18,3,4.2,12.5,23:10,67,88,21:10,53,14:20,2025-05-07 08:39:08.885105,2025-05-07 08:39:08.885105
276449,137,2023-01-28,13.8,6.8,11.9,22:18,15.7,13:00,9,3.1,11.7,05:30,78,93,13:20,60,10:20,2025-05-07 08:39:08.949948,2025-05-07 08:39:08.949948
276467,137,2023-01-29,13.6,1,11.5,06:40,15.8,15:17,1,2.2,12.8,03:20,78,95,06:50,58,16:30,2025-05-07 08:39:09.026466,2025-05-07 08:39:09.026466
276485,137,2023-01-30,13.8,0,11.6,01:23,16.1,11:42,7,5,11.4,12:40,67,74,08:10,55,14:40,2025-05-07 08:39:09.094227,2025-05-07 08:39:09.094227
276503,137,2023-01-31,15,0.2,12.6,06:38,17.4,12:45,3,3.3,9.7,16:50,68,82,23:20,55,12:50,2025-05-07 08:39:09.172598,2025-05-07 08:39:09.172598
276521,137,2023-02-01,14.4,0,11.7,07:48,17.1,13:56,10,3.1,10,22:10,66,80,02:10,59,18:00,2025-05-07 08:39:09.244200,2025-05-07 08:39:09.244200
276539,137,2023-02-02,16,0,12.7,07:17,19.4,12:44,8,2.5,13.3,03:30,46,76,03:00,34,12:10,2025-05-07 08:39:09.326264,2025-05-07 08:39:09.326264
276557,137,2023-02-03,15.3,0,11.7,07:37,18.9,14:46,28,2.2,6.4,12:30,61,72,19:40,30,01:10,2025-05-07 08:39:09.416653,2025-05-07 08:39:09.416653
276575,137,2023-02-04,15,0,12.3,21:47,17.6,13:55,10,4.4,12.8,08:20,65,79,20:10,31,00:00,2025-05-07 08:39:09.512079,2025-05-07 08:39:09.512079
276593,137,2023-02-05,15,0,11.8,00:17,18.2,14:58,9,5.8,14.7,06:10,58,78,00:20,49,,2025-05-07 08:39:09.587771,2025-05-07 08:39:09.587771
276611,137,2023-02-06,14.4,12.4,11.3,18:52,17.5,14:16,34,3.3,12.2,18:40,66,94,20:10,48,12:20,2025-05-07 08:39:09.673851,2025-05-07 08:39:09.673851
276629,137,2023-02-07,13.8,0.6,11.7,01:30,16,14:11,6,2.8,8.6,02:30,69,88,00:20,62,13:00,2025-05-07 08:39:09.752337,2025-05-07 08:39:09.752337
276647,137,2023-02-08,14.4,0,11.7,08:01,17,15:53,8,3.1,6.7,19:40,76,84,06:50,63,15:50,2025-05-07 08:39:09.816420,2025-05-07 08:39:09.816420
276665,137,2023-02-09,14,18.8,11.9,20:32,16.1,12:40,99,2.5,5.8,04:50,79,96,,68,11:30,2025-05-07 08:39:09.899304,2025-05-07 08:39:09.899304
276683,137,2023-02-10,14.6,0,10.8,03:14,18.5,15:31,14,2.8,11.7,23:20,72,87,00:10,56,23:30,2025-05-07 08:39:09.966064,2025-05-07 08:39:09.966064
276701,137,2023-02-11,15.8,0,12.3,02:39,19.3,14:38,15,2.2,9.7,05:50,73,93,01:40,58,00:00,2025-05-07 08:39:10.051704,2025-05-07 08:39:10.051704
276719,137,2023-02-12,16.6,0,12.6,05:34,20.7,14:35,8,2.8,8.6,23:50,54,83,01:10,45,23:20,2025-05-07 08:39:10.131316,2025-05-07 08:39:10.131316
276737,137,2023-02-13,16.6,0,13.5,07:56,19.8,13:34,7,1.9,7.5,00:10,67,82,23:40,46,00:00,2025-05-07 08:39:10.195897,2025-05-07 08:39:10.195897
276755,137,2023-02-14,15.8,0,13.1,08:12,18.5,14:27,2,3.6,8.1,12:20,78,88,,56,14:00,2025-05-07 08:39:10.279679,2025-05-07 08:39:10.279679
276773,137,2023-02-15,13,15.6,10.5,24:00,15.6,01:52,2,4.4,10.8,07:50,77,97,07:50,69,12:10,2025-05-07 08:39:10.370177,2025-05-07 08:39:10.370177
276791,137,2023-02-16,12.8,5.2,9.7,00:08,16,15:20,1,5,12.5,18:00,77,91,,62,12:30,2025-05-07 08:39:10.449224,2025-05-07 08:39:10.449224
276809,137,2023-02-17,15.1,1.6,11.1,00:01,19.1,15:20,32,1.7,7.5,04:10,80,96,09:10,62,15:20,2025-05-07 08:39:10.520808,2025-05-07 08:39:10.520808
276827,137,2023-02-18,15.6,0.2,13.2,07:47,18.1,14:08,30,2.8,5.6,13:20,82,94,05:30,68,13:40,2025-05-07 08:39:10.594745,2025-05-07 08:39:10.594745
276845,137,2023-02-19,15.9,0.2,13.3,03:13,18.5,13:27,11,2.5,7.8,21:40,83,96,08:30,70,11:50,2025-05-07 08:39:10.672263,2025-05-07 08:39:10.672263
276863,137,2023-02-20,15,0,12.4,06:46,17.6,10:30,2,3.1,10.3,16:00,78,87,21:50,65,10:20,2025-05-07 08:39:10.768183,2025-05-07 08:39:10.768183
276881,137,2023-02-21,16,0.4,14.3,06:41,17.7,14:41,8,4.2,10.8,23:50,83,90,21:20,77,,2025-05-07 08:39:10.849876,2025-05-07 08:39:10.849876
276899,137,2023-02-22,15.6,5,14.2,05:02,16.9,13:06,1,5.3,13.6,14:00,82,92,17:30,72,13:10,2025-05-07 08:39:10.929961,2025-05-07 08:39:10.929961
276917,137,2023-02-23,14.1,5.4,11.7,07:44,16.5,13:49,2,2.8,9.7,07:20,84,97,07:40,74,15:10,2025-05-07 08:39:11.032996,2025-05-07 08:39:11.032996
276935,137,2023-02-24,14.8,0.2,11.7,06:01,17.8,13:10,99,2.2,7.5,,82,94,05:30,69,13:10,2025-05-07 08:39:11.131620,2025-05-07 08:39:11.131620
276953,137,2023-02-25,15,0,11.8,02:40,18.2,13:50,28,2.2,6.7,15:40,78,88,21:40,65,10:30,2025-05-07 08:39:11.229108,2025-05-07 08:39:11.229108
276971,137,2023-02-26,16.8,0.6,12.7,03:20,20.9,14:54,25,2.8,9.2,13:10,76,94,19:00,61,09:50,2025-05-07 08:39:11.344669,2025-05-07 08:39:11.344669
276989,137,2023-02-27,16.6,0,13.8,03:30,19.4,12:27,99,4.2,9.2,,65,86,,47,18:10,2025-05-07 08:39:11.417301,2025-05-07 08:39:11.417301
277007,137,2023-02-28,17.2,0,14.9,00:01,19.6,14:34,2,4.7,12.2,13:40,76,84,23:10,53,00:30,2025-05-07 08:39:11.508523,2025-05-07 08:39:11.508523
277025,137,2023-03-01,17.8,0,15.2,03:18,20.4,12:52,1,3.3,7.5,13:50,80,88,06:40,70,11:40,2025-05-07 08:39:11.579139,2025-05-07 08:39:11.579139
277043,137,2023-03-02,17.7,0,14.9,01:50,20.5,13:47,2,5,11.1,12:50,78,87,21:00,67,,2025-05-07 08:39:11.649961,2025-05-07 08:39:11.649961
277061,137,2023-03-03,17.6,0,15,06:54,20.3,12:51,1,4.4,10.6,15:00,80,91,09:30,73,12:50,2025-05-07 08:39:11.726223,2025-05-07 08:39:11.726223
277079,137,2023-03-04,17.6,0,14.2,02:55,21,13:49,10,4.7,12.2,22:40,66,84,21:40,58,13:50,2025-05-07 08:39:11.797445,2025-05-07 08:39:11.797445
277097,137,2023-03-05,16.6,0,14.1,23:20,19.2,10:59,8,3.6,12.8,02:40,77,95,,63,07:20,2025-05-07 08:39:11.895646,2025-05-07 08:39:11.895646
277115,137,2023-03-06,16.6,0,13.2,07:23,20,13:50,28,1.9,7.2,12:20,75,91,21:30,66,09:20,2025-05-07 08:39:11.972721,2025-05-07 08:39:11.972721
277133,137,2023-03-07,17.2,0,12.8,06:01,21.7,14:54,99,2.5,6.4,,77,93,20:50,60,10:10,2025-05-07 08:39:12.060624,2025-05-07 08:39:12.060624
277150,137,2023-03-08,17.2,0,13.1,07:11,21.3,16:33,28,2.2,6.1,15:30,71,92,20:10,49,09:20,2025-05-07 08:39:12.131323,2025-05-07 08:39:12.131323
277167,137,2023-03-09,18.8,0,13.7,05:15,23.8,11:25,7,5.8,22.5,19:10,49,80,05:00,36,20:50,2025-05-07 08:39:12.198112,2025-05-07 08:39:12.198112
277185,137,2023-03-10,23.2,0,18.2,05:13,28.3,14:32,9,6.7,20.6,03:00,29,60,05:30,15,22:30,2025-05-07 08:39:12.274067,2025-05-07 08:39:12.274067
277203,137,2023-03-11,22.6,0,18.5,19:35,26.8,17:10,9,3.3,18.1,05:40,49,83,19:40,19,02:00,2025-05-07 08:39:12.356458,2025-05-07 08:39:12.356458
277221,137,2023-03-12,21.7,0,15.4,21:27,28,10:49,13,1.4,3.9,03:40,48,95,21:20,17,04:00,2025-05-07 08:39:12.455344,2025-05-07 08:39:12.455344
277238,137,2023-03-13,18.1,0,13.7,05:00,22.5,01:15,3,5.8,14.4,18:10,78,87,04:30,23,01:10,2025-05-07 08:39:12.564246,2025-05-07 08:39:12.564246
277255,137,2023-03-14,23.4,0,19.5,00:01,27.2,15:07,6,6.4,17.5,02:50,22,64,18:40,14,07:00,2025-05-07 08:39:12.660437,2025-05-07 08:39:12.660437
277273,137,2023-03-15,21,0,18.5,08:58,23.4,,7,4.2,16.4,01:00,53,72,11:10,4,23:59,2025-05-07 08:39:12.739628,2025-05-07 08:39:12.739628
277291,137,2023-03-16,20.6,0,15.7,04:41,25.6,11:49,4,5,12.8,16:10,45,86,22:50,2,00:00,2025-05-07 08:39:12.818516,2025-05-07 08:39:12.818516
277308,137,2023-03-17,16,3,14.7,23:38,17.4,06:33,9,6.7,14.2,16:10,85,95,,73,17:00,2025-05-07 08:39:12.893696,2025-05-07 08:39:12.893696
277325,137,2023-03-18,16.2,0,13.8,07:16,18.5,15:04,10,7.2,22.5,03:40,75,88,23:59,64,08:20,2025-05-07 08:39:12.972404,2025-05-07 08:39:12.972404
277343,137,2023-03-19,16.5,0,14.5,04:42,18.5,14:38,8,7.5,17.5,12:50,72,88,00:00,63,14:30,2025-05-07 08:39:13.043766,2025-05-07 08:39:13.043766
277360,137,2023-03-20,16.5,0,14.4,02:10,18.6,12:50,4,4.7,14.7,13:10,70,81,01:30,62,12:50,2025-05-07 08:39:13.134395,2025-05-07 08:39:13.134395
277377,137,2023-03-21,17.2,0,14.7,06:14,19.8,13:15,10,7.5,18.6,22:40,74,80,07:10,46,23:50,2025-05-07 08:39:13.203552,2025-05-07 08:39:13.203552
277395,137,2023-03-22,21,0,15.8,02:23,26.1,12:31,12,8.6,21.1,02:40,53,80,18:10,24,23:00,2025-05-07 08:39:13.287350,2025-05-07 08:39:13.287350
277413,137,2023-03-23,21.6,0,15.1,04:44,28,12:51,8,3.6,15.8,01:00,56,85,08:30,23,00:40,2025-05-07 08:39:13.358512,2025-05-07 08:39:13.358512
277430,137,2023-03-24,23.5,0,17.7,22:22,29.3,11:40,10,6.4,20.3,08:30,48,75,18:10,19,11:10,2025-05-07 08:39:13.430051,2025-05-07 08:39:13.430051
277447,137,2023-03-25,23.2,0,16.3,06:18,30.2,16:19,10,3.6,16.4,22:10,37,77,03:50,19,,2025-05-07 08:39:13.520990,2025-05-07 08:39:13.520990
277465,137,2023-03-26,22.2,0,15.9,23:42,28.6,09:10,9,5.3,16.4,00:40,47,82,20:50,11,08:30,2025-05-07 08:39:13.591651,2025-05-07 08:39:13.591651
277483,137,2023-03-27,24.6,0,18.5,00:48,30.8,12:25,14,6.4,16.4,23:59,8,46,01:20,5,06:30,2025-05-07 08:39:13.690635,2025-05-07 08:39:13.690635
277501,137,2023-03-28,23,0,17.2,24:00,28.7,13:00,13,6.9,15.6,00:40,15,69,23:59,9,10:00,2025-05-07 08:39:13.767202,2025-05-07 08:39:13.767202
277518,137,2023-03-29,23,0,16.1,02:10,29.8,14:47,7,5.8,19.2,23:59,21,75,02:10,11,19:40,2025-05-07 08:39:13.835170,2025-05-07 08:39:13.835170
277535,137,2023-03-30,30.4,0,26,00:04,34.9,14:30,10,8.1,22.2,23:50,14,36,18:30,9,07:00,2025-05-07 08:39:13.902805,2025-05-07 08:39:13.902805
277553,137,2023-03-31,28.6,0,22.1,07:58,35,13:35,10,1.7,24.2,05:00,36,51,11:30,7,22:40,2025-05-07 08:39:13.972922,2025-05-07 08:39:13.972922
277571,137,2023-04-01,25.6,0,21.9,23:01,29.2,11:28,10,8.6,20.3,22:10,14,28,16:30,8,02:20,2025-05-07 08:39:14.052322,2025-05-07 08:39:14.052322
277589,137,2023-04-02,24.2,0,22,05:11,26.4,16:15,7,13.3,22.5,02:40,24,37,14:00,14,00:10,2025-05-07 08:39:14.126760,2025-05-07 08:39:14.126760
277606,137,2023-04-03,19.3,0,15.6,07:52,23,00:27,10,5.8,15.3,00:20,70,83,07:50,20,02:20,2025-05-07 08:39:14.214419,2025-05-07 08:39:14.214419
277624,137,2023-04-04,15.6,5.8,13.3,22:04,17.8,11:46,4,5,11.7,12:20,77,94,23:20,59,11:50,2025-05-07 08:39:14.299740,2025-05-07 08:39:14.299740
277641,137,2023-04-05,15.6,0,13.5,03:04,17.6,13:27,1,5.6,12.5,10:50,80,94,03:10,74,12:20,2025-05-07 08:39:14.390087,2025-05-07 08:39:14.390087
277658,137,2023-04-06,17.5,0,13.9,06:47,21.1,13:40,1,4.2,9.7,15:10,62,89,01:40,25,23:59,2025-05-07 08:39:14.458421,2025-05-07 08:39:14.458421
277676,137,2023-04-07,16.4,0,13.4,06:06,19.3,12:58,4,3.3,9.2,15:20,68,86,,22,02:50,2025-05-07 08:39:14.528184,2025-05-07 08:39:14.528184
277693,137,2023-04-08,16.4,0,13.5,04:40,19.2,12:38,2,3.1,8.9,15:00,69,87,02:30,60,12:40,2025-05-07 08:39:14.606803,2025-05-07 08:39:14.606803
277710,137,2023-04-09,16.7,0,13.9,06:36,19.5,13:40,10,5.3,14.7,09:10,69,83,19:20,55,23:40,2025-05-07 08:39:14.672196,2025-05-07 08:39:14.672196
277728,137,2023-04-10,21.8,0,14.6,02:51,29,12:28,13,3.9,21.1,21:50,48,91,02:40,24,10:50,2025-05-07 08:39:14.746732,2025-05-07 08:39:14.746732
277745,137,2023-04-11,23.4,0,17.8,20:56,29.1,13:18,12,4.7,17.2,02:10,43,88,19:20,13,15:10,2025-05-07 08:39:14.824973,2025-05-07 08:39:14.824973
277762,137,2023-04-12,21.9,0,16.3,02:25,27.5,12:18,13,7.8,18.6,23:50,45,89,00:30,20,07:10,2025-05-07 08:39:14.907255,2025-05-07 08:39:14.907255
277779,137,2023-04-13,19.5,0,15.8,23:40,23.2,14:49,99,8.9,21.9,,59,73,19:30,19,,2025-05-07 08:39:14.973159,2025-05-07 08:39:14.973159
277796,137,2023-04-14,18.6,0,14.8,07:06,22.3,13:51,11,11.4,27.8,03:40,67,82,07:00,51,11:30,2025-05-07 08:39:15.044256,2025-05-07 08:39:15.044256
277813,137,2023-04-15,17.5,0,13.8,07:02,21.2,13:19,3,4.7,14.2,15:50,71,82,,54,01:00,2025-05-07 08:39:15.125314,2025-05-07 08:39:15.125314
277830,137,2023-04-16,18.6,0,15.5,06:58,21.8,13:35,5,3.3,8.9,00:30,71,83,01:10,60,12:30,2025-05-07 08:39:15.203309,2025-05-07 08:39:15.203309
277847,137,2023-04-17,18.3,1,15.5,06:35,21.1,11:35,99,1.9,6.4,,75,88,23:30,58,10:20,2025-05-07 08:39:15.273723,2025-05-07 08:39:15.273723
277864,137,2023-04-18,17.6,0.3,15.4,00:50,19.7,13:20,2,3.6,9.2,11:40,83,96,06:10,71,15:40,2025-05-07 08:39:15.341575,2025-05-07 08:39:15.341575
277881,137,2023-04-19,18.4,0,15.2,23:51,21.5,14:47,36,3.3,10.3,16:00,72,89,,57,13:20,2025-05-07 08:39:15.414625,2025-05-07 08:39:15.414625
277898,137,2023-04-20,18.2,0,14.7,02:15,21.6,16:03,99,3.1,6.4,,64,78,02:30,52,15:20,2025-05-07 08:39:15.494882,2025-05-07 08:39:15.494882
277915,137,2023-04-21,18.8,0,14.3,06:39,23.3,12:29,29,3.3,6.9,13:00,65,85,20:40,46,12:30,2025-05-07 08:39:15.577803,2025-05-07 08:39:15.577803
277932,137,2023-04-22,19.4,0,15,03:59,23.7,16:08,30,2.5,7.5,11:40,64,85,21:40,56,10:10,2025-05-07 08:39:15.655303,2025-05-07 08:39:15.655303
277949,137,2023-04-23,18.2,0,15.8,23:32,20.7,11:30,6,6.4,12.5,23:40,72,89,,59,11:30,2025-05-07 08:39:15.736384,2025-05-07 08:39:15.736384
277966,137,2023-04-24,18,0,14.4,04:46,21.6,09:15,10,5.8,14.4,01:30,69,83,20:50,34,07:40,2025-05-07 08:39:15.810764,2025-05-07 08:39:15.810764
277983,137,2023-04-25,18.4,0,14.6,04:02,22.1,14:12,5,3.9,9.4,05:30,74,88,21:40,64,14:00,2025-05-07 08:39:15.878973,2025-05-07 08:39:15.878973
278000,137,2023-04-26,18.4,0,14.3,05:22,22.4,12:22,2,3.6,8.6,13:10,77,91,,66,12:00,2025-05-07 08:39:15.952456,2025-05-07 08:39:15.952456
278017,137,2023-04-27,19.4,0,14.4,06:59,24.4,14:02,28,2.2,10,13:00,76,93,07:30,44,23:50,2025-05-07 08:39:16.024964,2025-05-07 08:39:16.024964
278034,137,2023-04-28,19.5,0,14.4,05:14,24.6,12:42,12,4.7,15.3,22:40,59,93,06:10,26,,2025-05-07 08:39:16.113505,2025-05-07 08:39:16.113505
278051,137,2023-04-29,24.2,0,18.4,03:14,30.1,12:01,10,9.4,18.9,07:50,42,69,18:40,19,05:30,2025-05-07 08:39:16.189080,2025-05-07 08:39:16.189080
278068,137,2023-04-30,27,0,23.3,00:29,30.8,13:40,12,8.1,17.5,01:10,26,32,23:30,17,04:00,2025-05-07 08:39:16.281364,2025-05-07 08:39:16.281364
278085,137,2023-05-01,24.9,0,20.1,23:57,29.7,14:39,9,6.7,14.7,13:50,28,55,23:40,22,10:00,2025-05-07 08:39:16.348263,2025-05-07 08:39:16.348263
278102,137,2023-05-02,23.4,0,18.4,00:49,28.5,15:42,29,2.2,7.8,09:50,44,73,10:00,25,07:00,2025-05-07 08:39:16.439479,2025-05-07 08:39:16.439479
278119,137,2023-05-03,21.4,0,18.3,23:52,24.6,12:07,1,4.7,10.3,12:30,64,87,21:40,33,04:20,2025-05-07 08:39:16.505349,2025-05-07 08:39:16.505349
278136,137,2023-05-04,19.6,0,16.5,06:16,22.8,15:12,2,5.6,11.9,12:00,67,85,04:30,54,13:00,2025-05-07 08:39:16.577388,2025-05-07 08:39:16.577388
278153,137,2023-05-05,19.1,0,16.5,06:08,21.7,14:57,4,5,12.2,10:10,75,84,04:00,61,15:00,2025-05-07 08:39:16.643080,2025-05-07 08:39:16.643080
278170,137,2023-05-06,19.3,0.2,16.6,04:57,22,13:55,2,4.7,12.5,19:30,77,89,,66,13:30,2025-05-07 08:39:16.745861,2025-05-07 08:39:16.745861
278186,137,2023-05-07,19.4,0,17,07:14,21.7,14:32,2,5,13.9,13:40,75,90,07:10,57,14:30,2025-05-07 08:39:16.832721,2025-05-07 08:39:16.832721
278202,137,2023-05-08,19.2,0,16.8,,21.7,11:37,10,5.8,15.6,00:20,73,87,00:10,63,14:40,2025-05-07 08:39:16.907660,2025-05-07 08:39:16.907660
278219,137,2023-05-09,20.4,0,17.6,04:40,23.2,18:33,6,8.3,18.1,14:00,66,86,04:20,51,18:40,2025-05-07 08:39:16.983646,2025-05-07 08:39:16.983646
278236,137,2023-05-10,22.4,0.2,17.6,03:59,27.1,11:42,9,9.2,23.3,23:10,68,89,04:00,40,21:40,2025-05-07 08:39:17.056957,2025-05-07 08:39:17.056957
278253,137,2023-05-11,22,0.4,17.2,23:55,26.9,11:21,9,11.4,22.5,00:40,54,76,20:10,19,04:00,2025-05-07 08:39:17.125267,2025-05-07 08:39:17.125267
278270,137,2023-05-12,19.6,0,16.3,06:14,22.9,14:27,11,13.1,23.9,06:50,68,78,22:10,19,01:30,2025-05-07 08:39:17.188628,2025-05-07 08:39:17.188628
278287,137,2023-05-13,18.6,0,16.3,23:01,20.9,14:23,5,6.1,17.2,13:50,68,79,03:00,59,13:30,2025-05-07 08:39:17.257175,2025-05-07 08:39:17.257175
278304,137,2023-05-14,18.2,0,15.9,,20.6,14:05,7,9.2,18.1,11:00,67,79,05:30,59,11:10,2025-05-07 08:39:17.317579,2025-05-07 08:39:17.317579
278321,137,2023-05-15,18.8,0,15.5,02:42,22,14:50,11,13.9,21.9,20:50,67,76,,50,07:50,2025-05-07 08:39:17.392760,2025-05-07 08:39:17.392760
278338,137,2023-05-16,18.7,0.2,16.1,05:18,21.3,13:12,11,5.3,21.7,02:50,72,86,20:20,58,12:30,2025-05-07 08:39:17.472546,2025-05-07 08:39:17.472546
278355,137,2023-05-17,18.6,0.2,15.8,05:55,21.3,14:27,11,5,14.4,06:40,67,86,04:00,54,16:20,2025-05-07 08:39:17.540802,2025-05-07 08:39:17.540802
278372,137,2023-05-18,18.6,0.6,16,,21.2,14:55,8,3.9,12.2,16:50,80,93,06:50,57,14:50,2025-05-07 08:39:17.614397,2025-05-07 08:39:17.614397
278389,137,2023-05-19,18.2,0,15.8,05:38,20.7,12:36,4,4.4,13.6,14:00,68,89,02:00,54,12:10,2025-05-07 08:39:17.680987,2025-05-07 08:39:17.680987
278406,137,2023-05-20,18,0,15.4,04:12,20.7,12:03,1,3.6,11.1,14:10,64,83,03:10,56,10:40,2025-05-07 08:39:17.747032,2025-05-07 08:39:17.747032
278423,137,2023-05-21,18,0.2,14.6,02:24,21.4,11:54,2,3.6,8.9,17:00,61,80,02:30,48,10:50,2025-05-07 08:39:17.815335,2025-05-07 08:39:17.815335
278440,137,2023-05-22,18.1,0,15.1,03:20,21.1,12:40,3,3.6,9.2,15:30,68,87,04:40,53,12:40,2025-05-07 08:39:17.878595,2025-05-07 08:39:17.878595
278457,137,2023-05-23,17.9,0.4,14.9,06:00,20.9,16:13,2,3.9,11.4,11:50,69,88,10:40,45,19:10,2025-05-07 08:39:17.953300,2025-05-07 08:39:17.953300
278474,137,2023-05-24,18.5,0,14.7,03:23,22.3,13:34,4,3.9,9.7,16:00,66,86,,49,13:10,2025-05-07 08:39:18.031720,2025-05-07 08:39:18.031720
278491,137,2023-05-25,19.2,0,15.9,03:02,22.6,14:45,4,5.8,11.4,11:20,64,80,22:10,50,13:30,2025-05-07 08:39:18.106895,2025-05-07 08:39:18.106895
278509,137,2023-05-26,18.9,0,14.6,05:41,23.2,13:09,36,2.2,7.8,13:30,63,80,06:50,47,16:00,2025-05-07 08:39:18.179410,2025-05-07 08:39:18.179410
278527,137,2023-05-27,19.6,0.2,15.3,05:15,23.8,12:10,99,2.2,7.8,13:50,70,89,23:50,55,12:10,2025-05-07 08:39:18.256268,2025-05-07 08:39:18.256268
278545,137,2023-05-28,20.1,0,15.4,03:50,24.8,15:55,31,3.1,8.6,14:10,64,89,00:00,55,16:20,2025-05-07 08:39:18.334796,2025-05-07 08:39:18.334796
278563,137,2023-05-29,20.1,0,16,05:34,24.2,13:05,4,3.9,10,15:40,64,88,03:30,55,10:40,2025-05-07 08:39:18.417965,2025-05-07 08:39:18.417965
278581,137,2023-05-30,20,0,15.9,04:12,24,15:18,2,4.2,9.2,14:20,66,77,,47,15:40,2025-05-07 08:39:18.486773,2025-05-07 08:39:18.486773
278599,137,2023-05-31,20.3,0,15.5,05:11,25.1,12:47,29,3.6,7.5,13:30,56,84,22:40,43,14:10,2025-05-07 08:39:18.586582,2025-05-07 08:39:18.586582
278617,137,2023-06-01,20.4,0,17.2,00:59,23.7,11:33,99,2.5,9.2,11:30,77,88,07:30,63,10:30,2025-05-07 08:39:18.672494,2025-05-07 08:39:18.672494
278635,137,2023-06-02,20.9,0,18.2,,23.6,14:57,4,3.3,7.8,15:00,77,88,,63,14:50,2025-05-07 08:39:18.744750,2025-05-07 08:39:18.744750
278653,137,2023-06-03,20.8,0,16.8,06:06,24.8,14:41,4,3.1,8.3,10:50,65,88,,50,14:40,2025-05-07 08:39:18.811413,2025-05-07 08:39:18.811413
278671,137,2023-06-04,21.2,0,16.8,04:55,25.6,13:20,2,2.8,8.6,13:50,65,90,23:50,57,13:10,2025-05-07 08:39:18.895540,2025-05-07 08:39:18.895540
278689,137,2023-06-05,20.9,0,17.1,05:01,24.7,16:41,4,1.4,6.7,14:40,81,91,00:40,67,15:10,2025-05-07 08:39:18.961742,2025-05-07 08:39:18.961742
278707,137,2023-06-06,23.6,0,18,05:19,29.1,11:20,24,4.2,18.6,12:10,66,89,,46,21:50,2025-05-07 08:39:19.035679,2025-05-07 08:39:19.035679
278725,137,2023-06-07,24.8,0.2,19.7,21:59,29.9,15:19,28,5.3,20,17:00,65,81,22:00,52,17:50,2025-05-07 08:39:19.103396,2025-05-07 08:39:19.103396
278743,137,2023-06-08,19.8,0,17.3,06:19,22.4,11:28,2,3.3,8.6,11:30,81,90,05:20,69,00:00,2025-05-07 08:40:22.160866,2025-05-07 08:40:22.160866
278761,137,2023-06-09,20.1,0,17,05:05,23.2,11:09,2,2.5,7.5,16:00,78,85,05:50,69,11:10,2025-05-07 08:40:22.234957,2025-05-07 08:40:22.234957
278779,137,2023-06-10,20.7,0,16.9,05:36,24.5,16:30,30,2.2,6.7,13:10,73,87,22:10,61,16:30,2025-05-07 08:40:22.321825,2025-05-07 08:40:22.321825
278797,137,2023-06-11,21.6,0,16.4,04:24,26.8,11:55,99,2.2,7.2,11:50,58,91,03:00,44,11:50,2025-05-07 08:40:22.396353,2025-05-07 08:40:22.396353
278815,137,2023-06-12,22.4,0.2,18.6,23:59,26.3,13:00,35,2.8,9.7,10:50,73,93,,58,10:40,2025-05-07 08:40:22.475287,2025-05-07 08:40:22.475287
278833,137,2023-06-13,20.6,0,17.8,03:02,23.4,13:31,2,5.6,13.6,15:30,68,88,02:10,56,14:30,2025-05-07 08:40:22.556869,2025-05-07 08:40:22.556869
278851,137,2023-06-14,20.8,0,17.7,06:07,23.9,15:52,3,6.9,15.8,13:00,71,82,02:00,63,,2025-05-07 08:40:22.663358,2025-05-07 08:40:22.663358
278869,137,2023-06-15,20.8,0,18,23:59,23.7,13:25,4,6.9,13.6,15:30,74,83,05:50,66,00:00,2025-05-07 08:40:22.753919,2025-05-07 08:40:22.753919
278887,137,2023-06-16,21.5,0,17.4,00:48,25.6,12:30,5,5.8,12.8,13:50,71,85,05:20,40,22:50,2025-05-07 08:40:22.872352,2025-05-07 08:40:22.872352
278905,137,2023-06-17,20.8,0,17.1,06:12,24.5,12:43,4,4.4,12.5,16:10,75,87,06:20,46,01:00,2025-05-07 08:40:23.004317,2025-05-07 08:40:23.004317
278923,137,2023-06-18,21.5,0,17.5,02:21,25.5,14:02,3,3.6,9.4,10:30,68,89,22:10,58,14:00,2025-05-07 08:40:23.104319,2025-05-07 08:40:23.104319
278940,137,2023-06-19,22.8,0,18.4,03:36,27.3,12:22,32,3.1,7.8,12:50,70,89,01:00,55,12:10,2025-05-07 08:40:23.174944,2025-05-07 08:40:23.174944
278957,137,2023-06-20,22.4,0,19,06:48,25.9,12:18,3,2.2,7.2,12:20,78,91,,64,12:20,2025-05-07 08:40:23.250157,2025-05-07 08:40:23.250157
278975,137,2023-06-21,21.8,0.2,19.5,08:20,24,14:35,9,2.5,8.6,20:20,78,94,07:20,64,16:40,2025-05-07 08:40:23.332886,2025-05-07 08:40:23.332886
278993,137,2023-06-22,22.2,0,19.5,04:20,25,14:35,6,6.4,12.8,15:40,72,81,21:00,64,,2025-05-07 08:40:23.410611,2025-05-07 08:40:23.410611
279011,137,2023-06-23,22.1,0,19.1,03:46,25.1,13:33,4,5.8,13.3,16:30,69,82,,57,,2025-05-07 08:40:23.488729,2025-05-07 08:40:23.488729
279029,137,2023-06-24,21.8,0,19,01:42,24.5,12:55,4,4.2,9.2,17:40,67,87,22:20,57,12:40,2025-05-07 08:40:23.583472,2025-05-07 08:40:23.583472
279047,137,2023-06-25,21.6,0,19.5,01:32,23.7,18:19,3,3.3,8.3,02:10,78,91,20:40,70,04:50,2025-05-07 08:40:23.655950,2025-05-07 08:40:23.655950
279065,137,2023-06-26,22.5,0,18.5,04:46,26.5,15:22,4,2.5,7.8,09:50,77,92,,67,15:00,2025-05-07 08:40:23.733861,2025-05-07 08:40:23.733861
279083,137,2023-06-27,23.8,0,18.4,06:04,29.3,15:27,5,2.5,8.3,10:10,68,96,03:20,19,22:50,2025-05-07 08:40:23.807750,2025-05-07 08:40:23.807750
279101,137,2023-06-28,24.2,0,19.3,06:25,29.2,23:29,4,3.6,11.1,16:50,79,89,07:20,26,23:30,2025-05-07 08:40:23.883951,2025-05-07 08:40:23.883951
279119,137,2023-06-29,26.6,0,21,21:32,32.1,07:59,4,4.2,12.2,14:10,66,84,21:10,17,01:40,2025-05-07 08:40:23.955354,2025-05-07 08:40:23.955354
279137,137,2023-06-30,22.5,0,19.5,23:11,25.5,13:02,4,7.2,15.6,12:20,69,83,03:50,64,18:40,2025-05-07 08:40:24.042200,2025-05-07 08:40:24.042200
279155,137,2023-07-01,21.3,0,19.1,05:23,23.5,13:27,4,5,15.3,14:30,74,83,00:20,65,16:20,2025-05-07 08:40:24.110889,2025-05-07 08:40:24.110889
279173,137,2023-07-02,22.1,0,19.4,06:07,24.8,14:57,3,7.2,16.7,13:10,72,81,,62,15:00,2025-05-07 08:40:24.180553,2025-05-07 08:40:24.180553
279191,137,2023-07-03,23,0,19.7,04:16,26.2,13:36,3,5.3,13.3,12:30,71,86,23:59,57,09:20,2025-05-07 08:40:24.250840,2025-05-07 08:40:24.250840
279209,137,2023-07-04,22.3,0,18.5,,26.1,09:20,5,4.7,12.2,15:40,73,90,05:20,57,09:20,2025-05-07 08:40:24.334188,2025-05-07 08:40:24.334188
279227,137,2023-07-05,21.8,0,18.5,06:01,25.2,15:37,6,5,12.5,11:10,81,93,06:30,69,09:00,2025-05-07 08:40:24.425636,2025-05-07 08:40:24.425636
279245,137,2023-07-06,21.9,0,19.3,05:39,24.5,12:56,4,5.3,12.8,14:30,70,89,,59,16:40,2025-05-07 08:40:24.495412,2025-05-07 08:40:24.495412
279263,137,2023-07-07,21.8,0,19.2,04:12,24.3,14:29,4,5.8,15,15:10,73,82,02:00,59,14:40,2025-05-07 08:40:24.583069,2025-05-07 08:40:24.583069
279281,137,2023-07-08,22,0,19,04:37,25,14:10,4,5.3,12.5,15:50,67,82,,57,15:20,2025-05-07 08:40:24.653438,2025-05-07 08:40:24.653438
279299,137,2023-07-09,22.4,0,19.7,05:20,25,12:51,3,6.1,16.1,13:50,69,83,03:20,60,12:40,2025-05-07 08:40:24.732026,2025-05-07 08:40:24.732026
279317,137,2023-07-10,24,0,18.1,06:30,29.8,17:48,10,5.6,17.5,23:40,56,78,06:30,17,23:30,2025-05-07 08:40:24.807932,2025-05-07 08:40:24.807932
279335,137,2023-07-11,29,0,25,13:40,33,16:50,12,10.8,24.2,19:20,37,69,13:40,15,04:30,2025-05-07 08:40:24.887151,2025-05-07 08:40:24.887151
279353,137,2023-07-12,31.7,0.2,25.4,14:45,38,10:23,12,9.7,22.5,04:50,33,72,15:10,9,09:50,2025-05-07 08:40:24.969343,2025-05-07 08:40:24.969343
279370,137,2023-07-13,33.2,0,26.3,18:58,40.2,11:45,10,9.2,23.9,03:00,17,58,15:10,5,13:00,2025-05-07 08:40:25.041660,2025-05-07 08:40:25.041660
279388,137,2023-07-14,31.9,0,27.1,09:45,36.7,12:24,12,7.5,20.6,07:50,12,45,09:40,7,03:50,2025-05-07 08:40:25.134813,2025-05-07 08:40:25.134813
279406,137,2023-07-15,25.6,0,20.3,23:55,30.9,00:01,11,6.7,15.6,00:40,64,89,20:00,15,01:20,2025-05-07 08:40:25.217881,2025-05-07 08:40:25.217881
279424,137,2023-07-16,22,0.8,19.6,04:33,24.4,14:51,10,4.4,13.3,00:20,65,83,,55,13:10,2025-05-07 08:40:25.308782,2025-05-07 08:40:25.308782
279442,137,2023-07-17,,,,,,,4,5.8,12.8,11:40,73,,,,,2025-05-07 08:40:25.388522,2025-05-07 08:40:25.388522
279460,137,2023-07-18,21.8,0,19.2,05:39,24.4,14:41,11,5.8,15.3,22:50,70,82,,61,16:10,2025-05-07 08:40:25.457762,2025-05-07 08:40:25.457762
279478,137,2023-07-19,21.8,0,18.4,06:05,25.3,14:44,3,5.6,14.4,13:20,73,85,06:10,58,19:10,2025-05-07 08:40:25.534038,2025-05-07 08:40:25.534038
279496,137,2023-07-20,22.6,0,19.6,05:55,25.7,11:05,8,7.8,16.1,17:00,72,82,,54,01:50,2025-05-07 08:40:25.606909,2025-05-07 08:40:25.606909
279514,137,2023-07-21,21.8,0,19.6,01:16,24.1,12:00,2,6.1,15.8,13:10,74,84,04:20,63,15:20,2025-05-07 08:40:25.707252,2025-05-07 08:40:25.707252
279532,137,2023-07-22,21.8,0,19.6,04:08,24.1,13:58,5,6.1,14.2,14:40,71,85,05:50,62,14:50,2025-05-07 08:40:25.821657,2025-05-07 08:40:25.821657
279550,137,2023-07-23,21.6,0,19.2,05:36,24.1,11:29,4,6.1,15.3,12:10,73,87,05:30,58,15:30,2025-05-07 08:40:25.910362,2025-05-07 08:40:25.910362
279568,137,2023-07-24,21.6,0,19.1,04:23,24,13:45,5,6.9,16.4,16:10,71,87,01:00,58,14:10,2025-05-07 08:40:26.007397,2025-05-07 08:40:26.007397
279586,137,2023-07-25,22,0,19,03:20,25,14:22,11,7.5,18.1,06:50,65,80,03:10,61,07:00,2025-05-07 08:40:26.098732,2025-05-07 08:40:26.098732
279604,137,2023-07-26,21.6,0,19.5,05:21,23.7,13:15,11,8.9,19.7,01:00,69,84,03:50,64,16:20,2025-05-07 08:40:26.167810,2025-05-07 08:40:26.167810
279622,137,2023-07-27,21.8,0,19.2,06:49,24.5,15:05,4,5.3,14.2,12:20,70,84,04:50,53,14:20,2025-05-07 08:40:26.248994,2025-05-07 08:40:26.248994
279640,137,2023-07-28,21.7,0,19.1,,24.3,15:33,3,5.8,13.1,15:20,76,85,20:20,56,15:10,2025-05-07 08:40:26.337506,2025-05-07 08:40:26.337506
279658,137,2023-07-29,21.7,0,19.1,23:59,24.3,13:32,3,7.2,16.9,15:50,70,81,23:50,64,13:20,2025-05-07 08:40:26.425876,2025-05-07 08:40:26.425876
279676,137,2023-07-30,25,0,17.2,05:36,32.9,12:43,10,3.6,18.3,20:30,49,90,,13,23:00,2025-05-07 08:40:26.500427,2025-05-07 08:40:26.500427
279694,137,2023-07-31,29.4,0,27.2,07:38,31.6,14:27,9,8.3,22.5,18:20,27,52,10:30,13,01:40,2025-05-07 08:40:26.575510,2025-05-07 08:40:26.575510
279712,137,2023-08-01,27.5,0,25.1,22:34,29.9,11:01,10,10.8,22.5,01:00,40,48,22:30,37,01:50,2025-05-07 08:40:26.672577,2025-05-07 08:40:26.672577
279730,137,2023-08-02,25.6,2.2,20.9,02:17,30.2,09:51,99,10.6,23.3,23:50,52,75,02:20,26,09:30,2025-05-07 08:40:26.761179,2025-05-07 08:40:26.761179
279748,137,2023-08-03,24.6,2.8,20.8,,28.5,12:14,11,16.7,25.6,08:30,63,83,03:50,37,19:00,2025-05-07 08:40:26.844334,2025-05-07 08:40:26.844334
279766,137,2023-08-04,22.1,0,19.9,,24.3,14:18,10,6.1,15.8,00:10,77,88,03:20,68,15:30,2025-05-07 08:40:26.918347,2025-05-07 08:40:26.918347
279784,137,2023-08-05,21.8,0,19,05:18,24.5,14:15,1,3.3,9.7,15:20,70,86,05:10,58,14:20,2025-05-07 08:40:26.988815,2025-05-07 08:40:26.988815
279802,137,2023-08-06,22.7,0,19.7,03:18,25.7,13:55,1,3.1,9.4,16:00,72,90,18:50,58,13:50,2025-05-07 08:40:27.089545,2025-05-07 08:40:27.089545
279820,137,2023-08-07,22.8,0,20.1,02:15,25.5,14:46,36,4.2,8.3,15:20,75,89,04:40,62,14:50,2025-05-07 08:40:27.157110,2025-05-07 08:40:27.157110
279838,137,2023-08-08,22.9,0,19.7,01:03,26.1,13:54,3,3.9,10.3,15:10,72,89,03:20,62,13:40,2025-05-07 08:40:27.245795,2025-05-07 08:40:27.245795
279856,137,2023-08-09,24.3,0,20.3,02:52,28.3,23:27,14,7.2,16.7,20:10,66,80,,25,22:10,2025-05-07 08:40:27.312909,2025-05-07 08:40:27.312909
279874,137,2023-08-10,30,0,22.4,22:51,37.6,09:48,10,6.9,22.2,04:50,49,84,22:50,14,04:30,2025-05-07 08:40:27.382289,2025-05-07 08:40:27.382289
279892,137,2023-08-11,32.7,0,24.2,20:20,41.2,15:28,6,6.4,15.3,17:20,36,75,20:10,13,,2025-05-07 08:40:27.459369,2025-05-07 08:40:27.459369
279910,137,2023-08-12,31,0,23.9,06:45,38.2,18:18,6,5,16.1,09:50,47,70,06:40,16,19:50,2025-05-07 08:40:27.537928,2025-05-07 08:40:27.537928
279928,137,2023-08-13,30,0,22.4,06:58,37.5,03:36,13,3.9,12.2,03:10,70,86,07:10,17,03:40,2025-05-07 08:40:27.612837,2025-05-07 08:40:27.612837
279946,137,2023-08-14,31.6,0,25.8,14:58,37.3,11:56,8,7.2,19.2,10:00,29,74,15:00,12,04:20,2025-05-07 08:40:27.701895,2025-05-07 08:40:27.701895
279964,137,2023-08-15,30.2,0,22.4,21:44,37.9,13:47,10,9.7,20.3,09:30,22,73,19:50,8,07:00,2025-05-07 08:40:27.778499,2025-05-07 08:40:27.778499
279982,137,2023-08-16,26.6,0,21.9,07:28,31.2,06:01,12,7.2,18.3,06:00,59,71,09:10,11,05:50,2025-05-07 08:40:27.850599,2025-05-07 08:40:27.850599
280000,137,2023-08-17,24.5,0,19.5,06:57,29.5,01:26,11,4.7,20.6,22:50,71,78,07:10,12,00:30,2025-05-07 08:40:27.928771,2025-05-07 08:40:27.928771
280018,137,2023-08-18,27.8,0,22.7,08:46,33,23:57,10,8.9,27.2,22:00,35,78,09:20,14,23:50,2025-05-07 08:40:28.000030,2025-05-07 08:40:28.000030
280036,137,2023-08-19,28.1,0.2,23.5,16:59,32.7,00:01,11,2.8,16.9,04:10,57,82,16:40,12,03:50,2025-05-07 08:40:28.067689,2025-05-07 08:40:28.067689
280054,137,2023-08-20,29.8,0.2,25,20:18,34.6,15:27,6,3.6,17.5,23:10,52,74,19:50,25,04:30,2025-05-07 08:40:28.155627,2025-05-07 08:40:28.155627
280072,137,2023-08-21,27.4,0,22.5,06:27,32.2,18:00,9,2.8,18.9,00:30,55,85,06:30,26,00:40,2025-05-07 08:40:28.244751,2025-05-07 08:40:28.244751
280090,137,2023-08-22,28.2,0,23.9,23:45,32.6,16:48,14,4.4,12.8,20:00,39,71,23:40,21,17:50,2025-05-07 08:40:28.319959,2025-05-07 08:40:28.319959
280108,137,2023-08-23,27.8,0,23.6,07:44,32.1,05:21,11,4.2,17.8,22:20,54,80,,21,03:50,2025-05-07 08:40:28.395786,2025-05-07 08:40:28.395786
280126,137,2023-08-24,24.9,0,20.4,06:44,29.4,12:55,3,2.5,10.8,03:40,72,94,03:50,60,02:30,2025-05-07 08:40:28.467583,2025-05-07 08:40:28.467583
280144,137,2023-08-25,25.2,0,20.9,04:33,29.5,13:34,6,2.2,9.4,11:00,72,95,04:50,48,20:50,2025-05-07 08:40:28.540656,2025-05-07 08:40:28.540656
280162,137,2023-08-26,28.1,0,23.5,22:46,32.7,13:59,4,5.3,10.6,15:00,49,78,22:40,37,23:40,2025-05-07 08:40:28.610780,2025-05-07 08:40:28.610780
280180,137,2023-08-27,25.7,0,21.4,23:40,30,12:47,12,8.1,19.4,22:40,46,79,23:40,34,11:40,2025-05-07 08:40:28.694479,2025-05-07 08:40:28.694479
280198,137,2023-08-28,22.2,0,20,06:30,24.5,,12,5.6,20.8,00:40,70,82,05:10,59,12:40,2025-05-07 08:40:28.765958,2025-05-07 08:40:28.765958
280216,137,2023-08-29,22.4,0,20.2,04:34,24.7,12:25,3,6.9,15,14:00,74,83,22:30,65,12:30,2025-05-07 08:40:28.866545,2025-05-07 08:40:28.866545
280234,137,2023-08-30,22.7,0,20.3,06:48,25.1,13:06,3,6.1,15.8,14:50,70,84,00:40,60,13:00,2025-05-07 08:40:28.957264,2025-05-07 08:40:28.957264
280252,137,2023-08-31,22.8,0,19.8,04:34,25.9,14:32,12,8.9,16.7,01:30,67,78,00:00,55,22:30,2025-05-07 08:40:29.028271,2025-05-07 08:40:29.028271
280270,137,2023-09-01,24,0,20.9,23:36,27.2,09:27,11,5.8,15.3,03:50,63,80,23:30,31,21:40,2025-05-07 08:40:29.097458,2025-05-07 08:40:29.097458
280288,137,2023-09-02,23.2,0.8,20.3,23:09,26.1,13:28,14,6.4,18.3,02:00,72,87,22:50,41,02:40,2025-05-07 08:40:29.174816,2025-05-07 08:40:29.174816
280306,137,2023-09-03,21.7,0.8,18.8,04:09,24.6,17:50,4,2.5,8.1,03:40,65,94,04:10,47,17:50,2025-05-07 08:40:29.244797,2025-05-07 08:40:29.244797
280324,137,2023-09-04,22.3,0,18.9,03:40,25.7,14:58,2,3.1,8.3,16:50,73,86,03:00,47,16:00,2025-05-07 08:40:29.316088,2025-05-07 08:40:29.316088
280342,137,2023-09-05,22.2,0,19,04:43,25.5,12:06,4,5.3,10.8,14:30,65,85,21:20,55,23:30,2025-05-07 08:40:29.415043,2025-05-07 08:40:29.415043
280360,137,2023-09-06,23.6,0,19.2,02:23,28,13:57,13,3.9,8.9,06:50,63,82,20:40,27,04:50,2025-05-07 08:40:29.563279,2025-05-07 08:40:29.563279
280378,137,2023-09-07,23.6,0,18.9,05:19,28.2,15:12,12,3.3,9.7,21:40,75,90,06:40,39,22:40,2025-05-07 08:40:29.737204,2025-05-07 08:40:29.737204
280396,137,2023-09-08,23.8,0,20.2,06:35,27.4,12:23,11,3.1,9.2,00:30,65,79,17:00,39,01:20,2025-05-07 08:40:29.930284,2025-05-07 08:40:29.930284
280414,137,2023-09-09,24.4,0,20.3,05:19,28.4,14:27,4,3.6,8.3,16:50,68,82,22:00,47,14:30,2025-05-07 08:40:30.144575,2025-05-07 08:40:30.144575
280432,137,2023-09-10,23.8,0,19.8,06:35,27.7,12:56,2,3.1,6.7,17:30,68,82,,55,12:50,2025-05-07 08:40:30.404751,2025-05-07 08:40:30.404751
280450,137,2023-09-11,22.8,0,20,03:58,25.5,12:38,99,5.6,11.4,11:40,72,83,07:40,65,16:40,2025-05-07 08:40:30.707422,2025-05-07 08:40:30.707422
280468,137,2023-09-12,23.2,0,20.4,05:41,25.9,13:25,2,6.4,12.2,11:30,70,79,23:00,58,13:40,2025-05-07 08:40:30.916687,2025-05-07 08:40:30.916687
280486,137,2023-09-13,22.9,1,20.2,23:11,25.6,14:04,3,5.8,11.7,13:30,69,90,22:40,57,16:10,2025-05-07 08:40:31.177595,2025-05-07 08:40:31.177595
280504,137,2023-09-14,22.6,0.8,19.9,05:31,25.2,12:56,4,4.2,11.9,22:50,73,90,23:30,60,12:50,2025-05-07 08:40:31.439414,2025-05-07 08:40:31.439414
280522,137,2023-09-15,22.7,0,19.9,03:02,25.5,13:52,99,4.2,11.4,14:30,72,89,01:30,54,14:20,2025-05-07 08:40:31.688256,2025-05-07 08:40:31.688256
280540,137,2023-09-16,23.2,1.6,19.4,07:08,27,14:18,2,3.3,8.6,11:50,68,95,21:40,56,12:30,2025-05-07 08:40:31.981410,2025-05-07 08:40:31.981410
280558,137,2023-09-17,21.1,2.2,18.9,08:49,23.3,12:21,9,5.8,12.2,20:30,80,96,08:40,70,,2025-05-07 08:40:32.246775,2025-05-07 08:40:32.246775
280576,137,2023-09-18,21.2,0,18.7,07:12,23.7,16:31,7,5.8,12.8,14:20,68,80,00:30,59,13:40,2025-05-07 08:40:32.463276,2025-05-07 08:40:32.463276
280594,137,2023-09-19,22,0,19.1,03:45,24.8,14:28,5,5.8,14.4,16:00,64,83,05:30,47,14:00,2025-05-07 08:40:32.690172,2025-05-07 08:40:32.690172
280612,137,2023-09-20,21.8,0,18.9,05:08,24.7,13:07,3,6.1,13.1,14:00,64,85,22:40,58,09:00,2025-05-07 08:40:32.970729,2025-05-07 08:40:32.970729
280630,137,2023-09-21,21.5,0,18.7,04:44,24.3,12:54,4,5.8,15.6,14:40,67,82,00:00,53,12:20,2025-05-07 08:40:33.230190,2025-05-07 08:40:33.230190
280648,137,2023-09-22,22,0,19.4,07:00,24.7,12:12,4,5.6,18.1,15:20,69,87,,59,12:20,2025-05-07 08:40:33.465316,2025-05-07 08:40:33.465316
280666,137,2023-09-23,22.8,0,19.9,23:40,25.8,14:18,4,4.4,11.1,16:40,70,93,01:00,50,15:00,2025-05-07 08:40:33.683388,2025-05-07 08:40:33.683388
280684,137,2023-09-24,21.6,0,19.1,05:57,24.1,12:54,4,5,11.7,13:50,69,83,07:20,57,14:30,2025-05-07 08:40:33.940513,2025-05-07 08:40:33.940513
280702,137,2023-09-25,23.2,0,19.8,04:07,26.6,12:28,12,5,12.5,19:20,56,81,,34,12:50,2025-05-07 08:40:34.203619,2025-05-07 08:40:34.203619
280720,137,2023-09-26,23.1,0,20.2,21:42,26,14:19,10,6.4,14.7,07:30,68,82,03:00,59,17:40,2025-05-07 08:40:34.440467,2025-05-07 08:40:34.440467
280738,137,2023-09-27,23.1,0,20.1,,26.1,12:55,9,4.7,16.1,08:30,66,81,00:20,52,12:10,2025-05-07 08:40:34.721743,2025-05-07 08:40:34.721743
280756,137,2023-09-28,22.6,0,19.7,04:24,25.5,13:52,8,5.6,14.2,23:59,72,84,,59,14:00,2025-05-07 08:40:35.056838,2025-05-07 08:40:35.056838
280774,137,2023-09-29,23.6,0,20.5,06:52,26.7,13:44,11,3.6,15.8,02:10,71,84,,59,13:30,2025-05-07 08:40:35.317139,2025-05-07 08:40:35.317139
280792,137,2023-09-30,25,0,19.9,04:35,30.1,15:04,2,1.7,5.6,11:30,71,90,,58,16:00,2025-05-07 08:40:35.580451,2025-05-07 08:40:35.580451
280810,137,2023-10-01,25.8,0,19.5,04:30,32.2,15:39,99,1.9,5.3,12:40,65,91,00:20,36,15:40,2025-05-07 08:40:35.803331,2025-05-07 08:40:35.803331
280828,137,2023-10-02,27.1,0,20.2,00:01,34,17:08,10,1.1,13.3,09:10,43,87,00:00,23,09:50,2025-05-07 08:40:36.068940,2025-05-07 08:40:36.068940
280846,137,2023-10-03,32.7,0,29,05:30,36.4,15:03,8,5.8,16.9,18:00,19,24,00:00,17,13:30,2025-05-07 08:40:36.350414,2025-05-07 08:40:36.350414
280864,137,2023-10-04,33.2,0,28.6,18:55,37.8,12:17,8,3.3,18.6,00:50,34,59,18:10,15,,2025-05-07 08:40:36.594585,2025-05-07 08:40:36.594585
280882,137,2023-10-05,28.6,0,23.3,08:19,34,15:36,10,1.4,16.1,02:50,32,62,09:40,11,,2025-05-07 08:40:36.835700,2025-05-07 08:40:36.835700
280900,137,2023-10-06,31.4,0,28.1,08:55,34.7,12:48,14,3.1,13.1,02:00,25,47,08:50,19,21:00,2025-05-07 08:40:37.150438,2025-05-07 08:40:37.150438
280918,137,2023-10-07,32.6,0,29.4,21:45,35.7,13:54,18,5,17.8,05:30,24,31,18:20,20,,2025-05-07 08:40:37.457976,2025-05-07 08:40:37.457976
280936,137,2023-10-08,31.2,0,27.2,22:15,35.3,10:58,17,2.2,23.6,03:10,23,33,22:00,18,04:40,2025-05-07 08:40:37.739811,2025-05-07 08:40:37.739811
280954,137,2023-10-09,31.8,0,28.2,18:46,35.4,14:16,16,1.7,18.6,01:50,23,28,,14,03:40,2025-05-07 08:40:38.029971,2025-05-07 08:40:38.029971
280972,137,2023-10-10,31,0,26.9,22:06,35.1,13:52,15,1.7,14.7,04:30,19,36,08:50,15,,2025-05-07 08:40:38.271609,2025-05-07 08:40:38.271609
280990,137,2023-10-11,29,0,24.4,19:06,33.6,10:04,12,2.8,11.4,05:20,37,62,18:50,16,05:30,2025-05-07 08:40:38.448932,2025-05-07 08:40:38.448932
281008,137,2023-10-12,27.9,0,22.5,06:21,33.3,13:28,1,3.1,10,14:00,29,58,12:00,11,07:30,2025-05-07 08:40:38.684351,2025-05-07 08:40:38.684351
281026,137,2023-10-13,29.8,0,26.1,07:09,33.6,15:18,11,1.9,15.3,23:20,22,36,10:30,17,,2025-05-07 08:40:38.943530,2025-05-07 08:40:38.943530
281044,137,2023-10-14,30.6,0,27,07:54,34.2,15:00,12,1.7,14.7,00:20,21,28,19:20,17,,2025-05-07 08:40:39.263253,2025-05-07 08:40:39.263253
281062,137,2023-10-15,28.9,0,25.2,19:08,32.6,10:48,11,1.7,7.8,23:10,29,49,18:20,18,04:40,2025-05-07 08:40:39.534076,2025-05-07 08:40:39.534076
281080,137,2023-10-16,26.4,0,22.8,19:02,30.1,09:22,11,1.7,8.6,05:40,52,80,19:10,22,00:10,2025-05-07 08:40:39.756650,2025-05-07 08:40:39.756650
281098,137,2023-10-17,23.8,0,21.3,05:07,26.4,12:12,6,3.3,11.1,07:30,67,88,20:00,31,04:10,2025-05-07 08:40:39.983206,2025-05-07 08:40:39.983206
281116,137,2023-10-18,23.1,0,20.1,23:47,26.1,14:37,6,4.2,8.9,10:50,69,77,18:50,59,14:40,2025-05-07 08:40:40.240394,2025-05-07 08:40:40.240394
281134,137,2023-10-19,22.5,3,18.5,06:57,26.5,16:52,28,2.2,10.3,12:00,71,84,08:00,53,16:50,2025-05-07 08:40:40.478808,2025-05-07 08:40:40.478808
281152,137,2023-10-20,21.4,7.8,18.8,17:19,24.1,13:25,2,1.9,9.7,13:40,82,96,,65,00:10,2025-05-07 08:40:40.734050,2025-05-07 08:40:40.734050
281170,137,2023-10-21,21.3,4.6,18,05:08,24.6,12:19,30,5,13.3,15:30,67,94,23:59,56,12:30,2025-05-07 08:40:40.973962,2025-05-07 08:40:40.973962
281188,137,2023-10-22,20,3.4,19.1,00:04,21,10:35,2,3.3,8.3,21:00,84,95,00:10,77,15:50,2025-05-07 08:40:41.193441,2025-05-07 08:40:41.193441
281206,137,2023-10-23,20,1,17.4,06:31,22.7,13:30,11,1.9,10.6,23:40,76,93,06:40,60,16:30,2025-05-07 08:40:41.417592,2025-05-07 08:40:41.417592
281224,137,2023-10-24,20.3,0,18.2,,22.4,12:19,10,4.4,15,02:50,71,80,06:20,58,15:10,2025-05-07 08:40:41.672269,2025-05-07 08:40:41.672269
281242,137,2023-10-25,20.2,0,17.6,05:19,22.7,14:10,4,5,14.7,14:00,67,82,23:30,60,12:40,2025-05-07 08:40:41.946438,2025-05-07 08:40:41.946438
281260,137,2023-10-26,21.3,1.6,19.6,23:42,23,14:23,11,3.6,14.4,04:40,75,87,09:20,64,14:50,2025-05-07 08:40:42.174521,2025-05-07 08:40:42.174521
281278,137,2023-10-27,21.3,0,18.9,06:01,23.7,11:32,4,4.2,9.7,16:00,84,94,06:30,72,02:10,2025-05-07 08:40:42.459962,2025-05-07 08:40:42.459962
281296,137,2023-10-28,21,0,18.1,06:49,23.9,12:41,99,2.8,7.8,,81,90,19:30,73,12:10,2025-05-07 08:40:42.691224,2025-05-07 08:40:42.691224
281314,137,2023-10-29,21,0,17.2,07:20,24.7,14:45,29,2.2,7.5,12:10,77,92,05:00,56,15:50,2025-05-07 08:40:42.934937,2025-05-07 08:40:42.934937
281332,137,2023-10-30,21,0,17.6,,24.4,14:22,99,2.8,5.8,,77,91,21:20,65,05:40,2025-05-07 08:40:43.164340,2025-05-07 08:40:43.164340
281350,137,2023-10-31,22.4,0,18.4,01:05,26.4,16:05,29,2.8,10.3,10:00,76,91,20:20,64,16:10,2025-05-07 08:40:43.402187,2025-05-07 08:40:43.402187
281368,137,2023-11-01,22.1,0,19.1,04:05,25.1,13:54,3,4.7,12.5,15:40,79,92,01:00,66,14:20,2025-05-07 08:40:43.667326,2025-05-07 08:40:43.667326
281386,137,2023-11-02,21.3,0,19.4,07:40,23.2,13:16,4,6.1,11.7,12:20,74,86,,63,13:30,2025-05-07 08:40:43.939478,2025-05-07 08:40:43.939478
281404,137,2023-11-03,20.6,0.6,18.4,21:35,22.7,,14,5,13.1,19:10,85,90,,67,10:20,2025-05-07 08:40:44.232378,2025-05-07 08:40:44.232378
281422,137,2023-11-04,19.6,0,17.1,04:33,22.1,13:02,4,3.3,10.8,16:30,75,88,04:40,63,11:40,2025-05-07 08:40:44.527220,2025-05-07 08:40:44.527220
281440,137,2023-11-05,21.2,13.8,18.2,20:01,24.1,12:49,6,2.8,10.6,22:10,71,98,20:10,56,12:20,2025-05-07 08:40:44.790807,2025-05-07 08:40:44.790807
281458,137,2023-11-06,18.5,6,15.8,19:48,21.2,13:19,3,5.3,15.8,17:50,80,96,06:10,62,12:30,2025-05-07 08:40:45.041245,2025-05-07 08:40:45.041245
281476,137,2023-11-07,17.8,0.4,16.1,04:55,19.5,10:36,1,6.1,17.5,04:50,61,84,04:50,54,12:40,2025-05-07 08:40:45.304463,2025-05-07 08:40:45.304463
281494,137,2023-11-08,18.8,0,17,02:52,20.6,12:26,36,5.3,15,16:00,71,82,,64,12:30,2025-05-07 08:40:45.590784,2025-05-07 08:40:45.590784
281512,137,2023-11-09,19.6,0.2,17.9,07:07,21.2,14:07,12,6.1,22.5,19:40,74,82,00:00,66,16:30,2025-05-07 08:40:45.785586,2025-05-07 08:40:45.785586
281530,137,2023-11-10,22.6,0,18.9,00:01,26.3,11:32,12,8.3,20.3,00:10,38,75,00:00,17,09:00,2025-05-07 08:40:45.979197,2025-05-07 08:40:45.979197
281548,137,2023-11-11,22.7,0,18.9,23:52,26.5,12:54,13,4.2,22.5,08:30,70,84,05:20,54,00:00,2025-05-07 08:40:46.228519,2025-05-07 08:40:46.228519
281566,137,2023-11-12,21,0,17,06:45,25,14:42,2,1.7,5.8,12:50,79,94,,62,09:10,2025-05-07 08:40:46.448883,2025-05-07 08:40:46.448883
281584,137,2023-11-13,22.8,0,17.3,00:10,28.3,16:35,11,1.9,10,23:50,56,86,00:00,24,23:30,2025-05-07 08:40:46.684228,2025-05-07 08:40:46.684228
281602,137,2023-11-14,25.9,0,22.7,19:23,29.1,08:17,9,3.3,12.8,06:40,39,67,15:00,17,,2025-05-07 08:40:46.941317,2025-05-07 08:40:46.941317
281619,137,2023-11-15,27.7,0,24.3,05:00,31.1,14:39,16,1.7,6.4,03:00,25,31,18:10,21,09:40,2025-05-07 08:40:47.186683,2025-05-07 08:40:47.186683
281637,137,2023-11-16,26.2,0,23.9,23:45,28.6,12:56,10,5.3,14.4,16:00,22,28,00:00,18,22:40,2025-05-07 08:40:47.425840,2025-05-07 08:40:47.425840
281655,137,2023-11-17,23.4,0,18.7,08:03,28,14:33,10,2.5,14.4,03:30,51,82,18:50,18,01:20,2025-05-07 08:40:47.666072,2025-05-07 08:40:47.666072
281673,137,2023-11-18,22.8,0,18.1,21:07,27.6,12:37,14,0.8,6.4,03:40,57,91,19:50,23,03:40,2025-05-07 08:40:47.975622,2025-05-07 08:40:47.975622
281691,137,2023-11-19,23.2,0,19.1,08:46,27.3,12:49,32,1.4,4.2,14:20,47,73,18:30,25,04:20,2025-05-07 08:40:48.328350,2025-05-07 08:40:48.328350
281709,137,2023-11-20,24.8,0,21.3,00:22,28.4,14:22,17,1.9,6.1,04:40,30,46,17:30,23,11:40,2025-05-07 08:40:48.622692,2025-05-07 08:40:48.622692
281727,137,2023-11-21,24.4,0,21.1,19:24,27.8,16:47,99,1.1,8.3,15:40,26,62,19:10,16,16:50,2025-05-07 08:40:48.896016,2025-05-07 08:40:48.896016
281745,137,2023-11-22,22.2,0,17.9,20:33,26.6,10:17,14,2.5,10.6,10:10,53,83,20:40,18,09:50,2025-05-07 08:40:49.197027,2025-05-07 08:40:49.197027
281763,137,2023-11-23,21,0,16.3,23:51,25.8,10:49,12,3.9,11.4,20:00,45,74,18:40,20,10:40,2025-05-07 08:40:49.503332,2025-05-07 08:40:49.503332
281781,137,2023-11-24,18.6,0,16.4,00:42,20.9,15:15,4,5,11.4,14:10,71,85,23:20,36,02:00,2025-05-07 08:40:49.743028,2025-05-07 08:40:49.743028
281799,137,2023-11-25,18.8,0,16.8,,20.8,15:26,3,4.2,9.7,11:50,74,82,,56,15:00,2025-05-07 08:40:49.983945,2025-05-07 08:40:49.983945
281817,137,2023-11-26,19.1,0,16.4,00:29,21.8,15:38,13,4.4,11.4,23:59,59,77,05:00,48,14:10,2025-05-07 08:40:50.195560,2025-05-07 08:40:50.195560
281835,137,2023-11-27,18.6,0,15.6,23:57,21.6,13:33,11,3.6,11.1,00:10,60,77,05:00,51,13:00,2025-05-07 08:40:50.434906,2025-05-07 08:40:50.434906
281853,137,2023-11-28,18.5,0,15.4,00:30,21.6,12:42,9,3.9,10.8,09:30,66,83,23:50,49,11:10,2025-05-07 08:40:50.692098,2025-05-07 08:40:50.692098
281871,137,2023-11-29,18.2,0,15,04:52,21.3,12:44,30,1.7,6.4,12:50,73,89,21:40,63,,2025-05-07 08:40:50.894620,2025-05-07 08:40:50.894620
