id,station_id,date,avg_temp,precipitation,min_temp,min_temp_time,max_temp,max_temp_time,wind_direction,avg_wind_speed,wind_gust,wind_gust_time,avg_humidity,max_humidity,max_humidity_time,min_humidity,min_humidity_time,created_at,updated_at
47433,59,2008-11-26,18.4,0,15.8,,20.9,13:21,36,3.9,13.1,11:40,56,80,02:20,42,14:40,2025-05-06 10:05:37.625208,2025-05-06 10:05:37.625208
47445,59,2008-11-27,16.3,0,12.3,05:30,20.3,12:30,35,3.3,14.4,15:10,59,83,,38,13:30,2025-05-06 10:05:37.739558,2025-05-06 10:05:37.739558
47458,59,2008-11-28,16.1,0,10.2,07:44,22,13:48,99,2.2,5.3,,58,75,06:20,43,10:50,2025-05-06 10:05:37.861847,2025-05-06 10:05:37.861847
47472,59,2008-11-29,15.3,0,10.4,06:13,20.2,12:28,23,3.6,11.4,15:10,63,74,,52,,2025-05-06 10:05:37.988385,2025-05-06 10:05:37.988385
47486,59,2008-11-30,17.8,0,12.9,03:03,22.6,14:29,36,2.8,12.2,12:00,66,87,04:00,46,14:20,2025-05-06 10:05:38.114079,2025-05-06 10:05:38.114079
47499,59,2008-12-01,17.4,0,13.9,,20.8,11:36,3,3.6,8.6,16:40,68,89,,48,,2025-05-06 10:05:38.235711,2025-05-06 10:05:38.235711
47511,59,2008-12-02,16.6,0,12.5,06:45,20.6,11:30,0,5.6,,,65,79,,50,,2025-05-06 10:05:38.348425,2025-05-06 10:05:38.348425
47523,59,2008-12-03,17.8,0,16,,19.6,14:23,6,7.5,22.2,15:10,60,68,,54,,2025-05-06 10:05:38.461356,2025-05-06 10:05:38.461356
47535,59,2008-12-04,18.2,0,15.6,01:20,20.9,14:30,7,5.3,12.8,11:50,60,71,22:20,52,,2025-05-06 10:05:38.568628,2025-05-06 10:05:38.568628
47546,59,2008-12-05,18.6,0,15.5,03:46,21.7,13:40,6,5,12.2,19:10,67,77,,57,13:40,2025-05-06 10:05:38.680334,2025-05-06 10:05:38.680334
47557,59,2008-12-06,18.7,0,15.8,,21.6,13:27,9,3.9,10,16:30,66,80,23:50,55,13:20,2025-05-06 10:05:38.785245,2025-05-06 10:05:38.785245
47569,59,2008-12-07,18.4,0,13.5,,23.2,15:29,4,2.2,4.4,05:10,72,84,,59,,2025-05-06 10:05:38.901414,2025-05-06 10:05:38.901414
47581,59,2008-12-08,17.6,0,12.7,07:06,22.5,12:32,10,3.6,9.7,15:00,68,87,,52,12:50,2025-05-06 10:05:39.014259,2025-05-06 10:05:39.014259
47593,59,2008-12-09,18.6,0,15.3,04:30,21.9,13:59,6,5.3,11.1,13:05,65,86,,48,,2025-05-06 10:05:39.126730,2025-05-06 10:05:39.126730
47605,59,2008-12-10,18.8,0,16.7,,21,15:29,7,6.4,14.2,14:20,56,74,04:05,45,,2025-05-06 10:05:39.243656,2025-05-06 10:05:39.243656
47617,59,2008-12-11,18.8,0,17.2,05:32,20.3,14:30,7,6.4,11.9,15:50,59,66,23:40,50,13:10,2025-05-06 10:05:39.356959,2025-05-06 10:05:39.356959
47629,59,2008-12-12,18.4,0,16,,20.8,13:30,6,5.6,12.2,15:20,64,75,,49,11:50,2025-05-06 10:05:39.470434,2025-05-06 10:05:39.470434
47641,59,2008-12-13,17.3,0,14.2,06:22,20.4,15:51,0,4.7,,,58,73,00:40,47,,2025-05-06 10:05:39.585576,2025-05-06 10:05:39.585576
47654,59,2008-12-14,19.4,0,17,,21.8,12:30,1,5,11.7,16:00,66,85,10:50,55,,2025-05-06 10:05:39.714553,2025-05-06 10:05:39.714553
47667,59,2008-12-15,18.3,0,16,21:02,20.6,12:30,2,6.1,14.4,13:15,66,82,04:15,50,15:50,2025-05-06 10:05:39.843243,2025-05-06 10:05:39.843243
47681,59,2008-12-16,16.6,0,13.7,23:48,19.6,15:04,5,5.6,11.7,13:10,64,82,,46,16:15,2025-05-06 10:05:39.978044,2025-05-06 10:05:39.978044
47695,59,2008-12-17,16.5,0,13.5,01:30,19.5,14:53,9,3.9,10.6,16:00,59,74,,50,,2025-05-06 10:05:40.106018,2025-05-06 10:05:40.106018
47708,59,2008-12-18,17.2,0,14.2,00:00,20.1,10:36,8,4.2,11.4,16:00,62,73,21:30,50,11:00,2025-05-06 10:05:40.233039,2025-05-06 10:05:40.233039
47722,59,2008-12-19,17.3,0,14.1,22:34,20.5,15:30,7,2.8,13.9,02:40,63,79,09:20,42,18:50,2025-05-06 10:05:40.363425,2025-05-06 10:05:40.363425
47735,59,2008-12-20,17.8,0,16.7,,18.9,,8,4.7,21.9,22:00,52,68,,38,17:40,2025-05-06 10:05:40.489125,2025-05-06 10:05:40.489125
47749,59,2008-12-21,17.7,0,16.7,,18.7,16:25,11,7.2,20,11:10,53,72,02:50,46,16:30,2025-05-06 10:05:40.616242,2025-05-06 10:05:40.616242
47763,59,2008-12-22,17.7,0,16.4,,19,13:35,6,5.3,16.1,00:50,60,76,04:10,47,12:40,2025-05-06 10:05:40.747195,2025-05-06 10:05:40.747195
47777,59,2008-12-23,17.6,0,15.8,06:30,19.5,15:21,8,3.9,11.9,12:00,66,80,23:50,55,,2025-05-06 10:05:40.886349,2025-05-06 10:05:40.886349
47791,59,2008-12-24,16.8,0,15.6,,18,15:38,15,4.7,9.4,12:40,75,81,,63,19:20,2025-05-06 10:05:41.022982,2025-05-06 10:05:41.022982
47805,59,2008-12-25,17.6,0,14,23:12,21.3,15:06,16,3.6,9.4,02:20,67,79,00:10,56,,2025-05-06 10:05:41.156425,2025-05-06 10:05:41.156425
47819,59,2008-12-26,17,0,12.3,06:25,21.7,14:30,99,1.9,5,,64,78,,53,14:40,2025-05-06 10:05:41.298137,2025-05-06 10:05:41.298137
47831,59,2008-12-27,17.4,0,13.1,01:27,21.8,16:36,23,6.9,12.5,07:00,76,93,01:30,55,,2025-05-06 10:05:41.418839,2025-05-06 10:05:41.418839
47844,59,2008-12-28,17,0,11.6,07:26,22.3,12:51,24,3.6,9.7,15:00,79,90,,68,,2025-05-06 10:05:41.543481,2025-05-06 10:05:41.543481
47856,59,2008-12-29,15.9,6.2,11.5,05:19,20.3,12:30,9,1.9,5.3,21:10,79,92,,65,13:40,2025-05-06 10:05:41.655908,2025-05-06 10:05:41.655908
47869,59,2008-12-30,18,7,17.4,,18.7,02:15,99,2.5,10,,89,93,,67,02:00,2025-05-06 10:05:41.784445,2025-05-06 10:05:41.784445
47882,59,2008-12-31,20.2,0,17.3,08:07,23.1,14:54,20,0.6,9.7,05:30,75,94,,53,14:50,2025-05-06 10:05:41.912758,2025-05-06 10:05:41.912758
47895,59,2009-01-01,17.1,0,14,07:36,20.2,14:30,12,3.6,8.6,16:40,74,91,,59,17:20,2025-05-06 10:05:42.036453,2025-05-06 10:05:42.036453
47908,59,2009-01-02,18.5,0,13.8,07:21,23.2,15:34,4,3.6,7.8,22:20,69,92,,45,,2025-05-06 10:05:42.155450,2025-05-06 10:05:42.155450
47923,59,2009-01-03,17.6,0,14,08:19,21.2,16:06,99,4.4,9.7,,76,93,,63,16:50,2025-05-06 10:05:42.295630,2025-05-06 10:05:42.295630
47938,59,2009-01-04,16.8,0,12.9,08:13,20.7,,9,4.2,10.3,14:20,68,93,06:35,48,12:50,2025-05-06 10:05:42.437813,2025-05-06 10:05:42.437813
47951,59,2009-01-05,17.3,,14.5,03:43,20.1,14:30,5,3.6,9.2,14:40,69,83,,55,15:10,2025-05-06 10:05:42.566385,2025-05-06 10:05:42.566385
47966,59,2009-01-06,16.3,0,13.2,,19.4,11:47,2,4.4,11.1,13:10,68,94,05:00,52,16:40,2025-05-06 10:05:42.703390,2025-05-06 10:05:42.703390
47979,59,2009-01-07,15.6,0.4,11.6,07:30,19.6,14:13,5,3.1,10.3,11:40,64,86,09:45,45,16:40,2025-05-06 10:05:42.817901,2025-05-06 10:05:42.817901
47994,59,2009-01-08,15.7,0.2,11,,20.4,14:46,99,2.8,7.8,,64,87,,44,15:50,2025-05-06 10:05:42.965978,2025-05-06 10:05:42.965978
48009,59,2009-01-09,17.8,4.6,15.5,02:30,20.2,13:06,20,3.3,9.7,19:20,75,90,,64,,2025-05-06 10:05:43.113043,2025-05-06 10:05:43.113043
48024,59,2009-01-10,16.5,0,13.4,06:16,19.6,,2,4.2,12.2,15:20,73,94,06:20,52,,2025-05-06 10:05:43.259555,2025-05-06 10:05:43.259555
48039,59,2009-01-11,16,0,12.7,03:26,19.4,13:59,36,5,14.2,13:40,60,84,07:20,42,15:40,2025-05-06 10:05:43.397815,2025-05-06 10:05:43.397815
48055,59,2009-01-12,16.4,0,13.5,,19.4,13:27,7,5.6,12.5,06:10,60,78,23:40,52,13:00,2025-05-06 10:05:43.548771,2025-05-06 10:05:43.548771
48070,59,2009-01-13,16.2,0,12.5,07:43,20,14:38,6,3.9,9.4,10:40,65,84,,48,12:40,2025-05-06 10:05:43.689205,2025-05-06 10:05:43.689205
48084,59,2009-01-14,15.8,0,11.3,06:10,20.4,12:32,34,3.1,9.2,17:40,75,90,06:30,65,12:35,2025-05-06 10:05:43.820108,2025-05-06 10:05:43.820108
48098,59,2009-01-15,16.8,1.6,13.9,12:35,19.6,10:39,35,5.3,15.6,16:30,73,85,12:20,57,10:50,2025-05-06 10:05:43.958998,2025-05-06 10:05:43.958998
48113,59,2009-01-16,15.8,0,12.7,07:30,19,14:16,2,4.7,13.9,13:40,61,79,07:35,43,,2025-05-06 10:05:44.102198,2025-05-06 10:05:44.102198
48128,59,2009-01-17,16.7,0,13.1,05:30,20.3,14:35,4,5,15.6,14:00,63,80,08:10,52,,2025-05-06 10:05:44.250283,2025-05-06 10:05:44.250283
48143,59,2009-01-18,17.3,0,13.5,02:46,21.1,15:07,7,5.6,12.8,12:20,64,83,,53,16:40,2025-05-06 10:05:44.390314,2025-05-06 10:05:44.390314
48158,59,2009-01-19,17.3,,14.6,07:30,20,14:23,36,3.9,11.1,18:30,71,83,,60,,2025-05-06 10:05:44.474893,2025-05-06 10:05:44.474893
48173,59,2009-01-20,18,0.8,15.6,23:41,20.4,12:35,99,6.1,15,,68,90,,43,15:00,2025-05-06 10:05:44.543179,2025-05-06 10:05:44.543179
48188,59,2009-01-21,16.8,0,13.6,07:43,19.9,13:39,6,4.2,11.1,11:20,57,73,,47,13:50,2025-05-06 10:05:44.615517,2025-05-06 10:05:44.615517
48202,59,2009-01-22,15.6,0,10.8,07:07,20.4,14:49,10,4.7,12.8,15:40,68,87,07:20,46,11:50,2025-05-06 10:05:44.684511,2025-05-06 10:05:44.684511
48216,59,2009-01-23,16.6,0,13,03:32,20.1,14:06,2,1.9,6.9,18:20,83,87,03:50,69,18:20,2025-05-06 10:05:44.763528,2025-05-06 10:05:44.763528
48231,59,2009-01-24,18.2,0,15.6,05:28,20.8,15:01,99,2.8,8.3,,79,90,,62,,2025-05-06 10:05:44.886716,2025-05-06 10:05:44.886716
48245,59,2009-01-25,19,1,16.1,03:15,21.8,14:44,36,4.4,11.7,14:00,74,92,,63,14:40,2025-05-06 10:05:45.015540,2025-05-06 10:05:45.015540
48259,59,2009-01-26,17.4,0,14.4,08:31,20.4,14:12,6,6.1,12.5,14:40,68,91,,47,14:20,2025-05-06 10:05:45.142661,2025-05-06 10:05:45.142661
48274,59,2009-01-27,16.6,0,13.7,01:51,19.6,14:43,6,6.7,15.3,10:40,63,77,23:30,56,,2025-05-06 10:05:45.281466,2025-05-06 10:05:45.281466
48290,59,2009-01-28,17.4,0,13.8,08:19,21,12:57,99,3.1,10,,68,86,,54,12:40,2025-05-06 10:05:45.473815,2025-05-06 10:05:45.473815
48306,59,2009-01-29,17,0,12,07:42,21.9,15:30,12,2.2,5.3,11:10,76,92,,56,23:50,2025-05-06 10:05:45.621245,2025-05-06 10:05:45.621245
48321,59,2009-01-30,15.5,0,10.5,04:46,20.5,12:08,36,6.4,17.8,12:10,72,97,09:00,47,16:20,2025-05-06 10:05:45.767525,2025-05-06 10:05:45.767525
48337,59,2009-01-31,14.8,0,10,07:30,19.5,14:22,13,1.9,8.9,13:10,60,82,06:50,45,11:30,2025-05-06 10:05:45.925144,2025-05-06 10:05:45.925144
48353,59,2009-02-01,16.4,0,13.3,01:01,19.4,14:32,99,8.9,16.1,23:45,80,90,18:50,61,03:30,2025-05-06 10:05:46.073535,2025-05-06 10:05:46.073535
48369,59,2009-02-02,18.6,0.6,16.4,,20.8,13:14,26,5.3,16.7,12:40,64,79,,50,,2025-05-06 10:05:46.224894,2025-05-06 10:05:46.224894
48384,59,2009-02-03,17.6,0.4,13.5,07:30,21.6,14:23,99,3.3,10,14:05,68,88,07:35,47,14:30,2025-05-06 10:05:46.372247,2025-05-06 10:05:46.372247
48400,59,2009-02-04,18.2,0,15.3,05:30,21.1,15:28,24,3.6,15,23:50,63,91,04:30,42,,2025-05-06 10:05:46.530677,2025-05-06 10:05:46.530677
48416,59,2009-02-05,18.2,0.6,16.4,,20,13:27,23,6.9,14.4,15:00,67,83,21:10,56,05:50,2025-05-06 10:05:46.680177,2025-05-06 10:05:46.680177
48432,59,2009-02-06,16.4,0.2,13.8,06:10,19.1,14:05,0,4.2,,,62,85,,46,17:10,2025-05-06 10:05:46.835055,2025-05-06 10:05:46.835055
48447,59,2009-02-07,15.9,0,12.5,05:37,19.3,14:34,36,3.9,11.4,15:20,63,82,00:10,44,12:10,2025-05-06 10:05:46.974770,2025-05-06 10:05:46.974770
48462,59,2009-02-08,17.8,0,13.5,07:30,22.2,13:21,9,3.1,9.2,16:20,74,89,08:15,53,13:20,2025-05-06 10:05:47.128674,2025-05-06 10:05:47.128674
48477,59,2009-02-09,15.2,0,10.8,07:53,19.6,12:25,8,5.3,13.1,17:30,76,92,,62,12:20,2025-05-06 10:05:47.274172,2025-05-06 10:05:47.274172
48493,59,2009-02-10,17.3,0,13.6,05:35,21,16:08,12,4.7,10,13:00,76,89,05:55,58,18:10,2025-05-06 10:05:47.428401,2025-05-06 10:05:47.428401
48509,59,2009-02-11,18.8,0,15.5,,22,14:54,12,4.2,8.3,17:30,71,84,,58,11:40,2025-05-06 10:05:47.590461,2025-05-06 10:05:47.590461
48525,59,2009-02-12,18.5,0,14.6,05:30,22.4,16:47,11,5,9.2,14:10,71,87,,47,16:40,2025-05-06 10:05:47.753485,2025-05-06 10:05:47.753485
48541,59,2009-02-13,17.9,0,13.1,07:33,22.7,16:27,2,3.6,11.9,23:59,68,90,07:00,49,15:20,2025-05-06 10:05:47.915519,2025-05-06 10:05:47.915519
48557,59,2009-02-14,17.6,0,13.3,06:43,21.8,13:14,2,4.7,13.6,17:50,64,86,06:45,47,12:40,2025-05-06 10:05:48.078961,2025-05-06 10:05:48.078961
48572,59,2009-02-15,18.2,0,15.8,01:11,20.7,14:42,35,6.4,13.9,11:00,62,74,,53,,2025-05-06 10:05:48.234745,2025-05-06 10:05:48.234745
48589,59,2009-02-16,19,0,15.7,,22.2,13:17,36,6.7,13.6,04:50,65,76,,53,11:40,2025-05-06 10:06:50.361665,2025-05-06 10:06:50.361665
48605,59,2009-02-17,17.4,0,13.7,07:30,21.1,12:19,8,4.7,11.9,16:30,69,82,,55,12:10,2025-05-06 10:06:50.532931,2025-05-06 10:06:50.532931
48622,59,2009-02-18,16.2,0,12,06:12,20.3,13:11,9,4.2,11.1,14:00,63,83,,48,,2025-05-06 10:06:50.681227,2025-05-06 10:06:50.681227
48639,59,2009-02-19,15.4,0,10.9,07:35,19.8,13:42,12,3.3,11.1,14:20,71,86,,50,12:00,2025-05-06 10:06:50.835260,2025-05-06 10:06:50.835260
48656,59,2009-02-20,16.4,0,10.6,06:19,22.3,15:01,12,3.3,5.6,,70,87,,49,16:55,2025-05-06 10:06:50.994415,2025-05-06 10:06:50.994415
48673,59,2009-02-21,16.2,0,11.4,06:30,21.1,11:51,99,3.6,11.1,14:15,71,84,,50,11:30,2025-05-06 10:06:51.158595,2025-05-06 10:06:51.158595
48690,59,2009-02-22,16.2,0,11.5,05:09,20.9,16:30,24,3.1,6.9,14:50,75,90,05:20,62,20:30,2025-05-06 10:06:51.330418,2025-05-06 10:06:51.330418
48707,59,2009-02-23,19,0,13.4,07:32,24.5,14:13,36,2.5,10.3,22:40,55,78,,29,14:05,2025-05-06 10:06:51.494844,2025-05-06 10:06:51.494844
48723,59,2009-02-24,17.6,0,12.2,05:22,23.1,15:52,1,2.8,7.2,00:00,71,88,06:20,61,,2025-05-06 10:06:51.649984,2025-05-06 10:06:51.649984
48739,59,2009-02-25,17,0,11.6,06:30,22.3,15:04,2,3.1,10.3,,72,89,07:40,58,17:40,2025-05-06 10:06:51.812131,2025-05-06 10:06:51.812131
48754,59,2009-02-26,17.6,0,12.9,07:27,22.4,16:35,7,3.1,9.2,20:50,72,86,07:40,58,16:55,2025-05-06 10:06:51.957200,2025-05-06 10:06:51.957200
48770,59,2009-02-27,18,0,14.2,,21.7,15:30,99,3.3,8.9,,67,86,,50,16:00,2025-05-06 10:06:52.105092,2025-05-06 10:06:52.105092
48786,59,2009-02-28,18,0,12.5,07:30,23.6,15:53,12,2.8,6.7,12:45,71,86,08:20,57,,2025-05-06 10:06:52.258715,2025-05-06 10:06:52.258715
48802,59,2009-03-01,17,0,11.4,07:23,22.5,13:35,99,2.5,5.3,06:45,70,89,07:40,57,13:30,2025-05-06 10:06:52.375766,2025-05-06 10:06:52.375766
48817,59,2009-03-02,16,0.8,12.4,03:30,19.7,,35,3.9,11.7,12:00,78,87,,59,15:00,2025-05-06 10:06:52.459064,2025-05-06 10:06:52.459064
48832,59,2009-03-03,16,0,12.5,05:01,19.6,15:01,34,3.9,14.2,12:40,56,77,08:15,39,14:10,2025-05-06 10:06:52.593561,2025-05-06 10:06:52.593561
48847,59,2009-03-04,17,0,13.2,06:09,20.8,15:30,99,4.7,12.2,,59,75,,43,15:45,2025-05-06 10:06:52.730239,2025-05-06 10:06:52.730239
48862,59,2009-03-05,19,0,15.7,02:30,22.2,14:04,5,6.4,13.6,,58,81,06:30,44,,2025-05-06 10:06:52.871663,2025-05-06 10:06:52.871663
48877,59,2009-03-06,18.3,0,15.4,,21.2,16:06,6,6.4,16.1,11:30,64,77,05:20,55,16:10,2025-05-06 10:06:53.014144,2025-05-06 10:06:53.014144
48892,59,2009-03-07,17.9,0,16.6,02:30,19.2,13:32,99,5.6,13.3,,72,86,23:50,68,,2025-05-06 10:06:53.158719,2025-05-06 10:06:53.158719
48907,59,2009-03-08,17.2,0,12.6,07:27,21.9,14:30,24,3.6,7.8,17:40,73,92,07:50,58,18:25,2025-05-06 10:06:53.304872,2025-05-06 10:06:53.304872
48922,59,2009-03-09,17.6,0,12.9,07:45,22.4,16:14,99,3.9,7.2,,77,91,07:10,64,16:10,2025-05-06 10:06:53.451669,2025-05-06 10:06:53.451669
48939,59,2009-03-10,21.4,,16.7,06:33,26.2,15:06,6,8.1,20.3,12:30,54,79,,36,15:00,2025-05-06 10:06:53.612647,2025-05-06 10:06:53.612647
48955,59,2009-03-11,24.3,0,21,02:30,27.6,,0,7.8,,,40,57,,30,16:20,2025-05-06 10:06:53.763046,2025-05-06 10:06:53.763046
48971,59,2009-03-12,24.8,0,21,07:39,28.6,14:30,3,5.3,13.9,02:00,42,61,,32,,2025-05-06 10:06:53.918034,2025-05-06 10:06:53.918034
48987,59,2009-03-13,24.8,0,20.3,06:11,29.3,13:04,6,4.4,11.1,15:35,52,78,18:40,29,13:20,2025-05-06 10:06:54.069153,2025-05-06 10:06:54.069153
49002,59,2009-03-14,25,0,20.8,04:30,29.1,15:31,7,5,11.9,13:00,41,64,05:05,32,,2025-05-06 10:06:54.212544,2025-05-06 10:06:54.212544
49018,59,2009-03-15,26.4,0,21.9,07:48,31,16:45,6,5.3,15,01:30,37,58,08:30,28,,2025-05-06 10:06:54.364044,2025-05-06 10:06:54.364044
49035,59,2009-03-16,23,0,17.7,,28.4,13:43,9,4.7,18.6,09:10,49,91,,27,13:40,2025-05-06 10:06:54.526768,2025-05-06 10:06:54.526768
49052,59,2009-03-17,19.6,0,17.6,06:30,21.6,16:30,23,5.3,9.7,15:50,81,92,,75,14:30,2025-05-06 10:06:54.682250,2025-05-06 10:06:54.682250
49068,59,2009-03-18,21,0,18.4,06:30,23.5,15:24,99,5,6.9,,82,94,,70,15:25,2025-05-06 10:06:54.834705,2025-05-06 10:06:54.834705
49083,59,2009-03-19,21,0,18.3,,23.6,14:48,1,3.1,10,18:50,74,92,,63,,2025-05-06 10:06:54.980057,2025-05-06 10:06:54.980057
49098,59,2009-03-20,20.6,0,17.1,06:36,24.2,14:56,99,3.9,10.3,,66,86,06:20,48,14:50,2025-05-06 10:06:55.122402,2025-05-06 10:06:55.122402
49114,59,2009-03-21,21.4,,17,06:13,25.7,13:07,12,3.3,12.2,13:20,64,80,04:50,44,11:05,2025-05-06 10:06:55.273943,2025-05-06 10:06:55.273943
49131,59,2009-03-22,20.6,,16.3,06:13,24.8,14:06,0,4.2,,,64,83,,49,14:10,2025-05-06 10:06:55.440204,2025-05-06 10:06:55.440204
49148,59,2009-03-23,18.8,0,14.8,06:05,22.7,11:26,99,3.3,13.3,,73,86,,54,11:05,2025-05-06 10:06:55.615531,2025-05-06 10:06:55.615531
49164,59,2009-03-24,18.4,0,13,07:42,23.9,17:09,2,3.1,8.6,11:20,60,77,07:10,41,11:20,2025-05-06 10:06:55.785826,2025-05-06 10:06:55.785826
49180,59,2009-03-25,18.6,0,14.8,07:05,22.4,12:37,11,3.1,8.1,13:40,70,79,06:45,52,10:25,2025-05-06 10:06:55.949169,2025-05-06 10:06:55.949169
49196,59,2009-03-26,18.8,0,13.8,06:30,23.9,12:49,18,2.8,5.8,,68,86,07:15,55,,2025-05-06 10:06:56.109167,2025-05-06 10:06:56.109167
49213,59,2009-03-27,17.6,0,12.6,06:31,22.5,11:38,23,3.1,8.3,16:10,70,88,07:40,56,,2025-05-06 10:06:56.285160,2025-05-06 10:06:56.285160
49230,59,2009-03-28,18.2,1.2,14.9,02:30,21.4,15:41,35,5,12.8,13:00,63,88,03:05,51,14:40,2025-05-06 10:06:56.453473,2025-05-06 10:06:56.453473
49246,59,2009-03-29,18.8,0,15.4,05:30,22.3,13:10,3,3.6,11.1,11:20,55,85,06:35,39,,2025-05-06 10:06:56.617170,2025-05-06 10:06:56.617170
49263,59,2009-03-30,17.4,0,14.4,06:05,20.4,17:08,9,3.9,10.6,12:40,55,72,,43,17:30,2025-05-06 10:06:56.790788,2025-05-06 10:06:56.790788
49278,59,2009-03-31,18.4,0,15.7,,21.1,12:52,8,3.6,11.7,13:30,59,72,22:05,45,11:10,2025-05-06 10:06:56.938002,2025-05-06 10:06:56.938002
49293,59,2009-04-01,17.6,0,14,05:35,21.1,17:30,3,3.6,13.9,18:20,65,82,,48,18:10,2025-05-06 10:06:57.084650,2025-05-06 10:06:57.084650
49310,59,2009-04-02,18.4,0,14.7,03:12,22.2,14:38,6,4.4,11.7,16:40,57,81,03:10,46,13:00,2025-05-06 10:06:57.255034,2025-05-06 10:06:57.255034
49324,59,2009-04-03,19,0,15.9,05:25,22.2,14:26,7,6.9,14.7,15:50,60,73,22:50,50,,2025-05-06 10:06:57.395294,2025-05-06 10:06:57.395294
49338,59,2009-04-04,19.6,0,15.3,,24,14:20,6,5.3,11.4,08:10,59,80,23:45,49,17:50,2025-05-06 10:06:57.534901,2025-05-06 10:06:57.534901
49352,59,2009-04-05,21.3,0,16.4,04:11,26.2,15:31,2,4.2,8.9,00:30,59,87,22:50,43,13:40,2025-05-06 10:06:57.682671,2025-05-06 10:06:57.682671
49368,59,2009-04-06,21.6,0,17.4,06:39,25.7,14:30,4,4.7,10.6,21:00,65,78,02:20,47,09:30,2025-05-06 10:06:57.843608,2025-05-06 10:06:57.843608
49384,59,2009-04-07,20,0,17.3,05:23,22.6,,5,8.6,19.4,19:50,66,77,04:40,54,14:40,2025-05-06 10:06:57.994002,2025-05-06 10:06:57.994002
49400,59,2009-04-08,19.9,0,16.7,,23.1,16:09,6,8.3,15.6,14:30,63,80,,50,16:00,2025-05-06 10:06:58.152535,2025-05-06 10:06:58.152535
49416,59,2009-04-09,19.4,0,15.9,03:30,22.9,14:01,36,5.3,13.9,17:10,56,77,,43,13:50,2025-05-06 10:06:58.306399,2025-05-06 10:06:58.306399
49431,59,2009-04-10,19.6,0,16.3,22:04,22.9,14:41,4,5.8,14.4,12:20,57,72,,40,14:20,2025-05-06 10:06:58.451604,2025-05-06 10:06:58.451604
49446,59,2009-04-11,19.9,0,16.2,05:24,23.6,,2,5.3,13.6,22:50,59,74,,50,,2025-05-06 10:06:58.609442,2025-05-06 10:06:58.609442
49461,59,2009-04-12,19.8,0,15.9,06:18,23.7,12:39,99,5.3,12.8,,57,72,,41,15:10,2025-05-06 10:06:58.756264,2025-05-06 10:06:58.756264
49478,59,2009-04-13,19.4,0,15.9,05:10,23,13:51,4,5.6,14.7,10:00,59,72,,50,,2025-05-06 10:06:58.925971,2025-05-06 10:06:58.925971
49494,59,2009-04-14,20.2,0,16.7,06:19,23.7,15:14,34,5.6,12.5,11:40,55,74,,37,15:40,2025-05-06 10:06:59.088988,2025-05-06 10:06:59.088988
49510,59,2009-04-15,19.4,0,16,06:30,22.9,14:04,36,3.9,12.8,16:10,57,70,,42,,2025-05-06 10:06:59.241263,2025-05-06 10:06:59.241263
49526,59,2009-04-16,19.4,0,16.7,02:05,22.2,17:41,13,2.8,10.6,11:10,60,78,,44,17:55,2025-05-06 10:06:59.410332,2025-05-06 10:06:59.410332
49540,59,2009-04-17,19.8,0.4,15,06:30,24.7,14:31,34,2.8,9.2,18:20,63,83,07:15,49,17:50,2025-05-06 10:06:59.562991,2025-05-06 10:06:59.562991
49555,59,2009-04-18,20.7,0,17.3,06:39,24.1,15:30,4,4.7,11.1,17:30,61,87,04:30,43,15:15,2025-05-06 10:06:59.721129,2025-05-06 10:06:59.721129
49571,59,2009-04-19,20.8,0,17.1,05:30,24.4,16:39,99,6.9,15,,60,76,23:20,50,16:40,2025-05-06 10:06:59.818600,2025-05-06 10:06:59.818600
49588,59,2009-04-20,20.8,0,16.3,06:47,25.4,13:30,7,6.7,15.3,14:00,53,76,03:50,34,13:30,2025-05-06 10:06:59.904991,2025-05-06 10:06:59.904991
49605,59,2009-04-21,20.3,0,17.1,05:19,23.5,14:30,5,8.9,16.7,,66,78,,58,,2025-05-06 10:06:59.988097,2025-05-06 10:06:59.988097
49622,59,2009-04-22,21,0,17.3,06:30,24.6,15:04,4,6.1,12.2,15:30,63,75,,50,15:50,2025-05-06 10:07:00.084758,2025-05-06 10:07:00.084758
49638,59,2009-04-23,20.6,0,16.8,07:08,24.5,17:54,99,3.9,11.7,22:05,66,82,23:50,52,,2025-05-06 10:07:00.221217,2025-05-06 10:07:00.221217
49655,59,2009-04-24,21.2,0,17.2,04:42,25.1,12:45,1,3.9,11.9,14:40,64,83,00:00,49,,2025-05-06 10:07:00.378187,2025-05-06 10:07:00.378187
49671,59,2009-04-25,19.6,0,16.2,05:19,23.1,11:02,99,5.8,14.2,,66,79,,48,10:50,2025-05-06 10:07:00.528806,2025-05-06 10:07:00.528806
49687,59,2009-04-26,19.3,0,16.9,06:28,21.7,10:45,10,5.6,13.3,15:10,59,70,,50,,2025-05-06 10:07:00.681368,2025-05-06 10:07:00.681368
49703,59,2009-04-27,19.5,0,16.2,05:13,22.8,13:39,8,5.3,13.9,14:20,50,69,00:10,36,13:25,2025-05-06 10:07:00.832418,2025-05-06 10:07:00.832418
49720,59,2009-04-28,19.1,0,15.8,,22.4,12:33,99,4.2,13.6,,64,72,,44,12:50,2025-05-06 10:07:00.994361,2025-05-06 10:07:00.994361
49736,59,2009-04-29,18.6,0,14.2,05:30,22.9,11:14,10,4.2,13.9,12:50,64,79,07:30,49,,2025-05-06 10:07:01.147370,2025-05-06 10:07:01.147370
49753,59,2009-04-30,20.8,0,17.3,,24.3,15:22,6,5.6,12.2,10:20,59,72,23:40,48,,2025-05-06 10:07:01.304455,2025-05-06 10:07:01.304455
49770,59,2009-05-01,20.7,0,16,03:30,25.4,13:30,6,5.6,11.4,14:20,60,80,,39,12:15,2025-05-06 10:07:01.461905,2025-05-06 10:07:01.461905
49787,59,2009-05-02,21,0,17.4,,24.6,15:02,36,3.3,10.6,18:40,62,76,,47,12:10,2025-05-06 10:07:01.620080,2025-05-06 10:07:01.620080
49804,59,2009-05-03,20.5,0,17,02:57,24,13:47,36,3.3,11.4,12:20,55,72,23:15,42,,2025-05-06 10:07:01.782147,2025-05-06 10:07:01.782147
49818,59,2009-05-04,20.8,0,15.8,06:30,25.8,15:45,99,3.1,9.2,,68,82,,52,15:45,2025-05-06 10:07:01.922840,2025-05-06 10:07:01.922840
49834,59,2009-05-05,20.8,0,15.8,06:27,25.7,15:17,14,3.1,10,11:30,70,80,,57,20:45,2025-05-06 10:07:02.072622,2025-05-06 10:07:02.072622
49848,59,2009-05-06,22,0,18.4,06:41,25.6,16:02,9,3.3,7.8,11:40,68,85,22:45,44,03:45,2025-05-06 10:07:02.209141,2025-05-06 10:07:02.209141
49864,59,2009-05-07,22.5,0,18.9,06:40,26.1,16:01,34,3.6,10.3,20:50,65,86,,46,08:35,2025-05-06 10:07:02.361926,2025-05-06 10:07:02.361926
49880,59,2009-05-08,22.3,0,18.7,06:38,25.9,14:02,36,5,16.1,20:30,66,87,00:10,52,,2025-05-06 10:07:02.513889,2025-05-06 10:07:02.513889
49894,59,2009-05-09,21.4,0,17.3,05:30,25.5,13:30,1,3.1,13.9,14:40,61,78,,45,11:30,2025-05-06 10:07:02.658990,2025-05-06 10:07:02.658990
49910,59,2009-05-10,21.7,0,17.4,06:30,26,15:41,99,3.9,10.3,,60,77,07:05,44,17:10,2025-05-06 10:07:02.810543,2025-05-06 10:07:02.810543
49925,59,2009-05-11,20,0,16.8,06:14,23.1,14:12,36,2.5,8.9,18:10,72,81,17:10,66,03:20,2025-05-06 10:07:02.952288,2025-05-06 10:07:02.952288
49939,59,2009-05-12,21.1,0,17.2,03:30,25,15:22,12,4.2,13.1,14:20,56,78,05:40,39,,2025-05-06 10:07:03.084027,2025-05-06 10:07:03.084027
49954,59,2009-05-13,21.6,0,17.9,03:30,25.3,14:03,99,5.6,12.8,,51,72,03:50,42,,2025-05-06 10:07:03.228725,2025-05-06 10:07:03.228725
49969,59,2009-05-14,21.8,0,17.7,05:30,25.8,13:30,2,5.3,13.9,15:50,59,73,,48,13:30,2025-05-06 10:07:03.365773,2025-05-06 10:07:03.365773
49984,59,2009-05-15,21.2,0,18,,24.3,14:44,5,6.1,13.6,09:10,56,70,,49,17:30,2025-05-06 10:07:03.513916,2025-05-06 10:07:03.513916
49999,59,2009-05-16,21.4,0,17,03:39,25.7,15:51,0,5.6,,,61,72,,47,16:00,2025-05-06 10:07:03.663259,2025-05-06 10:07:03.663259
50014,59,2009-05-17,21.6,0,17.3,06:11,25.8,13:29,7,5.6,13.3,12:10,60,78,06:15,49,13:30,2025-05-06 10:07:03.801275,2025-05-06 10:07:03.801275
50029,59,2009-05-18,21.6,0,17.4,05:30,25.7,12:33,99,5.6,12.5,,62,76,,40,,2025-05-06 10:07:03.940224,2025-05-06 10:07:03.940224
50044,59,2009-05-19,19.6,0,16.2,05:12,22.9,11:01,10,6.1,14.2,13:40,65,74,19:50,52,,2025-05-06 10:07:04.081575,2025-05-06 10:07:04.081575
50059,59,2009-05-20,20.8,0.8,15.8,03:38,25.8,15:32,99,2.8,6.4,09:55,56,73,03:15,46,,2025-05-06 10:07:04.222764,2025-05-06 10:07:04.222764
50075,59,2009-05-21,22,0,18.2,06:14,25.9,15:31,11,2.5,7.5,19:10,61,76,20:55,52,,2025-05-06 10:07:04.384066,2025-05-06 10:07:04.384066
50090,59,2009-05-22,22,0,18,05:30,25.9,13:22,36,3.1,11.4,15:20,55,80,06:40,35,13:30,2025-05-06 10:07:04.528863,2025-05-06 10:07:04.528863
50105,59,2009-05-23,21,0,16.9,05:18,25.2,13:31,9,4.4,12.8,15:10,53,74,06:50,38,13:30,2025-05-06 10:07:04.673563,2025-05-06 10:07:04.673563
50120,59,2009-05-24,20.4,0,16.8,05:30,24.1,17:26,10,5.8,13.3,13:00,58,71,03:30,48,10:10,2025-05-06 10:07:04.810907,2025-05-06 10:07:04.810907
50135,59,2009-05-25,21,0,18,01:30,24,,99,3.9,11.4,,60,72,,49,18:20,2025-05-06 10:07:04.951094,2025-05-06 10:07:04.951094
50150,59,2009-05-26,21,0,17.7,06:41,24.2,12:24,10,4.2,11.7,15:10,59,73,07:45,48,12:05,2025-05-06 10:07:05.090170,2025-05-06 10:07:05.090170
50165,59,2009-05-27,21.5,0,17.5,05:30,25.5,13:02,99,3.3,10,,65,74,,48,11:20,2025-05-06 10:07:05.232488,2025-05-06 10:07:05.232488
50180,59,2009-05-28,22,0,18.2,04:30,25.8,13:08,99,4.4,15.3,,65,78,05:10,51,,2025-05-06 10:07:05.376874,2025-05-06 10:07:05.376874
50195,59,2009-05-29,22,0,19.2,,24.9,12:30,2,5.3,13.9,00:30,60,74,,50,12:55,2025-05-06 10:07:05.516910,2025-05-06 10:07:05.516910
50209,59,2009-05-30,22.5,0,18.3,06:05,26.7,16:10,35,3.1,9.7,00:00,66,79,,56,,2025-05-06 10:07:05.648713,2025-05-06 10:07:05.648713
50223,59,2009-05-31,22.4,0,17.9,06:11,26.8,15:06,11,3.1,8.6,11:50,68,81,06:25,55,,2025-05-06 10:07:05.776313,2025-05-06 10:07:05.776313
50239,59,2009-06-01,20.9,0,17.5,06:02,24.3,15:30,11,3.9,10,10:50,69,79,,62,,2025-05-06 10:07:05.927999,2025-05-06 10:07:05.927999
50255,59,2009-06-02,20.8,0,17.1,05:30,24.4,17:30,12,3.9,10.6,11:10,69,83,,58,09:40,2025-05-06 10:07:06.084177,2025-05-06 10:07:06.084177
50271,59,2009-06-03,21.4,0,16.2,06:03,26.6,15:30,99,3.6,11.1,,67,80,,50,19:00,2025-05-06 10:07:06.247717,2025-05-06 10:07:06.247717
50284,59,2009-06-04,23.4,0,19.5,06:11,27.3,11:58,36,3.9,11.1,17:40,61,80,,40,12:00,2025-05-06 10:07:06.368552,2025-05-06 10:07:06.368552
50299,59,2009-06-05,22.8,0,18.3,06:11,27.4,15:04,11,1.9,9.4,12:10,63,81,06:50,42,11:40,2025-05-06 10:07:06.513992,2025-05-06 10:07:06.513992
50313,59,2009-06-06,22.4,0,19.6,,25.1,11:18,10,4.2,11.9,17:00,62,78,,45,11:15,2025-05-06 10:07:06.665723,2025-05-06 10:07:06.665723
50327,59,2009-06-07,22.3,0,17.2,05:30,27.4,14:30,12,3.1,7.5,11:10,67,83,,53,,2025-05-06 10:07:06.803317,2025-05-06 10:07:06.803317
50341,59,2009-06-08,22.4,0,18,05:30,26.7,14:04,12,3.9,11.7,11:30,70,81,,55,09:25,2025-05-06 10:07:06.934975,2025-05-06 10:07:06.934975
50355,59,2009-06-09,23,0,18.5,05:30,27.4,12:12,99,3.9,9.7,,62,83,,40,12:00,2025-05-06 10:07:07.071367,2025-05-06 10:07:07.071367
50369,59,2009-06-10,24,0,20,05:09,27.9,15:05,99,6.1,12.8,,61,79,,47,15:05,2025-05-06 10:07:07.205517,2025-05-06 10:07:07.205517
50384,59,2009-06-11,24.7,0,20.9,,28.5,13:31,99,7.2,13.3,,59,72,,49,,2025-05-06 10:07:07.356746,2025-05-06 10:07:07.356746
50399,59,2009-06-12,24.2,0,20.7,04:30,27.6,16:21,9,3.6,11.7,12:30,71,89,,63,,2025-05-06 10:07:07.498026,2025-05-06 10:07:07.498026
50414,59,2009-06-13,24.4,0,19.4,06:08,29.3,13:04,12,1.9,9.7,14:10,69,91,04:05,52,13:00,2025-05-06 10:07:07.641392,2025-05-06 10:07:07.641392
50429,59,2009-06-14,25.6,0.2,21.7,02:30,29.6,09:41,10,3.3,9.7,12:30,71,92,02:15,39,09:40,2025-05-06 10:07:07.788560,2025-05-06 10:07:07.788560
50443,59,2009-06-15,25,0,21.1,,29,14:13,99,3.3,10.8,,62,89,,46,,2025-05-06 10:07:07.923181,2025-05-06 10:07:07.923181
50458,59,2009-06-16,22.8,0,19.3,06:25,26.4,16:16,1,4.4,10.8,16:30,62,78,,39,16:25,2025-05-06 10:07:08.071953,2025-05-06 10:07:08.071953
50472,59,2009-06-17,22.6,0,17.9,05:09,27.3,14:37,99,3.3,6.4,,63,79,23:50,54,,2025-05-06 10:07:08.205827,2025-05-06 10:07:08.205827
50486,59,2009-06-18,23.8,0,20.7,05:25,26.9,15:30,20,3.6,7.2,06:00,71,85,,62,,2025-05-06 10:07:08.342519,2025-05-06 10:07:08.342519
50500,59,2009-06-19,25.1,,20.5,05:30,29.7,14:34,99,4.4,7.8,,71,88,,58,,2025-05-06 10:07:08.475484,2025-05-06 10:07:08.475484
50513,59,2009-06-20,26.2,0,22,05:30,30.3,13:34,11,3.9,11.4,17:30,69,86,,54,12:35,2025-05-06 10:07:08.600633,2025-05-06 10:07:08.600633
50526,59,2009-06-21,25.4,0,21.6,06:17,29.2,16:18,35,3.6,9.7,18:00,63,81,06:20,44,10:20,2025-05-06 10:07:08.739002,2025-05-06 10:07:08.739002
50539,59,2009-06-22,25.5,0,21,05:15,30,17:36,11,5.8,13.3,12:50,62,78,,47,09:45,2025-05-06 10:07:08.867261,2025-05-06 10:07:08.867261
50553,59,2009-06-23,25.8,0,20.8,05:20,30.8,12:11,11,5.8,16.4,14:10,65,78,,39,11:50,2025-05-06 10:07:09.003969,2025-05-06 10:07:09.003969
50567,59,2009-06-24,25,0,21.3,04:30,28.8,16:42,11,5.3,12.5,15:10,72,80,05:55,56,16:50,2025-05-06 10:07:09.134456,2025-05-06 10:07:09.134456
50581,59,2009-06-25,24.8,0,21.4,05:37,28.2,13:39,13,5.3,12.8,15:40,70,80,,51,13:20,2025-05-06 10:07:09.273307,2025-05-06 10:07:09.273307
50595,59,2009-06-26,24.8,0,21.2,05:30,28.3,17:10,10,4.2,12.2,12:00,68,80,,51,17:00,2025-05-06 10:07:09.409068,2025-05-06 10:07:09.409068
50609,59,2009-06-27,23.8,0,19.9,06:22,27.8,14:30,99,3.9,7.5,,71,82,,60,,2025-05-06 10:07:09.552247,2025-05-06 10:07:09.552247
50623,59,2009-06-28,24.6,0,19.8,06:20,29.4,15:48,12,2.8,6.4,11:40,67,81,,55,16:40,2025-05-06 10:07:09.691773,2025-05-06 10:07:09.691773
50637,59,2009-06-29,24.6,0,19.1,06:26,30,15:35,0,3.3,,,70,85,05:50,53,15:20,2025-05-06 10:07:09.827961,2025-05-06 10:07:09.827961
50651,59,2009-06-30,25.2,0,21.8,06:10,28.7,16:01,12,4.2,15,12:10,72,84,,60,,2025-05-06 10:07:09.959989,2025-05-06 10:07:09.959989
50665,59,2009-07-01,26.6,0,22.3,06:06,31,15:15,99,5.3,12.2,,64,78,,48,11:40,2025-05-06 10:07:10.094698,2025-05-06 10:07:10.094698
50679,59,2009-07-02,26.4,0,22.2,,30.6,14:21,36,6.1,13.9,19:30,59,77,06:40,47,,2025-05-06 10:07:10.226719,2025-05-06 10:07:10.226719
50692,59,2009-07-03,27.1,0,22.8,05:30,31.4,15:30,36,7.2,14.7,10:40,58,75,00:10,46,,2025-05-06 10:07:10.348410,2025-05-06 10:07:10.348410
50705,59,2009-07-04,27.2,0,23.1,06:33,31.2,11:38,99,5,12.5,12:25,64,74,,44,10:40,2025-05-06 10:07:10.441701,2025-05-06 10:07:10.441701
50719,59,2009-07-05,25.9,0,22,04:30,29.8,15:27,11,3.6,10.3,12:30,71,80,,56,10:30,2025-05-06 10:07:10.507709,2025-05-06 10:07:10.507709
50733,59,2009-07-06,26.3,0,21.7,06:05,30.9,14:30,10,4.4,12.8,,64,78,,48,10:10,2025-05-06 10:07:10.575961,2025-05-06 10:07:10.575961
50747,59,2009-07-07,26.6,0,22.1,04:30,31.2,16:04,6,4.7,12.2,12:50,62,77,,46,,2025-05-06 10:07:10.639895,2025-05-06 10:07:10.639895
50761,59,2009-07-08,25.6,0,21.5,05:30,29.7,11:14,11,5.6,15.3,13:15,67,78,05:30,48,11:05,2025-05-06 10:07:10.707622,2025-05-06 10:07:10.707622
50775,59,2009-07-09,26.8,0,21.6,05:31,31.9,13:24,11,4.2,12.8,18:20,62,77,04:25,45,11:50,2025-05-06 10:07:10.784989,2025-05-06 10:07:10.784989
50788,59,2009-07-10,27.3,0,21.5,05:30,33.1,,0,4.4,,,53,78,,29,11:40,2025-05-06 10:07:10.892736,2025-05-06 10:07:10.892736
50801,59,2009-07-11,27.3,0,21.5,06:09,33.1,12:54,10,5.8,12.5,13:50,63,77,06:35,28,11:15,2025-05-06 10:07:11.008774,2025-05-06 10:07:11.008774
50814,59,2009-07-12,25.6,0,20.7,06:16,30.4,14:30,99,6.4,14.7,13:15,69,79,,44,14:40,2025-05-06 10:07:11.123334,2025-05-06 10:07:11.123334
50827,59,2009-07-13,25,0,21.5,05:30,28.5,17:39,99,4.7,13.3,,66,75,,50,10:25,2025-05-06 10:07:11.247413,2025-05-06 10:07:11.247413
50840,59,2009-07-14,25.5,0,22.2,02:30,28.8,15:12,7,5.8,12.8,12:50,64,78,02:55,54,,2025-05-06 10:07:11.374362,2025-05-06 10:07:11.374362
50853,59,2009-07-15,25.4,0,21.9,,28.9,12:16,10,6.7,14.4,14:20,64,76,,50,,2025-05-06 10:07:11.498655,2025-05-06 10:07:11.498655
50867,59,2009-07-16,27.2,0,21.9,,32.6,14:05,7,5,13.6,15:00,53,77,01:35,32,14:40,2025-05-06 10:07:11.631734,2025-05-06 10:07:11.631734
50880,59,2009-07-17,26.2,0,22.3,05:46,30,13:49,2,5.6,16.4,11:30,58,76,,45,,2025-05-06 10:07:11.759966,2025-05-06 10:07:11.759966
50894,59,2009-07-18,26.9,0,22.2,06:55,31.6,14:30,6,5.3,13.9,12:10,53,76,,33,15:00,2025-05-06 10:07:11.894719,2025-05-06 10:07:11.894719
50908,59,2009-07-19,27.4,0,22.1,06:23,32.7,10:17,1,3.9,12.2,00:50,67,74,06:20,34,10:10,2025-05-06 10:07:12.036649,2025-05-06 10:07:12.036649
50922,59,2009-07-20,27.2,0,24,21:30,30.4,15:30,32,4.2,11.9,21:20,65,87,23:45,54,,2025-05-06 10:07:12.179228,2025-05-06 10:07:12.179228
50936,59,2009-07-21,26.1,0,22.7,05:30,29.5,16:46,34,4.7,9.4,09:30,72,88,,56,10:00,2025-05-06 10:07:12.314791,2025-05-06 10:07:12.314791
50950,59,2009-07-22,25.8,0,21.6,06:08,30,15:29,99,3.1,10.3,,63,79,05:40,52,18:05,2025-05-06 10:07:12.440834,2025-05-06 10:07:12.440834
50963,59,2009-07-23,28,0,22.6,03:17,33.4,12:30,7,6.1,13.6,14:10,47,76,,33,12:50,2025-05-06 10:07:12.559191,2025-05-06 10:07:12.559191
50976,59,2009-07-24,28.2,0,23.9,02:16,32.5,,4,8.6,18.1,13:50,49,73,01:55,33,10:50,2025-05-06 10:07:12.684903,2025-05-06 10:07:12.684903
50989,59,2009-07-25,29.4,0,25,00:00,33.7,15:29,6,8.1,15.6,09:55,46,64,00:05,37,,2025-05-06 10:07:12.807311,2025-05-06 10:07:12.807311
51003,59,2009-07-26,30.3,0,24.9,21:30,35.7,13:05,3,6.9,16.9,08:00,47,84,,33,13:00,2025-05-06 10:07:12.941374,2025-05-06 10:07:12.941374
51017,59,2009-07-27,30.1,0,25.2,01:20,35,15:16,2,5.8,12.5,,49,68,,37,14:55,2025-05-06 10:07:13.075724,2025-05-06 10:07:13.075724
51029,59,2009-07-28,31,0,24.7,06:30,37.4,13:07,2,3.1,12.2,10:20,55,79,20:35,31,,2025-05-06 10:07:13.189552,2025-05-06 10:07:13.189552
51042,59,2009-07-29,31,0,25.2,06:53,36.7,13:21,1,3.1,15,23:30,58,75,06:50,30,,2025-05-06 10:07:13.312988,2025-05-06 10:07:13.312988
51055,59,2009-07-30,33.4,0,27.1,,39.8,13:43,2,4.4,14.2,,42,71,20:00,24,13:40,2025-05-06 10:07:13.438616,2025-05-06 10:07:13.438616
51068,59,2009-07-31,35.7,0,30.6,00:00,40.8,14:46,8,6.7,17.5,22:10,20,35,00:00,13,,2025-05-06 10:07:13.563905,2025-05-06 10:07:13.563905
51082,59,2009-08-01,34.2,0,28.4,,40,,6,6.7,15.8,12:00,20,38,,13,10:10,2025-05-06 10:07:13.697713,2025-05-06 10:07:13.697713
51096,59,2009-08-02,28,0,23.9,23:36,32,10:30,99,5.8,11.9,,45,73,,26,,2025-05-06 10:07:13.829351,2025-05-06 10:07:13.829351
51110,59,2009-08-03,25.1,0,22.2,05:30,28,15:27,8,6.1,13.1,12:10,64,73,,50,11:15,2025-05-06 10:07:13.964619,2025-05-06 10:07:13.964619
51124,59,2009-08-04,24.4,0,20.7,06:37,28.1,17:41,8,4.2,14.4,12:30,63,71,,50,,2025-05-06 10:07:14.092740,2025-05-06 10:07:14.092740
51138,59,2009-08-05,26.4,0,21.4,04:30,31.4,17:53,10,5.8,14.2,14:00,65,76,,41,17:50,2025-05-06 10:07:14.225721,2025-05-06 10:07:14.225721
51152,59,2009-08-06,26.6,0,22.4,05:30,30.9,14:37,99,5,13.6,,60,80,,49,14:20,2025-05-06 10:07:14.353183,2025-05-06 10:07:14.353183
51164,59,2009-08-07,28.8,0,24.3,,33.4,13:30,5,7.8,16.7,17:20,46,66,07:20,30,,2025-05-06 10:07:14.471652,2025-05-06 10:07:14.471652
51176,59,2009-08-08,28,0,23.7,,32.3,,99,7.8,13.3,,39,68,23:45,29,,2025-05-06 10:07:14.593465,2025-05-06 10:07:14.593465
51189,59,2009-08-09,25.4,0,22.6,,28.3,15:30,6,7.2,12.8,12:10,65,77,03:20,55,16:15,2025-05-06 10:07:14.719694,2025-05-06 10:07:14.719694
51201,59,2009-08-10,25.4,0,21.5,05:30,29.3,12:38,10,5.3,15.3,13:40,58,71,01:55,43,12:30,2025-05-06 10:07:14.835280,2025-05-06 10:07:14.835280
51214,59,2009-08-11,,0,,,,,0,,,,,,,,,2025-05-06 10:07:14.953632,2025-05-06 10:07:14.953632
51227,59,2009-08-12,25.2,0,20.3,,30.2,16:05,11,4.2,12.8,12:40,70,81,07:20,55,11:10,2025-05-06 10:07:15.071485,2025-05-06 10:07:15.071485
51239,59,2009-08-13,25.6,0,22.1,,29.2,14:10,2,3.6,11.9,19:20,68,75,,52,15:30,2025-05-06 10:07:15.181174,2025-05-06 10:07:15.181174
51252,59,2009-08-14,26,0,21.9,06:11,30.2,14:22,99,4.7,12.8,,64,81,06:20,48,,2025-05-06 10:07:15.306349,2025-05-06 10:07:15.306349
51265,59,2009-08-15,26.6,0,22.4,06:10,30.8,,10,5.3,14.2,13:40,67,78,07:20,48,,2025-05-06 10:08:17.797585,2025-05-06 10:08:17.797585
51278,59,2009-08-16,25.2,0,21.9,05:22,28.6,,11,6.1,17.5,14:10,67,78,,56,10:40,2025-05-06 10:08:17.907577,2025-05-06 10:08:17.907577
51291,59,2009-08-17,25.8,0,21.7,06:22,29.8,16:33,10,5.6,12.8,13:50,63,80,03:30,50,17:00,2025-05-06 10:08:18.021789,2025-05-06 10:08:18.021789
51304,59,2009-08-18,26.4,0,22.5,,30.2,,8,5.8,12.5,10:50,63,76,23:55,50,16:10,2025-05-06 10:08:18.145620,2025-05-06 10:08:18.145620
51316,59,2009-08-19,26.6,0,21.4,,31.7,13:09,11,4.7,15.3,14:00,65,80,,47,13:00,2025-05-06 10:08:18.258972,2025-05-06 10:08:18.258972
51329,59,2009-08-20,27.8,0,23.3,,32.4,12:51,6,6.9,14.7,12:20,48,82,01:10,34,17:50,2025-05-06 10:08:18.384074,2025-05-06 10:08:18.384074
51341,59,2009-08-21,28.2,0,23.6,23:56,32.8,16:26,4,6.7,15,13:10,47,71,,35,12:50,2025-05-06 10:08:18.511754,2025-05-06 10:08:18.511754
51353,59,2009-08-22,26.4,0,21.8,05:32,30.9,,10,4.7,12.8,14:00,61,78,,48,13:15,2025-05-06 10:08:18.615275,2025-05-06 10:08:18.615275
51365,59,2009-08-23,26,0,21.9,06:41,30,15:06,11,3.6,13.1,13:50,65,80,06:20,54,,2025-05-06 10:08:18.718081,2025-05-06 10:08:18.718081
51377,59,2009-08-24,26.6,0,22.4,,30.9,15:04,12,4.2,12.8,13:30,64,83,07:45,51,,2025-05-06 10:08:18.828432,2025-05-06 10:08:18.828432
51390,59,2009-08-25,25.5,0,21.9,,29.1,14:34,99,5.8,11.4,,62,79,06:35,52,13:00,2025-05-06 10:08:18.941010,2025-05-06 10:08:18.941010
51403,59,2009-08-26,25.4,0,22.1,,28.7,,6,5,12.5,14:40,70,82,05:55,56,12:35,2025-05-06 10:08:19.056403,2025-05-06 10:08:19.056403
51416,59,2009-08-27,24.6,0,21.3,05:49,27.8,,8,5.3,12.5,11:30,66,79,06:05,55,10:10,2025-05-06 10:08:19.171244,2025-05-06 10:08:19.171244
51429,59,2009-08-28,25.5,0,21.5,06:48,29.5,15:10,10,5.8,13.6,13:10,73,81,06:50,53,11:15,2025-05-06 10:08:19.292074,2025-05-06 10:08:19.292074
51442,59,2009-08-29,25.3,0,22.4,06:46,28.2,12:26,11,5.8,13.3,13:50,67,76,,57,,2025-05-06 10:08:19.417608,2025-05-06 10:08:19.417608
51455,59,2009-08-30,25.6,0,22.2,,28.9,16:54,10,5.6,13.9,13:45,70,78,,57,16:55,2025-05-06 10:08:19.537313,2025-05-06 10:08:19.537313
51468,59,2009-08-31,25.6,0,21.7,05:21,29.4,15:58,99,6.1,13.1,,68,78,,57,14:40,2025-05-06 10:08:19.665334,2025-05-06 10:08:19.665334
51481,59,2009-09-01,25.5,0,21.7,05:17,29.3,12:43,11,5,15,14:00,66,80,05:15,54,12:30,2025-05-06 10:08:19.783087,2025-05-06 10:08:19.783087
51494,59,2009-09-02,25.3,0,22.5,,28.1,,6,6.1,13.3,13:10,65,77,06:30,53,14:30,2025-05-06 10:08:19.902610,2025-05-06 10:08:19.902610
51507,59,2009-09-03,25.1,0,22.3,,27.9,,99,6.7,12.2,,63,74,,53,,2025-05-06 10:08:20.021306,2025-05-06 10:08:20.021306
51520,59,2009-09-04,24.4,0,20.5,,28.4,14:29,11,4.2,13.1,,68,81,,56,,2025-05-06 10:08:20.139640,2025-05-06 10:08:20.139640
51532,59,2009-09-05,24.6,0,20.1,06:13,29.2,16:22,12,3.9,10.6,11:50,70,82,,55,10:40,2025-05-06 10:08:20.258366,2025-05-06 10:08:20.258366
51544,59,2009-09-06,25.2,0,21.5,,28.9,,4,3.1,10,10:40,62,77,07:10,46,,2025-05-06 10:08:20.372793,2025-05-06 10:08:20.372793
51556,59,2009-09-07,24.8,0,22.5,,27.2,14:33,2,4.2,13.9,14:30,68,80,,60,14:40,2025-05-06 10:08:20.480963,2025-05-06 10:08:20.480963
51569,59,2009-09-08,26.2,0,22.4,,29.9,,4,2.5,8.9,,69,82,07:20,56,,2025-05-06 10:08:20.606705,2025-05-06 10:08:20.606705
51582,59,2009-09-09,25,0,22.6,07:14,27.5,,10,1.9,8.6,12:10,77,83,19:55,60,,2025-05-06 10:08:20.724377,2025-05-06 10:08:20.724377
51595,59,2009-09-10,24.6,0,20.5,,28.6,13:20,2,2.5,7.2,00:00,74,83,06:10,62,,2025-05-06 10:08:20.842477,2025-05-06 10:08:20.842477
51608,59,2009-09-11,25.3,0,21,07:13,29.6,,13,2.8,6.1,12:00,73,84,,59,15:50,2025-05-06 10:08:20.957604,2025-05-06 10:08:20.957604
51621,59,2009-09-12,24.5,0,21.2,06:22,27.8,10:57,12,4.7,13.9,13:10,73,82,,58,10:40,2025-05-06 10:08:21.078894,2025-05-06 10:08:21.078894
51634,59,2009-09-13,25.1,0,21.9,,28.3,11:09,99,5,12.8,,71,82,04:20,52,10:50,2025-05-06 10:08:21.203320,2025-05-06 10:08:21.203320
51647,59,2009-09-14,25,0,21.3,,28.7,15:11,99,2.8,8.6,,67,81,05:30,54,18:10,2025-05-06 10:08:21.325230,2025-05-06 10:08:21.325230
51659,59,2009-09-15,25.6,0,22.3,,28.8,,1,4.4,12.8,13:20,57,79,,41,,2025-05-06 10:08:21.435274,2025-05-06 10:08:21.435274
51682,59,2009-09-17,24.4,,19.3,,29.4,14:39,8,2.8,6.9,21:50,63,78,,50,,2025-05-06 10:08:21.645654,2025-05-06 10:08:21.645654
51693,59,2009-09-18,23.2,0,20.6,,25.8,12:34,8,4.4,11.4,13:40,68,76,02:40,57,09:30,2025-05-06 10:08:21.746511,2025-05-06 10:08:21.746511
51705,59,2009-09-19,23.6,0,21.4,,25.9,14:53,7,4.2,11.4,11:30,73,78,,65,,2025-05-06 10:08:21.857609,2025-05-06 10:08:21.857609
51718,59,2009-09-20,24.2,0.2,21.5,,26.8,13:39,8,5.8,11.7,13:10,63,80,09:25,51,15:50,2025-05-06 10:08:21.985047,2025-05-06 10:08:21.985047
51739,59,2009-09-22,24,0,20.3,,27.7,11:36,10,4.7,12.2,16:40,68,80,07:10,54,11:25,2025-05-06 10:08:22.197220,2025-05-06 10:08:22.197220
51752,59,2009-09-23,24.6,0.2,21.6,,27.5,15:22,6,2.5,8.3,22:10,75,84,19:40,65,12:50,2025-05-06 10:08:22.319261,2025-05-06 10:08:22.319261
51765,59,2009-09-24,24.4,0.2,21.1,,27.8,,8,2.2,8.9,03:50,76,89,,58,10:50,2025-05-06 10:08:22.440407,2025-05-06 10:08:22.440407
51779,59,2009-09-25,24.6,0,20.5,,28.8,13:49,34,2.8,8.9,18:30,67,84,06:55,51,10:55,2025-05-06 10:08:22.570241,2025-05-06 10:08:22.570241
51792,59,2009-09-26,24.8,0,20.6,04:35,29.1,,12,2.2,11.1,12:00,71,81,,52,12:10,2025-05-06 10:08:22.688927,2025-05-06 10:08:22.688927
51806,59,2009-09-27,24.8,0,20.7,07:18,29,,1,3.6,10.8,13:20,60,84,05:50,44,,2025-05-06 10:08:22.819874,2025-05-06 10:08:22.819874
51819,59,2009-09-28,23.3,0,20.3,07:11,26.3,11:54,18,2.5,8.3,12:10,72,80,,53,12:00,2025-05-06 10:08:22.935420,2025-05-06 10:08:22.935420
51832,59,2009-09-29,24.2,0,19.2,06:37,29.2,14:26,99,2.2,6.1,,67,80,,52,,2025-05-06 10:08:23.062347,2025-05-06 10:08:23.062347
51847,59,2009-09-30,23.6,0,18.3,,28.8,15:01,20,3.6,9.4,13:30,66,82,,49,,2025-05-06 10:08:23.219251,2025-05-06 10:08:23.219251
51861,59,2009-10-01,24.1,0,19.2,06:41,29,15:48,14,2.2,4.2,12:05,67,80,07:30,55,15:10,2025-05-06 10:08:23.355317,2025-05-06 10:08:23.355317
51874,59,2009-10-02,24,0,19.9,,28.2,15:55,11,5.6,12.8,13:00,74,83,07:00,54,19:15,2025-05-06 10:08:23.476195,2025-05-06 10:08:23.476195
51888,59,2009-10-03,25.4,0,21.4,,29.3,15:04,99,3.6,9.2,,74,86,22:50,60,15:00,2025-05-06 10:08:23.611799,2025-05-06 10:08:23.611799
51902,59,2009-10-04,23.8,0,19,,28.5,,99,2.5,6.4,,71,84,03:00,62,,2025-05-06 10:08:23.748269,2025-05-06 10:08:23.748269
51916,59,2009-10-05,24.2,0,19.8,07:02,28.5,14:26,99,3.3,5.6,13:25,73,87,22:45,66,12:50,2025-05-06 10:08:23.880928,2025-05-06 10:08:23.880928
51931,59,2009-10-06,25.4,0,20.6,06:42,30.1,14:32,36,3.3,7.2,19:00,77,86,07:55,63,14:35,2025-05-06 10:08:24.026667,2025-05-06 10:08:24.026667
51946,59,2009-10-07,25.5,0,21.3,,29.7,15:23,99,2.5,6.1,,73,85,,63,,2025-05-06 10:08:24.171515,2025-05-06 10:08:24.171515
51962,59,2009-10-08,24.7,0,21,,28.4,10:34,99,2.8,10.8,13:45,76,88,07:30,56,10:30,2025-05-06 10:08:24.316435,2025-05-06 10:08:24.316435
51978,59,2009-10-09,23.8,0,19.8,,27.9,11:29,9,5.3,12.2,13:00,75,85,,55,11:25,2025-05-06 10:08:24.462981,2025-05-06 10:08:24.462981
51993,59,2009-10-10,22.6,0,19.1,06:07,26.2,11:32,99,4.4,11.7,14:35,72,83,07:45,58,,2025-05-06 10:08:24.612138,2025-05-06 10:08:24.612138
52007,59,2009-10-11,25.8,0,22.2,,29.5,13:09,6,3.3,9.2,11:40,62,76,,48,13:05,2025-05-06 10:08:24.751227,2025-05-06 10:08:24.751227
52023,59,2009-10-12,24,0,20.2,,27.9,14:06,11,4.7,12.5,14:40,77,86,08:00,58,11:10,2025-05-06 10:08:24.908327,2025-05-06 10:08:24.908327
52038,59,2009-10-13,23.4,0,19.7,07:13,27,,11,4.2,9.2,18:20,78,84,07:30,65,09:40,2025-05-06 10:08:25.050201,2025-05-06 10:08:25.050201
52054,59,2009-10-14,24.3,0,20.2,07:30,28.4,16:02,12,2.2,7.5,14:20,74,85,,64,16:00,2025-05-06 10:08:25.191663,2025-05-06 10:08:25.191663
52069,59,2009-10-15,24,0,20.1,06:12,27.8,15:09,99,3.9,8.9,,79,88,06:25,66,15:10,2025-05-06 10:08:25.264406,2025-05-06 10:08:25.264406
52084,59,2009-10-16,24.4,0,20.1,,28.7,14:02,12,2.2,6.4,17:10,75,85,,61,14:10,2025-05-06 10:08:25.342641,2025-05-06 10:08:25.342641
52099,59,2009-10-17,24.8,0,21.1,06:33,28.4,13:26,11,3.6,12.8,15:10,72,84,,55,13:20,2025-05-06 10:08:25.420373,2025-05-06 10:08:25.420373
52114,59,2009-10-18,24.1,0,19.6,,28.6,13:11,11,3.6,13.1,14:10,73,86,07:10,53,,2025-05-06 10:08:25.516049,2025-05-06 10:08:25.516049
52129,59,2009-10-19,23.8,0.2,20.3,06:43,27.2,11:46,99,3.1,8.6,,67,83,05:50,46,11:30,2025-05-06 10:08:25.645747,2025-05-06 10:08:25.645747
52143,59,2009-10-20,24,0,20.2,,27.9,14:29,35,3.9,11.7,16:00,64,85,07:40,45,12:10,2025-05-06 10:08:25.762916,2025-05-06 10:08:25.762916
52158,59,2009-10-21,24.2,0,21.7,22:22,26.7,11:49,1,2.2,10.3,13:20,64,84,22:20,56,11:50,2025-05-06 10:08:25.892938,2025-05-06 10:08:25.892938
52173,59,2009-10-22,23,0,20.1,07:26,26,12:50,10,3.6,13.1,14:00,68,83,07:05,55,11:20,2025-05-06 10:08:26.042825,2025-05-06 10:08:26.042825
52186,59,2009-10-23,24.4,0,20.6,04:20,28.3,14:18,99,3.1,9.2,,71,80,,57,11:40,2025-05-06 10:08:26.172475,2025-05-06 10:08:26.172475
52199,59,2009-10-24,24,0,20.4,,27.7,15:23,10,4.2,10.8,12:50,79,86,07:35,64,11:35,2025-05-06 10:08:26.302421,2025-05-06 10:08:26.302421
52213,59,2009-10-25,23.2,0,18.5,07:32,28,14:09,10,3.1,8.9,12:20,78,88,,66,,2025-05-06 10:08:26.440016,2025-05-06 10:08:26.440016
52227,59,2009-10-26,23.3,0,18.9,07:29,27.7,13:47,24,3.3,7.8,17:45,79,90,,64,13:45,2025-05-06 10:08:26.577848,2025-05-06 10:08:26.577848
52241,59,2009-10-27,23.1,0,18.9,05:26,27.3,,99,2.5,3.9,,76,85,21:35,67,,2025-05-06 10:08:26.711045,2025-05-06 10:08:26.711045
52254,59,2009-10-28,23.9,0,20.5,,27.3,16:23,23,3.1,10,15:20,79,87,,64,,2025-05-06 10:08:26.837395,2025-05-06 10:08:26.837395
52268,59,2009-10-29,22.6,0,19.6,06:18,25.7,,10,4.2,12.2,15:10,78,90,,70,13:00,2025-05-06 10:08:26.983224,2025-05-06 10:08:26.983224
52282,59,2009-10-30,24.2,0,20.3,06:03,28.2,16:28,99,4.2,10.3,15:15,72,89,07:45,52,17:00,2025-05-06 10:08:27.120173,2025-05-06 10:08:27.120173
52296,59,2009-10-31,25.8,0,22.2,,29.4,14:12,2,4.7,11.1,23:10,68,84,,51,,2025-05-06 10:08:27.257816,2025-05-06 10:08:27.257816
52310,59,2009-11-01,25,0,22.1,23:31,28,,4,5.6,11.9,10:50,70,81,,56,,2025-05-06 10:08:27.394111,2025-05-06 10:08:27.394111
52324,59,2009-11-02,24.4,0,21.5,,27.2,14:24,4,6.7,13.6,05:00,70,80,,58,,2025-05-06 10:08:27.523011,2025-05-06 10:08:27.523011
52338,59,2009-11-03,22.4,0,20,23:47,24.9,11:15,9,4.4,12.2,13:40,75,84,07:00,62,11:20,2025-05-06 10:08:27.664200,2025-05-06 10:08:27.664200
52363,59,2009-11-05,23.4,0,19.7,03:54,27.2,13:43,99,4.2,10.6,,67,83,04:05,49,13:40,2025-05-06 10:08:27.932196,2025-05-06 10:08:27.932196
52378,59,2009-11-06,22.4,0,20.1,02:19,24.8,13:03,7,7.8,14.7,,60,77,00:10,53,,2025-05-06 10:08:28.081973,2025-05-06 10:08:28.081973
52393,59,2009-11-07,22.4,0,20.3,,24.4,14:13,6,7.2,18.1,14:00,69,80,22:05,61,,2025-05-06 10:08:28.223132,2025-05-06 10:08:28.223132
52407,59,2009-11-08,22.4,,19.9,,25,,5,7.8,13.6,01:20,69,81,03:30,56,,2025-05-06 10:08:28.362509,2025-05-06 10:08:28.362509
52421,59,2009-11-09,23.2,0,20.4,03:19,26,14:58,8,6.1,14.7,10:20,62,73,00:05,51,,2025-05-06 10:08:28.492128,2025-05-06 10:08:28.492128
52435,59,2009-11-10,22.7,0,20.1,,25.3,,6,6.4,15,15:20,67,76,,53,13:50,2025-05-06 10:08:28.625340,2025-05-06 10:08:28.625340
52448,59,2009-11-11,22.2,,19.3,,25.1,12:32,12,3.6,11.9,15:10,74,83,23:59,62,12:25,2025-05-06 10:08:28.749671,2025-05-06 10:08:28.749671
52472,59,2009-11-13,20.6,0,15.7,07:07,25.6,,99,4.7,9.2,,75,89,,48,15:10,2025-05-06 10:08:28.981548,2025-05-06 10:08:28.981548
52485,59,2009-11-14,19.6,0,15.1,,24.1,,12,3.9,7.5,17:20,76,88,08:00,67,13:30,2025-05-06 10:08:29.102628,2025-05-06 10:08:29.102628
52499,59,2009-11-15,22.6,0,17.3,07:10,27.8,,25,2.8,8.6,21:00,71,90,,34,21:05,2025-05-06 10:08:29.230220,2025-05-06 10:08:29.230220
52513,59,2009-11-16,21.4,0,16,07:14,26.8,13:07,36,3.3,10.3,20:30,72,86,18:15,52,01:50,2025-05-06 10:08:29.355449,2025-05-06 10:08:29.355449
52527,59,2009-11-17,20.6,0.6,19,,22.3,17:45,99,2.2,7.2,,80,86,,72,18:10,2025-05-06 10:08:29.476169,2025-05-06 10:08:29.476169
52541,59,2009-11-18,21,0,16.9,,25.2,16:16,10,4.4,10.6,12:30,78,93,,56,16:25,2025-05-06 10:08:29.609668,2025-05-06 10:08:29.609668
52554,59,2009-11-19,21.1,0,17.3,,24.9,15:52,10,3.9,11.1,13:40,73,88,,54,15:40,2025-05-06 10:08:29.735514,2025-05-06 10:08:29.735514
52567,59,2009-11-20,21.5,0,17.2,,25.8,,9,3.9,8.6,12:30,71,90,,44,12:10,2025-05-06 10:08:29.853614,2025-05-06 10:08:29.853614
52580,59,2009-11-21,20.9,0,14.8,06:47,27,,4,2.5,5.6,23:10,72,92,03:40,46,10:40,2025-05-06 10:08:29.972155,2025-05-06 10:08:29.972155
52593,59,2009-11-22,22.8,0,19.4,,26.3,14:17,99,4.4,9.2,,66,84,,48,13:10,2025-05-06 10:08:30.089576,2025-05-06 10:08:30.089576
52606,59,2009-11-23,21.6,0,19.2,23:49,24.1,14:19,99,5.3,11.1,,71,81,,60,11:30,2025-05-06 10:08:30.203817,2025-05-06 10:08:30.203817
52619,59,2009-11-24,20.9,0,17.2,06:55,24.6,14:41,99,3.6,8.9,,69,89,07:00,50,17:20,2025-05-06 10:08:30.321350,2025-05-06 10:08:30.321350
52632,59,2009-11-25,21.8,0,18,00:33,25.6,12:04,12,3.1,11.1,14:00,53,87,,29,19:30,2025-05-06 10:08:30.446419,2025-05-06 10:08:30.446419
52647,59,2009-11-26,22.4,0,18.5,23:56,26.2,16:46,4,2.8,8.3,03:50,46,70,,25,,2025-05-06 10:08:30.587750,2025-05-06 10:08:30.587750
52662,59,2009-11-27,20.8,0,17,07:11,24.7,14:08,8,3.6,11.4,11:10,62,87,07:20,37,,2025-05-06 10:08:30.726747,2025-05-06 10:08:30.726747
52676,59,2009-11-28,19.4,0,14.7,07:17,24.2,13:34,12,2.5,7.5,15:10,61,85,08:35,42,00:00,2025-05-06 10:08:30.853993,2025-05-06 10:08:30.853993
52691,59,2009-11-29,19,0,12.7,06:49,25.2,14:12,10,3.1,8.3,17:30,62,76,17:30,44,10:00,2025-05-06 10:08:30.989022,2025-05-06 10:08:30.989022
52706,59,2009-11-30,19.2,0,14.6,06:34,23.8,12:23,8,4.7,11.4,14:50,72,80,,57,14:10,2025-05-06 10:08:31.089786,2025-05-06 10:08:31.089786
52719,59,2009-12-01,20.2,0,17.8,23:36,22.7,14:18,5,5.3,13.3,11:00,65,83,02:10,47,13:40,2025-05-06 10:08:31.157527,2025-05-06 10:08:31.157527
52732,59,2009-12-02,19.3,0,15.4,07:34,23.2,14:37,5,5,13.1,19:10,68,80,,52,12:20,2025-05-06 10:08:31.220778,2025-05-06 10:08:31.220778
52746,59,2009-12-03,20.9,0,18.4,06:54,23.4,13:32,6,5.3,11.4,16:50,66,76,,52,13:20,2025-05-06 10:08:31.286847,2025-05-06 10:08:31.286847
52759,59,2009-12-04,21,0,18,07:25,23.9,13:41,8,4.4,13.1,15:20,64,80,00:50,48,13:10,2025-05-06 10:08:31.345501,2025-05-06 10:08:31.345501
52772,59,2009-12-05,19.4,0,15.7,08:15,23.1,13:33,11,3.1,11.4,14:10,62,73,07:50,50,13:30,2025-05-06 10:08:31.405436,2025-05-06 10:08:31.405436
52784,59,2009-12-06,18.2,,15,02:31,21.5,11:37,0,3.9,,,63,,,,,2025-05-06 10:08:31.459938,2025-05-06 10:08:31.459938
52795,59,2009-12-07,18,0,14.1,08:05,21.9,11:12,99,3.6,11.7,,68,81,23:30,56,10:50,2025-05-06 10:08:31.510712,2025-05-06 10:08:31.510712
52807,59,2009-12-08,18,0,14,06:45,22,14:55,14,4.2,10.8,14:40,80,89,,70,18:20,2025-05-06 10:08:31.575109,2025-05-06 10:08:31.575109
52820,59,2009-12-09,19.6,0,14.4,07:51,24.9,14:38,4,2.8,5.3,05:00,78,93,,60,10:30,2025-05-06 10:08:31.640940,2025-05-06 10:08:31.640940
52834,59,2009-12-10,19.8,0,13.5,08:18,26,15:12,6,1.9,5.3,01:40,53,69,00:10,34,22:20,2025-05-06 10:08:31.713585,2025-05-06 10:08:31.713585
52849,59,2009-12-11,18.4,1.8,12.2,08:12,24.7,13:36,25,3.1,7.2,23:20,62,78,23:59,36,01:40,2025-05-06 10:08:31.792373,2025-05-06 10:08:31.792373
52863,59,2009-12-12,19,6,17,07:56,21,00:55,36,3.9,12.2,14:20,72,91,07:50,53,14:00,2025-05-06 10:08:31.871836,2025-05-06 10:08:31.871836
52877,59,2009-12-13,18.6,1.6,15.9,07:24,21.2,14:15,2,3.9,11.9,06:00,62,83,07:30,51,14:20,2025-05-06 10:08:31.960520,2025-05-06 10:08:31.960520
52890,59,2009-12-14,19.8,0,17.4,07:55,22.2,13:05,24,3.3,8.9,16:20,80,89,23:59,68,00:00,2025-05-06 10:08:32.048004,2025-05-06 10:08:32.048004
52904,59,2009-12-15,20,0.2,17.2,01:26,22.8,15:42,24,6.4,12.5,12:30,88,97,01:50,79,16:30,2025-05-06 10:08:32.137285,2025-05-06 10:08:32.137285
52919,59,2009-12-16,21.2,0,18.3,23:57,24.1,16:03,22,5.8,9.4,06:30,87,94,07:00,76,16:10,2025-05-06 10:08:32.246647,2025-05-06 10:08:32.246647
52933,59,2009-12-17,20.4,0,16.4,05:14,24.5,14:11,22,2.5,14.4,22:30,83,97,05:40,64,14:10,2025-05-06 10:08:32.363149,2025-05-06 10:08:32.363149
52947,59,2009-12-18,21.2,0.4,18.4,22:53,24,12:11,24,4.2,15.6,04:20,75,93,,60,10:30,2025-05-06 10:08:32.468233,2025-05-06 10:08:32.468233
52959,59,2009-12-19,20.4,0,16.9,05:09,23.9,15:15,26,1.7,9.4,11:30,69,91,06:00,56,13:40,2025-05-06 10:08:32.556414,2025-05-06 10:08:32.556414
52970,59,2009-12-20,19.5,0,16.3,02:34,22.7,13:09,23,8.6,14.4,20:20,82,95,03:10,74,13:10,2025-05-06 10:08:32.645259,2025-05-06 10:08:32.645259
52982,59,2009-12-21,20.6,4.2,20,10:00,21.3,15:01,23,7.2,15.8,23:59,91,94,,82,23:59,2025-05-06 10:08:32.747478,2025-05-06 10:08:32.747478
52994,59,2009-12-22,21.6,0,20.6,08:10,22.5,15:41,24,5.8,15,00:10,87,93,,81,06:10,2025-05-06 10:08:32.858182,2025-05-06 10:08:32.858182
53006,59,2009-12-23,21.2,0.2,20.9,07:35,21.5,15:05,23,8.3,17.2,23:50,93,95,,92,,2025-05-06 10:08:32.954572,2025-05-06 10:08:32.954572
53019,59,2009-12-24,21.4,0.6,20.7,,22.2,16:01,24,7.5,17.2,01:10,93,96,,84,16:20,2025-05-06 10:08:33.063669,2025-05-06 10:08:33.063669
53032,59,2009-12-25,21.5,6.8,20.6,,22.4,15:16,22,8.1,16.7,07:20,93,98,,80,21:30,2025-05-06 10:08:33.181935,2025-05-06 10:08:33.181935
53044,59,2009-12-26,21.5,0,17.8,07:36,25.2,15:40,26,1.7,5.8,00:30,84,94,08:30,72,15:40,2025-05-06 10:08:33.280388,2025-05-06 10:08:33.280388
53056,59,2009-12-27,19.9,0,16.3,23:52,23.5,15:04,22,2.8,4.4,16:50,83,96,,69,16:10,2025-05-06 10:08:33.363999,2025-05-06 10:08:33.363999
53069,59,2009-12-28,18.6,0,14.3,03:32,23,15:11,99,2.8,4.2,,85,97,07:10,74,15:20,2025-05-06 10:08:33.465189,2025-05-06 10:08:33.465189
53082,59,2009-12-29,18,0,13.4,06:26,22.7,16:41,26,3.3,7.2,15:10,84,94,08:30,77,13:50,2025-05-06 10:08:33.577166,2025-05-06 10:08:33.577166
53095,59,2009-12-30,20.2,0,16.1,04:23,24.4,13:54,36,3.6,10.8,17:50,75,95,05:00,52,15:40,2025-05-06 10:08:33.683842,2025-05-06 10:08:33.683842
53108,59,2009-12-31,19.8,0,15.9,23:59,23.6,15:36,36,2.8,12.5,03:40,54,82,03:30,41,14:10,2025-05-06 10:08:33.775882,2025-05-06 10:08:33.775882
53121,59,2010-01-01,17.1,0,12,,22.2,13:41,11,4.4,10,15:40,69,86,08:40,58,14:30,2025-05-06 10:08:33.884938,2025-05-06 10:08:33.884938
53134,59,2010-01-02,16.8,0,11.6,07:46,22,12:58,3,2.8,5.3,08:20,75,89,08:20,65,13:00,2025-05-06 10:08:34.000773,2025-05-06 10:08:34.000773
53147,59,2010-01-03,18.2,0,12.3,08:23,24.1,15:43,36,1.9,11.4,21:20,78,92,06:10,55,19:30,2025-05-06 10:08:34.113589,2025-05-06 10:08:34.113589
53160,59,2010-01-04,21.6,0,19.3,23:59,24,14:45,36,3.1,13.1,16:50,64,79,02:40,52,14:00,2025-05-06 10:08:34.230382,2025-05-06 10:08:34.230382
53173,59,2010-01-05,19.8,1,17.9,07:44,21.7,12:42,2,3.9,11.1,11:10,62,84,21:20,54,16:40,2025-05-06 10:08:34.352258,2025-05-06 10:08:34.352258
53186,59,2010-01-06,21,1.4,18.9,00:42,23.1,,26,3.6,14.4,23:30,69,86,00:10,55,16:00,2025-05-06 10:08:34.463360,2025-05-06 10:08:34.463360
53199,59,2010-01-07,19.4,0.2,16.8,23:14,21.9,15:06,34,5.3,17.8,10:40,66,85,00:40,49,12:00,2025-05-06 10:08:34.562314,2025-05-06 10:08:34.562314
53212,59,2010-01-08,17.2,0,13.9,23:59,20.4,14:51,4,2.8,9.7,11:10,55,79,03:30,41,14:00,2025-05-06 10:08:34.653524,2025-05-06 10:08:34.653524
53226,59,2010-01-09,16.1,0,10.8,08:06,21.4,16:15,11,3.1,6.7,12:30,65,82,08:40,52,16:20,2025-05-06 10:08:34.766624,2025-05-06 10:08:34.766624
53240,59,2010-01-10,17.8,0.2,14.3,00:29,21.4,11:45,36,5,11.9,15:00,73,88,13:50,60,18:00,2025-05-06 10:08:34.880839,2025-05-06 10:08:34.880839
53254,59,2010-01-11,16.8,0,12.1,08:04,21.5,17:19,12,4.2,10.8,15:10,73,89,08:00,56,17:30,2025-05-06 10:08:34.991017,2025-05-06 10:08:34.991017
53268,59,2010-01-12,16.9,0,11.6,08:19,22.2,15:07,5,1.9,5,08:30,76,92,08:00,61,11:20,2025-05-06 10:08:35.099307,2025-05-06 10:08:35.099307
53282,59,2010-01-13,18.8,0,13.9,05:47,23.7,14:00,10,2.5,8.3,15:10,77,90,,65,14:00,2025-05-06 10:08:35.223364,2025-05-06 10:08:35.223364
53296,59,2010-01-14,21,0,18.7,23:58,23.3,14:40,7,4.2,11.1,15:30,75,84,23:59,67,10:30,2025-05-06 10:08:35.339551,2025-05-06 10:08:35.339551
53310,59,2010-01-15,19.4,0,16.6,03:07,22.1,16:36,6,3.6,9.7,18:10,79,89,,72,12:40,2025-05-06 10:08:35.473407,2025-05-06 10:08:35.473407
53324,59,2010-01-16,18.7,0,15.3,06:45,22.1,14:24,11,4.2,11.9,16:00,81,93,,70,19:00,2025-05-06 10:08:35.610278,2025-05-06 10:08:35.610278
53339,59,2010-01-17,20.6,0,15.2,08:04,25.9,14:28,6,1.7,6.9,03:10,59,91,01:20,32,23:50,2025-05-06 10:08:35.726952,2025-05-06 10:08:35.726952
53353,59,2010-01-18,19.6,0,13.8,08:14,25.5,15:59,3,1.4,5.6,23:30,47,67,10:50,27,20:00,2025-05-06 10:08:35.832874,2025-05-06 10:08:35.832874
53366,59,2010-01-19,20.2,0,13.4,05:36,27,15:05,3,3.1,7.2,23:40,59,83,23:59,26,01:20,2025-05-06 10:08:35.902838,2025-05-06 10:08:35.902838
53379,59,2010-01-20,19.6,0,16.7,08:20,22.6,13:14,10,3.9,11.1,15:20,73,85,06:40,60,13:10,2025-05-06 10:08:35.963942,2025-05-06 10:08:35.963942
53392,59,2010-01-21,17.9,0,14,07:34,21.8,13:20,8,4.2,11.1,12:40,74,89,,63,13:40,2025-05-06 10:08:36.024134,2025-05-06 10:08:36.024134
53405,59,2010-01-22,17.8,0,12.3,07:44,23.3,15:04,11,3.3,5.3,12:10,73,90,08:20,56,15:00,2025-05-06 10:08:36.083871,2025-05-06 10:08:36.083871
53420,59,2010-01-23,18.2,0,13.5,07:18,22.9,14:33,7,4.4,10.3,13:50,64,86,08:10,48,14:50,2025-05-06 10:08:36.149310,2025-05-06 10:08:36.149310
53435,59,2010-01-24,18.5,0,15.3,03:52,21.7,14:29,7,5.3,13.9,14:40,56,68,,44,15:20,2025-05-06 10:08:36.237073,2025-05-06 10:08:36.237073
53450,59,2010-01-25,18.4,0,15.3,23:55,21.6,14:41,6,5,11.1,13:50,52,71,,43,14:20,2025-05-06 10:08:36.369891,2025-05-06 10:08:36.369891
53465,59,2010-01-26,18.1,0,15.1,00:30,21.1,13:43,34,3.6,10.8,14:30,54,73,00:20,41,13:20,2025-05-06 10:08:36.499024,2025-05-06 10:08:36.499024
53480,59,2010-01-27,17.2,0,14.1,08:32,20.3,13:13,36,3.1,10.8,19:00,55,83,04:00,33,13:00,2025-05-06 10:08:36.618384,2025-05-06 10:08:36.618384
53495,59,2010-01-28,15.9,0,12.2,04:28,19.6,11:48,34,2.8,11.7,13:20,67,85,06:40,53,14:00,2025-05-06 10:08:36.736750,2025-05-06 10:08:36.736750
53509,59,2010-01-29,16.8,0,11.2,07:56,22.3,13:53,6,3.3,9.7,16:40,63,79,08:10,53,13:30,2025-05-06 10:08:36.856694,2025-05-06 10:08:36.856694
53523,59,2010-01-30,17.2,0,13.4,02:38,20.9,14:09,4,4.2,11.1,09:40,66,79,02:50,61,11:10,2025-05-06 10:08:36.997516,2025-05-06 10:08:36.997516
53538,59,2010-01-31,19.4,0,15.3,05:24,23.6,14:18,23,3.9,11.7,19:10,80,94,,63,11:30,2025-05-06 10:08:37.110894,2025-05-06 10:08:37.110894
53551,59,2010-02-01,21.7,0,19.8,,23.6,16:16,22,3.6,8.9,00:10,85,95,,75,,2025-05-06 10:08:37.209668,2025-05-06 10:08:37.209668
53564,59,2010-02-02,20.7,1.4,19.8,,21.6,11:45,23,9.4,15.3,23:10,90,94,18:40,84,11:50,2025-05-06 10:08:37.303744,2025-05-06 10:08:37.303744
53575,59,2010-02-03,21.6,0,19,,24.3,13:48,25,5.3,12.5,11:40,75,93,,58,13:40,2025-05-06 10:08:37.381431,2025-05-06 10:08:37.381431
53587,59,2010-02-04,20.2,0,17.1,06:30,23.4,12:09,10,5,9.2,18:00,69,84,02:20,51,11:50,2025-05-06 10:08:37.461174,2025-05-06 10:08:37.461174
53599,59,2010-02-05,19.4,0,15.9,04:03,22.9,15:02,10,4.2,10.6,11:50,66,86,04:50,54,16:40,2025-05-06 10:08:37.552733,2025-05-06 10:08:37.552733
53611,59,2010-02-06,20.6,0,17.1,07:07,24,14:44,12,3.3,8.3,15:10,75,90,08:30,53,12:10,2025-05-06 10:08:37.645939,2025-05-06 10:08:37.645939
53623,59,2010-02-07,21.4,0,17.9,,24.9,12:58,35,4.2,11.1,22:50,57,78,23:20,44,20:50,2025-05-06 10:08:37.734723,2025-05-06 10:08:37.734723
53635,59,2010-02-08,21,0,18,23:51,23.9,12:06,34,2.8,13.6,03:10,68,82,09:00,56,17:30,2025-05-06 10:08:37.848689,2025-05-06 10:08:37.848689
53647,59,2010-02-09,20.2,0,17.2,,23.1,13:26,2,3.9,10.8,13:20,64,79,,46,13:20,2025-05-06 10:08:37.941012,2025-05-06 10:08:37.941012
53660,59,2010-02-10,19.7,0,15.5,07:51,23.9,13:24,12,2.8,9.4,12:20,63,81,08:10,45,15:30,2025-05-06 10:08:38.039511,2025-05-06 10:08:38.039511
53673,59,2010-02-11,20.4,0,18.1,,22.7,13:15,12,2.5,8.9,14:40,70,77,18:20,60,12:50,2025-05-06 10:09:40.649373,2025-05-06 10:09:40.649373
53686,59,2010-02-12,21.4,0,18.1,06:04,24.6,15:04,36,2.5,8.6,19:10,69,85,02:40,58,15:10,2025-05-06 10:09:40.728383,2025-05-06 10:09:40.728383
53699,59,2010-02-13,19.2,0,16.6,07:43,21.8,12:58,24,3.1,9.7,15:30,77,82,07:30,69,19:30,2025-05-06 10:09:40.830701,2025-05-06 10:09:40.830701
53711,59,2010-02-14,18.9,7.8,16.9,02:47,20.9,12:49,22,6.7,14.7,15:40,86,94,16:40,70,23:00,2025-05-06 10:09:40.940208,2025-05-06 10:09:40.940208
53723,59,2010-02-15,20.6,0.2,18.2,03:38,23,15:02,31,5.6,16.4,13:00,57,80,23:50,36,15:00,2025-05-06 10:09:41.070352,2025-05-06 10:09:41.070352
53735,59,2010-02-16,20.4,5.2,17.2,10:36,23.5,16:24,24,8.1,20,07:20,68,91,10:00,55,,2025-05-06 10:09:41.195821,2025-05-06 10:09:41.195821
53747,59,2010-02-17,19.4,13,16.9,08:04,21.8,12:31,24,5,20.3,21:10,90,96,18:50,60,22:10,2025-05-06 10:09:41.314425,2025-05-06 10:09:41.314425
53759,59,2010-02-18,18.7,4,15.7,07:28,21.7,13:19,26,6.4,27.5,13:20,67,81,02:50,52,13:20,2025-05-06 10:09:41.432744,2025-05-06 10:09:41.432744
53771,59,2010-02-19,18.6,0,15.1,07:37,22.2,,25,3.1,11.7,00:20,62,78,,37,15:50,2025-05-06 10:09:41.547730,2025-05-06 10:09:41.547730
53783,59,2010-02-20,17,0,12.9,05:46,21.1,16:12,24,6.4,15.8,23:10,81,90,06:10,69,11:50,2025-05-06 10:09:41.661115,2025-05-06 10:09:41.661115
53795,59,2010-02-21,20.3,1,19.1,13:05,21.5,14:16,23,4.4,16.4,03:10,91,94,19:30,85,,2025-05-06 10:09:41.770980,2025-05-06 10:09:41.770980
53807,59,2010-02-22,21,0,17,07:54,24.9,14:43,24,2.8,9.2,15:50,86,95,,59,14:30,2025-05-06 10:09:41.885052,2025-05-06 10:09:41.885052
53819,59,2010-02-23,20,0,14.9,07:31,25,16:50,21,2.5,5,15:00,82,93,08:00,71,16:50,2025-05-06 10:09:42.004037,2025-05-06 10:09:42.004037
53831,59,2010-02-24,19.8,0,16.6,06:45,22.9,14:08,10,4.7,8.6,17:40,82,93,08:10,73,14:10,2025-05-06 10:09:42.119234,2025-05-06 10:09:42.119234
53843,59,2010-02-25,19,0,14.1,07:54,24,16:03,12,3.3,5.6,13:40,75,89,02:00,58,10:00,2025-05-06 10:09:42.235669,2025-05-06 10:09:42.235669
53854,59,2010-02-26,21.1,0,15.6,06:52,26.6,16:11,6,2.2,5.6,08:20,66,86,03:20,48,15:50,2025-05-06 10:09:42.339379,2025-05-06 10:09:42.339379
53865,59,2010-02-27,22.6,0,19.4,23:49,25.8,13:18,25,6.4,12.8,10:50,71,85,,56,15:10,2025-05-06 10:09:42.446654,2025-05-06 10:09:42.446654
53876,59,2010-02-28,19.6,0,16.5,07:09,22.8,13:47,36,4.7,11.7,07:10,56,79,06:30,42,,2025-05-06 10:09:42.549774,2025-05-06 10:09:42.549774
53888,59,2010-03-01,19.4,0,15.5,08:06,23.4,16:19,11,3.9,8.9,11:20,66,75,,55,16:20,2025-05-06 10:09:42.658842,2025-05-06 10:09:42.658842
53899,59,2010-03-02,19.4,0.2,17,08:33,21.8,14:00,29,5.6,13.6,12:10,61,82,08:20,50,11:00,2025-05-06 10:09:42.761130,2025-05-06 10:09:42.761130
53910,59,2010-03-03,20.2,0,17,23:41,23.3,13:28,36,2.8,8.6,08:10,54,73,23:50,43,13:30,2025-05-06 10:09:42.868041,2025-05-06 10:09:42.868041
53921,59,2010-03-04,18.8,0,14.1,06:42,23.5,15:24,22,3.3,5.3,15:30,71,84,08:20,60,14:00,2025-05-06 10:09:42.972666,2025-05-06 10:09:42.972666
53932,59,2010-03-05,20.8,0,18.5,00:01,23.1,16:29,23,5.3,11.4,14:00,76,88,07:40,61,17:40,2025-05-06 10:09:43.076004,2025-05-06 10:09:43.076004
53944,59,2010-03-06,21,0.2,18.7,23:51,23.3,13:27,36,4.4,15.3,16:40,64,78,03:00,51,14:00,2025-05-06 10:09:43.186166,2025-05-06 10:09:43.186166
53956,59,2010-03-07,20.2,0,16.9,05:32,23.6,14:09,35,3.9,12.5,14:50,65,79,06:40,52,14:40,2025-05-06 10:09:43.303412,2025-05-06 10:09:43.303412
53968,59,2010-03-08,21.2,0,18.2,01:39,24.2,15:07,2,2.2,11.1,21:10,76,80,06:50,59,14:50,2025-05-06 10:09:43.420462,2025-05-06 10:09:43.420462
53980,59,2010-03-09,20.4,0,18.2,,22.5,14:54,34,4.2,12.5,15:10,73,82,02:50,60,14:40,2025-05-06 10:09:43.531406,2025-05-06 10:09:43.531406
53992,59,2010-03-10,20.6,0,16.4,05:52,24.8,16:29,4,1.7,6.9,10:00,67,81,,53,11:00,2025-05-06 10:09:43.636317,2025-05-06 10:09:43.636317
54004,59,2010-03-11,21,0,18.8,22:41,23.1,14:54,34,4.7,10,19:10,78,84,18:50,66,16:40,2025-05-06 10:09:43.755085,2025-05-06 10:09:43.755085
54016,59,2010-03-12,20.7,0,16.8,05:22,24.6,14:29,5,3.6,10.6,15:00,58,79,,43,12:50,2025-05-06 10:09:43.869187,2025-05-06 10:09:43.869187
54028,59,2010-03-13,19.5,0,16.3,06:05,22.7,15:05,6,6.1,12.5,17:30,59,70,05:40,50,13:40,2025-05-06 10:09:44.004970,2025-05-06 10:09:44.004970
54040,59,2010-03-14,19.2,0,15.7,07:12,22.6,13:45,10,4.2,11.1,15:10,64,76,07:30,55,12:10,2025-05-06 10:09:44.125566,2025-05-06 10:09:44.125566
54052,59,2010-03-15,18.9,0,13.6,08:01,24.2,15:59,12,3.9,9.4,12:10,74,84,06:10,59,15:50,2025-05-06 10:09:44.234688,2025-05-06 10:09:44.234688
54064,59,2010-03-16,19.8,0,15.1,07:46,24.6,13:17,11,2.8,9.7,15:40,71,87,,62,13:10,2025-05-06 10:09:44.348750,2025-05-06 10:09:44.348750
54076,59,2010-03-17,21.4,0,15.6,07:14,27.2,17:46,10,2.8,10.6,23:40,59,88,04:50,29,17:40,2025-05-06 10:09:44.456816,2025-05-06 10:09:44.456816
54088,59,2010-03-18,23.6,0,19.2,06:31,28.1,15:47,8,2.5,6.1,00:10,47,83,00:00,25,21:40,2025-05-06 10:09:44.573643,2025-05-06 10:09:44.573643
54100,59,2010-03-19,24.4,0,20.4,02:28,28.3,16:39,16,1.4,5,12:50,37,64,23:20,17,22:40,2025-05-06 10:09:44.685410,2025-05-06 10:09:44.685410
54112,59,2010-03-20,24,0,19.9,,28,15:04,34,4.4,17.8,20:30,40,75,21:20,25,00:30,2025-05-06 10:09:44.801286,2025-05-06 10:09:44.801286
54124,59,2010-03-21,21.4,0,18,06:57,24.7,13:52,6,6.4,14.2,19:10,65,80,04:00,44,11:10,2025-05-06 10:09:44.915512,2025-05-06 10:09:44.915512
54136,59,2010-03-22,21.4,0,17.7,23:53,25,14:52,5,5.6,12.2,09:20,62,76,23:50,47,14:50,2025-05-06 10:09:45.026467,2025-05-06 10:09:45.026467
54148,59,2010-03-23,19,0,14.2,06:49,23.7,15:31,99,4.2,10.3,18:30,73,86,,60,14:30,2025-05-06 10:09:45.139359,2025-05-06 10:09:45.139359
54160,59,2010-03-24,20.2,0,15.6,05:26,24.7,16:16,11,4.2,15,15:20,61,75,,47,16:00,2025-05-06 10:09:45.249998,2025-05-06 10:09:45.249998
54172,59,2010-03-25,20.3,0,17,07:12,23.6,16:47,8,5,13.3,12:30,60,80,,46,11:00,2025-05-06 10:09:45.366932,2025-05-06 10:09:45.366932
54184,59,2010-03-26,20.8,0,17.7,05:56,24,14:38,7,5.6,11.1,11:30,65,76,06:40,54,14:40,2025-05-06 10:09:45.488049,2025-05-06 10:09:45.488049
54196,59,2010-03-27,20.8,0,17.3,06:10,24.3,13:35,10,4.4,11.1,14:20,65,78,,56,13:30,2025-05-06 10:09:45.599148,2025-05-06 10:09:45.599148
54208,59,2010-03-28,21.4,0,16.4,06:43,26.3,13:37,2,2.2,8.3,00:50,72,89,07:30,58,14:20,2025-05-06 10:09:45.711026,2025-05-06 10:09:45.711026
54220,59,2010-03-29,21.4,0,17.5,07:12,25.2,16:57,99,5.6,11.9,12:30,68,82,,54,17:10,2025-05-06 10:09:45.862420,2025-05-06 10:09:45.862420
54232,59,2010-03-30,20.4,0,17.3,03:52,23.6,13:41,6,5.8,12.8,13:00,63,85,04:10,48,14:20,2025-05-06 10:09:45.978004,2025-05-06 10:09:45.978004
54244,59,2010-03-31,20,0,17.4,04:20,22.6,12:52,6,6.9,13.9,12:20,60,70,,49,13:10,2025-05-06 10:09:46.089991,2025-05-06 10:09:46.089991
54256,59,2010-04-01,19.8,0,17.1,,22.5,15:29,8,6.9,14.4,13:10,61,69,06:40,52,,2025-05-06 10:09:46.202992,2025-05-06 10:09:46.202992
54268,59,2010-04-02,20.4,,17.7,01:47,23.2,14:29,99,5.3,11.1,,64,75,06:10,53,14:00,2025-05-06 10:09:46.312973,2025-05-06 10:09:46.312973
54290,59,2010-04-04,20.3,2.4,17.5,,23.1,14:42,5,7.2,15.6,12:50,65,76,16:10,55,11:40,2025-05-06 10:09:46.522968,2025-05-06 10:09:46.522968
54302,59,2010-04-05,20,0,15.8,05:42,24.2,14:00,4,4.4,11.7,11:20,57,76,05:40,44,13:50,2025-05-06 10:09:46.635220,2025-05-06 10:09:46.635220
54314,59,2010-04-06,19.4,0,14.7,06:42,24,16:19,10,3.9,11.9,13:40,63,79,,45,12:40,2025-05-06 10:09:46.744492,2025-05-06 10:09:46.744492
54326,59,2010-04-07,20.6,0,16.4,04:38,24.8,15:01,6,5.6,13.6,15:10,61,75,,44,10:40,2025-05-06 10:09:46.854219,2025-05-06 10:09:46.854219
54338,59,2010-04-08,20.8,0,17.9,01:39,23.6,11:45,12,5,15.8,15:10,70,78,,54,11:40,2025-05-06 10:09:46.968272,2025-05-06 10:09:46.968272
54351,59,2010-04-09,20.6,0,16.9,06:08,24.3,13:35,11,2.5,9.4,11:50,72,80,07:10,56,09:30,2025-05-06 10:09:47.090924,2025-05-06 10:09:47.090924
54364,59,2010-04-10,21.2,0,17.8,,24.7,17:14,2,3.1,11.7,18:30,63,80,05:50,53,13:20,2025-05-06 10:09:47.216733,2025-05-06 10:09:47.216733
54377,59,2010-04-11,19.9,0,15,06:22,24.8,13:53,3,2.5,10.3,19:20,60,78,06:40,44,13:50,2025-05-06 10:09:47.340530,2025-05-06 10:09:47.340530
54390,59,2010-04-12,20.2,0,16.3,04:17,24.1,14:52,23,4.2,8.9,15:10,64,77,23:50,53,,2025-05-06 10:09:47.463524,2025-05-06 10:09:47.463524
54403,59,2010-04-13,19.8,0,16.8,05:42,22.8,11:42,23,6.1,13.9,16:50,83,88,,73,12:10,2025-05-06 10:09:47.586322,2025-05-06 10:09:47.586322
54415,59,2010-04-14,20.6,1.6,18.8,08:14,22.4,13:32,23,10,17.2,14:20,79,90,00:50,65,19:30,2025-05-06 10:09:47.698690,2025-05-06 10:09:47.698690
54427,59,2010-04-15,20.6,0,18.6,00:56,22.5,,24,8.9,17.5,15:10,75,84,00:10,61,21:30,2025-05-06 10:09:47.808382,2025-05-06 10:09:47.808382
54439,59,2010-04-16,19.8,0,17.1,06:47,22.4,13:12,24,6.9,12.8,12:50,69,76,07:50,54,19:00,2025-05-06 10:09:47.919017,2025-05-06 10:09:47.919017
54451,59,2010-04-17,19.8,0,15.9,07:00,23.6,14:56,2,4.4,9.4,20:10,68,82,06:30,50,18:20,2025-05-06 10:09:48.036419,2025-05-06 10:09:48.036419
54463,59,2010-04-18,20.4,0,14.6,06:43,26.3,14:36,8,3.1,8.6,19:10,66,80,07:20,50,14:50,2025-05-06 10:09:48.154479,2025-05-06 10:09:48.154479
54475,59,2010-04-19,20.2,0,18.6,23:59,21.7,12:48,8,4.4,11.9,04:00,73,77,,68,,2025-05-06 10:09:48.271624,2025-05-06 10:09:48.271624
54487,59,2010-04-20,19.4,0,14.6,06:21,24.3,15:14,25,4.2,7.5,15:50,78,89,22:20,63,14:40,2025-05-06 10:09:48.387762,2025-05-06 10:09:48.387762
54499,59,2010-04-21,22.2,0,17.6,06:20,26.7,15:04,1,3.6,10.8,17:00,67,87,,45,15:00,2025-05-06 10:09:48.500813,2025-05-06 10:09:48.500813
54511,59,2010-04-22,20.9,0,16.4,06:43,25.4,16:02,1,2.8,9.2,20:30,69,79,07:00,56,16:00,2025-05-06 10:09:48.609937,2025-05-06 10:09:48.609937
54523,59,2010-04-23,20.8,0,15.3,07:03,26.2,15:28,10,3.1,9.2,11:40,69,80,06:40,52,14:50,2025-05-06 10:09:48.718269,2025-05-06 10:09:48.718269
54535,59,2010-04-24,20.8,0,16.1,06:27,25.6,14:23,12,3.9,11.1,12:30,66,79,,55,14:20,2025-05-06 10:09:48.828545,2025-05-06 10:09:48.828545
54547,59,2010-04-25,22,0,17.7,06:47,26.2,15:33,11,5.6,13.6,12:00,68,80,07:00,48,15:40,2025-05-06 10:09:48.943072,2025-05-06 10:09:48.943072
54558,59,2010-04-26,23.2,0,18.6,04:53,27.7,12:08,4,2.8,10.6,10:20,71,78,,48,12:00,2025-05-06 10:09:49.051403,2025-05-06 10:09:49.051403
54569,59,2010-04-27,23.2,0,19.1,03:58,27.4,13:42,34,3.1,10,21:10,70,84,20:00,56,09:30,2025-05-06 10:09:49.153461,2025-05-06 10:09:49.153461
54581,59,2010-04-28,26.8,0,21.8,03:09,31.8,12:00,4,3.6,9.2,21:00,65,70,03:00,38,11:40,2025-05-06 10:09:49.265774,2025-05-06 10:09:49.265774
54593,59,2010-04-29,25.8,0,20.5,23:59,31,11:12,4,6.7,12.5,15:00,44,77,23:50,28,,2025-05-06 10:09:49.377444,2025-05-06 10:09:49.377444
54605,59,2010-04-30,23.5,0,19.8,,27.2,14:05,4,7.8,13.3,23:00,64,79,01:20,53,13:50,2025-05-06 10:09:49.487775,2025-05-06 10:09:49.487775
54617,59,2010-05-01,22.2,0,19.1,05:45,25.4,14:36,6,6.4,14.2,11:20,65,76,,57,10:10,2025-05-06 10:09:49.599505,2025-05-06 10:09:49.599505
54628,59,2010-05-02,22.2,0,18.2,06:24,26.1,14:20,12,6.7,12.8,12:20,67,78,,49,15:20,2025-05-06 10:09:49.698869,2025-05-06 10:09:49.698869
54639,59,2010-05-03,21.4,0,18.4,05:50,24.5,16:35,11,5.6,13.3,13:50,60,69,06:40,50,,2025-05-06 10:09:49.801667,2025-05-06 10:09:49.801667
54651,59,2010-05-04,20.8,0,17.3,06:23,24.3,16:51,11,4.4,13.3,12:30,60,71,04:10,48,10:50,2025-05-06 10:09:49.913939,2025-05-06 10:09:49.913939
54663,59,2010-05-05,20.8,0,16.4,06:28,25.3,14:21,3,3.3,10.6,19:10,60,74,,42,16:40,2025-05-06 10:09:50.027100,2025-05-06 10:09:50.027100
54675,59,2010-05-06,20.5,0,17.1,03:11,23.9,13:07,3,4.7,10.6,18:00,51,67,00:00,44,13:10,2025-05-06 10:09:50.139686,2025-05-06 10:09:50.139686
54687,59,2010-05-07,21.6,0,16.9,05:55,26.2,14:35,11,2.8,11.1,14:50,58,72,21:20,40,14:10,2025-05-06 10:09:50.251151,2025-05-06 10:09:50.251151
54699,59,2010-05-08,21.4,0,18.6,05:26,24.1,17:50,22,4.2,10,15:10,69,80,20:00,60,10:30,2025-05-06 10:09:50.365591,2025-05-06 10:09:50.365591
54711,59,2010-05-09,23.7,0,20.1,,27.3,13:22,22,2.5,7.5,15:10,68,84,02:40,55,13:00,2025-05-06 10:09:50.477723,2025-05-06 10:09:50.477723
54723,59,2010-05-10,23.4,0,20,06:19,26.8,14:02,1,3.3,10.3,14:10,53,71,,40,13:10,2025-05-06 10:09:50.589594,2025-05-06 10:09:50.589594
54735,59,2010-05-11,23,0,19.2,,26.8,17:37,6,3.1,11.7,15:10,58,76,04:30,38,13:50,2025-05-06 10:09:50.706563,2025-05-06 10:09:50.706563
54748,59,2010-05-12,20.4,0,17.6,05:53,23.2,10:16,10,3.6,10.8,11:00,67,74,,48,10:00,2025-05-06 10:09:50.830054,2025-05-06 10:09:50.830054
54761,59,2010-05-13,19.6,0,15.9,06:34,23.4,14:47,36,4.4,13.6,15:10,56,72,,42,11:40,2025-05-06 10:09:50.958392,2025-05-06 10:09:50.958392
54774,59,2010-05-14,19.7,0,16.7,03:56,22.7,15:32,8,6.4,16.4,14:40,55,68,03:50,44,09:50,2025-05-06 10:09:51.083527,2025-05-06 10:09:51.083527
54787,59,2010-05-15,20.9,0,17.6,03:10,24.2,13:53,9,6.7,15,15:10,61,69,06:10,47,14:00,2025-05-06 10:09:51.176712,2025-05-06 10:09:51.176712
54800,59,2010-05-16,20.9,0,18.4,02:15,23.4,16:29,8,5,10.6,12:30,62,71,02:50,48,16:30,2025-05-06 10:09:51.234183,2025-05-06 10:09:51.234183
54813,59,2010-05-17,21.3,0,18.1,05:39,24.5,14:11,2,4.7,11.9,16:00,55,72,02:20,46,,2025-05-06 10:09:51.294152,2025-05-06 10:09:51.294152
54826,59,2010-05-18,22.2,0,17.9,05:15,26.6,13:41,2,4.4,11.9,17:00,56,73,05:00,42,13:40,2025-05-06 10:09:51.359078,2025-05-06 10:09:51.359078
54839,59,2010-05-19,22.4,0,18.9,00:38,26,13:56,34,6.1,15.3,16:00,62,75,,50,14:00,2025-05-06 10:09:51.424892,2025-05-06 10:09:51.424892
54852,59,2010-05-20,23.8,0,19.5,05:25,28.1,13:19,33,6.4,16.4,15:40,61,77,,42,11:40,2025-05-06 10:09:51.497106,2025-05-06 10:09:51.497106
54865,59,2010-05-21,23.6,0,19.4,06:00,27.8,15:17,32,5.6,12.8,16:50,65,80,06:10,47,15:50,2025-05-06 10:09:51.596617,2025-05-06 10:09:51.596617
54878,59,2010-05-22,22.4,0,18.1,06:08,26.8,16:12,33,3.3,8.1,21:30,69,79,06:10,58,16:10,2025-05-06 10:09:51.705015,2025-05-06 10:09:51.705015
54891,59,2010-05-23,21.1,0,17.7,04:43,24.5,17:19,99,4.7,10.8,,68,75,04:30,54,,2025-05-06 10:09:51.810883,2025-05-06 10:09:51.810883
54904,59,2010-05-24,20.6,0,16.7,05:57,24.5,11:21,11,5.8,16.1,15:10,64,78,06:00,49,10:30,2025-05-06 10:09:51.926618,2025-05-06 10:09:51.926618
54917,59,2010-05-25,21,0,17.9,,24.2,16:35,12,4.7,13.1,14:10,64,75,22:30,55,16:40,2025-05-06 10:09:52.051913,2025-05-06 10:09:52.051913
54929,59,2010-05-26,21.8,0,17.5,06:39,26.2,15:25,3,4.4,9.7,09:30,72,80,06:50,52,19:10,2025-05-06 10:09:52.167007,2025-05-06 10:09:52.167007
54942,59,2010-05-27,22.4,0,18.9,,25.9,14:04,2,4.4,13.1,18:20,57,75,06:40,39,14:50,2025-05-06 10:09:52.290973,2025-05-06 10:09:52.290973
54955,59,2010-05-28,21.9,0,18.2,,25.6,14:37,6,5.6,14.7,15:10,60,69,03:00,46,13:50,2025-05-06 10:09:52.413896,2025-05-06 10:09:52.413896
54968,59,2010-05-29,23.1,0,18.9,01:14,27.3,16:26,7,6.9,14.4,10:20,59,72,04:40,43,16:50,2025-05-06 10:09:52.536042,2025-05-06 10:09:52.536042
54981,59,2010-05-30,23.1,0,18.8,03:57,27.4,17:54,7,6.1,13.9,11:50,63,79,06:40,49,17:10,2025-05-06 10:09:52.658886,2025-05-06 10:09:52.658886
54994,59,2010-05-31,26.6,0,21.3,00:01,31.8,14:14,2,4.4,11.7,07:20,57,74,00:00,36,13:50,2025-05-06 10:09:52.739407,2025-05-06 10:09:52.739407
55007,59,2010-06-01,27,0,22.3,,31.8,09:14,12,5,10.6,20:50,48,70,01:20,27,08:50,2025-05-06 10:09:52.812773,2025-05-06 10:09:52.812773
55020,59,2010-06-02,30.6,0,24.6,03:42,36.7,15:04,5,5,15,11:00,26,50,03:30,16,,2025-05-06 10:09:52.930046,2025-05-06 10:09:52.930046
55033,59,2010-06-03,27.2,0,23.1,23:58,31.2,15:01,99,4.2,9.7,00:30,48,76,23:59,23,01:30,2025-05-06 10:09:53.056635,2025-05-06 10:09:53.056635
55046,59,2010-06-04,24.6,0,20.9,06:12,28.3,16:59,16,3.3,8.9,15:10,70,81,04:00,59,17:00,2025-05-06 10:09:53.177667,2025-05-06 10:09:53.177667
55059,59,2010-06-05,24.2,0,19.5,06:16,29,13:46,13,4.2,13.1,15:30,61,76,04:00,47,11:30,2025-05-06 10:09:53.303433,2025-05-06 10:09:53.303433
55072,59,2010-06-06,23.6,0,19.7,06:00,27.6,13:09,2,6.1,12.5,12:40,58,76,,45,14:20,2025-05-06 10:09:53.426520,2025-05-06 10:09:53.426520
55084,59,2010-06-07,23.6,0,19.6,,27.6,13:44,3,4.2,11.1,17:30,54,69,,44,13:00,2025-05-06 10:09:53.543482,2025-05-06 10:09:53.543482
55097,59,2010-06-08,23.6,0,20.5,05:33,26.8,12:35,11,5.3,15,15:10,59,66,,46,17:00,2025-05-06 10:09:53.676136,2025-05-06 10:09:53.676136
55110,59,2010-06-09,23.5,0,20.3,06:08,26.7,15:31,36,5,11.1,18:00,61,75,23:59,44,12:10,2025-05-06 10:09:53.802396,2025-05-06 10:09:53.802396
55123,59,2010-06-10,23.5,0,20.6,05:29,26.4,13:25,11,3.6,9.2,13:50,72,84,05:40,55,13:10,2025-05-06 10:09:53.923310,2025-05-06 10:09:53.923310
55135,59,2010-06-11,22.2,0,19.6,23:57,24.7,10:22,99,6.7,13.3,13:50,66,75,01:00,47,10:00,2025-05-06 10:09:54.033060,2025-05-06 10:09:54.033060
55147,59,2010-06-12,21,0,17,05:53,24.9,11:16,8,3.6,11.9,14:00,60,74,,45,11:10,2025-05-06 10:09:54.142408,2025-05-06 10:09:54.142408
55159,59,2010-06-13,22,0,18.5,06:17,25.6,13:35,2,3.9,12.5,11:10,61,78,07:20,43,16:10,2025-05-06 10:09:54.258218,2025-05-06 10:09:54.258218
55172,59,2010-06-14,22.8,0,19.2,05:47,26.3,15:33,99,5.3,11.1,,62,74,,45,,2025-05-06 10:09:54.384531,2025-05-06 10:09:54.384531
55185,59,2010-06-15,22.3,0,19,04:42,25.6,14:46,1,4.2,9.2,21:50,60,81,05:10,47,13:30,2025-05-06 10:09:54.510833,2025-05-06 10:09:54.510833
55198,59,2010-06-16,22,0,19.4,23:54,24.5,13:38,4,2.2,8.9,09:30,59,70,00:20,46,12:30,2025-05-06 10:09:54.640098,2025-05-06 10:09:54.640098
55211,59,2010-06-17,21.5,0,18.1,02:53,24.9,11:53,10,4.4,10.3,,69,75,,52,10:30,2025-05-06 10:09:54.765334,2025-05-06 10:09:54.765334
55224,59,2010-06-18,21.2,0,16.8,06:23,25.7,17:15,12,5.6,13.6,15:00,66,83,07:10,52,11:10,2025-05-06 10:09:54.884327,2025-05-06 10:09:54.884327
55237,59,2010-06-19,23.3,0,19.6,23:59,27,13:58,5,6.9,12.2,10:10,60,71,02:40,50,,2025-05-06 10:09:55.003817,2025-05-06 10:09:55.003817
55250,59,2010-06-20,22,0,18.4,05:44,25.7,17:12,8,5.8,13.9,13:10,58,70,00:10,48,11:40,2025-05-06 10:09:55.127013,2025-05-06 10:09:55.127013
55263,59,2010-06-21,23.4,0,20,05:51,26.7,16:07,35,5.6,15,12:50,57,67,21:40,47,15:30,2025-05-06 10:09:55.249096,2025-05-06 10:09:55.249096
55276,59,2010-06-22,23.3,0,19.9,06:03,26.7,14:09,2,5.6,12.2,17:40,56,73,07:20,43,13:00,2025-05-06 10:09:55.378746,2025-05-06 10:09:55.378746
55289,59,2010-06-23,23.8,0,19.4,04:14,28.1,16:01,10,3.9,13.6,14:10,56,74,23:50,46,13:20,2025-05-06 10:09:55.507330,2025-05-06 10:09:55.507330
55302,59,2010-06-24,23.6,0,19,04:35,28.2,15:05,10,6.1,13.3,13:00,67,77,04:40,44,15:10,2025-05-06 10:09:55.651191,2025-05-06 10:09:55.651191
55315,59,2010-06-25,23.9,0,20.1,03:56,27.7,15:31,36,4.7,11.1,10:50,54,75,02:40,45,14:50,2025-05-06 10:09:55.774266,2025-05-06 10:09:55.774266
55328,59,2010-06-26,23.5,0,19.9,03:13,27.1,13:59,4,5,11.9,11:20,56,72,,44,14:30,2025-05-06 10:09:55.895979,2025-05-06 10:09:55.895979
55341,59,2010-06-27,24,0,20.5,00:47,27.4,15:14,6,6.1,11.4,09:10,57,72,01:10,43,15:00,2025-05-06 10:09:56.016946,2025-05-06 10:09:56.016946
55354,59,2010-06-28,23.6,0,20.4,,26.7,15:11,36,5,12.2,19:10,58,72,01:10,49,15:50,2025-05-06 10:09:56.134561,2025-05-06 10:09:56.134561
55367,59,2010-06-29,24.4,0,20.7,,28,,10,3.6,11.1,12:30,66,75,23:30,54,18:20,2025-05-06 10:09:56.256954,2025-05-06 10:09:56.256954
55380,59,2010-06-30,23.4,0,19.2,05:48,27.7,,35,2.2,10.3,19:10,69,80,06:10,58,18:50,2025-05-06 10:09:56.378544,2025-05-06 10:09:56.378544
55393,59,2010-07-01,24.2,0,19.9,04:40,28.6,14:43,35,5,9.7,17:50,65,76,,54,19:00,2025-05-06 10:09:56.496855,2025-05-06 10:09:56.496855
55406,59,2010-07-02,23.6,0,20.2,01:44,26.9,14:17,6,5.3,12.8,13:20,62,75,06:30,49,15:40,2025-05-06 10:09:56.615142,2025-05-06 10:09:56.615142
55419,59,2010-07-03,24.6,0,20.4,05:58,28.9,15:05,99,5,12.2,,61,77,23:50,43,13:50,2025-05-06 10:09:56.725969,2025-05-06 10:09:56.725969
55432,59,2010-07-04,24.2,0,20.5,06:10,27.9,15:13,3,3.3,10,02:00,61,77,00:20,47,11:40,2025-05-06 10:09:56.790735,2025-05-06 10:09:56.790735
55445,59,2010-07-05,24.9,0,20.7,00:07,29.1,15:06,33,1.9,8.3,21:50,61,75,23:40,53,,2025-05-06 10:09:56.886288,2025-05-06 10:09:56.886288
55457,59,2010-07-06,24.2,0,20.6,,27.9,15:56,36,4.7,13.3,04:00,65,77,,53,15:30,2025-05-06 10:09:56.995726,2025-05-06 10:09:56.995726
55470,59,2010-07-07,25,0,20.5,,29.6,13:15,34,3.9,11.4,18:20,64,82,06:10,53,13:30,2025-05-06 10:09:57.114901,2025-05-06 10:09:57.114901
55483,59,2010-07-08,25,0,21.2,,28.7,12:46,11,4.2,13.3,15:20,66,78,,54,12:10,2025-05-06 10:09:57.232976,2025-05-06 10:09:57.232976
55496,59,2010-07-09,26,0,20.9,06:08,31,15:48,11,4.7,12.2,14:00,64,81,06:20,50,13:30,2025-05-06 10:09:57.353440,2025-05-06 10:09:57.353440
55509,59,2010-07-10,28.2,0,22.3,06:17,34,13:07,4,5,14.7,20:10,60,72,,38,21:50,2025-05-06 10:09:57.467460,2025-05-06 10:09:57.467460
55522,59,2010-07-11,30.5,0,26.5,05:14,34.5,16:32,4,7.8,15.8,03:10,40,53,04:30,25,21:50,2025-05-06 10:09:57.587224,2025-05-06 10:09:57.587224
55533,59,2010-07-12,30.4,0,26.4,01:17,34.4,16:12,4,8.6,15.3,18:10,38,51,07:20,17,23:50,2025-05-06 10:09:57.689682,2025-05-06 10:09:57.689682
55544,59,2010-07-13,27.4,0,21.7,23:53,33.1,13:31,3,7.5,15.8,11:20,37,74,23:59,17,00:00,2025-05-06 10:09:57.789258,2025-05-06 10:09:57.789258
55556,59,2010-07-14,24.6,0,20.2,04:51,28.9,13:33,11,5.6,13.6,14:10,60,78,,49,13:30,2025-05-06 10:09:57.901606,2025-05-06 10:09:57.901606
55568,59,2010-07-15,25.8,0,21.9,06:22,29.6,14:55,10,4.7,13.6,15:40,62,73,,50,14:30,2025-05-06 10:09:58.018050,2025-05-06 10:09:58.018050
55581,59,2010-07-16,25,0,21,23:56,28.9,12:42,10,5,12.2,14:20,59,72,,47,12:50,2025-05-06 10:09:58.136815,2025-05-06 10:09:58.136815
55594,59,2010-07-17,24.6,0,19.8,06:06,29.5,,6,6.7,14.2,14:00,56,77,,43,18:00,2025-05-06 10:09:58.254179,2025-05-06 10:09:58.254179
55607,59,2010-07-18,29.2,0,24,03:07,34.4,15:53,4,7.2,17.5,10:20,45,63,20:50,30,14:30,2025-05-06 10:09:58.369411,2025-05-06 10:09:58.369411
55620,59,2010-07-19,27.4,0,22.9,23:52,31.8,10:32,11,3.9,15.6,13:50,62,72,23:50,38,00:20,2025-05-06 10:09:58.489479,2025-05-06 10:09:58.489479
55633,59,2010-07-20,27,0,21.1,06:27,33,,6,5.6,14.2,12:30,51,74,,30,,2025-05-06 10:09:58.623655,2025-05-06 10:09:58.623655
55646,59,2010-07-21,24.6,0,20.4,04:48,28.9,15:00,4,6.4,14.4,19:10,65,77,04:10,48,12:10,2025-05-06 10:09:58.748232,2025-05-06 10:09:58.748232
55659,59,2010-07-22,24.8,0,21.7,,27.9,12:42,99,5.8,13.1,,69,74,04:40,55,12:20,2025-05-06 10:09:58.869103,2025-05-06 10:09:58.869103
55672,59,2010-07-23,25.1,0,21.5,23:39,28.7,15:45,36,6.1,13.3,17:20,61,80,04:00,49,17:00,2025-05-06 10:09:58.986224,2025-05-06 10:09:58.986224
55685,59,2010-07-24,25.7,0,20.7,,30.7,13:11,11,4.7,13.6,13:50,58,79,,44,12:40,2025-05-06 10:09:59.108302,2025-05-06 10:09:59.108302
55698,59,2010-07-25,26.3,0,21.6,05:28,31,12:28,12,4.2,11.7,13:30,68,80,19:50,45,12:20,2025-05-06 10:09:59.223208,2025-05-06 10:09:59.223208
55711,59,2010-07-26,24.8,0,21,05:32,28.6,12:51,33,2.2,8.3,20:50,71,82,,59,12:30,2025-05-06 10:09:59.341260,2025-05-06 10:09:59.341260
55724,59,2010-07-27,24,0,19.5,,28.5,15:57,11,4.2,12.5,13:20,67,77,06:40,46,11:50,2025-05-06 10:09:59.465324,2025-05-06 10:09:59.465324
55737,59,2010-07-28,24,0,20.4,,27.5,14:09,11,3.9,11.7,12:10,67,77,,58,18:00,2025-05-06 10:09:59.586858,2025-05-06 10:09:59.586858
55750,59,2010-07-29,25.2,0,21.7,03:31,28.7,14:49,10,4.4,9.7,12:30,72,80,20:50,45,23:59,2025-05-06 10:09:59.700335,2025-05-06 10:09:59.700335
55763,59,2010-07-30,26.4,0,24.3,06:16,28.4,14:22,26,3.1,9.7,16:00,63,80,21:00,43,05:00,2025-05-06 10:09:59.818333,2025-05-06 10:09:59.818333
55776,59,2010-07-31,26.2,0,22.5,05:48,29.8,10:38,3,3.6,9.4,23:10,71,86,04:50,53,10:20,2025-05-06 10:09:59.935287,2025-05-06 10:09:59.935287
55789,59,2010-08-01,26.2,0,21.5,06:04,31,15:30,4,4.7,11.7,13:00,58,78,05:00,46,12:00,2025-05-06 10:10:00.062664,2025-05-06 10:10:00.062664
55802,59,2010-08-02,25.5,0,22,02:40,29,13:50,6,7.5,13.3,13:00,65,76,,57,10:10,2025-05-06 10:10:00.171544,2025-05-06 10:10:00.171544
55815,59,2010-08-03,26.4,0,23.5,,29.3,16:08,25,3.6,7.8,,72,77,,55,22:40,2025-05-06 10:10:00.294011,2025-05-06 10:10:00.294011
55828,59,2010-08-04,26.2,0,22.7,23:58,29.7,15:24,4,2.8,9.2,23:30,66,79,08:00,43,01:10,2025-05-06 10:10:00.418159,2025-05-06 10:10:00.418159
55841,59,2010-08-05,25.8,0,21.5,04:59,30,12:00,13,3.9,11.9,13:40,69,80,06:20,48,12:00,2025-05-06 10:10:00.544412,2025-05-06 10:10:00.544412
55854,59,2010-08-06,25.4,0,20.8,,30,14:09,2,4.7,11.7,23:10,61,78,,47,,2025-05-06 10:10:00.663225,2025-05-06 10:10:00.663225
55867,59,2010-08-07,24.8,0,19.9,06:16,29.6,14:26,36,3.9,13.3,18:40,57,74,07:10,42,13:40,2025-05-06 10:10:00.783579,2025-05-06 10:10:00.783579
55880,59,2010-08-08,26.1,0,21.7,00:01,30.5,16:10,1,3.9,12.8,02:40,67,75,,54,,2025-05-06 10:10:00.899652,2025-05-06 10:10:00.899652
55892,59,2010-08-09,26.2,0,22.4,06:14,30.1,14:18,34,4.2,11.9,02:00,72,83,07:20,60,14:20,2025-05-06 10:10:01.015827,2025-05-06 10:10:01.015827
55905,59,2010-08-10,26.1,0,23,05:46,29.2,12:58,12,2.2,10,,74,86,20:50,66,13:00,2025-05-06 10:11:05.422802,2025-05-06 10:11:05.422802
55918,59,2010-08-11,29.6,0,24.6,02:48,34.7,21:50,5,3.6,13.3,22:30,65,78,20:10,26,23:00,2025-05-06 10:11:05.531851,2025-05-06 10:11:05.531851
55931,59,2010-08-12,35.9,0,30.8,23:55,41,12:45,8,9.4,22.2,11:20,23,40,01:20,21,,2025-05-06 10:11:05.644698,2025-05-06 10:11:05.644698
55944,59,2010-08-13,27.4,0,23.3,23:45,31.4,13:46,4,7.5,16.4,00:10,51,68,21:00,35,00:00,2025-05-06 10:11:05.766461,2025-05-06 10:11:05.766461
55957,59,2010-08-14,25,0,21.7,05:09,28.2,11:59,9,5.8,13.3,13:20,64,72,,52,11:30,2025-05-06 10:11:05.893253,2025-05-06 10:11:05.893253
55970,59,2010-08-15,24.6,0,21.6,,27.7,18:06,11,3.9,13.1,15:50,66,74,23:50,59,17:50,2025-05-06 10:11:05.999473,2025-05-06 10:11:05.999473
55983,59,2010-08-16,26.4,0,22.9,04:07,29.9,14:08,10,5.8,14.2,11:40,69,77,05:50,57,14:00,2025-05-06 10:11:06.060103,2025-05-06 10:11:06.060103
55996,59,2010-08-17,25.2,0,22.4,24:00,28,12:19,10,5.6,12.8,14:40,69,79,06:20,56,12:10,2025-05-06 10:11:06.117729,2025-05-06 10:11:06.117729
56009,59,2010-08-18,25,0,20.9,03:36,29.1,12:38,1,4.7,12.8,23:50,60,73,05:00,48,12:30,2025-05-06 10:11:06.177031,2025-05-06 10:11:06.177031
56022,59,2010-08-19,25.8,0,22,04:19,29.5,13:48,3,5.6,13.1,00:40,60,76,06:10,46,13:50,2025-05-06 10:11:06.242281,2025-05-06 10:11:06.242281
56035,59,2010-08-20,25.6,0,21.4,06:15,29.8,,12,3.3,7.2,17:40,68,78,06:30,57,,2025-05-06 10:11:06.313219,2025-05-06 10:11:06.313219
56047,59,2010-08-21,26.6,0,23.3,06:30,29.9,15:33,10,4.7,12.8,12:00,66,75,23:50,57,18:10,2025-05-06 10:11:06.407750,2025-05-06 10:11:06.407750
56059,59,2010-08-22,26.6,0,22.3,06:36,30.9,18:05,11,4.4,13.3,11:40,63,80,07:00,49,18:00,2025-05-06 10:11:06.515289,2025-05-06 10:11:06.515289
56071,59,2010-08-23,25.9,0,22,05:49,29.8,13:37,7,6.7,12.5,14:30,68,81,06:30,54,13:30,2025-05-06 10:11:06.611831,2025-05-06 10:11:06.611831
56084,59,2010-08-24,27,0,21.9,06:21,32.1,16:04,6,5,11.7,14:30,65,82,04:20,47,15:30,2025-05-06 10:11:06.735527,2025-05-06 10:11:06.735527
56097,59,2010-08-25,26.2,0,23.2,04:17,29.2,13:58,32,3.6,10.3,21:30,75,86,23:50,63,21:40,2025-05-06 10:11:06.854430,2025-05-06 10:11:06.854430
56110,59,2010-08-26,27.4,0,23.9,,30.9,10:10,34,3.9,11.7,07:40,64,85,00:00,48,19:30,2025-05-06 10:11:06.947597,2025-05-06 10:11:06.947597
56122,59,2010-08-27,27.1,0,24,05:53,30.2,14:33,99,3.3,8.1,,71,87,,50,23:50,2025-05-06 10:11:07.011636,2025-05-06 10:11:07.011636
56134,59,2010-08-28,31.8,0,28.1,06:54,35.5,12:59,4,6.7,16.4,16:10,39,51,07:00,29,19:20,2025-05-06 10:11:07.068448,2025-05-06 10:11:07.068448
56146,59,2010-08-29,32.8,0,27.9,06:07,37.6,,6,7.8,14.7,17:00,33,51,06:00,22,,2025-05-06 10:11:07.130056,2025-05-06 10:11:07.130056
56158,59,2010-08-30,29,0,24.3,23:59,33.6,09:40,11,5.3,12.8,11:30,55,77,19:50,14,08:30,2025-05-06 10:11:07.187812,2025-05-06 10:11:07.187812
56169,59,2010-08-31,25.6,0,21.1,06:47,30.1,15:35,12,2.5,6.1,13:10,70,84,21:30,63,,2025-05-06 10:11:07.241218,2025-05-06 10:11:07.241218
56181,59,2010-09-01,26,0,22.3,06:23,29.8,11:06,11,5.3,13.9,13:40,69,76,,51,11:00,2025-05-06 10:11:07.302441,2025-05-06 10:11:07.302441
56193,59,2010-09-02,26.3,0,22.7,06:14,29.9,12:36,12,5.3,11.7,13:30,66,78,06:40,51,12:30,2025-05-06 10:11:07.364826,2025-05-06 10:11:07.364826
56205,59,2010-09-03,26.4,0,22.6,05:01,30.3,11:34,10,5.8,14.7,12:20,70,80,,50,11:20,2025-05-06 10:11:07.441165,2025-05-06 10:11:07.441165
56217,59,2010-09-04,25.4,0,22.5,,28.4,17:47,9,4.7,13.9,13:40,67,77,07:20,60,17:50,2025-05-06 10:11:07.519304,2025-05-06 10:11:07.519304
56229,59,2010-09-05,26.4,0,23.4,03:55,29.3,14:53,10,4.7,11.7,11:40,68,78,,58,10:40,2025-05-06 10:11:07.584439,2025-05-06 10:11:07.584439
56241,59,2010-09-06,26.2,0,23.6,,28.7,16:30,10,3.3,10.6,12:20,70,78,,61,10:10,2025-05-06 10:11:07.647303,2025-05-06 10:11:07.647303
56253,59,2010-09-07,26.2,0,23.2,23:51,29.2,16:26,10,5.6,13.3,14:00,69,76,06:50,55,12:10,2025-05-06 10:11:07.704167,2025-05-06 10:11:07.704167
56265,59,2010-09-08,25.6,0,22.4,,28.8,16:00,6,6.1,13.1,18:00,66,80,,54,11:00,2025-05-06 10:11:07.760825,2025-05-06 10:11:07.760825
56277,59,2010-09-09,25,0,22.1,03:58,27.9,10:59,10,5.3,12.5,13:10,64,80,02:00,53,17:30,2025-05-06 10:11:07.821095,2025-05-06 10:11:07.821095
56289,59,2010-09-10,25.5,0,21.5,06:46,29.5,13:38,2,2.8,10,11:30,62,82,06:40,47,14:50,2025-05-06 10:11:07.879019,2025-05-06 10:11:07.879019
56301,59,2010-09-11,24.7,0,20.9,06:20,28.5,12:05,99,4.7,12.2,12:40,72,79,06:50,50,12:00,2025-05-06 10:11:07.943699,2025-05-06 10:11:07.943699
56313,59,2010-09-12,23.2,0.6,19.9,06:53,26.4,13:39,8,3.9,12.5,12:20,71,81,06:50,61,10:10,2025-05-06 10:11:08.021666,2025-05-06 10:11:08.021666
56325,59,2010-09-13,25.2,0.4,22.3,07:00,28.1,15:56,9,4.2,12.2,18:30,77,86,08:40,56,15:50,2025-05-06 10:11:08.104738,2025-05-06 10:11:08.104738
56337,59,2010-09-14,30.8,0,24.4,00:01,37.2,14:06,2,4.7,17.5,22:40,40,76,00:00,29,14:20,2025-05-06 10:11:08.216426,2025-05-06 10:11:08.216426
56349,59,2010-09-15,29.4,0,24.8,,34.1,12:48,2,7.5,14.4,00:10,44,74,03:40,28,17:00,2025-05-06 10:11:08.327446,2025-05-06 10:11:08.327446
56361,59,2010-09-16,29.1,0,24.2,23:53,34,14:16,34,5.6,12.2,19:10,46,72,23:50,36,16:10,2025-05-06 10:11:08.436699,2025-05-06 10:11:08.436699
56373,59,2010-09-17,25.8,0,22.2,07:33,29.3,15:48,11,5,13.3,13:40,66,77,06:30,52,15:50,2025-05-06 10:11:08.544102,2025-05-06 10:11:08.544102
56385,59,2010-09-18,24.4,0,20.5,06:58,28.4,12:09,10,5,11.7,13:30,70,80,06:40,51,,2025-05-06 10:11:08.655790,2025-05-06 10:11:08.655790
56397,59,2010-09-19,23.6,0,20.4,06:03,26.8,16:35,7,5,13.3,13:00,73,80,,60,10:30,2025-05-06 10:11:08.766729,2025-05-06 10:11:08.766729
56409,59,2010-09-20,24.4,0,20.7,05:28,28.2,16:23,7,5,13.9,14:00,65,77,06:40,51,16:40,2025-05-06 10:11:08.883731,2025-05-06 10:11:08.883731
56421,59,2010-09-21,24.8,0,21.8,04:15,27.8,15:46,9,5,11.9,19:40,71,78,,54,10:20,2025-05-06 10:11:08.992672,2025-05-06 10:11:08.992672
56433,59,2010-09-22,27.2,0.2,24,03:00,30.5,14:41,4,4.7,11.9,20:10,65,80,11:20,54,15:50,2025-05-06 10:11:09.095005,2025-05-06 10:11:09.095005
56444,59,2010-09-23,29.4,0,24.1,,34.8,15:17,4,6.7,13.3,17:00,53,72,02:00,37,15:30,2025-05-06 10:11:09.199980,2025-05-06 10:11:09.199980
56456,59,2010-09-24,28,0,24.9,22:42,31.1,11:08,3,5,11.7,00:20,58,85,20:50,49,,2025-05-06 10:11:09.314859,2025-05-06 10:11:09.314859
56468,59,2010-09-25,26.6,0,23.2,07:17,29.9,14:44,11,3.1,7.5,01:10,73,86,22:40,63,,2025-05-06 10:11:09.426582,2025-05-06 10:11:09.426582
56480,59,2010-09-26,26.1,0,23.1,06:49,29.1,11:31,12,5,11.9,14:20,72,85,00:00,56,11:30,2025-05-06 10:11:09.535673,2025-05-06 10:11:09.535673
56493,59,2010-09-27,24.8,0,22.1,23:42,27.6,11:50,99,5.6,13.1,12:50,71,77,,58,11:40,2025-05-06 10:11:09.655980,2025-05-06 10:11:09.655980
56518,59,2010-09-29,24.6,0,21.3,03:33,28,14:21,6,6.1,15,13:10,61,74,,52,12:00,2025-05-06 10:11:09.898414,2025-05-06 10:11:09.898414
56531,59,2010-09-30,25.2,0,21.9,,28.4,15:01,10,5.3,11.4,12:10,67,78,06:40,56,10:40,2025-05-06 10:11:10.024753,2025-05-06 10:11:10.024753
56544,59,2010-10-01,25,0,22.1,,27.8,15:55,10,4.7,13.1,14:40,72,76,,61,16:00,2025-05-06 10:11:10.149085,2025-05-06 10:11:10.149085
56557,59,2010-10-02,24.2,0,21.5,02:51,26.9,12:11,11,5,11.4,10:20,78,80,20:20,63,12:10,2025-05-06 10:11:10.271936,2025-05-06 10:11:10.271936
56569,59,2010-10-03,25.6,0,22.4,06:44,28.9,12:43,3,3.1,8.9,23:50,74,84,,59,13:50,2025-05-06 10:11:10.384296,2025-05-06 10:11:10.384296
56581,59,2010-10-04,24.8,0,21,06:04,28.5,12:07,35,4.4,11.1,17:00,67,82,05:40,52,,2025-05-06 10:11:10.497943,2025-05-06 10:11:10.497943
56593,59,2010-10-05,24.4,0,21.1,06:08,27.8,13:30,1,3.9,10,09:40,58,78,06:20,45,,2025-05-06 10:11:10.610492,2025-05-06 10:11:10.610492
56606,59,2010-10-06,23.7,0,21.4,06:47,26,11:38,10,3.6,8.6,12:10,71,78,18:40,55,08:20,2025-05-06 10:11:10.732324,2025-05-06 10:11:10.732324
56619,59,2010-10-07,22.8,0,18.9,07:11,26.8,12:44,22,4.4,8.3,15:30,72,82,23:40,65,13:20,2025-05-06 10:11:10.854625,2025-05-06 10:11:10.854625
56631,59,2010-10-08,23.4,0,19.9,04:25,26.8,13:22,22,5.8,10.8,15:10,82,89,23:30,74,,2025-05-06 10:11:10.969784,2025-05-06 10:11:10.969784
56643,59,2010-10-09,25.4,0,21.9,06:30,28.8,14:41,35,3.1,10.3,15:30,72,91,01:10,48,14:40,2025-05-06 10:11:11.082100,2025-05-06 10:11:11.082100
56655,59,2010-10-10,24.6,0,21.9,07:21,27.2,14:37,36,3.9,11.7,18:00,67,77,,55,13:00,2025-05-06 10:11:11.199047,2025-05-06 10:11:11.199047
56667,59,2010-10-11,23.4,8.2,22.1,19:54,24.8,11:57,36,4.7,13.6,06:00,84,91,15:40,72,00:20,2025-05-06 10:11:11.324804,2025-05-06 10:11:11.324804
56679,59,2010-10-12,23.2,0.2,21.1,07:15,25.4,11:50,2,2.5,6.1,00:50,88,94,,80,12:00,2025-05-06 10:11:11.443332,2025-05-06 10:11:11.443332
56691,59,2010-10-13,24,0,21.3,06:54,26.8,14:17,10,2.2,5.8,21:10,77,88,,68,14:20,2025-05-06 10:11:11.561488,2025-05-06 10:11:11.561488
56703,59,2010-10-14,23,0,19.4,07:16,26.7,14:40,24,3.3,8.6,15:50,76,89,07:30,64,18:10,2025-05-06 10:11:11.679396,2025-05-06 10:11:11.679396
56715,59,2010-10-15,22.4,0,18.3,07:10,26.5,13:37,24,3.6,8.9,16:30,71,88,,53,17:20,2025-05-06 10:11:11.798142,2025-05-06 10:11:11.798142
56727,59,2010-10-16,22.6,0,18.7,06:10,26.6,12:42,21,3.9,8.9,15:10,74,87,04:30,63,18:20,2025-05-06 10:11:11.916004,2025-05-06 10:11:11.916004
56739,59,2010-10-17,23.4,0,19.2,05:57,27.5,13:01,23,3.1,10.3,15:30,69,85,06:50,58,17:40,2025-05-06 10:11:12.030990,2025-05-06 10:11:12.030990
56751,59,2010-10-18,23,38.4,20.9,21:58,25,13:43,23,2.2,6.9,20:30,83,93,23:40,77,00:00,2025-05-06 10:11:12.146764,2025-05-06 10:11:12.146764
56763,59,2010-10-19,23.6,0.8,20.8,23:53,26.3,14:54,8,2.2,8.3,10:00,82,93,,70,15:00,2025-05-06 10:11:12.266647,2025-05-06 10:11:12.266647
56775,59,2010-10-20,22.6,0,18.2,05:16,27,13:48,10,3.6,9.7,16:50,75,91,,61,14:00,2025-05-06 10:11:12.386240,2025-05-06 10:11:12.386240
56786,59,2010-10-21,22.4,0,17.5,07:24,27.2,14:48,12,2.5,5.6,11:40,73,88,06:30,59,15:30,2025-05-06 10:11:12.494179,2025-05-06 10:11:12.494179
56797,59,2010-10-22,22.6,0,17.7,07:31,27.6,14:19,34,2.2,5.3,19:30,74,89,,59,14:50,2025-05-06 10:11:12.600548,2025-05-06 10:11:12.600548
56808,59,2010-10-23,24,0,19.3,06:58,28.7,14:22,36,3.1,11.9,16:00,70,87,07:30,46,15:50,2025-05-06 10:11:12.704993,2025-05-06 10:11:12.704993
56819,59,2010-10-24,23.3,0,20.4,05:14,26.2,11:11,7,6.1,17.5,14:20,66,78,04:30,51,16:00,2025-05-06 10:11:12.809624,2025-05-06 10:11:12.809624
56830,59,2010-10-25,23.2,0,20.5,02:18,25.8,14:14,6,5.6,13.9,12:20,68,78,07:40,58,13:50,2025-05-06 10:11:12.919679,2025-05-06 10:11:12.919679
56841,59,2010-10-26,23.2,0,20.3,05:47,26.1,15:20,6,5,10.6,09:30,68,77,,57,15:50,2025-05-06 10:11:13.030622,2025-05-06 10:11:13.030622
56852,59,2010-10-27,24.8,0,20,07:45,29.7,15:22,7,3.6,10,14:30,61,86,08:10,40,13:40,2025-05-06 10:11:13.134092,2025-05-06 10:11:13.134092
56863,59,2010-10-28,26,0,21.8,05:50,30.2,16:19,8,2.2,10.6,11:10,52,77,,30,13:00,2025-05-06 10:11:13.239130,2025-05-06 10:11:13.239130
56874,59,2010-10-29,24.4,0,19.7,07:16,29,14:17,3,3.6,7.8,19:10,53,65,23:59,26,10:10,2025-05-06 10:11:13.345648,2025-05-06 10:11:13.345648
56885,59,2010-10-30,23.8,0,19.1,07:25,28.4,15:42,10,4.2,9.7,13:50,73,86,07:40,53,15:40,2025-05-06 10:11:13.455593,2025-05-06 10:11:13.455593
56896,59,2010-10-31,23.4,0,20.2,02:07,26.5,15:33,5,3.9,10.6,09:50,66,82,07:40,48,11:10,2025-05-06 10:11:13.564604,2025-05-06 10:11:13.564604
56907,59,2010-11-01,22.2,0,20,03:20,24.4,14:58,6,6.1,14.2,12:50,60,75,00:00,52,11:10,2025-05-06 10:11:13.671571,2025-05-06 10:11:13.671571
56918,59,2010-11-02,22.4,0,20.6,07:15,24.3,14:00,7,7.2,14.4,11:20,67,77,21:50,58,11:50,2025-05-06 10:11:13.777163,2025-05-06 10:11:13.777163
56929,59,2010-11-03,24.6,0,20.9,06:40,28.4,16:08,6,4.4,20.3,23:20,50,80,,27,,2025-05-06 10:11:13.882991,2025-05-06 10:11:13.882991
56940,59,2010-11-04,25,0,22.7,,27.4,16:06,4,4.7,19.2,00:20,45,61,23:40,32,15:40,2025-05-06 10:11:13.989990,2025-05-06 10:11:13.989990
56951,59,2010-11-05,24.6,0,21.6,07:41,27.6,16:08,8,4.2,15,00:20,49,64,01:50,26,16:20,2025-05-06 10:11:14.058492,2025-05-06 10:11:14.058492
56963,59,2010-11-06,23.5,0,20.6,,26.4,16:57,7,3.9,10.3,10:20,66,80,,38,01:10,2025-05-06 10:11:14.126340,2025-05-06 10:11:14.126340
56975,59,2010-11-07,21.8,0,17.4,07:31,26.1,15:14,12,3.9,8.3,12:10,75,88,,57,15:10,2025-05-06 10:11:14.193528,2025-05-06 10:11:14.193528
56987,59,2010-11-08,21.2,0.2,18.2,23:57,24.3,11:21,8,3.1,10,13:00,70,78,,59,11:20,2025-05-06 10:11:14.259378,2025-05-06 10:11:14.259378
56999,59,2010-11-09,20.4,0,15.1,06:17,25.7,13:21,7,3.1,10.3,14:20,68,84,07:40,51,13:10,2025-05-06 10:11:14.327979,2025-05-06 10:11:14.327979
57010,59,2010-11-10,22.8,0,19.3,23:59,26.3,13:51,12,2.8,9.2,13:00,65,81,06:20,46,11:10,2025-05-06 10:11:14.392588,2025-05-06 10:11:14.392588
57023,59,2010-11-11,20.4,0,16.2,04:53,24.7,13:47,9,3.3,10,14:50,73,78,,62,10:40,2025-05-06 10:11:14.466756,2025-05-06 10:11:14.466756
57036,59,2010-11-12,20.1,0,15,07:55,25.2,12:30,8,4.2,12.8,14:40,67,85,07:30,46,12:10,2025-05-06 10:11:14.536754,2025-05-06 10:11:14.536754
57049,59,2010-11-13,20.8,0,17.2,02:38,24.3,12:09,11,4.2,9.2,12:50,71,79,07:20,55,11:50,2025-05-06 10:11:14.602116,2025-05-06 10:11:14.602116
57062,59,2010-11-14,20.1,0,15.9,06:18,24.3,11:36,12,4.7,11.1,16:20,71,87,06:30,52,11:30,2025-05-06 10:11:14.678434,2025-05-06 10:11:14.678434
57075,59,2010-11-15,20.8,0.2,18.8,02:53,22.8,,8,5.3,13.6,11:40,79,85,11:50,71,23:50,2025-05-06 10:11:14.763928,2025-05-06 10:11:14.763928
57088,59,2010-11-16,21.1,0,17.3,23:48,24.9,14:24,11,3.6,10.8,15:40,66,76,,52,14:00,2025-05-06 10:11:14.839596,2025-05-06 10:11:14.839596
57101,59,2010-11-17,19.6,0,15.4,07:24,23.9,14:16,10,3.9,11.7,15:40,71,82,07:30,57,12:40,2025-05-06 10:11:14.952316,2025-05-06 10:11:14.952316
57114,59,2010-11-18,20.3,0.2,16.2,01:19,24.4,11:27,12,2.2,7.5,12:30,78,86,20:50,67,11:00,2025-05-06 10:11:15.089472,2025-05-06 10:11:15.089472
57127,59,2010-11-19,20.1,0,15.7,07:24,24.5,13:42,12,3.1,5.8,12:40,79,92,07:30,66,,2025-05-06 10:11:15.219160,2025-05-06 10:11:15.219160
57140,59,2010-11-20,21.4,0,18.1,02:21,24.6,12:49,3,1.7,6.7,19:50,79,86,02:40,73,15:30,2025-05-06 10:11:15.351886,2025-05-06 10:11:15.351886
57153,59,2010-11-21,21.1,0,18.2,23:44,24,12:36,12,3.6,9.2,15:10,76,90,08:20,65,15:00,2025-05-06 10:11:15.490404,2025-05-06 10:11:15.490404
57166,59,2010-11-22,20.3,0,16.5,05:40,24.1,15:44,10,3.1,10.3,13:40,72,87,06:00,60,,2025-05-06 10:11:15.619236,2025-05-06 10:11:15.619236
57179,59,2010-11-23,20.2,0,15,07:16,25.5,15:10,10,2.5,4.7,18:30,74,86,,60,15:50,2025-05-06 10:11:15.738632,2025-05-06 10:11:15.738632
57192,59,2010-11-24,20.4,0,15.4,06:16,25.3,13:48,9,3.6,6.7,17:40,78,90,,65,14:00,2025-05-06 10:11:15.842891,2025-05-06 10:11:15.842891
57205,59,2010-11-25,20.3,0,16.6,04:04,24,15:33,24,2.2,8.9,23:40,80,91,,70,15:40,2025-05-06 10:11:15.922343,2025-05-06 10:11:15.922343
57218,59,2010-11-26,23.8,0,21.8,22:44,25.9,14:31,24,5.8,15.3,,69,88,03:10,49,14:10,2025-05-06 10:11:15.997472,2025-05-06 10:11:15.997472
57231,59,2010-11-27,23.2,0,20.6,23:53,25.8,13:05,25,3.6,12.5,00:10,62,80,00:20,50,12:40,2025-05-06 10:11:16.078311,2025-05-06 10:11:16.078311
57243,59,2010-11-28,21.1,0,18.2,07:47,24,14:51,23,6.4,13.9,19:00,81,87,06:00,77,,2025-05-06 10:11:16.157184,2025-05-06 10:11:16.157184
57255,59,2010-11-29,21,73.6,19.8,19:16,22.3,11:35,24,8.3,16.7,06:10,83,92,,79,18:40,2025-05-06 10:11:16.263186,2025-05-06 10:11:16.263186
57267,59,2010-11-30,20.6,0,17,05:15,24.2,14:33,29,5.3,18.9,05:10,80,96,05:20,70,14:40,2025-05-06 10:11:16.383668,2025-05-06 10:11:16.383668
57280,59,2010-12-01,19,0,15,08:03,23,15:37,4,2.8,7.8,16:20,67,90,04:20,46,15:20,2025-05-06 10:11:16.510642,2025-05-06 10:11:16.510642
57293,59,2010-12-02,18.3,0,14.3,07:39,22.3,14:31,6,4.4,10,16:20,67,84,,51,14:10,2025-05-06 10:11:16.629950,2025-05-06 10:11:16.629950
57306,59,2010-12-03,20,0,17.6,06:18,22.5,14:14,10,3.6,11.4,13:30,68,76,,58,12:10,2025-05-06 10:11:16.696129,2025-05-06 10:11:16.696129
57319,59,2010-12-04,18.4,0,14.5,06:36,22.2,13:50,99,4.2,7.8,,79,87,06:50,72,11:40,2025-05-06 10:11:16.756513,2025-05-06 10:11:16.756513
57332,59,2010-12-05,22.8,0,21.1,00:37,24.5,13:26,20,4.7,12.8,12:00,83,94,,74,13:40,2025-05-06 10:11:16.820498,2025-05-06 10:11:16.820498
57345,59,2010-12-06,22.6,0,21.6,06:35,23.5,14:01,23,7.2,11.4,03:10,91,94,,87,,2025-05-06 10:11:16.881912,2025-05-06 10:11:16.881912
57357,59,2010-12-07,22.6,0,21.4,08:01,23.8,13:00,22,7.2,13.1,19:10,88,93,,81,15:20,2025-05-06 10:11:16.953171,2025-05-06 10:11:16.953171
57369,59,2010-12-08,22.2,0.4,21,23:44,23.4,11:00,22,6.4,11.4,00:20,88,90,,82,11:30,2025-05-06 10:11:17.019859,2025-05-06 10:11:17.019859
57381,59,2010-12-09,22.4,0.4,21,00:01,23.7,15:24,21,6.9,11.9,11:40,86,91,,81,15:20,2025-05-06 10:11:17.113774,2025-05-06 10:11:17.113774
57393,59,2010-12-10,20.7,0,17.5,23:40,23.9,14:44,99,5,7.8,,75,83,,64,14:40,2025-05-06 10:11:17.226998,2025-05-06 10:11:17.226998
57405,59,2010-12-11,19.4,0.4,15.2,06:30,23.6,13:58,5,2.8,13.3,21:10,80,89,,70,13:50,2025-05-06 10:11:17.340285,2025-05-06 10:11:17.340285
57417,59,2010-12-12,20.2,0,17.7,23:56,22.6,12:35,2,5.8,14.7,07:40,66,87,03:40,51,14:10,2025-05-06 10:11:17.455006,2025-05-06 10:11:17.455006
57429,59,2010-12-13,19.4,0,15.6,07:58,23.1,12:39,3,3.3,9.2,14:20,74,87,08:50,66,12:50,2025-05-06 10:11:17.569170,2025-05-06 10:11:17.569170
57441,59,2010-12-14,18.8,0,14.7,07:33,23,14:01,6,3.6,11.1,11:20,79,91,,69,14:40,2025-05-06 10:11:17.688449,2025-05-06 10:11:17.688449
57453,59,2010-12-15,21.6,0,18,01:57,25.2,12:56,9,3.1,6.4,11:10,73,92,02:20,48,14:10,2025-05-06 10:11:17.798835,2025-05-06 10:11:17.798835
57465,59,2010-12-16,19.3,3.2,14.1,07:30,24.5,14:37,21,4.2,10.3,22:40,79,90,,65,10:00,2025-05-06 10:11:17.885157,2025-05-06 10:11:17.885157
57477,59,2010-12-17,20.8,1.8,19.2,07:12,22.5,12:08,24,9.2,17.5,23:00,86,91,07:00,75,,2025-05-06 10:11:17.968172,2025-05-06 10:11:17.968172
57489,59,2010-12-18,21.3,0,19.3,23:54,23.3,16:16,24,7.2,17.2,01:00,78,84,07:40,68,16:20,2025-05-06 10:11:18.043635,2025-05-06 10:11:18.043635
57501,59,2010-12-19,19.4,0,14.9,08:01,23.8,13:01,22,3.3,8.9,20:40,82,94,08:10,73,,2025-05-06 10:11:18.148943,2025-05-06 10:11:18.148943
57513,59,2010-12-20,22,0,20.8,04:42,23.1,12:43,24,7.5,15.3,16:50,87,91,19:40,82,,2025-05-06 10:11:18.276951,2025-05-06 10:11:18.276951
57525,59,2010-12-21,21.3,0,19.3,05:28,23.3,13:27,24,5.8,13.1,15:10,77,88,04:30,71,17:30,2025-05-06 10:11:18.397275,2025-05-06 10:11:18.397275
57537,59,2010-12-22,20.9,0,18.6,23:56,23.2,11:48,2,4.7,14.7,13:10,66,82,00:20,52,11:00,2025-05-06 10:11:18.516518,2025-05-06 10:11:18.516518
57550,59,2010-12-23,19.3,0,16,04:37,22.6,12:13,12,2.8,8.9,13:40,73,86,07:40,59,11:50,2025-05-06 10:11:18.637117,2025-05-06 10:11:18.637117
57562,59,2010-12-24,17.6,0,12.9,07:58,22.4,,5,3.9,7.2,11:30,66,87,,48,14:50,2025-05-06 10:11:18.758076,2025-05-06 10:11:18.758076
57574,59,2010-12-25,19.3,0,14.4,02:46,24.2,14:54,1,2.5,8.6,15:10,72,85,,57,14:50,2025-05-06 10:11:18.873393,2025-05-06 10:11:18.873393
57587,59,2010-12-26,19.5,0,16.6,08:10,22.4,14:09,12,2.2,10.3,14:20,74,89,,61,16:40,2025-05-06 10:11:18.999893,2025-05-06 10:11:18.999893
57599,59,2010-12-27,18.7,0,14.9,03:25,22.5,11:52,5,3.3,10.8,13:00,74,84,08:30,64,12:00,2025-05-06 10:11:19.119481,2025-05-06 10:11:19.119481
57611,59,2010-12-28,19.3,0,15.5,07:58,23.1,15:02,22,5.8,12.8,12:40,72,90,,57,12:20,2025-05-06 10:11:19.241679,2025-05-06 10:11:19.241679
57623,59,2010-12-29,18.3,0,13.8,06:03,22.8,16:03,23,5,10.6,15:00,80,92,08:50,72,,2025-05-06 10:11:19.360194,2025-05-06 10:11:19.360194
57635,59,2010-12-30,19.7,0,15.3,08:05,24.1,13:45,33,2.8,6.4,19:10,74,88,06:10,63,12:50,2025-05-06 10:11:19.482083,2025-05-06 10:11:19.482083
57647,59,2010-12-31,19,0,14.9,07:46,23.1,14:23,9,4.2,10.3,13:00,76,89,08:00,60,16:10,2025-05-06 10:11:19.602022,2025-05-06 10:11:19.602022
57659,59,2011-01-01,19.6,0,17.3,03:26,22,14:55,9,4.7,11.9,14:20,71,82,03:20,62,16:20,2025-05-06 10:11:19.724654,2025-05-06 10:11:19.724654
57671,59,2011-01-02,18,0,14.1,07:53,21.9,14:28,8,3.3,10.6,16:00,72,86,08:40,64,17:50,2025-05-06 10:11:19.836501,2025-05-06 10:11:19.836501
57684,59,2011-01-03,18,0,12.9,08:14,23.2,14:56,23,2.2,5.6,16:30,79,92,09:10,65,14:40,2025-05-06 10:11:19.957274,2025-05-06 10:11:19.957274
57696,59,2011-01-04,18.2,0,13.1,07:28,23.4,,3,2.2,5.6,23:40,78,92,05:10,66,16:50,2025-05-06 10:11:20.076702,2025-05-06 10:11:20.076702
57709,59,2011-01-05,18.5,0,13.5,23:58,23.5,15:05,11,2.5,6.1,13:20,75,93,09:10,58,17:30,2025-05-06 10:11:20.203632,2025-05-06 10:11:20.203632
57721,59,2011-01-06,18.1,0,11.4,06:17,24.8,15:05,3,2.8,5.6,08:20,66,80,08:40,53,01:40,2025-05-06 10:11:20.326499,2025-05-06 10:11:20.326499
57733,59,2011-01-07,18.9,0,13.1,03:40,24.7,15:12,2,2.5,5.6,22:30,62,81,08:30,47,17:40,2025-05-06 10:11:20.437764,2025-05-06 10:11:20.437764
57746,59,2011-01-08,19,0,13.2,03:28,24.7,14:35,1,3.6,9.7,20:20,59,78,,50,00:40,2025-05-06 10:11:20.566883,2025-05-06 10:11:20.566883
57758,59,2011-01-09,18.8,0,14.9,07:39,22.8,13:00,8,4.2,10.8,14:30,73,88,,61,13:50,2025-05-06 10:11:20.686942,2025-05-06 10:11:20.686942
57771,59,2011-01-10,18,0,13.5,06:58,22.4,13:36,7,4.4,10.6,15:40,67,85,08:40,53,11:50,2025-05-06 10:11:20.817527,2025-05-06 10:11:20.817527
57785,59,2011-01-11,19.8,0,17.5,,22.1,14:30,8,4.2,11.4,12:20,65,73,23:40,55,14:10,2025-05-06 10:11:20.957192,2025-05-06 10:11:20.957192
57799,59,2011-01-12,19.8,0,16.3,07:07,23.3,16:09,12,2.5,9.2,13:50,70,84,07:20,53,11:50,2025-05-06 10:11:21.090651,2025-05-06 10:11:21.090651
57813,59,2011-01-13,20.1,0,16.4,08:28,23.8,15:43,12,5,8.9,12:40,75,89,09:00,50,16:20,2025-05-06 10:11:21.229676,2025-05-06 10:11:21.229676
57827,59,2011-01-14,19.2,0,14.7,07:40,23.6,14:22,12,3.1,8.9,14:50,66,90,,45,13:40,2025-05-06 10:11:21.368399,2025-05-06 10:11:21.368399
57841,59,2011-01-15,19.7,0,16.7,07:52,22.7,14:46,6,4.4,13.3,23:20,59,85,03:20,41,16:50,2025-05-06 10:11:21.506253,2025-05-06 10:11:21.506253
57854,59,2011-01-16,21,0,19.1,21:33,22.9,16:56,12,4.2,15,09:50,49,71,04:10,36,17:00,2025-05-06 10:11:21.627846,2025-05-06 10:11:21.627846
57868,59,2011-01-17,18.9,0,14.4,08:01,23.4,14:09,7,3.1,11.9,01:30,60,74,23:59,51,11:50,2025-05-06 10:11:21.767645,2025-05-06 10:11:21.767645
57882,59,2011-01-18,18.6,0,13,07:39,24.1,14:57,12,3.3,6.1,14:00,66,80,09:00,41,11:20,2025-05-06 10:11:21.904776,2025-05-06 10:11:21.904776
57895,59,2011-01-19,16,0,10.2,06:58,21.8,14:00,11,3.9,10.8,15:10,67,80,03:50,53,19:10,2025-05-06 10:11:22.031891,2025-05-06 10:11:22.031891
57908,59,2011-01-20,17.7,0,12.8,06:51,22.6,14:52,4,3.3,9.2,10:40,75,90,,64,,2025-05-06 10:11:22.162345,2025-05-06 10:11:22.162345
57921,59,2011-01-21,16.4,0,10.3,07:56,22.5,12:43,24,4.2,8.9,,74,80,,62,00:20,2025-05-06 10:11:22.286306,2025-05-06 10:11:22.286306
57934,59,2011-01-22,17.5,0,12.8,08:09,22.2,14:58,25,3.6,10.8,15:30,67,91,07:40,52,15:00,2025-05-06 10:11:22.412443,2025-05-06 10:11:22.412443
57946,59,2011-01-23,16.4,,11.9,07:30,21,15:40,25,6.4,12.5,18:00,77,85,08:10,69,00:10,2025-05-06 10:11:22.529136,2025-05-06 10:11:22.529136
57957,59,2011-01-24,18.7,25,14.3,08:07,23.1,15:02,20,2.8,11.4,20:00,79,93,09:10,64,15:10,2025-05-06 10:11:22.638157,2025-05-06 10:11:22.638157
57967,59,2011-01-25,19.2,5.8,16.9,03:33,21.5,14:26,25,10.6,21.1,19:50,83,91,,66,23:40,2025-05-06 10:11:22.733258,2025-05-06 10:11:22.733258
57975,59,2011-01-26,18.9,3.2,16.5,20:46,21.3,14:31,28,5,17.5,02:10,57,76,20:40,48,,2025-05-06 10:11:22.811861,2025-05-06 10:11:22.811861
57987,59,2011-01-27,19.4,0,16.7,05:11,22,15:28,31,3.3,14.7,02:40,67,80,23:40,54,15:30,2025-05-06 10:11:22.922582,2025-05-06 10:11:22.922582
57998,59,2011-01-28,19.1,0,15.7,07:36,22.5,15:06,34,2.5,5.8,20:20,79,89,,69,15:10,2025-05-06 10:11:23.037627,2025-05-06 10:11:23.037627
58009,59,2011-01-29,18.3,2,15.6,05:07,21,15:23,6,3.3,13.9,13:40,75,92,05:20,61,17:20,2025-05-06 10:11:23.148115,2025-05-06 10:11:23.148115
58020,59,2011-01-30,18.4,0,16.4,,20.5,14:50,7,4.2,11.4,17:00,80,90,,64,15:50,2025-05-06 10:11:23.258324,2025-05-06 10:11:23.258324
58031,59,2011-01-31,17.4,0,14.4,08:29,20.4,14:44,5,7.2,13.9,13:20,62,77,07:00,44,14:00,2025-05-06 10:11:23.368404,2025-05-06 10:11:23.368404
58044,59,2011-02-01,16.8,0,13.6,06:29,20,14:19,6,6.4,14.4,12:00,59,76,,49,13:40,2025-05-06 10:11:23.490740,2025-05-06 10:11:23.490740
58057,59,2011-02-02,17.3,0,15,08:02,19.6,13:49,5,7.2,15.8,12:40,61,72,00:10,52,04:40,2025-05-06 10:11:23.614724,2025-05-06 10:11:23.614724
58069,59,2011-02-03,17.8,0,15.5,07:14,20.1,15:01,9,6.1,13.3,12:00,61,70,23:59,52,11:10,2025-05-06 10:11:23.742482,2025-05-06 10:11:23.742482
58081,59,2011-02-04,17.4,0,13.4,07:49,21.5,16:06,6,3.9,10,00:20,68,81,08:30,58,15:20,2025-05-06 10:11:23.858912,2025-05-06 10:11:23.858912
58093,59,2011-02-05,18,0,13.4,04:48,22.7,15:04,4,3.9,11.7,06:20,54,83,05:00,36,15:00,2025-05-06 10:11:23.978960,2025-05-06 10:11:23.978960
58105,59,2011-02-06,19,0,16.5,,21.5,14:34,6,5,14.2,03:30,48,70,09:40,32,17:20,2025-05-06 10:12:26.446613,2025-05-06 10:12:26.446613
58117,59,2011-02-07,17.6,0,14.5,23:57,20.7,13:20,10,4.2,9.2,15:30,67,78,,60,17:00,2025-05-06 10:12:26.565313,2025-05-06 10:12:26.565313
58130,59,2011-02-08,16.9,0,12.1,07:55,21.7,15:05,6,2.8,7.8,09:50,70,85,,57,17:40,2025-05-06 10:12:26.696388,2025-05-06 10:12:26.696388
58143,59,2011-02-09,15.8,0,10.4,06:39,21.3,14:52,20,6.4,13.1,13:40,68,86,08:20,46,14:40,2025-05-06 10:12:26.827602,2025-05-06 10:12:26.827602
58157,59,2011-02-10,18.4,0,14.9,08:05,22,15:06,12,3.9,8.9,12:30,61,76,08:00,36,19:00,2025-05-06 10:12:26.965835,2025-05-06 10:12:26.965835
58172,59,2011-02-11,19.6,0,14.5,07:56,24.8,15:51,35,3.9,10,18:00,63,82,08:30,44,15:20,2025-05-06 10:12:27.114565,2025-05-06 10:12:27.114565
58187,59,2011-02-12,18.1,0,15.3,06:14,20.9,13:10,6,4.4,11.4,10:40,54,77,02:50,40,12:40,2025-05-06 10:12:27.254729,2025-05-06 10:12:27.254729
58201,59,2011-02-13,17.6,0,14.3,08:40,20.9,13:03,34,2.8,10,13:50,57,74,07:10,44,13:50,2025-05-06 10:12:27.403948,2025-05-06 10:12:27.403948
58216,59,2011-02-14,19.2,0,16,01:12,22.3,14:45,36,3.3,11.1,13:40,69,85,11:50,46,16:40,2025-05-06 10:12:27.558456,2025-05-06 10:12:27.558456
58231,59,2011-02-15,18.2,0.4,14.5,03:55,21.9,16:24,36,3.3,10.6,09:20,68,77,06:30,55,13:50,2025-05-06 10:12:27.708870,2025-05-06 10:12:27.708870
58246,59,2011-02-16,19.6,0,16.8,23:37,22.5,15:05,5,3.1,10.8,11:40,64,85,07:10,43,15:30,2025-05-06 10:12:27.856201,2025-05-06 10:12:27.856201
58261,59,2011-02-17,18.4,0,13.8,05:50,23.1,13:50,10,3.6,13.1,14:40,61,82,08:40,45,,2025-05-06 10:12:28.003785,2025-05-06 10:12:28.003785
58276,59,2011-02-18,17.4,0,12.6,06:46,22.2,12:54,11,3.3,14.2,15:10,70,86,,57,11:50,2025-05-06 10:12:28.149035,2025-05-06 10:12:28.149035
58291,59,2011-02-19,17.2,0,12.1,08:01,22.3,16:47,12,4.2,11.7,14:20,70,85,07:40,56,16:40,2025-05-06 10:12:28.298385,2025-05-06 10:12:28.298385
58306,59,2011-02-20,18.2,0,13.4,07:04,23,14:59,7,5,10.8,15:00,71,88,,55,15:10,2025-05-06 10:12:28.444527,2025-05-06 10:12:28.444527
58320,59,2011-02-21,19.8,0,17.4,,22.3,15:03,6,6.9,14.7,13:30,67,78,,50,,2025-05-06 10:12:28.592961,2025-05-06 10:12:28.592961
58335,59,2011-02-22,20.4,0,16.9,,23.8,,4,4.7,11.4,09:40,69,82,,55,15:40,2025-05-06 10:12:28.740912,2025-05-06 10:12:28.740912
58350,59,2011-02-23,19,0,15.1,07:32,22.9,17:03,11,4.2,10.8,13:40,74,89,07:50,62,18:20,2025-05-06 10:12:28.885310,2025-05-06 10:12:28.885310
58366,59,2011-02-24,17.6,0,14.1,07:33,21.1,16:25,10,4.2,11.7,14:00,75,90,,66,18:10,2025-05-06 10:12:29.042752,2025-05-06 10:12:29.042752
58382,59,2011-02-25,18.8,0,13.7,05:18,23.9,14:27,5,4.7,15,15:10,68,85,05:40,52,14:30,2025-05-06 10:12:29.203733,2025-05-06 10:12:29.203733
58399,59,2011-02-26,21,0,17.3,06:54,24.7,13:46,4,4.2,11.7,01:20,66,84,,46,13:30,2025-05-06 10:12:29.377974,2025-05-06 10:12:29.377974
58415,59,2011-02-27,21.1,0,16.8,07:27,25.4,16:09,36,4.4,10.3,01:30,66,81,07:40,53,16:00,2025-05-06 10:12:29.543443,2025-05-06 10:12:29.543443
58432,59,2011-02-28,19.5,0,15.1,05:08,23.9,14:32,6,5.8,11.9,13:00,64,85,03:40,51,13:10,2025-05-06 10:12:29.711507,2025-05-06 10:12:29.711507
58448,59,2011-03-01,19.4,0,15.3,,23.6,14:55,6,6.1,12.8,13:30,61,77,04:50,48,11:30,2025-05-06 10:12:29.870033,2025-05-06 10:12:29.870033
58464,59,2011-03-02,18.8,0,16.3,,21.3,11:43,2,5.8,13.1,17:00,60,71,04:50,48,11:40,2025-05-06 10:12:30.024193,2025-05-06 10:12:30.024193
58481,59,2011-03-03,17.3,0,14.4,07:57,20.2,15:59,7,3.9,11.4,09:50,54,67,08:30,43,15:30,2025-05-06 10:12:30.197136,2025-05-06 10:12:30.197136
58497,59,2011-03-04,16,0,12,07:04,20,15:18,9,4.2,9.7,12:50,63,77,07:30,48,12:00,2025-05-06 10:12:30.364308,2025-05-06 10:12:30.364308
58513,59,2011-03-05,15.9,1.6,12.1,06:54,19.7,12:18,26,3.1,6.9,13:30,71,78,13:40,60,18:30,2025-05-06 10:12:30.528465,2025-05-06 10:12:30.528465
58528,59,2011-03-06,16.4,0,11,07:57,21.8,13:49,21,3.9,7.5,14:30,74,86,,62,13:30,2025-05-06 10:12:30.675411,2025-05-06 10:12:30.675411
58544,59,2011-03-07,16.8,3.4,11,06:08,22.6,15:27,23,4.4,10.8,13:30,69,85,07:00,45,15:40,2025-05-06 10:12:30.834521,2025-05-06 10:12:30.834521
58559,59,2011-03-08,18,0.2,14,07:58,21.9,16:19,26,3.6,11.1,03:30,68,91,08:10,42,17:30,2025-05-06 10:12:30.983920,2025-05-06 10:12:30.983920
58575,59,2011-03-09,18.8,0,15.1,04:30,22.6,14:00,24,2.8,6.9,23:10,69,80,04:40,55,14:00,2025-05-06 10:12:31.148048,2025-05-06 10:12:31.148048
58590,59,2011-03-10,19.8,0,17.5,23:09,22,15:22,21,5.6,12.2,15:40,77,80,,69,15:40,2025-05-06 10:12:31.304541,2025-05-06 10:12:31.304541
58605,59,2011-03-11,16.8,8,12.3,07:25,21.3,17:23,2,3.1,15.3,10:10,76,94,10:30,53,17:50,2025-05-06 10:12:31.451776,2025-05-06 10:12:31.451776
58621,59,2011-03-12,19.6,1.4,16.9,07:15,22.2,14:59,24,3.1,14.2,04:40,57,74,07:10,45,15:50,2025-05-06 10:12:31.588059,2025-05-06 10:12:31.588059
58636,59,2011-03-13,17,11.6,13.4,05:56,20.5,13:50,23,4.2,15.8,14:40,80,89,08:10,60,00:00,2025-05-06 10:12:31.659895,2025-05-06 10:12:31.659895
58651,59,2011-03-14,14.4,6.4,11.2,07:01,17.7,13:32,2,3.9,17.8,06:50,69,80,07:00,47,13:30,2025-05-06 10:12:31.738656,2025-05-06 10:12:31.738656
58665,59,2011-03-15,14.8,0.8,11.3,07:22,18.4,14:28,99,3.9,15,,60,78,01:10,44,13:00,2025-05-06 10:12:31.811086,2025-05-06 10:12:31.811086
58679,59,2011-03-16,14.8,0,9,,20.5,,34,3.3,11.1,14:40,64,86,,40,12:40,2025-05-06 10:12:31.899384,2025-05-06 10:12:31.899384
58694,59,2011-03-17,17.6,0,13,06:29,22.1,14:40,8,4.4,10.3,14:00,66,79,,46,11:40,2025-05-06 10:12:32.023511,2025-05-06 10:12:32.023511
58709,59,2011-03-18,18.4,0,14.4,04:03,22.3,14:37,9,3.9,10.3,15:10,65,78,,54,,2025-05-06 10:12:32.157689,2025-05-06 10:12:32.157689
58724,59,2011-03-19,18.6,0,13,07:14,24.3,16:06,36,3.1,8.3,21:20,75,90,,52,20:20,2025-05-06 10:12:32.304088,2025-05-06 10:12:32.304088
58740,59,2011-03-20,22.4,0,16.4,07:22,28.5,15:16,6,4.7,10,10:10,45,78,,21,14:30,2025-05-06 10:12:32.467300,2025-05-06 10:12:32.467300
58756,59,2011-03-21,22.6,0,18.2,05:29,26.9,16:54,34,3.9,12.8,22:10,50,73,,36,16:40,2025-05-06 10:12:32.631326,2025-05-06 10:12:32.631326
58772,59,2011-03-22,20.8,0,18,,23.6,13:16,27,5,15,17:10,66,78,07:20,55,13:40,2025-05-06 10:12:32.797654,2025-05-06 10:12:32.797654
58788,59,2011-03-23,20.3,0,17.9,,22.7,14:23,2,5.6,15.6,12:10,63,76,23:59,53,15:30,2025-05-06 10:12:32.958940,2025-05-06 10:12:32.958940
58804,59,2011-03-24,19.4,0,15.1,06:32,23.8,15:04,12,4.2,10.6,11:30,71,79,06:40,58,14:50,2025-05-06 10:12:33.125321,2025-05-06 10:12:33.125321
58821,59,2011-03-25,19.4,0,13.6,06:35,25.2,15:32,12,5,12.8,13:30,71,89,08:10,46,15:30,2025-05-06 10:12:33.289388,2025-05-06 10:12:33.289388
58837,59,2011-03-26,20.1,0,15.3,06:14,24.9,13:39,7,4.7,10.6,12:10,65,82,07:30,41,12:20,2025-05-06 10:12:33.456148,2025-05-06 10:12:33.456148
58854,59,2011-03-27,19,0,14.7,05:06,23.4,15:04,6,5.6,11.7,12:00,65,80,,52,12:00,2025-05-06 10:12:33.624915,2025-05-06 10:12:33.624915
58870,59,2011-03-28,20.2,0,15.9,06:17,24.5,14:51,12,4.7,13.6,13:10,65,80,,52,11:30,2025-05-06 10:12:33.793364,2025-05-06 10:12:33.793364
58886,59,2011-03-29,20.6,0,16.1,02:42,25.2,15:31,6,6.4,13.9,15:10,60,78,,40,16:20,2025-05-06 10:12:33.957614,2025-05-06 10:12:33.957614
58901,59,2011-03-30,20.6,0,16.6,07:05,24.6,15:05,7,5.3,12.5,12:00,68,83,07:20,55,14:20,2025-05-06 10:12:34.104972,2025-05-06 10:12:34.104972
58916,59,2011-03-31,20.5,0,15.7,05:30,25.3,14:30,99,3.6,8.3,23:30,75,86,06:30,66,15:10,2025-05-06 10:12:34.255677,2025-05-06 10:12:34.255677
58930,59,2011-04-01,21.1,,16.6,06:44,25.6,10:49,34,2.5,10.8,00:40,72,84,04:00,48,10:40,2025-05-06 10:12:34.399304,2025-05-06 10:12:34.399304
58943,59,2011-04-02,21.2,0,17.2,07:20,25.2,14:43,35,4.4,16.7,18:30,69,80,,61,17:50,2025-05-06 10:12:34.529673,2025-05-06 10:12:34.529673
58955,59,2011-04-03,20,0,17.3,,22.7,14:36,3,6.4,15.6,18:40,62,81,06:50,46,15:40,2025-05-06 10:12:34.653576,2025-05-06 10:12:34.653576
58968,59,2011-04-04,18.9,0,15.9,03:40,21.9,14:53,5,6.4,15,15:00,53,69,06:10,39,14:10,2025-05-06 10:12:34.782589,2025-05-06 10:12:34.782589
58981,59,2011-04-05,19.2,0,16.7,00:54,21.8,15:53,35,5.3,12.8,17:10,63,70,,54,16:00,2025-05-06 10:12:34.913266,2025-05-06 10:12:34.913266
58994,59,2011-04-06,21.4,0,17.9,,24.8,14:57,7,1.7,8.3,23:40,56,75,23:50,49,15:00,2025-05-06 10:12:35.040171,2025-05-06 10:12:35.040171
59007,59,2011-04-07,22.4,0,17.8,06:51,26.9,13:31,7,3.1,12.2,09:40,66,82,07:00,47,13:30,2025-05-06 10:12:35.170064,2025-05-06 10:12:35.170064
59020,59,2011-04-08,20.6,0,15.2,,26.1,16:08,2,2.2,7.2,21:10,69,81,,58,16:10,2025-05-06 10:12:35.305308,2025-05-06 10:12:35.305308
59033,59,2011-04-09,21.2,0,17.5,06:11,24.9,13:38,4,6.1,11.7,16:20,61,81,05:10,51,16:20,2025-05-06 10:12:35.435421,2025-05-06 10:12:35.435421
59046,59,2011-04-10,21.6,0,17.4,06:14,25.7,14:22,6,5.6,11.4,11:10,65,79,07:00,51,14:20,2025-05-06 10:12:35.568154,2025-05-06 10:12:35.568154
59059,59,2011-04-11,20.5,0,16.7,06:11,24.3,12:55,11,4.4,13.6,13:30,63,76,,53,12:50,2025-05-06 10:12:35.698601,2025-05-06 10:12:35.698601
59074,59,2011-04-12,20.9,0,17.6,01:57,24.2,12:11,12,4.7,13.3,14:30,67,74,,55,11:30,2025-05-06 10:12:35.843037,2025-05-06 10:12:35.843037
59088,59,2011-04-13,20.9,0,17.3,06:22,24.5,13:59,12,3.1,8.3,11:40,70,79,,61,14:10,2025-05-06 10:12:35.983404,2025-05-06 10:12:35.983404
59103,59,2011-04-14,20.8,0,16.3,06:33,25.3,14:05,23,3.9,9.4,17:40,76,87,07:10,62,14:20,2025-05-06 10:12:36.127985,2025-05-06 10:12:36.127985
59118,59,2011-04-15,20,0,17,07:08,22.9,15:56,26,4.4,10.8,14:40,69,83,01:00,54,16:30,2025-05-06 10:12:36.273914,2025-05-06 10:12:36.273914
59133,59,2011-04-16,19.8,0,16.4,05:50,23.1,,23,4.4,8.9,16:10,74,85,,67,01:10,2025-05-06 10:12:36.423955,2025-05-06 10:12:36.423955
59148,59,2011-04-17,21.6,0,17,04:26,26.3,14:43,23,3.1,11.7,23:10,74,89,23:30,58,14:40,2025-05-06 10:12:36.571189,2025-05-06 10:12:36.571189
59163,59,2011-04-18,21.2,0,19.4,06:58,23,14:58,23,7.5,13.1,14:00,79,91,,71,15:00,2025-05-06 10:12:36.729169,2025-05-06 10:12:36.729169
59178,59,2011-04-19,21.4,0,17.2,07:05,25.7,13:26,2,2.2,8.3,18:30,70,84,07:20,58,18:20,2025-05-06 10:12:36.877939,2025-05-06 10:12:36.877939
59194,59,2011-04-20,21,0,16.7,06:09,25.3,14:24,1,2.2,11.4,19:00,64,80,,45,13:50,2025-05-06 10:12:37.041507,2025-05-06 10:12:37.041507
59210,59,2011-04-21,19.8,0,17.1,,22.5,14:43,1,4.7,13.9,15:20,59,71,00:00,45,14:40,2025-05-06 10:12:37.207503,2025-05-06 10:12:37.207503
59226,59,2011-04-22,20.4,1.4,17.1,01:22,23.6,,36,3.9,13.1,15:10,55,70,23:30,41,11:50,2025-05-06 10:12:37.373517,2025-05-06 10:12:37.373517
59243,59,2011-04-23,19.2,0.2,16.3,06:34,22,14:37,32,5,15.8,12:50,63,82,07:00,42,12:30,2025-05-06 10:12:37.544469,2025-05-06 10:12:37.544469
59260,59,2011-04-24,19.6,0,16.6,04:39,22.7,11:52,3,4.4,12.2,10:30,55,75,04:30,41,10:20,2025-05-06 10:12:37.708887,2025-05-06 10:12:37.708887
59276,59,2011-04-25,19.6,0,15.4,06:12,23.7,11:27,7,3.6,11.1,12:10,71,79,,48,11:10,2025-05-06 10:12:37.875292,2025-05-06 10:12:37.875292
59292,59,2011-04-26,19,0,13.7,06:11,24.4,15:00,13,3.3,6.7,18:50,73,84,,58,15:00,2025-05-06 10:12:38.046084,2025-05-06 10:12:38.046084
59308,59,2011-04-27,20,0,14.9,06:35,25.1,15:27,28,3.6,11.1,15:10,62,79,,38,15:30,2025-05-06 10:12:38.203657,2025-05-06 10:12:38.203657
59323,59,2011-04-28,18.8,0.6,14.4,07:03,23.2,10:08,23,4.7,9.4,15:20,75,85,19:10,63,10:10,2025-05-06 10:12:38.386091,2025-05-06 10:12:38.386091
59338,59,2011-04-29,21.2,0,17.8,01:05,24.5,14:16,36,3.6,10.6,09:30,63,81,02:30,46,14:20,2025-05-06 10:12:38.535179,2025-05-06 10:12:38.535179
59353,59,2011-04-30,19,7.4,16.1,23:44,22,13:59,24,5,16.1,15:10,72,83,09:50,66,01:30,2025-05-06 10:12:38.676471,2025-05-06 10:12:38.676471
59368,59,2011-05-01,19,0.2,15.3,01:02,22.8,14:17,25,5.3,18.3,12:20,56,81,01:10,44,14:10,2025-05-06 10:12:38.834078,2025-05-06 10:12:38.834078
59383,59,2011-05-02,20.6,1,17.7,23:48,23.6,15:57,3,3.6,11.1,09:20,66,79,10:20,47,17:10,2025-05-06 10:12:38.997527,2025-05-06 10:12:38.997527
59398,59,2011-05-03,19.8,0,14.1,06:42,25.6,16:14,12,2.8,5.6,10:40,70,86,,53,16:00,2025-05-06 10:12:39.146035,2025-05-06 10:12:39.146035
59414,59,2011-05-04,18.7,0,15,06:36,22.4,16:09,6,3.6,10,11:40,77,85,06:30,67,,2025-05-06 10:12:39.280043,2025-05-06 10:12:39.280043
59430,59,2011-05-05,19.2,0,15.6,06:44,22.9,10:32,7,3.6,11.4,12:10,78,85,07:10,59,10:30,2025-05-06 10:12:39.423100,2025-05-06 10:12:39.423100
59447,59,2011-05-06,19.9,0,15.8,05:21,24,16:46,35,1.7,8.3,18:50,70,84,,47,11:30,2025-05-06 10:12:39.588347,2025-05-06 10:12:39.588347
59464,59,2011-05-07,20.6,0,16.6,06:44,24.6,15:52,11,5.3,12.5,12:50,71,85,07:10,60,15:50,2025-05-06 10:12:39.763626,2025-05-06 10:12:39.763626
59481,59,2011-05-08,20.4,0,15.8,06:18,25.1,16:04,8,5.3,13.6,12:40,68,79,06:30,54,16:10,2025-05-06 10:12:39.929691,2025-05-06 10:12:39.929691
59497,59,2011-05-09,22.1,0,18.2,04:34,26,16:10,11,3.6,13.3,14:40,63,74,,54,16:30,2025-05-06 10:12:40.089509,2025-05-06 10:12:40.089509
59513,59,2011-05-10,23,0,18.6,06:05,27.4,14:50,34,1.9,11.1,23:40,71,79,,60,14:50,2025-05-06 10:12:40.246663,2025-05-06 10:12:40.246663
59529,59,2011-05-11,24.8,0,20.4,,29.2,14:51,34,5.6,12.5,06:50,66,78,,48,10:30,2025-05-06 10:12:40.410277,2025-05-06 10:12:40.410277
59545,59,2011-05-12,24.6,0,22,21:48,27.1,12:43,34,3.9,10.8,00:10,68,80,,57,05:20,2025-05-06 10:12:40.570604,2025-05-06 10:12:40.570604
59561,59,2011-05-13,23,0,19.6,06:12,26.4,15:05,22,3.9,7.8,16:40,77,88,23:59,66,14:50,2025-05-06 10:12:40.730583,2025-05-06 10:12:40.730583
59577,59,2011-05-14,23.6,0,19,05:33,28.2,16:43,11,3.6,9.7,17:40,79,89,,49,16:40,2025-05-06 10:12:40.889945,2025-05-06 10:12:40.889945
59593,59,2011-05-15,23.7,0.2,19.8,06:50,27.6,15:12,12,4.2,11.1,18:20,72,85,01:20,60,15:10,2025-05-06 10:12:41.050441,2025-05-06 10:12:41.050441
59609,59,2011-05-16,24,0.2,20.9,,27,12:17,11,3.6,9.7,15:20,74,84,06:40,58,12:00,2025-05-06 10:12:41.205898,2025-05-06 10:12:41.205898
59625,59,2011-05-17,24,0,20,,28.1,15:37,35,3.1,9.4,08:00,73,82,,61,10:20,2025-05-06 10:12:41.364451,2025-05-06 10:12:41.364451
59641,59,2011-05-18,23,0,18.6,06:29,27.5,13:42,22,3.1,9.7,17:20,63,82,06:30,49,17:50,2025-05-06 10:12:41.525804,2025-05-06 10:12:41.525804
59657,59,2011-05-19,22.5,0,19.8,05:22,25.2,14:58,1,5,12.8,19:10,59,75,03:40,48,,2025-05-06 10:12:41.687330,2025-05-06 10:12:41.687330
59672,59,2011-05-20,22.5,0,19.4,02:36,25.6,12:51,5,4.2,12.5,11:30,61,76,23:30,48,11:40,2025-05-06 10:12:41.835798,2025-05-06 10:12:41.835798
59688,59,2011-05-21,23.6,0,20.6,00:01,26.5,15:06,2,3.9,10.3,16:10,67,77,,54,12:20,2025-05-06 10:12:41.994828,2025-05-06 10:12:41.994828
59704,59,2011-05-22,23.4,0,20,05:48,26.9,15:04,2,5.8,11.4,13:00,65,76,06:40,55,15:40,2025-05-06 10:12:42.155520,2025-05-06 10:12:42.155520
59720,59,2011-05-23,24.3,0,20.3,05:32,28.3,14:01,34,3.9,11.1,04:10,70,81,06:10,59,14:00,2025-05-06 10:12:42.269487,2025-05-06 10:12:42.269487
59736,59,2011-05-24,23.6,0,21.4,05:50,25.8,10:20,25,4.7,12.5,16:20,76,86,,62,19:00,2025-05-06 10:12:42.355721,2025-05-06 10:12:42.355721
59752,59,2011-05-25,22.6,0,20.8,23:18,24.4,10:42,6,4.4,12.2,02:00,80,85,07:00,70,00:00,2025-05-06 10:12:42.437146,2025-05-06 10:12:42.437146
59768,59,2011-05-26,22.9,0,19.9,06:35,25.9,15:04,23,3.6,9.7,16:10,74,82,03:30,61,18:50,2025-05-06 10:12:42.530810,2025-05-06 10:12:42.530810
59784,59,2011-05-27,21.9,0,18.3,06:01,25.5,11:09,24,4.7,10,15:50,74,84,,59,18:40,2025-05-06 10:12:42.641996,2025-05-06 10:12:42.641996
59800,59,2011-05-28,22.6,0,19,06:11,26.2,11:41,11,3.6,8.9,15:10,72,81,05:40,59,09:40,2025-05-06 10:12:42.783989,2025-05-06 10:12:42.783989
59816,59,2011-05-29,21.4,0,17.8,06:10,25.1,10:05,12,4.2,12.2,11:50,74,83,06:50,61,09:50,2025-05-06 10:12:42.942348,2025-05-06 10:12:42.942348
59832,59,2011-05-30,22.2,0,19,06:23,25.4,10:58,10,5.6,14.7,13:20,67,80,06:30,52,10:40,2025-05-06 10:12:43.091168,2025-05-06 10:12:43.091168
59848,59,2011-05-31,23.3,0,19.6,05:48,27,,6,5.8,13.3,09:50,60,73,22:40,51,14:40,2025-05-06 10:12:43.252898,2025-05-06 10:12:43.252898
59864,59,2011-06-01,23.6,0,20.5,05:31,26.7,12:03,11,6.1,14.2,14:40,62,73,,51,11:50,2025-05-06 10:12:43.413067,2025-05-06 10:12:43.413067
59879,59,2011-06-02,24.3,0,20.6,00:18,28,14:33,2,4.4,10,20:30,58,74,22:50,49,12:50,2025-05-06 10:12:43.561631,2025-05-06 10:12:43.561631
59893,59,2011-06-03,23.4,0,19.8,04:56,27,12:21,99,5.8,13.6,,63,77,,51,12:20,2025-05-06 10:12:43.694788,2025-05-06 10:12:43.694788
59907,59,2011-06-04,22.4,0,19.8,06:14,24.9,13:58,36,5.6,13.6,15:10,60,77,01:00,49,14:10,2025-05-06 10:12:43.833435,2025-05-06 10:12:43.833435
59922,59,2011-06-05,22.8,0,20.1,23:58,25.6,13:52,36,4.4,14.2,16:00,61,74,02:20,50,,2025-05-06 10:12:43.984869,2025-05-06 10:12:43.984869
59937,59,2011-06-06,,,,,,,0,4.2,,,58,,,,,2025-05-06 10:12:44.133761,2025-05-06 10:12:44.133761
59952,59,2011-06-07,22.2,0,19.6,23:53,24.9,10:56,10,4.7,10,12:20,66,74,04:00,46,10:30,2025-05-06 10:12:44.287582,2025-05-06 10:12:44.287582
59967,59,2011-06-08,21.8,0,18.4,03:30,25.3,11:45,99,4.7,11.7,,61,74,,51,11:10,2025-05-06 10:12:44.438662,2025-05-06 10:12:44.438662
59982,59,2011-06-09,23.4,0,19.5,02:46,27.4,15:04,10,5.6,13.6,12:50,58,75,03:40,45,11:20,2025-05-06 10:12:44.591438,2025-05-06 10:12:44.591438
59997,59,2011-06-10,23.3,0,19.7,05:25,26.9,16:26,3,4.2,10.8,23:30,58,71,04:10,49,16:30,2025-05-06 10:12:44.736295,2025-05-06 10:12:44.736295
60012,59,2011-06-11,23.6,0,20,03:49,27.3,16:00,4,3.1,11.1,17:40,52,74,23:50,42,16:10,2025-05-06 10:12:44.886926,2025-05-06 10:12:44.886926
60027,59,2011-06-12,24.1,0,20,05:51,28.2,16:09,1,5.6,12.5,19:10,65,75,,54,10:40,2025-05-06 10:12:45.041920,2025-05-06 10:12:45.041920
60042,59,2011-06-13,25.2,0,20.8,03:43,29.7,14:04,4,7.5,15.8,15:30,55,75,06:30,43,14:30,2025-05-06 10:12:45.192898,2025-05-06 10:12:45.192898
60057,59,2011-06-14,26.6,0,22.6,01:16,30.6,15:05,3,6.7,14.4,16:00,49,69,00:40,41,21:50,2025-05-06 10:12:45.343294,2025-05-06 10:12:45.343294
60072,59,2011-06-15,27.2,0,22.8,05:47,31.7,15:51,2,7.5,13.1,08:10,48,70,07:10,32,14:10,2025-05-06 10:12:45.492742,2025-05-06 10:12:45.492742
60087,59,2011-06-16,26.6,0,20.8,04:50,32.4,13:37,6,6.7,15.6,11:30,54,77,,36,12:20,2025-05-06 10:12:45.644517,2025-05-06 10:12:45.644517
60102,59,2011-06-17,24.9,0,21.3,,28.5,16:06,2,6.4,13.9,10:20,61,74,,50,16:10,2025-05-06 10:12:45.791334,2025-05-06 10:12:45.791334
60117,59,2011-06-18,24.9,0,20.8,03:08,29,16:59,11,5.3,10.8,14:10,67,76,23:50,56,13:40,2025-05-06 10:12:45.937587,2025-05-06 10:12:45.937587
60132,59,2011-06-19,27.6,0.2,22,05:38,33.2,18:42,10,3.9,14.7,19:00,70,84,04:00,31,18:40,2025-05-06 10:12:46.095410,2025-05-06 10:12:46.095410
60147,59,2011-06-20,28.9,0,25.2,06:40,32.6,21:38,3,3.1,11.4,00:10,65,71,10:20,32,21:30,2025-05-06 10:12:46.289819,2025-05-06 10:12:46.289819
60162,59,2011-06-21,32,0,28.6,19:52,35.4,08:59,32,4.4,10.8,04:00,44,64,16:50,24,05:10,2025-05-06 10:12:46.432625,2025-05-06 10:12:46.432625
60177,59,2011-06-22,34.6,0,29.3,,40,14:00,8,5,13.3,11:50,24,54,10:40,18,17:30,2025-05-06 10:12:46.580621,2025-05-06 10:12:46.580621
60192,59,2011-06-23,31.2,0,26.1,23:59,36.2,15:21,4,5.6,13.3,16:10,33,52,,25,,2025-05-06 10:12:46.731715,2025-05-06 10:12:46.731715
60207,59,2011-06-24,28.8,0,23.1,23:35,34.4,14:19,4,6.1,15,09:50,41,76,20:20,26,13:00,2025-05-06 10:12:46.880359,2025-05-06 10:12:46.880359
60222,59,2011-06-25,25.8,0,21.8,04:47,29.7,15:16,34,2.5,8.9,22:10,68,76,,58,14:20,2025-05-06 10:12:47.027858,2025-05-06 10:12:47.027858
60237,59,2011-06-26,25.5,0,21.3,04:28,29.7,17:05,35,2.8,9.7,05:40,69,76,,58,17:10,2025-05-06 10:12:47.172522,2025-05-06 10:12:47.172522
60252,59,2011-06-27,26.4,0,21.6,05:09,31.3,15:27,3,5.3,12.8,19:00,62,78,04:10,51,14:30,2025-05-06 10:12:47.321348,2025-05-06 10:12:47.321348
60266,59,2011-06-28,26.6,0,22.4,01:51,30.9,14:40,12,4.2,10.8,11:00,61,78,23:30,53,14:30,2025-05-06 10:12:47.465802,2025-05-06 10:12:47.465802
60281,59,2011-06-29,26,0,22,06:17,30.1,16:09,12,2.5,10.3,10:50,69,80,06:20,60,16:20,2025-05-06 10:12:47.626993,2025-05-06 10:12:47.626993
60296,59,2011-06-30,26.4,0,22.5,03:30,30.4,15:08,32,2.5,10.6,19:20,71,79,,56,18:40,2025-05-06 10:12:47.786303,2025-05-06 10:12:47.786303
60311,59,2011-07-01,26.4,0,22.6,02:43,30.2,15:08,3,2.2,7.8,00:10,70,82,22:10,62,15:30,2025-05-06 10:12:47.936615,2025-05-06 10:12:47.936615
60326,59,2011-07-02,27.4,0,22.4,23:56,32.5,10:48,35,3.9,10.8,09:00,70,76,23:30,42,10:50,2025-05-06 10:12:48.085521,2025-05-06 10:12:48.085521
60340,59,2011-07-03,24.4,0,20.9,06:23,27.9,13:06,10,5.6,12.8,15:10,64,79,04:50,56,,2025-05-06 10:12:48.225260,2025-05-06 10:12:48.225260
60354,59,2011-07-04,24.5,0,20.7,05:49,28.3,15:08,6,5.8,14.7,13:20,58,72,23:50,46,15:10,2025-05-06 10:12:48.364124,2025-05-06 10:12:48.364124
60369,59,2011-07-05,24.9,0,21.1,02:38,28.7,13:10,10,5.3,15,14:30,63,76,22:20,54,11:50,2025-05-06 10:12:48.519007,2025-05-06 10:12:48.519007
60384,59,2011-07-06,25.5,0,21.8,02:42,29.2,14:39,12,4.4,11.7,12:10,71,78,,60,11:30,2025-05-06 10:12:48.671706,2025-05-06 10:12:48.671706
60399,59,2011-07-07,25.9,0,21.8,,30,15:34,11,4.7,11.7,11:50,69,81,,54,15:30,2025-05-06 10:12:48.826566,2025-05-06 10:12:48.826566
60414,59,2011-07-08,25.3,0,21.3,,29.3,15:29,3,5.6,13.1,19:10,64,74,,49,15:30,2025-05-06 10:12:48.979005,2025-05-06 10:12:48.979005
60428,59,2011-07-09,25.3,0,20.4,05:37,30.2,14:45,6,6.4,14.7,10:30,60,76,04:30,47,15:00,2025-05-06 10:12:49.118750,2025-05-06 10:12:49.118750
60442,59,2011-07-10,25.6,0,21.1,,30.2,13:55,2,5.8,13.3,19:10,59,76,,46,13:20,2025-05-06 10:12:49.261372,2025-05-06 10:12:49.261372
60456,59,2011-07-11,25.4,0,21.1,,29.6,14:16,6,5,13.6,09:20,60,75,,47,13:50,2025-05-06 10:12:49.408486,2025-05-06 10:12:49.408486
60471,59,2011-07-12,24.8,0,20.7,,28.8,14:38,3,5.8,13.3,10:50,63,77,,47,15:10,2025-05-06 10:12:49.559870,2025-05-06 10:12:49.559870
60485,59,2011-07-13,25,0,21.9,,28.2,,6,6.1,12.8,15:10,66,79,,56,12:40,2025-05-06 10:12:49.657856,2025-05-06 10:12:49.657856
60499,59,2011-07-14,25.6,0,20.5,05:42,30.7,,6,5.3,12.8,14:20,56,77,,37,13:10,2025-05-06 10:12:49.704512,2025-05-06 10:12:49.704512
60514,59,2011-07-15,26,0,21,04:12,30.9,14:08,6,7.2,15,13:20,56,77,,39,12:50,2025-05-06 10:12:49.747946,2025-05-06 10:12:49.747946
60528,59,2011-07-16,25.4,0,20.5,05:55,30.3,13:50,8,6.1,12.5,16:40,69,80,,48,,2025-05-06 10:12:49.789482,2025-05-06 10:12:49.789482
60542,59,2011-07-17,24.8,0,20.7,05:39,29,11:52,10,6.9,12.8,14:50,70,81,,55,11:30,2025-05-06 10:12:49.838283,2025-05-06 10:12:49.838283
60556,59,2011-07-18,25.2,0,21.8,23:58,28.7,13:26,9,4.7,13.1,14:30,60,77,,49,17:40,2025-05-06 10:12:49.892051,2025-05-06 10:12:49.892051
60570,59,2011-07-19,24.6,0,20.7,,28.4,15:12,1,5.8,13.3,17:10,63,77,,53,15:20,2025-05-06 10:12:49.941706,2025-05-06 10:12:49.941706
60584,59,2011-07-20,24.2,0,21.5,05:57,26.9,14:36,4,5.8,12.8,09:10,62,81,05:00,47,15:20,2025-05-06 10:12:49.987713,2025-05-06 10:12:49.987713
60598,59,2011-07-21,24.6,0,21.6,04:34,27.7,13:40,36,4.2,12.8,17:20,56,72,04:30,47,,2025-05-06 10:12:50.030432,2025-05-06 10:12:50.030432
60611,59,2011-07-22,24.8,0,21.6,06:43,27.9,13:35,10,3.3,13.3,14:50,58,73,08:30,49,,2025-05-06 10:12:50.085314,2025-05-06 10:12:50.085314
60626,59,2011-07-23,24.6,0,22.1,,27,11:41,10,5.8,14.4,13:40,63,70,22:20,51,11:20,2025-05-06 10:12:50.164536,2025-05-06 10:12:50.164536
60641,59,2011-07-24,24.1,0,21.1,04:50,27.1,17:06,11,6.1,14.7,13:10,60,69,,52,17:00,2025-05-06 10:12:50.270194,2025-05-06 10:12:50.270194
60656,59,2011-07-25,24.6,0,20.7,03:21,28.4,17:30,12,2.5,12.2,14:10,55,71,,45,11:50,2025-05-06 10:12:50.401017,2025-05-06 10:12:50.401017
60671,59,2011-07-26,25,0,20.9,,29.1,15:58,34,2.8,10,18:40,62,76,,54,,2025-05-06 10:12:50.539936,2025-05-06 10:12:50.539936
60685,59,2011-07-27,25.9,0,21.5,,30.3,13:39,11,2.8,11.4,19:10,58,76,,48,13:00,2025-05-06 10:12:50.674226,2025-05-06 10:12:50.674226
60697,59,2011-07-28,26,0,21.9,04:33,30,14:50,11,5,15,13:20,69,77,23:50,53,14:40,2025-05-06 10:12:50.794597,2025-05-06 10:12:50.794597
60734,59,2011-07-31,26,,22,23:43,30.1,12:45,34,,17.8,17:00,,74,,46,,2025-05-06 10:12:51.181258,2025-05-06 10:12:51.181258
60761,59,2011-08-02,25.8,0,21.8,,29.8,13:17,11,4.7,13.9,13:50,60,77,,47,13:00,2025-05-06 10:12:51.459557,2025-05-06 10:12:51.459557
60776,59,2011-08-03,25.6,0,21.6,,29.7,15:58,11,3.9,10.6,14:30,64,75,06:40,53,16:00,2025-05-06 10:12:51.606995,2025-05-06 10:12:51.606995
60791,59,2011-08-04,25.8,0,21.5,06:14,30,14:39,1,4.7,13.9,22:40,60,78,06:30,46,15:30,2025-05-06 10:12:51.756519,2025-05-06 10:12:51.756519
60806,59,2011-08-05,25.6,0,21.4,05:12,29.9,13:28,2,4.7,13.3,16:40,62,75,,50,13:40,2025-05-06 10:13:54.828489,2025-05-06 10:13:54.828489
60821,59,2011-08-06,25.2,0,22.2,03:34,28.3,13:51,2,7.2,16.1,15:20,65,77,,53,13:50,2025-05-06 10:13:54.970192,2025-05-06 10:13:54.970192
60836,59,2011-08-07,25.8,0,22,04:56,29.6,15:40,4,4.7,12.8,19:10,63,76,03:30,52,,2025-05-06 10:13:55.113438,2025-05-06 10:13:55.113438
60851,59,2011-08-08,25.9,0,22.6,06:35,29.2,17:07,7,3.1,9.4,11:40,64,81,,55,12:50,2025-05-06 10:13:55.264197,2025-05-06 10:13:55.264197
60866,59,2011-08-09,26.8,0,22,,31.7,14:37,12,3.9,10.8,12:30,66,79,07:10,49,14:30,2025-05-06 10:13:55.417053,2025-05-06 10:13:55.417053
60881,59,2011-08-10,27.2,0,21.7,06:28,32.8,15:16,11,5.6,12.2,13:10,63,77,,43,16:00,2025-05-06 10:13:55.610129,2025-05-06 10:13:55.610129
60896,59,2011-08-11,27,0,21.9,,32.1,15:55,6,4.7,13.6,13:20,63,81,,46,13:50,2025-05-06 10:13:55.763262,2025-05-06 10:13:55.763262
60911,59,2011-08-12,25.7,0,21.3,02:49,30.1,16:10,12,5.8,13.1,13:50,66,80,04:00,52,,2025-05-06 10:13:55.912722,2025-05-06 10:13:55.912722
60926,59,2011-08-13,25.4,0,21.1,03:32,29.7,12:45,6,5.3,11.1,12:40,66,80,,54,13:00,2025-05-06 10:13:56.060567,2025-05-06 10:13:56.060567
60941,59,2011-08-14,25.6,0,21.4,04:42,29.9,15:04,6,5.8,12.2,17:20,66,79,04:00,53,15:10,2025-05-06 10:13:56.214889,2025-05-06 10:13:56.214889
60956,59,2011-08-15,27.4,0,22.4,03:00,32.4,14:31,2,6.4,14.2,23:20,58,81,03:10,46,17:10,2025-05-06 10:13:56.361810,2025-05-06 10:13:56.361810
60971,59,2011-08-16,28,0,24,23:38,31.9,16:45,4,8.1,15.6,12:40,45,68,00:00,38,16:00,2025-05-06 10:13:56.511809,2025-05-06 10:13:56.511809
60985,59,2011-08-17,25.6,0,21.8,05:45,29.5,15:33,10,5.6,12.2,12:50,67,78,,53,15:50,2025-05-06 10:13:56.663473,2025-05-06 10:13:56.663473
60999,59,2011-08-18,24.2,0,20.9,05:36,27.4,11:29,10,5.6,13.6,13:50,70,81,,58,11:20,2025-05-06 10:13:56.807877,2025-05-06 10:13:56.807877
61013,59,2011-08-19,25.8,0,21.8,,29.7,14:05,11,4.4,13.1,14:20,70,77,23:59,56,14:00,2025-05-06 10:13:56.956227,2025-05-06 10:13:56.956227
61027,59,2011-08-20,25,0,21.2,06:39,28.8,15:04,11,3.6,10,11:40,71,83,06:40,57,18:40,2025-05-06 10:13:57.100709,2025-05-06 10:13:57.100709
61041,59,2011-08-21,24.9,0,20.7,06:31,29.1,14:19,10,5,13.6,12:10,70,84,07:10,56,10:40,2025-05-06 10:13:57.246208,2025-05-06 10:13:57.246208
61055,59,2011-08-22,25.8,0,21.4,06:14,30.2,14:42,11,5.3,16.7,15:10,68,79,,53,14:40,2025-05-06 10:13:57.369127,2025-05-06 10:13:57.369127
61069,59,2011-08-23,25.4,0,21.5,06:28,29.3,14:13,6,5.6,13.9,19:10,66,78,,55,14:10,2025-05-06 10:13:57.444098,2025-05-06 10:13:57.444098
61083,59,2011-08-24,25.5,0,21.3,06:21,29.7,12:26,11,6.1,13.1,13:00,67,76,,48,11:40,2025-05-06 10:13:57.520952,2025-05-06 10:13:57.520952
61097,59,2011-08-25,25.8,0,21.9,,29.6,14:31,10,3.9,13.1,19:10,64,77,19:40,47,14:40,2025-05-06 10:13:57.598774,2025-05-06 10:13:57.598774
61111,59,2011-08-26,25.8,0,21.9,06:56,29.6,15:43,11,4.2,10.8,12:50,71,80,07:20,57,15:40,2025-05-06 10:13:57.691379,2025-05-06 10:13:57.691379
61125,59,2011-08-27,24.8,0,21.2,06:53,28.3,11:49,10,4.7,13.9,13:20,71,82,07:20,54,11:50,2025-05-06 10:13:57.811854,2025-05-06 10:13:57.811854
61139,59,2011-08-28,25.9,0,21.6,06:49,30.2,16:04,11,5.6,13.3,13:00,70,80,06:50,53,16:00,2025-05-06 10:13:57.935753,2025-05-06 10:13:57.935753
61154,59,2011-08-29,24.8,0,21.4,06:42,28.1,15:06,10,5.8,13.1,13:20,68,76,06:50,57,12:00,2025-05-06 10:13:58.078770,2025-05-06 10:13:58.078770
61170,59,2011-08-30,24.4,0,20.8,03:35,28.1,16:59,11,5.3,13.3,12:40,66,78,05:10,52,17:00,2025-05-06 10:13:58.255430,2025-05-06 10:13:58.255430
61186,59,2011-08-31,25,0,21,02:56,28.9,14:46,10,2.8,11.1,11:20,65,77,03:30,52,11:00,2025-05-06 10:13:58.389021,2025-05-06 10:13:58.389021
61202,59,2011-09-01,25.2,0,22.5,04:28,27.8,17:09,99,3.9,10,,73,83,09:50,59,17:30,2025-05-06 10:13:58.532511,2025-05-06 10:13:58.532511
61218,59,2011-09-02,24.4,0,20.2,06:31,28.6,16:53,35,4.4,15,19:10,73,83,06:50,57,19:00,2025-05-06 10:13:58.702349,2025-05-06 10:13:58.702349
61234,59,2011-09-03,24.3,0,20.7,06:57,27.9,10:58,99,4.7,11.7,,70,80,,53,10:50,2025-05-06 10:13:58.866338,2025-05-06 10:13:58.866338
61250,59,2011-09-04,25.8,0,21.7,02:39,29.8,13:13,1,4.7,12.5,18:10,59,77,04:00,45,13:20,2025-05-06 10:13:59.045755,2025-05-06 10:13:59.045755
61266,59,2011-09-05,25.9,0,21.9,03:00,29.9,14:48,3,5.8,13.3,16:10,62,77,23:50,52,15:00,2025-05-06 10:13:59.224976,2025-05-06 10:13:59.224976
61282,59,2011-09-06,26.1,0,22.1,02:03,30.1,14:09,6,2.5,8.1,10:10,71,82,20:40,55,10:50,2025-05-06 10:13:59.386741,2025-05-06 10:13:59.386741
61298,59,2011-09-07,25,0,19.8,06:56,30.3,15:11,12,1.9,7.5,14:40,68,84,23:59,54,14:30,2025-05-06 10:13:59.543776,2025-05-06 10:13:59.543776
61314,59,2011-09-08,25.2,0,21,05:43,29.4,16:14,34,2.8,13.3,23:59,73,93,05:00,53,23:59,2025-05-06 10:13:59.703820,2025-05-06 10:13:59.703820
61330,59,2011-09-09,26.6,0,22.7,06:45,30.6,14:41,35,2.5,14.2,01:20,70,78,,47,00:30,2025-05-06 10:13:59.861518,2025-05-06 10:13:59.861518
61346,59,2011-09-10,25.8,0,22.2,06:57,29.3,16:32,10,5.8,13.9,13:10,69,78,07:00,56,16:50,2025-05-06 10:14:00.031706,2025-05-06 10:14:00.031706
61362,59,2011-09-11,26,0,22.4,03:08,29.7,13:56,5,6.4,12.5,10:50,68,81,07:10,57,14:00,2025-05-06 10:14:00.200986,2025-05-06 10:14:00.200986
61378,59,2011-09-12,25.6,0,22.2,06:36,29,15:46,11,4.2,12.8,13:40,69,80,,58,12:00,2025-05-06 10:14:00.368812,2025-05-06 10:14:00.368812
61394,59,2011-09-13,25.2,0,22.2,04:26,28.3,15:07,11,5.6,13.6,12:10,67,76,,55,11:30,2025-05-06 10:14:00.530445,2025-05-06 10:14:00.530445
61410,59,2011-09-14,24.5,0,20.9,06:53,28.1,11:30,11,4.7,13.3,12:20,69,76,,50,11:30,2025-05-06 10:14:00.692442,2025-05-06 10:14:00.692442
61426,59,2011-09-15,23.8,0,20.7,07:29,26.8,10:23,12,3.6,11.1,12:20,75,85,07:30,57,10:20,2025-05-06 10:14:00.859818,2025-05-06 10:14:00.859818
61442,59,2011-09-16,23.5,0,19.6,04:04,27.4,11:41,10,6.1,14.2,13:00,74,86,,53,11:10,2025-05-06 10:14:01.028226,2025-05-06 10:14:01.028226
61458,59,2011-09-17,24.2,0,20.6,06:52,27.8,11:44,8,5,16.4,15:10,69,82,07:30,54,10:50,2025-05-06 10:14:01.194203,2025-05-06 10:14:01.194203
61474,59,2011-09-18,24.4,0,20.7,06:40,28.1,11:50,8,5.8,13.3,13:50,68,78,06:30,54,11:00,2025-05-06 10:14:01.359774,2025-05-06 10:14:01.359774
61490,59,2011-09-19,24.8,0,21.7,00:25,27.9,14:52,5,6.4,12.8,11:30,62,72,,53,11:30,2025-05-06 10:14:01.515686,2025-05-06 10:14:01.515686
61506,59,2011-09-20,24.6,0,20.8,07:39,28.4,15:10,10,5,13.6,14:00,64,74,21:10,53,15:20,2025-05-06 10:14:01.674944,2025-05-06 10:14:01.674944
61522,59,2011-09-21,24.4,0,21.6,,27.2,16:37,11,5.3,13.3,14:10,68,78,23:40,57,10:50,2025-05-06 10:14:01.838784,2025-05-06 10:14:01.838784
61538,59,2011-09-22,26.3,0,22.1,,30.5,15:29,1,5,16.4,15:50,65,82,,52,13:10,2025-05-06 10:14:02.007189,2025-05-06 10:14:02.007189
61554,59,2011-09-23,24,0,21.7,23:43,26.3,14:15,99,4.4,9.2,12:40,75,82,06:40,67,15:30,2025-05-06 10:14:02.169227,2025-05-06 10:14:02.169227
61570,59,2011-09-24,23.2,0,19.9,07:00,26.4,16:52,10,5.6,12.5,15:10,72,79,07:10,56,16:50,2025-05-06 10:14:02.334648,2025-05-06 10:14:02.334648
61586,59,2011-09-25,22.6,0,18.8,06:27,26.4,17:23,12,2.8,11.7,11:20,71,82,07:00,61,17:30,2025-05-06 10:14:02.490710,2025-05-06 10:14:02.490710
61602,59,2011-09-26,23,0,19.7,07:10,26.3,15:37,10,4.7,15.3,15:10,69,83,,55,15:50,2025-05-06 10:14:02.651047,2025-05-06 10:14:02.651047
61618,59,2011-09-27,24.8,0,21,06:11,28.7,15:54,12,4.4,11.1,13:30,69,82,06:50,58,17:00,2025-05-06 10:14:02.794470,2025-05-06 10:14:02.794470
61634,59,2011-09-28,25.8,0,21.2,06:47,30.4,13:38,11,4.4,12.2,14:00,62,78,,46,13:30,2025-05-06 10:14:02.960803,2025-05-06 10:14:02.960803
61650,59,2011-09-29,25.9,0,21.4,05:44,30.4,12:17,12,3.6,9.2,12:40,74,83,,52,11:30,2025-05-06 10:14:03.137260,2025-05-06 10:14:03.137260
61666,59,2011-09-30,25,0,21.1,07:16,28.8,13:32,11,3.1,8.6,15:30,73,84,07:30,64,13:00,2025-05-06 10:14:03.310392,2025-05-06 10:14:03.310392
61682,59,2011-10-01,24.2,0,19.7,06:44,28.6,14:41,12,2.2,4.7,19:50,74,87,07:30,62,15:00,2025-05-06 10:14:03.474144,2025-05-06 10:14:03.474144
61698,59,2011-10-02,24.5,0,21.6,02:46,27.4,14:09,9,3.6,9.7,17:40,72,84,,62,18:20,2025-05-06 10:14:03.634375,2025-05-06 10:14:03.634375
61714,59,2011-10-03,26,0,23.5,04:43,28.4,17:09,7,3.6,15.8,17:20,65,79,08:20,46,17:10,2025-05-06 10:14:03.798427,2025-05-06 10:14:03.798427
61730,59,2011-10-04,29.1,0,25.1,23:53,33.1,12:21,4,4.7,9.7,11:10,50,76,23:50,38,11:50,2025-05-06 10:14:03.964231,2025-05-06 10:14:03.964231
61746,59,2011-10-05,26.2,0,23.5,06:59,29,14:36,12,2.8,10.3,16:00,67,82,21:10,52,17:30,2025-05-06 10:14:04.125499,2025-05-06 10:14:04.125499
61762,59,2011-10-06,25,0,21.3,06:59,28.8,14:05,8,4.7,13.3,12:20,65,75,,46,09:00,2025-05-06 10:14:04.290694,2025-05-06 10:14:04.290694
61778,59,2011-10-07,26.8,0,22.6,23:50,31,12:52,6,5.6,11.1,22:20,57,79,02:50,38,16:20,2025-05-06 10:14:04.457496,2025-05-06 10:14:04.457496
61794,59,2011-10-08,23.4,0,20.6,07:17,26.2,11:30,10,4.7,12.2,12:30,72,82,07:10,64,10:30,2025-05-06 10:14:04.625051,2025-05-06 10:14:04.625051
61809,59,2011-10-09,22.2,0,18.3,06:41,26.1,18:04,11,4.2,11.7,13:20,72,85,,55,20:20,2025-05-06 10:14:04.795948,2025-05-06 10:14:04.795948
61825,59,2011-10-10,26.6,0,21.1,05:55,32,14:04,7,2.8,9.7,12:50,55,83,,27,,2025-05-06 10:14:04.962795,2025-05-06 10:14:04.962795
61841,59,2011-10-11,26.9,0,22.7,06:40,31.1,16:26,7,4.4,12.5,09:40,55,68,03:10,23,23:59,2025-05-06 10:14:05.124207,2025-05-06 10:14:05.124207
61856,59,2011-10-12,27,0,22.4,06:31,31.7,14:40,3,5.8,10.8,08:40,45,75,06:40,20,01:00,2025-05-06 10:14:05.279796,2025-05-06 10:14:05.279796
61870,59,2011-10-13,25.6,0,21,06:54,30.3,15:01,10,4.7,9.7,13:00,65,80,,42,15:00,2025-05-06 10:14:05.416928,2025-05-06 10:14:05.416928
61883,59,2011-10-14,25.6,0,21.1,07:12,30.2,13:35,4,5,11.1,21:50,56,79,,30,15:00,2025-05-06 10:14:05.556285,2025-05-06 10:14:05.556285
61897,59,2011-10-15,25.2,0,21.2,06:54,29.2,14:54,99,5,10.3,,63,81,07:10,50,14:40,2025-05-06 10:14:05.702134,2025-05-06 10:14:05.702134
61911,59,2011-10-16,24.8,0,21.3,06:05,28.2,16:06,10,4.2,10.6,14:20,71,81,,51,16:00,2025-05-06 10:14:05.840982,2025-05-06 10:14:05.840982
61924,59,2011-10-17,24.4,0,21.2,05:22,27.5,14:49,3,3.6,9.2,00:50,72,81,,54,15:10,2025-05-06 10:14:05.972555,2025-05-06 10:14:05.972555
61938,59,2011-10-18,24.4,0,21.1,,27.7,15:53,36,3.9,10.8,20:30,74,83,02:00,58,15:40,2025-05-06 10:14:06.115386,2025-05-06 10:14:06.115386
61953,59,2011-10-19,25.6,0.4,22.9,07:28,28.4,14:49,4,4.4,9.7,18:50,70,81,08:50,44,03:40,2025-05-06 10:14:06.266433,2025-05-06 10:14:06.266433
61967,59,2011-10-20,24,0,21.4,24:00,26.6,12:21,9,4.7,13.3,15:10,76,83,06:50,64,11:00,2025-05-06 10:14:06.415470,2025-05-06 10:14:06.415470
61982,59,2011-10-21,22.2,0,18.4,06:42,25.9,14:30,10,4.2,11.4,12:30,70,82,07:40,58,11:10,2025-05-06 10:14:06.585524,2025-05-06 10:14:06.585524
61997,59,2011-10-22,21,0,17.5,07:14,24.4,15:11,12,4.4,11.9,11:20,74,81,07:10,64,11:30,2025-05-06 10:14:06.739862,2025-05-06 10:14:06.739862
62012,59,2011-10-23,21.6,0,17,06:02,26.3,14:15,23,3.1,8.9,17:20,69,83,,59,18:00,2025-05-06 10:14:06.897265,2025-05-06 10:14:06.897265
62027,59,2011-10-24,22.9,0,20.5,07:11,25.3,14:08,26,5,10.6,15:40,73,82,22:10,67,12:00,2025-05-06 10:14:07.043625,2025-05-06 10:14:07.043625
62043,59,2011-10-25,23.8,0,20.1,23:54,27.5,14:25,12,3.9,6.7,11:10,72,82,,61,10:30,2025-05-06 10:14:07.210642,2025-05-06 10:14:07.210642
62059,59,2011-10-26,21.4,0,16.9,06:16,25.9,12:00,26,4.4,8.6,14:30,77,87,,67,11:40,2025-05-06 10:14:07.368237,2025-05-06 10:14:07.368237
62074,59,2011-10-27,22.2,0,18.5,03:45,25.9,11:16,4,3.3,9.4,16:20,77,84,06:40,65,11:10,2025-05-06 10:14:07.531894,2025-05-06 10:14:07.531894
62089,59,2011-10-28,21.8,0,18.2,,25.4,13:02,10,4.2,11.9,14:40,58,76,02:40,48,13:10,2025-05-06 10:14:07.673641,2025-05-06 10:14:07.673641
62104,59,2011-10-29,22.4,0,20,03:45,24.9,13:52,7,6.1,14.2,13:50,57,68,23:40,49,13:00,2025-05-06 10:14:07.829197,2025-05-06 10:14:07.829197
62119,59,2011-10-30,21.4,0,17.8,07:17,25,12:20,8,4.2,10,13:00,67,79,07:40,54,11:50,2025-05-06 10:14:07.965441,2025-05-06 10:14:07.965441
62135,59,2011-10-31,22.2,0,17.7,08:08,26.6,13:48,9,3.6,10.8,14:50,66,83,08:30,44,13:30,2025-05-06 10:14:08.043464,2025-05-06 10:14:08.043464
62151,59,2011-11-01,21,0,16.7,07:10,25.4,12:14,13,3.9,11.9,14:00,73,84,07:50,52,11:30,2025-05-06 10:14:08.126946,2025-05-06 10:14:08.126946
62167,59,2011-11-02,20.6,0,15.4,05:41,25.8,15:42,22,3.6,11.1,14:40,73,85,06:50,56,15:40,2025-05-06 10:14:08.217318,2025-05-06 10:14:08.217318
62183,59,2011-11-03,23.6,0.4,20.7,02:10,26.5,14:19,29,3.3,11.4,15:10,72,86,,53,16:20,2025-05-06 10:14:08.316757,2025-05-06 10:14:08.316757
62199,59,2011-11-04,23,0,20.7,05:59,25.4,13:36,35,5.6,17.5,14:00,60,77,06:10,45,12:30,2025-05-06 10:14:08.494608,2025-05-06 10:14:08.494608
62215,59,2011-11-05,21.6,0,18.2,23:40,25,12:44,3,3.6,9.7,12:50,60,74,06:40,43,12:40,2025-05-06 10:14:08.662681,2025-05-06 10:14:08.662681
62231,59,2011-11-06,20.4,0,17,07:39,23.8,14:07,7,5.3,11.7,16:00,65,76,,46,14:00,2025-05-06 10:14:08.810531,2025-05-06 10:14:08.810531
62247,59,2011-11-07,20.6,0,16.9,02:45,24.3,12:25,8,3.9,11.7,14:50,64,75,23:40,52,11:30,2025-05-06 10:14:08.977138,2025-05-06 10:14:08.977138
62263,59,2011-11-08,20.7,0,16.7,02:43,24.7,13:46,11,3.9,9.7,17:10,70,80,,60,16:40,2025-05-06 10:14:09.143658,2025-05-06 10:14:09.143658
62278,59,2011-11-09,21.2,0,17.8,04:36,24.7,15:34,10,3.3,7.8,18:50,77,86,04:50,67,15:40,2025-05-06 10:14:09.301099,2025-05-06 10:14:09.301099
62293,59,2011-11-10,20.7,0,17.4,04:34,24,14:43,10,3.6,13.6,15:10,77,87,,67,19:00,2025-05-06 10:14:09.459532,2025-05-06 10:14:09.459532
62309,59,2011-11-11,21,0,18.2,02:22,23.9,14:26,10,1.9,9.2,12:10,77,88,07:50,55,23:50,2025-05-06 10:14:09.629299,2025-05-06 10:14:09.629299
62324,59,2011-11-12,22.7,0,20.1,07:39,25.3,,35,1.7,10.3,20:50,57,76,23:59,35,15:20,2025-05-06 10:14:09.788689,2025-05-06 10:14:09.788689
62340,59,2011-11-13,22.6,0,19,08:04,26.2,12:58,36,2.2,7.8,20:40,73,82,06:50,65,13:10,2025-05-06 10:14:09.953076,2025-05-06 10:14:09.953076
62356,59,2011-11-14,20.6,0,15.9,06:16,25.3,14:44,3,3.6,9.4,12:50,71,83,08:20,54,14:50,2025-05-06 10:14:10.116265,2025-05-06 10:14:10.116265
62372,59,2011-11-15,20.5,0,16.6,07:06,24.4,12:13,7,4.4,12.2,13:10,66,79,07:40,47,12:40,2025-05-06 10:14:10.283634,2025-05-06 10:14:10.283634
62388,59,2011-11-16,19.9,0,15.2,05:41,24.6,12:47,11,2.8,10.8,14:10,65,80,06:00,48,13:30,2025-05-06 10:14:10.449923,2025-05-06 10:14:10.449923
62404,59,2011-11-17,19.4,0,14.5,05:58,24.4,14:36,6,3.1,8.6,17:00,68,83,,54,14:30,2025-05-06 10:14:10.608635,2025-05-06 10:14:10.608635
62420,59,2011-11-18,20,0,15.4,06:54,24.7,14:18,13,3.1,9.4,12:00,70,86,,53,16:20,2025-05-06 10:14:10.768896,2025-05-06 10:14:10.768896
62436,59,2011-11-19,20,1.2,15.7,05:15,24.4,12:45,4,2.5,10.6,11:20,65,80,05:40,49,11:50,2025-05-06 10:14:10.932767,2025-05-06 10:14:10.932767
62452,59,2011-11-20,20.6,0,17.5,07:30,23.6,13:33,36,2.8,11.4,15:10,57,78,04:00,44,12:10,2025-05-06 10:14:11.097033,2025-05-06 10:14:11.097033
62468,59,2011-11-21,19.8,0,16.2,07:41,23.5,15:28,3,3.9,10.3,16:20,64,76,,46,15:00,2025-05-06 10:14:11.267872,2025-05-06 10:14:11.267872
62484,59,2011-11-22,20.2,0,16.5,03:34,23.8,13:38,7,4.7,11.4,15:10,63,85,06:10,41,13:20,2025-05-06 10:14:11.438097,2025-05-06 10:14:11.438097
62500,59,2011-11-23,19.2,0,16,07:47,22.5,14:41,2,3.9,11.7,09:50,62,75,21:10,44,14:40,2025-05-06 10:14:11.596712,2025-05-06 10:14:11.596712
62516,59,2011-11-24,19.6,0,16,07:36,23.3,15:18,1,4.7,11.7,15:10,63,78,,42,,2025-05-06 10:14:11.766903,2025-05-06 10:14:11.766903
62532,59,2011-11-25,20,0,16.6,07:33,23.3,14:56,6,4.2,11.7,12:00,65,83,08:20,53,18:20,2025-05-06 10:14:11.936223,2025-05-06 10:14:11.936223
62548,59,2011-11-26,20.5,0,17.9,07:44,23.1,12:40,8,5,11.7,13:50,67,78,08:30,54,13:50,2025-05-06 10:14:12.073862,2025-05-06 10:14:12.073862
62564,59,2011-11-27,20.3,0,17,08:06,23.6,14:38,8,5,10.3,16:30,68,79,08:10,56,14:50,2025-05-06 10:14:12.231636,2025-05-06 10:14:12.231636
62580,59,2011-11-28,19.2,0,15.3,06:13,23.1,12:21,9,4.2,10.3,12:10,69,84,,55,12:30,2025-05-06 10:14:12.393931,2025-05-06 10:14:12.393931
62596,59,2011-11-29,18.2,0,14.5,04:33,21.9,16:10,9,3.9,11.4,15:50,73,83,08:20,63,16:50,2025-05-06 10:14:12.556728,2025-05-06 10:14:12.556728
62612,59,2011-11-30,19.2,0,15,05:30,23.5,,8,3.9,9.7,13:10,68,89,08:40,50,17:00,2025-05-06 10:14:12.720261,2025-05-06 10:14:12.720261
62627,59,2011-12-01,20.4,0,16.2,,24.5,15:45,6,3.3,16.7,22:20,61,86,08:10,36,16:10,2025-05-06 10:14:12.874962,2025-05-06 10:14:12.874962
62642,59,2011-12-02,21.4,0,18.5,,24.2,14:20,4,6.7,17.8,00:20,54,76,,42,16:40,2025-05-06 10:14:13.069649,2025-05-06 10:14:13.069649
62657,59,2011-12-03,19,0,15.9,08:00,22.1,12:09,6,4.4,13.6,12:10,61,79,,49,13:00,2025-05-06 10:14:13.233050,2025-05-06 10:14:13.233050
62671,59,2011-12-04,19.4,0,17.1,23:43,21.7,13:14,8,5,13.6,09:10,62,72,07:50,50,13:20,2025-05-06 10:14:13.379437,2025-05-06 10:14:13.379437
62685,59,2011-12-05,18.2,0,14.8,07:12,21.7,14:03,8,4.2,10.8,12:30,74,87,08:40,63,,2025-05-06 10:14:13.521871,2025-05-06 10:14:13.521871
62699,59,2011-12-06,18.8,0,15.7,05:02,21.9,15:06,10,4.4,12.5,12:50,68,81,23:30,59,16:00,2025-05-06 10:14:13.662163,2025-05-06 10:14:13.662163
62713,59,2011-12-07,19.4,0,16.1,00:01,22.7,16:34,6,3.9,12.2,10:00,58,87,,39,18:00,2025-05-06 10:14:13.804518,2025-05-06 10:14:13.804518
62727,59,2011-12-08,22,0,20.4,03:18,23.7,16:22,8,5,19.4,01:30,48,63,03:10,32,16:20,2025-05-06 10:14:13.952032,2025-05-06 10:14:13.952032
62740,59,2011-12-09,22.7,0,21.2,,24.2,15:44,8,6.1,18.1,09:30,41,52,22:30,35,15:50,2025-05-06 10:14:14.086199,2025-05-06 10:14:14.086199
62753,59,2011-12-10,20.6,0,18.8,06:05,22.4,14:41,4,5.8,11.1,00:20,72,79,,50,00:00,2025-05-06 10:14:14.207344,2025-05-06 10:14:14.207344
62766,59,2011-12-11,19.5,0,18.2,,20.8,12:43,4,4.2,9.2,15:20,74,80,06:50,66,14:00,2025-05-06 10:14:14.338816,2025-05-06 10:14:14.338816
62779,59,2011-12-12,20,0,17.9,04:40,22.2,14:18,6,4.7,11.7,14:30,70,79,08:00,59,15:40,2025-05-06 10:14:14.468881,2025-05-06 10:14:14.468881
62792,59,2011-12-13,19.2,0,15.8,,22.6,14:33,6,4.2,10.6,10:50,72,85,08:00,57,13:50,2025-05-06 10:14:14.598225,2025-05-06 10:14:14.598225
62805,59,2011-12-14,18.2,0,14.1,07:53,22.4,14:24,7,5.3,11.4,23:10,72,88,,57,14:40,2025-05-06 10:14:14.736776,2025-05-06 10:14:14.736776
62819,59,2011-12-15,20,0,17.5,02:41,22.6,14:26,7,7.2,13.6,12:00,70,77,,55,14:20,2025-05-06 10:14:14.881387,2025-05-06 10:14:14.881387
62834,59,2011-12-16,20.1,0,17.6,,22.6,13:39,5,4.7,10.8,00:10,72,80,,61,15:00,2025-05-06 10:14:15.030266,2025-05-06 10:14:15.030266
62847,59,2011-12-17,19.2,0,17,03:05,21.5,14:06,6,6.4,11.7,15:40,68,79,00:00,58,14:20,2025-05-06 10:14:15.164878,2025-05-06 10:14:15.164878
62860,59,2011-12-18,20.2,0,17.7,04:24,22.6,15:21,6,5.8,13.3,10:00,64,71,,54,13:20,2025-05-06 10:14:15.296263,2025-05-06 10:14:15.296263
62873,59,2011-12-19,19.7,0,18,,21.4,11:39,6,5.6,13.6,20:50,71,78,10:50,58,15:50,2025-05-06 10:14:15.434010,2025-05-06 10:14:15.434010
62886,59,2011-12-20,20.2,0,17.3,03:45,23.1,15:25,7,5.3,15.3,10:00,65,80,04:20,45,16:30,2025-05-06 10:14:15.573778,2025-05-06 10:14:15.573778
62900,59,2011-12-21,19,0,15.4,08:13,22.5,12:00,99,4.4,9.2,,68,88,08:50,40,11:50,2025-05-06 10:14:15.725673,2025-05-06 10:14:15.725673
62914,59,2011-12-22,17.4,0,13.1,,21.8,13:53,10,3.9,12.2,14:40,78,89,07:20,64,14:10,2025-05-06 10:14:15.873087,2025-05-06 10:14:15.873087
62928,59,2011-12-23,17.6,0,13.4,06:30,21.7,12:42,12,3.9,9.2,14:40,75,90,,63,12:20,2025-05-06 10:14:16.021557,2025-05-06 10:14:16.021557
62942,59,2011-12-24,19.2,0,16.6,07:52,21.7,14:44,4,4.7,10,11:10,67,76,05:30,58,13:20,2025-05-06 10:14:16.152476,2025-05-06 10:14:16.152476
62956,59,2011-12-25,17.3,0,14.3,07:40,20.3,12:44,9,4.2,11.1,14:30,71,80,08:20,63,12:20,2025-05-06 10:14:16.227435,2025-05-06 10:14:16.227435
62970,59,2011-12-26,16.8,0,12.5,07:54,21.1,15:04,9,3.9,10.3,11:40,76,90,08:40,65,18:40,2025-05-06 10:14:16.306297,2025-05-06 10:14:16.306297
62984,59,2011-12-27,17,0,13,08:06,21,13:45,14,3.1,9.7,12:00,71,91,,57,18:00,2025-05-06 10:14:16.400868,2025-05-06 10:14:16.400868
62998,59,2011-12-28,16.8,0,12.3,08:14,21.4,13:52,10,3.6,11.9,14:40,68,86,,47,13:50,2025-05-06 10:14:16.479955,2025-05-06 10:14:16.479955
63012,59,2011-12-29,18.2,0,16.1,05:11,20.3,,10,4.2,11.7,15:00,67,75,,53,12:50,2025-05-06 10:14:16.548131,2025-05-06 10:14:16.548131
63026,59,2011-12-30,17,0,13.4,08:08,20.5,13:27,6,4.4,10.8,14:30,67,79,,56,13:00,2025-05-06 10:14:16.626973,2025-05-06 10:14:16.626973
63040,59,2011-12-31,17.8,0,14.9,23:57,20.6,15:05,10,5.3,11.7,14:10,69,76,,62,15:00,2025-05-06 10:14:16.702134,2025-05-06 10:14:16.702134
63055,59,2012-01-01,15.9,0,11.1,06:56,20.7,14:43,8,4.2,10.3,11:40,67,82,,56,13:40,2025-05-06 10:14:16.794892,2025-05-06 10:14:16.794892
63070,59,2012-01-02,18.4,0,15.9,00:25,21,13:29,8,6.1,14.2,11:50,69,75,23:50,59,14:20,2025-05-06 10:14:16.885990,2025-05-06 10:14:16.885990
63085,59,2012-01-03,19,0,16.5,,21.4,17:11,5,3.9,13.1,15:10,62,80,,37,15:40,2025-05-06 10:14:16.974392,2025-05-06 10:14:16.974392
63100,59,2012-01-04,20.4,0,17.6,,23.1,15:11,5,5.8,16.4,07:00,50,78,21:30,36,13:50,2025-05-06 10:14:17.062865,2025-05-06 10:14:17.062865
63115,59,2012-01-05,18.8,0,16.1,07:52,21.5,,5,4.2,12.2,13:30,62,84,08:00,42,17:10,2025-05-06 10:14:17.144400,2025-05-06 10:14:17.144400
63130,59,2012-01-06,18.6,0,15.7,08:08,21.4,16:10,12,3.9,10.6,14:00,76,88,08:10,61,18:20,2025-05-06 10:14:17.222302,2025-05-06 10:14:17.222302
63145,59,2012-01-07,17.4,0,14,23:59,20.9,12:31,99,3.6,11.1,,76,87,,63,12:50,2025-05-06 10:14:17.306804,2025-05-06 10:14:17.306804
63160,59,2012-01-08,16.6,0,12,07:10,21.2,12:25,12,3.6,9.4,14:00,75,91,08:50,60,18:10,2025-05-06 10:14:17.417564,2025-05-06 10:14:17.417564
63175,59,2012-01-09,18.8,0,14.1,08:29,23.4,15:39,1,1.4,6.7,00:40,54,74,06:20,40,17:30,2025-05-06 10:14:17.552782,2025-05-06 10:14:17.552782
63190,59,2012-01-10,19.2,0,17.1,00:01,21.2,,2,3.6,16.1,23:30,49,68,02:30,30,18:00,2025-05-06 10:14:17.708402,2025-05-06 10:14:17.708402
63205,59,2012-01-11,19.5,0,18.2,09:46,20.8,16:32,7,6.7,17.8,22:30,44,70,01:20,36,17:10,2025-05-06 10:14:17.865837,2025-05-06 10:14:17.865837
63220,59,2012-01-12,20.1,0,17.9,,22.3,16:49,7,5.3,16.4,00:10,43,60,01:00,32,17:20,2025-05-06 10:14:18.023205,2025-05-06 10:14:18.023205
63235,59,2012-01-13,19.7,0,17.9,07:32,21.5,21:36,7,4.7,13.3,01:50,44,55,01:50,31,17:50,2025-05-06 10:14:18.175752,2025-05-06 10:14:18.175752
63250,59,2012-01-14,21.3,0,18.8,,23.8,16:44,7,2.2,11.4,05:00,41,57,17:20,26,16:00,2025-05-06 10:14:18.342281,2025-05-06 10:14:18.342281
63265,59,2012-01-15,19.6,0,17.4,23:48,21.9,12:44,36,2.2,9.4,19:10,62,78,,41,00:00,2025-05-06 10:14:18.499984,2025-05-06 10:14:18.499984
63280,59,2012-01-16,18,0,14.4,08:22,21.5,12:46,3,5,10.6,09:50,63,82,08:50,46,15:50,2025-05-06 10:14:18.662954,2025-05-06 10:14:18.662954
63295,59,2012-01-17,18.4,0,15.5,23:38,21.3,13:03,8,6.1,13.1,12:50,64,80,,53,15:10,2025-05-06 10:14:18.812963,2025-05-06 10:14:18.812963
63310,59,2012-01-18,17.6,0,15,00:35,20.3,14:07,8,5.3,16.7,08:40,58,74,03:50,41,17:00,2025-05-06 10:14:18.890560,2025-05-06 10:14:18.890560
63325,59,2012-01-19,17.4,0,13.6,08:24,21.1,15:42,7,2.8,10.8,03:40,59,83,08:30,36,19:10,2025-05-06 10:14:18.968836,2025-05-06 10:14:18.968836
63340,59,2012-01-20,16.2,0,11.5,07:52,20.9,15:10,99,2.8,7.5,11:40,60,75,08:30,48,15:00,2025-05-06 10:14:19.059985,2025-05-06 10:14:19.059985
63355,59,2012-01-21,15.6,0,11,07:50,20.3,15:12,7,4.7,10.3,13:20,63,77,,46,13:50,2025-05-06 10:14:19.158103,2025-05-06 10:14:19.158103
63369,59,2012-01-22,16.1,0,12.4,07:58,19.8,14:59,8,3.6,13.6,14:20,72,81,,60,14:50,2025-05-06 10:14:19.287424,2025-05-06 10:14:19.287424
63383,59,2012-01-23,15.1,0,11,07:53,19.2,11:45,6,3.3,8.9,13:30,73,84,08:20,62,13:40,2025-05-06 10:14:19.438908,2025-05-06 10:14:19.438908
63397,59,2012-01-24,16,0,11.3,08:16,20.6,12:13,36,3.1,8.3,18:10,68,79,08:40,60,17:40,2025-05-06 10:14:19.572170,2025-05-06 10:14:19.572170
63411,59,2012-01-25,15.1,0.4,9.9,07:27,20.3,15:49,16,4.2,7.5,14:10,75,88,07:50,65,18:00,2025-05-06 10:14:19.720140,2025-05-06 10:14:19.720140
63425,59,2012-01-26,17.6,0,13.4,04:05,21.8,15:21,4,3.1,9.4,10:50,61,85,09:10,45,15:30,2025-05-06 10:14:19.868704,2025-05-06 10:14:19.868704
63439,59,2012-01-27,16.4,0,11.1,08:13,21.8,13:28,11,2.8,10,14:10,68,87,08:40,46,13:30,2025-05-06 10:14:20.016765,2025-05-06 10:14:20.016765
63454,59,2012-01-28,15.8,0,11.8,03:28,19.9,13:26,99,4.4,11.7,,65,86,07:40,52,13:00,2025-05-06 10:14:20.184538,2025-05-06 10:14:20.184538
63469,59,2012-01-29,17.2,0,14.7,03:45,19.7,14:11,7,4.2,11.4,09:50,63,72,04:10,57,18:30,2025-05-06 10:14:20.351909,2025-05-06 10:14:20.351909
63484,59,2012-01-30,18.8,0,15.8,23:41,21.8,14:27,6,4.7,10.8,01:40,60,76,,47,14:10,2025-05-06 10:14:20.511621,2025-05-06 10:14:20.511621
63500,59,2012-01-31,17.2,0,13.3,08:00,21.2,17:33,11,3.3,11.9,15:10,68,84,08:30,59,17:50,2025-05-06 10:14:20.669283,2025-05-06 10:14:20.669283
63516,59,2012-02-01,16.6,0,12.3,06:16,20.9,16:57,1,4.7,9.2,19:30,72,88,07:40,59,18:00,2025-05-06 10:15:24.488367,2025-05-06 10:15:24.488367
63532,59,2012-02-02,15.6,0,10.7,07:58,20.4,11:43,10,3.6,10,13:10,70,82,09:00,55,11:50,2025-05-06 10:15:24.644011,2025-05-06 10:15:24.644011
63548,59,2012-02-03,16.5,0,12.1,03:35,20.9,15:05,3,5,12.8,18:00,59,81,04:10,43,14:30,2025-05-06 10:15:24.809327,2025-05-06 10:15:24.809327
63564,59,2012-02-04,15.6,5.8,13.4,23:46,17.9,13:57,6,9.2,18.3,15:10,58,79,23:50,53,,2025-05-06 10:15:24.983664,2025-05-06 10:15:24.983664
63580,59,2012-02-05,14.6,0.2,12.6,01:29,16.6,14:32,7,8.3,17.5,05:00,81,92,10:30,74,22:10,2025-05-06 10:15:25.181397,2025-05-06 10:15:25.181397
63596,59,2012-02-06,16.6,0,13.9,07:15,19.3,15:30,8,6.9,13.9,14:40,69,77,07:00,62,14:00,2025-05-06 10:15:25.348002,2025-05-06 10:15:25.348002
63612,59,2012-02-07,18.1,0,15.8,07:25,20.4,14:56,6,7.2,12.8,09:40,64,73,,56,14:00,2025-05-06 10:15:25.516316,2025-05-06 10:15:25.516316
63628,59,2012-02-08,17.4,0,15.1,23:37,19.8,12:44,3,4.4,11.9,17:20,58,67,05:20,48,11:50,2025-05-06 10:15:25.697415,2025-05-06 10:15:25.697415
63644,59,2012-02-09,16.2,0,14.1,07:55,18.2,13:51,7,5.6,12.8,17:00,61,70,08:00,52,18:50,2025-05-06 10:15:25.856922,2025-05-06 10:15:25.856922
63660,59,2012-02-10,16.1,0,13.5,08:21,18.7,14:58,8,5.3,13.1,14:20,54,65,10:30,48,14:40,2025-05-06 10:15:26.028965,2025-05-06 10:15:26.028965
63676,59,2012-02-11,15,0,11.5,23:34,18.4,13:35,36,2.5,7.5,03:10,48,60,23:59,43,12:00,2025-05-06 10:15:26.207380,2025-05-06 10:15:26.207380
63692,59,2012-02-12,13.9,0,9.1,07:13,18.7,11:52,36,3.9,7.2,18:40,56,68,23:40,48,,2025-05-06 10:15:26.380626,2025-05-06 10:15:26.380626
63708,59,2012-02-13,14.9,0,10.2,06:59,19.6,12:25,8,4.4,13.1,13:00,65,78,07:40,48,12:20,2025-05-06 10:15:26.545251,2025-05-06 10:15:26.545251
63723,59,2012-02-14,15,0,11.1,03:42,18.9,13:22,6,5.8,14.2,12:50,52,70,03:30,44,12:40,2025-05-06 10:15:26.703499,2025-05-06 10:15:26.703499
63738,59,2012-02-15,15.5,0,12.1,05:34,18.9,13:54,11,5.3,13.1,14:40,60,72,23:59,50,13:50,2025-05-06 10:15:26.859073,2025-05-06 10:15:26.859073
63754,59,2012-02-16,14.7,0,10.4,07:43,19,16:15,8,3.9,12.8,13:50,70,80,08:40,59,19:50,2025-05-06 10:15:27.030812,2025-05-06 10:15:27.030812
63769,59,2012-02-17,17.9,0,12.9,07:45,22.9,16:14,12,5,9.4,14:50,67,80,,42,16:00,2025-05-06 10:15:27.183897,2025-05-06 10:15:27.183897
63784,59,2012-02-18,15.8,0,11.9,07:50,19.7,12:41,10,5.3,13.9,14:10,66,79,08:30,52,11:50,2025-05-06 10:15:27.350788,2025-05-06 10:15:27.350788
63799,59,2012-02-19,15.4,0,11.3,07:52,19.5,12:15,8,5.3,14.2,13:20,64,78,,48,14:10,2025-05-06 10:15:27.513906,2025-05-06 10:15:27.513906
63814,59,2012-02-20,16.2,0,11.4,05:07,21.1,14:40,4,5,11.1,19:50,67,79,08:30,52,14:40,2025-05-06 10:15:27.674164,2025-05-06 10:15:27.674164
63829,59,2012-02-21,17.8,0,14.5,06:56,21,13:07,36,3.9,11.4,15:40,64,76,,48,12:50,2025-05-06 10:15:27.826746,2025-05-06 10:15:27.826746
63844,59,2012-02-22,16.4,0,13,06:21,19.9,12:46,8,4.4,13.1,14:10,64,72,,52,11:10,2025-05-06 10:15:27.994503,2025-05-06 10:15:27.994503
63859,59,2012-02-23,17,0,14.1,23:55,19.9,15:07,8,4.2,13.1,14:20,59,68,23:40,48,11:40,2025-05-06 10:15:28.160891,2025-05-06 10:15:28.160891
63874,59,2012-02-24,15.1,0,10.3,06:47,19.9,12:04,9,4.7,11.4,13:10,64,76,07:20,45,12:00,2025-05-06 10:15:28.321176,2025-05-06 10:15:28.321176
63889,59,2012-02-25,15.7,0,10,07:47,21.4,16:59,12,3.9,7.8,14:10,64,78,08:00,54,16:50,2025-05-06 10:15:28.478846,2025-05-06 10:15:28.478846
63904,59,2012-02-26,15.4,0,11.1,07:31,19.6,15:03,12,4.2,9.4,13:00,74,83,08:00,65,18:40,2025-05-06 10:15:28.632857,2025-05-06 10:15:28.632857
63919,59,2012-02-27,16.4,0,10.7,07:43,22.1,15:24,10,3.9,9.7,15:50,64,82,08:20,35,16:20,2025-05-06 10:15:28.791413,2025-05-06 10:15:28.791413
63934,59,2012-02-28,17.4,0,12.1,07:20,22.6,15:24,35,3.6,10.8,19:10,66,82,07:30,51,18:00,2025-05-06 10:15:28.953033,2025-05-06 10:15:28.953033
63949,59,2012-02-29,16.6,0,11.8,07:41,21.5,14:44,12,4.4,13.3,13:10,69,80,,54,14:50,2025-05-06 10:15:29.116178,2025-05-06 10:15:29.116178
63965,59,2012-03-01,15.5,0,10.9,07:33,20.1,15:38,7,5,16.7,15:10,67,80,,56,,2025-05-06 10:15:29.284123,2025-05-06 10:15:29.284123
63981,59,2012-03-02,17.5,0,14.7,,20.3,14:38,8,6.1,13.1,13:00,63,74,,56,,2025-05-06 10:15:29.454394,2025-05-06 10:15:29.454394
63997,59,2012-03-03,17.8,0,14.6,05:05,21.1,,6,5.8,11.7,09:50,62,74,,54,13:50,2025-05-06 10:15:29.610884,2025-05-06 10:15:29.610884
64013,59,2012-03-04,18.9,0,15.1,01:58,22.7,15:52,0,5.6,,,64,77,23:50,52,16:20,2025-05-06 10:15:29.778495,2025-05-06 10:15:29.778495
64029,59,2012-03-05,18.6,0,15.1,,22,15:25,10,5,10,16:30,70,82,,59,17:40,2025-05-06 10:15:29.950486,2025-05-06 10:15:29.950486
64045,59,2012-03-06,19.8,0,15.5,02:25,24.1,14:45,4,5.8,11.4,15:30,56,80,,33,15:30,2025-05-06 10:15:30.117586,2025-05-06 10:15:30.117586
64061,59,2012-03-07,18.4,0,14.9,07:15,21.8,15:05,6,6.9,14.4,10:30,66,76,06:40,57,15:30,2025-05-06 10:15:30.290533,2025-05-06 10:15:30.290533
64077,59,2012-03-08,20,0,14.8,04:25,25.1,16:11,5,4.4,12.5,22:30,51,76,,28,14:50,2025-05-06 10:15:30.458854,2025-05-06 10:15:30.458854
64093,59,2012-03-09,20,0,15.1,04:22,24.8,16:34,10,4.4,10,15:10,44,70,08:50,30,17:10,2025-05-06 10:15:30.630345,2025-05-06 10:15:30.630345
64109,59,2012-03-10,18.4,0,14.6,07:52,22.2,11:38,10,4.4,11.7,14:30,71,84,,44,00:50,2025-05-06 10:15:30.804912,2025-05-06 10:15:30.804912
64125,59,2012-03-11,17.3,0,12.2,05:44,22.4,14:43,99,2.2,3.9,,74,86,,63,17:20,2025-05-06 10:15:30.968782,2025-05-06 10:15:30.968782
64141,59,2012-03-12,17.4,0,13.1,07:15,21.8,,12,3.1,6.1,15:10,76,86,07:50,70,,2025-05-06 10:15:31.137933,2025-05-06 10:15:31.137933
64157,59,2012-03-13,17.2,0,12.1,06:29,22.3,14:07,11,3.1,5.8,17:20,76,88,08:10,66,16:00,2025-05-06 10:15:31.299610,2025-05-06 10:15:31.299610
64173,59,2012-03-14,17.3,0,11.5,07:28,23.1,16:14,9,5.3,12.8,12:30,71,80,,52,17:00,2025-05-06 10:15:31.463105,2025-05-06 10:15:31.463105
64189,59,2012-03-15,20.2,0,15.8,06:25,24.7,14:10,3,3.9,10.6,20:20,63,78,,45,14:00,2025-05-06 10:15:31.633054,2025-05-06 10:15:31.633054
64205,59,2012-03-16,20.8,0,17.1,,24.5,14:29,8,6.1,18.3,12:20,62,76,,34,12:30,2025-05-06 10:15:31.811566,2025-05-06 10:15:31.811566
64222,59,2012-03-17,20.4,0,17.5,03:49,23.3,11:43,36,5.3,12.8,23:50,56,75,23:59,39,18:30,2025-05-06 10:15:31.988304,2025-05-06 10:15:31.988304
64239,59,2012-03-18,20.8,0,17.4,23:31,24.2,15:05,6,6.9,15.6,19:10,55,76,,44,,2025-05-06 10:15:32.166902,2025-05-06 10:15:32.166902
64256,59,2012-03-19,19,0,16.4,,21.5,12:53,3,8.1,15.3,11:10,69,79,,62,13:00,2025-05-06 10:15:32.345666,2025-05-06 10:15:32.345666
64273,59,2012-03-20,18.8,0,14.7,06:47,22.8,14:36,6,5.8,13.6,14:40,62,78,07:20,47,13:40,2025-05-06 10:15:32.524304,2025-05-06 10:15:32.524304
64290,59,2012-03-21,20.2,0,15.7,05:34,24.8,14:49,2,5.3,12.8,22:30,55,77,,36,14:40,2025-05-06 10:15:32.701450,2025-05-06 10:15:32.701450
64307,59,2012-03-22,23.2,0,16.7,07:14,29.6,17:08,6,4.2,14.2,14:20,39,74,01:20,24,,2025-05-06 10:15:32.875586,2025-05-06 10:15:32.875586
64324,59,2012-03-23,22.1,0,18.1,22:15,26.1,12:27,36,6.1,15.3,19:40,53,73,,31,12:20,2025-05-06 10:15:33.053351,2025-05-06 10:15:33.053351
64341,59,2012-03-24,20.1,0,15.9,06:54,24.3,15:40,3,3.6,8.9,21:10,67,76,,47,19:00,2025-05-06 10:15:33.226791,2025-05-06 10:15:33.226791
64358,59,2012-03-25,20.6,0,16.2,04:21,25,16:00,99,4.2,11.7,,66,78,03:40,51,16:10,2025-05-06 10:15:33.402039,2025-05-06 10:15:33.402039
64375,59,2012-03-26,20.6,0,16.5,06:29,24.8,14:31,4,2.8,9.2,10:20,70,80,20:30,54,11:30,2025-05-06 10:15:33.579782,2025-05-06 10:15:33.579782
64392,59,2012-03-27,20.7,0,17.2,06:02,24.2,13:38,35,1.4,8.3,21:00,72,81,05:00,65,16:30,2025-05-06 10:15:33.765704,2025-05-06 10:15:33.765704
64408,59,2012-03-28,19.9,0,17.2,04:12,22.6,11:56,26,3.9,12.8,15:40,68,78,,58,12:00,2025-05-06 10:15:33.937280,2025-05-06 10:15:33.937280
64425,59,2012-03-29,20.3,0,16.5,07:12,24.1,16:01,1,2.8,9.7,12:30,66,77,,50,,2025-05-06 10:15:34.110756,2025-05-06 10:15:34.110756
64441,59,2012-03-30,19.4,0,16.1,05:30,22.8,14:52,36,3.9,12.2,14:30,64,76,,53,,2025-05-06 10:15:34.275120,2025-05-06 10:15:34.275120
64458,59,2012-03-31,19.9,0,16.2,06:05,23.6,16:04,34,3.9,10.3,12:50,58,76,,45,17:40,2025-05-06 10:15:34.363404,2025-05-06 10:15:34.363404
64475,59,2012-04-01,18.9,0,15,07:04,22.8,15:14,2,3.6,11.4,16:50,58,77,07:20,40,15:20,2025-05-06 10:15:34.456161,2025-05-06 10:15:34.456161
64492,59,2012-04-02,18.6,0,13.8,06:36,23.3,14:41,10,3.6,12.2,12:30,63,76,08:10,44,14:40,2025-05-06 10:15:34.553667,2025-05-06 10:15:34.553667
64509,59,2012-04-03,19.2,0,16.2,04:09,22.1,14:02,1,5,14.2,16:10,57,73,01:20,44,12:30,2025-05-06 10:15:34.674884,2025-05-06 10:15:34.674884
64525,59,2012-04-04,19.4,1.8,16.1,05:55,22.6,16:49,36,3.1,10.8,12:10,60,77,09:50,49,16:50,2025-05-06 10:15:34.838656,2025-05-06 10:15:34.838656
64542,59,2012-04-05,18.6,0.4,16.3,22:32,20.9,15:06,99,2.8,7.2,23:50,77,82,09:30,70,,2025-05-06 10:15:35.024791,2025-05-06 10:15:35.024791
64559,59,2012-04-06,17.4,0,12.4,05:31,22.5,13:23,13,3.1,9.7,11:20,66,80,06:00,54,13:30,2025-05-06 10:15:35.183578,2025-05-06 10:15:35.183578
64576,59,2012-04-07,16.8,0,10.4,06:42,23.2,15:52,16,3.1,5.8,13:40,59,75,07:20,48,16:50,2025-05-06 10:15:35.364099,2025-05-06 10:15:35.364099
64593,59,2012-04-08,18.3,0,13.1,06:59,23.5,14:20,24,3.1,6.7,17:10,64,77,08:30,52,15:50,2025-05-06 10:15:35.534557,2025-05-06 10:15:35.534557
64609,59,2012-04-09,19.9,0,16,03:57,23.8,15:30,27,3.1,9.2,17:30,64,79,06:30,51,17:50,2025-05-06 10:15:35.709423,2025-05-06 10:15:35.709423
64626,59,2012-04-10,19,0,16,07:13,22,12:11,8,4.4,11.7,13:10,65,73,,53,12:00,2025-05-06 10:15:35.889094,2025-05-06 10:15:35.889094
64643,59,2012-04-11,19.2,13.8,16.2,04:29,22.3,11:31,9,4.4,10.8,13:10,67,79,15:20,53,11:20,2025-05-06 10:15:36.066038,2025-05-06 10:15:36.066038
64659,59,2012-04-12,19.5,0,16.4,,22.6,13:55,2,4.2,12.8,17:10,60,75,07:30,46,14:00,2025-05-06 10:15:36.239744,2025-05-06 10:15:36.239744
64675,59,2012-04-13,18.5,0,15.5,05:45,21.5,11:14,9,6.1,16.7,13:50,63,75,01:10,48,11:00,2025-05-06 10:15:36.410195,2025-05-06 10:15:36.410195
64691,59,2012-04-14,18.6,0,14.7,04:54,22.6,14:02,11,5.3,14.2,14:20,62,70,05:30,46,12:00,2025-05-06 10:15:36.573597,2025-05-06 10:15:36.573597
64708,59,2012-04-15,20,0,16.7,03:43,23.4,11:52,36,6.7,13.6,18:10,61,67,,52,10:50,2025-05-06 10:15:36.755683,2025-05-06 10:15:36.755683
64725,59,2012-04-16,19.3,0,16.5,06:35,22.1,16:13,7,7.2,17.2,14:40,57,74,,44,16:50,2025-05-06 10:15:36.936084,2025-05-06 10:15:36.936084
64742,59,2012-04-17,18.8,0,16.1,06:35,21.5,14:39,7,7.2,15,09:30,63,75,23:59,52,11:10,2025-05-06 10:15:37.119803,2025-05-06 10:15:37.119803
64759,59,2012-04-18,21,0,17.2,,24.9,13:31,4,5.6,12.5,18:50,63,79,06:30,47,13:20,2025-05-06 10:15:37.293383,2025-05-06 10:15:37.293383
64776,59,2012-04-19,19.3,0,16.8,,21.8,11:22,7,6.7,15,15:20,64,76,,55,10:50,2025-05-06 10:15:37.470557,2025-05-06 10:15:37.470557
64793,59,2012-04-20,18.5,0,14.8,06:48,22.2,12:17,10,4.4,15.8,15:10,68,74,,53,12:00,2025-05-06 10:15:37.661428,2025-05-06 10:15:37.661428
64810,59,2012-04-21,19,0,16.5,02:09,21.6,10:55,10,4.2,11.7,13:40,68,73,02:30,54,10:10,2025-05-06 10:15:37.833876,2025-05-06 10:15:37.833876
64827,59,2012-04-22,19.4,0,16.5,01:11,22.4,12:57,9,5,12.8,14:20,62,73,23:10,53,12:40,2025-05-06 10:15:38.012163,2025-05-06 10:15:38.012163
64844,59,2012-04-23,20.4,0,16.3,,24.6,15:43,6,4.7,12.5,11:00,61,75,03:00,50,12:40,2025-05-06 10:15:38.184744,2025-05-06 10:15:38.184744
64861,59,2012-04-24,20,0,16.5,05:03,23.4,14:44,9,5.8,13.1,13:30,64,74,04:00,54,,2025-05-06 10:15:38.365006,2025-05-06 10:15:38.365006
64878,59,2012-04-25,20.5,0,17.1,05:54,23.9,,2,3.9,10.3,00:30,57,73,02:00,46,15:20,2025-05-06 10:15:38.540419,2025-05-06 10:15:38.540419
64894,59,2012-04-26,20.4,0,17.1,04:36,23.6,13:58,10,3.3,10.8,14:20,59,72,23:10,46,14:00,2025-05-06 10:15:38.715473,2025-05-06 10:15:38.715473
64910,59,2012-04-27,18.8,0,15.9,21:38,21.6,14:19,1,5,16.7,20:10,78,82,,70,22:50,2025-05-06 10:15:38.896210,2025-05-06 10:15:38.896210
64926,59,2012-04-28,19.4,0,15.3,04:33,23.6,16:17,99,1.7,9.7,,58,74,,46,18:40,2025-05-06 10:15:39.060124,2025-05-06 10:15:39.060124
64942,59,2012-04-29,19.4,0,14.9,05:02,23.8,15:56,3,3.6,11.7,14:20,55,71,05:10,45,,2025-05-06 10:15:39.225252,2025-05-06 10:15:39.225252
64957,59,2012-04-30,17.4,0,13.4,06:43,21.4,10:37,9,4.7,12.5,16:30,64,70,06:40,47,09:50,2025-05-06 10:15:39.388379,2025-05-06 10:15:39.388379
64974,59,2012-05-01,17.8,0,14.1,05:46,21.5,16:06,9,4.2,9.4,11:50,66,72,03:50,51,10:00,2025-05-06 10:15:39.573549,2025-05-06 10:15:39.573549
64991,59,2012-05-02,17.6,0,11.9,05:07,23.3,15:22,1,3.6,11.7,17:10,63,77,06:50,47,11:00,2025-05-06 10:15:39.757112,2025-05-06 10:15:39.757112
65008,59,2012-05-03,20.2,0,16.3,04:20,24.1,14:52,3,3.9,11.7,14:20,60,77,,47,15:10,2025-05-06 10:15:39.947586,2025-05-06 10:15:39.947586
65025,59,2012-05-04,19.8,0,15.9,04:31,23.8,12:57,34,2.2,8.9,19:40,69,78,,55,18:40,2025-05-06 10:15:40.092079,2025-05-06 10:15:40.092079
65042,59,2012-05-05,20.7,0,15.6,06:49,25.8,14:14,3,2.5,8.6,19:00,66,79,07:20,56,14:40,2025-05-06 10:15:40.267690,2025-05-06 10:15:40.267690
65059,59,2012-05-06,22.6,0,19.2,,26,15:34,13,3.9,10,12:30,69,77,07:30,59,10:00,2025-05-06 10:15:40.454551,2025-05-06 10:15:40.454551
65076,59,2012-05-07,21,0,16.4,06:43,25.7,14:45,28,5.3,13.3,16:10,71,76,,54,20:30,2025-05-06 10:15:40.635468,2025-05-06 10:15:40.635468
65093,59,2012-05-08,23,0,18.7,,27.2,16:44,5,3.6,10.8,17:50,61,77,,39,17:10,2025-05-06 10:15:40.814653,2025-05-06 10:15:40.814653
65110,59,2012-05-09,23.6,0,19.1,06:02,28.1,12:13,4,2.2,10.8,10:20,64,73,,35,12:10,2025-05-06 10:15:40.990274,2025-05-06 10:15:40.990274
65127,59,2012-05-10,22.4,0,18.9,05:11,25.8,14:02,36,5,15.8,19:10,71,76,,50,,2025-05-06 10:15:41.172635,2025-05-06 10:15:41.172635
65144,59,2012-05-11,24.9,0,20,03:59,29.8,10:09,11,3.3,11.9,11:10,61,75,03:20,34,09:50,2025-05-06 10:15:41.355303,2025-05-06 10:15:41.355303
65161,59,2012-05-12,27.6,0,22.5,02:12,32.8,11:28,2,4.2,9.7,,48,60,01:50,26,21:00,2025-05-06 10:15:41.531761,2025-05-06 10:15:41.531761
65178,59,2012-05-13,29.5,0,24.3,02:34,34.7,19:26,12,3.3,10.3,23:20,47,66,20:20,20,10:30,2025-05-06 10:15:41.720247,2025-05-06 10:15:41.720247
65195,59,2012-05-14,29.6,0,23.8,23:56,35.3,19:57,12,3.1,10.8,03:20,50,74,,16,20:00,2025-05-06 10:15:41.897316,2025-05-06 10:15:41.897316
65212,59,2012-05-15,29.5,0,23.5,00:11,35.5,11:50,12,3.1,12.8,01:10,46,74,00:00,20,11:10,2025-05-06 10:15:42.075920,2025-05-06 10:15:42.075920
65229,59,2012-05-16,27.4,0,22.9,,31.8,11:53,24,3.3,8.3,16:20,50,78,,26,09:00,2025-05-06 10:15:42.241271,2025-05-06 10:15:42.241271
65246,59,2012-05-17,25.2,0,21.7,23:56,28.8,09:38,36,2.8,8.6,20:10,60,79,01:30,41,09:00,2025-05-06 10:15:42.423072,2025-05-06 10:15:42.423072
65263,59,2012-05-18,23.4,0,20.4,06:23,26.5,14:30,11,3.6,10.8,12:00,72,76,,60,18:30,2025-05-06 10:15:42.613531,2025-05-06 10:15:42.613531
65280,59,2012-05-19,23.6,0,19.6,04:45,27.5,15:17,10,5.6,11.7,12:50,60,78,06:20,39,15:20,2025-05-06 10:15:42.790551,2025-05-06 10:15:42.790551
65297,59,2012-05-20,21.8,0,18.3,05:46,25.4,13:43,10,6.1,14.2,15:10,51,67,,38,13:40,2025-05-06 10:15:42.956697,2025-05-06 10:15:42.956697
65314,59,2012-05-21,21.3,0,18.5,,24.1,14:00,7,6.7,13.6,17:20,58,66,19:20,47,11:30,2025-05-06 10:15:43.140753,2025-05-06 10:15:43.140753
65332,59,2012-05-22,21.5,0,17.2,04:42,25.8,15:20,11,5.8,13.3,12:10,65,73,20:00,49,11:20,2025-05-06 10:15:43.331378,2025-05-06 10:15:43.331378
65350,59,2012-05-23,21.4,0,17.2,03:46,25.5,12:02,11,5.3,13.6,13:10,67,75,,53,11:40,2025-05-06 10:15:43.517393,2025-05-06 10:15:43.517393
65368,59,2012-05-24,22.2,0,17,06:16,27.3,14:27,6,2.2,8.3,08:40,66,79,06:30,53,10:30,2025-05-06 10:15:43.706673,2025-05-06 10:15:43.706673
65386,59,2012-05-25,23.2,0,17.9,06:53,28.4,14:43,4,3.9,11.4,15:30,57,76,,38,15:10,2025-05-06 10:15:43.893348,2025-05-06 10:15:43.893348
65404,59,2012-05-26,21.8,0,18.7,,24.9,10:41,8,6.1,15.8,12:50,66,77,,49,10:40,2025-05-06 10:15:44.105526,2025-05-06 10:15:44.105526
65422,59,2012-05-27,22.1,0,18.7,06:11,25.5,14:24,34,4.7,12.8,15:10,54,69,23:50,44,15:00,2025-05-06 10:15:44.275514,2025-05-06 10:15:44.275514
65440,59,2012-05-28,22.1,0,18.3,,25.9,15:05,4,5.8,13.6,14:00,57,71,21:40,45,13:30,2025-05-06 10:15:44.450787,2025-05-06 10:15:44.450787
65458,59,2012-05-29,23.2,0,18.7,04:05,27.6,15:42,4,5.3,11.9,11:30,56,74,02:00,38,15:40,2025-05-06 10:15:44.634799,2025-05-06 10:15:44.634799
65476,59,2012-05-30,24,0,20,,28,14:57,3,5.6,12.2,10:20,59,76,06:10,41,14:40,2025-05-06 10:15:44.831792,2025-05-06 10:15:44.831792
65494,59,2012-05-31,23.1,0,18.7,06:19,27.5,15:06,34,3.1,11.1,18:40,62,75,06:50,52,18:00,2025-05-06 10:15:44.999978,2025-05-06 10:15:44.999978
65512,59,2012-06-01,23.6,0,19.4,03:57,27.9,15:46,6,2.5,8.1,09:40,66,77,,54,,2025-05-06 10:15:45.183131,2025-05-06 10:15:45.183131
65530,59,2012-06-02,23.4,0,19.2,05:43,27.5,15:06,15,2.5,10,11:10,68,79,06:00,57,19:00,2025-05-06 10:15:45.289236,2025-05-06 10:15:45.289236
65548,59,2012-06-03,25,0,21.3,,28.7,12:50,36,3.6,11.7,20:20,61,77,,47,18:50,2025-05-06 10:15:45.384403,2025-05-06 10:15:45.384403
65566,59,2012-06-04,24.2,0,20.2,05:45,28.2,14:23,2,5.6,13.6,17:10,62,77,,47,13:50,2025-05-06 10:15:45.492161,2025-05-06 10:15:45.492161
65584,59,2012-06-05,23.6,0,21,04:11,26.3,14:44,2,6.1,13.9,12:50,66,75,,54,15:30,2025-05-06 10:15:45.621358,2025-05-06 10:15:45.621358
65602,59,2012-06-06,24,0,20.6,03:34,27.4,14:27,2,6.7,15,08:40,64,76,02:00,54,,2025-05-06 10:15:45.800540,2025-05-06 10:15:45.800540
65620,59,2012-06-07,24.4,0,21.5,05:38,27.3,15:27,36,4.2,11.4,17:50,66,74,,56,16:30,2025-05-06 10:15:45.972198,2025-05-06 10:15:45.972198
65638,59,2012-06-08,23.5,0,20.7,23:57,26.3,18:25,11,4.2,10.3,10:40,72,78,04:40,52,18:40,2025-05-06 10:15:46.163063,2025-05-06 10:15:46.163063
65656,59,2012-06-09,22.8,0,18.9,03:50,26.6,14:17,10,5.8,14.2,12:50,62,74,,50,11:20,2025-05-06 10:15:46.355308,2025-05-06 10:15:46.355308
65674,59,2012-06-10,24.2,0,19.7,,28.8,13:13,3,6.7,15,15:50,62,77,23:50,48,12:30,2025-05-06 10:15:46.546270,2025-05-06 10:15:46.546270
65692,59,2012-06-11,24.9,0,20.8,,29,13:30,2,6.9,15.3,19:50,63,78,,47,15:10,2025-05-06 10:15:46.777879,2025-05-06 10:15:46.777879
65709,59,2012-06-12,23.6,0,19.8,05:54,27.5,14:52,1,6.9,15,18:00,60,76,,47,14:20,2025-05-06 10:15:46.958716,2025-05-06 10:15:46.958716
65727,59,2012-06-13,23.2,0,19.3,05:54,27,13:59,6,5.6,13.6,09:40,58,73,22:30,46,,2025-05-06 10:15:47.154561,2025-05-06 10:15:47.154561
65745,59,2012-06-14,23.3,0,18.5,,28.1,15:45,12,5.6,11.9,13:10,60,74,,43,,2025-05-06 10:15:47.356496,2025-05-06 10:15:47.356496
65763,59,2012-06-15,23.7,0,20.1,03:34,27.3,12:00,10,6.4,12.8,15:00,70,77,,54,12:00,2025-05-06 10:15:47.556097,2025-05-06 10:15:47.556097
65781,59,2012-06-16,25.3,0,19.8,05:18,30.8,14:19,2,5.3,11.7,21:20,58,77,,42,,2025-05-06 10:15:47.748688,2025-05-06 10:15:47.748688
65799,59,2012-06-17,24.8,0,20.5,03:58,29,14:51,99,6.1,15,22:40,58,76,,46,13:20,2025-05-06 10:15:47.938400,2025-05-06 10:15:47.938400
65817,59,2012-06-18,24.2,0,20.3,05:02,28.1,13:58,1,6.7,13.3,01:20,60,76,,47,15:20,2025-05-06 10:15:48.134994,2025-05-06 10:15:48.134994
65835,59,2012-06-19,23.8,0,21,,26.5,17:13,12,4.2,12.5,12:20,70,76,,61,10:50,2025-05-06 10:15:48.329795,2025-05-06 10:15:48.329795
65853,59,2012-06-20,23.2,0,18.9,06:12,27.4,15:28,11,3.3,9.4,19:40,72,80,06:40,59,15:30,2025-05-06 10:15:48.522461,2025-05-06 10:15:48.522461
65871,59,2012-06-21,24.2,0,20.3,06:05,28.2,16:14,10,5.6,12.8,11:40,72,80,,59,17:00,2025-05-06 10:15:48.708145,2025-05-06 10:15:48.708145
65889,59,2012-06-22,24.6,0,21.5,,27.6,12:59,11,5,12.2,14:20,67,80,06:30,58,19:10,2025-05-06 10:15:48.893774,2025-05-06 10:15:48.893774
65907,59,2012-06-23,24.9,0,20.1,06:04,29.7,14:40,7,6.1,13.6,12:30,58,74,,39,10:40,2025-05-06 10:15:49.088320,2025-05-06 10:15:49.088320
65925,59,2012-06-24,24.3,0,20.8,05:57,27.8,16:10,2,3.3,9.2,,73,77,,58,21:30,2025-05-06 10:15:49.276910,2025-05-06 10:15:49.276910
65943,59,2012-06-25,30.4,0,24.4,23:11,36.3,15:22,11,4.2,12.2,10:10,45,76,22:30,30,09:20,2025-05-06 10:15:49.463266,2025-05-06 10:15:49.463266
65961,59,2012-06-26,29.5,0,24.6,10:03,34.4,17:44,11,3.1,15.3,10:10,55,74,10:00,37,20:40,2025-05-06 10:15:49.651853,2025-05-06 10:15:49.651853
65979,59,2012-06-27,31,0,24.4,01:22,37.5,16:10,34,6.4,14.2,18:50,44,74,01:10,28,16:00,2025-05-06 10:15:49.839688,2025-05-06 10:15:49.839688
65997,59,2012-06-28,28,0,23.7,23:35,32.2,11:21,13,4.2,10.8,13:40,59,67,20:40,34,03:30,2025-05-06 10:15:50.021879,2025-05-06 10:15:50.021879
66015,59,2012-06-29,25.6,0,21.5,06:08,29.7,14:45,4,6.9,13.1,07:00,64,77,,52,14:00,2025-05-06 10:15:50.216666,2025-05-06 10:15:50.216666
66033,59,2012-06-30,25.1,0,21.5,,28.7,13:44,6,8.3,17.2,15:10,56,70,,43,12:40,2025-05-06 10:15:50.417206,2025-05-06 10:15:50.417206
66051,59,2012-07-01,23.8,0,20.4,,27.1,14:35,6,6.7,15.3,12:00,57,72,,51,14:00,2025-05-06 10:15:50.601137,2025-05-06 10:15:50.601137
66069,59,2012-07-02,23.9,0,19.6,,28.2,15:33,12,6.4,13.3,14:20,62,74,05:30,48,15:20,2025-05-06 10:15:50.788887,2025-05-06 10:15:50.788887
66087,59,2012-07-03,24.8,0,19.5,06:26,30.1,14:03,11,4.2,10.3,13:00,66,80,,48,14:00,2025-05-06 10:15:50.986724,2025-05-06 10:15:50.986724
66105,59,2012-07-04,26,0,20.8,06:16,31.2,15:45,7,5.3,12.5,14:00,62,78,06:10,45,15:20,2025-05-06 10:15:51.185194,2025-05-06 10:15:51.185194
66123,59,2012-07-05,23.8,0,20.4,06:20,27.3,15:37,5,6.7,13.6,12:50,66,78,,56,15:00,2025-05-06 10:15:51.374737,2025-05-06 10:15:51.374737
66141,59,2012-07-06,24.1,0,20.5,04:19,27.7,15:31,10,5.6,12.8,13:20,61,74,,54,,2025-05-06 10:15:51.559435,2025-05-06 10:15:51.559435
66159,59,2012-07-07,24,0,19.9,06:17,28,12:24,12,5.6,13.3,13:40,66,76,06:30,51,11:30,2025-05-06 10:15:51.751008,2025-05-06 10:15:51.751008
66177,59,2012-07-08,24.4,0,20.7,,28,14:02,11,4.2,15.3,14:40,64,74,,55,14:00,2025-05-06 10:15:51.944899,2025-05-06 10:15:51.944899
66195,59,2012-07-09,23.8,0,20.2,06:15,27.3,12:30,11,5.3,11.4,11:10,65,74,,56,10:40,2025-05-06 10:15:52.139102,2025-05-06 10:15:52.139102
66213,59,2012-07-10,23.8,0,19.8,05:39,27.9,15:37,6,6.1,13.6,14:10,64,76,,54,,2025-05-06 10:15:52.334599,2025-05-06 10:15:52.334599
66230,59,2012-07-11,24.8,0,20.1,05:55,29.4,14:27,6,6.7,17.2,14:10,57,76,02:20,39,14:30,2025-05-06 10:15:52.508198,2025-05-06 10:15:52.508198
66248,59,2012-07-12,25.2,0,20.5,06:04,30,14:49,36,5.8,13.3,20:40,58,75,,44,,2025-05-06 10:15:52.707328,2025-05-06 10:15:52.707328
66266,59,2012-07-13,25.6,0,20.9,06:11,30.2,12:58,3,5.8,14.7,05:50,57,72,,41,12:00,2025-05-06 10:15:52.892086,2025-05-06 10:15:52.892086
66283,59,2012-07-14,26.7,0,21.9,00:16,31.5,14:43,5,7.2,20,23:10,53,73,20:20,34,14:30,2025-05-06 10:15:53.078360,2025-05-06 10:15:53.078360
66300,59,2012-07-15,27.2,0,23.8,01:17,30.5,15:09,7,9.4,18.9,17:30,44,61,00:00,30,14:50,2025-05-06 10:15:53.260324,2025-05-06 10:15:53.260324
66317,59,2012-07-16,29.3,0,24.2,20:41,34.4,14:25,4,5.6,12.5,00:30,52,76,20:50,34,00:40,2025-05-06 10:15:53.425269,2025-05-06 10:15:53.425269
66334,59,2012-07-17,26.6,0,23.5,06:40,29.6,14:07,14,3.9,12.2,21:10,69,77,23:59,25,02:50,2025-05-06 10:15:53.556095,2025-05-06 10:15:53.556095
66351,59,2012-07-18,26.7,0,23.8,,29.6,01:44,1,3.1,10.3,01:20,60,78,23:40,34,01:40,2025-05-06 10:15:53.738943,2025-05-06 10:15:53.738943
66368,59,2012-07-19,30.5,0,23.7,00:05,37.3,15:04,4,7.2,15.3,12:00,31,78,00:00,19,14:20,2025-05-06 10:15:53.921550,2025-05-06 10:15:53.921550
66385,59,2012-07-20,30.6,0,25.6,22:01,35.6,15:43,2,5,15.3,00:50,37,64,21:50,29,,2025-05-06 10:15:54.104080,2025-05-06 10:15:54.104080
66403,59,2012-07-21,28.4,0,24.4,20:31,32.3,09:26,5,3.3,14.7,00:10,68,76,,35,10:10,2025-05-06 10:15:54.296322,2025-05-06 10:15:54.296322
66420,59,2012-07-22,29.9,0,23.7,,36.1,14:19,3,5,15,21:20,48,78,06:50,29,14:10,2025-05-06 10:15:54.483305,2025-05-06 10:15:54.483305
66437,59,2012-07-23,28.8,0,24,23:44,33.6,13:52,3,8.3,14.2,15:10,42,66,23:30,31,15:20,2025-05-06 10:15:54.648432,2025-05-06 10:15:54.648432
66455,59,2012-07-24,25.5,0,21.6,05:31,29.4,12:41,11,3.9,11.1,14:30,63,79,06:10,53,,2025-05-06 10:15:54.850056,2025-05-06 10:15:54.850056
66473,59,2012-07-25,24.6,0,21.3,05:53,28,12:39,10,5.6,13.1,14:10,65,77,,50,12:10,2025-05-06 10:15:55.024794,2025-05-06 10:15:55.024794
66491,59,2012-07-26,25.2,0,21.9,02:02,28.6,17:10,10,5.3,13.6,11:20,65,79,05:40,52,18:00,2025-05-06 10:15:55.211819,2025-05-06 10:15:55.211819
66508,59,2012-07-27,24.1,0,20.9,05:50,27.3,16:50,12,4.7,14.2,15:10,70,78,07:20,61,09:10,2025-05-06 10:15:55.401724,2025-05-06 10:15:55.401724
66526,59,2012-07-28,24.8,0,21.5,,28,11:23,11,4.7,13.9,13:30,74,79,06:30,56,10:40,2025-05-06 10:15:55.600359,2025-05-06 10:15:55.600359
66544,59,2012-07-29,24,0,19.7,,28.3,16:23,11,4.7,13.6,12:20,68,81,07:10,51,10:40,2025-05-06 10:15:55.800577,2025-05-06 10:15:55.800577
66562,59,2012-07-30,26.2,0,21.3,05:38,31.2,13:42,11,5.6,13.6,14:40,62,79,06:40,48,13:40,2025-05-06 10:16:58.305011,2025-05-06 10:16:58.305011
66580,59,2012-07-31,28.3,0,23,01:28,33.6,15:41,4,7.5,15.8,12:40,46,69,00:00,27,,2025-05-06 10:16:58.495514,2025-05-06 10:16:58.495514
66598,59,2012-08-01,28,0,23.3,21:29,32.7,14:42,6,6.1,12.2,16:20,53,73,20:50,40,12:40,2025-05-06 10:16:58.651572,2025-05-06 10:16:58.651572
66616,59,2012-08-02,27.6,0,23.4,06:57,31.8,15:40,4,6.4,15.6,23:10,53,69,07:10,35,16:10,2025-05-06 10:16:58.814514,2025-05-06 10:16:58.814514
66634,59,2012-08-03,28.2,0,25.1,05:42,31.4,12:29,6,7.2,14.4,14:10,53,63,05:40,44,,2025-05-06 10:16:58.962686,2025-05-06 10:16:58.962686
66652,59,2012-08-04,27.8,0,24.1,23:43,31.4,12:07,5,5.3,14.7,13:00,42,69,,28,11:40,2025-05-06 10:16:59.114008,2025-05-06 10:16:59.114008
66670,59,2012-08-05,25.5,0,21.5,06:45,29.5,15:08,7,6.4,13.9,13:30,63,76,06:50,51,14:30,2025-05-06 10:16:59.276026,2025-05-06 10:16:59.276026
66688,59,2012-08-06,25,0,21.7,,28.4,14:51,7,6.4,13.6,10:30,66,76,,55,12:50,2025-05-06 10:16:59.441648,2025-05-06 10:16:59.441648
66706,59,2012-08-07,23.5,0,20.4,06:21,26.6,10:40,10,6.1,13.3,15:10,67,77,,53,10:30,2025-05-06 10:16:59.613950,2025-05-06 10:16:59.613950
66724,59,2012-08-08,24.8,0,20,05:26,29.5,15:23,10,4.4,11.9,15:40,59,76,,46,12:40,2025-05-06 10:16:59.789767,2025-05-06 10:16:59.789767
66742,59,2012-08-09,25.8,0,20.7,05:07,30.8,11:54,5,4.7,12.5,23:10,63,76,,32,11:20,2025-05-06 10:16:59.962268,2025-05-06 10:16:59.962268
66760,59,2012-08-10,31.4,0,25.4,00:01,37.3,12:58,3,3.3,15.3,22:50,43,65,16:00,25,18:30,2025-05-06 10:17:00.145166,2025-05-06 10:17:00.145166
66778,59,2012-08-11,32,0,25.3,20:15,38.7,12:25,6,4.2,17.8,05:20,41,75,20:30,24,,2025-05-06 10:17:00.324701,2025-05-06 10:17:00.324701
66795,59,2012-08-12,29.7,0,24.2,23:57,35.2,13:25,4,9.2,16.4,11:00,35,66,23:59,29,18:10,2025-05-06 10:17:00.489058,2025-05-06 10:17:00.489058
66812,59,2012-08-13,27.9,0,23.1,23:47,32.7,15:50,1,5.6,14.4,00:30,44,75,23:30,28,07:40,2025-05-06 10:17:00.661961,2025-05-06 10:17:00.661961
66830,59,2012-08-14,25.4,0,21.5,06:21,29.2,12:20,11,5,11.9,14:20,69,78,,47,12:10,2025-05-06 10:17:00.842500,2025-05-06 10:17:00.842500
66848,59,2012-08-15,25.4,0,21.2,,29.7,17:38,10,5.8,13.1,14:00,69,80,06:30,47,17:40,2025-05-06 10:17:01.009875,2025-05-06 10:17:01.009875
66865,59,2012-08-16,24.8,0,21,06:02,28.7,17:25,12,5.3,12.2,13:40,69,77,,57,10:30,2025-05-06 10:17:01.109996,2025-05-06 10:17:01.109996
66882,59,2012-08-17,27.4,0,22.2,,32.7,15:22,8,3.9,13.3,10:50,71,80,04:20,42,15:20,2025-05-06 10:17:01.207766,2025-05-06 10:17:01.207766
66899,59,2012-08-18,25.2,0,20.9,06:32,29.6,15:24,11,2.2,10.6,11:40,71,80,07:20,58,15:50,2025-05-06 10:17:01.304916,2025-05-06 10:17:01.304916
66916,59,2012-08-19,27.2,0,23.1,00:51,31.2,16:50,8,6.4,17.5,23:10,59,76,,42,10:10,2025-05-06 10:17:01.430035,2025-05-06 10:17:01.430035
66933,59,2012-08-20,29.4,0,24.7,01:13,34.2,19:24,35,2.5,12.5,03:10,66,76,,39,19:30,2025-05-06 10:17:01.585051,2025-05-06 10:17:01.585051
66950,59,2012-08-21,28,0,25,00:48,30.9,05:17,4,3.3,18.3,21:40,58,77,20:00,36,07:00,2025-05-06 10:17:01.746309,2025-05-06 10:17:01.746309
66967,59,2012-08-22,31.7,0,27,00:01,36.4,14:44,99,7.8,13.9,,40,65,00:00,30,16:30,2025-05-06 10:17:02.010572,2025-05-06 10:17:02.010572
66984,59,2012-08-23,29.7,0,24.9,23:51,34.5,13:50,3,5.8,12.8,13:10,50,73,23:40,27,13:50,2025-05-06 10:17:02.177623,2025-05-06 10:17:02.177623
67000,59,2012-08-24,27.2,0,23.3,06:02,31.2,15:06,5,5,13.3,13:00,65,77,02:00,53,13:10,2025-05-06 10:17:02.336759,2025-05-06 10:17:02.336759
67016,59,2012-08-25,27.5,0,22.7,06:48,32.3,11:33,6,6.4,13.1,15:10,61,79,,35,16:00,2025-05-06 10:17:02.542098,2025-05-06 10:17:02.542098
67032,59,2012-08-26,29.1,0,24.6,,33.6,15:04,4,6.4,11.9,00:30,50,69,23:59,33,13:20,2025-05-06 10:17:02.702310,2025-05-06 10:17:02.702310
67047,59,2012-08-27,28.2,0,23.9,,32.6,13:12,10,4.7,11.1,14:00,57,74,23:40,46,11:50,2025-05-06 10:17:02.852794,2025-05-06 10:17:02.852794
67063,59,2012-08-28,26.9,0,22.6,05:33,31.2,13:09,7,6.1,13.6,15:10,55,75,,35,11:20,2025-05-06 10:17:03.006495,2025-05-06 10:17:03.006495
67079,59,2012-08-29,27.6,0,23.4,05:20,31.8,12:51,4,6.7,15.3,15:10,47,66,,31,13:30,2025-05-06 10:17:03.174468,2025-05-06 10:17:03.174468
67095,59,2012-08-30,28.6,0,25.1,01:20,32,14:08,5,8.6,16.4,16:20,40,61,01:10,27,,2025-05-06 10:17:03.328135,2025-05-06 10:17:03.328135
67111,59,2012-08-31,26.6,0,22.6,06:52,30.5,14:57,7,6.9,18.6,15:10,53,73,05:30,37,15:20,2025-05-06 10:17:03.491575,2025-05-06 10:17:03.491575
67127,59,2012-09-01,28,0,23,,33.1,12:55,99,3.3,10.8,13:40,60,77,22:00,44,,2025-05-06 10:17:03.651741,2025-05-06 10:17:03.651741
67143,59,2012-09-02,26.4,0,22.7,06:54,30.2,11:02,24,3.3,10.3,15:10,71,78,01:40,51,10:40,2025-05-06 10:17:03.809491,2025-05-06 10:17:03.809491
67159,59,2012-09-03,26.2,0,22.2,06:59,30.2,15:32,99,3.1,6.4,,67,77,19:20,41,09:50,2025-05-06 10:17:03.965058,2025-05-06 10:17:03.965058
67175,59,2012-09-04,25.1,0,20.6,06:58,29.6,16:20,11,3.6,7.8,17:00,72,78,,60,,2025-05-06 10:17:04.112233,2025-05-06 10:17:04.112233
67191,59,2012-09-05,24.1,0,18.5,07:11,29.7,15:10,8,3.1,4.7,08:50,65,77,06:20,53,15:10,2025-05-06 10:17:04.258765,2025-05-06 10:17:04.258765
67207,59,2012-09-06,24.6,0,19.2,06:07,29.9,14:41,11,2.8,5.6,19:10,65,78,06:30,54,14:40,2025-05-06 10:17:04.409912,2025-05-06 10:17:04.409912
67223,59,2012-09-07,24.4,0,20.4,06:47,28.3,17:36,11,4.2,16.9,15:10,70,83,07:40,55,17:30,2025-05-06 10:17:04.561886,2025-05-06 10:17:04.561886
67239,59,2012-09-08,25,0,22.6,06:31,27.3,14:25,12,4.7,13.9,12:30,70,80,07:30,58,18:10,2025-05-06 10:17:04.718873,2025-05-06 10:17:04.718873
67255,59,2012-09-09,25,0,22.4,06:00,27.5,12:06,9,5,13.3,12:50,71,80,,62,12:10,2025-05-06 10:17:04.870427,2025-05-06 10:17:04.870427
67271,59,2012-09-10,24.6,0,20.5,06:50,28.8,15:20,11,3.6,12.2,12:20,72,82,,56,18:30,2025-05-06 10:17:05.008039,2025-05-06 10:17:05.008039
67287,59,2012-09-11,24.9,0,21.2,07:09,28.6,14:43,99,3.1,9.4,,73,80,06:50,63,14:50,2025-05-06 10:17:05.153944,2025-05-06 10:17:05.153944
67303,59,2012-09-12,24,0,19.5,06:26,28.5,15:21,11,4.7,13.6,13:30,74,83,07:20,64,15:20,2025-05-06 10:17:05.304267,2025-05-06 10:17:05.304267
67319,59,2012-09-13,25.4,0,21.7,05:50,29,16:26,10,5.3,13.9,13:50,73,82,,64,16:50,2025-05-06 10:17:05.450447,2025-05-06 10:17:05.450447
67335,59,2012-09-14,25.2,0,21.6,06:03,28.9,15:46,13,3.6,7.2,13:50,74,83,,66,15:30,2025-05-06 10:17:05.603998,2025-05-06 10:17:05.603998
67351,59,2012-09-15,25,0,20.5,06:37,29.6,15:40,12,3.3,6.7,18:30,73,84,06:50,60,15:30,2025-05-06 10:17:05.754157,2025-05-06 10:17:05.754157
67367,59,2012-09-16,24.2,0,20.6,07:17,27.8,14:27,4,3.9,6.4,21:50,74,83,07:30,66,14:50,2025-05-06 10:17:05.901240,2025-05-06 10:17:05.901240
67383,59,2012-09-17,25.8,0,22.7,07:13,29,14:53,12,2.5,5.6,13:10,70,78,,62,11:50,2025-05-06 10:17:06.046999,2025-05-06 10:17:06.046999
67399,59,2012-09-18,26.7,0,23.1,07:14,30.3,15:39,32,3.3,10,18:30,70,84,,55,18:00,2025-05-06 10:17:06.199278,2025-05-06 10:17:06.199278
67415,59,2012-09-19,26.6,0,23.5,06:47,29.8,17:11,10,5,11.7,12:00,73,82,07:00,63,17:20,2025-05-06 10:17:06.358614,2025-05-06 10:17:06.358614
67431,59,2012-09-20,26.7,0,23.1,06:22,30.3,15:30,13,2.8,10.8,12:10,73,84,23:20,59,11:30,2025-05-06 10:17:06.510038,2025-05-06 10:17:06.510038
67448,59,2012-09-21,24.6,0,22.1,,27,15:29,10,6.1,12.8,13:20,79,85,,73,13:10,2025-05-06 10:17:06.669648,2025-05-06 10:17:06.669648
67466,59,2012-09-22,25,0,21,06:49,29,15:19,6,3.6,17.8,23:20,77,88,07:50,66,15:20,2025-05-06 10:17:06.840843,2025-05-06 10:17:06.840843
67484,59,2012-09-23,26.2,2.4,24,23:58,28.4,10:36,8,3.3,13.1,05:10,77,89,23:30,62,05:00,2025-05-06 10:17:07.013046,2025-05-06 10:17:07.013046
67502,59,2012-09-24,25.6,0.2,23.5,06:33,27.6,16:15,8,3.6,10.3,02:30,85,92,,76,16:30,2025-05-06 10:17:07.185580,2025-05-06 10:17:07.185580
67520,59,2012-09-25,25.6,0,23.9,02:57,27.4,14:23,10,2.2,8.1,11:00,80,85,,75,09:50,2025-05-06 10:17:07.365605,2025-05-06 10:17:07.365605
67538,59,2012-09-26,26.8,0,23,06:17,30.7,14:41,2,2.5,9.7,10:30,70,88,04:20,52,15:10,2025-05-06 10:17:07.537371,2025-05-06 10:17:07.537371
67555,59,2012-09-27,25.4,0,22,24:00,28.8,12:56,24,3.9,13.1,12:10,71,89,04:50,57,16:00,2025-05-06 10:17:07.690620,2025-05-06 10:17:07.690620
67572,59,2012-09-28,23.8,0.2,19,05:35,28.6,15:29,36,3.6,10.8,16:30,61,80,07:50,44,12:40,2025-05-06 10:17:07.830658,2025-05-06 10:17:07.830658
67589,59,2012-09-29,23.4,0,19.7,04:25,27,11:49,6,3.6,9.4,16:40,68,79,07:40,55,11:40,2025-05-06 10:17:07.989027,2025-05-06 10:17:07.989027
67606,59,2012-09-30,23,0,18.7,07:11,27.4,11:41,10,4.4,12.5,12:10,70,78,07:30,53,11:10,2025-05-06 10:17:08.155367,2025-05-06 10:17:08.155367
67624,59,2012-10-01,22.4,0,18.2,07:01,26.5,10:48,7,3.9,12.8,12:50,69,79,07:30,52,10:40,2025-05-06 10:17:08.331783,2025-05-06 10:17:08.331783
67642,59,2012-10-02,22.6,0,18,06:40,27.3,11:37,11,3.6,12.2,12:30,72,79,,57,11:20,2025-05-06 10:17:08.503228,2025-05-06 10:17:08.503228
67660,59,2012-10-03,22.6,0.2,19.3,06:24,25.9,10:31,8,3.3,8.6,18:10,77,83,23:50,59,10:10,2025-05-06 10:17:08.675143,2025-05-06 10:17:08.675143
67678,59,2012-10-04,22.8,0,18.2,06:07,27.3,12:53,22,3.1,9.2,15:10,71,88,,63,,2025-05-06 10:17:08.857762,2025-05-06 10:17:08.857762
67696,59,2012-10-05,22.2,0,17.6,06:58,26.9,14:33,13,4.7,7.2,17:20,75,84,,68,,2025-05-06 10:17:09.029236,2025-05-06 10:17:09.029236
67714,59,2012-10-06,23.8,0,19.8,06:46,27.7,16:25,10,3.9,11.4,14:10,76,86,,69,15:20,2025-05-06 10:17:09.196005,2025-05-06 10:17:09.196005
67732,59,2012-10-07,24.6,0,20.4,07:10,28.9,16:31,11,4.2,13.1,14:30,72,86,,59,13:10,2025-05-06 10:17:09.365033,2025-05-06 10:17:09.365033
67750,59,2012-10-08,26.2,0,21.2,05:45,31.1,15:53,10,3.1,12.8,15:10,70,82,,48,14:20,2025-05-06 10:17:09.551808,2025-05-06 10:17:09.551808
67768,59,2012-10-09,24.6,0,20.1,06:27,29.1,12:43,11,3.3,11.4,16:40,67,83,07:10,56,18:00,2025-05-06 10:17:09.718975,2025-05-06 10:17:09.718975
67786,59,2012-10-10,27.4,0,22.1,06:35,32.7,14:48,9,3.6,15,11:50,70,80,03:40,46,14:20,2025-05-06 10:17:09.897748,2025-05-06 10:17:09.897748
67804,59,2012-10-11,26.5,0,22.6,05:28,30.4,13:13,10,5.3,10.8,14:50,66,78,,45,12:50,2025-05-06 10:17:10.069159,2025-05-06 10:17:10.069159
67822,59,2012-10-12,24.8,0,21.7,06:51,28,12:09,8,5,12.5,14:50,69,81,07:30,60,17:50,2025-05-06 10:17:10.239029,2025-05-06 10:17:10.239029
67840,59,2012-10-13,23.6,0,20.2,06:40,27.1,15:35,9,5,12.5,10:30,71,80,07:30,58,10:50,2025-05-06 10:17:10.422706,2025-05-06 10:17:10.422706
67858,59,2012-10-14,23.5,0,19.2,07:18,27.8,15:59,10,4.4,11.9,14:30,65,82,08:00,44,16:10,2025-05-06 10:17:10.595307,2025-05-06 10:17:10.595307
67876,59,2012-10-15,23.6,0,20.6,04:28,26.6,15:43,9,4.4,11.7,14:00,71,80,07:50,60,15:50,2025-05-06 10:17:10.774100,2025-05-06 10:17:10.774100
67892,59,2012-10-16,24.4,0,20,07:17,28.7,15:00,13,3.1,10.3,12:40,71,83,07:40,53,12:30,2025-05-06 10:17:10.929589,2025-05-06 10:17:10.929589
67908,59,2012-10-17,23.5,0,20.6,07:59,26.4,15:53,34,3.3,11.1,14:10,66,77,08:00,55,17:20,2025-05-06 10:17:11.079620,2025-05-06 10:17:11.079620
67924,59,2012-10-18,21.9,2.2,18.9,04:05,24.9,15:07,1,2.8,12.5,17:00,78,82,,65,15:10,2025-05-06 10:17:11.225098,2025-05-06 10:17:11.225098
67940,59,2012-10-19,19.6,0.4,15.3,07:13,24,12:06,35,5,16.7,19:00,68,85,07:50,47,15:30,2025-05-06 10:17:11.372844,2025-05-06 10:17:11.372844
67956,59,2012-10-20,20.2,0,16.1,05:50,24.4,16:21,15,3.1,9.2,14:00,69,83,06:10,60,15:50,2025-05-06 10:17:11.517260,2025-05-06 10:17:11.517260
67972,59,2012-10-21,20.4,0,15.4,06:18,25.4,14:17,10,3.1,6.4,11:30,69,81,,59,14:30,2025-05-06 10:17:11.666934,2025-05-06 10:17:11.666934
67989,59,2012-10-22,21.8,0,16.5,,27.2,15:50,11,3.6,6.9,09:20,67,85,,42,16:20,2025-05-06 10:17:11.803234,2025-05-06 10:17:11.803234
68005,59,2012-10-23,23.1,0,19,06:04,27.2,14:15,23,4.7,8.9,17:20,71,79,21:10,64,11:10,2025-05-06 10:17:11.885455,2025-05-06 10:17:11.885455
68021,59,2012-10-24,23,0,19.2,07:02,26.9,11:34,99,3.3,8.3,14:30,77,86,07:30,71,,2025-05-06 10:17:11.975815,2025-05-06 10:17:11.975815
68038,59,2012-10-25,22.8,0,19.1,05:44,26.5,16:09,31,3.6,9.2,15:20,75,85,06:20,52,15:50,2025-05-06 10:17:12.083679,2025-05-06 10:17:12.083679
68054,59,2012-10-26,24.5,0,21.9,04:20,27.1,13:05,2,3.3,9.4,16:20,65,76,,50,14:00,2025-05-06 10:17:12.210080,2025-05-06 10:17:12.210080
68070,59,2012-10-27,22.6,0,19.1,05:00,26.2,15:27,36,3.3,8.1,17:20,73,82,,63,17:00,2025-05-06 10:17:12.358777,2025-05-06 10:17:12.358777
68086,59,2012-10-28,22.5,0,19.2,07:25,25.8,12:45,24,2.8,8.3,23:59,79,90,23:20,74,,2025-05-06 10:17:12.496460,2025-05-06 10:17:12.496460
68102,59,2012-10-29,25.8,0,22.8,07:31,28.8,13:58,2,3.1,10.3,15:00,72,89,,51,15:00,2025-05-06 10:17:12.651930,2025-05-06 10:17:12.651930
68119,59,2012-10-30,23.4,0,21.9,03:48,25,12:21,23,7.5,13.6,13:10,87,90,,84,00:30,2025-05-06 10:17:12.812788,2025-05-06 10:17:12.812788
68135,59,2012-10-31,23.6,18.2,22.5,12:46,24.7,10:27,23,6.1,14.2,15:30,90,93,13:40,87,,2025-05-06 10:17:12.961685,2025-05-06 10:17:12.961685
68153,59,2012-11-01,25.3,0,23.6,05:21,27,15:14,28,3.9,10,04:00,89,93,,81,15:20,2025-05-06 10:17:13.134828,2025-05-06 10:17:13.134828
68171,59,2012-11-02,24.8,0,21.4,06:35,28.3,14:42,35,1.4,8.3,21:00,83,92,,72,23:00,2025-05-06 10:17:13.318860,2025-05-06 10:17:13.318860
68188,59,2012-11-03,27.6,0,23.7,08:02,31.4,11:57,10,2.5,6.1,13:50,70,85,07:40,37,11:50,2025-05-06 10:17:13.485713,2025-05-06 10:17:13.485713
68205,59,2012-11-04,25.8,0,23.3,23:57,28.3,11:13,5,1.4,5.3,06:00,71,78,,63,10:30,2025-05-06 10:17:13.649785,2025-05-06 10:17:13.649785
68222,59,2012-11-05,25,0,22.3,07:44,27.7,12:46,12,2.8,9.2,14:40,65,77,21:30,53,18:00,2025-05-06 10:17:13.814567,2025-05-06 10:17:13.814567
68239,59,2012-11-06,24.7,0,21.1,05:50,28.3,15:48,99,3.1,6.7,12:30,72,81,22:50,63,10:10,2025-05-06 10:17:13.974782,2025-05-06 10:17:13.974782
68256,59,2012-11-07,24.2,0,20.9,,27.4,14:44,1,3.6,8.9,13:50,72,88,08:10,52,15:30,2025-05-06 10:17:14.145817,2025-05-06 10:17:14.145817
68273,59,2012-11-08,22,0,18.2,23:51,25.8,14:31,2,3.3,9.7,12:30,58,78,,42,14:40,2025-05-06 10:17:14.317744,2025-05-06 10:17:14.317744
68290,59,2012-11-09,19.5,0,15,06:54,24,13:20,1,3.9,12.5,14:40,61,77,07:10,45,11:10,2025-05-06 10:17:14.486313,2025-05-06 10:17:14.486313
68307,59,2012-11-10,21.6,0,17.8,03:56,25.5,14:28,4,3.9,12.8,10:20,58,77,07:30,40,15:30,2025-05-06 10:17:14.649010,2025-05-06 10:17:14.649010
68324,59,2012-11-11,22.1,0,18.9,06:21,25.3,14:09,2,4.7,12.8,,63,79,07:30,53,14:20,2025-05-06 10:17:14.811448,2025-05-06 10:17:14.811448
68340,59,2012-11-12,21.7,0,19,23:52,24.4,14:06,4,5,14.2,12:40,51,64,00:10,43,13:30,2025-05-06 10:17:14.972910,2025-05-06 10:17:14.972910
68357,59,2012-11-13,20.2,0,16,07:02,24.3,13:09,8,3.1,10.6,13:20,66,76,,46,13:30,2025-05-06 10:17:15.146226,2025-05-06 10:17:15.146226
68374,59,2012-11-14,19.9,0,15.2,05:48,24.6,15:20,30,3.3,6.7,13:10,67,80,07:00,47,16:30,2025-05-06 10:17:15.311798,2025-05-06 10:17:15.311798
68391,59,2012-11-15,21,0,15.7,01:17,26.2,13:06,7,2.8,6.7,05:40,73,82,23:50,62,13:30,2025-05-06 10:17:15.484249,2025-05-06 10:17:15.484249
68408,59,2012-11-16,21.3,0.2,17,03:10,25.6,13:17,28,2.5,8.6,06:00,63,87,03:40,47,15:10,2025-05-06 10:17:15.652980,2025-05-06 10:17:15.652980
68425,59,2012-11-17,21.8,0,18.9,23:45,24.6,14:21,34,4.7,14.2,12:30,65,77,,50,13:30,2025-05-06 10:17:15.826454,2025-05-06 10:17:15.826454
68442,59,2012-11-18,21,0,17.4,07:28,24.7,15:48,4,3.3,10,12:10,65,80,08:50,43,14:30,2025-05-06 10:17:15.990289,2025-05-06 10:17:15.990289
68458,59,2012-11-19,21.1,0,17.4,05:17,24.8,12:35,7,3.9,12.2,14:00,57,73,04:10,42,11:50,2025-05-06 10:17:16.142045,2025-05-06 10:17:16.142045
68474,59,2012-11-20,21,0,17.7,05:55,24.2,11:43,9,1.9,8.9,12:00,62,66,23:59,49,03:20,2025-05-06 10:17:16.293652,2025-05-06 10:17:16.293652
68491,59,2012-11-21,19,0,14.4,06:32,23.6,13:21,99,1.9,4.7,,66,78,23:59,53,10:50,2025-05-06 10:17:16.460408,2025-05-06 10:17:16.460408
68508,59,2012-11-22,19.8,0,15.4,07:23,24.1,14:10,3,4.2,10.6,14:00,70,83,05:20,58,13:40,2025-05-06 10:17:16.632093,2025-05-06 10:17:16.632093
68525,59,2012-11-23,20.2,0,16.6,07:20,23.8,14:54,13,3.3,8.6,12:00,78,87,,71,17:30,2025-05-06 10:17:16.803972,2025-05-06 10:17:16.803972
68542,59,2012-11-24,21.6,0,17,06:15,26.1,15:21,23,2.5,5,18:00,67,92,08:10,41,18:20,2025-05-06 10:17:16.960776,2025-05-06 10:17:16.960776
68559,59,2012-11-25,20.3,0,15.3,05:44,25.3,15:59,18,5.3,10,09:00,68,80,23:50,58,10:30,2025-05-06 10:17:17.134184,2025-05-06 10:17:17.134184
68576,59,2012-11-26,21.6,1.6,19.6,05:01,23.7,13:14,26,7.5,13.6,07:30,76,84,23:30,71,13:20,2025-05-06 10:17:17.294473,2025-05-06 10:17:17.294473
68593,59,2012-11-27,20,6.6,18,23:58,22,11:51,7,4.4,13.9,16:40,83,90,08:00,74,,2025-05-06 10:17:17.467001,2025-05-06 10:17:17.467001
68609,59,2012-11-28,19,0,16.4,06:24,21.6,13:23,2,3.9,10.3,14:10,64,76,02:40,52,13:20,2025-05-06 10:17:17.623639,2025-05-06 10:17:17.623639
68625,59,2012-11-29,19.4,0,16.7,07:10,22.1,12:42,4,5.6,13.9,10:40,62,78,01:10,48,12:30,2025-05-06 10:17:17.774888,2025-05-06 10:17:17.774888
68641,59,2012-11-30,19.7,0,16.7,05:29,22.7,14:18,4,5,14.2,11:10,62,76,18:30,44,14:10,2025-05-06 10:17:17.931473,2025-05-06 10:17:17.931473
68657,59,2012-12-01,19,0,16.4,,21.5,13:20,4,6.4,15,11:50,57,76,00:20,45,15:30,2025-05-06 10:17:18.074445,2025-05-06 10:17:18.074445
68673,59,2012-12-02,17.8,0.2,14.8,07:45,20.9,14:40,5,5.3,14.7,12:00,64,78,,49,13:20,2025-05-06 10:17:18.239164,2025-05-06 10:17:18.239164
68689,59,2012-12-03,18.8,0,16.6,,21,13:37,8,5.3,14.4,14:10,61,69,01:00,49,15:10,2025-05-06 10:17:18.404501,2025-05-06 10:17:18.404501
68705,59,2012-12-04,18,0,14.7,,21.2,12:48,8,3.9,11.4,14:00,64,76,07:40,55,12:20,2025-05-06 10:17:18.632114,2025-05-06 10:17:18.632114
68720,59,2012-12-05,17.4,0,13.7,07:56,21.2,11:59,10,3.9,11.7,13:30,67,78,,56,12:00,2025-05-06 10:17:18.792950,2025-05-06 10:17:18.792950
68735,59,2012-12-06,18.4,0,13.7,07:07,23.2,13:43,10,2.8,8.6,12:30,69,79,,58,13:30,2025-05-06 10:17:18.936166,2025-05-06 10:17:18.936166
68751,59,2012-12-07,18,0,13.4,06:40,22.6,13:22,16,2.5,5,13:20,73,87,08:50,62,13:30,2025-05-06 10:17:19.084449,2025-05-06 10:17:19.084449
68767,59,2012-12-08,17.4,0,12.7,04:48,22.2,14:13,12,3.6,7.5,14:30,78,88,07:50,72,,2025-05-06 10:17:19.247749,2025-05-06 10:17:19.247749
68783,59,2012-12-09,18.4,0,13.9,05:55,22.8,15:10,10,3.3,8.9,,75,87,,59,15:00,2025-05-06 10:17:19.404900,2025-05-06 10:17:19.404900
68799,59,2012-12-10,18.3,0,14.3,06:21,22.3,14:01,7,3.1,9.2,13:10,78,90,,65,,2025-05-06 10:17:19.555973,2025-05-06 10:17:19.555973
68815,59,2012-12-11,19.1,0,14.5,23:52,23.7,15:51,22,2.5,5.8,13:30,68,84,09:20,48,23:00,2025-05-06 10:17:19.713050,2025-05-06 10:17:19.713050
68831,59,2012-12-12,18.9,0,14.5,00:01,23.3,15:48,12,3.6,7.8,11:10,73,89,08:10,54,00:00,2025-05-06 10:17:19.868314,2025-05-06 10:17:19.868314
68847,59,2012-12-13,18,0,13.7,06:40,22.3,12:07,8,3.3,11.9,13:00,74,87,,58,12:10,2025-05-06 10:17:20.023109,2025-05-06 10:17:20.023109
68863,59,2012-12-14,17.4,0,12.2,,22.6,14:18,99,3.3,7.5,,76,87,,64,13:50,2025-05-06 10:17:20.168940,2025-05-06 10:17:20.168940
68879,59,2012-12-15,17.4,0,13.3,07:31,21.5,12:03,10,3.6,10.8,14:00,77,90,08:00,68,13:50,2025-05-06 10:17:20.324106,2025-05-06 10:17:20.324106
68895,59,2012-12-16,18.4,0,14.7,08:05,22,14:13,4,4.7,11.1,12:40,78,90,,67,,2025-05-06 10:17:20.484959,2025-05-06 10:17:20.484959
68911,59,2012-12-17,19.6,0,16.9,,22.2,16:35,12,3.6,9.7,15:10,71,82,23:40,66,16:50,2025-05-06 10:17:20.640419,2025-05-06 10:17:20.640419
68927,59,2012-12-18,19.3,0,14.3,,24.3,15:52,10,2.2,9.4,12:00,74,93,08:50,51,18:40,2025-05-06 10:17:20.794649,2025-05-06 10:17:20.794649
68944,59,2012-12-19,19.6,0,14.6,07:46,24.5,14:23,4,2.8,5.6,20:20,69,86,05:20,46,19:50,2025-05-06 10:17:20.969239,2025-05-06 10:17:20.969239
68960,59,2012-12-20,19.8,0,14.5,08:06,25.1,13:58,99,3.1,8.3,16:30,41,59,00:50,34,,2025-05-06 10:17:21.123306,2025-05-06 10:17:21.123306
68976,59,2012-12-21,19.9,0,15.2,05:35,24.6,13:23,6,3.6,11.9,10:20,46,75,08:30,32,15:50,2025-05-06 10:17:21.270436,2025-05-06 10:17:21.270436
68992,59,2012-12-22,19.4,0,15.2,,23.5,14:29,11,3.1,7.2,12:10,75,89,,58,00:00,2025-05-06 10:17:21.426193,2025-05-06 10:17:21.426193
69008,59,2012-12-23,20.2,0,15.4,01:01,24.9,16:03,6,2.5,9.7,04:50,51,77,00:00,31,18:50,2025-05-06 10:17:21.591669,2025-05-06 10:17:21.591669
69025,59,2012-12-24,18.4,0,12.4,06:54,24.5,14:13,3,2.5,11.9,23:40,47,75,,29,18:30,2025-05-06 10:17:21.778138,2025-05-06 10:17:21.778138
69042,59,2012-12-25,19.3,0,16.6,23:00,22,14:14,6,5.8,11.4,14:40,63,75,00:00,51,14:00,2025-05-06 10:17:21.965383,2025-05-06 10:17:21.965383
69059,59,2012-12-26,17.6,0,14.3,07:59,20.9,14:28,8,5,13.3,15:10,63,76,08:20,50,12:50,2025-05-06 10:17:22.148517,2025-05-06 10:17:22.148517
69076,59,2012-12-27,19.2,0,17.1,06:01,21.4,13:48,6,7.2,13.1,11:00,67,78,,58,16:00,2025-05-06 10:17:22.333913,2025-05-06 10:17:22.333913
69093,59,2012-12-28,19.8,0,17.9,,21.6,17:19,4,5.3,13.6,20:10,58,81,,37,17:30,2025-05-06 10:17:22.511463,2025-05-06 10:17:22.511463
69110,59,2012-12-29,19.8,0,18.1,,21.5,14:11,6,5.8,13.3,07:40,63,71,,49,16:40,2025-05-06 10:17:22.611415,2025-05-06 10:17:22.611415
69127,59,2012-12-30,18.2,0,14.7,08:00,21.8,14:36,8,4.4,11.1,13:40,68,78,,58,12:10,2025-05-06 10:17:22.710124,2025-05-06 10:17:22.710124
69144,59,2012-12-31,17.9,0,15.9,00:05,19.9,12:55,34,2.8,8.1,15:10,62,78,00:20,55,09:50,2025-05-06 10:17:22.814002,2025-05-06 10:17:22.814002
69162,59,2013-01-01,19.2,0,16.9,,21.4,14:42,3,4.7,12.5,13:10,62,75,23:59,56,12:00,2025-05-06 10:17:22.958978,2025-05-06 10:17:22.958978
69180,59,2013-01-02,17.6,0,14.2,,21.1,12:39,6,4.7,11.9,10:40,69,86,08:20,58,12:50,2025-05-06 10:17:23.157635,2025-05-06 10:17:23.157635
69198,59,2013-01-03,17.7,0,14.4,07:34,21,11:44,9,3.6,12.2,14:30,69,78,,59,,2025-05-06 10:17:23.360528,2025-05-06 10:17:23.360528
69216,59,2013-01-04,17.2,0,12.1,07:45,22.4,16:00,11,3.3,8.3,13:00,62,81,09:10,46,,2025-05-06 10:17:23.548701,2025-05-06 10:17:23.548701
69234,59,2013-01-05,17.8,0,14.9,22:41,20.6,15:34,14,4.2,12.8,03:10,54,65,,46,15:20,2025-05-06 10:17:23.747457,2025-05-06 10:17:23.747457
69252,59,2013-01-06,17.6,0,14.7,23:57,20.6,14:06,5,5,17.2,03:30,66,77,,56,17:20,2025-05-06 10:17:23.946309,2025-05-06 10:17:23.946309
69270,59,2013-01-07,16.6,0,11.9,08:16,21.3,14:51,11,3.9,7.5,12:10,75,89,,58,19:30,2025-05-06 10:17:24.140133,2025-05-06 10:17:24.140133
69288,59,2013-01-08,17.1,0,12.8,07:47,21.4,15:20,12,3.3,9.2,15:00,67,89,,46,17:40,2025-05-06 10:17:24.333985,2025-05-06 10:17:24.333985
69306,59,2013-01-09,18.4,0,15,06:09,21.9,12:19,7,4.2,10.3,13:20,70,84,06:30,50,12:30,2025-05-06 10:17:24.538418,2025-05-06 10:17:24.538418
69324,59,2013-01-10,18.2,0,15.1,06:44,21.4,,10,4.2,12.2,15:20,72,87,06:50,50,11:20,2025-05-06 10:17:24.736654,2025-05-06 10:17:24.736654
69342,59,2013-01-11,17.8,0,13.7,07:06,22,13:31,8,3.3,9.2,12:00,63,92,09:10,43,15:20,2025-05-06 10:17:24.924375,2025-05-06 10:17:24.924375
69360,59,2013-01-12,17.6,0,13.7,08:09,21.4,17:14,12,3.6,10.3,13:10,70,91,08:50,50,17:10,2025-05-06 10:17:25.160943,2025-05-06 10:17:25.160943
69378,59,2013-01-13,17.4,0,13.3,07:52,21.6,14:37,6,5.3,11.7,18:50,72,90,,55,15:10,2025-05-06 10:17:25.370360,2025-05-06 10:17:25.370360
69396,59,2013-01-14,18.4,0,16.4,07:21,20.4,13:45,7,8.1,17.8,11:10,64,75,01:40,54,15:30,2025-05-06 10:17:25.570386,2025-05-06 10:17:25.570386
69414,59,2013-01-15,18.2,0,15.9,08:22,20.4,15:59,7,5,18.3,11:10,68,78,,61,17:20,2025-05-06 10:17:25.787470,2025-05-06 10:17:25.787470
69432,59,2013-01-16,17.2,0,13.7,06:09,20.8,15:53,12,3.9,8.9,13:50,76,90,,64,16:10,2025-05-06 10:17:25.985841,2025-05-06 10:17:25.985841
69450,59,2013-01-17,16.6,0,12.6,05:59,20.6,14:08,12,3.9,15.8,15:10,74,89,,62,13:50,2025-05-06 10:17:26.190400,2025-05-06 10:17:26.190400
69468,59,2013-01-18,17.8,0,13,02:11,22.7,14:26,12,3.3,8.3,14:00,70,81,08:50,58,12:40,2025-05-06 10:17:26.387156,2025-05-06 10:17:26.387156
69486,59,2013-01-19,19.3,0,16,01:25,22.6,13:29,34,2.8,12.8,17:10,65,78,16:10,55,13:20,2025-05-06 10:17:26.588178,2025-05-06 10:17:26.588178
69504,59,2013-01-20,17.5,0,13.7,07:09,21.3,14:34,2,3.3,11.1,17:00,67,78,,54,14:30,2025-05-06 10:17:26.787258,2025-05-06 10:17:26.787258
69522,59,2013-01-21,19.8,0.2,17.2,00:13,22.3,11:13,34,3.3,10.6,15:40,65,78,23:59,53,11:20,2025-05-06 10:17:26.987591,2025-05-06 10:17:26.987591
69540,59,2013-01-22,18.3,0,15.8,07:46,20.8,13:38,6,6.1,14.7,16:00,62,82,,50,17:50,2025-05-06 10:17:27.190874,2025-05-06 10:17:27.190874
69558,59,2013-01-23,18.4,0,16.2,01:53,20.5,14:49,4,8.1,18.1,15:10,61,72,08:10,51,14:30,2025-05-06 10:17:27.393569,2025-05-06 10:17:27.393569
69576,59,2013-01-24,18.2,0,15.7,05:43,20.6,14:24,3,6.7,15.8,11:10,66,74,,57,13:20,2025-05-06 10:17:27.594986,2025-05-06 10:17:27.594986
69594,59,2013-01-25,19,0,15.2,02:59,22.9,13:12,1,3.9,12.2,18:20,64,78,07:50,53,14:50,2025-05-06 10:17:27.713747,2025-05-06 10:17:27.713747
69612,59,2013-01-26,19.2,0,16.1,07:45,22.4,12:52,5,5.3,11.4,12:50,70,78,,62,,2025-05-06 10:18:30.143483,2025-05-06 10:18:30.143483
69630,59,2013-01-27,19.4,0,16.9,07:36,22,14:12,6,5.3,12.5,21:20,68,80,08:40,58,13:10,2025-05-06 10:18:30.339203,2025-05-06 10:18:30.339203
69648,59,2013-01-28,19,0,16.3,03:52,21.8,16:10,6,4.2,10.8,00:10,68,79,,58,17:40,2025-05-06 10:18:30.532117,2025-05-06 10:18:30.532117
69666,59,2013-01-29,17.4,0,13.8,07:42,21.1,14:38,12,3.6,8.6,11:50,79,89,08:20,71,20:20,2025-05-06 10:18:30.776778,2025-05-06 10:18:30.776778
69684,59,2013-01-30,19.8,0,15,02:00,24.7,17:21,11,3.6,7.5,14:30,56,85,06:00,21,22:20,2025-05-06 10:18:30.974457,2025-05-06 10:18:30.974457
69702,59,2013-01-31,21.4,0,18.4,03:53,24.4,17:05,6,6.4,18.6,07:50,36,58,12:00,13,22:20,2025-05-06 10:18:31.183041,2025-05-06 10:18:31.183041
69720,59,2013-02-01,21.2,0,17.3,23:50,25,15:46,4,5,14.4,06:30,43,65,23:59,26,00:00,2025-05-06 10:18:31.388015,2025-05-06 10:18:31.388015
69738,59,2013-02-02,20.5,0,16.8,01:13,24.2,14:08,5,6.4,16.7,15:10,48,77,08:40,33,18:20,2025-05-06 10:18:31.589021,2025-05-06 10:18:31.589021
69756,59,2013-02-03,18.3,0,16.3,07:51,20.3,14:45,6,6.1,13.9,12:20,60,73,,54,,2025-05-06 10:18:31.802195,2025-05-06 10:18:31.802195
69774,59,2013-02-04,19.2,0,16.1,01:47,22.4,16:16,7,5.8,21.7,10:40,55,78,,33,16:20,2025-05-06 10:18:32.013712,2025-05-06 10:18:32.013712
69792,59,2013-02-05,19.4,0,16.9,23:12,21.9,17:04,9,4.7,15.8,00:30,43,67,00:00,27,18:00,2025-05-06 10:18:32.204045,2025-05-06 10:18:32.204045
69810,59,2013-02-06,18.3,0,16,06:59,20.6,12:52,8,4.4,10,16:30,68,76,,52,00:10,2025-05-06 10:18:32.385217,2025-05-06 10:18:32.385217
69828,59,2013-02-07,18.6,0,16.3,,20.8,14:17,8,6.4,17.2,14:10,64,74,,52,14:10,2025-05-06 10:18:32.583178,2025-05-06 10:18:32.583178
69846,59,2013-02-08,17.2,0,15.6,23:34,18.7,13:49,6,5,9.7,18:00,65,72,18:20,58,11:00,2025-05-06 10:18:32.767489,2025-05-06 10:18:32.767489
69864,59,2013-02-09,17.8,0,14.4,06:39,21.2,14:36,6,6.4,14.4,12:00,62,71,,54,12:50,2025-05-06 10:18:32.940516,2025-05-06 10:18:32.940516
69881,59,2013-02-10,18.2,0,14.4,03:50,21.9,15:36,6,5.6,11.7,23:00,58,76,,42,17:20,2025-05-06 10:18:33.117412,2025-05-06 10:18:33.117412
69898,59,2013-02-11,18.6,0,16,07:13,21.1,15:07,9,5.8,11.4,12:00,68,78,,56,15:00,2025-05-06 10:18:33.291846,2025-05-06 10:18:33.291846
69915,59,2013-02-12,18.3,0,16,03:37,20.6,13:44,5,7.5,14.2,15:40,64,75,01:50,57,12:40,2025-05-06 10:18:33.478223,2025-05-06 10:18:33.478223
69931,59,2013-02-13,17.8,0,16.4,21:46,19.2,15:52,5,6.4,13.6,00:20,69,78,,65,,2025-05-06 10:18:33.648562,2025-05-06 10:18:33.648562
69948,59,2013-02-14,18.4,0,15.7,06:35,21,14:11,11,5.3,11.7,15:00,74,84,,59,20:40,2025-05-06 10:18:33.820615,2025-05-06 10:18:33.820615
69965,59,2013-02-15,19.2,0,14.2,07:40,24.3,16:50,12,2.5,8.3,19:20,57,81,09:00,32,17:50,2025-05-06 10:18:34.001519,2025-05-06 10:18:34.001519
69982,59,2013-02-16,19.6,0,15.2,07:59,24.1,16:05,2,2.8,6.1,03:40,57,69,11:40,31,22:50,2025-05-06 10:18:34.189771,2025-05-06 10:18:34.189771
70000,59,2013-02-17,18.6,0,13.3,07:30,23.8,15:06,24,1.9,7.2,15:40,63,77,,33,05:30,2025-05-06 10:18:34.384367,2025-05-06 10:18:34.384367
70017,59,2013-02-18,17.5,1,13.2,05:57,21.8,14:12,34,3.1,13.6,21:50,67,78,10:40,50,14:10,2025-05-06 10:18:34.573883,2025-05-06 10:18:34.573883
70035,59,2013-02-19,17.8,0,15,01:55,20.5,15:30,35,4.2,13.3,16:40,57,76,00:00,45,11:10,2025-05-06 10:18:34.774756,2025-05-06 10:18:34.774756
70053,59,2013-02-20,17.8,0,12.9,07:42,22.6,14:29,14,2.5,6.4,12:10,69,78,08:50,53,11:40,2025-05-06 10:18:34.980121,2025-05-06 10:18:34.980121
70071,59,2013-02-21,17.4,0,12.5,07:15,22.2,16:45,22,4.4,9.4,14:40,70,78,07:30,60,12:50,2025-05-06 10:18:35.189554,2025-05-06 10:18:35.189554
70089,59,2013-02-22,18,0,12.1,07:04,23.9,14:50,29,3.1,9.7,15:00,72,80,,50,15:00,2025-05-06 10:18:35.401894,2025-05-06 10:18:35.401894
70107,59,2013-02-23,18,0,14.9,06:46,21.1,13:07,10,4.7,12.8,15:10,62,82,08:10,53,13:00,2025-05-06 10:18:35.623462,2025-05-06 10:18:35.623462
70125,59,2013-02-24,18.8,0,16.1,01:00,21.6,15:02,9,6.7,13.3,12:10,63,74,,55,13:50,2025-05-06 10:18:35.828820,2025-05-06 10:18:35.828820
70143,59,2013-02-25,18.4,0,15.7,,21.1,15:41,11,6.4,11.4,14:10,68,79,,55,17:40,2025-05-06 10:18:36.031900,2025-05-06 10:18:36.031900
70161,59,2013-02-26,17.3,0,12.4,08:15,22.2,15:41,26,3.6,10.3,15:00,73,87,08:00,52,15:50,2025-05-06 10:18:36.238766,2025-05-06 10:18:36.238766
70179,59,2013-02-27,18.6,0,14.4,07:37,22.9,16:14,12,2.8,7.8,14:00,66,78,08:40,53,11:10,2025-05-06 10:18:36.451050,2025-05-06 10:18:36.451050
70196,59,2013-02-28,17.3,0,14.6,03:19,20,10:40,7,3.9,11.4,12:20,65,75,03:50,54,10:30,2025-05-06 10:18:36.649573,2025-05-06 10:18:36.649573
70213,59,2013-03-01,17,0,12.3,05:40,21.7,16:44,3,2.5,4.7,07:20,69,79,07:30,57,,2025-05-06 10:18:36.844277,2025-05-06 10:18:36.844277
70229,59,2013-03-02,18.6,0,16.7,23:58,20.6,16:53,1,6.4,16.7,19:10,78,86,13:50,68,17:30,2025-05-06 10:18:37.028021,2025-05-06 10:18:37.028021
70245,59,2013-03-03,16.6,9,12.8,04:09,20.3,15:13,22,7.5,20.8,22:30,84,90,23:40,77,14:30,2025-05-06 10:18:37.220345,2025-05-06 10:18:37.220345
70261,59,2013-03-04,18,8.2,15.6,17:46,20.3,12:49,24,7.5,22.2,00:30,81,92,00:50,76,22:40,2025-05-06 10:18:37.410380,2025-05-06 10:18:37.410380
70276,59,2013-03-05,20.2,0,17.4,03:42,22.9,16:38,24,3.9,11.1,11:10,72,80,02:00,57,17:30,2025-05-06 10:18:37.585853,2025-05-06 10:18:37.585853
70292,59,2013-03-06,19.2,0,16.3,07:24,22.2,13:26,26,3.3,8.6,14:20,85,92,08:50,77,00:00,2025-05-06 10:18:37.756975,2025-05-06 10:18:37.756975
70309,59,2013-03-07,19.8,0,17.7,04:13,21.9,14:51,23,3.6,8.1,15:10,87,95,04:50,80,16:10,2025-05-06 10:18:37.944216,2025-05-06 10:18:37.944216
70326,59,2013-03-08,18.8,0,15.1,07:51,22.5,13:16,25,3.1,6.7,19:20,86,95,07:30,78,16:40,2025-05-06 10:18:38.132972,2025-05-06 10:18:38.132972
70343,59,2013-03-09,21.4,0,18.2,23:54,24.6,14:39,1,3.1,11.9,13:30,65,94,,45,17:10,2025-05-06 10:18:38.329025,2025-05-06 10:18:38.329025
70360,59,2013-03-10,19.9,0,15.9,06:15,23.9,15:05,32,2.8,8.9,18:30,64,78,,52,18:00,2025-05-06 10:18:38.456945,2025-05-06 10:18:38.456945
70377,59,2013-03-11,17.6,0,14.8,06:46,20.3,15:10,9,4.7,13.1,13:10,74,80,,69,15:30,2025-05-06 10:18:38.555427,2025-05-06 10:18:38.555427
70394,59,2013-03-12,18.2,0,13.1,06:28,23.3,15:58,12,2.8,5.8,13:20,70,84,,58,16:30,2025-05-06 10:18:38.655322,2025-05-06 10:18:38.655322
70411,59,2013-03-13,19.3,0,14.3,05:37,24.3,15:09,10,1.9,5.3,10:20,71,85,07:30,60,15:20,2025-05-06 10:18:38.782240,2025-05-06 10:18:38.782240
70428,59,2013-03-14,17.8,0,14.3,07:15,21.4,12:37,10,4.7,13.3,15:00,77,86,,72,12:40,2025-05-06 10:18:38.948334,2025-05-06 10:18:38.948334
70445,59,2013-03-15,19.4,0,15.4,07:01,23.3,15:07,5,2.2,8.3,09:50,77,84,,61,20:20,2025-05-06 10:18:39.138882,2025-05-06 10:18:39.138882
70462,59,2013-03-16,19.4,0,15.1,07:21,23.7,14:38,23,4.2,10.6,15:10,70,86,23:59,55,12:20,2025-05-06 10:18:39.324001,2025-05-06 10:18:39.324001
70479,59,2013-03-17,21.8,0,19,05:47,24.6,16:52,99,4.7,9.7,,72,88,03:30,55,16:50,2025-05-06 10:18:39.508929,2025-05-06 10:18:39.508929
70496,59,2013-03-18,19.6,0,16.2,07:30,23,14:07,23,3.6,7.5,16:00,79,88,20:30,73,13:40,2025-05-06 10:18:39.704253,2025-05-06 10:18:39.704253
70513,59,2013-03-19,20.8,0,17.7,07:23,24,14:53,27,2.5,12.8,14:30,73,86,,53,15:50,2025-05-06 10:18:39.940514,2025-05-06 10:18:39.940514
70530,59,2013-03-20,19.8,0,17,06:54,22.5,15:53,10,5,10.8,15:10,77,82,07:30,69,16:00,2025-05-06 10:18:40.134959,2025-05-06 10:18:40.134959
70546,59,2013-03-21,19.4,0,14.1,07:09,24.7,15:40,4,2.8,5.8,21:50,71,87,,58,,2025-05-06 10:18:40.293783,2025-05-06 10:18:40.293783
70563,59,2013-03-22,19.2,0,14.7,05:10,23.6,14:05,34,3.1,11.1,19:30,59,79,08:10,46,17:20,2025-05-06 10:18:40.476547,2025-05-06 10:18:40.476547
70580,59,2013-03-23,19.6,0,16.5,,22.6,15:12,36,5.6,16.7,17:00,57,71,20:10,44,12:00,2025-05-06 10:18:40.674381,2025-05-06 10:18:40.674381
70597,59,2013-03-24,18,0,15,06:37,21,11:28,10,5,12.2,15:10,62,75,07:50,48,10:40,2025-05-06 10:18:40.873785,2025-05-06 10:18:40.873785
70614,59,2013-03-25,17.4,0,12.5,06:53,22.2,11:39,11,5.6,15.3,15:10,67,78,,51,11:20,2025-05-06 10:18:41.079752,2025-05-06 10:18:41.079752
70631,59,2013-03-26,18.4,0,13.3,07:09,23.4,15:48,1,3.6,13.3,16:30,67,80,,55,16:00,2025-05-06 10:18:41.272526,2025-05-06 10:18:41.272526
70648,59,2013-03-27,21,0,18.1,04:14,23.9,14:02,26,3.9,10.6,12:00,70,79,05:00,54,,2025-05-06 10:18:41.462068,2025-05-06 10:18:41.462068
70665,59,2013-03-28,20.6,0,16,06:12,25.2,14:38,36,3.3,8.6,00:40,72,81,07:30,57,14:50,2025-05-06 10:18:41.666358,2025-05-06 10:18:41.666358
70682,59,2013-03-29,20.3,0,15.9,07:15,24.7,16:11,12,3.1,7.8,11:10,75,82,,64,,2025-05-06 10:18:41.862874,2025-05-06 10:18:41.862874
70699,59,2013-03-30,20.4,0,16.7,07:13,24,17:01,12,4.7,12.2,12:40,74,84,,58,11:30,2025-05-06 10:18:42.055334,2025-05-06 10:18:42.055334
70716,59,2013-03-31,19.8,0,15.6,06:52,23.9,16:52,12,3.6,13.3,11:10,76,87,07:40,65,,2025-05-06 10:18:42.237877,2025-05-06 10:18:42.237877
70733,59,2013-04-01,20.2,0,15.4,06:59,25,14:50,22,1.9,5.8,15:10,72,84,,62,14:40,2025-05-06 10:18:42.418549,2025-05-06 10:18:42.418549
70750,59,2013-04-02,19.9,0,16.2,06:53,23.6,12:17,25,3.3,8.9,22:30,76,86,,65,12:30,2025-05-06 10:18:42.627221,2025-05-06 10:18:42.627221
70767,59,2013-04-03,20.2,0.2,17.7,03:16,22.6,12:29,22,4.2,13.9,23:50,57,79,01:10,43,11:30,2025-05-06 10:18:42.814205,2025-05-06 10:18:42.814205
70784,59,2013-04-04,19.8,0.2,17,05:10,22.7,12:45,29,4.7,16.1,03:10,55,72,20:40,46,,2025-05-06 10:18:43.014013,2025-05-06 10:18:43.014013
70802,59,2013-04-05,20.4,0,17.5,07:53,23.4,15:05,34,5,15,15:40,54,75,08:00,37,13:20,2025-05-06 10:18:43.199238,2025-05-06 10:18:43.199238
70820,59,2013-04-06,19.2,0,16.4,03:36,22.1,13:04,8,5,15.8,15:00,55,68,02:10,44,12:40,2025-05-06 10:18:43.387481,2025-05-06 10:18:43.387481
70838,59,2013-04-07,18.2,0,16.2,05:15,20.2,11:04,7,3.1,9.7,13:40,57,66,06:30,48,12:10,2025-05-06 10:18:43.595817,2025-05-06 10:18:43.595817
70856,59,2013-04-08,18.2,0,16.3,24:00,20.2,12:36,2,3.6,9.7,14:10,60,75,22:40,47,17:30,2025-05-06 10:18:43.799904,2025-05-06 10:18:43.799904
70874,59,2013-04-09,18.4,0,15.4,01:57,21.4,17:00,12,3.9,13.3,14:30,62,75,02:00,50,12:00,2025-05-06 10:18:44.008748,2025-05-06 10:18:44.008748
70892,59,2013-04-10,20.2,0,16.7,06:47,23.7,17:09,12,4.2,11.7,12:10,69,78,23:59,59,10:20,2025-05-06 10:18:44.210868,2025-05-06 10:18:44.210868
70910,59,2013-04-11,20.6,0,16.7,06:07,24.4,16:36,10,5.8,12.5,14:00,69,81,,55,16:30,2025-05-06 10:18:44.418919,2025-05-06 10:18:44.418919
70928,59,2013-04-12,20.2,0,17.3,,23.1,12:10,12,5.6,12.8,13:30,68,77,,57,11:20,2025-05-06 10:18:44.612252,2025-05-06 10:18:44.612252
70946,59,2013-04-13,20.2,0,16.8,23:58,23.7,16:48,12,5.3,13.9,12:50,65,78,07:40,52,11:20,2025-05-06 10:18:44.822720,2025-05-06 10:18:44.822720
70964,59,2013-04-14,18,0,13.7,07:10,22.2,14:58,11,5.6,14.2,12:10,68,78,07:40,54,10:20,2025-05-06 10:18:45.032728,2025-05-06 10:18:45.032728
70982,59,2013-04-15,20.7,0,15.6,,25.8,15:56,13,4.7,11.7,13:50,68,77,06:30,53,16:10,2025-05-06 10:18:45.233306,2025-05-06 10:18:45.233306
71000,59,2013-04-16,20.8,0,16.6,04:34,24.9,15:14,6,5,10.3,11:00,70,78,,58,15:20,2025-05-06 10:18:45.439178,2025-05-06 10:18:45.439178
71017,59,2013-04-17,22.3,0,18.9,,25.7,13:46,11,3.3,15,15:10,68,78,08:10,56,13:20,2025-05-06 10:18:45.641930,2025-05-06 10:18:45.641930
71034,59,2013-04-18,22,0,18.1,,25.9,15:37,11,2.2,10,11:50,73,81,22:50,65,15:30,2025-05-06 10:18:45.840125,2025-05-06 10:18:45.840125
71052,59,2013-04-19,24,0,19.9,01:47,28,22:51,33,3.9,8.9,05:50,64,80,00:00,30,22:50,2025-05-06 10:18:46.053813,2025-05-06 10:18:46.053813
71070,59,2013-04-20,26.4,0,21.9,04:31,30.8,22:14,36,3.1,8.6,23:10,53,74,20:30,21,22:20,2025-05-06 10:18:46.253667,2025-05-06 10:18:46.253667
71088,59,2013-04-21,26,0,22.1,06:34,29.8,00:01,11,2.2,10,01:00,62,78,22:30,25,00:00,2025-05-06 10:18:46.455097,2025-05-06 10:18:46.455097
71106,59,2013-04-22,28,0,23.1,00:47,33,16:23,7,6.4,11.4,11:30,26,74,00:00,15,20:40,2025-05-06 10:18:46.667763,2025-05-06 10:18:46.667763
71124,59,2013-04-23,22.8,0,19.2,23:56,26.4,11:45,12,5.3,12.2,12:20,55,74,19:10,20,00:00,2025-05-06 10:18:46.864336,2025-05-06 10:18:46.864336
71142,59,2013-04-24,21.2,0,16.5,06:40,25.9,14:49,12,3.6,10.8,11:40,69,81,21:20,54,08:50,2025-05-06 10:18:47.068781,2025-05-06 10:18:47.068781
71160,59,2013-04-25,23.2,0,19.8,00:42,26.7,14:20,12,3.3,10,11:10,59,77,20:40,45,,2025-05-06 10:18:47.316939,2025-05-06 10:18:47.316939
71178,59,2013-04-26,21.6,0,17.7,06:29,25.6,17:08,9,6.1,14.7,15:10,53,76,,34,18:00,2025-05-06 10:18:47.521606,2025-05-06 10:18:47.521606
71196,59,2013-04-27,21,0,19.2,23:50,22.9,11:23,12,5.8,12.8,13:50,66,74,,48,03:30,2025-05-06 10:18:47.737963,2025-05-06 10:18:47.737963
71214,59,2013-04-28,19.5,0,17.7,,21.3,15:05,7,4.2,12.8,12:20,57,74,00:50,49,,2025-05-06 10:18:47.943521,2025-05-06 10:18:47.943521
71232,59,2013-04-29,19.6,0,17,04:35,22.1,12:30,6,5.8,13.6,11:30,53,63,23:00,44,11:10,2025-05-06 10:18:48.143597,2025-05-06 10:18:48.143597
71249,59,2013-04-30,20,0,17.3,,22.7,14:34,7,4.7,12.8,09:50,58,67,,38,12:50,2025-05-06 10:18:48.342739,2025-05-06 10:18:48.342739
71267,59,2013-05-01,19.4,0,15.7,06:40,23,12:30,3,4.2,11.4,13:00,55,77,03:40,35,15:30,2025-05-06 10:18:48.547171,2025-05-06 10:18:48.547171
71285,59,2013-05-02,19.8,0,16.9,04:42,22.7,13:03,4,4.7,11.4,13:40,48,64,,38,12:20,2025-05-06 10:18:48.760018,2025-05-06 10:18:48.760018
71303,59,2013-05-03,20,0,16.7,03:57,23.2,16:09,8,4.4,11.1,14:10,56,70,04:30,41,16:20,2025-05-06 10:18:48.968269,2025-05-06 10:18:48.968269
71321,59,2013-05-04,20.6,0,17.1,,24.1,13:03,10,3.6,13.3,15:00,53,67,00:10,44,11:50,2025-05-06 10:18:49.099031,2025-05-06 10:18:49.099031
71339,59,2013-05-05,20.8,0,16.8,05:00,24.9,12:18,12,5,13.3,16:00,64,72,21:40,48,11:30,2025-05-06 10:18:49.208268,2025-05-06 10:18:49.208268
71357,59,2013-05-06,21.2,0,16.7,06:24,25.8,15:38,11,3.3,10.8,12:00,67,83,22:20,36,09:20,2025-05-06 10:18:49.316978,2025-05-06 10:18:49.316978
71375,59,2013-05-07,21.8,0,16.5,06:24,27.1,14:44,36,2.8,5.8,01:50,65,87,22:00,55,07:40,2025-05-06 10:18:49.468603,2025-05-06 10:18:49.468603
71393,59,2013-05-08,22.8,0,18.2,05:08,27.5,16:04,24,3.6,6.7,17:30,56,85,01:30,36,23:59,2025-05-06 10:18:49.672463,2025-05-06 10:18:49.672463
71411,59,2013-05-09,24.6,0,18.7,06:22,30.6,14:01,12,3.6,11.9,15:10,47,65,19:30,22,09:00,2025-05-06 10:18:49.864427,2025-05-06 10:18:49.864427
71429,59,2013-05-10,26.3,0,21.3,06:11,31.3,11:41,36,4.4,9.7,00:50,45,68,19:50,17,11:40,2025-05-06 10:18:50.069558,2025-05-06 10:18:50.069558
71447,59,2013-05-11,25,0,21.6,00:58,28.5,17:53,5,4.2,9.7,21:10,47,74,20:10,27,02:30,2025-05-06 10:18:50.273917,2025-05-06 10:18:50.273917
71465,59,2013-05-12,25.2,0,20.1,05:21,30.2,16:13,4,4.7,11.4,07:40,50,77,23:40,38,16:00,2025-05-06 10:18:50.456826,2025-05-06 10:18:50.456826
71482,59,2013-05-13,22.8,0,19.5,24:00,26,15:57,32,2.5,10.8,20:10,69,76,,61,18:20,2025-05-06 10:18:50.640237,2025-05-06 10:18:50.640237
71500,59,2013-05-14,22.2,0,19.1,01:15,25.2,13:39,4,5,12.5,13:40,55,73,01:50,43,12:10,2025-05-06 10:18:50.844559,2025-05-06 10:18:50.844559
71518,59,2013-05-15,21.3,0,18.6,02:34,24,12:00,3,5,12.8,14:30,56,67,03:10,45,11:50,2025-05-06 10:18:51.052314,2025-05-06 10:18:51.052314
71536,59,2013-05-16,19.3,1.2,16.6,23:54,22,15:54,2,4.2,12.8,11:10,66,78,12:20,48,15:50,2025-05-06 10:18:51.260663,2025-05-06 10:18:51.260663
71554,59,2013-05-17,,0,,,,,0,,,,,,,,,2025-05-06 10:18:51.464598,2025-05-06 10:18:51.464598
71572,59,2013-05-18,,0,,,,,0,,,,,,,,,2025-05-06 10:18:51.669989,2025-05-06 10:18:51.669989
71590,59,2013-05-19,,0,,,,,0,,,,,,,,,2025-05-06 10:18:51.878974,2025-05-06 10:18:51.878974
71607,59,2013-05-20,20.5,0,16.6,06:22,24.4,13:07,12,3.9,14.2,14:00,51,68,02:00,40,13:00,2025-05-06 10:18:52.073270,2025-05-06 10:18:52.073270
71624,59,2013-05-21,19.8,0,16.5,02:47,23,12:17,7,5.6,13.9,11:10,60,73,02:30,46,12:30,2025-05-06 10:18:52.284339,2025-05-06 10:18:52.284339
71642,59,2013-05-22,18.8,0,15.5,05:24,22.1,12:04,9,5,13.6,13:20,66,75,06:10,52,10:40,2025-05-06 10:18:52.494019,2025-05-06 10:18:52.494019
71660,59,2013-05-23,,0,,,,,0,,,,,,,,,2025-05-06 10:18:52.696134,2025-05-06 10:18:52.696134
71678,59,2013-05-24,,0,,,,,0,,,,,,,,,2025-05-06 10:18:52.911650,2025-05-06 10:18:52.911650
71695,59,2013-05-25,20.9,0,17.5,01:43,24.3,16:50,10,5,15.3,14:10,58,74,01:40,50,,2025-05-06 10:18:53.112694,2025-05-06 10:18:53.112694
71713,59,2013-05-26,,0,,,,,0,,,,,,,,,2025-05-06 10:18:53.324394,2025-05-06 10:18:53.324394
71731,59,2013-05-27,,0,,,,,0,,,,,,,,,2025-05-06 10:18:53.536330,2025-05-06 10:18:53.536330
71749,59,2013-05-28,,0,,,,,0,,,,,,,,,2025-05-06 10:18:53.750705,2025-05-06 10:18:53.750705
71767,59,2013-05-29,,0,,,,,0,,,,,,,,,2025-05-06 10:18:53.863393,2025-05-06 10:18:53.863393
71785,59,2013-05-30,,0,,,,,0,,,,,,,,,2025-05-06 10:18:54.045285,2025-05-06 10:18:54.045285
71802,59,2013-05-31,,0,,,,,0,,,,,,,,,2025-05-06 10:18:54.232438,2025-05-06 10:18:54.232438
71819,59,2013-06-01,,0,,,,,0,,,,,,,,,2025-05-06 10:18:54.431316,2025-05-06 10:18:54.431316
71837,59,2013-06-02,,0,,,,,0,,,,,,,,,2025-05-06 10:18:54.641596,2025-05-06 10:18:54.641596
71855,59,2013-06-03,,0,,,,,0,,,,,,,,,2025-05-06 10:18:54.850009,2025-05-06 10:18:54.850009
71873,59,2013-06-04,,0,,,,,0,,,,,,,,,2025-05-06 10:18:55.056938,2025-05-06 10:18:55.056938
71891,59,2013-06-05,,0,,,,,0,,,,,,,,,2025-05-06 10:18:55.269644,2025-05-06 10:18:55.269644
71908,59,2013-06-06,,0,,,,,0,,,,,,,,,2025-05-06 10:18:55.470044,2025-05-06 10:18:55.470044
71925,59,2013-06-07,,0,,,,,0,,,,,,,,,2025-05-06 10:18:55.670403,2025-05-06 10:18:55.670403
71942,59,2013-06-08,,0,,,,,0,,,,,,,,,2025-05-06 10:18:55.867599,2025-05-06 10:18:55.867599
71959,59,2013-06-09,,0,,,,,0,,,,,,,,,2025-05-06 10:18:56.063021,2025-05-06 10:18:56.063021
71977,59,2013-06-10,,0,,,,,0,,,,,,,,,2025-05-06 10:18:56.265663,2025-05-06 10:18:56.265663
71995,59,2013-06-11,,0,,,,,0,,,,,,,,,2025-05-06 10:18:56.477930,2025-05-06 10:18:56.477930
72011,59,2013-06-12,,0,,,,,0,,,,,,,,,2025-05-06 10:18:56.670595,2025-05-06 10:18:56.670595
72028,59,2013-06-13,,0,,,,,0,,,,,,,,,2025-05-06 10:18:56.876420,2025-05-06 10:18:56.876420
72045,59,2013-06-14,,0,,,,,0,,,,,,,,,2025-05-06 10:18:57.066505,2025-05-06 10:18:57.066505
72061,59,2013-06-15,,0,,,,,0,,,,,,,,,2025-05-06 10:18:57.253612,2025-05-06 10:18:57.253612
72078,59,2013-06-16,,0,,,,,0,,,,,,,,,2025-05-06 10:18:57.450843,2025-05-06 10:18:57.450843
72095,59,2013-06-17,,0,,,,,0,,,,,,,,,2025-05-06 10:18:57.659131,2025-05-06 10:18:57.659131
72112,59,2013-06-18,,0,,,,,0,,,,,,,,,2025-05-06 10:18:57.848379,2025-05-06 10:18:57.848379
72129,59,2013-06-19,,0,,,,,0,,,,,,,,,2025-05-06 10:18:58.043927,2025-05-06 10:18:58.043927
72146,59,2013-06-20,22.4,0,18.1,06:14,26.8,13:13,7,5.6,14.2,10:00,58,74,02:00,45,13:20,2025-05-06 10:18:58.230112,2025-05-06 10:18:58.230112
72163,59,2013-06-21,,,,,,,2,6.4,13.6,21:10,59,,,,,2025-05-06 10:18:58.427817,2025-05-06 10:18:58.427817
72180,59,2013-06-22,23.2,0,19,,27.3,15:13,2,5.6,14.4,00:10,60,77,,47,14:50,2025-05-06 10:18:58.638675,2025-05-06 10:18:58.638675
72197,59,2013-06-23,22.8,0,18.7,05:13,26.9,14:44,34,3.1,13.6,19:10,69,78,,57,18:10,2025-05-06 10:18:58.823342,2025-05-06 10:18:58.823342
72214,59,2013-06-24,22.4,0,18.1,05:43,26.8,15:01,35,2.2,8.1,08:20,67,79,05:50,61,,2025-05-06 10:18:59.005452,2025-05-06 10:18:59.005452
72231,59,2013-06-25,22,0,17,06:37,26.9,15:22,34,2.2,11.9,19:10,68,82,07:00,56,18:20,2025-05-06 10:18:59.208698,2025-05-06 10:18:59.208698
72248,59,2013-06-26,22.8,0,18.3,05:48,27.4,15:05,32,3.6,8.3,19:00,69,80,,58,18:20,2025-05-06 10:18:59.415825,2025-05-06 10:18:59.415825
72265,59,2013-06-27,23.2,0,18.8,05:51,27.5,15:14,8,2.8,9.7,10:10,72,81,,62,15:20,2025-05-06 10:18:59.626184,2025-05-06 10:18:59.626184
72283,59,2013-06-28,27,0,22.3,00:14,31.7,13:38,4,5.6,13.1,11:10,40,72,01:20,28,14:30,2025-05-06 10:18:59.812071,2025-05-06 10:18:59.812071
72829,59,2013-07-31,26.6,0,22.4,06:35,30.9,12:12,11,4.7,14.4,12:40,72,75,06:50,50,11:30,2025-05-06 10:20:08.572862,2025-05-06 10:20:08.572862
72846,59,2013-08-01,26.7,0,22.2,06:08,31.2,15:30,3,3.9,9.4,20:20,63,74,,47,15:20,2025-05-06 10:20:08.775549,2025-05-06 10:20:08.775549
72863,59,2013-08-02,26.8,0,22.4,06:13,31.2,12:03,34,6.1,13.3,19:10,58,75,23:59,40,12:00,2025-05-06 10:20:08.977703,2025-05-06 10:20:08.977703
72880,59,2013-08-03,26.4,0,22.1,04:58,30.8,14:52,8,6.1,14.7,16:30,58,77,,44,15:50,2025-05-06 10:20:09.173638,2025-05-06 10:20:09.173638
72897,59,2013-08-04,27.3,0,22.8,05:38,31.8,16:42,5,5.6,14.4,10:30,51,68,01:40,34,15:30,2025-05-06 10:20:09.373379,2025-05-06 10:20:09.373379
72915,59,2013-08-05,28.2,0,22.8,04:57,33.5,12:25,7,6.4,17.2,15:10,41,70,04:00,27,12:10,2025-05-06 10:20:09.578955,2025-05-06 10:20:09.578955
72933,59,2013-08-06,28.6,0,24.4,03:42,32.7,14:02,4,9.2,17.5,13:00,39,56,00:10,34,12:50,2025-05-06 10:20:09.782569,2025-05-06 10:20:09.782569
72950,59,2013-08-07,27.8,0,24.1,,31.6,11:57,4,6.1,12.2,01:10,58,64,01:30,40,04:10,2025-05-06 10:20:09.995194,2025-05-06 10:20:09.995194
72967,59,2013-08-08,26.5,0,22.2,05:42,30.8,13:37,6,6.9,14.2,11:10,53,70,23:20,39,12:50,2025-05-06 10:20:10.200915,2025-05-06 10:20:10.200915
72984,59,2013-08-09,27.2,0,21.6,04:36,32.7,15:11,10,4.7,15,11:10,64,76,,45,15:10,2025-05-06 10:20:10.416119,2025-05-06 10:20:10.416119
73001,59,2013-08-10,26.7,0,23.5,,29.9,15:47,33,4.2,10.3,20:10,62,85,23:40,43,07:10,2025-05-06 10:20:10.615246,2025-05-06 10:20:10.615246
73018,59,2013-08-11,27,0,23.2,01:05,30.8,16:14,11,3.3,8.6,22:30,67,86,,55,08:50,2025-05-06 10:20:10.815067,2025-05-06 10:20:10.815067
73035,59,2013-08-12,26.7,0,22.7,05:31,30.7,20:57,34,3.1,8.3,20:50,67,86,01:40,41,21:10,2025-05-06 10:20:11.009514,2025-05-06 10:20:11.009514
73052,59,2013-08-13,26,0,21.8,07:08,30.3,16:28,34,3.6,8.1,23:40,75,86,,65,16:30,2025-05-06 10:20:11.210774,2025-05-06 10:20:11.210774
73069,59,2013-08-14,28.1,0,23.6,06:16,32.6,09:55,24,3.6,9.4,14:20,62,80,02:10,41,23:10,2025-05-06 10:20:11.410950,2025-05-06 10:20:11.410950
73085,59,2013-08-15,32.1,0,26.6,21:53,37.6,11:24,3,4.7,12.5,23:59,48,72,19:50,22,11:20,2025-05-06 10:20:11.601233,2025-05-06 10:20:11.601233
73101,59,2013-08-16,32.6,0,27.2,04:21,38,14:20,4,7.5,16.1,23:50,30,52,01:10,21,14:10,2025-05-06 10:20:11.792657,2025-05-06 10:20:11.792657
73118,59,2013-08-17,29.7,0,24.2,23:51,35.2,13:35,4,6.9,17.5,00:20,30,65,23:50,18,,2025-05-06 10:20:11.994249,2025-05-06 10:20:11.994249
73135,59,2013-08-18,26.6,0,22.7,,30.5,14:52,8,5.3,14.2,12:10,66,75,05:10,53,11:20,2025-05-06 10:20:12.204197,2025-05-06 10:20:12.204197
73152,59,2013-08-19,26.8,0,23.5,06:47,30.1,14:50,10,2.8,12.5,22:10,71,84,22:50,61,14:30,2025-05-06 10:20:12.405734,2025-05-06 10:20:12.405734
73168,59,2013-08-20,29,0,24,05:16,34,17:13,1,3.3,11.9,18:40,63,82,00:00,33,17:10,2025-05-06 10:20:12.588363,2025-05-06 10:20:12.588363
73184,59,2013-08-21,30.2,0,24.9,05:26,35.6,14:07,22,3.9,14.4,17:30,55,77,05:30,27,14:00,2025-05-06 10:20:12.762856,2025-05-06 10:20:12.762856
73199,59,2013-08-22,31.6,0,27.2,23:55,35.9,10:32,2,3.6,10.6,04:50,42,67,16:50,28,06:10,2025-05-06 10:20:12.933039,2025-05-06 10:20:12.933039
73215,59,2013-08-23,30,0,26.5,06:40,33.6,15:36,4,6.9,14.7,15:10,40,59,00:00,26,17:00,2025-05-06 10:20:13.061906,2025-05-06 10:20:13.061906
73231,59,2013-08-24,28,0,23.5,23:49,32.5,13:55,4,4.7,12.8,03:00,43,75,23:30,31,,2025-05-06 10:20:13.170027,2025-05-06 10:20:13.170027
73246,59,2013-08-25,26.3,0,22.6,23:35,30,15:37,36,3.9,10,20:10,60,76,,47,15:30,2025-05-06 10:20:13.272408,2025-05-06 10:20:13.272408
73262,59,2013-08-26,25.9,0,22.3,07:00,29.5,12:53,12,1.7,9.7,13:30,55,74,,44,12:40,2025-05-06 10:20:13.381649,2025-05-06 10:20:13.381649
73278,59,2013-08-27,25.2,0,22.5,,28,15:37,36,3.9,11.7,18:10,63,74,,47,15:30,2025-05-06 10:20:13.498007,2025-05-06 10:20:13.498007
73294,59,2013-08-28,24.9,0,21.7,03:15,28.1,13:22,2,3.9,12.2,15:00,53,74,03:30,42,13:30,2025-05-06 10:20:13.608191,2025-05-06 10:20:13.608191
73310,59,2013-08-29,24.6,0,21.1,03:13,28.2,11:28,6,3.9,11.9,12:50,65,75,02:30,48,10:30,2025-05-06 10:20:13.723774,2025-05-06 10:20:13.723774
73326,59,2013-08-30,23.3,0,19,06:59,27.6,16:44,36,5.3,13.3,14:00,66,78,06:00,56,16:40,2025-05-06 10:20:13.835656,2025-05-06 10:20:13.835656
73342,59,2013-08-31,25.2,0,21.6,06:24,28.8,16:50,10,5,13.9,13:50,69,78,23:40,53,11:50,2025-05-06 10:20:14.001013,2025-05-06 10:20:14.001013
73359,59,2013-09-01,25.4,0,21.4,06:49,29.4,,10,5,11.7,13:00,70,81,,58,18:00,2025-05-06 10:20:14.196705,2025-05-06 10:20:14.196705
73376,59,2013-09-02,26.6,0,21.9,06:44,31.4,16:09,5,5,11.7,13:50,59,78,,42,12:30,2025-05-06 10:20:14.400737,2025-05-06 10:20:14.400737
73392,59,2013-09-03,27.4,0,21.8,06:43,32.9,14:08,11,4.4,13.9,15:10,62,80,,41,14:00,2025-05-06 10:20:14.588554,2025-05-06 10:20:14.588554
73408,59,2013-09-04,26.6,0,21.8,,31.5,15:21,12,5.3,13.6,12:30,69,82,06:30,48,15:40,2025-05-06 10:20:14.767636,2025-05-06 10:20:14.767636
73425,59,2013-09-05,24.6,0,21,06:47,28.2,15:43,11,4.7,12.2,11:50,64,80,07:00,54,11:00,2025-05-06 10:20:14.895253,2025-05-06 10:20:14.895253
73442,59,2013-09-06,23.4,4.6,21.3,,25.6,13:06,8,3.6,10.8,12:00,71,82,15:20,57,10:00,2025-05-06 10:20:15.008282,2025-05-06 10:20:15.008282
73459,59,2013-09-07,22.6,0,19.3,,26,11:19,99,3.9,11.1,11:50,74,85,,64,10:40,2025-05-06 10:20:15.134027,2025-05-06 10:20:15.134027
73476,59,2013-09-08,23.6,0,19.8,06:40,27.5,15:49,7,5.8,12.2,13:50,70,84,03:50,52,15:50,2025-05-06 10:20:15.298431,2025-05-06 10:20:15.298431
73493,59,2013-09-09,24.4,0,21.2,06:44,27.7,13:33,5,5.3,11.9,11:20,66,77,,56,12:20,2025-05-06 10:20:15.498029,2025-05-06 10:20:15.498029
73610,59,2013-09-16,25,0,20.4,06:33,29.5,13:59,5,3.1,7.8,08:40,71,83,,59,,2025-05-06 10:20:16.540869,2025-05-06 10:20:16.540869
73628,59,2013-09-17,25.2,0,20.8,,29.7,15:14,9,2.5,8.1,11:00,72,83,07:00,56,14:20,2025-05-06 10:20:16.747436,2025-05-06 10:20:16.747436
73646,59,2013-09-18,23.5,0,20.2,06:58,26.8,16:05,10,3.6,9.7,11:40,77,82,,67,09:50,2025-05-06 10:20:16.958775,2025-05-06 10:20:16.958775
73664,59,2013-09-19,23.8,0,21.2,03:56,26.5,10:46,9,4.4,11.4,14:10,68,77,02:50,55,10:50,2025-05-06 10:20:17.170680,2025-05-06 10:20:17.170680
73682,59,2013-09-20,23.6,0,20.5,03:51,26.7,10:44,12,4.4,12.5,13:10,68,75,05:40,50,11:20,2025-05-06 10:20:17.378614,2025-05-06 10:20:17.378614
73700,59,2013-09-21,23.4,0,17.5,07:20,29.4,16:13,34,2.8,5.8,21:00,68,82,,53,15:00,2025-05-06 10:20:17.584092,2025-05-06 10:20:17.584092
73718,59,2013-09-22,24.1,0,19.2,06:42,29,14:56,24,3.1,5.8,18:20,69,82,07:10,57,12:30,2025-05-06 10:20:17.796813,2025-05-06 10:20:17.796813
73736,59,2013-09-23,23.6,0,18.7,07:08,28.5,14:48,9,5,12.5,13:00,66,81,,50,11:00,2025-05-06 10:20:18.020557,2025-05-06 10:20:18.020557
73754,59,2013-09-24,24.1,0,18.7,06:53,29.5,15:26,13,2.2,5.3,11:30,68,83,07:40,55,14:50,2025-05-06 10:20:18.226222,2025-05-06 10:20:18.226222
73772,59,2013-09-25,23.1,0,19.4,04:40,26.8,12:44,25,4.4,10,15:10,73,80,05:40,65,18:20,2025-05-06 10:20:18.431219,2025-05-06 10:20:18.431219
73789,59,2013-09-26,23,0,18.9,06:18,27.1,13:48,21,4.2,7.5,11:10,77,85,,70,,2025-05-06 10:20:18.681214,2025-05-06 10:20:18.681214
73806,59,2013-09-27,24.3,0,21.2,07:11,27.4,14:39,22,3.6,7.5,15:10,79,86,,73,14:30,2025-05-06 10:20:18.887986,2025-05-06 10:20:18.887986
73824,59,2013-09-28,24.9,0,20,05:39,29.8,13:43,17,1.9,4.2,12:00,72,85,01:30,62,13:50,2025-05-06 10:20:19.100908,2025-05-06 10:20:19.100908
73842,59,2013-09-29,25.4,0,21.6,06:42,29.1,12:27,12,3.3,9.2,17:20,76,84,,69,16:20,2025-05-06 10:20:19.319734,2025-05-06 10:20:19.319734
73860,59,2013-09-30,25.2,0,20.1,06:09,30.2,16:35,13,2.2,5.3,11:10,71,85,,58,16:30,2025-05-06 10:20:19.526538,2025-05-06 10:20:19.526538
73878,59,2013-10-01,26.4,0,22,04:46,30.9,14:56,36,1.9,6.1,23:50,73,81,07:40,59,15:00,2025-05-06 10:20:19.749875,2025-05-06 10:20:19.749875
73896,59,2013-10-02,24.2,0,21.1,06:43,27.4,11:54,23,4.4,9.4,15:00,78,87,22:00,70,12:00,2025-05-06 10:20:19.957398,2025-05-06 10:20:19.957398
73914,59,2013-10-03,26.4,0,23,06:49,29.8,12:22,12,2.2,8.3,14:40,72,82,07:10,55,11:00,2025-05-06 10:20:20.169912,2025-05-06 10:20:20.169912
73932,59,2013-10-04,23.6,0,20.1,06:50,27,14:17,6,4.4,12.2,12:10,75,85,07:30,67,12:10,2025-05-06 10:20:20.354192,2025-05-06 10:20:20.354192
73950,59,2013-10-05,25.2,0,22.2,05:44,28.1,14:41,9,4.4,13.1,15:10,72,79,,60,14:10,2025-05-06 10:20:20.542120,2025-05-06 10:20:20.542120
73968,59,2013-10-06,24.8,0,22.2,23:51,27.4,13:43,10,5.6,12.5,15:30,71,81,01:50,64,12:40,2025-05-06 10:20:20.767236,2025-05-06 10:20:20.767236
73986,59,2013-10-07,23.4,0,19.5,06:39,27.2,12:03,9,5.3,13.3,15:40,66,82,07:40,52,11:00,2025-05-06 10:20:20.980382,2025-05-06 10:20:20.980382
74004,59,2013-10-08,24.6,0,20.7,06:55,28.4,15:12,7,3.9,9.7,10:30,60,75,23:30,49,11:00,2025-05-06 10:20:21.196897,2025-05-06 10:20:21.196897
74022,59,2013-10-09,24.6,0,21.6,04:20,27.5,13:47,1,4.7,11.1,17:00,63,78,04:40,51,12:00,2025-05-06 10:20:21.400660,2025-05-06 10:20:21.400660
74040,59,2013-10-10,25.1,0,22.2,00:01,28,12:35,36,3.6,10.3,15:50,66,76,,49,16:10,2025-05-06 10:20:21.614673,2025-05-06 10:20:21.614673
74058,59,2013-10-11,24.4,0,20.1,,28.8,14:37,11,3.6,7.8,11:50,76,85,,60,14:40,2025-05-06 10:20:21.837739,2025-05-06 10:20:21.837739
74076,59,2013-10-12,22.6,0,18.8,06:57,26.4,12:14,6,5,13.3,15:00,72,85,,62,11:20,2025-05-06 10:20:22.053376,2025-05-06 10:20:22.053376
74094,59,2013-10-13,22.5,0,18.7,07:27,26.3,14:28,10,4.2,12.2,14:30,68,79,07:40,58,12:10,2025-05-06 10:20:22.260701,2025-05-06 10:20:22.260701
74112,59,2013-10-14,23.4,0,19,03:44,27.9,14:21,8,4.7,10.8,14:10,66,77,,54,12:30,2025-05-06 10:20:22.460806,2025-05-06 10:20:22.460806
74130,59,2013-10-15,23.4,0,19,07:10,27.9,12:31,10,4.7,12.8,13:20,69,81,,54,12:20,2025-05-06 10:20:22.677707,2025-05-06 10:20:22.677707
74148,59,2013-10-16,23.8,0,20.2,,27.5,13:17,99,3.6,11.1,14:30,68,82,03:40,58,13:00,2025-05-06 10:20:22.890293,2025-05-06 10:20:22.890293
74166,59,2013-10-17,24.2,0,19.9,05:15,28.4,14:48,11,3.6,7.8,11:20,72,80,,58,14:50,2025-05-06 10:20:23.026404,2025-05-06 10:20:23.026404
74184,59,2013-10-18,23.5,0,18.5,07:17,28.5,14:16,12,2.2,4.7,12:00,75,84,,63,14:20,2025-05-06 10:20:23.119989,2025-05-06 10:20:23.119989
74202,59,2013-10-19,22.8,0,19.5,06:26,26.1,11:53,10,3.9,8.9,14:40,80,87,,71,19:40,2025-05-06 10:20:23.238653,2025-05-06 10:20:23.238653
74220,59,2013-10-20,22.8,0,20.1,,25.6,14:10,12,4.7,10.8,14:10,82,89,,75,,2025-05-06 10:20:23.338449,2025-05-06 10:20:23.338449
74238,59,2013-10-21,22.7,0,19.4,06:41,26,15:15,10,4.4,10.8,11:20,80,89,07:30,71,16:40,2025-05-06 10:20:23.475902,2025-05-06 10:20:23.475902
74256,59,2013-10-22,23.6,0,18.5,07:24,28.7,15:34,4,2.8,5.3,20:50,74,86,06:30,57,15:20,2025-05-06 10:20:23.581066,2025-05-06 10:20:23.581066
74274,59,2013-10-23,22.6,0,18.4,06:49,26.9,17:13,10,3.9,11.4,15:40,75,84,07:30,66,17:30,2025-05-06 10:20:23.713049,2025-05-06 10:20:23.713049
74292,59,2013-10-24,23.4,0,19,07:17,27.7,14:00,12,3.3,8.9,19:10,77,89,,63,14:20,2025-05-06 10:20:23.822298,2025-05-06 10:20:23.822298
74309,59,2013-10-25,23.6,0,20.5,23:09,26.7,13:13,1,3.6,11.1,05:30,60,86,01:30,45,12:00,2025-05-06 10:20:23.944576,2025-05-06 10:20:23.944576
74327,59,2013-10-26,22,0,17.6,07:16,26.5,13:08,10,3.9,10.8,15:10,64,82,07:50,42,12:50,2025-05-06 10:20:24.085015,2025-05-06 10:20:24.085015
74345,59,2013-10-27,21.6,1.8,17.6,07:13,25.7,15:17,2,3.6,11.9,17:30,61,79,07:30,48,,2025-05-06 10:20:24.204072,2025-05-06 10:20:24.204072
74363,59,2013-10-28,21.1,7.2,16.5,08:49,25.7,12:48,3,4.4,15.6,03:20,72,83,09:00,62,15:40,2025-05-06 10:20:24.344934,2025-05-06 10:20:24.344934
74380,59,2013-10-29,23.6,0,21.1,03:42,26.2,,6,8.3,18.6,11:20,71,83,02:20,61,,2025-05-06 10:20:24.462477,2025-05-06 10:20:24.462477
74397,59,2013-10-30,22.8,0,20,,25.7,13:19,6,5,11.7,11:40,62,76,,47,13:00,2025-05-06 10:20:24.613359,2025-05-06 10:20:24.613359
74415,59,2013-10-31,21.8,0,19.6,06:09,24,15:12,6,6.4,15.3,11:10,63,70,23:30,56,00:30,2025-05-06 10:20:24.733259,2025-05-06 10:20:24.733259
74432,59,2013-11-01,23.4,0,19.6,01:29,27.1,13:55,2,5.8,13.1,20:30,67,77,,54,,2025-05-06 10:20:24.867140,2025-05-06 10:20:24.867140
74450,59,2013-11-02,25.2,1.4,20.7,03:38,29.6,15:20,35,5.8,12.2,11:10,53,83,03:40,32,15:40,2025-05-06 10:20:25.022013,2025-05-06 10:20:25.022013
74467,59,2013-11-03,21.8,2.8,20.4,23:48,23.1,13:03,8,5,16.4,18:50,81,86,,74,,2025-05-06 10:20:25.225110,2025-05-06 10:20:25.225110
74500,59,2013-11-05,24.2,0,20.5,06:43,28,13:42,4,3.6,9.4,12:30,65,82,05:10,43,15:50,2025-05-06 10:20:25.639289,2025-05-06 10:20:25.639289
74517,59,2013-11-06,21.4,0,18,07:17,24.9,15:06,10,4.7,11.1,13:20,77,90,07:40,67,11:30,2025-05-06 10:20:25.861613,2025-05-06 10:20:25.861613
74534,59,2013-11-07,22.2,0,19.1,05:51,25.4,14:19,6,5.3,10,12:50,70,80,06:50,60,12:50,2025-05-06 10:20:26.069469,2025-05-06 10:20:26.069469
74552,59,2013-11-08,,,,,,,0,5,,,71,,,,,2025-05-06 10:20:26.287430,2025-05-06 10:20:26.287430
74570,59,2013-11-09,22.8,0,20.5,04:22,25.1,13:45,6,7.8,15.3,14:00,70,78,07:40,58,13:50,2025-05-06 10:20:26.502029,2025-05-06 10:20:26.502029
74588,59,2013-11-10,21.9,0,19.4,23:48,24.4,14:26,99,5,11.7,,71,77,,62,14:50,2025-05-06 10:20:26.712632,2025-05-06 10:20:26.712632
74606,59,2013-11-11,21.6,0,16.7,06:54,26.4,15:29,10,2.8,8.3,12:10,71,85,08:00,60,17:10,2025-05-06 10:20:26.842464,2025-05-06 10:20:26.842464
74624,59,2013-11-12,22.4,0,19.6,22:07,25.1,15:46,10,3.3,11.4,14:30,64,74,22:30,56,13:20,2025-05-06 10:20:26.948830,2025-05-06 10:20:26.948830
74642,59,2013-11-13,22,0,18.7,06:47,25.2,13:19,10,3.6,11.9,14:20,68,77,07:50,56,13:00,2025-05-06 10:20:27.065631,2025-05-06 10:20:27.065631
74659,59,2013-11-14,22.6,0,20.4,07:21,24.7,14:45,6,5,9.7,16:00,68,76,,57,13:40,2025-05-06 10:20:27.210750,2025-05-06 10:20:27.210750
74676,59,2013-11-15,20.2,0,16.2,07:24,24.1,11:57,11,3.1,10,13:30,72,84,07:50,62,17:20,2025-05-06 10:20:27.415868,2025-05-06 10:20:27.415868
74693,59,2013-11-16,21,0,17.8,04:47,24.3,13:07,2,4.2,11.4,17:10,62,81,05:30,52,17:30,2025-05-06 10:20:27.583977,2025-05-06 10:20:27.583977
74709,59,2013-11-17,19.4,0,16.4,23:50,22.5,12:25,99,5,11.4,,62,76,,48,,2025-05-06 10:20:27.752275,2025-05-06 10:20:27.752275
74725,59,2013-11-18,18.8,0,14.7,03:32,22.8,11:26,36,4.4,11.4,16:10,62,79,07:50,43,10:40,2025-05-06 10:20:27.947648,2025-05-06 10:20:27.947648
74741,59,2013-11-19,19.2,0,14.8,06:25,23.6,13:39,4,3.1,10,10:30,61,80,07:50,47,12:50,2025-05-06 10:20:28.146397,2025-05-06 10:20:28.146397
74757,59,2013-11-20,19.2,0,15.2,06:21,23.2,12:14,9,3.3,11.1,14:10,70,84,,54,12:00,2025-05-06 10:20:28.342317,2025-05-06 10:20:28.342317
74773,59,2013-11-21,18,0,13.5,,22.4,13:07,10,3.3,11.4,14:10,61,80,,49,17:30,2025-05-06 10:20:28.532733,2025-05-06 10:20:28.532733
74789,59,2013-11-22,17.8,0,12.8,07:32,22.9,13:34,99,3.1,8.3,14:50,73,82,,57,12:00,2025-05-06 10:20:28.717946,2025-05-06 10:20:28.717946
74806,59,2013-11-23,21.6,0,18.1,00:42,25.1,13:59,34,2.8,10,17:00,72,86,,56,15:50,2025-05-06 10:20:28.922847,2025-05-06 10:20:28.922847
74823,59,2013-11-24,21,0,18.4,00:57,23.6,11:52,36,5.3,13.1,13:20,74,81,,61,,2025-05-06 10:20:29.136177,2025-05-06 10:20:29.136177
74840,59,2013-11-25,20.2,0,18.3,22:43,22.2,13:14,6,5.3,13.9,11:10,65,87,05:50,50,13:00,2025-05-06 10:20:29.339387,2025-05-06 10:20:29.339387
74856,59,2013-11-26,19.4,0,17.2,03:23,21.6,16:11,7,4.4,16.9,22:10,56,73,08:10,38,16:10,2025-05-06 10:20:29.527861,2025-05-06 10:20:29.527861
74873,59,2013-11-27,21.2,0,18.5,06:59,23.8,15:04,4,5.8,15,03:10,61,74,19:00,46,14:50,2025-05-06 10:20:29.726705,2025-05-06 10:20:29.726705
74890,59,2013-11-28,21.2,0,19.1,06:05,23.4,15:04,16,5.6,13.6,07:10,72,87,23:30,59,,2025-05-06 10:20:29.907015,2025-05-06 10:20:29.907015
74906,59,2013-11-29,20.8,0,17.7,07:15,23.8,13:30,21,2.5,5.6,15:10,85,90,07:30,78,13:30,2025-05-06 10:20:30.084245,2025-05-06 10:20:30.084245
74922,59,2013-11-30,20.7,0,18.5,08:22,22.9,14:32,12,2.2,6.4,13:30,82,87,08:10,77,14:50,2025-05-06 10:20:30.264219,2025-05-06 10:20:30.264219
74938,59,2013-12-01,18.8,0,14.9,07:41,22.7,13:07,12,3.1,8.3,15:10,79,88,05:00,72,,2025-05-06 10:20:30.448523,2025-05-06 10:20:30.448523
74954,59,2013-12-02,20.5,0,17.9,04:24,23.1,13:27,99,2.8,8.6,22:40,75,81,03:00,66,13:40,2025-05-06 10:20:30.627004,2025-05-06 10:20:30.627004
74970,59,2013-12-03,21,0,18.8,05:52,23.2,13:49,6,2.5,8.6,00:20,81,92,,69,11:10,2025-05-06 10:20:30.798665,2025-05-06 10:20:30.798665
74985,59,2013-12-04,21.2,0,18.3,23:11,24.2,15:34,14,1.4,6.9,09:10,78,93,,63,15:30,2025-05-06 10:20:30.972456,2025-05-06 10:20:30.972456
75001,59,2013-12-05,19.6,0,15,07:45,24.3,14:33,12,2.8,6.9,11:40,71,86,,55,14:40,2025-05-06 10:20:31.162505,2025-05-06 10:20:31.162505
75017,59,2013-12-06,19.6,0,15.4,07:16,23.9,16:27,21,2.8,5.3,13:30,76,84,,72,17:00,2025-05-06 10:20:31.349819,2025-05-06 10:20:31.349819
75034,59,2013-12-07,19.1,0,15,07:53,23.2,14:17,34,2.5,6.1,23:10,80,90,,69,15:40,2025-05-06 10:20:31.555484,2025-05-06 10:20:31.555484
75050,59,2013-12-08,19.2,0,15.4,08:31,22.9,14:05,34,3.3,7.2,23:50,59,78,05:40,35,18:30,2025-05-06 10:20:31.757140,2025-05-06 10:20:31.757140
75066,59,2013-12-09,20.5,0,18.9,,22.1,15:22,12,4.7,11.9,23:50,62,71,04:30,47,00:00,2025-05-06 10:20:31.954015,2025-05-06 10:20:31.954015
75082,59,2013-12-10,19.6,0.4,18.1,08:44,21.1,15:04,16,6.9,14.2,07:10,63,76,22:00,55,00:50,2025-05-06 10:20:32.155710,2025-05-06 10:20:32.155710
75097,59,2013-12-11,18.6,51,16.7,08:34,20.4,00:01,16,8.1,15,09:40,75,85,,60,03:40,2025-05-06 10:20:32.333282,2025-05-06 10:20:32.333282
75112,59,2013-12-12,19.4,9.8,18.4,11:18,20.4,01:38,12,6.9,18.6,23:50,69,75,11:30,59,23:59,2025-05-06 10:20:32.507441,2025-05-06 10:20:32.507441
75127,59,2013-12-13,21,0,18.8,,23.1,14:38,6,5.6,16.1,02:50,55,75,23:59,45,14:30,2025-05-06 10:20:32.677759,2025-05-06 10:20:32.677759
75142,59,2013-12-14,19.6,0,17.9,,21.4,13:33,6,7.2,13.9,09:30,69,76,,63,,2025-05-06 10:20:32.858784,2025-05-06 10:20:32.858784
75157,59,2013-12-15,19.5,0,17.4,,21.6,14:15,6,7.5,15.3,14:40,63,81,,48,,2025-05-06 10:20:33.043168,2025-05-06 10:20:33.043168
75172,59,2013-12-16,18.8,0,17.4,,20.1,00:01,7,7.8,16.4,18:30,70,76,20:40,57,00:30,2025-05-06 10:20:33.232631,2025-05-06 10:20:33.232631
75187,59,2013-12-17,18.5,0,16.5,08:33,20.5,14:47,7,4.4,11.7,00:10,67,74,,54,16:00,2025-05-06 10:20:33.413103,2025-05-06 10:20:33.413103
75202,59,2013-12-18,18,0,14.7,04:51,21.3,14:53,6,4.4,11.1,13:00,72,82,08:40,63,15:00,2025-05-06 10:20:33.587555,2025-05-06 10:20:33.587555
75217,59,2013-12-19,17.8,0,14.4,,21.3,12:37,9,4.7,10.8,14:00,71,85,08:10,61,15:30,2025-05-06 10:20:33.768343,2025-05-06 10:20:33.768343
75232,59,2013-12-20,18.4,0,16.3,22:57,20.6,14:56,6,6.9,16.1,15:40,68,79,07:10,57,14:30,2025-05-06 10:20:33.963358,2025-05-06 10:20:33.963358
75249,59,2013-12-21,16.8,0,14.1,23:23,19.6,15:39,7,5.8,14.7,08:50,64,75,23:59,54,15:20,2025-05-06 10:20:34.174192,2025-05-06 10:20:34.174192
75266,59,2013-12-22,16.6,0,13.2,08:16,19.9,15:44,8,3.3,10.8,12:50,72,79,08:30,65,15:40,2025-05-06 10:20:34.358137,2025-05-06 10:20:34.358137
75283,59,2013-12-23,16.8,0,13.5,07:32,20,14:27,13,3.9,11.1,11:50,76,80,,63,20:00,2025-05-06 10:20:34.567479,2025-05-06 10:20:34.567479
75300,59,2013-12-24,17.4,0,12.6,08:08,22.2,16:21,12,2.5,5.8,11:10,75,88,08:30,62,15:50,2025-05-06 10:20:34.773908,2025-05-06 10:20:34.773908
75317,59,2013-12-25,16.6,0,10.7,06:45,22.6,14:24,10,2.8,8.6,16:00,69,77,23:40,63,14:20,2025-05-06 10:20:34.989399,2025-05-06 10:20:34.989399
75335,59,2013-12-26,19.5,0,16.2,00:01,22.8,13:31,3,3.1,10,15:10,69,79,,61,13:40,2025-05-06 10:20:35.207953,2025-05-06 10:20:35.207953
75352,59,2013-12-27,20.2,0,17.4,23:46,23.1,12:23,10,3.9,10.8,14:50,64,78,23:59,56,12:10,2025-05-06 10:20:35.420944,2025-05-06 10:20:35.420944
75369,59,2013-12-28,19.6,0.6,16.7,01:26,22.5,12:59,5,5.3,12.8,22:30,72,84,08:30,56,14:30,2025-05-06 10:20:35.610466,2025-05-06 10:20:35.610466
75386,59,2013-12-29,17,24.6,14,23:56,20,15:16,4,8.1,18.6,11:30,61,90,23:59,55,09:00,2025-05-06 10:20:35.786643,2025-05-06 10:20:35.786643
75402,59,2013-12-30,17.7,0,14,00:02,21.4,16:26,8,4.2,13.3,10:40,63,92,,27,17:40,2025-05-06 10:20:35.946480,2025-05-06 10:20:35.946480
75419,59,2013-12-31,17.2,0,12.6,,21.8,14:12,12,2.5,5.6,16:30,61,89,08:20,35,19:10,2025-05-06 10:20:36.118043,2025-05-06 10:20:36.118043
75436,59,2014-01-01,15.2,0,9,07:46,21.5,15:23,3,2.2,5,07:40,67,76,23:50,60,03:20,2025-05-06 10:20:36.307600,2025-05-06 10:20:36.307600
75453,59,2014-01-02,15,0,10.7,06:57,19.4,15:00,8,4.4,9.2,17:20,78,88,08:50,72,14:10,2025-05-06 10:20:36.499060,2025-05-06 10:20:36.499060
75470,59,2014-01-03,16.2,0,12.1,07:50,20.4,16:31,11,4.2,11.7,15:10,78,91,08:50,68,17:40,2025-05-06 10:20:36.685997,2025-05-06 10:20:36.685997
75487,59,2014-01-04,18.6,0,15.1,01:31,22.2,14:50,8,4.7,10.6,11:40,73,85,,61,14:40,2025-05-06 10:20:36.900002,2025-05-06 10:20:36.900002
75504,59,2014-01-05,18.4,0,15.3,07:36,21.5,13:17,11,3.3,11.4,15:30,74,85,08:00,63,13:20,2025-05-06 10:20:37.114655,2025-05-06 10:20:37.114655
75521,59,2014-01-06,16,0,12.4,06:04,19.6,,12,3.9,11.7,15:10,79,88,08:50,74,,2025-05-06 10:20:37.316312,2025-05-06 10:20:37.316312
75538,59,2014-01-07,17.6,0,13.2,07:38,22,15:51,12,3.1,7.2,13:30,79,92,09:20,61,22:30,2025-05-06 10:20:37.499681,2025-05-06 10:20:37.499681
75556,59,2014-01-08,17.8,0,12.4,06:30,23.2,15:09,12,2.5,6.4,01:20,63,83,04:10,48,17:30,2025-05-06 10:20:37.624802,2025-05-06 10:20:37.624802
75573,59,2014-01-09,16.9,2.2,13.6,05:36,20.2,11:17,24,6.4,15.8,12:40,74,81,09:00,63,15:00,2025-05-06 10:20:37.734534,2025-05-06 10:20:37.734534
75590,59,2014-01-10,16.6,0,13,07:53,20.1,16:09,99,3.3,8.3,,74,89,08:50,58,16:40,2025-05-06 10:20:37.854170,2025-05-06 10:20:37.854170
75608,59,2014-01-11,16.4,0,11,08:09,21.7,15:39,3,3.3,5,07:10,75,88,,56,16:30,2025-05-06 10:20:38.016777,2025-05-06 10:20:38.016777
75626,59,2014-01-12,15.8,0,10.6,06:53,21.1,16:12,10,4.2,10.3,15:10,69,82,,55,17:20,2025-05-06 10:20:38.237414,2025-05-06 10:20:38.237414
75644,59,2014-01-13,18.9,0,15.5,07:30,22.3,15:29,10,4.2,10.3,16:10,73,84,07:40,55,15:40,2025-05-06 10:20:38.438566,2025-05-06 10:20:38.438566
75661,59,2014-01-14,17.8,0,15.6,,20.1,14:23,5,5.6,13.6,17:50,65,82,03:50,52,15:00,2025-05-06 10:20:38.652813,2025-05-06 10:20:38.652813
75678,59,2014-01-15,16.8,0,13,08:18,20.6,12:25,3,3.1,8.3,19:40,69,80,09:20,61,12:10,2025-05-06 10:20:38.856280,2025-05-06 10:20:38.856280
75694,59,2014-01-16,17.2,0.4,15.2,04:37,19.3,14:54,5,2.8,10.8,13:10,77,84,,64,17:00,2025-05-06 10:20:39.048475,2025-05-06 10:20:39.048475
75710,59,2014-01-17,16.2,1.8,13,05:29,19.5,13:06,30,3.9,13.9,22:00,73,88,,60,12:50,2025-05-06 10:20:39.234653,2025-05-06 10:20:39.234653
75726,59,2014-01-18,17.6,2.4,15.9,08:22,19.3,14:24,35,4.4,17.2,13:20,72,77,,63,00:10,2025-05-06 10:20:39.433703,2025-05-06 10:20:39.433703
75742,59,2014-01-19,19.2,0.6,17.3,00:50,21.1,15:09,2,4.7,13.3,14:10,73,83,09:20,62,14:50,2025-05-06 10:20:39.625367,2025-05-06 10:20:39.625367
75758,59,2014-01-20,18,0.2,15.5,07:41,20.6,13:56,2,4.4,12.8,15:10,68,87,07:10,54,14:10,2025-05-06 10:20:39.816137,2025-05-06 10:20:39.816137
75774,59,2014-01-21,18.6,0,16.2,05:47,20.9,13:30,7,4.7,10,13:20,69,76,,57,13:40,2025-05-06 10:21:42.358010,2025-05-06 10:21:42.358010
75791,59,2014-01-22,19.2,0,16.7,04:02,21.8,15:19,36,4.2,10.8,18:00,74,83,09:10,62,14:00,2025-05-06 10:21:42.525640,2025-05-06 10:21:42.525640
75808,59,2014-01-23,18.5,0.2,16.4,,20.6,12:46,7,8.6,18.3,14:50,56,80,00:00,46,13:50,2025-05-06 10:21:42.628845,2025-05-06 10:21:42.628845
75825,59,2014-01-24,17.8,0.6,15.8,06:56,19.9,13:48,6,9.7,21.1,09:00,70,78,07:00,57,00:20,2025-05-06 10:21:42.734657,2025-05-06 10:21:42.734657
75842,59,2014-01-25,18.4,0,15.9,,20.9,15:06,7,8.3,14.7,17:50,65,76,,56,13:20,2025-05-06 10:21:42.870014,2025-05-06 10:21:42.870014
75859,59,2014-01-26,19.2,0,16.6,05:10,21.8,14:48,4,5.6,13.9,00:30,67,76,,57,14:20,2025-05-06 10:21:43.056581,2025-05-06 10:21:43.056581
75876,59,2014-01-27,18.9,0,15.9,07:26,21.9,15:01,10,5,11.9,15:20,70,79,,58,15:00,2025-05-06 10:21:43.241836,2025-05-06 10:21:43.241836
75893,59,2014-01-28,18.6,0,15.6,23:37,21.6,15:46,5,4.7,11.1,12:40,67,78,,54,16:00,2025-05-06 10:21:43.461530,2025-05-06 10:21:43.461530
75910,59,2014-01-29,17.1,0.2,14.3,23:34,19.9,14:10,36,5.6,16.7,13:50,68,78,06:50,54,22:10,2025-05-06 10:21:43.675633,2025-05-06 10:21:43.675633
75927,59,2014-01-30,17.2,0,14.3,,20,13:53,36,5.3,13.3,14:50,54,68,,44,13:50,2025-05-06 10:21:43.880684,2025-05-06 10:21:43.880684
75944,59,2014-01-31,17.8,0,14.2,02:08,21.3,13:43,1,3.9,11.4,17:20,60,75,23:59,50,13:20,2025-05-06 10:21:44.075472,2025-05-06 10:21:44.075472
75961,59,2014-02-01,18.7,0,16.2,03:40,21.2,13:19,1,4.2,10.8,13:20,71,81,08:40,60,18:10,2025-05-06 10:21:44.256228,2025-05-06 10:21:44.256228
75978,59,2014-02-02,16.9,0.2,13.7,06:59,20.1,12:36,10,2.2,8.3,15:10,78,86,23:50,70,12:40,2025-05-06 10:21:44.452493,2025-05-06 10:21:44.452493
75995,59,2014-02-03,17.4,0,13,03:20,21.9,15:31,2,2.5,9.7,10:50,70,89,07:40,56,15:40,2025-05-06 10:21:44.665412,2025-05-06 10:21:44.665412
76011,59,2014-02-04,18,0,13.7,08:17,22.4,15:25,12,4.7,9.7,12:50,77,88,08:40,65,15:30,2025-05-06 10:21:44.855280,2025-05-06 10:21:44.855280
76029,59,2014-02-05,17.8,0,13,05:47,22.5,15:06,11,2.8,5.8,17:40,75,84,04:40,61,15:20,2025-05-06 10:21:45.026274,2025-05-06 10:21:45.026274
76047,59,2014-02-06,17.9,0,12.7,08:02,23.1,15:30,36,2.8,10,10:20,71,84,,58,13:20,2025-05-06 10:21:45.245238,2025-05-06 10:21:45.245238
76065,59,2014-02-07,17.6,0,14.6,23:47,20.5,12:24,7,4.4,12.5,14:20,68,81,08:20,61,18:00,2025-05-06 10:21:45.471417,2025-05-06 10:21:45.471417
76083,59,2014-02-08,16.4,0,12.3,05:07,20.6,12:14,11,3.9,13.9,15:10,66,80,,58,12:00,2025-05-06 10:21:45.683495,2025-05-06 10:21:45.683495
76101,59,2014-02-09,18.6,0,15.7,00:01,21.5,12:34,36,3.1,15.3,21:10,60,74,22:10,52,12:40,2025-05-06 10:21:45.896443,2025-05-06 10:21:45.896443
76119,59,2014-02-10,17.8,0,14.6,23:53,20.9,15:13,8,5.6,12.8,14:30,66,79,08:00,52,15:00,2025-05-06 10:21:46.110675,2025-05-06 10:21:46.110675
76137,59,2014-02-11,17.5,0,13.4,07:34,21.6,13:29,8,3.1,10.3,16:50,65,77,07:50,51,11:40,2025-05-06 10:21:46.331732,2025-05-06 10:21:46.331732
76155,59,2014-02-12,17.9,0,14.6,04:26,21.2,16:05,9,5.6,10.8,14:00,67,78,,54,16:00,2025-05-06 10:21:46.545957,2025-05-06 10:21:46.545957
76173,59,2014-02-13,18.8,0,15.7,00:17,21.8,14:45,9,3.9,11.9,16:30,72,79,,59,14:40,2025-05-06 10:21:46.750885,2025-05-06 10:21:46.750885
76191,59,2014-02-14,17.2,0,12.2,07:59,22.1,15:05,3,3.6,8.6,22:40,79,88,08:40,71,21:20,2025-05-06 10:21:46.973119,2025-05-06 10:21:46.973119
76209,59,2014-02-15,15.2,5.8,12.8,23:36,17.7,15:39,4,5.8,17.5,16:10,75,81,12:20,59,15:40,2025-05-06 10:21:47.178041,2025-05-06 10:21:47.178041
76226,59,2014-02-16,15.3,0.2,12.5,00:07,18.1,14:33,4,7.5,18.9,13:00,60,77,00:40,45,16:10,2025-05-06 10:21:47.383359,2025-05-06 10:21:47.383359
76243,59,2014-02-17,16.8,0.2,14.3,00:46,19.4,13:53,2,4.7,14.2,21:10,67,77,21:30,53,13:50,2025-05-06 10:21:47.590271,2025-05-06 10:21:47.590271
76260,59,2014-02-18,17.4,0,14.4,07:39,20.5,13:50,2,5.3,13.9,11:10,56,74,,42,13:10,2025-05-06 10:21:47.829416,2025-05-06 10:21:47.829416
76277,59,2014-02-19,17.6,0,14,07:18,21.1,14:15,5,5.8,15.3,11:10,63,74,06:00,51,12:00,2025-05-06 10:21:48.061085,2025-05-06 10:21:48.061085
76295,59,2014-02-20,17.9,0,15.7,00:01,20.1,14:30,7,5.6,12.2,13:10,67,74,07:00,62,,2025-05-06 10:21:48.261573,2025-05-06 10:21:48.261573
76312,59,2014-02-21,18.6,0,16.6,06:48,20.6,16:08,8,6.1,12.5,13:50,68,76,10:00,58,14:00,2025-05-06 10:21:48.461866,2025-05-06 10:21:48.461866
76329,59,2014-02-22,17.4,0,15.2,23:59,19.7,13:07,12,5,12.2,14:20,69,79,,62,,2025-05-06 10:21:48.665142,2025-05-06 10:21:48.665142
76347,59,2014-02-23,15.4,0,10.7,07:59,20.2,14:03,34,3.6,10,16:50,62,78,08:10,48,15:40,2025-05-06 10:21:48.899384,2025-05-06 10:21:48.899384
76365,59,2014-02-24,17.5,0,14.9,00:55,20.1,11:20,1,4.4,11.1,19:10,67,77,05:30,56,,2025-05-06 10:21:49.109378,2025-05-06 10:21:49.109378
76383,59,2014-02-25,17.6,0,13.9,06:05,21.3,14:07,6,6.1,15.8,15:10,63,72,,53,11:40,2025-05-06 10:21:49.315778,2025-05-06 10:21:49.315778
76401,59,2014-02-26,18.4,0,15.1,04:33,21.8,15:01,6,8.6,17.2,17:50,64,76,,52,,2025-05-06 10:21:49.528942,2025-05-06 10:21:49.528942
76419,59,2014-02-27,19.8,0,15.9,05:41,23.6,14:38,4,8.6,16.7,16:20,46,74,05:30,24,15:20,2025-05-06 10:21:49.743438,2025-05-06 10:21:49.743438
76437,59,2014-02-28,18.8,0,14.9,07:19,22.7,13:58,6,6.7,15,16:10,57,73,07:40,38,13:40,2025-05-06 10:21:49.965739,2025-05-06 10:21:49.965739
76455,59,2014-03-01,18.7,0,14.9,07:29,22.5,15:05,6,4.4,11.9,13:00,67,78,07:40,57,16:00,2025-05-06 10:21:50.182789,2025-05-06 10:21:50.182789
76472,59,2014-03-02,20,0,16.1,,23.9,14:11,1,5.8,13.1,17:10,66,78,03:40,55,13:40,2025-05-06 10:21:50.379484,2025-05-06 10:21:50.379484
76489,59,2014-03-03,18.9,0,15.6,06:46,22.2,14:46,5,6.4,13.3,17:40,62,76,00:00,53,13:00,2025-05-06 10:21:50.582087,2025-05-06 10:21:50.582087
76506,59,2014-03-04,18.6,0,15.1,,22,14:28,6,5.8,13.3,13:20,63,73,04:00,54,16:30,2025-05-06 10:21:50.783810,2025-05-06 10:21:50.783810
76522,59,2014-03-05,17.6,0,14.9,05:45,20.2,14:17,6,6.7,15,12:50,68,77,23:30,61,13:10,2025-05-06 10:21:50.968216,2025-05-06 10:21:50.968216
76538,59,2014-03-06,18.8,0,15.9,00:01,21.8,,11,4.7,13.1,15:10,70,78,,64,,2025-05-06 10:21:51.158631,2025-05-06 10:21:51.158631
76554,59,2014-03-07,18.2,0,15.4,07:16,20.9,17:54,12,3.6,12.5,12:50,75,79,08:20,71,16:40,2025-05-06 10:21:51.338246,2025-05-06 10:21:51.338246
76570,59,2014-03-08,19.8,0,15.9,06:35,23.8,13:55,28,4.4,11.7,18:10,65,82,05:00,55,13:50,2025-05-06 10:21:51.528566,2025-05-06 10:21:51.528566
76586,59,2014-03-09,18.4,0,15.8,,21.1,16:03,36,2.8,9.7,22:20,77,79,13:10,69,00:20,2025-05-06 10:21:51.719396,2025-05-06 10:21:51.719396
76603,59,2014-03-10,18.7,0,16,02:04,21.4,12:32,24,3.9,9.2,14:10,64,78,,58,12:40,2025-05-06 10:21:51.919081,2025-05-06 10:21:51.919081
76620,59,2014-03-11,18.2,0,15.6,07:40,20.8,11:52,36,3.9,11.7,16:10,69,80,05:40,48,12:00,2025-05-06 10:21:52.124645,2025-05-06 10:21:52.124645
76636,59,2014-03-12,19.6,0,15.8,07:01,23.3,14:42,36,2.8,10.6,16:20,58,76,,46,13:00,2025-05-06 10:21:52.319491,2025-05-06 10:21:52.319491
76653,59,2014-03-13,18.8,0,14.3,07:45,23.3,12:13,10,5.3,12.5,12:50,68,75,07:40,40,12:10,2025-05-06 10:21:52.516861,2025-05-06 10:21:52.516861
76669,59,2014-03-14,18.4,0,15,02:48,21.7,15:13,6,5.3,12.8,15:10,62,76,03:00,52,12:40,2025-05-06 10:21:52.708249,2025-05-06 10:21:52.708249
76686,59,2014-03-15,19.3,0,15.5,07:16,23.1,15:13,6,4.4,11.1,01:20,65,77,,52,15:00,2025-05-06 10:21:52.917300,2025-05-06 10:21:52.917300
76703,59,2014-03-16,18.4,0,13.2,07:40,23.5,15:54,11,3.6,9.2,13:40,68,79,,51,13:20,2025-05-06 10:21:53.116452,2025-05-06 10:21:53.116452
76720,59,2014-03-17,19.8,0,15.4,03:15,24.3,16:16,35,4.7,12.5,19:40,67,78,02:30,51,16:20,2025-05-06 10:21:53.299336,2025-05-06 10:21:53.299336
76737,59,2014-03-18,19.9,0,15.9,06:27,23.9,11:37,10,6.4,12.8,12:20,69,78,,52,11:40,2025-05-06 10:21:53.406287,2025-05-06 10:21:53.406287
76754,59,2014-03-19,18.8,0,14.7,06:57,22.8,13:14,10,4.2,12.2,14:50,67,79,,54,13:10,2025-05-06 10:21:53.518691,2025-05-06 10:21:53.518691
76769,59,2014-03-20,17.7,0,15.3,06:43,20.1,15:24,10,5.6,13.6,14:00,63,76,,57,17:50,2025-05-06 10:21:53.619697,2025-05-06 10:21:53.619697
76785,59,2014-03-21,19.2,0,16.3,07:15,22.1,13:11,7,6.1,13.1,15:50,56,67,20:40,47,13:30,2025-05-06 10:21:53.771781,2025-05-06 10:21:53.771781
76802,59,2014-03-22,20,0,16.5,,23.5,15:02,3,6.4,15,11:00,61,76,,53,13:30,2025-05-06 10:21:53.948766,2025-05-06 10:21:53.948766
76819,59,2014-03-23,19.4,0,16.5,23:55,22.3,12:07,6,6.4,13.3,,65,77,00:10,50,12:20,2025-05-06 10:21:54.129475,2025-05-06 10:21:54.129475
76836,59,2014-03-24,19.2,0,16.2,,22.1,15:00,7,6.7,14.7,13:40,65,75,,57,14:00,2025-05-06 10:21:54.259933,2025-05-06 10:21:54.259933
76853,59,2014-03-25,19.8,0,16.2,00:01,23.3,14:48,5,8.1,17.2,12:20,62,77,07:50,51,12:50,2025-05-06 10:21:54.460370,2025-05-06 10:21:54.460370
76870,59,2014-03-26,21,0,16.4,23:43,25.7,14:42,2,7.8,17.2,11:10,52,71,23:10,29,14:40,2025-05-06 10:21:54.659872,2025-05-06 10:21:54.659872
76887,59,2014-03-27,18.6,0.6,14.7,05:36,22.5,15:07,1,5,13.3,17:20,59,75,07:20,44,14:40,2025-05-06 10:21:54.857231,2025-05-06 10:21:54.857231
76905,59,2014-03-28,16.8,1.8,14.3,06:24,19.4,13:48,99,4.7,17.2,,59,80,06:30,47,13:10,2025-05-06 10:21:55.073166,2025-05-06 10:21:55.073166
76923,59,2014-03-29,18.2,0,15,00:14,21.3,15:08,36,3.1,12.2,16:00,60,77,,49,,2025-05-06 10:21:55.296940,2025-05-06 10:21:55.296940
76941,59,2014-03-30,18.5,0,13.7,,23.3,14:51,36,2.8,7.2,18:50,69,79,,56,,2025-05-06 10:21:55.515132,2025-05-06 10:21:55.515132
76959,59,2014-03-31,17.1,0,12.3,06:36,21.9,13:39,22,4.2,9.4,15:50,76,85,23:30,70,13:30,2025-05-06 10:21:55.738668,2025-05-06 10:21:55.738668
76977,59,2014-04-01,19,0,16.8,22:47,21.3,13:52,25,8.3,13.9,19:10,81,87,,75,14:00,2025-05-06 10:21:55.949680,2025-05-06 10:21:55.949680
76995,59,2014-04-02,19,0,16.3,05:02,21.7,14:54,35,3.6,16.7,15:10,61,80,,46,14:00,2025-05-06 10:21:56.157720,2025-05-06 10:21:56.157720
77012,59,2014-04-03,18,0,14.6,06:57,21.5,11:59,2,2.2,8.9,19:10,69,74,07:40,52,11:30,2025-05-06 10:21:56.366012,2025-05-06 10:21:56.366012
77030,59,2014-04-04,18,0,12.6,07:08,23.3,15:48,11,4.7,11.9,13:40,67,79,,49,12:10,2025-05-06 10:21:56.580571,2025-05-06 10:21:56.580571
77047,59,2014-04-05,19,0,15.1,03:35,23,15:40,12,5.3,15,15:10,67,76,,60,10:30,2025-05-06 10:21:56.794599,2025-05-06 10:21:56.794599
77064,59,2014-04-06,19.2,0,14.3,07:16,24,14:53,11,3.6,8.6,13:50,75,83,07:40,66,15:00,2025-05-06 10:21:56.989885,2025-05-06 10:21:56.989885
77082,59,2014-04-07,19.6,0,14.7,07:28,24.6,15:41,36,2.2,7.5,23:10,75,83,,64,15:30,2025-05-06 10:21:57.197596,2025-05-06 10:21:57.197596
77100,59,2014-04-08,19.4,0,15.6,07:11,23.3,15:07,1,4.4,9.7,17:50,74,84,,61,18:20,2025-05-06 10:21:57.413260,2025-05-06 10:21:57.413260
77118,59,2014-04-09,20.2,0,16.2,05:23,24.3,16:24,9,4.4,13.1,11:30,74,80,07:40,63,16:40,2025-05-06 10:21:57.625112,2025-05-06 10:21:57.625112
77136,59,2014-04-10,20.4,0,17.3,06:26,23.6,16:03,2,2.5,9.2,20:20,77,82,,69,,2025-05-06 10:21:57.849202,2025-05-06 10:21:57.849202
77153,59,2014-04-11,19.9,0,17.9,05:59,21.9,13:47,10,5,12.5,13:10,76,79,,71,14:10,2025-05-06 10:21:58.056596,2025-05-06 10:21:58.056596
77170,59,2014-04-12,20.9,0,17.8,03:25,24,12:34,4,5,11.4,06:40,74,82,06:50,59,12:30,2025-05-06 10:21:58.268555,2025-05-06 10:21:58.268555
77187,59,2014-04-13,22.4,0,19,07:12,25.9,15:43,99,5,10.3,,61,79,06:10,47,18:00,2025-05-06 10:21:58.478351,2025-05-06 10:21:58.478351
77204,59,2014-04-14,20.7,0,16,06:30,25.4,17:38,23,4.2,8.6,15:10,73,83,07:50,53,17:30,2025-05-06 10:21:58.675979,2025-05-06 10:21:58.675979
77222,59,2014-04-15,20.7,0,16,06:48,25.4,16:37,99,2.8,4.7,20:50,70,81,,58,14:20,2025-05-06 10:21:58.890200,2025-05-06 10:21:58.890200
77240,59,2014-04-16,20.1,0,17.1,07:28,23.1,16:15,9,4.7,12.2,13:20,73,81,07:40,65,15:30,2025-05-06 10:21:59.109412,2025-05-06 10:21:59.109412
77258,59,2014-04-17,21.2,0,17.7,06:30,24.6,15:50,12,4.7,10.6,12:50,70,78,,57,11:00,2025-05-06 10:21:59.327957,2025-05-06 10:21:59.327957
77276,59,2014-04-18,20.3,0,15.8,06:39,24.8,16:33,10,4.4,12.5,12:30,69,79,,54,17:00,2025-05-06 10:21:59.547935,2025-05-06 10:21:59.547935
77294,59,2014-04-19,21.3,0,18.3,07:25,24.3,16:12,27,3.6,11.4,15:50,67,77,,47,16:40,2025-05-06 10:21:59.754882,2025-05-06 10:21:59.754882
77312,59,2014-04-20,21.4,0,17.8,05:54,25.1,14:07,1,3.6,11.9,17:40,62,81,06:50,43,14:10,2025-05-06 10:22:00.106279,2025-05-06 10:22:00.106279
77329,59,2014-04-21,20.8,0,18,,23.6,13:34,36,4.2,16.1,15:00,55,71,,39,13:40,2025-05-06 10:22:00.285155,2025-05-06 10:22:00.285155
77346,59,2014-04-22,18.3,0,14.9,06:33,21.7,13:52,10,3.6,11.1,13:40,70,78,07:00,62,13:20,2025-05-06 10:22:00.454575,2025-05-06 10:22:00.454575
77364,59,2014-04-23,19.2,0,14,06:23,24.5,16:00,10,5.6,16.9,13:10,68,78,,49,16:00,2025-05-06 10:22:00.626067,2025-05-06 10:22:00.626067
77382,59,2014-04-24,20.8,0,17.2,,24.4,14:50,6,6.7,16.4,14:10,63,74,,51,13:20,2025-05-06 10:22:00.790220,2025-05-06 10:22:00.790220
77400,59,2014-04-25,21.2,0,17.3,06:00,25,14:25,2,6.9,14.4,11:10,62,75,,48,,2025-05-06 10:22:00.968654,2025-05-06 10:22:00.968654
77418,59,2014-04-26,21.6,0,16.2,05:56,27,15:45,4,5.3,11.1,09:50,62,78,07:10,44,15:00,2025-05-06 10:22:01.147172,2025-05-06 10:22:01.147172
77436,59,2014-04-27,21.6,0,18.2,05:48,25.1,14:34,5,6.9,15,15:10,65,77,,57,,2025-05-06 10:22:01.337933,2025-05-06 10:22:01.337933
77453,59,2014-04-28,22.6,0,18.3,,27,14:40,11,5.6,11.7,12:50,65,78,,47,15:00,2025-05-06 10:22:01.509598,2025-05-06 10:22:01.509598
77470,59,2014-04-29,22.2,0,18.4,06:34,25.9,15:05,4,5.6,11.1,08:20,63,77,,49,15:30,2025-05-06 10:22:01.709173,2025-05-06 10:22:01.709173
77487,59,2014-04-30,21.7,0,17.9,,25.5,14:20,4,6.7,12.2,23:10,64,79,06:50,51,13:40,2025-05-06 10:22:01.911565,2025-05-06 10:22:01.911565
77504,59,2014-05-01,22.2,0,17.1,05:07,27.3,15:12,11,3.1,12.2,12:00,64,79,,47,15:00,2025-05-06 10:22:02.122522,2025-05-06 10:22:02.122522
77521,59,2014-05-02,23.2,0,18.7,05:39,27.7,15:04,5,5.3,13.1,15:10,61,75,,45,12:00,2025-05-06 10:22:02.321271,2025-05-06 10:22:02.321271
77538,59,2014-05-03,24,0,18.2,06:30,29.8,13:48,34,4.4,12.8,23:10,52,75,,30,13:50,2025-05-06 10:22:02.522106,2025-05-06 10:22:02.522106
77555,59,2014-05-04,22.4,0,18,06:07,26.8,10:37,34,4.7,11.1,05:00,67,77,,42,10:30,2025-05-06 10:22:02.721741,2025-05-06 10:22:02.721741
77572,59,2014-05-05,23,0,18,05:32,28,15:06,35,5.3,11.1,18:40,65,77,,53,,2025-05-06 10:22:02.923435,2025-05-06 10:22:02.923435
77588,59,2014-05-06,23.2,0,19.1,23:57,27.2,14:38,35,5.8,15.8,17:20,61,74,23:59,48,14:40,2025-05-06 10:22:03.119400,2025-05-06 10:22:03.119400
77605,59,2014-05-07,22.6,0,18.4,04:17,26.7,12:59,4,3.9,12.8,20:40,63,76,,51,13:10,2025-05-06 10:22:03.328651,2025-05-06 10:22:03.328651
77621,59,2014-05-08,23.4,0,18.9,02:29,27.9,13:43,6,5.8,13.3,11:00,60,75,,44,11:10,2025-05-06 10:22:03.523430,2025-05-06 10:22:03.523430
77638,59,2014-05-09,23.6,0,19.6,23:54,27.6,16:14,3,7.5,15.3,13:00,55,72,23:50,40,16:10,2025-05-06 10:22:03.722884,2025-05-06 10:22:03.722884
77655,59,2014-05-10,22.6,0,18.2,06:21,27.1,15:10,2,6.1,12.5,01:30,65,79,,53,14:50,2025-05-06 10:22:03.922659,2025-05-06 10:22:03.922659
77672,59,2014-05-11,23.4,0,18.7,,28.1,16:18,10,5,15.3,14:10,63,81,,50,16:50,2025-05-06 10:22:04.082532,2025-05-06 10:22:04.082532
77689,59,2014-05-12,22.4,0,18.1,06:52,26.8,14:50,4,2.5,7.5,00:30,74,84,,65,14:50,2025-05-06 10:22:04.189907,2025-05-06 10:22:04.189907
77705,59,2014-05-13,23,0,19.4,03:09,26.5,14:21,14,3.9,8.1,18:30,75,85,,67,14:30,2025-05-06 10:22:04.296410,2025-05-06 10:22:04.296410
77721,59,2014-05-14,24.3,0,20.2,06:18,28.4,15:58,34,1.7,11.7,19:10,72,88,,46,18:20,2025-05-06 10:22:04.430683,2025-05-06 10:22:04.430683
77737,59,2014-05-15,23.8,0,20,05:44,27.5,13:34,36,3.3,10.6,07:50,68,79,04:30,30,08:40,2025-05-06 10:22:04.615924,2025-05-06 10:22:04.615924
77754,59,2014-05-16,23,0,18.4,03:57,27.5,14:42,34,2.8,8.6,06:20,68,76,,58,14:50,2025-05-06 10:22:04.802820,2025-05-06 10:22:04.802820
77771,59,2014-05-17,22.9,0,18.5,03:52,27.3,14:59,34,3.9,8.9,21:20,63,77,,52,11:20,2025-05-06 10:22:05.004408,2025-05-06 10:22:05.004408
77788,59,2014-05-18,23.2,0,18.9,,27.4,14:30,36,3.6,11.7,08:00,66,75,,44,12:10,2025-05-06 10:22:05.218594,2025-05-06 10:22:05.218594
77805,59,2014-05-19,21.9,0,16.6,06:24,27.2,15:46,2,2.8,9.2,20:20,63,76,06:30,51,15:00,2025-05-06 10:22:05.434295,2025-05-06 10:22:05.434295
77822,59,2014-05-20,23.2,0,19.4,04:39,27.1,13:10,1,4.2,11.1,15:00,49,68,22:40,39,13:20,2025-05-06 10:22:05.646907,2025-05-06 10:22:05.646907
77839,59,2014-05-21,21.8,0,18.1,05:30,25.4,14:03,35,3.3,12.2,19:10,52,72,06:10,35,15:20,2025-05-06 10:22:05.842625,2025-05-06 10:22:05.842625
77856,59,2014-05-22,21.1,0,18.3,,23.9,10:49,6,5.3,15.8,14:30,62,72,,45,10:40,2025-05-06 10:22:06.042704,2025-05-06 10:22:06.042704
77873,59,2014-05-23,20.4,0,16.2,05:28,24.5,16:01,99,4.7,13.1,,58,74,06:40,39,15:40,2025-05-06 10:22:06.247992,2025-05-06 10:22:06.247992
77890,59,2014-05-24,21.6,0,18.2,06:02,24.9,15:51,1,4.2,12.8,19:10,51,67,02:00,40,15:40,2025-05-06 10:22:06.462652,2025-05-06 10:22:06.462652
77907,59,2014-05-25,21,0,17.9,03:20,24.1,13:36,7,5,15.3,15:10,58,71,02:50,46,11:50,2025-05-06 10:22:06.694607,2025-05-06 10:22:06.694607
77923,59,2014-05-26,20.6,0,17.2,06:57,24.1,14:47,2,4.7,12.2,16:50,59,71,03:30,47,17:00,2025-05-06 10:22:06.878739,2025-05-06 10:22:06.878739
77940,59,2014-05-27,22,0,18.7,,25.3,14:59,6,6.7,12.8,13:20,57,71,02:20,48,,2025-05-06 10:22:07.079183,2025-05-06 10:22:07.079183
77957,59,2014-05-28,21.9,0,17.8,03:38,26,15:12,7,6.1,12.2,,62,75,,53,14:10,2025-05-06 10:22:07.290700,2025-05-06 10:22:07.290700
77974,59,2014-05-29,22.4,0,18.7,,26.1,14:07,5,6.9,13.6,14:20,62,77,,53,13:00,2025-05-06 10:22:07.493519,2025-05-06 10:22:07.493519
77991,59,2014-05-30,22.6,0,18.8,04:03,26.3,15:14,2,5.6,13.6,18:50,65,77,06:30,55,16:10,2025-05-06 10:22:07.695909,2025-05-06 10:22:07.695909
78008,59,2014-05-31,22.4,0,18.3,06:00,26.6,14:08,2,5.6,12.8,09:40,59,74,,49,13:20,2025-05-06 10:22:07.881684,2025-05-06 10:22:07.881684
78024,59,2014-06-01,22.2,0,17.9,05:24,26.4,15:54,10,5.3,12.2,12:30,60,71,,47,11:20,2025-05-06 10:22:08.067199,2025-05-06 10:22:08.067199
78040,59,2014-06-02,23.5,0,18.6,,28.4,14:16,6,8.1,16.1,12:30,53,74,,34,12:30,2025-05-06 10:22:08.263901,2025-05-06 10:22:08.263901
78056,59,2014-06-03,23.7,0,19.3,04:45,28.1,15:16,12,7.2,13.6,13:30,65,71,13:30,45,10:40,2025-05-06 10:22:08.461240,2025-05-06 10:22:08.461240
78072,59,2014-06-04,22.2,0,18.3,04:12,26,13:44,11,4.4,12.8,11:10,64,75,,51,10:50,2025-05-06 10:22:08.656723,2025-05-06 10:22:08.656723
78088,59,2014-06-05,21.9,0,16.6,06:38,27.2,15:57,1,2.5,7.2,01:10,64,77,07:20,54,,2025-05-06 10:22:08.854209,2025-05-06 10:22:08.854209
78104,59,2014-06-06,22.9,0,18.6,04:37,27.2,,12,3.6,9.2,11:10,63,76,04:00,51,15:30,2025-05-06 10:22:09.041722,2025-05-06 10:22:09.041722
78120,59,2014-06-07,22.2,0,17,06:43,27.4,15:24,12,3.1,7.8,19:40,67,76,,56,15:30,2025-05-06 10:22:09.236559,2025-05-06 10:22:09.236559
78137,59,2014-06-08,22,0,17.8,05:34,26.2,16:12,10,6.1,13.9,12:40,73,81,,60,16:10,2025-05-06 10:22:09.454504,2025-05-06 10:22:09.454504
78153,59,2014-06-09,22,0,18.6,05:41,25.3,18:14,7,5.8,14.7,15:10,66,77,,55,10:40,2025-05-06 10:22:09.653529,2025-05-06 10:22:09.653529
78169,59,2014-06-10,23.4,0,19.4,02:45,27.5,14:36,2,5.6,14.4,07:50,62,75,,48,14:40,2025-05-06 10:22:09.849713,2025-05-06 10:22:09.849713
78185,59,2014-06-11,23.8,0,19.7,03:44,27.8,14:49,2,6.1,14.2,17:00,57,75,02:50,43,13:10,2025-05-06 10:22:10.047364,2025-05-06 10:22:10.047364
78201,59,2014-06-12,24.9,0,20.1,06:15,29.7,14:49,33,5.6,12.5,17:30,61,75,23:59,46,14:50,2025-05-06 10:22:10.253110,2025-05-06 10:22:10.253110
78217,59,2014-06-13,24.2,0,20.4,04:13,28.1,14:12,99,2.8,7.2,,69,78,08:10,60,14:10,2025-05-06 10:22:10.454910,2025-05-06 10:22:10.454910
78233,59,2014-06-14,23.8,0,20.4,04:56,27.2,15:42,35,3.6,9.4,19:50,71,79,07:20,61,19:20,2025-05-06 10:22:10.655295,2025-05-06 10:22:10.655295
78249,59,2014-06-15,24,0,19.9,06:34,28.2,15:05,33,3.1,13.3,19:20,69,77,06:50,57,11:30,2025-05-06 10:22:10.856480,2025-05-06 10:22:10.856480
78265,59,2014-06-16,23.8,0,18.9,06:57,28.6,14:57,2,3.1,14.2,18:40,62,76,06:40,50,12:50,2025-05-06 10:22:11.051734,2025-05-06 10:22:11.051734
78281,59,2014-06-17,23.4,0,20.4,03:13,26.5,13:30,36,4.2,13.1,16:00,55,69,00:20,47,12:40,2025-05-06 10:22:11.252611,2025-05-06 10:22:11.252611
78297,59,2014-06-18,23.3,0,20.3,23:35,26.3,16:18,11,3.9,12.8,12:50,64,72,23:40,50,11:30,2025-05-06 10:22:11.460766,2025-05-06 10:22:11.460766
78313,59,2014-06-19,23.1,0,18.3,06:47,27.9,13:52,13,2.5,8.6,15:10,64,77,,51,,2025-05-06 10:22:11.664711,2025-05-06 10:22:11.664711
78329,59,2014-06-20,22.9,0,17.8,06:45,28,14:38,36,3.6,12.8,15:30,56,74,,37,13:30,2025-05-06 10:22:11.870549,2025-05-06 10:22:11.870549
78345,59,2014-06-21,23.3,0,18.5,06:10,28.1,16:14,36,3.3,8.1,19:50,68,75,04:10,53,09:50,2025-05-06 10:22:12.062729,2025-05-06 10:22:12.062729
78360,59,2014-06-22,23.9,0,19.3,05:59,28.5,15:01,34,2.5,6.7,21:20,67,77,06:50,54,15:30,2025-05-06 10:22:12.245280,2025-05-06 10:22:12.245280
78377,59,2014-06-23,24.2,0,20.1,05:39,28.2,15:20,34,3.9,13.1,13:30,58,79,06:40,35,13:40,2025-05-06 10:22:12.461393,2025-05-06 10:22:12.461393
78393,59,2014-06-24,23.2,0,19.6,04:39,26.7,15:55,10,5.8,14.2,12:00,65,76,,47,10:20,2025-05-06 10:22:12.662502,2025-05-06 10:22:12.662502
78410,59,2014-06-25,23.5,0,19.5,04:59,27.5,13:02,2,5.8,13.3,17:10,60,76,05:50,48,13:00,2025-05-06 10:22:12.865001,2025-05-06 10:22:12.865001
78427,59,2014-06-26,24,0,20.7,23:53,27.4,13:04,2,5.3,12.8,19:30,59,73,05:50,47,15:10,2025-05-06 10:22:13.068898,2025-05-06 10:22:13.068898
78444,59,2014-06-27,23.4,0,19.5,,27.3,11:30,11,5,14.4,15:10,65,76,05:30,49,11:30,2025-05-06 10:22:13.288666,2025-05-06 10:22:13.288666
78461,59,2014-06-28,23.8,0,20.1,06:05,27.4,16:01,10,5.8,14.7,11:30,64,75,,54,16:20,2025-05-06 10:22:13.488674,2025-05-06 10:22:13.488674
78478,59,2014-06-29,24.6,0,20.4,04:12,28.8,16:55,4,6.9,14.7,16:20,58,78,04:40,43,17:00,2025-05-06 10:22:13.703271,2025-05-06 10:22:13.703271
78495,59,2014-06-30,26.6,0,22.1,00:56,31.1,14:42,3,6.4,14.4,23:00,47,74,00:50,28,23:30,2025-05-06 10:22:13.914531,2025-05-06 10:22:13.914531
78512,59,2014-07-01,27.6,0,22.3,23:56,32.8,15:52,5,6.7,15.3,11:50,34,64,23:59,21,12:20,2025-05-06 10:22:14.063687,2025-05-06 10:22:14.063687
78529,59,2014-07-02,,,,,,,5,6.4,15.6,15:10,62,,,,,2025-05-06 10:22:14.183162,2025-05-06 10:22:14.183162
78545,59,2014-07-03,23.1,0,20.2,05:18,26,14:07,7,5.6,17.2,15:30,63,73,23:59,50,10:10,2025-05-06 10:22:14.296044,2025-05-06 10:22:14.296044
78562,59,2014-07-04,23.4,0,19.2,06:14,27.5,13:20,11,4.2,14.2,14:20,62,76,06:30,48,13:20,2025-05-06 10:22:14.416961,2025-05-06 10:22:14.416961
78579,59,2014-07-05,23.8,0,19.5,06:06,28,12:22,10,4.4,12.5,12:40,68,77,,49,11:30,2025-05-06 10:22:14.530227,2025-05-06 10:22:14.530227
78596,59,2014-07-06,23.9,0,20.1,06:05,27.7,14:56,99,5,11.9,,62,77,02:30,51,,2025-05-06 10:22:14.649362,2025-05-06 10:22:14.649362
78613,59,2014-07-07,23.7,0,20.5,05:38,26.9,15:19,4,6.4,14.2,17:10,66,77,06:00,54,15:20,2025-05-06 10:22:14.768039,2025-05-06 10:22:14.768039
78630,59,2014-07-08,23.6,0,20.4,02:51,26.7,13:42,2,6.9,14.7,02:30,59,75,,48,15:40,2025-05-06 10:22:14.890514,2025-05-06 10:22:14.890514
78647,59,2014-07-09,23.9,0,21.4,00:01,26.4,14:01,12,3.6,9.4,13:10,72,84,23:40,61,10:50,2025-05-06 10:22:15.003515,2025-05-06 10:22:15.003515
78663,59,2014-07-10,24.2,0,21.7,,26.8,14:31,34,3.1,9.7,08:50,74,86,01:30,69,14:20,2025-05-06 10:22:15.114135,2025-05-06 10:22:15.114135
78679,59,2014-07-11,24.8,0,20.9,06:28,28.6,14:54,2,2.8,6.1,04:00,71,83,00:00,61,15:00,2025-05-06 10:22:15.273656,2025-05-06 10:22:15.273656
78695,59,2014-07-12,24.4,0,20.8,06:35,28.1,13:53,35,2.8,9.2,19:20,70,77,,61,14:00,2025-05-06 10:22:15.447023,2025-05-06 10:22:15.447023
78711,59,2014-07-13,24.4,0,19.8,06:20,29.1,15:19,99,3.1,8.6,,66,77,,53,11:20,2025-05-06 10:22:15.646349,2025-05-06 10:22:15.646349
78726,59,2014-07-14,24.4,0,19.8,06:03,29.1,15:27,6,3.1,10,14:00,59,76,,45,17:10,2025-05-06 10:22:15.836051,2025-05-06 10:22:15.836051
78740,59,2014-07-15,24.4,0,20.4,05:49,28.4,13:51,6,2.8,8.1,09:10,70,76,,55,10:30,2025-05-06 10:22:15.950341,2025-05-06 10:22:15.950341
78756,59,2014-07-16,24.4,0.4,20.2,,28.7,15:02,3,3.3,8.9,23:10,71,79,07:50,58,15:00,2025-05-06 10:22:16.084824,2025-05-06 10:22:16.084824
78771,59,2014-07-17,24.6,0,20.4,,28.7,12:45,14,2.2,12.8,15:40,64,76,06:10,52,12:20,2025-05-06 10:22:16.198577,2025-05-06 10:22:16.198577
78787,59,2014-07-18,25.2,0,21.2,05:54,29.3,13:21,11,4.7,14.2,15:10,62,75,05:10,49,13:10,2025-05-06 10:22:16.372258,2025-05-06 10:22:16.372258
78804,59,2014-07-19,24.5,0,19.9,06:36,29.1,11:52,11,6.7,16.7,13:50,69,78,06:30,45,11:50,2025-05-06 10:22:16.584413,2025-05-06 10:22:16.584413
78821,59,2014-07-20,24.8,0,21,06:21,28.6,11:35,10,5.3,14.2,13:50,67,78,,54,16:50,2025-05-06 10:23:19.186990,2025-05-06 10:23:19.186990
78838,59,2014-07-21,24.8,0,20.1,06:10,29.5,14:42,10,5,10.3,12:50,65,78,,53,14:50,2025-05-06 10:23:19.378282,2025-05-06 10:23:19.378282
78854,59,2014-07-22,25.1,0,20.4,05:50,29.8,15:30,11,6.4,12.8,13:50,65,77,,42,16:50,2025-05-06 10:23:19.598249,2025-05-06 10:23:19.598249
78871,59,2014-07-23,25.1,0,22,04:11,28.2,15:10,3,5.6,12.2,20:50,65,77,04:30,50,15:40,2025-05-06 10:23:19.804604,2025-05-06 10:23:19.804604
78887,59,2014-07-24,25.6,0,21.9,,29.2,13:57,6,5.6,13.9,16:40,57,73,,47,13:50,2025-05-06 10:23:20.000513,2025-05-06 10:23:20.000513
78903,59,2014-07-25,24.8,0,20.6,06:13,28.9,15:05,10,4.2,10.6,13:30,63,75,00:20,49,11:10,2025-05-06 10:23:20.192367,2025-05-06 10:23:20.192367
78917,59,2014-07-26,23.8,,19.1,05:45,28.6,16:46,5,2.2,8.6,08:50,68,78,07:00,53,16:50,2025-05-06 10:23:20.365020,2025-05-06 10:23:20.365020
78930,59,2014-07-27,23.4,0,19.2,06:34,27.5,11:36,10,5,14.4,13:50,68,79,07:00,47,11:10,2025-05-06 10:23:20.520758,2025-05-06 10:23:20.520758
78946,59,2014-07-28,24.2,0,20,04:28,28.3,15:38,7,5.8,16.1,15:10,69,76,,50,11:20,2025-05-06 10:23:20.719854,2025-05-06 10:23:20.719854
78960,59,2014-07-29,25.2,0,20.8,06:25,29.5,15:08,11,4.7,12.8,13:20,64,75,02:50,47,,2025-05-06 10:23:20.901668,2025-05-06 10:23:20.901668
78976,59,2014-07-30,24.2,0,20.5,06:35,27.8,11:09,11,5.3,14.2,12:20,68,73,,51,10:50,2025-05-06 10:23:21.106984,2025-05-06 10:23:21.106984
78991,59,2014-07-31,24.9,0,20.2,05:42,29.6,14:32,11,6.1,15.8,15:10,66,76,,50,14:30,2025-05-06 10:23:21.297181,2025-05-06 10:23:21.297181
79008,59,2014-08-01,25.2,0,21.2,05:49,29.2,14:53,11,6.1,13.6,13:10,62,73,23:50,49,16:30,2025-05-06 10:23:21.512190,2025-05-06 10:23:21.512190
79024,59,2014-08-02,25.2,0,22.1,,28.4,14:34,35,6.1,14.7,15:20,57,73,,47,14:10,2025-05-06 10:23:21.713985,2025-05-06 10:23:21.713985
79040,59,2014-08-03,25,0,22.2,,27.7,10:38,8,5.3,13.6,13:20,69,74,02:10,53,10:40,2025-05-06 10:23:21.926207,2025-05-06 10:23:21.926207
79057,59,2014-08-04,25.4,0,21.4,06:30,29.3,15:23,10,5.6,12.8,13:50,68,78,,56,16:40,2025-05-06 10:23:22.132127,2025-05-06 10:23:22.132127
79073,59,2014-08-05,25.4,0,21.3,05:26,29.5,15:05,10,3.3,12.2,15:50,66,77,,51,12:00,2025-05-06 10:23:22.340401,2025-05-06 10:23:22.340401
79090,59,2014-08-06,25.6,0,21.4,05:50,29.9,15:40,6,6.1,13.6,15:30,61,78,,46,16:00,2025-05-06 10:23:22.553368,2025-05-06 10:23:22.553368
79107,59,2014-08-07,25.8,0.8,21.7,07:50,29.8,15:37,10,5.8,11.1,13:00,68,77,07:50,54,16:10,2025-05-06 10:23:22.756621,2025-05-06 10:23:22.756621
79124,59,2014-08-08,25.6,0,21.3,05:37,30,16:02,10,6.1,12.5,13:10,66,78,06:10,53,16:30,2025-05-06 10:23:22.978145,2025-05-06 10:23:22.978145
79141,59,2014-08-09,26.4,0,22.3,04:53,30.4,14:59,11,4.7,12.2,16:10,63,76,23:30,52,15:00,2025-05-06 10:23:23.183178,2025-05-06 10:23:23.183178
79158,59,2014-08-10,26,0,22.1,05:43,29.9,14:39,10,4.7,11.7,16:10,69,79,,57,11:10,2025-05-06 10:23:23.398237,2025-05-06 10:23:23.398237
79175,59,2014-08-11,26.4,0,21.7,06:00,31,14:00,10,5.6,16.1,15:10,70,80,,53,,2025-05-06 10:23:23.617270,2025-05-06 10:23:23.617270
79192,59,2014-08-12,25.5,0,21.7,05:38,29.3,14:39,6,5.8,12.2,12:30,66,78,,57,13:10,2025-05-06 10:23:23.817882,2025-05-06 10:23:23.817882
79209,59,2014-08-13,25.4,0,21.5,,29.3,13:55,4,6.9,14.4,15:10,65,78,,55,13:00,2025-05-06 10:23:24.025204,2025-05-06 10:23:24.025204
79226,59,2014-08-14,25.9,0,21.9,04:13,29.9,14:16,5,7.5,15.3,10:50,58,80,05:40,44,10:30,2025-05-06 10:23:24.228436,2025-05-06 10:23:24.228436
79243,59,2014-08-15,25.9,0,21,06:26,30.8,15:55,11,5.8,12.8,13:20,62,76,06:50,40,12:30,2025-05-06 10:23:24.414991,2025-05-06 10:23:24.414991
79260,59,2014-08-16,27.4,0,21.8,06:01,33,13:19,6,5.6,12.2,12:10,53,74,05:30,36,12:00,2025-05-06 10:23:24.628371,2025-05-06 10:23:24.628371
79277,59,2014-08-17,26,0,21.3,06:08,30.7,15:13,36,4.7,10.8,14:00,56,76,,43,15:30,2025-05-06 10:23:24.836794,2025-05-06 10:23:24.836794
79294,59,2014-08-18,25.4,0,21,,29.7,12:26,10,6.4,14.7,15:10,68,77,06:30,50,12:20,2025-05-06 10:23:25.011079,2025-05-06 10:23:25.011079
79311,59,2014-08-19,26,0,22.1,04:21,29.8,14:52,5,5.6,10.8,02:40,65,76,,55,14:10,2025-05-06 10:23:25.220138,2025-05-06 10:23:25.220138
79328,59,2014-08-20,27.3,0,23.7,,30.9,17:13,11,4.7,10.8,13:00,69,76,,55,17:10,2025-05-06 10:23:25.440440,2025-05-06 10:23:25.440440
79345,59,2014-08-21,26.6,0,23.4,06:24,29.9,15:59,11,4.2,12.2,12:40,66,73,,58,,2025-05-06 10:23:25.649245,2025-05-06 10:23:25.649245
79362,59,2014-08-22,26.4,0,22.5,06:42,30.4,14:59,12,3.6,13.1,11:50,65,75,06:40,54,,2025-05-06 10:23:25.864409,2025-05-06 10:23:25.864409
79379,59,2014-08-23,26,0,21.7,06:45,30.3,16:56,5,5.8,12.2,11:10,61,77,,49,13:40,2025-05-06 10:23:26.067528,2025-05-06 10:23:26.067528
79396,59,2014-08-24,26.6,0,22.3,,30.9,13:22,6,7.2,14.4,11:10,59,77,06:30,44,12:10,2025-05-06 10:23:26.290623,2025-05-06 10:23:26.290623
79413,59,2014-08-25,26.3,0,21.8,05:58,30.8,13:58,2,5,10.8,11:50,57,74,,43,14:00,2025-05-06 10:23:26.501344,2025-05-06 10:23:26.501344
79429,59,2014-08-26,26.6,0,22.4,06:22,30.7,17:05,12,5.6,13.3,13:10,64,76,06:30,51,12:20,2025-05-06 10:23:26.694854,2025-05-06 10:23:26.694854
79445,59,2014-08-27,26.7,0,23,05:22,30.4,13:51,8,2.8,18.6,11:10,68,79,,57,13:50,2025-05-06 10:23:26.885109,2025-05-06 10:23:26.885109
79461,59,2014-08-28,26.4,0,23,06:01,29.7,15:44,4,2.5,6.7,00:10,74,85,,66,,2025-05-06 10:23:27.074838,2025-05-06 10:23:27.074838
79477,59,2014-08-29,27.9,0,22.9,06:41,32.9,12:30,25,3.3,10.3,14:00,65,86,,36,12:30,2025-05-06 10:23:27.278042,2025-05-06 10:23:27.278042
79493,59,2014-08-30,27.5,0,22.6,05:49,32.4,14:43,7,4.7,12.5,12:30,62,76,07:20,44,14:30,2025-05-06 10:23:27.480292,2025-05-06 10:23:27.480292
79509,59,2014-08-31,26.6,0,22.5,06:36,30.8,12:32,3,3.3,10.8,17:20,68,79,06:40,50,15:50,2025-05-06 10:23:27.685860,2025-05-06 10:23:27.685860
79524,59,2014-09-01,25.8,0,22.9,06:39,28.7,13:53,4,2.5,8.9,00:40,69,77,07:10,59,10:30,2025-05-06 10:23:27.867706,2025-05-06 10:23:27.867706
79539,59,2014-09-02,25.2,0,22,05:42,28.5,16:43,11,4.4,12.8,12:40,71,82,,60,11:00,2025-05-06 10:23:28.047327,2025-05-06 10:23:28.047327
79555,59,2014-09-03,24.8,0,20.3,06:33,29.3,15:14,12,3.1,11.4,11:10,71,82,,61,,2025-05-06 10:23:28.251309,2025-05-06 10:23:28.251309
79571,59,2014-09-04,24.7,0,20,06:53,29.4,13:56,12,2.2,8.1,22:00,71,83,,61,14:00,2025-05-06 10:23:28.444766,2025-05-06 10:23:28.444766
79587,59,2014-09-05,25.6,0,22.1,06:43,29.2,13:47,12,3.6,10.6,11:40,76,85,01:40,66,14:00,2025-05-06 10:23:28.644159,2025-05-06 10:23:28.644159
79603,59,2014-09-06,26,0,22.6,06:56,29.5,14:21,10,2.8,10.8,12:20,78,84,06:40,66,14:30,2025-05-06 10:23:28.843590,2025-05-06 10:23:28.843590
79618,59,2014-09-07,26.5,0,22.9,07:08,30.1,14:49,2,1.9,5.3,20:20,72,80,,62,15:00,2025-05-06 10:23:29.032916,2025-05-06 10:23:29.032916
79634,59,2014-09-08,26.4,0,21.9,06:48,30.9,14:49,34,2.8,5,07:20,72,83,07:00,60,,2025-05-06 10:23:29.237789,2025-05-06 10:23:29.237789
79650,59,2014-09-09,25.1,0,20.4,07:24,29.8,16:28,12,3.6,8.3,17:40,73,82,,62,15:50,2025-05-06 10:23:29.439016,2025-05-06 10:23:29.439016
79666,59,2014-09-10,26.2,0,21.7,05:40,30.6,16:05,12,2.8,7.2,19:10,71,84,,59,16:10,2025-05-06 10:23:29.635146,2025-05-06 10:23:29.635146
79682,59,2014-09-11,25.6,0,22.3,06:53,28.8,17:30,8,4.4,13.6,13:20,72,81,,63,17:50,2025-05-06 10:23:29.758251,2025-05-06 10:23:29.758251
79698,59,2014-09-12,26.2,0,23.3,,29.2,17:04,8,5.6,13.6,14:10,70,81,06:40,60,18:00,2025-05-06 10:23:29.862380,2025-05-06 10:23:29.862380
79714,59,2014-09-13,26.2,0.2,23.3,05:31,29.2,17:04,11,4.4,12.8,13:20,73,81,,65,17:00,2025-05-06 10:23:29.967223,2025-05-06 10:23:29.967223
79730,59,2014-09-14,26.6,0,23.6,04:46,29.6,,11,4.4,12.5,13:30,69,79,07:10,53,12:40,2025-05-06 10:23:30.098054,2025-05-06 10:23:30.098054
79746,59,2014-09-15,26.3,0,23.4,06:41,29.2,16:11,11,3.9,10.3,13:20,74,78,,67,,2025-05-06 10:23:30.287942,2025-05-06 10:23:30.287942
79762,59,2014-09-16,26.3,0,22.3,06:47,30.3,13:45,14,2.5,8.3,15:10,71,78,17:00,61,03:20,2025-05-06 10:23:30.481518,2025-05-06 10:23:30.481518
79778,59,2014-09-17,27.2,0,23.7,06:46,30.6,15:04,13,3.6,7.5,11:10,67,77,,54,10:20,2025-05-06 10:23:30.685093,2025-05-06 10:23:30.685093
79794,59,2014-09-18,24.9,0,22,06:34,27.8,12:21,10,3.3,7.8,15:10,71,77,06:40,61,19:30,2025-05-06 10:23:30.880643,2025-05-06 10:23:30.880643
79810,59,2014-09-19,25.2,0,20.7,,29.6,13:05,11,2.5,5.8,10:40,65,77,,56,12:50,2025-05-06 10:23:31.073970,2025-05-06 10:23:31.073970
79826,59,2014-09-20,25,0,21.8,06:59,28.2,13:39,11,3.6,10.6,11:10,67,75,,53,10:20,2025-05-06 10:23:31.282329,2025-05-06 10:23:31.282329
79842,59,2014-09-21,24.4,0,20.9,06:19,28,16:02,11,4.7,8.9,17:40,72,80,08:00,63,15:30,2025-05-06 10:23:31.484333,2025-05-06 10:23:31.484333
79858,59,2014-09-22,24.2,0,20.5,06:34,28,14:18,10,3.9,12.2,12:30,72,79,,63,14:20,2025-05-06 10:23:31.681125,2025-05-06 10:23:31.681125
79874,59,2014-09-23,24.6,0,20.7,06:47,28.5,15:38,10,4.7,11.9,13:20,72,80,,62,15:50,2025-05-06 10:23:31.878475,2025-05-06 10:23:31.878475
79889,59,2014-09-24,24.6,0,20.9,06:20,28.2,14:10,10,4.2,11.9,12:30,65,79,06:10,51,11:40,2025-05-06 10:23:32.052345,2025-05-06 10:23:32.052345
79904,59,2014-09-25,24.2,0,21.5,06:59,26.8,11:47,9,5,12.8,11:10,70,79,,64,17:30,2025-05-06 10:23:32.239520,2025-05-06 10:23:32.239520
79920,59,2014-09-26,24.4,0,21.3,,27.5,14:23,14,4.4,11.7,13:20,70,77,08:00,59,14:30,2025-05-06 10:23:32.449107,2025-05-06 10:23:32.449107
79936,59,2014-09-27,24.6,0,22.4,,26.9,15:10,12,5,14.2,10:50,72,77,,62,11:40,2025-05-06 10:23:32.657693,2025-05-06 10:23:32.657693
79952,59,2014-09-28,24.4,0,21.1,07:22,27.8,12:08,11,4.4,16.1,15:10,66,78,,54,13:10,2025-05-06 10:23:32.861896,2025-05-06 10:23:32.861896
79968,59,2014-09-29,24.6,0,20.5,05:43,28.6,12:14,11,5.6,14.2,13:20,65,76,,45,16:30,2025-05-06 10:23:33.049164,2025-05-06 10:23:33.049164
79984,59,2014-09-30,25,0,22.1,,28,13:33,4,5,11.9,13:30,62,76,,51,10:20,2025-05-06 10:23:33.247834,2025-05-06 10:23:33.247834
80000,59,2014-10-01,24.2,0,21.3,07:27,27.1,13:12,8,4.2,10.3,13:30,66,78,07:40,57,11:50,2025-05-06 10:23:33.445640,2025-05-06 10:23:33.445640
80017,59,2014-10-02,23.6,0,20.7,07:15,26.6,15:04,8,3.9,13.3,14:10,78,85,,71,13:30,2025-05-06 10:23:33.654501,2025-05-06 10:23:33.654501
80032,59,2014-10-03,24.4,0,20,07:18,28.8,13:23,12,2.2,10.8,16:30,76,85,,67,13:30,2025-05-06 10:23:33.843862,2025-05-06 10:23:33.843862
80047,59,2014-10-04,25.3,0,20.7,06:51,29.9,14:39,12,5.3,12.2,13:00,72,85,,56,15:00,2025-05-06 10:23:34.018920,2025-05-06 10:23:34.018920
80063,59,2014-10-05,25.2,0,22.1,23:48,28.4,12:24,36,5.3,11.9,18:00,65,76,02:00,55,16:30,2025-05-06 10:23:34.213726,2025-05-06 10:23:34.213726
80077,59,2014-10-06,24.9,0,21,,28.8,15:08,2,4.7,14.7,15:50,63,78,,47,14:50,2025-05-06 10:23:34.398334,2025-05-06 10:23:34.398334
80093,59,2014-10-07,24.1,0,20.9,23:59,27.3,13:30,11,3.6,10.6,14:50,64,76,,55,13:20,2025-05-06 10:23:34.604690,2025-05-06 10:23:34.604690
80110,59,2014-10-08,23,0,17.5,06:24,28.5,14:04,12,2.8,8.3,11:40,70,82,,59,15:20,2025-05-06 10:23:34.820786,2025-05-06 10:23:34.820786
80128,59,2014-10-09,22.1,0,19,07:15,25.2,,11,4.7,11.7,13:00,76,83,,69,,2025-05-06 10:23:35.038941,2025-05-06 10:23:35.038941
80145,59,2014-10-10,23.4,0,19.5,06:52,27.3,16:52,13,3.3,11.1,12:40,76,87,07:30,65,17:00,2025-05-06 10:23:35.244590,2025-05-06 10:23:35.244590
80163,59,2014-10-11,23.6,0,19.6,07:12,27.7,15:24,36,3.1,10.8,10:50,69,85,05:20,53,15:40,2025-05-06 10:23:35.467950,2025-05-06 10:23:35.467950
80179,59,2014-10-12,22.2,0,18.8,07:14,25.6,11:59,5,3.6,10.6,18:40,71,78,07:00,58,19:00,2025-05-06 10:23:35.676366,2025-05-06 10:23:35.676366
80196,59,2014-10-13,21.6,0,18,02:34,25.2,10:40,10,3.1,10.3,11:40,67,75,03:00,55,10:40,2025-05-06 10:23:35.877584,2025-05-06 10:23:35.877584
80213,59,2014-10-14,21.6,0,15.8,06:16,27.4,12:35,11,3.1,9.4,13:50,68,77,06:30,53,11:30,2025-05-06 10:23:36.088280,2025-05-06 10:23:36.088280
80226,59,2014-10-15,23,0,19.7,06:35,26.3,10:37,12,4.7,10,15:40,77,80,,71,10:40,2025-05-06 10:23:36.259075,2025-05-06 10:23:36.259075
80242,59,2014-10-16,23.6,0,19.9,03:44,27.3,14:49,10,2.5,8.6,11:20,77,87,06:40,66,15:50,2025-05-06 10:23:36.434827,2025-05-06 10:23:36.434827
80260,59,2014-10-17,22.8,0,17.5,06:51,28.2,15:05,16,2.5,4.2,12:20,73,83,,64,,2025-05-06 10:23:36.664231,2025-05-06 10:23:36.664231
80278,59,2014-10-18,24,0,20.3,23:39,27.8,15:47,8,2.8,6.9,09:30,70,81,,62,15:50,2025-05-06 10:23:36.887255,2025-05-06 10:23:36.887255
80296,59,2014-10-19,22.8,0,19.5,01:29,26.2,15:09,24,4.2,10,14:40,81,87,20:00,73,15:10,2025-05-06 10:23:37.117339,2025-05-06 10:23:37.117339
80314,59,2014-10-20,24.5,0,22.6,,26.4,15:04,25,3.3,8.9,02:10,76,81,,70,14:10,2025-05-06 10:23:37.336628,2025-05-06 10:23:37.336628
80332,59,2014-10-21,25,0,21.4,02:09,28.7,17:46,4,2.8,8.9,23:59,69,83,05:50,40,22:00,2025-05-06 10:23:37.559301,2025-05-06 10:23:37.559301
80350,59,2014-10-22,30.1,0,25.1,23:58,35.1,15:26,3,4.4,10.6,00:30,50,63,18:10,21,15:20,2025-05-06 10:23:37.786979,2025-05-06 10:23:37.786979
80368,59,2014-10-23,25,0,20.5,07:29,29.5,14:17,34,2.8,6.4,21:20,64,80,20:50,33,00:20,2025-05-06 10:23:38.011873,2025-05-06 10:23:38.011873
80386,59,2014-10-24,23.3,0,18.8,06:12,27.8,12:16,11,4.4,11.4,12:10,68,80,22:20,43,12:20,2025-05-06 10:23:38.233920,2025-05-06 10:23:38.233920
80404,59,2014-10-25,22.9,0,20.3,07:45,25.5,12:46,11,5,10.8,15:10,80,83,08:40,64,22:30,2025-05-06 10:23:38.448202,2025-05-06 10:23:38.448202
80422,59,2014-10-26,25,0,21,04:18,29,13:17,6,3.9,11.4,12:00,64,82,07:30,39,11:30,2025-05-06 10:23:38.675614,2025-05-06 10:23:38.675614
80440,59,2014-10-27,25.1,0,20.9,02:50,29.3,14:51,10,3.9,9.4,13:00,52,77,01:00,44,07:20,2025-05-06 10:23:38.911682,2025-05-06 10:23:38.911682
80457,59,2014-10-28,24,0,20.5,03:44,27.6,11:50,13,5.3,11.4,12:00,69,77,,54,11:40,2025-05-06 10:23:39.130608,2025-05-06 10:23:39.130608
80474,59,2014-10-29,23,6.6,20,05:49,26,11:31,12,3.1,8.3,12:20,80,85,15:20,72,11:40,2025-05-06 10:23:39.339075,2025-05-06 10:23:39.339075
80490,59,2014-10-30,22.6,0,17.7,07:16,27.6,15:04,34,2.5,7.8,18:40,76,90,08:10,62,14:30,2025-05-06 10:23:39.537456,2025-05-06 10:23:39.537456
80503,59,2014-10-31,23,0,18.3,07:21,27.7,14:14,34,3.1,9.4,18:40,74,88,08:00,64,17:10,2025-05-06 10:23:39.699415,2025-05-06 10:23:39.699415
80520,59,2014-11-01,24.8,0,21.2,06:26,28.3,12:27,4,3.3,9.7,10:40,73,83,23:30,57,12:20,2025-05-06 10:23:39.923053,2025-05-06 10:23:39.923053
80537,59,2014-11-02,25.9,0.2,22.9,00:17,28.9,13:34,6,6.7,15,14:40,59,83,00:00,47,09:00,2025-05-06 10:23:40.136363,2025-05-06 10:23:40.136363
80554,59,2014-11-03,25,0,22.3,23:46,27.8,13:48,8,4.7,12.2,12:30,70,81,06:30,55,14:00,2025-05-06 10:23:40.353916,2025-05-06 10:23:40.353916
80571,59,2014-11-04,22.8,0,19.2,07:14,26.3,13:39,34,3.6,10.3,16:40,70,83,,51,16:10,2025-05-06 10:23:40.478299,2025-05-06 10:23:40.478299
80587,59,2014-11-05,22.2,0,19.1,23:58,25.3,13:04,35,5,13.3,02:20,61,80,03:20,50,15:20,2025-05-06 10:23:40.586663,2025-05-06 10:23:40.586663
80604,59,2014-11-06,21.6,0,18.1,,25,14:54,6,4.2,10.6,15:00,66,77,,58,10:20,2025-05-06 10:23:40.713876,2025-05-06 10:23:40.713876
80621,59,2014-11-07,22,0,18.7,05:50,25.3,13:12,6,4.2,10.6,10:30,68,78,,56,14:10,2025-05-06 10:23:40.880996,2025-05-06 10:23:40.880996
80637,59,2014-11-08,23,0,20.5,,25.5,12:48,9,3.9,12.2,14:10,69,77,,61,,2025-05-06 10:23:41.069198,2025-05-06 10:23:41.069198
80654,59,2014-11-09,22.8,0,19.7,04:34,25.9,13:46,2,4.7,13.1,16:00,65,80,,50,15:10,2025-05-06 10:23:41.277668,2025-05-06 10:23:41.277668
80671,59,2014-11-10,22.1,0,18.8,07:40,25.4,13:31,33,4.2,12.8,14:00,63,80,,46,15:20,2025-05-06 10:23:41.478779,2025-05-06 10:23:41.478779
80688,59,2014-11-11,20.8,0,16.8,07:05,24.9,14:33,34,3.6,8.9,15:00,70,81,07:20,56,16:30,2025-05-06 10:23:41.690716,2025-05-06 10:23:41.690716
80705,59,2014-11-12,22.5,0,18.5,01:10,26.5,12:36,7,3.6,10.8,17:30,74,81,06:10,57,14:50,2025-05-06 10:23:41.906235,2025-05-06 10:23:41.906235
80722,59,2014-11-13,22.6,0,19.6,07:47,25.6,14:51,22,2.8,6.1,17:40,76,83,08:00,67,20:00,2025-05-06 10:23:42.110611,2025-05-06 10:23:42.110611
80739,59,2014-11-14,20.8,0,16.1,07:49,25.6,14:37,20,3.1,6.4,17:50,72,80,,64,14:40,2025-05-06 10:23:42.343414,2025-05-06 10:23:42.343414
80756,59,2014-11-15,20.6,0.2,17.1,05:13,24,10:58,9,3.1,7.8,12:50,78,84,,73,,2025-05-06 10:23:42.556539,2025-05-06 10:23:42.556539
80773,59,2014-11-16,21,0,17.6,05:54,24.5,12:06,3,2.8,8.3,16:20,61,78,00:00,50,,2025-05-06 10:23:42.769304,2025-05-06 10:23:42.769304
80790,59,2014-11-17,20.6,0,16.5,06:13,24.8,11:53,33,3.1,8.6,16:10,71,79,08:10,60,11:50,2025-05-06 10:23:42.986510,2025-05-06 10:23:42.986510
80807,59,2014-11-18,22.7,0,20.6,00:14,24.8,13:56,20,4.7,8.3,14:40,82,89,23:59,76,14:20,2025-05-06 10:23:43.204111,2025-05-06 10:23:43.204111
80824,59,2014-11-19,21.4,10,18.6,23:30,24.2,12:56,24,6.1,15.8,14:30,84,89,,77,13:40,2025-05-06 10:23:43.408896,2025-05-06 10:23:43.408896
80840,59,2014-11-20,,,,,,,0,4.2,,,76,,,,,2025-05-06 10:23:43.609289,2025-05-06 10:23:43.609289
80855,59,2014-11-21,17.6,12.6,14.4,05:35,20.8,13:45,29,2.2,7.8,00:10,81,88,,72,12:20,2025-05-06 10:23:43.796653,2025-05-06 10:23:43.796653
80870,59,2014-11-22,19.9,15.6,17.4,00:01,22.4,13:33,26,5.6,17.2,07:20,73,85,03:00,68,08:50,2025-05-06 10:23:43.993566,2025-05-06 10:23:43.993566
80887,59,2014-11-23,18.8,6.4,16.1,04:42,21.4,13:24,34,3.9,13.9,01:50,78,89,03:40,72,,2025-05-06 10:23:44.206575,2025-05-06 10:23:44.206575
80903,59,2014-11-24,20.5,0,18.4,23:31,22.6,12:44,2,3.6,10.8,15:20,70,87,05:30,55,,2025-05-06 10:23:44.409238,2025-05-06 10:23:44.409238
80920,59,2014-11-25,20.6,0,17.9,23:51,23.4,13:00,2,3.9,10.3,12:30,67,79,23:59,58,14:10,2025-05-06 10:23:44.616776,2025-05-06 10:23:44.616776
80934,59,2014-11-26,,,,,,,0,4.4,,,71,,,,,2025-05-06 10:23:44.789004,2025-05-06 10:23:44.789004
80948,59,2014-11-27,18.9,0.8,16.6,08:05,21.2,14:25,26,4.4,16.7,22:50,68,80,08:10,61,13:00,2025-05-06 10:23:44.999231,2025-05-06 10:23:44.999231
80965,59,2014-11-28,20.6,8,18.5,23:03,22.6,14:59,28,5,24.7,20:00,71,79,02:00,61,17:20,2025-05-06 10:23:45.228363,2025-05-06 10:23:45.228363
80981,59,2014-11-29,17.6,2.4,14.5,07:47,20.8,,34,8.9,22.5,05:50,68,88,04:20,56,14:30,2025-05-06 10:23:45.426054,2025-05-06 10:23:45.426054
80994,59,2014-11-30,19.2,0,16.7,03:42,21.7,14:21,32,3.3,12.2,11:50,69,77,05:00,58,14:50,2025-05-06 10:23:45.583902,2025-05-06 10:23:45.583902
81007,59,2014-12-01,19.6,0,17.4,01:26,21.9,13:06,34,3.6,13.6,11:50,71,82,,61,11:20,2025-05-06 10:23:45.738553,2025-05-06 10:23:45.738553
81023,59,2014-12-02,19.6,0,16.6,07:13,22.7,14:14,2,3.9,10.6,11:50,73,88,07:40,55,16:00,2025-05-06 10:23:45.941438,2025-05-06 10:23:45.941438
81041,59,2014-12-03,19.9,0,16.6,23:45,23.2,15:14,1,4.2,10.8,12:30,65,80,08:30,46,15:20,2025-05-06 10:23:46.173917,2025-05-06 10:23:46.173917
81059,59,2014-12-04,18.5,0,14.8,03:54,22.2,14:49,2,3.6,9.2,14:20,60,80,04:10,45,14:20,2025-05-06 10:23:46.409092,2025-05-06 10:23:46.409092
81076,59,2014-12-05,17.3,0,13.5,07:15,21.1,11:41,2,3.9,10,15:50,68,83,08:20,55,11:50,2025-05-06 10:23:46.625836,2025-05-06 10:23:46.625836
81094,59,2014-12-06,17.6,0,13.7,07:26,21.6,13:14,5,4.7,8.9,,69,82,06:20,58,12:10,2025-05-06 10:23:46.843901,2025-05-06 10:23:46.843901
81112,59,2014-12-07,18,0,14.4,06:27,21.5,15:01,6,5.3,11.4,11:40,67,79,,52,14:30,2025-05-06 10:23:47.059773,2025-05-06 10:23:47.059773
81130,59,2014-12-08,20,0,17.6,,22.3,14:23,6,5.8,12.5,12:10,73,79,,62,14:30,2025-05-06 10:23:47.295740,2025-05-06 10:23:47.295740
81148,59,2014-12-09,20.6,0,18.2,,23,15:38,1,4.2,11.4,23:00,72,82,,56,16:30,2025-05-06 10:23:47.517128,2025-05-06 10:23:47.517128
81166,59,2014-12-10,19.9,0,17,07:38,22.8,14:34,4,6.7,13.3,12:00,68,79,23:59,59,14:00,2025-05-06 10:23:47.750063,2025-05-06 10:23:47.750063
81184,59,2014-12-11,20.3,0,17.4,21:50,23.2,14:42,6,3.3,16.4,00:40,60,81,02:20,43,18:40,2025-05-06 10:23:47.977215,2025-05-06 10:23:47.977215
81202,59,2014-12-12,17.8,0,13.8,24:00,21.9,13:23,99,1.9,6.1,,59,80,05:00,47,,2025-05-06 10:23:48.202322,2025-05-06 10:23:48.202322
81220,59,2014-12-13,16.7,0,11.8,07:46,21.6,14:03,2,4.2,10.6,18:30,70,78,,57,10:30,2025-05-06 10:23:48.482014,2025-05-06 10:23:48.482014
81237,59,2014-12-14,17,0,13.8,02:36,20.1,13:29,36,4.7,12.5,17:40,60,74,23:50,48,,2025-05-06 10:23:48.695476,2025-05-06 10:23:48.695476
81255,59,2014-12-15,17.8,0,14.4,06:42,21.2,14:46,33,4.2,12.5,16:10,64,80,07:20,48,14:50,2025-05-06 10:23:48.935747,2025-05-06 10:23:48.935747
81272,59,2014-12-16,18.5,0,14.9,05:15,22.1,13:46,3,6.1,13.6,10:50,68,80,,56,14:00,2025-05-06 10:23:49.140120,2025-05-06 10:23:49.140120
81289,59,2014-12-17,19.6,0,16.9,07:47,22.3,13:21,5,5.3,13.9,13:30,69,80,,60,13:30,2025-05-06 10:23:49.349205,2025-05-06 10:23:49.349205
81306,59,2014-12-18,19,0,16,23:35,21.9,12:13,10,3.3,10,14:30,72,86,23:50,61,12:20,2025-05-06 10:23:49.555703,2025-05-06 10:23:49.555703
81324,59,2014-12-19,18.8,0,14.2,06:31,23.4,15:09,10,3.9,8.3,14:40,68,92,,45,13:40,2025-05-06 10:23:49.785458,2025-05-06 10:23:49.785458
81342,59,2014-12-20,19.4,0,16.9,07:56,21.8,13:35,3,4.2,8.6,21:10,74,82,03:00,63,14:30,2025-05-06 10:23:50.009331,2025-05-06 10:23:50.009331
81360,59,2014-12-21,19.6,0,17.8,23:47,21.3,12:15,6,4.7,11.1,12:40,72,81,,63,14:50,2025-05-06 10:23:50.228011,2025-05-06 10:23:50.228011
81378,59,2014-12-22,19.1,0,17.4,06:16,20.8,21:28,99,4.4,15,23:50,61,81,,42,19:20,2025-05-06 10:23:50.448650,2025-05-06 10:23:50.448650
81396,59,2014-12-23,19.5,0,18.5,,20.5,15:28,4,6.4,19.2,23:00,54,72,01:30,50,20:20,2025-05-06 10:23:50.679567,2025-05-06 10:23:50.679567
81414,59,2014-12-24,20.2,0,18.8,07:34,21.7,15:05,4,6.4,17.2,05:50,54,60,,43,20:30,2025-05-06 10:23:50.904161,2025-05-06 10:23:50.904161
81432,59,2014-12-25,20.6,0,18.5,24:00,22.7,15:27,4,4.4,11.9,13:50,53,62,07:30,40,17:00,2025-05-06 10:23:51.120826,2025-05-06 10:23:51.120826
81450,59,2014-12-26,18.6,0,15.6,08:15,21.5,14:32,6,4.2,11.9,15:30,71,84,,61,00:00,2025-05-06 10:23:51.257453,2025-05-06 10:23:51.257453
81468,59,2014-12-27,17.6,0,13.7,07:30,21.4,14:45,10,3.6,10,11:50,75,85,,64,,2025-05-06 10:23:51.383981,2025-05-06 10:23:51.383981
81486,59,2014-12-28,16.2,0,11.9,07:25,20.6,14:25,99,4.2,7.2,14:50,75,88,,65,14:30,2025-05-06 10:23:51.518908,2025-05-06 10:23:51.518908
81504,59,2014-12-29,18.2,0,14.7,01:01,21.8,15:06,4,4.4,10,16:00,67,77,,57,13:40,2025-05-06 10:23:51.731875,2025-05-06 10:23:51.731875
81522,59,2014-12-30,18.6,0,16.2,00:30,20.9,15:15,8,2.8,8.9,16:00,66,77,,59,14:10,2025-05-06 10:23:51.928786,2025-05-06 10:23:51.928786
81539,59,2014-12-31,18.2,0,17.2,08:39,19.3,20:08,9,6.7,16.9,07:30,57,75,00:00,48,06:30,2025-05-06 10:23:52.137405,2025-05-06 10:23:52.137405
285892,59,2015-01-16,17.6,0,13.2,08:08,22.1,14:21,3,4.7,13.6,16:10,72,88,09:20,58,13:00,2025-05-07 18:46:58.122151,2025-05-07 18:46:58.122151
285908,59,2015-01-17,16.6,0,13.6,23:37,19.7,12:13,2,6.9,14.7,12:40,57,74,23:50,48,12:20,2025-05-07 18:46:58.232055,2025-05-07 18:46:58.232055
285924,59,2015-01-18,16,0.2,12.8,02:47,19.3,11:31,36,3.3,13.6,16:40,68,81,23:40,55,11:40,2025-05-07 18:46:58.339125,2025-05-07 18:46:58.339125
285940,59,2015-01-19,17.4,0,15.2,23:50,19.5,16:19,1,4.7,13.3,13:00,70,84,08:30,49,16:20,2025-05-07 18:46:58.411602,2025-05-07 18:46:58.411602
285956,59,2015-01-20,17.5,0,14.7,03:52,20.3,15:12,4,5.6,13.1,10:30,62,79,22:50,51,11:30,2025-05-07 18:46:58.479337,2025-05-07 18:46:58.479337
285971,59,2015-01-21,17.5,0,14.9,08:15,20.1,12:52,4,6.1,15.3,14:50,57,76,00:00,47,14:40,2025-05-07 18:46:58.542457,2025-05-07 18:46:58.542457
285986,59,2015-01-22,17.6,0,15,03:06,20.2,14:48,5,6.1,13.6,17:00,60,70,23:59,52,14:50,2025-05-07 18:46:58.598605,2025-05-07 18:46:58.598605
286002,59,2015-01-23,18.4,0,15.9,05:15,20.9,13:49,4,6.4,14.2,16:30,66,73,,54,14:50,2025-05-07 18:46:58.670895,2025-05-07 18:46:58.670895
286019,59,2015-01-24,18.2,0,16.2,07:37,20.2,13:31,4,5.3,14.4,10:40,64,73,18:40,55,13:00,2025-05-07 18:46:58.745609,2025-05-07 18:46:58.745609
286036,59,2015-01-25,17.7,0,15.3,04:45,20.1,15:05,5,4.7,11.4,12:20,65,76,,60,15:30,2025-05-07 18:46:58.820066,2025-05-07 18:46:58.820066
286053,59,2015-01-26,19,0,15.4,08:12,22.5,13:37,1,3.9,8.6,09:40,66,83,,52,13:30,2025-05-07 18:46:58.886929,2025-05-07 18:46:58.886929
286070,59,2015-01-27,17.3,0,13.8,06:14,20.8,13:46,4,4.7,10.6,17:20,69,82,,58,14:00,2025-05-07 18:46:58.972978,2025-05-07 18:46:58.972978
286087,59,2015-01-28,17.6,0,14.4,07:55,20.7,13:41,7,4.7,11.7,15:30,63,73,07:50,53,,2025-05-07 18:46:59.065151,2025-05-07 18:46:59.065151
286103,59,2015-01-29,18.2,0,15.5,,20.8,13:36,6,3.6,10.8,12:40,59,70,08:40,48,13:50,2025-05-07 18:46:59.138881,2025-05-07 18:46:59.138881
286119,59,2015-01-30,18.8,0,15.6,01:14,22,13:56,1,5,11.1,15:40,69,79,08:00,59,,2025-05-07 18:46:59.234965,2025-05-07 18:46:59.234965
286135,59,2015-01-31,18.2,0,15.9,05:14,20.4,14:15,1,4.2,12.5,14:00,70,81,,62,17:00,2025-05-07 18:46:59.309058,2025-05-07 18:46:59.309058
286151,59,2015-02-01,18.2,0,16.1,06:30,20.3,14:48,4,5.6,12.2,17:50,70,82,09:20,56,14:10,2025-05-07 18:46:59.384197,2025-05-07 18:46:59.384197
286167,59,2015-02-02,17.2,0,15.6,05:33,18.8,15:20,6,6.1,11.7,16:50,62,68,,54,15:30,2025-05-07 18:46:59.448178,2025-05-07 18:46:59.448178
286184,59,2015-02-03,16.4,0,14.3,07:08,18.6,13:03,3,3.9,9.7,12:10,63,73,08:40,53,18:40,2025-05-07 18:46:59.525859,2025-05-07 18:46:59.525859
286201,59,2015-02-04,18.2,0,15.7,08:51,20.6,15:07,36,3.3,10.6,17:30,59,68,08:50,49,15:50,2025-05-07 18:46:59.612591,2025-05-07 18:46:59.612591
286218,59,2015-02-05,17.7,0,15.9,,19.5,12:16,6,5.3,10.3,15:20,61,68,08:10,52,12:10,2025-05-07 18:46:59.691174,2025-05-07 18:46:59.691174
286234,59,2015-02-06,16.8,0,15.2,06:53,18.4,14:20,6,3.9,9.2,15:30,55,63,19:00,49,14:30,2025-05-07 18:46:59.770876,2025-05-07 18:46:59.770876
286251,59,2015-02-07,16.3,0,14.5,21:43,18.1,13:37,5,2.2,7.5,14:10,59,76,,47,10:50,2025-05-07 18:46:59.850523,2025-05-07 18:46:59.850523
286268,59,2015-02-08,15.6,0,13.4,05:33,17.9,15:07,5,3.3,11.4,13:40,69,76,,62,12:50,2025-05-07 18:46:59.944456,2025-05-07 18:46:59.944456
286285,59,2015-02-09,15.4,0,10.5,06:27,20.4,16:25,4,1.9,3.9,06:40,67,79,08:30,55,17:10,2025-05-07 18:47:00.023064,2025-05-07 18:47:00.023064
286302,59,2015-02-10,14.4,0,9.9,07:44,18.9,16:21,10,4.2,6.4,17:50,73,84,09:10,65,16:30,2025-05-07 18:47:00.090197,2025-05-07 18:47:00.090197
286319,59,2015-02-11,14.8,0,9.5,07:59,20.2,15:08,34,3.3,8.9,18:30,72,82,,60,17:10,2025-05-07 18:47:00.159411,2025-05-07 18:47:00.159411
286336,59,2015-02-12,15.6,0,10.6,07:02,20.6,11:56,8,3.1,7.5,17:30,73,84,,52,11:50,2025-05-07 18:47:00.248002,2025-05-07 18:47:00.248002
286352,59,2015-02-13,15.4,0,11.2,07:22,19.6,12:56,5,4.4,11.1,14:10,66,82,08:00,52,13:00,2025-05-07 18:47:00.319189,2025-05-07 18:47:00.319189
286368,59,2015-02-14,17,0,13.9,05:24,20.2,14:59,6,6.1,13.3,09:50,64,75,,55,,2025-05-07 18:47:00.380755,2025-05-07 18:47:00.380755
286384,59,2015-02-15,17.7,0,14.2,07:54,21.2,14:25,4,5,11.1,11:30,69,79,08:10,57,14:00,2025-05-07 18:47:00.452076,2025-05-07 18:47:00.452076
286400,59,2015-02-16,17.8,0,14.1,06:26,21.5,12:08,3,3.6,10.6,11:00,73,83,08:40,60,12:30,2025-05-07 18:47:00.535559,2025-05-07 18:47:00.535559
286416,59,2015-02-17,17,9,13.4,22:47,20.5,15:04,4,7.8,15.8,14:20,66,85,,57,15:40,2025-05-07 18:47:00.615519,2025-05-07 18:47:00.615519
286432,59,2015-02-18,16.7,0,14,00:01,19.4,14:50,4,6.9,15.8,03:00,59,85,,51,14:50,2025-05-07 18:47:00.686040,2025-05-07 18:47:00.686040
286448,59,2015-02-19,18,0,15.6,,20.3,14:11,36,6.9,16.1,13:20,63,75,,51,14:20,2025-05-07 18:47:00.757071,2025-05-07 18:47:00.757071
286464,59,2015-02-20,17.8,0,15.3,05:59,20.4,13:54,5,5.8,16.4,10:40,60,75,00:50,51,,2025-05-07 18:47:00.831436,2025-05-07 18:47:00.831436
286480,59,2015-02-21,17.8,0,14.9,06:19,20.8,,2,5,13.6,10:30,66,83,23:50,56,14:40,2025-05-07 18:47:00.911159,2025-05-07 18:47:00.911159
286496,59,2015-02-22,18.4,0.2,15.2,06:25,21.6,13:36,4,5,12.2,10:50,65,84,,52,,2025-05-07 18:47:01.006305,2025-05-07 18:47:01.006305
286512,59,2015-02-23,18.9,0,15.7,,22.1,16:22,2,5,13.3,23:59,69,78,,60,16:30,2025-05-07 18:47:01.072490,2025-05-07 18:47:01.072490
286529,59,2015-02-24,17.8,0,15.9,23:58,19.8,13:57,4,8.9,16.7,,69,78,02:40,62,14:20,2025-05-07 18:47:01.137272,2025-05-07 18:47:01.137272
286546,59,2015-02-25,17.2,0.6,14.3,07:12,20.2,14:06,3,9.2,19.7,16:00,68,83,,57,13:10,2025-05-07 18:47:01.230726,2025-05-07 18:47:01.230726
286563,59,2015-02-26,17.9,0,15.1,,20.7,15:06,2,8.3,15.3,09:50,68,79,08:10,58,,2025-05-07 18:47:01.303307,2025-05-07 18:47:01.303307
286579,59,2015-02-27,18.3,0,15.6,02:09,21,14:59,4,6.7,13.9,12:20,68,77,,59,14:30,2025-05-07 18:47:01.385274,2025-05-07 18:47:01.385274
286596,59,2015-02-28,18.8,0,15.1,07:28,22.4,16:38,10,4.4,11.4,14:10,62,76,,53,17:00,2025-05-07 18:47:01.491947,2025-05-07 18:47:01.491947
286613,59,2015-03-01,17.7,0,14.5,06:29,20.9,15:06,4,6.1,13.1,12:10,70,80,,61,14:40,2025-05-07 18:47:01.607300,2025-05-07 18:47:01.607300
286630,59,2015-03-02,17.8,0,15.6,00:01,20.1,11:24,8,5.6,11.9,15:20,72,77,,66,12:50,2025-05-07 18:47:01.705380,2025-05-07 18:47:01.705380
286647,59,2015-03-03,18.2,0,15.6,07:31,20.8,18:14,8,4.4,10.3,13:20,74,82,,59,18:40,2025-05-07 18:47:01.781909,2025-05-07 18:47:01.781909
286664,59,2015-03-04,19.8,0,15.5,06:57,24,14:06,2,4.7,11.1,10:40,64,83,,49,14:00,2025-05-07 18:47:01.879772,2025-05-07 18:47:01.879772
286681,59,2015-03-05,21.6,0,16,02:11,27.1,17:02,34,3.9,10.3,00:40,46,78,01:30,23,17:00,2025-05-07 18:47:01.964683,2025-05-07 18:47:01.964683
286698,59,2015-03-06,19.2,0,15.1,07:12,23.4,16:37,10,4.7,9.7,13:10,62,79,,41,09:30,2025-05-07 18:47:02.043462,2025-05-07 18:47:02.043462
286715,59,2015-03-07,21.6,0,18.2,00:16,25.1,15:20,7,4.7,13.9,12:00,40,72,00:00,30,,2025-05-07 18:47:02.122733,2025-05-07 18:47:02.122733
286732,59,2015-03-08,21,0,17.3,23:52,24.7,15:33,4,5,18.9,02:00,31,72,21:30,20,13:10,2025-05-07 18:47:02.195703,2025-05-07 18:47:02.195703
286749,59,2015-03-09,19.8,0,15.3,06:10,24.3,16:00,99,5.3,10.3,,61,78,,33,14:20,2025-05-07 18:47:02.287661,2025-05-07 18:47:02.287661
286766,59,2015-03-10,20.5,0,15.4,23:57,25.6,13:05,36,5.3,12.2,03:10,59,77,,37,13:10,2025-05-07 18:47:02.380688,2025-05-07 18:47:02.380688
286783,59,2015-03-11,18.6,0,14.1,05:32,23,15:01,12,2.5,8.3,14:00,73,82,,63,14:50,2025-05-07 18:47:02.481475,2025-05-07 18:47:02.481475
286800,59,2015-03-12,19.4,0,13.7,06:05,25,13:33,10,4.7,11.7,16:00,48,77,00:00,29,13:10,2025-05-07 18:47:02.558870,2025-05-07 18:47:02.558870
286816,59,2015-03-13,17.7,0,14.2,07:15,21.2,15:17,5,5.8,13.3,11:10,64,75,,55,12:40,2025-05-07 18:47:02.623527,2025-05-07 18:47:02.623527
286832,59,2015-03-14,18.4,0,16.1,07:36,20.8,13:59,33,5,13.9,15:20,55,71,04:50,44,14:00,2025-05-07 18:47:02.690315,2025-05-07 18:47:02.690315
286848,59,2015-03-15,19.4,0,15.7,23:58,23.2,13:46,6,5.3,10.8,13:20,54,73,23:50,34,13:50,2025-05-07 18:47:02.762458,2025-05-07 18:47:02.762458
286864,59,2015-03-16,17.7,0,12.2,07:38,23.2,16:14,10,4.4,11.7,12:20,66,78,,54,18:00,2025-05-07 18:47:02.832313,2025-05-07 18:47:02.832313
286880,59,2015-03-17,17.2,0,12.4,07:44,22,13:11,4,3.6,11.4,12:10,58,79,08:00,45,17:50,2025-05-07 18:47:02.905916,2025-05-07 18:47:02.905916
286897,59,2015-03-18,17.4,0,14.2,,20.7,14:52,33,3.9,15.8,15:10,55,70,04:30,42,11:10,2025-05-07 18:47:02.994207,2025-05-07 18:47:02.994207
286913,59,2015-03-19,,,,,,,0,4.4,,,60,,,,,2025-05-07 18:47:03.056324,2025-05-07 18:47:03.056324
286930,59,2015-03-20,17.6,0.2,14.7,23:28,20.4,14:47,32,2.8,11.7,10:00,62,76,,47,14:50,2025-05-07 18:47:03.130414,2025-05-07 18:47:03.130414
286947,59,2015-03-21,15.6,,12.2,06:46,19,17:00,26,1.9,11.4,15:00,73,79,,60,17:00,2025-05-07 18:47:03.207467,2025-05-07 18:47:03.207467
286964,59,2015-03-22,,,,,,,0,1.9,,,72,,,,,2025-05-07 18:47:03.297569,2025-05-07 18:47:03.297569
286995,59,2015-03-24,,0,,,,,0,4.7,,,53,,,,,2025-05-07 18:47:03.452139,2025-05-07 18:47:03.452139
287012,59,2015-03-25,17.8,0,15.3,04:10,20.3,15:27,36,6.1,12.2,01:40,54,68,03:40,46,15:10,2025-05-07 18:47:03.542563,2025-05-07 18:47:03.542563
287029,59,2015-03-26,18.4,0,15.5,03:00,21.2,14:27,1,6.1,12.8,14:30,61,71,23:40,53,12:50,2025-05-07 18:47:03.636024,2025-05-07 18:47:03.636024
287046,59,2015-03-27,18.4,0,14.7,06:43,22.2,11:34,99,5.8,12.5,,69,76,06:30,46,11:00,2025-05-07 18:47:03.736439,2025-05-07 18:47:03.736439
287063,59,2015-03-28,19.2,0,15.5,02:21,22.8,17:14,9,3.9,11.7,13:50,70,80,07:30,61,18:00,2025-05-07 18:47:03.831902,2025-05-07 18:47:03.831902
287080,59,2015-03-29,19.9,0,16.9,00:01,22.9,14:27,5,4.7,12.8,15:30,71,81,23:50,62,14:30,2025-05-07 18:47:03.891054,2025-05-07 18:47:03.891054
287097,59,2015-03-30,22.2,0,17.1,02:32,27.2,13:54,2,7.2,15.3,18:20,61,83,,45,14:10,2025-05-07 18:47:03.968614,2025-05-07 18:47:03.968614
287114,59,2015-03-31,21.3,,16.5,06:43,26.1,15:45,10,5,12.2,13:20,70,79,,48,15:50,2025-05-07 18:47:04.043303,2025-05-07 18:47:04.043303
287130,59,2015-04-01,18.7,0,15.2,07:10,22.2,14:53,10,3.6,11.4,12:00,76,82,,70,15:40,2025-05-07 18:47:04.121770,2025-05-07 18:47:04.121770
287146,59,2015-04-02,19.5,0,15.2,06:34,23.8,16:02,10,2.2,7.5,12:40,76,85,08:00,64,16:00,2025-05-07 18:47:04.183493,2025-05-07 18:47:04.183493
287162,59,2015-04-03,,,,,,,0,3.3,,,78,,,,,2025-05-07 18:47:04.255563,2025-05-07 18:47:04.255563
287179,59,2015-04-04,18.8,0,15.6,04:54,21.9,13:37,34,5.3,13.3,14:50,62,78,,50,16:20,2025-05-07 18:47:04.329390,2025-05-07 18:47:04.329390
287196,59,2015-04-05,18.9,0,17,24:00,20.8,12:28,35,5.3,14.2,13:40,63,75,08:40,52,17:10,2025-05-07 18:47:04.409824,2025-05-07 18:47:04.409824
287213,59,2015-04-06,20.3,0,17,00:01,23.6,16:21,36,3.6,10.3,14:00,59,75,,46,14:30,2025-05-07 18:47:04.478533,2025-05-07 18:47:04.478533
287230,59,2015-04-07,19.6,0,17.4,03:26,21.8,14:33,20,4.7,8.9,17:40,68,78,,59,18:10,2025-05-07 18:47:04.552299,2025-05-07 18:47:04.552299
287247,59,2015-04-08,19.6,0,15.3,06:17,24,13:54,27,2.5,11.4,13:20,61,77,,36,14:10,2025-05-07 18:47:04.619028,2025-05-07 18:47:04.619028
287264,59,2015-04-09,18.8,0,14.2,07:02,23.5,14:30,8,4.2,11.1,11:30,73,79,07:30,57,10:20,2025-05-07 18:47:04.705766,2025-05-07 18:47:04.705766
287281,59,2015-04-10,17.6,0,13.8,05:16,21.5,11:05,9,5.6,13.9,12:50,71,80,,59,10:30,2025-05-07 18:47:04.786559,2025-05-07 18:47:04.786559
287298,59,2015-04-11,19.2,0,16,04:43,22.5,15:23,6,5.3,12.8,14:40,64,76,,52,15:10,2025-05-07 18:47:04.859355,2025-05-07 18:47:04.859355
287315,59,2015-04-12,19,0,13.5,06:43,24.6,15:29,10,3.6,8.9,10:50,71,80,07:50,54,15:10,2025-05-07 18:47:04.947654,2025-05-07 18:47:04.947654
287332,59,2015-04-13,17.9,0,14.2,06:57,21.6,,28,4.4,11.4,17:30,61,77,,45,18:00,2025-05-07 18:47:05.029706,2025-05-07 18:47:05.029706
287349,59,2015-04-14,19.2,0,13.3,05:22,25.1,16:00,18,1.9,11.7,17:50,59,74,06:20,43,15:20,2025-05-07 18:47:05.134718,2025-05-07 18:47:05.134718
287366,59,2015-04-15,18.7,0,14.2,06:14,23.2,11:24,99,5,13.9,,70,77,08:00,47,11:30,2025-05-07 18:47:05.222163,2025-05-07 18:47:05.222163
287383,59,2015-04-16,20,0,17,,22.9,17:11,8,5,12.2,12:50,62,73,00:10,54,10:50,2025-05-07 18:47:05.309622,2025-05-07 18:47:05.309622
287400,59,2015-04-17,19.2,0,15.6,05:11,22.9,12:46,10,5,13.1,15:10,64,75,05:20,54,12:20,2025-05-07 18:47:05.398359,2025-05-07 18:47:05.398359
287417,59,2015-04-18,19.6,0,17.3,06:38,22,10:48,9,5.6,14.2,16:10,66,74,,54,10:30,2025-05-07 18:47:05.470258,2025-05-07 18:47:05.470258
287434,59,2015-04-19,19.2,0,15.4,04:54,22.9,15:09,4,5.6,12.2,12:40,58,73,,46,14:50,2025-05-07 18:47:05.542138,2025-05-07 18:47:05.542138
287451,59,2015-04-20,19.4,0,17.2,04:18,21.6,13:09,5,6.1,13.6,13:00,64,70,19:20,54,11:00,2025-05-07 18:47:05.628221,2025-05-07 18:47:05.628221
287467,59,2015-04-21,19,0,15.9,06:45,22.2,11:05,8,4.4,15,15:00,67,74,07:10,58,10:40,2025-05-07 18:47:05.723311,2025-05-07 18:47:05.723311
287483,59,2015-04-22,19.8,0,16.5,00:10,23,16:13,9,5.8,13.3,15:10,62,74,,52,12:10,2025-05-07 18:47:05.812771,2025-05-07 18:47:05.812771
287500,59,2015-04-23,18.2,0,13.5,07:07,22.9,15:54,9,3.9,12.5,12:00,71,79,,59,10:50,2025-05-07 18:47:05.889929,2025-05-07 18:47:05.889929
287517,59,2015-04-24,18.6,0,13.9,06:41,23.2,15:14,11,3.3,11.9,12:00,69,79,07:40,61,15:10,2025-05-07 18:47:05.973659,2025-05-07 18:47:05.973659
287534,59,2015-04-25,20.4,0,15.6,06:36,25.1,15:26,10,3.6,7.8,11:10,74,80,,61,,2025-05-07 18:47:06.073200,2025-05-07 18:47:06.073200
287551,59,2015-04-26,20.6,0,15.2,06:15,26.1,15:04,10,5,11.7,12:10,72,80,06:50,56,10:50,2025-05-07 18:47:06.161706,2025-05-07 18:47:06.161706
287568,59,2015-04-27,20.4,0,17.4,06:54,23.5,,9,5.6,14.2,15:20,66,80,07:10,55,,2025-05-07 18:47:06.246208,2025-05-07 18:47:06.246208
287585,59,2015-04-28,20.7,0,17.1,06:27,24.3,14:01,8,5.3,12.5,16:20,63,73,,53,,2025-05-07 18:47:06.320203,2025-05-07 18:47:06.320203
287602,59,2015-04-29,20.8,0,17,05:49,24.5,15:23,6,5.3,11.9,14:50,62,77,,47,12:50,2025-05-07 18:47:06.414101,2025-05-07 18:47:06.414101
287619,59,2015-04-30,21.2,0,16.9,05:43,25.4,14:26,9,6.1,11.9,12:50,63,79,,46,18:30,2025-05-07 18:47:06.500033,2025-05-07 18:47:06.500033
287636,59,2015-05-01,21.2,0,16.2,06:36,26.2,15:05,10,3.1,10.6,11:00,70,79,,59,14:40,2025-05-07 18:47:06.596965,2025-05-07 18:47:06.596965
287653,59,2015-05-02,21.6,0,16.3,04:39,26.9,15:29,33,3.1,9.2,06:50,70,79,05:40,59,15:40,2025-05-07 18:47:06.696469,2025-05-07 18:47:06.696469
287670,59,2015-05-03,21.5,0,15.8,06:36,27.2,15:51,33,2.8,6.7,02:10,64,78,00:00,51,14:10,2025-05-07 18:47:06.778273,2025-05-07 18:47:06.778273
287687,59,2015-05-04,21.6,0,17.2,02:44,26.1,17:20,31,4.2,9.7,08:10,62,75,,45,04:00,2025-05-07 18:47:06.850241,2025-05-07 18:47:06.850241
287704,59,2015-05-05,22,0,19.2,06:36,24.8,16:07,10,5,12.2,12:00,72,79,,61,16:10,2025-05-07 18:47:06.937617,2025-05-07 18:47:06.937617
287721,59,2015-05-06,21,0,18.3,06:26,23.6,15:18,10,5.8,12.8,12:50,74,79,,67,15:20,2025-05-07 18:47:07.031051,2025-05-07 18:47:07.031051
287738,59,2015-05-07,21.6,0,16.8,06:31,26.5,15:04,3,3.1,8.1,22:10,71,82,06:40,61,15:00,2025-05-07 18:47:07.108040,2025-05-07 18:47:07.108040
287755,59,2015-05-08,22.8,0,18.2,06:36,27.3,15:39,99,4.4,11.4,,62,79,,44,17:00,2025-05-07 18:47:07.206476,2025-05-07 18:47:07.206476
287772,59,2015-05-09,22.5,0,18.3,05:40,26.7,15:23,1,6.7,11.1,08:30,66,78,,49,12:30,2025-05-07 18:47:07.289631,2025-05-07 18:47:07.289631
287789,59,2015-05-10,23.2,0,18.3,,28.2,14:18,10,4.4,11.1,12:30,69,79,,49,14:10,2025-05-07 18:47:07.367033,2025-05-07 18:47:07.367033
287806,59,2015-05-11,24.6,0,18.9,02:07,30.4,13:35,9,3.9,12.5,10:00,60,78,01:30,36,13:30,2025-05-07 18:47:07.453584,2025-05-07 18:47:07.453584
287823,59,2015-05-12,27.2,0,21,01:42,33.5,11:46,5,3.6,13.3,06:00,50,78,,22,10:40,2025-05-07 18:47:07.535897,2025-05-07 18:47:07.535897
287840,59,2015-05-13,31.7,0,23.1,00:01,40.3,16:03,5,5.3,19.7,09:40,23,73,00:00,10,17:00,2025-05-07 18:47:07.618630,2025-05-07 18:47:07.618630
287857,59,2015-05-14,30.6,0,24.1,21:52,37.1,15:06,36,6.4,16.1,19:40,32,60,21:30,17,05:00,2025-05-07 18:47:07.682353,2025-05-07 18:47:07.682353
287874,59,2015-05-15,,0,,,,,1,8.3,16.4,19:10,43,,,,,2025-05-07 18:47:07.797044,2025-05-07 18:47:07.797044
287891,59,2015-05-16,24.2,0,20.2,06:00,28.3,15:10,3,6.1,13.3,12:50,57,71,,40,11:40,2025-05-07 18:47:07.903752,2025-05-07 18:47:07.903752
287908,59,2015-05-17,22.8,0,18.9,04:47,26.7,14:19,10,5.6,12.5,12:10,70,76,,49,09:20,2025-05-07 18:47:08.023013,2025-05-07 18:47:08.023013
287925,59,2015-05-18,23.1,0,18.1,05:56,28.1,15:04,32,3.9,10.8,18:30,62,76,,51,15:10,2025-05-07 18:47:08.132029,2025-05-07 18:47:08.132029
287942,59,2015-05-19,22,0,18.6,,25.3,13:57,1,6.4,13.6,09:00,61,74,,51,12:10,2025-05-07 18:47:08.237284,2025-05-07 18:47:08.237284
287959,59,2015-05-20,21.4,0,18,,24.8,14:08,35,6.4,14.4,16:00,55,68,23:20,43,13:50,2025-05-07 18:47:08.362640,2025-05-07 18:47:08.362640
287976,59,2015-05-21,21.3,0,17.7,,24.9,14:50,35,6.7,15,19:50,59,73,05:20,45,14:30,2025-05-07 18:47:08.471201,2025-05-07 18:47:08.471201
287993,59,2015-05-22,21.4,0,18.2,,24.7,13:32,32,6.1,13.9,13:30,59,72,06:50,48,12:10,2025-05-07 18:47:08.573305,2025-05-07 18:47:08.573305
288010,59,2015-05-23,21.5,0,17.8,05:43,25.2,14:32,32,4.4,11.1,09:30,57,71,05:50,46,13:00,2025-05-07 18:47:08.694343,2025-05-07 18:47:08.694343
288027,59,2015-05-24,20.8,0,18.1,04:57,23.6,15:49,32,5,14.2,13:50,55,70,05:30,46,14:20,2025-05-07 18:47:08.811557,2025-05-07 18:47:08.811557
288044,59,2015-05-25,21.3,0,17.7,06:42,24.9,14:39,33,3.3,9.7,17:40,61,75,06:40,44,11:10,2025-05-07 18:47:08.895201,2025-05-07 18:47:08.895201
288061,59,2015-05-26,21.8,0,16.9,04:02,26.6,15:33,32,3.1,11.7,19:10,68,78,06:50,54,18:30,2025-05-07 18:47:08.986602,2025-05-07 18:47:08.986602
288078,59,2015-05-27,21,0,17.5,05:13,24.5,14:10,32,1.9,9.2,18:40,68,75,,56,10:40,2025-05-07 18:47:09.101690,2025-05-07 18:47:09.101690
288095,59,2015-05-28,21.1,0,18,05:41,24.2,12:43,34,4.4,12.2,15:20,62,76,,52,10:00,2025-05-07 18:47:09.224087,2025-05-07 18:47:09.224087
288112,59,2015-05-29,22.3,0,17.8,06:46,26.8,15:04,10,3.9,10.8,11:30,68,76,07:10,55,15:10,2025-05-07 18:47:09.372068,2025-05-07 18:47:09.372068
288129,59,2015-05-30,23,0,19.4,00:01,26.5,14:54,10,5.3,12.8,13:00,68,74,,59,,2025-05-07 18:47:09.490373,2025-05-07 18:47:09.490373
288146,59,2015-05-31,22.2,,17.9,06:14,26.5,16:25,9,4.7,13.9,14:40,65,78,06:40,51,16:50,2025-05-07 18:47:09.574197,2025-05-07 18:47:09.574197
288163,59,2015-06-01,,0,,,,,0,6.1,,,60,,,,,2025-05-07 18:47:09.648637,2025-05-07 18:47:09.648637
288180,59,2015-06-02,23.2,0,19.6,,26.8,12:59,1,5.6,13.1,07:50,60,74,23:40,49,12:40,2025-05-07 18:47:09.734081,2025-05-07 18:47:09.734081
288197,59,2015-06-03,23,0,18.8,04:29,27.3,12:16,10,3.1,11.4,14:30,65,77,,52,12:20,2025-05-07 18:47:09.833548,2025-05-07 18:47:09.833548
288214,59,2015-06-04,23,0,18.9,06:20,27,15:59,10,5.3,14.2,11:50,70,77,,56,16:10,2025-05-07 18:47:09.933473,2025-05-07 18:47:09.933473
288231,59,2015-06-05,23,0,20,05:16,26,14:53,34,4.2,10,18:20,70,77,,59,14:30,2025-05-07 18:47:10.021025,2025-05-07 18:47:10.021025
288248,59,2015-06-06,23.4,0,19.6,05:04,27.1,13:28,24,3.1,12.8,14:20,63,78,,46,13:00,2025-05-07 18:47:10.100677,2025-05-07 18:47:10.100677
288265,59,2015-06-07,22.6,0,20,23:47,25.2,13:01,34,5.3,14.2,19:00,68,78,,59,14:50,2025-05-07 18:47:10.172678,2025-05-07 18:47:10.172678
288282,59,2015-06-08,23.3,0,19.2,05:53,27.4,14:54,32,3.1,8.1,00:10,71,78,,61,15:00,2025-05-07 18:47:10.246624,2025-05-07 18:47:10.246624
288299,59,2015-06-09,21.8,0,18.1,05:50,25.6,14:39,10,4.7,11.9,11:30,71,77,,60,14:40,2025-05-07 18:47:10.311932,2025-05-07 18:47:10.311932
288316,59,2015-06-10,22.9,0,18.2,02:46,27.6,16:05,32,3.6,9.2,20:30,62,75,03:00,52,15:50,2025-05-07 18:47:10.389709,2025-05-07 18:47:10.389709
288333,59,2015-06-11,22.3,0,17.4,04:49,27.2,14:57,5,2.5,7.8,11:10,62,73,05:50,51,,2025-05-07 18:47:10.506369,2025-05-07 18:47:10.506369
288350,59,2015-06-12,22.6,0,17.9,04:49,27.2,15:32,8,2.2,9.7,10:10,65,76,,53,14:20,2025-05-07 18:47:10.614850,2025-05-07 18:47:10.614850
288367,59,2015-06-13,22.2,0,16.7,06:34,27.7,14:16,9,2.5,5.3,19:10,65,76,21:40,54,13:20,2025-05-07 18:47:10.723748,2025-05-07 18:47:10.723748
288384,59,2015-06-14,21.8,0,18.5,05:28,25.2,14:04,34,3.6,11.4,17:30,64,77,,47,18:10,2025-05-07 18:47:10.799030,2025-05-07 18:47:10.799030
288401,59,2015-06-15,21,0,17.4,05:57,24.5,12:12,8,5.6,15.8,13:30,65,76,,55,,2025-05-07 18:47:10.885775,2025-05-07 18:47:10.885775
288418,59,2015-06-16,22,0,18.3,05:48,25.6,12:47,9,4.7,13.6,14:10,66,76,06:20,52,11:00,2025-05-07 18:47:10.960177,2025-05-07 18:47:10.960177
288435,59,2015-06-17,22.4,0,18.9,06:29,26,11:21,10,5.6,13.9,12:00,68,73,23:30,50,11:20,2025-05-07 18:47:11.038930,2025-05-07 18:47:11.038930
288452,59,2015-06-18,23.2,0,18.6,06:36,27.7,13:25,4,2.2,8.9,09:30,67,78,,54,11:20,2025-05-07 18:47:11.137117,2025-05-07 18:47:11.137117
288469,59,2015-06-19,23.4,0,19.2,06:25,27.7,15:18,11,3.1,9.7,11:40,67,76,,46,11:10,2025-05-07 18:47:11.208339,2025-05-07 18:47:11.208339
288486,59,2015-06-20,23.4,0,18.8,05:07,28.1,15:23,11,3.1,9.7,18:20,69,79,21:40,57,10:10,2025-05-07 18:47:11.308221,2025-05-07 18:47:11.308221
288503,59,2015-06-21,23.2,0,19,,27.5,13:57,9,3.3,8.3,15:40,70,78,,61,13:50,2025-05-07 18:47:11.419060,2025-05-07 18:47:11.419060
288520,59,2015-06-22,23.9,0,19.6,06:05,28.2,15:05,32,2.8,9.4,20:00,69,77,,56,15:10,2025-05-07 18:47:11.533151,2025-05-07 18:47:11.533151
288537,59,2015-06-23,23.7,0,19.4,06:14,28,14:41,99,4.7,11.1,,55,76,,41,15:20,2025-05-07 18:47:11.612048,2025-05-07 18:47:11.612048
288554,59,2015-06-24,23.8,0,19.4,05:09,28.2,14:13,99,5,10.8,,57,76,05:40,44,17:40,2025-05-07 18:47:11.693626,2025-05-07 18:47:11.693626
288570,59,2015-06-25,23.7,0,19,06:17,28.4,15:00,32,3.9,10.6,12:40,59,76,06:30,46,15:00,2025-05-07 18:47:11.761896,2025-05-07 18:47:11.761896
288586,59,2015-06-26,24.2,0,20.5,02:17,27.9,15:28,2,5,11.4,08:50,55,71,00:20,44,15:00,2025-05-07 18:47:11.871229,2025-05-07 18:47:11.871229
288602,59,2015-06-27,24.8,0,21.1,02:33,28.4,14:20,3,3.6,8.1,09:40,66,73,06:10,56,11:10,2025-05-07 18:47:11.942057,2025-05-07 18:47:11.942057
288618,59,2015-06-28,24,0,19.9,05:13,28,14:44,11,4.2,12.8,11:40,71,77,,61,14:40,2025-05-07 18:47:12.016835,2025-05-07 18:47:12.016835
288635,59,2015-06-29,24.3,0,20.1,05:49,28.5,14:56,10,3.3,11.9,11:50,74,79,,61,,2025-05-07 18:47:12.096834,2025-05-07 18:47:12.096834
288652,59,2015-06-30,24,0,20.5,05:59,27.4,16:53,8,5,13.6,13:20,73,80,,63,17:20,2025-05-07 18:47:12.175145,2025-05-07 18:47:12.175145
288669,59,2015-07-01,23.7,0,19.7,06:12,27.7,16:25,6,6.1,15,14:00,71,79,,57,16:30,2025-05-07 18:47:12.247424,2025-05-07 18:47:12.247424
288686,59,2015-07-02,24.2,0,20.5,04:26,28,15:04,5,5.8,12.5,11:10,65,76,,56,15:50,2025-05-07 18:47:12.343541,2025-05-07 18:47:12.343541
288703,59,2015-07-03,,,,,,,0,4.7,,,65,,,,,2025-05-07 18:47:12.422600,2025-05-07 18:47:12.422600
288719,59,2015-07-04,24.9,0,19.8,05:49,30,15:55,10,5.6,12.8,13:10,64,77,,47,,2025-05-07 18:47:12.492412,2025-05-07 18:47:12.492412
288736,59,2015-07-05,24.6,0,20,05:29,29.2,14:57,4,6.4,13.3,14:10,62,78,23:50,49,14:00,2025-05-07 18:47:12.572780,2025-05-07 18:47:12.572780
288753,59,2015-07-06,27.3,0,22.5,,32.1,11:57,36,3.9,14.2,23:50,64,79,,48,18:00,2025-05-07 18:47:12.655009,2025-05-07 18:47:12.655009
288770,59,2015-07-07,30.5,0,24.6,00:01,36.4,13:52,1,5,13.9,13:30,43,74,00:00,27,03:50,2025-05-07 18:47:12.741509,2025-05-07 18:47:12.741509
288787,59,2015-07-08,27.2,0,23.9,06:22,30.6,13:46,2,3.3,10.8,00:10,67,78,,43,02:50,2025-05-07 18:47:12.815373,2025-05-07 18:47:12.815373
288804,59,2015-07-09,29.3,0,23.4,00:15,35.2,15:10,4,6.1,13.6,14:30,32,78,00:00,20,15:20,2025-05-07 18:47:12.882505,2025-05-07 18:47:12.882505
288821,59,2015-07-10,28.2,0,22.9,23:53,33.5,13:12,4,5.8,13.1,14:30,33,73,23:59,20,06:30,2025-05-07 18:47:12.951616,2025-05-07 18:47:12.951616
288838,59,2015-07-11,25.4,0,20.8,06:22,29.9,15:46,36,5.6,11.9,19:20,60,77,06:40,50,17:30,2025-05-07 18:47:13.026591,2025-05-07 18:47:13.026591
288855,59,2015-07-12,27.3,0,23.1,05:59,31.5,16:39,4,7.2,16.7,10:20,55,71,22:00,39,15:30,2025-05-07 18:47:13.102220,2025-05-07 18:47:13.102220
288872,59,2015-07-13,28.2,0,22.8,05:36,33.6,15:50,2,3.9,11.1,23:20,62,75,07:00,45,,2025-05-07 18:47:13.189847,2025-05-07 18:47:13.189847
288889,59,2015-07-14,28.4,0,23.6,05:04,33.3,14:07,36,4.2,9.7,06:20,64,77,20:50,48,13:40,2025-05-07 18:47:13.255990,2025-05-07 18:47:13.255990
81797,59,2015-07-15,28.6,0,23.9,22:52,33.4,15:58,10,4.4,12.5,13:50,53,71,00:00,41,12:50,2025-05-06 10:25:59.341163,2025-05-06 10:25:59.341163
81816,59,2015-07-16,26.6,0,22,05:21,31.1,11:47,5,2.8,9.2,09:30,67,77,,48,11:30,2025-05-06 10:25:59.577616,2025-05-06 10:25:59.577616
81834,59,2015-07-17,,,,,,,0,3.3,,,67,,,,,2025-05-06 10:25:59.802590,2025-05-06 10:25:59.802590
81851,59,2015-07-18,,0,,,,,0,,,,,,,,,2025-05-06 10:26:00.055215,2025-05-06 10:26:00.055215
81870,59,2015-07-19,26.2,0,22.2,02:19,30.1,14:21,35,6.7,14.7,12:20,60,73,,51,12:10,2025-05-06 10:26:00.294134,2025-05-06 10:26:00.294134
81889,59,2015-07-20,27.3,0,23.2,,31.4,13:47,33,4.4,12.2,07:40,62,76,07:10,52,,2025-05-06 10:26:00.534473,2025-05-06 10:26:00.534473
81908,59,2015-07-21,26.9,0,23.6,06:21,30.2,12:50,32,2.2,10.8,04:20,68,76,,60,10:50,2025-05-06 10:26:00.772368,2025-05-06 10:26:00.772368
81926,59,2015-07-22,27.1,0,23.7,02:22,30.5,15:08,14,3.1,9.7,09:30,69,76,,61,08:40,2025-05-06 10:26:01.005244,2025-05-06 10:26:01.005244
81944,59,2015-07-23,30.4,0,25,06:43,35.9,15:26,4,5.3,12.8,17:00,54,71,00:00,32,17:40,2025-05-06 10:26:01.244447,2025-05-06 10:26:01.244447
81962,59,2015-07-24,28.6,0,23.5,23:49,33.7,13:13,99,7.5,16.7,13:50,46,73,23:50,30,11:40,2025-05-06 10:26:01.461254,2025-05-06 10:26:01.461254
81979,59,2015-07-25,26.6,0,22.5,02:08,30.8,13:17,5,5.8,11.7,,65,77,06:40,54,13:20,2025-05-06 10:26:01.665482,2025-05-06 10:26:01.665482
81996,59,2015-07-26,25.8,0,21.7,05:42,30,15:37,9,6.9,12.2,13:00,69,73,,52,11:10,2025-05-06 10:26:01.795792,2025-05-06 10:26:01.795792
82013,59,2015-07-27,25.6,0,20.8,06:16,30.3,14:15,10,5.6,14.4,13:10,67,77,,55,14:20,2025-05-06 10:26:01.970874,2025-05-06 10:26:01.970874
82030,59,2015-07-28,26.4,0,21.5,06:30,31.2,13:20,10,5,14.7,14:30,65,78,06:30,52,13:20,2025-05-06 10:26:02.199161,2025-05-06 10:26:02.199161
82047,59,2015-07-29,26.2,0,21.9,,30.4,13:50,4,4.7,12.2,11:10,65,77,,55,13:40,2025-05-06 10:26:02.414981,2025-05-06 10:26:02.414981
82064,59,2015-07-30,26.6,0,22,05:47,31.1,15:06,1,6.1,13.3,08:10,60,76,,46,15:10,2025-05-06 10:26:02.635518,2025-05-06 10:26:02.635518
82081,59,2015-07-31,26.1,0,22,05:28,30.2,15:04,2,4.4,10.8,14:20,60,78,06:30,48,15:10,2025-05-06 10:26:02.848169,2025-05-06 10:26:02.848169
82099,59,2015-08-01,24.8,0,22,05:49,27.7,10:43,10,4.2,11.7,13:40,70,78,,54,10:30,2025-05-06 10:26:03.083375,2025-05-06 10:26:03.083375
82117,59,2015-08-02,24,0,18.9,,29.2,16:22,12,3.3,11.1,12:40,66,77,07:10,42,11:10,2025-05-06 10:26:03.321355,2025-05-06 10:26:03.321355
82135,59,2015-08-03,24.2,0,20.4,06:37,28,10:48,7,5.3,15,14:20,65,78,07:30,51,10:50,2025-05-06 10:26:03.551156,2025-05-06 10:26:03.551156
82153,59,2015-08-04,25.8,0,22.1,06:53,29.6,15:43,9,5,11.4,12:30,64,71,,52,11:50,2025-05-06 10:26:03.789292,2025-05-06 10:26:03.789292
82171,59,2015-08-05,27.3,0,22.8,05:32,31.8,16:00,4,5.6,12.2,11:00,61,76,05:30,49,14:00,2025-05-06 10:26:04.022894,2025-05-06 10:26:04.022894
82189,59,2015-08-06,27.5,0,23.8,01:24,31.2,16:38,10,4.2,10.8,15:30,61,75,23:40,47,12:50,2025-05-06 10:26:04.265517,2025-05-06 10:26:04.265517
82207,59,2015-08-07,27,0,24.2,01:30,29.8,18:01,99,5,11.4,,66,77,,56,,2025-05-06 10:26:04.489482,2025-05-06 10:26:04.489482
82225,59,2015-08-08,26.6,0,23.6,23:51,29.6,13:18,99,6.4,13.6,11:50,66,77,,56,14:40,2025-05-06 10:26:04.725627,2025-05-06 10:26:04.725627
82243,59,2015-08-09,26.8,0,23,03:21,30.5,12:33,2,4.2,12.2,00:50,72,81,07:00,56,18:50,2025-05-06 10:26:04.948602,2025-05-06 10:26:04.948602
82261,59,2015-08-10,31.3,0,26.1,07:00,36.5,14:29,4,5.3,14.7,04:40,54,71,07:20,40,14:10,2025-05-06 10:26:05.135682,2025-05-06 10:26:05.135682
82279,59,2015-08-11,31.1,0,27.1,05:45,35.1,16:06,4,5.6,11.4,13:10,40,56,00:10,32,15:20,2025-05-06 10:26:05.333345,2025-05-06 10:26:05.333345
82297,59,2015-08-12,31,0,26.4,20:40,35.5,13:38,2,7.2,16.7,22:20,42,70,20:30,35,13:10,2025-05-06 10:26:05.522479,2025-05-06 10:26:05.522479
82315,59,2015-08-13,28.6,0,25.6,23:44,31.6,,3,6.4,16.4,09:30,53,72,22:40,46,16:00,2025-05-06 10:26:05.710651,2025-05-06 10:26:05.710651
82333,59,2015-08-14,26.6,0,23.2,23:47,29.9,11:24,3,6.4,12.8,18:00,55,75,,45,11:10,2025-05-06 10:26:05.906208,2025-05-06 10:26:05.906208
82351,59,2015-08-15,25.3,0,22.3,05:32,28.3,15:11,5,6.9,14.7,11:10,64,76,,55,,2025-05-06 10:26:06.094516,2025-05-06 10:26:06.094516
82369,59,2015-08-16,25.6,0,22.1,,29.2,16:25,8,5.3,15.3,12:00,63,72,,52,16:40,2025-05-06 10:26:06.286031,2025-05-06 10:26:06.286031
82387,59,2015-08-17,24.7,0,22,05:30,27.4,12:01,10,3.3,12.5,15:10,74,77,06:50,58,11:50,2025-05-06 10:26:06.506029,2025-05-06 10:26:06.506029
82405,59,2015-08-18,25.2,0,22.3,,28,16:16,9,4.7,12.8,15:00,72,76,,57,16:10,2025-05-06 10:26:06.682561,2025-05-06 10:26:06.682561
82422,59,2015-08-19,25,0,22.2,06:52,27.9,14:58,6,5.6,13.9,13:00,71,76,23:30,56,11:20,2025-05-06 10:26:06.864409,2025-05-06 10:26:06.864409
82437,59,2015-08-20,26,0,22.4,03:58,29.6,13:01,10,5.6,14.7,13:50,66,77,,51,,2025-05-06 10:26:07.028751,2025-05-06 10:26:07.028751
82455,59,2015-08-21,25.6,0,22,05:46,29.1,14:40,10,4.2,15.8,15:00,72,77,,55,14:30,2025-05-06 10:26:07.222493,2025-05-06 10:26:07.222493
82473,59,2015-08-22,24.8,0,21.7,,28,13:29,8,6.1,13.3,14:30,68,78,,57,16:20,2025-05-06 10:26:07.414409,2025-05-06 10:26:07.414409
82491,59,2015-08-23,25.4,0,22.4,06:38,28.5,14:10,5,6.1,12.5,15:10,64,74,23:59,56,,2025-05-06 10:26:07.617714,2025-05-06 10:26:07.617714
82509,59,2015-08-24,25.2,0,22.2,07:13,28.2,15:05,4,5.6,12.2,10:40,66,76,02:20,57,12:10,2025-05-06 10:26:07.793651,2025-05-06 10:26:07.793651
82527,59,2015-08-25,24.8,0,21.2,06:23,28.3,11:49,9,5,12.8,13:20,71,78,06:30,59,11:30,2025-05-06 10:26:07.964033,2025-05-06 10:26:07.964033
82545,59,2015-08-26,25.2,0,22.4,02:57,28.1,11:51,10,5.3,13.3,14:00,64,75,00:40,56,10:50,2025-05-06 10:26:08.129198,2025-05-06 10:26:08.129198
82563,59,2015-08-27,25.6,0,22.2,07:11,29,12:16,32,5.3,12.5,16:50,65,77,06:00,52,11:20,2025-05-06 10:26:08.306457,2025-05-06 10:26:08.306457
82582,59,2015-08-28,25.6,0,21.7,06:16,29.6,14:52,10,5.3,11.9,12:20,66,77,06:40,52,17:30,2025-05-06 10:26:08.503466,2025-05-06 10:26:08.503466
82600,59,2015-08-29,26.2,0,22.3,05:57,30.2,14:25,32,3.3,10.3,17:20,66,77,,58,11:10,2025-05-06 10:26:08.687686,2025-05-06 10:26:08.687686
82618,59,2015-08-30,24.9,0,20.6,06:48,29.2,16:11,9,3.3,12.5,11:30,70,79,,55,11:10,2025-05-06 10:26:08.876559,2025-05-06 10:26:08.876559
82636,59,2015-08-31,25.1,0,21.1,04:50,29.1,12:31,9,4.4,14.2,13:30,73,81,,59,12:30,2025-05-06 10:26:09.104129,2025-05-06 10:26:09.104129
82654,59,2015-09-01,26.4,0,23.1,07:11,29.6,13:22,10,5,12.5,14:40,68,78,,58,13:20,2025-05-06 10:26:09.297998,2025-05-06 10:26:09.297998
82672,59,2015-09-02,24.8,0,21.6,06:14,28.1,11:44,9,5.6,14.2,13:50,68,77,,54,11:20,2025-05-06 10:26:09.506187,2025-05-06 10:26:09.506187
82690,59,2015-09-03,25,0,22.1,04:28,27.9,13:12,2,6.1,14.7,09:40,62,74,,55,12:50,2025-05-06 10:26:09.704917,2025-05-06 10:26:09.704917
82708,59,2015-09-04,24.1,0,20.7,06:19,27.5,11:49,8,4.7,12.5,13:00,66,75,,54,11:20,2025-05-06 10:26:09.903298,2025-05-06 10:26:09.903298
82726,59,2015-09-05,25.2,0,21.3,06:58,29.2,14:49,9,4.4,11.4,12:10,70,78,07:30,54,11:40,2025-05-06 10:26:10.092762,2025-05-06 10:26:10.092762
82744,59,2015-09-06,25.2,0,21.3,06:49,29.1,15:27,99,4.7,12.5,,73,80,07:10,64,,2025-05-06 10:26:10.281770,2025-05-06 10:26:10.281770
82762,59,2015-09-07,25.5,0,22.7,04:04,28.3,17:17,7,5,15.8,11:50,72,81,,63,17:40,2025-05-06 10:26:10.471820,2025-05-06 10:26:10.471820
82780,59,2015-09-08,24.8,0,23,04:27,26.5,15:34,8,3.6,11.4,16:00,74,78,,67,16:00,2025-05-06 10:26:10.661069,2025-05-06 10:26:10.661069
82798,59,2015-09-09,24.4,0,20.6,06:57,28.3,15:59,10,3.9,12.8,13:20,69,81,,53,11:30,2025-05-06 10:26:10.853661,2025-05-06 10:26:10.853661
82816,59,2015-09-10,24.8,0,21.1,02:32,28.5,16:48,8,4.2,12.5,12:10,65,74,,54,10:30,2025-05-06 10:26:11.049161,2025-05-06 10:26:11.049161
82835,59,2015-09-11,25.4,0,21.2,06:11,29.5,15:05,4,5,11.9,08:30,72,78,07:40,58,10:50,2025-05-06 10:26:11.239059,2025-05-06 10:26:11.239059
82854,59,2015-09-12,25.5,0,22,06:56,29,14:35,9,4.2,8.9,12:00,75,80,,63,15:00,2025-05-06 10:26:11.441978,2025-05-06 10:26:11.441978
82873,59,2015-09-13,24.4,0,21.2,07:23,27.6,11:46,8,2.8,10,15:50,71,80,,66,,2025-05-06 10:26:11.644826,2025-05-06 10:26:11.644826
82892,59,2015-09-14,25.2,0,21,06:05,29.4,16:17,7,4.7,12.5,13:20,76,82,,64,16:20,2025-05-06 10:26:11.841841,2025-05-06 10:26:11.841841
82911,59,2015-09-15,24.4,0,21.1,07:18,27.8,15:04,7,3.3,11.1,11:00,77,83,07:30,68,15:30,2025-05-06 10:26:12.046589,2025-05-06 10:26:12.046589
82930,59,2015-09-16,24,0,19.9,05:18,28.2,17:31,34,2.5,9.2,19:00,72,79,07:50,59,18:30,2025-05-06 10:26:12.252842,2025-05-06 10:26:12.252842
82949,59,2015-09-17,27,0,23.7,00:27,30.3,15:22,35,3.1,8.9,18:30,69,76,00:50,56,10:20,2025-05-06 10:26:12.399059,2025-05-06 10:26:12.399059
82968,59,2015-09-18,24.6,0,22.8,23:51,26.4,12:03,9,4.4,10.6,13:20,73,82,04:50,67,11:50,2025-05-06 10:26:12.520744,2025-05-06 10:26:12.520744
82987,59,2015-09-19,23,0,20.1,,26,13:53,99,3.9,12.2,,72,77,07:30,64,12:00,2025-05-06 10:26:12.651223,2025-05-06 10:26:12.651223
83005,59,2015-09-20,24.8,0,21.2,04:55,28.5,16:59,99,4.4,12.2,12:50,66,78,,51,16:50,2025-05-06 10:26:12.798027,2025-05-06 10:26:12.798027
83023,59,2015-09-21,27.1,0,23.8,00:02,30.4,13:58,4,2.8,15.6,03:50,69,77,07:50,50,13:50,2025-05-06 10:26:12.976486,2025-05-06 10:26:12.976486
83041,59,2015-09-22,29,0,25,07:33,32.9,11:09,9,1.9,11.4,02:30,66,75,05:30,38,10:50,2025-05-06 10:26:13.150348,2025-05-06 10:26:13.150348
83059,59,2015-09-23,26.1,0,21.7,06:57,30.5,15:19,2,2.2,4.7,,64,76,,49,09:30,2025-05-06 10:26:13.330350,2025-05-06 10:26:13.330350
83078,59,2015-09-24,25.6,2.2,23.9,06:53,27.3,17:15,10,2.5,7.5,11:30,77,81,21:40,73,23:50,2025-05-06 10:26:13.516469,2025-05-06 10:26:13.516469
83097,59,2015-09-25,25,0,22.8,06:26,27.1,14:05,5,3.6,15.6,01:00,77,82,08:10,73,00:00,2025-05-06 10:26:13.705358,2025-05-06 10:26:13.705358
83116,59,2015-09-26,24.8,0,22.1,,27.4,12:16,10,5.3,10.8,15:30,72,81,,61,12:10,2025-05-06 10:26:13.904629,2025-05-06 10:26:13.904629
83134,59,2015-09-27,24.4,0,22.2,23:59,26.7,11:14,99,5,11.4,,70,76,,61,10:30,2025-05-06 10:26:14.159926,2025-05-06 10:26:14.159926
83153,59,2015-09-28,23.6,0,20.6,06:56,26.5,13:55,10,3.3,12.2,12:00,75,79,,70,,2025-05-06 10:26:14.358413,2025-05-06 10:26:14.358413
83171,59,2015-09-29,23.1,0,18.1,05:28,28.1,16:01,36,3.9,10,17:20,68,85,,46,16:20,2025-05-06 10:26:14.540100,2025-05-06 10:26:14.540100
83189,59,2015-09-30,22.4,0,17.8,06:45,26.9,14:19,6,4.7,9.7,10:50,74,81,07:00,56,22:40,2025-05-06 10:26:14.716714,2025-05-06 10:26:14.716714
83207,59,2015-10-01,24.2,0,22.4,,26.1,12:42,10,5,12.2,,75,79,07:30,64,20:10,2025-05-06 10:26:14.907084,2025-05-06 10:26:14.907084
83225,59,2015-10-02,25.5,0,22.5,06:37,28.5,16:23,10,3.1,8.9,10:40,75,80,07:30,68,16:20,2025-05-06 10:26:15.084454,2025-05-06 10:26:15.084454
83243,59,2015-10-03,25.8,0,22.5,03:47,29.2,16:26,9,2.5,8.1,09:20,67,78,08:20,42,16:20,2025-05-06 10:26:15.276491,2025-05-06 10:26:15.276491
83261,59,2015-10-04,27.6,0,24,06:50,31.1,11:07,10,4.2,13.9,15:10,53,63,19:10,38,16:40,2025-05-06 10:26:15.455068,2025-05-06 10:26:15.455068
83289,59,2015-10-06,,0,,,,,0,,,,,,,,,2025-05-06 10:26:15.739263,2025-05-06 10:26:15.739263
83307,59,2015-10-07,24.8,,22.6,,27,11:58,7,,13.1,16:00,,78,,66,,2025-05-06 10:26:15.914384,2025-05-06 10:26:15.914384
83323,59,2015-10-08,,0,,,,,0,3.9,,,64,,,,,2025-05-06 10:26:16.050632,2025-05-06 10:26:16.050632
83339,59,2015-10-09,24,0,19.3,06:45,28.7,13:18,34,2.8,7.5,20:00,67,78,,58,13:00,2025-05-06 10:26:16.164405,2025-05-06 10:26:16.164405
83357,59,2015-10-10,26.4,0,23,02:59,29.7,15:58,23,3.1,9.7,14:30,71,78,11:40,56,,2025-05-06 10:26:16.279832,2025-05-06 10:26:16.279832
83375,59,2015-10-11,24.7,1,22.8,23:53,26.6,14:23,36,2.2,11.1,16:00,74,84,07:40,65,18:20,2025-05-06 10:26:16.396353,2025-05-06 10:26:16.396353
83393,59,2015-10-12,24.2,0,21,07:10,27.5,13:48,6,3.9,11.7,14:40,72,78,,63,13:30,2025-05-06 10:26:16.499834,2025-05-06 10:26:16.499834
83411,59,2015-10-13,23.5,0,20.3,23:51,26.7,11:04,6,3.6,10,16:10,73,78,,64,14:40,2025-05-06 10:26:16.612355,2025-05-06 10:26:16.612355
83429,59,2015-10-14,23.2,0,17.8,05:40,28.6,14:28,9,3.9,8.6,12:20,64,78,,50,15:10,2025-05-06 10:26:16.737229,2025-05-06 10:26:16.737229
83447,59,2015-10-15,22.8,0,17.6,06:38,28,16:20,17,2.8,5.8,12:40,65,76,,50,16:20,2025-05-06 10:26:16.870227,2025-05-06 10:26:16.870227
83464,59,2015-10-16,24.5,7.8,22.1,16:56,26.9,12:48,22,6.4,16.9,16:30,79,89,20:40,74,00:00,2025-05-06 10:26:17.015745,2025-05-06 10:26:17.015745
83481,59,2015-10-17,25,0,23,06:53,27.1,13:43,22,5,11.4,12:10,77,87,,74,,2025-05-06 10:26:17.185318,2025-05-06 10:26:17.185318
83498,59,2015-10-18,24.6,10.8,22.5,23:51,26.8,14:17,26,6.4,13.9,15:50,80,87,23:59,73,14:00,2025-05-06 10:26:17.364061,2025-05-06 10:26:17.364061
83514,59,2015-10-19,24.1,,22.1,,26.1,14:46,34,2.8,12.5,11:20,70,88,00:10,57,15:10,2025-05-06 10:26:17.516348,2025-05-06 10:26:17.516348
83548,59,2015-10-21,22.2,7,18.2,06:08,26.2,14:53,22,3.1,11.7,12:00,78,84,07:40,73,,2025-05-06 10:26:17.857284,2025-05-06 10:26:17.857284
83565,59,2015-10-22,24.6,17.2,20.7,06:58,28.4,14:48,15,2.2,11.9,21:20,75,87,20:50,63,16:20,2025-05-06 10:26:17.963893,2025-05-06 10:26:17.963893
83583,59,2015-10-23,23.3,1.8,22.8,18:24,23.8,,19,6.9,11.4,11:10,86,89,,83,16:30,2025-05-06 10:26:18.102092,2025-05-06 10:26:18.102092
83601,59,2015-10-24,24.1,0,21.5,07:16,26.7,14:56,21,2.8,6.9,00:20,80,87,,74,,2025-05-06 10:26:18.209022,2025-05-06 10:26:18.209022
83619,59,2015-10-25,24.2,0,20.8,04:58,27.6,15:04,2,1.4,6.7,15:20,78,89,08:20,67,15:30,2025-05-06 10:26:18.375795,2025-05-06 10:26:18.375795
83637,59,2015-10-26,23.6,0,18.8,07:32,28.5,15:30,3,2.5,5,09:50,74,89,08:00,60,15:50,2025-05-06 10:26:18.560576,2025-05-06 10:26:18.560576
83655,59,2015-10-27,22.6,0,18.5,05:10,26.6,13:51,10,2.5,7.2,16:20,77,86,,66,14:00,2025-05-06 10:26:18.742501,2025-05-06 10:26:18.742501
83673,59,2015-10-28,22.8,,20.9,04:58,24.6,11:32,7,4.4,12.8,13:10,76,87,07:30,69,,2025-05-06 10:26:18.924746,2025-05-06 10:26:18.924746
83718,59,2015-11-01,,0,,,,,0,3.1,,,59,,,,,2025-05-06 10:26:19.394152,2025-05-06 10:26:19.394152
83751,59,2015-11-03,21.4,0,16.1,07:29,26.6,14:17,8,3.3,5.6,12:00,72,84,07:40,59,15:30,2025-05-06 10:26:19.742332,2025-05-06 10:26:19.742332
83770,59,2015-11-04,20.4,0,16.5,07:16,24.2,,8,5,13.1,13:30,77,87,07:30,70,,2025-05-06 10:26:19.937130,2025-05-06 10:26:19.937130
83789,59,2015-11-05,23,0,18.8,05:27,27.3,15:31,5,3.9,8.1,16:20,70,85,08:10,58,,2025-05-06 10:26:20.129706,2025-05-06 10:26:20.129706
83806,59,2015-11-06,24.1,0.2,20.3,06:40,27.9,14:24,9,3.3,11.9,15:40,75,85,,59,14:30,2025-05-06 10:26:20.309059,2025-05-06 10:26:20.309059
83825,59,2015-11-07,22.6,0,19.1,07:18,26.2,,9,3.9,10.3,13:10,75,85,07:50,68,16:50,2025-05-06 10:26:20.500636,2025-05-06 10:26:20.500636
83844,59,2015-11-08,23.8,0,19.4,04:53,28.1,13:56,34,3.6,7.8,20:20,69,88,,54,13:10,2025-05-06 10:26:20.697201,2025-05-06 10:26:20.697201
83863,59,2015-11-09,24.5,0,21,07:18,28,14:10,8,2.8,9.2,12:40,54,80,,37,17:30,2025-05-06 10:26:20.879849,2025-05-06 10:26:20.879849
83881,59,2015-11-10,24.5,0,21.4,07:53,27.6,15:27,4,3.9,11.7,13:40,58,81,07:20,43,14:00,2025-05-06 10:26:21.059363,2025-05-06 10:26:21.059363
83899,59,2015-11-11,24,0,21.5,04:55,26.4,16:12,6,5.6,11.1,12:10,67,80,07:30,44,15:50,2025-05-06 10:26:21.242026,2025-05-06 10:26:21.242026
83917,59,2015-11-12,24.7,0,22,01:13,27.4,15:11,4,6.4,20.3,23:50,51,77,,36,22:40,2025-05-06 10:26:21.425010,2025-05-06 10:26:21.425010
83935,59,2015-11-13,25.2,0,23.5,04:53,27,,6,8.1,22.2,08:50,44,65,04:40,37,20:10,2025-05-06 10:26:21.634345,2025-05-06 10:26:21.634345
83953,59,2015-11-14,25.1,0,22.5,05:05,27.7,16:07,5,5,13.3,09:50,53,73,04:50,34,22:20,2025-05-06 10:26:21.826239,2025-05-06 10:26:21.826239
83971,59,2015-11-15,24.3,0,21.3,,27.3,16:19,9,3.3,10.8,10:40,60,75,01:50,33,17:10,2025-05-06 10:26:22.010612,2025-05-06 10:26:22.010612
83989,59,2015-11-16,22.5,0,19.7,07:15,25.3,13:46,10,3.6,10.6,15:10,75,85,,55,00:00,2025-05-06 10:26:22.194518,2025-05-06 10:26:22.194518
84020,59,2015-11-18,22.6,0,18.5,06:07,26.8,14:25,10,3.6,10.8,14:40,65,80,06:50,50,13:00,2025-05-06 10:26:22.495131,2025-05-06 10:26:22.495131
84039,59,2015-11-19,23.2,0,18.9,06:52,27.6,15:49,6,5,10.3,13:00,72,86,08:50,56,15:50,2025-05-06 10:26:22.691370,2025-05-06 10:26:22.691370
84058,59,2015-11-20,,,,,,,0,3.9,,,69,,,,,2025-05-06 10:26:22.880649,2025-05-06 10:26:22.880649
84077,59,2015-11-21,21.4,0,17.8,07:08,25,13:22,7,4.2,10.6,14:30,68,86,08:00,58,13:20,2025-05-06 10:26:23.078704,2025-05-06 10:26:23.078704
84096,59,2015-11-22,,,,,,,0,4.2,,,63,,,,,2025-05-06 10:26:23.277853,2025-05-06 10:26:23.277853
84114,59,2015-11-23,21,0,18.6,08:09,23.3,15:31,1,5.6,13.1,11:50,56,72,09:40,45,15:30,2025-05-06 10:26:23.404775,2025-05-06 10:26:23.404775
84132,59,2015-11-24,,,,,,,0,8.3,,,60,,,,,2025-05-06 10:26:23.513761,2025-05-06 10:26:23.513761
84151,59,2015-11-25,20.6,,18.1,06:55,23,12:04,0,5.3,,,61,68,05:40,50,12:10,2025-05-06 10:26:23.659448,2025-05-06 10:26:23.659448
84170,59,2015-11-26,,0,,,,,0,4.7,,,64,,,,,2025-05-06 10:26:23.798848,2025-05-06 10:26:23.798848
84189,59,2015-11-27,,,,,,,0,3.1,,,64,,,,,2025-05-06 10:26:23.981457,2025-05-06 10:26:23.981457
84207,59,2015-11-28,20,0,16.5,02:47,23.5,13:39,6,4.4,10.3,15:30,68,77,03:30,58,15:50,2025-05-06 10:26:24.151033,2025-05-06 10:26:24.151033
84226,59,2015-11-29,19.8,0,17.9,23:43,21.7,,5,5,13.9,09:40,76,80,,71,00:30,2025-05-06 10:26:24.343219,2025-05-06 10:26:24.343219
84242,59,2015-11-30,,,,,,,0,3.1,,,56,,,,,2025-05-06 10:26:24.508261,2025-05-06 10:26:24.508261
84291,59,2015-12-03,19.7,0,16.5,05:40,22.9,13:46,7,3.3,11.7,15:10,62,86,06:10,48,15:00,2025-05-06 10:26:24.995120,2025-05-06 10:26:24.995120
84307,59,2015-12-04,20.1,0,17,07:48,23.2,13:27,5,3.3,10.3,15:20,57,78,,40,17:10,2025-05-06 10:26:25.163136,2025-05-06 10:26:25.163136
84326,59,2015-12-05,20.8,0,19,07:39,22.5,11:59,5,3.6,12.5,23:59,59,72,06:00,36,23:50,2025-05-06 10:26:25.351775,2025-05-06 10:26:25.351775
84345,59,2015-12-06,22.4,0,20.1,07:38,24.8,15:37,3,3.9,16.4,00:30,61,76,,36,21:50,2025-05-06 10:26:25.543309,2025-05-06 10:26:25.543309
84364,59,2015-12-07,21.1,0,20.1,08:07,22.1,12:56,2,5.8,11.9,22:30,55,68,01:10,47,22:10,2025-05-06 10:26:25.726472,2025-05-06 10:26:25.726472
84383,59,2015-12-08,,,,,,,0,3.6,,,50,,,,,2025-05-06 10:26:25.906582,2025-05-06 10:26:25.906582
84402,59,2015-12-09,,,,,,,0,5.3,,,57,,,,,2025-05-06 10:26:26.083929,2025-05-06 10:26:26.083929
84436,59,2015-12-11,19.2,0,16.5,23:57,21.9,16:07,4,5,13.6,01:30,63,70,05:30,51,16:20,2025-05-06 10:26:26.455107,2025-05-06 10:26:26.455107
84455,59,2015-12-12,19.6,0,15.1,07:48,24,14:42,7,1.4,6.4,,61,79,,49,17:50,2025-05-06 10:26:26.697742,2025-05-06 10:26:26.697742
84505,59,2015-12-15,20.6,0,16.4,01:36,24.7,16:14,7,3.3,11.7,23:59,59,68,03:30,43,22:20,2025-05-06 10:26:27.330468,2025-05-06 10:26:27.330468
84522,59,2015-12-16,22.4,0,19.9,07:53,25,15:14,10,3.6,10.8,00:10,55,68,08:20,38,19:10,2025-05-06 10:26:27.535491,2025-05-06 10:26:27.535491
84541,59,2015-12-17,19.8,0,15.9,08:40,23.8,17:01,9,2.5,8.6,02:00,52,67,08:30,38,18:30,2025-05-06 10:26:27.782495,2025-05-06 10:26:27.782495
84558,59,2015-12-18,20.6,,15.7,23:59,25.5,15:28,2,2.2,10.6,01:30,54,75,08:30,33,17:10,2025-05-06 10:26:28.002551,2025-05-06 10:26:28.002551
84591,59,2015-12-20,19.8,0,16,00:32,23.6,12:10,2,4.2,8.6,19:20,64,77,,40,00:10,2025-05-06 10:26:28.403650,2025-05-06 10:26:28.403650
84610,59,2015-12-21,20.8,0,18.8,,22.7,14:30,4,5,12.8,23:59,71,79,,60,23:59,2025-05-06 10:26:28.635044,2025-05-06 10:26:28.635044
84625,59,2015-12-22,,0,,,,,0,5.8,,,53,,,,,2025-05-06 10:26:28.825971,2025-05-06 10:26:28.825971
84642,59,2015-12-23,20.8,0,18.3,,23.4,15:19,4,5,12.2,13:30,68,83,08:50,45,15:40,2025-05-06 10:26:29.042928,2025-05-06 10:26:29.042928
84661,59,2015-12-24,19,0,16.3,08:13,21.8,16:49,8,3.9,12.8,23:20,62,86,08:20,44,16:40,2025-05-06 10:26:29.286591,2025-05-06 10:26:29.286591
84680,59,2015-12-25,20.2,0,17.4,23:16,23.1,15:04,6,5,14.7,01:20,64,79,,43,19:50,2025-05-06 10:26:29.518669,2025-05-06 10:26:29.518669
84699,59,2015-12-26,21,,19,08:10,23,15:49,12,6.7,13.1,04:30,62,77,23:00,55,12:00,2025-05-06 10:26:29.759093,2025-05-06 10:26:29.759093
84718,59,2015-12-27,,0,,,,,0,4.4,,,66,,,,,2025-05-06 10:26:29.993203,2025-05-06 10:26:29.993203
84737,59,2015-12-28,18.2,0,13.7,08:17,22.8,14:13,15,2.5,6.4,09:00,67,85,08:00,53,16:20,2025-05-06 10:26:30.240633,2025-05-06 10:26:30.240633
84756,59,2015-12-29,18.8,0,15.5,07:52,22,16:20,11,3.6,9.7,11:40,63,84,09:00,38,18:10,2025-05-06 10:26:30.482668,2025-05-06 10:26:30.482668
84773,59,2015-12-30,18.2,,15.1,07:51,21.4,,99,,10,,,87,09:10,61,00:00,2025-05-06 10:26:30.696772,2025-05-06 10:26:30.696772
84791,59,2015-12-31,,0,,,,,0,3.9,,,77,,,,,2025-05-06 10:26:30.923500,2025-05-06 10:26:30.923500
84810,59,2016-01-01,18.6,0,14.4,07:42,22.8,15:04,9,3.3,8.9,14:10,77,90,,65,18:40,2025-05-06 10:26:31.169591,2025-05-06 10:26:31.169591
84829,59,2016-01-02,,,,,,,0,2.8,,,71,,,,,2025-05-06 10:26:31.405316,2025-05-06 10:26:31.405316
84848,59,2016-01-03,18.2,0,14.6,,21.7,14:25,10,3.9,11.4,15:00,79,89,08:40,72,,2025-05-06 10:26:31.637936,2025-05-06 10:26:31.637936
84867,59,2016-01-04,18.1,0,13.8,07:52,22.4,15:01,32,3.1,5.8,19:00,77,87,07:00,68,,2025-05-06 10:26:31.877339,2025-05-06 10:26:31.877339
84886,59,2016-01-05,20.1,0.8,17.1,23:32,23.1,13:41,5,3.9,11.1,18:40,74,85,09:00,59,13:50,2025-05-06 10:26:32.121011,2025-05-06 10:26:32.121011
84905,59,2016-01-06,18.6,0,15.5,02:29,21.6,13:45,6,5,11.7,16:20,64,76,,54,,2025-05-06 10:26:32.358238,2025-05-06 10:26:32.358238
84924,59,2016-01-07,19.1,0,15.8,24:00,22.4,16:48,10,3.1,10,11:50,72,79,,67,00:30,2025-05-06 10:26:32.590251,2025-05-06 10:26:32.590251
84943,59,2016-01-08,17.8,0,13.4,08:14,22.1,15:07,24,2.8,6.4,17:00,80,87,08:50,71,20:10,2025-05-06 10:26:32.831454,2025-05-06 10:26:32.831454
84962,59,2016-01-09,18.2,0,13.7,07:51,22.6,16:54,22,2.2,8.1,15:40,74,84,,65,17:30,2025-05-06 10:26:33.070941,2025-05-06 10:26:33.070941
84981,59,2016-01-10,17.8,0,12.8,07:30,22.9,14:17,99,2.2,5,,79,88,,72,,2025-05-06 10:26:33.310918,2025-05-06 10:26:33.310918
85000,59,2016-01-11,17.4,0,13.5,07:48,21.2,15:04,8,4.4,7.8,14:00,83,90,,76,19:30,2025-05-06 10:27:36.387669,2025-05-06 10:27:36.387669
85019,59,2016-01-12,18.4,0,16.1,00:48,20.6,,6,4.2,12.2,09:20,75,86,01:00,71,,2025-05-06 10:27:36.625659,2025-05-06 10:27:36.625659
85037,59,2016-01-13,18.9,0,14.8,08:13,23,15:23,10,3.1,6.1,13:10,79,90,,56,23:30,2025-05-06 10:27:36.847987,2025-05-06 10:27:36.847987
85056,59,2016-01-14,21,0,16.4,03:56,25.5,15:04,32,2.5,8.3,23:00,60,77,08:00,40,13:30,2025-05-06 10:27:37.091153,2025-05-06 10:27:37.091153
85074,59,2016-01-15,21.5,,17.4,07:47,25.6,,36,4.4,9.2,18:00,60,79,06:00,36,13:20,2025-05-06 10:27:37.317809,2025-05-06 10:27:37.317809
85101,59,2016-01-17,,,,,,,0,3.9,,,73,,,,,2025-05-06 10:27:37.663944,2025-05-06 10:27:37.663944
85114,59,2016-01-18,19.8,0,17,,22.6,12:09,10,3.9,7.2,13:10,78,87,08:30,68,21:30,2025-05-06 10:27:37.833319,2025-05-06 10:27:37.833319
85131,59,2016-01-19,18.4,0,14.7,08:02,22.2,14:45,10,4.2,8.9,13:40,79,88,,71,14:30,2025-05-06 10:27:38.044903,2025-05-06 10:27:38.044903
85149,59,2016-01-20,17.2,0,13.3,05:34,21.2,12:24,7,4.2,11.7,15:50,77,87,09:10,71,,2025-05-06 10:27:38.271973,2025-05-06 10:27:38.271973
85184,59,2016-01-22,20.4,0,18.5,23:43,22.2,13:20,7,4.2,11.4,14:30,77,82,06:30,73,13:10,2025-05-06 10:27:38.690477,2025-05-06 10:27:38.690477
85202,59,2016-01-23,20,0,15.9,07:51,24,16:45,8,2.8,7.2,13:10,72,89,,38,18:30,2025-05-06 10:27:38.799399,2025-05-06 10:27:38.799399
85220,59,2016-01-24,21,0,17.1,00:33,24.8,15:06,3,4.4,11.4,20:10,51,69,06:10,36,20:00,2025-05-06 10:27:38.919315,2025-05-06 10:27:38.919315
85238,59,2016-01-25,18.2,0,14.3,08:23,22.1,16:42,4,4.2,12.2,21:40,52,68,08:20,41,16:40,2025-05-06 10:27:39.107212,2025-05-06 10:27:39.107212
85256,59,2016-01-26,21.4,0,18.5,06:31,24.4,16:50,5,5,12.2,08:20,51,71,22:40,35,17:10,2025-05-06 10:27:39.343303,2025-05-06 10:27:39.343303
85275,59,2016-01-27,19.9,0,17,07:43,22.8,12:18,8,4.4,10.3,14:30,70,81,07:50,57,11:50,2025-05-06 10:27:39.573191,2025-05-06 10:27:39.573191
85294,59,2016-01-28,19.6,0,16.9,07:27,22.4,14:17,6,4.7,9.4,13:50,70,79,,58,14:30,2025-05-06 10:27:39.811387,2025-05-06 10:27:39.811387
85313,59,2016-01-29,19.4,0,17.1,05:37,21.6,14:34,2,5.6,12.5,21:20,68,75,00:10,58,14:10,2025-05-06 10:27:40.052143,2025-05-06 10:27:40.052143
85332,59,2016-01-30,19.7,0,17.5,23:37,21.9,13:06,3,6.9,13.6,20:50,70,77,,61,14:10,2025-05-06 10:27:40.297838,2025-05-06 10:27:40.297838
85351,59,2016-01-31,19.6,0,17,01:36,22.3,14:21,6,5,13.3,10:30,71,77,,63,13:40,2025-05-06 10:27:40.538401,2025-05-06 10:27:40.538401
85370,59,2016-02-01,19.8,0,16,08:08,23.7,15:58,12,2.8,6.9,11:20,71,86,09:10,56,17:10,2025-05-06 10:27:40.775189,2025-05-06 10:27:40.775189
85389,59,2016-02-02,18.8,0,15.4,04:38,22.2,16:30,36,2.8,7.8,23:30,70,87,08:40,36,16:30,2025-05-06 10:27:41.010970,2025-05-06 10:27:41.010970
85408,59,2016-02-03,20.2,0,16.8,07:18,23.5,14:41,3,3.6,7.8,12:10,60,82,,46,,2025-05-06 10:27:41.262425,2025-05-06 10:27:41.262425
85427,59,2016-02-04,18.4,0,15.6,07:48,21.3,13:45,12,4.7,10.3,13:00,77,85,08:40,69,19:50,2025-05-06 10:27:41.502793,2025-05-06 10:27:41.502793
85446,59,2016-02-05,20,0,16,,24,17:09,9,3.1,8.1,12:40,70,87,08:10,59,,2025-05-06 10:27:41.751093,2025-05-06 10:27:41.751093
85465,59,2016-02-06,21.2,0,16.9,08:16,25.5,15:56,1,2.5,8.1,21:20,66,82,,43,15:00,2025-05-06 10:27:41.990442,2025-05-06 10:27:41.990442
85484,59,2016-02-07,20.8,0,17.3,01:45,24.3,14:44,1,4.7,10.3,09:20,65,81,,53,13:50,2025-05-06 10:27:42.229387,2025-05-06 10:27:42.229387
85503,59,2016-02-08,20,0,17.1,07:22,23,16:35,1,4.4,10,03:10,75,81,08:20,61,16:50,2025-05-06 10:27:42.477056,2025-05-06 10:27:42.477056
85522,59,2016-02-09,19.4,0,16.8,05:23,22,13:41,10,5.3,10.8,14:30,71,81,,63,,2025-05-06 10:27:42.723063,2025-05-06 10:27:42.723063
85541,59,2016-02-10,20.1,0,17.9,07:24,22.3,14:36,5,6.4,11.1,13:10,68,77,01:50,59,14:30,2025-05-06 10:27:42.956275,2025-05-06 10:27:42.956275
85560,59,2016-02-11,20.7,0,17.9,,23.5,13:05,36,5.3,11.7,15:40,60,77,01:10,48,13:10,2025-05-06 10:27:43.206237,2025-05-06 10:27:43.206237
85578,59,2016-02-12,20.6,0,17.8,,23.3,15:04,5,4.7,12.5,13:30,68,78,,57,13:20,2025-05-06 10:27:43.446940,2025-05-06 10:27:43.446940
85597,59,2016-02-13,20.5,0,16.9,03:55,24.1,13:04,9,5.3,11.7,13:30,69,80,,62,13:00,2025-05-06 10:27:43.687137,2025-05-06 10:27:43.687137
85616,59,2016-02-14,20.8,0,18,23:51,23.5,13:20,2,5.3,13.6,17:00,63,73,00:30,57,11:00,2025-05-06 10:27:43.932203,2025-05-06 10:27:43.932203
85635,59,2016-02-15,19.3,0,17,,21.6,14:39,36,6.9,16.7,15:50,57,69,05:30,47,16:00,2025-05-06 10:27:44.177612,2025-05-06 10:27:44.177612
85654,59,2016-02-16,18.2,0,16.2,23:59,20.2,13:49,3,9.4,17.5,13:30,56,65,06:40,44,13:40,2025-05-06 10:27:44.385668,2025-05-06 10:27:44.385668
85673,59,2016-02-17,17.5,0,15.1,07:37,19.9,15:31,6,4.7,12.8,14:10,60,65,,52,13:10,2025-05-06 10:27:44.626361,2025-05-06 10:27:44.626361
85692,59,2016-02-18,16.2,7.4,12.7,,19.7,10:51,2,2.8,14.4,22:00,71,81,13:20,58,,2025-05-06 10:27:44.871427,2025-05-06 10:27:44.871427
85711,59,2016-02-19,13.4,3.6,10.8,07:18,16,13:38,2,3.3,15.8,18:20,73,79,,64,,2025-05-06 10:27:45.083734,2025-05-06 10:27:45.083734
85730,59,2016-02-20,16.4,4.8,13.1,24:00,19.7,12:58,35,4.4,10.3,00:30,71,84,,58,13:00,2025-05-06 10:27:45.327298,2025-05-06 10:27:45.327298
85749,59,2016-02-21,16.3,0.4,12.2,04:48,20.4,15:04,29,3.1,10.6,09:40,67,89,05:00,53,14:50,2025-05-06 10:27:45.575321,2025-05-06 10:27:45.575321
85768,59,2016-02-22,17.1,0,11.6,06:54,22.6,16:08,36,2.5,6.4,20:30,69,85,08:00,57,14:10,2025-05-06 10:27:45.819536,2025-05-06 10:27:45.819536
85787,59,2016-02-23,17.5,0,13.1,07:10,21.9,14:33,6,5,11.1,11:10,68,84,08:30,53,14:20,2025-05-06 10:27:46.071391,2025-05-06 10:27:46.071391
85806,59,2016-02-24,18.2,0,13.9,07:19,22.6,14:30,2,5,12.5,21:00,70,84,08:00,57,14:00,2025-05-06 10:27:46.345792,2025-05-06 10:27:46.345792
85824,59,2016-02-25,18.8,0,16.1,03:10,21.5,14:19,3,6.1,11.7,11:30,67,77,,58,12:40,2025-05-06 10:27:46.568387,2025-05-06 10:27:46.568387
85842,59,2016-02-26,18.6,0,15.7,04:07,21.5,15:04,99,4.2,10.6,15:50,60,70,,51,14:30,2025-05-06 10:27:46.801600,2025-05-06 10:27:46.801600
85860,59,2016-02-27,18.1,0,16.2,07:35,20,14:24,3,6.1,15.6,11:20,61,78,06:00,49,12:40,2025-05-06 10:27:47.018650,2025-05-06 10:27:47.018650
85878,59,2016-02-28,18.8,0,16,22:18,21.5,15:04,2,5.6,13.6,11:50,71,77,,56,,2025-05-06 10:27:47.263646,2025-05-06 10:27:47.263646
85896,59,2016-02-29,17.5,0,15.3,,19.7,13:12,3,6.4,14.2,20:40,61,69,,53,14:00,2025-05-06 10:27:47.496926,2025-05-06 10:27:47.496926
85914,59,2016-03-01,18.6,0,16.4,04:52,20.9,13:07,5,4.7,13.6,14:30,60,73,22:00,57,17:50,2025-05-06 10:27:47.729750,2025-05-06 10:27:47.729750
85932,59,2016-03-02,21.6,0,18.2,23:35,24.9,15:48,6,3.6,16.9,,44,71,22:10,32,17:10,2025-05-06 10:27:47.965807,2025-05-06 10:27:47.965807
85950,59,2016-03-03,19.3,0,16.1,23:55,22.5,13:22,10,4.7,12.2,14:00,65,78,,52,13:10,2025-05-06 10:27:48.206850,2025-05-06 10:27:48.206850
85969,59,2016-03-04,18.2,0,13.2,06:24,23.2,15:05,9,4.4,9.4,13:00,65,80,,47,15:00,2025-05-06 10:27:48.381872,2025-05-06 10:27:48.381872
85988,59,2016-03-05,19.3,0,16.5,,22.1,13:37,1,3.6,9.7,11:20,62,73,23:50,44,13:10,2025-05-06 10:27:48.523980,2025-05-06 10:27:48.523980
86007,59,2016-03-06,17.7,0,15.5,03:52,19.9,15:36,4,4.7,11.7,13:00,62,77,06:50,47,15:30,2025-05-06 10:27:48.748721,2025-05-06 10:27:48.748721
86026,59,2016-03-07,18.2,0,15.7,01:56,20.7,14:52,4,5,12.8,16:20,57,71,02:20,46,14:50,2025-05-06 10:27:48.988961,2025-05-06 10:27:48.988961
86044,59,2016-03-08,18,0,15.5,07:21,20.4,13:49,5,5,13.6,15:20,62,77,06:30,48,13:50,2025-05-06 10:27:49.257208,2025-05-06 10:27:49.257208
86062,59,2016-03-09,18.1,0,15.7,06:28,20.5,15:19,2,7.8,15,19:20,62,74,,55,12:20,2025-05-06 10:27:49.475247,2025-05-06 10:27:49.475247
86081,59,2016-03-10,18.5,0,15.7,07:13,21.3,14:19,5,5.6,13.6,15:00,65,76,,55,15:10,2025-05-06 10:27:49.599857,2025-05-06 10:27:49.599857
86100,59,2016-03-11,18.2,0,15.1,06:17,21.2,14:27,3,6.4,14.2,11:10,66,73,,56,13:40,2025-05-06 10:27:49.735576,2025-05-06 10:27:49.735576
86119,59,2016-03-12,17.3,0,14.8,05:57,19.8,15:12,5,3.9,12.2,14:00,68,76,08:00,59,13:50,2025-05-06 10:27:49.894690,2025-05-06 10:27:49.894690
86138,59,2016-03-13,17.8,0,14.2,06:47,21.4,12:16,10,4.4,11.1,15:00,69,78,,56,12:00,2025-05-06 10:27:50.099952,2025-05-06 10:27:50.099952
86157,59,2016-03-14,17.5,0,12.1,07:49,22.9,16:55,10,3.1,7.2,11:00,67,81,07:40,56,16:50,2025-05-06 10:27:50.314653,2025-05-06 10:27:50.314653
86176,59,2016-03-15,18,0,15.1,06:32,20.8,15:49,8,4.4,12.8,12:00,72,78,,65,18:20,2025-05-06 10:27:50.553929,2025-05-06 10:27:50.553929
86195,59,2016-03-16,18.2,0,15.6,,20.9,16:26,99,6.4,11.7,,73,81,,56,20:10,2025-05-06 10:27:50.799530,2025-05-06 10:27:50.799530
86214,59,2016-03-17,19.2,0,16.7,05:54,21.7,13:30,10,6.1,13.1,16:20,74,82,07:50,65,21:50,2025-05-06 10:27:51.000774,2025-05-06 10:27:51.000774
86233,59,2016-03-18,19.1,0,16,05:57,22.2,16:29,10,5,13.6,12:20,71,80,,63,17:30,2025-05-06 10:27:51.236055,2025-05-06 10:27:51.236055
86252,59,2016-03-19,19.6,0,16.4,07:17,22.9,15:50,9,5,11.1,17:30,71,81,07:30,41,16:30,2025-05-06 10:27:51.480378,2025-05-06 10:27:51.480378
86271,59,2016-03-20,18.4,0,14.2,06:31,22.6,16:19,31,3.3,10.8,17:20,61,78,07:50,40,15:50,2025-05-06 10:27:51.726318,2025-05-06 10:27:51.726318
86290,59,2016-03-21,17.4,0,13.8,07:18,21,14:36,34,4.4,14.2,14:00,58,76,07:50,43,14:20,2025-05-06 10:27:51.966278,2025-05-06 10:27:51.966278
86308,59,2016-03-22,18.6,0,14.8,05:41,22.4,14:22,34,3.9,13.3,13:20,54,70,06:10,38,13:20,2025-05-06 10:27:52.189987,2025-05-06 10:27:52.189987
86326,59,2016-03-23,18.4,0,15.4,23:54,21.5,13:34,35,5.6,19.4,11:50,60,76,23:59,50,15:40,2025-05-06 10:27:52.417711,2025-05-06 10:27:52.417711
86344,59,2016-03-24,18.1,0,14.6,06:31,21.6,12:55,35,5.3,11.9,11:50,57,76,,40,12:50,2025-05-06 10:27:52.628013,2025-05-06 10:27:52.628013
86362,59,2016-03-25,18.2,0,15.5,03:22,20.8,13:57,6,4.7,11.4,04:50,66,71,,56,13:50,2025-05-06 10:27:52.846807,2025-05-06 10:27:52.846807
86380,59,2016-03-26,18.5,0,14.9,03:44,22.1,16:54,10,5,12.5,13:50,68,75,22:30,59,17:40,2025-05-06 10:27:53.065406,2025-05-06 10:27:53.065406
86398,59,2016-03-27,16.7,0,13,07:18,20.4,15:30,8,5.3,14.7,14:10,68,79,07:30,59,15:30,2025-05-06 10:27:53.292691,2025-05-06 10:27:53.292691
86415,59,2016-03-28,19.6,0,17,,22.1,15:37,9,5.8,11.4,14:20,69,78,07:40,55,16:40,2025-05-06 10:27:53.520169,2025-05-06 10:27:53.520169
86432,59,2016-03-29,18.4,0,16.1,,20.6,12:15,10,5.3,13.6,13:20,70,76,06:10,62,11:40,2025-05-06 10:27:53.741682,2025-05-06 10:27:53.741682
86450,59,2016-03-30,18.6,0,13.3,06:27,23.8,16:54,25,3.3,14.4,20:50,69,79,,54,15:50,2025-05-06 10:27:53.987769,2025-05-06 10:27:53.987769
86469,59,2016-03-31,18.8,0,16.1,07:07,21.6,15:07,35,5.8,13.9,19:00,68,77,02:00,51,15:00,2025-05-06 10:27:54.218965,2025-05-06 10:27:54.218965
86488,59,2016-04-01,19,0,15.9,05:55,22.1,14:05,2,5,11.9,17:00,55,66,07:20,45,13:00,2025-05-06 10:27:54.470873,2025-05-06 10:27:54.470873
86507,59,2016-04-02,18.6,0,16.2,03:10,21.1,14:54,35,3.6,11.4,15:10,54,70,08:30,47,15:00,2025-05-06 10:27:54.718818,2025-05-06 10:27:54.718818
86526,59,2016-04-03,18,0,13.9,04:45,22,13:39,35,2.5,9.7,17:40,63,76,05:10,51,11:30,2025-05-06 10:27:54.878762,2025-05-06 10:27:54.878762
86545,59,2016-04-04,19.6,0,16.2,05:09,22.9,14:29,34,5.6,14.4,16:40,62,78,,50,13:00,2025-05-06 10:27:55.070202,2025-05-06 10:27:55.070202
86564,59,2016-04-05,20.4,0,17.9,23:47,23,14:11,1,6.9,16.1,13:10,66,80,05:50,56,14:10,2025-05-06 10:27:55.279353,2025-05-06 10:27:55.279353
86583,59,2016-04-06,20,0,16.6,06:15,23.4,14:49,3,7.2,16.1,09:20,64,78,,50,15:10,2025-05-06 10:27:55.516219,2025-05-06 10:27:55.516219
86602,59,2016-04-07,19.7,0,16.2,06:36,23.2,13:04,8,5,11.7,13:50,57,71,,48,,2025-05-06 10:27:55.754101,2025-05-06 10:27:55.754101
86621,59,2016-04-08,20.2,0,16.6,23:56,23.9,13:33,34,5.3,14.2,14:10,59,72,22:00,49,14:40,2025-05-06 10:27:55.989517,2025-05-06 10:27:55.989517
86640,59,2016-04-09,19.4,0,15.5,,23.4,14:02,4,5.6,13.3,09:30,60,77,,45,13:50,2025-05-06 10:27:56.246221,2025-05-06 10:27:56.246221
86659,59,2016-04-10,19.6,0,16.4,01:08,22.9,13:30,35,3.6,12.2,17:50,53,68,00:00,43,14:10,2025-05-06 10:27:56.492922,2025-05-06 10:27:56.492922
86678,59,2016-04-11,19.3,0,15.2,02:21,23.4,17:30,34,2.5,10.8,14:20,50,71,02:30,38,15:20,2025-05-06 10:27:56.732819,2025-05-06 10:27:56.732819
86697,59,2016-04-12,18.6,0,13.4,06:30,23.8,16:25,34,4.2,12.5,16:50,68,75,,47,16:00,2025-05-06 10:27:56.969933,2025-05-06 10:27:56.969933
86716,59,2016-04-13,19.3,0,13.7,06:44,24.9,14:04,10,2.2,6.4,10:00,65,74,00:00,57,13:50,2025-05-06 10:27:57.201303,2025-05-06 10:27:57.201303
86735,59,2016-04-14,19.7,0,13.7,06:10,25.7,15:11,18,2.8,5,20:00,61,75,,51,,2025-05-06 10:27:57.457110,2025-05-06 10:27:57.457110
86754,59,2016-04-15,19,0,14.6,,23.5,15:04,22,4.2,7.5,18:00,70,80,,62,14:30,2025-05-06 10:27:57.700285,2025-05-06 10:27:57.700285
86773,59,2016-04-16,20.7,0,15.3,06:21,26.1,14:39,19,2.8,5.6,16:30,71,80,,59,15:00,2025-05-06 10:27:57.934958,2025-05-06 10:27:57.934958
86792,59,2016-04-17,20.6,0,16.3,07:00,25,14:14,18,3.1,4.7,13:00,72,80,06:50,65,,2025-05-06 10:27:58.181937,2025-05-06 10:27:58.181937
86811,59,2016-04-18,21.5,0,19,23:10,24,14:07,35,5,10.6,18:40,78,86,,68,,2025-05-06 10:27:58.431091,2025-05-06 10:27:58.431091
86830,59,2016-04-19,19.4,0,15.1,06:37,23.6,13:42,34,3.9,12.5,19:50,65,77,,39,16:50,2025-05-06 10:27:58.678606,2025-05-06 10:27:58.678606
86849,59,2016-04-20,19.7,0,14.3,,25.1,13:23,4,3.1,7.8,21:50,62,76,07:30,49,16:40,2025-05-06 10:27:58.909287,2025-05-06 10:27:58.909287
86868,59,2016-04-21,19.2,0,15.6,06:49,22.8,13:56,12,4.2,9.4,10:40,69,77,,63,14:00,2025-05-06 10:27:59.166488,2025-05-06 10:27:59.166488
86887,59,2016-04-22,20.8,0,16.3,06:44,25.2,16:37,10,3.9,10.8,10:50,70,80,22:30,61,,2025-05-06 10:27:59.401878,2025-05-06 10:27:59.401878
86906,59,2016-04-23,21.7,0,18.3,24:00,25.1,15:05,10,3.3,10.6,16:40,73,83,04:10,64,18:30,2025-05-06 10:27:59.644192,2025-05-06 10:27:59.644192
86925,59,2016-04-24,21,0,17.7,05:11,24.2,13:03,10,4.2,13.6,14:50,60,74,01:40,54,12:00,2025-05-06 10:27:59.888928,2025-05-06 10:27:59.888928
86944,59,2016-04-25,21.6,0,18.1,00:38,25,15:04,36,4.4,10,11:20,55,72,01:20,45,13:40,2025-05-06 10:28:00.143520,2025-05-06 10:28:00.143520
86963,59,2016-04-26,21.2,0,16.3,06:30,26.1,14:46,3,3.1,9.4,16:20,60,73,06:50,47,14:50,2025-05-06 10:28:00.324898,2025-05-06 10:28:00.324898
86982,59,2016-04-27,21,0,15.6,06:20,26.4,13:55,5,2.8,8.6,09:40,65,77,07:20,44,11:20,2025-05-06 10:28:00.454520,2025-05-06 10:28:00.454520
87001,59,2016-04-28,20.2,0,16.4,03:32,24,14:49,10,4.4,13.1,12:20,70,77,07:10,56,16:00,2025-05-06 10:28:00.596195,2025-05-06 10:28:00.596195
87020,59,2016-04-29,20.3,0,16.7,06:52,23.9,11:27,9,5.6,12.5,14:10,69,77,06:40,53,11:30,2025-05-06 10:28:00.771629,2025-05-06 10:28:00.771629
87039,59,2016-04-30,21.2,0,18.4,23:57,24.1,15:30,6,6.9,13.6,15:20,66,75,,57,,2025-05-06 10:28:00.999679,2025-05-06 10:28:00.999679
87058,59,2016-05-01,21.2,0,17.4,03:13,24.9,15:16,2,4.4,10.8,16:20,63,77,07:00,47,14:50,2025-05-06 10:28:01.254749,2025-05-06 10:28:01.254749
87077,59,2016-05-02,22.6,0,18.2,06:25,26.9,15:06,4,2.5,9.2,09:30,63,74,,46,12:50,2025-05-06 10:28:01.493165,2025-05-06 10:28:01.493165
87096,59,2016-05-03,22.1,0,17.6,03:51,26.6,15:46,36,3.1,11.4,09:10,64,77,,53,15:30,2025-05-06 10:28:01.753103,2025-05-06 10:28:01.753103
87115,59,2016-05-04,21.4,0,17.7,06:27,25.2,15:11,99,3.1,10.3,,64,77,07:00,38,15:20,2025-05-06 10:28:01.994719,2025-05-06 10:28:01.994719
87134,59,2016-05-05,21.5,0,18.6,23:42,24.4,13:40,35,5.3,13.1,16:30,59,74,06:50,47,,2025-05-06 10:28:02.231106,2025-05-06 10:28:02.231106
87153,59,2016-05-06,21,0,18,04:19,23.9,14:10,34,4.4,13.1,18:00,55,70,,44,11:10,2025-05-06 10:28:02.464805,2025-05-06 10:28:02.464805
87172,59,2016-05-07,21.2,0,17.6,04:40,24.8,14:12,22,2.2,11.4,14:30,57,74,,43,14:00,2025-05-06 10:28:02.701378,2025-05-06 10:28:02.701378
87191,59,2016-05-08,21.6,0,19.2,06:23,24.1,14:28,22,7.2,12.2,13:30,76,82,,69,14:40,2025-05-06 10:28:02.954950,2025-05-06 10:28:02.954950
87210,59,2016-05-09,20.7,0,17,06:37,24.4,12:33,22,4.7,9.7,13:10,68,82,06:30,58,18:40,2025-05-06 10:28:03.204274,2025-05-06 10:28:03.204274
87229,59,2016-05-10,21.5,0,19,06:18,24,13:05,23,3.9,10.8,09:30,64,77,02:50,54,20:30,2025-05-06 10:28:03.445860,2025-05-06 10:28:03.445860
87248,59,2016-05-11,21.6,0,18.1,01:23,25.1,14:56,35,3.3,11.1,13:00,52,72,01:10,40,15:30,2025-05-06 10:28:03.697043,2025-05-06 10:28:03.697043
87267,59,2016-05-12,21.4,0,17.9,03:35,25,14:01,1,4.2,12.5,13:10,55,76,04:50,39,13:30,2025-05-06 10:28:03.950845,2025-05-06 10:28:03.950845
87286,59,2016-05-13,,0,,,,,9,3.9,10,13:10,60,,,,,2025-05-06 10:28:04.187025,2025-05-06 10:28:04.187025
87305,59,2016-05-14,20.6,0,16.8,06:21,24.5,13:36,4,5.3,13.9,14:20,57,71,00:00,51,13:00,2025-05-06 10:28:04.437506,2025-05-06 10:28:04.437506
87324,59,2016-05-15,20.9,0,17.4,,24.4,14:43,3,5.8,12.5,11:40,62,69,04:00,55,13:30,2025-05-06 10:28:04.683974,2025-05-06 10:28:04.683974
87343,59,2016-05-16,21.2,0,17.9,05:47,24.5,12:15,35,4.7,11.7,19:10,62,72,23:10,52,12:20,2025-05-06 10:28:04.943913,2025-05-06 10:28:04.943913
87362,59,2016-05-17,21.2,0,18.4,04:31,24.1,15:16,3,4.4,12.2,10:10,58,73,03:20,48,,2025-05-06 10:28:05.176994,2025-05-06 10:28:05.176994
87381,59,2016-05-18,21.4,0,17.9,,25,14:48,7,5,14.2,15:20,57,74,23:20,46,14:30,2025-05-06 10:28:05.419039,2025-05-06 10:28:05.419039
87400,59,2016-05-19,21.4,0,17.5,06:37,25.2,13:52,34,5,12.2,18:40,60,75,01:00,51,,2025-05-06 10:28:05.659220,2025-05-06 10:28:05.659220
87419,59,2016-05-20,22.6,0,18.5,00:01,26.8,13:50,2,3.1,10,00:30,62,76,05:00,53,13:40,2025-05-06 10:28:05.893461,2025-05-06 10:28:05.893461
87438,59,2016-05-21,22.8,0,18.8,06:20,26.9,14:56,9,4.4,13.3,13:30,67,77,,53,,2025-05-06 10:28:06.136299,2025-05-06 10:28:06.136299
87457,59,2016-05-22,21.6,0,18.6,04:25,24.6,17:01,9,4.4,13.6,16:00,69,76,,63,,2025-05-06 10:28:06.368375,2025-05-06 10:28:06.368375
87476,59,2016-05-23,22.5,0,18.2,05:38,26.8,14:18,35,3.3,10.3,21:20,71,81,,60,14:10,2025-05-06 10:28:06.610036,2025-05-06 10:28:06.610036
87495,59,2016-05-24,22.8,0,18.1,06:21,27.6,13:41,10,2.8,11.7,14:30,66,79,06:40,49,14:10,2025-05-06 10:28:06.849976,2025-05-06 10:28:06.849976
87514,59,2016-05-25,21.9,0,18.9,23:45,24.9,12:45,9,4.2,8.1,19:50,69,77,18:40,62,12:50,2025-05-06 10:28:07.095862,2025-05-06 10:28:07.095862
87532,59,2016-05-26,21.1,0,15.6,05:56,26.6,13:17,33,3.3,6.7,21:40,65,78,05:20,52,13:20,2025-05-06 10:28:07.322320,2025-05-06 10:28:07.322320
87550,59,2016-05-27,21.8,0,16.8,,26.7,16:02,6,2.8,9.2,18:50,66,76,05:30,58,15:40,2025-05-06 10:28:07.548804,2025-05-06 10:28:07.548804
87568,59,2016-05-28,22.6,0,16.9,06:30,28.2,15:50,11,3.6,10.8,12:30,66,78,06:50,44,17:40,2025-05-06 10:28:07.786527,2025-05-06 10:28:07.786527
87586,59,2016-05-29,21.2,0,17.8,06:26,24.5,10:51,9,6.1,15,13:50,65,77,,47,10:40,2025-05-06 10:28:08.011072,2025-05-06 10:28:08.011072
87604,59,2016-05-30,21.6,0,18.2,05:52,25,14:56,6,5.6,12.8,11:30,59,67,23:30,49,12:10,2025-05-06 10:28:08.214211,2025-05-06 10:28:08.214211
87622,59,2016-05-31,21.2,0,16.9,05:32,25.5,15:34,9,4.7,13.9,14:10,67,76,,54,12:00,2025-05-06 10:28:08.432728,2025-05-06 10:28:08.432728
87640,59,2016-06-01,22.4,0,17.6,05:13,27.2,15:29,10,4.4,9.7,11:40,66,77,03:10,51,10:00,2025-05-06 10:28:08.665630,2025-05-06 10:28:08.665630
87658,59,2016-06-02,22.6,0,17.8,04:54,27.4,15:29,14,3.6,10.3,11:10,64,75,07:00,47,18:40,2025-05-06 10:28:08.890397,2025-05-06 10:28:08.890397
87676,59,2016-06-03,22,0,18.2,05:50,25.9,15:51,11,5.3,13.3,11:50,68,75,,51,11:00,2025-05-06 10:28:09.122594,2025-05-06 10:28:09.122594
87694,59,2016-06-04,22.3,0,18.3,06:32,26.3,17:46,10,4.4,14.7,13:10,69,79,06:50,47,11:30,2025-05-06 10:28:09.355544,2025-05-06 10:28:09.355544
87712,59,2016-06-05,23.1,0,18.9,05:18,27.3,12:09,8,4.4,11.4,13:00,64,77,06:00,50,11:50,2025-05-06 10:28:09.594102,2025-05-06 10:28:09.594102
87730,59,2016-06-06,24.8,0,19.7,05:15,30,14:44,6,5.6,12.5,12:50,54,77,,32,14:30,2025-05-06 10:28:09.794430,2025-05-06 10:28:09.794430
87748,59,2016-06-07,23.8,0,19.5,05:06,28.1,15:17,10,3.3,11.9,11:50,68,79,21:00,45,10:20,2025-05-06 10:28:09.968582,2025-05-06 10:28:09.968582
87766,59,2016-06-08,24.2,0,19.2,05:33,29.3,16:06,2,2.2,9.7,19:30,67,79,06:50,49,19:20,2025-05-06 10:28:10.176511,2025-05-06 10:28:10.176511
87784,59,2016-06-09,25.7,0,20.4,06:12,31,12:29,36,4.2,10.6,19:50,60,77,,40,17:40,2025-05-06 10:28:10.410562,2025-05-06 10:28:10.410562
87802,59,2016-06-10,24.3,0,20.4,02:37,28.2,14:00,36,5.8,13.9,20:50,64,78,,53,14:00,2025-05-06 10:28:10.632279,2025-05-06 10:28:10.632279
87820,59,2016-06-11,23.4,0,20.2,23:59,26.7,12:17,8,6.1,12.5,13:10,63,76,04:40,48,,2025-05-06 10:28:10.839805,2025-05-06 10:28:10.839805
87838,59,2016-06-12,23.8,0,19.2,,28.5,12:02,9,5.3,12.5,12:20,66,77,,49,11:50,2025-05-06 10:28:10.975697,2025-05-06 10:28:10.975697
87856,59,2016-06-13,24,0,20.2,06:02,27.7,13:57,2,3.9,10.8,01:40,58,75,23:20,50,11:30,2025-05-06 10:28:11.102076,2025-05-06 10:28:11.102076
87874,59,2016-06-14,25.2,0,21.2,05:25,29.3,15:02,34,5.3,10.6,07:40,63,78,,48,15:40,2025-05-06 10:28:11.262754,2025-05-06 10:28:11.262754
87892,59,2016-06-15,24.6,0,21.3,03:58,28,14:23,35,4.4,12.2,15:10,67,81,06:50,51,14:10,2025-05-06 10:28:11.469701,2025-05-06 10:28:11.469701
87910,59,2016-06-16,22.9,0,19.6,05:35,26.2,12:25,2,5.3,12.2,11:10,57,78,00:10,42,18:00,2025-05-06 10:28:11.709811,2025-05-06 10:28:11.709811
87928,59,2016-06-17,21.5,0,19.1,03:16,23.9,12:56,7,4.4,14.7,14:20,61,71,,48,09:40,2025-05-06 10:28:11.889448,2025-05-06 10:28:11.889448
87946,59,2016-06-18,21.6,0,17.4,06:05,25.7,15:03,6,5.3,12.8,17:00,66,76,06:30,51,10:50,2025-05-06 10:28:12.020521,2025-05-06 10:28:12.020521
87964,59,2016-06-19,23.4,0,18.6,04:43,28.3,17:04,11,6.4,14.7,13:00,65,79,05:30,44,10:30,2025-05-06 10:28:12.152969,2025-05-06 10:28:12.152969
87982,59,2016-06-20,25.2,0,19.2,05:17,31.3,15:31,3,4.4,12.5,10:20,55,77,06:30,38,15:50,2025-05-06 10:28:12.292737,2025-05-06 10:28:12.292737
88000,59,2016-06-21,24.5,0,19.9,05:56,29.1,11:24,10,5.3,13.1,14:00,70,75,,46,11:10,2025-05-06 10:28:12.421119,2025-05-06 10:28:12.421119
88018,59,2016-06-22,24.6,0,20,05:32,29.3,16:05,9,5,13.9,13:30,69,79,,48,18:30,2025-05-06 10:28:12.561020,2025-05-06 10:28:12.561020
88036,59,2016-06-23,26.6,0,21.6,03:11,31.6,11:55,32,3.3,11.4,23:59,57,79,22:40,38,09:20,2025-05-06 10:28:12.688738,2025-05-06 10:28:12.688738
88054,59,2016-06-24,27.2,0,22.2,03:30,32.3,16:31,2,6.9,13.9,23:30,38,78,,31,19:00,2025-05-06 10:28:12.896721,2025-05-06 10:28:12.896721
88072,59,2016-06-25,25.6,0,21.6,23:53,29.7,12:49,1,5.3,14.2,02:10,52,75,23:50,44,06:10,2025-05-06 10:28:13.128298,2025-05-06 10:28:13.128298
88090,59,2016-06-26,23.8,0,20.3,06:03,27.4,14:07,9,5,14.2,16:10,61,76,01:30,51,18:20,2025-05-06 10:28:13.353031,2025-05-06 10:28:13.353031
88108,59,2016-06-27,24,0,20.3,03:13,27.7,15:00,34,4.4,10.3,11:40,54,74,01:20,42,14:10,2025-05-06 10:28:13.587356,2025-05-06 10:28:13.587356
88126,59,2016-06-28,24.8,0,20.9,04:27,28.7,15:48,32,3.1,9.7,18:30,59,72,03:30,47,12:00,2025-05-06 10:28:13.757077,2025-05-06 10:28:13.757077
88144,59,2016-06-29,25,0,21.5,06:03,28.5,15:57,7,3.3,12.2,15:00,66,75,22:00,54,16:00,2025-05-06 10:28:13.881669,2025-05-06 10:28:13.881669
88163,59,2016-06-30,24.6,0,20.7,23:35,28.5,16:37,10,6.4,14.4,12:30,65,74,04:40,51,,2025-05-06 10:28:14.040228,2025-05-06 10:28:14.040228
88182,59,2016-07-01,24.2,0,19.8,06:25,28.5,14:09,36,5.6,12.2,18:00,60,77,,46,14:00,2025-05-06 10:28:14.284022,2025-05-06 10:28:14.284022
88201,59,2016-07-02,23.5,0,20.7,06:32,26.3,13:01,33,5.8,13.9,13:30,65,77,06:30,55,12:20,2025-05-06 10:28:14.529438,2025-05-06 10:28:14.529438
88220,59,2016-07-03,24.5,0,21,04:46,28,15:37,11,5,11.1,14:00,59,73,06:30,49,13:20,2025-05-06 10:28:14.788559,2025-05-06 10:28:14.788559
88239,59,2016-07-04,24.4,0,20.7,23:58,28,16:02,10,4.4,10,12:10,67,71,05:50,55,11:40,2025-05-06 10:28:15.021268,2025-05-06 10:28:15.021268
88258,59,2016-07-05,24.4,0,20.2,04:58,28.6,14:16,11,3.9,9.4,12:10,60,72,,52,10:50,2025-05-06 10:28:15.218116,2025-05-06 10:28:15.218116
88277,59,2016-07-06,24.8,0,21.3,06:27,28.2,14:43,3,5,14.4,11:10,59,72,07:40,49,,2025-05-06 10:28:15.416417,2025-05-06 10:28:15.416417
88296,59,2016-07-07,24.6,0,21.2,,27.9,13:07,2,5.3,13.3,17:10,56,69,06:00,45,13:40,2025-05-06 10:28:15.592937,2025-05-06 10:28:15.592937
88315,59,2016-07-08,25.5,0,21.2,04:03,29.8,15:06,10,5.8,11.7,13:00,63,75,23:59,48,15:10,2025-05-06 10:28:15.764850,2025-05-06 10:28:15.764850
88334,59,2016-07-09,25,0,21,,29,15:44,2,3.1,9.4,23:10,70,80,,55,20:00,2025-05-06 10:29:18.963561,2025-05-06 10:29:18.963561
88353,59,2016-07-10,25.4,0,20.7,06:33,30,16:47,3,3.6,11.4,21:00,63,77,23:30,47,17:40,2025-05-06 10:29:19.231276,2025-05-06 10:29:19.231276
88372,59,2016-07-11,25.8,0,21.4,06:00,30.3,14:21,36,5.8,13.6,17:40,63,78,,51,13:50,2025-05-06 10:29:19.490802,2025-05-06 10:29:19.490802
88391,59,2016-07-12,27.6,0,22.4,05:52,32.8,14:37,5,6.7,14.7,12:20,50,72,,35,15:00,2025-05-06 10:29:19.736595,2025-05-06 10:29:19.736595
88410,59,2016-07-13,26.6,0,22.2,04:05,30.9,15:45,4,7.8,16.1,14:10,44,70,04:00,30,14:50,2025-05-06 10:29:19.978526,2025-05-06 10:29:19.978526
88429,59,2016-07-14,28.2,0,22.7,04:56,33.8,13:43,5,6.1,13.3,14:40,44,65,04:50,27,12:50,2025-05-06 10:29:20.225077,2025-05-06 10:29:20.225077
88448,59,2016-07-15,26.7,0,22.2,,31.2,17:49,1,4.7,11.1,21:30,58,70,,43,17:50,2025-05-06 10:29:20.484118,2025-05-06 10:29:20.484118
88467,59,2016-07-16,27.2,0,22.5,06:30,32,10:12,10,3.6,13.6,11:40,58,72,19:10,32,10:10,2025-05-06 10:29:20.743544,2025-05-06 10:29:20.743544
88486,59,2016-07-17,26.1,0,21.4,,30.8,12:03,31,3.1,10.6,16:50,69,77,,49,16:50,2025-05-06 10:29:20.980006,2025-05-06 10:29:20.980006
88505,59,2016-07-18,26,0,21.9,06:23,30.2,10:47,32,3.3,11.4,06:00,68,77,20:20,41,10:20,2025-05-06 10:29:21.211788,2025-05-06 10:29:21.211788
88524,59,2016-07-19,25.9,0,22.1,,29.7,14:00,1,1.9,13.3,23:20,70,78,05:20,57,09:50,2025-05-06 10:29:21.457996,2025-05-06 10:29:21.457996
88543,59,2016-07-20,28.4,0,23.1,06:07,33.6,17:24,6,5.6,11.9,10:20,61,81,06:50,41,17:20,2025-05-06 10:29:21.715425,2025-05-06 10:29:21.715425
88562,59,2016-07-21,28.6,0,23.8,,33.3,14:32,2,2.2,14.4,19:30,66,83,06:10,36,21:30,2025-05-06 10:29:21.927716,2025-05-06 10:29:21.927716
88581,59,2016-07-22,26.9,0,22.8,23:48,31,13:10,3,7.2,15.6,12:40,44,69,23:59,30,01:20,2025-05-06 10:29:22.171535,2025-05-06 10:29:22.171535
88600,59,2016-07-23,25,0,21.2,,28.8,16:14,9,5,12.2,14:00,65,77,,56,13:10,2025-05-06 10:29:22.415437,2025-05-06 10:29:22.415437
88619,59,2016-07-24,25.8,0,20.9,,30.6,12:19,10,3.3,14.7,15:20,66,79,,47,12:20,2025-05-06 10:29:22.663360,2025-05-06 10:29:22.663360
88638,59,2016-07-25,26.4,0,23,01:52,29.7,12:21,10,3.9,12.8,10:30,70,78,07:20,44,09:30,2025-05-06 10:29:22.897144,2025-05-06 10:29:22.897144
88657,59,2016-07-26,27.2,0,23,03:36,31.4,15:57,10,3.6,11.9,03:10,70,85,03:40,52,21:20,2025-05-06 10:29:23.133586,2025-05-06 10:29:23.133586
88676,59,2016-07-27,28.5,0,22.9,23:57,34.1,14:40,2,4.2,15.6,13:40,43,71,23:59,32,15:30,2025-05-06 10:29:23.378267,2025-05-06 10:29:23.378267
88695,59,2016-07-28,25.8,0,20.6,06:22,31.1,14:03,10,4.2,14.4,15:10,65,78,,46,15:00,2025-05-06 10:29:23.627994,2025-05-06 10:29:23.627994
88714,59,2016-07-29,24.8,0,21.1,06:03,28.4,14:50,4,5,12.5,13:20,66,76,06:30,55,14:50,2025-05-06 10:29:23.866871,2025-05-06 10:29:23.866871
88733,59,2016-07-30,24.9,0,22.2,,27.6,17:25,3,5.8,12.5,09:00,66,77,,58,13:30,2025-05-06 10:29:24.093436,2025-05-06 10:29:24.093436
88752,59,2016-07-31,27.5,0,23,04:28,32,12:28,9,4.4,12.5,14:50,60,73,00:50,37,11:40,2025-05-06 10:29:24.339355,2025-05-06 10:29:24.339355
88771,59,2016-08-01,27.2,0,22.3,,32.1,14:34,36,5.3,11.7,16:30,59,75,06:10,47,13:30,2025-05-06 10:29:24.579689,2025-05-06 10:29:24.579689
88790,59,2016-08-02,26.6,0,22.4,,30.9,16:26,5,6.4,14.2,14:10,57,74,,41,16:10,2025-05-06 10:29:24.828177,2025-05-06 10:29:24.828177
88809,59,2016-08-03,25.4,0,21.6,06:24,29.3,14:26,10,6.1,13.6,12:50,68,76,06:40,53,11:40,2025-05-06 10:29:25.074800,2025-05-06 10:29:25.074800
88828,59,2016-08-04,28,0,22.2,,33.9,16:15,2,4.7,16.1,21:20,52,75,,40,,2025-05-06 10:29:25.320975,2025-05-06 10:29:25.320975
88847,59,2016-08-05,31.2,0,25.3,00:01,37.1,16:06,2,6.9,15,23:10,37,68,00:00,28,16:30,2025-05-06 10:29:25.571741,2025-05-06 10:29:25.571741
88866,59,2016-08-06,30.7,0,24.3,21:49,37.1,13:31,36,4.4,13.9,02:40,45,79,22:00,25,13:30,2025-05-06 10:29:25.832277,2025-05-06 10:29:25.832277
88885,59,2016-08-07,25.8,0,21.9,06:19,29.6,16:27,35,4.2,11.1,18:10,68,77,06:50,60,18:00,2025-05-06 10:29:26.058121,2025-05-06 10:29:26.058121
88904,59,2016-08-08,26,0,21.9,06:34,30.1,14:38,33,3.1,11.1,03:00,70,84,23:50,60,14:20,2025-05-06 10:29:26.292893,2025-05-06 10:29:26.292893
88923,59,2016-08-09,28,0,22.7,04:28,33.2,19:07,2,2.5,13.3,19:40,74,86,,28,20:10,2025-05-06 10:29:26.476556,2025-05-06 10:29:26.476556
88942,59,2016-08-10,31.3,0,25.5,23:56,37.1,12:32,4,7.8,19.7,16:50,27,56,23:50,20,12:30,2025-05-06 10:29:26.604508,2025-05-06 10:29:26.604508
88961,59,2016-08-11,29.6,0,23.4,07:13,35.8,12:32,2,3.6,15.3,02:20,63,75,07:30,24,12:00,2025-05-06 10:29:26.740732,2025-05-06 10:29:26.740732
88980,59,2016-08-12,25,0,21.4,06:04,28.5,17:10,8,4.2,10.8,10:30,71,78,06:30,62,16:50,2025-05-06 10:29:26.951039,2025-05-06 10:29:26.951039
88999,59,2016-08-13,25.6,0,21.9,06:07,29.2,16:06,32,5,15,00:50,70,75,,59,09:20,2025-05-06 10:29:27.175270,2025-05-06 10:29:27.175270
89018,59,2016-08-14,25.9,0,21.9,03:45,29.9,15:34,4,4.2,16.1,12:30,65,78,04:00,52,15:10,2025-05-06 10:29:27.414866,2025-05-06 10:29:27.414866
89037,59,2016-08-15,27.1,0,22.8,04:30,31.4,15:24,2,3.9,11.7,20:20,68,82,05:50,54,15:50,2025-05-06 10:29:27.648139,2025-05-06 10:29:27.648139
89056,59,2016-08-16,26,0,23.1,06:33,29,11:34,3,3.1,9.2,06:40,73,80,,64,11:00,2025-05-06 10:29:27.874646,2025-05-06 10:29:27.874646
89075,59,2016-08-17,27.4,0,23,,31.7,15:05,5,3.9,10.8,16:00,69,80,,42,15:00,2025-05-06 10:29:28.121181,2025-05-06 10:29:28.121181
89094,59,2016-08-18,25.4,0,21.2,06:25,29.7,15:43,10,3.1,7.8,13:20,71,83,03:50,61,15:50,2025-05-06 10:29:28.361576,2025-05-06 10:29:28.361576
89113,59,2016-08-19,26,0,21.3,06:42,30.6,13:02,10,3.6,15.8,14:40,65,82,07:10,52,11:40,2025-05-06 10:29:28.591138,2025-05-06 10:29:28.591138
89132,59,2016-08-20,25.4,0,22.1,,28.8,14:04,4,6.1,14.2,15:00,68,81,,57,,2025-05-06 10:29:28.823317,2025-05-06 10:29:28.823317
89151,59,2016-08-21,25,0,23.1,23:40,26.9,17:11,6,4.4,12.8,01:30,76,80,,70,17:50,2025-05-06 10:29:29.063205,2025-05-06 10:29:29.063205
89170,59,2016-08-22,25.6,0,21.7,06:39,29.4,14:21,1,2.8,9.7,01:00,74,84,06:50,63,14:20,2025-05-06 10:29:29.335353,2025-05-06 10:29:29.335353
89189,59,2016-08-23,25.7,0,21.6,06:56,29.8,14:41,2,3.1,8.9,21:20,70,79,05:20,53,11:30,2025-05-06 10:29:29.574380,2025-05-06 10:29:29.574380
89208,59,2016-08-24,25.8,0,21.3,06:51,30.2,16:00,2,3.9,9.4,20:50,64,79,07:20,50,11:40,2025-05-06 10:29:29.819136,2025-05-06 10:29:29.819136
89227,59,2016-08-25,26,0,22,06:06,30,14:46,9,3.3,12.2,11:30,58,74,,46,15:50,2025-05-06 10:29:30.051963,2025-05-06 10:29:30.051963
89246,59,2016-08-26,26.1,0,22.4,,29.8,16:13,8,5.6,13.6,12:50,69,79,,54,17:20,2025-05-06 10:29:30.291123,2025-05-06 10:29:30.291123
89265,59,2016-08-27,26.5,0,23.4,03:18,29.6,12:03,6,6.1,14.2,23:40,72,82,23:50,61,11:50,2025-05-06 10:29:30.519947,2025-05-06 10:29:30.519947
89284,59,2016-08-28,27.6,0,24.2,00:01,30.9,14:46,10,4.2,10.6,09:30,70,82,22:30,58,09:00,2025-05-06 10:29:30.754877,2025-05-06 10:29:30.754877
89303,59,2016-08-29,27.8,0,24.7,07:16,30.8,16:04,36,3.6,12.2,23:30,74,82,,39,23:59,2025-05-06 10:29:30.996171,2025-05-06 10:29:30.996171
89322,59,2016-08-30,30.4,0,27.4,05:37,33.4,13:58,2,6.4,14.7,14:50,42,52,07:10,32,,2025-05-06 10:29:31.235889,2025-05-06 10:29:31.235889
89341,59,2016-08-31,27,0,23.1,23:45,30.9,14:22,5,6.1,12.8,13:00,53,75,23:59,32,00:20,2025-05-06 10:29:31.474941,2025-05-06 10:29:31.474941
89360,59,2016-09-01,24.8,0,22,03:12,27.6,13:10,4,6.7,13.3,12:50,68,76,,59,,2025-05-06 10:29:31.715713,2025-05-06 10:29:31.715713
89379,59,2016-09-02,24.5,0,21.4,06:52,27.6,11:31,8,4.7,13.6,14:40,69,76,,57,11:20,2025-05-06 10:29:31.957285,2025-05-06 10:29:31.957285
89398,59,2016-09-03,24.4,0,21.7,06:22,27,16:38,10,3.9,10.8,14:20,75,79,,66,10:00,2025-05-06 10:29:32.195764,2025-05-06 10:29:32.195764
89417,59,2016-09-04,25.6,0,21.6,,29.7,14:47,10,2.5,9.7,11:20,70,80,,58,14:50,2025-05-06 10:29:32.431987,2025-05-06 10:29:32.431987
89436,59,2016-09-05,25.4,0,21.5,06:51,29.3,16:15,10,3.9,11.4,13:00,72,81,07:20,62,16:10,2025-05-06 10:29:32.670049,2025-05-06 10:29:32.670049
89455,59,2016-09-06,26,0,22.2,05:55,29.9,16:35,99,3.1,7.5,10:30,71,80,,63,16:40,2025-05-06 10:29:32.911730,2025-05-06 10:29:32.911730
89474,59,2016-09-07,25.9,0,22.2,06:36,29.6,15:32,10,4.7,13.1,12:40,71,78,05:50,52,09:40,2025-05-06 10:29:33.164505,2025-05-06 10:29:33.164505
89493,59,2016-09-08,25.6,0,21.6,07:12,29.5,15:14,10,4.7,12.2,14:40,67,81,,55,12:40,2025-05-06 10:29:33.400466,2025-05-06 10:29:33.400466
89512,59,2016-09-09,25.9,0,22.7,,29.1,14:23,4,5.6,12.5,11:30,69,81,,58,14:30,2025-05-06 10:29:33.627987,2025-05-06 10:29:33.627987
89531,59,2016-09-10,25.2,0,22,06:46,28.3,13:13,6,5.6,11.9,13:10,67,79,,57,,2025-05-06 10:29:33.868889,2025-05-06 10:29:33.868889
89550,59,2016-09-11,24.8,0,21.9,05:31,27.6,11:23,8,5.8,13.9,14:30,71,75,,55,11:10,2025-05-06 10:29:34.110127,2025-05-06 10:29:34.110127
89569,59,2016-09-12,24.2,0,20.7,06:17,27.7,13:21,7,3.9,10.8,17:40,71,77,,59,13:10,2025-05-06 10:29:34.348111,2025-05-06 10:29:34.348111
89588,59,2016-09-13,24.8,0,21.7,07:12,28,11:23,6,4.7,13.3,13:20,69,80,07:40,58,11:20,2025-05-06 10:29:34.580005,2025-05-06 10:29:34.580005
89607,59,2016-09-14,24.4,0,21.8,23:59,27.1,11:52,7,5.8,13.6,14:30,67,81,02:00,56,11:50,2025-05-06 10:29:34.818210,2025-05-06 10:29:34.818210
89626,59,2016-09-15,23.8,0,20.8,07:15,26.7,16:32,5,5.3,11.4,16:10,62,72,07:20,48,17:10,2025-05-06 10:29:35.066555,2025-05-06 10:29:35.066555
89644,59,2016-09-16,24.8,0,21.5,,28.2,15:23,3,5.8,12.8,09:10,62,73,,53,15:20,2025-05-06 10:29:35.289708,2025-05-06 10:29:35.289708
89662,59,2016-09-17,24.6,0,21.3,05:54,27.8,12:30,9,5.8,13.6,12:50,70,76,,53,11:20,2025-05-06 10:29:35.521921,2025-05-06 10:29:35.521921
89680,59,2016-09-18,24,1.2,21.2,,26.7,13:07,8,2.8,9.4,11:20,73,82,,58,13:20,2025-05-06 10:29:35.752809,2025-05-06 10:29:35.752809
89698,59,2016-09-19,25.3,0,21.4,05:42,29.2,13:15,9,4.4,13.3,15:40,71,86,06:00,51,12:40,2025-05-06 10:29:35.981929,2025-05-06 10:29:35.981929
89716,59,2016-09-20,23,0,19.9,06:54,26.1,16:25,9,4.7,12.8,13:00,72,82,07:30,59,10:20,2025-05-06 10:29:36.206463,2025-05-06 10:29:36.206463
89734,59,2016-09-21,23,0,19.7,06:48,26.3,11:05,6,5.3,13.3,15:30,70,79,07:40,57,10:50,2025-05-06 10:29:36.431213,2025-05-06 10:29:36.431213
89752,59,2016-09-22,23.1,0,19,07:07,27.2,12:42,6,5.3,13.6,11:20,69,82,07:30,56,12:40,2025-05-06 10:29:36.656042,2025-05-06 10:29:36.656042
89770,59,2016-09-23,23.8,0,20.4,05:27,27.3,14:48,1,5.6,12.8,11:40,65,75,07:00,54,12:30,2025-05-06 10:29:36.882509,2025-05-06 10:29:36.882509
89788,59,2016-09-24,24.2,0,20,02:55,28.4,12:49,4,4.7,11.7,17:10,65,76,07:20,52,11:50,2025-05-06 10:29:37.111112,2025-05-06 10:29:37.111112
89806,59,2016-09-25,24.6,0,21,06:00,28.2,12:55,2,4.2,13.3,09:50,66,79,,56,12:50,2025-05-06 10:29:37.252131,2025-05-06 10:29:37.252131
89824,59,2016-09-26,24.4,0,21.4,03:09,27.4,14:55,4,6.4,12.8,11:50,68,77,05:30,58,12:40,2025-05-06 10:29:37.378830,2025-05-06 10:29:37.378830
89842,59,2016-09-27,24.6,0,20.9,,28.3,13:13,4,4.7,12.2,11:20,67,79,07:30,54,13:10,2025-05-06 10:29:37.521443,2025-05-06 10:29:37.521443
89860,59,2016-09-28,24.8,0,21,06:47,28.6,14:51,10,4.4,12.5,12:40,75,85,06:30,62,11:40,2025-05-06 10:29:37.729327,2025-05-06 10:29:37.729327
89878,59,2016-09-29,25.4,0,21.9,07:28,28.8,15:32,33,2.5,6.1,06:10,74,83,21:40,65,,2025-05-06 10:29:37.952329,2025-05-06 10:29:37.952329
89896,59,2016-09-30,24.4,0,20.1,07:04,28.6,15:07,8,2.8,6.1,09:40,72,84,07:50,61,15:10,2025-05-06 10:29:38.159503,2025-05-06 10:29:38.159503
89914,59,2016-10-01,24,0,19.1,07:30,28.8,15:26,10,2.5,6.1,11:10,73,83,,61,15:10,2025-05-06 10:29:38.391305,2025-05-06 10:29:38.391305
89932,59,2016-10-02,22.6,0,19.6,06:33,25.5,11:02,9,3.6,10.3,12:30,76,83,07:40,63,10:30,2025-05-06 10:29:38.622817,2025-05-06 10:29:38.622817
89950,59,2016-10-03,23.6,0,20.4,06:39,26.9,15:36,2,2.8,8.6,11:00,65,81,06:00,51,12:50,2025-05-06 10:29:38.842643,2025-05-06 10:29:38.842643
89968,59,2016-10-04,24,0,21.6,04:36,26.5,13:56,36,4.2,10.6,11:10,66,77,,54,15:10,2025-05-06 10:29:39.065385,2025-05-06 10:29:39.065385
89986,59,2016-10-05,23,0,18.7,07:12,27.4,13:46,9,2.5,5.3,10:20,71,81,,59,13:50,2025-05-06 10:29:39.306512,2025-05-06 10:29:39.306512
90004,59,2016-10-06,23,0,18,,28.1,15:06,13,2.5,4.7,12:10,71,83,07:50,60,,2025-05-06 10:29:39.531848,2025-05-06 10:29:39.531848
90022,59,2016-10-07,23.8,0,19,07:10,28.7,14:54,10,2.5,6.1,10:50,74,84,,61,14:40,2025-05-06 10:29:39.768330,2025-05-06 10:29:39.768330
90040,59,2016-10-08,23.2,0,19.4,07:14,27.1,14:16,10,5.3,12.8,15:00,74,86,,63,14:00,2025-05-06 10:29:39.988753,2025-05-06 10:29:39.988753
90058,59,2016-10-09,23.2,0,19.9,04:17,26.4,15:32,5,5.3,10.3,10:10,68,77,,58,14:00,2025-05-06 10:29:40.216221,2025-05-06 10:29:40.216221
90076,59,2016-10-10,23.7,0,21.2,23:38,26.2,15:19,8,5.3,11.4,13:20,68,77,,58,16:40,2025-05-06 10:29:40.447402,2025-05-06 10:29:40.447402
90094,59,2016-10-11,23.8,0,20.6,,27.1,13:25,8,4.2,12.8,14:30,68,78,,57,13:00,2025-05-06 10:29:40.680103,2025-05-06 10:29:40.680103
90112,59,2016-10-12,23.2,0.4,18.5,05:56,28,14:08,33,3.1,10.6,16:20,69,84,07:40,59,14:10,2025-05-06 10:29:40.909534,2025-05-06 10:29:40.909534
90130,59,2016-10-13,24.4,0,22.1,,26.8,14:34,36,4.7,13.1,13:40,68,82,01:20,55,12:10,2025-05-06 10:29:41.134214,2025-05-06 10:29:41.134214
90148,59,2016-10-14,22.9,0,20,07:43,25.8,12:55,34,2.5,7.5,18:50,70,78,08:00,60,11:30,2025-05-06 10:29:41.368667,2025-05-06 10:29:41.368667
90166,59,2016-10-15,22.3,0,18.1,05:23,26.5,15:17,20,2.5,5.3,15:40,75,82,06:50,64,14:00,2025-05-06 10:29:41.591342,2025-05-06 10:29:41.591342
90184,59,2016-10-16,22.3,0,18.3,04:38,26.3,13:54,7,1.7,12.2,22:20,72,86,05:30,52,19:50,2025-05-06 10:29:41.811399,2025-05-06 10:29:41.811399
90202,59,2016-10-17,25.8,0,22.2,04:39,29.4,15:51,25,3.1,11.9,09:40,59,72,00:20,41,19:30,2025-05-06 10:29:42.028191,2025-05-06 10:29:42.028191
90220,59,2016-10-18,26.6,0,22.6,06:21,30.5,11:51,99,3.9,9.2,,49,60,06:40,34,22:40,2025-05-06 10:29:42.252593,2025-05-06 10:29:42.252593
90238,59,2016-10-19,27.6,0,23.5,06:37,31.8,13:23,36,3.3,10.3,01:40,57,67,18:00,36,11:30,2025-05-06 10:29:42.522855,2025-05-06 10:29:42.522855
90256,59,2016-10-20,24.7,0,21.3,06:40,28.1,,10,4.7,11.1,13:20,70,81,23:50,48,10:20,2025-05-06 10:29:42.757754,2025-05-06 10:29:42.757754
90274,59,2016-10-21,23.5,0,19.3,07:17,27.7,14:37,10,2.5,5.6,15:20,76,86,,65,14:40,2025-05-06 10:29:42.988759,2025-05-06 10:29:42.988759
90292,59,2016-10-22,22.4,0,18.1,07:20,26.7,13:33,22,2.8,8.3,16:20,74,85,06:40,68,18:10,2025-05-06 10:29:43.216468,2025-05-06 10:29:43.216468
90310,59,2016-10-23,22.4,0,18.8,06:59,25.9,14:41,34,4.7,12.5,19:10,79,85,,65,23:10,2025-05-06 10:29:43.450222,2025-05-06 10:29:43.450222
90328,59,2016-10-24,23,10.2,21.1,00:05,25,15:04,24,7.8,13.1,10:30,75,85,23:59,65,00:10,2025-05-06 10:29:43.683981,2025-05-06 10:29:43.683981
90346,59,2016-10-25,21.4,44.6,19.8,23:59,22.9,12:27,24,5.8,12.5,03:00,84,90,,81,13:30,2025-05-06 10:29:43.908282,2025-05-06 10:29:43.908282
90364,59,2016-10-26,21,2.4,18.5,01:06,23.4,12:25,19,6.4,14.4,14:50,86,92,,81,17:40,2025-05-06 10:29:44.122340,2025-05-06 10:29:44.122340
90382,59,2016-10-27,23.7,0,21,,26.4,15:06,13,3.3,7.5,07:00,81,90,,72,15:30,2025-05-06 10:29:44.358866,2025-05-06 10:29:44.358866
90400,59,2016-10-28,24.2,2.2,22,06:06,26.3,13:04,7,2.5,10.8,04:20,78,85,04:40,70,16:30,2025-05-06 10:29:44.586759,2025-05-06 10:29:44.586759
90418,59,2016-10-29,25,0,22.2,05:40,27.8,15:27,23,3.6,11.1,11:50,75,83,09:20,55,23:10,2025-05-06 10:29:44.822138,2025-05-06 10:29:44.822138
90436,59,2016-10-30,24.1,0,20.6,,27.6,12:51,10,2.5,7.5,15:50,66,82,22:30,56,10:40,2025-05-06 10:29:45.050643,2025-05-06 10:29:45.050643
90454,59,2016-10-31,25,0,21.5,,28.5,14:48,34,1.7,5.8,00:10,76,81,,64,14:50,2025-05-06 10:29:45.286010,2025-05-06 10:29:45.286010
90472,59,2016-11-01,23.2,0,20.7,07:21,25.8,13:32,9,3.1,6.7,13:20,79,89,08:00,70,12:30,2025-05-06 10:29:45.526092,2025-05-06 10:29:45.526092
90490,59,2016-11-02,23.3,0,19.4,07:53,27.2,13:58,10,2.5,6.1,12:00,70,88,,58,18:10,2025-05-06 10:29:45.753989,2025-05-06 10:29:45.753989
90508,59,2016-11-03,22.4,1,20.4,08:08,24.4,13:43,24,1.9,5.8,16:30,79,85,,73,19:50,2025-05-06 10:29:45.969579,2025-05-06 10:29:45.969579
90526,59,2016-11-04,22.4,1.8,20.3,23:55,24.4,15:35,18,4.4,12.2,10:40,84,87,,77,,2025-05-06 10:29:46.179578,2025-05-06 10:29:46.179578
90544,59,2016-11-05,21.3,0.2,18,07:36,24.6,14:50,22,3.9,8.9,23:20,79,88,,69,16:40,2025-05-06 10:29:46.392475,2025-05-06 10:29:46.392475
90562,59,2016-11-06,21.6,0,18.6,07:29,24.6,13:31,99,2.8,9.2,13:50,72,86,08:00,63,17:50,2025-05-06 10:29:46.629564,2025-05-06 10:29:46.629564
90580,59,2016-11-07,21.4,1.2,16.7,06:38,26,15:23,1,3.1,8.6,23:20,76,89,08:00,63,17:10,2025-05-06 10:29:46.856039,2025-05-06 10:29:46.856039
90598,59,2016-11-08,20.9,0.6,18.7,07:28,23.1,13:49,6,5.6,13.9,14:20,66,81,01:40,58,13:40,2025-05-06 10:29:47.082121,2025-05-06 10:29:47.082121
90616,59,2016-11-09,21.8,0,19.5,02:21,24.1,,6,6.1,11.4,12:50,66,77,,57,14:40,2025-05-06 10:29:47.327064,2025-05-06 10:29:47.327064
90634,59,2016-11-10,21.8,0,19.6,07:30,23.9,13:41,6,4.7,11.1,17:50,70,79,,62,,2025-05-06 10:29:47.563326,2025-05-06 10:29:47.563326
90652,59,2016-11-11,21.8,0,19.4,06:12,24.1,13:56,5,6.7,15.3,14:40,70,79,05:40,56,15:20,2025-05-06 10:29:47.793744,2025-05-06 10:29:47.793744
90670,59,2016-11-12,21.3,0,19.2,06:02,23.4,,3,6.4,13.1,07:20,69,77,,63,,2025-05-06 10:29:48.015841,2025-05-06 10:29:48.015841
90688,59,2016-11-13,21.4,0,18.6,,24.2,13:57,4,3.9,9.7,11:30,67,80,08:00,56,12:30,2025-05-06 10:29:48.184562,2025-05-06 10:29:48.184562
90706,59,2016-11-14,19.8,0,16.6,,23,14:58,8,3.9,10.8,14:00,73,87,07:50,54,17:10,2025-05-06 10:29:48.316551,2025-05-06 10:29:48.316551
90724,59,2016-11-15,22.2,0,19.6,04:47,24.9,14:17,4,4.7,10,12:50,70,82,08:00,57,15:10,2025-05-06 10:29:48.453141,2025-05-06 10:29:48.453141
90742,59,2016-11-16,22.8,0,19.7,,25.8,14:41,4,5.6,13.9,12:30,68,85,,48,12:40,2025-05-06 10:29:48.662796,2025-05-06 10:29:48.662796
90760,59,2016-11-17,23,0,19.9,06:49,26.2,15:04,1,4.4,9.2,00:20,66,84,07:40,41,14:20,2025-05-06 10:29:48.880403,2025-05-06 10:29:48.880403
90778,59,2016-11-18,23,0,20,07:11,25.9,14:21,36,4.7,9.7,20:00,68,82,,45,15:00,2025-05-06 10:29:49.117786,2025-05-06 10:29:49.117786
90796,59,2016-11-19,20.8,0,18,06:03,23.7,13:49,9,3.6,10.8,14:20,73,85,06:20,62,13:50,2025-05-06 10:29:49.382527,2025-05-06 10:29:49.382527
90814,59,2016-11-20,20.3,0,15.7,07:41,24.9,15:07,10,4.2,9.2,12:30,72,83,07:30,59,15:00,2025-05-06 10:29:49.618049,2025-05-06 10:29:49.618049
90832,59,2016-11-21,20.2,0,16.3,04:00,24.2,14:36,34,2.5,8.1,13:20,69,82,,53,14:20,2025-05-06 10:29:49.849363,2025-05-06 10:29:49.849363
90850,59,2016-11-22,18.8,1.4,16.7,23:39,20.9,15:04,35,5,16.7,15:10,71,83,11:00,61,15:10,2025-05-06 10:29:50.068960,2025-05-06 10:29:50.068960
90868,59,2016-11-23,18.4,0,15.4,07:00,21.3,,36,5,14.2,06:50,61,78,,45,13:50,2025-05-06 10:29:50.302432,2025-05-06 10:29:50.302432
90886,59,2016-11-24,17.6,0,14,23:52,21.1,13:13,36,2.5,7.5,08:30,62,79,07:20,47,12:30,2025-05-06 10:29:50.538242,2025-05-06 10:29:50.538242
90904,59,2016-11-25,16.8,0,11.6,04:58,22.1,15:06,22,4.4,11.1,15:10,67,84,06:40,52,17:00,2025-05-06 10:29:50.761767,2025-05-06 10:29:50.761767
90922,59,2016-11-26,19.6,1.6,17.3,,21.9,14:57,36,2.2,13.1,12:30,72,79,12:30,54,14:50,2025-05-06 10:29:50.987132,2025-05-06 10:29:50.987132
90940,59,2016-11-27,20.2,0,17.8,05:20,22.7,14:25,32,3.3,10.6,12:40,64,80,03:10,54,15:20,2025-05-06 10:29:51.216767,2025-05-06 10:29:51.216767
90958,59,2016-11-28,19.6,0,15.9,23:58,23.4,14:40,2,2.2,6.9,11:00,70,84,07:40,54,12:00,2025-05-06 10:29:51.441766,2025-05-06 10:29:51.441766
90976,59,2016-11-29,18,0,13.3,06:49,22.7,14:05,20,4.2,6.4,14:50,74,84,07:00,62,14:00,2025-05-06 10:29:51.666035,2025-05-06 10:29:51.666035
90994,59,2016-11-30,20.3,0,16.7,23:41,23.9,14:39,20,3.6,7.2,11:10,71,86,05:50,61,15:40,2025-05-06 10:29:51.895561,2025-05-06 10:29:51.895561
91012,59,2016-12-01,20.7,0.6,15.3,07:17,26.1,15:04,10,3.3,6.4,12:10,68,85,06:30,49,17:20,2025-05-06 10:29:52.124467,2025-05-06 10:29:52.124467
91030,59,2016-12-02,21.6,0,18.4,03:30,24.9,14:32,22,3.3,10.8,23:10,76,87,,58,00:40,2025-05-06 10:29:52.362429,2025-05-06 10:29:52.362429
91048,59,2016-12-03,21.6,0.8,20,23:24,23.2,12:54,22,6.1,14.4,04:00,84,89,02:20,73,15:40,2025-05-06 10:29:52.591266,2025-05-06 10:29:52.591266
91066,59,2016-12-04,21.6,0,19.5,23:46,23.8,12:57,35,3.1,10,16:30,63,84,00:10,53,13:00,2025-05-06 10:29:52.816342,2025-05-06 10:29:52.816342
91084,59,2016-12-05,21.2,0,17.8,07:46,24.6,13:11,32,2.2,8.9,17:10,72,85,,66,12:50,2025-05-06 10:29:53.057371,2025-05-06 10:29:53.057371
91102,59,2016-12-06,21.5,0,19.6,22:21,23.4,15:05,4,3.6,9.2,14:50,71,79,04:50,63,14:40,2025-05-06 10:29:53.277870,2025-05-06 10:29:53.277870
91120,59,2016-12-07,20.8,0,18.4,23:54,23.2,15:04,10,3.6,10,13:00,70,83,23:20,64,15:50,2025-05-06 10:29:53.516866,2025-05-06 10:29:53.516866
91138,59,2016-12-08,20.6,0,17.4,08:07,23.9,16:21,6,1.9,5.8,23:10,66,87,03:50,46,19:20,2025-05-06 10:29:53.746679,2025-05-06 10:29:53.746679
91156,59,2016-12-09,21.9,0,19.7,21:43,24.1,14:15,10,4.2,9.7,01:00,60,71,,51,14:30,2025-05-06 10:29:53.988273,2025-05-06 10:29:53.988273
91174,59,2016-12-10,19.8,0,16.8,08:15,22.8,12:37,11,3.1,11.1,00:20,63,77,08:40,54,18:30,2025-05-06 10:29:54.234490,2025-05-06 10:29:54.234490
91192,59,2016-12-11,19.6,0,15.8,05:52,23.4,15:34,10,3.1,5.8,12:50,70,81,07:50,53,15:00,2025-05-06 10:29:54.461239,2025-05-06 10:29:54.461239
91210,59,2016-12-12,19.8,0,16.9,03:32,22.7,13:36,5,3.3,16.4,08:50,60,76,05:40,46,09:30,2025-05-06 10:29:54.697008,2025-05-06 10:29:54.697008
91228,59,2016-12-13,19.6,0,15.7,07:46,23.4,14:32,10,2.5,7.5,10:50,71,88,08:10,56,18:40,2025-05-06 10:29:54.940702,2025-05-06 10:29:54.940702
91246,59,2016-12-14,17.7,0,12.1,06:30,23.3,13:21,9,3.3,9.4,15:10,59,79,23:20,45,13:10,2025-05-06 10:29:55.103691,2025-05-06 10:29:55.103691
91264,59,2016-12-15,19.8,0,16.8,01:04,22.8,14:34,34,4.4,10.8,18:20,60,83,04:30,45,14:40,2025-05-06 10:29:55.319425,2025-05-06 10:29:55.319425
91282,59,2016-12-16,19.3,0,16.8,06:52,21.8,,1,4.2,13.3,14:40,61,68,10:00,50,16:10,2025-05-06 10:29:55.564671,2025-05-06 10:29:55.564671
91300,59,2016-12-17,17.9,0,15.3,23:59,20.5,14:03,35,5.8,14.2,09:20,59,74,22:30,39,12:30,2025-05-06 10:29:55.802059,2025-05-06 10:29:55.802059
91318,59,2016-12-18,17.4,0,13.5,07:20,21.3,13:15,36,3.1,10.8,15:00,60,79,08:10,46,15:00,2025-05-06 10:29:56.046141,2025-05-06 10:29:56.046141
91336,59,2016-12-19,18.2,0.2,14.6,23:52,21.8,14:15,2,2.2,9.4,15:50,68,81,,44,16:00,2025-05-06 10:29:56.295171,2025-05-06 10:29:56.295171
91354,59,2016-12-20,16.4,0,11.8,07:40,21.1,12:12,8,4.2,9.7,16:00,68,82,07:30,54,11:20,2025-05-06 10:29:56.533341,2025-05-06 10:29:56.533341
91372,59,2016-12-21,17.4,0,13.8,02:44,20.9,15:00,6,4.7,13.6,10:30,66,82,,52,12:10,2025-05-06 10:29:56.768327,2025-05-06 10:29:56.768327
91390,59,2016-12-22,19.4,0,18.2,19:40,20.6,16:04,4,6.9,15.8,23:59,67,75,03:50,47,15:40,2025-05-06 10:29:57.016563,2025-05-06 10:29:57.016563
91408,59,2016-12-23,18.8,0,18,15:23,19.5,00:01,6,5.8,18.6,21:50,55,73,04:10,42,13:40,2025-05-06 10:29:57.252732,2025-05-06 10:29:57.252732
91426,59,2016-12-24,19.4,0.8,18.6,05:47,20.1,,4,7.2,18.9,10:50,55,69,23:59,47,,2025-05-06 10:29:57.495974,2025-05-06 10:29:57.495974
91444,59,2016-12-25,18.8,0,17.9,07:50,19.6,23:04,10,7.2,21.7,11:40,55,74,04:00,49,23:10,2025-05-06 10:29:57.731286,2025-05-06 10:29:57.731286
91462,59,2016-12-26,19.2,0,18.5,08:09,20,16:04,9,8.6,21.4,06:00,54,70,00:00,44,12:50,2025-05-06 10:29:57.967441,2025-05-06 10:29:57.967441
91480,59,2016-12-27,18.9,0,17.9,07:57,19.9,15:24,10,6.9,18.1,01:10,55,70,22:10,47,01:10,2025-05-06 10:29:58.217102,2025-05-06 10:29:58.217102
91498,59,2016-12-28,19.3,0,18,07:37,20.6,14:07,2,7.5,15.3,18:50,58,70,00:20,51,14:00,2025-05-06 10:29:58.462753,2025-05-06 10:29:58.462753
91516,59,2016-12-29,19.4,0,18,07:46,20.9,15:23,99,7.8,15,,57,68,00:40,50,13:30,2025-05-06 10:29:58.705511,2025-05-06 10:29:58.705511
91534,59,2016-12-30,19.4,0,17.7,08:15,21,14:36,8,5.8,14.7,02:50,53,64,01:20,45,16:50,2025-05-06 10:29:58.941663,2025-05-06 10:29:58.941663
91552,59,2016-12-31,19.6,0,17.4,,21.7,14:22,11,7.8,12.8,07:50,58,67,00:10,48,15:30,2025-05-06 10:29:59.082198,2025-05-06 10:29:59.082198
91570,59,2017-01-01,17.1,0,13.3,23:21,20.9,16:22,12,6.4,11.1,08:00,53,70,23:59,42,15:10,2025-05-06 10:29:59.207917,2025-05-06 10:29:59.207917
91588,59,2017-01-02,17.8,0.2,14.3,00:01,21.2,,19,6.1,11.4,12:40,59,75,00:30,54,,2025-05-06 10:29:59.369040,2025-05-06 10:29:59.369040
91606,59,2017-01-03,19.6,0,16.8,20:35,22.5,16:02,99,3.6,10,03:50,53,70,00:10,39,17:40,2025-05-06 10:29:59.601313,2025-05-06 10:29:59.601313
91624,59,2017-01-04,18.8,0,14.8,23:15,22.8,15:24,12,2.2,7.5,01:40,50,65,,40,19:40,2025-05-06 10:29:59.817342,2025-05-06 10:29:59.817342
91642,59,2017-01-05,16.8,0,12.1,07:20,21.5,15:53,4,2.5,10,19:50,61,77,,42,21:50,2025-05-06 10:31:11.368401,2025-05-06 10:31:11.368401
91660,59,2017-01-06,18,0,13.4,00:57,22.6,15:46,3,3.1,8.9,07:00,54,75,07:40,30,22:40,2025-05-06 10:31:11.640239,2025-05-06 10:31:11.640239
91678,59,2017-01-07,19.4,0,17.7,07:55,21,,7,5,10.8,20:10,53,70,03:40,30,18:40,2025-05-06 10:31:11.879845,2025-05-06 10:31:11.879845
91696,59,2017-01-08,19.2,0,17.6,07:37,20.8,14:55,6,5.6,15.8,22:00,55,68,01:20,42,15:40,2025-05-06 10:31:12.109597,2025-05-06 10:31:12.109597
91714,59,2017-01-09,19.1,0,16.7,09:10,21.5,16:02,4,4.7,13.6,00:10,56,76,23:59,48,10:10,2025-05-06 10:31:12.349274,2025-05-06 10:31:12.349274
91732,59,2017-01-10,18.3,0,14.9,07:51,21.7,14:38,3,4.4,11.7,12:20,66,77,00:40,53,15:00,2025-05-06 10:31:12.587408,2025-05-06 10:31:12.587408
91750,59,2017-01-11,18.4,0,15.5,07:56,21.2,14:56,4,4.4,11.4,10:40,67,78,23:59,58,14:30,2025-05-06 10:31:12.814875,2025-05-06 10:31:12.814875
91768,59,2017-01-12,19.2,0,17,,21.4,18:16,99,5.6,13.3,,57,79,01:00,39,16:40,2025-05-06 10:31:13.053646,2025-05-06 10:31:13.053646
91786,59,2017-01-13,18.6,0,16.4,22:59,20.8,14:33,11,4.2,10,10:00,50,63,00:20,35,18:30,2025-05-06 10:31:13.286322,2025-05-06 10:31:13.286322
91804,59,2017-01-14,18.8,0,16.6,,20.9,12:30,7,5.3,11.7,15:10,67,75,,52,00:10,2025-05-06 10:31:13.520051,2025-05-06 10:31:13.520051
91822,59,2017-01-15,18.1,0,16.6,07:39,19.6,14:22,2,5,15.3,23:30,59,72,23:59,51,14:20,2025-05-06 10:31:13.760094,2025-05-06 10:31:13.760094
91840,59,2017-01-16,18.7,0,16.8,05:41,20.6,16:51,7,5.6,14.7,09:00,56,79,07:40,40,,2025-05-06 10:31:14.007356,2025-05-06 10:31:14.007356
91858,59,2017-01-17,16.8,0,13.8,07:49,19.7,12:40,5,3.6,12.5,00:40,69,84,08:40,60,00:20,2025-05-06 10:31:14.245601,2025-05-06 10:31:14.245601
91876,59,2017-01-18,15.8,0,12,04:04,19.5,14:08,36,3.3,8.9,15:20,53,75,02:00,39,16:30,2025-05-06 10:31:14.477367,2025-05-06 10:31:14.477367
91894,59,2017-01-19,17,0,13.6,01:51,20.3,13:03,34,3.1,16.7,16:50,60,77,,45,,2025-05-06 10:31:14.714733,2025-05-06 10:31:14.714733
91912,59,2017-01-20,16.6,0.2,11.9,08:09,21.4,15:40,4,3.1,6.7,10:50,65,79,02:00,51,15:00,2025-05-06 10:31:14.951008,2025-05-06 10:31:14.951008
91929,59,2017-01-21,16.5,0,12.4,06:07,20.6,13:48,34,3.6,12.5,14:50,66,87,04:50,45,13:30,2025-05-06 10:31:15.091663,2025-05-06 10:31:15.091663
91946,59,2017-01-22,15.8,0,11.7,07:47,19.9,14:19,6,3.3,10,15:00,56,81,,41,13:30,2025-05-06 10:31:15.210491,2025-05-06 10:31:15.210491
91963,59,2017-01-23,15.6,0,12,06:45,19.3,13:45,12,2.8,11.4,14:50,72,79,10:50,66,17:40,2025-05-06 10:31:15.363705,2025-05-06 10:31:15.363705
91980,59,2017-01-24,16.6,0,12.8,06:21,20.4,13:40,8,5.6,11.7,14:40,62,78,,51,13:00,2025-05-06 10:31:15.583874,2025-05-06 10:31:15.583874
91997,59,2017-01-25,16.6,0,13.9,23:29,19.4,15:00,6,3.9,9.4,12:00,66,73,,58,11:20,2025-05-06 10:31:15.807052,2025-05-06 10:31:15.807052
92014,59,2017-01-26,15.2,0,9.8,07:20,20.5,16:03,99,4.4,8.9,14:50,72,81,07:30,61,16:10,2025-05-06 10:31:16.035564,2025-05-06 10:31:16.035564
92031,59,2017-01-27,18,0,14.5,05:31,21.5,12:55,7,2.5,6.9,23:30,71,80,04:40,63,13:00,2025-05-06 10:31:16.254212,2025-05-06 10:31:16.254212
92048,59,2017-01-28,17,0,13.6,08:31,20.4,14:59,9,2.8,12.2,15:20,66,80,08:20,52,14:30,2025-05-06 10:31:16.475396,2025-05-06 10:31:16.475396
92065,59,2017-01-29,16.8,0,12.8,07:33,20.8,16:16,5,4.2,10.6,12:20,66,81,08:20,56,16:20,2025-05-06 10:31:16.708316,2025-05-06 10:31:16.708316
92082,59,2017-01-30,16.8,0,13.3,08:15,20.3,,10,4.4,11.1,14:20,75,86,08:20,64,11:30,2025-05-06 10:31:16.941406,2025-05-06 10:31:16.941406
92099,59,2017-01-31,18.6,0.2,15.8,04:17,21.4,15:23,33,4.2,14.4,15:10,64,83,10:20,48,15:20,2025-05-06 10:31:17.176173,2025-05-06 10:31:17.176173
92116,59,2017-02-01,17.5,0,14.3,05:50,20.7,13:24,7,4.7,11.4,14:00,57,75,,43,12:30,2025-05-06 10:31:17.402794,2025-05-06 10:31:17.402794
92133,59,2017-02-02,15.8,0,10.9,06:59,20.6,12:09,13,1.9,4.2,12:50,72,82,,65,12:00,2025-05-06 10:31:17.640302,2025-05-06 10:31:17.640302
92149,59,2017-02-03,17.2,0,12,07:11,22.5,15:01,10,3.9,5.8,13:10,77,87,,64,15:10,2025-05-06 10:31:17.862719,2025-05-06 10:31:17.862719
92166,59,2017-02-04,16.2,0,12.5,07:35,20,14:34,8,4.7,12.8,13:20,73,90,08:10,59,14:40,2025-05-06 10:31:18.122424,2025-05-06 10:31:18.122424
92183,59,2017-02-05,18.5,0,14.1,01:16,22.9,15:07,3,5,12.8,17:00,69,85,07:20,55,13:50,2025-05-06 10:31:18.353980,2025-05-06 10:31:18.353980
92200,59,2017-02-06,18.6,0,15.7,23:58,21.6,12:20,10,3.9,12.5,13:30,74,80,05:50,61,,2025-05-06 10:31:18.578477,2025-05-06 10:31:18.578477
92217,59,2017-02-07,17.9,0,12.5,08:18,23.3,,99,3.6,9.7,13:50,72,88,,53,15:30,2025-05-06 10:31:18.819969,2025-05-06 10:31:18.819969
92234,59,2017-02-08,18.3,0,13.9,06:10,22.7,13:36,6,5.3,10,16:40,67,87,06:20,54,13:40,2025-05-06 10:31:19.055261,2025-05-06 10:31:19.055261
92252,59,2017-02-09,16.8,0,12,07:11,21.7,13:43,34,3.1,11.1,16:20,66,83,07:30,43,16:30,2025-05-06 10:31:19.300006,2025-05-06 10:31:19.300006
92270,59,2017-02-10,16.6,0.6,13.4,04:46,19.7,14:56,1,3.3,13.9,15:10,65,87,08:20,53,14:50,2025-05-06 10:31:19.536338,2025-05-06 10:31:19.536338
92287,59,2017-02-11,19.4,0.6,16.6,00:01,22.1,14:49,22,6.1,14.4,07:50,67,87,23:20,51,15:00,2025-05-06 10:31:19.764242,2025-05-06 10:31:19.764242
92304,59,2017-02-12,18,0.6,16,23:27,19.9,11:31,22,7.5,22.2,10:10,72,87,05:30,52,17:40,2025-05-06 10:31:19.992896,2025-05-06 10:31:19.992896
92321,59,2017-02-13,16.2,0,11.1,07:39,21.4,,20,3.9,7.8,13:10,70,84,07:10,58,16:40,2025-05-06 10:31:20.230922,2025-05-06 10:31:20.230922
92338,59,2017-02-14,16.5,0,11.1,07:08,21.9,16:42,10,2.8,6.1,18:20,72,84,07:50,55,20:20,2025-05-06 10:31:20.455918,2025-05-06 10:31:20.455918
92355,59,2017-02-15,17.6,1.6,13.3,04:41,21.8,16:55,9,3.3,7.2,15:40,71,87,,52,16:40,2025-05-06 10:31:20.691865,2025-05-06 10:31:20.691865
92372,59,2017-02-16,20.7,0,16.2,,25.2,16:01,99,2.8,9.2,22:30,66,82,02:30,26,22:20,2025-05-06 10:31:20.919790,2025-05-06 10:31:20.919790
92389,59,2017-02-17,23.2,0,19.1,08:12,27.2,16:51,2,4.7,16.9,11:40,29,56,07:50,21,17:20,2025-05-06 10:31:21.156991,2025-05-06 10:31:21.156991
92407,59,2017-02-18,21.2,0,17.7,23:32,24.8,13:42,2,6.4,14.2,23:10,47,66,,34,00:00,2025-05-06 10:31:21.396019,2025-05-06 10:31:21.396019
92425,59,2017-02-19,19.1,0,16.8,23:58,21.4,12:50,3,4.2,12.2,00:40,61,75,23:59,47,15:30,2025-05-06 10:31:21.626052,2025-05-06 10:31:21.626052
92443,59,2017-02-20,17.5,0,14,07:30,21,15:26,35,5.3,14.7,13:00,64,78,01:10,48,15:00,2025-05-06 10:31:21.870973,2025-05-06 10:31:21.870973
92461,59,2017-02-21,17.9,6.8,15.2,08:10,20.6,15:21,34,5,13.6,12:30,69,82,,53,15:10,2025-05-06 10:31:22.119990,2025-05-06 10:31:22.119990
92479,59,2017-02-22,18.4,0,15.8,02:21,20.9,15:24,36,5.8,12.8,16:30,66,84,05:40,54,14:20,2025-05-06 10:31:22.371002,2025-05-06 10:31:22.371002
92497,59,2017-02-23,18.3,0.2,14.6,07:45,22,14:39,2,3.6,10.6,13:40,60,84,08:10,44,14:50,2025-05-06 10:31:22.608370,2025-05-06 10:31:22.608370
92515,59,2017-02-24,17.7,0,14.4,03:59,21,16:43,35,3.3,10.3,19:10,63,82,06:00,49,17:10,2025-05-06 10:31:22.840328,2025-05-06 10:31:22.840328
92533,59,2017-02-25,18.6,0,15.9,05:44,21.4,13:38,8,3.9,13.1,14:50,60,72,,48,11:30,2025-05-06 10:31:23.094978,2025-05-06 10:31:23.094978
92551,59,2017-02-26,18.6,0,16,23:57,21.1,14:48,7,4.4,10.8,13:50,59,69,00:00,49,13:20,2025-05-06 10:31:23.344385,2025-05-06 10:31:23.344385
92569,59,2017-02-27,17.5,0,13.8,06:30,21.2,12:48,4,4.4,10,16:40,65,78,,52,11:30,2025-05-06 10:31:23.589556,2025-05-06 10:31:23.589556
92587,59,2017-02-28,17.9,0,14.5,05:54,21.3,12:54,8,4.2,10.3,14:20,65,77,06:10,56,15:30,2025-05-06 10:31:23.832341,2025-05-06 10:31:23.832341
92605,59,2017-03-01,19.4,0,16.1,,22.6,13:00,36,5,10.8,19:40,65,78,00:20,54,12:40,2025-05-06 10:31:24.075130,2025-05-06 10:31:24.075130
92623,59,2017-03-02,21,0,17,05:01,24.9,14:18,34,4.2,14.4,21:30,63,80,02:10,37,13:50,2025-05-06 10:31:24.316793,2025-05-06 10:31:24.316793
92641,59,2017-03-03,18.8,0,15.3,23:55,22.2,15:06,34,6.1,14.2,17:10,59,72,00:00,45,15:10,2025-05-06 10:31:24.555048,2025-05-06 10:31:24.555048
92659,59,2017-03-04,18,0,14.1,06:27,21.8,15:55,2,5.3,12.5,13:40,57,75,22:40,44,,2025-05-06 10:31:24.806484,2025-05-06 10:31:24.806484
92677,59,2017-03-05,19.6,0,16.6,06:59,22.6,14:21,3,6.4,15.8,15:50,67,77,07:50,55,12:40,2025-05-06 10:31:25.055010,2025-05-06 10:31:25.055010
92695,59,2017-03-06,20.8,0,17.4,,24.3,15:15,4,6.1,15.8,00:40,65,80,04:40,49,15:40,2025-05-06 10:31:25.306405,2025-05-06 10:31:25.306405
92713,59,2017-03-07,22.4,0,17.4,,27.4,15:52,34,5.3,11.9,07:20,62,83,06:30,34,16:00,2025-05-06 10:31:25.550903,2025-05-06 10:31:25.550903
92731,59,2017-03-08,23.2,0,18.8,04:02,27.7,16:05,11,3.6,10.3,22:40,48,71,20:30,30,10:00,2025-05-06 10:31:25.752586,2025-05-06 10:31:25.752586
92749,59,2017-03-09,25.3,0,19.9,01:46,30.7,15:57,36,2.8,11.1,03:10,36,61,01:00,19,20:40,2025-05-06 10:31:25.880934,2025-05-06 10:31:25.880934
92767,59,2017-03-10,25.8,0,20.1,07:25,31.4,15:56,7,2.5,10.6,01:50,30,53,18:40,17,15:30,2025-05-06 10:31:26.013709,2025-05-06 10:31:26.013709
92785,59,2017-03-11,25.9,0,21,07:09,30.8,16:14,3,5.6,16.1,08:50,31,48,06:30,15,19:10,2025-05-06 10:31:26.151252,2025-05-06 10:31:26.151252
92803,59,2017-03-12,22.4,0,17.8,23:42,27,13:10,5,7.2,14.2,,45,73,22:50,31,05:40,2025-05-06 10:31:26.349682,2025-05-06 10:31:26.349682
92821,59,2017-03-13,19.6,0,16.9,07:34,22.4,14:23,2,8.9,15,09:10,63,75,,50,13:50,2025-05-06 10:31:26.569270,2025-05-06 10:31:26.569270
92839,59,2017-03-14,18.4,0,15,23:57,21.7,13:20,9,3.9,13.1,16:10,56,66,06:10,41,12:00,2025-05-06 10:31:26.813268,2025-05-06 10:31:26.813268
92857,59,2017-03-15,16.8,0,11.9,06:11,21.6,14:27,33,4.2,11.9,16:10,57,74,,42,14:30,2025-05-06 10:31:27.066122,2025-05-06 10:31:27.066122
92875,59,2017-03-16,18.6,0.4,15.9,,21.4,16:08,34,4.2,10.3,16:30,62,72,,43,17:30,2025-05-06 10:31:27.313810,2025-05-06 10:31:27.313810
92893,59,2017-03-17,19.3,0,15.5,07:20,23.1,14:08,33,3.3,11.4,16:40,57,81,,43,12:40,2025-05-06 10:31:27.557898,2025-05-06 10:31:27.557898
92911,59,2017-03-18,18.4,0.2,13.4,07:33,23.5,15:18,10,1.7,6.1,12:10,71,80,,48,15:10,2025-05-06 10:31:27.803320,2025-05-06 10:31:27.803320
92928,59,2017-03-19,17,12.2,12.9,05:45,21.1,11:16,35,2.8,10,13:10,76,84,03:40,52,11:10,2025-05-06 10:31:28.038242,2025-05-06 10:31:28.038242
92945,59,2017-03-20,18.5,1.4,15.6,,21.4,14:31,1,3.9,10.3,21:50,69,83,,61,12:00,2025-05-06 10:31:28.280775,2025-05-06 10:31:28.280775
92963,59,2017-03-21,18.4,0,14.9,03:34,21.8,14:43,5,6.4,12.2,15:30,61,76,03:30,49,12:30,2025-05-06 10:31:28.526793,2025-05-06 10:31:28.526793
92981,59,2017-03-22,18.8,0,16.4,07:21,21.2,14:07,5,5.8,13.1,11:10,58,67,,50,12:00,2025-05-06 10:31:28.761943,2025-05-06 10:31:28.761943
92999,59,2017-03-23,18.3,0,15.9,22:45,20.7,15:55,4,5.8,14.7,09:50,52,63,,39,16:30,2025-05-06 10:31:29.002924,2025-05-06 10:31:29.002924
93017,59,2017-03-24,16.6,0,13.5,06:36,19.6,11:36,8,4.7,12.8,15:30,62,71,07:30,47,11:30,2025-05-06 10:31:29.228976,2025-05-06 10:31:29.228976
93035,59,2017-03-25,16.6,0,13.2,07:09,20,14:43,10,4.2,10,11:30,62,73,07:10,50,10:10,2025-05-06 10:31:29.464835,2025-05-06 10:31:29.464835
93053,59,2017-03-26,17.3,0,10.9,07:28,23.7,14:33,34,3.3,11.4,16:20,61,80,07:40,41,14:50,2025-05-06 10:31:29.685810,2025-05-06 10:31:29.685810
93071,59,2017-03-27,19.4,0,13.8,07:15,25,15:37,4,1.9,8.6,21:10,63,80,07:30,51,14:30,2025-05-06 10:31:29.920214,2025-05-06 10:31:29.920214
93089,59,2017-03-28,18.4,0,15,,21.8,17:30,11,5.3,13.6,15:10,65,79,04:10,51,11:10,2025-05-06 10:31:30.156255,2025-05-06 10:31:30.156255
93107,59,2017-03-29,19.4,0,14.6,06:51,24.2,17:11,9,4.2,14.2,15:10,68,78,23:40,42,10:10,2025-05-06 10:31:30.389267,2025-05-06 10:31:30.389267
93125,59,2017-03-30,20.8,0,15.1,06:06,26.4,13:00,36,2.8,11.4,23:10,60,82,04:30,44,,2025-05-06 10:31:30.621251,2025-05-06 10:31:30.621251
93143,59,2017-03-31,24.7,0,19.9,02:33,29.5,14:16,32,5.3,13.6,23:59,31,58,02:40,24,12:20,2025-05-06 10:31:30.857844,2025-05-06 10:31:30.857844
93161,59,2017-04-01,24.4,0,19.9,04:38,28.8,16:38,33,4.4,16.1,00:50,44,64,,29,11:40,2025-05-06 10:31:31.102724,2025-05-06 10:31:31.102724
93179,59,2017-04-02,23.3,0,19.7,,26.9,17:45,9,4.7,11.1,15:10,55,67,00:10,45,04:40,2025-05-06 10:31:31.336834,2025-05-06 10:31:31.336834
93197,59,2017-04-03,22.6,0,17.7,,27.5,14:49,3,5,11.4,16:40,45,67,04:10,29,16:40,2025-05-06 10:31:31.573736,2025-05-06 10:31:31.573736
93215,59,2017-04-04,22.1,0,17.8,06:21,26.4,16:05,99,3.1,10,,55,70,21:50,34,10:50,2025-05-06 10:31:31.797086,2025-05-06 10:31:31.797086
93233,59,2017-04-05,21.9,0,17.4,,26.4,14:32,12,4.4,10.8,12:30,58,72,06:00,36,11:30,2025-05-06 10:31:32.031051,2025-05-06 10:31:32.031051
93251,59,2017-04-06,19.8,0,16.6,06:05,23.1,13:23,33,5.6,15,16:20,58,72,02:30,45,13:20,2025-05-06 10:31:32.276687,2025-05-06 10:31:32.276687
93269,59,2017-04-07,20.4,0,17.1,,23.7,14:55,34,5.8,15,16:30,59,71,,44,15:30,2025-05-06 10:31:32.520451,2025-05-06 10:31:32.520451
93286,59,2017-04-08,20.3,0,15.8,05:46,24.8,15:07,12,4.7,9.4,11:20,67,74,,54,15:20,2025-05-06 10:31:32.756240,2025-05-06 10:31:32.756240
93304,59,2017-04-09,21.4,0,17.4,,25.4,15:04,36,3.3,10.3,20:00,65,76,06:20,51,18:40,2025-05-06 10:31:32.996720,2025-05-06 10:31:32.996720
93322,59,2017-04-10,19.8,0,14.7,,25,14:27,17,2.5,4.4,11:30,64,78,05:40,50,14:10,2025-05-06 10:31:33.230475,2025-05-06 10:31:33.230475
93340,59,2017-04-11,18.8,0,15.8,07:13,21.9,18:10,8,3.9,12.5,11:10,70,79,07:00,55,14:30,2025-05-06 10:31:33.474482,2025-05-06 10:31:33.474482
93358,59,2017-04-12,20.4,0,17.9,04:32,22.9,17:55,10,4.4,15.3,15:10,70,79,10:00,55,11:40,2025-05-06 10:31:33.718449,2025-05-06 10:31:33.718449
93376,59,2017-04-13,20.3,0,17.4,06:52,23.2,16:57,10,4.7,12.2,13:50,69,81,06:50,56,18:30,2025-05-06 10:31:33.961463,2025-05-06 10:31:33.961463
93394,59,2017-04-14,19.6,0,16.7,06:37,22.4,15:08,7,5.3,13.6,14:20,76,84,07:00,67,14:40,2025-05-06 10:31:34.183626,2025-05-06 10:31:34.183626
93412,59,2017-04-15,20,0,17.3,06:29,22.6,,10,5.8,12.8,11:30,72,80,,40,20:30,2025-05-06 10:31:34.443148,2025-05-06 10:31:34.443148
93430,59,2017-04-16,24.8,0,19,,30.7,16:17,5,4.2,10.6,15:50,51,77,06:20,20,15:30,2025-05-06 10:31:34.682408,2025-05-06 10:31:34.682408
93448,59,2017-04-17,28.5,0,22.8,,34.2,13:12,10,3.9,15.8,15:10,29,66,22:00,13,13:00,2025-05-06 10:31:34.923752,2025-05-06 10:31:34.923752
93466,59,2017-04-18,23.8,0,18.9,06:49,28.6,15:06,10,5,8.6,18:00,58,82,23:40,33,09:00,2025-05-06 10:31:35.168694,2025-05-06 10:31:35.168694
93484,59,2017-04-19,22.8,0,19.1,04:54,26.6,16:16,1,3.3,10.6,19:00,68,84,00:40,50,16:10,2025-05-06 10:31:35.416464,2025-05-06 10:31:35.416464
93502,59,2017-04-20,22,0,19.4,,24.6,13:53,36,3.1,11.7,16:40,53,72,00:30,39,14:40,2025-05-06 10:31:35.673578,2025-05-06 10:31:35.673578
93520,59,2017-04-21,21.8,0,17.5,06:47,26.2,15:06,34,3.6,11.7,17:20,60,74,06:40,43,11:50,2025-05-06 10:31:35.918530,2025-05-06 10:31:35.918530
93538,59,2017-04-22,21.2,0,17.9,05:56,24.5,11:20,9,5,13.9,14:00,61,74,05:50,44,11:20,2025-05-06 10:31:36.156065,2025-05-06 10:31:36.156065
93556,59,2017-04-23,21.5,0,17.8,06:27,25.2,14:53,3,4.4,10.6,17:50,57,76,06:20,45,16:20,2025-05-06 10:31:36.406046,2025-05-06 10:31:36.406046
93574,59,2017-04-24,22.2,0,18.1,06:27,26.3,15:14,10,3.9,11.1,11:10,66,76,06:30,48,10:30,2025-05-06 10:31:36.587021,2025-05-06 10:31:36.587021
93592,59,2017-04-25,21.1,0,16.1,06:41,26.1,15:07,10,3.1,7.5,11:10,66,77,,52,16:00,2025-05-06 10:31:36.709061,2025-05-06 10:31:36.709061
93610,59,2017-04-26,22.2,0,19.7,02:04,24.6,13:38,22,4.7,8.9,18:00,72,83,,63,13:10,2025-05-06 10:31:36.851077,2025-05-06 10:31:36.851077
93629,59,2017-04-27,22.7,0.6,20.7,,24.7,14:54,22,6.4,11.4,14:00,80,87,05:50,71,,2025-05-06 10:31:37.068251,2025-05-06 10:31:37.068251
93648,59,2017-04-28,22.8,0,20.3,04:11,25.4,14:46,22,5,12.2,11:10,80,89,03:50,70,14:40,2025-05-06 10:31:37.315177,2025-05-06 10:31:37.315177
93667,59,2017-04-29,23.5,0,20.2,06:33,26.8,15:31,26,3.6,10.3,17:30,71,88,06:50,46,15:40,2025-05-06 10:31:37.551818,2025-05-06 10:31:37.551818
93686,59,2017-04-30,21.7,0,19.1,07:12,24.3,11:17,6,5.6,11.4,17:00,66,79,05:10,47,11:20,2025-05-06 10:31:37.778140,2025-05-06 10:31:37.778140
93705,59,2017-05-01,21.6,0,18.1,02:34,25.2,15:51,9,5,12.5,13:20,60,70,20:30,49,11:20,2025-05-06 10:31:38.031260,2025-05-06 10:31:38.031260
93724,59,2017-05-02,22.2,0,18.8,06:29,25.7,14:20,10,3.1,8.9,10:50,61,71,02:10,54,14:10,2025-05-06 10:31:38.284882,2025-05-06 10:31:38.284882
93743,59,2017-05-03,22.5,0,17.1,06:32,27.9,15:47,34,3.9,10.3,19:10,62,72,05:20,48,16:00,2025-05-06 10:31:38.531002,2025-05-06 10:31:38.531002
93762,59,2017-05-04,20.4,0,16.1,06:20,24.8,17:40,22,3.9,9.7,16:30,63,78,06:50,48,17:50,2025-05-06 10:31:38.765197,2025-05-06 10:31:38.765197
93781,59,2017-05-05,23.2,0,20.1,23:51,26.2,16:01,99,2.5,5.3,,63,75,09:50,48,16:20,2025-05-06 10:31:39.017132,2025-05-06 10:31:39.017132
93800,59,2017-05-06,20.4,0,16.9,06:26,23.8,15:45,9,4.4,11.9,11:10,71,76,06:30,60,08:50,2025-05-06 10:31:39.254164,2025-05-06 10:31:39.254164
93819,59,2017-05-07,21.2,0,17.6,06:15,24.8,18:49,9,5,12.8,11:20,71,82,06:50,59,18:40,2025-05-06 10:31:39.510977,2025-05-06 10:31:39.510977
93838,59,2017-05-08,21.9,1.4,19.6,,24.2,11:55,10,4.4,14.4,15:10,75,83,20:50,64,11:30,2025-05-06 10:31:39.755483,2025-05-06 10:31:39.755483
93857,59,2017-05-09,23.1,0,20.2,05:01,26,16:45,99,4.2,9.4,,72,82,04:40,59,16:40,2025-05-06 10:31:40.003909,2025-05-06 10:31:40.003909
93876,59,2017-05-10,23.2,0,19.8,,26.7,16:18,24,2.8,10.6,14:00,54,80,00:20,38,,2025-05-06 10:31:40.260041,2025-05-06 10:31:40.260041
93895,59,2017-05-11,23.6,0,20.8,02:54,26.4,16:26,34,5.6,10.8,16:40,66,81,05:50,38,15:50,2025-05-06 10:31:40.520788,2025-05-06 10:31:40.520788
93914,59,2017-05-12,22.9,0,18.7,05:39,27.1,11:57,36,4.2,10.8,18:20,62,75,06:10,51,,2025-05-06 10:31:40.772908,2025-05-06 10:31:40.772908
93933,59,2017-05-13,22.2,0,18.5,06:13,25.8,11:21,9,4.2,12.8,12:50,63,76,,47,11:10,2025-05-06 10:31:41.027179,2025-05-06 10:31:41.027179
93952,59,2017-05-14,23.2,0,19.2,,27.1,14:51,35,6.7,15,11:10,54,73,06:00,37,15:50,2025-05-06 10:31:41.278982,2025-05-06 10:31:41.278982
93971,59,2017-05-15,24.1,0,19.6,04:59,28.6,16:23,10,6.1,13.9,13:20,61,73,02:20,44,11:20,2025-05-06 10:31:41.523912,2025-05-06 10:31:41.523912
93990,59,2017-05-16,24.4,0,19.9,06:43,29,15:41,36,3.6,9.2,02:10,65,74,,52,00:00,2025-05-06 10:31:41.776146,2025-05-06 10:31:41.776146
94009,59,2017-05-17,24.1,0,19.7,06:25,28.5,14:09,32,3.9,11.4,08:30,64,78,06:40,53,18:20,2025-05-06 10:31:42.024485,2025-05-06 10:31:42.024485
94027,59,2017-05-18,24,0,20.5,06:09,27.4,14:37,4,8.3,17.2,12:00,59,76,06:40,45,15:00,2025-05-06 10:31:42.265619,2025-05-06 10:31:42.265619
94046,59,2017-05-19,23.4,0,19.3,05:38,27.5,15:34,9,5,13.3,12:10,66,74,,51,15:40,2025-05-06 10:31:42.488616,2025-05-06 10:31:42.488616
94065,59,2017-05-20,24.2,0,19.7,,28.7,14:52,36,4.7,13.3,22:10,63,78,05:00,44,14:10,2025-05-06 10:31:42.719939,2025-05-06 10:31:42.719939
94084,59,2017-05-21,23.8,0,19.1,05:41,28.4,14:33,32,3.9,12.5,01:10,60,73,,48,11:50,2025-05-06 10:31:42.962430,2025-05-06 10:31:42.962430
94103,59,2017-05-22,22.9,0,18.9,04:14,26.9,13:27,8,4.2,11.9,13:50,55,72,02:30,46,13:00,2025-05-06 10:31:43.207749,2025-05-06 10:31:43.207749
94122,59,2017-05-23,23,0,19,06:34,27.1,15:35,99,3.1,9.4,,51,70,06:20,42,,2025-05-06 10:31:43.445979,2025-05-06 10:31:43.445979
94141,59,2017-05-24,,,,,,,2,3.9,10.3,14:40,51,,,,,2025-05-06 10:31:43.693270,2025-05-06 10:31:43.693270
94159,59,2017-05-25,23.5,0,20.5,,26.5,,36,4.7,11.4,15:40,50,67,,42,12:30,2025-05-06 10:31:43.925695,2025-05-06 10:31:43.925695
94177,59,2017-05-26,23.7,0,19.3,06:08,28.1,14:34,10,3.1,8.3,12:00,62,74,06:00,53,13:00,2025-05-06 10:31:44.163490,2025-05-06 10:31:44.163490
94195,59,2017-05-27,22.6,0,18.4,06:20,26.7,15:36,36,4.2,9.7,20:00,66,77,06:30,57,,2025-05-06 10:31:44.402537,2025-05-06 10:31:44.402537
94213,59,2017-05-28,23.2,0,18,05:48,28.5,16:03,12,2.5,6.7,10:20,64,76,07:00,50,15:50,2025-05-06 10:31:44.632938,2025-05-06 10:31:44.632938
94231,59,2017-05-29,24.3,0,20.8,04:31,27.8,14:48,9,4.2,12.2,15:20,56,76,03:20,39,12:40,2025-05-06 10:31:44.866656,2025-05-06 10:31:44.866656
94250,59,2017-05-30,23.6,0,20.1,05:30,27.1,14:51,36,5.6,15,11:10,57,73,06:30,44,15:10,2025-05-06 10:31:45.109291,2025-05-06 10:31:45.109291
94268,59,2017-05-31,23.4,0,20.4,01:11,26.5,13:33,2,5.8,14.4,11:00,55,70,22:50,44,12:20,2025-05-06 10:31:45.353434,2025-05-06 10:31:45.353434
94287,59,2017-06-01,23.4,0,19.9,05:41,26.8,15:12,35,5.8,13.9,10:40,59,72,05:20,49,14:50,2025-05-06 10:31:45.608872,2025-05-06 10:31:45.608872
94306,59,2017-06-02,23.4,0,20.3,03:44,26.4,13:32,4,5.8,13.3,11:20,60,73,,51,14:50,2025-05-06 10:31:45.861709,2025-05-06 10:31:45.861709
94324,59,2017-06-03,24.5,0,20,,29,14:41,2,5.8,13.3,21:00,56,75,05:50,43,15:50,2025-05-06 10:31:46.101398,2025-05-06 10:31:46.101398
94342,59,2017-06-04,23.3,0,19.7,,26.9,14:56,5,6.4,13.6,11:50,61,75,04:20,49,12:20,2025-05-06 10:31:46.341087,2025-05-06 10:31:46.341087
94361,59,2017-06-05,23.4,0,18.4,06:15,28.3,13:18,2,5.8,12.8,15:10,54,72,05:50,39,11:50,2025-05-06 10:31:46.594893,2025-05-06 10:31:46.594893
94380,59,2017-06-06,23.7,0,19.1,05:43,28.3,13:21,3,5,12.5,12:10,55,74,06:10,40,11:40,2025-05-06 10:31:46.836891,2025-05-06 10:31:46.836891
94399,59,2017-06-07,23.6,0,19.9,05:38,27.3,14:03,34,4.4,11.4,16:10,58,75,02:20,46,13:10,2025-05-06 10:31:47.076103,2025-05-06 10:31:47.076103
94418,59,2017-06-08,23.8,0,19.2,05:56,28.4,13:35,32,3.1,9.7,07:50,60,74,06:40,47,11:10,2025-05-06 10:31:47.330812,2025-05-06 10:31:47.330812
94437,59,2017-06-09,23.8,0,19.4,05:34,28.1,15:06,10,3.1,10,11:10,66,77,20:00,54,14:50,2025-05-06 10:31:47.494866,2025-05-06 10:31:47.494866
94456,59,2017-06-10,24.3,0,19.8,05:45,28.8,12:47,35,3.1,12.2,18:50,60,77,04:40,47,12:00,2025-05-06 10:31:47.628745,2025-05-06 10:31:47.628745
94475,59,2017-06-11,23.6,0,20.2,06:22,27.1,14:39,1,4.2,12.5,13:10,65,76,07:00,52,14:40,2025-05-06 10:31:47.767881,2025-05-06 10:31:47.767881
94494,59,2017-06-12,23.5,0,20.8,,26.2,14:53,34,5.8,13.6,17:00,60,70,05:30,50,15:30,2025-05-06 10:31:47.975698,2025-05-06 10:31:47.975698
94513,59,2017-06-13,24.3,0,21,05:14,27.6,14:55,4,4.7,11.1,13:40,52,69,00:30,41,14:50,2025-05-06 10:31:48.202842,2025-05-06 10:31:48.202842
94532,59,2017-06-14,24.3,0,21.2,03:15,27.4,15:35,2,4.7,11.1,17:10,53,71,23:40,44,,2025-05-06 10:31:48.432481,2025-05-06 10:31:48.432481
94551,59,2017-06-15,23.4,0,21.6,,25.1,16:00,10,3.9,11.4,13:50,66,73,,53,09:50,2025-05-06 10:31:48.679069,2025-05-06 10:31:48.679069
94569,59,2017-06-16,24.5,0,20.5,05:55,28.5,16:00,10,3.1,10.3,11:20,63,75,21:40,56,,2025-05-06 10:31:48.913851,2025-05-06 10:31:48.913851
94588,59,2017-06-17,23.8,0,19.4,06:30,28.3,14:34,10,3.6,7.5,21:00,68,79,03:30,56,14:20,2025-05-06 10:31:49.127204,2025-05-06 10:31:49.127204
94607,59,2017-06-18,24.3,0,19.4,06:01,29.2,13:40,10,2.2,10.6,15:00,65,78,23:10,55,13:20,2025-05-06 10:31:49.368550,2025-05-06 10:31:49.368550
94626,59,2017-06-19,24.1,0,20.5,06:29,27.7,14:09,10,5,12.2,15:10,64,78,00:10,55,13:40,2025-05-06 10:31:49.604849,2025-05-06 10:31:49.604849
94645,59,2017-06-20,23.6,0,19.4,06:09,27.8,11:26,8,5.3,13.6,18:20,67,75,,49,11:00,2025-05-06 10:31:49.873307,2025-05-06 10:31:49.873307
94664,59,2017-06-21,24.4,0,20.6,,28.3,14:08,10,5,13.6,14:30,67,77,06:10,52,14:00,2025-05-06 10:31:50.131053,2025-05-06 10:31:50.131053
94683,59,2017-06-22,27,0,21.5,05:14,32.6,12:59,2,2.8,13.1,23:59,57,78,03:30,37,12:50,2025-05-06 10:31:50.371450,2025-05-06 10:31:50.371450
94702,59,2017-06-23,31.9,0,24.8,00:01,39,15:41,99,3.6,13.1,00:30,41,67,06:40,17,14:50,2025-05-06 10:31:50.617315,2025-05-06 10:31:50.617315
94721,59,2017-06-24,31,0,25.8,24:00,36.2,17:07,35,6.9,14.7,18:20,29,62,23:59,20,17:10,2025-05-06 10:31:50.866026,2025-05-06 10:31:50.866026
94740,59,2017-06-25,27.5,0,24.8,05:09,30.2,12:51,33,3.9,12.2,05:50,63,77,20:00,50,04:10,2025-05-06 10:31:51.112823,2025-05-06 10:31:51.112823
94759,59,2017-06-26,29.2,0,24.9,05:56,33.6,14:46,2,6.7,12.8,21:10,45,61,00:00,36,15:10,2025-05-06 10:31:51.359234,2025-05-06 10:31:51.359234
94778,59,2017-06-27,26.6,0,23.2,04:34,30,13:16,8,6.7,16.7,01:50,48,69,,32,12:50,2025-05-06 10:31:51.597664,2025-05-06 10:31:51.597664
94797,59,2017-06-28,25.3,0,21.8,,28.8,14:19,10,6.1,14.7,12:50,68,77,05:30,52,14:10,2025-05-06 10:31:51.840949,2025-05-06 10:31:51.840949
94816,59,2017-06-29,24.5,0,21.3,01:30,27.7,14:01,99,4.7,13.6,,61,74,05:10,44,16:20,2025-05-06 10:31:52.089505,2025-05-06 10:31:52.089505
94835,59,2017-06-30,24.2,0,21.2,04:55,27.1,13:08,36,6.9,15,20:10,52,67,23:10,44,,2025-05-06 10:31:52.326753,2025-05-06 10:31:52.326753
94854,59,2017-07-01,24,0,20.4,,27.5,13:32,32,5.8,13.1,17:10,54,68,06:10,44,,2025-05-06 10:31:52.567372,2025-05-06 10:31:52.567372
94873,59,2017-07-02,24.4,0,19.9,06:02,28.8,12:52,33,4.4,12.8,16:30,56,70,,37,12:40,2025-05-06 10:31:52.792872,2025-05-06 10:31:52.792872
94891,59,2017-07-03,24.4,0,19.8,05:48,29.1,15:56,32,2.8,9.7,19:30,63,73,,53,15:30,2025-05-06 10:31:53.021259,2025-05-06 10:31:53.021259
288905,59,2017-07-04,24.7,0,20.4,06:32,29,12:00,3,3.6,10,16:20,54,76,06:30,35,11:40,2025-05-07 18:48:15.917361,2025-05-07 18:48:15.917361
288922,59,2017-07-05,24.6,0,21,05:46,28.3,14:52,1,5.6,13.9,07:10,52,67,00:10,43,12:50,2025-05-07 18:48:16.024330,2025-05-07 18:48:16.024330
288939,59,2017-07-06,24.5,0,21.2,23:40,27.8,12:18,9,5.8,16.1,13:10,59,73,04:40,47,12:00,2025-05-07 18:48:16.137149,2025-05-07 18:48:16.137149
288956,59,2017-07-07,23.8,0,20.4,,27.2,11:33,9,5.8,12.5,,67,76,06:00,52,11:30,2025-05-07 18:48:16.252797,2025-05-07 18:48:16.252797
288973,59,2017-07-08,24.3,0,20.6,04:42,28,15:03,10,5.6,14.4,12:40,62,74,05:00,46,11:40,2025-05-07 18:48:16.369148,2025-05-07 18:48:16.369148
288990,59,2017-07-09,24.6,0,21.9,23:50,27.4,13:45,36,5.6,12.8,17:50,57,71,,47,14:20,2025-05-07 18:48:16.471539,2025-05-07 18:48:16.471539
289007,59,2017-07-10,24.4,0,21.6,05:42,27.3,14:35,1,5.8,14.7,15:10,56,70,03:50,46,,2025-05-07 18:48:16.618549,2025-05-07 18:48:16.618549
289024,59,2017-07-11,24.7,0,21.1,03:30,28.3,13:35,8,4.7,12.5,17:10,57,70,04:20,46,13:10,2025-05-07 18:48:16.734755,2025-05-07 18:48:16.734755
289041,59,2017-07-12,25.4,0,21.9,,29,15:46,33,4.2,10.8,18:50,60,73,23:59,51,12:30,2025-05-07 18:48:16.805412,2025-05-07 18:48:16.805412
289058,59,2017-07-13,25.6,0,21.5,05:16,29.7,15:29,36,2.5,9.2,19:10,64,77,06:50,55,,2025-05-07 18:48:16.890786,2025-05-07 18:48:16.890786
289075,59,2017-07-14,25.8,0,21.8,03:08,29.8,15:41,32,4.4,12.2,07:20,61,76,02:00,54,07:00,2025-05-07 18:48:16.959681,2025-05-07 18:48:16.959681
289092,59,2017-07-15,26.3,0,23.2,06:03,29.4,15:32,99,2.5,6.7,,67,84,22:50,60,,2025-05-07 18:48:17.037690,2025-05-07 18:48:17.037690
289109,59,2017-07-16,25.4,0,21.6,06:22,29.2,16:16,4,2.2,6.9,00:30,73,83,07:20,62,14:40,2025-05-07 18:48:17.109880,2025-05-07 18:48:17.109880
289126,59,2017-07-17,25.4,0,22,06:20,28.7,14:07,34,2.8,8.9,04:00,69,76,06:50,57,09:30,2025-05-07 18:48:17.221069,2025-05-07 18:48:17.221069
289143,59,2017-07-18,25,0,21.2,06:28,28.7,13:16,33,3.1,10,03:40,61,77,05:40,51,18:50,2025-05-07 18:48:17.334327,2025-05-07 18:48:17.334327
289159,59,2017-07-19,25.2,0,21.3,05:56,29,11:22,10,6.9,16.4,12:50,67,76,03:00,49,11:20,2025-05-07 18:48:17.437441,2025-05-07 18:48:17.437441
289176,59,2017-07-20,24,0,21.2,04:45,26.9,13:34,9,5,12.2,15:10,65,75,,57,19:00,2025-05-07 18:48:17.514811,2025-05-07 18:48:17.514811
289193,59,2017-07-21,24.1,0,21.1,06:06,27.1,14:25,7,6.1,12.2,13:40,59,73,02:50,50,11:10,2025-05-07 18:48:17.602136,2025-05-07 18:48:17.602136
289210,59,2017-07-22,24.4,0,21,05:35,27.7,14:00,5,5.6,14.4,11:30,59,69,23:20,44,12:20,2025-05-07 18:48:17.677250,2025-05-07 18:48:17.677250
289227,59,2017-07-23,25,0,20.7,,29.2,15:28,6,5,12.5,13:40,59,74,06:50,46,14:30,2025-05-07 18:48:17.771804,2025-05-07 18:48:17.771804
289244,59,2017-07-24,27.2,0,21.9,01:15,32.4,16:02,6,5.3,10.6,11:30,54,73,,42,,2025-05-07 18:48:17.852196,2025-05-07 18:48:17.852196
289261,59,2017-07-25,27.7,0,23.2,06:38,32.2,16:27,4,3.6,10.8,14:00,55,68,09:50,32,17:00,2025-05-07 18:48:17.952480,2025-05-07 18:48:17.952480
289278,59,2017-07-26,26,0,22.3,06:12,29.7,18:49,3,3.9,7.2,18:40,63,69,06:20,43,18:50,2025-05-07 18:48:18.019108,2025-05-07 18:48:18.019108
289295,59,2017-07-27,29.2,0,23.4,01:54,35,16:01,3,3.6,11.7,23:40,47,74,06:30,24,16:00,2025-05-07 18:48:18.099138,2025-05-07 18:48:18.099138
289312,59,2017-07-28,30.4,0,25.3,08:12,35.6,16:00,2,6.4,14.2,02:50,39,66,08:10,22,16:50,2025-05-07 18:48:18.192408,2025-05-07 18:48:18.192408
289329,59,2017-07-29,28.8,0,24.4,23:55,33.2,12:08,2,2.5,11.7,00:30,48,78,23:50,20,01:30,2025-05-07 18:48:18.269975,2025-05-07 18:48:18.269975
289346,59,2017-07-30,26,0,21.9,06:29,30.2,15:07,10,6.1,13.3,,72,80,01:00,52,15:10,2025-05-07 18:48:18.363036,2025-05-07 18:48:18.363036
289362,59,2017-07-31,24.5,0,21.1,,27.9,17:29,9,5.3,15,14:30,64,75,00:00,53,18:50,2025-05-07 18:48:18.444914,2025-05-07 18:48:18.444914
289379,59,2017-08-01,24.9,0,21.8,05:49,28,11:11,10,6.7,15,12:10,69,76,06:30,49,11:00,2025-05-07 18:48:18.522844,2025-05-07 18:48:18.522844
289396,59,2017-08-02,25.4,0,21.5,,29.2,15:27,6,5.6,12.2,15:10,63,76,,44,11:00,2025-05-07 18:48:18.593986,2025-05-07 18:48:18.593986
289413,59,2017-08-03,24.2,0,20.7,06:14,27.7,15:53,10,5.6,10.8,12:10,68,75,,51,10:50,2025-05-07 18:48:18.661418,2025-05-07 18:48:18.661418
289430,59,2017-08-04,24.8,0,21,06:43,28.6,13:52,1,2.5,9.2,02:40,66,75,,57,10:20,2025-05-07 18:48:18.736984,2025-05-07 18:48:18.736984
289447,59,2017-08-05,25.7,0,21.9,06:05,29.5,14:38,36,2.8,8.3,00:10,70,79,20:30,61,,2025-05-07 18:48:18.854715,2025-05-07 18:48:18.854715
289464,59,2017-08-06,25.8,0.4,22.9,05:33,28.6,12:31,11,3.1,9.4,14:20,72,83,21:10,65,12:30,2025-05-07 18:48:18.965152,2025-05-07 18:48:18.965152
289481,59,2017-08-07,29.6,0,25,00:01,34.3,06:00,4,4.4,12.8,05:00,63,78,00:00,27,06:00,2025-05-07 18:48:19.048873,2025-05-07 18:48:19.048873
289498,59,2017-08-08,28,0,24.8,22:32,31.3,16:33,10,4.2,13.3,15:10,64,80,22:00,34,,2025-05-07 18:48:19.140118,2025-05-07 18:48:19.140118
289515,59,2017-08-09,29.6,0,24.7,23:54,34.5,14:10,4,6.7,16.4,17:10,35,70,05:40,24,14:10,2025-05-07 18:48:19.227290,2025-05-07 18:48:19.227290
289532,59,2017-08-10,26.6,0,23.3,03:40,29.9,15:07,4,7.8,17.5,15:10,50,65,20:40,31,15:30,2025-05-07 18:48:19.336947,2025-05-07 18:48:19.336947
289549,59,2017-08-11,26.7,0,22.3,05:33,31.1,14:17,9,5.3,14.4,14:50,48,71,20:00,29,12:10,2025-05-07 18:48:19.431839,2025-05-07 18:48:19.431839
289566,59,2017-08-12,26.3,0,21,05:48,31.6,16:08,7,4.2,10.6,09:50,55,78,05:30,41,18:00,2025-05-07 18:48:19.505374,2025-05-07 18:48:19.505374
289583,59,2017-08-13,25.8,0,21.8,06:13,29.7,16:21,6,3.1,6.9,08:40,61,70,,54,01:40,2025-05-07 18:48:19.591637,2025-05-07 18:48:19.591637
289600,59,2017-08-14,25.2,0,20.5,06:33,29.8,15:04,11,3.3,7.2,18:20,67,78,19:50,56,14:40,2025-05-07 18:48:19.662559,2025-05-07 18:48:19.662559
289617,59,2017-08-15,24.7,0,21.6,06:16,27.8,15:39,10,5,13.6,13:40,69,77,00:00,59,17:30,2025-05-07 18:48:19.733910,2025-05-07 18:48:19.733910
289634,59,2017-08-16,25.8,0,21.9,06:49,29.8,11:45,8,5.6,14.2,19:30,72,80,19:50,53,23:40,2025-05-07 18:48:19.816331,2025-05-07 18:48:19.816331
289651,59,2017-08-17,29.2,0,24.7,00:01,33.7,15:05,2,6.7,13.6,14:00,35,53,00:00,22,14:50,2025-05-07 18:48:19.888209,2025-05-07 18:48:19.888209
289668,59,2017-08-18,28.4,0,23.5,06:48,33.3,13:36,6,5.8,13.1,13:20,51,73,23:00,35,13:30,2025-05-07 18:48:19.960239,2025-05-07 18:48:19.960239
289685,59,2017-08-19,27.4,0,23.5,05:46,31.3,14:02,6,6.1,12.8,14:40,59,76,23:40,45,14:30,2025-05-07 18:48:20.028547,2025-05-07 18:48:20.028547
289702,59,2017-08-20,27.4,0,23,03:12,31.9,13:19,3,5.6,11.9,02:10,48,77,,43,13:10,2025-05-07 18:48:20.108811,2025-05-07 18:48:20.108811
289719,59,2017-08-21,26.5,0,23.8,06:16,29.2,14:22,99,3.3,10.3,,67,81,06:00,43,23:10,2025-05-07 18:48:20.187134,2025-05-07 18:48:20.187134
289736,59,2017-08-22,30.8,0,25,07:43,36.5,16:10,3,3.9,12.8,14:20,41,72,07:20,19,15:20,2025-05-07 18:48:20.287930,2025-05-07 18:48:20.287930
289753,59,2017-08-23,29.8,0,24.6,23:30,35,16:08,2,5,14.2,23:10,45,74,23:40,17,00:30,2025-05-07 18:48:20.384880,2025-05-07 18:48:20.384880
289769,59,2017-08-24,27.3,0,24.6,00:04,30,14:27,10,3.3,12.8,15:30,65,77,20:10,54,03:00,2025-05-07 18:48:20.451837,2025-05-07 18:48:20.451837
289786,59,2017-08-25,27.3,0,24.4,04:53,30.2,16:11,22,2.5,15.3,04:10,69,84,05:00,63,16:00,2025-05-07 18:48:20.550638,2025-05-07 18:48:20.550638
289803,59,2017-08-26,26.8,0,23.5,06:57,30.2,15:05,22,3.3,8.6,13:00,72,85,03:00,57,23:59,2025-05-07 18:48:20.631660,2025-05-07 18:48:20.631660
289820,59,2017-08-27,27.6,0,23.5,06:35,31.6,13:52,99,5.6,11.9,,59,72,06:50,42,11:40,2025-05-07 18:48:20.727570,2025-05-07 18:48:20.727570
289837,59,2017-08-28,25.9,0,22.9,,28.9,12:39,5,5.6,12.5,15:10,66,74,05:40,52,12:00,2025-05-07 18:48:20.806096,2025-05-07 18:48:20.806096
289854,59,2017-08-29,24.4,0,21.1,06:02,27.7,17:12,10,5,11.1,12:10,64,78,07:10,51,17:10,2025-05-07 18:48:20.900721,2025-05-07 18:48:20.900721
289871,59,2017-08-30,25.4,0,22.3,,28.6,16:22,99,5.8,12.2,,65,75,,47,11:40,2025-05-07 18:48:20.998990,2025-05-07 18:48:20.998990
289887,59,2017-08-31,25.8,0,22.5,05:31,29.1,12:47,36,6.1,14.7,19:40,58,74,23:50,46,12:30,2025-05-07 18:48:21.066383,2025-05-07 18:48:21.066383
289904,59,2017-09-01,25.2,0,22,07:14,28.5,15:06,2,4.7,11.4,17:10,61,76,04:40,49,14:30,2025-05-07 18:48:21.161158,2025-05-07 18:48:21.161158
289921,59,2017-09-02,25.4,0,22.9,,28,11:58,9,4.7,12.5,12:40,67,73,00:00,53,11:40,2025-05-07 18:48:21.232652,2025-05-07 18:48:21.232652
289938,59,2017-09-03,25.6,0,23.3,07:30,27.9,16:41,10,6.1,15,13:50,68,74,06:50,60,16:30,2025-05-07 18:48:21.307373,2025-05-07 18:48:21.307373
289955,59,2017-09-04,26.8,0,22.5,06:30,31,14:07,5,5,12.2,15:30,57,78,,28,23:59,2025-05-07 18:48:21.397358,2025-05-07 18:48:21.397358
289972,59,2017-09-05,26.2,0,21.8,06:38,30.6,14:34,36,4.2,13.9,19:50,60,74,04:50,27,00:10,2025-05-07 18:48:21.480194,2025-05-07 18:48:21.480194
289989,59,2017-09-06,25.2,0,21.2,06:43,29.2,14:28,99,4.2,12.5,,61,75,23:40,48,12:50,2025-05-07 18:48:21.568200,2025-05-07 18:48:21.568200
290006,59,2017-09-07,25.8,0,22.3,06:51,29.2,12:20,10,6.4,13.3,13:50,69,78,06:40,56,12:10,2025-05-07 18:48:21.674199,2025-05-07 18:48:21.674199
290023,59,2017-09-08,26.2,0,22.1,,30.3,12:31,2,4.2,9.7,10:00,70,77,,51,12:30,2025-05-07 18:48:21.780271,2025-05-07 18:48:21.780271
290040,59,2017-09-09,25.9,0,21.5,,30.3,14:36,11,3.3,10,15:00,70,81,07:00,54,14:30,2025-05-07 18:48:21.885826,2025-05-07 18:48:21.885826
290057,59,2017-09-10,25,0,21,03:48,28.9,15:18,10,4.4,11.4,12:40,61,75,02:40,44,15:00,2025-05-07 18:48:21.962898,2025-05-07 18:48:21.962898
290074,59,2017-09-11,25.4,0,22,,28.8,14:18,4,1.9,9.4,12:20,62,78,06:50,44,13:10,2025-05-07 18:48:22.072737,2025-05-07 18:48:22.072737
290091,59,2017-09-12,24.2,0,19.4,06:52,29.1,15:11,3,2.2,5.8,09:40,65,77,06:10,54,14:30,2025-05-07 18:48:22.147240,2025-05-07 18:48:22.147240
290108,59,2017-09-13,24.2,0,19.7,06:54,28.8,15:08,10,5.6,13.6,17:40,73,81,05:40,46,23:10,2025-05-07 18:48:22.229836,2025-05-07 18:48:22.229836
290125,59,2017-09-14,27.4,0,24.8,07:07,30,13:05,2,2.8,11.4,22:00,61,72,16:50,42,09:00,2025-05-07 18:48:22.308338,2025-05-07 18:48:22.308338
290142,59,2017-09-15,26.4,0,23.2,23:59,29.5,04:06,3,6.1,14.2,11:10,53,74,23:59,28,04:00,2025-05-07 18:48:22.402794,2025-05-07 18:48:22.402794
290159,59,2017-09-16,25,0,21.9,23:59,28.2,12:38,2,6.4,11.7,09:50,62,77,01:20,46,12:40,2025-05-07 18:48:22.493745,2025-05-07 18:48:22.493745
290176,59,2017-09-17,24,0,21.1,06:47,26.8,14:08,6,6.1,13.6,12:10,68,77,,57,12:10,2025-05-07 18:48:22.623003,2025-05-07 18:48:22.623003
290193,59,2017-09-18,23.4,0,21,,25.9,15:07,3,5.8,11.7,17:00,68,77,,60,15:20,2025-05-07 18:48:22.715026,2025-05-07 18:48:22.715026
290210,59,2017-09-19,23.9,0,20.8,06:11,27,16:36,10,4.4,13.3,14:10,64,79,05:20,47,17:40,2025-05-07 18:48:22.837698,2025-05-07 18:48:22.837698
290227,59,2017-09-20,24.1,0,21.1,05:47,27.1,16:22,99,5.3,12.8,,63,75,01:00,54,17:40,2025-05-07 18:48:22.943990,2025-05-07 18:48:22.943990
290244,59,2017-09-21,24,0,20.9,05:39,27.2,13:08,34,5.3,14.2,15:30,57,75,02:50,44,13:00,2025-05-07 18:48:23.022275,2025-05-07 18:48:23.022275
290261,59,2017-09-22,24.7,0,21.5,04:02,27.9,16:27,36,7.2,14.2,18:30,60,72,,49,13:40,2025-05-07 18:48:23.122786,2025-05-07 18:48:23.122786
290278,59,2017-09-23,24.7,0,21.5,02:38,27.9,14:45,2,4.7,13.6,09:30,67,78,,54,14:40,2025-05-07 18:48:23.205672,2025-05-07 18:48:23.205672
290295,59,2017-09-24,25,0.4,22.1,02:03,27.9,12:15,10,4.2,15,23:40,71,82,23:40,59,11:00,2025-05-07 18:48:23.282838,2025-05-07 18:48:23.282838
290312,59,2017-09-25,25.6,0,22.9,,28.3,15:33,10,1.7,10.3,00:10,69,85,01:50,50,15:30,2025-05-07 18:48:23.352867,2025-05-07 18:48:23.352867
290329,59,2017-09-26,24.8,0,22,03:14,27.6,14:11,10,5.8,11.9,12:50,69,79,00:10,56,14:20,2025-05-07 18:48:23.438884,2025-05-07 18:48:23.438884
290346,59,2017-09-27,24.4,0,20.5,07:01,28.3,12:55,10,4.7,12.2,14:40,64,71,03:10,54,13:00,2025-05-07 18:48:23.514704,2025-05-07 18:48:23.514704
290363,59,2017-09-28,24.2,0,20.4,04:58,27.9,15:06,10,3.9,10.8,13:50,68,78,06:30,52,12:50,2025-05-07 18:48:23.612382,2025-05-07 18:48:23.612382
290380,59,2017-09-29,23.8,0,20,06:28,27.6,15:31,9,4.4,11.1,12:10,67,81,07:20,53,17:20,2025-05-07 18:48:23.706622,2025-05-07 18:48:23.706622
290397,59,2017-09-30,25,0,21.7,03:20,28.3,12:09,9,5,12.2,13:20,67,76,,50,12:00,2025-05-07 18:48:23.777475,2025-05-07 18:48:23.777475
290414,59,2017-10-01,25,0,21.8,06:46,28.3,13:40,4,4.4,11.1,11:10,64,78,05:10,54,13:40,2025-05-07 18:48:23.885759,2025-05-07 18:48:23.885759
290431,59,2017-10-02,24.6,0,20.5,06:14,28.7,12:40,5,3.1,9.4,09:30,64,78,,48,12:30,2025-05-07 18:48:23.992781,2025-05-07 18:48:23.992781
290448,59,2017-10-03,23.7,0,19.5,06:59,27.9,14:52,10,2.8,10,11:10,70,81,07:10,60,14:40,2025-05-07 18:48:24.094921,2025-05-07 18:48:24.094921
290465,59,2017-10-04,24.3,0,21.3,05:04,27.3,15:23,9,3.6,10,15:30,68,80,21:00,57,13:00,2025-05-07 18:48:24.188331,2025-05-07 18:48:24.188331
290482,59,2017-10-05,22.1,0,17.7,06:28,26.5,14:04,23,2.8,8.3,17:30,74,83,07:00,63,19:50,2025-05-07 18:48:24.277227,2025-05-07 18:48:24.277227
290499,59,2017-10-06,22.7,0,18.4,07:20,27,15:43,99,3.9,9.4,14:40,68,80,,48,16:00,2025-05-07 18:48:24.352513,2025-05-07 18:48:24.352513
290516,59,2017-10-07,23.4,0,18.7,06:54,28,15:16,9,3.9,10.6,16:00,71,77,07:10,44,14:30,2025-05-07 18:48:24.436469,2025-05-07 18:48:24.436469
290533,59,2017-10-08,23.4,0,19.6,02:47,27.1,12:38,10,4.2,8.9,14:30,74,81,,62,12:30,2025-05-07 18:48:24.508105,2025-05-07 18:48:24.508105
290550,59,2017-10-09,23,0,18.3,07:19,27.6,15:37,11,2.5,6.1,10:50,68,80,07:30,56,16:20,2025-05-07 18:48:24.601762,2025-05-07 18:48:24.601762
290567,59,2017-10-10,21.8,0,18.3,06:33,25.2,12:18,10,4.7,11.4,14:10,75,85,07:30,65,19:00,2025-05-07 18:48:24.673124,2025-05-07 18:48:24.673124
290584,59,2017-10-11,23,0,19.8,,26.3,12:47,10,4.2,12.8,13:50,74,84,,62,19:50,2025-05-07 18:48:24.783145,2025-05-07 18:48:24.783145
290601,59,2017-10-12,27,0,21.5,04:54,32.5,15:17,8,3.3,11.1,10:20,60,80,01:50,31,15:10,2025-05-07 18:48:24.868397,2025-05-07 18:48:24.868397
290618,59,2017-10-13,29.6,0,24.9,06:03,34.4,15:54,34,1.7,8.3,00:10,37,59,20:40,21,15:50,2025-05-07 18:48:24.971351,2025-05-07 18:48:24.971351
290635,59,2017-10-14,29.7,0,25.9,03:22,33.5,15:07,25,1.7,11.7,15:10,31,63,23:50,18,,2025-05-07 18:48:25.077978,2025-05-07 18:48:25.077978
290652,59,2017-10-15,27.7,0,24.6,07:08,30.8,14:21,10,2.5,13.3,01:30,42,66,01:00,17,21:50,2025-05-07 18:48:25.152881,2025-05-07 18:48:25.152881
290669,59,2017-10-16,27.4,0,22.7,06:34,32.2,13:28,7,1.7,9.2,05:00,44,70,03:30,22,,2025-05-07 18:48:25.238060,2025-05-07 18:48:25.238060
290686,59,2017-10-17,26,0,22.9,23:43,29.1,14:36,32,2.5,8.9,19:40,63,77,18:50,21,00:10,2025-05-07 18:48:25.336741,2025-05-07 18:48:25.336741
290703,59,2017-10-18,23.8,0,20.9,,26.6,11:27,10,3.9,12.8,13:10,67,77,,50,11:00,2025-05-07 18:48:25.413146,2025-05-07 18:48:25.413146
290720,59,2017-10-19,23.8,0,19.2,06:57,28.5,15:10,11,2.2,8.6,12:00,68,79,08:10,56,15:10,2025-05-07 18:48:25.494445,2025-05-07 18:48:25.494445
290737,59,2017-10-20,23.3,0,20.3,06:42,26.3,12:03,10,4.2,13.1,14:00,71,82,,54,11:40,2025-05-07 18:48:25.599042,2025-05-07 18:48:25.599042
290754,59,2017-10-21,23,0,20,06:13,26,12:15,5,3.3,12.5,11:10,69,79,06:50,56,12:20,2025-05-07 18:48:25.677447,2025-05-07 18:48:25.677447
290771,59,2017-10-22,24.1,0,22.1,23:45,26.1,12:42,2,5,11.7,11:10,70,79,,61,13:00,2025-05-07 18:48:25.745989,2025-05-07 18:48:25.745989
290788,59,2017-10-23,23.2,0,21,07:46,25.5,14:18,9,4.2,9.4,15:00,75,83,08:00,67,12:10,2025-05-07 18:48:25.836109,2025-05-07 18:48:25.836109
290804,59,2017-10-24,25.2,0,20.9,07:17,29.5,15:31,10,3.3,8.9,11:30,61,83,07:20,28,,2025-05-07 18:48:25.902181,2025-05-07 18:48:25.902181
290821,59,2017-10-25,25.9,0,22,06:46,29.8,,6,4.2,10.6,10:30,47,73,06:40,28,13:10,2025-05-07 18:48:25.986638,2025-05-07 18:48:25.986638
290838,59,2017-10-26,25.8,0,21.1,05:18,30.5,15:23,9,4.2,16.9,23:30,41,58,,22,19:50,2025-05-07 18:48:26.058967,2025-05-07 18:48:26.058967
290855,59,2017-10-27,27,0,24.4,04:31,29.6,15:40,4,5.8,16.1,06:20,34,53,04:00,21,15:40,2025-05-07 18:48:26.162095,2025-05-07 18:48:26.162095
290872,59,2017-10-28,26,0,22.7,07:14,29.4,14:45,5,3.6,11.7,10:30,40,61,06:50,24,,2025-05-07 18:48:26.281810,2025-05-07 18:48:26.281810
290889,59,2017-10-29,23.9,0,20.8,07:14,27,15:52,10,4.2,9.7,12:20,71,79,23:50,52,00:10,2025-05-07 18:48:26.373368,2025-05-07 18:48:26.373368
290906,59,2017-10-30,23,0,18.7,07:35,27.3,15:26,10,4.4,10.3,13:00,73,84,,59,,2025-05-07 18:48:26.474910,2025-05-07 18:48:26.474910
290923,59,2017-10-31,21.4,0,17.7,07:15,25.1,14:38,9,4.4,12.2,15:10,74,85,,65,16:30,2025-05-07 18:48:26.570112,2025-05-07 18:48:26.570112
290940,59,2017-11-01,21.4,0,17.7,06:47,25,12:10,10,4.4,12.8,15:10,71,84,,59,12:10,2025-05-07 18:48:26.676635,2025-05-07 18:48:26.676635
290957,59,2017-11-02,21.4,0,16.7,06:51,26.2,15:05,10,3.6,7.8,11:50,71,83,05:50,57,14:50,2025-05-07 18:48:26.772511,2025-05-07 18:48:26.772511
290974,59,2017-11-03,22.2,0,17.2,04:08,27.3,15:04,12,2.5,5.3,11:10,65,77,05:30,52,15:10,2025-05-07 18:48:26.845678,2025-05-07 18:48:26.845678
290991,59,2017-11-04,21.7,0,18.4,06:29,25,14:05,6,4.4,10.3,15:20,68,83,07:00,55,16:20,2025-05-07 18:48:26.941112,2025-05-07 18:48:26.941112
291008,59,2017-11-05,22.8,0,20.2,,25.3,13:31,6,5.8,13.3,11:40,62,75,06:00,46,13:00,2025-05-07 18:48:27.044171,2025-05-07 18:48:27.044171
291025,59,2017-11-06,22.7,0,20.1,,25.3,13:05,4,5,10.3,10:00,66,75,,56,12:30,2025-05-07 18:48:27.126171,2025-05-07 18:48:27.126171
291042,59,2017-11-07,22.5,0,19.8,02:17,25.2,14:10,4,5.3,10.8,10:50,72,80,03:50,58,14:20,2025-05-07 18:48:27.208364,2025-05-07 18:48:27.208364
291059,59,2017-11-08,24.5,0,21.7,23:50,27.3,13:50,3,5,11.1,,64,78,,47,15:40,2025-05-07 18:48:27.283248,2025-05-07 18:48:27.283248
291076,59,2017-11-09,23.2,0,19.6,07:20,26.7,14:11,2,4.4,9.2,20:00,73,86,08:20,57,15:40,2025-05-07 18:48:27.361170,2025-05-07 18:48:27.361170
291093,59,2017-11-10,23,0,20.3,07:21,25.8,14:31,36,6.4,11.9,,60,77,,41,15:00,2025-05-07 18:48:27.460167,2025-05-07 18:48:27.460167
291110,59,2017-11-11,23.8,0,20.1,,27.6,15:49,2,3.3,8.9,03:30,59,77,,38,21:40,2025-05-07 18:48:27.531125,2025-05-07 18:48:27.531125
291127,59,2017-11-12,22.7,0,19.5,06:45,25.9,15:32,36,3.6,6.9,01:50,62,77,06:50,35,19:30,2025-05-07 18:48:27.602650,2025-05-07 18:48:27.602650
291144,59,2017-11-13,21.4,0,18.3,07:30,24.4,15:13,11,4.2,11.4,14:10,69,81,07:30,57,12:00,2025-05-07 18:48:27.683816,2025-05-07 18:48:27.683816
291160,59,2017-11-14,20.9,0,17.5,06:35,24.3,12:46,8,4.2,11.7,13:50,64,75,02:20,51,12:10,2025-05-07 18:48:27.767217,2025-05-07 18:48:27.767217
291177,59,2017-11-15,21.1,0,18.1,24:00,24.1,13:48,10,3.9,12.2,15:20,57,67,,48,13:00,2025-05-07 18:48:27.871165,2025-05-07 18:48:27.871165
291194,59,2017-11-16,19,0,14.8,05:57,23.2,11:40,10,4.2,11.7,15:10,68,75,07:20,56,11:10,2025-05-07 18:48:27.950707,2025-05-07 18:48:27.950707
291211,59,2017-11-17,19.2,0,15.9,06:25,22.6,12:51,9,3.6,12.2,15:20,70,83,,60,12:50,2025-05-07 18:48:28.024420,2025-05-07 18:48:28.024420
291228,59,2017-11-18,21.1,0,19.4,04:53,22.8,12:01,8,5,10.8,14:30,69,75,,63,12:10,2025-05-07 18:48:28.108781,2025-05-07 18:48:28.108781
291245,59,2017-11-19,21,0,19.1,,22.8,13:19,9,3.6,11.7,13:40,70,76,03:20,63,12:10,2025-05-07 18:48:28.206230,2025-05-07 18:48:28.206230
291262,59,2017-11-20,22.4,0,19.3,23:54,25.5,16:19,3,2.2,13.6,10:40,61,79,,35,18:10,2025-05-07 18:48:28.312582,2025-05-07 18:48:28.312582
291279,59,2017-11-21,21.2,0,15.6,07:42,26.9,15:04,11,1.1,8.9,23:40,48,68,00:00,35,17:50,2025-05-07 18:48:28.399323,2025-05-07 18:48:28.399323
291296,59,2017-11-22,21.4,0,16.5,23:23,26.2,15:24,8,2.2,8.3,00:40,50,68,01:00,31,22:40,2025-05-07 18:48:28.476139,2025-05-07 18:48:28.476139
291313,59,2017-11-23,20.2,0,14.7,06:51,25.7,15:20,18,3.1,6.1,13:20,53,81,21:20,37,04:40,2025-05-07 18:48:28.560113,2025-05-07 18:48:28.560113
291330,59,2017-11-24,20.9,0,16.3,03:44,25.5,13:55,13,2.8,6.1,11:10,57,85,05:50,37,18:00,2025-05-07 18:48:28.673139,2025-05-07 18:48:28.673139
291347,59,2017-11-25,23.6,0,21.7,00:01,25.4,12:12,9,3.3,10,21:00,48,65,22:40,29,19:30,2025-05-07 18:48:28.778655,2025-05-07 18:48:28.778655
291364,59,2017-11-26,22.8,0,21.1,,24.6,12:18,19,2.5,8.3,19:20,44,70,01:00,23,16:40,2025-05-07 18:48:28.859332,2025-05-07 18:48:28.859332
291381,59,2017-11-27,22.7,0,18.9,23:57,26.5,14:36,8,1.1,7.8,01:00,37,57,04:40,21,19:50,2025-05-07 18:48:28.923245,2025-05-07 18:48:28.923245
291398,59,2017-11-28,21.1,0,16.2,07:11,26,12:16,24,2.5,5.3,20:20,55,69,18:40,19,00:50,2025-05-07 18:48:29.005127,2025-05-07 18:48:29.005127
291415,59,2017-11-29,21.8,0,17.8,07:25,25.8,15:38,24,1.9,4.7,23:00,66,84,22:40,33,,2025-05-07 18:48:29.075251,2025-05-07 18:48:29.075251
291432,59,2017-11-30,21.8,0,17.5,06:09,26.2,14:04,36,3.1,8.6,16:30,67,83,00:00,55,15:10,2025-05-07 18:48:29.158022,2025-05-07 18:48:29.158022
291449,59,2017-12-01,20.6,0,17.9,06:11,23.2,11:00,9,4.2,9.4,12:10,82,87,07:30,74,,2025-05-07 18:48:29.261797,2025-05-07 18:48:29.261797
291466,59,2017-12-02,20.2,0,17.6,24:00,22.8,12:33,12,3.6,9.2,15:10,68,75,,61,13:30,2025-05-07 18:48:29.333174,2025-05-07 18:48:29.333174
291483,59,2017-12-03,18.6,0,15.3,05:17,22,14:34,6,4.4,9.4,17:00,62,75,05:00,49,12:50,2025-05-07 18:48:29.406407,2025-05-07 18:48:29.406407
291500,59,2017-12-04,20.4,0,17.7,,23.1,15:53,5,4.2,15.6,10:40,54,76,05:20,29,17:40,2025-05-07 18:48:29.495448,2025-05-07 18:48:29.495448
291517,59,2017-12-05,19.9,0,18.7,07:49,21.1,00:19,3,6.1,15.8,22:00,50,59,07:40,41,23:10,2025-05-07 18:48:29.589679,2025-05-07 18:48:29.589679
291534,59,2017-12-06,18.6,0,17.7,,19.5,15:25,12,7.8,15.6,11:10,48,74,06:20,40,,2025-05-07 18:48:29.662990,2025-05-07 18:48:29.662990
291551,59,2017-12-07,18.2,0,17.3,18:56,19.1,13:13,2,5,14.2,08:30,53,70,08:20,43,21:30,2025-05-07 18:48:29.736215,2025-05-07 18:48:29.736215
291568,59,2017-12-08,18.4,0,17.1,,19.7,13:23,11,5.8,15.3,12:30,54,67,,41,11:10,2025-05-07 18:48:29.829555,2025-05-07 18:48:29.829555
291585,59,2017-12-09,18.6,0,15.4,08:19,21.9,14:30,6,2.8,8.6,02:50,60,78,08:40,49,18:00,2025-05-07 18:48:29.922313,2025-05-07 18:48:29.922313
291601,59,2017-12-10,18.8,0,16.1,23:58,21.6,14:12,9,2.8,10.3,14:00,72,78,,64,11:30,2025-05-07 18:48:29.999693,2025-05-07 18:48:29.999693
291617,59,2017-12-11,18.1,6.4,13.9,03:16,22.3,12:50,28,2.8,13.9,18:40,68,89,21:30,55,15:50,2025-05-07 18:48:30.087444,2025-05-07 18:48:30.087444
291633,59,2017-12-12,17.2,0,13.7,07:56,20.7,14:16,4,6.4,16.1,15:40,65,87,00:30,42,14:10,2025-05-07 18:48:30.178827,2025-05-07 18:48:30.178827
291650,59,2017-12-13,17.6,1.6,16.3,,18.9,14:36,4,9.2,20.8,11:10,63,75,23:40,56,11:00,2025-05-07 18:48:30.264549,2025-05-07 18:48:30.264549
291667,59,2017-12-14,19.4,0,15.7,23:52,23.1,14:54,36,4.4,11.7,19:10,63,78,,50,13:00,2025-05-07 18:48:30.355889,2025-05-07 18:48:30.355889
291684,59,2017-12-15,18.5,0,14.2,04:36,22.8,15:22,1,3.9,9.7,13:40,65,83,03:00,50,15:20,2025-05-07 18:48:30.463646,2025-05-07 18:48:30.463646
291701,59,2017-12-16,20.2,0,17.6,07:41,22.8,13:51,34,3.3,9.7,13:50,73,86,05:30,64,13:20,2025-05-07 18:48:30.547332,2025-05-07 18:48:30.547332
291718,59,2017-12-17,18.7,0,17,06:18,20.4,15:05,4,5.8,14.2,12:20,56,79,00:00,47,14:30,2025-05-07 18:48:30.622561,2025-05-07 18:48:30.622561
291735,59,2017-12-18,19.3,0,16.6,03:32,22,14:11,3,5,10.8,11:10,64,78,,49,15:30,2025-05-07 18:48:30.722062,2025-05-07 18:48:30.722062
291752,59,2017-12-19,17.8,0,15.4,08:37,20.3,15:10,10,3.9,10.6,14:50,67,83,08:30,58,20:40,2025-05-07 18:48:30.796335,2025-05-07 18:48:30.796335
291769,59,2017-12-20,18.2,0,15.6,21:54,20.8,14:53,3,3.3,13.9,23:59,67,75,07:00,54,12:50,2025-05-07 18:48:30.885169,2025-05-07 18:48:30.885169
291786,59,2017-12-21,18.1,0,14.7,08:29,21.5,13:37,6,3.9,14.4,00:30,63,83,08:40,49,13:40,2025-05-07 18:48:30.972694,2025-05-07 18:48:30.972694
291803,59,2017-12-22,17.8,0,14.7,08:22,21,14:38,7,3.6,9.4,02:30,61,74,08:20,43,17:50,2025-05-07 18:48:31.062342,2025-05-07 18:48:31.062342
291820,59,2017-12-23,15.9,0,11.1,07:51,20.7,13:31,13,3.9,9.2,14:20,68,74,08:30,53,11:20,2025-05-07 18:48:31.148445,2025-05-07 18:48:31.148445
291837,59,2017-12-24,17.4,0,14.5,03:22,20.2,15:15,6,3.9,13.3,23:10,52,74,03:20,37,17:10,2025-05-07 18:48:31.247786,2025-05-07 18:48:31.247786
291854,59,2017-12-25,18.2,0,16.3,21:48,20.1,14:08,4,5,14.7,02:30,53,74,03:10,44,16:50,2025-05-07 18:48:31.346168,2025-05-07 18:48:31.346168
291871,59,2017-12-26,18.2,0,16.4,23:48,20,,6,6.1,13.9,11:40,59,71,06:50,46,17:00,2025-05-07 18:48:31.427471,2025-05-07 18:48:31.427471
291888,59,2017-12-27,17.6,0,13.3,,22,15:41,4,5,10,12:00,67,81,08:00,50,13:20,2025-05-07 18:48:31.509935,2025-05-07 18:48:31.509935
291905,59,2017-12-28,19.6,0,16.8,02:05,22.4,,5,3.9,11.1,15:10,63,77,02:10,53,15:00,2025-05-07 18:48:31.584982,2025-05-07 18:48:31.584982
291922,59,2017-12-29,19.4,0,18,02:11,20.7,13:54,5,4.7,9.7,12:20,66,76,03:50,58,14:00,2025-05-07 18:48:31.672416,2025-05-07 18:48:31.672416
291939,59,2017-12-30,19.2,0,16.5,07:53,21.8,12:58,5,1.9,8.3,02:00,61,85,,34,16:30,2025-05-07 18:48:31.749010,2025-05-07 18:48:31.749010
94910,59,2017-12-31,21,0,16.9,07:53,25.2,12:41,2,3.9,11.7,20:50,44,74,23:40,32,05:40,2025-05-06 10:33:56.151067,2025-05-06 10:33:56.151067
94929,59,2018-01-01,20.8,0,17.3,07:34,24.2,14:01,5,6.4,13.6,15:10,66,81,,40,13:50,2025-05-06 10:33:56.388740,2025-05-06 10:33:56.388740
94948,59,2018-01-02,21.2,0,17.6,,24.8,14:41,4,5.6,13.3,13:40,54,84,07:50,25,13:50,2025-05-06 10:33:56.637304,2025-05-06 10:33:56.637304
94967,59,2018-01-03,20.5,0,16.6,,24.4,15:46,36,3.9,11.1,23:50,60,80,08:00,26,15:40,2025-05-06 10:33:56.787413,2025-05-06 10:33:56.787413
94986,59,2018-01-04,19.8,0,16.5,08:18,23,15:10,1,3.6,10,00:10,63,81,,41,00:20,2025-05-06 10:33:56.928232,2025-05-06 10:33:56.928232
95005,59,2018-01-05,17.7,0,13.9,07:56,21.5,13:52,35,3.9,13.3,18:10,75,88,,61,17:50,2025-05-06 10:33:57.084667,2025-05-06 10:33:57.084667
95024,59,2018-01-06,18.1,1.4,16.1,,20.1,14:32,34,5.6,14.7,13:50,65,79,19:20,52,15:40,2025-05-06 10:33:57.311216,2025-05-06 10:33:57.311216
95043,59,2018-01-07,17,0.2,14.5,08:10,19.4,12:39,34,6.1,18.9,20:10,58,75,23:30,45,11:30,2025-05-06 10:33:57.532001,2025-05-06 10:33:57.532001
95062,59,2018-01-08,17.8,0,14.5,,21.1,14:02,34,3.1,10.3,15:30,58,78,08:30,44,15:30,2025-05-06 10:33:57.776078,2025-05-06 10:33:57.776078
95081,59,2018-01-09,16.6,0,11.5,05:17,21.7,14:31,36,2.8,5.8,19:10,72,80,,58,14:30,2025-05-06 10:33:58.035379,2025-05-06 10:33:58.035379
95100,59,2018-01-10,19.9,0,18,08:24,21.8,11:23,10,3.9,10,13:50,80,87,06:50,66,11:10,2025-05-06 10:33:58.293451,2025-05-06 10:33:58.293451
95119,59,2018-01-11,19,0,17.2,,20.8,14:23,5,5.6,11.9,11:10,67,86,,57,12:50,2025-05-06 10:33:58.540774,2025-05-06 10:33:58.540774
95138,59,2018-01-12,18.3,0,16.2,06:22,20.4,13:12,9,3.9,12.8,15:20,69,74,,61,11:40,2025-05-06 10:33:58.790086,2025-05-06 10:33:58.790086
95157,59,2018-01-13,18,0.2,16,03:49,20,14:11,6,4.2,11.9,14:50,61,70,,53,13:50,2025-05-06 10:33:59.050468,2025-05-06 10:33:59.050468
95176,59,2018-01-14,17.6,0,14.8,23:52,20.3,12:41,2,5.3,12.5,13:20,67,87,05:50,56,11:40,2025-05-06 10:33:59.311782,2025-05-06 10:33:59.311782
95195,59,2018-01-15,17.3,0,14.6,00:56,20,13:15,5,4.7,17.2,15:10,57,76,01:30,42,14:50,2025-05-06 10:33:59.567795,2025-05-06 10:33:59.567795
95214,59,2018-01-16,17.7,6.2,15.5,,19.9,15:31,3,8.1,17.8,10:00,61,74,,46,00:10,2025-05-06 10:33:59.805310,2025-05-06 10:33:59.805310
95233,59,2018-01-17,19.2,0,16,,22.4,15:22,35,5.8,11.9,16:50,63,76,,53,16:00,2025-05-06 10:34:00.059160,2025-05-06 10:34:00.059160
95252,59,2018-01-18,17.9,0,15.9,00:34,19.9,14:33,2,3.9,10.3,11:20,63,80,07:50,50,15:00,2025-05-06 10:34:00.307504,2025-05-06 10:34:00.307504
95271,59,2018-01-19,19.4,0,16.8,08:30,22.1,13:29,4,5.3,11.7,11:50,57,72,07:50,46,12:20,2025-05-06 10:34:00.547718,2025-05-06 10:34:00.547718
95290,59,2018-01-20,18.6,0,16.7,21:43,20.6,14:26,3,6.1,13.1,05:10,67,77,21:40,61,12:50,2025-05-06 10:34:00.786972,2025-05-06 10:34:00.786972
95309,59,2018-01-21,18.5,0,15.5,08:04,21.5,16:28,11,3.3,9.2,15:00,68,84,,57,,2025-05-06 10:34:01.035223,2025-05-06 10:34:01.035223
95328,59,2018-01-22,18.8,0,15.6,01:57,22.1,16:12,10,3.9,10,12:30,72,82,08:30,62,17:00,2025-05-06 10:34:01.291374,2025-05-06 10:34:01.291374
95347,59,2018-01-23,18.6,0,15.4,07:33,21.8,14:39,10,3.9,9.7,15:40,70,80,,54,14:30,2025-05-06 10:34:01.533349,2025-05-06 10:34:01.533349
95366,59,2018-01-24,18.6,,15.2,,21.9,14:20,9,3.9,9.4,15:30,67,81,07:40,53,14:10,2025-05-06 10:34:01.759995,2025-05-06 10:34:01.759995
95385,59,2018-01-25,17.8,,15,06:48,20.6,13:53,4,5.8,12.5,23:59,69,80,,59,13:40,2025-05-06 10:34:02.021183,2025-05-06 10:34:02.021183
95404,59,2018-01-26,17.8,,16,,19.5,14:06,2,7.2,15.3,18:20,64,81,09:20,51,23:50,2025-05-06 10:34:02.296725,2025-05-06 10:34:02.296725
95423,59,2018-01-27,14.8,,13.6,10:50,16.1,00:05,6,9.4,20,09:10,75,94,11:10,51,01:20,2025-05-06 10:34:02.482048,2025-05-06 10:34:02.482048
95442,59,2018-01-28,15.4,,12.7,23:58,18.1,14:03,99,6.7,16.1,14:40,57,69,00:00,44,13:30,2025-05-06 10:34:02.722887,2025-05-06 10:34:02.722887
95461,59,2018-01-29,13.7,,10.6,01:36,16.8,14:53,36,1.9,11.4,14:40,68,80,09:40,60,,2025-05-06 10:34:03.020675,2025-05-06 10:34:03.020675
95480,59,2018-01-30,13.1,,9.2,04:15,17,12:24,99,2.8,11.7,,66,80,,51,12:20,2025-05-06 10:34:03.195876,2025-05-06 10:34:03.195876
95499,59,2018-01-31,14.2,,9,07:24,19.5,15:04,35,3.3,13.6,15:50,71,80,07:30,57,15:20,2025-05-06 10:34:03.414200,2025-05-06 10:34:03.414200
95518,59,2018-02-01,15.1,,12.9,06:17,17.3,16:27,2,5.3,11.7,12:30,73,80,11:30,68,16:20,2025-05-06 10:34:03.620416,2025-05-06 10:34:03.620416
95537,59,2018-02-02,15.6,,13,07:25,18.2,11:27,34,4.4,13.6,18:30,74,82,,66,16:40,2025-05-06 10:34:03.852659,2025-05-06 10:34:03.852659
95556,59,2018-02-03,16.2,,13.6,03:11,18.9,12:36,4,6.1,15.6,11:20,58,71,02:00,47,13:50,2025-05-06 10:34:04.075057,2025-05-06 10:34:04.075057
95575,59,2018-02-04,16.8,,13.7,07:59,20,15:26,4,4.4,11.4,11:00,56,73,19:30,46,14:30,2025-05-06 10:34:04.292010,2025-05-06 10:34:04.292010
95594,59,2018-02-05,16.2,,13.4,08:07,19.1,14:35,35,3.6,15,02:00,58,79,05:10,43,13:40,2025-05-06 10:34:04.509784,2025-05-06 10:34:04.509784
95613,59,2018-02-06,15.8,,13,07:50,18.6,12:39,99,4.2,12.5,13:30,59,78,08:00,44,,2025-05-06 10:34:04.724152,2025-05-06 10:34:04.724152
95632,59,2018-02-07,,,,,,,34,4.4,19.4,12:00,65,,,,,2025-05-06 10:34:04.969453,2025-05-06 10:34:04.969453
95651,59,2018-02-08,14,0,10.6,06:48,17.5,16:11,1,3.9,15.6,13:20,59,77,08:40,45,16:00,2025-05-06 10:34:05.209089,2025-05-06 10:34:05.209089
95670,59,2018-02-09,15.8,0,12.4,01:06,19.1,14:54,4,6.7,15.8,11:20,59,73,01:00,46,11:40,2025-05-06 10:34:05.407634,2025-05-06 10:34:05.407634
95689,59,2018-02-10,17.8,0,14.3,05:53,21.2,15:01,4,4.2,11.1,17:00,68,79,07:30,53,15:20,2025-05-06 10:34:05.642480,2025-05-06 10:34:05.642480
95708,59,2018-02-11,17,0,14.6,23:51,19.4,,5,5.6,13.6,12:40,60,71,,53,12:30,2025-05-06 10:34:05.884256,2025-05-06 10:34:05.884256
95727,59,2018-02-12,16.2,0,14,,18.4,13:37,10,4.4,11.9,12:50,72,76,23:40,68,10:50,2025-05-06 10:34:06.139935,2025-05-06 10:34:06.139935
95746,59,2018-02-13,16.2,0,13.3,08:02,19.1,15:14,9,3.1,7.5,17:50,77,84,,60,20:40,2025-05-06 10:34:06.371134,2025-05-06 10:34:06.371134
95765,59,2018-02-14,17.2,0,12.9,06:58,21.5,16:34,4,3.9,11.4,15:40,60,87,07:30,30,18:20,2025-05-06 10:34:06.631061,2025-05-06 10:34:06.631061
95784,59,2018-02-15,18.1,0,15.9,,20.3,,2,3.3,11.1,22:40,53,75,00:00,39,14:50,2025-05-06 10:34:06.875799,2025-05-06 10:34:06.875799
95803,59,2018-02-16,19.6,0,16.6,23:04,22.6,15:16,3,2.8,16.1,01:50,48,64,04:10,31,15:50,2025-05-06 10:34:07.088098,2025-05-06 10:34:07.088098
95822,59,2018-02-17,18.1,0,13.9,05:00,22.3,14:55,12,4.2,9.2,12:30,54,74,08:30,43,13:00,2025-05-06 10:34:07.313189,2025-05-06 10:34:07.313189
95841,59,2018-02-18,16.6,0,13,07:38,20.1,17:38,9,3.6,12.5,15:10,69,81,,61,18:40,2025-05-06 10:34:07.545824,2025-05-06 10:34:07.545824
95860,59,2018-02-19,15.6,0,11.4,06:54,19.9,12:31,9,3.9,11.7,13:00,71,81,,60,,2025-05-06 10:34:07.680693,2025-05-06 10:34:07.680693
95879,59,2018-02-20,16.4,0,12.7,06:25,20,11:57,3,2.5,9.2,09:50,71,82,06:20,52,11:50,2025-05-06 10:34:07.853762,2025-05-06 10:34:07.853762
95898,59,2018-02-21,17.5,0,14.4,02:43,20.6,14:12,1,2.5,8.3,11:30,65,78,,46,13:10,2025-05-06 10:34:08.031933,2025-05-06 10:34:08.031933
95916,59,2018-02-22,16.2,0,10.8,06:54,21.7,15:09,15,2.5,4.4,11:10,68,82,08:10,53,14:50,2025-05-06 10:34:08.226776,2025-05-06 10:34:08.226776
95934,59,2018-02-23,15.6,0.4,11.5,06:41,19.8,12:51,24,3.9,11.1,16:20,71,82,09:10,62,13:10,2025-05-06 10:34:08.419899,2025-05-06 10:34:08.419899
95953,59,2018-02-24,18.8,0,16.3,02:01,21.2,16:54,22,4.2,8.3,04:20,77,86,22:50,72,,2025-05-06 10:34:08.594081,2025-05-06 10:34:08.594081
95972,59,2018-02-25,18.6,1.4,17.1,21:01,20,14:06,21,7.5,16.7,15:10,85,91,09:20,78,15:50,2025-05-06 10:34:08.810587,2025-05-06 10:34:08.810587
95991,59,2018-02-26,18.3,0,15.9,07:34,20.7,14:59,99,4.2,14.4,00:40,66,87,01:20,54,18:00,2025-05-06 10:34:09.077798,2025-05-06 10:34:09.077798
96010,59,2018-02-27,18.7,0.2,17.1,,20.3,15:06,22,7.5,15.8,23:10,73,84,,68,15:50,2025-05-06 10:34:09.301923,2025-05-06 10:34:09.301923
96029,59,2018-02-28,18.4,3.4,17.1,09:34,19.6,14:50,22,9.7,18.1,03:10,87,92,09:40,83,16:30,2025-05-06 10:34:09.555059,2025-05-06 10:34:09.555059
96048,59,2018-03-01,19.2,0,17.6,05:32,20.9,14:22,24,5.6,14.7,00:10,82,88,,78,,2025-05-06 10:34:09.797193,2025-05-06 10:34:09.797193
96067,59,2018-03-02,19,0,17.5,02:00,20.5,14:41,99,6.7,11.4,,86,90,,81,,2025-05-06 10:34:10.045125,2025-05-06 10:34:10.045125
96086,59,2018-03-03,19.1,0.4,18,,20.2,15:32,23,5,12.5,09:00,86,91,,76,16:40,2025-05-06 10:34:10.277136,2025-05-06 10:34:10.277136
96105,59,2018-03-04,19.6,0,17.2,07:17,21.9,13:16,29,2.5,10.3,03:40,74,85,01:10,67,19:30,2025-05-06 10:34:10.517677,2025-05-06 10:34:10.517677
96124,59,2018-03-05,20.6,0,17.5,07:23,23.8,14:18,2,2.8,10,13:30,68,77,00:20,56,14:20,2025-05-06 10:34:10.746488,2025-05-06 10:34:10.746488
96143,59,2018-03-06,21.2,0,18.5,07:11,23.8,13:35,1,5,11.9,14:20,67,79,,54,,2025-05-06 10:34:11.006330,2025-05-06 10:34:11.006330
96162,59,2018-03-07,20.3,0,17.6,05:00,23,14:34,25,4.2,8.6,15:00,74,80,,67,16:20,2025-05-06 10:34:11.273598,2025-05-06 10:34:11.273598
96181,59,2018-03-08,20.6,0,17.7,00:46,23.4,14:53,24,3.1,7.5,16:50,76,82,08:20,71,14:30,2025-05-06 10:34:11.540826,2025-05-06 10:34:11.540826
96200,59,2018-03-09,19.6,0,15.8,06:40,23.5,15:32,22,3.1,6.7,17:30,76,84,08:50,71,14:30,2025-05-06 10:34:11.793118,2025-05-06 10:34:11.793118
96219,59,2018-03-10,21,0,17.2,05:00,24.7,15:15,2,3.1,13.1,16:20,71,85,,50,15:10,2025-05-06 10:34:12.048937,2025-05-06 10:34:12.048937
96238,59,2018-03-11,19.4,0,14.5,06:58,24.2,16:00,10,3.1,12.2,15:00,56,74,08:00,42,12:50,2025-05-06 10:34:12.313745,2025-05-06 10:34:12.313745
96257,59,2018-03-12,18.6,0,14.2,07:08,23.1,12:33,99,4.2,13.9,14:50,67,77,,49,12:30,2025-05-06 10:34:12.558259,2025-05-06 10:34:12.558259
96276,59,2018-03-13,19.4,0,15.6,05:21,23.1,15:45,10,5,10.8,11:50,73,80,07:50,64,15:50,2025-05-06 10:34:12.805407,2025-05-06 10:34:12.805407
96295,59,2018-03-14,19.7,0,15.7,06:17,23.7,13:28,34,2.8,9.2,21:50,70,81,06:40,59,13:10,2025-05-06 10:34:13.045051,2025-05-06 10:34:13.045051
96314,59,2018-03-15,20.2,0,16.5,23:32,23.8,12:58,2,3.6,11.1,19:00,64,77,07:30,57,13:00,2025-05-06 10:34:13.299703,2025-05-06 10:34:13.299703
96333,59,2018-03-16,18.2,0,15,24:00,21.3,13:18,2,3.9,12.8,10:50,53,77,06:20,39,13:20,2025-05-06 10:34:13.533708,2025-05-06 10:34:13.533708
96352,59,2018-03-17,19,0,12.3,07:34,25.6,14:46,34,3.1,11.1,19:10,55,71,07:10,39,17:30,2025-05-06 10:34:13.776067,2025-05-06 10:34:13.776067
96371,59,2018-03-18,20.1,0,15.9,01:02,24.3,15:14,35,4.4,10.6,23:20,55,73,,47,13:00,2025-05-06 10:34:14.021765,2025-05-06 10:34:14.021765
96390,59,2018-03-19,19.5,0,15.5,07:08,23.5,14:45,2,5.3,13.9,16:30,59,77,07:40,44,12:20,2025-05-06 10:34:14.266708,2025-05-06 10:34:14.266708
96409,59,2018-03-20,20.2,0,16.9,,23.6,13:52,5,7.8,13.9,22:30,59,75,,44,13:40,2025-05-06 10:34:14.514322,2025-05-06 10:34:14.514322
96428,59,2018-03-21,17.6,0,15.6,07:17,19.7,,5,8.3,18.1,12:10,58,69,23:50,51,10:50,2025-05-06 10:34:14.764108,2025-05-06 10:34:14.764108
96447,59,2018-03-22,17.9,0,14.8,,21,15:38,3,6.7,13.6,06:30,59,70,05:00,49,13:00,2025-05-06 10:34:15.015706,2025-05-06 10:34:15.015706
96466,59,2018-03-23,17.4,0,13.1,06:48,21.8,16:32,8,4.2,11.7,13:20,68,78,07:30,53,11:00,2025-05-06 10:34:15.264491,2025-05-06 10:34:15.264491
96485,59,2018-03-24,20,0,16.4,,23.5,14:14,36,5.3,11.9,15:00,60,74,,48,14:20,2025-05-06 10:34:15.520242,2025-05-06 10:34:15.520242
96504,59,2018-03-25,19.4,0,15.2,,23.5,13:23,1,5,13.1,17:20,58,74,00:40,45,13:10,2025-05-06 10:34:15.762195,2025-05-06 10:34:15.762195
96523,59,2018-03-26,19.5,0,16.2,,22.8,15:01,4,5.6,14.2,10:00,57,74,02:30,48,,2025-05-06 10:34:16.009996,2025-05-06 10:34:16.009996
96542,59,2018-03-27,20.6,0,15.9,02:51,25.3,16:04,99,4.4,12.2,,58,75,,45,13:30,2025-05-06 10:34:16.264403,2025-05-06 10:34:16.264403
96561,59,2018-03-28,24.6,0,20.8,00:01,28.4,15:07,5,2.8,14.7,04:50,36,58,00:00,17,19:20,2025-05-06 10:34:16.501882,2025-05-06 10:34:16.501882
96580,59,2018-03-29,22.6,0,18.2,23:58,27.1,16:34,6,3.3,11.4,11:40,39,71,,21,11:00,2025-05-06 10:34:16.752064,2025-05-06 10:34:16.752064
96599,59,2018-03-30,18.8,0,16.4,,21.1,14:41,99,6.7,12.5,,63,75,,54,,2025-05-06 10:34:16.992622,2025-05-06 10:34:16.992622
96618,59,2018-03-31,19.5,0,16,03:55,23,16:32,7,4.7,13.3,11:00,58,73,23:30,46,16:30,2025-05-06 10:34:17.249760,2025-05-06 10:34:17.249760
96637,59,2018-04-01,18,0,13.4,06:31,22.7,14:06,22,2.8,11.1,15:50,63,78,06:40,53,16:10,2025-05-06 10:34:17.495999,2025-05-06 10:34:17.495999
96656,59,2018-04-02,18.6,0,13.9,06:49,23.3,,36,3.9,10,15:10,66,76,,49,15:10,2025-05-06 10:34:17.731334,2025-05-06 10:34:17.731334
96675,59,2018-04-03,19,0,15.1,,22.8,15:30,10,3.1,11.9,11:50,68,79,,52,18:30,2025-05-06 10:34:17.973449,2025-05-06 10:34:17.973449
96694,59,2018-04-04,19,0,15.8,07:11,22.2,14:47,4,4.7,11.4,12:20,62,75,,52,11:50,2025-05-06 10:34:18.203195,2025-05-06 10:34:18.203195
96713,59,2018-04-05,19.5,0,14.7,07:15,24.3,15:41,12,3.9,11.9,12:10,60,75,,48,11:20,2025-05-06 10:34:18.322977,2025-05-06 10:34:18.322977
96732,59,2018-04-06,19.8,0,14.1,06:52,25.4,16:02,3,2.5,11.7,22:20,57,74,22:40,47,15:30,2025-05-06 10:34:18.445074,2025-05-06 10:34:18.445074
96751,59,2018-04-07,20,0,16.1,06:05,23.9,14:28,3,3.6,13.1,13:20,51,74,07:20,29,15:50,2025-05-06 10:34:18.627397,2025-05-06 10:34:18.627397
96770,59,2018-04-08,19.6,0,16,06:45,23.2,14:27,36,5.6,13.9,15:40,52,68,06:30,32,15:20,2025-05-06 10:34:18.849626,2025-05-06 10:34:18.849626
96789,59,2018-04-09,18.6,0,16,23:41,21.3,13:13,1,6.9,16.7,12:40,52,70,04:40,41,13:10,2025-05-06 10:34:19.101133,2025-05-06 10:34:19.101133
96808,59,2018-04-10,19.1,0,15.6,04:29,22.6,14:33,4,4.4,11.1,09:00,54,68,04:30,39,14:30,2025-05-06 10:34:19.350007,2025-05-06 10:34:19.350007
96827,59,2018-04-11,19.8,0,16.7,02:49,23,13:48,34,5,12.2,13:20,66,77,07:10,53,13:50,2025-05-06 10:34:19.596331,2025-05-06 10:34:19.596331
96846,59,2018-04-12,19.4,0,16,05:36,22.8,14:45,34,2.5,13.6,17:20,62,78,23:30,47,14:30,2025-05-06 10:34:19.847890,2025-05-06 10:34:19.847890
96864,59,2018-04-13,19.5,0,16.6,,22.4,13:47,32,6.1,13.9,17:00,52,77,00:00,38,13:40,2025-05-06 10:34:20.083420,2025-05-06 10:34:20.083420
96882,59,2018-04-14,19.3,0,16.1,07:37,22.5,12:38,9,5.3,13.9,14:10,56,70,,42,12:10,2025-05-06 10:34:20.313507,2025-05-06 10:34:20.313507
96900,59,2018-04-15,19.5,0,15.1,01:33,23.9,15:53,10,5.8,11.9,14:10,63,74,,41,15:50,2025-05-06 10:34:20.546002,2025-05-06 10:34:20.546002
96919,59,2018-04-16,21.4,0,16.7,02:32,26,15:30,2,5.3,10.6,07:10,58,78,06:20,34,15:40,2025-05-06 10:34:20.810814,2025-05-06 10:34:20.810814
96938,59,2018-04-17,21.2,0,16.9,06:53,25.6,12:31,10,5.6,11.7,13:40,70,79,07:00,48,12:30,2025-05-06 10:34:21.045065,2025-05-06 10:34:21.045065
96957,59,2018-04-18,23.2,0,18.2,06:58,28.1,10:30,32,3.1,7.5,21:00,60,72,20:20,32,10:20,2025-05-06 10:34:21.295394,2025-05-06 10:34:21.295394
96976,59,2018-04-19,21.6,0,17.6,04:56,25.5,11:00,35,6.7,16.1,06:50,63,75,06:10,35,14:20,2025-05-06 10:34:21.547155,2025-05-06 10:34:21.547155
96995,59,2018-04-20,19.6,0,16.5,23:57,22.6,14:09,99,5,13.9,,51,74,00:00,35,12:40,2025-05-06 10:34:21.783751,2025-05-06 10:34:21.783751
97014,59,2018-04-21,19.4,0,16.2,05:04,22.6,12:32,25,3.1,12.8,15:00,61,72,23:30,46,11:40,2025-05-06 10:34:22.044564,2025-05-06 10:34:22.044564
97033,59,2018-04-22,20.2,0,17.1,05:54,23.4,14:11,36,3.6,13.1,17:50,61,75,05:50,48,13:20,2025-05-06 10:34:22.289143,2025-05-06 10:34:22.289143
97052,59,2018-04-23,19.7,0,17,23:42,22.4,12:44,2,5.3,17.2,17:20,66,77,23:30,47,12:50,2025-05-06 10:34:22.545461,2025-05-06 10:34:22.545461
97071,59,2018-04-24,20.2,0,16.6,07:17,23.8,14:22,99,5.3,13.6,17:40,63,81,05:00,48,16:50,2025-05-06 10:34:22.796148,2025-05-06 10:34:22.796148
97090,59,2018-04-25,20.9,0,17.8,05:55,24,13:39,1,4.2,14.2,15:10,63,75,06:00,48,13:40,2025-05-06 10:34:23.037818,2025-05-06 10:34:23.037818
97109,59,2018-04-26,21,0,17.2,03:15,24.7,15:39,2,5,14.7,10:00,63,74,23:40,51,15:40,2025-05-06 10:34:23.263625,2025-05-06 10:34:23.263625
97128,59,2018-04-27,20.3,0,16.3,06:14,24.3,15:19,10,4.7,11.4,13:00,66,75,,50,11:50,2025-05-06 10:34:23.514736,2025-05-06 10:34:23.514736
97147,59,2018-04-28,20.4,0,15.9,05:52,24.8,13:37,2,5.3,12.8,15:10,56,75,,40,13:10,2025-05-06 10:34:23.770506,2025-05-06 10:34:23.770506
97166,59,2018-04-29,18.8,0,15.7,06:31,22,13:12,8,4.4,14.2,14:40,53,69,00:00,42,17:20,2025-05-06 10:34:24.029830,2025-05-06 10:34:24.029830
97185,59,2018-04-30,19,0,16,,22,16:31,9,4.2,12.8,14:20,54,63,11:40,41,17:00,2025-05-06 10:34:24.267052,2025-05-06 10:34:24.267052
97204,59,2018-05-01,19.8,0,15.7,03:44,24,14:28,2,3.9,13.9,12:50,50,70,,36,12:50,2025-05-06 10:34:24.521885,2025-05-06 10:34:24.521885
97223,59,2018-05-02,19.2,0,14.6,05:13,23.7,13:08,1,3.6,11.4,09:10,60,72,,41,13:30,2025-05-06 10:34:24.781523,2025-05-06 10:34:24.781523
97242,59,2018-05-03,20.2,0,17.5,,22.8,10:44,10,2.8,10.6,11:40,67,72,,42,11:00,2025-05-06 10:34:25.029102,2025-05-06 10:34:25.029102
97261,59,2018-05-04,19.9,0,16.8,05:52,23,16:45,10,4.4,11.7,15:10,54,73,,46,,2025-05-06 10:34:25.257926,2025-05-06 10:34:25.257926
97280,59,2018-05-05,20.4,0,17.3,22:19,23.4,13:12,12,3.3,10.8,12:10,53,65,,43,12:00,2025-05-06 10:34:25.513460,2025-05-06 10:34:25.513460
97299,59,2018-05-06,20.6,0,17.7,00:01,23.5,16:15,33,3.3,10.3,13:10,52,70,,39,16:40,2025-05-06 10:34:25.775974,2025-05-06 10:34:25.775974
97318,59,2018-05-07,20.8,0,17.9,,23.7,13:38,34,4.2,11.7,17:50,55,72,05:40,36,12:00,2025-05-06 10:34:26.042558,2025-05-06 10:34:26.042558
97337,59,2018-05-08,20.2,0,17.5,05:51,22.8,12:42,2,5,10.8,17:50,60,75,02:20,51,16:30,2025-05-06 10:34:26.294153,2025-05-06 10:34:26.294153
97356,59,2018-05-09,20,0,16.7,04:13,23.3,14:33,36,4.4,11.4,17:40,61,75,04:20,52,11:30,2025-05-06 10:34:26.565409,2025-05-06 10:34:26.565409
97375,59,2018-05-10,20.8,0,17.5,01:25,24,14:40,3,4.2,13.1,08:40,57,71,02:50,44,16:20,2025-05-06 10:34:26.832604,2025-05-06 10:34:26.832604
97394,59,2018-05-11,20,0,17.1,,22.8,15:30,99,6.1,12.5,,59,70,22:30,53,13:00,2025-05-06 10:34:27.104693,2025-05-06 10:34:27.104693
97413,59,2018-05-12,20,0,16.5,,23.4,15:04,4,7.5,13.9,08:10,64,75,05:10,53,15:50,2025-05-06 10:34:27.364330,2025-05-06 10:34:27.364330
97432,59,2018-05-13,19.8,0,16.5,23:58,23,15:11,4,6.4,13.3,11:10,63,73,,55,,2025-05-06 10:34:27.627858,2025-05-06 10:34:27.627858
97451,59,2018-05-14,20,0,15.6,,24.5,17:16,10,5,10.3,13:00,64,76,,48,17:30,2025-05-06 10:34:27.884124,2025-05-06 10:34:27.884124
97470,59,2018-05-15,21.2,0,16.9,05:39,25.5,14:30,1,4.2,11.4,19:50,62,76,,46,15:10,2025-05-06 10:34:28.150480,2025-05-06 10:34:28.150480
97489,59,2018-05-16,21,0,17.9,02:08,24,15:52,34,6.1,14.2,15:30,58,73,03:10,46,14:50,2025-05-06 10:34:28.413725,2025-05-06 10:34:28.413725
97508,59,2018-05-17,20.5,0,16.4,,24.6,12:49,34,3.9,11.4,16:00,56,73,,45,12:30,2025-05-06 10:34:28.677290,2025-05-06 10:34:28.677290
97527,59,2018-05-18,20.7,0,16.2,05:38,25.2,14:28,2,4.4,12.5,19:10,63,73,,47,10:50,2025-05-06 10:34:28.880719,2025-05-06 10:34:28.880719
97546,59,2018-05-19,20.2,0,17.3,23:44,23.1,15:36,36,4.2,9.2,04:30,57,72,23:59,47,16:20,2025-05-06 10:34:29.013674,2025-05-06 10:34:29.013674
97565,59,2018-05-20,20.6,0,16.7,,24.6,14:11,32,3.3,10.6,16:20,52,74,,37,14:10,2025-05-06 10:34:29.146638,2025-05-06 10:34:29.146638
97584,59,2018-05-21,20.8,0,17.7,24:00,23.8,15:47,2,3.1,12.5,19:10,60,70,01:20,44,15:20,2025-05-06 10:34:29.332378,2025-05-06 10:34:29.332378
97603,59,2018-05-22,20.4,0,16.1,03:55,24.6,17:46,35,2.8,12.8,19:00,63,74,,49,10:20,2025-05-06 10:34:29.555401,2025-05-06 10:34:29.555401
97622,59,2018-05-23,21,0,17.7,23:34,24.3,15:04,34,3.9,13.3,16:20,65,77,06:30,42,16:10,2025-05-06 10:34:29.809752,2025-05-06 10:34:29.809752
97641,59,2018-05-24,19.9,0,15.9,06:20,23.9,12:28,34,5.3,13.3,17:40,66,74,06:40,46,12:00,2025-05-06 10:34:30.066002,2025-05-06 10:34:30.066002
97660,59,2018-05-25,19.8,0,16.7,05:37,22.8,17:57,4,3.9,10,09:40,63,76,06:30,46,18:00,2025-05-06 10:34:30.321457,2025-05-06 10:34:30.321457
97679,59,2018-05-26,21,0,17.4,01:14,24.6,15:40,30,4.2,10.8,17:20,53,74,05:40,40,13:30,2025-05-06 10:34:30.574038,2025-05-06 10:34:30.574038
97698,59,2018-05-27,21.2,0,17.3,,25.1,14:16,4,4.7,11.4,15:40,49,73,04:50,33,13:50,2025-05-06 10:34:30.818814,2025-05-06 10:34:30.818814
97717,59,2018-05-28,20.5,0,17.3,04:36,23.7,11:22,6,5.6,13.6,15:10,59,70,05:50,43,11:20,2025-05-06 10:34:31.081134,2025-05-06 10:34:31.081134
97736,59,2018-05-29,20.4,0,17.1,02:55,23.8,16:42,11,5.8,14.2,13:30,59,72,,49,11:20,2025-05-06 10:34:31.334272,2025-05-06 10:34:31.334272
97755,59,2018-05-30,21.4,0,18.4,00:01,24.3,14:53,8,6.7,12.8,12:30,63,73,03:00,54,15:00,2025-05-06 10:34:31.582337,2025-05-06 10:34:31.582337
97774,59,2018-05-31,21.6,0,17.7,03:36,25.6,15:07,4,5.6,12.2,11:30,58,75,03:30,51,17:50,2025-05-06 10:34:31.823319,2025-05-06 10:34:31.823319
97793,59,2018-06-01,21.8,0,18.7,,24.8,16:36,9,5.3,12.8,11:40,62,72,,53,14:40,2025-05-06 10:34:32.090986,2025-05-06 10:34:32.090986
97812,59,2018-06-02,20.5,0,17.7,05:03,23.3,16:00,8,5.6,12.5,14:00,60,74,03:40,50,11:20,2025-05-06 10:34:32.340328,2025-05-06 10:34:32.340328
97831,59,2018-06-03,20,0,17.6,02:36,22.5,11:55,10,6.1,14.2,14:10,65,71,,52,11:50,2025-05-06 10:34:32.583969,2025-05-06 10:34:32.583969
97850,59,2018-06-04,21.8,0,18.7,23:56,24.8,17:05,10,7.5,16.1,15:10,68,75,03:40,53,18:40,2025-05-06 10:34:32.831568,2025-05-06 10:34:32.831568
97869,59,2018-06-05,21.2,0,17.7,06:38,24.7,16:39,10,6.7,14.4,12:20,65,73,,53,16:30,2025-05-06 10:34:33.054327,2025-05-06 10:34:33.054327
97888,59,2018-06-06,22.2,0,18.1,06:35,26.2,14:57,10,5,12.8,14:10,62,77,,52,16:20,2025-05-06 10:34:33.312880,2025-05-06 10:34:33.312880
97907,59,2018-06-07,22.2,0,18.8,01:13,25.6,11:36,10,5.6,13.9,12:50,66,76,,52,11:20,2025-05-06 10:34:33.569958,2025-05-06 10:34:33.569958
97926,59,2018-06-08,23,0,18.8,,27.2,15:00,2,3.1,10,00:40,64,77,,52,11:40,2025-05-06 10:34:33.789865,2025-05-06 10:34:33.789865
97945,59,2018-06-09,22.6,0,18.8,06:26,26.3,13:37,14,3.3,11.1,11:50,66,75,05:40,49,10:50,2025-05-06 10:34:34.035921,2025-05-06 10:34:34.035921
97964,59,2018-06-10,22.1,0,18.2,03:49,26,13:52,10,4.4,12.2,15:10,54,75,06:40,41,13:50,2025-05-06 10:34:34.287264,2025-05-06 10:34:34.287264
97983,59,2018-06-11,21.3,0,17.9,05:16,24.7,17:13,10,4.2,13.3,13:50,62,73,06:40,47,11:50,2025-05-06 10:34:34.526085,2025-05-06 10:34:34.526085
98002,59,2018-06-12,22,0,18.8,01:04,25.3,15:22,34,5.6,11.9,23:20,62,72,00:20,53,,2025-05-06 10:34:34.770923,2025-05-06 10:34:34.770923
98021,59,2018-06-13,21.6,0,18.8,02:29,24.5,13:35,9,5.3,12.8,14:20,58,75,01:40,49,11:10,2025-05-06 10:34:35.030163,2025-05-06 10:34:35.030163
98040,59,2018-06-14,22,0,19,05:42,25,14:28,34,5.6,12.5,11:10,55,68,02:30,45,14:20,2025-05-06 10:34:35.273395,2025-05-06 10:34:35.273395
98059,59,2018-06-15,22.7,0,19.1,03:40,26.3,15:07,34,4.4,12.2,17:20,54,69,23:59,45,,2025-05-06 10:34:35.533744,2025-05-06 10:34:35.533744
98078,59,2018-06-16,22.8,0,18.5,05:08,27,13:49,10,2.8,12.5,14:30,67,75,,51,13:50,2025-05-06 10:34:35.790421,2025-05-06 10:34:35.790421
98097,59,2018-06-17,22.6,0,18.6,06:02,26.7,15:25,12,4.4,11.9,11:30,64,69,23:40,53,,2025-05-06 10:34:36.034323,2025-05-06 10:34:36.034323
98116,59,2018-06-18,23.6,0,20.3,,27,14:56,11,2.8,10,11:10,64,72,06:50,56,14:40,2025-05-06 10:34:36.288127,2025-05-06 10:34:36.288127
98135,59,2018-06-19,23,0,18.5,04:30,27.6,16:25,34,2.2,6.9,00:40,62,75,04:10,52,16:30,2025-05-06 10:34:36.532675,2025-05-06 10:34:36.532675
98154,59,2018-06-20,22.8,0,17.9,05:03,27.8,15:04,36,3.1,8.1,18:40,64,73,05:30,53,,2025-05-06 10:34:36.783256,2025-05-06 10:34:36.783256
98173,59,2018-06-21,23,0,18.9,06:39,27,12:54,12,3.1,11.9,15:10,64,75,06:50,54,11:10,2025-05-06 10:34:37.050128,2025-05-06 10:34:37.050128
98192,59,2018-06-22,23.6,0,20.2,00:34,26.9,14:29,3,4.7,11.1,03:10,59,72,06:30,48,14:10,2025-05-06 10:34:37.310975,2025-05-06 10:34:37.310975
98211,59,2018-06-23,24.2,0,20,05:01,28.3,,11,3.9,9.7,11:30,61,73,,52,,2025-05-06 10:34:37.562486,2025-05-06 10:34:37.562486
98230,59,2018-06-24,24.4,0,19.5,03:22,29.3,15:11,99,2.5,6.7,,65,76,,52,15:10,2025-05-06 10:34:37.792380,2025-05-06 10:34:37.792380
98249,59,2018-06-25,22.6,0,19.3,03:20,25.8,17:44,11,4.7,14.7,14:50,68,78,,57,17:40,2025-05-06 10:34:38.050809,2025-05-06 10:34:38.050809
98268,59,2018-06-26,22.9,0,19.6,,26.2,16:14,8,5.6,15,15:10,66,78,06:50,56,12:30,2025-05-06 10:34:38.294819,2025-05-06 10:34:38.294819
98287,59,2018-06-27,22.7,0,19.7,04:20,25.7,11:26,10,7.2,14.2,16:10,71,79,04:10,56,11:10,2025-05-06 10:34:38.540451,2025-05-06 10:34:38.540451
98306,59,2018-06-28,24.4,0,20,,28.8,14:05,2,4.4,10.3,08:00,66,77,05:40,47,14:00,2025-05-06 10:34:38.795292,2025-05-06 10:34:38.795292
98325,59,2018-06-29,24,0,21.4,,26.6,13:14,28,3.9,10.8,17:00,68,79,20:30,57,11:20,2025-05-06 10:35:53.098287,2025-05-06 10:35:53.098287
98344,59,2018-06-30,23.8,0,20.2,,27.4,14:15,14,2.8,6.9,19:10,69,78,,56,,2025-05-06 10:35:53.349437,2025-05-06 10:35:53.349437
98363,59,2018-07-01,21.8,0,18.8,06:09,24.8,10:06,9,5,13.9,12:00,69,80,06:50,57,10:00,2025-05-06 10:35:53.555067,2025-05-06 10:35:53.555067
98382,59,2018-07-02,23,0,19.4,05:30,26.5,13:39,10,5.3,12.2,15:20,67,80,,55,13:30,2025-05-06 10:35:53.774914,2025-05-06 10:35:53.774914
98401,59,2018-07-03,24.1,0,19.9,06:18,28.3,14:41,5,5.3,12.5,13:30,59,76,,47,13:40,2025-05-06 10:35:53.988331,2025-05-06 10:35:53.988331
98420,59,2018-07-04,24,0,20.6,,27.3,13:09,5,7.8,15.6,14:50,57,76,,46,12:50,2025-05-06 10:35:54.196232,2025-05-06 10:35:54.196232
98439,59,2018-07-05,23.9,0,20.1,05:52,27.7,16:36,5,6.1,12.5,12:30,61,74,,42,16:30,2025-05-06 10:35:54.412081,2025-05-06 10:35:54.412081
98458,59,2018-07-06,24.8,0,20.2,,29.4,13:02,7,5.3,12.8,12:30,60,77,,44,12:30,2025-05-06 10:35:54.594767,2025-05-06 10:35:54.594767
98477,59,2018-07-07,24.5,0,19.7,06:03,29.3,13:25,4,5.3,12.5,11:10,59,77,,44,13:20,2025-05-06 10:35:54.740996,2025-05-06 10:35:54.740996
98496,59,2018-07-08,23.4,0,20.4,06:11,26.3,10:45,9,6.9,13.6,16:10,70,77,,55,10:30,2025-05-06 10:35:54.873708,2025-05-06 10:35:54.873708
98515,59,2018-07-09,26,0,21,04:58,31.1,15:59,4,4.4,15,15:10,56,78,05:00,36,,2025-05-06 10:35:55.063767,2025-05-06 10:35:55.063767
98534,59,2018-07-10,28.6,0,23.5,,33.7,16:44,36,6.7,13.6,00:30,36,66,23:00,27,13:20,2025-05-06 10:35:55.266233,2025-05-06 10:35:55.266233
98553,59,2018-07-11,25.6,0,21.2,06:01,29.9,13:47,14,3.3,10,15:20,67,77,06:50,50,13:40,2025-05-06 10:35:55.480130,2025-05-06 10:35:55.480130
98572,59,2018-07-12,23.9,0,20.9,03:19,26.9,14:13,5,5.6,11.9,11:10,61,75,,53,16:20,2025-05-06 10:35:55.703742,2025-05-06 10:35:55.703742
98591,59,2018-07-13,23.2,0,20.1,05:38,26.3,15:58,99,5.3,12.8,13:40,64,73,,53,12:00,2025-05-06 10:35:55.855411,2025-05-06 10:35:55.855411
98610,59,2018-07-14,23.2,0,20,05:40,26.3,13:06,6,6.1,12.5,14:50,64,75,,52,10:30,2025-05-06 10:35:56.075213,2025-05-06 10:35:56.075213
98629,59,2018-07-15,23.2,0,19.7,06:19,26.8,13:03,5,6.1,14.4,17:10,62,76,,53,12:20,2025-05-06 10:35:56.311523,2025-05-06 10:35:56.311523
98648,59,2018-07-16,24.2,0,20.3,03:16,28.2,13:10,5,6.1,13.3,11:20,60,76,03:00,48,12:00,2025-05-06 10:35:56.539769,2025-05-06 10:35:56.539769
98667,59,2018-07-17,23.8,0,20,05:17,27.7,12:44,5,5,12.8,15:30,62,73,05:10,50,11:50,2025-05-06 10:35:56.766358,2025-05-06 10:35:56.766358
98686,59,2018-07-18,24.2,0,20.7,03:44,27.7,14:59,10,5.8,12.2,12:40,66,75,04:30,54,14:40,2025-05-06 10:35:56.999583,2025-05-06 10:35:56.999583
98705,59,2018-07-19,25,0,21.1,05:56,28.9,16:20,10,5.3,13.1,15:10,64,75,,49,18:00,2025-05-06 10:35:57.212103,2025-05-06 10:35:57.212103
98724,59,2018-07-20,25.8,0,20.8,06:16,30.7,15:17,2,5,12.2,23:10,60,75,06:10,45,15:20,2025-05-06 10:35:57.409444,2025-05-06 10:35:57.409444
98743,59,2018-07-21,25.9,0,21.5,06:10,30.3,13:27,3,5.3,12.2,02:20,57,75,06:20,45,,2025-05-06 10:35:57.637695,2025-05-06 10:35:57.637695
98762,59,2018-07-22,24.8,0,20.2,05:39,29.4,15:40,9,4.7,13.6,11:50,66,76,,49,15:40,2025-05-06 10:35:57.868812,2025-05-06 10:35:57.868812
98781,59,2018-07-23,24.4,0,20.7,04:28,28,17:11,9,5.3,13.6,14:00,65,76,,53,,2025-05-06 10:35:58.110508,2025-05-06 10:35:58.110508
98800,59,2018-07-24,25.4,0,20.4,05:38,30.3,15:19,1,4.4,10.6,18:50,60,77,04:20,46,15:20,2025-05-06 10:35:58.343316,2025-05-06 10:35:58.343316
98819,59,2018-07-25,24,0,20.5,,27.4,11:37,10,5.8,14.2,14:30,67,77,,54,11:30,2025-05-06 10:35:58.578685,2025-05-06 10:35:58.578685
98838,59,2018-07-26,24.4,0,20.6,06:21,28.1,16:37,36,5.8,16.4,19:10,60,77,04:50,51,,2025-05-06 10:35:58.818746,2025-05-06 10:35:58.818746
98857,59,2018-07-27,24.2,0,21.1,01:31,27.3,13:20,5,7.2,13.6,19:10,62,74,,53,13:50,2025-05-06 10:35:59.062525,2025-05-06 10:35:59.062525
98876,59,2018-07-28,24.2,0,21.6,,26.8,13:41,8,5.8,11.9,15:50,67,76,02:40,57,12:40,2025-05-06 10:35:59.296266,2025-05-06 10:35:59.296266
98895,59,2018-07-29,24.4,0,21.3,,27.5,15:51,10,4.7,12.8,14:20,71,78,07:00,56,19:20,2025-05-06 10:35:59.529731,2025-05-06 10:35:59.529731
98914,59,2018-07-30,24.8,0,21.1,,28.6,14:56,9,5,13.1,12:10,67,80,04:30,53,14:50,2025-05-06 10:35:59.741180,2025-05-06 10:35:59.741180
98933,59,2018-07-31,24.8,0,20.8,06:27,28.7,16:36,10,6.4,14.2,13:00,66,77,,51,11:30,2025-05-06 10:35:59.962912,2025-05-06 10:35:59.962912
98952,59,2018-08-01,24.6,0,21.5,05:26,27.7,13:48,3,6.4,15,09:40,62,74,,51,,2025-05-06 10:36:00.196461,2025-05-06 10:36:00.196461
98971,59,2018-08-02,24.2,0,21.1,06:04,27.2,15:05,35,4.7,11.9,14:10,62,73,22:50,51,,2025-05-06 10:36:00.429630,2025-05-06 10:36:00.429630
98990,59,2018-08-03,25.2,0,21.9,01:09,28.4,15:41,12,2.8,8.9,11:30,65,73,04:30,56,10:50,2025-05-06 10:36:00.668352,2025-05-06 10:36:00.668352
99009,59,2018-08-04,24.4,0,21.8,03:50,27.1,14:08,34,3.3,12.5,15:10,71,75,,61,14:30,2025-05-06 10:36:00.894250,2025-05-06 10:36:00.894250
99028,59,2018-08-05,25,0,21.8,,28.3,13:51,36,2.5,9.2,19:30,73,80,,64,13:50,2025-05-06 10:36:01.128713,2025-05-06 10:36:01.128713
99047,59,2018-08-06,27,0,23.4,06:50,30.7,17:53,99,3.1,9.4,01:40,72,81,07:30,50,17:50,2025-05-06 10:36:01.363585,2025-05-06 10:36:01.363585
99066,59,2018-08-07,25.6,0,22.2,06:30,29.1,13:13,9,4.2,13.9,12:20,68,81,02:40,61,,2025-05-06 10:36:01.602935,2025-05-06 10:36:01.602935
99085,59,2018-08-08,25.6,0,21.8,05:51,29.3,14:22,10,4.2,19.2,15:10,67,76,,55,14:30,2025-05-06 10:36:01.826344,2025-05-06 10:36:01.826344
99104,59,2018-08-09,24.6,0,21.1,05:45,28,13:05,3,5.6,11.7,16:30,65,77,06:40,57,,2025-05-06 10:36:02.054138,2025-05-06 10:36:02.054138
99123,59,2018-08-10,24.6,0,21.5,23:34,27.8,16:09,10,6.7,13.1,13:00,63,72,,50,16:20,2025-05-06 10:36:02.278148,2025-05-06 10:36:02.278148
99142,59,2018-08-11,25.4,0,21.1,05:57,29.6,15:12,36,4.4,11.4,00:40,62,74,05:10,52,11:10,2025-05-06 10:36:02.513169,2025-05-06 10:36:02.513169
99161,59,2018-08-12,27.2,0,23.8,00:36,30.5,16:19,2,7.5,13.9,21:20,61,73,23:59,51,16:10,2025-05-06 10:36:02.739390,2025-05-06 10:36:02.739390
99180,59,2018-08-13,29.3,0,23.8,,34.8,15:22,2,5,12.2,22:40,58,75,,37,15:20,2025-05-06 10:36:02.973394,2025-05-06 10:36:02.973394
99199,59,2018-08-14,29.2,0,24.4,,33.9,14:09,3,6.9,12.2,18:00,45,73,00:30,34,15:30,2025-05-06 10:36:03.197590,2025-05-06 10:36:03.197590
99218,59,2018-08-15,26,0,22.4,23:54,29.5,13:19,10,4.7,14.7,14:30,59,72,23:50,48,04:10,2025-05-06 10:36:03.434649,2025-05-06 10:36:03.434649
99237,59,2018-08-16,25,0,21.4,,28.6,13:57,12,5.6,12.5,15:20,62,74,22:30,48,13:50,2025-05-06 10:36:03.671741,2025-05-06 10:36:03.671741
99256,59,2018-08-17,24.8,0,22.2,00:27,27.4,15:04,6,5.6,11.7,11:50,61,74,,51,12:10,2025-05-06 10:36:03.908083,2025-05-06 10:36:03.908083
99275,59,2018-08-18,25.2,0,22,23:53,28.3,14:57,1,4.7,11.7,19:40,59,72,23:30,48,15:10,2025-05-06 10:36:04.124741,2025-05-06 10:36:04.124741
99294,59,2018-08-19,24.6,0,21.1,04:49,28,13:55,11,5.3,13.3,13:10,69,77,20:00,57,13:50,2025-05-06 10:36:04.374331,2025-05-06 10:36:04.374331
99313,59,2018-08-20,24.8,0,21.4,05:57,28.2,13:16,2,2.8,7.2,00:30,68,77,20:40,59,13:10,2025-05-06 10:36:04.576400,2025-05-06 10:36:04.576400
99332,59,2018-08-21,24.8,0,20.5,06:54,29,15:44,9,3.3,10.3,19:10,71,81,22:30,59,14:10,2025-05-06 10:36:04.817622,2025-05-06 10:36:04.817622
99351,59,2018-08-22,24.8,0,21.8,06:03,27.9,15:17,11,2.8,10.3,11:10,72,80,00:00,63,15:50,2025-05-06 10:36:05.053290,2025-05-06 10:36:05.053290
99370,59,2018-08-23,24.7,0,21.7,,27.7,16:54,10,4.4,13.1,12:50,74,80,,64,17:00,2025-05-06 10:36:05.239822,2025-05-06 10:36:05.239822
99389,59,2018-08-24,28.1,0,22.1,05:39,34.1,14:56,10,4.2,10.3,12:50,64,80,23:10,33,14:50,2025-05-06 10:36:05.378916,2025-05-06 10:36:05.378916
99408,59,2018-08-25,27.8,0,22.3,04:03,33.4,11:37,4,6.7,15.8,11:10,32,85,02:30,23,17:20,2025-05-06 10:36:05.514567,2025-05-06 10:36:05.514567
99426,59,2018-08-26,26,0,22.7,,29.4,15:05,12,2.5,9.2,11:10,65,73,,33,03:20,2025-05-06 10:36:05.727301,2025-05-06 10:36:05.727301
99445,59,2018-08-27,25.3,0,21.1,05:37,29.5,16:35,10,3.3,12.5,13:30,61,77,03:00,46,16:30,2025-05-06 10:36:05.942658,2025-05-06 10:36:05.942658
99464,59,2018-08-28,25.4,0,21.6,03:55,29.2,16:06,9,5,12.5,13:30,66,75,07:00,53,16:10,2025-05-06 10:36:06.176163,2025-05-06 10:36:06.176163
99483,59,2018-08-29,24.8,0,22,05:14,27.5,13:48,5,8.1,14.7,15:20,66,76,05:40,58,,2025-05-06 10:36:06.415248,2025-05-06 10:36:06.415248
99502,59,2018-08-30,24.5,0,20.7,06:45,28.3,14:56,6,6.1,12.8,11:10,64,76,06:50,54,14:20,2025-05-06 10:36:06.649063,2025-05-06 10:36:06.649063
99521,59,2018-08-31,25,0,20.7,06:38,29.4,14:25,9,4.4,15,15:10,62,73,,52,14:00,2025-05-06 10:36:06.904209,2025-05-06 10:36:06.904209
99539,59,2018-09-01,24.4,0,21.1,06:47,27.6,16:20,8,4.7,14.2,12:10,67,74,06:50,58,10:30,2025-05-06 10:36:07.088609,2025-05-06 10:36:07.088609
99557,59,2018-09-02,25,0,20.6,06:34,29.5,15:25,23,3.6,9.4,16:50,63,78,06:40,53,17:30,2025-05-06 10:36:07.305647,2025-05-06 10:36:07.305647
99575,59,2018-09-03,25.2,0,21.8,06:31,28.6,15:58,9,5.3,13.3,12:10,64,74,,51,11:00,2025-05-06 10:36:07.549408,2025-05-06 10:36:07.549408
99593,59,2018-09-04,25,0,21.4,06:41,28.7,15:23,11,4.2,12.5,15:50,65,74,,51,15:20,2025-05-06 10:36:07.763633,2025-05-06 10:36:07.763633
99612,59,2018-09-05,24.9,0,21.8,,28,13:59,3,4.7,10,09:40,67,76,,56,11:50,2025-05-06 10:36:07.998015,2025-05-06 10:36:07.998015
99631,59,2018-09-06,25,0,22.4,23:43,27.5,14:38,2,4.7,11.7,02:50,66,77,,58,14:10,2025-05-06 10:36:08.235117,2025-05-06 10:36:08.235117
99650,59,2018-09-07,23.2,0,20.2,06:45,26.3,11:47,8,4.7,13.9,12:50,70,80,06:30,51,18:20,2025-05-06 10:36:08.445806,2025-05-06 10:36:08.445806
99669,59,2018-09-08,22.7,0,19.1,05:57,26.3,13:05,8,5,15,15:10,61,77,,50,14:20,2025-05-06 10:36:08.681233,2025-05-06 10:36:08.681233
99688,59,2018-09-09,22.8,0,19,06:45,26.5,11:08,9,4.7,11.7,12:00,65,77,07:10,50,10:30,2025-05-06 10:36:08.916671,2025-05-06 10:36:08.916671
99707,59,2018-09-10,24,0,21,05:56,27.1,11:07,8,5.6,12.5,13:00,68,75,,50,11:00,2025-05-06 10:36:09.139220,2025-05-06 10:36:09.139220
99726,59,2018-09-11,22.9,0,19.4,04:51,26.4,11:09,6,4.4,13.9,14:10,70,82,,58,10:40,2025-05-06 10:36:09.372523,2025-05-06 10:36:09.372523
99745,59,2018-09-12,26.4,0,22.9,02:42,29.8,14:13,9,3.3,11.1,15:30,67,78,,58,13:50,2025-05-06 10:36:09.598696,2025-05-06 10:36:09.598696
99764,59,2018-09-13,26.7,0,23.7,06:42,29.7,14:22,9,4.2,9.4,17:30,64,74,06:10,54,20:10,2025-05-06 10:36:09.846653,2025-05-06 10:36:09.846653
99783,59,2018-09-14,27,0,23.7,,30.4,15:20,2,1.9,7.2,01:00,67,77,20:50,57,14:40,2025-05-06 10:36:10.084770,2025-05-06 10:36:10.084770
99802,59,2018-09-15,26,0,22.9,06:47,29.1,13:49,1,3.1,8.9,21:30,64,76,,57,10:20,2025-05-06 10:36:10.313538,2025-05-06 10:36:10.313538
99821,59,2018-09-16,25.9,0,22.5,,29.3,14:07,1,5,13.1,13:30,60,76,02:30,51,14:50,2025-05-06 10:36:10.541534,2025-05-06 10:36:10.541534
99840,59,2018-09-17,24.6,0,22.4,03:15,26.9,13:21,10,4.2,12.8,15:00,67,74,,59,12:30,2025-05-06 10:36:10.788243,2025-05-06 10:36:10.788243
99859,59,2018-09-18,25.2,0,23,06:50,27.4,12:31,10,3.9,12.2,14:30,68,77,22:40,60,12:00,2025-05-06 10:36:11.017051,2025-05-06 10:36:11.017051
99878,59,2018-09-19,25,0,22.3,07:09,27.6,16:55,9,5.8,13.1,17:50,76,80,,70,16:50,2025-05-06 10:36:11.253707,2025-05-06 10:36:11.253707
99896,59,2018-09-20,25.2,0,22.4,06:52,28,14:33,10,4.4,11.1,12:20,73,80,,65,14:20,2025-05-06 10:36:11.485023,2025-05-06 10:36:11.485023
99915,59,2018-09-21,24.9,0,21,,28.8,14:56,10,4.7,11.1,14:00,66,77,03:30,52,11:50,2025-05-06 10:36:11.712265,2025-05-06 10:36:11.712265
99934,59,2018-09-22,26,0,21.7,06:08,30.3,14:35,10,3.1,11.7,15:20,68,76,,56,14:30,2025-05-06 10:36:11.937833,2025-05-06 10:36:11.937833
99953,59,2018-09-23,28.2,0,23.7,02:04,32.8,15:36,5,3.6,10.8,12:00,61,74,,41,15:30,2025-05-06 10:36:12.179469,2025-05-06 10:36:12.179469
99972,59,2018-09-24,27.5,0,24.4,07:27,30.6,15:00,99,4.2,11.4,,62,80,,50,16:00,2025-05-06 10:36:12.413388,2025-05-06 10:36:12.413388
99991,59,2018-09-25,25.4,0,22.2,07:12,28.7,12:49,10,3.9,11.1,13:40,71,82,23:40,51,12:00,2025-05-06 10:36:12.641749,2025-05-06 10:36:12.641749
100010,59,2018-09-26,25.6,0,22,06:40,29.1,12:38,10,3.3,8.9,15:10,70,83,,59,13:00,2025-05-06 10:36:12.858211,2025-05-06 10:36:12.858211
100029,59,2018-09-27,25.4,0,20.9,03:53,29.9,14:04,9,5.6,14.7,11:10,69,77,06:30,57,10:30,2025-05-06 10:36:13.082556,2025-05-06 10:36:13.082556
100048,59,2018-09-28,25.4,0,22.3,06:56,28.6,14:26,10,3.9,13.6,13:00,71,78,07:20,61,14:20,2025-05-06 10:36:13.298336,2025-05-06 10:36:13.298336
100067,59,2018-09-29,25.1,0,22.2,06:00,28,15:45,99,2.8,9.2,,75,81,06:50,66,09:50,2025-05-06 10:36:13.513990,2025-05-06 10:36:13.513990
100086,59,2018-09-30,23.8,0,20.4,06:00,27.3,17:26,10,3.9,10.3,12:30,75,84,06:20,67,17:40,2025-05-06 10:36:13.741951,2025-05-06 10:36:13.741951
100105,59,2018-10-01,25.6,0,21.3,05:30,29.9,14:30,10,3.3,7.8,12:30,68,80,00:00,61,,2025-05-06 10:36:13.951036,2025-05-06 10:36:13.951036
100124,59,2018-10-02,24.8,0,21.6,06:54,28,10:48,10,3.9,11.7,14:40,75,83,,67,,2025-05-06 10:36:14.162865,2025-05-06 10:36:14.162865
100143,59,2018-10-03,25,0,20.8,06:51,29.2,14:20,10,2.5,6.9,11:10,73,81,06:40,62,,2025-05-06 10:36:14.390697,2025-05-06 10:36:14.390697
100162,59,2018-10-04,25.3,0,20.5,04:23,30.1,14:29,9,3.1,7.2,17:30,72,80,05:10,58,14:40,2025-05-06 10:36:14.605304,2025-05-06 10:36:14.605304
100181,59,2018-10-05,25,0,21.2,05:27,28.9,12:37,36,2.5,9.2,19:10,70,80,,60,12:50,2025-05-06 10:36:14.833164,2025-05-06 10:36:14.833164
100199,59,2018-10-06,25.7,0,22.5,07:15,28.9,11:46,21,3.1,6.1,16:30,72,80,07:30,61,11:50,2025-05-06 10:36:15.056092,2025-05-06 10:36:15.056092
100217,59,2018-10-07,25.6,0,21.6,03:54,29.7,14:24,11,2.2,5,12:20,72,80,07:30,56,22:40,2025-05-06 10:36:15.268733,2025-05-06 10:36:15.268733
100235,59,2018-10-08,26,0,22.3,07:14,29.8,11:38,23,3.1,7.5,15:50,74,82,,59,09:30,2025-05-06 10:36:15.480724,2025-05-06 10:36:15.480724
100253,59,2018-10-09,23.2,0,20,06:43,26.4,12:39,23,6.1,11.4,17:50,78,84,19:00,72,,2025-05-06 10:36:15.702543,2025-05-06 10:36:15.702543
100271,59,2018-10-10,25.4,0,22.9,01:53,28,15:04,35,3.9,10,13:10,69,84,,59,,2025-05-06 10:36:15.917036,2025-05-06 10:36:15.917036
100289,59,2018-10-11,24.2,0,19.5,07:20,28.9,13:58,12,2.5,5.6,10:50,71,83,,58,,2025-05-06 10:36:16.068058,2025-05-06 10:36:16.068058
100308,59,2018-10-12,23,0,20.3,05:57,25.8,14:18,99,4.2,11.4,,75,83,,66,,2025-05-06 10:36:16.217074,2025-05-06 10:36:16.217074
100327,59,2018-10-13,24.5,0,19.4,06:30,29.6,14:48,33,3.3,10.3,17:40,66,83,,31,15:30,2025-05-06 10:36:16.396014,2025-05-06 10:36:16.396014
100346,59,2018-10-14,25.4,0,22.6,01:42,28.1,14:35,5,4.2,10,19:20,77,84,06:40,65,14:50,2025-05-06 10:36:16.610817,2025-05-06 10:36:16.610817
100365,59,2018-10-15,23.6,0,21.1,23:42,26.1,12:44,8,5.6,13.9,13:40,67,79,04:30,58,15:20,2025-05-06 10:36:16.836988,2025-05-06 10:36:16.836988
100384,59,2018-10-16,23.8,0,20.9,00:57,26.7,11:49,9,4.7,14.2,12:50,65,71,00:20,51,16:40,2025-05-06 10:36:17.027372,2025-05-06 10:36:17.027372
100403,59,2018-10-17,24.4,0,21.8,03:41,26.9,12:35,2,4.2,12.2,12:40,58,67,21:00,50,14:40,2025-05-06 10:36:17.224788,2025-05-06 10:36:17.224788
100421,59,2018-10-18,23.7,0,20.6,23:25,26.8,14:37,1,5.3,15,11:10,54,71,08:50,43,14:20,2025-05-06 10:36:17.392775,2025-05-06 10:36:17.392775
100439,59,2018-10-19,22,0,17.8,06:28,26.1,12:12,3,4.2,11.7,15:10,62,74,23:40,51,15:10,2025-05-06 10:36:17.565922,2025-05-06 10:36:17.565922
100457,59,2018-10-20,20.8,0,16.3,06:26,25.4,12:04,22,4.2,8.9,15:10,67,77,05:40,58,10:30,2025-05-06 10:36:17.759445,2025-05-06 10:36:17.759445
100475,59,2018-10-21,22.5,0,17.1,07:32,27.9,13:53,34,3.1,7.2,02:40,67,77,02:10,57,13:40,2025-05-06 10:36:17.973697,2025-05-06 10:36:17.973697
100493,59,2018-10-22,21.8,0.8,19.8,05:33,23.8,13:10,20,5,13.6,23:10,77,88,22:10,70,13:20,2025-05-06 10:36:18.209384,2025-05-06 10:36:18.209384
100511,59,2018-10-23,23.2,0,20.9,,25.5,14:08,19,3.9,10.6,00:20,84,87,00:10,74,14:20,2025-05-06 10:36:18.362797,2025-05-06 10:36:18.362797
100529,59,2018-10-24,22.3,,19.6,04:43,25,,9,3.6,8.6,10:30,77,87,07:50,66,18:50,2025-05-06 10:36:18.512967,2025-05-06 10:36:18.512967
100546,59,2018-10-25,21.7,,20.7,11:14,22.7,00:01,6,4.7,16.1,14:20,85,89,,77,00:10,2025-05-06 10:36:18.688401,2025-05-06 10:36:18.688401
100563,59,2018-10-26,22.1,0.2,20,23:32,24.2,15:04,10,2.5,8.9,15:50,83,91,,70,15:20,2025-05-06 10:36:18.900184,2025-05-06 10:36:18.900184
100580,59,2018-10-27,22.3,0,17.7,06:53,26.9,12:59,36,1.9,6.9,19:50,77,90,,67,13:20,2025-05-06 10:36:19.139052,2025-05-06 10:36:19.139052
100597,59,2018-10-28,21.5,0,18.6,23:30,24.4,13:31,4,4.7,12.5,13:10,64,87,05:30,49,13:50,2025-05-06 10:36:19.371197,2025-05-06 10:36:19.371197
100614,59,2018-10-29,20,0.4,17,07:08,22.9,14:25,2,2.5,10.3,16:20,64,78,01:30,48,14:50,2025-05-06 10:36:19.573887,2025-05-06 10:36:19.573887
100650,59,2018-10-31,21,0,16.6,06:18,25.4,13:38,34,2.8,9.4,17:00,56,82,02:00,39,13:30,2025-05-06 10:36:20.003007,2025-05-06 10:36:20.003007
100669,59,2018-11-01,21.6,0,17.7,04:35,25.5,13:56,2,4.4,11.1,16:20,65,80,04:40,49,15:10,2025-05-06 10:36:20.150461,2025-05-06 10:36:20.150461
100688,59,2018-11-02,22.2,0,19.9,04:01,24.5,14:18,1,6.4,14.7,15:20,64,76,23:50,50,14:30,2025-05-06 10:36:20.336720,2025-05-06 10:36:20.336720
100707,59,2018-11-03,21.6,0,19.7,06:15,23.6,12:19,5,5.6,12.5,14:50,67,78,06:20,57,12:50,2025-05-06 10:36:20.518802,2025-05-06 10:36:20.518802
100726,59,2018-11-04,21.3,0,18.2,06:01,24.4,13:09,6,3.3,10.3,14:50,65,75,06:10,50,11:00,2025-05-06 10:36:20.711775,2025-05-06 10:36:20.711775
100745,59,2018-11-05,21.6,0,19.1,06:01,24,12:22,8,3.6,12.5,14:10,61,79,23:20,48,12:30,2025-05-06 10:36:20.909000,2025-05-06 10:36:20.909000
100764,59,2018-11-06,20.8,0,18.4,03:49,23.3,12:22,6,3.3,11.9,15:20,63,85,03:50,46,12:20,2025-05-06 10:36:21.091909,2025-05-06 10:36:21.091909
100783,59,2018-11-07,21,0,19.3,06:57,22.6,13:37,6,3.1,9.7,17:40,58,64,18:40,53,,2025-05-06 10:36:21.283419,2025-05-06 10:36:21.283419
100802,59,2018-11-08,20.9,0,17.8,06:33,24,16:48,9,2.8,8.3,14:50,60,71,23:59,49,09:30,2025-05-06 10:36:21.512158,2025-05-06 10:36:21.512158
100821,59,2018-11-09,20.3,0,16.8,04:02,23.8,12:13,7,4.7,11.1,13:30,69,82,07:40,57,12:20,2025-05-06 10:36:21.744433,2025-05-06 10:36:21.744433
100840,59,2018-11-10,18.8,0,14.4,07:33,23.1,13:24,4,3.9,10.3,13:00,65,82,07:40,52,12:40,2025-05-06 10:36:21.950757,2025-05-06 10:36:21.950757
100859,59,2018-11-11,18.8,0,14.6,06:53,22.9,16:14,10,3.3,9.7,12:10,67,82,06:40,54,17:20,2025-05-06 10:36:22.173164,2025-05-06 10:36:22.173164
100878,59,2018-11-12,19,0.2,15,05:09,22.9,14:09,34,3.3,11.4,13:10,67,87,04:40,50,16:50,2025-05-06 10:36:22.398349,2025-05-06 10:36:22.398349
100897,59,2018-11-13,18.8,0,15,07:10,22.7,12:17,1,3.9,11.4,12:40,60,77,07:20,46,17:10,2025-05-06 10:36:22.617784,2025-05-06 10:36:22.617784
100916,59,2018-11-14,19.6,0,15.9,02:27,23.2,11:51,34,4.4,9.7,17:10,67,82,07:00,46,16:30,2025-05-06 10:36:22.849029,2025-05-06 10:36:22.849029
100935,59,2018-11-15,17.7,0,12.7,05:43,22.7,14:48,99,3.1,10.3,14:50,70,83,05:50,57,14:40,2025-05-06 10:36:23.082859,2025-05-06 10:36:23.082859
100954,59,2018-11-16,20.3,0,16.7,00:13,23.9,13:24,36,2.2,9.7,14:20,53,81,00:00,38,14:10,2025-05-06 10:36:23.312502,2025-05-06 10:36:23.312502
100973,59,2018-11-17,18.9,2.6,14.6,03:21,23.2,13:14,22,6.1,13.9,15:10,75,93,16:30,65,12:10,2025-05-06 10:36:23.527650,2025-05-06 10:36:23.527650
100992,59,2018-11-18,20.3,0,17.6,22:16,23,14:44,33,2.2,9.7,15:50,61,76,00:10,50,12:20,2025-05-06 10:36:23.749207,2025-05-06 10:36:23.749207
101011,59,2018-11-19,19.4,0,16.6,06:54,22.2,12:15,36,3.3,13.1,12:30,67,78,08:50,51,14:40,2025-05-06 10:36:23.984390,2025-05-06 10:36:23.984390
101030,59,2018-11-20,18.1,0,12.8,07:37,23.4,15:31,26,2.5,7.8,15:50,72,87,07:50,57,15:20,2025-05-06 10:36:24.208652,2025-05-06 10:36:24.208652
101049,59,2018-11-21,19.3,0,15.5,06:44,23.1,14:10,23,3.1,6.7,09:50,78,90,06:50,67,14:20,2025-05-06 10:36:24.421034,2025-05-06 10:36:24.421034
101068,59,2018-11-22,18.4,4.2,15.1,03:18,21.7,13:07,33,2.5,11.4,10:20,71,89,10:20,63,14:20,2025-05-06 10:36:24.652873,2025-05-06 10:36:24.652873
101087,59,2018-11-23,18.2,0,14.9,23:48,21.6,15:04,2,3.9,13.1,06:00,65,88,01:50,46,15:10,2025-05-06 10:36:24.897544,2025-05-06 10:36:24.897544
101106,59,2018-11-24,17.4,0,11.6,06:29,23.1,14:24,26,3.1,8.6,15:10,68,87,,48,14:00,2025-05-06 10:36:25.121872,2025-05-06 10:36:25.121872
101125,59,2018-11-25,20.5,0,16.3,03:13,24.7,14:46,28,3.1,9.4,13:10,71,87,23:30,57,14:50,2025-05-06 10:36:25.363777,2025-05-06 10:36:25.363777
101144,59,2018-11-26,18.8,0,15.1,07:30,22.6,13:43,8,2.5,9.2,15:40,75,92,06:10,64,13:20,2025-05-06 10:36:25.636064,2025-05-06 10:36:25.636064
101163,59,2018-11-27,18.9,0,15.7,05:26,22.1,12:01,8,3.6,9.7,12:50,74,90,,59,12:10,2025-05-06 10:36:25.858237,2025-05-06 10:36:25.858237
101182,59,2018-11-28,19.7,0,15.8,07:26,23.6,12:46,4,1.9,9.7,04:30,72,90,07:30,50,19:10,2025-05-06 10:36:26.086294,2025-05-06 10:36:26.086294
101201,59,2018-11-29,20.6,0,16.5,03:48,24.6,10:02,10,2.8,9.4,13:50,63,82,04:50,48,10:00,2025-05-06 10:36:26.311999,2025-05-06 10:36:26.311999
101220,59,2018-11-30,20,0,15.9,05:14,24,13:07,8,3.6,9.2,14:50,71,84,07:30,54,12:30,2025-05-06 10:36:26.544176,2025-05-06 10:36:26.544176
101239,59,2018-12-01,20.6,0,17.2,24:00,24.1,12:40,10,3.9,14.4,15:10,68,82,23:50,57,12:20,2025-05-06 10:36:26.771967,2025-05-06 10:36:26.771967
101258,59,2018-12-02,18.6,0,16,05:40,21.2,13:10,6,3.6,10.6,11:40,75,86,23:30,65,12:10,2025-05-06 10:36:26.933969,2025-05-06 10:36:26.933969
101277,59,2018-12-03,18.8,0,14.5,07:23,23.2,16:04,10,2.2,7.8,12:40,77,91,,49,19:30,2025-05-06 10:36:27.082742,2025-05-06 10:36:27.082742
101296,59,2018-12-04,20.4,0,16.5,00:58,24.2,15:04,6,2.8,15,23:59,47,82,05:10,38,18:10,2025-05-06 10:36:27.273999,2025-05-06 10:36:27.273999
101315,59,2018-12-05,23,0,20.9,02:19,25,20:54,4,5,23.1,21:50,47,71,02:10,28,20:50,2025-05-06 10:36:27.497892,2025-05-06 10:36:27.497892
101334,59,2018-12-06,23.8,0,20.9,23:53,26.7,15:00,4,4.4,21.4,01:10,37,62,23:50,22,15:00,2025-05-06 10:36:27.721703,2025-05-06 10:36:27.721703
101353,59,2018-12-07,22.4,0,18.6,07:46,26.2,15:49,2,3.9,8.6,22:10,73,82,,42,01:40,2025-05-06 10:36:27.966270,2025-05-06 10:36:27.966270
101372,59,2018-12-08,20.2,0,17.3,07:10,23.1,16:52,10,2.8,9.7,13:40,71,85,23:00,58,17:00,2025-05-06 10:36:28.201046,2025-05-06 10:36:28.201046
101391,59,2018-12-09,19.8,0,15.9,06:45,23.7,11:38,10,3.1,8.1,14:30,71,89,04:20,51,11:50,2025-05-06 10:36:28.427325,2025-05-06 10:36:28.427325
101409,59,2018-12-10,19,0,15.6,06:23,22.4,12:23,34,2.5,6.1,02:50,75,90,,45,23:59,2025-05-06 10:36:28.650009,2025-05-06 10:36:28.650009
101427,59,2018-12-11,19.2,0,15.6,03:36,22.8,12:02,10,3.6,11.1,14:10,75,87,08:10,39,01:10,2025-05-06 10:36:28.852872,2025-05-06 10:36:28.852872
101445,59,2018-12-12,19.6,0,17.9,07:58,21.4,14:44,2,3.9,10.6,13:00,60,69,08:00,55,11:20,2025-05-06 10:36:29.067438,2025-05-06 10:36:29.067438
101463,59,2018-12-13,18.4,0,14.8,08:32,22.1,12:19,99,3.1,10.3,,65,80,08:50,56,12:50,2025-05-06 10:36:29.281283,2025-05-06 10:36:29.281283
101481,59,2018-12-14,19.6,0,16.3,05:47,22.9,14:08,35,4.4,11.7,18:00,60,82,03:40,49,15:30,2025-05-06 10:36:29.501804,2025-05-06 10:36:29.501804
101500,59,2018-12-15,19.6,0,16.5,05:41,22.7,15:57,4,3.9,9.7,10:50,67,80,05:40,54,16:10,2025-05-06 10:36:29.733595,2025-05-06 10:36:29.733595
101519,59,2018-12-16,20.4,0,17.7,06:09,23.2,16:52,7,3.6,13.9,10:10,54,85,06:00,26,16:40,2025-05-06 10:36:30.034457,2025-05-06 10:36:30.034457
101538,59,2018-12-17,18.4,0,15.6,23:48,21.2,,10,2.8,8.6,13:20,63,89,05:40,30,18:30,2025-05-06 10:36:30.269342,2025-05-06 10:36:30.269342
101557,59,2018-12-18,18.5,0,14.2,07:24,22.8,17:43,36,2.2,5.8,19:10,49,82,07:50,25,17:40,2025-05-06 10:36:30.516733,2025-05-06 10:36:30.516733
101576,59,2018-12-19,19,0,14.2,06:11,23.7,12:08,6,3.6,8.6,12:40,51,77,05:10,32,16:20,2025-05-06 10:36:30.755820,2025-05-06 10:36:30.755820
101595,59,2018-12-20,19.8,0,15.1,07:53,24.4,12:46,2,3.6,8.3,09:40,57,85,07:40,28,12:50,2025-05-06 10:36:31.000267,2025-05-06 10:36:31.000267
101614,59,2018-12-21,18.3,0,15.2,07:54,21.4,14:09,6,3.6,8.9,11:10,75,90,08:00,65,14:10,2025-05-06 10:36:31.201631,2025-05-06 10:36:31.201631
101633,59,2018-12-22,18.5,0,14.4,05:31,22.6,22:59,3,2.2,11.4,23:50,56,91,,29,18:40,2025-05-06 10:36:31.437550,2025-05-06 10:36:31.437550
101652,59,2018-12-23,20.6,0,19.4,07:44,21.7,20:44,7,4.7,11.7,00:30,50,63,04:00,34,20:20,2025-05-06 10:36:31.659354,2025-05-06 10:36:31.659354
101671,59,2018-12-24,16.7,0,13,23:52,20.4,00:01,99,5.3,13.1,,51,71,22:20,46,10:50,2025-05-06 10:36:31.875788,2025-05-06 10:36:31.875788
101690,59,2018-12-25,17.7,0,12.5,02:30,22.9,14:51,14,2.8,8.6,03:30,44,72,02:10,25,17:50,2025-05-06 10:36:32.099856,2025-05-06 10:36:32.099856
101709,59,2018-12-26,17.9,0,13.7,07:43,22.1,14:21,9,1.9,6.7,11:10,54,80,07:40,31,19:20,2025-05-06 10:37:35.163837,2025-05-06 10:37:35.163837
101728,59,2018-12-27,19,0,15.1,02:12,22.9,12:34,5,3.3,8.3,07:10,67,81,23:59,26,02:10,2025-05-06 10:37:35.416023,2025-05-06 10:37:35.416023
101747,59,2018-12-28,19.5,0,16.6,07:27,22.4,12:52,2,3.9,10.6,18:40,67,84,02:50,51,13:00,2025-05-06 10:37:35.642905,2025-05-06 10:37:35.642905
101765,59,2018-12-29,18.5,0,16.5,07:24,20.5,12:22,8,3.1,11.4,14:00,62,74,04:10,53,11:30,2025-05-06 10:37:35.867101,2025-05-06 10:37:35.867101
101784,59,2018-12-30,16.7,0,13.1,23:53,20.3,12:27,18,1.7,6.1,14:30,71,84,,67,,2025-05-06 10:37:36.105974,2025-05-06 10:37:36.105974
101803,59,2018-12-31,17,0,12.8,00:58,21.2,21:40,2,4.7,11.1,03:30,57,87,01:20,39,21:30,2025-05-06 10:37:36.320843,2025-05-06 10:37:36.320843
101822,59,2019-01-01,18.8,0,16.4,23:38,21.2,17:37,10,2.5,11.7,00:30,47,67,22:30,31,17:50,2025-05-06 10:37:36.559764,2025-05-06 10:37:36.559764
101841,59,2019-01-02,16.5,0,12,07:14,21,17:19,4,3.3,8.1,00:10,60,83,,32,17:50,2025-05-06 10:37:36.797484,2025-05-06 10:37:36.797484
101860,59,2019-01-03,16,0,13,08:01,19.1,11:06,10,3.3,11.1,16:50,70,83,08:10,60,10:50,2025-05-06 10:37:37.029891,2025-05-06 10:37:37.029891
101879,59,2019-01-04,16.4,0,13.7,23:52,19,12:02,7,2.8,9.4,15:10,66,79,23:59,61,17:20,2025-05-06 10:37:37.269144,2025-05-06 10:37:37.269144
101898,59,2019-01-05,16.2,0,12.1,07:21,20.4,20:51,6,2.5,12.5,23:40,55,90,08:00,26,18:00,2025-05-06 10:37:37.488281,2025-05-06 10:37:37.488281
101917,59,2019-01-06,18.2,0,17,,19.3,00:01,99,4.4,11.4,,47,64,02:20,34,16:50,2025-05-06 10:37:37.707178,2025-05-06 10:37:37.707178
101936,59,2019-01-07,18.2,0,17,09:14,19.5,15:55,6,4.4,14.2,02:10,65,76,07:40,39,16:40,2025-05-06 10:37:37.932871,2025-05-06 10:37:37.932871
101955,59,2019-01-08,16.6,0,13.5,08:20,19.7,14:19,6,2.8,10,10:10,64,86,07:50,42,17:40,2025-05-06 10:37:38.149468,2025-05-06 10:37:38.149468
101974,59,2019-01-09,16.2,0,13.1,07:56,19.3,17:05,8,3.3,10.8,15:10,74,86,,62,17:00,2025-05-06 10:37:38.380668,2025-05-06 10:37:38.380668
101993,59,2019-01-10,15.2,0,10.7,06:10,19.7,11:37,7,3.3,9.7,15:00,71,87,,53,11:20,2025-05-06 10:37:38.607353,2025-05-06 10:37:38.607353
102012,59,2019-01-11,15.4,0,11.6,08:30,19.2,13:00,4,3.3,11.7,15:40,64,74,03:50,56,10:30,2025-05-06 10:37:38.820647,2025-05-06 10:37:38.820647
102031,59,2019-01-12,17.2,0,14.9,23:57,19.6,15:39,6,3.3,10.8,01:20,68,78,23:00,62,15:00,2025-05-06 10:37:39.048402,2025-05-06 10:37:39.048402
102050,59,2019-01-13,17.8,0,14.6,02:12,20.9,17:24,7,3.1,13.1,23:10,43,75,,28,17:40,2025-05-06 10:37:39.283288,2025-05-06 10:37:39.283288
102069,59,2019-01-14,18.3,0,16.9,23:41,19.7,17:51,9,3.3,10.3,00:30,44,63,01:00,28,,2025-05-06 10:37:39.514076,2025-05-06 10:37:39.514076
102088,59,2019-01-15,16.5,0,13.7,07:06,19.3,16:22,99,4.2,10,,66,77,08:20,50,00:40,2025-05-06 10:37:39.746314,2025-05-06 10:37:39.746314
102107,59,2019-01-16,15.7,0,11.4,08:20,20,15:28,6,3.1,8.9,16:10,60,78,02:10,44,18:10,2025-05-06 10:37:39.974059,2025-05-06 10:37:39.974059
102126,59,2019-01-17,16.4,1.2,12.1,05:15,20.7,13:43,2,3.1,12.5,15:50,60,84,23:59,39,13:50,2025-05-06 10:37:40.206813,2025-05-06 10:37:40.206813
102145,59,2019-01-18,15.6,0,11.3,05:26,19.9,14:58,2,5.3,12.5,13:00,65,86,07:50,41,16:40,2025-05-06 10:37:40.436894,2025-05-06 10:37:40.436894
102163,59,2019-01-19,16.9,0,14.9,02:03,18.9,13:16,6,4.4,11.1,13:40,61,67,12:40,53,10:00,2025-05-06 10:37:40.654123,2025-05-06 10:37:40.654123
102182,59,2019-01-20,18.8,0,16.5,23:52,21.1,13:54,34,3.9,15.3,15:10,57,82,21:50,48,13:00,2025-05-06 10:37:40.900392,2025-05-06 10:37:40.900392
102201,59,2019-01-21,17.2,0,14.5,01:50,19.9,16:23,2,4.4,11.7,12:50,61,81,,45,10:40,2025-05-06 10:37:41.118301,2025-05-06 10:37:41.118301
102220,59,2019-01-22,17,0,14.3,03:16,19.7,12:39,4,5.8,12.5,10:20,55,66,04:40,49,10:30,2025-05-06 10:37:41.344834,2025-05-06 10:37:41.344834
102239,59,2019-01-23,17.4,0,15.1,07:48,19.8,15:06,99,4.7,10.8,,59,70,22:50,49,14:40,2025-05-06 10:37:41.570733,2025-05-06 10:37:41.570733
102258,59,2019-01-24,17.7,0,14.9,08:02,20.5,13:23,32,3.3,9.7,16:10,59,82,23:59,48,13:10,2025-05-06 10:37:41.805833,2025-05-06 10:37:41.805833
102277,59,2019-01-25,17,0,13.6,06:44,20.3,11:57,11,1.7,6.1,12:50,79,89,07:00,63,11:10,2025-05-06 10:37:42.017613,2025-05-06 10:37:42.017613
102296,59,2019-01-26,18.5,0,15.1,08:08,21.9,12:32,14,1.4,3.9,10:50,67,82,,55,13:30,2025-05-06 10:37:42.151824,2025-05-06 10:37:42.151824
102315,59,2019-01-27,17.5,0,14.5,07:56,20.5,11:57,12,2.5,7.2,13:00,73,83,05:50,55,11:00,2025-05-06 10:37:42.279940,2025-05-06 10:37:42.279940
102334,59,2019-01-28,17.2,0,14.1,04:12,20.4,15:35,2,5.6,13.1,17:50,66,79,04:20,52,12:00,2025-05-06 10:37:42.455111,2025-05-06 10:37:42.455111
102353,59,2019-01-29,17.4,0,13.9,05:15,20.8,14:10,6,4.4,11.1,12:20,69,83,,58,13:10,2025-05-06 10:37:42.655379,2025-05-06 10:37:42.655379
102372,59,2019-01-30,18.4,0,15.4,23:58,21.5,14:49,35,4.7,10.3,19:10,59,83,02:20,49,14:50,2025-05-06 10:37:42.882745,2025-05-06 10:37:42.882745
102391,59,2019-01-31,17.6,0,15.2,00:12,20.1,,4,4.2,9.4,14:50,57,78,00:20,52,14:50,2025-05-06 10:37:43.110774,2025-05-06 10:37:43.110774
102410,59,2019-02-01,19.8,0,17.2,21:14,22.4,14:15,34,3.9,13.9,17:30,61,87,19:40,53,,2025-05-06 10:37:43.334943,2025-05-06 10:37:43.334943
102429,59,2019-02-02,17.2,0,14.5,06:30,19.8,14:37,4,4.7,12.2,14:40,59,90,01:10,47,14:10,2025-05-06 10:37:43.563840,2025-05-06 10:37:43.563840
102448,59,2019-02-03,17.5,0,15.8,,19.2,15:07,4,7.8,15.8,13:10,61,73,,56,,2025-05-06 10:37:43.781116,2025-05-06 10:37:43.781116
102467,59,2019-02-04,19.4,0,15.7,07:51,23.2,,2,3.6,11.4,22:50,56,81,07:50,23,17:50,2025-05-06 10:37:44.007149,2025-05-06 10:37:44.007149
102486,59,2019-02-05,17.8,0,13.4,07:42,22.3,17:44,4,2.5,12.2,00:30,39,63,07:20,18,18:00,2025-05-06 10:37:44.226944,2025-05-06 10:37:44.226944
102505,59,2019-02-06,19,0,16.4,06:51,21.5,14:17,6,4.2,13.3,12:30,53,79,23:50,25,01:20,2025-05-06 10:37:44.451771,2025-05-06 10:37:44.451771
102524,59,2019-02-07,17.8,0,15.4,07:21,20.2,14:52,10,4.4,9.7,12:30,70,81,,51,15:00,2025-05-06 10:37:44.671955,2025-05-06 10:37:44.671955
102543,59,2019-02-08,16.2,0,13.9,07:59,18.6,14:50,10,3.9,10.8,15:40,67,78,08:00,60,17:50,2025-05-06 10:37:44.887395,2025-05-06 10:37:44.887395
102562,59,2019-02-09,17.1,0,13.5,04:25,20.7,18:26,8,3.3,10.3,15:20,71,82,04:00,52,18:30,2025-05-06 10:37:45.113619,2025-05-06 10:37:45.113619
102581,59,2019-02-10,20.2,0,15.4,00:01,25.1,17:02,4,3.9,11.9,23:50,44,82,06:20,15,19:00,2025-05-06 10:37:45.318760,2025-05-06 10:37:45.318760
102600,59,2019-02-11,22.5,0,19.1,23:54,25.9,16:57,4,5.3,16.4,03:40,31,46,05:30,16,18:50,2025-05-06 10:37:45.542128,2025-05-06 10:37:45.542128
102619,59,2019-02-12,20.6,0,17.8,,23.3,10:23,4,3.6,10.6,11:30,49,66,18:20,28,11:10,2025-05-06 10:37:45.764270,2025-05-06 10:37:45.764270
102638,59,2019-02-13,19,0,14.8,06:38,23.2,19:31,34,2.5,8.1,00:20,61,84,07:40,18,19:30,2025-05-06 10:37:45.994259,2025-05-06 10:37:45.994259
102657,59,2019-02-14,19,0,13.8,05:04,24.2,15:28,10,1.7,7.8,01:10,49,79,01:00,20,00:00,2025-05-06 10:37:46.232658,2025-05-06 10:37:46.232658
102676,59,2019-02-15,18,0.2,14.8,22:22,21.1,13:31,34,4.2,18.9,14:50,55,76,23:10,47,07:50,2025-05-06 10:37:46.458770,2025-05-06 10:37:46.458770
102695,59,2019-02-16,18.4,0,14.1,07:21,22.6,16:49,34,5,14.4,13:10,51,82,05:00,19,17:20,2025-05-06 10:37:46.679266,2025-05-06 10:37:46.679266
102713,59,2019-02-17,18.2,0,14,07:49,22.3,15:53,5,3.9,9.4,10:50,50,76,08:20,29,16:30,2025-05-06 10:37:46.893410,2025-05-06 10:37:46.893410
102732,59,2019-02-18,17.8,0,14.5,07:49,21.1,14:51,1,4.4,12.2,15:30,64,84,08:00,42,17:20,2025-05-06 10:37:47.124461,2025-05-06 10:37:47.124461
102751,59,2019-02-19,15.6,0,11.9,07:24,19.2,12:56,4,3.3,11.4,09:50,58,74,07:10,31,11:50,2025-05-06 10:37:47.364801,2025-05-06 10:37:47.364801
102770,59,2019-02-20,16,0,11.7,02:23,20.2,17:03,9,2.8,8.9,12:20,68,81,23:40,61,10:50,2025-05-06 10:37:47.581171,2025-05-06 10:37:47.581171
102789,59,2019-02-21,17.8,0,12.6,05:30,23.1,18:11,2,2.2,7.5,09:10,62,88,05:00,29,18:10,2025-05-06 10:37:47.820692,2025-05-06 10:37:47.820692
102808,59,2019-02-22,21,0,15.6,00:26,26.3,16:45,99,1.9,7.8,07:30,37,78,02:50,19,17:40,2025-05-06 10:37:48.035548,2025-05-06 10:37:48.035548
102827,59,2019-02-23,20.6,0,16.9,08:15,24.4,16:43,36,1.7,8.9,03:10,41,66,19:20,22,20:50,2025-05-06 10:37:48.262592,2025-05-06 10:37:48.262592
102846,59,2019-02-24,20.1,0,16.2,07:45,24,10:14,9,2.2,7.5,11:20,48,74,21:40,30,02:20,2025-05-06 10:37:48.485165,2025-05-06 10:37:48.485165
102865,59,2019-02-25,17.4,0,13.8,07:13,21.1,10:49,10,3.6,10.6,12:50,81,87,,50,00:00,2025-05-06 10:37:48.707659,2025-05-06 10:37:48.707659
102884,59,2019-02-26,18.2,0,13,07:07,23.3,20:51,35,3.1,11.4,21:30,69,87,06:00,16,20:50,2025-05-06 10:37:48.931310,2025-05-06 10:37:48.931310
102903,59,2019-02-27,17.8,0,13.2,05:38,22.3,15:53,8,3.6,10.8,14:10,72,85,07:40,34,00:10,2025-05-06 10:37:49.169716,2025-05-06 10:37:49.169716
102922,59,2019-02-28,18.8,0,16.3,06:23,21.2,12:40,8,5,12.8,14:20,69,77,,53,12:20,2025-05-06 10:37:49.367383,2025-05-06 10:37:49.367383
102941,59,2019-03-01,16.4,0,13,07:27,19.8,13:20,6,3.9,12.2,14:00,69,81,05:10,58,13:20,2025-05-06 10:37:49.600342,2025-05-06 10:37:49.600342
102960,59,2019-03-02,18.2,0,16.7,,19.6,11:53,8,4.2,10.3,14:50,63,73,02:50,50,11:50,2025-05-06 10:37:49.835093,2025-05-06 10:37:49.835093
102979,59,2019-03-03,17,0,13.7,06:57,20.2,12:54,6,3.3,12.5,15:10,68,75,07:10,54,12:10,2025-05-06 10:37:50.071711,2025-05-06 10:37:50.071711
102998,59,2019-03-04,18,0,15.2,06:04,20.9,13:46,6,4.7,11.7,14:30,65,73,18:30,52,13:40,2025-05-06 10:37:50.291055,2025-05-06 10:37:50.291055
103017,59,2019-03-05,18.3,0,15.9,07:34,20.7,14:31,9,2.8,7.2,11:00,65,71,19:10,59,09:30,2025-05-06 10:37:50.514849,2025-05-06 10:37:50.514849
103036,59,2019-03-06,18.6,0.8,14.2,06:15,23,14:27,36,3.3,12.8,15:30,59,83,09:50,42,16:10,2025-05-06 10:37:50.766499,2025-05-06 10:37:50.766499
103055,59,2019-03-07,18.7,0,15.7,06:27,21.7,14:13,2,5.3,13.3,10:00,55,73,01:50,38,12:50,2025-05-06 10:37:51.006631,2025-05-06 10:37:51.006631
103074,59,2019-03-08,19.6,0,16.6,02:52,22.6,13:44,3,5.8,13.9,09:30,62,84,06:40,44,15:00,2025-05-06 10:37:51.241763,2025-05-06 10:37:51.241763
103093,59,2019-03-09,19.4,0,16.7,03:13,22.2,14:30,4,7.5,15.8,10:40,55,71,23:40,43,14:40,2025-05-06 10:37:51.464462,2025-05-06 10:37:51.464462
103112,59,2019-03-10,21,0,16.8,06:57,25.3,12:45,1,2.8,12.5,03:10,67,80,07:30,41,12:40,2025-05-06 10:37:51.694946,2025-05-06 10:37:51.694946
103131,59,2019-03-11,19.7,0,16.5,07:04,22.9,12:02,34,2.8,12.2,04:00,72,80,02:10,55,20:40,2025-05-06 10:37:51.931364,2025-05-06 10:37:51.931364
103150,59,2019-03-12,18.4,0,15.7,05:21,21,17:31,11,3.1,10.8,12:40,74,83,,65,19:00,2025-05-06 10:37:52.133959,2025-05-06 10:37:52.133959
103169,59,2019-03-13,18.2,0,13.8,07:09,22.6,11:49,12,3.3,10,12:30,76,85,06:40,55,11:50,2025-05-06 10:37:52.357968,2025-05-06 10:37:52.357968
103188,59,2019-03-14,18.8,0,16.3,,21.2,12:01,9,4.2,10.3,15:10,73,81,,60,12:00,2025-05-06 10:37:52.570710,2025-05-06 10:37:52.570710
103207,59,2019-03-15,18.9,0,15.6,04:02,22.2,18:09,1,2.8,10,04:40,64,83,,43,21:50,2025-05-06 10:37:52.724709,2025-05-06 10:37:52.724709
103226,59,2019-03-16,18.6,0,14.3,07:33,22.8,11:04,9,4.2,12.2,12:50,77,85,22:50,50,08:50,2025-05-06 10:37:52.867352,2025-05-06 10:37:52.867352
103245,59,2019-03-17,19.7,0,15,07:19,24.4,15:00,7,4.2,10.8,11:50,69,78,03:40,38,10:00,2025-05-06 10:37:53.002366,2025-05-06 10:37:53.002366
103264,59,2019-03-18,19,0,15.2,07:19,22.7,13:20,3,5.3,10.8,17:20,63,77,05:40,49,11:20,2025-05-06 10:37:53.209013,2025-05-06 10:37:53.209013
103283,59,2019-03-19,18.2,0,15,06:15,21.3,13:11,8,4.2,13.1,15:30,64,75,05:50,52,13:00,2025-05-06 10:37:53.443993,2025-05-06 10:37:53.443993
103302,59,2019-03-20,18.6,0,14.5,06:34,22.7,15:07,3,3.6,10,10:40,68,80,07:20,54,11:50,2025-05-06 10:37:53.668639,2025-05-06 10:37:53.668639
103321,59,2019-03-21,19,0,16.1,02:16,22,14:49,2,5.8,13.1,19:10,66,79,,45,14:50,2025-05-06 10:37:53.897607,2025-05-06 10:37:53.897607
103340,59,2019-03-22,19.4,0,15.5,05:12,23.3,16:04,2,6.1,13.3,20:30,58,77,23:40,48,16:40,2025-05-06 10:37:54.135195,2025-05-06 10:37:54.135195
103359,59,2019-03-23,19.9,0,16,07:10,23.8,12:18,34,6.7,15,17:50,69,78,00:10,46,12:10,2025-05-06 10:37:54.363354,2025-05-06 10:37:54.363354
103377,59,2019-03-24,18.2,0,14.5,06:10,21.8,11:10,2,2.8,9.4,19:10,73,77,,53,09:30,2025-05-06 10:37:54.582660,2025-05-06 10:37:54.582660
103396,59,2019-03-25,18.3,2.8,14.9,04:15,21.7,14:48,24,5.3,13.6,19:10,77,87,19:20,64,11:30,2025-05-06 10:37:54.818458,2025-05-06 10:37:54.818458
103415,59,2019-03-26,18.5,1.4,14.7,03:30,22.3,15:10,1,2.5,6.9,19:20,78,89,,62,15:10,2025-05-06 10:37:55.058414,2025-05-06 10:37:55.058414
103434,59,2019-03-27,18,0,13.3,05:37,22.6,15:50,34,3.3,9.7,18:40,74,90,06:00,60,17:00,2025-05-06 10:37:55.284897,2025-05-06 10:37:55.284897
103453,59,2019-03-28,18,0,14.2,06:28,21.7,13:35,9,2.5,7.2,12:00,78,87,06:30,66,11:00,2025-05-06 10:37:55.511979,2025-05-06 10:37:55.511979
103472,59,2019-03-29,17.9,0,13.4,,22.4,15:43,20,2.8,8.3,17:20,76,90,06:30,57,19:20,2025-05-06 10:37:55.747310,2025-05-06 10:37:55.747310
103491,59,2019-03-30,17,5.4,13.6,06:57,20.4,16:05,34,2.2,8.6,19:40,77,85,,56,10:00,2025-05-06 10:37:55.970691,2025-05-06 10:37:55.970691
103510,59,2019-03-31,19.8,0,15.3,03:47,24.2,14:34,25,4.7,12.8,15:30,66,79,03:50,45,11:30,2025-05-06 10:37:56.145291,2025-05-06 10:37:56.145291
103529,59,2019-04-01,18,0,13.8,06:44,22.3,15:16,2,1.4,5.6,22:10,73,88,06:50,59,15:40,2025-05-06 10:37:56.382559,2025-05-06 10:37:56.382559
103548,59,2019-04-02,20.2,0,16.3,01:36,24,14:57,2,4.4,11.7,05:40,63,81,01:40,49,17:40,2025-05-06 10:37:56.619641,2025-05-06 10:37:56.619641
103567,59,2019-04-03,20.1,0.6,16.8,07:11,23.4,12:37,30,2.8,10.8,15:30,63,79,07:40,48,16:40,2025-05-06 10:37:56.856679,2025-05-06 10:37:56.856679
103586,59,2019-04-04,19.9,0,16.7,06:53,23.1,15:33,99,3.3,10.8,,58,77,07:10,44,12:50,2025-05-06 10:37:57.098619,2025-05-06 10:37:57.098619
103605,59,2019-04-05,18.8,0,15,04:17,22.7,15:07,34,4.2,15,17:10,59,69,04:20,45,12:30,2025-05-06 10:37:57.319343,2025-05-06 10:37:57.319343
103624,59,2019-04-06,18.2,0,14.6,04:09,21.7,13:03,32,3.9,11.7,18:30,57,84,04:00,40,12:20,2025-05-06 10:37:57.543400,2025-05-06 10:37:57.543400
103643,59,2019-04-07,19,0,14.3,06:31,23.8,13:29,35,3.6,11.7,16:20,60,76,,46,13:30,2025-05-06 10:37:57.779913,2025-05-06 10:37:57.779913
103662,59,2019-04-08,19.8,0,15.6,06:54,23.9,12:55,99,2.5,12.8,,62,82,07:00,43,12:50,2025-05-06 10:37:58.011911,2025-05-06 10:37:58.011911
103681,59,2019-04-09,18.2,0,14.3,06:25,22.1,12:01,8,3.3,11.7,13:30,62,81,06:10,49,17:40,2025-05-06 10:37:58.245215,2025-05-06 10:37:58.245215
103699,59,2019-04-10,19.5,0,15.7,03:18,23.3,13:57,36,5,13.3,18:20,51,64,03:00,43,12:00,2025-05-06 10:37:58.454978,2025-05-06 10:37:58.454978
103718,59,2019-04-11,19.8,0,16.1,03:25,23.6,13:54,35,5.3,15,18:30,55,66,,43,14:30,2025-05-06 10:37:58.686384,2025-05-06 10:37:58.686384
103737,59,2019-04-12,19,0,15.7,06:25,22.4,12:35,4,4.7,11.4,12:20,59,68,21:10,47,12:40,2025-05-06 10:37:58.944113,2025-05-06 10:37:58.944113
103756,59,2019-04-13,20.2,0,15.3,06:41,25,15:07,6,3.9,10.6,12:50,60,73,06:50,34,15:30,2025-05-06 10:37:59.181093,2025-05-06 10:37:59.181093
103775,59,2019-04-14,21.8,0,16.6,06:52,27.1,16:30,35,2.8,11.1,19:40,63,74,13:20,44,17:30,2025-05-06 10:37:59.417720,2025-05-06 10:37:59.417720
103794,59,2019-04-15,18.4,0,15.3,06:29,21.5,17:51,6,3.9,12.8,14:10,70,77,22:10,59,09:40,2025-05-06 10:37:59.669490,2025-05-06 10:37:59.669490
103813,59,2019-04-16,19,0,16,06:54,21.9,16:09,35,2.5,10,22:40,77,84,19:40,64,09:40,2025-05-06 10:37:59.896037,2025-05-06 10:37:59.896037
103831,59,2019-04-17,20.4,0,15.4,06:50,25.5,13:12,35,4.4,14.2,16:00,62,79,,48,12:20,2025-05-06 10:38:00.113437,2025-05-06 10:38:00.113437
103849,59,2019-04-18,19.8,0,16.1,05:02,23.4,14:43,2,4.2,12.2,15:30,53,76,,38,14:50,2025-05-06 10:38:00.325815,2025-05-06 10:38:00.325815
103867,59,2019-04-19,20,0,16.7,04:19,23.3,13:16,2,4.4,11.7,12:30,54,71,05:50,42,11:50,2025-05-06 10:38:00.561120,2025-05-06 10:38:00.561120
103885,59,2019-04-20,20.1,0,17,02:14,23.2,13:32,36,4.7,13.3,15:10,55,71,23:50,41,14:50,2025-05-06 10:38:00.790604,2025-05-06 10:38:00.790604
103903,59,2019-04-21,19.7,0,16,05:40,23.4,16:03,35,4.4,11.9,,64,75,03:50,46,15:10,2025-05-06 10:38:01.010586,2025-05-06 10:38:01.010586
103921,59,2019-04-22,20.4,0,17.7,06:17,23.1,12:12,35,5.3,14.4,16:30,63,73,21:40,49,12:30,2025-05-06 10:38:01.223770,2025-05-06 10:38:01.223770
103940,59,2019-04-23,19.4,0,15.9,22:46,22.9,14:35,2,3.6,14.4,13:30,61,80,22:40,52,16:50,2025-05-06 10:38:01.461096,2025-05-06 10:38:01.461096
103959,59,2019-04-24,17.8,0,14.3,06:56,21.4,15:40,36,3.1,10.6,18:10,68,78,07:00,50,10:00,2025-05-06 10:38:01.699053,2025-05-06 10:38:01.699053
103978,59,2019-04-25,19,0,14.8,04:48,23.1,11:37,7,4.2,12.8,13:50,67,78,04:50,48,11:00,2025-05-06 10:38:01.929620,2025-05-06 10:38:01.929620
103997,59,2019-04-26,20.6,0,17.7,23:42,23.5,16:08,1,5,11.7,17:20,57,69,04:10,49,16:00,2025-05-06 10:38:02.146250,2025-05-06 10:38:02.146250
104016,59,2019-04-27,21,0,16.4,05:26,25.6,14:27,99,4.4,11.7,12:50,66,78,23:59,50,14:30,2025-05-06 10:38:02.380055,2025-05-06 10:38:02.380055
104035,59,2019-04-28,20,0,16,06:42,23.9,11:59,34,2.2,12.2,19:10,74,82,01:50,58,11:00,2025-05-06 10:38:02.613896,2025-05-06 10:38:02.613896
104054,59,2019-04-29,19.4,0,15.8,06:38,22.9,15:45,1,1.7,8.3,21:10,74,84,19:10,67,11:40,2025-05-06 10:38:02.840945,2025-05-06 10:38:02.840945
104073,59,2019-04-30,22.6,0,17.3,04:36,27.9,12:23,4,2.2,9.2,09:00,65,80,02:30,42,12:20,2025-05-06 10:38:03.077084,2025-05-06 10:38:03.077084
104092,59,2019-05-01,20.6,0,17.8,06:12,23.4,14:17,2,4.7,12.5,13:00,60,75,,48,13:20,2025-05-06 10:38:03.307304,2025-05-06 10:38:03.307304
104111,59,2019-05-02,20.2,0,17.5,03:25,23,13:46,35,3.9,14.4,15:10,62,73,07:00,48,14:00,2025-05-06 10:38:03.446353,2025-05-06 10:38:03.446353
104129,59,2019-05-03,20.6,0,17.7,05:10,23.6,11:58,1,3.1,11.7,16:30,60,71,06:40,42,11:50,2025-05-06 10:38:03.580201,2025-05-06 10:38:03.580201
104148,59,2019-05-04,21.4,0,17.7,23:41,25.2,14:10,9,3.6,11.1,15:30,54,61,18:40,39,14:40,2025-05-06 10:38:03.765076,2025-05-06 10:38:03.765076
104167,59,2019-05-05,19.6,0,16.6,01:53,22.7,17:34,10,5,13.1,11:40,58,70,16:30,52,17:40,2025-05-06 10:38:03.993491,2025-05-06 10:38:03.993491
104186,59,2019-05-06,20.6,0,18.5,01:48,22.6,17:45,7,4.4,13.6,14:30,65,73,20:40,52,12:00,2025-05-06 10:38:04.213779,2025-05-06 10:38:04.213779
104205,59,2019-05-07,20.8,0,18,05:35,23.6,11:14,11,3.9,13.1,13:10,67,76,,55,10:20,2025-05-06 10:38:04.451983,2025-05-06 10:38:04.451983
104224,59,2019-05-08,19.8,0,16.2,05:52,23.5,11:39,8,4.7,13.9,15:20,73,78,06:10,58,11:40,2025-05-06 10:38:04.676458,2025-05-06 10:38:04.676458
104243,59,2019-05-09,20.6,0,16.6,04:59,24.6,16:16,10,4.2,12.8,15:20,69,81,04:30,54,10:50,2025-05-06 10:38:04.914042,2025-05-06 10:38:04.914042
104262,59,2019-05-10,21.2,0,17.8,06:25,24.7,13:37,13,4.7,11.9,15:00,62,74,,52,12:40,2025-05-06 10:38:05.150798,2025-05-06 10:38:05.150798
104281,59,2019-05-11,22,0,18.6,04:11,25.4,17:52,10,4.2,11.4,15:30,69,81,23:59,58,17:50,2025-05-06 10:38:05.382160,2025-05-06 10:38:05.382160
104300,59,2019-05-12,20.8,0,16.4,05:50,25.2,14:26,24,3.6,8.9,16:50,80,88,,67,16:20,2025-05-06 10:38:05.606815,2025-05-06 10:38:05.606815
104319,59,2019-05-13,23,0,18.2,03:50,27.8,15:24,36,3.6,11.9,17:50,68,88,00:00,52,16:50,2025-05-06 10:38:05.835778,2025-05-06 10:38:05.835778
104338,59,2019-05-14,21.4,0,17.9,06:58,24.9,14:48,33,2.8,7.2,05:20,72,83,19:40,62,14:00,2025-05-06 10:38:06.066071,2025-05-06 10:38:06.066071
104357,59,2019-05-15,20.2,0,17.4,05:15,23,14:34,12,2.2,6.9,15:20,76,86,,68,08:50,2025-05-06 10:38:06.301298,2025-05-06 10:38:06.301298
104376,59,2019-05-16,20.4,0,17.2,06:34,23.7,16:04,35,3.6,9.2,23:50,80,86,00:00,64,21:00,2025-05-06 10:38:06.527395,2025-05-06 10:38:06.527395
104395,59,2019-05-17,23,0,19.1,05:42,26.9,11:29,4,4.2,11.1,17:40,69,83,05:40,46,11:30,2025-05-06 10:38:06.766433,2025-05-06 10:38:06.766433
104414,59,2019-05-18,20.7,0,18.3,,23.1,14:49,4,5.8,13.6,19:10,65,79,,53,17:40,2025-05-06 10:38:06.993315,2025-05-06 10:38:06.993315
104433,59,2019-05-19,21.4,0,17.8,04:42,25,13:30,3,5.6,16.9,12:40,60,76,,49,12:30,2025-05-06 10:38:07.229375,2025-05-06 10:38:07.229375
104452,59,2019-05-20,22.1,0,18.8,00:38,25.4,15:08,36,5.8,12.8,10:50,59,74,04:50,45,15:10,2025-05-06 10:38:07.463973,2025-05-06 10:38:07.463973
104471,59,2019-05-21,22.2,0,18.9,01:05,25.5,15:33,36,4.4,12.2,19:00,59,74,,48,15:40,2025-05-06 10:38:07.698202,2025-05-06 10:38:07.698202
104490,59,2019-05-22,22.1,0,18.9,01:09,25.3,12:32,99,5.6,13.3,,63,75,,51,12:20,2025-05-06 10:38:07.931404,2025-05-06 10:38:07.931404
104509,59,2019-05-23,22,0,18,05:46,26.1,15:06,35,4.7,18.6,15:10,61,71,06:20,47,12:20,2025-05-06 10:38:08.175490,2025-05-06 10:38:08.175490
104528,59,2019-05-24,24,0,19.5,03:26,28.4,15:24,4,5.8,15,13:50,52,71,01:00,36,14:00,2025-05-06 10:38:08.389117,2025-05-06 10:38:08.389117
104547,59,2019-05-25,22.4,0,18.4,03:47,26.5,15:40,8,4.7,11.4,12:30,65,78,,47,15:30,2025-05-06 10:38:08.623946,2025-05-06 10:38:08.623946
104566,59,2019-05-26,21.6,0,17.7,05:34,25.6,13:14,36,2.5,8.3,00:50,69,77,05:50,48,10:20,2025-05-06 10:38:08.850219,2025-05-06 10:38:08.850219
104585,59,2019-05-27,24.9,0,19.8,01:41,30,14:47,34,3.6,9.7,18:40,52,74,00:50,39,12:50,2025-05-06 10:38:09.080929,2025-05-06 10:38:09.080929
104604,59,2019-05-28,21.9,0,18.3,05:45,25.5,10:40,1,2.2,10,09:00,73,78,05:40,57,10:40,2025-05-06 10:38:09.297954,2025-05-06 10:38:09.297954
104623,59,2019-05-29,21.6,0,17.4,03:57,25.7,14:05,20,2.8,8.9,15:10,71,79,04:00,60,14:10,2025-05-06 10:38:09.535239,2025-05-06 10:38:09.535239
104641,59,2019-05-30,20.8,0,17.1,05:57,24.6,17:58,34,3.1,10.8,18:30,66,78,05:10,54,18:00,2025-05-06 10:38:09.758232,2025-05-06 10:38:09.758232
104660,59,2019-05-31,21,0,17.8,06:37,24.2,12:55,34,2.2,9.2,05:50,72,81,19:40,68,,2025-05-06 10:38:09.913614,2025-05-06 10:38:09.913614
104679,59,2019-06-01,22.4,0,19.4,04:21,25.5,12:40,15,2.2,7.5,15:10,73,87,21:50,66,12:40,2025-05-06 10:38:10.141513,2025-05-06 10:38:10.141513
104698,59,2019-06-02,25.4,0,22,00:01,28.7,19:50,2,1.7,9.7,20:40,63,77,00:00,26,20:50,2025-05-06 10:38:10.383679,2025-05-06 10:38:10.383679
104717,59,2019-06-03,24.8,0,22.2,20:04,27.5,03:21,1,3.6,8.9,02:20,71,81,19:40,21,03:10,2025-05-06 10:38:10.599410,2025-05-06 10:38:10.599410
104736,59,2019-06-04,24.6,0,20.2,05:35,29,10:57,4,4.7,11.1,10:50,53,74,,25,10:10,2025-05-06 10:38:10.831613,2025-05-06 10:38:10.831613
104755,59,2019-06-05,22.1,0,19.5,23:47,24.7,14:00,4,4.2,10.8,09:50,69,76,19:10,57,14:00,2025-05-06 10:38:11.053754,2025-05-06 10:38:11.053754
104774,59,2019-06-06,22,0,18.8,02:25,25.2,14:53,99,4.7,10.8,,50,69,00:40,41,14:20,2025-05-06 10:38:11.295378,2025-05-06 10:38:11.295378
104793,59,2019-06-07,21.5,0,18.8,02:08,24.2,18:09,8,4.2,14.2,12:50,65,74,23:30,51,11:00,2025-05-06 10:38:11.532201,2025-05-06 10:38:11.532201
104812,59,2019-06-08,21.4,0,19.6,23:23,23.3,12:23,8,4.4,13.6,15:40,65,76,,49,18:50,2025-05-06 10:38:11.762104,2025-05-06 10:38:11.762104
104831,59,2019-06-09,21.6,0,18.7,02:41,24.5,15:47,6,5.8,12.8,12:40,60,66,,47,12:10,2025-05-06 10:38:11.937687,2025-05-06 10:38:11.937687
104850,59,2019-06-10,22.4,0,18.8,03:26,26,12:31,2,4.4,13.3,15:00,56,70,23:40,45,12:30,2025-05-06 10:38:12.088020,2025-05-06 10:38:12.088020
104869,59,2019-06-11,22.3,0,19,04:14,25.6,12:58,2,5.6,13.9,20:30,55,73,23:59,45,12:00,2025-05-06 10:38:12.310889,2025-05-06 10:38:12.310889
104888,59,2019-06-12,21.9,0,19.1,04:32,24.7,14:25,5,4.7,11.1,08:40,62,81,04:30,49,16:30,2025-05-06 10:38:12.546403,2025-05-06 10:38:12.546403
104907,59,2019-06-13,21.6,0,18.6,23:59,24.6,13:27,99,3.1,9.2,,61,73,18:10,44,12:00,2025-05-06 10:38:12.781647,2025-05-06 10:38:12.781647
104926,59,2019-06-14,19,0,15.6,05:42,22.5,14:25,9,3.9,11.4,11:40,69,79,05:50,47,09:00,2025-05-06 10:38:13.009645,2025-05-06 10:38:13.009645
104945,59,2019-06-15,19.2,0,15.4,06:04,23.1,10:33,8,4.4,12.5,12:30,69,78,05:30,52,10:20,2025-05-06 10:38:13.233973,2025-05-06 10:38:13.233973
104964,59,2019-06-16,19.6,0,15.9,06:25,23.2,14:39,8,3.6,9.2,12:20,67,74,,56,09:30,2025-05-06 10:38:13.472836,2025-05-06 10:38:13.472836
104983,59,2019-06-17,19.6,0,15.6,06:20,23.6,16:52,8,2.5,5.3,17:10,70,79,23:50,62,08:40,2025-05-06 10:38:13.714369,2025-05-06 10:38:13.714369
104999,59,2019-06-18,21.6,0,17.4,05:21,25.9,14:09,99,1.9,4.2,,74,83,21:00,64,14:10,2025-05-06 10:38:13.908327,2025-05-06 10:38:13.908327
105013,59,2019-06-19,22.8,0,19.1,04:53,26.5,11:03,7,2.5,10.8,11:40,73,81,04:20,46,11:00,2025-05-06 10:38:14.066252,2025-05-06 10:38:14.066252
105029,59,2019-06-20,24.3,0,20.2,04:27,28.4,15:04,3,3.9,10.6,14:20,54,80,04:30,41,,2025-05-06 10:38:14.205549,2025-05-06 10:38:14.205549
105048,59,2019-06-21,23.8,0,19.9,04:50,27.7,14:44,1,5,11.7,09:10,57,75,05:40,41,16:20,2025-05-06 10:38:14.345022,2025-05-06 10:38:14.345022
105067,59,2019-06-22,23.4,0,19.6,06:09,27.2,12:30,33,4.2,12.2,17:10,58,74,,44,12:20,2025-05-06 10:38:14.491670,2025-05-06 10:38:14.491670
105086,59,2019-06-23,22.8,0,20.1,04:21,25.4,14:47,10,1.9,6.1,13:50,71,82,22:00,61,09:00,2025-05-06 10:38:14.704957,2025-05-06 10:38:14.704957
105105,59,2019-06-24,23.8,0,20.1,05:03,27.4,17:58,24,3.1,10.3,15:40,70,85,,53,18:00,2025-05-06 10:39:17.804576,2025-05-06 10:39:17.804576
105124,59,2019-06-25,24,0,19.2,05:41,28.7,16:45,1,2.8,11.1,17:10,70,90,03:30,53,16:50,2025-05-06 10:39:17.993724,2025-05-06 10:39:17.993724
105143,59,2019-06-26,24.3,0,21.3,,27.3,11:36,99,4.2,11.1,12:50,63,80,06:10,47,,2025-05-06 10:39:18.228570,2025-05-06 10:39:18.228570
105162,59,2019-06-27,23.6,0,19.8,06:07,27.5,12:15,8,4.2,12.5,13:40,62,76,06:10,40,12:10,2025-05-06 10:39:18.446725,2025-05-06 10:39:18.446725
105181,59,2019-06-28,22.2,0,19.1,06:14,25.4,,9,4.4,11.7,13:10,61,78,06:10,45,18:10,2025-05-06 10:39:18.594427,2025-05-06 10:39:18.594427
105199,59,2019-06-29,21.2,0,17.4,05:16,25,10:47,10,5,14.2,13:30,67,81,05:20,49,10:50,2025-05-06 10:39:18.741344,2025-05-06 10:39:18.741344
105218,59,2019-06-30,21.8,0,18.3,05:42,25.4,10:58,8,5.8,16.7,14:30,65,78,06:20,51,10:40,2025-05-06 10:39:18.922526,2025-05-06 10:39:18.922526
105237,59,2019-07-01,22.8,0,19.9,06:19,25.8,12:56,3,5.3,12.2,18:00,61,73,04:30,55,,2025-05-06 10:39:19.122293,2025-05-06 10:39:19.122293
105256,59,2019-07-02,23.3,0,20.8,02:56,25.8,12:51,4,5.6,12.2,10:50,61,71,,52,11:50,2025-05-06 10:39:19.362149,2025-05-06 10:39:19.362149
105274,59,2019-07-03,23.4,0,20.7,01:38,26,11:51,11,5.8,13.6,12:50,62,67,12:50,49,11:50,2025-05-06 10:39:19.589617,2025-05-06 10:39:19.589617
105293,59,2019-07-04,23,0,20.2,04:00,25.7,12:12,9,5,13.9,13:40,62,73,23:50,50,12:10,2025-05-06 10:39:19.812231,2025-05-06 10:39:19.812231
105312,59,2019-07-05,23.6,0,18.4,05:05,28.7,16:17,9,5,12.5,13:40,71,81,04:50,44,16:40,2025-05-06 10:39:20.053346,2025-05-06 10:39:20.053346
105331,59,2019-07-06,23.8,0,20.7,06:05,26.8,12:34,9,4.4,13.1,14:30,67,79,00:30,55,10:40,2025-05-06 10:39:20.291949,2025-05-06 10:39:20.291949
105350,59,2019-07-07,23.3,0,20.2,05:12,26.4,16:04,9,5.3,12.8,13:50,66,80,05:00,55,15:20,2025-05-06 10:39:20.496642,2025-05-06 10:39:20.496642
105369,59,2019-07-08,23.4,0,20.3,05:37,26.5,13:28,7,5,12.5,14:20,63,78,06:10,54,10:50,2025-05-06 10:39:20.740248,2025-05-06 10:39:20.740248
105387,59,2019-07-09,23.8,0,20,05:37,27.6,12:09,7,5.6,13.9,14:50,65,77,,47,12:00,2025-05-06 10:39:20.961058,2025-05-06 10:39:20.961058
105405,59,2019-07-10,24.4,0,20.9,04:15,28,14:29,2,5.3,11.7,16:10,57,74,05:00,45,,2025-05-06 10:39:21.191801,2025-05-06 10:39:21.191801
105424,59,2019-07-11,24,0,19.5,05:58,28.5,14:07,32,2.8,10.3,09:40,60,76,06:30,44,,2025-05-06 10:39:21.417952,2025-05-06 10:39:21.417952
105442,59,2019-07-12,23.8,0,20,05:18,27.7,11:23,9,3.9,11.4,12:50,64,80,04:30,53,11:10,2025-05-06 10:39:21.647446,2025-05-06 10:39:21.647446
105461,59,2019-07-13,25.2,0,20.8,04:09,29.5,16:08,9,4.7,12.5,13:00,67,80,,50,16:20,2025-05-06 10:39:21.884157,2025-05-06 10:39:21.884157
105480,59,2019-07-14,25.2,0,21,05:01,29.3,13:15,10,5.3,12.5,14:50,64,86,05:40,52,13:00,2025-05-06 10:39:22.121705,2025-05-06 10:39:22.121705
105499,59,2019-07-15,25.4,0,21,06:06,29.7,15:25,9,3.6,12.5,13:20,67,80,06:10,52,12:30,2025-05-06 10:39:22.345711,2025-05-06 10:39:22.345711
105518,59,2019-07-16,24.1,0,20.8,,27.4,13:15,10,5.3,12.5,14:30,66,79,04:50,55,13:10,2025-05-06 10:39:22.591906,2025-05-06 10:39:22.591906
105537,59,2019-07-17,23.7,0,20.7,,26.7,,3,5.8,12.8,11:10,66,78,,57,15:50,2025-05-06 10:39:22.834831,2025-05-06 10:39:22.834831
105556,59,2019-07-18,23.6,0,20.3,05:38,26.9,12:57,36,5.8,13.1,13:20,57,68,,45,13:40,2025-05-06 10:39:23.073414,2025-05-06 10:39:23.073414
105575,59,2019-07-19,24.4,0,21.2,,27.6,14:51,1,5,10.8,12:30,59,72,23:40,47,14:50,2025-05-06 10:39:23.305049,2025-05-06 10:39:23.305049
105594,59,2019-07-20,25,0,21.3,,28.7,15:31,11,4.2,12.2,12:10,67,77,03:10,51,16:00,2025-05-06 10:39:23.540272,2025-05-06 10:39:23.540272
105613,59,2019-07-21,24.6,0,21.8,,27.4,15:37,4,5.6,14.7,15:10,68,74,,54,15:40,2025-05-06 10:39:23.765276,2025-05-06 10:39:23.765276
105632,59,2019-07-22,24.9,0,20.6,06:20,29.2,12:16,11,5.6,13.9,13:00,74,77,06:30,50,11:40,2025-05-06 10:39:23.985779,2025-05-06 10:39:23.985779
105651,59,2019-07-23,24.7,0,20,06:24,29.4,14:57,10,5.3,12.5,13:10,66,78,06:10,49,16:30,2025-05-06 10:39:24.226716,2025-05-06 10:39:24.226716
105670,59,2019-07-24,25.8,0,20.5,06:11,31.1,13:31,8,3.9,14.2,14:20,69,83,06:10,47,13:40,2025-05-06 10:39:24.455259,2025-05-06 10:39:24.455259
105689,59,2019-07-25,27,0,21.8,,32.3,13:47,5,5.3,13.3,13:20,51,76,00:50,29,13:40,2025-05-06 10:39:24.685318,2025-05-06 10:39:24.685318
105708,59,2019-07-26,25,0,22.2,06:29,27.9,12:26,3,6.4,15,16:20,63,75,23:59,48,02:10,2025-05-06 10:39:24.919622,2025-05-06 10:39:24.919622
105726,59,2019-07-27,24.2,0,20.9,06:28,27.6,13:22,10,4.4,11.7,14:10,63,77,02:30,50,13:40,2025-05-06 10:39:25.156163,2025-05-06 10:39:25.156163
105745,59,2019-07-28,25.4,0,21.8,,29.1,14:55,34,5.6,10.8,12:10,65,80,06:50,54,14:30,2025-05-06 10:39:25.395796,2025-05-06 10:39:25.395796
105764,59,2019-07-29,25,0,21.5,03:47,28.4,14:14,1,5,12.2,19:20,56,74,22:50,47,,2025-05-06 10:39:25.646450,2025-05-06 10:39:25.646450
105783,59,2019-07-30,23.9,0,21.1,24:00,26.7,14:07,2,6.7,14.7,20:20,61,76,05:20,50,14:40,2025-05-06 10:39:25.884254,2025-05-06 10:39:25.884254
105802,59,2019-07-31,23.8,0,20.3,05:58,27.4,14:48,4,5.3,12.5,13:10,57,72,04:00,44,14:50,2025-05-06 10:39:26.115752,2025-05-06 10:39:26.115752
105821,59,2019-08-01,24.5,0,20.2,05:38,28.8,15:28,9,4.4,12.8,12:50,63,72,23:59,46,,2025-05-06 10:39:26.369382,2025-05-06 10:39:26.369382
105840,59,2019-08-02,24.6,0,19.9,06:37,29.3,15:27,8,4.4,11.1,12:30,63,72,,44,15:30,2025-05-06 10:39:26.603653,2025-05-06 10:39:26.603653
105859,59,2019-08-03,24.4,0,20.6,06:38,28.2,15:13,12,4.7,11.7,14:20,64,72,,47,15:50,2025-05-06 10:39:26.838968,2025-05-06 10:39:26.838968
105878,59,2019-08-04,23.6,0,19.9,04:14,27.3,11:12,10,4.4,13.3,,64,77,04:20,51,11:10,2025-05-06 10:39:27.071092,2025-05-06 10:39:27.071092
105897,59,2019-08-05,25.2,0,21.8,06:19,28.6,17:22,10,4.2,12.2,12:00,64,75,,50,10:40,2025-05-06 10:39:27.312462,2025-05-06 10:39:27.312462
105916,59,2019-08-06,25.5,0,21.5,,29.5,,2,4.7,11.1,08:30,58,77,01:30,48,,2025-05-06 10:39:27.536928,2025-05-06 10:39:27.536928
105935,59,2019-08-07,24.4,0,20.7,06:43,28,11:05,10,5,13.6,12:40,75,80,06:50,52,11:00,2025-05-06 10:39:27.786978,2025-05-06 10:39:27.786978
105954,59,2019-08-08,23.4,0,21.2,06:06,25.6,15:16,99,3.6,10,,77,83,19:00,67,08:50,2025-05-06 10:39:28.035089,2025-05-06 10:39:28.035089
105973,59,2019-08-09,24.2,0,21.1,05:18,27.2,17:32,9,4.2,12.2,13:10,74,82,,61,10:50,2025-05-06 10:39:28.267218,2025-05-06 10:39:28.267218
105992,59,2019-08-10,26.8,0,21.7,05:59,31.9,15:49,3,5,11.9,09:00,60,77,23:20,42,14:20,2025-05-06 10:39:28.481631,2025-05-06 10:39:28.481631
106010,59,2019-08-11,25.8,0,22.4,06:23,29.1,14:49,4,6.7,13.3,14:50,61,80,05:30,46,13:20,2025-05-06 10:39:28.706874,2025-05-06 10:39:28.706874
106029,59,2019-08-12,25.6,0,21.7,,29.5,13:40,36,5.6,12.2,18:40,59,75,04:30,47,13:10,2025-05-06 10:39:28.942838,2025-05-06 10:39:28.942838
106048,59,2019-08-13,25,0,20.8,05:38,29.3,15:25,9,5.8,11.7,13:00,63,76,05:30,46,11:10,2025-05-06 10:39:29.115412,2025-05-06 10:39:29.115412
106067,59,2019-08-14,26.4,0,21.6,02:18,31.3,12:43,11,5.6,12.2,15:00,49,70,00:00,30,11:30,2025-05-06 10:39:29.267746,2025-05-06 10:39:29.267746
106086,59,2019-08-15,27,0,22.1,06:17,31.9,15:00,2,4.4,10.8,20:20,62,78,06:20,46,16:10,2025-05-06 10:39:29.456189,2025-05-06 10:39:29.456189
106105,59,2019-08-16,30.3,0,25.6,03:25,35,13:14,36,6.9,15.3,21:40,36,57,03:20,30,14:20,2025-05-06 10:39:29.684607,2025-05-06 10:39:29.684607
106124,59,2019-08-17,31.8,0,27.5,03:32,36,14:00,3,9.2,21.1,11:10,38,48,,24,14:50,2025-05-06 10:39:29.914681,2025-05-06 10:39:29.914681
106143,59,2019-08-18,29.6,0,25.5,04:27,33.7,12:11,1,9.4,16.4,17:40,36,53,04:30,26,19:10,2025-05-06 10:39:30.157691,2025-05-06 10:39:30.157691
106162,59,2019-08-19,27.2,0,22.2,23:54,32.1,14:05,1,5,12.8,01:00,57,77,23:30,35,,2025-05-06 10:39:30.411821,2025-05-06 10:39:30.411821
106181,59,2019-08-20,25.6,0,20.7,05:57,30.4,12:28,5,5,13.3,14:10,57,80,06:10,27,11:30,2025-05-06 10:39:30.634605,2025-05-06 10:39:30.634605
106200,59,2019-08-21,25,0,21,04:34,28.9,16:22,5,6.1,12.8,13:30,60,77,04:00,43,13:40,2025-05-06 10:39:30.850322,2025-05-06 10:39:30.850322
106219,59,2019-08-22,26.6,0,21.2,05:26,32,15:56,5,5,10.6,12:10,54,75,05:50,34,11:40,2025-05-06 10:39:31.084981,2025-05-06 10:39:31.084981
106238,59,2019-08-23,28.3,0,23.1,00:01,33.5,15:07,10,4.2,10.8,13:10,70,75,18:00,35,15:20,2025-05-06 10:39:31.319133,2025-05-06 10:39:31.319133
106257,59,2019-08-24,28.8,0,24.5,21:30,33,17:37,7,4.7,16.9,19:40,52,75,19:30,31,09:40,2025-05-06 10:39:31.547828,2025-05-06 10:39:31.547828
106276,59,2019-08-25,27.4,0,23.3,19:21,31.5,14:41,9,5.6,17.5,22:10,64,83,18:30,31,01:20,2025-05-06 10:39:31.784303,2025-05-06 10:39:31.784303
106295,59,2019-08-26,25,0,22.4,23:51,27.7,12:22,36,7.2,13.9,15:00,66,79,,47,03:20,2025-05-06 10:39:32.013263,2025-05-06 10:39:32.013263
106314,59,2019-08-27,24.7,0,21.7,,27.7,12:22,8,5.3,14.4,13:50,68,79,00:20,47,12:20,2025-05-06 10:39:32.241392,2025-05-06 10:39:32.241392
106333,59,2019-08-28,25,0,21.9,05:26,28,11:19,9,2.8,10.3,12:50,70,78,,47,11:20,2025-05-06 10:39:32.470631,2025-05-06 10:39:32.470631
106352,59,2019-08-29,26.8,0,22.6,03:25,31.1,16:53,11,3.6,10,10:10,64,80,23:50,53,16:00,2025-05-06 10:39:32.717576,2025-05-06 10:39:32.717576
106371,59,2019-08-30,25.6,0,22.7,02:57,28.6,12:18,10,2.8,11.4,13:20,70,81,,59,12:20,2025-05-06 10:39:32.951291,2025-05-06 10:39:32.951291
106390,59,2019-08-31,25.1,0,22,06:15,28.2,17:29,7,4.7,11.1,11:20,66,83,02:10,57,16:40,2025-05-06 10:39:33.156317,2025-05-06 10:39:33.156317
106409,59,2019-09-01,24.4,0,22.1,23:47,26.6,11:13,7,5.3,16.1,12:30,71,76,,54,10:50,2025-05-06 10:39:33.385016,2025-05-06 10:39:33.385016
106428,59,2019-09-02,22.6,0,19.9,06:26,25.3,10:17,8,3.3,10.3,16:10,66,76,05:40,56,10:10,2025-05-06 10:39:33.628526,2025-05-06 10:39:33.628526
106447,59,2019-09-03,23,0,19.6,06:14,26.4,17:23,11,3.1,10.8,12:10,70,79,06:30,61,,2025-05-06 10:39:33.850539,2025-05-06 10:39:33.850539
106466,59,2019-09-04,23.4,0,20.9,06:25,25.8,09:54,12,3.3,12.8,12:50,72,80,06:30,56,10:00,2025-05-06 10:39:34.088361,2025-05-06 10:39:34.088361
106485,59,2019-09-05,24.6,0,20.8,06:34,28.4,11:30,10,2.2,9.2,11:50,73,81,,52,11:00,2025-05-06 10:39:34.322751,2025-05-06 10:39:34.322751
106504,59,2019-09-06,24,0,20.3,06:44,27.7,12:57,35,2.2,13.9,16:10,65,76,,55,10:30,2025-05-06 10:39:34.555412,2025-05-06 10:39:34.555412
106523,59,2019-09-07,25.1,0,22.4,,27.8,12:52,35,3.6,11.4,16:00,61,75,22:30,52,12:50,2025-05-06 10:39:34.778574,2025-05-06 10:39:34.778574
106542,59,2019-09-08,25.4,0,23.2,,27.7,10:56,10,3.3,8.9,11:40,76,82,19:10,57,10:50,2025-05-06 10:39:35.003869,2025-05-06 10:39:35.003869
106561,59,2019-09-09,24.8,0,21.5,06:42,28.1,16:33,9,5,13.3,12:10,71,79,,56,16:30,2025-05-06 10:39:35.247089,2025-05-06 10:39:35.247089
106580,59,2019-09-10,24.8,0,21,04:54,28.6,14:11,8,5.3,11.4,15:20,69,79,,53,14:10,2025-05-06 10:39:35.499004,2025-05-06 10:39:35.499004
106599,59,2019-09-11,24.6,0,21.4,23:59,27.8,14:38,1,4.7,11.9,18:10,60,71,00:00,45,14:40,2025-05-06 10:39:35.713926,2025-05-06 10:39:35.713926
106618,59,2019-09-12,25.1,0,21.1,00:55,29.1,13:57,99,6.1,12.8,,59,73,06:40,43,13:50,2025-05-06 10:39:35.940121,2025-05-06 10:39:35.940121
106637,59,2019-09-13,24.2,0,20.2,06:17,28.2,11:46,1,3.3,11.1,00:40,69,82,06:10,46,11:00,2025-05-06 10:39:36.184219,2025-05-06 10:39:36.184219
106656,59,2019-09-14,23.5,0,19.8,06:21,27.2,11:19,99,4.4,12.8,,75,81,03:10,50,11:20,2025-05-06 10:39:36.419425,2025-05-06 10:39:36.419425
106675,59,2019-09-15,24.8,0,20.6,06:34,29.1,13:08,9,4.2,10.8,13:40,54,84,06:10,37,16:50,2025-05-06 10:39:36.667615,2025-05-06 10:39:36.667615
106694,59,2019-09-16,25.4,0,22.6,,28.3,10:14,9,4.7,15,13:00,69,90,21:00,46,10:00,2025-05-06 10:39:36.894154,2025-05-06 10:39:36.894154
106713,59,2019-09-17,24.6,0,21.9,,27.4,12:06,7,3.9,11.9,15:40,75,86,01:20,56,11:50,2025-05-06 10:39:37.135211,2025-05-06 10:39:37.135211
106732,59,2019-09-18,23.7,0,21.1,06:50,26.3,10:50,8,5,11.7,12:30,69,80,01:40,57,10:50,2025-05-06 10:39:37.384874,2025-05-06 10:39:37.384874
106751,59,2019-09-19,24.2,0,21.1,04:04,27.2,12:13,11,5.3,12.8,13:30,71,78,00:20,56,,2025-05-06 10:39:37.604914,2025-05-06 10:39:37.604914
106770,59,2019-09-20,23.8,0,19.3,07:07,28.3,15:50,10,4.4,10.8,17:40,78,83,07:00,58,15:50,2025-05-06 10:39:37.836503,2025-05-06 10:39:37.836503
106789,59,2019-09-21,22.2,0,18.8,06:34,25.6,14:27,9,2.2,9.2,11:40,80,85,,64,10:00,2025-05-06 10:39:38.063252,2025-05-06 10:39:38.063252
106808,59,2019-09-22,24.2,0,20.6,05:27,27.7,10:53,10,3.3,12.2,12:40,78,85,07:10,62,10:30,2025-05-06 10:39:38.302475,2025-05-06 10:39:38.302475
106827,59,2019-09-23,24.9,0,22.6,06:48,27.2,15:39,9,4.2,13.3,13:40,66,79,00:00,56,11:50,2025-05-06 10:39:38.537642,2025-05-06 10:39:38.537642
106846,59,2019-09-24,24.7,0,21.4,04:55,28,13:27,99,3.9,9.7,,66,74,,52,12:10,2025-05-06 10:39:38.764042,2025-05-06 10:39:38.764042
106865,59,2019-09-25,24.4,0,20.6,05:49,28.3,12:36,9,3.9,11.9,13:30,71,81,05:50,52,12:10,2025-05-06 10:39:38.999256,2025-05-06 10:39:38.999256
106884,59,2019-09-26,25,0,22.3,05:25,27.6,12:34,10,4.4,12.8,13:40,71,78,00:30,59,12:20,2025-05-06 10:39:39.233837,2025-05-06 10:39:39.233837
106903,59,2019-09-27,24.3,0,21.1,06:05,27.5,15:29,11,4.2,12.2,13:00,71,79,05:50,60,,2025-05-06 10:39:39.465602,2025-05-06 10:39:39.465602
106922,59,2019-09-28,24.8,0,21.3,,28.4,17:12,9,3.1,10.8,15:20,68,81,,54,16:50,2025-05-06 10:39:39.698862,2025-05-06 10:39:39.698862
106941,59,2019-09-29,26.1,0,21.4,06:55,30.8,15:05,4,3.6,10.6,10:10,67,82,,40,15:00,2025-05-06 10:39:39.878773,2025-05-06 10:39:39.878773
106960,59,2019-09-30,27,0,23.4,22:15,30.7,09:08,2,3.9,10.8,23:20,63,89,20:40,37,04:20,2025-05-06 10:39:40.018170,2025-05-06 10:39:40.018170
106979,59,2019-10-01,27.2,0,22.2,05:08,32.2,14:01,2,6.1,13.6,13:10,42,77,00:00,24,16:30,2025-05-06 10:39:40.156444,2025-05-06 10:39:40.156444
106998,59,2019-10-02,28,0,24.4,07:26,31.5,15:07,1,4.2,10.6,00:50,37,63,08:10,25,13:40,2025-05-06 10:39:40.365744,2025-05-06 10:39:40.365744
107017,59,2019-10-03,27.2,0,22.8,23:21,31.5,12:19,35,3.9,11.4,21:40,59,74,23:20,40,11:50,2025-05-06 10:39:40.583408,2025-05-06 10:39:40.583408
107036,59,2019-10-04,25.6,0,21.6,,29.7,14:31,3,5,12.5,15:10,63,80,,36,15:20,2025-05-06 10:39:40.818880,2025-05-06 10:39:40.818880
107055,59,2019-10-05,24.5,0,21.7,04:00,27.3,14:03,2,6.1,13.1,16:10,67,78,,53,14:30,2025-05-06 10:39:41.057234,2025-05-06 10:39:41.057234
107074,59,2019-10-06,24.4,0,21.6,05:53,27.2,14:34,2,4.7,10.3,11:00,67,76,23:50,56,13:20,2025-05-06 10:39:41.288737,2025-05-06 10:39:41.288737
107093,59,2019-10-07,23.6,0,19.6,05:51,27.6,12:46,8,2.5,9.2,13:30,73,82,05:40,56,12:30,2025-05-06 10:39:41.516344,2025-05-06 10:39:41.516344
107112,59,2019-10-08,22.8,0,19.8,,25.8,11:08,8,3.6,12.5,13:40,77,86,,62,10:50,2025-05-06 10:39:41.751372,2025-05-06 10:39:41.751372
107131,59,2019-10-09,21.9,0,18.3,07:04,25.5,11:25,9,3.3,11.9,13:00,75,84,06:30,59,11:30,2025-05-06 10:39:41.979404,2025-05-06 10:39:41.979404
107150,59,2019-10-10,22.2,0,18.5,06:09,25.8,14:19,9,2.2,11.4,11:10,74,81,05:50,62,09:40,2025-05-06 10:39:42.214243,2025-05-06 10:39:42.214243
107169,59,2019-10-11,21.6,0,18.4,05:11,24.7,10:00,36,1.9,5.3,20:20,75,84,05:20,60,09:50,2025-05-06 10:39:42.455123,2025-05-06 10:39:42.455123
107188,59,2019-10-12,21.6,0,18,06:11,25.3,10:13,12,3.3,8.6,11:10,77,86,,61,19:20,2025-05-06 10:39:42.685700,2025-05-06 10:39:42.685700
107207,59,2019-10-13,21.4,0,17.2,07:09,25.6,11:24,12,2.5,5.3,13:20,75,84,07:00,55,10:00,2025-05-06 10:39:42.919735,2025-05-06 10:39:42.919735
107226,59,2019-10-14,21.4,0,17.6,07:11,25.2,10:11,8,4.2,11.9,14:30,75,82,07:20,61,10:30,2025-05-06 10:39:43.154278,2025-05-06 10:39:43.154278
107244,59,2019-10-15,22.6,0,20.6,06:23,24.7,15:05,8,4.7,13.1,11:10,66,74,,54,15:00,2025-05-06 10:39:43.383041,2025-05-06 10:39:43.383041
107263,59,2019-10-16,21.7,0,19.5,06:54,23.9,10:56,6,3.6,11.4,14:20,68,78,06:50,60,11:20,2025-05-06 10:39:43.621265,2025-05-06 10:39:43.621265
107282,59,2019-10-17,21.4,0,18.6,,24.3,15:50,6,4.7,12.8,14:00,67,81,,53,13:40,2025-05-06 10:39:43.861599,2025-05-06 10:39:43.861599
107301,59,2019-10-18,21.5,0,17.4,06:00,25.6,15:29,8,3.9,11.1,12:50,73,83,,56,11:30,2025-05-06 10:39:44.103139,2025-05-06 10:39:44.103139
107320,59,2019-10-19,23,0,17.7,06:29,28.4,14:33,3,3.3,9.7,19:40,64,85,,48,12:40,2025-05-06 10:39:44.340948,2025-05-06 10:39:44.340948
107338,59,2019-10-20,22.6,0,19.9,07:15,25.2,13:17,5,4.2,12.5,15:30,75,87,07:00,57,16:10,2025-05-06 10:39:44.575177,2025-05-06 10:39:44.575177
107357,59,2019-10-21,21.1,0,18,07:04,24.2,16:16,4,4.2,13.9,16:10,56,70,07:00,35,17:20,2025-05-06 10:39:44.814732,2025-05-06 10:39:44.814732
107376,59,2019-10-22,20.6,0,16.2,06:44,25,14:04,3,3.6,12.8,11:10,54,70,,32,14:20,2025-05-06 10:39:45.054430,2025-05-06 10:39:45.054430
107395,59,2019-10-23,19,0,15.8,05:56,22.2,14:49,7,4.7,13.1,14:20,64,76,07:10,51,16:10,2025-05-06 10:39:45.285041,2025-05-06 10:39:45.285041
107414,59,2019-10-24,20.8,0,18.6,07:09,22.9,15:37,9,3.1,11.1,14:10,65,77,23:50,59,16:30,2025-05-06 10:39:45.529100,2025-05-06 10:39:45.529100
107432,59,2019-10-25,22.5,0,17.8,00:44,27.2,12:28,36,1.9,5.6,03:20,68,84,07:00,36,11:00,2025-05-06 10:39:45.740720,2025-05-06 10:39:45.740720
107451,59,2019-10-26,26.6,0,21.2,05:35,32.1,15:21,34,3.3,17.2,16:30,52,87,23:30,31,15:20,2025-05-06 10:39:45.967927,2025-05-06 10:39:45.967927
107470,59,2019-10-27,25.5,0,22.5,07:19,28.5,09:51,6,1.7,9.7,00:30,60,79,00:00,44,11:00,2025-05-06 10:39:46.198420,2025-05-06 10:39:46.198420
107489,59,2019-10-28,25,0,22.2,06:58,27.8,16:11,99,3.1,9.4,16:40,57,66,,48,16:10,2025-05-06 10:39:46.425225,2025-05-06 10:39:46.425225
107507,59,2019-10-29,23.6,0,20.9,,26.3,19:04,10,3.9,10.8,13:40,69,77,14:20,53,19:10,2025-05-06 10:39:46.658147,2025-05-06 10:39:46.658147
107526,59,2019-10-30,25.1,0,22,03:38,28.2,,6,4.7,12.5,15:10,66,82,07:00,50,14:30,2025-05-06 10:39:46.874227,2025-05-06 10:39:46.874227
107545,59,2019-10-31,25,0,21.6,06:52,28.3,14:47,4,6.7,13.9,13:10,57,79,07:10,35,14:50,2025-05-06 10:39:47.115650,2025-05-06 10:39:47.115650
107564,59,2019-11-01,25.3,0,22.1,06:53,28.5,13:18,2,6.7,15,09:50,62,79,06:50,44,13:30,2025-05-06 10:39:47.350585,2025-05-06 10:39:47.350585
107583,59,2019-11-02,26.8,0,22.6,03:40,31,13:59,4,5.6,12.8,13:50,47,74,03:30,32,13:40,2025-05-06 10:39:47.586326,2025-05-06 10:39:47.586326
107602,59,2019-11-03,24.2,0,20.7,07:38,27.8,12:59,36,3.6,9.2,19:00,65,84,07:50,48,00:00,2025-05-06 10:39:47.816650,2025-05-06 10:39:47.816650
107621,59,2019-11-04,22.1,0,19.3,02:36,24.9,13:30,1,3.6,9.4,20:00,67,80,,55,16:10,2025-05-06 10:39:48.045395,2025-05-06 10:39:48.045395
107640,59,2019-11-05,22.4,0.4,19.4,07:07,25.5,11:47,1,4.4,11.7,11:00,68,84,19:40,48,14:50,2025-05-06 10:39:48.285588,2025-05-06 10:39:48.285588
107659,59,2019-11-06,21.1,0,18.2,06:19,24,12:20,4,4.7,12.2,14:40,56,71,01:40,45,12:30,2025-05-06 10:39:48.516067,2025-05-06 10:39:48.516067
107678,59,2019-11-07,21.4,0,19.2,05:23,23.6,13:42,4,6.9,18.3,15:10,64,73,23:00,45,13:50,2025-05-06 10:39:48.749814,2025-05-06 10:39:48.749814
107697,59,2019-11-08,21.2,0,19.3,23:48,23.1,12:30,3,8.3,15.3,14:20,65,74,05:20,55,14:00,2025-05-06 10:39:48.984390,2025-05-06 10:39:48.984390
107716,59,2019-11-09,20.8,0,19.3,00:01,22.4,13:16,4,6.7,15.3,15:50,59,71,07:20,49,10:00,2025-05-06 10:39:49.217615,2025-05-06 10:39:49.217615
107735,59,2019-11-10,20.8,0,18.8,06:18,22.8,13:13,2,8.1,20.3,11:10,65,72,18:50,51,11:40,2025-05-06 10:39:49.469321,2025-05-06 10:39:49.469321
107754,59,2019-11-11,21.8,0,18.7,05:46,24.8,13:37,6,7.2,15,10:40,62,71,21:10,50,13:10,2025-05-06 10:39:49.691440,2025-05-06 10:39:49.691440
107773,59,2019-11-12,22.4,0,19.1,03:29,25.6,14:05,4,6.1,13.9,14:30,61,74,,44,15:00,2025-05-06 10:39:49.897495,2025-05-06 10:39:49.897495
107792,59,2019-11-13,21.2,0,18.6,06:50,23.9,13:56,6,6.1,16.1,11:10,62,75,06:30,46,14:00,2025-05-06 10:39:50.114949,2025-05-06 10:39:50.114949
107829,59,2019-11-15,19.6,0,17.4,24:00,21.7,12:36,3,5.3,12.5,10:20,64,74,08:50,50,12:30,2025-05-06 10:39:50.565550,2025-05-06 10:39:50.565550
107848,59,2019-11-16,18.8,0,16.3,01:01,21.4,11:15,4,5,13.1,17:30,59,71,01:00,46,10:50,2025-05-06 10:39:50.726459,2025-05-06 10:39:50.726459
107867,59,2019-11-17,18.4,0,16.7,23:16,20.2,13:50,6,5.3,13.1,15:10,59,69,04:40,51,13:00,2025-05-06 10:39:50.930410,2025-05-06 10:39:50.930410
107886,59,2019-11-18,18.2,0,15.7,07:42,20.8,12:31,8,3.3,10,15:00,68,79,08:00,56,12:30,2025-05-06 10:39:51.145802,2025-05-06 10:39:51.145802
107905,59,2019-11-19,19.2,0.2,14,05:31,24.4,15:10,3,2.8,10.8,14:40,65,88,07:30,45,14:00,2025-05-06 10:39:51.364272,2025-05-06 10:39:51.364272
107924,59,2019-11-20,19.6,1.4,15.1,07:42,24,13:42,22,1.9,8.3,12:10,73,92,08:10,58,13:40,2025-05-06 10:39:51.601710,2025-05-06 10:39:51.601710
107943,59,2019-11-21,20.2,0,17.8,07:11,22.7,12:57,22,3.3,8.3,15:40,78,92,,65,17:30,2025-05-06 10:39:51.829797,2025-05-06 10:39:51.829797
107962,59,2019-11-22,22.2,0.2,19.3,,25,14:28,36,3.6,9.7,13:00,74,90,07:00,55,14:30,2025-05-06 10:39:52.074652,2025-05-06 10:39:52.074652
107981,59,2019-11-23,22,0,18.4,23:51,25.6,13:13,36,3.9,11.7,14:20,70,85,01:40,58,13:10,2025-05-06 10:39:52.316494,2025-05-06 10:39:52.316494
108000,59,2019-11-24,21,0,18,02:40,24,13:39,36,3.3,11.1,19:10,63,85,00:50,51,13:50,2025-05-06 10:39:52.546138,2025-05-06 10:39:52.546138
108019,59,2019-11-25,19.6,0,17,01:53,22.3,14:00,6,3.9,10,10:20,70,77,23:50,60,14:00,2025-05-06 10:39:52.785142,2025-05-06 10:39:52.785142
108038,59,2019-11-26,21.3,0,18.1,,24.5,15:29,2,3.6,8.1,16:30,71,81,,52,16:10,2025-05-06 10:39:53.032267,2025-05-06 10:39:53.032267
108057,59,2019-11-27,21,0,18,06:42,24.1,13:33,10,4.2,8.9,,68,82,00:20,51,13:30,2025-05-06 10:39:53.263376,2025-05-06 10:39:53.263376
108076,59,2019-11-28,21.4,0,17.7,04:08,25,15:13,36,3.6,10,21:30,69,83,04:00,43,15:10,2025-05-06 10:39:53.501687,2025-05-06 10:39:53.501687
108095,59,2019-11-29,23.4,0,19.4,03:20,27.3,14:53,34,2.5,10,03:40,55,74,03:20,24,14:50,2025-05-06 10:39:53.732583,2025-05-06 10:39:53.732583
108114,59,2019-11-30,22.4,0,19,07:49,25.8,16:40,1,3.6,9.7,23:20,55,79,23:59,36,10:00,2025-05-06 10:39:53.980032,2025-05-06 10:39:53.980032
108133,59,2019-12-01,19.9,0,17,23:55,22.8,12:19,8,3.9,10.8,13:30,73,80,,60,12:20,2025-05-06 10:39:54.214997,2025-05-06 10:39:54.214997
108152,59,2019-12-02,19.4,1,16.3,23:07,22.6,13:06,34,3.1,17.2,13:30,70,87,,48,10:50,2025-05-06 10:39:54.445200,2025-05-06 10:39:54.445200
108171,59,2019-12-03,19,0,16.1,08:45,22,14:37,34,3.9,12.2,13:00,56,80,04:30,44,12:30,2025-05-06 10:39:54.680130,2025-05-06 10:39:54.680130
108190,59,2019-12-04,18,4,13.4,06:53,22.7,14:24,34,3.6,10.8,17:10,67,85,,48,12:50,2025-05-06 10:39:54.914138,2025-05-06 10:39:54.914138
108209,59,2019-12-05,18.3,0.2,16.2,03:24,20.4,12:05,36,4.4,17.2,14:10,63,87,02:10,54,12:50,2025-05-06 10:39:55.145092,2025-05-06 10:39:55.145092
108228,59,2019-12-06,18.1,0,14.9,06:13,21.3,13:49,35,3.3,12.2,14:30,71,86,05:30,53,,2025-05-06 10:39:55.379767,2025-05-06 10:39:55.379767
108247,59,2019-12-07,17.3,0.6,12.6,07:56,22,13:19,2,4.2,10.8,11:50,68,87,,52,13:20,2025-05-06 10:39:55.645446,2025-05-06 10:39:55.645446
108266,59,2019-12-08,18.4,0,15.4,08:01,21.4,13:49,4,5,11.1,16:10,64,83,00:10,52,12:40,2025-05-06 10:39:55.889213,2025-05-06 10:39:55.889213
108285,59,2019-12-09,19.7,0,17.5,23:35,21.9,13:50,4,4.2,10.3,15:10,68,80,23:59,59,13:30,2025-05-06 10:39:56.131799,2025-05-06 10:39:56.131799
108304,59,2019-12-10,18.8,0,14.7,06:47,22.8,13:59,10,3.3,10,14:30,74,88,,53,14:00,2025-05-06 10:39:56.307208,2025-05-06 10:39:56.307208
108323,59,2019-12-11,19.6,0,17.4,07:50,21.7,13:36,5,5,11.1,17:40,69,79,,59,14:20,2025-05-06 10:39:56.536132,2025-05-06 10:39:56.536132
108342,59,2019-12-12,19.6,0,17.7,,21.5,13:22,4,6.9,14.7,11:40,65,77,03:20,58,14:20,2025-05-06 10:39:56.769461,2025-05-06 10:39:56.769461
108361,59,2019-12-13,19,0,17.1,06:53,20.9,13:55,4,5.6,11.7,,63,71,,57,,2025-05-06 10:39:57.001248,2025-05-06 10:39:57.001248
108380,59,2019-12-14,18.5,0,15.4,06:33,21.6,13:38,6,2.5,5.3,00:50,79,85,23:30,70,10:10,2025-05-06 10:39:57.230864,2025-05-06 10:39:57.230864
108399,59,2019-12-15,16.2,0,12,06:42,20.3,11:39,3,1.9,5,03:10,83,90,,72,11:40,2025-05-06 10:39:57.446411,2025-05-06 10:39:57.446411
108418,59,2019-12-16,17,1.4,12.3,02:27,21.6,13:35,28,6.1,18.1,12:00,66,90,03:50,50,14:40,2025-05-06 10:39:57.684715,2025-05-06 10:39:57.684715
108437,59,2019-12-17,18.4,0,15.2,23:50,21.5,12:42,35,3.1,12.5,01:00,65,82,23:59,51,,2025-05-06 10:39:57.925532,2025-05-06 10:39:57.925532
108456,59,2019-12-18,16.9,0,12.1,08:01,21.7,,24,2.2,7.8,17:00,73,89,,59,17:30,2025-05-06 10:39:58.152558,2025-05-06 10:39:58.152558
108475,59,2019-12-19,17.2,0,12.8,05:14,21.7,13:27,20,3.1,6.1,17:00,79,87,05:50,70,13:30,2025-05-06 10:39:58.386504,2025-05-06 10:39:58.386504
108494,59,2019-12-20,16.4,0,11.2,07:09,21.6,13:10,22,2.8,5.8,15:10,82,92,06:00,72,13:20,2025-05-06 10:39:58.627451,2025-05-06 10:39:58.627451
108513,59,2019-12-21,17.5,0,12.4,05:24,22.6,11:23,36,1.7,6.9,20:40,82,93,06:30,67,11:10,2025-05-06 10:41:01.402617,2025-05-06 10:41:01.402617
108532,59,2019-12-22,19.5,0,16.1,07:23,22.9,13:40,6,6.1,13.9,20:10,73,84,07:00,60,,2025-05-06 10:41:01.630013,2025-05-06 10:41:01.630013
108551,59,2019-12-23,19.8,0,15.7,07:45,23.8,17:27,6,2.8,8.3,00:10,65,90,07:50,32,18:10,2025-05-06 10:41:01.886352,2025-05-06 10:41:01.886352
108570,59,2019-12-24,20.8,0,17,00:12,24.7,16:23,9,1.9,13.6,04:10,44,60,10:50,25,18:00,2025-05-06 10:41:02.063868,2025-05-06 10:41:02.063868
108589,59,2019-12-25,21.6,0,18.1,07:12,25.1,16:59,4,3.1,13.9,23:40,41,54,06:00,25,16:40,2025-05-06 10:41:02.276415,2025-05-06 10:41:02.276415
108608,59,2019-12-26,20.2,0,17,22:35,23.3,00:01,3,5.6,18.6,01:40,48,58,06:40,33,00:00,2025-05-06 10:41:02.511235,2025-05-06 10:41:02.511235
108627,59,2019-12-27,20.6,0,17.1,01:06,24,14:36,4,5,15,11:30,40,61,03:10,25,10:30,2025-05-06 10:41:02.743529,2025-05-06 10:41:02.743529
108646,59,2019-12-28,19.8,0,16.2,08:19,23.5,22:05,3,3.9,13.9,23:40,40,64,08:40,17,21:50,2025-05-06 10:41:02.989311,2025-05-06 10:41:02.989311
108665,59,2019-12-29,22.1,0,20,07:52,24.2,22:10,4,4.4,17.2,22:50,35,57,09:00,18,23:10,2025-05-06 10:41:03.219572,2025-05-06 10:41:03.219572
108681,59,2019-12-30,,,,,,,0,2.5,,,50,,,,,2025-05-06 10:41:03.406075,2025-05-06 10:41:03.406075
108699,59,2019-12-31,17.8,0,15,06:45,20.6,13:36,4,2.2,10.8,23:59,58,85,05:10,30,17:20,2025-05-06 10:41:03.626685,2025-05-06 10:41:03.626685
108717,59,2020-01-01,18.2,0,17.1,19:39,19.4,23:30,2,4.2,11.7,00:10,44,71,02:30,35,17:20,2025-05-06 10:41:03.845999,2025-05-06 10:41:03.845999
108736,59,2020-01-02,18,0,16.9,18:44,19.1,00:22,7,4.2,17.2,23:50,40,52,,27,17:50,2025-05-06 10:41:04.085708,2025-05-06 10:41:04.085708
108755,59,2020-01-03,18.2,0,17.1,19:23,19.2,16:22,8,4.7,15,00:50,47,66,23:50,29,16:30,2025-05-06 10:41:04.268454,2025-05-06 10:41:04.268454
108774,59,2020-01-04,17.4,0,15.9,08:08,18.9,11:49,7,4.4,11.4,12:50,70,77,,64,12:30,2025-05-06 10:41:04.412567,2025-05-06 10:41:04.412567
108793,59,2020-01-05,16.6,0,12.8,08:25,20.4,12:13,8,4.4,11.1,15:00,70,81,08:20,54,,2025-05-06 10:41:04.574151,2025-05-06 10:41:04.574151
108812,59,2020-01-06,17.8,0.2,14.4,00:46,21.3,11:54,2,3.9,11.4,12:50,61,81,17:50,43,11:40,2025-05-06 10:41:04.785163,2025-05-06 10:41:04.785163
108831,59,2020-01-07,18.2,0,15.8,21:21,20.6,12:36,8,5,11.4,14:40,53,75,21:40,36,17:10,2025-05-06 10:41:05.036786,2025-05-06 10:41:05.036786
108850,59,2020-01-08,16.8,0,12.9,07:51,20.6,13:19,4,3.6,10.3,15:50,65,83,08:00,52,13:10,2025-05-06 10:41:05.276302,2025-05-06 10:41:05.276302
108869,59,2020-01-09,17.2,0,13.1,05:50,21.2,14:28,4,3.6,10.6,11:50,63,79,,48,12:20,2025-05-06 10:41:05.511693,2025-05-06 10:41:05.511693
108888,59,2020-01-10,18.3,0,16.5,22:34,20.1,16:13,3,6.1,11.9,13:10,69,81,07:20,60,16:10,2025-05-06 10:41:05.659903,2025-05-06 10:41:05.659903
108907,59,2020-01-11,17.5,0,14.5,07:49,20.5,15:07,4,3.6,11.9,11:40,61,75,,50,15:00,2025-05-06 10:41:05.949337,2025-05-06 10:41:05.949337
108926,59,2020-01-12,18,0,16.4,07:47,19.6,11:57,1,5,13.9,14:50,53,66,07:50,40,16:40,2025-05-06 10:41:06.165091,2025-05-06 10:41:06.165091
108945,59,2020-01-13,18.4,0,15.6,23:15,21.3,14:51,4,3.9,13.3,03:20,50,70,,36,18:30,2025-05-06 10:41:06.413248,2025-05-06 10:41:06.413248
108964,59,2020-01-14,15.8,0,11.9,23:59,19.8,15:03,19,3.1,9.7,15:10,53,73,05:00,45,17:20,2025-05-06 10:41:06.634857,2025-05-06 10:41:06.634857
108983,59,2020-01-15,14.7,0,9.5,08:47,19.9,16:22,8,2.5,6.4,11:30,52,78,07:40,29,18:10,2025-05-06 10:41:06.874239,2025-05-06 10:41:06.874239
109002,59,2020-01-16,14.8,0,9.3,07:20,20.2,,11,2.5,7.5,15:10,58,76,,26,18:50,2025-05-06 10:41:07.120643,2025-05-06 10:41:07.120643
109021,59,2020-01-17,16,0,11.7,03:58,20.4,17:00,4,3.6,12.8,12:30,58,77,07:20,41,17:20,2025-05-06 10:41:07.367325,2025-05-06 10:41:07.367325
109040,59,2020-01-18,18.5,0,15.3,07:46,21.7,16:59,4,4.2,11.4,10:20,46,80,04:40,24,15:30,2025-05-06 10:41:07.610635,2025-05-06 10:41:07.610635
109059,59,2020-01-19,19,0,15.9,06:57,22,15:05,3,3.9,9.2,18:30,71,83,06:40,34,01:50,2025-05-06 10:41:07.853612,2025-05-06 10:41:07.853612
109078,59,2020-01-20,17.6,0,15.3,08:15,19.8,14:00,2,4.4,12.2,14:50,54,76,08:30,44,16:30,2025-05-06 10:41:08.099020,2025-05-06 10:41:08.099020
109097,59,2020-01-21,16,0,12.5,23:51,19.5,12:59,34,2.5,10.8,08:30,49,72,09:50,41,,2025-05-06 10:41:08.344308,2025-05-06 10:41:08.344308
109116,59,2020-01-22,14.6,0.4,9,06:58,20.1,13:08,26,4.7,8.9,17:10,63,80,07:30,43,17:10,2025-05-06 10:41:08.556425,2025-05-06 10:41:08.556425
109135,59,2020-01-23,16.6,0,13.1,07:50,20.2,13:49,24,3.1,9.2,12:10,71,88,08:00,60,,2025-05-06 10:41:08.808940,2025-05-06 10:41:08.808940
109154,59,2020-01-24,15,0,9.6,06:16,20.5,14:25,23,3.6,8.3,16:20,71,89,08:20,56,17:30,2025-05-06 10:41:09.046538,2025-05-06 10:41:09.046538
109173,59,2020-01-25,16.2,0,11.2,06:06,21.2,11:36,2,1.9,6.9,12:10,72,89,03:30,47,18:30,2025-05-06 10:41:09.268567,2025-05-06 10:41:09.268567
109192,59,2020-01-26,15.4,0,10.8,05:51,20.1,11:56,8,3.3,13.1,15:10,69,86,07:40,50,15:50,2025-05-06 10:41:09.509574,2025-05-06 10:41:09.509574
109211,59,2020-01-27,16.4,0,13.2,08:05,19.5,12:14,5,4.2,11.1,14:10,68,83,08:10,55,12:10,2025-05-06 10:41:09.750360,2025-05-06 10:41:09.750360
109230,59,2020-01-28,19.2,0,15.3,07:49,23.2,16:42,7,3.3,9.7,10:20,59,81,04:50,26,18:50,2025-05-06 10:41:09.991702,2025-05-06 10:41:09.991702
109249,59,2020-01-29,19.5,0,14.3,08:11,24.7,16:23,1,1.9,7.8,01:10,51,73,19:40,19,16:10,2025-05-06 10:41:10.236871,2025-05-06 10:41:10.236871
109268,59,2020-01-30,19,0,14.2,07:21,23.8,15:41,4,2.2,6.1,02:30,39,51,12:40,16,18:40,2025-05-06 10:41:10.487995,2025-05-06 10:41:10.487995
109287,59,2020-01-31,19.2,0,14.5,07:54,23.8,15:12,6,2.2,6.7,10:40,39,52,20:20,19,01:30,2025-05-06 10:41:10.732795,2025-05-06 10:41:10.732795
109306,59,2020-02-01,19.8,0,15.9,03:48,23.6,17:28,36,3.9,10.3,23:50,48,79,07:50,27,10:40,2025-05-06 10:41:10.980592,2025-05-06 10:41:10.980592
109325,59,2020-02-02,19.9,0,14,07:37,25.8,17:07,2,3.1,11.1,23:59,47,85,05:40,21,16:30,2025-05-06 10:41:11.212827,2025-05-06 10:41:11.212827
109344,59,2020-02-03,23.2,0,20.7,11:23,25.7,20:33,6,4.2,13.6,00:40,37,47,11:20,25,01:00,2025-05-06 10:41:11.445589,2025-05-06 10:41:11.445589
109363,59,2020-02-04,23,0,20,23:21,25.9,18:12,8,4.4,14.2,00:40,37,56,11:50,20,18:20,2025-05-06 10:41:11.681725,2025-05-06 10:41:11.681725
109382,59,2020-02-05,20.1,0,15.3,07:49,24.9,16:05,99,2.2,8.3,,45,67,05:20,27,17:50,2025-05-06 10:41:11.938584,2025-05-06 10:41:11.938584
109401,59,2020-02-06,18.7,0,13.8,08:24,23.6,13:27,31,2.2,9.2,02:10,72,86,20:20,49,10:50,2025-05-06 10:41:12.195274,2025-05-06 10:41:12.195274
109420,59,2020-02-07,18,0,14.6,07:32,21.5,12:15,6,4.2,12.2,13:30,75,86,,62,11:50,2025-05-06 10:41:12.435062,2025-05-06 10:41:12.435062
109438,59,2020-02-08,18.5,0,14.8,07:13,22.2,13:51,2,4.2,11.4,10:30,67,83,05:10,51,13:50,2025-05-06 10:41:12.667343,2025-05-06 10:41:12.667343
109456,59,2020-02-09,19.8,0,16.3,06:20,23.4,13:58,6,5.6,12.5,15:40,66,79,,51,12:50,2025-05-06 10:41:12.900979,2025-05-06 10:41:12.900979
109473,59,2020-02-10,21.2,0,17.4,05:39,25.1,16:27,5,4.2,13.9,01:10,55,80,08:00,34,17:40,2025-05-06 10:41:13.125489,2025-05-06 10:41:13.125489
109492,59,2020-02-11,21.2,0,17,05:36,25.5,16:38,5,4.7,16.9,13:50,38,80,,16,16:50,2025-05-06 10:41:13.379088,2025-05-06 10:41:13.379088
109511,59,2020-02-12,20.3,0,17.4,08:18,23.2,09:51,34,3.3,9.7,04:30,52,72,20:00,26,,2025-05-06 10:41:13.630957,2025-05-06 10:41:13.630957
109530,59,2020-02-13,20.8,0,17.3,06:05,24.4,16:59,6,3.9,9.7,13:20,37,64,05:30,20,17:00,2025-05-06 10:41:13.873806,2025-05-06 10:41:13.873806
109549,59,2020-02-14,21,0,16.8,,25.1,13:07,1,2.8,8.9,21:00,45,82,,23,17:40,2025-05-06 10:41:14.116446,2025-05-06 10:41:14.116446
109568,59,2020-02-15,19.1,0,16.4,07:22,21.8,12:28,5,5,10.8,13:50,69,81,,56,12:30,2025-05-06 10:41:14.361942,2025-05-06 10:41:14.361942
109587,59,2020-02-16,20.8,0,16.5,06:13,25.2,16:15,34,4.4,9.4,19:50,63,81,07:40,44,16:10,2025-05-06 10:41:14.593331,2025-05-06 10:41:14.593331
109606,59,2020-02-17,21.6,0,17.3,02:57,25.8,16:15,2,6.1,13.9,19:10,59,81,,34,16:20,2025-05-06 10:41:14.844924,2025-05-06 10:41:14.844924
109625,59,2020-02-18,19.3,0,16.9,05:34,21.7,14:23,2,6.7,13.6,10:20,71,81,05:30,59,,2025-05-06 10:41:15.083602,2025-05-06 10:41:15.083602
109644,59,2020-02-19,19,0,16.8,23:59,21.2,13:51,4,6.1,13.1,00:10,66,75,03:00,59,,2025-05-06 10:41:15.317368,2025-05-06 10:41:15.317368
109663,59,2020-02-20,17.5,0,13.4,07:12,21.6,12:35,3,3.9,12.2,10:40,65,79,07:40,52,12:50,2025-05-06 10:41:15.554521,2025-05-06 10:41:15.554521
109682,59,2020-02-21,18.1,0,13.3,07:49,22.9,16:34,10,3.9,10.3,12:40,68,85,,50,16:30,2025-05-06 10:41:15.808239,2025-05-06 10:41:15.808239
109701,59,2020-02-22,21.5,0,16.5,06:39,26.5,22:59,6,5.6,29.2,20:00,44,78,01:00,23,23:00,2025-05-06 10:41:16.033832,2025-05-06 10:41:16.033832
109720,59,2020-02-23,24.6,0,22,06:30,27.1,22:08,3,8.1,30.3,02:50,31,41,05:40,21,02:00,2025-05-06 10:41:16.279522,2025-05-06 10:41:16.279522
109739,59,2020-02-24,24.3,0,21.8,06:35,26.8,01:19,7,3.3,21.1,01:20,30,48,04:20,17,18:00,2025-05-06 10:41:16.442109,2025-05-06 10:41:16.442109
109758,59,2020-02-25,23.9,0,19.2,07:22,28.6,15:04,4,5,12.5,11:10,32,52,04:50,12,14:40,2025-05-06 10:41:16.588222,2025-05-06 10:41:16.588222
109777,59,2020-02-26,19.8,0,16.9,07:43,22.8,13:52,2,5.3,12.2,01:10,63,74,,29,00:20,2025-05-06 10:41:16.774909,2025-05-06 10:41:16.774909
109796,59,2020-02-27,19.2,0,16.5,03:23,22,13:16,8,3.6,11.4,13:50,68,77,18:10,57,12:50,2025-05-06 10:41:16.979433,2025-05-06 10:41:16.979433
109815,59,2020-02-28,16.5,0,11.5,06:50,21.5,12:30,32,2.2,8.1,21:30,74,82,07:00,64,12:20,2025-05-06 10:41:17.216469,2025-05-06 10:41:17.216469
109834,59,2020-02-29,18.2,0,14.3,07:21,22.2,15:39,8,4.2,11.7,14:10,70,82,07:50,58,11:50,2025-05-06 10:41:17.479613,2025-05-06 10:41:17.479613
109853,59,2020-03-01,18.6,0,14.5,06:48,22.8,15:47,9,3.9,11.4,13:20,75,85,06:50,60,15:50,2025-05-06 10:41:17.722255,2025-05-06 10:41:17.722255
109872,59,2020-03-02,20.2,0,16.7,05:46,23.8,12:49,8,3.6,10.8,14:20,68,83,,52,12:00,2025-05-06 10:41:17.962557,2025-05-06 10:41:17.962557
109891,59,2020-03-03,20,0,17.1,03:18,22.9,12:58,11,4.4,12.5,14:20,69,80,04:50,46,23:00,2025-05-06 10:41:18.193467,2025-05-06 10:41:18.193467
109910,59,2020-03-04,22.2,0,18.4,23:53,26,14:05,1,4.4,11.1,05:30,61,78,23:59,39,10:30,2025-05-06 10:41:18.429511,2025-05-06 10:41:18.429511
109929,59,2020-03-05,19.4,0,16.3,06:55,22.4,,2,5.6,14.4,23:00,71,85,07:00,58,13:20,2025-05-06 10:41:18.664326,2025-05-06 10:41:18.664326
109948,59,2020-03-06,19,0,16.8,22:29,21.1,14:10,4,8.6,16.4,10:30,60,84,04:30,52,16:50,2025-05-06 10:41:18.900362,2025-05-06 10:41:18.900362
109967,59,2020-03-07,20.6,0,16.6,,24.6,16:26,2,5.6,13.1,09:50,62,78,23:59,45,16:10,2025-05-06 10:41:19.146186,2025-05-06 10:41:19.146186
109986,59,2020-03-08,23.4,0,17.5,04:06,29.4,16:58,1,4.4,11.9,23:10,51,82,,17,16:20,2025-05-06 10:41:19.393240,2025-05-06 10:41:19.393240
110005,59,2020-03-09,22,0,17.8,03:54,26.3,12:43,2,3.9,12.2,22:50,51,78,03:10,25,12:20,2025-05-06 10:41:19.666263,2025-05-06 10:41:19.666263
110024,59,2020-03-10,20.6,0,17.5,07:22,23.8,16:22,34,5,11.4,00:10,69,80,21:00,49,00:20,2025-05-06 10:41:19.897756,2025-05-06 10:41:19.897756
110043,59,2020-03-11,20.2,0,15.1,06:40,25.3,15:56,10,1.9,8.3,12:40,73,86,06:50,48,14:30,2025-05-06 10:41:20.129838,2025-05-06 10:41:20.129838
110062,59,2020-03-12,22,0,18.3,04:57,25.7,13:37,6,3.1,10,12:00,52,74,23:50,29,09:20,2025-05-06 10:41:20.366570,2025-05-06 10:41:20.366570
110081,59,2020-03-13,19.5,0,16.9,06:52,22.1,14:23,10,4.2,10,13:40,69,80,,57,14:30,2025-05-06 10:41:20.570948,2025-05-06 10:41:20.570948
110100,59,2020-03-14,19.3,0,16.9,06:26,21.7,12:42,9,4.4,12.8,14:40,63,75,05:30,47,12:40,2025-05-06 10:41:20.784097,2025-05-06 10:41:20.784097
110119,59,2020-03-15,18.4,0,14.8,04:47,22.1,12:59,34,3.3,10.8,15:30,57,78,,40,13:00,2025-05-06 10:41:21.012532,2025-05-06 10:41:21.012532
110138,59,2020-03-16,19.7,0,17.1,,22.3,12:58,36,4.7,11.9,18:00,57,73,03:50,44,12:30,2025-05-06 10:41:21.250818,2025-05-06 10:41:21.250818
110157,59,2020-03-17,18,0,15.4,07:50,20.7,15:21,2,5.6,12.5,00:40,60,71,07:50,48,,2025-05-06 10:41:21.484122,2025-05-06 10:41:21.484122
110176,59,2020-03-18,17.8,0,14.8,05:30,20.9,10:54,34,5.8,16.7,22:30,58,74,05:40,40,11:00,2025-05-06 10:41:21.718835,2025-05-06 10:41:21.718835
110195,59,2020-03-19,20,0,16.9,02:39,23,14:47,35,5.6,14.4,04:10,59,79,07:00,39,15:30,2025-05-06 10:41:22.001003,2025-05-06 10:41:22.001003
110214,59,2020-03-20,20,0,17.1,,22.9,14:05,36,5,11.4,03:10,58,74,03:30,44,16:00,2025-05-06 10:41:22.227091,2025-05-06 10:41:22.227091
110233,59,2020-03-21,18.6,0,16.1,01:06,21,13:34,1,3.9,13.6,15:10,46,74,01:20,39,15:40,2025-05-06 10:41:22.469336,2025-05-06 10:41:22.469336
110252,59,2020-03-22,18.8,0,14.8,06:38,22.8,14:31,26,2.5,13.6,20:10,54,79,23:30,42,12:40,2025-05-06 10:41:22.715985,2025-05-06 10:41:22.715985
110271,59,2020-03-23,16.9,0,13.4,07:21,20.4,15:56,1,4.4,12.5,13:40,61,77,07:20,47,15:50,2025-05-06 10:41:22.974669,2025-05-06 10:41:22.974669
110290,59,2020-03-24,19,0.4,15.8,04:10,22.2,15:01,35,6.1,14.2,13:50,57,74,08:50,44,12:50,2025-05-06 10:41:23.199209,2025-05-06 10:41:23.199209
110309,59,2020-03-25,17.9,0,14.3,07:29,21.5,14:26,10,2.2,6.9,12:00,69,79,07:10,51,09:50,2025-05-06 10:41:23.471414,2025-05-06 10:41:23.471414
110328,59,2020-03-26,16.8,0,11.7,06:57,21.8,14:52,34,3.1,8.1,18:00,62,78,05:30,50,18:00,2025-05-06 10:41:23.712778,2025-05-06 10:41:23.712778
110347,59,2020-03-27,19.6,1.2,15.3,03:41,23.8,13:49,99,2.5,9.7,,58,75,03:50,44,13:00,2025-05-06 10:41:23.951540,2025-05-06 10:41:23.951540
110366,59,2020-03-28,17.5,0,13.8,04:59,21.2,10:51,2,1.7,5.6,23:10,76,90,05:10,62,,2025-05-06 10:41:24.185361,2025-05-06 10:41:24.185361
110385,59,2020-03-29,17.3,0,12,06:53,22.6,17:30,22,3.1,8.3,17:00,65,84,07:00,43,17:30,2025-05-06 10:41:24.434864,2025-05-06 10:41:24.434864
110404,59,2020-03-30,18,0,12.3,07:07,23.8,16:18,22,3.6,8.9,15:00,67,81,07:00,52,16:10,2025-05-06 10:41:24.670560,2025-05-06 10:41:24.670560
110423,59,2020-03-31,20.6,0,16.2,06:51,25.1,12:35,36,4.2,11.7,16:00,67,84,04:10,46,16:20,2025-05-06 10:41:24.919233,2025-05-06 10:41:24.919233
110442,59,2020-04-01,18.2,0,14.2,06:59,22.2,10:54,10,2.5,6.7,18:40,72,84,06:50,62,11:00,2025-05-06 10:41:25.164918,2025-05-06 10:41:25.164918
110461,59,2020-04-02,18.3,0,15.4,04:47,21.2,11:37,9,3.9,12.2,13:50,69,81,,54,11:30,2025-05-06 10:41:25.393711,2025-05-06 10:41:25.393711
110480,59,2020-04-03,17.7,0,13.4,07:09,22,14:32,22,3.6,9.4,19:10,71,82,23:50,60,14:30,2025-05-06 10:41:25.634655,2025-05-06 10:41:25.634655
110499,59,2020-04-04,20.6,0,17,05:43,24.3,13:33,22,3.9,8.1,15:10,80,90,07:30,65,21:10,2025-05-06 10:41:25.894688,2025-05-06 10:41:25.894688
110518,59,2020-04-05,19.7,0,15.5,06:21,23.9,,34,1.9,6.7,21:10,79,88,12:10,69,00:10,2025-05-06 10:41:26.144301,2025-05-06 10:41:26.144301
110537,59,2020-04-06,21.2,0,17.8,06:06,24.7,10:56,4,2.5,7.2,09:00,80,83,06:30,57,10:50,2025-05-06 10:41:26.394632,2025-05-06 10:41:26.394632
110556,59,2020-04-07,21.2,0,18.3,05:18,24.2,16:16,9,3.1,12.5,12:30,74,85,05:20,61,11:40,2025-05-06 10:41:26.634577,2025-05-06 10:41:26.634577
110575,59,2020-04-08,21.3,0,17.3,06:14,25.3,15:06,10,3.1,10.6,12:30,75,86,06:20,60,11:10,2025-05-06 10:41:26.895895,2025-05-06 10:41:26.895895
110594,59,2020-04-09,22.8,0,18.3,06:40,27.3,12:45,10,3.9,12.2,14:20,70,84,,56,12:40,2025-05-06 10:41:27.121745,2025-05-06 10:41:27.121745
110613,59,2020-04-10,21.8,0,18.6,06:09,25,16:57,7,4.4,11.1,12:20,69,84,06:10,55,,2025-05-06 10:41:27.260783,2025-05-06 10:41:27.260783
110632,59,2020-04-11,21.5,0,17.8,06:00,25.2,12:38,8,4.2,12.8,14:30,67,75,05:50,45,12:00,2025-05-06 10:41:27.407380,2025-05-06 10:41:27.407380
110651,59,2020-04-12,20.5,0,16.7,05:43,24.3,14:11,33,3.1,12.2,16:00,57,76,05:40,41,12:20,2025-05-06 10:41:27.621702,2025-05-06 10:41:27.621702
110670,59,2020-04-13,20.2,0,16.7,06:55,23.7,15:48,34,3.1,11.4,18:10,65,75,,46,16:00,2025-05-06 10:41:27.847966,2025-05-06 10:41:27.847966
110689,59,2020-04-14,19.1,0,15.3,06:11,22.9,14:52,22,4.7,11.1,16:40,73,80,06:20,59,09:40,2025-05-06 10:41:28.089388,2025-05-06 10:41:28.089388
110708,59,2020-04-15,20,0,16.6,04:54,23.3,15:23,18,3.9,8.1,11:50,70,80,04:10,52,09:10,2025-05-06 10:41:28.338082,2025-05-06 10:41:28.338082
110727,59,2020-04-16,19.2,0,14.2,05:34,24.3,14:18,21,3.9,7.5,18:20,71,81,,56,12:00,2025-05-06 10:41:28.569831,2025-05-06 10:41:28.569831
110746,59,2020-04-17,20.4,0,16.3,06:15,24.5,14:38,18,3.3,6.9,18:10,74,79,07:00,56,09:10,2025-05-06 10:41:28.802661,2025-05-06 10:41:28.802661
110765,59,2020-04-18,19,2.6,14.7,06:38,23.2,10:42,8,2.2,10.8,16:20,73,84,15:30,50,19:30,2025-05-06 10:41:29.064522,2025-05-06 10:41:29.064522
110784,59,2020-04-19,20.2,0,16.2,04:05,24.1,13:53,35,4.2,12.5,16:10,55,80,02:00,36,15:20,2025-05-06 10:41:29.291889,2025-05-06 10:41:29.291889
110803,59,2020-04-20,20.7,0,16.6,06:51,24.8,15:25,2,3.6,10.8,16:50,55,73,,41,14:10,2025-05-06 10:41:29.538553,2025-05-06 10:41:29.538553
110822,59,2020-04-21,20.6,0,17.1,06:25,24,14:41,7,6.1,13.6,13:10,56,71,,38,11:50,2025-05-06 10:41:29.766113,2025-05-06 10:41:29.766113
110841,59,2020-04-22,19,0,16.1,06:53,21.9,14:25,8,5,12.8,12:30,58,71,23:59,43,10:50,2025-05-06 10:41:30.014658,2025-05-06 10:41:30.014658
110860,59,2020-04-23,18.8,0,15,05:01,22.6,10:59,7,2.8,10.8,11:20,69,81,,50,10:30,2025-05-06 10:41:30.244731,2025-05-06 10:41:30.244731
110879,59,2020-04-24,20,0,16.5,06:23,23.6,13:38,36,3.9,11.7,14:50,55,74,06:40,40,12:10,2025-05-06 10:41:30.488051,2025-05-06 10:41:30.488051
110898,59,2020-04-25,18.5,0,14.5,06:52,22.5,17:22,14,3.9,8.6,13:40,62,76,06:40,41,17:10,2025-05-06 10:41:30.722613,2025-05-06 10:41:30.722613
110917,59,2020-04-26,17.7,0,13.4,05:43,22,15:31,8,1.9,7.8,11:20,67,75,,47,09:50,2025-05-06 10:41:30.962550,2025-05-06 10:41:30.962550
110935,59,2020-04-27,20.4,0,14.5,06:28,26.3,14:47,35,3.9,10.3,15:30,67,78,06:10,40,14:50,2025-05-06 10:41:31.186875,2025-05-06 10:41:31.186875
110954,59,2020-04-28,19.6,0,15.2,06:15,24,14:16,36,2.2,8.6,09:20,69,81,03:00,46,10:40,2025-05-06 10:41:31.428779,2025-05-06 10:41:31.428779
110973,59,2020-04-29,19.3,0,15.7,06:10,22.9,17:11,7,4.2,12.5,11:50,65,80,06:20,50,11:10,2025-05-06 10:41:31.673415,2025-05-06 10:41:31.673415
110992,59,2020-04-30,21.8,0,17.3,03:39,26.2,14:11,99,5.6,11.4,,60,75,06:40,44,15:50,2025-05-06 10:41:31.910221,2025-05-06 10:41:31.910221
111011,59,2020-05-01,20.4,0,17.8,06:42,23.1,10:33,8,4.4,12.5,13:10,71,76,,59,10:20,2025-05-06 10:41:32.146328,2025-05-06 10:41:32.146328
111030,59,2020-05-02,19.5,0,16,05:37,23,14:30,9,3.1,10,11:30,78,90,23:00,67,08:50,2025-05-06 10:41:32.383049,2025-05-06 10:41:32.383049
111049,59,2020-05-03,22.2,0,17.3,06:21,27,17:41,9,3.1,7.5,18:20,68,88,,52,17:40,2025-05-06 10:41:32.620096,2025-05-06 10:41:32.620096
111068,59,2020-05-04,21.3,0,17.7,03:38,24.9,13:53,2,1.4,8.1,20:00,72,78,,62,20:00,2025-05-06 10:41:32.841430,2025-05-06 10:41:32.841430
111087,59,2020-05-05,22.1,0,18.2,05:56,26,16:30,9,5.6,13.9,12:50,68,77,,48,16:30,2025-05-06 10:41:33.075495,2025-05-06 10:41:33.075495
111106,59,2020-05-06,19.6,0,16.1,06:20,23.1,11:16,9,3.9,13.6,13:50,68,74,,56,09:40,2025-05-06 10:41:33.316692,2025-05-06 10:41:33.316692
111125,59,2020-05-07,19.8,0,15.8,06:37,23.9,10:33,6,3.3,11.4,11:10,71,80,05:40,50,10:30,2025-05-06 10:41:33.556631,2025-05-06 10:41:33.556631
111144,59,2020-05-08,21.8,0,16.8,05:12,26.7,12:55,2,1.7,10.3,11:00,63,80,04:10,41,12:50,2025-05-06 10:41:33.785776,2025-05-06 10:41:33.785776
111163,59,2020-05-09,20.8,0,16.7,06:23,24.9,16:19,36,3.1,12.2,18:50,68,79,05:40,55,17:00,2025-05-06 10:41:34.024317,2025-05-06 10:41:34.024317
111182,59,2020-05-10,21.8,0,17.8,06:26,25.9,13:19,33,3.3,12.2,14:10,58,75,06:40,47,13:20,2025-05-06 10:41:34.267067,2025-05-06 10:41:34.267067
111201,59,2020-05-11,22.7,0,19.3,01:10,26.1,11:42,32,3.6,15,17:10,66,73,21:10,47,11:40,2025-05-06 10:41:34.513396,2025-05-06 10:41:34.513396
111220,59,2020-05-12,21.7,0,18.6,04:03,24.8,12:17,35,4.2,17.8,16:40,57,73,21:30,40,12:20,2025-05-06 10:41:34.769750,2025-05-06 10:41:34.769750
111239,59,2020-05-13,22.2,0,18.4,06:09,25.9,13:31,27,4.2,16.1,14:20,60,75,06:00,46,12:50,2025-05-06 10:41:35.016293,2025-05-06 10:41:35.016293
111258,59,2020-05-14,21.2,0,18.3,23:23,24.2,11:10,99,5,18.9,,55,67,03:10,40,10:10,2025-05-06 10:41:35.225287,2025-05-06 10:41:35.225287
111277,59,2020-05-15,21.2,0,18,,24.3,13:25,34,5.3,12.8,11:50,54,71,08:00,41,16:20,2025-05-06 10:41:35.467500,2025-05-06 10:41:35.467500
111296,59,2020-05-16,21.7,0,18.4,03:56,25,13:08,8,4.2,13.1,13:30,51,73,,36,11:30,2025-05-06 10:41:35.678393,2025-05-06 10:41:35.678393
111315,59,2020-05-17,19.8,0,16.4,05:16,23.2,11:04,5,3.9,12.8,12:40,65,79,06:00,50,10:50,2025-05-06 10:41:35.911089,2025-05-06 10:41:35.911089
111334,59,2020-05-18,21.4,0,16.4,03:52,26.3,14:44,8,3.1,11.1,13:10,72,80,20:20,52,12:20,2025-05-06 10:41:36.153795,2025-05-06 10:41:36.153795
111353,59,2020-05-19,21.5,0,17.7,06:06,25.3,09:41,35,2.8,11.4,18:40,74,82,04:50,54,09:40,2025-05-06 10:41:36.391567,2025-05-06 10:41:36.391567
111372,59,2020-05-20,22.6,0,18.4,03:24,26.8,14:20,8,4.2,10.8,10:50,64,81,06:00,53,14:50,2025-05-06 10:41:36.627607,2025-05-06 10:41:36.627607
111391,59,2020-05-21,22.3,0,18,06:05,26.6,15:14,12,5,13.1,11:40,66,79,03:20,49,16:40,2025-05-06 10:41:36.869496,2025-05-06 10:41:36.869496
111410,59,2020-05-22,22.2,0,17.9,04:29,26.4,14:29,36,5.6,12.8,23:59,64,77,,52,21:20,2025-05-06 10:41:37.128284,2025-05-06 10:41:37.128284
111429,59,2020-05-23,26.2,0,21.4,06:10,31,16:52,36,6.4,13.9,06:20,55,71,06:20,37,22:30,2025-05-06 10:41:37.370871,2025-05-06 10:41:37.370871
111448,59,2020-05-24,25.3,0,20.9,23:36,29.7,13:47,99,3.6,11.7,,69,91,22:50,40,00:00,2025-05-06 10:41:37.628889,2025-05-06 10:41:37.628889
111466,59,2020-05-25,23.2,0,19.3,05:44,27,14:55,8,2.2,10.6,12:30,71,88,,64,,2025-05-06 10:41:37.822527,2025-05-06 10:41:37.822527
111484,59,2020-05-26,23.2,0,20.6,05:49,25.8,13:43,10,2.2,7.8,11:40,78,89,23:10,65,01:40,2025-05-06 10:41:37.963197,2025-05-06 10:41:37.963197
111503,59,2020-05-27,21.3,0,18.8,06:19,23.8,09:26,10,2.5,8.3,10:40,78,87,00:00,68,08:00,2025-05-06 10:41:38.114800,2025-05-06 10:41:38.114800
111522,59,2020-05-28,21.3,0,18.2,06:23,24.4,10:35,9,2.2,7.5,16:20,73,80,20:50,61,08:20,2025-05-06 10:41:38.346052,2025-05-06 10:41:38.346052
111540,59,2020-05-29,21.6,0,18.1,06:09,25.1,15:06,34,1.9,6.1,21:30,73,81,06:20,64,09:30,2025-05-06 10:41:38.594638,2025-05-06 10:41:38.594638
111559,59,2020-05-30,22.8,0,19.6,02:16,25.9,13:19,34,2.2,7.2,21:50,65,76,02:30,57,09:30,2025-05-06 10:41:38.844520,2025-05-06 10:41:38.844520
111578,59,2020-05-31,22.2,0,18.6,06:10,25.9,12:38,9,2.5,7.8,13:30,72,81,05:50,61,12:40,2025-05-06 10:41:39.085582,2025-05-06 10:41:39.085582
111597,59,2020-06-01,21.8,0,18.1,06:15,25.5,15:51,23,3.1,7.2,19:10,73,80,06:00,64,21:20,2025-05-06 10:41:39.325105,2025-05-06 10:41:39.325105
111616,59,2020-06-02,21.8,0,17.5,05:50,26.1,13:19,21,3.3,6.7,15:40,68,79,05:20,60,15:10,2025-05-06 10:41:39.568594,2025-05-06 10:41:39.568594
111635,59,2020-06-03,22.2,0,18.3,06:08,26.2,15:50,24,4.7,11.4,15:10,76,86,,67,15:50,2025-05-06 10:41:39.833049,2025-05-06 10:41:39.833049
111654,59,2020-06-04,23.6,0,19.9,06:36,27.2,16:37,4,1.9,6.4,23:00,72,86,00:40,67,12:20,2025-05-06 10:41:40.076588,2025-05-06 10:41:40.076588
111673,59,2020-06-05,23.3,0,20.7,04:34,25.9,15:43,4,2.5,11.4,10:40,81,90,22:50,70,10:40,2025-05-06 10:41:40.320011,2025-05-06 10:41:40.320011
111692,59,2020-06-06,23.9,0,21.6,05:01,26.2,13:03,23,5,9.7,12:10,77,89,,62,19:30,2025-05-06 10:41:40.579494,2025-05-06 10:41:40.579494
111711,59,2020-06-07,22.8,0,19.7,04:09,25.9,11:30,8,3.3,10,15:10,75,82,04:00,63,08:40,2025-05-06 10:41:40.828455,2025-05-06 10:41:40.828455
111730,59,2020-06-08,22.8,0,20.2,05:39,25.3,09:29,8,5.6,13.6,12:20,71,78,05:50,58,09:10,2025-05-06 10:41:41.088319,2025-05-06 10:41:41.088319
111749,59,2020-06-09,22.6,0,20.4,05:49,24.8,11:09,8,4.7,14.7,15:00,67,75,,55,11:00,2025-05-06 10:41:41.340446,2025-05-06 10:41:41.340446
111768,59,2020-06-10,21.9,0,19.3,05:38,24.5,09:57,8,5.3,13.1,11:40,64,69,22:40,50,10:00,2025-05-06 10:41:41.589084,2025-05-06 10:41:41.589084
111787,59,2020-06-11,21.6,0,19.8,06:44,23.3,15:23,8,3.3,11.9,12:10,68,72,06:50,58,09:10,2025-05-06 10:41:41.860627,2025-05-06 10:41:41.860627
111806,59,2020-06-12,22.4,0,19.9,05:05,24.9,11:22,2,2.5,9.2,21:00,67,72,04:20,52,09:30,2025-05-06 10:41:42.114737,2025-05-06 10:41:42.114737
111825,59,2020-06-13,21.1,0,18.1,05:32,24.1,16:39,6,3.1,9.7,12:20,68,72,,61,08:10,2025-05-06 10:41:42.353759,2025-05-06 10:41:42.353759
111844,59,2020-06-14,21.8,0,17.6,,26.1,16:45,8,4.2,11.9,11:10,69,80,05:40,49,16:50,2025-05-06 10:41:42.621290,2025-05-06 10:41:42.621290
111863,59,2020-06-15,24.5,0,21.5,05:41,27.5,15:45,7,3.3,10.8,14:00,69,82,05:50,50,10:00,2025-05-06 10:41:42.849275,2025-05-06 10:41:42.849275
111882,59,2020-06-16,25.6,0,22.3,05:13,28.9,18:06,9,4.2,11.1,11:40,62,79,02:10,47,18:40,2025-05-06 10:41:43.102047,2025-05-06 10:41:43.102047
111901,59,2020-06-17,24.1,0,21.7,05:49,26.5,15:01,8,2.8,9.7,09:50,77,89,05:30,69,,2025-05-06 10:41:43.352131,2025-05-06 10:41:43.352131
111920,59,2020-06-18,24.4,0,21.6,02:13,27.1,09:57,36,2.8,10.6,05:20,74,82,14:30,51,09:40,2025-05-06 10:42:46.588211,2025-05-06 10:42:46.588211
111939,59,2020-06-19,24.2,0,20.9,05:33,27.5,14:22,4,5.8,14.4,15:10,62,76,06:40,49,13:20,2025-05-06 10:42:46.820095,2025-05-06 10:42:46.820095
111958,59,2020-06-20,23.6,0,20.4,05:28,26.7,15:55,9,5,14.4,13:30,67,73,01:00,52,11:40,2025-05-06 10:42:47.059241,2025-05-06 10:42:47.059241
111977,59,2020-06-21,24.8,0,20.3,05:38,29.3,15:01,6,5.8,13.1,14:30,56,75,,40,15:00,2025-05-06 10:42:47.312550,2025-05-06 10:42:47.312550
111996,59,2020-06-22,25.4,0,20.4,05:53,30.5,14:55,35,3.3,9.2,07:50,57,76,,45,13:30,2025-05-06 10:42:47.558546,2025-05-06 10:42:47.558546
112015,59,2020-06-23,24.4,0,19.9,06:27,28.8,13:17,8,4.4,13.1,16:00,62,75,06:30,48,,2025-05-06 10:42:47.802298,2025-05-06 10:42:47.802298
112033,59,2020-06-24,24.4,0,20.7,04:40,28.1,16:21,99,5.8,13.9,13:50,62,73,21:20,49,16:30,2025-05-06 10:42:48.031591,2025-05-06 10:42:48.031591
112052,59,2020-06-25,24.6,0,21.4,23:48,27.7,11:59,6,5.3,12.5,15:40,64,71,00:40,50,11:40,2025-05-06 10:42:48.272756,2025-05-06 10:42:48.272756
112071,59,2020-06-26,23.7,0,21,02:47,26.4,12:33,6,6.1,12.2,10:00,62,71,,55,11:00,2025-05-06 10:42:48.521545,2025-05-06 10:42:48.521545
112090,59,2020-06-27,24,0,20.5,03:35,27.6,15:06,4,5,11.9,10:20,60,72,00:50,51,13:40,2025-05-06 10:42:48.762442,2025-05-06 10:42:48.762442
112109,59,2020-06-28,24.2,0,20.6,05:28,27.9,14:11,6,5,12.5,11:20,64,72,05:30,55,11:30,2025-05-06 10:42:49.000842,2025-05-06 10:42:49.000842
112128,59,2020-06-29,25.4,0,21.8,01:52,28.9,16:02,35,4.7,11.4,18:30,62,71,06:10,52,16:00,2025-05-06 10:42:49.246853,2025-05-06 10:42:49.246853
112147,59,2020-06-30,24.8,0,21.9,05:52,27.7,13:06,10,4.7,16.7,14:10,63,77,21:40,56,,2025-05-06 10:42:49.487156,2025-05-06 10:42:49.487156
112166,59,2020-07-01,26.3,0,21.3,03:58,31.3,13:07,8,3.6,15.8,13:40,61,78,23:30,47,13:10,2025-05-06 10:42:49.732678,2025-05-06 10:42:49.732678
112185,59,2020-07-02,24.8,0,21.4,,28.2,12:55,9,5.6,13.3,13:40,66,80,05:50,56,12:40,2025-05-06 10:42:49.977660,2025-05-06 10:42:49.977660
112204,59,2020-07-03,25.6,0,21.5,05:02,29.7,16:05,4,7.2,12.8,14:20,62,78,05:00,47,15:30,2025-05-06 10:42:50.216277,2025-05-06 10:42:50.216277
112223,59,2020-07-04,25,0,20.4,06:23,29.6,16:01,36,6.1,11.4,23:30,59,78,06:10,46,18:00,2025-05-06 10:42:50.457548,2025-05-06 10:42:50.457548
112242,59,2020-07-05,27.3,0,21.6,,33,15:10,1,3.9,10.6,23:20,58,74,00:00,43,,2025-05-06 10:42:50.694457,2025-05-06 10:42:50.694457
112261,59,2020-07-06,26,0,23,21:33,28.9,09:21,1,3.6,11.4,00:20,70,90,23:50,37,03:40,2025-05-06 10:42:50.933985,2025-05-06 10:42:50.933985
112280,59,2020-07-07,25.7,0,23,00:53,28.4,09:45,12,2.2,8.1,11:10,73,90,,58,04:10,2025-05-06 10:42:51.185743,2025-05-06 10:42:51.185743
112299,59,2020-07-08,28.6,0,22.7,02:21,34.4,11:56,4,5.6,13.6,22:30,46,89,02:00,28,17:20,2025-05-06 10:42:51.432861,2025-05-06 10:42:51.432861
112318,59,2020-07-09,25.8,0,21.8,23:30,29.8,14:28,9,5.6,13.1,13:00,65,73,,37,00:00,2025-05-06 10:42:51.677988,2025-05-06 10:42:51.677988
112337,59,2020-07-10,25.2,0,20.7,06:02,29.8,14:38,9,5.3,12.8,14:00,66,75,,50,,2025-05-06 10:42:51.919982,2025-05-06 10:42:51.919982
112356,59,2020-07-11,25.2,0,20.8,06:12,29.6,17:11,9,4.7,12.2,13:00,69,80,,53,10:20,2025-05-06 10:42:52.154504,2025-05-06 10:42:52.154504
112375,59,2020-07-12,24.4,0,20.8,06:22,27.9,14:48,10,2.8,10.8,11:00,73,80,23:59,62,08:40,2025-05-06 10:42:52.395177,2025-05-06 10:42:52.395177
112394,59,2020-07-13,25.7,0,20.8,05:39,30.6,16:14,10,4.4,12.2,13:20,68,81,01:30,50,16:10,2025-05-06 10:42:52.591422,2025-05-06 10:42:52.591422
112413,59,2020-07-14,25.4,0,20.9,04:34,29.9,15:30,2,5,11.9,18:00,60,76,05:40,48,14:20,2025-05-06 10:42:52.737436,2025-05-06 10:42:52.737436
112432,59,2020-07-15,27,0,22.4,02:16,31.7,14:40,9,4.4,12.2,15:30,61,75,23:59,48,14:40,2025-05-06 10:42:52.899576,2025-05-06 10:42:52.899576
112451,59,2020-07-16,24.2,0,21.4,06:00,27.1,15:43,9,3.1,9.2,10:50,78,87,22:00,67,10:10,2025-05-06 10:42:53.129644,2025-05-06 10:42:53.129644
112470,59,2020-07-17,24,0,21.1,06:04,26.8,17:03,2,1.4,6.4,22:50,79,87,05:00,72,00:00,2025-05-06 10:42:53.350460,2025-05-06 10:42:53.350460
112489,59,2020-07-18,26.2,0,22.1,05:32,30.3,23:58,10,2.8,8.6,12:10,78,88,05:50,35,23:59,2025-05-06 10:42:53.606269,2025-05-06 10:42:53.606269
112508,59,2020-07-19,32,0,26.3,23:41,37.6,15:00,3,5.8,14.4,12:30,31,56,23:40,26,07:20,2025-05-06 10:42:53.868119,2025-05-06 10:42:53.868119
112527,59,2020-07-20,27.3,0,22.6,23:13,32,14:18,3,5.6,12.5,16:20,57,74,05:40,42,14:50,2025-05-06 10:42:54.130369,2025-05-06 10:42:54.130369
112546,59,2020-07-21,25,0,21.7,06:28,28.2,14:32,9,5.6,14.4,15:20,67,73,,52,10:10,2025-05-06 10:42:54.387882,2025-05-06 10:42:54.387882
112565,59,2020-07-22,25.2,0,21.7,05:45,28.7,14:23,10,4.7,11.7,12:50,68,76,06:20,52,14:00,2025-05-06 10:42:54.645492,2025-05-06 10:42:54.645492
112584,59,2020-07-23,25.5,0,21.5,06:14,29.5,15:37,2,4.4,10.6,23:30,68,79,02:40,51,15:50,2025-05-06 10:42:54.914824,2025-05-06 10:42:54.914824
112603,59,2020-07-24,25.9,0,21.3,06:07,30.5,13:36,8,4.4,11.1,13:10,72,80,,46,13:30,2025-05-06 10:42:55.179045,2025-05-06 10:42:55.179045
112622,59,2020-07-25,26.4,0,21.5,06:22,31.4,14:15,36,5.3,11.4,17:40,58,78,03:20,43,11:10,2025-05-06 10:42:55.414806,2025-05-06 10:42:55.414806
112641,59,2020-07-26,24.6,0,21.1,06:41,28,15:20,99,5.3,11.7,12:40,67,77,,56,12:20,2025-05-06 10:42:55.664383,2025-05-06 10:42:55.664383
112660,59,2020-07-27,26.2,0,21,06:22,31.3,15:00,99,4.7,11.4,,69,78,06:00,42,14:50,2025-05-06 10:42:55.816744,2025-05-06 10:42:55.816744
112679,59,2020-07-28,25.1,0,22,06:32,28.2,13:55,4,5.8,13.9,15:10,67,81,06:40,56,12:20,2025-05-06 10:42:55.974831,2025-05-06 10:42:55.974831
112697,59,2020-07-29,24.6,0,21.1,04:29,28.2,12:45,6,5.3,11.7,08:50,66,77,,55,12:20,2025-05-06 10:42:56.170951,2025-05-06 10:42:56.170951
112716,59,2020-07-30,24.5,0,21.5,,27.5,,8,3.6,11.9,15:10,69,78,21:30,57,11:40,2025-05-06 10:42:56.419909,2025-05-06 10:42:56.419909
112735,59,2020-07-31,24,0,21.7,05:45,26.2,14:45,6,3.1,10.3,12:40,72,77,,66,10:10,2025-05-06 10:42:56.605978,2025-05-06 10:42:56.605978
112754,59,2020-08-01,24.7,0,22.6,06:12,26.8,14:53,10,3.3,8.9,15:50,75,79,01:30,69,11:20,2025-05-06 10:42:56.878115,2025-05-06 10:42:56.878115
112773,59,2020-08-02,28.4,0,23.1,02:55,33.8,16:44,8,4.7,12.5,15:10,52,79,,36,,2025-05-06 10:42:57.150876,2025-05-06 10:42:57.150876
112792,59,2020-08-03,27.9,0,23.6,06:59,32.2,12:39,4,5.3,12.5,15:20,61,72,07:10,26,17:30,2025-05-06 10:42:57.411426,2025-05-06 10:42:57.411426
112811,59,2020-08-04,27,0,22.1,06:10,31.9,13:48,36,5,12.2,02:00,61,79,,44,13:50,2025-05-06 10:42:57.678171,2025-05-06 10:42:57.678171
112830,59,2020-08-05,25.6,0,21.4,05:59,29.9,12:46,34,3.6,10,18:10,62,76,,48,12:10,2025-05-06 10:42:57.927708,2025-05-06 10:42:57.927708
112849,59,2020-08-06,24.8,0,21.7,06:45,27.9,11:18,1,3.1,9.7,18:30,68,72,,48,11:10,2025-05-06 10:42:58.169330,2025-05-06 10:42:58.169330
112868,59,2020-08-07,25.6,0,22.4,06:30,28.8,15:37,9,5,13.3,13:40,65,73,00:20,55,17:30,2025-05-06 10:42:58.430234,2025-05-06 10:42:58.430234
112887,59,2020-08-08,25.6,0,21.8,05:55,29.4,16:19,10,4.2,12.8,14:00,63,73,,51,16:20,2025-05-06 10:42:58.697599,2025-05-06 10:42:58.697599
112906,59,2020-08-09,26.2,0,22.3,,30.1,13:19,12,5,11.7,14:30,62,75,,50,12:50,2025-05-06 10:42:58.952043,2025-05-06 10:42:58.952043
112925,59,2020-08-10,25.4,0,21.9,05:01,28.9,16:12,10,5.3,12.8,13:20,68,78,,52,16:20,2025-05-06 10:42:59.201339,2025-05-06 10:42:59.201339
112944,59,2020-08-11,25.5,0,22.3,02:53,28.7,13:02,8,5,12.5,15:20,62,73,01:50,52,,2025-05-06 10:42:59.484460,2025-05-06 10:42:59.484460
112963,59,2020-08-12,24.5,0,21.5,03:25,27.5,15:12,5,6.4,13.6,17:10,64,75,23:40,55,12:00,2025-05-06 10:42:59.760614,2025-05-06 10:42:59.760614
112982,59,2020-08-13,24.6,0,20.9,05:39,28.3,14:22,4,4.4,11.1,12:30,63,76,,50,14:20,2025-05-06 10:43:00.006945,2025-05-06 10:43:00.006945
113001,59,2020-08-14,24.4,0,21.3,05:19,27.4,12:39,4,5,12.2,12:50,68,76,05:40,55,12:40,2025-05-06 10:43:00.264423,2025-05-06 10:43:00.264423
113020,59,2020-08-15,25,0,22,06:18,28.1,14:58,3,5.8,12.2,03:40,64,75,,51,14:00,2025-05-06 10:43:00.516646,2025-05-06 10:43:00.516646
113039,59,2020-08-16,25.1,0,21.8,,28.4,15:08,3,6.7,14.7,09:50,62,76,06:30,50,14:00,2025-05-06 10:43:00.734844,2025-05-06 10:43:00.734844
113058,59,2020-08-17,25.9,0,21.4,06:15,30.4,14:06,4,7.2,15,11:10,53,74,,32,11:40,2025-05-06 10:43:00.990013,2025-05-06 10:43:00.990013
113077,59,2020-08-18,27,0,22.4,05:08,31.5,16:01,5,5.8,13.3,11:20,57,74,,42,10:50,2025-05-06 10:43:01.219480,2025-05-06 10:43:01.219480
113096,59,2020-08-19,26.2,0,21.1,06:26,31.4,13:56,1,3.3,8.1,00:10,61,77,06:20,40,10:40,2025-05-06 10:43:01.468289,2025-05-06 10:43:01.468289
113115,59,2020-08-20,26,0,21.5,07:01,30.5,17:03,10,4.4,12.8,11:10,57,75,19:30,33,08:30,2025-05-06 10:43:01.727158,2025-05-06 10:43:01.727158
113134,59,2020-08-21,27,0,21.7,05:08,32.3,13:51,25,3.9,9.7,16:50,57,80,21:50,24,13:50,2025-05-06 10:43:01.967555,2025-05-06 10:43:01.967555
113153,59,2020-08-22,29.5,0,24.9,01:57,34.1,18:00,2,7.5,14.7,19:10,27,63,00:00,21,06:50,2025-05-06 10:43:02.202004,2025-05-06 10:43:02.202004
113172,59,2020-08-23,30,0,24.9,06:49,35.1,16:20,1,5.6,13.3,23:30,52,68,06:50,23,01:20,2025-05-06 10:43:02.447312,2025-05-06 10:43:02.447312
113191,59,2020-08-24,28.6,0,25.3,21:44,31.8,11:53,2,7.8,18.6,11:00,38,65,21:20,27,,2025-05-06 10:43:02.720693,2025-05-06 10:43:02.720693
113210,59,2020-08-25,29.6,0,24.8,,34.3,12:43,33,3.1,13.9,03:10,58,81,21:00,39,12:40,2025-05-06 10:43:02.953472,2025-05-06 10:43:02.953472
113229,59,2020-08-26,30,0,24.7,22:36,35.4,01:48,34,3.1,10.6,00:30,58,85,22:30,31,01:40,2025-05-06 10:43:03.170640,2025-05-06 10:43:03.170640
113248,59,2020-08-27,33.4,0,25.6,03:30,41.1,12:39,1,3.9,15.3,23:10,32,81,03:30,19,16:50,2025-05-06 10:43:03.351857,2025-05-06 10:43:03.351857
113267,59,2020-08-28,28.6,0,23.4,23:48,33.8,13:17,5,5.6,14.7,14:40,32,74,23:30,20,06:00,2025-05-06 10:43:03.506848,2025-05-06 10:43:03.506848
113286,59,2020-08-29,26,0,22.2,04:56,29.7,13:05,2,5.8,13.3,16:30,59,74,,50,12:50,2025-05-06 10:43:03.660829,2025-05-06 10:43:03.660829
113305,59,2020-08-30,25.1,0,21.5,06:11,28.7,13:44,34,5,15.6,15:10,55,70,03:50,43,13:00,2025-05-06 10:43:03.901610,2025-05-06 10:43:03.901610
113324,59,2020-08-31,24.8,0,22.1,06:26,27.5,12:57,1,4.2,10.8,03:30,70,83,18:50,54,13:00,2025-05-06 10:43:04.167820,2025-05-06 10:43:04.167820
113343,59,2020-09-01,22.6,0,18.8,06:30,26.4,16:37,9,2.5,5.6,20:20,77,86,01:00,70,16:30,2025-05-06 10:43:04.439662,2025-05-06 10:43:04.439662
113362,59,2020-09-02,23.4,0,19.2,,27.7,18:28,9,4.2,11.4,13:00,67,88,06:30,39,18:30,2025-05-06 10:43:04.699319,2025-05-06 10:43:04.699319
113381,59,2020-09-03,24,0,21.9,05:34,26,10:56,9,4.7,13.9,13:40,74,81,02:30,62,10:50,2025-05-06 10:43:04.957083,2025-05-06 10:43:04.957083
113400,59,2020-09-04,23,0,20,05:50,26,10:14,10,2.8,10.8,17:40,78,83,,61,09:50,2025-05-06 10:43:05.230771,2025-05-06 10:43:05.230771
113419,59,2020-09-05,24.4,0,19.4,06:41,29.4,11:52,9,2.8,8.9,13:30,77,82,06:50,50,11:50,2025-05-06 10:43:05.478708,2025-05-06 10:43:05.478708
113438,59,2020-09-06,23.8,0.2,20.9,06:44,26.8,10:28,10,2.5,9.4,13:30,74,81,00:00,67,08:50,2025-05-06 10:43:05.717243,2025-05-06 10:43:05.717243
113457,59,2020-09-07,28.8,0,23.5,03:40,34.1,15:12,8,4.2,10.8,13:40,51,81,03:30,27,,2025-05-06 10:43:05.959812,2025-05-06 10:43:05.959812
113476,59,2020-09-08,31.2,0,26.6,04:24,35.8,13:06,2,5.6,12.5,03:50,37,56,20:00,22,10:50,2025-05-06 10:43:06.224234,2025-05-06 10:43:06.224234
113495,59,2020-09-09,30.4,0,26.3,,34.6,12:26,4,7.2,13.1,11:20,30,45,21:10,25,,2025-05-06 10:43:06.494083,2025-05-06 10:43:06.494083
113514,59,2020-09-10,25.6,0,22.4,05:55,28.8,12:21,8,5,12.8,13:30,68,75,,27,00:20,2025-05-06 10:43:06.794361,2025-05-06 10:43:06.794361
113533,59,2020-09-11,26,0,22.1,05:22,29.9,11:43,2,3.1,8.9,08:20,65,75,06:40,49,11:40,2025-05-06 10:43:07.051816,2025-05-06 10:43:07.051816
113552,59,2020-09-12,24.4,0,22.4,07:01,26.3,12:54,11,2.5,10,12:00,75,82,18:50,61,10:10,2025-05-06 10:43:07.297093,2025-05-06 10:43:07.297093
113571,59,2020-09-13,23.1,0,21.4,06:29,24.8,16:47,8,3.1,10.3,14:20,82,84,,75,,2025-05-06 10:43:07.539446,2025-05-06 10:43:07.539446
113590,59,2020-09-14,25.9,0,21.6,06:37,30.2,15:37,4,4.4,11.4,22:10,69,84,06:40,44,15:00,2025-05-06 10:43:07.785396,2025-05-06 10:43:07.785396
113609,59,2020-09-15,26,0,22.7,05:55,29.3,15:07,2,4.7,14.7,09:10,57,79,05:50,41,16:10,2025-05-06 10:43:08.056390,2025-05-06 10:43:08.056390
113628,59,2020-09-16,28.3,0,24.3,,32.3,15:40,3,3.6,12.2,03:00,38,73,09:10,25,12:30,2025-05-06 10:43:08.314146,2025-05-06 10:43:08.314146
113647,59,2020-09-17,27,0,23.1,23:57,31,15:28,2,4.4,11.9,18:10,63,78,13:30,33,00:00,2025-05-06 10:43:08.559337,2025-05-06 10:43:08.559337
113666,59,2020-09-18,25.4,0,22.4,05:02,28.5,15:50,9,4.7,12.5,14:00,70,77,03:00,54,15:50,2025-05-06 10:43:08.796868,2025-05-06 10:43:08.796868
113685,59,2020-09-19,24.4,0,21.7,06:14,27.1,15:16,99,4.7,10,,65,78,,53,16:10,2025-05-06 10:43:09.019139,2025-05-06 10:43:09.019139
113704,59,2020-09-20,26,0,21.4,05:16,30.5,14:16,2,4.4,10.6,00:20,61,84,23:00,40,14:40,2025-05-06 10:43:09.259002,2025-05-06 10:43:09.259002
113723,59,2020-09-21,25.7,0,22.1,06:54,29.3,16:05,22,3.9,6.9,11:30,71,84,20:00,44,09:40,2025-05-06 10:43:09.493192,2025-05-06 10:43:09.493192
113742,59,2020-09-22,27.4,0,23.2,,31.5,11:42,2,2.8,7.8,10:00,59,78,19:20,32,11:40,2025-05-06 10:43:09.753384,2025-05-06 10:43:09.753384
113761,59,2020-09-23,27.6,0,23.9,05:14,31.4,11:28,35,4.2,15.6,17:40,62,75,23:40,41,10:00,2025-05-06 10:43:10.028002,2025-05-06 10:43:10.028002
113780,59,2020-09-24,25.8,0,23.1,02:12,28.4,13:51,9,3.6,9.4,18:00,76,85,,59,09:00,2025-05-06 10:43:10.280535,2025-05-06 10:43:10.280535
113799,59,2020-09-25,29,0,24.2,04:07,33.7,15:23,2,4.4,9.7,15:50,58,78,00:10,34,15:30,2025-05-06 10:43:10.560263,2025-05-06 10:43:10.560263
113818,59,2020-09-26,25.4,0,22.4,23:48,28.5,00:01,2,5.8,12.2,12:40,68,79,06:30,40,00:00,2025-05-06 10:43:10.806822,2025-05-06 10:43:10.806822
113837,59,2020-09-27,25.4,0,21.9,06:47,28.9,14:20,36,5.3,13.9,16:50,57,79,23:40,45,13:00,2025-05-06 10:43:11.064036,2025-05-06 10:43:11.064036
113856,59,2020-09-28,24.6,0,21.8,06:42,27.4,14:21,36,5.8,13.1,18:30,68,82,06:50,55,15:10,2025-05-06 10:43:11.347400,2025-05-06 10:43:11.347400
113875,59,2020-09-29,24.6,0,21.8,03:12,27.4,11:37,10,3.6,10.6,12:10,62,72,13:50,50,11:30,2025-05-06 10:43:11.628723,2025-05-06 10:43:11.628723
113894,59,2020-09-30,22.2,0,18.8,06:52,25.7,11:32,10,4.2,11.7,12:50,75,80,06:50,60,11:00,2025-05-06 10:43:11.884443,2025-05-06 10:43:11.884443
113913,59,2020-10-01,22.4,0,19.4,07:14,25.3,10:14,10,4.7,13.3,14:00,72,81,,58,23:10,2025-05-06 10:43:12.132374,2025-05-06 10:43:12.132374
113932,59,2020-10-02,24.7,0,21.7,06:05,27.7,13:46,36,5,12.5,16:40,57,71,02:50,49,15:00,2025-05-06 10:43:12.397391,2025-05-06 10:43:12.397391
113951,59,2020-10-03,24.7,0.4,21.5,02:05,27.9,13:36,2,5.3,12.5,08:40,66,85,23:30,54,13:40,2025-05-06 10:43:12.650556,2025-05-06 10:43:12.650556
113970,59,2020-10-04,24.3,0,20.7,06:58,27.9,13:47,10,4.2,11.7,14:40,65,91,06:30,49,,2025-05-06 10:43:12.897485,2025-05-06 10:43:12.897485
113989,59,2020-10-05,23,0,21.4,05:40,24.5,15:44,9,5,11.9,13:50,70,76,06:00,59,15:50,2025-05-06 10:43:13.098734,2025-05-06 10:43:13.098734
114008,59,2020-10-06,23.3,0,21.5,06:28,25.1,14:43,2,4.2,8.9,11:00,68,75,,58,,2025-05-06 10:43:13.329079,2025-05-06 10:43:13.329079
114027,59,2020-10-07,24.4,0,21.6,06:29,27.2,10:32,9,2.8,12.5,14:40,72,82,07:50,53,10:30,2025-05-06 10:43:13.588188,2025-05-06 10:43:13.588188
114046,59,2020-10-08,24,0,21.6,05:21,26.5,15:22,10,3.1,9.7,13:30,76,79,,57,10:40,2025-05-06 10:43:13.840348,2025-05-06 10:43:13.840348
114065,59,2020-10-09,25.2,0,21.2,04:57,29.2,11:43,10,3.9,11.7,13:30,71,81,,42,11:20,2025-05-06 10:43:14.042943,2025-05-06 10:43:14.042943
114083,59,2020-10-10,23.9,0,20.9,05:16,26.9,13:45,4,4.4,10,11:00,69,80,,57,13:50,2025-05-06 10:43:14.175131,2025-05-06 10:43:14.175131
114101,59,2020-10-11,25.4,0,21.4,06:22,29.4,,1,4.4,11.7,21:40,68,82,07:10,50,15:10,2025-05-06 10:43:14.335573,2025-05-06 10:43:14.335573
114119,59,2020-10-12,27.9,0,22.3,00:01,33.5,15:04,36,5.3,11.4,23:50,45,80,00:00,26,15:00,2025-05-06 10:43:14.575684,2025-05-06 10:43:14.575684
114137,59,2020-10-13,26.8,0,22.8,23:57,30.7,13:37,2,3.6,11.1,20:40,47,61,03:50,28,17:00,2025-05-06 10:43:14.804699,2025-05-06 10:43:14.804699
114156,59,2020-10-14,22.6,0,18.9,07:08,26.2,16:05,10,3.9,12.2,14:10,74,85,06:30,55,16:00,2025-05-06 10:43:15.080884,2025-05-06 10:43:15.080884
114175,59,2020-10-15,22.4,0,20.7,07:13,24,16:01,9,4.4,11.7,16:20,70,74,00:40,64,,2025-05-06 10:43:15.341409,2025-05-06 10:43:15.341409
114194,59,2020-10-16,22.1,0,20.3,06:43,23.9,11:12,8,4.4,12.2,13:50,70,74,00:50,59,11:10,2025-05-06 10:43:15.597187,2025-05-06 10:43:15.597187
114213,59,2020-10-17,20,0,17.3,06:56,22.8,11:14,10,3.6,9.2,12:10,74,78,07:20,65,09:40,2025-05-06 10:43:15.848502,2025-05-06 10:43:15.848502
114232,59,2020-10-18,19.5,0,16.5,06:56,22.5,13:50,18,2.2,4.2,12:40,74,81,,65,17:00,2025-05-06 10:43:16.097262,2025-05-06 10:43:16.097262
114251,59,2020-10-19,20.4,0,16,,24.7,14:49,21,3.1,6.4,15:10,76,86,23:40,70,14:50,2025-05-06 10:43:16.370712,2025-05-06 10:43:16.370712
114270,59,2020-10-20,24,0,21.6,01:35,26.4,17:02,22,5.8,12.5,11:50,79,91,04:00,61,19:30,2025-05-06 10:43:16.609695,2025-05-06 10:43:16.609695
114289,59,2020-10-21,22.9,4,19.4,23:31,26.4,11:07,24,4.2,11.7,13:00,74,87,23:59,61,15:50,2025-05-06 10:43:16.861983,2025-05-06 10:43:16.861983
114308,59,2020-10-22,21.4,0,18.2,23:49,24.7,11:26,35,1.7,6.7,20:00,74,89,,55,10:40,2025-05-06 10:43:17.117135,2025-05-06 10:43:17.117135
114327,59,2020-10-23,19.8,0,16.1,06:37,23.4,15:28,4,5,13.1,13:20,69,84,06:50,54,15:20,2025-05-06 10:43:17.373907,2025-05-06 10:43:17.373907
114346,59,2020-10-24,22,0,19.6,05:50,24.3,13:55,6,5,11.4,12:30,61,74,,43,13:30,2025-05-06 10:43:17.592471,2025-05-06 10:43:17.592471
114365,59,2020-10-25,22.2,0,19.5,06:38,24.8,13:08,8,5,10.8,15:10,65,75,01:40,54,11:30,2025-05-06 10:43:17.825235,2025-05-06 10:43:17.825235
114383,59,2020-10-26,22.2,0,19.8,04:24,24.5,14:06,4,5,11.1,10:00,64,76,,56,13:20,2025-05-06 10:43:18.079307,2025-05-06 10:43:18.079307
114401,59,2020-10-27,20.9,0,17.7,06:50,24.1,12:22,10,4.7,13.9,13:40,69,82,05:20,53,12:20,2025-05-06 10:43:18.317395,2025-05-06 10:43:18.317395
114419,59,2020-10-28,22,0,19.9,07:46,24,12:44,7,4.4,15.8,15:10,63,73,21:00,52,11:00,2025-05-06 10:43:18.522762,2025-05-06 10:43:18.522762
114437,59,2020-10-29,21.6,0,17,06:51,26.3,14:31,9,3.1,10.8,12:40,75,84,06:40,59,10:50,2025-05-06 10:43:18.750276,2025-05-06 10:43:18.750276
114455,59,2020-10-30,24,0,18.3,04:28,29.7,17:07,4,2.5,15,23:59,45,80,,18,17:40,2025-05-06 10:43:19.008742,2025-05-06 10:43:19.008742
114473,59,2020-10-31,27.5,0,25,05:36,30,16:04,6,5.8,23.1,01:00,30,41,01:40,20,,2025-05-06 10:43:19.266332,2025-05-06 10:43:19.266332
114491,59,2020-11-01,24.6,0,20.8,24:00,28.3,11:31,2,5,11.4,10:20,51,79,23:50,29,11:40,2025-05-06 10:43:19.510497,2025-05-06 10:43:19.510497
114510,59,2020-11-02,22.6,0,19.8,04:27,25.4,14:26,1,4.2,9.2,06:00,71,83,04:40,58,14:30,2025-05-06 10:43:19.749851,2025-05-06 10:43:19.749851
114529,59,2020-11-03,21.8,0,18.3,,25.3,15:22,3,4.2,10.8,21:50,71,85,06:10,57,15:00,2025-05-06 10:43:19.991241,2025-05-06 10:43:19.991241
114547,59,2020-11-04,20.6,0,18.3,23:58,22.9,12:26,4,4.4,11.7,01:20,71,79,03:50,65,,2025-05-06 10:43:20.228553,2025-05-06 10:43:20.228553
114566,59,2020-11-05,19,0,14.5,07:16,23.4,11:40,21,3.9,7.8,15:00,72,82,06:30,58,12:00,2025-05-06 10:43:20.498697,2025-05-06 10:43:20.498697
114585,59,2020-11-06,22,0,19.9,00:35,24.2,16:18,23,6.7,14.4,11:10,68,87,01:10,58,16:20,2025-05-06 10:43:20.755697,2025-05-06 10:43:20.755697
114604,59,2020-11-07,19.5,0,15.9,06:59,23.1,09:46,6,4.2,8.3,13:00,77,83,23:40,64,09:50,2025-05-06 10:43:21.033705,2025-05-06 10:43:21.033705
114623,59,2020-11-08,19.2,0,15.7,07:23,22.7,10:29,8,3.9,13.1,13:30,73,83,00:00,66,13:10,2025-05-06 10:43:21.283023,2025-05-06 10:43:21.283023
114642,59,2020-11-09,19.7,0,15.5,05:46,23.9,12:59,10,4.2,10.6,15:10,70,86,,55,12:50,2025-05-06 10:43:21.554053,2025-05-06 10:43:21.554053
114661,59,2020-11-10,21.3,0,19.3,23:56,23.3,14:23,6,4.4,10,10:20,68,78,,55,16:00,2025-05-06 10:43:21.818806,2025-05-06 10:43:21.818806
114680,59,2020-11-11,19.8,0,16.5,07:19,23,13:16,6,2.5,8.3,12:20,80,88,05:40,69,10:00,2025-05-06 10:43:22.088898,2025-05-06 10:43:22.088898
114699,59,2020-11-12,21.8,0,19.3,06:59,24.2,12:32,99,1.9,6.7,,80,84,,72,12:50,2025-05-06 10:43:22.348104,2025-05-06 10:43:22.348104
114718,59,2020-11-13,23,0,20,04:30,25.9,22:42,6,2.2,11.1,22:40,63,84,07:40,34,13:50,2025-05-06 10:43:22.619450,2025-05-06 10:43:22.619450
114737,59,2020-11-14,25,0,21.7,23:52,28.2,14:46,2,0.8,5.6,03:00,56,74,,41,12:20,2025-05-06 10:43:22.894848,2025-05-06 10:43:22.894848
114756,59,2020-11-15,22.4,0,19.2,06:44,25.6,13:06,9,1.4,8.3,22:30,79,91,18:40,52,03:30,2025-05-06 10:43:23.166661,2025-05-06 10:43:23.166661
114775,59,2020-11-16,25,0,20.4,08:06,29.7,16:09,8,1.1,8.9,09:40,,68,00:20,25,16:00,2025-05-06 10:43:23.438632,2025-05-06 10:43:23.438632
114794,59,2020-11-17,25.7,0,21,07:19,30.4,17:41,9,3.6,8.6,12:00,35,56,10:50,21,19:00,2025-05-06 10:43:23.671618,2025-05-06 10:43:23.671618
114813,59,2020-11-18,25.3,0,20.4,07:23,30.2,12:32,10,2.8,8.3,02:00,35,61,02:20,23,00:00,2025-05-06 10:43:23.872276,2025-05-06 10:43:23.872276
114832,59,2020-11-19,22.4,0,20,06:27,24.9,11:20,7,4.2,9.2,14:10,72,81,07:40,49,00:00,2025-05-06 10:43:24.138336,2025-05-06 10:43:24.138336
114851,59,2020-11-20,22.4,0,18.6,06:02,26.3,17:58,6,2.8,14.2,23:20,53,83,04:20,27,18:10,2025-05-06 10:43:24.397169,2025-05-06 10:43:24.397169
114870,59,2020-11-21,22.8,0,20.4,07:48,25.3,15:44,3,3.9,13.9,01:00,46,71,02:10,29,15:40,2025-05-06 10:43:24.630891,2025-05-06 10:43:24.630891
114889,59,2020-11-22,22,0,19.9,,24.2,15:42,8,4.2,10.8,15:00,71,78,,35,01:40,2025-05-06 10:43:24.821706,2025-05-06 10:43:24.821706
114908,59,2020-11-23,21.2,0,18.2,07:14,24.2,14:01,8,2.2,8.6,09:30,58,81,03:40,28,23:50,2025-05-06 10:43:24.966352,2025-05-06 10:43:24.966352
114927,59,2020-11-24,21.6,0,18.7,08:01,24.6,00:33,4,1.7,10.8,00:40,63,78,03:00,27,00:10,2025-05-06 10:43:25.145593,2025-05-06 10:43:25.145593
114946,59,2020-11-25,20.1,0.4,15.2,08:24,25,12:40,35,3.3,13.6,14:00,60,83,21:50,39,01:20,2025-05-06 10:43:25.380924,2025-05-06 10:43:25.380924
114965,59,2020-11-26,17.8,4,14.6,23:06,21,10:33,36,3.6,19.4,11:50,63,81,17:30,48,10:40,2025-05-06 10:43:25.648124,2025-05-06 10:43:25.648124
114984,59,2020-11-27,18.8,0.6,15.3,00:01,22.2,13:03,27,3.3,15,15:10,58,74,00:00,44,12:30,2025-05-06 10:43:25.885681,2025-05-06 10:43:25.885681
115003,59,2020-11-28,20.2,4.6,16.1,04:44,24.3,13:38,26,2.8,10.3,16:10,67,86,21:10,49,14:00,2025-05-06 10:43:26.149737,2025-05-06 10:43:26.149737
115022,59,2020-11-29,18.9,5,16.2,07:13,21.6,11:45,21,3.1,11.9,23:59,82,93,22:20,61,11:40,2025-05-06 10:43:26.399146,2025-05-06 10:43:26.399146
115040,59,2020-11-30,20.6,0,18.9,00:01,22.4,14:10,22,6.9,13.6,02:00,69,84,,63,10:20,2025-05-06 10:43:26.656332,2025-05-06 10:43:26.656332
115059,59,2020-12-01,21.5,0,19.9,,23.1,14:29,22,5.3,10.8,20:30,72,81,21:50,64,15:00,2025-05-06 10:43:26.913192,2025-05-06 10:43:26.913192
115078,59,2020-12-02,20,0,17.1,23:56,22.9,15:34,22,4.2,11.1,11:10,75,86,23:40,65,,2025-05-06 10:43:27.161130,2025-05-06 10:43:27.161130
115097,59,2020-12-03,18.6,0,13.5,07:50,23.7,14:25,8,2.2,6.1,16:20,80,93,,68,10:40,2025-05-06 10:43:27.427749,2025-05-06 10:43:27.427749
115116,59,2020-12-04,18.2,0,13.7,06:54,22.6,11:50,35,2.8,8.6,17:10,74,90,03:40,58,16:40,2025-05-06 10:43:27.699043,2025-05-06 10:43:27.699043
115135,59,2020-12-05,18.6,0,15.8,03:14,21.3,13:41,1,4.7,13.1,12:00,61,81,,52,13:50,2025-05-06 10:43:27.961546,2025-05-06 10:43:27.961546
115154,59,2020-12-06,17,0,13.9,07:01,20.2,14:17,4,4.7,11.9,13:40,68,82,,55,14:20,2025-05-06 10:43:28.216440,2025-05-06 10:43:28.216440
115173,59,2020-12-07,17.6,0,13.8,08:03,21.4,13:32,2,4.7,12.5,12:40,66,83,,52,15:10,2025-05-06 10:43:28.471938,2025-05-06 10:43:28.471938
115192,59,2020-12-08,19,0,15.5,08:20,22.5,15:09,7,3.6,10.3,16:10,59,77,02:30,40,,2025-05-06 10:43:28.710295,2025-05-06 10:43:28.710295
115211,59,2020-12-09,18.2,0,14.4,07:43,22.1,12:46,99,3.6,10.3,,65,80,23:40,55,,2025-05-06 10:43:28.969205,2025-05-06 10:43:28.969205
115230,59,2020-12-10,19.7,0,17.4,00:01,22,14:49,4,6.1,11.7,10:50,65,80,00:00,55,13:40,2025-05-06 10:43:29.223157,2025-05-06 10:43:29.223157
115249,59,2020-12-11,20.5,0,17.9,07:18,23.1,14:01,5,4.4,11.4,14:40,70,83,22:30,63,,2025-05-06 10:43:29.490000,2025-05-06 10:43:29.490000
115268,59,2020-12-12,20.2,0,18.1,07:42,22.4,14:18,10,4.2,10.6,15:50,70,84,00:40,60,14:20,2025-05-06 10:43:29.761861,2025-05-06 10:43:29.761861
115287,59,2020-12-13,19.6,0,17.8,06:09,21.3,12:40,34,1.9,8.3,15:00,61,71,,55,12:40,2025-05-06 10:43:30.014435,2025-05-06 10:43:30.014435
115306,59,2020-12-14,20.5,0,17.6,22:41,23.4,15:27,36,2.5,8.9,13:20,68,81,07:30,54,15:30,2025-05-06 10:43:30.273207,2025-05-06 10:43:30.273207
115325,59,2020-12-15,19.1,0,15.6,07:48,22.6,12:03,8,3.9,9.7,14:30,74,87,07:30,59,12:00,2025-05-06 10:44:38.334621,2025-05-06 10:44:38.334621
115344,59,2020-12-16,18,0,13.1,07:18,22.8,12:42,34,3.3,10.3,19:30,69,86,,50,15:10,2025-05-06 10:44:38.590149,2025-05-06 10:44:38.590149
115363,59,2020-12-17,19.1,0,16.8,,21.4,14:45,6,5.3,12.2,14:30,59,83,04:30,46,13:50,2025-05-06 10:44:38.830321,2025-05-06 10:44:38.830321
115382,59,2020-12-18,18.6,0,15.5,08:11,21.6,13:50,8,4.2,10.8,14:30,61,73,08:00,49,13:50,2025-05-06 10:44:39.085068,2025-05-06 10:44:39.085068
115401,59,2020-12-19,18.6,0,15.5,23:28,21.6,12:08,1,3.1,11.4,11:10,58,73,00:50,46,12:00,2025-05-06 10:44:39.342133,2025-05-06 10:44:39.342133
115420,59,2020-12-20,17.5,0,14.1,06:59,20.9,15:40,7,3.6,9.2,13:30,75,86,19:40,68,14:50,2025-05-06 10:44:39.599353,2025-05-06 10:44:39.599353
115439,59,2020-12-21,18.2,0,15.6,07:00,20.7,11:46,5,3.3,9.7,11:00,76,85,,68,11:10,2025-05-06 10:44:39.838894,2025-05-06 10:44:39.838894
115458,59,2020-12-22,17.8,0,13.8,07:41,21.7,16:08,99,2.2,9.2,,72,91,,46,18:50,2025-05-06 10:44:39.993036,2025-05-06 10:44:39.993036
115477,59,2020-12-23,19.2,0,16.4,00:26,21.9,15:45,8,5,15.6,22:00,55,73,01:10,42,17:40,2025-05-06 10:44:40.150362,2025-05-06 10:44:40.150362
115496,59,2020-12-24,19.9,0,19,17:57,20.8,00:01,5,5.8,18.1,23:59,59,67,,51,14:50,2025-05-06 10:44:40.364395,2025-05-06 10:44:40.364395
115515,59,2020-12-25,19.7,0,17.8,21:27,21.6,16:33,4,2.8,15,00:10,54,70,01:40,46,17:20,2025-05-06 10:44:40.582530,2025-05-06 10:44:40.582530
115534,59,2020-12-26,18.1,0,13.9,06:21,22.3,12:11,1,1.9,5.6,07:10,65,84,,41,09:50,2025-05-06 10:44:40.843145,2025-05-06 10:44:40.843145
115552,59,2020-12-27,18.3,0,14.1,02:51,22.5,15:59,4,2.5,8.3,10:00,63,87,07:40,31,17:00,2025-05-06 10:44:41.069943,2025-05-06 10:44:41.069943
115570,59,2020-12-28,21,0,17.5,07:53,24.5,14:02,2,3.3,10,00:40,56,78,23:50,33,13:50,2025-05-06 10:44:41.307404,2025-05-06 10:44:41.307404
115588,59,2020-12-29,17.2,0,14.2,,20.3,11:31,8,3.3,10,13:50,74,88,,62,11:50,2025-05-06 10:44:41.520382,2025-05-06 10:44:41.520382
115606,59,2020-12-30,15.8,0.2,11.7,,19.8,14:49,10,2.8,8.3,15:00,73,82,12:30,65,,2025-05-06 10:44:41.683720,2025-05-06 10:44:41.683720
115625,59,2020-12-31,17,0,12.9,03:09,21,13:01,2,4.2,10.8,13:30,61,82,05:10,42,16:00,2025-05-06 10:44:41.926098,2025-05-06 10:44:41.926098
115644,59,2021-01-01,17.2,0,14.5,23:58,19.9,12:13,5,4.7,11.4,12:00,56,72,23:40,49,14:00,2025-05-06 10:44:42.175678,2025-05-06 10:44:42.175678
115663,59,2021-01-02,17.2,0,13.9,03:18,20.6,15:29,6,4.2,10.6,16:40,58,73,00:10,45,15:00,2025-05-06 10:44:42.425325,2025-05-06 10:44:42.425325
115682,59,2021-01-03,17,0,15,08:10,19,12:08,99,3.9,9.4,12:30,61,70,08:00,55,,2025-05-06 10:44:42.676217,2025-05-06 10:44:42.676217
115701,59,2021-01-04,16.4,0,13.5,06:56,19.4,13:16,21,3.6,8.1,23:10,73,77,07:40,66,11:10,2025-05-06 10:44:42.914343,2025-05-06 10:44:42.914343
115720,59,2021-01-05,20.6,0,18.1,00:01,23,12:26,24,4.2,9.7,03:10,81,90,,68,17:00,2025-05-06 10:44:43.154937,2025-05-06 10:44:43.154937
115739,59,2021-01-06,20.5,0,19.5,01:56,21.5,13:42,22,9.2,16.1,14:10,89,93,22:00,85,12:20,2025-05-06 10:44:43.372303,2025-05-06 10:44:43.372303
115757,59,2021-01-07,20.8,1,19.8,06:23,21.9,12:03,22,9.2,16.4,15:20,88,93,,83,12:10,2025-05-06 10:44:43.567972,2025-05-06 10:44:43.567972
115776,59,2021-01-08,18.7,0.2,15.7,23:53,21.7,12:41,22,4.4,16.1,03:50,66,92,00:00,55,12:20,2025-05-06 10:44:43.792981,2025-05-06 10:44:43.792981
115795,59,2021-01-09,15.9,1.2,13.1,05:36,18.7,13:37,36,3.9,15.6,14:00,64,78,05:30,46,12:50,2025-05-06 10:44:44.030496,2025-05-06 10:44:44.030496
115814,59,2021-01-10,16.4,0.4,13.2,04:15,19.7,14:24,34,3.9,18.9,17:00,67,84,22:50,52,12:00,2025-05-06 10:44:44.281352,2025-05-06 10:44:44.281352
115833,59,2021-01-11,15.6,0,11.4,04:33,19.9,14:02,2,3.3,10.8,12:00,61,81,08:10,47,13:10,2025-05-06 10:44:44.523875,2025-05-06 10:44:44.523875
115852,59,2021-01-12,16.2,0,12.5,01:29,19.8,13:11,6,3.6,10.8,13:30,63,86,,43,13:00,2025-05-06 10:44:44.773565,2025-05-06 10:44:44.773565
115871,59,2021-01-13,16.6,0,13.9,01:07,19.2,14:42,4,3.9,10,10:40,51,72,01:10,31,18:10,2025-05-06 10:44:45.034643,2025-05-06 10:44:45.034643
115890,59,2021-01-14,15.6,0,12.5,08:33,18.8,12:17,8,5,12.8,11:10,62,81,08:30,53,17:40,2025-05-06 10:44:45.280513,2025-05-06 10:44:45.280513
115909,59,2021-01-15,17.6,0,16.1,00:02,19.1,16:21,4,5.3,11.1,12:40,54,63,20:20,48,16:10,2025-05-06 10:44:45.529013,2025-05-06 10:44:45.529013
115928,59,2021-01-16,17.9,0,15.9,03:23,19.9,14:52,1,4.7,11.1,07:50,61,66,,53,12:30,2025-05-06 10:44:45.770995,2025-05-06 10:44:45.770995
115947,59,2021-01-17,17,0,14.8,23:58,19.2,12:56,7,3.1,8.3,11:50,67,81,23:59,61,17:30,2025-05-06 10:44:46.017073,2025-05-06 10:44:46.017073
115966,59,2021-01-18,15.1,0,11.2,07:58,19,10:54,99,3.9,7.8,13:30,75,91,05:20,60,12:40,2025-05-06 10:44:46.270464,2025-05-06 10:44:46.270464
115985,59,2021-01-19,15,0,10.8,08:06,19.3,14:20,5,3.1,7.5,10:40,77,89,08:10,68,12:00,2025-05-06 10:44:46.519744,2025-05-06 10:44:46.519744
116004,59,2021-01-20,14.8,0,9.3,06:09,20.4,14:21,22,2.8,5.8,18:10,72,88,,58,18:20,2025-05-06 10:44:46.740309,2025-05-06 10:44:46.740309
116023,59,2021-01-21,17.3,0,14,00:51,20.6,13:47,11,2.2,6.9,12:10,78,84,18:30,71,11:10,2025-05-06 10:44:46.994525,2025-05-06 10:44:46.994525
116042,59,2021-01-22,18,0,14.3,06:07,21.8,14:45,8,3.1,9.4,14:20,83,89,,70,14:50,2025-05-06 10:44:47.217982,2025-05-06 10:44:47.217982
116061,59,2021-01-23,19.2,0,17.5,22:32,20.8,14:17,5,4.2,10.3,14:00,74,87,03:30,63,14:00,2025-05-06 10:44:47.463328,2025-05-06 10:44:47.463328
116080,59,2021-01-24,20,0,16.1,07:10,23.8,13:46,6,3.9,10.3,16:00,61,82,,46,,2025-05-06 10:44:47.700528,2025-05-06 10:44:47.700528
116099,59,2021-01-25,18.7,0,14.7,07:01,22.7,13:53,4,4.2,9.7,18:30,68,76,,58,10:00,2025-05-06 10:44:47.927742,2025-05-06 10:44:47.927742
116118,59,2021-01-26,19.4,0,16.3,01:44,22.6,15:35,3,6.9,12.8,14:50,64,80,23:10,53,,2025-05-06 10:44:48.158031,2025-05-06 10:44:48.158031
116137,59,2021-01-27,19.6,0,15.6,07:53,23.6,15:01,1,2.2,8.9,00:10,73,88,07:50,43,20:50,2025-05-06 10:44:48.381912,2025-05-06 10:44:48.381912
116156,59,2021-01-28,20.5,0,16.1,07:12,24.9,10:35,7,2.5,5.6,12:50,59,84,20:10,33,09:50,2025-05-06 10:44:48.613558,2025-05-06 10:44:48.613558
116175,59,2021-01-29,19.4,0,14.5,07:26,24.3,10:45,9,2.8,7.2,14:50,71,79,20:10,42,10:20,2025-05-06 10:44:48.836332,2025-05-06 10:44:48.836332
116194,59,2021-01-30,19.5,0,15.9,07:56,23.1,13:27,10,3.9,11.4,14:10,70,84,,48,01:40,2025-05-06 10:44:49.059832,2025-05-06 10:44:49.059832
116213,59,2021-01-31,20.6,0,16.2,08:05,25.1,15:44,1,3.1,10.8,20:10,63,85,03:30,49,12:30,2025-05-06 10:44:49.302062,2025-05-06 10:44:49.302062
116232,59,2021-02-01,21.2,0,17.8,23:52,24.6,12:34,2,5.3,12.5,10:40,55,80,,45,12:10,2025-05-06 10:44:49.547328,2025-05-06 10:44:49.547328
116251,59,2021-02-02,18.4,0,16.6,23:45,20.2,12:37,10,3.6,11.1,15:00,80,86,23:50,74,12:40,2025-05-06 10:44:49.784412,2025-05-06 10:44:49.784412
116270,59,2021-02-03,17.4,0,13.9,08:12,20.8,15:08,10,2.5,6.4,17:50,80,87,,70,10:20,2025-05-06 10:44:50.010822,2025-05-06 10:44:50.010822
116289,59,2021-02-04,16,0.2,13.5,06:05,18.4,09:48,27,3.1,15.3,16:00,72,88,10:50,58,19:20,2025-05-06 10:44:50.232570,2025-05-06 10:44:50.232570
116308,59,2021-02-05,15.6,1.8,12.8,21:52,18.5,12:21,30,3.1,13.9,02:20,64,81,23:50,53,14:20,2025-05-06 10:44:50.471516,2025-05-06 10:44:50.471516
116327,59,2021-02-06,16,0,12.3,01:16,19.7,14:09,36,5.3,13.9,11:10,60,83,01:00,49,14:10,2025-05-06 10:44:50.631433,2025-05-06 10:44:50.631433
116346,59,2021-02-07,17,0,13.2,07:31,20.8,14:25,36,2.5,9.2,13:20,63,82,01:40,49,12:10,2025-05-06 10:44:50.788286,2025-05-06 10:44:50.788286
116364,59,2021-02-08,17.8,0,14.4,00:05,21.1,12:17,2,1.7,5.3,10:00,70,80,,55,12:10,2025-05-06 10:44:50.964233,2025-05-06 10:44:50.964233
116383,59,2021-02-09,17.1,0,12.4,07:14,21.8,15:00,12,2.5,6.4,15:20,76,85,06:40,65,10:20,2025-05-06 10:44:51.176777,2025-05-06 10:44:51.176777
116402,59,2021-02-10,17.8,0,14.2,,21.5,11:11,36,1.7,4.7,08:50,79,88,,66,11:10,2025-05-06 10:44:51.411307,2025-05-06 10:44:51.411307
116421,59,2021-02-11,18.8,0,16.2,23:36,21.3,13:24,9,1.9,7.2,12:00,71,79,23:50,61,11:30,2025-05-06 10:44:51.636767,2025-05-06 10:44:51.636767
116440,59,2021-02-12,19,0,16.2,00:01,21.7,13:07,2,5,11.4,11:10,65,80,01:00,55,13:00,2025-05-06 10:44:51.851650,2025-05-06 10:44:51.851650
116459,59,2021-02-13,19.6,0,16.9,23:44,22.4,15:19,6,4.7,11.7,12:20,67,78,23:40,57,14:30,2025-05-06 10:44:52.066538,2025-05-06 10:44:52.066538
116478,59,2021-02-14,18.8,0,15.8,07:17,21.7,19:05,9,3.1,9.7,14:50,75,83,,54,20:00,2025-05-06 10:44:52.290776,2025-05-06 10:44:52.290776
116497,59,2021-02-15,21,0,16,05:47,26.1,16:46,99,3.9,12.5,08:50,47,84,03:20,19,17:00,2025-05-06 10:44:52.537994,2025-05-06 10:44:52.537994
116516,59,2021-02-16,20.8,0,18.7,03:38,22.8,20:59,3,5.8,14.7,21:00,40,75,03:20,19,20:40,2025-05-06 10:44:52.784356,2025-05-06 10:44:52.784356
116535,59,2021-02-17,18.3,0,15.4,23:29,21.2,17:32,4,4.4,15.8,01:20,35,66,03:10,22,17:50,2025-05-06 10:44:53.033132,2025-05-06 10:44:53.033132
116554,59,2021-02-18,19,0,16.4,05:54,21.6,16:36,6,4.2,12.5,11:50,47,77,07:30,23,18:00,2025-05-06 10:44:53.282544,2025-05-06 10:44:53.282544
116573,59,2021-02-19,17.7,0,13.1,07:20,22.3,10:43,6,2.8,7.5,12:40,60,75,20:40,34,10:50,2025-05-06 10:44:53.523303,2025-05-06 10:44:53.523303
116592,59,2021-02-20,16.2,0.6,11.7,06:53,20.8,,28,5.6,17.5,23:59,73,86,23:30,56,01:20,2025-05-06 10:44:53.698890,2025-05-06 10:44:53.698890
116611,59,2021-02-21,18.3,0,14.8,23:56,21.8,15:22,30,4.2,15.3,00:10,55,84,01:20,44,11:30,2025-05-06 10:44:53.935639,2025-05-06 10:44:53.935639
116630,59,2021-02-22,16,0,11.4,07:22,20.7,13:00,1,2.2,4.7,23:00,69,83,07:00,61,12:50,2025-05-06 10:44:54.187874,2025-05-06 10:44:54.187874
116649,59,2021-02-23,18,0,14.3,06:58,21.8,11:56,6,3.3,14.2,14:20,78,88,,61,12:00,2025-05-06 10:44:54.447524,2025-05-06 10:44:54.447524
116668,59,2021-02-24,19,0,13.9,07:36,24.2,16:20,36,3.9,10,13:40,56,82,01:00,38,16:10,2025-05-06 10:44:54.682752,2025-05-06 10:44:54.682752
116687,59,2021-02-25,18.6,0,15.4,23:43,21.9,13:11,2,5.8,12.5,16:10,64,76,00:00,55,12:50,2025-05-06 10:44:54.926808,2025-05-06 10:44:54.926808
116706,59,2021-02-26,17.4,0,14.2,06:38,20.5,13:48,35,4.4,12.2,14:50,56,74,05:50,41,13:10,2025-05-06 10:44:55.169224,2025-05-06 10:44:55.169224
116725,59,2021-02-27,16.8,0,13.5,03:12,20.2,13:40,34,4.7,13.3,15:20,54,76,,44,11:30,2025-05-06 10:44:55.417787,2025-05-06 10:44:55.417787
116744,59,2021-02-28,16.2,0,12.7,06:58,19.7,11:42,34,2.8,11.4,19:30,65,87,05:00,52,11:30,2025-05-06 10:44:55.661489,2025-05-06 10:44:55.661489
116763,59,2021-03-01,17,0,12.4,07:40,21.5,12:34,34,3.6,11.7,16:40,63,82,06:00,44,11:20,2025-05-06 10:44:55.892107,2025-05-06 10:44:55.892107
116782,59,2021-03-02,17.6,0,14.1,,21.1,15:09,4,4.7,11.1,12:10,68,81,,54,17:00,2025-05-06 10:44:56.141879,2025-05-06 10:44:56.141879
116801,59,2021-03-03,19,0,15.4,01:58,22.7,16:13,10,4.2,11.4,13:40,65,77,,54,12:20,2025-05-06 10:44:56.381260,2025-05-06 10:44:56.381260
116820,59,2021-03-04,17.4,0,12.6,07:35,22.1,12:06,11,3.6,11.4,13:10,67,85,07:30,49,18:10,2025-05-06 10:44:56.626944,2025-05-06 10:44:56.626944
116839,59,2021-03-05,19.6,0,16.2,02:25,23,12:35,34,3.9,13.6,16:20,65,80,,53,,2025-05-06 10:44:56.835059,2025-05-06 10:44:56.835059
116858,59,2021-03-06,18.5,0,15.1,03:37,21.9,14:20,35,6.1,13.6,11:50,61,76,,48,14:10,2025-05-06 10:44:57.078922,2025-05-06 10:44:57.078922
116877,59,2021-03-07,19,0,16.1,07:22,22,14:21,1,4.4,11.7,12:50,58,77,00:10,42,16:20,2025-05-06 10:44:57.326033,2025-05-06 10:44:57.326033
116896,59,2021-03-08,17.9,0,15.5,07:11,20.3,10:56,36,4.2,10.8,17:30,69,79,03:50,53,17:20,2025-05-06 10:44:57.590324,2025-05-06 10:44:57.590324
116915,59,2021-03-09,18.4,0,15.3,04:52,21.4,14:30,36,5.6,15.8,16:20,57,82,04:40,37,13:30,2025-05-06 10:44:57.839968,2025-05-06 10:44:57.839968
116934,59,2021-03-10,18.5,0,16.1,07:24,20.9,14:33,5,7.8,14.7,13:30,54,66,23:00,47,11:00,2025-05-06 10:44:58.093408,2025-05-06 10:44:58.093408
116953,59,2021-03-11,19.8,0,15.7,02:40,23.9,17:51,4,3.6,12.2,10:50,53,78,23:40,29,17:40,2025-05-06 10:44:58.334820,2025-05-06 10:44:58.334820
116972,59,2021-03-12,19,0,16.5,07:10,21.4,11:06,10,5,12.2,15:00,71,80,01:00,57,12:00,2025-05-06 10:44:58.586514,2025-05-06 10:44:58.586514
116991,59,2021-03-13,18.3,0,15.8,03:50,20.8,13:04,4,4.4,11.7,11:10,67,74,22:30,61,,2025-05-06 10:44:58.840226,2025-05-06 10:44:58.840226
117010,59,2021-03-14,18,0,15.8,07:46,20.1,15:36,10,3.3,11.1,13:50,78,80,16:30,71,,2025-05-06 10:44:59.087522,2025-05-06 10:44:59.087522
117029,59,2021-03-15,17.6,0,13.6,07:51,21.5,10:47,7,1.9,7.8,16:30,73,83,,61,10:30,2025-05-06 10:44:59.347737,2025-05-06 10:44:59.347737
117048,59,2021-03-16,18.4,0,14.5,05:30,22.3,13:29,9,3.3,11.1,13:00,76,86,,58,13:10,2025-05-06 10:44:59.596913,2025-05-06 10:44:59.596913
117067,59,2021-03-17,18.3,0,13.9,07:22,22.7,13:04,8,3.1,11.7,12:20,70,84,,59,,2025-05-06 10:44:59.833792,2025-05-06 10:44:59.833792
117086,59,2021-03-18,19.4,0,15,02:59,23.8,12:52,17,3.6,9.7,16:00,58,76,07:20,43,12:30,2025-05-06 10:45:00.079972,2025-05-06 10:45:00.079972
117105,59,2021-03-19,19.6,0,15.4,06:25,23.8,13:54,2,4.2,12.2,15:10,54,77,05:20,33,13:50,2025-05-06 10:45:00.334604,2025-05-06 10:45:00.334604
117124,59,2021-03-20,19.6,0,15.8,,23.3,14:33,32,4.2,11.4,19:10,51,65,23:10,40,15:20,2025-05-06 10:45:00.581928,2025-05-06 10:45:00.581928
117143,59,2021-03-21,18.4,0,16.2,05:09,20.6,15:28,4,5,13.9,11:40,56,73,01:10,44,,2025-05-06 10:45:00.813830,2025-05-06 10:45:00.813830
117162,59,2021-03-22,17.7,0,14.4,06:46,21,17:17,9,3.9,13.3,15:10,60,70,06:40,50,17:20,2025-05-06 10:45:01.042185,2025-05-06 10:45:01.042185
117181,59,2021-03-23,19.6,0,14.6,06:31,24.7,15:23,7,3.3,8.3,10:10,61,79,05:40,23,14:40,2025-05-06 10:45:01.241347,2025-05-06 10:45:01.241347
117200,59,2021-03-24,24.2,0,18.8,07:24,29.5,15:34,3,1.7,9.4,01:30,29,52,04:00,13,20:40,2025-05-06 10:45:01.405288,2025-05-06 10:45:01.405288
117219,59,2021-03-25,24.8,0,20.5,06:17,29,17:00,6,3.3,25.3,22:10,26,44,06:10,11,16:40,2025-05-06 10:45:01.587024,2025-05-06 10:45:01.587024
117238,59,2021-03-26,21,0,18.7,22:41,23.4,00:45,8,5,13.9,00:10,75,86,09:10,37,00:40,2025-05-06 10:45:01.801024,2025-05-06 10:45:01.801024
117257,59,2021-03-27,20.4,0,18.1,05:13,22.6,15:05,22,5.3,10.6,03:10,78,87,,69,15:10,2025-05-06 10:45:02.040088,2025-05-06 10:45:02.040088
117276,59,2021-03-28,18.9,0,15,07:15,22.8,13:19,21,3.3,7.5,14:10,76,88,00:20,66,13:20,2025-05-06 10:45:02.279193,2025-05-06 10:45:02.279193
117295,59,2021-03-29,20.3,0,17.6,23:46,23,14:21,20,5,8.3,03:10,79,87,07:00,64,18:50,2025-05-06 10:45:02.532729,2025-05-06 10:45:02.532729
117314,59,2021-03-30,18.2,0,14,06:58,22.3,15:39,10,2.5,6.1,10:00,79,88,07:00,68,14:30,2025-05-06 10:45:02.764404,2025-05-06 10:45:02.764404
117333,59,2021-03-31,18.2,0,13.8,07:08,22.5,,99,4.4,9.7,,76,87,,66,12:30,2025-05-06 10:45:03.010577,2025-05-06 10:45:03.010577
117352,59,2021-04-01,18.8,0,15,06:44,22.6,14:04,36,2.2,5.3,20:00,75,79,18:50,59,09:10,2025-05-06 10:45:03.255787,2025-05-06 10:45:03.255787
117371,59,2021-04-02,19.8,0,17.4,04:13,22.1,13:24,99,6.1,11.4,,63,79,,55,11:10,2025-05-06 10:45:03.503398,2025-05-06 10:45:03.503398
117390,59,2021-04-03,18.9,0,15.9,03:27,21.9,11:31,8,4.7,13.9,15:10,60,76,02:10,50,11:20,2025-05-06 10:45:03.760188,2025-05-06 10:45:03.760188
117409,59,2021-04-04,19.6,0,17.4,,21.8,11:24,9,4.7,13.3,13:10,60,67,,49,11:20,2025-05-06 10:45:04.004662,2025-05-06 10:45:04.004662
117428,59,2021-04-05,18,0,13.7,06:38,22.3,14:20,8,2.8,10,11:50,69,75,,54,19:30,2025-05-06 10:45:04.249454,2025-05-06 10:45:04.249454
117447,59,2021-04-06,18.8,0,14.8,06:58,22.7,15:51,2,2.2,7.5,09:30,66,76,06:50,48,10:20,2025-05-06 10:45:04.502951,2025-05-06 10:45:04.502951
117466,59,2021-04-07,17.9,0,13.9,06:54,21.9,16:16,6,2.2,5.8,22:00,70,78,21:20,56,09:50,2025-05-06 10:45:04.750003,2025-05-06 10:45:04.750003
117485,59,2021-04-08,18.8,0,14.3,,23.3,13:51,10,2.8,5.8,17:40,71,79,21:00,59,14:00,2025-05-06 10:45:05.002256,2025-05-06 10:45:05.002256
117504,59,2021-04-09,19.8,0,16.1,06:48,23.4,15:04,2,2.2,5.6,22:10,75,81,20:00,66,15:20,2025-05-06 10:45:05.247304,2025-05-06 10:45:05.247304
117523,59,2021-04-10,19.6,0,16.6,06:52,22.5,10:29,99,3.3,11.1,,70,79,,50,10:40,2025-05-06 10:45:05.475890,2025-05-06 10:45:05.475890
117542,59,2021-04-11,19.2,0,15.6,05:08,22.8,11:12,8,3.1,11.7,12:20,77,83,04:50,57,11:10,2025-05-06 10:45:05.655553,2025-05-06 10:45:05.655553
117561,59,2021-04-12,20.2,0,17.3,04:56,23.1,17:28,8,3.9,11.9,13:00,75,85,,57,10:20,2025-05-06 10:45:05.838485,2025-05-06 10:45:05.838485
117580,59,2021-04-13,21.8,0,18,05:07,25.5,17:22,34,2.8,10.8,16:50,73,82,19:10,43,16:40,2025-05-06 10:45:06.014407,2025-05-06 10:45:06.014407
117599,59,2021-04-14,22.2,0,18.7,04:50,25.8,12:27,35,4.2,13.6,11:10,69,83,04:40,54,12:30,2025-05-06 10:45:06.236360,2025-05-06 10:45:06.236360
117618,59,2021-04-15,22.5,0,18.8,05:31,26.2,14:45,26,4.2,11.4,15:20,59,79,08:20,43,13:50,2025-05-06 10:45:06.421939,2025-05-06 10:45:06.421939
117637,59,2021-04-16,21.2,0,17.5,06:47,24.8,14:09,1,4.2,12.5,11:40,63,78,07:00,45,13:50,2025-05-06 10:45:06.585317,2025-05-06 10:45:06.585317
117656,59,2021-04-17,21.2,0,18.5,23:56,24,16:45,8,5,11.7,12:40,66,76,06:30,50,11:40,2025-05-06 10:45:06.820133,2025-05-06 10:45:06.820133
117675,59,2021-04-18,21,0,17.8,23:19,24.1,11:30,8,4.7,11.7,13:00,67,70,,47,11:20,2025-05-06 10:45:07.048645,2025-05-06 10:45:07.048645
117694,59,2021-04-19,20.4,0,15.8,06:41,24.9,15:54,8,5,12.2,14:30,69,77,06:50,49,10:20,2025-05-06 10:45:07.275944,2025-05-06 10:45:07.275944
117713,59,2021-04-20,21.5,0,17.3,05:49,25.7,12:35,6,5.3,11.4,12:40,58,78,05:50,35,11:30,2025-05-06 10:45:07.517813,2025-05-06 10:45:07.517813
117732,59,2021-04-21,21.4,0,17.4,03:57,25.4,13:00,9,3.1,11.4,14:30,58,76,04:00,42,13:00,2025-05-06 10:45:07.753913,2025-05-06 10:45:07.753913
117751,59,2021-04-22,20.7,0,18,06:14,23.4,15:19,10,2.2,9.2,11:10,69,78,19:00,58,09:30,2025-05-06 10:45:07.946559,2025-05-06 10:45:07.946559
117770,59,2021-04-23,20.4,0,15.8,06:54,25.1,14:51,35,2.2,9.2,19:30,69,74,,60,09:20,2025-05-06 10:45:08.181470,2025-05-06 10:45:08.181470
117789,59,2021-04-24,22.7,0,18.5,07:08,26.9,12:10,36,2.8,11.9,14:40,52,74,03:30,34,13:20,2025-05-06 10:45:08.417494,2025-05-06 10:45:08.417494
117808,59,2021-04-25,22.5,0,18.8,06:30,26.2,14:34,26,3.9,11.7,14:00,52,74,02:50,39,14:00,2025-05-06 10:45:08.644581,2025-05-06 10:45:08.644581
117827,59,2021-04-26,22.2,0,18.6,04:09,25.9,13:38,34,3.3,12.5,12:20,59,75,,46,11:20,2025-05-06 10:45:08.889240,2025-05-06 10:45:08.889240
117846,59,2021-04-27,19.6,0,15.7,05:56,23.4,15:20,8,2.8,7.8,20:40,69,78,,61,15:20,2025-05-06 10:45:09.143939,2025-05-06 10:45:09.143939
117865,59,2021-04-28,19.6,0,16.1,06:01,23,12:19,6,1.9,5.8,17:00,73,82,06:30,64,09:20,2025-05-06 10:45:09.393201,2025-05-06 10:45:09.393201
117884,59,2021-04-29,19.7,0,15.6,05:31,23.8,15:14,28,2.5,6.7,19:30,72,83,06:30,51,19:20,2025-05-06 10:45:09.648059,2025-05-06 10:45:09.648059
117903,59,2021-04-30,20.6,0,16.5,06:25,24.8,11:39,36,4.4,13.9,12:10,61,77,06:10,46,13:50,2025-05-06 10:45:09.882544,2025-05-06 10:45:09.882544
117922,59,2021-05-01,18.4,0,15,06:41,21.7,11:08,6,5.3,12.8,13:40,59,70,06:40,47,11:20,2025-05-06 10:45:10.125002,2025-05-06 10:45:10.125002
117941,59,2021-05-02,18.9,0,15.6,06:34,22.2,11:33,9,4.4,13.9,13:30,61,70,06:20,42,09:10,2025-05-06 10:45:10.375764,2025-05-06 10:45:10.375764
117960,59,2021-05-03,19.4,0,15.9,06:14,22.8,12:48,7,4.7,13.6,14:00,60,71,04:40,47,,2025-05-06 10:45:10.630998,2025-05-06 10:45:10.630998
117979,59,2021-05-04,20,0,16.8,06:16,23.2,14:53,36,5.3,13.3,13:00,52,68,01:30,42,15:00,2025-05-06 10:45:10.881864,2025-05-06 10:45:10.881864
117998,59,2021-05-05,20.8,0,16.8,05:53,24.9,14:40,36,5,12.8,12:40,58,72,05:50,46,11:30,2025-05-06 10:45:11.126934,2025-05-06 10:45:11.126934
118017,59,2021-05-06,20.7,0,17.4,04:49,24,11:28,9,5,12.8,12:10,67,74,04:30,52,10:20,2025-05-06 10:45:11.364999,2025-05-06 10:45:11.364999
118036,59,2021-05-07,21,0,17,04:21,24.9,17:08,11,4.4,13.1,13:00,70,81,,58,11:50,2025-05-06 10:45:11.631204,2025-05-06 10:45:11.631204
118054,59,2021-05-08,21.4,0,18,06:25,24.7,12:38,1,2.2,10,18:30,61,74,06:30,51,09:50,2025-05-06 10:45:11.848434,2025-05-06 10:45:11.848434
118073,59,2021-05-09,20.4,0,16.7,05:31,24,10:05,35,3.1,10.6,19:50,70,82,22:40,52,10:00,2025-05-06 10:45:12.004245,2025-05-06 10:45:12.004245
118092,59,2021-05-10,20.8,0,18.5,06:35,23.2,17:51,8,5,11.9,15:30,67,82,03:30,53,17:50,2025-05-06 10:45:12.166315,2025-05-06 10:45:12.166315
118111,59,2021-05-11,19.8,0,16.3,05:34,23.4,11:48,8,5.3,14.2,15:00,61,72,05:50,50,,2025-05-06 10:45:12.390409,2025-05-06 10:45:12.390409
118130,59,2021-05-12,21.3,0,17.6,,25,16:16,33,4.7,12.8,19:10,57,73,23:30,49,17:40,2025-05-06 10:45:12.614042,2025-05-06 10:45:12.614042
118149,59,2021-05-13,21.7,0,18,04:00,25.4,15:15,35,5.6,15.3,15:10,59,78,,46,13:30,2025-05-06 10:45:12.884913,2025-05-06 10:45:12.884913
118168,59,2021-05-14,22,0,18.8,00:01,25.1,13:01,2,7.5,16.1,13:20,62,74,,49,12:50,2025-05-06 10:45:13.121542,2025-05-06 10:45:13.121542
118187,59,2021-05-15,22.2,0,19.5,04:51,25,13:15,2,5.8,14.4,08:20,66,74,,56,11:50,2025-05-06 10:45:13.359268,2025-05-06 10:45:13.359268
118206,59,2021-05-16,23.3,0,19.2,05:06,27.4,14:51,36,2.5,11.1,03:10,65,80,05:10,54,14:50,2025-05-06 10:45:13.607051,2025-05-06 10:45:13.607051
118224,59,2021-05-17,23.8,0,19.6,23:44,28.1,15:16,3,4.4,13.6,13:50,48,74,23:59,35,15:20,2025-05-06 10:45:13.814913,2025-05-06 10:45:13.814913
118242,59,2021-05-18,24.2,0,19.3,01:44,29,,3,7.5,14.4,11:30,47,74,,32,16:50,2025-05-06 10:45:14.046533,2025-05-06 10:45:14.046533
118260,59,2021-05-19,22.2,0,20.1,06:07,24.2,15:27,36,5,11.9,07:50,67,78,22:10,57,09:40,2025-05-06 10:45:14.252453,2025-05-06 10:45:14.252453
118278,59,2021-05-20,24.4,0,19.5,04:28,29.2,14:51,2,5.8,14.7,22:00,53,76,01:00,41,13:10,2025-05-06 10:45:14.467309,2025-05-06 10:45:14.467309
118296,59,2021-05-21,27.5,0,22.8,01:28,32.2,13:01,3,8.6,18.9,17:30,42,59,01:30,34,13:00,2025-05-06 10:45:14.697003,2025-05-06 10:45:14.697003
118313,59,2021-05-22,23.4,0,19.5,23:46,27.3,14:09,2,7.8,17.5,03:30,57,72,23:50,47,13:40,2025-05-06 10:45:14.916231,2025-05-06 10:45:14.916231
118330,59,2021-05-23,20.8,0,18.2,23:36,23.4,13:39,6,8.9,18.9,11:10,59,72,,49,11:00,2025-05-06 10:45:15.108641,2025-05-06 10:45:15.108641
118347,59,2021-05-24,21.5,0,17.5,,25.5,15:17,35,6.1,15.3,17:10,56,70,23:30,36,15:20,2025-05-06 10:45:15.335397,2025-05-06 10:45:15.335397
118365,59,2021-05-25,22,0,18.4,02:24,25.6,12:44,36,5.8,12.8,16:30,58,74,02:10,47,,2025-05-06 10:45:15.553628,2025-05-06 10:45:15.553628
118384,59,2021-05-26,21.3,0,17.6,06:03,25,14:33,2,4.4,11.9,08:20,55,69,00:50,44,14:20,2025-05-06 10:45:15.798277,2025-05-06 10:45:15.798277
118403,59,2021-05-27,19.4,0,16.1,05:53,22.7,17:38,9,3.3,12.2,13:10,65,75,06:10,53,10:00,2025-05-06 10:45:16.050331,2025-05-06 10:45:16.050331
118422,59,2021-05-28,21.2,0,19.1,,23.4,17:30,8,2.5,10,13:50,63,75,17:00,56,11:50,2025-05-06 10:45:16.282715,2025-05-06 10:45:16.282715
118440,59,2021-05-29,21.2,0,17.1,04:49,25.3,12:11,8,4.2,15,13:10,71,76,,49,12:00,2025-05-06 10:45:16.509515,2025-05-06 10:45:16.509515
118458,59,2021-05-30,22,0,19.1,,24.8,12:10,8,4.4,11.7,13:00,74,80,04:50,55,12:10,2025-05-06 10:45:16.690828,2025-05-06 10:45:16.690828
118477,59,2021-05-31,20.5,0,18.7,,22.3,11:44,9,6.1,13.3,14:00,70,77,00:10,61,10:40,2025-05-06 10:45:16.857018,2025-05-06 10:45:16.857018
118496,59,2021-06-01,21.8,0,18.3,04:39,25.2,16:22,99,4.4,10.8,,66,73,,54,16:20,2025-05-06 10:45:17.005843,2025-05-06 10:45:17.005843
118515,59,2021-06-02,20.3,0,16.6,06:17,24,15:34,99,4.4,12.2,,64,74,03:30,51,10:50,2025-05-06 10:45:17.153557,2025-05-06 10:45:17.153557
118534,59,2021-06-03,20.9,0,18.3,05:17,23.5,13:13,5,5,12.2,14:30,67,75,,60,09:40,2025-05-06 10:45:17.303454,2025-05-06 10:45:17.303454
118553,59,2021-06-04,20.2,0,17.3,05:45,23.2,12:28,7,5,14.7,13:10,71,83,06:30,49,18:10,2025-05-06 10:45:17.476737,2025-05-06 10:45:17.476737
118572,59,2021-06-05,20.2,0,17.4,05:51,23.1,12:01,7,5.6,13.9,13:40,62,68,,52,,2025-05-06 10:45:17.624475,2025-05-06 10:45:17.624475
118591,59,2021-06-06,22,0,16.9,06:22,27.1,14:57,9,3.6,11.9,14:10,70,75,06:20,52,16:40,2025-05-06 10:45:17.772526,2025-05-06 10:45:17.772526
118610,59,2021-06-07,22.2,0,19.2,05:33,25.2,15:41,8,3.9,13.3,13:40,72,82,16:30,61,11:00,2025-05-06 10:45:17.957877,2025-05-06 10:45:17.957877
118629,59,2021-06-08,22.8,0,19.9,,25.7,16:06,99,3.9,11.4,11:50,76,82,,55,23:10,2025-05-06 10:45:18.156072,2025-05-06 10:45:18.156072
118648,59,2021-06-09,27.2,0,21.2,06:20,33.3,14:13,3,5.6,15.8,12:00,37,75,06:20,19,,2025-05-06 10:45:18.334512,2025-05-06 10:45:18.334512
118667,59,2021-06-10,26.7,0,21.9,21:22,31.5,09:06,23,3.3,13.6,16:20,58,83,21:20,24,04:40,2025-05-06 10:45:18.511742,2025-05-06 10:45:18.511742
118686,59,2021-06-11,27.4,0,23.5,02:00,31.4,11:43,2,6.1,13.6,15:10,31,61,02:00,20,10:50,2025-05-06 10:45:18.725359,2025-05-06 10:45:18.725359
118705,59,2021-06-12,22.4,0,19.6,23:56,25.2,14:43,36,5.3,11.7,00:30,61,73,,41,01:00,2025-05-06 10:45:18.940620,2025-05-06 10:45:18.940620
118724,59,2021-06-13,22.1,0,19.1,,25.1,17:06,99,5.3,13.6,,65,75,,55,11:10,2025-05-06 10:46:21.660519,2025-05-06 10:46:21.660519
118743,59,2021-06-14,22.8,0,19.7,06:07,25.8,11:08,9,5.3,14.4,13:10,72,74,,52,11:10,2025-05-06 10:46:21.907332,2025-05-06 10:46:21.907332
118762,59,2021-06-15,23.2,0,18.8,05:25,27.7,12:59,8,2.8,11.7,13:10,67,81,05:20,45,12:50,2025-05-06 10:46:22.136223,2025-05-06 10:46:22.136223
118781,59,2021-06-16,23.4,0,19.4,05:09,27.3,14:44,35,3.1,12.2,19:10,60,78,06:00,44,14:50,2025-05-06 10:46:22.389404,2025-05-06 10:46:22.389404
118800,59,2021-06-17,23.8,0,20.6,03:39,27,13:32,3,4.7,12.2,11:50,61,77,,50,,2025-05-06 10:46:22.632943,2025-05-06 10:46:22.632943
118819,59,2021-06-18,22.6,0,19.5,23:23,25.8,13:29,2,5.3,13.1,15:50,56,77,,37,16:40,2025-05-06 10:46:22.872740,2025-05-06 10:46:22.872740
118838,59,2021-06-19,21.6,0,18,06:06,25.2,12:18,6,4.7,13.3,16:00,50,66,,40,09:40,2025-05-06 10:46:23.118521,2025-05-06 10:46:23.118521
118857,59,2021-06-20,22,0,18.4,06:23,25.7,15:55,8,4.7,13.3,13:20,61,73,23:59,43,11:20,2025-05-06 10:46:23.370604,2025-05-06 10:46:23.370604
118876,59,2021-06-21,22.6,0,19.7,23:57,25.4,17:27,8,4.2,10.8,13:10,69,82,13:40,49,18:40,2025-05-06 10:46:23.617419,2025-05-06 10:46:23.617419
118895,59,2021-06-22,21.2,0,18.2,04:17,24.3,11:53,6,5,15.3,13:40,62,78,04:30,51,11:50,2025-05-06 10:46:23.878857,2025-05-06 10:46:23.878857
118914,59,2021-06-23,22.4,0,19.6,02:28,25.1,15:20,5,4.7,13.9,09:30,59,72,23:50,49,17:30,2025-05-06 10:46:24.118190,2025-05-06 10:46:24.118190
118933,59,2021-06-24,22.3,0,18.4,06:09,26.2,16:01,9,4.4,13.3,13:30,62,72,00:00,48,10:50,2025-05-06 10:46:24.372122,2025-05-06 10:46:24.372122
118952,59,2021-06-25,21.6,0,17.5,06:37,25.8,17:43,8,2.8,8.3,11:30,66,73,06:20,54,18:40,2025-05-06 10:46:24.615242,2025-05-06 10:46:24.615242
118971,59,2021-06-26,22.5,0,19.4,06:00,25.6,14:47,11,4.7,13.1,12:50,68,77,16:50,55,10:40,2025-05-06 10:46:24.871717,2025-05-06 10:46:24.871717
118990,59,2021-06-27,23,0,19.2,05:52,26.7,16:49,10,4.2,12.5,13:20,66,80,,53,12:20,2025-05-06 10:46:25.127630,2025-05-06 10:46:25.127630
119009,59,2021-06-28,22.1,0,18,,26.2,14:19,34,4.4,12.2,19:40,65,79,05:10,55,11:40,2025-05-06 10:46:25.371360,2025-05-06 10:46:25.371360
119028,59,2021-06-29,23.2,0,19.4,04:06,27,13:56,2,6.4,14.4,17:30,61,76,,50,14:00,2025-05-06 10:46:25.612764,2025-05-06 10:46:25.612764
119047,59,2021-06-30,22.7,0,18.8,,26.6,14:19,10,4.4,11.1,13:20,64,74,,48,14:40,2025-05-06 10:46:25.871364,2025-05-06 10:46:25.871364
119066,59,2021-07-01,22,0,18,05:52,26.1,14:10,10,4.4,14.2,12:20,68,74,,52,11:00,2025-05-06 10:46:26.124891,2025-05-06 10:46:26.124891
119085,59,2021-07-02,22.6,0,18.4,05:43,26.8,15:41,9,2.5,8.3,12:10,72,81,05:50,61,14:20,2025-05-06 10:46:26.346749,2025-05-06 10:46:26.346749
119104,59,2021-07-03,26.6,0,20.7,01:00,32.4,15:44,3,5.8,15,12:20,41,74,,22,13:40,2025-05-06 10:46:26.605045,2025-05-06 10:46:26.605045
119123,59,2021-07-04,25.5,0,20.4,02:12,30.6,13:11,2,5.6,11.4,06:20,57,74,23:40,42,,2025-05-06 10:46:26.843651,2025-05-06 10:46:26.843651
119142,59,2021-07-05,25.1,0,20,04:14,30.2,14:16,7,4.4,11.1,15:30,62,79,,45,14:20,2025-05-06 10:46:27.002322,2025-05-06 10:46:27.002322
119161,59,2021-07-06,24.4,0,20.5,05:43,28.2,15:40,10,4.2,12.2,12:20,73,82,,58,15:50,2025-05-06 10:46:27.158728,2025-05-06 10:46:27.158728
119180,59,2021-07-07,23.6,0,20.1,05:32,27.2,14:31,3,5.6,11.7,17:20,67,83,05:50,55,14:00,2025-05-06 10:46:27.379026,2025-05-06 10:46:27.379026
119199,59,2021-07-08,23.9,0,20,06:17,27.8,13:07,36,5.3,14.7,18:00,57,77,00:00,45,,2025-05-06 10:46:27.616223,2025-05-06 10:46:27.616223
119218,59,2021-07-09,23.5,0,20.2,04:59,26.8,13:47,36,6.1,12.2,07:40,62,80,23:50,50,13:20,2025-05-06 10:46:27.837816,2025-05-06 10:46:27.837816
119236,59,2021-07-10,24.3,0,21.3,00:01,27.3,11:37,36,3.1,10,20:50,74,83,20:10,60,11:10,2025-05-06 10:46:28.075087,2025-05-06 10:46:28.075087
119255,59,2021-07-11,23.1,0,19.8,05:51,26.4,,99,1.4,9.2,,79,85,00:50,65,23:59,2025-05-06 10:46:28.323708,2025-05-06 10:46:28.323708
119274,59,2021-07-12,31.8,0,26.2,00:01,37.3,10:16,36,4.2,12.8,23:59,42,65,00:00,28,10:10,2025-05-06 10:46:28.580999,2025-05-06 10:46:28.580999
119293,59,2021-07-13,27.6,0,23.8,22:05,31.4,16:25,36,5.3,15.3,00:40,46,63,17:50,28,,2025-05-06 10:46:28.828435,2025-05-06 10:46:28.828435
119311,59,2021-07-14,26.4,0,22,05:31,30.9,17:27,2,6.1,15,15:10,47,65,03:20,30,14:50,2025-05-06 10:46:29.083276,2025-05-06 10:46:29.083276
119329,59,2021-07-15,24.6,0,20.1,06:15,29,11:23,10,5.3,14.4,15:10,70,81,06:20,49,11:20,2025-05-06 10:46:29.282193,2025-05-06 10:46:29.282193
119347,59,2021-07-16,26.7,0,21.1,04:53,32.3,14:48,3,4.2,13.6,11:40,60,75,,33,11:00,2025-05-06 10:46:29.447184,2025-05-06 10:46:29.447184
119365,59,2021-07-17,26.9,0,21.1,06:24,32.7,15:17,8,4.7,10.6,16:40,54,85,23:00,32,15:00,2025-05-06 10:46:29.610107,2025-05-06 10:46:29.610107
119383,59,2021-07-18,29.9,0,21.9,01:00,37.9,14:00,1,6.7,13.6,11:40,22,86,00:50,17,23:59,2025-05-06 10:46:29.779646,2025-05-06 10:46:29.779646
119401,59,2021-07-19,30.8,0,23.6,21:28,38,14:17,2,5,12.5,07:10,36,78,21:20,12,14:00,2025-05-06 10:46:29.964321,2025-05-06 10:46:29.964321
119420,59,2021-07-20,24.8,0,20.9,06:22,28.6,13:38,10,3.3,11.4,11:40,70,84,01:00,51,10:50,2025-05-06 10:46:30.194615,2025-05-06 10:46:30.194615
119439,59,2021-07-21,23.8,0,20,05:57,27.7,14:41,2,4.7,13.6,11:10,61,76,,47,14:00,2025-05-06 10:46:30.397596,2025-05-06 10:46:30.397596
119458,59,2021-07-22,24.4,0,20.9,05:21,27.9,15:08,2,6.4,12.8,10:30,59,74,,48,13:20,2025-05-06 10:46:30.593831,2025-05-06 10:46:30.593831
119477,59,2021-07-23,25.8,0,21.8,06:21,29.9,14:36,2,5,12.8,18:30,61,73,,50,12:40,2025-05-06 10:46:30.809985,2025-05-06 10:46:30.809985
119496,59,2021-07-24,25.2,0,22.4,23:54,27.9,17:04,6,5.3,10.3,12:50,63,75,23:40,57,17:10,2025-05-06 10:46:31.064303,2025-05-06 10:46:31.064303
119515,59,2021-07-25,26.8,0,21.5,06:21,32.2,14:41,6,3.3,11.4,12:20,66,75,,33,11:50,2025-05-06 10:46:31.310221,2025-05-06 10:46:31.310221
119534,59,2021-07-26,25.8,0,21.2,06:14,30.5,14:46,36,5.6,11.7,19:10,70,79,,51,14:40,2025-05-06 10:46:31.563585,2025-05-06 10:46:31.563585
119553,59,2021-07-27,25,0,21.8,06:50,28.2,13:55,2,5.6,11.9,14:40,63,79,00:00,52,,2025-05-06 10:46:31.806719,2025-05-06 10:46:31.806719
119572,59,2021-07-28,24.7,0,21.3,05:03,28.1,12:38,8,4.2,12.8,16:40,65,76,,54,12:40,2025-05-06 10:46:32.068529,2025-05-06 10:46:32.068529
119591,59,2021-07-29,25.4,0,21.1,,29.7,14:26,9,5,9.7,13:50,67,78,,50,14:30,2025-05-06 10:46:32.295646,2025-05-06 10:46:32.295646
119610,59,2021-07-30,26.2,0,21.3,,31.1,15:57,2,4.4,11.4,19:40,64,75,04:30,35,15:30,2025-05-06 10:46:32.549498,2025-05-06 10:46:32.549498
119629,59,2021-07-31,26,0,22.2,23:56,29.7,17:00,4,5.8,12.8,,56,72,23:50,43,16:00,2025-05-06 10:46:32.784872,2025-05-06 10:46:32.784872
119648,59,2021-08-01,23.7,0,20.8,05:52,26.6,13:10,4,5.6,13.3,09:20,64,76,05:40,55,13:10,2025-05-06 10:46:33.014385,2025-05-06 10:46:33.014385
119667,59,2021-08-02,24.2,0,20.5,06:08,27.8,13:10,4,4.4,11.1,12:10,62,75,,53,13:10,2025-05-06 10:46:33.238569,2025-05-06 10:46:33.238569
119686,59,2021-08-03,23.4,0,20.7,07:00,26,12:09,8,4.4,13.3,16:00,71,80,,58,18:40,2025-05-06 10:46:33.479637,2025-05-06 10:46:33.479637
119705,59,2021-08-04,24.4,0,21,04:20,27.8,16:51,9,4.2,12.8,12:40,62,72,16:10,51,11:30,2025-05-06 10:46:33.739103,2025-05-06 10:46:33.739103
119724,59,2021-08-05,25.8,0,21.1,02:54,30.4,14:11,36,3.3,11.4,20:10,60,82,22:20,48,13:10,2025-05-06 10:46:33.964843,2025-05-06 10:46:33.964843
119743,59,2021-08-06,25.6,0,21.1,04:26,30.2,15:31,36,3.3,9.7,,59,84,02:50,42,17:30,2025-05-06 10:46:34.201136,2025-05-06 10:46:34.201136
119762,59,2021-08-07,24,0,21.1,,26.8,11:06,10,4.4,12.8,13:00,72,84,01:20,56,11:00,2025-05-06 10:46:34.438614,2025-05-06 10:46:34.438614
119781,59,2021-08-08,25.6,0,21.3,06:10,29.9,15:04,8,5,12.5,13:30,66,79,03:00,47,15:00,2025-05-06 10:46:34.693837,2025-05-06 10:46:34.693837
119800,59,2021-08-09,24.2,0,20.6,05:50,27.7,13:31,1,5,11.7,10:30,54,75,,43,15:50,2025-05-06 10:46:34.918082,2025-05-06 10:46:34.918082
119819,59,2021-08-10,24.2,0,20.5,04:37,27.9,14:10,2,4.2,11.4,12:50,56,74,23:20,42,13:40,2025-05-06 10:46:35.158130,2025-05-06 10:46:35.158130
119838,59,2021-08-11,22.2,0,19.3,06:39,25.1,10:33,9,3.3,12.2,12:50,71,78,06:50,55,09:40,2025-05-06 10:46:35.406565,2025-05-06 10:46:35.406565
119857,59,2021-08-12,25.6,0,21.8,00:01,29.4,15:04,8,5,12.5,14:00,66,76,20:50,52,15:00,2025-05-06 10:46:35.617449,2025-05-06 10:46:35.617449
119876,59,2021-08-13,26.4,0,21.4,05:39,31.5,13:51,10,3.3,10.8,14:40,65,77,23:40,50,13:50,2025-05-06 10:46:35.791921,2025-05-06 10:46:35.791921
119895,59,2021-08-14,25.1,0,21.8,06:57,28.4,16:19,7,3.6,11.4,13:10,78,86,21:50,66,16:20,2025-05-06 10:46:35.969291,2025-05-06 10:46:35.969291
119914,59,2021-08-15,26,0,22.7,03:54,29.4,21:41,2,2.2,10.3,23:00,77,87,02:50,44,21:40,2025-05-06 10:46:36.154339,2025-05-06 10:46:36.154339
119933,59,2021-08-16,32.5,0,28.5,00:07,36.5,14:14,34,7.2,16.1,20:00,32,48,00:00,23,05:40,2025-05-06 10:46:36.302609,2025-05-06 10:46:36.302609
119952,59,2021-08-17,33,0,29.8,00:01,36.3,11:50,2,7.2,17.8,19:10,22,35,00:00,17,16:10,2025-05-06 10:46:36.455325,2025-05-06 10:46:36.455325
119971,59,2021-08-18,30.2,0,25.5,,34.8,,3,6.4,17.2,01:10,23,50,23:30,16,,2025-05-06 10:46:36.636975,2025-05-06 10:46:36.636975
119990,59,2021-08-19,27,0,22.7,05:59,31.2,12:33,6,4.2,9.7,11:10,61,77,20:20,36,02:30,2025-05-06 10:46:36.798976,2025-05-06 10:46:36.798976
120009,59,2021-08-20,27.6,0,22.5,24:00,32.6,15:21,9,4.4,11.9,13:00,58,76,23:50,29,15:50,2025-05-06 10:46:36.941758,2025-05-06 10:46:36.941758
120028,59,2021-08-21,24.6,0,21.1,,28,13:04,3,5.3,13.3,13:50,64,81,,50,13:10,2025-05-06 10:46:37.107210,2025-05-06 10:46:37.107210
120047,59,2021-08-22,24.8,0,20,06:56,29.5,16:39,7,4.4,11.9,12:40,65,82,,39,12:10,2025-05-06 10:46:37.258217,2025-05-06 10:46:37.258217
120066,59,2021-08-23,25.1,0,20,06:36,30.2,13:20,11,4.4,13.1,14:50,62,81,,46,,2025-05-06 10:46:37.423700,2025-05-06 10:46:37.423700
120085,59,2021-08-24,25.3,0,21.4,03:46,29.2,15:04,12,4.4,12.2,13:30,64,75,,48,15:10,2025-05-06 10:46:37.584536,2025-05-06 10:46:37.584536
120104,59,2021-08-25,25.1,0,21.3,02:05,28.9,11:35,8,5.3,14.4,12:30,68,75,23:50,49,11:30,2025-05-06 10:46:37.741138,2025-05-06 10:46:37.741138
120123,59,2021-08-26,23.4,0,20.1,05:43,26.7,11:05,9,4.4,13.6,13:10,78,85,07:00,53,11:00,2025-05-06 10:46:37.936571,2025-05-06 10:46:37.936571
120142,59,2021-08-27,24.7,0,21.3,06:37,28.1,16:11,10,4.2,12.2,15:30,70,79,05:30,52,11:20,2025-05-06 10:46:38.161995,2025-05-06 10:46:38.161995
120161,59,2021-08-28,26.5,0,22.2,06:11,30.8,14:09,99,4.2,15,14:50,58,80,15:20,44,10:10,2025-05-06 10:46:38.395122,2025-05-06 10:46:38.395122
120180,59,2021-08-29,26,0,22,05:49,29.9,15:04,9,4.2,11.7,11:20,73,82,07:00,53,14:50,2025-05-06 10:46:38.648850,2025-05-06 10:46:38.648850
120199,59,2021-08-30,25.6,0,21.7,05:56,29.4,17:01,9,3.6,13.6,13:50,69,79,06:30,54,11:00,2025-05-06 10:46:38.900578,2025-05-06 10:46:38.900578
120218,59,2021-08-31,25,0,21.7,,28.2,10:54,12,2.8,10.8,11:50,78,84,06:30,55,10:50,2025-05-06 10:46:39.107633,2025-05-06 10:46:39.107633
120237,59,2021-09-01,24.4,0,21.9,,27,12:58,1,2.5,6.9,00:40,76,84,07:00,66,09:30,2025-05-06 10:46:39.288972,2025-05-06 10:46:39.288972
120256,59,2021-09-02,24.8,0,22.4,05:02,27.1,10:19,7,4.4,13.9,15:10,75,85,06:30,65,,2025-05-06 10:46:39.524426,2025-05-06 10:46:39.524426
120275,59,2021-09-03,24.6,0,22.3,06:32,27,18:01,10,4.2,12.5,13:40,68,78,00:00,59,11:50,2025-05-06 10:46:39.725418,2025-05-06 10:46:39.725418
120294,59,2021-09-04,23,0,20.3,06:59,25.7,13:19,9,3.1,10.8,12:20,79,86,,64,09:30,2025-05-06 10:46:39.941800,2025-05-06 10:46:39.941800
120313,59,2021-09-05,23.7,0,20.2,05:33,27.2,14:24,11,1.9,6.4,19:10,78,87,01:00,70,14:10,2025-05-06 10:46:40.155029,2025-05-06 10:46:40.155029
120332,59,2021-09-06,24.6,0,21.5,05:43,27.7,12:56,36,1.9,8.9,23:59,78,88,21:20,68,14:40,2025-05-06 10:46:40.318177,2025-05-06 10:46:40.318177
120351,59,2021-09-07,27.6,0,23.6,,31.6,16:40,9,4.2,11.1,13:30,72,83,,55,16:40,2025-05-06 10:46:40.462263,2025-05-06 10:46:40.462263
120370,59,2021-09-08,27.4,0,23.1,,31.7,13:34,2,4.7,12.2,23:50,57,80,,39,13:30,2025-05-06 10:46:40.600576,2025-05-06 10:46:40.600576
120389,59,2021-09-09,28,0,23.6,06:25,32.5,16:08,99,6.1,11.7,,57,76,06:20,36,16:10,2025-05-06 10:46:40.755997,2025-05-06 10:46:40.755997
120408,59,2021-09-10,26.7,0,23.1,06:19,30.3,14:01,2,4.4,11.1,00:40,62,76,,45,13:10,2025-05-06 10:46:40.951056,2025-05-06 10:46:40.951056
120427,59,2021-09-11,25.4,0,22.2,06:14,28.5,10:46,9,3.9,10.3,13:10,74,88,21:50,55,10:50,2025-05-06 10:46:41.164855,2025-05-06 10:46:41.164855
120446,59,2021-09-12,26,0,22.9,23:58,29.2,12:25,22,3.1,11.4,07:50,79,92,22:00,52,12:50,2025-05-06 10:46:41.351772,2025-05-06 10:46:41.351772
120465,59,2021-09-13,24.2,0,21.6,05:57,26.7,11:20,22,3.6,8.9,14:50,78,92,,70,17:50,2025-05-06 10:46:41.522324,2025-05-06 10:46:41.522324
120484,59,2021-09-14,26.8,0,22.3,06:56,31.2,12:51,35,3.1,10.6,16:40,62,85,07:00,45,13:00,2025-05-06 10:46:41.658053,2025-05-06 10:46:41.658053
120503,59,2021-09-15,24.4,0,20.9,06:32,27.8,10:11,6,2.2,8.6,10:40,77,82,06:40,51,10:00,2025-05-06 10:46:41.808634,2025-05-06 10:46:41.808634
120522,59,2021-09-16,24.6,0,21.6,06:30,27.6,10:57,9,3.9,12.5,16:00,72,83,03:50,53,11:00,2025-05-06 10:46:41.978772,2025-05-06 10:46:41.978772
120541,59,2021-09-17,23.7,0,20.3,06:17,27.1,15:51,9,5,12.2,11:50,73,84,05:00,58,16:10,2025-05-06 10:46:42.120496,2025-05-06 10:46:42.120496
120560,59,2021-09-18,23.7,0,20.6,06:02,26.8,11:23,6,4.2,12.5,13:30,72,82,07:10,58,11:50,2025-05-06 10:46:42.277558,2025-05-06 10:46:42.277558
120579,59,2021-09-19,24.6,0,22,24:00,27.1,12:51,8,5,13.1,13:50,67,80,04:00,53,12:50,2025-05-06 10:46:42.472055,2025-05-06 10:46:42.472055
120598,59,2021-09-20,23.5,0,19.4,06:45,27.6,11:45,7,4.2,10.6,15:00,73,79,07:00,46,10:50,2025-05-06 10:46:42.641423,2025-05-06 10:46:42.641423
120617,59,2021-09-21,23,0,18.7,06:36,27.2,11:55,11,4.2,12.8,14:20,68,81,06:40,50,12:00,2025-05-06 10:46:42.838669,2025-05-06 10:46:42.838669
120636,59,2021-09-22,24.8,0,21.9,23:57,27.8,12:04,12,4.4,11.9,12:20,63,73,23:50,49,11:50,2025-05-06 10:46:43.073561,2025-05-06 10:46:43.073561
120655,59,2021-09-23,22.6,0,19.1,07:00,26,09:35,1,2.2,5.8,00:40,75,81,,58,09:30,2025-05-06 10:46:43.282204,2025-05-06 10:46:43.282204
120674,59,2021-09-24,22.7,0,19.4,06:55,26,10:48,13,3.9,10.6,11:30,75,85,,58,10:10,2025-05-06 10:46:43.465680,2025-05-06 10:46:43.465680
120693,59,2021-09-25,22.1,0,18.9,05:55,25.3,10:59,7,5.3,14.7,14:50,72,81,05:30,61,10:40,2025-05-06 10:46:43.668242,2025-05-06 10:46:43.668242
120712,59,2021-09-26,24.1,0,21.3,06:36,26.9,15:14,9,4.2,13.6,13:50,72,81,23:59,62,17:10,2025-05-06 10:46:43.847684,2025-05-06 10:46:43.847684
120731,59,2021-09-27,26,0,22.5,03:18,29.6,14:15,2,5.8,11.4,13:00,68,82,03:30,51,14:20,2025-05-06 10:46:44.038426,2025-05-06 10:46:44.038426
120750,59,2021-09-28,24.9,0,22.5,06:15,27.3,13:40,4,7.5,12.5,14:00,67,79,06:10,57,14:20,2025-05-06 10:46:44.252050,2025-05-06 10:46:44.252050
120769,59,2021-09-29,24.6,0,22.4,04:49,26.7,15:45,5,6.7,17.2,11:10,66,73,07:00,55,10:30,2025-05-06 10:46:44.485755,2025-05-06 10:46:44.485755
120788,59,2021-09-30,,,,,,,0,3.9,,,62,,,,,2025-05-06 10:46:44.691633,2025-05-06 10:46:44.691633
120807,59,2021-10-01,29.1,0,24.4,03:09,33.8,12:10,36,3.6,11.4,21:10,56,73,20:10,37,12:10,2025-05-06 10:46:44.901818,2025-05-06 10:46:44.901818
120826,59,2021-10-02,28.6,0,23.2,04:07,34,12:44,2,3.3,10,14:10,44,75,00:50,25,13:00,2025-05-06 10:46:45.135339,2025-05-06 10:46:45.135339
120845,59,2021-10-03,24.6,0,22.1,23:36,27.1,14:15,4,4.7,10.3,18:30,66,75,20:50,30,00:30,2025-05-06 10:46:45.335114,2025-05-06 10:46:45.335114
120864,59,2021-10-04,24.5,0,21.1,23:53,27.9,14:03,35,4.7,12.5,13:20,65,80,,39,15:00,2025-05-06 10:46:45.573410,2025-05-06 10:46:45.573410
120883,59,2021-10-05,22.7,0,19,06:02,26.4,14:08,99,4.2,10.6,,66,76,07:00,54,13:20,2025-05-06 10:46:45.813493,2025-05-06 10:46:45.813493
120902,59,2021-10-06,23,0,20.7,05:20,25.3,10:20,11,2.5,7.8,18:10,74,81,20:10,59,09:50,2025-05-06 10:46:46.061082,2025-05-06 10:46:46.061082
120921,59,2021-10-07,21.9,0,18.3,06:38,25.5,11:32,10,4.2,11.4,12:00,79,85,,66,09:30,2025-05-06 10:46:46.302394,2025-05-06 10:46:46.302394
120940,59,2021-10-08,23,0,18.6,06:18,27.4,16:01,9,3.9,11.1,,73,87,05:00,57,16:00,2025-05-06 10:46:46.547539,2025-05-06 10:46:46.547539
120959,59,2021-10-09,24.4,0,20.8,05:19,27.9,13:08,1,5.3,12.8,13:10,66,82,05:10,52,14:00,2025-05-06 10:46:46.795564,2025-05-06 10:46:46.795564
120978,59,2021-10-10,24.4,0,20.7,06:59,28.1,13:53,36,4.2,10,18:50,63,80,07:10,49,12:40,2025-05-06 10:46:47.029845,2025-05-06 10:46:47.029845
120997,59,2021-10-11,23.8,0,21.2,23:56,26.4,13:05,10,1.9,7.8,14:10,58,73,23:59,50,13:00,2025-05-06 10:46:47.281301,2025-05-06 10:46:47.281301
121016,59,2021-10-12,22,0,17.4,06:19,26.7,12:04,9,4.2,11.7,13:20,70,77,,47,12:10,2025-05-06 10:46:47.518534,2025-05-06 10:46:47.518534
121035,59,2021-10-13,21.4,0,17.2,06:41,25.7,12:09,9,4.2,11.9,14:50,68,79,07:20,54,11:50,2025-05-06 10:46:47.769192,2025-05-06 10:46:47.769192
121054,59,2021-10-14,22.5,0,19,06:38,26,16:16,6,3.9,12.5,12:30,69,76,,53,10:50,2025-05-06 10:46:48.022174,2025-05-06 10:46:48.022174
121073,59,2021-10-15,23.6,0,19.6,06:38,27.6,15:56,10,3.6,11.7,13:20,70,81,,57,16:00,2025-05-06 10:46:48.217804,2025-05-06 10:46:48.217804
121092,59,2021-10-16,23.6,0,19.9,06:50,27.4,14:25,9,2.8,8.6,12:10,74,86,05:40,60,14:10,2025-05-06 10:46:48.370688,2025-05-06 10:46:48.370688
121111,59,2021-10-17,24.5,0,20.1,07:27,28.9,16:06,10,2.8,9.2,13:10,54,69,10:40,24,19:40,2025-05-06 10:46:48.547336,2025-05-06 10:46:48.547336
121130,59,2021-10-18,23.8,0,20.9,05:27,26.8,17:23,35,3.6,10.8,23:10,70,81,07:00,24,20:10,2025-05-06 10:46:48.774045,2025-05-06 10:46:48.774045
121149,59,2021-10-19,24.8,0,21.3,,28.2,16:41,10,3.6,8.9,11:10,60,79,07:30,32,18:00,2025-05-06 10:46:49.012869,2025-05-06 10:46:49.012869
121168,59,2021-10-20,24.6,0,21.1,06:55,28.1,15:58,9,3.3,10.6,12:40,73,82,07:20,54,16:00,2025-05-06 10:46:49.242943,2025-05-06 10:46:49.242943
121187,59,2021-10-21,23.6,0,20.8,05:11,26.4,11:49,3,4.4,10.8,11:00,72,82,03:50,56,11:50,2025-05-06 10:46:49.482248,2025-05-06 10:46:49.482248
121206,59,2021-10-22,21.8,0,19.3,07:12,24.2,13:34,8,3.3,10.8,15:00,69,85,07:20,59,13:20,2025-05-06 10:46:49.735778,2025-05-06 10:46:49.735778
121225,59,2021-10-23,23,0,20.1,01:48,25.8,13:03,7,3.3,11.7,14:10,56,77,00:30,46,13:00,2025-05-06 10:46:49.977577,2025-05-06 10:46:49.977577
121244,59,2021-10-24,21.1,0,17.9,07:29,24.3,11:07,9,3.3,12.5,13:50,67,73,22:00,52,11:10,2025-05-06 10:46:50.158313,2025-05-06 10:46:50.158313
121263,59,2021-10-25,21.8,4.2,18.2,06:37,25.4,11:12,10,2.5,10,12:40,79,85,,50,10:30,2025-05-06 10:46:50.387104,2025-05-06 10:46:50.387104
121282,59,2021-10-26,21.4,0,18.2,23:58,24.5,11:55,2,3.9,14.4,12:20,66,85,,54,10:40,2025-05-06 10:46:50.471878,2025-05-06 10:46:50.471878
121301,59,2021-10-27,20.4,0,15.7,06:19,25.1,12:01,7,4.4,13.1,13:50,68,81,06:20,43,12:20,2025-05-06 10:46:50.542317,2025-05-06 10:46:50.542317
121320,59,2021-10-28,21,0,16.5,04:15,25.5,12:39,2,3.9,9.2,12:30,62,83,04:20,44,13:00,2025-05-06 10:46:50.618337,2025-05-06 10:46:50.618337
121339,59,2021-10-29,20.5,0,16.6,05:04,24.4,11:13,8,3.3,12.5,14:40,71,86,05:10,54,11:10,2025-05-06 10:46:50.710377,2025-05-06 10:46:50.710377
121358,59,2021-10-30,19.6,0,15.3,07:13,23.8,12:20,8,3.1,9.7,14:10,74,87,05:20,60,,2025-05-06 10:46:50.821769,2025-05-06 10:46:50.821769
121377,59,2021-10-31,21.2,0,17,07:15,25.4,15:36,9,2.5,8.6,11:50,77,89,,60,19:30,2025-05-06 10:46:50.952923,2025-05-06 10:46:50.952923
121396,59,2021-11-01,21.8,0,17.2,07:22,26.3,16:14,8,2.8,10,11:30,68,86,07:30,45,16:00,2025-05-06 10:46:51.194236,2025-05-06 10:46:51.194236
121415,59,2021-11-02,21.6,0,18.1,04:43,25.1,14:29,7,4.2,11.7,15:10,73,86,,61,11:20,2025-05-06 10:46:51.412440,2025-05-06 10:46:51.412440
121434,59,2021-11-03,21,0,17,06:12,25.1,13:22,8,1.9,10.3,14:20,72,88,07:30,54,12:30,2025-05-06 10:46:51.690427,2025-05-06 10:46:51.690427
121453,59,2021-11-04,22.6,0,19.3,02:57,25.9,11:40,6,3.3,10.8,13:40,77,84,,58,11:30,2025-05-06 10:46:51.929305,2025-05-06 10:46:51.929305
121472,59,2021-11-05,20.2,0,17.2,06:13,23.3,12:40,4,5.3,11.9,18:20,63,76,04:20,44,12:00,2025-05-06 10:46:52.173437,2025-05-06 10:46:52.173437
121491,59,2021-11-06,21,0,19,03:01,23.1,14:08,4,6.7,14.2,15:10,59,67,,50,14:10,2025-05-06 10:46:52.419116,2025-05-06 10:46:52.419116
121510,59,2021-11-07,20.2,0,18.8,07:21,21.6,12:57,3,7.2,15.3,14:00,57,68,01:30,46,15:20,2025-05-06 10:46:52.687371,2025-05-06 10:46:52.687371
121529,59,2021-11-08,20.2,0,18.2,23:57,22.1,13:34,4,4.7,12.2,00:30,60,67,,53,11:00,2025-05-06 10:46:52.940896,2025-05-06 10:46:52.940896
121548,59,2021-11-09,18.8,0,15.2,05:52,22.5,13:41,7,3.9,10.3,13:20,68,78,07:00,54,13:40,2025-05-06 10:46:53.196759,2025-05-06 10:46:53.196759
121567,59,2021-11-10,18.6,0,15.5,05:28,21.8,13:29,7,3.6,10.3,09:50,73,81,,61,11:10,2025-05-06 10:46:53.442188,2025-05-06 10:46:53.442188
121585,59,2021-11-11,20.2,0,19.1,23:48,21.3,,9,3.6,9.4,15:40,72,78,22:10,65,18:20,2025-05-06 10:46:53.683122,2025-05-06 10:46:53.683122
121603,59,2021-11-12,19.7,0,16.5,05:08,22.9,14:10,4,3.6,11.1,15:10,72,87,,58,15:10,2025-05-06 10:46:53.898779,2025-05-06 10:46:53.898779
121622,59,2021-11-13,19.2,0,15.2,07:28,23.3,11:18,9,3.1,10.3,12:50,67,78,02:30,52,10:40,2025-05-06 10:46:54.154343,2025-05-06 10:46:54.154343
121641,59,2021-11-14,18.2,0,13.2,06:21,23.3,13:15,8,2.5,7.2,12:30,73,80,07:20,52,10:30,2025-05-06 10:46:54.391938,2025-05-06 10:46:54.391938
121660,59,2021-11-15,17.8,0,13.4,05:44,22.1,16:15,8,3.6,11.4,14:30,73,85,,60,17:20,2025-05-06 10:46:54.641052,2025-05-06 10:46:54.641052
121679,59,2021-11-16,18.5,0,14.7,06:54,22.3,10:44,8,3.9,11.4,13:40,75,86,06:50,60,10:40,2025-05-06 10:46:54.903344,2025-05-06 10:46:54.903344
121698,59,2021-11-17,18,0,13.1,06:33,22.9,12:30,8,3.9,10.6,13:50,61,77,,41,12:20,2025-05-06 10:46:55.167502,2025-05-06 10:46:55.167502
121717,59,2021-11-18,18.2,0,14.8,07:15,21.6,10:36,9,3.6,8.6,12:20,75,81,04:50,62,10:10,2025-05-06 10:46:55.420072,2025-05-06 10:46:55.420072
121736,59,2021-11-19,17.8,0,12.6,05:35,23.1,13:46,22,3.6,10.8,15:10,71,80,05:40,59,10:50,2025-05-06 10:46:55.681490,2025-05-06 10:46:55.681490
121755,59,2021-11-20,17.2,0,12.8,07:04,21.7,12:06,11,2.8,6.4,12:30,78,84,07:10,60,19:30,2025-05-06 10:46:55.927245,2025-05-06 10:46:55.927245
121774,59,2021-11-21,18.5,0,14.7,07:26,22.3,14:30,10,2.2,6.9,11:10,79,89,05:50,67,00:30,2025-05-06 10:46:56.188599,2025-05-06 10:46:56.188599
121793,59,2021-11-22,19.8,,15.9,05:05,23.8,11:28,22,1.9,4.4,16:30,78,87,19:50,73,09:10,2025-05-06 10:46:56.433079,2025-05-06 10:46:56.433079
121812,59,2021-11-23,19.3,0,15.1,06:35,23.5,10:53,1,1.7,3.9,00:40,81,85,07:30,69,11:00,2025-05-06 10:46:56.668638,2025-05-06 10:46:56.668638
121831,59,2021-11-24,18.8,0,15.2,06:04,22.3,10:31,5,4.2,11.7,15:50,82,87,,75,,2025-05-06 10:46:56.921533,2025-05-06 10:46:56.921533
121850,59,2021-11-25,18.8,0,17.5,07:09,20.2,12:13,6,3.6,9.4,12:40,68,75,00:00,58,14:00,2025-05-06 10:46:57.131288,2025-05-06 10:46:57.131288
121869,59,2021-11-26,17.5,0.2,15.8,03:26,19.2,10:00,3,2.5,9.2,11:20,73,83,21:30,63,13:30,2025-05-06 10:46:57.378105,2025-05-06 10:46:57.378105
121888,59,2021-11-27,17.5,0.4,13.1,04:25,21.9,14:34,2,4.4,13.9,14:00,61,82,04:50,43,14:00,2025-05-06 10:46:57.630263,2025-05-06 10:46:57.630263
121907,59,2021-11-28,19,0,15.7,05:59,22.2,13:06,3,4.7,13.3,15:30,65,84,03:40,46,13:00,2025-05-06 10:46:57.879475,2025-05-06 10:46:57.879475
121926,59,2021-11-29,18.7,0,17.2,04:58,20.2,12:41,2,7.2,15.8,11:00,59,69,23:59,54,10:40,2025-05-06 10:46:58.149631,2025-05-06 10:46:58.149631
121945,59,2021-11-30,18.6,0,16.7,,20.4,10:53,5,3.9,11.9,14:40,69,73,,59,10:10,2025-05-06 10:46:58.421973,2025-05-06 10:46:58.421973
121964,59,2021-12-01,17.4,0,13.5,07:25,21.2,16:10,5,3.6,10.3,15:10,71,85,04:40,47,16:10,2025-05-06 10:46:58.668284,2025-05-06 10:46:58.668284
121983,59,2021-12-02,19.5,0,17.3,23:28,21.7,,1,5.6,11.1,15:50,64,73,00:00,54,15:00,2025-05-06 10:46:58.871371,2025-05-06 10:46:58.871371
122002,59,2021-12-03,18.7,0,16.8,05:31,20.6,12:57,4,6.9,16.1,12:20,62,77,05:30,52,09:30,2025-05-06 10:46:59.034709,2025-05-06 10:46:59.034709
122021,59,2021-12-04,18.9,0,17.4,23:34,20.4,14:14,8,5,15,10:40,51,76,03:30,41,,2025-05-06 10:46:59.220539,2025-05-06 10:46:59.220539
122040,59,2021-12-05,18.4,0,16.4,06:01,20.3,14:15,6,5.3,12.8,13:30,65,74,,57,15:30,2025-05-06 10:46:59.450826,2025-05-06 10:46:59.450826
122059,59,2021-12-06,18.8,0,17,23:55,20.7,14:34,6,5.3,12.8,01:00,67,76,,60,14:20,2025-05-06 10:46:59.700008,2025-05-06 10:46:59.700008
122078,59,2021-12-07,18.2,0,14.5,07:16,22,13:50,10,2.5,7.8,16:30,71,88,07:40,56,12:50,2025-05-06 10:46:59.958760,2025-05-06 10:46:59.958760
122097,59,2021-12-08,19,0,17.2,07:46,20.7,12:48,5,4.4,10.6,15:10,71,82,,61,19:50,2025-05-06 10:47:00.215648,2025-05-06 10:47:00.215648
122116,59,2021-12-09,19.3,0,17.7,06:38,20.9,14:21,3,6.9,16.1,14:40,66,80,03:10,52,11:40,2025-05-06 10:47:00.463815,2025-05-06 10:47:00.463815
122135,59,2021-12-10,19.4,0,17.6,23:54,21.3,14:52,2,6.4,13.9,03:10,69,79,,49,14:50,2025-05-06 10:48:03.806478,2025-05-06 10:48:03.806478
122154,59,2021-12-11,18.9,0,17.2,06:55,20.6,14:38,5,5,10.3,06:00,69,80,00:40,60,14:30,2025-05-06 10:48:04.064132,2025-05-06 10:48:04.064132
122173,59,2021-12-12,17.6,0,14.5,08:35,20.8,15:12,12,2.2,9.2,14:20,74,85,08:40,63,19:00,2025-05-06 10:48:04.301950,2025-05-06 10:48:04.301950
122192,59,2021-12-13,18.9,0,15.2,06:35,22.6,16:16,10,2.8,9.4,14:30,66,86,02:50,34,16:10,2025-05-06 10:48:04.546377,2025-05-06 10:48:04.546377
122211,59,2021-12-14,18.2,0,15,23:32,21.5,15:05,14,2.2,6.1,10:20,59,67,06:10,42,23:59,2025-05-06 10:48:04.798526,2025-05-06 10:48:04.798526
122230,59,2021-12-15,17,0,13.9,00:57,20.2,13:33,16,3.6,11.4,06:00,57,65,05:40,42,00:00,2025-05-06 10:48:05.062712,2025-05-06 10:48:05.062712
122249,59,2021-12-16,16.2,0,13.4,06:46,19.1,23:17,10,1.9,9.4,03:40,52,66,23:59,39,18:30,2025-05-06 10:48:05.301930,2025-05-06 10:48:05.301930
122268,59,2021-12-17,19,0,16.5,00:20,21.5,15:54,7,3.6,15.6,23:10,48,70,00:20,35,15:30,2025-05-06 10:48:05.571362,2025-05-06 10:48:05.571362
122287,59,2021-12-18,18,0,14.6,23:41,21.3,14:54,5,3.3,12.2,01:30,66,85,13:10,47,06:20,2025-05-06 10:48:05.820299,2025-05-06 10:48:05.820299
122306,59,2021-12-19,17.1,0,12.7,02:17,21.5,14:28,24,4.4,9.2,10:20,82,90,23:59,74,12:30,2025-05-06 10:48:06.067078,2025-05-06 10:48:06.067078
122325,59,2021-12-20,17.6,0,13,07:35,22.3,12:35,23,2.8,4.4,18:30,84,94,,73,14:40,2025-05-06 10:48:06.328352,2025-05-06 10:48:06.328352
122344,59,2021-12-21,18.6,0,15.6,06:13,21.6,,23,3.9,7.2,11:40,88,94,06:30,79,00:10,2025-05-06 10:48:06.583784,2025-05-06 10:48:06.583784
122363,59,2021-12-22,18.2,0,13.9,07:47,22.5,14:33,12,2.8,6.7,17:50,81,91,08:00,73,10:50,2025-05-06 10:48:06.849263,2025-05-06 10:48:06.849263
122382,59,2021-12-23,17.9,0,14.9,03:20,20.9,12:12,9,2.2,5.8,17:40,85,91,,76,12:20,2025-05-06 10:48:07.112313,2025-05-06 10:48:07.112313
122401,59,2021-12-24,16.3,0,11.7,08:12,20.9,13:30,2,2.2,5,07:10,85,94,05:10,79,,2025-05-06 10:48:07.364356,2025-05-06 10:48:07.364356
122420,59,2021-12-25,18.8,0,14.3,04:51,23.4,15:05,28,3.1,9.2,15:40,78,91,05:30,46,15:10,2025-05-06 10:48:07.612828,2025-05-06 10:48:07.612828
122439,59,2021-12-26,18.2,0,13.9,07:11,22.6,13:43,12,2.2,5.8,19:40,82,88,07:50,70,11:20,2025-05-06 10:48:07.846296,2025-05-06 10:48:07.846296
122458,59,2021-12-27,20.2,0,18.5,08:25,22,13:42,8,3.1,10.8,15:10,76,87,02:20,69,13:40,2025-05-06 10:48:08.110961,2025-05-06 10:48:08.110961
122477,59,2021-12-28,19.8,0,17.9,22:38,21.8,17:20,9,3.9,10.3,12:00,72,85,23:40,65,17:30,2025-05-06 10:48:08.364929,2025-05-06 10:48:08.364929
122496,59,2021-12-29,19,0,16,06:43,22.1,15:00,9,2.2,8.1,11:30,85,90,07:10,59,22:30,2025-05-06 10:48:08.604766,2025-05-06 10:48:08.604766
122515,59,2021-12-30,19.8,0,14.8,05:08,24.9,17:07,3,1.9,5.8,03:10,51,82,02:00,25,17:50,2025-05-06 10:48:08.819242,2025-05-06 10:48:08.819242
122534,59,2021-12-31,20.8,0,17.4,23:57,24.2,16:50,3,1.7,12.2,01:30,43,62,10:50,27,18:30,2025-05-06 10:48:09.063422,2025-05-06 10:48:09.063422
122553,59,2022-01-01,19.5,0,14.9,07:42,24.1,11:51,11,3.1,7.8,16:20,41,52,08:00,22,20:10,2025-05-06 10:48:09.313983,2025-05-06 10:48:09.313983
122572,59,2022-01-02,20.1,0,15.8,08:08,24.4,13:48,8,2.2,11.7,02:00,46,56,18:30,21,01:40,2025-05-06 10:48:09.561416,2025-05-06 10:48:09.561416
122591,59,2022-01-03,19.5,0,15.4,07:30,23.6,13:11,7,3.1,9.7,15:50,53,88,,29,13:10,2025-05-06 10:48:09.811453,2025-05-06 10:48:09.811453
122610,59,2022-01-04,19.4,0,14.8,07:51,23.9,12:29,10,3.6,10.8,15:10,56,86,,28,12:30,2025-05-06 10:48:10.045897,2025-05-06 10:48:10.045897
122629,59,2022-01-05,18.8,0,16.8,03:43,20.9,13:20,5,5.3,12.2,11:10,65,80,04:00,52,15:30,2025-05-06 10:48:10.305291,2025-05-06 10:48:10.305291
122648,59,2022-01-06,19.2,0,16.7,07:43,21.8,15:11,6,5,13.6,13:10,60,74,21:20,52,14:30,2025-05-06 10:48:10.563491,2025-05-06 10:48:10.563491
122667,59,2022-01-07,18.9,0,17.4,,20.4,13:59,4,7.2,15,14:10,65,74,22:40,54,13:50,2025-05-06 10:48:10.826648,2025-05-06 10:48:10.826648
122686,59,2022-01-08,20,0,17.2,06:07,22.8,17:51,2,3.3,12.8,03:10,58,78,07:50,28,17:50,2025-05-06 10:48:11.080451,2025-05-06 10:48:11.080451
122705,59,2022-01-09,18.6,0,16,23:24,21.3,00:01,7,2.2,11.4,00:20,43,57,07:20,27,19:50,2025-05-06 10:48:11.332350,2025-05-06 10:48:11.332350
122724,59,2022-01-10,17.5,0,15.2,23:36,19.8,01:40,5,3.3,14.2,01:50,56,80,05:50,22,17:10,2025-05-06 10:48:11.536529,2025-05-06 10:48:11.536529
122743,59,2022-01-11,16.1,0,11.8,05:10,20.4,10:43,8,4.4,11.4,13:00,63,75,,32,00:00,2025-05-06 10:48:11.735039,2025-05-06 10:48:11.735039
122762,59,2022-01-12,16.2,0,13.2,07:43,19.1,12:51,9,3.9,10.3,12:40,76,84,07:50,70,11:10,2025-05-06 10:48:11.936674,2025-05-06 10:48:11.936674
122781,59,2022-01-13,17.4,0,13.1,07:21,21.8,11:31,8,2.5,10.6,13:40,70,90,07:50,31,19:00,2025-05-06 10:48:12.182985,2025-05-06 10:48:12.182985
122800,59,2022-01-14,18.2,0,14.6,06:59,21.8,17:42,10,2.8,8.9,23:59,45,59,23:50,32,18:00,2025-05-06 10:48:12.425931,2025-05-06 10:48:12.425931
122819,59,2022-01-15,18.8,0,17.5,07:52,20.1,19:04,4,4.7,11.9,05:00,45,62,23:40,38,17:30,2025-05-06 10:48:12.651793,2025-05-06 10:48:12.651793
122838,59,2022-01-16,18.6,0,16.8,07:34,20.4,19:44,8,5.8,13.1,10:20,42,67,23:40,30,18:10,2025-05-06 10:48:12.913598,2025-05-06 10:48:12.913598
122857,59,2022-01-17,17.4,11,15.3,20:05,19.5,00:26,16,3.9,12.2,11:30,68,80,20:20,50,,2025-05-06 10:48:13.094431,2025-05-06 10:48:13.094431
122876,59,2022-01-18,16.5,0,14.5,08:01,18.5,23:42,14,3.9,8.6,,74,86,12:10,55,01:50,2025-05-06 10:48:13.260603,2025-05-06 10:48:13.260603
122895,59,2022-01-19,18.8,0,16.8,07:52,20.9,21:03,6,3.9,12.2,20:40,48,59,00:00,33,21:10,2025-05-06 10:48:13.418787,2025-05-06 10:48:13.418787
122914,59,2022-01-20,20.2,0,17.9,,22.4,20:08,8,4.7,12.5,07:10,46,55,12:10,36,15:30,2025-05-06 10:48:13.581881,2025-05-06 10:48:13.581881
122933,59,2022-01-21,18.1,0,15.6,23:54,20.6,00:02,8,2.8,8.9,00:30,56,85,19:20,41,09:50,2025-05-06 10:48:13.720714,2025-05-06 10:48:13.720714
122952,59,2022-01-22,16.8,0,11.6,05:25,22.1,15:32,21,3.1,6.1,13:20,77,90,19:30,64,09:50,2025-05-06 10:48:13.855409,2025-05-06 10:48:13.855409
122971,59,2022-01-23,16.2,0,11.6,06:48,20.7,13:27,12,2.5,7.2,18:20,84,90,21:10,75,10:40,2025-05-06 10:48:14.000390,2025-05-06 10:48:14.000390
122990,59,2022-01-24,17.8,0,13.5,07:40,22.1,13:36,35,1.9,6.7,22:10,80,90,,69,13:10,2025-05-06 10:48:14.157451,2025-05-06 10:48:14.157451
123009,59,2022-01-25,18,0.2,14.8,08:11,21.1,12:47,34,2.8,11.4,13:30,61,84,08:20,45,16:10,2025-05-06 10:48:14.342075,2025-05-06 10:48:14.342075
123028,59,2022-01-26,16,5,12.2,07:54,19.7,11:46,10,2.8,8.6,13:40,77,85,23:50,54,11:20,2025-05-06 10:48:14.543865,2025-05-06 10:48:14.543865
123047,59,2022-01-27,14.4,0,11.7,07:18,17.1,13:36,99,3.1,8.3,15:40,76,90,,61,21:50,2025-05-06 10:48:14.770366,2025-05-06 10:48:14.770366
123066,59,2022-01-28,16.4,0,12.9,02:49,20,15:40,8,4.2,10,15:10,60,84,05:30,40,16:50,2025-05-06 10:48:14.964908,2025-05-06 10:48:14.964908
123085,59,2022-01-29,17,0,15.6,07:42,18.4,01:18,10,2.8,8.3,14:00,73,83,14:30,49,00:50,2025-05-06 10:48:15.234962,2025-05-06 10:48:15.234962
123104,59,2022-01-30,16.3,0,11.8,07:26,20.8,15:27,32,1.7,5.8,23:40,78,87,07:50,63,19:20,2025-05-06 10:48:15.488900,2025-05-06 10:48:15.488900
123123,59,2022-01-31,17.5,0,11.5,07:00,23.5,17:50,7,3.6,13.6,23:10,45,77,,23,17:50,2025-05-06 10:48:15.727859,2025-05-06 10:48:15.727859
123142,59,2022-02-01,21.4,0,19.2,23:30,23.6,12:50,8,3.1,13.3,05:10,26,51,23:30,17,15:40,2025-05-06 10:48:15.997462,2025-05-06 10:48:15.997462
123160,59,2022-02-02,23.1,0,18.3,08:06,27.9,12:54,4,2.8,11.9,23:59,29,53,08:00,16,12:20,2025-05-06 10:48:16.254734,2025-05-06 10:48:16.254734
123178,59,2022-02-03,22,0,19.4,07:53,24.5,17:04,9,2.8,11.1,00:20,41,59,09:50,25,18:50,2025-05-06 10:48:16.492638,2025-05-06 10:48:16.492638
123195,59,2022-02-04,21.2,0,18.8,22:47,23.7,00:01,8,2.5,9.2,02:20,44,64,06:10,28,19:00,2025-05-06 10:48:16.721744,2025-05-06 10:48:16.721744
123212,59,2022-02-05,20,0,16.8,07:33,23.2,18:05,8,2.8,9.2,02:40,29,50,07:20,25,,2025-05-06 10:48:16.931386,2025-05-06 10:48:16.931386
123229,59,2022-02-06,20.5,0,18,07:29,23,13:47,36,5.3,12.2,20:10,65,81,07:20,40,00:10,2025-05-06 10:48:17.118909,2025-05-06 10:48:17.118909
123246,59,2022-02-07,21.8,0,17.6,07:32,26.1,17:20,36,3.1,12.2,03:10,49,81,07:40,18,16:00,2025-05-06 10:48:17.364542,2025-05-06 10:48:17.364542
123263,59,2022-02-08,23.4,0,20.5,07:43,26.4,20:32,8,4.2,13.3,23:00,37,49,12:20,23,19:30,2025-05-06 10:48:17.598557,2025-05-06 10:48:17.598557
123281,59,2022-02-09,22.8,0,20.3,09:08,25.3,17:38,9,3.1,11.9,00:20,40,54,02:10,20,,2025-05-06 10:48:17.840570,2025-05-06 10:48:17.840570
123299,59,2022-02-10,22,0,19.5,21:29,24.5,13:21,9,0.6,8.6,02:50,37,74,,23,00:30,2025-05-06 10:48:18.059285,2025-05-06 10:48:18.059285
123318,59,2022-02-11,20,0,15.6,07:34,24.4,10:42,8,3.6,10,16:10,55,73,17:30,33,10:40,2025-05-06 10:48:18.313157,2025-05-06 10:48:18.313157
123337,59,2022-02-12,18.5,0,14.5,04:56,22.5,13:27,11,3.3,10,15:10,58,76,23:59,46,00:00,2025-05-06 10:48:18.515608,2025-05-06 10:48:18.515608
123356,59,2022-02-13,18.6,0,14.5,07:17,22.7,14:08,12,3.1,10,17:00,67,80,02:10,36,14:10,2025-05-06 10:48:18.724399,2025-05-06 10:48:18.724399
123375,59,2022-02-14,17.2,0,14,07:10,20.5,10:58,8,4.2,12.5,14:20,73,86,07:20,59,12:20,2025-05-06 10:48:18.938231,2025-05-06 10:48:18.938231
123394,59,2022-02-15,18.6,0,16.2,00:07,21.1,14:05,4,5.6,13.1,17:20,60,75,07:20,44,13:50,2025-05-06 10:48:19.151335,2025-05-06 10:48:19.151335
123413,59,2022-02-16,19,0,16.4,02:50,21.6,16:41,4,5.6,12.5,11:10,64,76,21:00,56,14:10,2025-05-06 10:48:19.317643,2025-05-06 10:48:19.317643
123432,59,2022-02-17,19.9,0,16.5,23:55,23.3,15:09,1,4.2,10.8,03:30,69,82,,39,14:30,2025-05-06 10:48:19.552678,2025-05-06 10:48:19.552678
123451,59,2022-02-18,17.2,0,12.7,07:44,21.8,13:21,6,3.9,10.6,14:20,66,85,07:10,48,11:50,2025-05-06 10:48:19.741037,2025-05-06 10:48:19.741037
123470,59,2022-02-19,17,0.6,13.9,05:36,20.1,15:33,7,4.7,11.4,18:00,72,84,06:30,59,15:30,2025-05-06 10:48:19.985028,2025-05-06 10:48:19.985028
123489,59,2022-02-20,17.2,0,13.5,05:36,20.8,13:30,36,3.6,12.5,14:40,53,77,04:40,37,13:30,2025-05-06 10:48:20.243237,2025-05-06 10:48:20.243237
123508,59,2022-02-21,14.4,0,10,07:13,18.9,14:36,10,3.6,10.8,17:00,68,84,07:20,48,19:00,2025-05-06 10:48:20.518283,2025-05-06 10:48:20.518283
123527,59,2022-02-22,17.2,0,11.7,04:59,22.6,15:01,10,2.2,6.7,13:50,67,87,23:10,51,01:50,2025-05-06 10:48:20.762974,2025-05-06 10:48:20.762974
123546,59,2022-02-23,18.8,0.6,16.1,05:33,21.6,14:33,35,3.3,10,17:50,73,83,02:30,45,20:00,2025-05-06 10:48:21.013733,2025-05-06 10:48:21.013733
123565,59,2022-02-24,18.6,0,14.5,06:58,22.8,15:51,10,2.8,8.6,13:20,72,86,07:20,56,17:50,2025-05-06 10:48:21.260123,2025-05-06 10:48:21.260123
123584,59,2022-02-25,17.2,0,12.8,07:41,21.5,11:25,9,2.8,9.2,12:50,77,87,04:00,57,10:30,2025-05-06 10:48:21.489121,2025-05-06 10:48:21.489121
123603,59,2022-02-26,16.8,3.4,13.3,06:26,20.4,15:48,36,3.6,10.8,15:30,71,88,06:40,59,16:40,2025-05-06 10:48:21.744333,2025-05-06 10:48:21.744333
123621,59,2022-02-27,18.5,0,16.4,04:11,20.6,11:53,2,6.4,13.1,11:40,66,81,01:00,57,15:50,2025-05-06 10:48:21.944605,2025-05-06 10:48:21.944605
123640,59,2022-02-28,18.8,0,15.5,05:42,22.1,15:37,2,6.1,15.3,10:20,59,72,03:20,49,16:00,2025-05-06 10:48:22.115645,2025-05-06 10:48:22.115645
123659,59,2022-03-01,20,0,17,02:02,23.1,14:24,2,6.4,14.2,15:10,61,76,07:50,44,14:10,2025-05-06 10:48:22.386051,2025-05-06 10:48:22.386051
123678,59,2022-03-02,18.4,0,15.8,07:18,21.1,13:48,4,5.3,11.7,14:20,67,75,,56,11:20,2025-05-06 10:48:22.559801,2025-05-06 10:48:22.559801
123697,59,2022-03-03,18.5,0,15.8,07:05,21.2,12:08,7,3.9,13.1,15:10,67,76,07:10,53,12:30,2025-05-06 10:48:22.766036,2025-05-06 10:48:22.766036
123716,59,2022-03-04,19,0,16.8,23:17,21.2,16:10,3,7.2,15,13:20,60,78,06:40,47,16:10,2025-05-06 10:48:23.009499,2025-05-06 10:48:23.009499
123734,59,2022-03-05,18.8,0,16.2,04:36,21.4,15:52,2,6.9,15.3,15:10,55,69,23:40,48,14:20,2025-05-06 10:48:23.247341,2025-05-06 10:48:23.247341
123752,59,2022-03-06,18.8,0,16,01:58,21.5,14:28,34,4.2,18.6,15:10,54,79,23:50,46,13:10,2025-05-06 10:48:23.490051,2025-05-06 10:48:23.490051
123770,59,2022-03-07,17.6,0,13.3,07:09,22,14:41,11,3.6,11.4,13:30,59,78,,41,,2025-05-06 10:48:23.728307,2025-05-06 10:48:23.728307
123789,59,2022-03-08,17,0,13.9,06:50,20,12:27,8,4.2,12.8,12:50,64,72,,53,12:00,2025-05-06 10:48:23.971290,2025-05-06 10:48:23.971290
123808,59,2022-03-09,18,0,15.5,07:33,20.5,10:53,8,4.2,12.8,15:10,71,76,07:40,59,10:50,2025-05-06 10:48:24.173194,2025-05-06 10:48:24.173194
123827,59,2022-03-10,16.4,0,12.9,07:33,19.8,10:36,8,4.4,13.9,13:20,69,75,,59,09:50,2025-05-06 10:48:24.334240,2025-05-06 10:48:24.334240
123846,59,2022-03-11,16,0,11.6,06:50,20.3,14:53,8,3.3,11.4,12:10,74,79,07:20,62,10:30,2025-05-06 10:48:24.533925,2025-05-06 10:48:24.533925
123865,59,2022-03-12,17.9,0,13.4,06:22,22.4,14:26,99,2.2,8.6,18:50,76,83,,60,10:40,2025-05-06 10:48:24.731064,2025-05-06 10:48:24.731064
123883,59,2022-03-13,19,0.2,16.1,04:15,22,13:19,35,3.1,12.5,17:40,63,83,23:40,54,,2025-05-06 10:48:24.959041,2025-05-06 10:48:24.959041
123901,59,2022-03-14,15,5.4,11.5,21:40,18.4,13:24,28,5.6,19.7,13:30,58,87,02:00,46,13:20,2025-05-06 10:48:25.199920,2025-05-06 10:48:25.199920
123919,59,2022-03-15,16.4,1.8,12.7,02:35,20.2,14:47,34,5.8,18.3,12:50,62,77,07:00,50,14:40,2025-05-06 10:48:25.425586,2025-05-06 10:48:25.425586
123938,59,2022-03-16,18.3,0,15.2,03:40,21.4,14:56,34,4.4,14.2,01:10,64,78,03:40,53,15:20,2025-05-06 10:48:25.667783,2025-05-06 10:48:25.667783
123957,59,2022-03-17,18.6,0,15,23:56,22.2,14:46,35,5.3,11.9,13:40,64,79,,51,14:40,2025-05-06 10:48:25.896700,2025-05-06 10:48:25.896700
123976,59,2022-03-18,18.4,0,14.6,00:27,22.3,16:09,6,3.6,11.7,11:10,61,83,05:00,49,16:10,2025-05-06 10:48:26.124960,2025-05-06 10:48:26.124960
123995,59,2022-03-19,17.4,0,14.7,06:35,20.1,15:01,12,3.3,11.1,13:20,73,82,02:20,59,18:40,2025-05-06 10:48:26.354814,2025-05-06 10:48:26.354814
124014,59,2022-03-20,18.4,0,14.6,04:38,22.1,15:29,1,2.5,10.3,16:10,55,76,,38,15:30,2025-05-06 10:48:26.534262,2025-05-06 10:48:26.534262
124033,59,2022-03-21,15.8,0,12,07:18,19.5,10:50,8,3.9,11.4,16:40,70,76,06:30,56,,2025-05-06 10:48:26.728357,2025-05-06 10:48:26.728357
124052,59,2022-03-22,17,0,11.5,07:13,22.5,13:40,36,3.9,10.8,19:10,65,81,07:20,46,13:40,2025-05-06 10:48:26.926128,2025-05-06 10:48:26.926128
124071,59,2022-03-23,17.6,0,14.1,04:27,21,14:38,33,4.4,16.1,15:40,66,82,06:00,46,15:10,2025-05-06 10:48:27.136410,2025-05-06 10:48:27.136410
124090,59,2022-03-24,18,0,14.8,04:16,21.1,12:40,34,5.3,15.6,11:50,54,75,23:00,40,12:30,2025-05-06 10:48:27.326206,2025-05-06 10:48:27.326206
124109,59,2022-03-25,19.2,0,16.5,,21.8,10:59,36,1.7,9.2,00:20,71,80,03:30,46,11:20,2025-05-06 10:48:27.538622,2025-05-06 10:48:27.538622
124128,59,2022-03-26,16.2,0,11.6,06:19,20.8,16:38,8,2.5,8.3,23:40,77,86,,67,16:40,2025-05-06 10:48:27.763804,2025-05-06 10:48:27.763804
124147,59,2022-03-27,18.1,0,14.9,07:15,21.3,14:08,22,4.4,12.2,14:40,79,87,23:59,70,10:10,2025-05-06 10:48:27.964869,2025-05-06 10:48:27.964869
124166,59,2022-03-28,19.4,1.4,18,05:02,20.9,12:04,21,7.8,14.7,13:40,89,91,18:00,74,14:20,2025-05-06 10:48:28.181170,2025-05-06 10:48:28.181170
124185,59,2022-03-29,20.1,0,16.8,06:22,23.4,15:25,36,3.6,12.5,04:40,65,89,00:00,44,14:40,2025-05-06 10:48:28.432973,2025-05-06 10:48:28.432973
124204,59,2022-03-30,18.9,0,15.2,06:53,22.6,11:59,8,3.3,13.1,13:40,66,83,06:50,45,11:50,2025-05-06 10:48:28.606558,2025-05-06 10:48:28.606558
124223,59,2022-03-31,18.4,0,14.8,07:10,22,15:31,8,4.4,12.8,11:50,68,80,06:50,49,11:10,2025-05-06 10:48:28.778529,2025-05-06 10:48:28.778529
124242,59,2022-04-01,19,0,16.7,23:24,21.2,13:34,9,5,13.3,14:30,62,72,00:00,55,12:10,2025-05-06 10:48:28.948363,2025-05-06 10:48:28.948363
124261,59,2022-04-02,17.7,0,13.9,06:37,21.5,13:00,7,3.1,7.2,17:50,67,75,06:40,55,09:30,2025-05-06 10:48:29.141889,2025-05-06 10:48:29.141889
124279,59,2022-04-03,17.6,3.6,13.3,06:42,21.9,12:48,23,5.6,15,21:20,77,92,19:50,67,00:50,2025-05-06 10:48:29.304578,2025-05-06 10:48:29.304578
124297,59,2022-04-04,18.4,0,15.6,23:52,21.3,16:03,2,4.2,11.1,12:50,63,87,00:00,45,16:20,2025-05-06 10:48:29.498596,2025-05-06 10:48:29.498596
124315,59,2022-04-05,17.4,0,13.2,05:01,21.7,14:35,4,3.1,11.7,11:10,52,73,06:20,33,11:30,2025-05-06 10:48:29.724005,2025-05-06 10:48:29.724005
124333,59,2022-04-06,17,0,12.4,04:13,21.6,14:36,2,3.6,10.3,16:20,51,73,04:30,37,16:30,2025-05-06 10:48:30.003465,2025-05-06 10:48:30.003465
124351,59,2022-04-07,17.1,0,13.6,05:52,20.6,12:00,5,4.7,14.2,14:30,61,68,05:40,40,,2025-05-06 10:48:30.269416,2025-05-06 10:48:30.269416
124369,59,2022-04-08,18.4,0,14.8,06:48,21.9,12:25,7,3.9,11.7,14:10,65,75,,52,12:20,2025-05-06 10:48:30.481373,2025-05-06 10:48:30.481373
124388,59,2022-04-09,18.2,0,15,06:55,21.3,11:26,10,3.3,12.8,15:10,76,81,20:30,58,11:20,2025-05-06 10:48:30.650486,2025-05-06 10:48:30.650486
124407,59,2022-04-10,17.3,0,12.8,07:15,21.8,14:28,11,3.3,11.4,15:50,78,86,06:40,65,14:10,2025-05-06 10:48:30.819638,2025-05-06 10:48:30.819638
124426,59,2022-04-11,19.6,0,15.7,02:48,23.6,15:39,32,3.1,11.4,15:50,72,83,06:40,45,16:00,2025-05-06 10:48:30.979183,2025-05-06 10:48:30.979183
124445,59,2022-04-12,20.2,0,16.3,05:07,24,13:53,9,3.1,11.7,,63,77,,46,13:00,2025-05-06 10:48:31.147813,2025-05-06 10:48:31.147813
124464,59,2022-04-13,20.5,0,17,06:20,24,13:40,36,4.4,12.2,20:10,62,80,08:20,49,12:30,2025-05-06 10:48:31.311644,2025-05-06 10:48:31.311644
124483,59,2022-04-14,20.8,0,17.4,,24.3,12:26,2,5.8,12.8,10:50,55,73,,41,12:30,2025-05-06 10:48:31.485047,2025-05-06 10:48:31.485047
124502,59,2022-04-15,20.7,0,16.4,03:32,25,13:26,3,6.7,16.7,14:00,57,75,,40,14:00,2025-05-06 10:48:31.694084,2025-05-06 10:48:31.694084
124521,59,2022-04-16,22.5,0,19.1,,25.9,16:36,2,3.6,10.8,02:00,70,78,20:10,34,22:30,2025-05-06 10:48:31.943488,2025-05-06 10:48:31.943488
124540,59,2022-04-17,27.8,0,23.7,00:02,31.9,18:50,2,2.8,12.2,20:50,32,40,00:00,18,18:50,2025-05-06 10:48:32.179310,2025-05-06 10:48:32.179310
124558,59,2022-04-18,24.4,0,19.4,23:40,29.3,15:13,36,5.3,13.3,19:30,43,74,21:20,25,09:20,2025-05-06 10:48:32.352615,2025-05-06 10:48:32.352615
124577,59,2022-04-19,19.7,0,17.8,23:52,21.6,12:35,3,7.2,15,10:50,68,78,,59,15:00,2025-05-06 10:48:32.514075,2025-05-06 10:48:32.514075
124596,59,2022-04-20,19.1,0,16.7,05:28,21.5,13:59,3,6.9,13.9,12:40,57,70,00:30,51,16:30,2025-05-06 10:48:32.670758,2025-05-06 10:48:32.670758
124615,59,2022-04-21,20.2,0,17.1,23:49,23.4,15:06,4,3.9,10.8,00:30,55,67,23:59,45,12:20,2025-05-06 10:48:32.841193,2025-05-06 10:48:32.841193
124634,59,2022-04-22,18.7,0,14.2,05:55,23.2,14:06,34,3.6,11.4,12:00,58,76,,44,14:10,2025-05-06 10:48:33.052802,2025-05-06 10:48:33.052802
124653,59,2022-04-23,19,0,15.3,06:47,22.7,10:54,36,1.4,8.1,11:00,67,75,,45,10:50,2025-05-06 10:48:33.269051,2025-05-06 10:48:33.269051
124672,59,2022-04-24,18.2,0,14.9,03:16,21.6,12:17,2,3.1,10.3,09:30,70,76,,47,12:20,2025-05-06 10:48:33.449212,2025-05-06 10:48:33.449212
124691,59,2022-04-25,17.9,0,13.5,06:54,22.3,13:37,22,4.7,11.1,15:10,68,82,21:00,57,13:20,2025-05-06 10:48:33.712716,2025-05-06 10:48:33.712716
124710,59,2022-04-26,20.4,0,18,23:59,22.9,14:19,36,6.7,17.5,13:20,63,79,01:50,51,13:30,2025-05-06 10:48:33.894377,2025-05-06 10:48:33.894377
124729,59,2022-04-27,19.6,0,16.5,06:01,22.6,11:24,4,5.8,13.9,16:30,62,74,02:50,43,10:20,2025-05-06 10:48:34.056806,2025-05-06 10:48:34.056806
124748,59,2022-04-28,20.2,0,16.8,03:37,23.6,14:20,3,5.3,14.7,11:10,60,71,03:40,51,13:30,2025-05-06 10:48:34.240475,2025-05-06 10:48:34.240475
124767,59,2022-04-29,20.6,0,15.9,05:02,25.4,13:00,3,4.2,10.3,15:10,57,74,05:00,35,12:50,2025-05-06 10:48:34.426299,2025-05-06 10:48:34.426299
124786,59,2022-04-30,21,0,17.5,05:52,24.6,15:50,9,4.4,14.2,11:50,70,75,,56,10:00,2025-05-06 10:48:34.813045,2025-05-06 10:48:34.813045
124805,59,2022-05-01,20.6,0,17.2,04:55,23.9,10:45,10,3.9,11.1,,71,81,05:00,46,11:00,2025-05-06 10:48:35.010808,2025-05-06 10:48:35.010808
124824,59,2022-05-02,21.2,0,18,04:28,24.4,15:08,2,6.1,11.9,08:30,61,75,04:50,50,01:00,2025-05-06 10:48:35.189936,2025-05-06 10:48:35.189936
124843,59,2022-05-03,20.6,0,17.8,03:30,23.3,13:14,8,4.4,13.6,14:20,58,73,23:30,47,,2025-05-06 10:48:35.342051,2025-05-06 10:48:35.342051
124862,59,2022-05-04,19.6,0,17,05:48,22.2,12:49,6,5,13.3,13:40,63,73,02:00,48,12:50,2025-05-06 10:48:35.530292,2025-05-06 10:48:35.530292
124881,59,2022-05-05,20.9,0,17.6,,24.2,16:23,4,4.4,11.7,09:10,59,74,,44,14:30,2025-05-06 10:48:35.758140,2025-05-06 10:48:35.758140
124900,59,2022-05-06,20.8,0,16.9,06:35,24.6,14:40,99,2.2,7.8,,72,80,22:30,59,10:00,2025-05-06 10:48:36.012518,2025-05-06 10:48:36.012518
124919,59,2022-05-07,21,0,16.1,05:38,25.8,16:10,36,3.3,10.8,22:30,69,83,02:30,58,19:40,2025-05-06 10:48:36.237519,2025-05-06 10:48:36.237519
124938,59,2022-05-08,24.6,0,19.8,00:19,29.4,12:53,36,5.3,11.4,,45,75,00:00,34,12:50,2025-05-06 10:48:36.472880,2025-05-06 10:48:36.472880
124957,59,2022-05-09,22.4,0,19.5,06:11,25.3,14:04,36,3.1,9.2,00:40,65,77,20:40,50,23:59,2025-05-06 10:48:36.710486,2025-05-06 10:48:36.710486
124976,59,2022-05-10,24.2,0,19.9,09:27,28.6,11:55,10,2.5,15,08:50,65,88,09:20,37,17:50,2025-05-06 10:48:36.929654,2025-05-06 10:48:36.929654
124995,59,2022-05-11,24.5,0,20.4,23:43,28.6,09:04,1,2.5,11.4,23:10,64,83,18:50,35,,2025-05-06 10:48:37.176077,2025-05-06 10:48:37.176077
125014,59,2022-05-12,21.8,0,19.2,05:38,24.5,16:23,33,2.2,10.8,00:40,72,80,05:40,56,09:40,2025-05-06 10:48:37.375711,2025-05-06 10:48:37.375711
125033,59,2022-05-13,20.2,0,17.6,04:23,22.9,14:23,6,1.9,11.4,09:50,75,81,,63,08:00,2025-05-06 10:48:37.566112,2025-05-06 10:48:37.566112
125052,59,2022-05-14,20.9,0,18.3,06:09,23.5,14:10,8,1.9,7.5,10:10,76,84,23:00,70,08:10,2025-05-06 10:48:37.830803,2025-05-06 10:48:37.830803
125071,59,2022-05-15,20.6,0,17.3,06:14,24,10:12,11,3.9,11.9,11:10,77,83,06:40,57,09:50,2025-05-06 10:48:38.097922,2025-05-06 10:48:38.097922
125090,59,2022-05-16,20,0,17,06:12,23,09:30,7,3.3,11.4,11:30,77,83,05:40,60,09:30,2025-05-06 10:48:38.374643,2025-05-06 10:48:38.374643
125109,59,2022-05-17,21.1,0,16.9,06:25,25.3,16:32,8,3.1,11.4,13:00,75,82,,55,19:30,2025-05-06 10:48:38.632586,2025-05-06 10:48:38.632586
125128,59,2022-05-18,23.1,0,18.4,05:47,27.8,13:27,9,4.2,13.6,14:20,56,75,,44,12:40,2025-05-06 10:48:38.812214,2025-05-06 10:48:38.812214
125147,59,2022-05-19,23.6,0,18.6,06:20,28.5,14:24,33,3.9,10.3,17:10,59,78,05:30,46,,2025-05-06 10:48:39.027598,2025-05-06 10:48:39.027598
125166,59,2022-05-20,23.6,0,19.6,24:00,27.5,12:39,1,5.3,12.5,13:20,55,74,,44,12:40,2025-05-06 10:48:39.322912,2025-05-06 10:48:39.322912
125185,59,2022-05-21,22.2,0,18.7,,25.6,17:55,8,4.7,13.9,11:50,65,73,,52,10:40,2025-05-06 10:48:39.589435,2025-05-06 10:48:39.589435
125204,59,2022-05-22,21.6,0,18.4,05:16,24.8,14:17,7,5,11.9,13:10,69,79,03:50,58,14:20,2025-05-06 10:48:39.860714,2025-05-06 10:48:39.860714
125223,59,2022-05-23,22.5,0,19,05:10,26,12:38,8,4.7,13.9,14:10,63,75,06:10,55,12:20,2025-05-06 10:48:40.103868,2025-05-06 10:48:40.103868
125242,59,2022-05-24,22,0,19.6,06:20,24.5,14:08,4,5.8,13.1,15:40,66,72,20:10,54,11:40,2025-05-06 10:48:40.332635,2025-05-06 10:48:40.332635
125261,59,2022-05-25,21.4,0,19.2,23:59,23.5,15:20,4,6.1,12.2,13:30,63,70,,54,11:00,2025-05-06 10:48:40.606700,2025-05-06 10:48:40.606700
125280,59,2022-05-26,20,0,16.4,06:21,23.5,15:58,8,3.9,11.7,12:00,73,79,20:10,57,09:50,2025-05-06 10:48:40.775125,2025-05-06 10:48:40.775125
125299,59,2022-05-27,20.9,0,17.6,06:22,24.2,16:28,34,1.7,10.8,19:30,73,80,06:30,58,10:20,2025-05-06 10:48:40.944369,2025-05-06 10:48:40.944369
125318,59,2022-05-28,20,0,16.7,06:16,23.3,09:57,34,2.2,7.2,22:00,71,77,06:20,62,08:20,2025-05-06 10:48:41.114418,2025-05-06 10:48:41.114418
125337,59,2022-05-29,23.8,0,19.4,05:14,28.2,15:31,10,2.8,11.4,16:20,58,74,05:40,38,13:40,2025-05-06 10:48:41.351893,2025-05-06 10:48:41.351893
125356,59,2022-05-30,20.7,0,16.6,05:52,24.8,13:56,23,3.9,7.8,19:40,69,85,23:59,62,,2025-05-06 10:48:41.579479,2025-05-06 10:48:41.579479
125375,59,2022-05-31,21.6,0,17.9,05:32,25.3,13:28,23,4.7,11.1,14:50,77,90,23:40,65,19:10,2025-05-06 10:48:41.804706,2025-05-06 10:48:41.804706
125394,59,2022-06-01,22.8,0,19.6,04:48,26,13:13,8,1.7,6.4,20:50,73,89,00:00,57,21:30,2025-05-06 10:48:42.044490,2025-05-06 10:48:42.044490
125413,59,2022-06-02,21.9,0,19,05:29,24.8,09:28,33,3.1,10,19:30,74,78,,54,18:30,2025-05-06 10:48:42.314130,2025-05-06 10:48:42.314130
125432,59,2022-06-03,22,0,18.7,06:22,25.2,10:26,8,4.2,11.4,12:50,65,79,06:30,48,17:40,2025-05-06 10:48:42.530507,2025-05-06 10:48:42.530507
125451,59,2022-06-04,21.6,0,18.6,06:28,24.6,11:35,9,5,14.2,14:00,64,75,05:40,48,11:20,2025-05-06 10:48:42.724848,2025-05-06 10:48:42.724848
125470,59,2022-06-05,22.8,0,19.6,05:25,26,13:37,3,5.8,12.2,09:10,59,70,02:30,50,12:10,2025-05-06 10:48:42.907291,2025-05-06 10:48:42.907291
125489,59,2022-06-06,22.2,0,19,05:47,25.4,14:05,3,5.3,12.5,11:40,64,74,,56,,2025-05-06 10:48:43.047964,2025-05-06 10:48:43.047964
125508,59,2022-06-07,23.6,0,19.1,,28.1,14:46,2,6.1,14.4,13:10,58,76,,41,14:00,2025-05-06 10:48:43.220017,2025-05-06 10:48:43.220017
125527,59,2022-06-08,24,0,19.1,06:30,28.8,15:22,4,6.1,13.9,15:00,61,82,06:10,32,15:10,2025-05-06 10:49:46.149910,2025-05-06 10:49:46.149910
125546,59,2022-06-09,25.6,0,20.3,02:07,31,13:52,2,5.3,11.1,19:00,56,81,02:00,42,12:40,2025-05-06 10:49:46.402311,2025-05-06 10:49:46.402311
125565,59,2022-06-10,24.2,0,19.7,05:38,28.6,15:20,36,5.3,13.3,08:30,62,80,00:00,47,14:30,2025-05-06 10:49:46.672673,2025-05-06 10:49:46.672673
125584,59,2022-06-11,24.3,0,20.6,04:46,28,13:43,2,5,10.8,08:00,66,79,,54,,2025-05-06 10:49:46.928434,2025-05-06 10:49:46.928434
125603,59,2022-06-12,23.7,0,20,06:10,27.4,12:34,8,3.3,13.3,13:20,75,85,19:30,60,11:20,2025-05-06 10:49:47.150356,2025-05-06 10:49:47.150356
125622,59,2022-06-13,22.4,0,20.2,05:20,24.6,09:34,8,3.1,11.4,14:50,77,81,,68,09:30,2025-05-06 10:49:47.356743,2025-05-06 10:49:47.356743
125641,59,2022-06-14,22.6,0,20.5,06:32,24.6,15:23,34,4.7,11.4,07:20,74,81,03:00,53,18:30,2025-05-06 10:49:47.543999,2025-05-06 10:49:47.543999
125660,59,2022-06-15,24,0,19.3,05:41,28.7,14:04,10,3.6,10.8,15:10,54,76,,39,13:10,2025-05-06 10:49:47.734666,2025-05-06 10:49:47.734666
125679,59,2022-06-16,23,0,19.7,,26.3,15:59,8,4.2,13.1,14:20,69,81,04:20,52,10:30,2025-05-06 10:49:47.940537,2025-05-06 10:49:47.940537
125698,59,2022-06-17,23.2,0,19.4,05:18,27.1,14:07,3,5.6,13.3,10:30,59,75,00:40,38,10:40,2025-05-06 10:49:48.110903,2025-05-06 10:49:48.110903
125717,59,2022-06-18,24.4,0,20.2,05:59,28.6,15:34,4,4.7,13.3,15:10,65,76,21:50,51,15:40,2025-05-06 10:49:48.278544,2025-05-06 10:49:48.278544
125736,59,2022-06-19,24.6,0,20.5,04:39,28.6,12:50,9,3.6,11.4,13:10,67,78,19:50,50,12:50,2025-05-06 10:49:48.446981,2025-05-06 10:49:48.446981
125755,59,2022-06-20,23.4,0,21,05:10,25.7,11:43,6,5,12.2,12:30,67,76,00:30,58,,2025-05-06 10:49:48.627657,2025-05-06 10:49:48.627657
125774,59,2022-06-21,22,0,20.4,23:55,23.5,19:07,5,5.3,13.6,12:50,69,81,04:30,54,19:10,2025-05-06 10:49:48.805500,2025-05-06 10:49:48.805500
125793,59,2022-06-22,21,0,17.6,06:13,24.5,18:01,8,3.9,13.9,16:00,63,75,05:30,50,17:50,2025-05-06 10:49:49.035058,2025-05-06 10:49:49.035058
125812,59,2022-06-23,22.4,0,18.3,06:01,26.5,11:45,7,3.6,12.5,13:40,61,78,05:10,44,11:20,2025-05-06 10:49:49.235563,2025-05-06 10:49:49.235563
125831,59,2022-06-24,23.6,0,19.4,05:00,27.7,14:09,7,4.7,12.8,15:10,64,78,05:20,46,11:30,2025-05-06 10:49:49.412696,2025-05-06 10:49:49.412696
125850,59,2022-06-25,23.6,0,19.9,06:19,27.3,13:09,1,5,12.8,17:20,59,77,20:40,44,13:10,2025-05-06 10:49:49.629042,2025-05-06 10:49:49.629042
125869,59,2022-06-26,24,0,20.4,05:22,27.7,13:32,36,4.2,12.5,01:00,57,77,05:10,42,13:30,2025-05-06 10:49:49.801904,2025-05-06 10:49:49.801904
125888,59,2022-06-27,23,0,19.9,06:13,26,17:07,33,5.3,13.6,17:40,58,69,05:40,49,10:20,2025-05-06 10:49:49.993023,2025-05-06 10:49:49.993023
125907,59,2022-06-28,23.6,0,20.4,03:51,26.8,13:23,36,5.3,13.3,17:10,56,70,04:40,43,13:10,2025-05-06 10:49:50.242732,2025-05-06 10:49:50.242732
125926,59,2022-06-29,23.7,0,20.2,05:43,27.2,15:37,6,4.7,13.3,14:00,55,64,,46,12:20,2025-05-06 10:49:50.449430,2025-05-06 10:49:50.449430
125945,59,2022-06-30,23.8,0,20.5,02:41,27.2,13:00,36,4.4,12.8,15:00,56,72,07:50,45,13:30,2025-05-06 10:49:50.625073,2025-05-06 10:49:50.625073
125964,59,2022-07-01,23,0,20.3,05:56,25.8,14:11,36,4.4,11.1,20:20,63,72,06:00,51,11:50,2025-05-06 10:49:50.858680,2025-05-06 10:49:50.858680
125983,59,2022-07-02,22.6,0,19.8,02:42,25.3,11:47,6,5,13.6,15:10,68,80,02:40,54,11:40,2025-05-06 10:49:51.133316,2025-05-06 10:49:51.133316
126002,59,2022-07-03,23,0,20.8,23:53,25.2,14:42,6,6.1,13.3,12:50,62,73,06:30,55,10:40,2025-05-06 10:49:51.415488,2025-05-06 10:49:51.415488
126021,59,2022-07-04,23.4,0,19.9,06:10,26.8,12:59,10,4.4,11.9,11:50,63,74,00:40,55,13:00,2025-05-06 10:49:51.706850,2025-05-06 10:49:51.706850
126040,59,2022-07-05,23.1,0,20,06:02,26.2,12:25,6,5.3,11.7,15:30,66,76,05:40,57,11:00,2025-05-06 10:49:51.982786,2025-05-06 10:49:51.982786
126059,59,2022-07-06,23.9,0,20,06:08,27.8,16:10,36,5,11.1,20:00,65,76,06:10,52,17:00,2025-05-06 10:49:52.327467,2025-05-06 10:49:52.327467
126078,59,2022-07-07,24.3,0,19.9,,28.7,14:07,3,5.3,11.1,14:40,61,79,04:10,49,13:40,2025-05-06 10:49:52.574629,2025-05-06 10:49:52.574629
126097,59,2022-07-08,24.8,0,21.5,,28.1,13:34,1,3.6,9.2,08:40,69,76,19:30,55,09:40,2025-05-06 10:49:52.789032,2025-05-06 10:49:52.789032
126116,59,2022-07-09,28.6,0,24.2,04:07,32.9,09:34,35,3.1,9.7,23:10,64,73,19:10,30,23:00,2025-05-06 10:49:53.040172,2025-05-06 10:49:53.040172
126135,59,2022-07-10,31.4,0,24.7,22:51,38.2,17:07,2,5.3,11.9,17:30,36,73,22:50,17,04:50,2025-05-06 10:49:53.321287,2025-05-06 10:49:53.321287
126154,59,2022-07-11,28.6,0,22.3,23:37,35,11:44,32,3.3,11.1,08:20,59,73,23:20,32,11:40,2025-05-06 10:49:53.590084,2025-05-06 10:49:53.590084
126173,59,2022-07-12,24.5,0,20.7,06:25,28.3,13:43,10,3.3,13.9,12:20,71,76,06:20,50,11:20,2025-05-06 10:49:53.836970,2025-05-06 10:49:53.836970
126192,59,2022-07-13,23.1,0,19.3,06:38,26.9,11:51,10,2.5,11.1,12:00,72,77,06:30,55,10:00,2025-05-06 10:49:54.109979,2025-05-06 10:49:54.109979
126211,59,2022-07-14,25.3,0,20.3,06:06,30.3,14:45,8,4.2,11.4,13:40,61,78,06:10,44,09:00,2025-05-06 10:49:54.319317,2025-05-06 10:49:54.319317
126230,59,2022-07-15,25.5,0,20.6,05:51,30.4,16:10,8,5,13.6,14:00,67,79,03:30,48,16:00,2025-05-06 10:49:54.602195,2025-05-06 10:49:54.602195
126249,59,2022-07-16,25,0,21.3,,28.7,12:36,9,4.4,13.1,14:50,65,80,05:40,53,12:30,2025-05-06 10:49:54.901703,2025-05-06 10:49:54.901703
126268,59,2022-07-17,25.2,0,21.4,06:18,29,14:33,10,5.6,12.8,13:00,71,78,06:00,53,16:20,2025-05-06 10:49:55.171164,2025-05-06 10:49:55.171164
126287,59,2022-07-18,24.8,0,20.8,05:06,28.9,14:13,4,4.7,10.8,17:30,66,80,04:30,54,15:00,2025-05-06 10:49:55.472043,2025-05-06 10:49:55.472043
126306,59,2022-07-19,25.8,,21.8,04:16,29.8,13:29,4,6.4,13.6,12:40,58,79,04:20,47,16:20,2025-05-06 10:49:55.780732,2025-05-06 10:49:55.780732
126325,59,2022-07-20,30.1,0,24.8,04:43,35.4,16:13,2,4.4,14.4,23:00,48,69,18:50,32,16:10,2025-05-06 10:49:56.080142,2025-05-06 10:49:56.080142
126344,59,2022-07-21,30.7,0,26.5,22:42,34.9,14:52,1,6.4,15,09:00,45,62,15:50,30,03:10,2025-05-06 10:49:56.370045,2025-05-06 10:49:56.370045
126363,59,2022-07-22,27.1,0,23.3,05:40,30.9,18:18,3,5,24.4,20:40,65,84,21:40,42,,2025-05-06 10:49:56.640332,2025-05-06 10:49:56.640332
126382,59,2022-07-23,28.4,0,23.2,08:16,33.6,12:34,15,3.1,11.7,04:40,73,88,08:20,41,12:30,2025-05-06 10:49:56.935003,2025-05-06 10:49:56.935003
126401,59,2022-07-24,26.2,0,23.5,23:46,29,12:40,99,3.1,7.5,,75,91,23:59,54,02:10,2025-05-06 10:49:57.168136,2025-05-06 10:49:57.168136
126420,59,2022-07-25,28.2,0,23.1,04:11,33.3,11:14,2,3.3,13.6,23:59,74,91,00:00,39,22:30,2025-05-06 10:49:57.391190,2025-05-06 10:49:57.391190
126439,59,2022-07-26,32.8,0,28,02:32,37.5,15:10,99,4.7,12.8,,34,53,02:30,20,22:10,2025-05-06 10:49:57.657661,2025-05-06 10:49:57.657661
126458,59,2022-07-27,30.4,0,23.1,23:59,37.7,13:21,34,6.1,13.1,23:00,25,73,23:50,17,11:00,2025-05-06 10:49:57.957498,2025-05-06 10:49:57.957498
126477,59,2022-07-28,25.6,0,21.9,,29.3,13:50,36,5.8,11.7,05:00,60,75,,50,13:50,2025-05-06 10:49:58.218918,2025-05-06 10:49:58.218918
126496,59,2022-07-29,25.6,0,22.7,05:38,28.6,14:28,4,6.4,13.6,11:40,65,76,07:40,58,14:40,2025-05-06 10:49:58.512234,2025-05-06 10:49:58.512234
126515,59,2022-07-30,25.5,0,21.5,06:04,29.5,16:44,10,4.7,12.5,12:00,69,80,05:50,54,10:40,2025-05-06 10:49:58.803921,2025-05-06 10:49:58.803921
126534,59,2022-07-31,25.2,0,22.4,04:08,28,11:10,8,3.9,10,12:00,77,81,,62,10:50,2025-05-06 10:49:59.059872,2025-05-06 10:49:59.059872
126553,59,2022-08-01,26.6,0,22.3,05:58,31,15:32,99,3.6,9.2,,69,82,06:00,52,15:30,2025-05-06 10:49:59.343240,2025-05-06 10:49:59.343240
126572,59,2022-08-02,28.1,0,23.6,00:32,32.6,11:50,2,4.2,11.4,,61,77,00:40,48,11:50,2025-05-06 10:49:59.606211,2025-05-06 10:49:59.606211
126591,59,2022-08-03,27.4,0,23.2,23:47,31.7,14:32,99,4.7,10,,55,74,23:59,42,10:20,2025-05-06 10:49:59.906975,2025-05-06 10:49:59.906975
126610,59,2022-08-04,25.2,0,21.4,06:15,29.1,13:17,4,4.7,11.7,17:00,62,80,,52,,2025-05-06 10:50:00.186886,2025-05-06 10:50:00.186886
126629,59,2022-08-05,26.4,0,21.6,05:32,31.2,14:56,1,4.7,14.4,22:30,65,81,,42,14:50,2025-05-06 10:50:00.444029,2025-05-06 10:50:00.444029
126648,59,2022-08-06,26.5,0,22,06:29,31,14:43,3,5.3,11.4,10:40,63,81,06:40,43,14:20,2025-05-06 10:50:00.624376,2025-05-06 10:50:00.624376
126667,59,2022-08-07,26.1,0,21.7,04:49,30.5,16:21,3,3.3,12.5,08:40,60,81,01:30,41,16:40,2025-05-06 10:50:00.813388,2025-05-06 10:50:00.813388
126686,59,2022-08-08,25.6,0,22,05:48,29.2,15:27,3,4.7,12.5,08:40,66,79,,52,17:00,2025-05-06 10:50:01.076944,2025-05-06 10:50:01.076944
126705,59,2022-08-09,25.6,0,21.3,06:10,29.9,15:50,7,3.6,14.7,14:10,68,78,02:10,50,15:50,2025-05-06 10:50:01.358783,2025-05-06 10:50:01.358783
126724,59,2022-08-10,25.5,0,21.2,04:48,29.8,15:08,10,4.7,11.1,11:30,64,76,,53,15:10,2025-05-06 10:50:01.640490,2025-05-06 10:50:01.640490
126743,59,2022-08-11,25,0,21,05:58,29,15:26,6,5,13.3,15:40,69,74,06:00,52,15:20,2025-05-06 10:50:01.953175,2025-05-06 10:50:01.953175
126762,59,2022-08-12,24.8,0,21,05:51,28.6,12:56,10,4.2,11.1,12:20,67,80,06:20,52,11:30,2025-05-06 10:50:02.252522,2025-05-06 10:50:02.252522
126781,59,2022-08-13,26,0,21.9,05:11,30.2,13:30,99,3.6,10,,61,79,05:00,47,13:50,2025-05-06 10:50:02.554907,2025-05-06 10:50:02.554907
126800,59,2022-08-14,25.4,0,21.8,05:31,28.9,11:13,10,4.4,12.8,11:30,69,77,,51,11:10,2025-05-06 10:50:02.853495,2025-05-06 10:50:02.853495
126819,59,2022-08-15,25.7,0,22.3,06:01,29.1,13:02,4,5,10.3,13:10,66,78,02:30,55,,2025-05-06 10:50:03.137099,2025-05-06 10:50:03.137099
126838,59,2022-08-16,25.2,0,21.9,05:36,28.6,13:22,9,4.7,11.7,16:50,67,79,,56,11:40,2025-05-06 10:50:03.423640,2025-05-06 10:50:03.423640
126857,59,2022-08-17,24.7,0,22.2,06:46,27.2,14:29,3,6.1,15.3,11:00,65,79,,52,11:30,2025-05-06 10:50:03.717396,2025-05-06 10:50:03.717396
126874,59,2022-08-18,24.2,0,21.2,06:45,27.2,15:08,5,4.7,11.7,10:00,64,74,23:40,54,13:10,2025-05-06 10:50:03.949866,2025-05-06 10:50:03.949866
126893,59,2022-08-19,25.3,0,21,06:39,29.6,11:46,9,2.5,10.3,14:00,71,78,06:20,49,10:50,2025-05-06 10:50:04.207916,2025-05-06 10:50:04.207916
126912,59,2022-08-20,29,0,23.6,00:01,34.5,14:13,10,3.9,10.3,12:00,54,74,00:00,30,10:50,2025-05-06 10:50:04.469839,2025-05-06 10:50:04.469839
126931,59,2022-08-21,29.4,0,25.1,06:26,33.6,09:58,1,3.1,10,00:10,60,71,,16,04:30,2025-05-06 10:50:04.718693,2025-05-06 10:50:04.718693
126950,59,2022-08-22,29.7,0,24.3,23:46,35.1,14:43,3,6.4,13.6,11:50,41,69,23:50,21,,2025-05-06 10:50:04.945701,2025-05-06 10:50:04.945701
126969,59,2022-08-23,27.6,0,23.2,23:44,32,14:26,9,4.2,11.9,14:10,65,80,23:40,51,13:20,2025-05-06 10:50:05.192476,2025-05-06 10:50:05.192476
126988,59,2022-08-24,25.5,0,22,06:25,29,13:52,2,4.2,10.8,00:10,68,80,,58,,2025-05-06 10:50:05.456600,2025-05-06 10:50:05.456600
127007,59,2022-08-25,25.4,0,21.7,04:05,29,16:07,99,5,11.9,19:40,68,78,,54,17:30,2025-05-06 10:50:05.733219,2025-05-06 10:50:05.733219
127026,59,2022-08-26,25.8,0,21.4,05:21,30.3,15:52,2,5.3,13.1,20:00,62,77,,43,16:00,2025-05-06 10:50:06.034310,2025-05-06 10:50:06.034310
127045,59,2022-08-27,25.2,0,22,,28.3,12:05,8,5.3,13.6,16:10,68,72,18:00,48,12:00,2025-05-06 10:50:06.302723,2025-05-06 10:50:06.302723
127064,59,2022-08-28,24,0,20.3,06:27,27.8,13:15,11,3.6,12.2,15:10,58,77,07:30,46,13:10,2025-05-06 10:50:06.582023,2025-05-06 10:50:06.582023
127083,59,2022-08-29,24,0,20.2,03:54,27.7,16:53,7,5,13.3,13:00,67,77,22:40,54,16:30,2025-05-06 10:50:06.867272,2025-05-06 10:50:06.867272
127102,59,2022-08-30,26,0,22.7,,29.2,12:41,10,3.6,11.1,14:30,70,79,22:10,62,20:00,2025-05-06 10:50:07.135813,2025-05-06 10:50:07.135813
127121,59,2022-08-31,29,0,24.1,02:37,33.8,11:14,2,3.1,15.8,02:00,72,84,13:40,42,11:10,2025-05-06 10:50:07.418832,2025-05-06 10:50:07.418832
127140,59,2022-09-01,28.1,0,24,05:28,32.2,11:31,2,5,11.9,23:10,56,82,05:20,46,12:40,2025-05-06 10:50:07.696447,2025-05-06 10:50:07.696447
127159,59,2022-09-02,28.9,0,24.5,,33.3,11:08,2,3.6,12.2,00:20,57,77,17:50,30,09:10,2025-05-06 10:50:07.986206,2025-05-06 10:50:07.986206
127178,59,2022-09-03,25.6,0,22.9,,28.2,15:47,7,5,13.3,11:50,75,84,21:00,58,15:50,2025-05-06 10:50:08.245204,2025-05-06 10:50:08.245204
127197,59,2022-09-04,24.2,0,21.1,06:46,27.2,16:43,11,4.7,12.2,15:10,70,80,06:50,55,17:00,2025-05-06 10:50:08.529691,2025-05-06 10:50:08.529691
127216,59,2022-09-05,25.2,0,22,,28.5,12:02,4,5.6,12.2,18:10,67,78,,46,11:30,2025-05-06 10:50:08.805012,2025-05-06 10:50:08.805012
127235,59,2022-09-06,24.8,0,21.9,04:02,27.7,11:26,10,5.6,12.2,14:20,70,79,,55,11:30,2025-05-06 10:50:09.073723,2025-05-06 10:50:09.073723
127254,59,2022-09-07,24.1,0,20.3,06:02,27.9,15:08,4,5,11.9,14:00,66,79,,56,,2025-05-06 10:50:09.326052,2025-05-06 10:50:09.326052
127273,59,2022-09-08,25.2,0,21.4,06:12,28.9,13:23,6,5,12.5,13:00,64,79,,49,13:20,2025-05-06 10:50:09.580608,2025-05-06 10:50:09.580608
127292,59,2022-09-09,25.3,0,21.5,06:20,29.1,11:53,9,4.4,12.2,13:40,72,81,05:30,47,11:50,2025-05-06 10:50:09.836277,2025-05-06 10:50:09.836277
127311,59,2022-09-10,25.7,0,22.5,04:02,28.9,13:36,8,5,13.9,12:50,71,79,,55,12:00,2025-05-06 10:50:10.146910,2025-05-06 10:50:10.146910
127330,59,2022-09-11,24.7,0,22.4,,27,10:26,99,2.2,7.8,07:40,77,88,,63,10:20,2025-05-06 10:50:10.405280,2025-05-06 10:50:10.405280
127349,59,2022-09-12,25.8,0,22.1,02:23,29.4,16:48,35,4.4,10.6,19:50,77,91,,57,16:50,2025-05-06 10:50:10.703748,2025-05-06 10:50:10.703748
127368,59,2022-09-13,24.5,0,22.5,06:52,26.5,10:25,99,1.7,7.5,,75,82,04:20,60,19:00,2025-05-06 10:50:11.021529,2025-05-06 10:50:11.021529
127387,59,2022-09-14,23.7,0,20.4,06:50,27,12:05,36,1.9,7.5,00:10,70,79,,56,18:10,2025-05-06 10:50:11.253277,2025-05-06 10:50:11.253277
127406,59,2022-09-15,25.2,0,21.2,06:59,29.1,13:16,2,3.9,11.7,16:20,64,82,06:50,49,13:20,2025-05-06 10:50:11.452224,2025-05-06 10:50:11.452224
127425,59,2022-09-16,25.6,0,22.5,03:58,28.8,13:25,32,5.8,12.8,13:40,63,78,,50,,2025-05-06 10:50:11.704029,2025-05-06 10:50:11.704029
127444,59,2022-09-17,26,0.2,22.8,,29.1,13:22,34,5.3,13.6,15:10,67,80,23:50,53,13:20,2025-05-06 10:50:11.969684,2025-05-06 10:50:11.969684
127463,59,2022-09-18,25.8,0,22.9,06:45,28.7,14:14,24,2.2,9.4,14:50,68,85,06:40,54,,2025-05-06 10:50:12.267653,2025-05-06 10:50:12.267653
127482,59,2022-09-19,24.4,0,20.9,06:24,28,13:57,17,2.5,7.2,14:30,79,85,,68,13:50,2025-05-06 10:50:12.549043,2025-05-06 10:50:12.549043
127501,59,2022-09-20,23,0,20.7,06:24,25.2,14:47,10,4.2,11.4,12:50,82,87,06:50,72,15:30,2025-05-06 10:50:12.819200,2025-05-06 10:50:12.819200
127520,59,2022-09-21,25.2,0,22.1,,28.2,17:05,6,4.2,10.6,13:50,66,83,,52,,2025-05-06 10:50:13.100132,2025-05-06 10:50:13.100132
127539,59,2022-09-22,25.2,0,22.7,06:50,27.8,13:01,99,6.1,11.1,,64,80,01:50,48,15:00,2025-05-06 10:50:13.393900,2025-05-06 10:50:13.393900
127558,59,2022-09-23,25.5,0,23,04:39,28,13:34,5,5,11.4,13:20,71,78,02:20,59,11:30,2025-05-06 10:50:13.670700,2025-05-06 10:50:13.670700
127577,59,2022-09-24,24.2,3.2,22.1,,26.2,14:03,3,4.4,11.7,12:20,75,86,20:00,65,,2025-05-06 10:50:13.921051,2025-05-06 10:50:13.921051
127596,59,2022-09-25,21.4,61.2,20.2,20:20,22.7,02:38,6,3.9,11.7,12:50,89,95,15:50,80,02:30,2025-05-06 10:50:14.181712,2025-05-06 10:50:14.181712
127615,59,2022-09-26,21.4,1,19.6,02:33,23.3,11:59,99,3.9,12.2,,82,95,,71,23:30,2025-05-06 10:50:14.443014,2025-05-06 10:50:14.443014
127634,59,2022-09-27,23.4,0,21.6,,25.2,14:48,5,5,11.9,14:10,66,79,00:40,58,12:40,2025-05-06 10:50:14.703380,2025-05-06 10:50:14.703380
127653,59,2022-09-28,23.7,0,21.6,06:38,25.8,14:50,4,5,9.7,11:10,65,79,,58,,2025-05-06 10:50:14.973491,2025-05-06 10:50:14.973491
127672,59,2022-09-29,23.7,0,20.5,07:06,26.9,12:01,36,4.4,12.8,18:00,67,82,06:00,50,15:10,2025-05-06 10:50:15.246970,2025-05-06 10:50:15.246970
127691,59,2022-09-30,23.8,0,20.5,07:00,27.1,13:23,2,5.6,13.9,16:00,70,83,07:00,54,14:40,2025-05-06 10:50:15.486226,2025-05-06 10:50:15.486226
127710,59,2022-10-01,22.8,0,20.3,06:45,25.3,12:15,4,5.6,13.3,11:10,63,76,,55,12:00,2025-05-06 10:50:15.711868,2025-05-06 10:50:15.711868
127729,59,2022-10-02,23.2,0,19.9,07:31,26.6,14:41,3,2.2,8.6,00:40,76,86,07:30,50,23:59,2025-05-06 10:50:15.969776,2025-05-06 10:50:15.969776
127748,59,2022-10-03,26.4,0,22.2,05:18,30.7,15:20,5,3.6,8.9,11:20,48,76,02:00,30,15:20,2025-05-06 10:50:16.210810,2025-05-06 10:50:16.210810
127767,59,2022-10-04,27.4,0,24.1,03:21,30.7,14:15,2,6.1,10.3,10:50,39,57,,28,13:20,2025-05-06 10:50:16.475946,2025-05-06 10:50:16.475946
127786,59,2022-10-05,25.4,0,22.7,,28.2,15:05,3,4.7,9.7,14:40,59,74,22:50,38,00:10,2025-05-06 10:50:16.733422,2025-05-06 10:50:16.733422
127805,59,2022-10-06,25,0,21.7,06:50,28.3,13:33,1,4.7,12.5,06:20,61,79,06:00,47,13:30,2025-05-06 10:50:16.973457,2025-05-06 10:50:16.973457
127824,59,2022-10-07,25.2,0,21.3,07:01,29.1,13:20,35,2.8,10.6,15:40,66,78,06:50,51,12:20,2025-05-06 10:50:17.264550,2025-05-06 10:50:17.264550
127843,59,2022-10-08,25,0,22.1,06:26,27.9,12:47,2,3.6,10.8,08:30,68,78,22:30,57,13:00,2025-05-06 10:50:17.539755,2025-05-06 10:50:17.539755
127862,59,2022-10-09,23.7,0,21.3,06:35,26.1,15:03,6,4.7,10.8,11:50,76,87,,66,15:00,2025-05-06 10:50:17.797993,2025-05-06 10:50:17.797993
127881,59,2022-10-10,23.8,0,21.2,23:47,26.4,15:39,10,4.4,12.5,13:00,73,81,02:40,57,11:20,2025-05-06 10:50:18.061166,2025-05-06 10:50:18.061166
127900,59,2022-10-11,22.8,0,19.6,03:12,26,13:40,36,3.1,9.2,19:50,71,82,,61,16:50,2025-05-06 10:50:18.315898,2025-05-06 10:50:18.315898
127919,59,2022-10-12,23.1,0,19.2,05:06,27,13:18,2,4.2,12.8,14:10,67,82,07:10,51,13:40,2025-05-06 10:50:18.590317,2025-05-06 10:50:18.590317
127938,59,2022-10-13,23.7,0,20.2,02:13,27.2,14:36,4,5.3,10.3,12:00,68,81,04:00,52,11:50,2025-05-06 10:50:18.844291,2025-05-06 10:50:18.844291
127957,59,2022-10-14,24.6,0,22,03:55,27.1,12:51,6,4.7,11.7,14:10,72,82,,60,11:20,2025-05-06 10:50:19.074795,2025-05-06 10:50:19.074795
127976,59,2022-10-15,23.6,7,20.6,05:03,26.6,12:33,10,1.9,8.9,10:30,78,85,05:00,61,12:30,2025-05-06 10:50:19.313062,2025-05-06 10:50:19.313062
127995,59,2022-10-16,23.2,0,19.6,,26.9,14:37,34,1.9,11.7,02:00,74,84,19:50,55,10:00,2025-05-06 10:50:19.603996,2025-05-06 10:50:19.603996
128014,59,2022-10-17,21.8,0,18,07:09,25.5,10:57,9,2.2,9.4,13:50,81,90,03:40,69,,2025-05-06 10:50:19.840625,2025-05-06 10:50:19.840625
128033,59,2022-10-18,24.5,0,21.3,05:32,27.7,14:13,10,2.5,6.9,15:00,62,86,05:40,49,18:00,2025-05-06 10:50:20.083611,2025-05-06 10:50:20.083611
128052,59,2022-10-19,24.4,0,20.5,06:25,28.3,15:05,9,2.5,8.1,13:50,66,82,00:00,56,15:10,2025-05-06 10:50:20.336258,2025-05-06 10:50:20.336258
128071,59,2022-10-20,22.7,0,19.7,07:08,25.7,16:40,10,3.3,11.1,13:30,79,86,07:10,68,10:30,2025-05-06 10:50:20.609805,2025-05-06 10:50:20.609805
128090,59,2022-10-21,24.7,0,21.1,06:57,28.3,17:11,36,3.9,10.6,19:10,62,85,03:30,42,17:10,2025-05-06 10:50:20.859258,2025-05-06 10:50:20.859258
128109,59,2022-10-22,23.7,0,20.9,07:14,26.5,11:06,10,3.6,8.9,12:50,72,84,05:10,55,09:30,2025-05-06 10:50:21.151581,2025-05-06 10:50:21.151581
128128,59,2022-10-23,23.1,0,20.4,06:51,25.8,11:05,8,3.3,10,13:20,76,87,07:20,67,10:30,2025-05-06 10:50:21.441581,2025-05-06 10:50:21.441581
128147,59,2022-10-24,22.4,0,19.4,06:38,25.5,15:39,10,2.8,7.5,12:50,84,89,07:10,70,09:50,2025-05-06 10:50:21.726718,2025-05-06 10:50:21.726718
128166,59,2022-10-25,23.6,0,19.6,07:21,27.5,12:20,9,3.3,8.6,15:20,78,90,05:00,53,16:40,2025-05-06 10:50:21.975048,2025-05-06 10:50:21.975048
128185,59,2022-10-26,22.4,0,19.2,07:52,25.7,14:37,9,2.5,7.2,18:10,83,91,05:50,67,09:40,2025-05-06 10:50:22.163016,2025-05-06 10:50:22.163016
128204,59,2022-10-27,24.8,0,20.3,06:56,29.2,14:30,6,2.2,6.9,01:10,66,90,,40,14:20,2025-05-06 10:50:22.388901,2025-05-06 10:50:22.388901
128223,59,2022-10-28,25.2,0,20.4,02:36,29.9,09:56,34,2.5,8.6,03:10,56,75,03:50,22,21:20,2025-05-06 10:50:22.677341,2025-05-06 10:50:22.677341
128242,59,2022-10-29,24.5,0,21.4,02:03,27.6,14:54,99,2.5,5.8,08:50,61,84,22:50,30,00:10,2025-05-06 10:50:22.960435,2025-05-06 10:50:22.960435
128261,59,2022-10-30,24.2,0,20.4,06:39,28,12:56,3,2.2,6.4,08:00,70,88,22:20,51,09:20,2025-05-06 10:50:23.232793,2025-05-06 10:50:23.232793
128280,59,2022-10-31,23.3,0,18.4,07:12,28.2,13:30,99,2.5,8.3,,60,81,,41,09:40,2025-05-06 10:50:23.481099,2025-05-06 10:50:23.481099
128299,59,2022-11-01,24,0,20.7,07:14,27.3,11:26,9,3.9,8.9,14:40,70,87,01:10,52,12:00,2025-05-06 10:50:23.742323,2025-05-06 10:50:23.742323
128318,59,2022-11-02,23,0,19.4,06:39,26.7,17:16,9,2.8,11.1,13:20,68,90,06:50,53,17:20,2025-05-06 10:50:23.988059,2025-05-06 10:50:23.988059
128337,59,2022-11-03,22.2,0,19.1,07:19,25.4,16:22,10,3.6,10.3,13:00,78,89,,64,16:30,2025-05-06 10:50:24.272374,2025-05-06 10:50:24.272374
128356,59,2022-11-04,23,0,20.8,07:07,25.3,13:37,8,4.4,10.8,14:00,71,83,05:30,61,13:20,2025-05-06 10:50:24.491853,2025-05-06 10:50:24.491853
128375,59,2022-11-05,22.4,0,19.8,07:23,24.9,11:58,8,3.9,10.3,14:20,72,81,23:30,62,11:00,2025-05-06 10:50:24.769244,2025-05-06 10:50:24.769244
128394,59,2022-11-06,22.4,0,19.7,01:14,25.2,17:00,6,3.9,10,13:50,73,86,02:20,62,17:00,2025-05-06 10:50:25.044227,2025-05-06 10:50:25.044227
128413,59,2022-11-07,23.1,0,20,07:25,26.2,16:15,10,2.5,10,11:40,76,84,07:30,64,16:10,2025-05-06 10:50:25.333477,2025-05-06 10:50:25.333477
128432,59,2022-11-08,22.1,0,18.6,07:26,25.6,16:59,10,2.5,9.4,12:30,75,88,07:30,64,17:00,2025-05-06 10:50:25.565984,2025-05-06 10:50:25.565984
128451,59,2022-11-09,21.7,0,17.7,07:37,25.7,14:13,11,3.9,9.7,13:20,76,88,,53,14:30,2025-05-06 10:50:25.785454,2025-05-06 10:50:25.785454
128470,59,2022-11-10,22.8,0,20.5,,25.1,13:15,12,3.9,10.3,15:30,70,81,,60,13:10,2025-05-06 10:50:26.046834,2025-05-06 10:50:26.046834
128489,59,2022-11-11,23,0,20,07:31,25.9,15:06,6,3.9,10,11:40,74,83,07:40,54,15:20,2025-05-06 10:50:26.279832,2025-05-06 10:50:26.279832
128508,59,2022-11-12,22.4,0,19.3,07:01,25.6,14:31,10,1.4,7.8,10:10,71,87,07:00,41,18:50,2025-05-06 10:50:26.543785,2025-05-06 10:50:26.543785
128527,59,2022-11-13,23.4,0,17.5,07:49,29.2,17:34,26,1.1,7.2,15:30,41,75,00:00,21,17:30,2025-05-06 10:50:26.787123,2025-05-06 10:50:26.787123
128546,59,2022-11-14,24.4,0,19.7,06:56,29.2,15:01,99,3.3,7.2,23:50,35,52,05:20,20,19:10,2025-05-06 10:50:26.991608,2025-05-06 10:50:26.991608
128565,59,2022-11-15,24.4,0,20.1,07:30,28.7,15:25,34,2.2,10.8,01:40,46,63,07:20,20,15:20,2025-05-06 10:50:27.224901,2025-05-06 10:50:27.224901
128584,59,2022-11-16,23.6,0,19.4,05:59,27.9,10:22,3,2.5,6.9,10:50,58,79,19:00,26,10:50,2025-05-06 10:50:27.523015,2025-05-06 10:50:27.523015
128603,59,2022-11-17,21.4,0,17.2,02:29,25.6,10:12,10,2.8,11.4,13:30,79,87,,35,03:30,2025-05-06 10:50:27.817126,2025-05-06 10:50:27.817126
128622,59,2022-11-18,21.2,0,16.4,06:34,25.9,14:16,2,3.3,10.6,12:20,73,87,,53,14:20,2025-05-06 10:50:28.093236,2025-05-06 10:50:28.093236
128641,59,2022-11-19,22,0,19.9,06:26,24,14:59,4,6.4,15.3,11:40,54,70,01:00,47,13:00,2025-05-06 10:50:28.380199,2025-05-06 10:50:28.380199
128660,59,2022-11-20,21.6,0,20.2,06:45,23.1,12:39,4,6.9,16.1,10:20,62,75,,54,12:40,2025-05-06 10:50:28.656441,2025-05-06 10:50:28.656441
128679,59,2022-11-21,22.2,0,19.8,06:37,24.5,13:28,3,5,10,11:20,70,78,06:00,59,12:30,2025-05-06 10:50:28.920231,2025-05-06 10:50:28.920231
128698,59,2022-11-22,21.8,0,19.6,07:16,23.9,15:31,5,4.2,9.4,16:30,67,78,02:20,57,13:20,2025-05-06 10:50:29.144136,2025-05-06 10:50:29.144136
128717,59,2022-11-23,21.9,0,19.3,06:46,24.5,12:42,9,3.9,11.1,14:10,69,80,06:50,59,12:20,2025-05-06 10:50:29.392785,2025-05-06 10:50:29.392785
128736,59,2022-11-24,20.4,0,17.3,07:43,23.6,13:02,8,2.8,10.3,14:10,75,87,07:50,64,11:40,2025-05-06 10:50:29.620325,2025-05-06 10:50:29.620325
128755,59,2022-11-25,22.3,0,19.4,06:39,25.2,15:02,2,3.6,7.8,23:59,70,82,06:40,51,14:50,2025-05-06 10:50:29.883365,2025-05-06 10:50:29.883365
128774,59,2022-11-26,22.6,0,18.6,07:54,26.7,17:26,99,2.5,7.8,,58,86,08:00,26,18:20,2025-05-06 10:50:30.123709,2025-05-06 10:50:30.123709
128793,59,2022-11-27,22.4,0,18.6,01:46,26.1,13:20,3,5.8,11.7,14:30,67,83,06:10,48,,2025-05-06 10:50:30.378177,2025-05-06 10:50:30.378177
128812,59,2022-11-28,22.4,0,19.4,05:36,25.4,13:14,3,4.2,10.6,15:50,69,84,00:30,48,13:10,2025-05-06 10:50:30.631437,2025-05-06 10:50:30.631437
128831,59,2022-11-29,20.5,0,17.9,23:47,23.1,13:01,9,3.9,11.4,15:00,70,79,07:40,62,,2025-05-06 10:50:30.938352,2025-05-06 10:50:30.938352
128850,59,2022-11-30,19,0,15,07:21,23,12:14,5,3.6,11.7,14:10,73,83,07:20,57,12:10,2025-05-06 10:50:31.206666,2025-05-06 10:50:31.206666
128869,59,2022-12-01,18.4,0.4,13.2,07:30,23.6,13:10,36,3.1,10.3,15:10,63,88,,47,11:20,2025-05-06 10:50:31.454480,2025-05-06 10:50:31.454480
128888,59,2022-12-02,19.7,0.6,16.3,06:43,23.1,13:06,34,2.8,11.1,13:30,76,90,,62,13:10,2025-05-06 10:50:31.707920,2025-05-06 10:50:31.707920
128907,59,2022-12-03,20,3.4,15.7,05:39,24.2,15:09,24,3.1,8.6,13:40,76,91,05:00,58,14:50,2025-05-06 10:50:31.932087,2025-05-06 10:50:31.932087
128926,59,2022-12-04,19.8,1.4,16.9,06:05,22.8,13:47,24,5.8,15.8,21:50,75,94,06:10,60,13:10,2025-05-06 10:50:32.179370,2025-05-06 10:50:32.179370
128944,59,2022-12-05,21.2,0,18.2,23:13,24.3,12:19,24,5.6,16.4,03:20,72,86,03:20,65,,2025-05-06 10:51:35.383181,2025-05-06 10:51:35.383181
128962,59,2022-12-06,20,0,16.5,03:48,23.6,13:22,20,3.3,8.6,16:50,83,93,07:30,71,13:20,2025-05-06 10:51:35.683330,2025-05-06 10:51:35.683330
128981,59,2022-12-07,21.2,1.4,20.2,05:07,22.2,11:04,23,6.9,11.9,17:50,83,92,23:50,75,11:10,2025-05-06 10:51:35.956910,2025-05-06 10:51:35.956910
129000,59,2022-12-08,22.4,0.4,21.1,07:58,23.8,14:03,22,5.8,11.7,01:50,90,95,,80,14:40,2025-05-06 10:51:36.223820,2025-05-06 10:51:36.223820
129019,59,2022-12-09,21.8,0,19.6,23:47,24,11:18,24,2.2,8.6,01:10,84,92,,76,15:30,2025-05-06 10:51:36.503179,2025-05-06 10:51:36.503179
129038,59,2022-12-10,20.2,0,16.8,06:45,23.5,13:37,4,1.7,3.9,01:30,83,92,,71,15:00,2025-05-06 10:51:36.768550,2025-05-06 10:51:36.768550
129057,59,2022-12-11,21.7,0,18.9,06:37,24.5,14:19,24,2.2,6.4,16:20,85,94,,76,14:30,2025-05-06 10:51:36.977572,2025-05-06 10:51:36.977572
129076,59,2022-12-12,19.6,0,16.3,07:43,22.8,14:08,10,1.7,5,11:50,90,94,,81,14:10,2025-05-06 10:51:37.144415,2025-05-06 10:51:37.144415
129095,59,2022-12-13,20.8,0,16.9,06:16,24.6,15:47,21,1.1,4.4,16:10,86,95,03:00,76,15:50,2025-05-06 10:51:37.332459,2025-05-06 10:51:37.332459
129114,59,2022-12-14,22,0,16.8,07:54,27.1,11:33,29,3.6,16.1,14:30,71,89,01:00,58,11:30,2025-05-06 10:51:37.628098,2025-05-06 10:51:37.628098
129133,59,2022-12-15,21.2,0,18.4,,23.9,14:11,36,3.9,11.7,03:40,59,71,05:40,46,14:10,2025-05-06 10:51:37.913847,2025-05-06 10:51:37.913847
129151,59,2022-12-16,20.2,0,16.9,05:52,23.4,14:56,36,3.3,10,17:00,68,82,06:20,50,15:00,2025-05-06 10:51:38.211565,2025-05-06 10:51:38.211565
129170,59,2022-12-17,18.3,0,13.7,,22.9,11:11,9,2.8,9.2,12:00,78,85,23:59,59,11:10,2025-05-06 10:51:38.469691,2025-05-06 10:51:38.469691
129189,59,2022-12-18,18.6,0,15.5,01:53,21.6,13:45,99,2.8,7.8,,78,88,,66,09:50,2025-05-06 10:51:38.734916,2025-05-06 10:51:38.734916
129208,59,2022-12-19,20.3,0,16.6,06:46,24,14:53,8,1.7,8.1,10:50,64,92,03:30,44,18:10,2025-05-06 10:51:39.026131,2025-05-06 10:51:39.026131
129227,59,2022-12-20,18.4,0,13.4,07:00,23.3,15:40,6,2.5,6.4,01:40,48,69,06:40,27,18:30,2025-05-06 10:51:39.313762,2025-05-06 10:51:39.313762
129246,59,2022-12-21,19.2,0,15.9,02:09,22.6,16:04,5,3.9,12.2,11:50,66,86,07:50,39,16:10,2025-05-06 10:51:39.607422,2025-05-06 10:51:39.607422
129265,59,2022-12-22,20,0,17.2,08:01,22.8,12:14,1,3.3,8.3,01:00,71,86,08:10,51,19:00,2025-05-06 10:51:39.890311,2025-05-06 10:51:39.890311
129284,59,2022-12-23,19.6,0,16.1,06:32,23.1,15:50,8,2.5,7.8,12:20,74,93,,39,19:10,2025-05-06 10:51:40.166222,2025-05-06 10:51:40.166222
129303,59,2022-12-24,18.9,0,13.9,06:23,23.9,15:48,99,2.2,5,,72,78,12:00,47,23:20,2025-05-06 10:51:40.445999,2025-05-06 10:51:40.445999
129322,59,2022-12-25,17.8,0,12.2,07:43,23.5,13:19,20,4.2,6.7,15:50,66,71,08:30,53,01:30,2025-05-06 10:51:40.712098,2025-05-06 10:51:40.712098
129341,59,2022-12-26,17.8,0,12.3,04:15,23.2,15:30,8,3.6,11.4,23:59,69,83,07:00,47,12:30,2025-05-06 10:51:40.968717,2025-05-06 10:51:40.968717
129360,59,2022-12-27,21.8,0,20.7,23:52,22.8,14:24,3,7.5,21.7,04:40,54,70,23:50,34,14:20,2025-05-06 10:51:41.205982,2025-05-06 10:51:41.205982
129379,59,2022-12-28,22.1,0,20.7,00:05,23.5,22:47,6,6.7,21.1,05:40,45,70,00:00,32,14:00,2025-05-06 10:51:41.461436,2025-05-06 10:51:41.461436
129398,59,2022-12-29,22.2,0,19.7,07:35,24.6,14:10,3,4.2,17.5,02:40,51,73,08:30,30,14:50,2025-05-06 10:51:41.721747,2025-05-06 10:51:41.721747
129417,59,2022-12-30,20.2,0,17.3,08:08,23.1,12:25,11,1.7,9.4,00:40,65,82,20:40,44,02:50,2025-05-06 10:51:41.954050,2025-05-06 10:51:41.954050
129436,59,2022-12-31,20.4,0,18.5,22:46,22.3,,6,2.2,7.5,05:50,69,76,18:50,62,06:50,2025-05-06 10:51:42.193766,2025-05-06 10:51:42.193766
129455,59,2023-01-01,19.4,0,16.8,23:39,21.9,14:00,17,2.8,8.3,05:00,55,74,03:50,43,19:10,2025-05-06 10:51:42.443425,2025-05-06 10:51:42.443425
129474,59,2023-01-02,18.6,0,14.8,05:25,22.3,15:02,9,1.9,6.7,11:30,57,71,12:00,32,20:40,2025-05-06 10:51:42.751387,2025-05-06 10:51:42.751387
129493,59,2023-01-03,18.8,0,15.5,02:23,22.2,14:09,8,5,13.3,11:50,63,78,06:30,44,11:20,2025-05-06 10:51:43.033250,2025-05-06 10:51:43.033250
129512,59,2023-01-04,20.6,0,18.7,03:00,22.5,15:49,5,3.9,11.1,14:00,55,78,,38,13:50,2025-05-06 10:51:43.288180,2025-05-06 10:51:43.288180
129531,59,2023-01-05,19.2,0,17,22:29,21.4,11:55,5,4.2,10,10:20,58,78,,36,18:10,2025-05-06 10:51:43.525842,2025-05-06 10:51:43.525842
129550,59,2023-01-06,17.6,0,14.2,07:43,21.1,15:41,6,2.8,8.1,10:40,74,87,,53,00:00,2025-05-06 10:51:43.779264,2025-05-06 10:51:43.779264
129569,59,2023-01-07,17.4,0,14,07:07,20.8,11:29,7,3.6,9.4,14:50,77,88,06:30,67,11:30,2025-05-06 10:51:44.057642,2025-05-06 10:51:44.057642
129588,59,2023-01-08,17.3,0,14,07:45,20.6,16:50,8,3.6,11.1,15:20,75,86,07:40,65,16:50,2025-05-06 10:51:44.336685,2025-05-06 10:51:44.336685
129607,59,2023-01-09,18.6,0,16.2,06:04,21,13:25,8,4.2,11.1,13:20,70,80,06:10,66,13:00,2025-05-06 10:51:44.617713,2025-05-06 10:51:44.617713
129626,59,2023-01-10,20,0,18.7,07:57,21.2,11:41,6,3.9,10.8,15:20,75,79,00:20,69,11:30,2025-05-06 10:51:44.879460,2025-05-06 10:51:44.879460
129645,59,2023-01-11,20.8,0,18.7,06:38,22.8,12:28,4,5,12.5,19:50,72,77,,57,12:30,2025-05-06 10:51:45.122488,2025-05-06 10:51:45.122488
129664,59,2023-01-12,20.4,0,18.7,03:12,22.2,14:45,4,6.4,12.8,18:50,68,77,02:00,62,,2025-05-06 10:51:45.380207,2025-05-06 10:51:45.380207
129683,59,2023-01-13,19.6,0,18,08:11,21.2,13:42,4,4.7,10.8,02:40,61,80,23:30,53,12:10,2025-05-06 10:51:45.622871,2025-05-06 10:51:45.622871
129702,59,2023-01-14,21,0,18.3,22:53,23.7,12:41,6,4.4,10,14:30,61,80,,44,,2025-05-06 10:51:45.850112,2025-05-06 10:51:45.850112
129721,59,2023-01-15,19.7,0,17.9,02:48,21.5,13:36,3,6.4,10.6,11:00,71,83,02:00,63,13:40,2025-05-06 10:51:46.126446,2025-05-06 10:51:46.126446
129740,59,2023-01-16,19.4,0,17.5,06:40,21.4,13:46,2,5,10.8,02:20,65,78,00:40,57,13:40,2025-05-06 10:51:46.397335,2025-05-06 10:51:46.397335
129759,59,2023-01-17,17.7,0,14.5,07:50,20.9,13:20,2,3.1,8.6,14:50,62,76,21:30,48,11:40,2025-05-06 10:51:46.634798,2025-05-06 10:51:46.634798
129778,59,2023-01-18,18,0,14.8,08:07,21.2,12:44,2,3.6,11.7,13:40,68,83,06:00,51,16:40,2025-05-06 10:51:46.881500,2025-05-06 10:51:46.881500
129797,59,2023-01-19,18.2,0,16,03:43,20.5,14:05,4,7.2,14.2,16:30,57,71,23:50,50,12:40,2025-05-06 10:51:47.143144,2025-05-06 10:51:47.143144
129816,59,2023-01-20,18.8,0,17.3,21:42,20.2,15:37,99,6.9,14.2,,67,74,08:30,58,,2025-05-06 10:51:47.416581,2025-05-06 10:51:47.416581
129835,59,2023-01-21,19.1,0,16.8,06:40,21.4,14:02,99,5.6,11.4,,63,75,21:30,54,13:10,2025-05-06 10:51:47.635296,2025-05-06 10:51:47.635296
129854,59,2023-01-22,19.4,0,17.3,23:55,21.4,15:32,4,5.8,12.5,15:30,68,77,04:40,56,15:30,2025-05-06 10:51:47.795215,2025-05-06 10:51:47.795215
129873,59,2023-01-23,18.8,0,16.2,06:26,21.4,13:55,3,4.4,10.6,11:30,59,71,06:30,46,,2025-05-06 10:51:47.980967,2025-05-06 10:51:47.980967
129892,59,2023-01-24,18.1,0,15.7,08:20,20.5,14:41,5,4.7,10.8,13:00,59,71,08:20,37,14:40,2025-05-06 10:51:48.250741,2025-05-06 10:51:48.250741
129911,59,2023-01-25,17,0,14.4,06:25,19.5,14:54,99,6.1,12.8,,61,71,04:00,50,14:00,2025-05-06 10:51:48.518898,2025-05-06 10:51:48.518898
129930,59,2023-01-26,17.6,0,16.3,00:59,19,14:44,5,8.6,14.7,12:50,50,64,04:30,41,15:50,2025-05-06 10:51:48.772872,2025-05-06 10:51:48.772872
129949,59,2023-01-27,16.8,0,13.3,06:48,20.3,13:05,34,3.9,11.7,15:40,58,77,20:30,42,11:40,2025-05-06 10:51:49.068559,2025-05-06 10:51:49.068559
129968,59,2023-01-28,17.4,0,14.4,00:14,20.4,14:37,34,3.9,10.8,13:10,55,73,02:30,47,14:40,2025-05-06 10:51:49.356825,2025-05-06 10:51:49.356825
129987,59,2023-01-29,15.2,0,12.5,24:00,18,13:21,6,3.1,8.9,14:00,60,79,05:30,52,,2025-05-06 10:51:49.620689,2025-05-06 10:51:49.620689
130006,59,2023-01-30,14.8,0,10.5,03:08,19,12:59,8,2.8,10.8,14:30,63,76,,54,12:40,2025-05-06 10:51:49.875157,2025-05-06 10:51:49.875157
130025,59,2023-01-31,15.8,0,12.6,08:04,19.1,13:19,6,3.3,10,12:50,62,77,08:10,50,18:00,2025-05-06 10:51:50.138315,2025-05-06 10:51:50.138315
130043,59,2023-02-01,17,0,12.8,06:47,21.1,13:05,4,1.7,12.5,23:10,67,76,06:50,54,22:40,2025-05-06 10:51:50.401965,2025-05-06 10:51:50.401965
130062,59,2023-02-02,18,0,16.6,22:40,19.4,10:47,5,5,14.2,05:20,54,67,23:30,45,10:50,2025-05-06 10:51:50.665212,2025-05-06 10:51:50.665212
130081,59,2023-02-03,17.4,0,14,06:29,20.9,15:00,6,2.5,8.9,00:30,62,75,06:10,36,13:40,2025-05-06 10:51:50.915702,2025-05-06 10:51:50.915702
130100,59,2023-02-04,15.8,0,11.2,07:45,20.5,12:01,2,2.5,10.6,16:10,58,79,,44,18:50,2025-05-06 10:51:51.177820,2025-05-06 10:51:51.177820
130119,59,2023-02-05,16.2,0,12.6,02:48,19.7,16:48,6,3.3,9.4,12:20,58,78,06:30,46,11:10,2025-05-06 10:51:51.448581,2025-05-06 10:51:51.448581
130138,59,2023-02-06,16.4,0.4,12.8,06:39,19.9,11:27,34,3.9,9.2,20:20,68,83,08:20,49,17:30,2025-05-06 10:51:51.705986,2025-05-06 10:51:51.705986
130157,59,2023-02-07,17,0,12.4,04:51,21.7,14:23,36,2.8,10.3,16:00,60,85,07:20,42,13:30,2025-05-06 10:51:51.944881,2025-05-06 10:51:51.944881
130176,59,2023-02-08,15.6,0,10.4,05:34,20.8,13:40,2,2.5,6.4,06:50,67,83,06:20,48,11:10,2025-05-06 10:51:52.179245,2025-05-06 10:51:52.179245
130195,59,2023-02-09,14.8,7,9.9,08:00,19.6,11:46,16,3.3,7.2,12:50,70,84,06:10,53,18:20,2025-05-06 10:51:52.516498,2025-05-06 10:51:52.516498
130214,59,2023-02-10,16.5,7.4,13.8,06:28,19.2,13:23,9,4.4,11.4,03:30,78,89,07:10,61,03:30,2025-05-06 10:51:52.789110,2025-05-06 10:51:52.789110
130233,59,2023-02-11,17.4,0,14.6,23:50,20.2,15:25,16,4.2,11.9,09:10,67,92,02:10,56,16:20,2025-05-06 10:51:53.054119,2025-05-06 10:51:53.054119
130252,59,2023-02-12,17.8,0,14.4,00:06,21.3,19:20,11,3.3,10.3,11:10,48,80,03:30,35,18:50,2025-05-06 10:51:53.335272,2025-05-06 10:51:53.335272
130271,59,2023-02-13,19.6,0,18.3,,21,15:41,15,3.3,11.4,23:00,50,73,21:50,41,15:40,2025-05-06 10:51:53.621364,2025-05-06 10:51:53.621364
130290,59,2023-02-14,18,0,16.4,,19.7,14:54,12,2.8,9.2,07:00,72,82,05:10,67,,2025-05-06 10:51:53.913261,2025-05-06 10:51:53.913261
130309,59,2023-02-15,16.2,0.6,12.2,23:46,20.3,13:35,1,2.8,12.5,13:50,69,90,08:50,42,14:20,2025-05-06 10:51:54.212140,2025-05-06 10:51:54.212140
130328,59,2023-02-16,14.6,0,9.9,07:35,19.3,12:53,4,3.3,14.7,14:30,62,82,05:30,48,18:10,2025-05-06 10:51:54.440522,2025-05-06 10:51:54.440522
130347,59,2023-02-17,15.4,3.2,11.9,07:45,19,14:07,24,3.3,11.4,15:00,78,87,20:20,70,09:50,2025-05-06 10:51:54.707524,2025-05-06 10:51:54.707524
130366,59,2023-02-18,16.7,0,11,07:50,22.4,15:24,28,3.3,10.3,16:20,76,94,07:00,49,16:40,2025-05-06 10:51:54.920985,2025-05-06 10:51:54.920985
130385,59,2023-02-19,16,0,11.4,06:40,20.7,16:19,9,2.5,7.5,13:40,78,93,07:00,67,16:20,2025-05-06 10:51:55.151443,2025-05-06 10:51:55.151443
130404,59,2023-02-20,16.6,0,11.4,07:25,21.8,12:43,36,1.9,5.6,20:00,72,87,,50,10:50,2025-05-06 10:51:55.403819,2025-05-06 10:51:55.403819
130423,59,2023-02-21,18.4,0,14.2,04:46,22.6,13:20,12,3.1,9.7,14:00,72,89,,56,12:30,2025-05-06 10:51:55.703865,2025-05-06 10:51:55.703865
130442,59,2023-02-22,18.7,0,15.9,03:30,21.5,14:36,3,5,11.4,15:00,69,83,03:30,58,12:10,2025-05-06 10:51:55.978536,2025-05-06 10:51:55.978536
130461,59,2023-02-23,19,0,16.2,,21.7,13:03,36,4.2,11.7,09:10,59,81,04:10,44,13:40,2025-05-06 10:51:56.276615,2025-05-06 10:51:56.276615
130480,59,2023-02-24,17.7,0.8,14.4,23:48,21,11:45,1,3.1,8.9,12:50,77,82,07:40,52,11:30,2025-05-06 10:51:56.567054,2025-05-06 10:51:56.567054
130499,59,2023-02-25,16.2,0,11.5,04:30,20.8,11:55,24,3.1,9.2,16:20,66,87,05:10,52,18:00,2025-05-06 10:51:56.840653,2025-05-06 10:51:56.840653
130518,59,2023-02-26,18,0,11.7,07:09,24.4,15:53,28,4.4,10.6,18:30,75,89,07:20,50,15:50,2025-05-06 10:51:57.123863,2025-05-06 10:51:57.123863
130537,59,2023-02-27,17.6,0,12.6,07:36,22.6,12:05,3,2.5,6.4,11:10,73,91,06:00,48,11:10,2025-05-06 10:51:57.355962,2025-05-06 10:51:57.355962
130556,59,2023-02-28,19.2,0,15.6,04:57,22.8,12:59,9,2.2,9.2,12:20,75,88,04:10,60,11:40,2025-05-06 10:51:57.607951,2025-05-06 10:51:57.607951
130575,59,2023-03-01,19.2,0,15.8,07:28,22.7,11:50,12,2.2,10,12:20,81,91,07:40,52,11:50,2025-05-06 10:51:57.849834,2025-05-06 10:51:57.849834
130594,59,2023-03-02,18.4,0,14.6,07:13,22.1,11:33,10,2.5,10.6,12:20,79,88,,63,11:30,2025-05-06 10:51:58.153073,2025-05-06 10:51:58.153073
130613,59,2023-03-03,20.4,0,16.5,23:57,24.2,12:03,9,3.6,11.7,14:10,81,83,,59,12:10,2025-05-06 10:51:58.376141,2025-05-06 10:51:58.376141
130632,59,2023-03-04,17.8,0,14,06:34,21.5,13:12,10,2.5,10.3,12:20,78,88,,60,11:30,2025-05-06 10:51:58.591520,2025-05-06 10:51:58.591520
130651,59,2023-03-05,17.4,0,13.3,07:34,21.6,13:39,9,1.9,7.5,11:00,78,88,06:30,68,13:40,2025-05-06 10:51:58.835891,2025-05-06 10:51:58.835891
130670,59,2023-03-06,18.1,0,14.6,06:58,21.6,16:03,9,2.2,6.4,11:40,77,89,06:40,68,17:00,2025-05-06 10:51:59.105412,2025-05-06 10:51:59.105412
130689,59,2023-03-07,19.6,0,17.1,01:05,22.2,15:20,99,1.9,6.1,11:50,75,83,23:30,70,09:10,2025-05-06 10:51:59.335796,2025-05-06 10:51:59.335796
130708,59,2023-03-08,19.2,0,16.9,05:12,21.5,15:18,9,2.5,8.3,13:00,79,86,,72,09:40,2025-05-06 10:51:59.625985,2025-05-06 10:51:59.625985
130727,59,2023-03-09,21.1,0,18.1,04:20,24.1,15:23,5,5.3,11.1,15:40,69,84,04:20,53,18:50,2025-05-06 10:51:59.915345,2025-05-06 10:51:59.915345
130746,59,2023-03-10,22,0,18.3,07:26,25.8,13:00,2,6.4,12.5,16:40,61,81,07:20,43,13:10,2025-05-06 10:52:00.174619,2025-05-06 10:52:00.174619
130765,59,2023-03-11,22.2,0,18.2,04:53,26.2,15:09,8,3.6,9.4,11:40,76,84,,56,15:10,2025-05-06 10:52:00.443029,2025-05-06 10:52:00.443029
130784,59,2023-03-12,20.4,0,16.9,06:58,23.8,16:16,25,1.9,7.2,18:10,74,93,23:30,58,02:10,2025-05-06 10:52:00.736329,2025-05-06 10:52:00.736329
130803,59,2023-03-13,20.8,0,15.5,03:27,26.2,15:48,1,2.8,9.7,22:40,69,97,02:20,55,09:30,2025-05-06 10:52:01.009427,2025-05-06 10:52:01.009427
130822,59,2023-03-14,22.1,0,17.7,03:30,26.5,14:50,2,5.3,11.4,22:20,57,81,03:40,28,14:40,2025-05-06 10:52:01.274179,2025-05-06 10:52:01.274179
130841,59,2023-03-15,19.1,0,16.3,04:34,21.9,16:44,9,2.8,10.8,12:00,81,85,04:40,66,23:20,2025-05-06 10:52:01.529194,2025-05-06 10:52:01.529194
130859,59,2023-03-16,20.6,0,15.8,07:35,25.5,16:56,13,3.3,9.2,11:40,68,86,,39,17:30,2025-05-06 10:52:01.805896,2025-05-06 10:52:01.805896
130878,59,2023-03-17,20,0,17.6,02:21,22.3,14:51,4,6.1,12.2,12:10,67,82,09:40,60,16:00,2025-05-06 10:52:02.100715,2025-05-06 10:52:02.100715
130897,59,2023-03-18,19.8,0,17.2,,22.3,15:39,4,6.7,13.3,12:00,62,69,23:30,54,14:30,2025-05-06 10:52:02.384973,2025-05-06 10:52:02.384973
130916,59,2023-03-19,19.4,0,16.7,07:12,22.2,13:57,3,6.4,12.5,11:00,62,71,19:30,53,14:10,2025-05-06 10:52:02.606514,2025-05-06 10:52:02.606514
130935,59,2023-03-20,20.2,0,16,01:51,24.5,14:39,8,4.7,11.4,13:50,64,74,01:00,47,12:00,2025-05-06 10:52:02.830726,2025-05-06 10:52:02.830726
130954,59,2023-03-21,19.8,0,16.1,06:47,23.5,11:45,2,3.6,8.9,23:10,63,83,06:50,42,12:20,2025-05-06 10:52:03.075664,2025-05-06 10:52:03.075664
130973,59,2023-03-22,22.6,0,18.1,04:36,27,15:24,2,5.8,12.2,18:40,55,81,04:40,35,13:10,2025-05-06 10:52:03.333082,2025-05-06 10:52:03.333082
130992,59,2023-03-23,22.4,0,16.9,04:38,27.8,16:05,10,4.4,10.8,17:10,49,84,04:30,28,09:40,2025-05-06 10:52:03.584063,2025-05-06 10:52:03.584063
131011,59,2023-03-24,23.2,0,18.5,06:14,27.8,12:35,35,5,12.5,21:30,49,77,01:30,31,16:50,2025-05-06 10:52:03.855738,2025-05-06 10:52:03.855738
131030,59,2023-03-25,24.1,0,20.1,07:12,28.1,17:40,35,4.4,9.7,22:10,41,62,12:50,20,17:40,2025-05-06 10:52:04.089585,2025-05-06 10:52:04.089585
131049,59,2023-03-26,22.5,0,18,06:46,27,17:32,10,5.6,13.3,13:40,69,80,23:59,31,17:20,2025-05-06 10:52:04.369829,2025-05-06 10:52:04.369829
131068,59,2023-03-27,21.8,0,17,06:53,26.7,12:45,10,3.1,12.8,14:20,71,84,06:50,45,12:30,2025-05-06 10:52:04.581019,2025-05-06 10:52:04.581019
131087,59,2023-03-28,22.2,0,19,03:24,25.5,13:16,2,3.3,10.8,00:20,62,87,21:20,44,23:59,2025-05-06 10:52:04.870651,2025-05-06 10:52:04.870651
131106,59,2023-03-29,26.6,0,20.9,02:04,32.4,12:46,2,6.1,14.2,15:10,23,53,02:00,17,,2025-05-06 10:52:05.155460,2025-05-06 10:52:05.155460
131125,59,2023-03-30,29,0,23.7,00:59,34.4,16:13,33,4.7,13.6,21:00,22,41,01:00,15,17:40,2025-05-06 10:52:05.413570,2025-05-06 10:52:05.413570
131144,59,2023-03-31,27,0,24,06:47,30,11:33,5,6.7,12.8,16:00,32,41,,23,15:30,2025-05-06 10:52:05.671691,2025-05-06 10:52:05.671691
131163,59,2023-04-01,23.2,0,20,23:45,26.4,14:37,4,7.5,13.9,17:40,45,68,19:30,27,00:00,2025-05-06 10:52:05.923521,2025-05-06 10:52:05.923521
131182,59,2023-04-02,22.2,0,18.8,06:37,25.6,14:49,2,6.7,15.6,05:40,59,75,,43,16:50,2025-05-06 10:52:06.186502,2025-05-06 10:52:06.186502
131200,59,2023-04-03,21.6,0,16.2,05:23,27.1,13:34,2,4.4,11.1,08:10,56,84,05:10,36,15:10,2025-05-06 10:52:06.428700,2025-05-06 10:52:06.428700
131219,59,2023-04-04,19.2,0.2,16,23:30,22.5,12:25,2,6.4,13.9,11:10,59,83,23:20,44,13:50,2025-05-06 10:52:06.701474,2025-05-06 10:52:06.701474
131238,59,2023-04-05,19.4,0.4,16.2,01:11,22.6,13:48,34,5.6,17.5,16:50,63,80,01:00,53,13:50,2025-05-06 10:52:06.957405,2025-05-06 10:52:06.957405
131257,59,2023-04-06,21.6,0,17.9,06:55,25.3,14:51,36,4.7,13.9,16:00,53,73,,37,13:00,2025-05-06 10:52:07.214116,2025-05-06 10:52:07.214116
131276,59,2023-04-07,19.8,0,16.8,06:28,22.9,11:06,35,1.7,7.5,19:30,73,80,04:40,53,11:00,2025-05-06 10:52:07.469176,2025-05-06 10:52:07.469176
131295,59,2023-04-08,19,0,15.9,06:07,22.1,14:12,9,3.1,9.2,18:00,71,78,07:00,56,10:30,2025-05-06 10:52:07.700697,2025-05-06 10:52:07.700697
131314,59,2023-04-09,19.6,0,14.4,06:05,24.9,12:14,7,3.6,11.9,14:40,67,80,06:00,42,23:59,2025-05-06 10:52:07.962206,2025-05-06 10:52:07.962206
131333,59,2023-04-10,25.2,0,20.7,23:56,29.7,15:46,5,10,18.9,05:50,32,66,23:59,25,15:20,2025-05-06 10:52:08.212294,2025-05-06 10:52:08.212294
131352,59,2023-04-11,24,0,19.3,03:34,28.8,18:24,1,4.4,13.9,05:40,57,78,02:20,28,18:20,2025-05-06 10:52:08.466852,2025-05-06 10:52:08.466852
131371,59,2023-04-12,24.6,0,20.1,05:02,29.1,13:08,2,5.8,13.3,16:40,46,73,03:20,27,00:20,2025-05-06 10:52:08.682875,2025-05-06 10:52:08.682875
131390,59,2023-04-13,21.1,0,18.3,05:01,23.9,13:45,4,5,13.3,23:50,65,79,,50,00:00,2025-05-06 10:52:08.930662,2025-05-06 10:52:08.930662
131409,59,2023-04-14,20,0,17.6,05:22,22.5,14:02,2,5.8,12.5,04:30,67,76,,57,13:40,2025-05-06 10:52:09.169328,2025-05-06 10:52:09.169328
131428,59,2023-04-15,20,0,17.1,06:07,22.9,10:40,36,3.1,9.7,02:30,74,81,03:50,61,09:10,2025-05-06 10:52:09.322575,2025-05-06 10:52:09.322575
131447,59,2023-04-16,19.8,0,16.3,06:00,23.4,14:58,34,3.6,12.5,19:20,73,84,05:40,57,17:50,2025-05-06 10:52:09.475264,2025-05-06 10:52:09.475264
131466,59,2023-04-17,21.6,0,17.3,06:34,25.9,12:01,36,3.9,13.1,18:20,61,77,06:40,46,13:00,2025-05-06 10:52:09.737372,2025-05-06 10:52:09.737372
131485,59,2023-04-18,21.4,0,18.4,07:09,24.5,11:48,33,3.6,11.9,16:20,70,80,06:20,51,11:40,2025-05-06 10:52:10.012396,2025-05-06 10:52:10.012396
131504,59,2023-04-19,21.8,0,18.3,23:41,25.3,13:21,36,5.3,15.6,17:40,60,74,00:20,48,,2025-05-06 10:52:10.296528,2025-05-06 10:52:10.296528
131523,59,2023-04-20,19,0,15.2,06:18,22.7,15:38,34,2.2,9.7,21:30,71,80,07:00,55,09:50,2025-05-06 10:52:10.557929,2025-05-06 10:52:10.557929
131542,59,2023-04-21,20,0,14.2,06:40,25.7,15:00,34,3.6,11.9,13:40,61,75,,45,15:00,2025-05-06 10:52:10.818648,2025-05-06 10:52:10.818648
131561,59,2023-04-22,20.8,0,16.9,06:44,24.8,15:49,26,1.9,10.3,18:20,76,82,04:40,65,09:10,2025-05-06 10:52:11.076007,2025-05-06 10:52:11.076007
131580,59,2023-04-23,20.4,0,16.9,06:39,23.9,10:32,10,3.1,12.2,12:30,72,80,,51,10:30,2025-05-06 10:52:11.319027,2025-05-06 10:52:11.319027
131599,59,2023-04-24,19.9,0,16,06:41,23.8,13:21,9,2.5,11.4,11:40,78,84,06:40,57,10:40,2025-05-06 10:52:11.571767,2025-05-06 10:52:11.571767
131618,59,2023-04-25,22.3,0,19.3,02:04,25.3,15:34,99,3.3,8.6,,72,83,,61,11:50,2025-05-06 10:52:11.825795,2025-05-06 10:52:11.825795
131637,59,2023-04-26,21.7,0,18.3,06:56,25.1,18:35,34,2.2,11.7,01:40,73,84,04:30,57,18:40,2025-05-06 10:52:12.121613,2025-05-06 10:52:12.121613
131656,59,2023-04-27,21.4,0,18,06:41,24.8,17:47,36,3.9,11.4,18:10,72,82,06:50,63,17:50,2025-05-06 10:52:12.377344,2025-05-06 10:52:12.377344
131675,59,2023-04-28,20.8,0,16.8,05:46,24.8,15:06,10,2.8,8.6,18:00,74,82,06:20,66,15:10,2025-05-06 10:52:12.656763,2025-05-06 10:52:12.656763
131694,59,2023-04-29,24.6,0,19.7,04:04,29.4,14:48,2,6.1,12.2,17:00,36,74,00:00,24,16:30,2025-05-06 10:52:12.910565,2025-05-06 10:52:12.910565
131713,59,2023-04-30,25.8,0,21.5,03:40,30.1,13:25,3,6.1,11.9,13:30,39,61,03:40,30,12:40,2025-05-06 10:52:13.137851,2025-05-06 10:52:13.137851
131732,59,2023-05-01,25.5,0,20.9,23:53,30.1,12:48,1,4.4,11.4,04:00,39,72,23:50,15,12:20,2025-05-06 10:52:13.388141,2025-05-06 10:52:13.388141
131751,59,2023-05-02,22.8,0,17.7,04:42,27.9,18:27,36,2.8,10.6,20:50,65,86,23:50,16,21:50,2025-05-06 10:52:13.626101,2025-05-06 10:52:13.626101
131770,59,2023-05-03,22.1,0,17.6,06:20,26.6,14:55,33,1.7,10,19:20,62,88,01:40,34,08:40,2025-05-06 10:52:13.867954,2025-05-06 10:52:13.867954
131789,59,2023-05-04,23.4,0,19.8,06:40,27.1,15:40,9,5.3,14.4,13:10,65,80,04:50,47,15:40,2025-05-06 10:52:14.143576,2025-05-06 10:52:14.143576
131808,59,2023-05-05,21.8,0,18.2,05:42,25.5,15:12,1,4.4,12.2,18:20,60,75,05:50,47,12:00,2025-05-06 10:52:14.419494,2025-05-06 10:52:14.419494
131827,59,2023-05-06,23.4,0,19.1,06:15,27.7,14:50,35,5,17.2,15:00,63,74,06:40,43,13:50,2025-05-06 10:52:14.687801,2025-05-06 10:52:14.687801
131846,59,2023-05-07,23.6,0,20,23:39,27.1,13:03,2,5.6,13.9,11:00,54,74,01:10,44,12:00,2025-05-06 10:52:14.949513,2025-05-06 10:52:14.949513
131865,59,2023-05-08,23.8,0,19,,28.7,15:15,3,8.3,16.9,13:30,54,75,05:30,35,13:30,2025-05-06 10:52:15.255062,2025-05-06 10:52:15.255062
131884,59,2023-05-09,25,0,21.6,03:53,28.4,13:37,3,8.3,19.7,16:00,50,71,20:50,42,10:30,2025-05-06 10:52:15.512909,2025-05-06 10:52:15.512909
131903,59,2023-05-10,25.2,0,22,01:44,28.3,15:28,3,5.8,13.6,12:20,55,66,,44,15:30,2025-05-06 10:52:15.803410,2025-05-06 10:52:15.803410
131922,59,2023-05-11,23.2,0,19.8,24:00,26.6,14:23,4,6.1,12.5,15:20,57,74,21:00,44,14:00,2025-05-06 10:52:16.069081,2025-05-06 10:52:16.069081
131941,59,2023-05-12,22,0,18.3,05:30,25.6,13:34,2,5.6,11.4,09:20,63,76,,49,12:10,2025-05-06 10:52:16.323661,2025-05-06 10:52:16.323661
131960,59,2023-05-13,21.4,0,18.5,06:00,24.4,11:43,10,4.7,12.5,12:20,64,73,06:30,52,11:40,2025-05-06 10:52:16.606138,2025-05-06 10:52:16.606138
131979,59,2023-05-14,21.4,0,17.4,05:09,25.3,13:42,6,5.3,12.8,16:10,57,74,05:10,39,17:20,2025-05-06 10:52:16.855907,2025-05-06 10:52:16.855907
131998,59,2023-05-15,21.4,0,17.4,05:58,25.5,14:00,7,4.7,12.2,14:30,61,78,06:20,28,14:10,2025-05-06 10:52:17.084650,2025-05-06 10:52:17.084650
132017,59,2023-05-16,21.2,0,18.8,05:37,23.7,11:49,3,6.7,14.7,13:00,72,75,,55,11:30,2025-05-06 10:52:17.364274,2025-05-06 10:52:17.364274
132035,59,2023-05-17,22,0,18.6,01:08,25.5,14:29,36,5,11.9,17:50,54,71,01:30,39,14:30,2025-05-06 10:52:17.569244,2025-05-06 10:52:17.569244
132053,59,2023-05-18,22.4,0,18.9,06:03,25.8,13:30,2,3.9,12.8,12:00,57,75,,44,13:10,2025-05-06 10:52:17.803903,2025-05-06 10:52:17.803903
132071,59,2023-05-19,21.7,0,17.8,06:03,25.6,12:54,3,3.3,9.2,09:30,57,75,,43,12:20,2025-05-06 10:52:18.034634,2025-05-06 10:52:18.034634
132089,59,2023-05-20,20.4,0,17.1,04:56,23.7,13:57,35,2.5,10.6,18:40,61,74,,50,09:40,2025-05-06 10:52:18.233484,2025-05-06 10:52:18.233484
132107,59,2023-05-21,21,0,17.4,06:10,24.7,14:31,33,3.9,12.5,18:20,55,68,,43,,2025-05-06 10:52:18.473561,2025-05-06 10:52:18.473561
132125,59,2023-05-22,21,0,17.5,06:52,24.5,11:43,35,3.6,14.2,13:30,55,72,07:00,40,11:00,2025-05-06 10:52:18.690460,2025-05-06 10:52:18.690460
132144,59,2023-05-23,21,0,17,05:01,25,12:51,34,3.3,12.5,14:40,50,74,,34,16:30,2025-05-06 10:52:18.938732,2025-05-06 10:52:18.938732
132163,59,2023-05-24,19.8,0,16,06:28,23.7,09:32,13,2.2,8.6,17:10,71,75,06:20,50,09:30,2025-05-06 10:52:19.213335,2025-05-06 10:52:19.213335
132182,59,2023-05-25,19.2,0,15.7,05:51,22.8,09:37,6,3.1,10.3,10:50,76,82,06:00,55,09:10,2025-05-06 10:52:19.512582,2025-05-06 10:52:19.512582
132201,59,2023-05-26,20.6,0,15.2,05:56,25.9,15:07,32,1.9,10.8,15:30,67,83,,41,17:10,2025-05-06 10:52:19.756148,2025-05-06 10:52:19.756148
132220,59,2023-05-27,20.2,0,16.2,06:31,24.2,18:30,22,5,10,14:00,69,76,05:40,56,18:30,2025-05-06 10:52:19.978292,2025-05-06 10:52:19.978292
132239,59,2023-05-28,19.9,0,15.8,06:01,24,15:15,15,2.5,4.2,12:20,74,79,,61,08:50,2025-05-06 10:52:20.142700,2025-05-06 10:52:20.142700
132258,59,2023-05-29,21.6,0,18.1,06:37,25.1,13:24,10,1.7,6.4,14:40,70,78,06:40,59,20:20,2025-05-06 10:52:20.312461,2025-05-06 10:52:20.312461
132277,59,2023-05-30,21.6,0,17.6,05:55,25.5,09:30,12,1.9,8.9,10:50,74,79,05:50,52,09:30,2025-05-06 10:52:20.571541,2025-05-06 10:52:20.571541
132296,59,2023-05-31,21.2,0,16,06:31,26.4,17:24,28,3.1,9.7,18:10,65,81,04:00,50,17:40,2025-05-06 10:52:20.857738,2025-05-06 10:52:20.857738
132315,59,2023-06-01,22.1,0,16.8,06:22,27.4,15:57,2,3.6,11.7,18:40,67,80,05:30,44,17:20,2025-05-06 10:52:21.121543,2025-05-06 10:52:21.121543
132334,59,2023-06-02,24.6,0.2,21,04:57,28.1,14:06,99,3.9,11.7,14:40,61,77,07:30,47,14:50,2025-05-06 10:52:21.420169,2025-05-06 10:52:21.420169
132353,59,2023-06-03,23.4,0,20.8,05:54,26,10:20,1,2.2,10.3,09:10,70,78,05:10,51,10:20,2025-05-06 10:53:24.354689,2025-05-06 10:53:24.354689
132372,59,2023-06-04,22.1,0,19.1,06:19,25.1,09:21,35,1.9,8.1,00:40,74,83,21:50,67,08:00,2025-05-06 10:53:24.616411,2025-05-06 10:53:24.616411
132391,59,2023-06-05,22.4,0,19.8,05:45,25,16:23,11,2.8,6.7,12:40,77,83,,70,16:30,2025-05-06 10:53:24.767309,2025-05-06 10:53:24.767309
132410,59,2023-06-06,22.2,0,19.3,05:41,25.2,13:50,22,5.6,13.1,15:20,82,92,,72,10:00,2025-05-06 10:53:24.911441,2025-05-06 10:53:24.911441
132429,59,2023-06-07,24,0,22.3,06:33,25.8,12:43,21,5.6,13.3,14:20,88,94,,78,22:40,2025-05-06 10:53:25.133282,2025-05-06 10:53:25.133282
132448,59,2023-06-08,25,0,21.9,,28.1,15:04,28,2.2,11.9,14:30,63,80,02:20,49,15:10,2025-05-06 10:53:25.342649,2025-05-06 10:53:25.342649
132467,59,2023-06-09,22.4,0,18.4,05:25,26.5,15:01,10,3.6,9.7,,77,83,05:50,53,09:50,2025-05-06 10:53:25.574646,2025-05-06 10:53:25.574646
132486,59,2023-06-10,21.8,0,18.4,05:47,25.3,17:21,8,2.5,5.8,19:30,70,79,04:40,63,08:50,2025-05-06 10:53:25.792443,2025-05-06 10:53:25.792443
132505,59,2023-06-11,22.6,0,19,05:21,26.2,15:43,10,2.5,7.8,19:40,70,79,,54,09:10,2025-05-06 10:53:26.039394,2025-05-06 10:53:26.039394
132524,59,2023-06-12,24.1,0,20.6,03:30,27.6,16:38,34,3.1,12.5,16:40,70,81,05:40,59,16:40,2025-05-06 10:53:26.274694,2025-05-06 10:53:26.274694
132543,59,2023-06-13,24.2,0,20.7,04:09,27.8,12:27,8,5.3,13.1,14:50,69,80,06:20,44,11:50,2025-05-06 10:53:26.519091,2025-05-06 10:53:26.519091
132562,59,2023-06-14,23.1,0,19.7,03:22,26.5,10:41,8,4.7,12.5,13:20,71,77,22:10,51,10:30,2025-05-06 10:53:26.745931,2025-05-06 10:53:26.745931
132581,59,2023-06-15,24.2,0,21,05:32,27.4,16:31,8,3.6,10.8,11:40,73,79,03:50,56,10:20,2025-05-06 10:53:26.992898,2025-05-06 10:53:26.992898
132600,59,2023-06-16,23.8,0,19.8,06:10,27.9,16:05,1,2.8,6.7,00:10,71,83,20:20,58,09:00,2025-05-06 10:53:27.225413,2025-05-06 10:53:27.225413
132619,59,2023-06-17,24,0,21.2,05:33,26.8,08:57,33,3.6,8.1,19:30,74,80,05:10,58,19:10,2025-05-06 10:53:27.462896,2025-05-06 10:53:27.462896
132638,59,2023-06-18,22.8,0,19.9,06:09,25.8,11:00,5,1.9,8.3,10:10,72,79,06:20,61,11:00,2025-05-06 10:53:27.701960,2025-05-06 10:53:27.701960
132657,59,2023-06-19,24.3,0,20.8,06:17,27.8,17:45,35,3.1,11.1,20:00,69,79,,58,17:40,2025-05-06 10:53:27.929877,2025-05-06 10:53:27.929877
132676,59,2023-06-20,24,0,20.8,06:13,27.3,09:58,22,2.8,8.6,14:10,71,80,,52,10:00,2025-05-06 10:53:28.142475,2025-05-06 10:53:28.142475
132695,59,2023-06-21,23.4,0,19.9,06:11,26.9,15:15,36,1.7,6.1,22:30,70,79,05:10,64,13:00,2025-05-06 10:53:28.367596,2025-05-06 10:53:28.367596
132714,59,2023-06-22,23.9,0,21.1,06:15,26.7,17:23,9,4.4,13.3,13:20,75,83,05:50,59,10:30,2025-05-06 10:53:28.572839,2025-05-06 10:53:28.572839
132733,59,2023-06-23,23.6,0,20,06:08,27.2,13:51,9,3.3,10.6,11:30,73,83,06:00,54,18:40,2025-05-06 10:53:28.791199,2025-05-06 10:53:28.791199
132752,59,2023-06-24,25.1,0,20.9,06:07,29.3,13:39,36,3.9,11.7,16:30,61,76,06:20,47,13:30,2025-05-06 10:53:29.005710,2025-05-06 10:53:29.005710
132771,59,2023-06-25,25.1,0,22.9,01:35,27.3,11:55,36,2.8,9.2,20:10,73,79,19:50,62,11:50,2025-05-06 10:53:29.216279,2025-05-06 10:53:29.216279
132790,59,2023-06-26,26,0,22.5,04:08,29.6,14:57,34,1.9,7.5,19:30,69,90,,62,,2025-05-06 10:53:29.470734,2025-05-06 10:53:29.470734
132809,59,2023-06-27,27,0,23.1,03:13,31,18:16,30,4.7,13.3,07:10,66,91,01:40,47,18:30,2025-05-06 10:53:29.715357,2025-05-06 10:53:29.715357
132828,59,2023-06-28,27.9,0,24.9,,30.9,,32,2.5,10.3,02:10,65,84,21:10,54,22:10,2025-05-06 10:53:29.959597,2025-05-06 10:53:29.959597
132847,59,2023-06-29,26.6,0,23.1,24:00,30.1,11:43,34,3.1,8.9,02:40,61,76,,28,02:50,2025-05-06 10:53:30.240971,2025-05-06 10:53:30.240971
132866,59,2023-06-30,27,0,22.2,23:49,31.7,13:52,1,5.6,12.5,15:00,57,80,02:00,41,13:50,2025-05-06 10:53:30.459373,2025-05-06 10:53:30.459373
132885,59,2023-07-01,25.7,0,21.3,,30.1,14:42,35,5,11.9,17:30,59,76,01:50,46,14:50,2025-05-06 10:53:30.686319,2025-05-06 10:53:30.686319
132904,59,2023-07-02,25,0,21,06:37,28.9,16:09,10,4.7,12.2,12:20,69,78,06:40,54,10:50,2025-05-06 10:53:30.951234,2025-05-06 10:53:30.951234
132923,59,2023-07-03,24.7,0,22.3,05:38,27.1,10:54,10,3.6,12.8,15:10,72,78,20:20,60,10:50,2025-05-06 10:53:31.235919,2025-05-06 10:53:31.235919
132942,59,2023-07-04,26.6,0,22.4,,30.8,15:09,7,3.6,11.1,13:00,74,79,,55,15:10,2025-05-06 10:53:31.458895,2025-05-06 10:53:31.458895
132961,59,2023-07-05,26.2,0,22.1,05:36,30.3,14:33,4,2.8,8.1,08:50,70,82,03:30,49,10:20,2025-05-06 10:53:31.651937,2025-05-06 10:53:31.651937
132980,59,2023-07-06,26,0,22.5,05:22,29.5,14:23,35,5.3,12.8,16:50,60,74,04:50,48,14:50,2025-05-06 10:53:31.877719,2025-05-06 10:53:31.877719
132999,59,2023-07-07,25.8,0,21.7,05:43,29.8,13:59,9,4.7,13.3,14:40,57,75,05:30,44,13:20,2025-05-06 10:53:32.109397,2025-05-06 10:53:32.109397
133018,59,2023-07-08,25.6,0,20.6,05:51,30.6,13:55,36,3.6,10.3,12:30,58,78,06:10,42,13:10,2025-05-06 10:53:32.302974,2025-05-06 10:53:32.302974
133037,59,2023-07-09,25.5,0,21.3,05:08,29.7,14:15,12,3.9,11.1,13:30,67,76,05:40,54,10:00,2025-05-06 10:53:32.468365,2025-05-06 10:53:32.468365
133055,59,2023-07-10,27.4,0,22.3,04:06,32.4,14:22,99,4.4,10.8,,60,76,05:40,42,11:10,2025-05-06 10:53:32.630816,2025-05-06 10:53:32.630816
133073,59,2023-07-11,28,0,23.3,05:38,32.8,15:41,2,6.7,14.7,12:00,41,70,00:10,30,10:10,2025-05-06 10:53:32.814930,2025-05-06 10:53:32.814930
133092,59,2023-07-12,29.4,0,26,06:05,32.9,14:51,3,8.3,15.3,13:30,41,53,06:50,22,21:50,2025-05-06 10:53:32.996712,2025-05-06 10:53:32.996712
133110,59,2023-07-13,32.3,0,27.6,22:37,37,14:34,3,6.7,13.9,12:20,33,59,21:40,24,14:20,2025-05-06 10:53:33.149764,2025-05-06 10:53:33.149764
133129,59,2023-07-14,29.6,0,24.9,23:59,34.2,12:57,4,6.1,14.7,11:40,35,65,23:59,22,00:40,2025-05-06 10:53:33.313645,2025-05-06 10:53:33.313645
133148,59,2023-07-15,27.2,0,22.3,06:21,32.1,14:49,36,5.3,13.3,15:10,62,77,06:00,47,14:50,2025-05-06 10:53:33.504548,2025-05-06 10:53:33.504548
133167,59,2023-07-16,25.8,0,22.6,06:06,29.1,15:57,35,6.1,12.2,17:50,63,70,,51,12:00,2025-05-06 10:53:33.656677,2025-05-06 10:53:33.656677
133186,59,2023-07-17,25.5,0,22.5,03:37,28.5,12:57,1,4.7,11.4,13:50,59,73,01:10,50,10:50,2025-05-06 10:53:33.805469,2025-05-06 10:53:33.805469
133205,59,2023-07-18,24.5,0,22.2,06:05,26.8,10:22,10,2.5,10,11:10,73,79,17:40,60,09:50,2025-05-06 10:53:33.997260,2025-05-06 10:53:33.997260
133223,59,2023-07-19,25.6,0,21.8,06:40,29.4,15:56,9,3.6,11.4,11:10,76,82,05:10,59,16:20,2025-05-06 10:53:34.146131,2025-05-06 10:53:34.146131
133241,59,2023-07-20,26,0,22.4,,29.6,11:21,99,5,12.5,,67,79,03:50,51,11:10,2025-05-06 10:53:34.312867,2025-05-06 10:53:34.312867
133260,59,2023-07-21,26.4,0,22.3,,30.4,14:05,35,4.7,12.2,18:50,61,75,,49,12:30,2025-05-06 10:53:34.501883,2025-05-06 10:53:34.501883
133279,59,2023-07-22,25.8,0,22.4,05:29,29.1,13:15,36,6.1,14.7,19:00,61,76,06:20,53,12:50,2025-05-06 10:53:34.699352,2025-05-06 10:53:34.699352
133298,59,2023-07-23,25.8,0,21.9,06:13,29.7,13:54,35,5.3,12.8,19:20,60,74,02:10,47,15:10,2025-05-06 10:53:34.887014,2025-05-06 10:53:34.887014
133317,59,2023-07-24,24.7,0,21.6,05:53,27.8,13:55,8,5.3,14.2,14:30,65,77,05:00,53,11:50,2025-05-06 10:53:35.112608,2025-05-06 10:53:35.112608
133336,59,2023-07-25,24.8,0,22.4,01:57,27.3,17:07,10,4.4,13.3,13:10,65,73,,58,11:40,2025-05-06 10:53:35.263577,2025-05-06 10:53:35.263577
133355,59,2023-07-26,25.6,0,22.7,,28.4,14:47,10,5.3,12.8,12:20,70,73,04:30,52,11:10,2025-05-06 10:53:35.379584,2025-05-06 10:53:35.379584
133374,59,2023-07-27,25.8,0,22,03:20,29.7,13:43,36,4.4,12.8,16:10,54,70,03:10,43,13:20,2025-05-06 10:53:35.505444,2025-05-06 10:53:35.505444
133393,59,2023-07-28,25.7,0,22.6,04:49,28.8,12:14,11,4.2,14.2,15:00,59,72,06:20,47,11:50,2025-05-06 10:53:35.689503,2025-05-06 10:53:35.689503
133412,59,2023-07-29,25.4,0,21,06:29,29.9,13:43,9,4.4,15.8,14:50,63,75,,52,13:40,2025-05-06 10:53:35.940278,2025-05-06 10:53:35.940278
133431,59,2023-07-30,26.5,0,22,,31,14:14,2,5.3,12.2,12:10,58,79,05:50,43,14:20,2025-05-06 10:53:36.165038,2025-05-06 10:53:36.165038
133450,59,2023-07-31,29.2,0,23.5,,34.8,13:09,2,6.9,15.3,18:20,43,73,,27,16:50,2025-05-06 10:53:36.422815,2025-05-06 10:53:36.422815
133469,59,2023-08-01,28.2,0,23.4,23:59,32.9,14:12,2,5.3,14.2,10:00,50,74,,39,12:10,2025-05-06 10:53:36.639447,2025-05-06 10:53:36.639447
133488,59,2023-08-02,25,0,22.3,06:24,27.8,13:51,4,6.7,14.7,09:30,69,78,23:50,60,11:30,2025-05-06 10:53:36.834327,2025-05-06 10:53:36.834327
133507,59,2023-08-03,25.8,0,22.5,05:18,29.1,13:32,3,5.6,14.2,09:30,66,80,,57,13:40,2025-05-06 10:53:37.058958,2025-05-06 10:53:37.058958
133526,59,2023-08-04,26,0,22.6,23:19,29.4,14:11,2,5,13.3,17:50,62,80,,49,13:50,2025-05-06 10:53:37.294357,2025-05-06 10:53:37.294357
133545,59,2023-08-05,24.7,0,21.2,06:03,28.2,13:03,36,5.8,15.8,16:10,60,72,05:50,48,11:10,2025-05-06 10:53:37.482651,2025-05-06 10:53:37.482651
133564,59,2023-08-06,26,0,22.9,,29.2,14:50,33,4.7,13.6,03:00,62,74,03:10,52,14:50,2025-05-06 10:53:37.656904,2025-05-06 10:53:37.656904
133583,59,2023-08-07,25.7,0,22.7,05:57,28.7,10:55,34,3.1,12.2,18:40,72,77,03:00,53,10:50,2025-05-06 10:53:37.808625,2025-05-06 10:53:37.808625
133602,59,2023-08-08,25,0,21.7,06:36,28.2,14:37,1,2.5,8.1,23:20,73,80,19:00,60,09:20,2025-05-06 10:53:38.001594,2025-05-06 10:53:38.001594
133621,59,2023-08-09,26.4,0,22.2,06:37,30.7,14:32,9,4.4,11.9,15:10,68,81,06:50,54,14:30,2025-05-06 10:53:38.170400,2025-05-06 10:53:38.170400
133640,59,2023-08-10,30.3,0,24.6,01:49,36,16:58,3,5.6,16.1,23:30,55,75,19:20,38,17:00,2025-05-06 10:53:38.334925,2025-05-06 10:53:38.334925
133659,59,2023-08-11,34,0,26.9,00:01,41.2,17:10,1,5.3,14.2,00:10,48,72,21:10,22,16:30,2025-05-06 10:53:38.504440,2025-05-06 10:53:38.504440
133678,59,2023-08-12,32.4,0,26.4,22:19,38.3,11:24,2,4.2,13.9,00:10,55,79,22:10,29,11:20,2025-05-06 10:53:38.718840,2025-05-06 10:53:38.718840
133697,59,2023-08-13,28.8,0,26,20:47,31.5,04:19,1,3.1,10.3,23:50,62,81,20:30,36,04:20,2025-05-06 10:53:38.908660,2025-05-06 10:53:38.908660
133716,59,2023-08-14,30,0,26.6,23:16,33.5,17:14,3,6.9,15,12:50,44,56,,33,02:50,2025-05-06 10:53:39.148125,2025-05-06 10:53:39.148125
133735,59,2023-08-15,27.2,0,23.6,23:14,30.8,12:12,36,5,11.4,00:20,57,79,23:00,41,09:40,2025-05-06 10:53:39.414102,2025-05-06 10:53:39.414102
133754,59,2023-08-16,25.9,0,22.4,05:55,29.4,11:01,5,5.3,11.9,12:10,64,80,,42,10:00,2025-05-06 10:53:39.700084,2025-05-06 10:53:39.700084
133773,59,2023-08-17,27.2,0,21.8,06:47,32.6,14:52,9,3.9,10.6,12:50,70,80,06:20,35,14:10,2025-05-06 10:53:39.953635,2025-05-06 10:53:39.953635
133792,59,2023-08-18,29.2,0,24.7,21:28,33.7,11:48,36,6.4,15.6,22:50,36,73,21:30,21,11:20,2025-05-06 10:53:40.203973,2025-05-06 10:53:40.203973
133811,59,2023-08-19,27.9,0,23.7,19:21,32.1,11:53,6,5.8,16.9,22:40,70,89,19:30,25,05:00,2025-05-06 10:53:40.489620,2025-05-06 10:53:40.489620
133830,59,2023-08-20,27.2,0,24.3,05:29,30,17:20,8,4.2,14.7,05:10,61,82,01:50,45,00:30,2025-05-06 10:53:40.752951,2025-05-06 10:53:40.752951
133849,59,2023-08-21,30.2,0,24.8,22:14,35.5,02:36,5,2.5,15.6,02:40,65,88,22:10,26,,2025-05-06 10:53:41.012908,2025-05-06 10:53:41.012908
133868,59,2023-08-22,29.6,0,26,19:37,33.3,09:22,4,3.3,10.3,18:20,55,82,19:40,34,18:10,2025-05-06 10:53:41.265824,2025-05-06 10:53:41.265824
133887,59,2023-08-23,25.8,0,23.4,06:47,28.3,15:22,12,2.2,8.3,04:50,81,89,06:00,49,02:50,2025-05-06 10:53:41.501451,2025-05-06 10:53:41.501451
133906,59,2023-08-24,26.6,0,23,06:03,30.1,13:46,17,1.9,11.1,23:30,75,93,23:50,65,20:30,2025-05-06 10:53:41.726998,2025-05-06 10:53:41.726998
133925,59,2023-08-25,27.6,0,24,,31.1,23:03,35,3.6,19.2,23:10,80,93,,37,22:00,2025-05-06 10:53:41.996363,2025-05-06 10:53:41.996363
133944,59,2023-08-26,27.6,0,24.4,07:20,30.9,03:52,1,2.2,17.8,02:20,81,87,07:20,38,03:40,2025-05-06 10:53:42.238184,2025-05-06 10:53:42.238184
133963,59,2023-08-27,26.9,0,23.5,23:57,30.3,12:39,4,6.9,13.6,14:50,63,81,,50,17:40,2025-05-06 10:53:42.475267,2025-05-06 10:53:42.475267
133982,59,2023-08-28,25.8,0,21.6,06:28,29.9,16:05,35,5.8,11.7,19:30,59,75,04:50,47,,2025-05-06 10:53:42.748527,2025-05-06 10:53:42.748527
134001,59,2023-08-29,25.8,0,22.3,06:48,29.3,10:49,8,4.7,11.4,14:50,66,77,06:40,41,10:50,2025-05-06 10:53:43.018109,2025-05-06 10:53:43.018109
134020,59,2023-08-30,24.4,0,21.9,06:36,27,10:47,10,4.2,13.1,14:40,71,80,03:20,58,10:30,2025-05-06 10:53:43.248560,2025-05-06 10:53:43.248560
134039,59,2023-08-31,25.4,0,22.6,06:17,28.1,15:35,7,3.9,13.3,13:30,71,76,,57,15:30,2025-05-06 10:53:43.513234,2025-05-06 10:53:43.513234
134058,59,2023-09-01,24.6,0,21.4,06:00,27.8,16:28,8,4.4,12.5,12:10,72,77,,60,10:50,2025-05-06 10:53:43.796063,2025-05-06 10:53:43.796063
134077,59,2023-09-02,25.2,0,23,03:55,27.4,11:02,11,3.3,11.4,12:20,75,79,15:20,58,11:00,2025-05-06 10:53:44.073002,2025-05-06 10:53:44.073002
134096,59,2023-09-03,24.8,0.2,21.8,06:30,27.8,10:21,1,2.2,10,16:30,65,84,,44,16:50,2025-05-06 10:53:44.326135,2025-05-06 10:53:44.326135
134115,59,2023-09-04,25.4,0,20.8,06:37,29.9,13:05,1,2.8,12.5,14:10,66,80,18:40,42,14:50,2025-05-06 10:53:44.577542,2025-05-06 10:53:44.577542
134134,59,2023-09-05,23.4,0,20,05:39,26.9,14:25,6,2.8,10.8,10:30,77,81,,64,09:30,2025-05-06 10:53:44.842062,2025-05-06 10:53:44.842062
134153,59,2023-09-06,24,0,22,06:40,25.9,13:26,10,3.1,11.7,14:50,79,83,03:10,71,08:50,2025-05-06 10:53:45.095357,2025-05-06 10:53:45.095357
134172,59,2023-09-07,24.6,0,22.2,06:55,27.1,09:47,8,3.3,11.1,11:40,80,85,,63,09:40,2025-05-06 10:53:45.336537,2025-05-06 10:53:45.336537
134191,59,2023-09-08,24.4,0,21.4,06:56,27.3,15:29,8,2.8,10,11:50,78,89,23:00,64,08:40,2025-05-06 10:53:45.562959,2025-05-06 10:53:45.562959
134210,59,2023-09-09,24.8,0,21.5,06:51,28.2,14:51,4,1.9,5.8,09:30,77,85,,64,15:00,2025-05-06 10:53:45.806873,2025-05-06 10:53:45.806873
134229,59,2023-09-10,24.4,0,20.5,06:53,28.2,09:40,10,2.2,6.7,18:50,75,82,02:50,54,09:20,2025-05-06 10:53:46.002312,2025-05-06 10:53:46.002312
134248,59,2023-09-11,24.2,0,21.5,06:07,27,09:40,6,3.6,11.4,12:20,79,83,05:50,55,09:40,2025-05-06 10:53:46.238021,2025-05-06 10:53:46.238021
134267,59,2023-09-12,24.6,0,21.4,05:31,27.8,15:35,7,5,14.7,12:50,71,82,06:30,56,15:20,2025-05-06 10:53:46.485250,2025-05-06 10:53:46.485250
134286,59,2023-09-13,24.1,0,21,06:16,27.2,10:42,5,4.2,11.7,11:40,74,82,,55,10:40,2025-05-06 10:53:46.723337,2025-05-06 10:53:46.723337
134305,59,2023-09-14,23.8,0,21,04:47,26.6,10:06,10,3.6,9.7,14:20,73,80,06:40,57,09:40,2025-05-06 10:53:46.957065,2025-05-06 10:53:46.957065
134324,59,2023-09-15,24.7,0,21.4,05:20,28,11:39,8,3.6,10.6,14:10,74,82,,49,10:30,2025-05-06 10:53:47.238994,2025-05-06 10:53:47.238994
134343,59,2023-09-16,23.2,0,19.5,06:12,26.9,15:48,34,2.2,7.8,20:00,74,84,,61,10:00,2025-05-06 10:53:47.476023,2025-05-06 10:53:47.476023
134362,59,2023-09-17,25.4,0,23,07:22,27.8,13:41,4,4.2,11.1,19:00,69,86,07:20,56,,2025-05-06 10:53:47.713467,2025-05-06 10:53:47.713467
134381,59,2023-09-18,23.8,0,21.2,06:43,26.5,13:10,4,5,13.1,13:30,61,69,,50,11:50,2025-05-06 10:53:48.002197,2025-05-06 10:53:48.002197
134400,59,2023-09-19,24.2,0,21.3,06:22,27.2,15:19,5,5,12.5,17:00,68,72,,54,10:20,2025-05-06 10:53:48.286473,2025-05-06 10:53:48.286473
134419,59,2023-09-20,23.5,0,20,06:45,27,13:09,10,4.7,12.8,14:50,70,80,06:50,55,10:50,2025-05-06 10:53:48.549449,2025-05-06 10:53:48.549449
134438,59,2023-09-21,23.6,0,19.7,06:43,27.4,11:40,8,5,12.8,12:30,70,81,,51,11:20,2025-05-06 10:53:48.829910,2025-05-06 10:53:48.829910
134457,59,2023-09-22,23.6,0,20.1,06:50,27.2,17:52,7,3.6,12.2,12:30,71,85,23:59,57,11:10,2025-05-06 10:53:49.079230,2025-05-06 10:53:49.079230
134476,59,2023-09-23,24.5,0,22.4,06:57,26.6,10:19,8,4.7,13.1,14:50,72,86,00:10,54,10:50,2025-05-06 10:53:49.321004,2025-05-06 10:53:49.321004
134495,59,2023-09-24,23.6,0,20.9,03:27,26.4,11:18,10,3.9,10,13:30,71,76,,52,11:20,2025-05-06 10:53:49.541294,2025-05-06 10:53:49.541294
134514,59,2023-09-25,24.5,0,21.3,07:00,27.7,12:15,8,3.6,10.8,13:00,63,72,23:50,52,,2025-05-06 10:53:49.833841,2025-05-06 10:53:49.833841
134533,59,2023-09-26,23.5,0,19.3,06:47,27.7,14:41,9,3.6,12.8,14:20,75,82,,52,11:10,2025-05-06 10:53:50.053416,2025-05-06 10:53:50.053416
134552,59,2023-09-27,24.8,0,21.5,07:11,28,11:18,8,3.9,11.1,13:50,72,78,07:20,57,,2025-05-06 10:53:50.286245,2025-05-06 10:53:50.286245
134571,59,2023-09-28,24.5,0,20.7,04:58,28.3,15:23,9,4.2,13.6,13:20,70,82,06:00,55,12:00,2025-05-06 10:53:50.538431,2025-05-06 10:53:50.538431
134590,59,2023-09-29,25.1,0,22.5,05:43,27.7,15:46,4,2.2,5.6,00:10,77,84,20:30,61,10:30,2025-05-06 10:53:50.749337,2025-05-06 10:53:50.749337
134609,59,2023-09-30,25.2,0,21.6,06:12,28.7,10:30,10,2.2,7.5,15:30,79,85,,60,10:20,2025-05-06 10:53:50.838787,2025-05-06 10:53:50.838787
134628,59,2023-10-01,27.2,0,23.1,06:40,31.4,12:47,8,3.3,8.6,23:10,65,88,23:00,33,09:50,2025-05-06 10:53:50.913519,2025-05-06 10:53:50.913519
134647,59,2023-10-02,28.1,0,23.7,04:54,32.5,09:55,36,3.1,7.5,08:00,62,81,00:00,25,09:50,2025-05-06 10:53:50.993978,2025-05-06 10:53:50.993978
134666,59,2023-10-03,30.4,0,25.2,01:14,35.6,15:30,4,5,12.8,12:00,35,71,01:10,21,12:30,2025-05-06 10:53:51.097316,2025-05-06 10:53:51.097316
134685,59,2023-10-04,28.6,0,24,03:33,33.1,11:14,1,3.9,11.4,00:20,50,79,03:40,31,22:30,2025-05-06 10:53:51.276580,2025-05-06 10:53:51.276580
134704,59,2023-10-05,29.3,0,23.4,05:02,35.2,17:25,2,3.3,8.6,00:30,43,78,05:00,21,22:30,2025-05-06 10:53:51.513692,2025-05-06 10:53:51.513692
134723,59,2023-10-06,29.6,0,24.7,07:35,34.5,17:49,99,3.9,9.4,11:30,32,71,02:10,20,18:00,2025-05-06 10:53:51.742846,2025-05-06 10:53:51.742846
134742,59,2023-10-07,31.1,0,27.1,03:28,35.1,15:52,4,5.6,22.2,23:50,25,48,03:30,18,,2025-05-06 10:53:51.998632,2025-05-06 10:53:51.998632
134761,59,2023-10-08,31.2,0,27.1,06:12,35.4,15:50,3,5.8,22.5,00:20,28,45,04:50,18,18:40,2025-05-06 10:53:52.241498,2025-05-06 10:53:52.241498
134780,59,2023-10-09,32.4,0,28.6,05:14,36.1,16:14,36,2.5,15,03:20,22,38,17:30,14,,2025-05-06 10:53:52.498988,2025-05-06 10:53:52.498988
134799,59,2023-10-10,29.5,0,25.2,06:40,33.8,10:42,99,3.3,10.3,,36,61,20:40,17,00:30,2025-05-06 10:53:52.739351,2025-05-06 10:53:52.739351
134818,59,2023-10-11,26.8,0,24.4,06:48,29.3,09:14,10,4.7,11.7,10:00,48,63,06:40,22,00:30,2025-05-06 10:53:52.991049,2025-05-06 10:53:52.991049
134837,59,2023-10-12,27.1,0,23.1,05:25,31.1,13:59,10,3.3,9.4,11:00,66,75,,29,00:10,2025-05-06 10:53:53.232287,2025-05-06 10:53:53.232287
134856,59,2023-10-13,29.6,0,24.7,02:05,34.6,16:07,99,3.6,8.9,23:50,27,68,02:00,17,16:30,2025-05-06 10:53:53.495209,2025-05-06 10:53:53.495209
134875,59,2023-10-14,28.8,0,25.2,06:10,32.3,09:10,3,2.8,9.2,01:10,37,60,02:50,21,21:10,2025-05-06 10:53:53.755155,2025-05-06 10:53:53.755155
134894,59,2023-10-15,28,0,25.3,,30.6,09:40,10,3.3,10,14:30,39,72,22:20,25,00:30,2025-05-06 10:53:53.992296,2025-05-06 10:53:53.992296
134913,59,2023-10-16,26.8,0,24,04:09,29.6,11:10,10,2.8,8.9,15:00,61,79,06:10,26,01:40,2025-05-06 10:53:54.215778,2025-05-06 10:53:54.215778
134932,59,2023-10-17,26.4,0,23.9,22:30,29,12:53,4,1.7,7.5,05:10,64,86,21:50,37,03:40,2025-05-06 10:53:54.440984,2025-05-06 10:53:54.440984
134951,59,2023-10-18,24.4,0,21.7,07:01,27,10:11,11,2.5,9.2,12:00,82,86,,70,20:40,2025-05-06 10:53:54.674420,2025-05-06 10:53:54.674420
134970,59,2023-10-19,24.1,0.2,19,06:53,29.2,14:40,29,4.7,8.9,14:20,75,81,07:00,49,14:10,2025-05-06 10:53:54.933346,2025-05-06 10:53:54.933346
134989,59,2023-10-20,25.1,0.4,21.7,07:26,28.5,13:31,6,3.6,9.7,16:20,69,91,07:00,47,14:20,2025-05-06 10:53:55.175773,2025-05-06 10:53:55.175773
135008,59,2023-10-21,23.1,0,19.9,06:42,26.3,09:12,24,4.4,12.5,23:59,69,83,20:00,57,09:10,2025-05-06 10:53:55.403367,2025-05-06 10:53:55.403367
135027,59,2023-10-22,24.6,2.8,20.6,19:36,28.6,12:45,24,3.9,13.3,00:50,65,81,01:10,49,12:40,2025-05-06 10:53:55.618223,2025-05-06 10:53:55.618223
135046,59,2023-10-23,23.4,0,19.5,06:46,27.2,15:10,35,3.6,10.3,12:00,64,87,07:00,46,15:30,2025-05-06 10:53:55.829856,2025-05-06 10:53:55.829856
135065,59,2023-10-24,22.4,0,18.8,03:30,25.9,11:27,4,5,13.9,14:40,62,73,03:30,46,11:10,2025-05-06 10:53:56.024199,2025-05-06 10:53:56.024199
135084,59,2023-10-25,23,0,19.2,03:02,26.9,13:09,2,4.2,11.7,15:20,61,75,,46,11:40,2025-05-06 10:53:56.217407,2025-05-06 10:53:56.217407
135103,59,2023-10-26,23.8,0,20.4,06:03,27.1,12:54,8,3.1,11.4,14:50,73,83,06:10,55,11:00,2025-05-06 10:53:56.431152,2025-05-06 10:53:56.431152
135122,59,2023-10-27,24.8,0,21.8,23:52,27.9,14:58,9,3.1,8.9,12:20,69,81,23:50,52,15:00,2025-05-06 10:53:56.605890,2025-05-06 10:53:56.605890
135141,59,2023-10-28,22.9,0,19.9,07:27,25.9,15:34,10,3.3,9.2,11:20,79,87,07:40,69,15:40,2025-05-06 10:53:56.791444,2025-05-06 10:53:56.791444
135160,59,2023-10-29,22.4,0,18.3,06:29,26.4,14:49,23,3.1,6.7,16:10,74,85,07:20,66,14:10,2025-05-06 10:53:56.991838,2025-05-06 10:53:56.991838
135179,59,2023-10-30,21.4,0,17.3,06:02,25.5,13:12,8,2.2,5.3,17:50,76,87,07:40,61,19:50,2025-05-06 10:53:57.231669,2025-05-06 10:53:57.231669
135198,59,2023-10-31,21.8,0,17.3,05:12,26.3,13:35,22,3.6,8.3,14:00,76,88,07:30,67,17:40,2025-05-06 10:53:57.441636,2025-05-06 10:53:57.441636
135217,59,2023-11-01,23.6,0,20.1,07:23,27.2,11:55,10,1.9,6.9,17:10,82,87,07:30,71,12:00,2025-05-06 10:53:57.633536,2025-05-06 10:53:57.633536
135236,59,2023-11-02,25,0,21.7,23:38,28.2,13:38,32,4.2,12.5,15:50,69,84,06:40,50,13:40,2025-05-06 10:53:57.855711,2025-05-06 10:53:57.855711
135255,59,2023-11-03,23.6,0,20.3,23:45,27,14:12,4,4.7,13.9,14:20,63,78,05:50,49,13:40,2025-05-06 10:53:58.048745,2025-05-06 10:53:58.048745
135274,59,2023-11-04,22.7,0,19.3,03:56,26.1,14:30,1,3.3,9.2,17:10,64,76,04:50,53,15:40,2025-05-06 10:53:58.254538,2025-05-06 10:53:58.254538
135293,59,2023-11-05,22.4,0.2,18.6,04:41,26.3,14:43,1,3.1,9.2,19:00,73,86,19:10,54,11:00,2025-05-06 10:53:58.430421,2025-05-06 10:53:58.430421
135312,59,2023-11-06,22.3,0,18.6,05:45,26,13:14,1,3.9,12.8,16:00,59,77,05:20,39,14:00,2025-05-06 10:53:58.578213,2025-05-06 10:53:58.578213
135331,59,2023-11-07,21.8,0,18.9,02:19,24.6,12:33,4,6.4,14.7,13:40,52,70,02:00,38,11:50,2025-05-06 10:53:58.696423,2025-05-06 10:53:58.696423
135350,59,2023-11-08,22,0,19.5,06:31,24.4,13:02,3,6.7,14.7,12:00,58,67,23:50,47,12:30,2025-05-06 10:53:58.815059,2025-05-06 10:53:58.815059
135369,59,2023-11-09,22.4,0,19.7,05:56,25.1,13:30,2,6.1,12.5,09:10,64,77,23:59,53,12:20,2025-05-06 10:53:58.965149,2025-05-06 10:53:58.965149
135388,59,2023-11-10,23.8,0,20.3,06:43,27.2,14:00,3,5.6,13.1,16:50,62,81,23:50,48,13:40,2025-05-06 10:53:59.117681,2025-05-06 10:53:59.117681
135407,59,2023-11-11,23.8,0,21.1,23:52,26.6,13:15,4,4.7,10,16:20,70,82,22:20,59,13:20,2025-05-06 10:53:59.275829,2025-05-06 10:53:59.275829
135426,59,2023-11-12,22,0,18.4,07:15,25.7,16:43,10,2.5,8.9,13:20,78,89,07:30,63,18:40,2025-05-06 10:53:59.437658,2025-05-06 10:53:59.437658
135445,59,2023-11-13,25.2,0,19.7,01:23,30.8,12:38,34,3.6,8.3,19:40,50,89,02:10,27,12:40,2025-05-06 10:53:59.595181,2025-05-06 10:53:59.595181
135464,59,2023-11-14,26.6,0,22.1,07:47,31,17:09,99,2.8,7.8,,35,58,16:50,25,11:20,2025-05-06 10:53:59.749085,2025-05-06 10:53:59.749085
135483,59,2023-11-15,26.4,0,22.7,07:29,30.2,17:14,30,2.8,8.6,01:30,36,53,02:10,17,22:20,2025-05-06 10:53:59.917422,2025-05-06 10:53:59.917422
135502,59,2023-11-16,25,0,21.6,23:55,28.3,10:52,2,4.7,10.3,15:10,50,77,23:50,19,00:00,2025-05-06 10:54:00.098590,2025-05-06 10:54:00.098590
135521,59,2023-11-17,23.8,0,20.8,07:14,26.8,17:27,10,3.1,10.3,15:00,70,83,,48,17:20,2025-05-06 10:54:00.312111,2025-05-06 10:54:00.312111
135540,59,2023-11-18,22.4,0,18.4,07:01,26.5,12:54,9,1.9,9.4,14:30,73,89,07:20,54,13:20,2025-05-06 10:54:00.511253,2025-05-06 10:54:00.511253
135559,59,2023-11-19,22.1,0,17.7,07:41,26.5,11:49,7,2.2,7.2,13:10,68,92,06:50,37,11:30,2025-05-06 10:54:00.700094,2025-05-06 10:54:00.700094
135578,59,2023-11-20,23.2,0,18.7,04:08,27.8,17:58,6,2.5,11.7,22:30,41,78,03:00,23,19:30,2025-05-06 10:54:00.844803,2025-05-06 10:54:00.844803
135597,59,2023-11-21,24.4,0,21.2,06:34,27.7,14:09,6,3.3,13.3,04:10,37,59,21:20,23,14:00,2025-05-06 10:54:00.982675,2025-05-06 10:54:00.982675
135616,59,2023-11-22,22,0,18.9,23:44,25,15:35,99,3.6,10,,73,82,06:40,52,00:10,2025-05-06 10:54:01.122694,2025-05-06 10:54:01.122694
135635,59,2023-11-23,20.3,0,16.6,07:17,24,14:42,8,3.9,10.3,16:10,75,84,06:40,61,10:30,2025-05-06 10:54:01.292364,2025-05-06 10:54:01.292364
135654,59,2023-11-24,20.3,0,17,03:46,23.6,14:07,10,3.3,10.3,13:50,66,78,04:30,57,17:50,2025-05-06 10:54:01.463904,2025-05-06 10:54:01.463904
135673,59,2023-11-25,19.5,0,16.3,23:55,22.7,10:23,7,3.1,9.7,14:50,63,76,,55,10:00,2025-05-06 10:54:01.638983,2025-05-06 10:54:01.638983
135692,59,2023-11-26,18.8,0,15.3,04:25,22.4,11:30,99,3.9,8.9,12:40,65,77,04:30,57,10:10,2025-05-06 10:54:01.831608,2025-05-06 10:54:01.831608
135711,59,2023-11-27,18.2,0,14,07:52,22.3,14:28,8,3.3,7.5,17:00,74,84,07:00,65,14:50,2025-05-06 10:54:02.109952,2025-05-06 10:54:02.109952
135730,59,2023-11-28,18.4,0,14,08:01,22.8,13:06,11,1.9,5,11:40,75,88,06:30,64,14:30,2025-05-06 10:54:02.343161,2025-05-06 10:54:02.343161
135749,59,2023-11-29,19,0,14.7,07:26,23.2,11:47,9,2.5,6.1,14:50,74,82,,64,11:50,2025-05-06 10:54:02.571042,2025-05-06 10:54:02.571042
291956,59,2023-11-30,19,2.6,13.6,06:25,24.3,12:38,12,4.4,14.7,22:50,76,93,22:50,57,14:30,2025-05-07 18:54:08.236104,2025-05-07 18:54:08.236104
291973,59,2023-12-01,21.8,0.8,19.6,09:13,24,12:54,20,4.4,13.6,01:10,81,91,04:00,73,18:10,2025-05-07 18:54:08.340194,2025-05-07 18:54:08.340194
291990,59,2023-12-02,20.3,0,17.8,05:23,22.8,13:06,99,4.7,12.5,,78,92,06:00,69,13:20,2025-05-07 18:54:08.421248,2025-05-07 18:54:08.421248
292007,59,2023-12-03,18.4,0,14.2,07:14,22.7,13:55,6,2.8,9.4,14:40,69,86,,56,13:50,2025-05-07 18:54:08.500682,2025-05-07 18:54:08.500682
292024,59,2023-12-04,18.3,0,14,06:10,22.6,14:13,7,3.3,9.2,12:50,78,87,07:00,63,11:10,2025-05-07 18:54:08.585964,2025-05-07 18:54:08.585964
292041,59,2023-12-05,18.8,0,15.6,06:12,22,12:40,26,1.4,5.6,11:30,78,86,,68,12:20,2025-05-07 18:54:08.693874,2025-05-07 18:54:08.693874
292058,59,2023-12-06,19.8,0,15.8,07:39,23.8,11:49,99,3.1,8.3,,82,91,08:20,71,11:10,2025-05-07 18:54:08.769263,2025-05-07 18:54:08.769263
292075,59,2023-12-07,19.2,0,15.5,05:53,23,14:09,8,3.1,10.6,15:20,72,88,,57,14:10,2025-05-07 18:54:08.848750,2025-05-07 18:54:08.848750
292092,59,2023-12-08,20.8,0,18.8,06:28,22.8,11:44,7,4.7,11.4,14:30,71,82,23:00,64,,2025-05-07 18:54:08.930838,2025-05-07 18:54:08.930838
292109,59,2023-12-09,22.4,0,19.5,03:41,25.3,14:23,1,5,10.3,07:00,70,83,,56,,2025-05-07 18:54:09.013999,2025-05-07 18:54:09.013999
292126,59,2023-12-10,20.8,0,15.6,05:55,25.9,16:24,8,1.7,5.8,10:50,59,94,07:30,30,17:50,2025-05-07 18:54:09.105257,2025-05-07 18:54:09.105257
292143,59,2023-12-11,21.6,0,18.9,23:39,24.4,00:30,12,1.9,8.1,09:00,46,68,07:10,29,18:20,2025-05-07 18:54:09.214491,2025-05-07 18:54:09.214491
292160,59,2023-12-12,21.2,0,18.6,00:24,23.9,17:33,8,2.8,10.3,09:40,54,75,06:10,30,17:30,2025-05-07 18:54:09.305090,2025-05-07 18:54:09.305090
292177,59,2023-12-13,21.6,0,18.2,07:45,25,16:07,3,3.9,8.9,23:50,56,78,23:40,32,16:00,2025-05-07 18:54:09.386042,2025-05-07 18:54:09.386042
292194,59,2023-12-14,20.5,0,19,20:37,22,12:13,3,5.8,12.8,11:20,68,79,01:50,59,13:40,2025-05-07 18:54:09.558497,2025-05-07 18:54:09.558497
292211,59,2023-12-15,20.8,0,18.5,07:53,23.2,16:53,1,2.5,10.3,01:50,68,77,15:00,46,16:50,2025-05-07 18:54:09.708256,2025-05-07 18:54:09.708256
292228,59,2023-12-16,21.2,0,19.6,00:32,22.7,01:38,8,4.7,14.2,01:30,47,65,00:30,37,22:00,2025-05-07 18:54:09.792412,2025-05-07 18:54:09.792412
292245,59,2023-12-17,19.9,0,18.7,12:34,21.1,00:01,3,4.7,13.9,07:20,42,51,11:50,34,17:50,2025-05-07 18:54:09.876892,2025-05-07 18:54:09.876892
292262,59,2023-12-18,18,0,14.9,23:21,21,13:31,4,3.1,11.1,03:50,46,68,08:30,31,17:50,2025-05-07 18:54:09.950408,2025-05-07 18:54:09.950408
292279,59,2023-12-19,17,0,13,08:31,20.9,13:14,6,3.9,10.8,14:10,63,79,08:40,48,00:00,2025-05-07 18:54:10.054382,2025-05-07 18:54:10.054382
292296,59,2023-12-20,19.4,0,17.9,00:08,21,13:19,6,5.3,10.6,13:00,59,67,14:50,48,13:10,2025-05-07 18:54:10.156078,2025-05-07 18:54:10.156078
292313,59,2023-12-21,19.2,3,16.2,07:41,22.1,12:00,5,3.6,12.2,12:50,60,82,23:10,48,15:20,2025-05-07 18:54:10.225578,2025-05-07 18:54:10.225578
292330,59,2023-12-22,17.8,15,14.5,07:49,21,11:28,28,2.2,13.1,11:50,78,90,02:10,61,11:20,2025-05-07 18:54:10.308855,2025-05-07 18:54:10.308855
292347,59,2023-12-23,17.2,0,13.6,07:47,20.7,13:06,4,1.9,9.4,02:10,56,88,07:50,39,18:00,2025-05-07 18:54:10.376005,2025-05-07 18:54:10.376005
292364,59,2023-12-24,17.9,0,13.3,07:36,22.5,16:29,34,2.8,7.8,22:20,59,85,07:00,35,17:50,2025-05-07 18:54:10.464564,2025-05-07 18:54:10.464564
292381,59,2023-12-25,18.8,0,15.5,08:21,22.1,13:59,5,3.3,9.7,10:20,54,76,,44,14:10,2025-05-07 18:54:10.545658,2025-05-07 18:54:10.545658
292398,59,2023-12-26,20.4,0,18.1,07:52,22.6,11:24,7,4.4,10.6,12:00,60,76,23:00,44,11:50,2025-05-07 18:54:10.618102,2025-05-07 18:54:10.618102
292415,59,2023-12-27,17.9,0,14.5,08:07,21.3,16:58,5,2.5,8.3,11:50,63,87,08:10,35,18:30,2025-05-07 18:54:10.724121,2025-05-07 18:54:10.724121
292432,59,2023-12-28,18,0,13.1,07:49,23,17:43,10,2.2,7.8,11:40,60,89,,22,17:40,2025-05-07 18:54:10.794137,2025-05-07 18:54:10.794137
292449,59,2023-12-29,18.6,0,14.2,08:00,22.9,15:19,9,2.5,7.8,11:50,55,78,08:40,30,20:00,2025-05-07 18:54:10.876501,2025-05-07 18:54:10.876501
292466,59,2023-12-30,18.6,0,14.3,07:36,22.8,15:49,2,2.5,5,01:20,58,74,12:30,29,01:20,2025-05-07 18:54:10.950288,2025-05-07 18:54:10.950288
292483,59,2023-12-31,17.8,0,13.3,06:35,22.3,12:34,2,1.7,5.3,00:50,72,79,09:10,49,01:30,2025-05-07 18:54:11.035387,2025-05-07 18:54:11.035387
292500,59,2024-01-01,17.5,0,12.7,08:37,22.3,14:56,10,2.2,7.2,17:10,74,83,08:00,53,19:40,2025-05-07 18:54:11.116181,2025-05-07 18:54:11.116181
292517,59,2024-01-02,17.4,0,13.5,05:33,21.4,13:14,10,3.3,8.6,14:40,76,83,01:00,49,23:50,2025-05-07 18:54:11.195406,2025-05-07 18:54:11.195406
292534,59,2024-01-03,18.4,0,14.2,07:40,22.7,11:15,9,2.5,8.1,13:20,78,93,07:50,52,01:30,2025-05-07 18:54:11.268020,2025-05-07 18:54:11.268020
292551,59,2024-01-04,18.3,0,12.6,06:50,24,14:03,3,1.9,5,08:30,68,83,23:30,46,10:20,2025-05-07 18:54:11.353984,2025-05-07 18:54:11.353984
292568,59,2024-01-05,18.6,0,15,05:31,22.1,11:06,8,3.1,11.1,14:20,81,90,,70,14:10,2025-05-07 18:54:11.443906,2025-05-07 18:54:11.443906
292585,59,2024-01-06,18,0,14.8,07:10,21.2,11:42,5,2.8,9.7,13:30,76,88,,65,11:20,2025-05-07 18:54:11.534510,2025-05-07 18:54:11.534510
292602,59,2024-01-07,16.6,0,11.8,08:08,21.4,12:37,8,2.5,6.7,17:40,77,87,06:50,68,,2025-05-07 18:54:11.610181,2025-05-07 18:54:11.610181
292619,59,2024-01-08,18,0,14.8,05:23,21.2,11:23,10,3.6,10.8,15:40,73,91,06:20,50,18:10,2025-05-07 18:54:11.687044,2025-05-07 18:54:11.687044
292636,59,2024-01-09,19.6,0,15.6,06:04,23.5,13:49,11,3.1,8.9,15:20,62,89,,40,13:50,2025-05-07 18:54:11.757777,2025-05-07 18:54:11.757777
292653,59,2024-01-10,20,0,17.7,08:08,22.2,13:21,99,3.1,10.6,,75,87,05:00,63,13:10,2025-05-07 18:54:11.853284,2025-05-07 18:54:11.853284
292670,59,2024-01-11,19.5,0,15.6,07:55,23.4,18:03,99,2.5,5.8,13:40,62,92,,26,18:30,2025-05-07 18:54:11.948739,2025-05-07 18:54:11.948739
292687,59,2024-01-12,18.6,0,13,07:44,24.2,14:18,22,2.8,6.7,13:00,57,75,23:00,33,21:20,2025-05-07 18:54:12.030087,2025-05-07 18:54:12.030087
292704,59,2024-01-13,19.2,0,13.7,03:31,24.7,12:17,6,1.1,6.1,01:30,54,74,00:20,36,17:00,2025-05-07 18:54:12.129557,2025-05-07 18:54:12.129557
292721,59,2024-01-14,19.6,0,16,23:52,23.1,14:10,2,1.4,5,23:59,49,61,08:40,26,23:20,2025-05-07 18:54:12.201056,2025-05-07 18:54:12.201056
292738,59,2024-01-15,18.8,0,14.6,02:39,23,12:34,4,1.1,4.7,00:10,56,67,23:40,27,,2025-05-07 18:54:12.299786,2025-05-07 18:54:12.299786
292755,59,2024-01-16,22.6,0,20.1,04:41,25,12:34,20,2.2,9.2,16:00,61,84,23:00,42,08:00,2025-05-07 18:54:12.393622,2025-05-07 18:54:12.393622
292772,59,2024-01-17,20.2,0,15.6,08:01,24.7,13:05,99,2.5,5.8,,82,92,06:50,75,,2025-05-07 18:54:12.461494,2025-05-07 18:54:12.461494
292789,59,2024-01-18,18.5,0,14,07:24,23,11:08,23,3.3,7.2,16:30,81,93,03:00,71,18:20,2025-05-07 18:54:12.537100,2025-05-07 18:54:12.537100
292806,59,2024-01-19,20.8,0,18.1,,23.5,13:58,3,5,10.6,15:10,59,81,00:50,46,14:50,2025-05-07 18:54:12.606227,2025-05-07 18:54:12.606227
292823,59,2024-01-20,18,0,14.7,05:59,21.4,12:31,3,5.6,13.3,13:50,66,79,07:00,54,11:30,2025-05-07 18:54:12.691333,2025-05-07 18:54:12.691333
292840,59,2024-01-21,18.9,0,16.5,07:25,21.3,13:43,3,5.3,13.3,12:40,58,65,20:50,48,12:20,2025-05-07 18:54:12.775708,2025-05-07 18:54:12.775708
292857,59,2024-01-22,19.8,0,17.7,04:44,22,14:52,6,5.6,10.8,01:20,69,82,23:30,60,00:00,2025-05-07 18:54:12.870141,2025-05-07 18:54:12.870141
292874,59,2024-01-23,21.4,0,18.4,05:02,24.5,21:43,5,4.2,17.5,22:50,47,82,,24,21:40,2025-05-07 18:54:12.959912,2025-05-07 18:54:12.959912
292891,59,2024-01-24,20.8,0,18.9,08:02,22.6,00:01,4,4.7,16.1,03:10,47,81,07:20,20,18:00,2025-05-07 18:54:13.032766,2025-05-07 18:54:13.032766
292908,59,2024-01-25,21.4,0,18.7,03:01,24.1,20:40,4,4.7,20.3,20:50,38,85,02:40,23,,2025-05-07 18:54:13.107945,2025-05-07 18:54:13.107945
292925,59,2024-01-26,20.8,0,18.9,21:36,22.7,17:07,5,4.4,16.1,01:50,44,66,01:20,25,19:50,2025-05-07 18:54:13.195934,2025-05-07 18:54:13.195934
292942,59,2024-01-27,20.6,0,17.9,23:14,23.4,16:48,3,2.8,11.9,00:40,54,65,04:50,30,19:20,2025-05-07 18:54:13.267553,2025-05-07 18:54:13.267553
292959,59,2024-01-28,18.6,0,14.1,07:45,23.1,11:36,4,1.9,5.6,01:20,67,74,18:50,36,23:20,2025-05-07 18:54:13.361657,2025-05-07 18:54:13.361657
292976,59,2024-01-29,19,0,14.2,04:23,23.8,10:35,10,2.5,6.1,11:30,55,74,18:00,33,06:10,2025-05-07 18:54:13.439210,2025-05-07 18:54:13.439210
292993,59,2024-01-30,20.8,0,15.4,05:44,26.1,10:46,6,2.8,11.4,12:10,34,57,,17,17:50,2025-05-07 18:54:13.508924,2025-05-07 18:54:13.508924
293010,59,2024-01-31,20,0,15.4,08:05,24.5,17:36,14,2.8,11.4,22:40,39,53,23:30,26,01:50,2025-05-07 18:54:13.581899,2025-05-07 18:54:13.581899
293027,59,2024-02-01,21.8,0,20.1,,23.6,16:49,3,4.7,14.2,23:30,44,56,,31,16:50,2025-05-07 18:54:13.684318,2025-05-07 18:54:13.684318
293044,59,2024-02-02,21.2,0,19.1,07:20,23.4,16:20,3,4.7,16.4,01:10,50,71,08:10,26,16:10,2025-05-07 18:54:13.758497,2025-05-07 18:54:13.758497
293061,59,2024-02-03,20,0,17,07:33,23,16:40,4,3.3,11.4,10:00,54,85,07:40,20,16:40,2025-05-07 18:54:13.829683,2025-05-07 18:54:13.829683
293078,59,2024-02-04,21.8,0,19.6,,24,16:43,4,3.1,17.8,00:30,36,60,04:40,17,17:50,2025-05-07 18:54:13.933047,2025-05-07 18:54:13.933047
293095,59,2024-02-05,20.8,0,19.4,07:34,22.1,16:09,5,4.4,14.4,23:10,49,60,03:20,28,22:00,2025-05-07 18:54:14.013193,2025-05-07 18:54:14.013193
293112,59,2024-02-06,21.6,0,19.5,23:23,23.7,17:28,5,4.7,13.3,00:40,49,62,02:30,31,16:00,2025-05-07 18:54:14.097667,2025-05-07 18:54:14.097667
293129,59,2024-02-07,19.7,0,16.5,07:47,22.9,14:43,8,2.2,6.7,10:30,66,82,07:50,23,23:30,2025-05-07 18:54:14.185504,2025-05-07 18:54:14.185504
293146,59,2024-02-08,18.8,0,12.9,07:10,24.8,10:52,25,3.6,7.2,,51,75,,31,10:50,2025-05-07 18:54:14.257943,2025-05-07 18:54:14.257943
293163,59,2024-02-09,22.9,0.2,19.2,07:53,26.6,15:51,28,4.4,19.7,22:20,78,81,07:50,19,05:00,2025-05-07 18:54:14.342346,2025-05-07 18:54:14.342346
293180,59,2024-02-10,21.8,0,19.4,22:21,24.3,14:53,26,3.3,19.7,01:00,70,86,03:40,57,16:20,2025-05-07 18:54:14.406764,2025-05-07 18:54:14.406764
293197,59,2024-02-11,18.6,0,14.9,07:47,22.3,11:43,99,3.3,9.4,12:40,80,87,04:50,65,10:50,2025-05-07 18:54:14.484545,2025-05-07 18:54:14.484545
293214,59,2024-02-12,21.9,0,19,05:05,24.8,16:17,36,4.7,9.7,23:59,69,80,,49,16:20,2025-05-07 18:54:14.558170,2025-05-07 18:54:14.558170
293231,59,2024-02-13,23.4,0,19,08:02,27.8,17:28,36,3.9,10,02:50,62,85,06:00,37,16:10,2025-05-07 18:54:14.632726,2025-05-07 18:54:14.632726
293248,59,2024-02-14,22.4,0,17.9,07:52,26.8,10:15,34,2.5,13.3,21:10,65,83,17:20,43,02:10,2025-05-07 18:54:14.712663,2025-05-07 18:54:14.712663
293265,59,2024-02-15,20.4,0,17,07:04,23.7,17:29,8,3.9,10.8,12:50,74,85,07:20,63,17:30,2025-05-07 18:54:14.782713,2025-05-07 18:54:14.782713
293282,59,2024-02-16,19.6,0,16.5,06:31,22.6,12:47,3,4.7,13.6,21:30,71,89,06:20,59,14:30,2025-05-07 18:54:14.876076,2025-05-07 18:54:14.876076
293299,59,2024-02-17,21.8,0,17.9,07:18,25.7,13:18,2,6.4,13.6,16:10,56,79,,37,13:20,2025-05-07 18:54:14.968200,2025-05-07 18:54:14.968200
293316,59,2024-02-18,22.4,0,19.1,,25.7,14:50,2,6.9,14.2,00:40,50,79,07:20,29,14:40,2025-05-07 18:54:15.039069,2025-05-07 18:54:15.039069
293333,59,2024-02-19,22.7,0,18.9,03:45,26.5,17:04,5,3.9,10.8,09:20,40,74,04:30,26,16:50,2025-05-07 18:54:15.114803,2025-05-07 18:54:15.114803
293350,59,2024-02-20,21,0,18.3,07:35,23.6,14:49,4,4.4,10.8,19:50,69,81,,54,15:00,2025-05-07 18:54:15.204918,2025-05-07 18:54:15.204918
293367,59,2024-02-21,20.9,0,17.9,07:28,23.9,16:42,99,3.3,9.7,,71,81,23:10,58,16:30,2025-05-07 18:54:15.299110,2025-05-07 18:54:15.299110
293384,59,2024-02-22,19,0,14.4,08:01,23.7,10:21,3,2.5,9.7,22:10,77,90,05:10,50,10:20,2025-05-07 18:54:15.402599,2025-05-07 18:54:15.402599
293401,59,2024-02-23,21.2,0,17.8,03:21,24.6,14:28,36,5.6,13.6,17:30,64,78,,48,14:00,2025-05-07 18:54:15.517954,2025-05-07 18:54:15.517954
293418,59,2024-02-24,20.1,0,17.6,05:20,22.6,13:51,5,7.2,15,11:50,53,66,05:30,46,12:50,2025-05-07 18:54:15.709725,2025-05-07 18:54:15.709725
293435,59,2024-02-25,19.8,0,17,03:32,22.7,14:38,4,5.8,15.3,09:30,64,73,23:40,54,14:20,2025-05-07 18:54:15.832855,2025-05-07 18:54:15.832855
293452,59,2024-02-26,19.2,0,16.7,01:23,21.7,12:48,6,5.8,11.7,12:10,63,76,03:00,53,12:50,2025-05-07 18:54:15.913842,2025-05-07 18:54:15.913842
293469,59,2024-02-27,18.8,0,17.2,03:18,20.5,13:10,4,8.1,17.5,12:30,58,87,03:20,47,12:00,2025-05-07 18:54:15.991351,2025-05-07 18:54:15.991351
293486,59,2024-02-28,18.8,0,16.6,04:56,20.9,14:46,2,8.6,15.8,13:50,60,70,20:20,54,,2025-05-07 18:54:16.076679,2025-05-07 18:54:16.076679
293503,59,2024-02-29,19.6,0,17.3,07:12,22,14:38,99,5.8,13.3,,61,71,07:40,48,14:00,2025-05-07 18:54:16.152139,2025-05-07 18:54:16.152139
293520,59,2024-03-01,19.1,0,16.8,07:19,21.4,14:14,4,5,12.5,16:50,64,81,07:30,48,,2025-05-07 18:54:16.239002,2025-05-07 18:54:16.239002
293537,59,2024-03-02,19,0,15.9,06:55,22.1,15:33,2,4.7,13.3,16:10,53,71,23:59,31,15:50,2025-05-07 18:54:16.321369,2025-05-07 18:54:16.321369
293554,59,2024-03-03,17.6,0,13.7,07:31,21.4,,35,3.6,11.4,17:50,61,73,,49,17:30,2025-05-07 18:54:16.395719,2025-05-07 18:54:16.395719
293571,59,2024-03-04,18.8,0,15.8,06:51,21.9,12:14,6,5,11.1,14:40,69,79,07:30,52,11:50,2025-05-07 18:54:16.469931,2025-05-07 18:54:16.469931
293588,59,2024-03-05,19.2,0,16.4,07:23,21.9,13:24,5,4.4,11.4,14:20,63,73,07:30,55,12:10,2025-05-07 18:54:16.563308,2025-05-07 18:54:16.563308
293605,59,2024-03-06,18.9,0,16.5,06:42,21.3,13:52,6,3.9,10.8,11:40,62,73,,52,13:00,2025-05-07 18:54:16.647339,2025-05-07 18:54:16.647339
293622,59,2024-03-07,19,0,13.4,04:27,24.5,14:12,36,3.3,13.3,16:20,64,81,,42,13:30,2025-05-07 18:54:16.735194,2025-05-07 18:54:16.735194
293639,59,2024-03-08,18.4,0,13.8,06:01,23.1,14:32,35,3.3,11.1,18:20,56,73,05:20,40,13:20,2025-05-07 18:54:16.816391,2025-05-07 18:54:16.816391
293656,59,2024-03-09,20.6,0.6,17.1,01:22,24.2,14:37,28,3.9,13.1,16:20,71,78,11:50,54,14:10,2025-05-07 18:54:16.890842,2025-05-07 18:54:16.890842
293673,59,2024-03-10,19,0,15.7,05:53,22.4,10:58,34,1.7,8.6,19:00,76,81,,52,11:00,2025-05-07 18:54:16.965899,2025-05-07 18:54:16.965899
293690,59,2024-03-11,18.3,0,14.9,07:22,21.7,12:06,6,4.2,11.9,13:10,71,84,,56,12:00,2025-05-07 18:54:17.036694,2025-05-07 18:54:17.036694
293707,59,2024-03-12,17.8,0,13.1,04:26,22.5,17:27,23,2.2,9.2,17:10,62,75,,51,17:30,2025-05-07 18:54:17.102383,2025-05-07 18:54:17.102383
293724,59,2024-03-13,19.6,0,13.3,07:30,26,16:45,23,3.9,9.7,15:30,72,81,07:00,47,16:40,2025-05-07 18:54:17.181120,2025-05-07 18:54:17.181120
293741,59,2024-03-14,18.2,0,14.2,06:54,22.1,10:42,8,3.6,10.8,13:40,82,87,07:00,71,09:40,2025-05-07 18:54:17.267243,2025-05-07 18:54:17.267243
293758,59,2024-03-15,20.4,0,17.3,07:06,23.4,18:07,9,3.1,10.8,14:00,68,81,07:10,49,20:20,2025-05-07 18:54:17.369528,2025-05-07 18:54:17.369528
293775,59,2024-03-16,21.6,0,16.9,04:54,26.4,10:48,1,2.8,7.5,01:00,64,86,04:30,40,10:40,2025-05-07 18:54:17.443316,2025-05-07 18:54:17.443316
293792,59,2024-03-17,24,0,20,00:08,28,17:54,1,2.5,12.5,21:00,43,76,00:00,28,07:50,2025-05-07 18:54:17.526898,2025-05-07 18:54:17.526898
293809,59,2024-03-18,22.8,0,19.3,23:38,26.3,12:02,34,5,13.1,07:40,69,76,,47,12:00,2025-05-07 18:54:17.606357,2025-05-07 18:54:17.606357
293826,59,2024-03-19,21.4,0,17.6,07:12,25.1,14:34,35,4.4,11.4,19:10,67,79,,52,15:20,2025-05-07 18:54:17.679865,2025-05-07 18:54:17.679865
293843,59,2024-03-20,20.6,0,16.4,06:51,24.8,15:05,36,4.2,13.3,17:20,59,72,,45,16:20,2025-05-07 18:54:17.755757,2025-05-07 18:54:17.755757
293860,59,2024-03-21,20.9,1,17.1,23:48,24.7,14:20,36,4.2,12.5,17:50,59,72,,39,13:40,2025-05-07 18:54:17.826540,2025-05-07 18:54:17.826540
293876,59,2024-03-22,18.8,0,15.3,06:07,22.2,14:06,1,3.6,12.8,13:20,60,81,02:50,46,16:10,2025-05-07 18:54:17.896375,2025-05-07 18:54:17.896375
293892,59,2024-03-23,17.2,4,12.9,06:30,21.4,14:52,20,3.3,7.8,14:00,62,84,23:50,50,18:00,2025-05-07 18:54:17.961210,2025-05-07 18:54:17.961210
293908,59,2024-03-24,16,2.6,12.1,06:09,19.9,14:35,21,2.8,8.9,12:00,80,87,04:20,71,11:50,2025-05-07 18:54:18.053873,2025-05-07 18:54:18.053873
293924,59,2024-03-25,19.1,0,15,02:13,23.2,13:10,36,4.7,17.8,14:30,67,88,00:50,56,14:50,2025-05-07 18:54:18.120039,2025-05-07 18:54:18.120039
293940,59,2024-03-26,18.5,0,14.8,23:54,22.2,12:12,36,4.4,14.2,09:40,59,74,05:30,47,12:10,2025-05-07 18:54:18.200478,2025-05-07 18:54:18.200478
293956,59,2024-03-27,17.2,0,13,05:25,21.4,11:04,36,1.9,8.9,20:00,62,77,,42,11:00,2025-05-07 18:54:18.269252,2025-05-07 18:54:18.269252
293972,59,2024-03-28,17.8,1.2,13.6,04:17,22,13:15,22,5,13.3,22:30,71,86,08:30,61,13:20,2025-05-07 18:54:18.349728,2025-05-07 18:54:18.349728
293988,59,2024-03-29,19.4,0,16.6,03:56,22.1,13:32,35,4.4,20.3,10:10,55,83,03:50,45,15:20,2025-05-07 18:54:18.417449,2025-05-07 18:54:18.417449
294004,59,2024-03-30,21.8,0,18.1,02:27,25.5,14:15,25,5.6,12.8,14:40,65,82,20:50,41,14:20,2025-05-07 18:54:18.488742,2025-05-07 18:54:18.488742
294020,59,2024-03-31,20.8,0,16.7,05:45,25,15:38,35,3.1,11.1,15:10,71,83,03:00,44,15:40,2025-05-07 18:54:18.593515,2025-05-07 18:54:18.593515
294036,59,2024-04-01,19.4,0,15.4,05:37,23.5,11:13,8,2.2,5.3,19:30,76,85,,63,15:10,2025-05-07 18:54:18.676471,2025-05-07 18:54:18.676471
294053,59,2024-04-02,18.7,0,15.1,06:36,22.3,18:42,12,3.1,8.6,17:10,79,89,,54,18:50,2025-05-07 18:54:18.748058,2025-05-07 18:54:18.748058
294070,59,2024-04-03,21,0,16.4,,25.7,16:40,6,4.4,11.7,14:40,69,86,,53,16:30,2025-05-07 18:54:18.846193,2025-05-07 18:54:18.846193
294087,59,2024-04-04,21,0,16.7,07:07,25.2,16:02,8,4.4,11.7,12:50,70,84,03:20,51,10:30,2025-05-07 18:54:18.924017,2025-05-07 18:54:18.924017
294104,59,2024-04-05,23.2,0,17.1,06:42,29.2,16:04,36,2.2,13.6,18:30,66,83,04:30,36,20:30,2025-05-07 18:54:19.006187,2025-05-07 18:54:19.006187
294121,59,2024-04-06,22,0,18.5,05:28,25.5,14:59,36,3.1,13.3,14:40,70,82,05:40,53,16:50,2025-05-07 18:54:19.089638,2025-05-07 18:54:19.089638
294138,59,2024-04-07,21.3,0,17.8,07:02,24.8,14:00,36,4.4,12.8,15:20,54,75,03:20,34,13:30,2025-05-07 18:54:19.171926,2025-05-07 18:54:19.171926
294155,59,2024-04-08,21.1,0,17.7,,24.5,14:16,34,6.4,15.6,15:00,65,72,20:10,50,11:30,2025-05-07 18:54:19.241398,2025-05-07 18:54:19.241398
294172,59,2024-04-09,22.3,0,18.4,06:59,26.2,15:43,2,5.8,15,15:20,56,72,04:30,35,16:20,2025-05-07 18:54:19.329636,2025-05-07 18:54:19.329636
294189,59,2024-04-10,24.4,0,18.2,06:43,30.6,14:41,36,6.1,12.8,21:20,52,74,07:30,33,22:10,2025-05-07 18:54:19.400708,2025-05-07 18:54:19.400708
294206,59,2024-04-11,30.6,0,24,06:42,37.1,17:25,35,5,11.7,02:20,33,52,06:40,17,,2025-05-07 18:54:19.468835,2025-05-07 18:54:19.468835
294223,59,2024-04-12,24.4,0,20,23:43,28.7,00:10,8,3.9,11.9,13:40,56,90,23:30,15,00:10,2025-05-07 18:54:19.541643,2025-05-07 18:54:19.541643
294240,59,2024-04-13,22.3,0,16.4,06:50,28.2,14:09,9,2.2,7.5,09:20,64,94,,30,12:00,2025-05-07 18:54:19.607990,2025-05-07 18:54:19.607990
294257,59,2024-04-14,23.4,0,18.4,07:18,28.4,21:04,10,1.7,7.8,16:20,59,84,23:50,17,21:00,2025-05-07 18:54:19.684048,2025-05-07 18:54:19.684048
294274,59,2024-04-15,22.2,0,16.4,06:12,28.1,13:06,8,2.8,8.3,16:40,62,89,01:50,35,08:50,2025-05-07 18:54:19.757283,2025-05-07 18:54:19.757283
294291,59,2024-04-16,22.8,0,17.8,06:49,27.9,10:20,9,3.1,8.6,11:40,54,83,23:00,28,10:20,2025-05-07 18:54:19.828954,2025-05-07 18:54:19.828954
294308,59,2024-04-17,21,0,17,05:24,24.9,14:50,12,2.2,4.7,19:30,71,89,20:10,52,08:20,2025-05-07 18:54:19.905090,2025-05-07 18:54:19.905090
294325,59,2024-04-18,23.2,0,17,07:01,29.3,15:13,23,3.6,10.3,13:50,79,89,01:10,34,15:30,2025-05-07 18:54:19.984636,2025-05-07 18:54:19.984636
294342,59,2024-04-19,20.8,0,17.9,06:25,23.7,10:21,6,2.2,8.3,10:10,76,81,06:30,52,18:50,2025-05-07 18:54:20.060169,2025-05-07 18:54:20.060169
294359,59,2024-04-20,21.9,0,18,06:13,25.8,12:17,34,3.3,10,12:30,62,82,,41,12:20,2025-05-07 18:54:20.132425,2025-05-07 18:54:20.132425
294376,59,2024-04-21,21.7,0,17.2,06:35,26.2,14:27,36,3.6,10.8,16:10,58,82,06:40,38,16:00,2025-05-07 18:54:20.221837,2025-05-07 18:54:20.221837
294393,59,2024-04-22,21.4,0,17.9,06:08,24.8,17:48,8,3.3,10.8,12:20,69,79,06:10,55,10:00,2025-05-07 18:54:20.303850,2025-05-07 18:54:20.303850
294410,59,2024-04-23,20,0,16.7,05:16,23.4,15:58,33,2.5,8.6,19:00,77,83,03:20,57,09:20,2025-05-07 18:54:20.378324,2025-05-07 18:54:20.378324
294427,59,2024-04-24,24,0,20.1,04:50,27.8,11:01,9,4.7,12.5,15:40,46,72,21:10,25,11:00,2025-05-07 18:54:20.465656,2025-05-07 18:54:20.465656
294444,59,2024-04-25,21.2,0,17.2,04:43,25.1,12:25,9,3.9,11.1,15:50,64,79,06:50,38,11:00,2025-05-07 18:54:20.571441,2025-05-07 18:54:20.571441
294461,59,2024-04-26,19,0,15.6,04:57,22.3,11:43,6,4.7,12.5,13:50,65,76,05:10,50,11:40,2025-05-07 18:54:20.662089,2025-05-07 18:54:20.662089
294478,59,2024-04-27,19.8,0,15.4,06:08,24.2,10:53,34,2.8,14.2,18:40,60,72,05:00,43,10:50,2025-05-07 18:54:20.769268,2025-05-07 18:54:20.769268
294495,59,2024-04-28,19.8,0,15.8,05:34,23.8,13:35,2,4.2,11.9,18:20,49,70,00:20,38,,2025-05-07 18:54:20.849894,2025-05-07 18:54:20.849894
294512,59,2024-04-29,19.6,0,15.4,06:12,23.9,13:24,36,4.2,13.3,17:00,48,67,,33,12:40,2025-05-07 18:54:20.941107,2025-05-07 18:54:20.941107
294529,59,2024-04-30,19.3,0,16.2,03:33,22.4,16:14,6,5,13.1,13:20,58,65,04:50,46,10:40,2025-05-07 18:54:21.020973,2025-05-07 18:54:21.020973
294546,59,2024-05-01,19.6,0,16.6,06:16,22.5,13:27,9,5,13.3,15:00,67,77,06:00,53,10:30,2025-05-07 18:54:21.113062,2025-05-07 18:54:21.113062
294563,59,2024-05-02,21,0,18.6,01:37,23.3,15:06,7,5.6,11.4,12:20,64,73,,53,10:10,2025-05-07 18:54:21.202535,2025-05-07 18:54:21.202535
294580,59,2024-05-03,20.1,0,16.2,06:35,24,14:47,12,4.2,12.8,16:10,72,77,,57,10:20,2025-05-07 18:54:21.284964,2025-05-07 18:54:21.284964
294597,59,2024-05-04,19.9,0,16.1,05:39,23.7,17:21,10,5.3,12.2,14:20,68,81,05:40,49,10:20,2025-05-07 18:54:21.372044,2025-05-07 18:54:21.372044
294614,59,2024-05-05,21.9,0,17,06:13,26.8,11:51,4,4.4,11.7,13:10,49,79,,22,10:30,2025-05-07 18:54:21.474656,2025-05-07 18:54:21.474656
294631,59,2024-05-06,22.2,0,18.8,04:06,25.5,13:42,6,6.1,11.7,16:20,65,81,,52,13:30,2025-05-07 18:54:21.580929,2025-05-07 18:54:21.580929
294648,59,2024-05-07,22.1,0,19.2,,25,17:56,10,4.2,13.1,13:50,70,80,,58,11:10,2025-05-07 18:54:21.656598,2025-05-07 18:54:21.656598
294665,59,2024-05-08,22.4,0,18.5,06:24,26.2,08:57,9,4.4,10,12:00,70,80,,39,09:00,2025-05-07 18:54:21.722817,2025-05-07 18:54:21.722817
294682,59,2024-05-09,23.6,0,19.2,04:07,28.1,12:41,10,4.7,11.7,13:30,52,73,10:30,34,12:40,2025-05-07 18:54:21.792930,2025-05-07 18:54:21.792930
294699,59,2024-05-10,24,0,20.1,23:33,28,14:17,33,4.2,12.5,05:20,58,76,04:10,48,17:10,2025-05-07 18:54:21.865034,2025-05-07 18:54:21.865034
294716,59,2024-05-11,23.4,0,19.4,05:03,27.5,16:33,4,4.7,13.3,16:10,63,77,04:50,36,17:30,2025-05-07 18:54:21.941052,2025-05-07 18:54:21.941052
294733,59,2024-05-12,22,0,18.7,03:14,25.3,17:02,7,5.3,13.6,11:10,63,75,,53,17:10,2025-05-07 18:54:22.026875,2025-05-07 18:54:22.026875
294750,59,2024-05-13,22.8,0,18.8,03:38,26.8,14:50,36,5.3,12.5,19:00,63,75,,48,14:50,2025-05-07 18:54:22.110441,2025-05-07 18:54:22.110441
294767,59,2024-05-14,22.5,0,19.1,23:51,25.9,13:37,36,5.6,13.1,15:50,63,72,00:20,53,15:20,2025-05-07 18:54:22.181524,2025-05-07 18:54:22.181524
294784,59,2024-05-15,21.4,0,18.9,05:58,23.9,15:28,2,4.7,11.7,14:20,53,66,01:30,45,16:10,2025-05-07 18:54:22.249920,2025-05-07 18:54:22.249920
294801,59,2024-05-16,21.4,0,18.7,03:26,24.2,15:38,2,4.7,11.1,16:40,55,69,03:30,47,15:40,2025-05-07 18:54:22.322699,2025-05-07 18:54:22.322699
294818,59,2024-05-17,21,0,19.1,05:46,22.8,12:27,9,3.3,10,13:40,75,78,11:20,61,01:20,2025-05-07 18:54:22.388328,2025-05-07 18:54:22.388328
294835,59,2024-05-18,20.8,0,18.7,03:28,23,09:51,9,3.3,10.8,12:00,74,81,01:30,54,09:40,2025-05-07 18:54:22.472336,2025-05-07 18:54:22.472336
294852,59,2024-05-19,20.4,0,16.5,06:18,24.2,10:49,6,3.6,11.4,12:10,71,77,06:20,48,10:10,2025-05-07 18:54:22.540199,2025-05-07 18:54:22.540199
294869,59,2024-05-20,19.1,0,16.3,05:05,21.9,11:16,6,3.6,10,13:40,64,74,05:00,46,18:30,2025-05-07 18:54:22.627940,2025-05-07 18:54:22.627940
294886,59,2024-05-21,19.4,0,15.5,06:11,23.2,10:45,8,4.4,14.2,13:50,63,79,05:30,48,11:00,2025-05-07 18:54:22.709014,2025-05-07 18:54:22.709014
294903,59,2024-05-22,21.6,0,17.6,06:01,25.6,14:37,1,4.4,13.1,17:40,57,72,03:50,40,14:30,2025-05-07 18:54:22.786765,2025-05-07 18:54:22.786765
294920,59,2024-05-23,22.2,0,18.6,01:44,25.9,12:49,8,3.9,11.4,15:40,57,72,02:30,43,12:50,2025-05-07 18:54:22.864783,2025-05-07 18:54:22.864783
294937,59,2024-05-24,21.8,0,18.6,03:23,25.1,11:09,9,4.7,13.3,12:40,60,74,,43,11:10,2025-05-07 18:54:22.939556,2025-05-07 18:54:22.939556
294954,59,2024-05-25,22.2,0,18.2,03:34,26.1,14:18,1,4.2,10.3,21:00,54,71,,43,14:20,2025-05-07 18:54:23.015425,2025-05-07 18:54:23.015425
294971,59,2024-05-26,23,0,17.8,05:48,28.3,12:50,35,5,12.8,20:30,53,75,22:40,38,11:40,2025-05-07 18:54:23.091302,2025-05-07 18:54:23.091302
294988,59,2024-05-27,22.6,0,19.3,05:05,26,14:12,36,5.6,12.2,09:00,62,77,04:30,51,13:40,2025-05-07 18:54:23.171495,2025-05-07 18:54:23.171495
135768,59,2024-05-28,22.6,0,18.3,05:27,27,15:11,3,2.8,10,10:50,55,71,05:20,44,13:50,2025-05-06 10:56:10.329010,2025-05-06 10:56:10.329010
135787,59,2024-05-29,22.4,0,17.7,06:11,27,13:24,34,3.9,11.4,,60,75,04:50,46,13:40,2025-05-06 10:56:10.666223,2025-05-06 10:56:10.666223
135806,59,2024-05-30,22,0,19.7,,24.2,12:23,34,5.3,11.7,16:20,64,75,,57,12:30,2025-05-06 10:56:10.920957,2025-05-06 10:56:10.920957
135825,59,2024-05-31,21.3,0,19.5,04:45,23.1,15:00,35,4.4,13.6,19:30,68,83,20:00,62,15:00,2025-05-06 10:56:11.186660,2025-05-06 10:56:11.186660
135844,59,2024-06-01,22.3,0,19.6,06:09,25,12:59,1,5,14.4,16:00,68,85,,55,15:10,2025-05-06 10:56:11.465825,2025-05-06 10:56:11.465825
135863,59,2024-06-02,22.4,0,18.9,06:03,26,12:56,36,3.1,12.2,16:20,60,76,06:30,52,12:50,2025-05-06 10:56:11.732093,2025-05-06 10:56:11.732093
135882,59,2024-06-03,21.8,0,17.3,05:46,26.4,13:44,34,4.4,13.3,15:10,61,77,,47,13:40,2025-05-06 10:56:11.986375,2025-05-06 10:56:11.986375
135901,59,2024-06-04,22.8,0,20.2,03:47,25.5,14:02,2,5,12.2,15:00,55,71,,47,12:30,2025-05-06 10:56:12.276938,2025-05-06 10:56:12.276938
135920,59,2024-06-05,23.5,0,20.2,06:09,26.8,13:44,34,4.7,10.3,02:50,58,74,06:10,47,13:30,2025-05-06 10:56:12.529599,2025-05-06 10:56:12.529599
135939,59,2024-06-06,21.6,0,19.5,06:14,23.7,09:10,99,1.9,7.2,00:10,72,82,21:50,59,09:10,2025-05-06 10:56:12.829702,2025-05-06 10:56:12.829702
135958,59,2024-06-07,21.3,0,18,05:44,24.6,14:09,33,4.2,8.9,22:00,82,90,19:30,74,21:30,2025-05-06 10:56:13.132753,2025-05-06 10:56:13.132753
135977,59,2024-06-08,24,0,20.1,05:37,28,16:38,34,3.1,10.3,18:20,67,80,05:50,50,16:40,2025-05-06 10:56:13.379960,2025-05-06 10:56:13.379960
135996,59,2024-06-09,21.9,0,19.3,04:39,24.5,15:11,9,2.2,9.4,11:20,76,83,04:30,52,19:20,2025-05-06 10:56:13.634906,2025-05-06 10:56:13.634906
136015,59,2024-06-10,23.5,0,19.7,,27.3,12:54,3,3.6,11.7,11:10,54,80,06:20,42,13:30,2025-05-06 10:56:13.843802,2025-05-06 10:56:13.843802
136034,59,2024-06-11,23.1,0,19.9,06:01,26.3,12:44,8,4.4,11.7,13:20,60,76,05:50,45,,2025-05-06 10:56:14.038916,2025-05-06 10:56:14.038916
136053,59,2024-06-12,23.4,0,20.3,01:11,26.5,15:56,36,5.8,13.1,16:40,54,67,22:10,46,13:10,2025-05-06 10:56:14.226748,2025-05-06 10:56:14.226748
136072,59,2024-06-13,22.3,0,19.8,05:47,24.8,11:36,99,5.3,12.8,,63,69,23:20,53,10:30,2025-05-06 10:56:14.433336,2025-05-06 10:56:14.433336
136091,59,2024-06-14,23.2,0,19.3,05:38,27,13:23,10,4.4,11.4,11:50,67,74,20:20,47,13:30,2025-05-06 10:56:14.625092,2025-05-06 10:56:14.625092
136110,59,2024-06-15,22.6,0,18.9,04:16,26.2,16:45,2,4.7,12.2,09:10,63,75,01:40,50,16:10,2025-05-06 10:56:14.832967,2025-05-06 10:56:14.832967
136129,59,2024-06-16,22.8,0,20.1,06:06,25.5,13:21,8,4.7,13.6,14:20,66,74,05:30,55,13:20,2025-05-06 10:56:15.040774,2025-05-06 10:56:15.040774
136148,59,2024-06-17,22,0,17.7,06:27,26.4,16:04,10,5.3,13.6,12:40,72,77,06:50,47,11:20,2025-05-06 10:56:15.249529,2025-05-06 10:56:15.249529
136167,59,2024-06-18,22.7,0,20.2,06:09,25.2,10:51,7,5.3,13.6,,69,75,23:40,54,10:50,2025-05-06 10:56:15.472927,2025-05-06 10:56:15.472927
136186,59,2024-06-19,21.8,0,18.9,06:16,24.6,10:59,5,5.6,13.6,16:20,61,78,03:00,48,09:40,2025-05-06 10:56:15.714907,2025-05-06 10:56:15.714907
136205,59,2024-06-20,22.1,0,19,06:09,25.2,15:50,7,6.4,13.6,12:20,64,72,23:59,53,,2025-05-06 10:56:15.969784,2025-05-06 10:56:15.969784
136224,59,2024-06-21,23,0,19.4,02:35,26.5,12:30,9,5,12.2,14:00,57,72,00:00,46,12:20,2025-05-06 10:56:16.163312,2025-05-06 10:56:16.163312
136243,59,2024-06-22,23.3,0,19.3,06:17,27.3,14:43,33,4.7,11.4,07:50,60,75,04:30,45,15:00,2025-05-06 10:56:16.335311,2025-05-06 10:56:16.335311
136262,59,2024-06-23,24.2,0,19.9,05:48,28.4,13:01,36,3.9,12.2,16:30,62,78,23:20,48,12:50,2025-05-06 10:56:16.549510,2025-05-06 10:56:16.549510
136281,59,2024-06-24,23.5,0,19.2,05:11,27.8,13:44,35,5.8,13.9,18:50,61,80,,47,13:40,2025-05-06 10:56:16.786650,2025-05-06 10:56:16.786650
136300,59,2024-06-25,22.8,0,19.6,04:31,26,14:24,2,5,12.2,,65,76,22:40,60,,2025-05-06 10:56:17.019877,2025-05-06 10:56:17.019877
136319,59,2024-06-26,23.4,0,20.3,,26.6,14:37,1,5.6,11.9,13:20,57,73,09:40,47,16:40,2025-05-06 10:56:17.310047,2025-05-06 10:56:17.310047
136338,59,2024-06-27,23.2,0,19.5,01:45,26.8,14:54,2,4.4,10.6,13:50,60,76,06:40,47,,2025-05-06 10:56:17.550490,2025-05-06 10:56:17.550490
136357,59,2024-06-28,22.8,0,20.3,01:18,25.3,16:05,9,5,13.3,13:10,67,76,,57,09:20,2025-05-06 10:56:17.782189,2025-05-06 10:56:17.782189
136376,59,2024-06-29,23.6,0,20.5,23:55,26.8,13:09,8,4.7,13.1,13:40,67,77,23:40,56,12:40,2025-05-06 10:56:18.037327,2025-05-06 10:56:18.037327
136395,59,2024-06-30,22.9,0,19.9,,25.9,16:14,10,4.7,13.9,15:20,66,76,00:00,58,16:50,2025-05-06 10:56:18.264297,2025-05-06 10:56:18.264297
136414,59,2024-07-01,23.5,0,20.5,05:04,26.5,14:38,3,6.4,13.3,12:10,68,80,,55,15:30,2025-05-06 10:56:18.516800,2025-05-06 10:56:18.516800
136432,59,2024-07-02,23.6,0,19.8,04:31,27.3,16:19,10,5,11.7,14:00,65,77,02:10,50,16:20,2025-05-06 10:56:18.748125,2025-05-06 10:56:18.748125
136451,59,2024-07-03,24,0,20.5,,27.5,16:56,10,5.3,12.8,13:50,65,76,01:50,50,17:10,2025-05-06 10:56:19.021147,2025-05-06 10:56:19.021147
136470,59,2024-07-04,23.3,0,19.7,06:14,26.9,16:57,34,3.6,11.1,18:10,66,77,06:00,54,17:10,2025-05-06 10:56:19.302798,2025-05-06 10:56:19.302798
136489,59,2024-07-05,24.5,0,19.9,06:00,29.1,14:58,10,2.5,13.1,15:40,65,76,,47,15:00,2025-05-06 10:56:19.573560,2025-05-06 10:56:19.573560
136508,59,2024-07-06,22.8,0,19.1,06:15,26.4,15:38,10,3.9,11.1,14:30,70,81,06:10,60,16:40,2025-05-06 10:56:19.806219,2025-05-06 10:56:19.806219
136527,59,2024-07-07,23.5,0,20.2,23:58,26.8,16:19,9,5.6,12.5,14:00,68,75,,58,15:20,2025-05-06 10:56:20.067400,2025-05-06 10:56:20.067400
136546,59,2024-07-08,23.6,0,19.1,,28.1,15:07,8,5.3,12.2,11:40,64,75,,47,16:20,2025-05-06 10:56:20.366320,2025-05-06 10:56:20.366320
136565,59,2024-07-09,24.5,0,20.3,01:28,28.7,14:27,1,5.8,14.2,16:50,60,77,23:59,49,,2025-05-06 10:56:20.647978,2025-05-06 10:56:20.647978
136584,59,2024-07-10,26.6,0,21.2,03:14,32,14:24,4,6.7,13.3,13:20,54,79,,33,13:30,2025-05-06 10:56:20.926347,2025-05-06 10:56:20.926347
136603,59,2024-07-11,25.8,0,21.6,06:24,29.9,15:03,6,5.3,10.3,13:10,66,81,04:40,51,11:50,2025-05-06 10:56:21.176725,2025-05-06 10:56:21.176725
136622,59,2024-07-12,25.9,0,22,03:10,29.8,12:56,4,4.7,11.9,14:20,60,79,03:20,50,17:10,2025-05-06 10:56:21.407118,2025-05-06 10:56:21.407118
136641,59,2024-07-13,25.5,0,21.7,23:23,29.3,12:31,10,3.9,11.7,14:00,68,81,23:10,42,12:30,2025-05-06 10:56:21.695837,2025-05-06 10:56:21.695837
136660,59,2024-07-14,25.1,0,20.8,,29.4,17:29,9,3.9,12.2,14:30,73,83,04:40,52,17:30,2025-05-06 10:56:21.924110,2025-05-06 10:56:21.924110
136679,59,2024-07-15,26.4,0,21.9,01:49,31,15:02,1,6.7,12.5,10:10,42,76,00:40,30,15:10,2025-05-06 10:56:22.164728,2025-05-06 10:56:22.164728
136698,59,2024-07-16,26,0,22.1,06:22,29.9,15:22,8,4.4,12.2,15:00,72,83,06:30,54,14:10,2025-05-06 10:56:22.411763,2025-05-06 10:56:22.411763
136717,59,2024-07-17,25.8,0,20.4,06:08,31.3,15:22,99,2.2,7.8,,68,74,,42,11:00,2025-05-06 10:56:22.632113,2025-05-06 10:56:22.632113
136736,59,2024-07-18,25,0,20.8,05:07,29.1,11:32,2,3.6,10,23:10,66,85,20:50,40,09:10,2025-05-06 10:56:22.915081,2025-05-06 10:56:22.915081
136755,59,2024-07-19,27,0,23.1,03:05,31,18:22,24,3.9,11.1,13:20,63,78,03:00,40,22:50,2025-05-06 10:56:23.141059,2025-05-06 10:56:23.141059
136774,59,2024-07-20,28.6,0,23.3,23:42,33.8,16:30,4,5.8,12.8,12:30,44,70,23:40,25,11:50,2025-05-06 10:56:23.371935,2025-05-06 10:56:23.371935
136793,59,2024-07-21,26.2,0,21.9,05:39,30.4,14:24,3,6.1,11.9,12:10,70,81,05:40,52,14:40,2025-05-06 10:56:23.651115,2025-05-06 10:56:23.651115
136812,59,2024-07-22,26,0,21.6,06:12,30.4,13:36,9,3.9,10.8,14:30,64,84,,49,13:40,2025-05-06 10:56:23.921274,2025-05-06 10:56:23.921274
136831,59,2024-07-23,27.4,0,21.8,02:44,32.9,13:14,9,3.1,9.7,12:00,58,75,,40,13:10,2025-05-06 10:56:24.179164,2025-05-06 10:56:24.179164
136850,59,2024-07-24,30.2,0,23.4,05:49,37,13:03,18,2.8,10.3,08:20,53,72,08:40,25,12:50,2025-05-06 10:56:24.406593,2025-05-06 10:56:24.406593
136869,59,2024-07-25,28.5,0,23.1,06:23,33.9,17:06,36,3.6,9.2,23:59,55,81,03:00,36,09:50,2025-05-06 10:56:24.671229,2025-05-06 10:56:24.671229
136888,59,2024-07-26,25.9,0,22.8,23:57,29,09:25,9,3.6,10.3,11:40,69,80,20:00,45,00:00,2025-05-06 10:56:24.911838,2025-05-06 10:56:24.911838
136907,59,2024-07-27,24.3,0,21.2,04:36,27.4,11:10,11,2.5,11.7,12:30,78,85,23:59,60,11:00,2025-05-06 10:56:25.160018,2025-05-06 10:56:25.160018
136926,59,2024-07-28,25.7,0,21.7,06:23,29.7,13:52,3,3.3,11.4,10:50,66,85,,54,,2025-05-06 10:56:25.396587,2025-05-06 10:56:25.396587
136945,59,2024-07-29,23.8,0,22.1,01:58,25.4,17:09,9,2.2,9.2,11:50,81,84,,68,21:10,2025-05-06 10:56:25.660778,2025-05-06 10:56:25.660778
136964,59,2024-07-30,24.5,0,21,05:55,28,17:50,10,3.6,12.8,12:40,75,86,06:10,60,10:20,2025-05-06 10:56:25.951943,2025-05-06 10:56:25.951943
136983,59,2024-07-31,25.6,0,21.3,06:21,30,15:08,8,5.3,14.4,13:00,72,83,,56,10:40,2025-05-06 10:56:26.183092,2025-05-06 10:56:26.183092
137002,59,2024-08-01,26.3,0,22,05:53,30.6,15:02,10,5,13.3,12:00,70,81,03:10,53,15:00,2025-05-06 10:56:26.458851,2025-05-06 10:56:26.458851
137021,59,2024-08-02,26.2,0,22.3,05:37,30.1,14:21,3,8.1,13.9,11:10,60,81,,41,22:00,2025-05-06 10:56:26.657997,2025-05-06 10:56:26.657997
137040,59,2024-08-03,29,0,25.7,05:30,32.2,15:10,2,8.9,16.7,14:40,39,48,,30,16:10,2025-05-06 10:56:26.787509,2025-05-06 10:56:26.787509
137059,59,2024-08-04,26.8,0,23.1,23:57,30.5,11:41,4,3.9,13.1,00:20,67,76,19:50,40,03:10,2025-05-06 10:56:26.976999,2025-05-06 10:56:26.976999
137078,59,2024-08-05,26.8,0,21.6,05:24,31.9,13:36,9,3.6,12.2,14:30,61,81,03:40,44,12:30,2025-05-06 10:56:27.219991,2025-05-06 10:56:27.219991
137097,59,2024-08-06,24.6,0,22,06:35,27.3,11:07,7,6.1,13.3,12:00,70,78,,58,10:50,2025-05-06 10:56:27.499444,2025-05-06 10:56:27.499444
137116,59,2024-08-07,25,0,22.5,06:21,27.5,12:46,8,5,12.5,13:50,64,74,06:00,56,10:50,2025-05-06 10:56:27.728939,2025-05-06 10:56:27.728939
137135,59,2024-08-08,25.5,0,22.7,05:39,28.3,16:19,99,6.4,11.4,,66,76,,57,12:20,2025-05-06 10:56:27.990902,2025-05-06 10:56:27.990902
137154,59,2024-08-09,25.4,0,21.3,06:10,29.6,15:00,4,4.7,11.4,12:10,63,80,,47,14:10,2025-05-06 10:56:28.191115,2025-05-06 10:56:28.191115
137173,59,2024-08-10,27.1,0,21.3,,32.9,13:15,8,3.6,11.4,15:50,65,80,,41,12:10,2025-05-06 10:56:28.457798,2025-05-06 10:56:28.457798
137192,59,2024-08-11,26.2,0,21.3,04:41,31,12:29,10,5,12.2,13:30,70,82,03:20,49,12:10,2025-05-06 10:56:28.719652,2025-05-06 10:56:28.719652
137211,59,2024-08-12,26.5,0,22.2,05:36,30.8,15:07,10,5.3,10,12:30,62,80,02:50,41,15:00,2025-05-06 10:56:28.957356,2025-05-06 10:56:28.957356
137230,59,2024-08-13,26.2,0,22.3,05:39,30.2,17:10,4,5.8,11.9,13:20,66,82,05:30,48,17:10,2025-05-06 10:56:29.262629,2025-05-06 10:56:29.262629
137249,59,2024-08-14,26.8,0,23.3,00:45,30.3,14:36,2,5.8,12.8,01:30,57,76,,43,14:50,2025-05-06 10:56:29.522139,2025-05-06 10:56:29.522139
137268,59,2024-08-15,26.1,0,22.1,,30.1,13:32,2,4.4,11.9,14:50,60,78,02:40,48,13:30,2025-05-06 10:56:29.783162,2025-05-06 10:56:29.783162
137287,59,2024-08-16,25.1,0,21.1,05:34,29.1,11:27,35,1.9,10,18:30,78,82,06:40,62,11:10,2025-05-06 10:56:30.035399,2025-05-06 10:56:30.035399
137306,59,2024-08-17,27.8,0,22.7,06:02,32.8,14:52,9,3.1,10,12:10,70,79,,51,14:50,2025-05-06 10:56:30.319273,2025-05-06 10:56:30.319273
137325,59,2024-08-18,28.4,0,23.8,04:52,32.9,12:56,9,5.8,15,14:10,61,80,23:20,45,13:00,2025-05-06 10:56:30.594164,2025-05-06 10:56:30.594164
137344,59,2024-08-19,28.4,0,24.1,06:25,32.6,11:13,9,4.4,19.7,14:00,74,83,,53,10:40,2025-05-06 10:56:30.841280,2025-05-06 10:56:30.841280
137363,59,2024-08-20,25.4,9,22.8,12:05,28,16:23,5,6.1,15,09:10,63,83,23:30,48,07:30,2025-05-06 10:56:31.083506,2025-05-06 10:56:31.083506
137382,59,2024-08-21,26.2,0,22.7,06:14,29.7,15:54,3,6.7,13.6,14:40,67,85,,49,17:50,2025-05-06 10:56:31.341923,2025-05-06 10:56:31.341923
137401,59,2024-08-22,25.7,0,22.4,06:36,29,14:24,5,4.7,11.4,04:20,70,82,06:30,51,12:20,2025-05-06 10:56:31.610005,2025-05-06 10:56:31.610005
137420,59,2024-08-23,24.6,0,20.9,04:50,28.4,13:23,36,4.2,12.5,18:20,61,80,04:50,48,13:50,2025-05-06 10:56:31.856003,2025-05-06 10:56:31.856003
137439,59,2024-08-24,26.5,0,22.2,,30.8,14:19,3,4.7,12.8,10:40,63,76,,44,14:20,2025-05-06 10:56:32.110256,2025-05-06 10:56:32.110256
137458,59,2024-08-25,25.9,0,22.6,05:15,29.2,13:12,3,5.3,10.8,11:50,68,82,07:10,53,13:10,2025-05-06 10:56:32.377360,2025-05-06 10:56:32.377360
137477,59,2024-08-26,25.9,0,22.5,04:14,29.3,13:56,3,5,9.7,02:20,60,81,,49,13:30,2025-05-06 10:56:32.634950,2025-05-06 10:56:32.634950
137496,59,2024-08-27,24.2,0,21.9,06:49,26.6,11:07,10,3.3,9.7,12:10,76,81,,61,11:00,2025-05-06 10:56:32.931484,2025-05-06 10:56:32.931484
137515,59,2024-08-28,25.4,0,22,03:22,28.7,12:43,10,3.6,13.1,15:30,67,78,03:30,52,11:40,2025-05-06 10:56:33.181154,2025-05-06 10:56:33.181154
137534,59,2024-08-29,24.6,0,20.4,05:58,28.7,12:43,8,4.7,12.2,14:30,67,76,05:50,53,11:50,2025-05-06 10:56:33.435889,2025-05-06 10:56:33.435889
137553,59,2024-08-30,24.2,0,22,06:14,26.4,11:04,5,5.8,13.3,12:40,67,79,06:20,55,10:50,2025-05-06 10:56:33.697505,2025-05-06 10:56:33.697505
137572,59,2024-08-31,24,0,20.8,06:35,27.1,15:52,10,4.7,12.8,13:50,67,81,06:50,51,11:10,2025-05-06 10:56:33.943819,2025-05-06 10:56:33.943819
137591,59,2024-09-01,23.9,0,21.3,02:41,26.5,11:56,9,5,12.5,13:20,68,74,04:40,54,11:50,2025-05-06 10:56:34.189820,2025-05-06 10:56:34.189820
137610,59,2024-09-02,25.2,0,22.4,06:06,28,14:36,4,5.3,10.8,22:30,65,73,,55,15:00,2025-05-06 10:56:34.459478,2025-05-06 10:56:34.459478
137629,59,2024-09-03,24.5,0,22.6,23:39,26.4,15:42,3,6.1,11.7,11:50,68,75,04:20,62,15:40,2025-05-06 10:56:34.716359,2025-05-06 10:56:34.716359
137648,59,2024-09-04,24.2,0,21.6,23:53,26.9,13:29,6,5.3,10.8,13:00,66,77,23:50,57,13:30,2025-05-06 10:56:34.962447,2025-05-06 10:56:34.962447
137667,59,2024-09-05,24.6,0,21.1,06:36,28.2,13:35,1,3.9,10.8,08:10,74,80,05:10,60,11:20,2025-05-06 10:56:35.224124,2025-05-06 10:56:35.224124
137686,59,2024-09-06,23.1,0,20.8,04:54,25.4,15:01,8,3.1,9.4,12:10,77,81,19:40,63,10:00,2025-05-06 10:56:35.488263,2025-05-06 10:56:35.488263
137705,59,2024-09-07,23.4,0,20.1,06:34,26.7,10:16,1,2.2,9.4,21:10,77,82,18:00,56,10:20,2025-05-06 10:56:35.780948,2025-05-06 10:56:35.780948
137724,59,2024-09-08,23.1,0,20,06:52,26.2,16:46,8,4.2,13.9,13:30,68,78,08:00,57,11:10,2025-05-06 10:56:36.041026,2025-05-06 10:56:36.041026
137743,59,2024-09-09,24.2,0,21.2,04:13,27.3,14:48,2,5.3,10.3,17:50,66,79,,55,,2025-05-06 10:56:36.297937,2025-05-06 10:56:36.297937
137762,59,2024-09-10,24.3,0,21.4,,27.2,14:41,6,5.6,11.4,13:10,68,80,,55,14:30,2025-05-06 10:56:36.533355,2025-05-06 10:56:36.533355
137781,59,2024-09-11,24.4,0,21.5,06:51,27.4,15:49,2,6.4,13.9,18:50,61,73,,52,14:30,2025-05-06 10:56:36.799838,2025-05-06 10:56:36.799838
137800,59,2024-09-12,24.6,0,21.2,04:56,27.9,13:30,2,7.2,16.7,08:20,64,79,23:59,53,13:00,2025-05-06 10:56:37.012947,2025-05-06 10:56:37.012947
137819,59,2024-09-13,24.8,0,21.1,06:15,28.5,14:26,9,5,11.1,12:20,70,82,06:50,51,10:10,2025-05-06 10:56:37.243473,2025-05-06 10:56:37.243473
137838,59,2024-09-14,24.2,0,20.9,04:49,27.4,15:06,9,2.8,10.3,12:30,72,82,05:00,62,18:10,2025-05-06 10:56:37.427631,2025-05-06 10:56:37.427631
137857,59,2024-09-15,22.5,0,20.4,07:16,24.6,10:13,10,2.5,8.3,10:50,78,82,,67,09:30,2025-05-06 10:56:37.610086,2025-05-06 10:56:37.610086
137876,59,2024-09-16,22.6,0,18.9,06:44,26.2,11:59,34,1.7,6.1,00:40,74,84,05:10,61,11:50,2025-05-06 10:56:37.871873,2025-05-06 10:56:37.871873
137895,59,2024-09-17,22.8,0,21,02:59,24.6,09:12,1,2.8,10.3,21:40,71,82,,62,09:10,2025-05-06 10:56:38.136867,2025-05-06 10:56:38.136867
137914,59,2024-09-18,22.1,0,18.8,07:10,25.4,11:14,10,2.8,7.8,12:50,76,81,05:30,65,21:10,2025-05-06 10:56:38.420566,2025-05-06 10:56:38.420566
137933,59,2024-09-19,21.6,0,17.9,06:45,25.2,10:16,28,2.2,5.8,19:50,76,82,,56,10:10,2025-05-06 10:56:38.664362,2025-05-06 10:56:38.664362
137952,59,2024-09-20,23.4,0,20.6,07:04,26.1,09:56,34,1.7,7.2,09:10,75,84,,58,09:40,2025-05-06 10:56:38.900314,2025-05-06 10:56:38.900314
137971,59,2024-09-21,22.1,0,18.3,06:34,25.9,17:38,7,3.3,10,11:50,72,81,02:40,62,08:40,2025-05-06 10:56:39.134707,2025-05-06 10:56:39.134707
137990,59,2024-09-22,24.8,0,21.4,03:17,28.1,14:08,10,4.2,10.6,14:30,65,82,03:30,48,,2025-05-06 10:56:39.388079,2025-05-06 10:56:39.388079
138009,59,2024-09-23,24.9,0,21.5,06:12,28.3,13:07,8,5,11.1,14:40,61,82,,47,12:50,2025-05-06 10:56:39.628448,2025-05-06 10:56:39.628448
138028,59,2024-09-24,23.5,0,20.9,,26.1,14:34,5,5,11.9,16:20,69,80,,56,14:40,2025-05-06 10:56:39.869044,2025-05-06 10:56:39.869044
138047,59,2024-09-25,24.4,0,21.1,02:11,27.7,13:58,7,4.4,14.7,16:30,72,79,23:30,52,14:00,2025-05-06 10:56:40.125055,2025-05-06 10:56:40.125055
138066,59,2024-09-26,23.8,0,19.1,06:55,28.5,16:06,10,4.4,12.5,14:40,76,87,,50,12:30,2025-05-06 10:56:40.425028,2025-05-06 10:56:40.425028
138085,59,2024-09-27,24.6,0,21.8,04:16,27.3,11:40,9,4.4,13.1,12:40,71,83,04:10,57,11:40,2025-05-06 10:56:40.700061,2025-05-06 10:56:40.700061
138104,59,2024-09-28,24.4,0,21.8,23:59,27.1,11:32,9,4.4,12.2,12:50,76,84,02:00,64,11:30,2025-05-06 10:56:40.952613,2025-05-06 10:56:40.952613
138123,59,2024-09-29,22.6,0,19.5,06:20,25.8,11:04,10,4.2,12.2,12:40,71,82,,57,10:20,2025-05-06 10:56:41.188086,2025-05-06 10:56:41.188086
138142,59,2024-09-30,22.6,0,18.3,06:52,26.9,11:31,10,3.6,10.3,12:30,72,84,,55,11:10,2025-05-06 10:56:41.427915,2025-05-06 10:56:41.427915
138161,59,2024-10-01,24.9,0,21.5,01:39,28.3,15:14,8,4.4,12.5,12:40,73,79,,60,15:10,2025-05-06 10:56:41.692501,2025-05-06 10:56:41.692501
138180,59,2024-10-02,24.8,0,21.8,06:48,27.7,15:09,5,4.7,11.4,10:30,75,84,06:50,62,15:10,2025-05-06 10:56:41.961622,2025-05-06 10:56:41.961622
138199,59,2024-10-03,26,0,22.4,,29.5,15:11,3,5.8,12.8,08:20,68,82,,50,15:00,2025-05-06 10:56:42.205958,2025-05-06 10:56:42.205958
138218,59,2024-10-04,24.7,0,21.8,06:41,27.6,13:24,99,5.3,11.9,12:40,74,84,,62,12:50,2025-05-06 10:56:42.470382,2025-05-06 10:56:42.470382
138237,59,2024-10-05,24.6,0,22.5,,26.7,15:16,10,2.5,8.9,13:10,78,85,19:40,70,09:40,2025-05-06 10:56:42.724197,2025-05-06 10:56:42.724197
138256,59,2024-10-06,23.4,0,21,06:26,25.9,10:39,36,1.9,7.2,04:00,80,85,18:40,72,,2025-05-06 10:56:43.012984,2025-05-06 10:56:43.012984
138275,59,2024-10-07,24.7,0,21.2,02:57,28.2,11:42,36,2.8,10.3,15:10,67,78,03:10,53,14:20,2025-05-06 10:56:43.260068,2025-05-06 10:56:43.260068
138294,59,2024-10-08,26,0,21.9,23:47,30,13:13,35,1.9,10,14:00,73,87,06:30,49,13:10,2025-05-06 10:56:43.492684,2025-05-06 10:56:43.492684
138313,59,2024-10-09,22,0,19,06:19,25.1,12:33,36,1.9,5,19:40,77,87,06:30,67,20:40,2025-05-06 10:56:43.728750,2025-05-06 10:56:43.728750
138332,59,2024-10-10,24.4,0,21.9,01:14,26.9,13:33,14,1.7,3.9,,79,88,06:40,70,14:10,2025-05-06 10:56:43.949254,2025-05-06 10:56:43.949254
138351,59,2024-10-11,24.9,0,22.8,02:04,27,13:18,34,2.2,8.6,18:30,75,87,,68,17:30,2025-05-06 10:56:44.158042,2025-05-06 10:56:44.158042
138370,59,2024-10-12,23.6,0,21.1,04:47,26.1,15:53,22,3.1,8.3,13:30,79,88,,70,17:50,2025-05-06 10:56:44.445736,2025-05-06 10:56:44.445736
138389,59,2024-10-13,25.3,0,21.9,06:21,28.7,13:03,36,2.5,13.1,15:00,64,82,,46,14:50,2025-05-06 10:56:44.660377,2025-05-06 10:56:44.660377
138408,59,2024-10-14,24.6,0,21.3,07:21,27.8,16:46,23,2.8,8.9,11:20,67,83,23:30,49,16:40,2025-05-06 10:56:44.914009,2025-05-06 10:56:44.914009
138427,59,2024-10-15,23.5,0,21.8,04:34,25.2,12:42,22,5.6,10.3,10:50,80,90,23:30,73,12:20,2025-05-06 10:56:45.102823,2025-05-06 10:56:45.102823
138446,59,2024-10-16,24.4,0,21.9,05:18,26.9,14:03,2,2.8,6.9,23:10,86,94,03:30,75,23:40,2025-05-06 10:56:45.377478,2025-05-06 10:56:45.377478
138465,59,2024-10-17,23.8,0,21.7,23:56,25.9,14:42,3,5.6,12.5,10:50,66,81,02:10,51,14:00,2025-05-06 10:56:45.651017,2025-05-06 10:56:45.651017
138484,59,2024-10-18,23.4,0,19.7,06:37,27.1,14:30,5,3.3,9.7,14:50,66,79,07:30,51,12:40,2025-05-06 10:56:45.911007,2025-05-06 10:56:45.911007
138503,59,2024-10-19,23.6,0,18.8,04:37,28.3,15:08,2,4.7,10.3,13:40,61,83,05:20,36,15:10,2025-05-06 10:56:46.165877,2025-05-06 10:56:46.165877
138522,59,2024-10-20,24.5,0,20.5,23:58,28.5,13:55,7,4.4,10.6,14:30,70,84,03:50,36,13:50,2025-05-06 10:56:46.392960,2025-05-06 10:56:46.392960
138541,59,2024-10-21,22.6,0,20,00:59,25.1,14:22,3,4.4,10,09:50,70,82,01:00,61,14:20,2025-05-06 10:56:46.597484,2025-05-06 10:56:46.597484
138560,59,2024-10-22,23.3,0,21.1,05:49,25.5,15:18,8,4.2,11.1,13:10,69,78,23:10,59,11:10,2025-05-06 10:56:46.849699,2025-05-06 10:56:46.849699
138579,59,2024-10-23,21.5,0,18.3,06:57,24.7,10:01,9,3.3,11.7,16:00,80,85,03:30,65,20:40,2025-05-06 10:56:47.096992,2025-05-06 10:56:47.096992
138598,59,2024-10-24,22.7,0,19.4,,26,11:37,12,3.1,9.7,13:20,76,86,06:30,67,11:40,2025-05-06 10:56:47.333566,2025-05-06 10:56:47.333566
138617,59,2024-10-25,22.2,0,19.3,07:13,25.1,12:07,7,3.6,11.7,14:00,73,86,06:50,58,11:40,2025-05-06 10:56:47.580307,2025-05-06 10:56:47.580307
138636,59,2024-10-26,21.9,0,19.6,00:41,24.2,14:01,3,5.6,14.7,10:20,62,82,03:40,45,17:00,2025-05-06 10:56:47.843789,2025-05-06 10:56:47.843789
138655,59,2024-10-27,22.1,0,19,07:11,25.2,14:08,35,5,13.6,13:00,62,76,21:50,45,15:40,2025-05-06 10:56:48.028234,2025-05-06 10:56:48.028234
138674,59,2024-10-28,21.9,0,18.6,05:24,25.2,14:31,3,3.9,12.8,12:40,62,81,05:30,49,14:30,2025-05-06 10:56:48.223036,2025-05-06 10:56:48.223036
138693,59,2024-10-29,20.1,0,17.1,23:58,23.1,10:39,7,2.2,7.2,11:10,73,78,06:40,63,,2025-05-06 10:56:48.531930,2025-05-06 10:56:48.531930
138712,59,2024-10-30,19,0,13.9,06:59,24,15:19,99,3.1,5,,70,81,07:10,59,16:30,2025-05-06 10:56:48.794140,2025-05-06 10:56:48.794140
138731,59,2024-10-31,18.8,0,14.1,04:51,23.4,15:28,10,2.5,5.3,12:00,70,77,,58,10:00,2025-05-06 10:56:49.063612,2025-05-06 10:56:49.063612
138750,59,2024-11-01,19.5,0,14.7,05:05,24.3,13:10,10,2.2,6.7,11:20,76,84,06:40,67,09:50,2025-05-06 10:56:49.349945,2025-05-06 10:56:49.349945
138769,59,2024-11-02,19,0,14.5,07:32,23.6,10:56,9,2.2,7.8,11:40,79,86,,69,10:10,2025-05-06 10:56:49.630474,2025-05-06 10:56:49.630474
138788,59,2024-11-03,19.8,0,15.5,07:33,24.2,13:57,20,2.5,6.1,14:50,80,86,,70,13:40,2025-05-06 10:56:49.899973,2025-05-06 10:56:49.899973
138807,59,2024-11-04,20.5,0,15.7,06:00,25.3,17:10,10,3.1,10.8,15:20,74,88,07:50,59,17:10,2025-05-06 10:56:50.151486,2025-05-06 10:56:50.151486
138826,59,2024-11-05,23.8,0,20.2,,27.5,11:52,2,4.2,9.7,09:20,63,85,,37,11:40,2025-05-06 10:56:50.431544,2025-05-06 10:56:50.431544
138845,59,2024-11-06,21.1,0,16.2,07:27,26,12:08,2,1.9,4.2,02:10,72,91,21:00,50,09:30,2025-05-06 10:56:50.682440,2025-05-06 10:56:50.682440
138864,59,2024-11-07,22.2,0,17.5,02:27,27,13:19,4,2.2,7.8,15:10,76,88,00:10,59,13:40,2025-05-06 10:56:50.936636,2025-05-06 10:56:50.936636
138883,59,2024-11-08,26.5,0,21.6,02:34,31.4,15:29,33,1.7,5.3,02:00,51,75,02:30,19,15:20,2025-05-06 10:56:51.205433,2025-05-06 10:56:51.205433
138902,59,2024-11-09,27.8,0,24.5,05:30,31.2,15:59,6,1.4,10.3,09:00,43,61,18:20,24,15:50,2025-05-06 10:56:51.463762,2025-05-06 10:56:51.463762
138921,59,2024-11-10,28,0,23.4,07:28,32.5,14:47,4,3.3,9.2,16:20,46,67,19:40,24,15:20,2025-05-06 10:56:51.718052,2025-05-06 10:56:51.718052
138940,59,2024-11-11,24,0,20.5,24:00,27.6,13:38,2,5.8,12.8,11:10,53,79,03:40,34,13:30,2025-05-06 10:56:51.964731,2025-05-06 10:56:51.964731
138959,59,2024-11-12,21.6,0,18.2,06:19,25.1,11:58,36,3.1,9.4,10:10,68,82,06:10,50,11:50,2025-05-06 10:56:52.188935,2025-05-06 10:56:52.188935
138978,59,2024-11-13,21,0,17.5,06:18,24.6,11:29,6,1.7,6.7,14:10,68,83,04:00,50,11:30,2025-05-06 10:56:52.437972,2025-05-06 10:56:52.437972
138997,59,2024-11-14,21.2,0,18.3,00:58,24,11:45,25,4.4,8.6,12:50,74,78,23:30,57,15:30,2025-05-06 10:56:52.714252,2025-05-06 10:56:52.714252
139016,59,2024-11-15,20,0.6,16.5,07:44,23.4,16:23,22,3.6,9.2,14:50,77,84,06:00,64,16:40,2025-05-06 10:56:53.030716,2025-05-06 10:56:53.030716
139035,59,2024-11-16,18.7,0,13.7,06:40,23.7,13:48,22,5.3,10.3,17:00,78,90,07:10,67,14:10,2025-05-06 10:56:53.323791,2025-05-06 10:56:53.323791
139054,59,2024-11-17,22.3,0,20.2,23:35,24.4,14:07,24,4.4,8.6,02:00,82,89,,72,13:40,2025-05-06 10:56:53.544851,2025-05-06 10:56:53.544851
139073,59,2024-11-18,21.4,0,17.7,06:31,25.2,12:26,23,2.2,5.8,16:00,80,92,06:50,66,13:10,2025-05-06 10:56:53.789434,2025-05-06 10:56:53.789434
139091,59,2024-11-19,22.4,0,18.6,00:03,26.2,13:56,8,2.8,8.6,12:10,70,89,04:20,45,22:50,2025-05-06 10:56:54.032680,2025-05-06 10:56:54.032680
139109,59,2024-11-20,24.8,0,22.1,07:53,27.6,18:19,4,2.5,13.3,23:59,51,71,08:00,37,18:10,2025-05-06 10:56:54.249049,2025-05-06 10:56:54.249049
139128,59,2024-11-21,26.8,0,22.6,22:29,31,13:42,6,2.5,15.8,00:10,52,67,12:50,26,17:00,2025-05-06 10:56:54.501682,2025-05-06 10:56:54.501682
139147,59,2024-11-22,24.6,0,20.9,02:00,28.3,15:40,6,2.8,11.7,09:40,51,56,04:30,33,14:50,2025-05-06 10:56:54.787321,2025-05-06 10:56:54.787321
139166,59,2024-11-23,23,0,19,05:34,26.9,11:56,4,2.5,6.4,08:00,68,93,23:30,43,09:40,2025-05-06 10:56:55.057848,2025-05-06 10:56:55.057848
139185,59,2024-11-24,22.4,0,20.5,23:02,24.3,15:42,23,4.2,8.6,16:10,85,93,,77,,2025-05-06 10:57:57.929251,2025-05-06 10:57:57.929251
139204,59,2024-11-25,21.1,0,17.4,07:13,24.8,12:41,10,1.7,9.4,14:40,83,88,06:50,71,,2025-05-06 10:57:58.194790,2025-05-06 10:57:58.194790
139223,59,2024-11-26,22,0,19.3,02:16,24.8,12:40,8,2.2,7.2,14:40,75,90,06:30,66,17:50,2025-05-06 10:57:58.399324,2025-05-06 10:57:58.399324
139242,59,2024-11-27,22,0,17.1,07:44,26.9,14:48,99,1.4,5.8,,51,79,01:50,35,17:10,2025-05-06 10:57:58.689479,2025-05-06 10:57:58.689479
139260,59,2024-11-28,23.6,0,19.9,22:38,27.3,16:54,18,1.1,5.8,10:10,47,65,10:40,22,17:00,2025-05-06 10:57:58.974040,2025-05-06 10:57:58.974040
139279,59,2024-11-29,23.4,0,20.3,00:30,26.6,16:20,6,3.1,10.3,11:20,43,54,07:20,27,16:20,2025-05-06 10:57:59.231745,2025-05-06 10:57:59.231745
139298,59,2024-11-30,23.8,0,21.5,23:48,26.1,13:24,2,1.1,5.6,02:50,42,58,11:00,26,17:50,2025-05-06 10:57:59.508342,2025-05-06 10:57:59.508342
139317,59,2024-12-01,22.6,0,18,23:47,27.3,10:40,7,1.1,5.3,00:10,47,68,14:20,28,23:20,2025-05-06 10:57:59.768760,2025-05-06 10:57:59.768760
139336,59,2024-12-02,21.4,0,16.6,03:24,26.2,16:53,1,3.6,9.2,23:10,43,65,07:50,23,19:30,2025-05-06 10:58:00.028256,2025-05-06 10:58:00.028256
139355,59,2024-12-03,22,0,19.9,07:13,24,14:52,5,5,10.3,13:20,72,82,,58,00:00,2025-05-06 10:58:00.308593,2025-05-06 10:58:00.308593
139374,59,2024-12-04,21.8,0,20.1,04:53,23.6,14:08,2,7.5,12.8,17:00,71,79,00:00,63,14:10,2025-05-06 10:58:00.570251,2025-05-06 10:58:00.570251
139393,59,2024-12-05,21.2,0,19.3,23:51,23,13:39,2,4.2,10,09:30,73,81,07:40,64,15:20,2025-05-06 10:58:00.855397,2025-05-06 10:58:00.855397
139412,59,2024-12-06,20.6,0,18.6,08:07,22.7,13:26,99,3.1,7.5,,72,83,22:50,62,14:50,2025-05-06 10:58:01.125222,2025-05-06 10:58:01.125222
139431,59,2024-12-07,21.4,0,18.6,08:03,24.1,12:45,6,4.2,10.3,11:20,67,84,03:20,47,12:00,2025-05-06 10:58:01.391345,2025-05-06 10:58:01.391345
139450,59,2024-12-08,20,0,16.3,06:46,23.8,13:52,7,4.2,10,14:30,72,89,,57,13:50,2025-05-06 10:58:01.635830,2025-05-06 10:58:01.635830
139469,59,2024-12-09,19.8,0,17.5,05:41,22.2,14:10,5,3.9,10,13:20,64,77,02:10,54,14:30,2025-05-06 10:58:01.857177,2025-05-06 10:58:01.857177
139488,59,2024-12-10,19.4,0,17.6,07:12,21.2,13:07,6,5,11.7,13:00,52,64,00:10,46,16:30,2025-05-06 10:58:02.117873,2025-05-06 10:58:02.117873
139507,59,2024-12-11,18.5,0,14.8,06:58,22.2,14:18,36,2.8,10.6,11:30,61,77,08:10,43,14:10,2025-05-06 10:58:02.360085,2025-05-06 10:58:02.360085
139526,59,2024-12-12,17.2,0,13.2,07:40,21.3,15:19,34,1.7,6.1,01:20,77,88,,62,16:10,2025-05-06 10:58:02.580148,2025-05-06 10:58:02.580148
139545,59,2024-12-13,16.6,0,11.7,07:12,21.4,14:35,4,3.3,11.4,23:59,73,87,,63,14:20,2025-05-06 10:58:02.835276,2025-05-06 10:58:02.835276
139564,59,2024-12-14,21.2,1.4,18.8,04:45,23.5,18:46,5,5.6,15,05:30,56,76,,32,17:30,2025-05-06 10:58:03.075233,2025-05-06 10:58:03.075233
139583,59,2024-12-15,20.8,0,17.9,05:22,23.7,23:50,4,4.7,13.9,17:30,48,76,04:30,32,19:50,2025-05-06 10:58:03.224508,2025-05-06 10:58:03.224508
139602,59,2024-12-16,23,0,21.8,10:33,24.1,22:36,99,2.8,10,,44,57,11:50,26,22:50,2025-05-06 10:58:03.395221,2025-05-06 10:58:03.395221
139621,59,2024-12-17,21.8,0,20.2,08:00,23.5,00:01,99,3.6,11.7,,46,57,02:50,31,00:20,2025-05-06 10:58:03.622682,2025-05-06 10:58:03.622682
139640,59,2024-12-18,19.6,0,18.1,,21,15:39,11,3.6,12.5,08:00,46,57,23:40,36,18:40,2025-05-06 10:58:03.858256,2025-05-06 10:58:03.858256
139659,59,2024-12-19,19.4,0,17.5,21:05,21.4,17:09,3,3.3,14.7,00:50,54,77,07:30,35,17:10,2025-05-06 10:58:04.064364,2025-05-06 10:58:04.064364
139678,59,2024-12-20,19.6,0,16.5,07:37,22.7,14:50,4,3.9,11.7,13:40,70,85,07:50,56,14:40,2025-05-06 10:58:04.221791,2025-05-06 10:58:04.221791
139697,59,2024-12-21,18.4,0,15.7,22:58,21.2,15:46,3,5.3,13.9,13:40,60,82,05:10,44,16:50,2025-05-06 10:58:04.439506,2025-05-06 10:58:04.439506
139716,59,2024-12-22,16.8,1.2,13.3,07:22,20.3,16:05,4,4.2,12.8,23:00,62,80,,47,15:20,2025-05-06 10:58:04.663714,2025-05-06 10:58:04.663714
139735,59,2024-12-23,20.2,0,19.1,04:08,21.2,15:20,3,7.2,16.7,02:50,56,74,05:30,38,15:10,2025-05-06 10:58:04.893063,2025-05-06 10:58:04.893063
139754,59,2024-12-24,22,0,19.3,12:09,24.7,23:24,4,5.8,14.7,08:40,45,69,01:00,23,20:10,2025-05-06 10:58:05.081673,2025-05-06 10:58:05.081673
139773,59,2024-12-25,20.1,0,15.6,23:33,24.6,00:01,7,2.8,12.5,01:10,53,69,20:30,24,00:00,2025-05-06 10:58:05.306297,2025-05-06 10:58:05.306297
139792,59,2024-12-26,17,0,12.2,07:58,21.9,10:54,19,2.2,6.1,14:00,82,89,,57,00:10,2025-05-06 10:58:05.550274,2025-05-06 10:58:05.550274
139811,59,2024-12-27,17.8,0,13.2,06:53,22.5,15:53,14,2.8,6.4,15:30,60,90,03:40,38,17:50,2025-05-06 10:58:05.795078,2025-05-06 10:58:05.795078
139830,59,2024-12-28,19.5,0,17,00:13,22,16:08,5,4.2,11.1,11:00,57,76,07:50,43,,2025-05-06 10:58:06.078784,2025-05-06 10:58:06.078784
139849,59,2024-12-29,18.3,0,15.4,22:48,21.2,13:23,99,1.9,8.1,08:40,56,80,06:20,38,19:00,2025-05-06 10:58:06.322875,2025-05-06 10:58:06.322875
139868,59,2024-12-30,17.3,0,14.4,22:50,20.2,15:02,3,1.7,10.3,05:10,56,74,04:10,43,19:40,2025-05-06 10:58:06.579854,2025-05-06 10:58:06.579854
139887,59,2024-12-31,16.6,0,12.7,06:55,20.5,12:24,10,2.5,8.6,11:10,76,84,08:00,60,01:40,2025-05-06 10:58:06.815822,2025-05-06 10:58:06.815822
139906,59,2025-01-01,16,0,11.1,08:04,21,11:13,1,2.2,4.4,08:30,76,84,07:50,64,11:00,2025-05-06 10:58:07.076438,2025-05-06 10:58:07.076438
139925,59,2025-01-02,15.8,0,11.4,08:15,20.3,14:05,10,3.1,7.8,13:20,71,83,,60,13:40,2025-05-06 10:58:07.351679,2025-05-06 10:58:07.351679
139944,59,2025-01-03,17.6,0,13.5,05:25,21.6,15:29,18,2.5,8.6,,60,86,06:30,43,15:40,2025-05-06 10:58:07.581480,2025-05-06 10:58:07.581480
139963,59,2025-01-04,16.6,0,12.4,23:56,20.7,15:14,3,4.4,11.1,01:30,55,69,02:30,53,,2025-05-06 10:58:07.819104,2025-05-06 10:58:07.819104
139982,59,2025-01-05,15.6,0,9.2,08:08,22.1,12:33,1,2.8,5.3,06:10,56,68,,39,10:30,2025-05-06 10:58:08.048272,2025-05-06 10:58:08.048272
140001,59,2025-01-06,19,1.8,14.9,05:33,23,12:07,99,2.8,6.1,06:30,75,89,23:50,63,01:00,2025-05-06 10:58:08.282722,2025-05-06 10:58:08.282722
140020,59,2025-01-07,17.2,0,14.2,07:44,20.3,,10,3.1,9.7,16:30,80,92,,71,19:00,2025-05-06 10:58:08.542619,2025-05-06 10:58:08.542619
140039,59,2025-01-08,15.6,0,11.1,07:58,20.2,13:43,11,3.1,8.3,17:10,80,92,07:30,66,20:10,2025-05-06 10:58:08.777042,2025-05-06 10:58:08.777042
140058,59,2025-01-09,18,0,13.9,01:18,22.2,11:49,10,2.8,8.6,13:50,72,92,,37,18:30,2025-05-06 10:58:09.012310,2025-05-06 10:58:09.012310
140077,59,2025-01-10,18.8,0,15.2,03:22,22.5,17:09,6,3.1,8.6,12:50,61,89,,32,17:10,2025-05-06 10:58:09.301767,2025-05-06 10:58:09.301767
140096,59,2025-01-11,19.8,0,15.3,01:23,24.3,16:27,1,3.9,8.9,23:40,58,88,03:00,31,16:40,2025-05-06 10:58:09.532841,2025-05-06 10:58:09.532841
140115,59,2025-01-12,19.9,0,17.1,07:22,22.7,13:57,3,4.4,10.6,21:40,72,86,,58,14:00,2025-05-06 10:58:09.766659,2025-05-06 10:58:09.766659
140134,59,2025-01-13,20.8,0,18.3,23:57,23.4,13:45,4,4.4,11.9,19:50,62,75,02:30,49,13:00,2025-05-06 10:58:10.045257,2025-05-06 10:58:10.045257
140153,59,2025-01-14,19,0,17.1,23:45,21,13:43,4,5.8,11.4,10:40,67,74,07:30,60,13:10,2025-05-06 10:58:10.327637,2025-05-06 10:58:10.327637
140172,59,2025-01-15,18.9,0,16.8,01:11,21,16:22,4,3.1,11.4,08:40,54,76,,36,15:30,2025-05-06 10:58:10.583130,2025-05-06 10:58:10.583130
140191,59,2025-01-16,16.4,0,12.1,07:54,20.7,10:18,4,2.2,12.2,02:10,53,67,07:30,44,06:00,2025-05-06 10:58:10.868882,2025-05-06 10:58:10.868882
140210,59,2025-01-17,16.4,0,12.2,04:57,20.7,14:13,35,2.8,8.3,16:30,59,76,,48,13:40,2025-05-06 10:58:11.130373,2025-05-06 10:58:11.130373
140229,59,2025-01-18,19.8,0,17.4,05:11,22.3,14:36,36,2.8,10.3,15:10,52,63,22:20,42,14:40,2025-05-06 10:58:11.425578,2025-05-06 10:58:11.425578
140248,59,2025-01-19,17.9,0,14.8,23:25,21,11:25,11,2.2,7.8,13:50,64,70,,55,11:30,2025-05-06 10:58:11.695085,2025-05-06 10:58:11.695085
140267,59,2025-01-20,16.2,0,11.5,08:02,21,13:50,24,2.8,7.2,23:50,74,83,,63,,2025-05-06 10:58:11.934756,2025-05-06 10:58:11.934756
140286,59,2025-01-21,19.8,0,18.6,01:36,21.1,13:42,22,6.9,10.3,13:40,75,87,,70,14:10,2025-05-06 10:58:12.215883,2025-05-06 10:58:12.215883
140305,59,2025-01-22,18.9,26.6,16.2,23:50,21.6,14:11,25,4.4,13.1,15:20,82,89,17:10,75,12:40,2025-05-06 10:58:12.485145,2025-05-06 10:58:12.485145
140324,59,2025-01-23,16.8,0.6,13.3,,20.2,13:02,3,2.8,7.8,10:30,78,92,05:40,67,13:00,2025-05-06 10:58:12.692374,2025-05-06 10:58:12.692374
140342,59,2025-01-24,17.9,0,14,07:44,21.8,12:36,99,3.1,7.5,13:30,73,90,,58,17:20,2025-05-06 10:58:12.902186,2025-05-06 10:58:12.902186
140361,59,2025-01-25,17.2,0,13.2,06:41,21.3,13:08,8,3.1,10.8,14:30,77,93,,61,11:50,2025-05-06 10:58:13.174380,2025-05-06 10:58:13.174380
140380,59,2025-01-26,17.3,0,12.3,07:33,22.3,17:25,8,3.3,11.1,13:00,77,89,07:40,63,17:10,2025-05-06 10:58:13.430921,2025-05-06 10:58:13.430921
140399,59,2025-01-27,19.2,0,15.1,,23.3,17:50,13,2.2,8.6,13:40,75,92,06:00,47,17:50,2025-05-06 10:58:13.676848,2025-05-06 10:58:13.676848
140418,59,2025-01-28,19.8,0,17.4,23:30,22.1,13:50,4,5.8,12.2,11:50,75,86,,66,14:10,2025-05-06 10:58:13.854840,2025-05-06 10:58:13.854840
140437,59,2025-01-29,19.6,0,16,07:21,23.3,13:33,36,5,14.7,18:00,65,79,07:30,51,13:30,2025-05-06 10:58:14.053647,2025-05-06 10:58:14.053647
140456,59,2025-01-30,18,0,15.8,00:41,20.2,16:03,5,6.7,15.3,12:20,60,82,08:00,48,15:10,2025-05-06 10:58:14.304489,2025-05-06 10:58:14.304489
140475,59,2025-01-31,18.8,0,16.9,04:06,20.8,14:28,4,7.2,16.1,13:10,56,66,23:59,49,12:30,2025-05-06 10:58:14.607704,2025-05-06 10:58:14.607704
140494,59,2025-02-01,18.2,0,15.7,23:20,20.6,13:58,2,5.8,14.4,05:20,60,70,23:30,51,13:50,2025-05-06 10:58:14.923431,2025-05-06 10:58:14.923431
140513,59,2025-02-02,17.9,0,13.8,07:23,22,15:41,2,4.2,11.1,13:50,65,82,07:30,54,14:10,2025-05-06 10:58:15.151623,2025-05-06 10:58:15.151623
140532,59,2025-02-03,18.8,0,15.9,05:10,21.6,12:56,7,4.7,12.8,14:50,66,80,00:50,51,12:40,2025-05-06 10:58:15.406665,2025-05-06 10:58:15.406665
140551,59,2025-02-04,18.9,0,16.9,04:11,20.9,13:31,8,5,12.2,14:50,60,66,,49,13:30,2025-05-06 10:58:15.691399,2025-05-06 10:58:15.691399
140569,59,2025-02-05,18.3,0,15.9,,20.7,15:37,7,4.7,12.2,14:10,63,78,23:40,54,13:10,2025-05-06 10:58:15.954420,2025-05-06 10:58:15.954420
140587,59,2025-02-06,19.4,0,16.8,05:55,21.9,15:32,5,3.6,11.1,11:20,69,82,06:30,47,15:50,2025-05-06 10:58:16.174833,2025-05-06 10:58:16.174833
140605,59,2025-02-07,17.6,0,13.8,07:46,21.3,12:02,6,3.3,10.6,15:20,75,90,,45,11:50,2025-05-06 10:58:16.382110,2025-05-06 10:58:16.382110
140623,59,2025-02-08,15.7,0,12.5,07:49,18.9,15:08,6,3.9,8.9,10:20,78,88,,70,11:20,2025-05-06 10:58:16.652666,2025-05-06 10:58:16.652666
140641,59,2025-02-09,15.7,0,11.1,07:51,20.3,13:36,8,2.2,6.1,11:00,74,85,,61,23:00,2025-05-06 10:58:16.885063,2025-05-06 10:58:16.885063
140659,59,2025-02-10,15.9,0,11.2,07:07,20.6,14:29,10,3.1,8.9,15:10,72,83,06:40,46,15:10,2025-05-06 10:58:17.138282,2025-05-06 10:58:17.138282
140677,59,2025-02-11,16.8,0,11,06:07,22.5,17:32,9,4.2,9.7,12:30,63,80,23:59,36,17:30,2025-05-06 10:58:17.358875,2025-05-06 10:58:17.358875
140696,59,2025-02-12,19.4,0,16.8,07:23,22.1,12:14,36,4.7,10.8,21:00,62,82,,38,12:40,2025-05-06 10:58:17.588698,2025-05-06 10:58:17.588698
140715,59,2025-02-13,19,0,16.6,07:12,21.5,12:43,10,3.1,10.6,15:40,67,80,,59,12:40,2025-05-06 10:58:17.850063,2025-05-06 10:58:17.850063
140734,59,2025-02-14,16.9,0,13.2,07:32,20.6,17:35,8,3.3,10,13:30,76,88,,59,,2025-05-06 10:58:18.043378,2025-05-06 10:58:18.043378
140753,59,2025-02-15,19.5,0,13.1,01:39,25.9,13:29,34,3.1,16.7,17:30,72,86,,20,13:30,2025-05-06 10:58:18.279890,2025-05-06 10:58:18.279890
140772,59,2025-02-16,17.7,0,13.8,06:54,21.6,13:23,5,3.9,11.4,11:30,56,71,03:50,39,13:10,2025-05-06 10:58:18.564253,2025-05-06 10:58:18.564253
140791,59,2025-02-17,16.8,0,12.6,06:33,20.9,12:45,26,2.2,6.9,20:20,67,79,07:50,59,11:00,2025-05-06 10:58:18.850970,2025-05-06 10:58:18.850970
140810,59,2025-02-18,20.4,0,16.8,04:59,24,12:48,36,4.4,13.1,14:10,61,81,07:00,45,13:40,2025-05-06 10:58:19.102031,2025-05-06 10:58:19.102031
140829,59,2025-02-19,18.1,0,14.5,07:33,21.7,11:52,7,3.1,12.5,13:40,66,78,07:40,48,,2025-05-06 10:58:19.393659,2025-05-06 10:58:19.393659
140848,59,2025-02-20,17.9,0,15.5,02:58,20.3,16:13,6,3.6,12.2,14:10,68,80,23:59,62,09:50,2025-05-06 10:58:19.647303,2025-05-06 10:58:19.647303
140867,59,2025-02-21,17.6,0,13.8,06:11,21.5,11:53,9,3.1,10.3,16:00,77,90,06:30,68,13:50,2025-05-06 10:58:19.924123,2025-05-06 10:58:19.924123
140886,59,2025-02-22,19,0,15.5,06:08,22.4,15:12,8,3.3,10.8,13:40,76,88,02:50,59,18:20,2025-05-06 10:58:20.191931,2025-05-06 10:58:20.191931
140905,59,2025-02-23,19.4,0,17.3,07:16,21.5,12:48,5,5,11.1,17:20,68,88,07:20,56,16:10,2025-05-06 10:58:20.442655,2025-05-06 10:58:20.442655
140924,59,2025-02-24,20.1,0,16,05:35,24.2,16:25,4,4.2,11.4,11:40,60,78,22:40,42,15:00,2025-05-06 10:58:20.702153,2025-05-06 10:58:20.702153
140943,59,2025-02-25,20.2,0,17.2,07:24,23.1,12:50,8,3.3,10.8,15:30,64,83,05:50,43,12:50,2025-05-06 10:58:20.900448,2025-05-06 10:58:20.900448
140962,59,2025-02-26,19.3,0,16.2,05:30,22.4,12:28,9,3.6,14.4,15:20,69,79,05:20,53,12:20,2025-05-06 10:58:21.157901,2025-05-06 10:58:21.157901
140981,59,2025-02-27,19,0,16.8,23:58,21.2,15:48,6,4.2,11.7,12:30,74,77,19:10,63,10:00,2025-05-06 10:58:21.413333,2025-05-06 10:58:21.413333
141000,59,2025-02-28,19,0,15.7,02:26,22.4,13:20,36,4.4,16.4,19:10,64,87,06:30,44,13:50,2025-05-06 10:58:21.700725,2025-05-06 10:58:21.700725
141019,59,2025-03-01,17.2,0,14.2,07:15,20.3,11:29,1,2.5,7.5,01:00,72,78,07:20,51,11:30,2025-05-06 10:58:21.944447,2025-05-06 10:58:21.944447
141038,59,2025-03-02,16.2,0,11.5,07:18,20.9,12:30,19,3.3,6.1,14:00,73,84,07:30,63,12:30,2025-05-06 10:58:22.216884,2025-05-06 10:58:22.216884
141057,59,2025-03-03,17.3,0,11.9,06:46,22.7,16:58,23,3.1,8.9,16:10,69,86,07:30,50,17:00,2025-05-06 10:58:22.465336,2025-05-06 10:58:22.465336
141076,59,2025-03-04,16.4,1.4,12.2,07:02,20.5,15:18,34,3.9,9.7,16:00,78,86,07:30,58,17:10,2025-05-06 10:58:22.746671,2025-05-06 10:58:22.746671
141095,59,2025-03-05,17.6,0.2,12.5,07:20,22.6,15:30,29,2.5,8.1,14:20,62,86,,43,15:30,2025-05-06 10:58:23.005333,2025-05-06 10:58:23.005333
141114,59,2025-03-06,19.2,0,14.9,07:30,23.4,13:32,26,2.2,10.3,13:40,61,77,,43,15:20,2025-05-06 10:58:23.256840,2025-05-06 10:58:23.256840
141133,59,2025-03-07,16.9,1.4,12.5,06:34,21.3,12:50,24,5,9.7,16:40,76,87,06:40,65,12:30,2025-05-06 10:58:23.493952,2025-05-06 10:58:23.493952
141152,59,2025-03-08,19.6,0,16.8,24:00,22.3,11:19,35,3.9,13.6,17:50,73,91,04:20,60,11:20,2025-05-06 10:58:23.720019,2025-05-06 10:58:23.720019
141171,59,2025-03-09,19.2,0,15.9,03:52,22.6,14:34,36,3.6,12.5,09:40,58,75,01:50,47,11:30,2025-05-06 10:58:23.954524,2025-05-06 10:58:23.954524
141190,59,2025-03-10,20.7,0,17,06:28,24.4,15:44,26,3.1,13.1,11:40,59,77,06:30,42,15:40,2025-05-06 10:58:24.210529,2025-05-06 10:58:24.210529
141209,59,2025-03-11,19.2,0,14.1,06:50,24.2,12:17,27,2.5,10,14:10,63,84,05:30,40,12:10,2025-05-06 10:58:24.646446,2025-05-06 10:58:24.646446
141228,59,2025-03-12,18.8,0,15.7,07:33,21.8,11:15,28,3.9,10.6,21:30,79,85,09:00,68,11:10,2025-05-06 10:58:24.929094,2025-05-06 10:58:24.929094
141247,59,2025-03-13,20.7,0.4,17.4,23:33,24,13:21,29,3.1,15,02:00,59,79,00:20,39,14:50,2025-05-06 10:58:25.228121,2025-05-06 10:58:25.228121
141266,59,2025-03-14,19.3,0,16.1,23:46,22.5,15:21,36,4.7,15,01:00,52,77,01:10,40,14:40,2025-05-06 10:58:25.539825,2025-05-06 10:58:25.539825
141285,59,2025-03-15,17,0,12.7,06:14,21.4,16:01,99,2.2,4.4,10:30,68,78,,58,16:00,2025-05-06 10:58:25.765720,2025-05-06 10:58:25.765720
141304,59,2025-03-16,17.2,0,12.7,07:15,21.6,18:06,35,3.1,9.2,18:20,71,84,07:20,56,18:10,2025-05-06 10:58:26.010544,2025-05-06 10:58:26.010544
141323,59,2025-03-17,20.6,0,17.8,00:52,23.4,12:57,34,6.1,17.2,09:50,58,83,01:50,39,14:20,2025-05-06 10:58:26.264560,2025-05-06 10:58:26.264560
141342,59,2025-03-18,19.1,0,16.1,05:09,22.1,10:41,2,2.2,8.1,17:40,62,75,,42,11:00,2025-05-06 10:58:26.534717,2025-05-06 10:58:26.534717
141361,59,2025-03-19,16.9,0,12.7,06:28,21.1,13:49,24,5.8,13.6,16:50,73,83,,61,15:10,2025-05-06 10:58:26.812259,2025-05-06 10:58:26.812259
141380,59,2025-03-20,21.6,0,18,23:57,25.2,11:39,34,5.8,12.5,16:40,71,88,,52,11:40,2025-05-06 10:58:27.092436,2025-05-06 10:58:27.092436
141399,59,2025-03-21,18.4,0,13.8,06:22,23,13:38,8,3.3,10.6,14:00,56,77,,40,16:30,2025-05-06 10:58:27.314559,2025-05-06 10:58:27.314559
141418,59,2025-03-22,19,0,15.5,04:22,22.5,15:07,36,5,13.6,17:20,63,83,06:20,45,15:40,2025-05-06 10:58:27.602348,2025-05-06 10:58:27.602348
141437,59,2025-03-23,19,0,16.7,01:22,21.4,13:10,36,5.6,14.2,17:40,51,69,,43,12:20,2025-05-06 10:58:27.885937,2025-05-06 10:58:27.885937
141456,59,2025-03-24,19.6,0,17.3,02:51,21.9,13:12,36,6.7,13.9,17:00,53,71,23:59,46,13:10,2025-05-06 10:58:28.141558,2025-05-06 10:58:28.141558
141475,59,2025-03-25,19.4,0,16.3,06:08,22.6,14:03,6,5.3,13.1,14:30,58,81,05:00,40,14:00,2025-05-06 10:58:28.405368,2025-05-06 10:58:28.405368
141494,59,2025-03-26,19.2,0,16.3,06:51,22.1,13:09,7,5.3,12.5,14:40,56,66,,46,13:30,2025-05-06 10:58:28.670461,2025-05-06 10:58:28.670461
141513,59,2025-03-27,20,0,16.5,06:42,23.4,16:11,5,3.9,11.4,11:30,65,78,23:40,54,16:10,2025-05-06 10:58:28.923563,2025-05-06 10:58:28.923563
141532,59,2025-03-28,18.6,0,15,06:22,22.1,14:08,9,2.2,7.5,11:20,76,86,22:20,59,09:30,2025-05-06 10:58:29.191733,2025-05-06 10:58:29.191733
141551,59,2025-03-29,20.4,0,17.3,02:35,23.5,11:08,32,4.7,9.7,05:00,72,83,19:40,57,03:20,2025-05-06 10:58:29.445302,2025-05-06 10:58:29.445302
141570,59,2025-03-30,18.2,0,14.6,06:28,21.9,12:26,22,3.9,10,15:00,80,88,07:10,72,,2025-05-06 10:58:29.699322,2025-05-06 10:58:29.699322
141588,59,2025-03-31,20.2,0,18.6,,21.9,15:29,23,5.3,8.9,02:20,82,85,,72,20:50,2025-05-06 10:58:29.964584,2025-05-06 10:58:29.964584
141602,59,2025-04-01,,,,,,,0,4.4,,,59,,,,,2025-05-06 10:58:30.121917,2025-05-06 10:58:30.121917
141622,59,2025-04-02,19,0.6,15.9,07:32,22.1,12:19,28,4.2,13.9,10:10,66,87,07:30,48,12:10,2025-05-06 10:58:30.383515,2025-05-06 10:58:30.383515
141641,59,2025-04-03,18.2,0.2,15.5,03:34,20.9,14:36,23,10,20,12:50,79,88,03:40,64,00:10,2025-05-06 10:58:30.646383,2025-05-06 10:58:30.646383
141659,59,2025-04-04,20.2,0,16.8,03:23,23.5,17:32,33,3.1,9.2,19:00,70,84,05:20,55,,2025-05-06 10:58:30.919219,2025-05-06 10:58:30.919219
141678,59,2025-04-05,18.7,0,14.6,06:44,22.8,14:32,24,3.9,7.5,18:40,76,84,02:20,60,,2025-05-06 10:58:31.122459,2025-05-06 10:58:31.122459
141697,59,2025-04-06,18.1,0,13.4,06:42,22.8,14:44,2,2.5,4.2,05:20,75,83,04:30,68,,2025-05-06 10:58:31.383948,2025-05-06 10:58:31.383948
141715,59,2025-04-07,19.4,0,15.7,07:04,23,13:38,6,2.5,7.2,19:50,79,89,07:00,70,,2025-05-06 10:58:31.617488,2025-05-06 10:58:31.617488
141736,59,2025-04-08,19.8,3.2,15.8,06:40,23.7,18:46,6,3.3,10,01:20,77,89,06:30,56,21:50,2025-05-06 10:58:31.895639,2025-05-06 10:58:31.895639
141754,59,2025-04-09,21.4,1,17.9,06:52,24.8,13:01,20,3.1,10.3,23:59,72,93,07:20,50,13:00,2025-05-06 10:58:32.150719,2025-05-06 10:58:32.150719
141775,59,2025-04-10,20,0,17.9,04:30,22.2,15:27,20,7.2,15.3,04:10,81,93,05:00,72,13:20,2025-05-06 10:58:32.431324,2025-05-06 10:58:32.431324
141793,59,2025-04-11,20.8,0,18.5,,23.2,14:48,22,3.6,10.6,02:30,76,89,01:50,64,15:50,2025-05-06 10:58:32.677567,2025-05-06 10:58:32.677567
141812,59,2025-04-12,21.8,0,18.4,,25.2,16:22,36,3.1,10.8,17:10,65,87,02:40,48,16:10,2025-05-06 10:58:32.955400,2025-05-06 10:58:32.955400
141830,59,2025-04-13,22,0,18.6,04:46,25.4,15:14,36,3.9,12.8,16:20,61,79,04:50,47,13:50,2025-05-06 10:58:33.230809,2025-05-06 10:58:33.230809
141853,59,2025-04-14,21.6,0,17.5,04:33,25.6,13:54,36,3.3,11.9,17:20,57,82,,38,13:50,2025-05-06 10:58:33.549033,2025-05-06 10:58:33.549033
141869,59,2025-04-15,20.8,0,17.2,,24.4,13:34,35,4.7,11.7,19:20,60,75,,47,16:40,2025-05-06 10:58:33.749689,2025-05-06 10:58:33.749689
141888,59,2025-04-16,19.1,0,15.6,05:15,22.6,15:32,5,6.1,15,14:30,60,72,04:30,49,13:10,2025-05-06 10:58:33.990240,2025-05-06 10:58:33.990240
141905,59,2025-04-17,20.6,0,17.5,,23.8,15:16,4,5.8,13.3,12:20,62,77,23:59,55,15:10,2025-05-06 10:58:34.189190,2025-05-06 10:58:34.189190
141927,59,2025-04-18,21.4,0,18.1,03:35,24.6,13:43,99,4.4,10.8,,62,79,,51,11:40,2025-05-06 10:58:34.483166,2025-05-06 10:58:34.483166
141944,59,2025-04-19,20.5,0,17.8,04:20,23.2,11:32,4,5,12.8,15:30,63,75,04:40,47,11:30,2025-05-06 10:58:34.728180,2025-05-06 10:58:34.728180
141962,59,2025-04-20,19.7,0,17,23:59,22.4,13:25,5,5.8,12.5,09:30,55,65,00:00,43,17:10,2025-05-06 10:58:34.958350,2025-05-06 10:58:34.958350
141983,59,2025-04-21,19.8,0,16,02:33,23.6,14:01,3,4.2,12.8,09:40,53,69,03:00,44,12:50,2025-05-06 10:58:35.256875,2025-05-06 10:58:35.256875
142002,59,2025-04-22,21.2,0,18.1,06:25,24.2,13:31,6,4.7,12.5,16:00,63,73,23:59,46,11:20,2025-05-06 10:58:35.452658,2025-05-06 10:58:35.452658
142021,59,2025-04-23,21.9,0,18.2,,25.6,15:23,8,4.4,11.7,12:30,67,75,04:40,50,15:20,2025-05-06 10:58:35.653804,2025-05-06 10:58:35.653804
142041,59,2025-04-24,20,0,15.3,06:19,24.8,15:32,4,1.9,8.9,11:30,63,83,05:50,50,12:10,2025-05-06 10:58:35.954205,2025-05-06 10:58:35.954205
142057,59,2025-04-25,20.2,0,16.5,05:19,24,11:31,3,5.6,12.5,18:00,67,81,05:00,49,11:30,2025-05-06 10:58:36.224937,2025-05-06 10:58:36.224937
142077,59,2025-04-26,20.8,0,18.4,05:57,23.1,13:55,5,6.9,14.2,15:40,64,74,,57,,2025-05-06 10:58:36.496413,2025-05-06 10:58:36.496413
142096,59,2025-04-27,20.9,0,18.1,23:48,23.7,13:45,99,2.8,11.9,,71,77,17:50,61,18:20,2025-05-06 10:58:36.734179,2025-05-06 10:58:36.734179
142115,59,2025-04-28,20.6,0,16,05:52,25.3,12:34,35,5.3,11.9,18:30,68,79,06:00,45,12:00,2025-05-06 10:58:36.992072,2025-05-06 10:58:36.992072
142139,59,2025-04-29,20.2,0,16.1,06:39,24.2,12:24,35,4.7,13.6,16:00,60,72,06:30,46,15:20,2025-05-06 10:58:37.366112,2025-05-06 10:58:37.366112
142163,59,2025-04-30,19.2,0,15.3,06:46,23.1,11:43,34,2.5,8.3,10:20,60,68,06:30,36,11:30,2025-05-06 10:58:37.677055,2025-05-06 10:58:37.677055
