id,station_id,date,avg_temp,precipitation,min_temp,min_temp_time,max_temp,max_temp_time,wind_direction,avg_wind_speed,wind_gust,wind_gust_time,avg_humidity,max_humidity,max_humidity_time,min_humidity,min_humidity_time,created_at,updated_at
142172,133,2023-11-30,19.2,1.6,14.9,05:00,23.4,14:06,15,1.7,7.8,20:40,67,94,07:40,40,11:00,2025-05-06 14:19:28.129850,2025-05-06 14:19:28.129850
142190,133,2023-12-01,19.9,4.4,17.2,08:36,22.6,12:06,29,1.7,8.9,14:40,82,95,,71,,2025-05-06 14:19:28.177750,2025-05-06 14:19:28.177750
142208,133,2023-12-02,18.2,8.8,16.7,,19.6,11:25,7,2.2,7.2,12:00,93,98,,89,02:50,2025-05-06 14:19:28.213150,2025-05-06 14:19:28.213150
142226,133,2023-12-03,17.4,0,14.4,23:57,20.3,14:27,6,1.4,6.1,00:10,78,91,,63,14:30,2025-05-06 14:19:28.247323,2025-05-06 14:19:28.247323
142244,133,2023-12-04,16.9,0,14.2,00:44,19.6,12:48,10,1.9,6.1,13:00,74,85,,67,11:50,2025-05-06 14:19:28.282977,2025-05-06 14:19:28.282977
142262,133,2023-12-05,17.9,0,14.4,02:51,21.4,14:27,30,0.8,4.4,15:30,72,86,,64,14:20,2025-05-06 14:19:28.317668,2025-05-06 14:19:28.317668
142280,133,2023-12-06,19.2,0.4,17.4,23:51,21,11:55,36,1.4,5,12:10,94,98,06:20,83,,2025-05-06 14:19:28.352447,2025-05-06 14:19:28.352447
142298,133,2023-12-07,18.4,0,16.1,07:47,20.7,15:05,36,1.9,6.4,18:20,80,95,03:50,67,14:40,2025-05-06 14:19:28.388618,2025-05-06 14:19:28.388618
142316,133,2023-12-08,18.1,0,15.4,06:00,20.8,11:51,7,2.2,5.8,13:00,81,88,20:40,57,22:40,2025-05-06 14:19:28.425447,2025-05-06 14:19:28.425447
142334,133,2023-12-09,19.6,0,15.2,03:22,24,12:00,33,1.7,5,16:10,78,92,,53,11:40,2025-05-06 14:19:28.461828,2025-05-06 14:19:28.461828
142352,133,2023-12-10,19.4,0,15.3,03:53,23.6,13:09,12,1.9,6.4,14:50,86,97,06:40,40,23:59,2025-05-06 14:19:28.497426,2025-05-06 14:19:28.497426
142370,133,2023-12-11,20.8,0,16.8,22:10,24.9,13:18,16,2.8,9.7,11:10,32,56,20:10,28,17:00,2025-05-06 14:19:28.534741,2025-05-06 14:19:28.534741
142388,133,2023-12-12,19.2,0,16.2,23:08,22.2,12:37,99,2.5,7.2,,56,79,21:00,29,00:00,2025-05-06 14:19:28.572184,2025-05-06 14:19:28.572184
142406,133,2023-12-13,19.8,0,16.1,01:00,23.6,13:18,13,2.2,5,14:20,47,71,21:50,33,01:30,2025-05-06 14:19:28.605661,2025-05-06 14:19:28.605661
142424,133,2023-12-14,18.2,0.2,15.7,05:03,20.8,11:58,4,2.5,7.2,16:50,81,87,06:40,55,00:20,2025-05-06 14:19:28.646691,2025-05-06 14:19:28.646691
142442,133,2023-12-15,17.8,0,14.9,22:09,20.7,13:18,4,0.8,4.2,11:20,72,92,23:10,62,12:20,2025-05-06 14:19:28.684666,2025-05-06 14:19:28.684666
142460,133,2023-12-16,17.8,0,14,03:34,21.5,11:41,14,3.3,11.9,12:50,50,89,00:00,36,15:20,2025-05-06 14:19:28.720688,2025-05-06 14:19:28.720688
142478,133,2023-12-17,16.3,0,13.8,22:31,18.8,12:38,11,3.9,11.7,12:00,47,59,23:50,40,01:30,2025-05-06 14:19:28.756409,2025-05-06 14:19:28.756409
142496,133,2023-12-18,16.2,0,13.1,,19.3,14:11,11,2.8,9.4,,54,68,,41,,2025-05-06 14:19:28.791039,2025-05-06 14:19:28.791039
142514,133,2023-12-19,16.6,0,13.1,00:01,20,12:41,99,1.9,6.1,23:50,63,71,,50,,2025-05-06 14:19:28.827533,2025-05-06 14:19:28.827533
142532,133,2023-12-20,17.4,0,15.2,06:29,19.6,11:09,5,1.9,7.5,14:40,69,81,09:10,61,20:00,2025-05-06 14:19:28.861453,2025-05-06 14:19:28.861453
142550,133,2023-12-21,17.4,1.2,16,05:38,18.8,14:40,36,2.8,9.7,13:00,69,96,09:10,57,03:20,2025-05-06 14:19:28.896331,2025-05-06 14:19:28.896331
142568,133,2023-12-22,15.8,0.6,12.9,23:53,18.8,12:04,34,1.7,8.6,15:10,78,88,21:00,64,11:50,2025-05-06 14:19:28.931827,2025-05-06 14:19:28.931827
142586,133,2023-12-23,15.3,1.6,12.3,02:22,18.3,14:44,7,1.7,8.3,10:20,71,88,04:10,50,23:59,2025-05-06 14:19:28.968268,2025-05-06 14:19:28.968268
142604,133,2023-12-24,16.5,0,11.9,04:22,21.1,13:52,8,2.8,7.8,14:40,55,66,18:10,35,15:20,2025-05-06 14:19:29.005267,2025-05-06 14:19:29.005267
142622,133,2023-12-25,17,0,13.4,07:32,20.7,11:50,30,2.5,6.1,15:10,62,81,21:40,42,02:30,2025-05-06 14:19:29.041855,2025-05-06 14:19:29.041855
142640,133,2023-12-26,,,,,,,6,1.9,5.6,13:00,68,,,,,2025-05-06 14:19:29.081730,2025-05-06 14:19:29.081730
142658,133,2023-12-27,17.5,0,13.5,01:23,21.5,14:16,14,2.8,8.6,10:40,56,77,07:50,29,20:30,2025-05-06 14:19:29.117324,2025-05-06 14:19:29.117324
142676,133,2023-12-28,17.9,0,13.6,02:40,22.2,13:22,11,2.5,8.9,11:10,59,85,,26,,2025-05-06 14:19:29.154805,2025-05-06 14:19:29.154805
142694,133,2023-12-29,19,0,14.9,05:01,23.2,14:51,10,2.2,6.7,12:10,50,70,18:40,24,07:30,2025-05-06 14:19:29.191089,2025-05-06 14:19:29.191089
142712,133,2023-12-30,19.4,0,15,22:38,23.8,10:39,20,1.4,4.7,04:40,54,88,20:50,17,10:10,2025-05-06 14:19:29.227531,2025-05-06 14:19:29.227531
142730,133,2023-12-31,18.2,0,14.3,05:16,22.1,12:49,99,1.7,5.3,12:40,59,82,20:00,30,08:30,2025-05-06 14:19:29.259800,2025-05-06 14:19:29.259800
142748,133,2024-01-01,18,0,14.3,07:01,21.6,13:54,99,1.9,5.8,,67,91,23:40,40,03:20,2025-05-06 14:19:29.295803,2025-05-06 14:19:29.295803
142766,133,2024-01-02,17.7,0,14,06:47,21.4,,7,1.7,5.8,13:40,72,90,,50,02:50,2025-05-06 14:19:29.331106,2025-05-06 14:19:29.331106
142784,133,2024-01-03,18.7,0,14.3,07:53,23.1,14:03,99,1.4,5,,60,88,01:00,38,13:20,2025-05-06 14:19:29.373360,2025-05-06 14:19:29.373360
142802,133,2024-01-04,18.4,0.4,14.6,08:01,22.2,13:17,4,1.7,4.7,14:30,74,93,19:40,66,,2025-05-06 14:19:29.417710,2025-05-06 14:19:29.417710
142820,133,2024-01-05,17.9,0.8,16.1,06:06,19.7,15:18,27,1.4,4.4,00:10,93,99,08:40,84,15:20,2025-05-06 14:19:29.460448,2025-05-06 14:19:29.460448
142838,133,2024-01-06,17,0,14.5,23:33,19.4,13:12,12,1.7,4.7,11:30,84,94,00:00,78,15:50,2025-05-06 14:19:29.504997,2025-05-06 14:19:29.504997
142856,133,2024-01-07,16.8,0,13,07:30,20.7,13:36,35,1.1,4.2,15:20,78,94,02:00,65,13:40,2025-05-06 14:19:29.540213,2025-05-06 14:19:29.540213
142874,133,2024-01-08,16.7,0,13,08:08,20.4,12:30,99,1.1,4.2,,84,97,04:20,57,23:50,2025-05-06 14:19:29.581936,2025-05-06 14:19:29.581936
142892,133,2024-01-09,18.3,0,13.5,,23.1,15:50,8,1.9,6.4,12:30,53,94,04:30,23,15:40,2025-05-06 14:19:29.617444,2025-05-06 14:19:29.617444
142910,133,2024-01-10,18.2,0,14.6,07:24,21.9,14:21,11,2.2,6.7,16:20,79,97,07:40,55,00:10,2025-05-06 14:19:29.653697,2025-05-06 14:19:29.653697
142928,133,2024-01-11,20.2,0,16,04:19,24.4,16:18,99,3.3,9.2,,73,93,,20,21:30,2025-05-06 14:19:29.690683,2025-05-06 14:19:29.690683
142946,133,2024-01-12,20.9,0,15.8,07:46,26,15:00,14,1.7,7.5,00:30,61,94,06:50,26,01:30,2025-05-06 14:19:29.726246,2025-05-06 14:19:29.726246
142964,133,2024-01-13,20.8,0,15.1,05:34,26.4,13:28,13,2.5,10.3,12:20,39,93,,17,19:20,2025-05-06 14:19:29.761878,2025-05-06 14:19:29.761878
142982,133,2024-01-14,19.4,0,16.1,23:28,22.8,14:31,21,1.1,4.2,00:10,71,85,18:50,28,00:10,2025-05-06 14:19:29.799685,2025-05-06 14:19:29.799685
143000,133,2024-01-15,19.4,0,16,00:49,22.9,18:38,14,1.4,8.3,08:20,41,85,00:50,20,08:20,2025-05-06 14:19:29.837271,2025-05-06 14:19:29.837271
143018,133,2024-01-16,23.6,0,19.5,23:41,27.6,13:17,17,1.1,8.6,02:50,35,86,23:40,9,02:20,2025-05-06 14:19:29.873328,2025-05-06 14:19:29.873328
143036,133,2024-01-17,18.2,0,15.6,23:57,20.9,11:07,16,1.7,5.3,03:20,84,92,,79,11:10,2025-05-06 14:19:29.905572,2025-05-06 14:19:29.905572
143054,133,2024-01-18,18.6,2.2,15.1,08:11,22.2,13:11,30,1.7,8.1,23:00,77,94,23:30,59,12:10,2025-05-06 14:19:29.940648,2025-05-06 14:19:29.940648
143072,133,2024-01-19,17.4,0.4,15.4,23:23,19.3,12:15,32,4.2,11.1,05:40,77,96,02:00,63,12:20,2025-05-06 14:19:29.976992,2025-05-06 14:19:29.976992
143090,133,2024-01-20,16.6,2.8,13.8,03:19,19.3,14:32,4,2.2,7.8,15:00,80,90,18:30,63,12:10,2025-05-06 14:19:30.011428,2025-05-06 14:19:30.011428
143108,133,2024-01-21,16.8,0,15.3,06:35,18.4,13:10,35,2.5,7.5,13:30,63,72,04:20,56,13:10,2025-05-06 14:19:30.054527,2025-05-06 14:19:30.054527
143126,133,2024-01-22,16.6,0,14.6,23:43,18.7,14:33,4,1.9,7.2,07:20,77,93,23:59,64,10:00,2025-05-06 14:19:30.090050,2025-05-06 14:19:30.090050
143144,133,2024-01-23,18.2,0,14.4,01:26,21.9,14:31,16,3.9,11.9,12:50,41,98,01:40,30,,2025-05-06 14:19:30.127012,2025-05-06 14:19:30.127012
143162,133,2024-01-24,17.8,0,15.8,22:38,19.7,11:14,11,3.3,11.4,12:20,47,75,08:40,25,21:20,2025-05-06 14:19:30.163821,2025-05-06 14:19:30.163821
143180,133,2024-01-25,18.6,0,16.3,00:04,21,11:43,10,3.3,11.9,11:20,43,78,05:10,29,,2025-05-06 14:19:30.201156,2025-05-06 14:19:30.201156
143197,133,2024-01-26,19.8,0,17.3,19:04,22.2,12:33,15,3.1,11.1,11:30,51,66,02:40,25,21:30,2025-05-06 14:19:30.234465,2025-05-06 14:19:30.234465
143214,133,2024-01-27,20.2,0,16.4,21:14,24,12:22,15,3.1,11.1,12:00,55,69,18:40,25,09:20,2025-05-06 14:19:30.268577,2025-05-06 14:19:30.268577
143232,133,2024-01-28,20.3,0,14.8,02:27,25.8,15:51,99,2.2,7.2,,45,73,20:50,26,10:10,2025-05-06 14:19:30.304527,2025-05-06 14:19:30.304527
143250,133,2024-01-29,20.5,0,16,00:09,25,13:37,11,3.1,6.7,12:20,30,62,00:00,19,10:20,2025-05-06 14:19:30.340752,2025-05-06 14:19:30.340752
143268,133,2024-01-30,20.7,0,15.9,08:08,25.5,12:56,99,2.2,8.1,13:30,30,39,18:00,18,15:00,2025-05-06 14:19:30.376165,2025-05-06 14:19:30.376165
143286,133,2024-01-31,19.6,0,15.8,07:38,23.5,13:05,14,2.8,11.1,12:10,41,61,19:40,24,,2025-05-06 14:19:30.414669,2025-05-06 14:19:30.414669
143304,133,2024-02-01,19,0,16,23:39,22.1,14:58,14,3.6,10,11:40,48,56,16:50,29,01:30,2025-05-06 14:19:30.452056,2025-05-06 14:19:30.452056
143322,133,2024-02-02,17.8,0,14.8,,20.8,13:44,12,2.5,7.5,13:10,58,72,06:30,40,00:00,2025-05-06 14:19:30.489371,2025-05-06 14:19:30.489371
143340,133,2024-02-03,18.6,0,14.5,00:54,22.6,14:02,9,2.2,7.5,12:00,56,76,08:10,22,21:30,2025-05-06 14:19:30.527360,2025-05-06 14:19:30.527360
143358,133,2024-02-04,18.1,0,14.4,02:21,21.8,15:06,12,3.1,7.8,15:50,46,68,00:00,22,18:40,2025-05-06 14:19:30.565017,2025-05-06 14:19:30.565017
143376,133,2024-02-05,18.2,0,15.2,01:59,21.2,12:36,14,2.8,9.2,10:20,52,59,16:50,22,01:00,2025-05-06 14:19:30.602375,2025-05-06 14:19:30.602375
143394,133,2024-02-06,18.2,0,15.2,01:22,21.2,12:16,10,2.5,8.6,12:20,52,66,07:10,31,23:59,2025-05-06 14:19:30.638852,2025-05-06 14:19:30.638852
143411,133,2024-02-07,19.5,0,15.3,00:54,23.7,16:00,10,1.7,8.9,11:50,51,65,13:10,29,02:50,2025-05-06 14:19:30.673337,2025-05-06 14:19:30.673337
143429,133,2024-02-08,20.8,0,16,04:55,25.6,,20,1.7,5.6,01:50,22,36,15:50,15,13:00,2025-05-06 14:19:30.709808,2025-05-06 14:19:30.709808
143447,133,2024-02-09,21.3,0.2,17.1,03:44,25.5,16:28,27,2.8,12.8,22:10,54,88,17:50,15,05:20,2025-05-06 14:19:30.746939,2025-05-06 14:19:30.746939
143465,133,2024-02-10,19.2,0,17.1,23:45,21.3,15:08,30,5.6,12.5,05:10,85,97,06:30,73,15:20,2025-05-06 14:19:30.783357,2025-05-06 14:19:30.783357
143483,133,2024-02-11,17.8,0,14.3,07:57,21.3,13:51,34,1.9,5.8,12:40,84,96,04:40,68,12:00,2025-05-06 14:19:30.818944,2025-05-06 14:19:30.818944
143501,133,2024-02-12,18.4,0,15.3,06:34,21.6,12:43,9,2.2,5.8,14:00,82,94,,70,,2025-05-06 14:19:30.855571,2025-05-06 14:19:30.855571
143519,133,2024-02-13,19.8,0,14.9,04:27,24.8,15:50,11,2.8,7.8,16:50,72,97,07:50,34,20:10,2025-05-06 14:19:30.894667,2025-05-06 14:19:30.894667
143537,133,2024-02-14,20.5,0,16.9,06:34,24.1,11:08,32,2.8,9.2,18:10,65,92,22:10,41,02:30,2025-05-06 14:19:30.932610,2025-05-06 14:19:30.932610
143555,133,2024-02-15,19.5,0,17.1,07:44,21.9,15:33,32,2.8,7.8,13:10,84,95,22:20,74,03:10,2025-05-06 14:19:30.969237,2025-05-06 14:19:30.969237
143573,133,2024-02-16,18.3,0,15.6,,21,11:59,34,2.2,6.4,13:30,77,94,00:00,63,11:00,2025-05-06 14:19:31.006324,2025-05-06 14:19:31.006324
143591,133,2024-02-17,17.6,0,14.3,07:31,21,13:15,30,2.5,8.3,17:00,78,89,08:10,66,12:40,2025-05-06 14:19:31.046090,2025-05-06 14:19:31.046090
143609,133,2024-02-18,19.6,0,17,05:53,22.1,,35,1.7,6.9,01:30,77,89,,62,23:30,2025-05-06 14:19:31.085085,2025-05-06 14:19:31.085085
143627,133,2024-02-19,19.8,0,15.6,23:57,23.9,12:32,13,2.5,9.2,11:30,41,85,21:20,30,14:20,2025-05-06 14:19:31.123558,2025-05-06 14:19:31.123558
143645,133,2024-02-20,17.9,0,14.9,06:55,20.9,12:14,30,1.9,6.7,17:00,73,84,07:40,45,04:40,2025-05-06 14:19:31.164745,2025-05-06 14:19:31.164745
143663,133,2024-02-21,18,0,14.8,07:56,21.1,12:49,35,1.7,6.4,13:10,75,90,21:20,63,13:10,2025-05-06 14:19:31.205683,2025-05-06 14:19:31.205683
143681,133,2024-02-22,17.4,0,14.1,06:42,20.7,15:51,33,3.6,9.2,18:00,81,93,07:40,71,16:00,2025-05-06 14:19:31.251096,2025-05-06 14:19:31.251096
143699,133,2024-02-23,18,3.4,16,,19.9,13:24,32,5.3,11.7,18:50,77,98,,67,12:20,2025-05-06 14:19:31.309072,2025-05-06 14:19:31.309072
143717,133,2024-02-24,17,0,15.3,03:47,18.6,14:14,33,4.2,10.6,14:20,75,80,03:50,61,16:50,2025-05-06 14:19:31.351764,2025-05-06 14:19:31.351764
143735,133,2024-02-25,17.4,0,16,,18.9,13:15,31,2.2,7.5,00:50,75,85,12:30,68,13:20,2025-05-06 14:19:31.389634,2025-05-06 14:19:31.389634
143753,133,2024-02-26,17.5,2.2,15.5,,19.5,13:21,33,2.5,7.5,09:50,73,92,10:10,59,13:20,2025-05-06 14:19:31.425563,2025-05-06 14:19:31.425563
143771,133,2024-02-27,16.1,0,14.9,07:28,17.3,13:55,1,2.8,10.3,10:50,66,98,05:10,58,14:30,2025-05-06 14:19:31.463205,2025-05-06 14:19:31.463205
143789,133,2024-02-28,16.9,0,14.5,03:35,19.3,13:32,35,3.3,9.4,03:30,69,84,03:30,62,13:20,2025-05-06 14:19:31.501212,2025-05-06 14:19:31.501212
143807,133,2024-02-29,16.3,1.4,14.8,22:13,17.8,14:06,35,2.2,7.8,11:10,80,92,21:50,67,10:30,2025-05-06 14:19:31.538435,2025-05-06 14:19:31.538435
143825,133,2024-03-01,16.6,2,15.1,09:30,18.2,13:13,34,3.9,10.3,20:10,77,92,12:20,64,11:00,2025-05-06 14:19:31.573919,2025-05-06 14:19:31.573919
143843,133,2024-03-02,16.2,0.2,13.5,06:06,19,13:18,31,3.9,10.8,10:00,68,94,05:40,52,13:10,2025-05-06 14:19:31.611901,2025-05-06 14:19:31.611901
143861,133,2024-03-03,16.4,0,13.9,01:30,18.9,16:33,34,3.6,9.2,01:00,73,89,01:30,67,03:50,2025-05-06 14:19:31.649774,2025-05-06 14:19:31.649774
143879,133,2024-03-04,16.8,0,15,23:33,18.5,11:19,30,3.6,8.9,07:10,72,85,03:40,62,07:20,2025-05-06 14:19:31.687629,2025-05-06 14:19:31.687629
143914,133,2024-03-06,16.8,0,14.3,05:22,19.3,14:26,32,2.5,8.1,19:20,72,92,04:00,59,11:40,2025-05-06 14:19:31.760975,2025-05-06 14:19:31.760975
143932,133,2024-03-07,17,0,14.1,02:49,19.8,12:37,32,5,13.3,15:10,80,93,15:00,64,13:20,2025-05-06 14:19:31.798009,2025-05-06 14:19:31.798009
143950,133,2024-03-08,,,,,,,0,4.2,,,65,,,,,2025-05-06 14:19:31.836016,2025-05-06 14:19:31.836016
143968,133,2024-03-09,18.2,0.4,15,,21.5,14:32,31,4.7,11.1,16:50,68,93,23:10,55,10:50,2025-05-06 14:19:31.874282,2025-05-06 14:19:31.874282
143986,133,2024-03-10,17.8,0,15.3,07:04,20.3,15:52,32,3.6,9.2,15:10,77,95,00:30,62,15:40,2025-05-06 14:19:31.914336,2025-05-06 14:19:31.914336
144004,133,2024-03-11,16.6,2.4,14.3,06:15,19,13:46,6,1.7,5.8,14:10,81,98,08:30,72,13:20,2025-05-06 14:19:31.950849,2025-05-06 14:19:31.950849
144022,133,2024-03-12,15.7,0,11.9,07:06,19.5,11:02,6,2.5,5.6,13:40,70,87,03:30,60,12:10,2025-05-06 14:19:31.987753,2025-05-06 14:19:31.987753
144040,133,2024-03-13,17.9,0.4,13,03:29,22.8,13:29,31,2.2,5.8,20:30,70,93,19:40,53,11:20,2025-05-06 14:19:32.024303,2025-05-06 14:19:32.024303
144058,133,2024-03-14,18.8,0,16.7,22:00,21,13:45,99,1.7,5.3,,80,95,,65,13:50,2025-05-06 14:19:32.062702,2025-05-06 14:19:32.062702
144076,133,2024-03-15,18,0,14.6,06:51,21.5,14:45,8,2.2,6.4,13:30,76,95,,66,13:10,2025-05-06 14:19:32.100965,2025-05-06 14:19:32.100965
144094,133,2024-03-16,21.2,0,14.8,07:29,27.6,10:56,30,2.2,7.5,20:40,68,96,,24,10:30,2025-05-06 14:19:32.138029,2025-05-06 14:19:32.138029
144112,133,2024-03-17,19.4,0,15.8,07:24,23.1,15:14,30,3.6,10.6,19:10,86,97,,53,04:10,2025-05-06 14:19:32.174532,2025-05-06 14:19:32.174532
144130,133,2024-03-18,18.8,0,16.9,,20.8,11:49,30,5,11.9,05:30,82,93,,70,,2025-05-06 14:19:32.212647,2025-05-06 14:19:32.212647
144148,133,2024-03-19,18.4,0,16.5,06:23,20.4,13:06,33,4.7,9.2,13:00,76,86,19:20,67,12:00,2025-05-06 14:19:32.251191,2025-05-06 14:19:32.251191
144166,133,2024-03-20,17.8,0.2,15.4,06:29,20.2,12:41,32,4.7,12.2,18:40,73,80,13:50,65,21:10,2025-05-06 14:19:32.291270,2025-05-06 14:19:32.291270
144184,133,2024-03-21,17.4,13,14.1,22:26,20.7,13:22,32,4.7,12.2,23:59,71,94,22:30,58,13:20,2025-05-06 14:19:32.331642,2025-05-06 14:19:32.331642
144202,133,2024-03-22,15.4,7.2,11.9,20:52,18.9,13:51,29,3.6,13.1,00:50,82,96,07:10,54,13:30,2025-05-06 14:19:32.372085,2025-05-06 14:19:32.372085
144220,133,2024-03-23,14.9,6.6,11.4,02:44,18.4,10:43,25,1.4,7.8,01:30,80,93,22:50,61,15:00,2025-05-06 14:19:32.410481,2025-05-06 14:19:32.410481
144238,133,2024-03-24,16.3,2.8,12.6,07:02,20,14:45,32,3.3,9.2,21:50,71,93,21:50,56,11:30,2025-05-06 14:19:32.449568,2025-05-06 14:19:32.449568
144256,133,2024-03-25,17.6,0,14.9,,20.3,14:09,30,5.8,13.9,10:40,76,85,07:00,64,12:30,2025-05-06 14:19:32.485731,2025-05-06 14:19:32.485731
144274,133,2024-03-26,16,2.4,13.7,19:49,18.4,13:04,34,5,15.6,09:00,72,94,09:50,61,07:20,2025-05-06 14:19:32.523080,2025-05-06 14:19:32.523080
144292,133,2024-03-27,17,0.2,13.3,03:08,20.8,15:49,31,2.5,7.5,16:20,56,77,,42,,2025-05-06 14:19:32.560204,2025-05-06 14:19:32.560204
144310,133,2024-03-28,17.2,3.2,13.1,,21.4,,27,2.5,12.5,21:50,65,77,21:00,49,,2025-05-06 14:19:32.599889,2025-05-06 14:19:32.599889
144328,133,2024-03-29,16.9,0,14,,19.8,15:27,30,5,16.4,09:00,63,95,04:10,51,,2025-05-06 14:19:32.639166,2025-05-06 14:19:32.639166
144346,133,2024-03-30,17.4,0,12.8,06:06,22,13:00,12,2.2,5.8,15:00,62,86,23:40,50,10:40,2025-05-06 14:19:32.677921,2025-05-06 14:19:32.677921
144364,133,2024-03-31,18,0,14.4,04:49,21.7,11:05,10,1.7,5.3,00:40,79,90,05:30,59,12:20,2025-05-06 14:19:32.714741,2025-05-06 14:19:32.714741
144382,133,2024-04-01,16.9,0.6,14.4,23:48,19.4,11:07,29,1.4,6.1,00:30,82,91,09:30,75,11:10,2025-05-06 14:19:32.754002,2025-05-06 14:19:32.754002
144400,133,2024-04-02,18,0,13.5,06:22,22.4,15:04,34,3.3,8.3,12:50,68,83,23:40,53,14:20,2025-05-06 14:19:32.796011,2025-05-06 14:19:32.796011
144417,133,2024-04-03,18.4,0.8,16.2,,20.6,14:54,34,2.5,6.7,16:00,82,94,08:20,72,16:30,2025-05-06 14:19:32.833993,2025-05-06 14:19:32.833993
144435,133,2024-04-04,18.8,0,15.5,23:51,22,13:39,31,3.1,8.6,10:50,80,92,,66,13:40,2025-05-06 14:19:32.873209,2025-05-06 14:19:32.873209
144453,133,2024-04-05,19.3,0,13.4,06:48,25.2,15:01,32,2.8,10.3,17:10,78,95,07:30,56,14:40,2025-05-06 14:19:32.913720,2025-05-06 14:19:32.913720
144471,133,2024-04-06,18.4,1.4,16.3,,20.5,15:13,32,3.3,10,17:10,85,96,11:40,74,18:10,2025-05-06 14:19:32.957103,2025-05-06 14:19:32.957103
144489,133,2024-04-07,18.2,0,15.6,,20.7,14:24,32,3.9,10.8,17:40,72,85,03:10,50,15:30,2025-05-06 14:19:32.990167,2025-05-06 14:19:32.990167
144507,133,2024-04-08,18.4,0,16.3,00:03,20.5,15:09,33,5.8,12.5,22:10,81,91,11:20,69,,2025-05-06 14:19:33.028722,2025-05-06 14:19:33.028722
144525,133,2024-04-09,17.7,0,15.9,,19.5,14:37,33,5.8,11.7,11:30,75,87,03:10,66,,2025-05-06 14:19:33.067224,2025-05-06 14:19:33.067224
144543,133,2024-04-10,18.9,0,15.5,01:29,22.3,13:17,28,3.1,8.9,00:30,79,90,19:40,43,23:50,2025-05-06 14:19:33.104520,2025-05-06 14:19:33.104520
144561,133,2024-04-11,25.8,0,21.4,04:44,30.3,14:00,12,1.7,7.8,06:40,38,57,19:40,24,06:40,2025-05-06 14:19:33.144516,2025-05-06 14:19:33.144516
144579,133,2024-04-12,25,0,19.5,22:56,30.4,09:49,99,1.9,4.4,,31,73,22:20,15,09:20,2025-05-06 14:19:33.191229,2025-05-06 14:19:33.191229
144597,133,2024-04-13,23.4,0,17.7,04:29,29.2,13:45,8,1.9,5,13:50,41,92,21:50,22,13:30,2025-05-06 14:19:33.238216,2025-05-06 14:19:33.238216
144615,133,2024-04-14,22.6,0,15.3,04:20,30,15:58,99,2.5,5.3,,37,90,02:10,19,22:30,2025-05-06 14:19:33.279619,2025-05-06 14:19:33.279619
144633,133,2024-04-15,23.7,0,16.8,05:41,30.6,13:30,32,2.8,7.2,13:50,27,91,22:50,12,02:40,2025-05-06 14:19:33.320300,2025-05-06 14:19:33.320300
144651,133,2024-04-16,22.4,0,18.1,06:52,26.7,13:06,99,1.7,5,,37,77,21:00,20,02:10,2025-05-06 14:19:33.358225,2025-05-06 14:19:33.358225
144669,133,2024-04-17,22.4,0,17.3,06:24,27.5,13:32,99,1.9,4.7,,37,87,23:20,19,08:30,2025-05-06 14:19:33.396971,2025-05-06 14:19:33.396971
144687,133,2024-04-18,20.9,0,17.7,00:52,24.1,12:34,32,2.8,8.9,23:30,66,91,22:20,36,04:50,2025-05-06 14:19:33.435736,2025-05-06 14:19:33.435736
144705,133,2024-04-19,19.6,0,17.1,06:05,22,10:43,30,3.9,9.4,18:00,75,90,,61,13:20,2025-05-06 14:19:33.473704,2025-05-06 14:19:33.473704
144723,133,2024-04-20,19.4,0.4,16.6,07:07,22.1,12:13,99,3.9,9.2,,73,88,,65,11:50,2025-05-06 14:19:33.508720,2025-05-06 14:19:33.508720
144741,133,2024-04-21,19.1,0,16.4,06:48,21.8,12:48,29,3.3,9.2,15:50,74,92,06:40,60,12:20,2025-05-06 14:19:33.548983,2025-05-06 14:19:33.548983
144759,133,2024-04-22,19.2,0,16,06:42,22.3,14:42,33,2.5,7.2,16:00,75,84,23:40,53,13:30,2025-05-06 14:19:33.589167,2025-05-06 14:19:33.589167
144777,133,2024-04-23,19.3,0,16.3,03:07,22.3,12:10,31,2.5,7.5,16:00,75,89,05:30,63,11:30,2025-05-06 14:19:33.625998,2025-05-06 14:19:33.625998
144795,133,2024-04-24,19.9,0,15.6,05:59,24.2,12:09,32,2.5,6.4,13:30,54,85,00:10,40,10:50,2025-05-06 14:19:33.663648,2025-05-06 14:19:33.663648
144813,133,2024-04-25,18.4,0,14.4,06:31,22.3,13:10,32,2.2,8.3,15:30,68,83,,61,13:20,2025-05-06 14:19:33.703380,2025-05-06 14:19:33.703380
144831,133,2024-04-26,18.8,0,16.3,05:30,21.2,13:12,33,3.1,8.6,14:40,63,78,00:10,52,15:50,2025-05-06 14:19:33.742273,2025-05-06 14:19:33.742273
144849,133,2024-04-27,18.8,0.4,15,06:02,22.5,13:11,32,3.9,10.8,15:50,64,90,20:00,44,12:40,2025-05-06 14:19:33.780408,2025-05-06 14:19:33.780408
144867,133,2024-04-28,18.1,1,15.4,05:39,20.8,12:38,34,4.2,10.3,14:20,60,80,00:00,53,12:30,2025-05-06 14:19:33.819908,2025-05-06 14:19:33.819908
144885,133,2024-04-29,17,0.2,14.2,03:26,19.7,12:08,34,3.3,11.1,03:10,67,86,03:20,54,12:10,2025-05-06 14:19:33.858266,2025-05-06 14:19:33.858266
144903,133,2024-04-30,17.4,0,15.1,05:50,19.7,11:33,34,3.1,8.9,10:20,66,86,22:10,51,10:30,2025-05-06 14:19:33.897223,2025-05-06 14:19:33.897223
144921,133,2024-05-01,17.7,1.4,15.3,00:31,20.1,15:56,33,2.5,7.8,16:10,78,92,11:40,67,09:40,2025-05-06 14:19:33.935164,2025-05-06 14:19:33.935164
144939,133,2024-05-02,18.4,0,16,04:58,20.7,15:19,34,2.5,8.1,15:00,75,90,07:00,63,14:50,2025-05-06 14:19:33.974084,2025-05-06 14:19:33.974084
144957,133,2024-05-03,18.2,0,14.9,05:24,21.4,15:29,32,2.2,8.3,14:30,70,82,05:20,59,11:20,2025-05-06 14:19:34.013208,2025-05-06 14:19:34.013208
144975,133,2024-05-04,18.3,0,14.5,06:54,22.1,14:16,99,1.9,6.4,,72,85,20:40,61,12:00,2025-05-06 14:19:34.049074,2025-05-06 14:19:34.049074
144993,133,2024-05-05,18.6,0,13.5,05:33,23.6,14:13,32,2.2,6.1,19:10,57,90,23:40,46,14:20,2025-05-06 14:19:34.083016,2025-05-06 14:19:34.083016
145011,133,2024-05-06,19.2,0,15.4,03:37,22.9,14:58,36,1.7,6.1,10:50,76,90,00:00,64,15:00,2025-05-06 14:19:34.117565,2025-05-06 14:19:34.117565
145029,133,2024-05-07,20.2,0,17.6,06:22,22.7,14:00,11,2.2,6.1,13:10,76,90,22:10,64,12:30,2025-05-06 14:19:34.154266,2025-05-06 14:19:34.154266
145047,133,2024-05-08,20.6,0,15.2,04:38,26,10:55,32,2.8,8.3,17:40,62,95,03:40,31,07:50,2025-05-06 14:19:34.191058,2025-05-06 14:19:34.191058
145065,133,2024-05-09,21,0,17,02:51,24.9,14:42,32,3.9,10.6,15:50,69,92,06:30,24,04:40,2025-05-06 14:19:34.225169,2025-05-06 14:19:34.225169
145083,133,2024-05-10,19.6,0,17.5,05:30,21.7,13:01,32,5.3,10,12:40,80,90,05:50,51,00:20,2025-05-06 14:19:34.261097,2025-05-06 14:19:34.261097
145101,133,2024-05-11,19.4,0,17.1,03:28,21.8,16:14,32,4.4,9.2,14:30,79,90,03:50,65,14:20,2025-05-06 14:19:34.302754,2025-05-06 14:19:34.302754
145119,133,2024-05-12,18.8,0,16.9,03:29,20.7,15:38,32,4.4,9.4,14:40,73,84,00:20,67,11:30,2025-05-06 14:19:34.347193,2025-05-06 14:19:34.347193
145137,133,2024-05-13,18.5,0.2,16.7,22:57,20.3,16:02,32,5.3,9.7,06:30,80,97,23:10,71,14:00,2025-05-06 14:19:34.384949,2025-05-06 14:19:34.384949
145155,133,2024-05-14,19.1,1.6,16.5,21:25,21.7,14:48,33,4.4,9.7,08:00,85,97,18:20,73,14:40,2025-05-06 14:19:34.423926,2025-05-06 14:19:34.423926
145173,133,2024-05-15,,0.8,,,,,33,3.6,8.9,11:30,72,90,08:10,56,10:30,2025-05-06 14:19:34.461386,2025-05-06 14:19:34.461386
145191,133,2024-05-16,18,1.2,14.9,05:02,21.2,14:02,32,2.8,8.9,12:40,73,90,05:20,54,12:00,2025-05-06 14:19:34.500247,2025-05-06 14:19:34.500247
145209,133,2024-05-17,18.6,0.4,15.2,02:51,22,15:26,32,3.3,8.9,22:20,80,95,03:00,65,14:50,2025-05-06 14:19:34.536352,2025-05-06 14:19:34.536352
145227,133,2024-05-18,19,0.4,16.1,07:42,21.9,15:28,2,2.8,7.2,15:10,73,93,06:50,56,16:30,2025-05-06 14:19:34.577152,2025-05-06 14:19:34.577152
145245,133,2024-05-19,18.8,0,16.4,,21.2,16:02,32,2.2,7.5,17:10,73,86,06:00,59,16:10,2025-05-06 14:19:34.620360,2025-05-06 14:19:34.620360
145263,133,2024-05-20,18.4,0,15,03:57,21.7,14:33,99,3.6,8.9,,63,81,01:50,50,13:50,2025-05-06 14:19:34.662467,2025-05-06 14:19:34.662467
145281,133,2024-05-21,18.7,0,15.8,05:11,21.6,15:00,32,2.8,8.3,14:40,67,81,06:30,53,10:30,2025-05-06 14:19:34.713970,2025-05-06 14:19:34.713970
145299,133,2024-05-22,18.9,0.2,16.5,,21.3,14:11,34,4.2,10,14:30,64,85,,55,13:00,2025-05-06 14:19:34.752665,2025-05-06 14:19:34.752665
145317,133,2024-05-23,19.2,0.2,16.2,05:11,22.3,13:00,34,3.9,8.9,15:00,72,86,,56,13:10,2025-05-06 14:19:34.786405,2025-05-06 14:19:34.786405
145335,133,2024-05-24,18.8,0,16.2,03:30,21.3,13:22,35,3.6,9.7,17:20,69,90,03:10,55,14:40,2025-05-06 14:19:34.822415,2025-05-06 14:19:34.822415
145353,133,2024-05-25,18.6,0,16.1,05:26,21.2,15:01,32,4.4,9.4,13:10,67,79,21:50,58,14:00,2025-05-06 14:19:34.861373,2025-05-06 14:19:34.861373
145371,133,2024-05-26,19.6,0,16.3,,22.8,13:07,26,4.4,10,07:10,71,83,19:00,59,14:10,2025-05-06 14:19:34.900758,2025-05-06 14:19:34.900758
145389,133,2024-05-27,19.3,0,16.9,23:56,21.7,11:34,32,5,10.8,17:00,76,92,03:20,64,16:10,2025-05-06 14:19:34.941904,2025-05-06 14:19:34.941904
145407,133,2017-07-04,20.6,0,17.9,05:29,23.2,14:31,33,5.8,11.7,12:20,72,84,21:40,63,13:40,2025-05-06 14:19:57.678234,2025-05-06 14:19:57.678234
145424,133,2017-07-05,20.6,0.2,18.6,01:21,22.5,12:03,36,5.8,11.9,20:50,70,84,23:20,60,11:20,2025-05-06 14:19:57.729837,2025-05-06 14:19:57.729837
145441,133,2017-07-06,20.6,0,18.6,,22.5,14:35,32,5,10.3,10:30,74,90,05:50,59,,2025-05-06 14:19:57.776587,2025-05-06 14:19:57.776587
145458,133,2017-07-07,20.9,0,18.4,01:57,23.4,14:43,33,3.6,8.9,11:50,72,85,06:00,60,14:30,2025-05-06 14:19:57.826270,2025-05-06 14:19:57.826270
145475,133,2017-07-08,20.8,0,18.3,06:21,23.2,13:31,33,3.9,8.9,09:30,69,86,06:00,60,13:10,2025-05-06 14:19:57.871328,2025-05-06 14:19:57.871328
145492,133,2017-07-09,20.6,1.2,18.9,17:52,22.3,12:51,32,5,12.5,12:50,80,90,17:50,67,12:50,2025-05-06 14:19:57.918685,2025-05-06 14:19:57.918685
145509,133,2017-07-10,19.9,0,17.3,05:03,22.5,14:31,30,5.3,11.7,14:50,76,96,05:10,63,14:20,2025-05-06 14:19:57.961749,2025-05-06 14:19:57.961749
145526,133,2017-07-11,20.6,0,18.4,01:11,22.7,13:43,32,4.4,9.4,07:40,71,90,01:20,58,15:30,2025-05-06 14:19:58.003496,2025-05-06 14:19:58.003496
145543,133,2017-07-12,21.2,0,19,23:51,23.3,13:01,32,4.7,10.8,21:20,68,83,00:00,61,12:40,2025-05-06 14:19:58.040427,2025-05-06 14:19:58.040427
145560,133,2017-07-13,20.8,0,19,,22.7,12:50,33,5.6,11.4,11:20,80,88,21:20,71,11:20,2025-05-06 14:19:58.077778,2025-05-06 14:19:58.077778
145577,133,2017-07-14,,,,,,,0,5.8,,,82,,,,,2025-05-06 14:19:58.113761,2025-05-06 14:19:58.113761
145594,133,2017-07-15,21.4,0,19.4,03:33,23.5,13:23,29,5.3,11.1,12:30,86,93,,76,13:10,2025-05-06 14:19:58.151752,2025-05-06 14:19:58.151752
145611,133,2017-07-16,21.8,0,18.6,05:37,25.1,14:50,30,5.3,11.4,10:50,81,94,06:40,66,14:50,2025-05-06 14:19:58.187725,2025-05-06 14:19:58.187725
145628,133,2017-07-17,21.8,0,18.7,06:28,24.9,14:33,33,5.3,11.4,14:00,81,93,,65,14:30,2025-05-06 14:19:58.224416,2025-05-06 14:19:58.224416
145645,133,2017-07-18,21,0,18.3,04:53,23.8,12:33,31,5.6,10.8,14:50,79,91,,70,,2025-05-06 14:19:58.261200,2025-05-06 14:19:58.261200
145662,133,2017-07-19,21.4,0,19.1,,23.7,14:56,33,4.4,9.4,13:50,75,85,,65,14:50,2025-05-06 14:19:58.300078,2025-05-06 14:19:58.300078
145678,133,2017-07-20,21,0.6,18.7,06:31,23.4,14:05,34,3.3,9.2,14:50,81,95,09:30,67,14:10,2025-05-06 14:19:58.334745,2025-05-06 14:19:58.334745
145694,133,2017-07-21,20.8,0,18.7,05:15,23,13:05,31,4.7,9.7,07:50,70,88,00:00,57,12:50,2025-05-06 14:19:58.370171,2025-05-06 14:19:58.370171
145710,133,2017-07-22,21.1,0,18.8,05:04,23.4,14:47,32,4.4,10,16:50,74,86,07:30,58,14:40,2025-05-06 14:19:58.405138,2025-05-06 14:19:58.405138
145727,133,2017-07-23,21.1,0,18.8,03:30,23.4,13:42,32,4.7,10.8,16:50,76,86,06:20,66,11:50,2025-05-06 14:19:58.444078,2025-05-06 14:19:58.444078
145744,133,2017-07-24,21.2,0,18.9,05:05,23.4,13:29,31,5.3,11.1,12:50,79,89,,70,13:30,2025-05-06 14:19:58.478623,2025-05-06 14:19:58.478623
145761,133,2017-07-25,21.8,0,19.3,06:18,24.2,14:21,30,4.2,10.3,09:50,79,90,,69,13:30,2025-05-06 14:19:58.515787,2025-05-06 14:19:58.515787
145778,133,2017-07-26,21.5,0,19.1,,23.9,13:06,28,4.7,9.2,04:50,78,89,,70,12:00,2025-05-06 14:19:58.558464,2025-05-06 14:19:58.558464
145795,133,2017-07-27,24.4,0,18.4,06:13,30.3,14:29,26,3.1,7.2,04:20,75,93,,50,14:30,2025-05-06 14:19:58.593670,2025-05-06 14:19:58.593670
145812,133,2017-07-28,28.8,0,22.3,00:01,35.2,13:08,11,1.4,5.6,12:10,34,73,20:20,17,11:30,2025-05-06 14:19:58.628959,2025-05-06 14:19:58.628959
145829,133,2017-07-29,26,0,20.2,23:55,31.7,15:06,32,3.1,8.3,16:50,64,91,23:50,25,02:10,2025-05-06 14:19:58.673137,2025-05-06 14:19:58.673137
145846,133,2017-07-30,20.9,0,18.5,06:11,23.3,13:20,32,4.4,10.3,12:50,81,94,,71,13:50,2025-05-06 14:19:58.710497,2025-05-06 14:19:58.710497
145863,133,2017-07-31,21.4,0,19.1,06:33,23.8,15:47,31,4.4,9.7,03:20,71,87,22:30,61,15:20,2025-05-06 14:19:58.749062,2025-05-06 14:19:58.749062
145880,133,2017-08-01,22,0,19.3,,24.7,14:47,33,4.4,10.8,12:40,70,89,,56,14:00,2025-05-06 14:19:58.788792,2025-05-06 14:19:58.788792
145897,133,2017-08-02,21.8,0,19,05:11,24.5,15:16,33,3.1,7.8,15:50,74,90,02:30,63,14:00,2025-05-06 14:19:58.828237,2025-05-06 14:19:58.828237
145914,133,2017-08-03,21.2,0,19.1,06:14,23.2,14:50,33,4.4,8.9,15:40,74,87,00:40,63,14:40,2025-05-06 14:19:58.871503,2025-05-06 14:19:58.871503
145931,133,2017-08-04,22,0,19.1,05:06,24.9,13:58,29,4.4,9.4,17:20,76,90,03:10,64,,2025-05-06 14:19:58.909151,2025-05-06 14:19:58.909151
145948,133,2017-08-05,22.7,0,20.5,01:07,24.9,14:14,34,5,11.1,19:00,75,88,22:50,66,14:10,2025-05-06 14:19:58.947001,2025-05-06 14:19:58.947001
145965,133,2017-08-06,22.6,0,20.2,,24.9,14:41,27,5,12.2,14:50,83,93,23:30,73,,2025-05-06 14:19:58.985712,2025-05-06 14:19:58.985712
145982,133,2017-08-07,24,0,20.6,,27.4,14:20,30,4.7,10.8,21:10,83,95,,66,14:00,2025-05-06 14:19:59.022803,2025-05-06 14:19:59.022803
145999,133,2017-08-08,23.7,0,20.8,,26.6,13:27,30,3.6,8.1,00:10,82,96,,69,13:30,2025-05-06 14:19:59.064771,2025-05-06 14:19:59.064771
146016,133,2017-08-09,23,0,20,04:39,26.1,12:18,27,3.1,9.2,21:20,72,90,02:00,51,22:40,2025-05-06 14:19:59.102863,2025-05-06 14:19:59.102863
146033,133,2017-08-10,22.8,0,19.7,,25.9,12:50,29,3.3,7.8,21:30,72,88,06:40,52,02:10,2025-05-06 14:19:59.138381,2025-05-06 14:19:59.138381
146050,133,2017-08-11,22.7,0,19.3,,26.1,14:50,30,2.8,8.1,00:50,61,87,00:00,43,14:00,2025-05-06 14:19:59.177567,2025-05-06 14:19:59.177567
146067,133,2017-08-12,22.5,0,18.5,03:55,26.5,16:01,30,3.1,7.2,14:50,73,91,04:20,54,16:40,2025-05-06 14:19:59.212646,2025-05-06 14:19:59.212646
146084,133,2017-08-13,22.2,0,17.9,04:43,26.5,14:08,31,3.6,8.9,18:10,59,91,03:00,35,13:10,2025-05-06 14:19:59.250668,2025-05-06 14:19:59.250668
146101,133,2017-08-14,21.8,0,18.4,,25.1,14:02,34,3.3,8.9,15:50,75,89,,64,,2025-05-06 14:19:59.287759,2025-05-06 14:19:59.287759
146118,133,2017-08-15,22,0,18.2,06:19,25.9,13:26,4,2.2,6.4,15:10,73,87,,61,12:50,2025-05-06 14:19:59.323334,2025-05-06 14:19:59.323334
146135,133,2017-08-16,22.6,0,20.3,02:41,24.9,12:47,99,3.1,7.2,,76,86,,66,11:00,2025-05-06 14:19:59.363454,2025-05-06 14:19:59.363454
146152,133,2017-08-17,24.4,0,19.7,04:03,29,12:52,31,2.8,7.2,17:40,66,90,02:10,45,10:20,2025-05-06 14:19:59.400265,2025-05-06 14:19:59.400265
146169,133,2017-08-18,24.4,0,20.8,06:59,28,14:43,30,3.3,10.6,16:00,69,84,23:40,47,00:10,2025-05-06 14:19:59.438573,2025-05-06 14:19:59.438573
146186,133,2017-08-19,22.4,0,19.7,04:37,25,13:26,35,4.4,9.2,06:50,78,87,,64,03:00,2025-05-06 14:19:59.476223,2025-05-06 14:19:59.476223
146203,133,2017-08-20,22.7,0,19.9,05:55,25.5,14:19,26,3.6,8.6,21:20,77,89,,67,,2025-05-06 14:19:59.512810,2025-05-06 14:19:59.512810
146220,133,2017-08-21,24,0,19.8,05:42,28.2,16:19,34,2.5,7.2,11:30,74,93,,40,16:10,2025-05-06 14:19:59.550933,2025-05-06 14:19:59.550933
146237,133,2017-08-22,24.4,0,20.3,06:38,28.5,11:51,30,3.3,8.3,17:30,72,92,06:20,22,23:59,2025-05-06 14:19:59.588795,2025-05-06 14:19:59.588795
146254,133,2017-08-23,25.8,0,20.8,22:14,30.7,10:58,30,3.9,9.7,18:30,63,87,,18,01:20,2025-05-06 14:19:59.623169,2025-05-06 14:19:59.623169
146271,133,2017-08-24,24.1,0,20.1,02:42,28.1,14:11,30,1.7,6.9,00:50,79,94,23:00,65,13:50,2025-05-06 14:19:59.659713,2025-05-06 14:19:59.659713
146288,133,2017-08-25,25.4,0,20.9,06:24,29.9,16:12,33,3.3,8.6,12:50,76,94,,44,16:00,2025-05-06 14:19:59.696790,2025-05-06 14:19:59.696790
146305,133,2017-08-26,23.2,0,20.7,,25.6,13:42,29,4.7,9.7,06:30,77,92,02:40,66,13:50,2025-05-06 14:19:59.735349,2025-05-06 14:19:59.735349
146322,133,2017-08-27,22.2,0,20.1,06:09,24.2,13:34,34,3.9,10.3,19:50,81,91,,70,13:00,2025-05-06 14:19:59.770800,2025-05-06 14:19:59.770800
146339,133,2017-08-28,22,0,19.9,04:23,24.1,14:28,32,3.6,7.8,12:50,77,90,,62,14:10,2025-05-06 14:19:59.807812,2025-05-06 14:19:59.807812
146356,133,2017-08-29,22,0,19.3,05:36,24.7,14:08,99,3.6,8.6,15:30,74,88,02:10,61,13:50,2025-05-06 14:19:59.843799,2025-05-06 14:19:59.843799
146373,133,2017-08-30,22.1,0.6,20.1,,24.1,12:41,32,4.7,9.7,17:10,77,88,06:10,65,14:30,2025-05-06 14:19:59.878673,2025-05-06 14:19:59.878673
146390,133,2017-08-31,21.5,0.6,19.8,01:37,23.2,16:30,33,5,13.9,10:50,85,93,06:10,65,16:20,2025-05-06 14:19:59.915001,2025-05-06 14:19:59.915001
146407,133,2017-09-01,21.4,0,19.4,06:37,23.5,11:12,32,4.2,10.3,,77,93,00:20,66,11:10,2025-05-06 14:19:59.951416,2025-05-06 14:19:59.951416
146424,133,2017-09-02,21.2,0,19.6,05:58,22.9,13:31,31,3.9,8.6,03:50,80,88,19:40,67,12:10,2025-05-06 14:19:59.988247,2025-05-06 14:19:59.988247
146441,133,2017-09-03,22.3,0,20.4,23:32,24.2,,34,3.1,7.8,,79,91,03:10,67,14:00,2025-05-06 14:20:00.028558,2025-05-06 14:20:00.028558
146458,133,2017-09-04,23.2,0,20.3,01:42,26.1,14:31,31,2.8,6.4,07:50,75,87,01:10,52,,2025-05-06 14:20:00.070504,2025-05-06 14:20:00.070504
146475,133,2017-09-05,21.8,0,19.9,07:10,23.6,14:03,32,3.6,8.6,23:30,79,89,06:00,50,00:30,2025-05-06 14:20:00.108152,2025-05-06 14:20:00.108152
146492,133,2017-09-06,21.8,0,20.1,,23.6,14:04,30,5.6,12.5,15:50,77,86,,65,14:40,2025-05-06 14:20:00.145879,2025-05-06 14:20:00.145879
146509,133,2017-09-07,21.5,0,20.2,03:15,22.8,13:31,32,5,11.1,10:50,84,92,03:20,72,12:30,2025-05-06 14:20:00.188820,2025-05-06 14:20:00.188820
146526,133,2017-09-08,22,0,19.8,04:02,24.1,13:37,32,3.9,8.9,14:00,78,87,02:00,69,12:50,2025-05-06 14:20:00.222632,2025-05-06 14:20:00.222632
146543,133,2017-09-09,22,0,19.9,,24.1,13:06,33,3.9,9.2,14:30,79,88,,69,13:40,2025-05-06 14:20:00.261232,2025-05-06 14:20:00.261232
146560,133,2017-09-10,21.8,4,19.4,,24.2,13:14,34,3.6,9.2,13:50,69,92,22:10,54,13:20,2025-05-06 14:20:00.301830,2025-05-06 14:20:00.301830
146577,133,2017-09-11,20.5,1.6,18.3,07:18,22.7,12:41,32,3.3,9.4,11:50,89,96,02:50,78,11:30,2025-05-06 14:20:00.336319,2025-05-06 14:20:00.336319
146594,133,2017-09-12,21.4,0,18.5,06:57,24.2,14:27,35,3.1,7.5,15:20,77,92,,62,14:30,2025-05-06 14:20:00.373534,2025-05-06 14:20:00.373534
146611,133,2017-09-13,21.4,0,17.4,06:58,25.3,14:43,10,1.9,7.2,12:50,76,90,,66,11:10,2025-05-06 14:20:00.451021,2025-05-06 14:20:00.451021
146628,133,2017-09-14,22.4,0,19.4,01:34,25.5,13:27,30,3.3,8.1,10:50,81,94,03:00,65,23:30,2025-05-06 14:20:00.493330,2025-05-06 14:20:00.493330
146645,133,2017-09-15,22.5,0,20.6,,24.4,12:56,34,2.8,7.2,13:40,82,91,,66,03:00,2025-05-06 14:20:00.528512,2025-05-06 14:20:00.528512
146663,133,2017-09-16,21,0,19.8,23:39,22.3,13:38,4,1.9,5.6,10:40,84,92,03:20,76,16:30,2025-05-06 14:20:00.575218,2025-05-06 14:20:00.575218
146681,133,2017-09-17,21.4,0,19.3,06:58,23.4,14:02,34,1.9,6.7,14:50,79,87,00:00,69,14:20,2025-05-06 14:20:00.620727,2025-05-06 14:20:00.620727
146699,133,2017-09-18,21.4,0,19.3,06:08,23.4,14:30,10,1.7,5.6,11:30,80,87,,70,14:30,2025-05-06 14:20:00.665239,2025-05-06 14:20:00.665239
146717,133,2017-09-19,21.4,0,19.1,05:15,23.6,13:50,5,2.2,6.4,12:50,79,92,23:40,69,16:10,2025-05-06 14:20:00.712132,2025-05-06 14:20:00.712132
146735,133,2017-09-20,21.2,0,18.8,01:30,23.6,14:22,27,4.2,10.6,16:50,78,93,,65,16:00,2025-05-06 14:20:00.753573,2025-05-06 14:20:00.753573
146753,133,2017-09-21,20.1,2.4,18.7,10:50,21.5,12:51,31,5,11.4,18:50,84,93,09:20,81,,2025-05-06 14:20:00.795593,2025-05-06 14:20:00.795593
146771,133,2017-09-22,21,0,19,04:19,23,13:17,32,4.7,11.4,22:30,73,86,02:10,68,,2025-05-06 14:20:00.837112,2025-05-06 14:20:00.837112
146789,133,2017-09-23,20.2,0,19,03:35,21.5,13:34,33,3.9,9.7,01:50,85,92,,79,00:00,2025-05-06 14:20:00.875779,2025-05-06 14:20:00.875779
146807,133,2017-09-24,22,0,18.1,05:39,25.9,13:31,13,1.4,8.1,23:59,83,93,,69,13:30,2025-05-06 14:20:00.917283,2025-05-06 14:20:00.917283
146825,133,2017-09-25,24.6,0,21.1,00:01,28.1,13:24,14,2.8,8.9,14:50,58,89,00:00,50,04:50,2025-05-06 14:20:00.955418,2025-05-06 14:20:00.955418
146842,133,2017-09-26,24.4,0,20.5,05:06,28.3,13:52,9,1.7,6.1,13:40,63,90,04:50,46,14:40,2025-05-06 14:20:00.993700,2025-05-06 14:20:00.993700
146860,133,2017-09-27,23.2,0,19.4,23:54,27.1,14:51,1,1.7,4.4,12:00,72,87,,48,15:20,2025-05-06 14:20:01.033676,2025-05-06 14:20:01.033676
146878,133,2017-09-28,21.2,0,18.2,06:38,24.3,13:17,1,2.2,6.4,11:10,77,90,06:00,66,14:20,2025-05-06 14:20:01.071172,2025-05-06 14:20:01.071172
146896,133,2017-09-29,21.4,0,19,02:33,23.8,14:41,33,3.3,8.1,14:40,75,88,00:00,63,14:40,2025-05-06 14:20:01.110189,2025-05-06 14:20:01.110189
146914,133,2017-09-30,21.3,0,19.5,00:38,23.1,12:05,30,3.9,9.4,13:50,79,88,00:10,69,12:10,2025-05-06 14:20:01.150206,2025-05-06 14:20:01.150206
146932,133,2017-10-01,21.6,0,19.7,23:11,23.6,13:19,32,4.2,9.2,13:50,80,90,06:30,69,12:20,2025-05-06 14:20:01.191676,2025-05-06 14:20:01.191676
146950,133,2017-10-02,21.7,0,19.8,,23.6,12:48,31,4.7,10.8,12:50,77,88,06:40,61,12:50,2025-05-06 14:20:01.227913,2025-05-06 14:20:01.227913
146968,133,2017-10-03,21.6,0,19.3,05:36,24,14:32,29,3.9,9.2,04:10,78,87,07:00,69,,2025-05-06 14:20:01.266349,2025-05-06 14:20:01.266349
146986,133,2017-10-04,22,0,19,23:58,25,13:16,31,3.1,9.2,04:00,71,84,,62,12:50,2025-05-06 14:20:01.316078,2025-05-06 14:20:01.316078
147004,133,2017-10-05,20.5,0,17.3,06:10,23.7,11:35,6,1.4,4.7,12:30,77,90,23:59,68,10:10,2025-05-06 14:20:01.357117,2025-05-06 14:20:01.357117
147022,133,2017-10-06,21.5,0,18.2,04:28,24.8,13:01,32,1.9,8.3,13:50,69,91,00:10,53,12:10,2025-05-06 14:20:01.397201,2025-05-06 14:20:01.397201
147040,133,2017-10-07,22.2,0,19.5,23:59,24.8,11:59,32,2.8,9.7,10:50,71,85,07:10,52,11:40,2025-05-06 14:20:01.440161,2025-05-06 14:20:01.440161
147058,133,2017-10-08,21.2,0,18.3,06:59,24.1,11:25,35,3.1,8.3,14:50,74,84,,60,11:00,2025-05-06 14:20:01.483472,2025-05-06 14:20:01.483472
147076,133,2017-10-09,20.4,0,17.1,05:05,23.7,11:43,32,1.7,6.7,11:20,74,85,06:30,55,12:00,2025-05-06 14:20:01.524983,2025-05-06 14:20:01.524983
147094,133,2017-10-10,20.1,0,16.6,05:53,23.6,12:17,9,1.9,5.8,11:10,61,80,05:00,53,12:40,2025-05-06 14:20:01.566309,2025-05-06 14:20:01.566309
147112,133,2017-10-11,21.4,0,17,05:32,25.7,13:14,8,2.2,5.6,11:30,63,88,23:10,49,12:10,2025-05-06 14:20:01.606833,2025-05-06 14:20:01.606833
147130,133,2017-10-12,23.1,0,17.8,02:38,28.4,10:27,12,2.2,7.8,13:00,70,92,21:00,46,23:30,2025-05-06 14:20:01.644787,2025-05-06 14:20:01.644787
147148,133,2017-10-13,28.9,0,22.9,00:50,34.9,14:01,10,2.5,10,11:30,25,64,19:10,12,13:50,2025-05-06 14:20:01.685243,2025-05-06 14:20:01.685243
147166,133,2017-10-14,28.3,0,23.8,02:23,32.8,13:00,14,3.3,9.4,13:00,29,71,02:20,17,13:00,2025-05-06 14:20:01.724855,2025-05-06 14:20:01.724855
147184,133,2017-10-15,26.4,0,22.2,,30.6,11:31,14,1.9,9.4,04:30,38,67,22:40,21,00:00,2025-05-06 14:20:01.764174,2025-05-06 14:20:01.764174
147202,133,2017-10-16,25.4,0,21.2,04:22,29.7,12:54,13,2.8,8.9,11:50,55,90,20:40,25,10:50,2025-05-06 14:20:01.805190,2025-05-06 14:20:01.805190
147220,133,2017-10-17,23,0,20.3,23:55,25.7,13:18,30,2.8,8.1,04:30,79,91,,62,12:20,2025-05-06 14:20:01.843862,2025-05-06 14:20:01.843862
147238,133,2017-10-18,21,0,18.8,07:21,23.3,14:53,30,3.6,8.1,18:10,74,87,,59,15:40,2025-05-06 14:20:01.883235,2025-05-06 14:20:01.883235
147255,133,2017-10-19,21.2,1.2,19.1,05:18,23.3,13:26,32,3.1,8.6,10:20,83,92,08:00,70,15:10,2025-05-06 14:20:01.922383,2025-05-06 14:20:01.922383
147272,133,2017-10-20,,,,,,,0,2.5,,,84,,,,,2025-05-06 14:20:01.958644,2025-05-06 14:20:01.958644
147289,133,2017-10-21,20.2,2.4,18.3,06:06,22,15:19,36,2.2,8.1,15:50,83,95,06:40,73,13:00,2025-05-06 14:20:01.996039,2025-05-06 14:20:01.996039
147306,133,2017-10-22,20.3,0,18.9,00:04,21.7,10:47,99,1.9,7.2,,87,94,00:20,78,14:00,2025-05-06 14:20:02.034921,2025-05-06 14:20:02.034921
147323,133,2017-10-23,20.6,0,18.9,23:35,22.3,14:09,2,1.7,5.6,03:50,81,92,01:10,66,15:30,2025-05-06 14:20:02.072711,2025-05-06 14:20:02.072711
147340,133,2017-10-24,22.4,0,18.7,07:09,26,14:56,99,1.9,5.3,,73,91,03:40,47,14:40,2025-05-06 14:20:02.107267,2025-05-06 14:20:02.107267
147358,133,2017-10-25,24,0,18.1,00:36,29.9,12:34,11,3.1,11.1,14:50,40,95,01:30,22,12:40,2025-05-06 14:20:02.145565,2025-05-06 14:20:02.145565
147376,133,2017-10-26,26.6,0,22.7,00:58,30.5,11:42,17,3.1,11.1,10:10,27,44,21:50,21,16:50,2025-05-06 14:20:02.196428,2025-05-06 14:20:02.196428
147394,133,2017-10-27,24.2,0,21,23:55,27.3,15:04,15,2.5,11.4,03:50,33,43,02:30,24,16:10,2025-05-06 14:20:02.237856,2025-05-06 14:20:02.237856
147412,133,2017-10-28,23.7,0,19.8,23:57,27.6,12:03,16,2.2,7.5,03:20,32,64,18:30,22,12:00,2025-05-06 14:20:02.278471,2025-05-06 14:20:02.278471
147430,133,2017-10-29,20.8,0,17.1,07:05,24.6,11:48,31,2.5,7.2,20:30,70,84,23:59,30,04:30,2025-05-06 14:20:02.319532,2025-05-06 14:20:02.319532
147448,133,2017-10-30,19.6,0,15.5,06:28,23.7,13:22,27,1.9,5.3,00:50,77,88,06:00,65,13:00,2025-05-06 14:20:02.362805,2025-05-06 14:20:02.362805
147466,133,2017-10-31,19.6,0,16.5,05:53,22.7,13:05,6,1.7,5.6,,77,86,,65,13:10,2025-05-06 14:20:02.404609,2025-05-06 14:20:02.404609
147484,133,2017-11-01,20,0,17.5,00:35,22.6,13:54,6,1.7,5.8,12:20,72,86,01:00,62,12:10,2025-05-06 14:20:02.447227,2025-05-06 14:20:02.447227
147502,133,2017-11-02,19.6,0,17.2,23:09,22.1,12:32,34,2.8,8.3,16:40,65,75,,56,12:20,2025-05-06 14:20:02.487031,2025-05-06 14:20:02.487031
147520,133,2017-11-03,20.1,2.4,17.3,00:01,22.9,11:51,33,2.8,8.3,16:40,75,85,17:40,58,12:20,2025-05-06 14:20:02.527969,2025-05-06 14:20:02.527969
147538,133,2017-11-04,18.9,4.8,17.7,00:16,20.1,,4,1.7,6.1,16:00,82,92,03:20,76,14:20,2025-05-06 14:20:02.571492,2025-05-06 14:20:02.571492
147556,133,2017-11-05,19.5,1,17.5,01:55,21.5,11:48,4,1.9,8.3,12:20,75,85,01:10,66,11:50,2025-05-06 14:20:02.612545,2025-05-06 14:20:02.612545
147574,133,2017-11-06,18.8,0,17.5,,20.2,11:54,36,2.8,7.2,09:30,81,89,04:40,70,11:30,2025-05-06 14:20:02.654737,2025-05-06 14:20:02.654737
147592,133,2017-11-07,19.6,0,18.3,01:31,20.9,13:37,34,2.8,7.5,14:30,84,90,,76,13:40,2025-05-06 14:20:02.699377,2025-05-06 14:20:02.699377
147610,133,2017-11-08,21.2,0,17.1,07:23,25.2,13:52,33,2.2,5.8,00:10,61,92,02:10,53,13:30,2025-05-06 14:20:02.738096,2025-05-06 14:20:02.738096
147628,133,2017-11-09,19.9,0,17.6,23:36,22.2,14:55,27,0.8,6.1,04:50,81,91,,62,15:50,2025-05-06 14:20:02.776857,2025-05-06 14:20:02.776857
147646,133,2017-11-10,19.2,0,16.9,23:52,21.4,12:37,5,1.7,6.1,12:00,79,92,00:30,68,15:30,2025-05-06 14:20:02.815125,2025-05-06 14:20:02.815125
147664,133,2017-11-11,19.9,0,16.4,06:27,23.4,14:58,7,1.9,6.7,12:50,80,95,23:59,61,15:40,2025-05-06 14:20:02.856697,2025-05-06 14:20:02.856697
147682,133,2017-11-12,21.4,0,17.5,03:17,25.3,14:35,99,1.7,6.4,,55,95,00:00,46,07:40,2025-05-06 14:20:02.900889,2025-05-06 14:20:02.900889
147700,133,2017-11-13,18.5,0,15.8,06:40,21.2,13:47,32,2.2,6.4,23:50,78,90,05:20,69,13:20,2025-05-06 14:20:02.942350,2025-05-06 14:20:02.942350
147718,133,2017-11-14,19,0,16.9,22:33,21,13:07,31,2.5,7.8,16:50,68,80,00:00,61,13:50,2025-05-06 14:20:02.984688,2025-05-06 14:20:02.984688
147736,133,2017-11-15,18.4,0,15.4,23:54,21.4,13:01,36,1.9,6.7,12:50,68,79,,57,11:40,2025-05-06 14:20:03.025024,2025-05-06 14:20:03.025024
147754,133,2017-11-16,17.3,0,14.1,07:27,20.5,12:31,8,1.9,5.6,13:40,73,83,06:10,63,,2025-05-06 14:20:03.071473,2025-05-06 14:20:03.071473
147772,133,2017-11-17,17.6,0,14.8,05:04,20.4,13:06,99,1.9,5.8,11:30,77,88,,66,13:30,2025-05-06 14:20:03.112821,2025-05-06 14:20:03.112821
147790,133,2017-11-18,19.1,0,17.4,07:44,20.8,11:53,8,1.9,5.6,13:10,77,84,,69,11:50,2025-05-06 14:20:03.154187,2025-05-06 14:20:03.154187
147808,133,2017-11-19,18.6,0,17.2,06:34,20.1,14:27,4,1.7,5.3,11:40,77,86,,68,13:40,2025-05-06 14:20:03.194332,2025-05-06 14:20:03.194332
147826,133,2017-11-20,20.6,0,16,05:43,25.3,15:39,13,1.9,8.9,11:20,59,89,,18,20:50,2025-05-06 14:20:03.235478,2025-05-06 14:20:03.235478
147844,133,2017-11-21,22,0,19.6,00:28,24.5,15:17,13,3.3,12.5,10:40,21,41,,17,09:20,2025-05-06 14:20:03.277020,2025-05-06 14:20:03.277020
147862,133,2017-11-22,21.2,0,17,23:42,25.3,13:47,15,1.1,6.1,03:50,44,67,19:00,21,01:30,2025-05-06 14:20:03.317442,2025-05-06 14:20:03.317442
147880,133,2017-11-23,20,0,16.5,03:13,23.6,13:41,12,1.9,6.7,09:50,48,79,20:30,21,05:40,2025-05-06 14:20:03.353470,2025-05-06 14:20:03.353470
147898,133,2017-11-24,20,0,16.3,01:39,23.6,15:22,11,2.5,8.9,13:00,65,88,04:00,28,21:50,2025-05-06 14:20:03.401871,2025-05-06 14:20:03.401871
147916,133,2017-11-25,23.8,0,20,22:38,27.6,10:36,16,3.6,15.8,08:50,56,76,21:30,22,10:20,2025-05-06 14:20:03.446970,2025-05-06 14:20:03.446970
147934,133,2017-11-26,23.8,0,19.6,01:05,28,11:50,18,2.2,8.9,08:40,57,74,20:40,37,11:50,2025-05-06 14:20:03.496667,2025-05-06 14:20:03.496667
147952,133,2017-11-27,23.7,0,18.9,04:54,28.5,13:13,14,1.7,8.3,08:30,31,60,03:30,18,,2025-05-06 14:20:03.541612,2025-05-06 14:20:03.541612
147970,133,2017-11-28,21,0,17.8,23:29,24.1,12:47,36,1.4,3.9,15:20,56,84,21:20,35,01:00,2025-05-06 14:20:03.586801,2025-05-06 14:20:03.586801
147988,133,2017-11-29,19.4,0,16.9,07:28,21.9,10:47,12,1.1,6.4,12:20,74,86,13:10,53,06:30,2025-05-06 14:20:03.626681,2025-05-06 14:20:03.626681
148006,133,2017-11-30,19.5,0,17,06:38,22,11:28,36,1.9,5,14:20,80,91,23:20,72,11:10,2025-05-06 14:20:03.665185,2025-05-06 14:20:03.665185
148024,133,2017-12-01,19.2,0,16.1,06:16,22.4,13:07,8,1.7,4.4,11:10,81,92,,70,11:30,2025-05-06 14:20:03.708450,2025-05-06 14:20:03.708450
148042,133,2017-12-02,17.2,13.4,16.4,00:21,17.9,07:19,10,1.1,5,07:40,93,97,,84,23:50,2025-05-06 14:20:03.747193,2025-05-06 14:20:03.747193
148060,133,2017-12-03,17.2,0,16.1,,18.4,13:02,5,1.4,6.7,12:50,76,88,05:00,68,12:40,2025-05-06 14:20:03.787517,2025-05-06 14:20:03.787517
148078,133,2017-12-04,17.4,0,14.9,05:25,19.8,16:05,7,1.7,5.8,12:40,75,81,19:00,60,23:30,2025-05-06 14:20:03.828253,2025-05-06 14:20:03.828253
148096,133,2017-12-05,17.2,0,14.9,22:30,19.6,11:49,12,3.1,10,12:20,52,78,00:20,46,15:00,2025-05-06 14:20:03.868921,2025-05-06 14:20:03.868921
148114,133,2017-12-06,16.2,0,14.6,,17.8,14:49,99,2.8,10,,44,62,22:30,32,15:10,2025-05-06 14:20:03.910301,2025-05-06 14:20:03.910301
148132,133,2017-12-07,15.2,0,12.7,20:33,17.7,12:12,11,2.8,10.8,11:40,55,71,06:30,37,14:30,2025-05-06 14:20:03.952908,2025-05-06 14:20:03.952908
148150,133,2017-12-08,15.4,0,12.7,23:58,18.1,13:43,10,2.8,11.1,13:50,59,72,,40,14:20,2025-05-06 14:20:03.993600,2025-05-06 14:20:03.993600
148168,133,2017-12-09,15.6,0,12.3,01:01,19,15:01,11,1.9,8.3,12:20,69,80,,52,00:00,2025-05-06 14:20:04.035354,2025-05-06 14:20:04.035354
148186,133,2017-12-10,16,0,12.6,08:12,19.3,14:05,6,2.2,5.3,12:50,60,85,23:40,31,07:40,2025-05-06 14:20:04.076445,2025-05-06 14:20:04.076445
148204,133,2017-12-11,17.5,29.8,14.2,22:51,20.8,13:05,33,3.9,13.1,20:00,62,98,,53,13:00,2025-05-06 14:20:04.149783,2025-05-06 14:20:04.149783
148222,133,2017-12-12,15.4,1,13.4,00:55,17.4,11:15,34,4.2,12.5,16:40,70,96,00:00,60,10:10,2025-05-06 14:20:04.189361,2025-05-06 14:20:04.189361
148240,133,2017-12-13,16,0.2,14.5,00:29,17.4,14:36,34,3.9,11.4,05:40,65,83,00:20,54,14:20,2025-05-06 14:20:04.227780,2025-05-06 14:20:04.227780
148258,133,2017-12-14,16,0,14.3,04:30,17.7,12:52,33,2.8,7.2,14:40,74,83,06:30,64,23:40,2025-05-06 14:20:04.266165,2025-05-06 14:20:04.266165
148276,133,2017-12-15,16.8,1.4,14.7,,18.9,12:44,34,2.8,9.2,16:00,74,96,21:50,64,12:50,2025-05-06 14:20:04.305764,2025-05-06 14:20:04.305764
148294,133,2017-12-16,16.9,17.2,15.6,06:00,18.2,09:54,29,3.6,10,13:20,89,98,,80,09:40,2025-05-06 14:20:04.349450,2025-05-06 14:20:04.349450
148311,133,2017-12-17,15.8,0.4,14.7,07:44,16.8,00:01,35,2.8,8.9,15:50,74,98,00:00,62,17:30,2025-05-06 14:20:04.387989,2025-05-06 14:20:04.387989
148329,133,2017-12-18,15.8,0,14.3,06:56,17.4,12:43,4,1.7,6.7,02:20,79,91,22:50,66,03:00,2025-05-06 14:20:04.428114,2025-05-06 14:20:04.428114
148347,133,2017-12-19,15.8,0,14.6,02:57,16.9,12:15,6,1.9,6.1,12:30,80,91,,63,23:30,2025-05-06 14:20:04.470023,2025-05-06 14:20:04.470023
148365,133,2017-12-20,16.2,0,14,02:53,18.4,14:07,6,1.7,6.7,15:40,73,82,23:10,65,14:00,2025-05-06 14:20:04.507031,2025-05-06 14:20:04.507031
148383,133,2017-12-21,16,0,13.3,07:57,18.6,12:51,10,1.9,7.5,12:40,62,83,01:10,48,16:30,2025-05-06 14:20:04.550289,2025-05-06 14:20:04.550289
148401,133,2017-12-22,14.9,0,12.1,22:00,17.7,,8,2.2,7.2,15:10,69,79,08:20,50,23:20,2025-05-06 14:20:04.588310,2025-05-06 14:20:04.588310
148419,133,2017-12-23,14.6,0,11.3,,17.8,,99,1.9,6.1,,61,70,08:00,50,00:20,2025-05-06 14:20:04.629783,2025-05-06 14:20:04.629783
148437,133,2017-12-24,13.6,0,10.4,23:57,16.8,,10,2.2,8.6,13:10,52,78,05:20,36,17:20,2025-05-06 14:20:04.671989,2025-05-06 14:20:04.671989
148455,133,2017-12-25,14,0,10.2,00:04,17.9,14:01,8,2.8,9.7,11:10,62,77,07:00,45,14:50,2025-05-06 14:20:04.712268,2025-05-06 14:20:04.712268
148473,133,2017-12-26,14.6,0,11.3,04:12,17.8,12:03,12,1.9,7.2,12:50,71,76,07:20,51,00:00,2025-05-06 14:20:04.754348,2025-05-06 14:20:04.754348
148491,133,2017-12-27,14.7,0,11.7,04:27,17.7,14:53,99,2.2,6.1,,70,84,23:59,57,11:00,2025-05-06 14:20:04.794563,2025-05-06 14:20:04.794563
148508,133,2017-12-28,16.5,0.2,14.8,04:27,18.2,12:36,5,2.8,8.3,14:50,72,85,00:20,60,12:40,2025-05-06 14:20:04.834151,2025-05-06 14:20:04.834151
148525,133,2017-12-29,15.7,0.2,14.3,06:54,17.1,13:15,3,1.4,6.1,10:50,78,91,,67,14:40,2025-05-06 14:20:04.872793,2025-05-06 14:20:04.872793
148542,133,2017-12-30,17,0,15.4,23:44,18.7,15:04,12,1.4,5.6,12:50,84,88,08:00,78,00:00,2025-05-06 14:20:04.912821,2025-05-06 14:20:04.912821
148560,133,2015-01-16,15.6,3.6,13.5,03:58,17.6,13:04,4,1.9,10.3,15:40,86,98,17:20,68,22:50,2025-05-06 14:30:56.226647,2025-05-06 14:30:56.226647
148576,133,2015-01-17,14.6,0,12.7,06:42,16.6,11:28,36,2.8,9.2,02:10,71,78,05:30,60,14:30,2025-05-06 14:30:56.291487,2025-05-06 14:30:56.291487
148593,133,2015-01-18,14.6,5.6,13.2,00:01,16,22:54,30,4.7,14.2,22:10,72,96,23:59,69,07:50,2025-05-06 14:30:56.338405,2025-05-06 14:30:56.338405
148610,133,2015-01-19,14.6,2.2,12.9,23:49,16.4,12:21,32,4.7,12.8,14:10,83,98,01:10,73,16:30,2025-05-06 14:30:56.382278,2025-05-06 14:30:56.382278
148627,133,2015-01-20,14.4,4.7,13,,15.7,14:54,35,4.2,11.4,23:59,78,98,23:20,69,09:10,2025-05-06 14:30:56.427420,2025-05-06 14:30:56.427420
148645,133,2015-01-21,14.9,0.2,13,00:01,16.8,11:58,99,3.1,10.6,01:30,71,96,00:00,56,12:10,2025-05-06 14:30:56.475467,2025-05-06 14:30:56.475467
148662,133,2015-01-22,15,0.2,13.3,17:22,16.7,13:17,5,1.9,7.8,15:30,73,88,17:00,60,13:00,2025-05-06 14:30:56.538026,2025-05-06 14:30:56.538026
148680,133,2015-01-23,14.9,0.4,13,08:57,16.8,12:37,5,2.2,7.5,12:00,81,92,09:40,70,02:20,2025-05-06 14:30:56.584295,2025-05-06 14:30:56.584295
148698,133,2015-01-24,15,0.6,13.6,04:48,16.5,14:39,34,3.3,9.7,15:00,76,91,00:10,70,,2025-05-06 14:30:56.639104,2025-05-06 14:30:56.639104
148716,133,2015-01-25,14.6,1,13.4,,15.7,12:17,35,2.5,7.2,07:00,82,91,14:00,69,00:00,2025-05-06 14:30:56.687362,2025-05-06 14:30:56.687362
148734,133,2015-01-26,15.2,0,12.7,06:44,17.6,13:45,5,1.9,4.4,13:10,83,91,,77,13:10,2025-05-06 14:30:56.753112,2025-05-06 14:30:56.753112
148752,133,2015-01-27,14.3,0,11.9,07:26,16.7,13:32,31,2.5,6.7,18:10,80,93,01:40,71,15:40,2025-05-06 14:30:56.789938,2025-05-06 14:30:56.789938
148770,133,2015-01-28,15.2,0,13.4,03:44,16.9,15:35,36,2.2,6.4,12:20,74,79,04:00,64,14:30,2025-05-06 14:30:56.825267,2025-05-06 14:30:56.825267
148788,133,2015-01-29,14.3,1.2,12.7,22:18,15.9,11:30,35,2.8,8.1,12:20,79,94,,69,03:10,2025-05-06 14:30:56.858780,2025-05-06 14:30:56.858780
148806,133,2015-01-30,14.8,2.4,13.3,01:55,16.4,14:38,33,4.7,9.7,16:30,88,98,,76,00:10,2025-05-06 14:30:56.892321,2025-05-06 14:30:56.892321
148824,133,2015-01-31,14.4,0.8,13.2,06:56,15.5,14:41,33,4.7,10.8,15:30,96,99,02:40,83,19:50,2025-05-06 14:30:56.927052,2025-05-06 14:30:56.927052
148842,133,2015-02-01,14.2,2.2,12.9,23:17,15.4,14:16,4,2.8,7.8,15:20,87,98,11:00,71,21:30,2025-05-06 14:30:56.963722,2025-05-06 14:30:56.963722
148860,133,2015-02-02,13.6,0.6,12.6,05:02,14.7,14:09,31,2.2,8.6,17:20,77,87,,68,20:00,2025-05-06 14:30:57.014375,2025-05-06 14:30:57.014375
148879,133,2015-02-03,13.9,0,12.3,03:36,15.5,14:50,33,3.1,9.2,20:50,77,92,03:40,67,23:00,2025-05-06 14:30:57.050493,2025-05-06 14:30:57.050493
148898,133,2015-02-04,14.4,0,13,09:56,15.7,13:53,31,2.8,7.2,13:00,74,92,10:10,66,14:00,2025-05-06 14:30:57.086939,2025-05-06 14:30:57.086939
148916,133,2015-02-05,14.4,0,13,05:35,15.9,14:30,4,1.9,6.7,20:20,73,79,,64,10:20,2025-05-06 14:30:57.120603,2025-05-06 14:30:57.120603
148934,133,2015-02-06,13.5,0,12.5,08:00,14.5,14:23,4,1.7,6.1,13:50,68,80,08:10,64,,2025-05-06 14:30:57.154099,2025-05-06 14:30:57.154099
148952,133,2015-02-07,13.4,0.6,12.2,02:58,14.6,14:44,8,1.4,5,14:40,72,90,22:40,65,00:00,2025-05-06 14:30:57.186781,2025-05-06 14:30:57.186781
148971,133,2015-02-08,12.4,0.4,10.5,23:18,14.2,,8,1.4,4.7,11:20,82,93,06:00,70,14:40,2025-05-06 14:30:57.224384,2025-05-06 14:30:57.224384
148990,133,2015-02-09,13.4,0,9.7,06:48,17.1,13:17,4,1.9,4.7,,75,86,21:40,64,13:30,2025-05-06 14:30:57.281785,2025-05-06 14:30:57.281785
149009,133,2015-02-10,13.8,0,10.9,05:41,16.7,15:58,12,1.9,8.6,14:20,81,89,06:00,74,,2025-05-06 14:30:57.321937,2025-05-06 14:30:57.321937
149028,133,2015-02-11,14.1,1.6,11.5,05:38,16.7,10:53,32,1.9,6.1,15:50,84,95,19:40,75,16:40,2025-05-06 14:30:57.376062,2025-05-06 14:30:57.376062
149047,133,2015-02-12,13.7,0.2,10.9,02:53,16.5,14:36,32,2.2,8.1,15:30,80,93,08:20,63,13:50,2025-05-06 14:30:57.431483,2025-05-06 14:30:57.431483
149066,133,2015-02-13,14.6,0,12.9,00:01,16.3,12:24,33,2.5,10,14:20,74,83,23:30,66,13:00,2025-05-06 14:30:57.485515,2025-05-06 14:30:57.485515
149085,133,2015-02-14,14.4,0,12.4,03:12,16.5,12:48,3,2.2,6.7,10:10,75,84,,65,12:40,2025-05-06 14:30:57.545159,2025-05-06 14:30:57.545159
149104,133,2015-02-15,15.4,0,13,,17.8,14:46,33,1.7,6.1,20:20,77,85,,69,13:00,2025-05-06 14:30:57.591901,2025-05-06 14:30:57.591901
149123,133,2015-02-16,15.5,1.8,14,,17,12:02,32,3.9,10.8,12:30,88,96,13:00,75,20:50,2025-05-06 14:30:57.636935,2025-05-06 14:30:57.636935
149142,133,2015-02-17,14.2,0.2,12.1,04:22,16.3,12:19,33,3.9,10.3,18:00,83,96,,72,12:30,2025-05-06 14:30:57.681323,2025-05-06 14:30:57.681323
149161,133,2015-02-18,14.4,0.2,12.4,06:51,16.4,13:47,35,4.2,12.2,16:30,75,81,06:30,63,12:40,2025-05-06 14:30:57.727824,2025-05-06 14:30:57.727824
149180,133,2015-02-19,13.8,6,11.5,20:56,16.2,13:17,34,6.4,14.7,15:50,77,90,21:00,72,04:40,2025-05-06 14:30:57.789886,2025-05-06 14:30:57.789886
149199,133,2015-02-20,14.8,0,13.4,01:35,16.3,11:30,33,5.3,14.4,01:20,77,88,01:40,69,14:40,2025-05-06 14:30:57.844362,2025-05-06 14:30:57.844362
149218,133,2015-02-21,14.7,5.4,13.5,04:03,15.9,12:24,31,6.1,13.3,22:20,87,99,,75,03:50,2025-05-06 14:30:57.889335,2025-05-06 14:30:57.889335
149237,133,2015-02-22,14.8,2.6,13.1,06:29,16.6,13:03,33,3.3,10.8,00:20,86,100,02:30,73,13:10,2025-05-06 14:30:57.948306,2025-05-06 14:30:57.948306
149255,133,2015-02-23,14,4.2,12.9,,15,13:12,31,3.1,8.3,16:20,98,100,,95,02:20,2025-05-06 14:30:58.012552,2025-05-06 14:30:58.012552
149273,133,2015-02-24,14.6,0,13.2,06:54,16,14:07,33,2.8,8.9,08:40,88,99,,81,14:00,2025-05-06 14:30:58.055943,2025-05-06 14:30:58.055943
149291,133,2015-02-25,14.6,0.2,13,05:35,16.2,12:59,30,3.6,9.7,10:10,83,90,23:10,80,,2025-05-06 14:30:58.098148,2025-05-06 14:30:58.098148
149309,133,2015-02-26,14.2,2.3,12.7,06:51,15.8,14:17,33,3.3,8.6,15:20,85,92,06:40,77,15:40,2025-05-06 14:30:58.141653,2025-05-06 14:30:58.141653
149326,133,2015-02-27,15,1.2,13.6,05:58,16.5,13:06,32,2.8,8.6,09:30,81,95,22:30,74,13:00,2025-05-06 14:30:58.182215,2025-05-06 14:30:58.182215
149344,133,2015-02-28,14.6,0,12.9,04:58,16.2,14:43,31,4.4,9.7,15:30,86,97,04:30,75,13:40,2025-05-06 14:30:58.232490,2025-05-06 14:30:58.232490
149362,133,2015-03-01,14.3,0,13.5,,15.1,,31,4.2,8.1,09:00,83,95,00:00,77,21:40,2025-05-06 14:30:58.274134,2025-05-06 14:30:58.274134
149380,133,2015-03-02,14.8,0,13.2,01:32,16.5,13:04,36,1.4,6.4,00:10,80,93,23:30,72,13:40,2025-05-06 14:30:58.321064,2025-05-06 14:30:58.321064
149397,133,2015-03-03,15.7,0,14.1,,17.3,,32,1.4,6.7,23:30,89,95,03:40,82,11:50,2025-05-06 14:30:58.364941,2025-05-06 14:30:58.364941
149414,133,2015-03-04,16.3,0,14.3,05:32,18.3,14:19,31,1.9,5.6,00:20,85,96,23:59,76,12:40,2025-05-06 14:30:58.409746,2025-05-06 14:30:58.409746
149431,133,2015-03-05,15.6,0,12.8,06:37,18.4,12:17,30,3.1,8.6,20:00,89,97,,80,12:20,2025-05-06 14:30:58.453639,2025-05-06 14:30:58.453639
149449,133,2015-03-06,15.3,0,12.6,07:16,18,14:51,27,3.9,8.1,03:30,89,96,06:20,81,,2025-05-06 14:30:58.495737,2025-05-06 14:30:58.495737
149467,133,2015-03-07,19,0,12.7,03:01,25.2,15:37,14,4.7,15.6,12:50,30,94,02:30,22,,2025-05-06 14:30:58.540321,2025-05-06 14:30:58.540321
149486,133,2015-03-08,18.8,0,14.7,23:58,22.9,15:00,11,3.3,10.3,06:10,30,66,23:30,20,15:30,2025-05-06 14:30:58.587695,2025-05-06 14:30:58.587695
149505,133,2015-03-09,16.3,0,12.9,05:18,19.7,13:23,34,1.7,5.3,14:30,79,90,,60,00:00,2025-05-06 14:30:58.634100,2025-05-06 14:30:58.634100
149524,133,2015-03-10,16.2,0,12.2,03:56,20.3,12:04,30,2.2,5.6,09:20,80,92,,58,12:10,2025-05-06 14:30:58.681925,2025-05-06 14:30:58.681925
149543,133,2015-03-11,16.5,0,11.6,05:02,21.4,14:29,31,2.5,8.1,17:50,83,94,,50,14:20,2025-05-06 14:30:58.729482,2025-05-06 14:30:58.729482
149562,133,2015-03-12,16.4,0,12.1,07:40,20.6,14:23,29,2.2,8.1,05:30,77,94,04:10,39,14:40,2025-05-06 14:30:58.776378,2025-05-06 14:30:58.776378
149581,133,2015-03-13,14.2,0,12.1,,16.3,13:46,31,3.1,7.8,18:10,78,86,04:20,70,13:50,2025-05-06 14:30:58.827716,2025-05-06 14:30:58.827716
149600,133,2015-03-14,14.8,0,13.6,07:13,16.1,14:44,32,4.2,10,12:00,71,83,,59,14:40,2025-05-06 14:30:58.875712,2025-05-06 14:30:58.875712
149619,133,2015-03-15,14.2,0,11.3,23:00,17.2,13:02,33,3.1,7.8,16:30,79,88,06:30,66,15:00,2025-05-06 14:30:58.923498,2025-05-06 14:30:58.923498
149638,133,2015-03-16,13.8,0,9.8,07:03,17.9,12:50,30,2.8,6.9,15:30,67,85,23:50,56,06:50,2025-05-06 14:30:58.972539,2025-05-06 14:30:58.972539
149657,133,2015-03-17,14.8,0,12.1,01:40,17.4,10:51,32,5.3,11.7,15:10,75,86,,67,,2025-05-06 14:30:59.014739,2025-05-06 14:30:59.014739
149676,133,2015-03-18,14,2.2,12.1,06:59,16,,33,5,14.7,09:30,76,91,,64,10:50,2025-05-06 14:30:59.074854,2025-05-06 14:30:59.074854
149695,133,2015-03-19,14.5,0,12.4,02:11,16.6,13:40,28,6.1,13.9,20:30,78,92,02:20,68,15:00,2025-05-06 14:30:59.128877,2025-05-06 14:30:59.128877
149713,133,2015-03-20,14,1.6,12.2,10:55,15.9,12:33,30,4.4,11.4,12:00,80,91,10:20,69,16:50,2025-05-06 14:30:59.177369,2025-05-06 14:30:59.177369
149731,133,2015-03-21,14.4,3,10.6,06:59,18.3,14:04,32,3.3,8.6,17:40,72,93,09:10,59,14:10,2025-05-06 14:30:59.231844,2025-05-06 14:30:59.231844
149749,133,2015-03-22,14.4,5.8,12,05:40,16.8,12:29,29,4.4,13.1,21:00,74,95,23:00,59,16:00,2025-05-06 14:30:59.283141,2025-05-06 14:30:59.283141
149767,133,2015-03-23,13.2,11.6,10.8,11:03,15.6,14:21,32,5.8,13.6,14:50,86,97,11:30,78,09:40,2025-05-06 14:30:59.331715,2025-05-06 14:30:59.331715
149784,133,2015-03-24,14,0.6,12.4,13:14,15.5,15:05,32,6.1,13.9,11:00,78,94,13:40,63,08:40,2025-05-06 14:30:59.379087,2025-05-06 14:30:59.379087
149802,133,2015-03-25,13.7,0.4,12.4,18:57,15,13:12,32,4.4,11.7,00:10,72,93,19:10,65,,2025-05-06 14:30:59.429005,2025-05-06 14:30:59.429005
149820,133,2015-03-26,14.4,,12.7,05:59,16.2,14:10,31,2.5,8.1,14:20,76,89,23:00,67,14:20,2025-05-06 14:30:59.479437,2025-05-06 14:30:59.479437
149838,133,2015-03-27,15.4,0,13.5,06:24,17.4,13:09,99,3.3,7.8,16:50,81,88,20:00,71,13:10,2025-05-06 14:30:59.531231,2025-05-06 14:30:59.531231
149855,133,2015-03-28,16,0,14.1,07:32,17.8,15:03,32,2.5,7.8,00:20,91,94,,82,15:10,2025-05-06 14:30:59.579117,2025-05-06 14:30:59.579117
149873,133,2015-03-29,15.4,0,13.9,02:01,17,11:26,34,3.1,7.2,17:10,91,96,,82,11:30,2025-05-06 14:30:59.621039,2025-05-06 14:30:59.621039
149891,133,2015-03-30,17.3,0,13.3,06:35,21.3,12:05,34,1.9,5.8,16:30,81,97,,62,11:30,2025-05-06 14:30:59.663053,2025-05-06 14:30:59.663053
149910,133,2015-03-31,15.9,0,12.6,02:34,19.2,13:58,30,2.5,6.4,05:00,84,97,,75,,2025-05-06 14:30:59.702928,2025-05-06 14:30:59.702928
149928,133,2015-04-01,16,0,13.3,06:17,18.6,13:29,33,2.5,7.5,00:50,88,96,,77,,2025-05-06 14:30:59.749116,2025-05-06 14:30:59.749116
149945,133,2015-04-02,15.8,0,13.6,06:13,18.1,14:52,32,3.3,8.6,16:00,88,96,,78,15:00,2025-05-06 14:30:59.784951,2025-05-06 14:30:59.784951
149964,133,2015-04-03,16.2,0,13.9,,18.5,13:56,31,3.9,11.1,23:40,84,94,00:40,76,,2025-05-06 14:30:59.827858,2025-05-06 14:30:59.827858
149982,133,2015-04-04,16,,14.3,07:06,17.7,13:41,29,5.3,13.1,22:40,75,85,00:00,65,11:30,2025-05-06 14:30:59.883086,2025-05-06 14:30:59.883086
150001,133,2015-04-05,16.2,,14.4,03:19,18.1,10:42,29,6.7,15,14:20,77,92,03:10,65,10:40,2025-05-06 14:30:59.937342,2025-05-06 14:30:59.937342
150020,133,2015-04-06,16.2,0.8,14.3,23:20,18,11:32,99,3.6,11.9,00:40,77,92,,57,13:50,2025-05-06 14:30:59.993488,2025-05-06 14:30:59.993488
150039,133,2015-04-07,15.6,0,11.4,06:30,19.9,12:41,6,2.5,6.1,13:10,74,92,,58,,2025-05-06 14:31:00.046503,2025-05-06 14:31:00.046503
150058,133,2015-04-08,15.2,,11.9,06:49,18.5,10:44,32,1.4,5.6,23:30,82,90,00:00,67,10:50,2025-05-06 14:31:00.093321,2025-05-06 14:31:00.093321
150077,133,2015-04-09,15.8,0,12.1,06:41,19.4,12:58,0,2.5,,,74,92,02:10,61,12:00,2025-05-06 14:31:00.139797,2025-05-06 14:31:00.139797
150096,133,2015-04-10,15.8,0,12.8,06:59,18.8,13:40,35,2.8,7.8,14:50,76,91,,59,13:30,2025-05-06 14:31:00.191081,2025-05-06 14:31:00.191081
150115,133,2015-04-11,16.2,0,13.6,05:47,18.7,15:52,8,1.9,7.5,13:20,80,90,,64,15:30,2025-05-06 14:31:00.242990,2025-05-06 14:31:00.242990
150134,133,2015-04-12,16.4,0,13.9,,18.9,11:21,35,3.1,8.3,13:10,68,87,03:30,55,11:30,2025-05-06 14:31:00.293894,2025-05-06 14:31:00.293894
150153,133,2015-04-13,15.6,0,11.6,06:21,19.5,12:47,10,2.8,8.9,13:50,69,88,23:50,58,13:00,2025-05-06 14:31:00.341350,2025-05-06 14:31:00.341350
150172,133,2015-04-14,15.9,0,12.4,06:08,19.4,12:21,32,3.6,9.7,17:00,80,90,06:30,64,12:10,2025-05-06 14:31:00.390047,2025-05-06 14:31:00.390047
150191,133,2015-04-15,16.2,0,13.4,02:18,19,13:46,33,4.2,8.9,12:50,76,87,,60,13:40,2025-05-06 14:31:00.436598,2025-05-06 14:31:00.436598
150210,133,2015-04-16,17,0,14.6,03:05,19.5,13:47,32,2.8,6.9,15:00,74,90,02:10,60,13:30,2025-05-06 14:31:00.481783,2025-05-06 14:31:00.481783
150229,133,2015-04-17,16.5,0,13.8,05:31,19.2,13:45,99,2.5,6.4,,75,84,,57,14:20,2025-05-06 14:31:00.527700,2025-05-06 14:31:00.527700
150248,133,2015-04-18,15.6,0,13.4,06:32,17.8,12:03,33,2.8,8.3,17:20,78,88,05:50,68,,2025-05-06 14:31:00.575512,2025-05-06 14:31:00.575512
150267,133,2015-04-19,15.7,0,14.1,05:41,17.3,16:12,31,3.1,7.8,09:10,74,85,00:50,63,09:40,2025-05-06 14:31:00.622367,2025-05-06 14:31:00.622367
150286,133,2015-04-20,16.4,0,14.7,03:21,18.1,16:14,34,3.6,8.3,07:50,72,90,23:20,60,13:30,2025-05-06 14:31:00.674370,2025-05-06 14:31:00.674370
150305,133,2015-04-21,16.7,0,14.3,03:58,19.1,13:41,30,3.9,8.3,08:50,76,88,,60,13:50,2025-05-06 14:31:00.725120,2025-05-06 14:31:00.725120
150324,133,2015-04-22,16.4,0,14.3,,18.6,16:05,1,1.9,6.9,15:50,68,82,23:30,62,13:00,2025-05-06 14:31:00.776533,2025-05-06 14:31:00.776533
150343,133,2015-04-23,16.5,0,14,06:45,19,13:29,36,2.8,7.8,14:50,72,83,20:50,63,13:30,2025-05-06 14:31:00.821559,2025-05-06 14:31:00.821559
150362,133,2015-04-24,16.8,0,11.9,06:19,21.7,13:44,33,2.2,7.2,09:20,76,89,06:50,63,12:00,2025-05-06 14:31:00.866005,2025-05-06 14:31:00.866005
150381,133,2015-04-25,17.9,0,14.5,05:39,21.3,12:34,32,1.9,6.9,22:10,80,92,,71,13:10,2025-05-06 14:31:00.912591,2025-05-06 14:31:00.912591
150400,133,2015-04-26,17.6,0,14.4,03:45,20.9,12:19,30,3.6,8.1,15:00,77,92,,69,,2025-05-06 14:31:00.960209,2025-05-06 14:31:00.960209
150419,133,2015-04-27,18.2,0,16,,20.4,15:43,31,1.9,8.6,14:10,80,91,10:00,65,15:10,2025-05-06 14:31:01.005522,2025-05-06 14:31:01.005522
150438,133,2015-04-28,17.6,0,15.3,,20,13:54,3,2.2,8.3,14:40,72,83,,64,,2025-05-06 14:31:01.052979,2025-05-06 14:31:01.052979
150457,133,2015-04-29,18,0,15.2,,20.9,13:49,4,1.9,6.4,15:00,77,87,20:40,67,,2025-05-06 14:31:01.101037,2025-05-06 14:31:01.101037
150476,133,2015-04-30,17.4,0,13,05:07,21.7,14:39,5,1.9,5.8,11:40,79,92,06:30,61,13:30,2025-05-06 14:31:01.147052,2025-05-06 14:31:01.147052
150495,133,2015-05-01,17.6,0,13.3,04:53,21.9,13:39,31,2.8,7.2,16:20,78,93,07:00,63,14:30,2025-05-06 14:31:01.194853,2025-05-06 14:31:01.194853
150514,133,2015-05-02,19.5,0,13.7,06:23,25.3,13:30,32,2.5,7.5,11:00,63,93,05:40,43,18:40,2025-05-06 14:31:01.245599,2025-05-06 14:31:01.245599
150533,133,2015-05-03,20.3,0,15.3,02:58,25.3,11:57,31,1.9,6.7,13:50,46,87,02:40,24,09:40,2025-05-06 14:31:01.294015,2025-05-06 14:31:01.294015
150552,133,2015-05-04,19.2,0,15.2,05:37,23.1,11:48,32,3.6,8.3,12:40,80,93,23:30,59,01:40,2025-05-06 14:31:01.342428,2025-05-06 14:31:01.342428
150570,133,2015-05-05,18.4,0,15.7,23:52,21,11:22,32,2.2,6.7,12:00,80,95,07:10,65,11:30,2025-05-06 14:31:01.396855,2025-05-06 14:31:01.396855
150587,133,2015-05-06,18.6,0,15,01:19,22.1,14:10,5,1.7,5.3,10:40,77,91,,67,14:10,2025-05-06 14:31:01.442997,2025-05-06 14:31:01.442997
150606,133,2015-05-07,18.4,0,14.6,02:04,22.2,15:12,32,4.4,8.6,,82,93,07:00,55,04:50,2025-05-06 14:31:01.494061,2025-05-06 14:31:01.494061
150625,133,2015-05-08,18.8,0,15.9,05:35,21.8,12:16,32,2.5,7.8,14:20,75,89,07:20,66,15:20,2025-05-06 14:31:01.542413,2025-05-06 14:31:01.542413
150644,133,2015-05-09,19.3,0,16.6,,22,15:05,34,2.8,6.9,10:50,77,87,,67,14:10,2025-05-06 14:31:01.592976,2025-05-06 14:31:01.592976
150663,133,2015-05-10,19,0,16.1,06:27,21.9,13:05,33,2.8,6.4,20:10,79,89,,69,12:30,2025-05-06 14:31:01.641490,2025-05-06 14:31:01.641490
150682,133,2015-05-11,22,0,14.2,05:55,29.9,13:44,28,2.5,8.6,19:40,68,92,,48,13:30,2025-05-06 14:31:01.691007,2025-05-06 14:31:01.691007
150701,133,2015-05-12,20.4,0,17.3,05:21,23.4,13:43,29,3.6,8.3,22:10,82,96,21:40,40,02:50,2025-05-06 14:31:01.735489,2025-05-06 14:31:01.735489
150720,133,2015-05-13,25.5,0,18.6,02:15,32.4,10:09,32,3.6,9.2,18:40,54,90,20:10,24,07:30,2025-05-06 14:31:01.783285,2025-05-06 14:31:01.783285
150739,133,2015-05-14,22.6,0,19.9,23:39,25.2,10:32,28,2.8,7.2,02:40,60,80,23:40,35,06:30,2025-05-06 14:31:01.832260,2025-05-06 14:31:01.832260
150758,133,2015-05-15,22.8,0,18.7,06:04,26.9,14:18,29,1.9,6.1,23:40,68,85,06:40,47,13:40,2025-05-06 14:31:01.878000,2025-05-06 14:31:01.878000
150777,133,2015-05-16,19.6,0,17.1,23:53,22.1,12:23,34,3.1,8.1,20:00,77,87,,50,01:40,2025-05-06 14:31:01.927798,2025-05-06 14:31:01.927798
150796,133,2015-05-17,19.8,0,16.3,,23.2,13:51,32,3.3,8.3,20:30,79,92,03:00,59,13:50,2025-05-06 14:31:01.974853,2025-05-06 14:31:01.974853
150815,133,2015-05-18,18.4,0,16.5,04:17,20.4,14:52,28,5.3,11.1,17:20,77,89,00:00,67,15:00,2025-05-06 14:31:02.017236,2025-05-06 14:31:02.017236
150834,133,2015-05-19,18.5,0,16.8,01:43,20.2,12:19,34,5.6,11.9,13:40,79,89,,68,12:20,2025-05-06 14:31:02.064302,2025-05-06 14:31:02.064302
150853,133,2015-05-20,17.6,0,15.8,06:07,19.4,15:47,32,6.1,13.1,21:20,70,80,00:20,63,13:20,2025-05-06 14:31:02.110410,2025-05-06 14:31:02.110410
150872,133,2015-05-21,17.6,0,15.7,04:52,19.4,13:37,31,6.4,11.7,04:40,74,82,19:00,63,14:00,2025-05-06 14:31:02.159795,2025-05-06 14:31:02.159795
150891,133,2015-05-22,17.5,0,15.8,03:56,19.2,13:24,28,6.7,13.1,15:10,74,81,01:20,70,12:40,2025-05-06 14:31:02.206013,2025-05-06 14:31:02.206013
150910,133,2015-05-23,17.6,0,15.6,03:12,19.5,12:08,32,6.7,12.5,00:10,75,83,21:10,64,12:20,2025-05-06 14:31:02.255167,2025-05-06 14:31:02.255167
150929,133,2015-05-24,17.7,0.4,15.9,05:36,19.5,14:04,32,6.4,13.9,14:20,74,86,23:50,58,14:10,2025-05-06 14:31:02.305900,2025-05-06 14:31:02.305900
150948,133,2015-05-25,17.6,0.4,14.4,03:22,20.8,15:03,30,4.2,11.1,16:10,69,95,09:50,51,14:40,2025-05-06 14:31:02.359514,2025-05-06 14:31:02.359514
150966,133,2015-05-26,18.1,0,15.2,06:13,21,13:20,35,3.1,9.2,14:10,78,88,06:10,60,11:30,2025-05-06 14:31:02.404509,2025-05-06 14:31:02.404509
150983,133,2015-05-27,18.2,0,15.9,02:14,20.6,14:17,34,4.4,9.4,14:50,76,88,,70,13:20,2025-05-06 14:31:02.448699,2025-05-06 14:31:02.448699
151002,133,2015-05-28,18.6,0,16.2,,21,13:29,31,4.7,10.6,11:20,75,89,,63,13:40,2025-05-06 14:31:02.497017,2025-05-06 14:31:02.497017
151021,133,2015-05-29,19,0,16.7,05:28,21.2,14:00,31,3.6,7.8,03:10,78,86,,67,14:50,2025-05-06 14:31:02.544924,2025-05-06 14:31:02.544924
151040,133,2015-05-30,18.9,0,16.6,05:27,21.2,15:19,33,3.6,8.6,16:30,77,87,02:40,69,14:00,2025-05-06 14:31:02.593412,2025-05-06 14:31:02.593412
151059,133,2015-05-31,18.7,0,16.4,03:20,21,15:26,36,4.7,10.6,14:20,78,86,02:20,68,15:00,2025-05-06 14:31:02.644547,2025-05-06 14:31:02.644547
151078,133,2015-06-01,18,0.6,16,,19.9,13:47,32,5.6,11.1,17:50,78,90,21:50,66,13:30,2025-05-06 14:31:02.691308,2025-05-06 14:31:02.691308
151097,133,2015-06-02,18.2,0,16,05:17,20.5,14:08,33,5.8,11.4,16:20,86,96,06:40,73,12:50,2025-05-06 14:31:02.736529,2025-05-06 14:31:02.736529
151116,133,2015-06-03,18.7,0,16.3,03:44,21.1,14:42,28,4.7,10,00:40,81,90,,70,14:40,2025-05-06 14:31:02.783653,2025-05-06 14:31:02.783653
151135,133,2015-06-04,18.8,0,16.6,05:43,20.9,12:13,32,4.2,8.9,13:30,82,91,,71,,2025-05-06 14:31:02.832703,2025-05-06 14:31:02.832703
151154,133,2015-06-05,17.7,0.8,16.7,23:07,18.7,11:27,34,3.9,9.7,20:40,90,99,,86,11:30,2025-05-06 14:31:02.882479,2025-05-06 14:31:02.882479
151173,133,2015-06-06,19.2,0.2,16.3,02:08,22.1,15:15,31,4.7,11.4,05:40,89,99,,72,15:10,2025-05-06 14:31:02.930081,2025-05-06 14:31:02.930081
151192,133,2015-06-07,19.5,0,17.4,,21.6,13:53,33,5.8,12.8,19:50,84,94,,73,,2025-05-06 14:31:02.979459,2025-05-06 14:31:02.979459
151211,133,2015-06-08,18,0,16.6,07:00,19.5,12:49,28,4.2,8.9,00:30,86,94,07:00,79,14:50,2025-05-06 14:31:03.028025,2025-05-06 14:31:03.028025
151230,133,2015-06-09,18.8,0,16.3,03:58,21.3,13:18,33,3.1,7.5,02:40,80,89,,72,13:20,2025-05-06 14:31:03.078999,2025-05-06 14:31:03.078999
151249,133,2015-06-10,18.6,0,16.1,23:58,21.1,14:28,28,3.6,9.2,19:40,69,84,01:20,59,14:30,2025-05-06 14:31:03.128809,2025-05-06 14:31:03.128809
151268,133,2015-06-11,18.2,0,14.2,04:14,22.2,12:47,34,3.1,8.1,13:50,68,85,23:40,59,10:30,2025-05-06 14:31:03.178157,2025-05-06 14:31:03.178157
151287,133,2015-06-12,18.8,0,15.1,04:23,22.4,14:39,9,1.7,6.4,14:40,74,88,23:00,60,09:50,2025-05-06 14:31:03.229283,2025-05-06 14:31:03.229283
151306,133,2015-06-13,19,0.2,15.9,,22.2,11:47,1,2.2,6.9,11:20,78,90,23:20,70,,2025-05-06 14:31:03.276784,2025-05-06 14:31:03.276784
151325,133,2015-06-14,19.6,0,17.1,05:58,22,13:32,32,3.6,9.7,16:20,73,92,04:10,59,13:10,2025-05-06 14:31:03.322973,2025-05-06 14:31:03.322973
151344,133,2015-06-15,19.2,0,16.7,03:02,21.6,14:40,32,3.1,8.6,13:20,74,87,,63,16:00,2025-05-06 14:31:03.372498,2025-05-06 14:31:03.372498
151363,133,2015-06-16,19.5,0,17.1,,21.9,14:23,34,3.9,9.2,15:10,77,89,01:30,64,,2025-05-06 14:31:03.418181,2025-05-06 14:31:03.418181
151382,133,2015-06-17,18.6,0,17.1,03:11,20.1,15:41,30,3.6,9.2,11:00,76,86,,68,09:50,2025-05-06 14:31:03.462899,2025-05-06 14:31:03.462899
151401,133,2015-06-18,19.4,0,17.3,05:17,21.6,14:00,33,4.2,8.9,14:50,75,90,23:59,70,13:50,2025-05-06 14:31:03.516869,2025-05-06 14:31:03.516869
151419,133,2015-06-19,19.1,0,16.1,04:35,22.1,14:24,99,3.6,7.8,,80,90,,70,15:00,2025-05-06 14:31:03.562678,2025-05-06 14:31:03.562678
151438,133,2015-06-20,19.6,0,16.8,,22.3,14:51,30,3.9,8.3,10:30,79,89,23:30,71,,2025-05-06 14:31:03.612056,2025-05-06 14:31:03.612056
151457,133,2015-06-21,19.7,0,17.2,02:57,22.2,14:52,32,3.6,8.3,10:00,80,89,,72,,2025-05-06 14:31:03.658274,2025-05-06 14:31:03.658274
151476,133,2015-06-22,19.9,0,17.7,05:27,22.1,13:37,31,4.4,10.3,15:20,72,86,,61,15:10,2025-05-06 14:31:03.711555,2025-05-06 14:31:03.711555
151495,133,2015-06-23,20.2,0,17.4,04:41,22.9,13:57,30,5,10.6,13:50,75,88,23:40,61,12:00,2025-05-06 14:31:03.757552,2025-05-06 14:31:03.757552
151514,133,2015-06-24,19.4,0,16.5,06:00,22.4,13:56,31,4.4,10.6,17:10,76,88,,61,14:40,2025-05-06 14:31:03.803551,2025-05-06 14:31:03.803551
151533,133,2015-06-25,19.9,0,17.8,05:42,22,13:39,34,4.4,10,11:00,75,86,21:40,67,13:40,2025-05-06 14:31:03.850819,2025-05-06 14:31:03.850819
151551,133,2015-06-26,19.5,0,18,04:34,21,11:59,29,4.4,11.1,17:10,80,91,05:00,74,12:20,2025-05-06 14:31:03.900609,2025-05-06 14:31:03.900609
151569,133,2015-06-27,20,0,17.8,02:31,22.1,14:31,30,4.2,9.4,17:10,75,92,02:20,70,12:40,2025-05-06 14:31:03.948289,2025-05-06 14:31:03.948289
151588,133,2015-06-28,20.9,0,17.9,06:06,23.9,14:57,99,3.6,8.9,,81,91,,68,15:00,2025-05-06 14:31:03.996519,2025-05-06 14:31:03.996519
151607,133,2015-06-29,20.4,0,18,06:15,22.9,,32,2.8,8.1,02:40,83,92,05:20,74,11:50,2025-05-06 14:31:04.047913,2025-05-06 14:31:04.047913
151625,133,2015-06-30,20.3,0,18,03:19,22.6,14:11,32,3.9,8.9,21:00,83,95,,74,13:30,2025-05-06 14:31:04.096026,2025-05-06 14:31:04.096026
151644,133,2015-07-01,20,1,17.9,06:22,22,14:59,32,4.2,9.4,12:30,81,89,04:30,73,15:00,2025-05-06 14:31:04.145048,2025-05-06 14:31:04.145048
151662,133,2015-07-02,19.7,3.7,18.4,,21,13:53,32,1.7,6.7,15:10,93,98,,88,00:00,2025-05-06 14:31:04.191838,2025-05-06 14:31:04.191838
151679,133,2015-07-03,19.8,0.2,18.1,01:43,21.4,,31,3.9,8.3,17:40,83,93,01:20,75,14:50,2025-05-06 14:31:04.236680,2025-05-06 14:31:04.236680
151695,133,2015-07-04,19.8,0,17.9,,21.7,13:41,29,4.4,10.3,17:20,78,86,06:10,72,,2025-05-06 14:31:04.277729,2025-05-06 14:31:04.277729
151710,133,2015-07-05,20.4,0,17.9,02:13,23,14:13,30,4.4,10.8,18:10,81,91,,73,12:00,2025-05-06 14:31:04.317984,2025-05-06 14:31:04.317984
151728,133,2015-07-06,20.4,0,19.5,,21.3,14:22,30,4.4,10.6,20:20,93,96,,88,00:20,2025-05-06 14:31:04.363938,2025-05-06 14:31:04.363938
151746,133,2015-07-07,24,0,20,00:01,28.1,16:27,32,2.8,8.3,00:40,83,98,08:10,49,23:59,2025-05-06 14:31:04.410895,2025-05-06 14:31:04.410895
151764,133,2015-07-08,23.3,0,20.5,23:54,26.1,00:01,32,3.6,6.9,,80,90,20:30,43,05:20,2025-05-06 14:31:04.458529,2025-05-06 14:31:04.458529
151782,133,2015-07-09,25.2,0,20.1,23:55,30.3,13:52,33,2.2,6.4,12:20,43,87,,25,13:50,2025-05-06 14:31:04.508932,2025-05-06 14:31:04.508932
151800,133,2015-07-10,22.5,0,19.5,23:41,25.5,14:27,32,3.6,8.9,11:50,77,91,23:10,28,05:20,2025-05-06 14:31:04.553302,2025-05-06 14:31:04.553302
151818,133,2015-07-11,20.6,0,18.8,05:00,22.3,12:56,32,5.3,10,14:50,82,91,00:40,75,14:20,2025-05-06 14:31:04.599934,2025-05-06 14:31:04.599934
151836,133,2015-07-12,21.1,0,19.2,,23,12:49,32,5,10.6,17:50,83,92,04:40,77,11:50,2025-05-06 14:31:04.646020,2025-05-06 14:31:04.646020
151854,133,2015-07-13,20.6,0,18.7,04:22,22.4,15:22,28,5,10,04:30,87,93,,80,15:20,2025-05-06 14:31:04.692020,2025-05-06 14:31:04.692020
151872,133,2015-07-14,21.6,0,19,05:05,24.1,12:19,32,4.7,10,16:40,88,96,,77,12:20,2025-05-06 14:31:04.741759,2025-05-06 14:31:04.741759
153614,133,2024-05-28,18.9,0,16.7,01:27,21.1,15:01,32,5.3,9.4,13:30,68,81,02:20,59,14:50,2025-05-06 16:22:58.338287,2025-05-06 16:22:58.338287
153632,133,2024-05-29,19.2,0,16.9,05:49,21.5,13:57,34,5,11.4,11:20,66,80,03:30,58,13:10,2025-05-06 16:22:58.435112,2025-05-06 16:22:58.435112
153650,133,2024-05-30,19.6,0,17.5,04:58,21.7,13:41,34,6.1,12.5,14:40,72,85,22:00,60,14:10,2025-05-06 16:22:58.539571,2025-05-06 16:22:58.539571
153668,133,2024-05-31,19.6,0.4,17.4,07:10,21.7,13:43,30,6.4,15,16:50,74,87,07:00,60,14:30,2025-05-06 16:22:58.654657,2025-05-06 16:22:58.654657
153686,133,2024-06-01,19,0,17.1,03:57,20.9,14:32,31,6.1,13.6,11:20,85,95,04:30,72,14:20,2025-05-06 16:22:58.778852,2025-05-06 16:22:58.778852
153704,133,2024-06-02,19.7,0,17.5,06:52,21.9,13:11,28,6.1,12.2,13:40,74,84,04:50,66,15:00,2025-05-06 16:22:58.894100,2025-05-06 16:22:58.894100
153722,133,2024-06-03,,0,,,,,32,6.4,13.3,14:10,69,,,,,2025-05-06 16:22:59.003181,2025-05-06 16:22:59.003181
153740,133,2024-06-04,20.3,0,17.8,,22.8,15:20,29,4.7,11.1,00:40,72,87,00:30,59,15:10,2025-05-06 16:22:59.116129,2025-05-06 16:22:59.116129
153758,133,2024-06-05,20.6,0,18.1,,23,13:40,30,3.1,8.1,00:10,75,89,06:30,60,11:20,2025-05-06 16:22:59.216037,2025-05-06 16:22:59.216037
153776,133,2024-06-06,19.5,0,16.5,06:11,22.5,09:18,7,1.1,5.3,10:40,83,90,,63,09:20,2025-05-06 16:22:59.284066,2025-05-06 16:22:59.284066
153794,133,2024-06-07,20.5,0,16.6,03:02,24.4,12:17,32,1.9,7.8,13:20,72,89,02:40,56,09:40,2025-05-06 16:22:59.345755,2025-05-06 16:22:59.345755
153812,133,2024-06-08,20.6,0.6,16.6,05:18,24.6,12:33,32,2.5,8.1,14:00,73,89,23:59,60,09:10,2025-05-06 16:22:59.408453,2025-05-06 16:22:59.408453
153830,133,2024-06-09,20.9,0,17.8,,24,14:11,30,3.6,9.7,20:20,72,93,02:40,53,14:30,2025-05-06 16:22:59.474463,2025-05-06 16:22:59.474463
153848,133,2024-06-10,20.7,0.4,18.2,,23.2,13:35,33,5,10.8,09:50,70,87,01:10,56,13:40,2025-05-06 16:22:59.565881,2025-05-06 16:22:59.565881
153866,133,2024-06-11,19.3,0,16.8,06:39,21.8,12:29,31,3.9,11.1,16:00,76,93,07:00,58,15:40,2025-05-06 16:22:59.696508,2025-05-06 16:22:59.696508
153884,133,2024-06-12,19.3,0,16.9,04:13,21.7,11:43,99,4.2,9.7,,70,84,18:20,55,11:40,2025-05-06 16:22:59.825516,2025-05-06 16:22:59.825516
153902,133,2024-06-13,19.6,0,17.1,02:24,22,13:39,34,4.7,10,16:20,73,87,02:30,60,13:30,2025-05-06 16:22:59.952343,2025-05-06 16:22:59.952343
153920,133,2024-06-14,19.6,0,17.4,01:31,21.8,15:21,33,4.2,9.2,13:20,71,80,01:00,58,15:30,2025-05-06 16:23:00.094095,2025-05-06 16:23:00.094095
153938,133,2024-06-15,20.2,0,17.5,02:57,23,14:22,35,3.3,9.7,16:10,70,85,20:40,57,13:30,2025-05-06 16:23:00.219272,2025-05-06 16:23:00.219272
153956,133,2024-06-16,19.6,0,17.6,06:50,21.7,15:17,33,3.6,8.9,14:40,80,92,09:10,63,15:00,2025-05-06 16:23:00.346799,2025-05-06 16:23:00.346799
153974,133,2024-06-17,20.2,0,17.4,,23.1,13:28,33,3.9,10,15:20,69,82,20:40,59,12:40,2025-05-06 16:23:00.460116,2025-05-06 16:23:00.460116
153992,133,2024-06-18,20,0.4,17.7,04:08,22.4,13:01,32,3.1,8.9,14:40,68,93,,61,13:00,2025-05-06 16:23:00.581951,2025-05-06 16:23:00.581951
154010,133,2024-06-19,20,0,17.3,05:33,22.6,14:19,33,3.9,9.2,10:10,71,94,,54,14:10,2025-05-06 16:23:00.705148,2025-05-06 16:23:00.705148
154028,133,2024-06-20,20,0,17.1,06:04,22.9,12:18,32,4.2,9.7,10:10,68,86,22:10,52,12:20,2025-05-06 16:23:00.822353,2025-05-06 16:23:00.822353
154046,133,2024-06-21,20,0,17.3,02:00,22.7,14:50,32,3.9,10.6,14:20,72,86,00:40,56,14:30,2025-05-06 16:23:00.935137,2025-05-06 16:23:00.935137
154064,133,2024-06-22,19.7,0,17.7,,21.7,13:09,35,5,11.4,14:40,69,83,22:20,61,13:10,2025-05-06 16:23:01.058904,2025-05-06 16:23:01.058904
154082,133,2024-06-23,20,0,17.5,01:09,22.6,13:44,32,6.4,13.3,13:10,77,86,23:59,66,14:10,2025-05-06 16:23:01.178211,2025-05-06 16:23:01.178211
154100,133,2024-06-24,19.7,0,17.8,06:28,21.6,14:36,32,5.6,13.1,13:30,79,86,,68,14:30,2025-05-06 16:23:01.298201,2025-05-06 16:23:01.298201
154118,133,2024-06-25,19.3,0,17.5,22:41,21.1,11:55,99,5,10.8,,78,92,22:50,69,12:00,2025-05-06 16:23:01.414333,2025-05-06 16:23:01.414333
154136,133,2024-06-26,19.7,0.2,17.6,05:24,21.8,10:33,30,4.4,9.7,03:10,78,94,13:20,67,10:40,2025-05-06 16:23:01.531974,2025-05-06 16:23:01.531974
154154,133,2024-06-27,19.6,0.4,16.6,06:22,22.7,14:37,31,3.6,9.7,15:40,80,95,07:40,59,14:30,2025-05-06 16:23:01.651269,2025-05-06 16:23:01.651269
154172,133,2024-06-28,20.8,0,17.8,07:23,23.7,15:28,33,3.3,8.3,18:20,70,90,02:50,60,13:10,2025-05-06 16:23:01.768950,2025-05-06 16:23:01.768950
154190,133,2024-06-29,19.7,0.2,17.4,04:33,22,14:23,32,2.8,7.5,10:30,83,97,23:40,71,14:20,2025-05-06 16:23:01.878343,2025-05-06 16:23:01.878343
154208,133,2024-06-30,19.6,0.6,17.1,,22.1,13:15,99,4.7,8.6,,76,97,00:00,65,12:50,2025-05-06 16:23:01.994945,2025-05-06 16:23:01.994945
154226,133,2024-07-01,,,,,,,0,3.1,,,90,,,,,2025-05-06 16:23:02.115239,2025-05-06 16:23:02.115239
154244,133,2024-07-02,19.9,0,17.6,01:12,22.2,13:14,33,4.2,10.6,17:00,77,94,00:10,68,13:10,2025-05-06 16:23:02.244182,2025-05-06 16:23:02.244182
154262,133,2024-07-03,20.1,0,18,06:27,22.2,12:34,32,5,10.6,17:10,78,88,,66,12:40,2025-05-06 16:23:02.357370,2025-05-06 16:23:02.357370
154280,133,2024-07-04,20.4,0.2,17.6,,23.1,12:56,28,5,12.2,14:20,78,97,22:20,67,13:00,2025-05-06 16:23:02.483691,2025-05-06 16:23:02.483691
154298,133,2024-07-05,19.6,0.4,17.1,02:10,22.1,13:46,30,5,10.8,17:40,80,97,01:10,71,12:10,2025-05-06 16:23:02.618655,2025-05-06 16:23:02.618655
154316,133,2024-07-06,19.4,0.6,17.3,03:51,21.5,13:56,32,3.9,8.1,18:20,88,98,,80,14:00,2025-05-06 16:23:02.744170,2025-05-06 16:23:02.744170
154334,133,2024-07-07,19.4,0.2,17.4,05:57,21.3,16:17,32,3.1,7.8,13:50,91,98,06:30,79,15:30,2025-05-06 16:23:02.860027,2025-05-06 16:23:02.860027
154352,133,2024-07-08,20.3,0,17.4,02:41,23.2,14:02,35,3.6,9.2,18:30,74,87,23:50,64,14:10,2025-05-06 16:23:02.971330,2025-05-06 16:23:02.971330
154370,133,2024-07-09,20.6,0,18.3,02:47,22.9,12:58,99,4.4,10.8,,77,90,,70,13:00,2025-05-06 16:23:03.094055,2025-05-06 16:23:03.094055
154388,133,2024-07-10,21.7,0.4,19.1,05:22,24.3,15:18,32,5.3,10.8,15:00,80,98,,70,,2025-05-06 16:23:03.224204,2025-05-06 16:23:03.224204
154406,133,2024-07-11,20.4,0.2,18.6,06:34,22.1,12:58,99,4.4,10,,92,99,,85,,2025-05-06 16:23:03.357772,2025-05-06 16:23:03.357772
154424,133,2024-07-12,20.8,0,18.9,23:49,22.8,14:43,30,4.4,10,07:10,87,95,,81,12:30,2025-05-06 16:23:03.474744,2025-05-06 16:23:03.474744
154442,133,2024-07-13,21,0,17.9,05:49,24,13:06,31,3.9,8.1,15:10,84,97,,70,13:20,2025-05-06 16:23:03.591978,2025-05-06 16:23:03.591978
154460,133,2024-07-14,21.4,0,18.2,06:34,24.7,14:54,32,3.1,7.8,19:00,82,96,07:00,68,,2025-05-06 16:23:03.715658,2025-05-06 16:23:03.715658
154478,133,2024-07-15,22.7,0,17.6,05:43,27.8,14:46,30,2.5,6.4,02:20,64,95,,45,15:50,2025-05-06 16:23:03.837935,2025-05-06 16:23:03.837935
154496,133,2024-07-16,21.8,0,18.5,23:09,25.2,13:10,28,3.9,9.7,18:10,81,97,,67,12:50,2025-05-06 16:23:03.959333,2025-05-06 16:23:03.959333
154514,133,2024-07-17,21.4,0,18.3,06:24,24.4,14:12,30,4.2,8.9,03:00,78,90,00:00,67,13:30,2025-05-06 16:23:04.090577,2025-05-06 16:23:04.090577
154532,133,2024-07-18,21.7,0,17.3,05:52,26.1,12:35,30,3.3,8.1,17:50,76,93,,51,12:40,2025-05-06 16:23:04.223031,2025-05-06 16:23:04.223031
154550,133,2024-07-19,23.2,0,18.1,01:26,28.2,13:49,31,3.9,9.2,13:10,60,97,06:50,24,18:30,2025-05-06 16:23:04.345779,2025-05-06 16:23:04.345779
154568,133,2024-07-20,24,0,19.7,23:54,28.2,14:37,34,4.2,8.9,18:00,62,90,22:40,40,06:40,2025-05-06 16:23:04.468965,2025-05-06 16:23:04.468965
154586,133,2024-07-21,21.5,0,19.7,00:23,23.3,15:00,33,4.7,10.3,17:40,84,92,,76,,2025-05-06 16:23:04.596106,2025-05-06 16:23:04.596106
154604,133,2024-07-22,21.4,0,19.3,,23.5,13:07,30,5,10.8,12:40,83,97,03:50,70,13:50,2025-05-06 16:23:04.719787,2025-05-06 16:23:04.719787
154622,133,2024-07-23,21.7,0,19,03:56,24.4,14:23,28,5,10.8,16:20,79,92,,70,14:00,2025-05-06 16:23:04.841935,2025-05-06 16:23:04.841935
154640,133,2024-07-24,22.8,0,18.7,02:36,26.9,14:48,33,4.4,8.9,16:40,82,98,06:10,55,14:50,2025-05-06 16:23:04.955188,2025-05-06 16:23:04.955188
154658,133,2024-07-25,24.4,0,20.5,06:27,28.4,14:50,30,4.2,9.7,20:20,75,94,04:10,58,14:50,2025-05-06 16:23:05.075227,2025-05-06 16:23:05.075227
154676,133,2024-07-26,22.3,0,19.4,05:34,25.2,14:09,33,4.4,8.9,11:10,83,96,04:50,70,13:50,2025-05-06 16:23:05.206921,2025-05-06 16:23:05.206921
154694,133,2024-07-27,22.3,1.6,19.1,,25.5,14:26,32,3.6,9.4,17:20,79,92,,66,12:40,2025-05-06 16:23:05.333659,2025-05-06 16:23:05.333659
154712,133,2024-07-28,21.5,0,18.7,06:27,24.3,14:21,34,5,10.3,14:30,81,100,04:50,67,14:40,2025-05-06 16:23:05.449702,2025-05-06 16:23:05.449702
154730,133,2024-07-29,22.6,0,19.6,00:32,25.7,13:13,32,3.6,8.1,11:50,80,96,07:30,66,16:00,2025-05-06 16:23:05.567740,2025-05-06 16:23:05.567740
154748,133,2024-07-30,22.3,0,18.8,04:03,25.8,14:50,30,3.3,8.1,11:40,78,91,,64,14:50,2025-05-06 16:23:05.688166,2025-05-06 16:23:05.688166
154766,133,2024-07-31,22.4,0,19.5,03:47,25.3,12:52,32,3.9,10,18:10,77,93,,64,16:10,2025-05-06 16:23:05.808148,2025-05-06 16:23:05.808148
154784,133,2024-08-01,22.2,0,20.2,05:27,24.3,13:55,33,4.7,10.6,17:30,82,91,,68,14:00,2025-05-06 16:23:05.926055,2025-05-06 16:23:05.926055
154802,133,2024-08-02,22.4,0,19.9,06:31,25,14:15,33,5,9.2,12:50,81,91,,72,12:40,2025-05-06 16:23:06.037687,2025-05-06 16:23:06.037687
154820,133,2024-08-03,23.2,0,19.9,01:27,26.6,11:43,34,3.6,8.9,17:10,77,91,00:00,58,10:40,2025-05-06 16:23:06.168346,2025-05-06 16:23:06.168346
154838,133,2024-08-04,22.4,0,19.5,03:09,25.3,14:38,31,3.9,8.1,15:50,82,94,,69,14:50,2025-05-06 16:23:06.305316,2025-05-06 16:23:06.305316
154856,133,2024-08-05,22,0,19.7,02:03,24.2,14:30,34,5.3,10.8,17:20,80,89,00:30,69,14:10,2025-05-06 16:23:06.436922,2025-05-06 16:23:06.436922
154874,133,2024-08-06,22.2,0,19.9,06:36,24.6,13:17,33,5.3,10.8,11:00,75,92,06:30,65,13:10,2025-05-06 16:23:06.562823,2025-05-06 16:23:06.562823
154892,133,2024-08-07,22.6,0,20.2,05:36,25,12:43,36,3.1,8.3,08:40,73,90,00:20,61,11:50,2025-05-06 16:23:06.682944,2025-05-06 16:23:06.682944
154910,133,2024-08-08,22.6,0.2,20.3,08:37,25,16:04,32,3.3,7.8,21:20,83,95,09:10,66,16:00,2025-05-06 16:23:06.804272,2025-05-06 16:23:06.804272
154928,133,2024-08-09,22.6,0,19.9,04:34,25.2,14:33,32,4.2,9.7,22:50,78,88,,66,14:30,2025-05-06 16:23:06.925508,2025-05-06 16:23:06.925508
154946,133,2024-08-10,22.2,0,19.6,,24.9,14:24,31,4.2,10.6,19:10,79,89,,67,14:50,2025-05-06 16:23:07.051982,2025-05-06 16:23:07.051982
154964,133,2024-08-11,22.5,0,19.9,05:05,25.1,13:41,33,4.7,9.7,19:00,79,88,,68,,2025-05-06 16:23:07.173631,2025-05-06 16:23:07.173631
154982,133,2024-08-12,22.6,0,19.6,05:25,25.5,14:07,33,5,9.7,19:10,80,90,,68,14:10,2025-05-06 16:23:07.304015,2025-05-06 16:23:07.304015
154999,133,2024-08-13,22.6,0,20.2,06:27,25,12:00,33,3.6,8.9,00:40,81,91,05:00,70,12:00,2025-05-06 16:23:07.424670,2025-05-06 16:23:07.424670
155017,133,2024-08-14,22.2,0.8,19.9,03:12,24.4,14:10,33,3.6,10.6,21:20,83,96,23:59,72,14:10,2025-05-06 16:23:07.545651,2025-05-06 16:23:07.545651
155035,133,2024-08-15,21.6,0,19.8,01:39,23.4,15:11,99,5.3,10.8,,82,98,,70,16:40,2025-05-06 16:23:07.665561,2025-05-06 16:23:07.665561
155053,133,2024-08-16,23,0,19.2,06:32,26.8,15:22,31,4.4,9.7,10:40,80,93,,66,14:00,2025-05-06 16:23:07.787551,2025-05-06 16:23:07.787551
155071,133,2024-08-17,25.4,0,20,06:08,30.8,14:47,30,4.4,11.1,20:40,74,95,03:10,40,14:50,2025-05-06 16:23:07.916299,2025-05-06 16:23:07.916299
155089,133,2024-08-18,23.2,0,20.8,04:30,25.5,13:12,29,5,10.8,02:50,83,90,,73,12:50,2025-05-06 16:23:08.033085,2025-05-06 16:23:08.033085
155107,133,2024-08-19,23,0,21.2,05:33,24.9,12:13,30,3.3,9.2,14:50,94,99,,82,10:20,2025-05-06 16:23:08.147044,2025-05-06 16:23:08.147044
155125,133,2024-08-20,23.2,0,21,,25.3,13:18,30,3.1,8.3,17:40,86,100,,73,13:40,2025-05-06 16:23:08.269957,2025-05-06 16:23:08.269957
155143,133,2024-08-21,23.2,0,20.6,23:53,25.8,13:07,34,3.1,6.9,14:10,84,94,,69,21:00,2025-05-06 16:23:08.377284,2025-05-06 16:23:08.377284
155161,133,2024-08-22,22.4,0,19.3,06:32,25.5,13:45,32,2.5,8.1,16:30,80,94,05:40,68,13:00,2025-05-06 16:23:08.447259,2025-05-06 16:23:08.447259
155179,133,2024-08-23,21.6,0,19.8,06:33,23.5,14:22,31,5,11.7,13:00,74,92,23:59,65,14:30,2025-05-06 16:23:08.519398,2025-05-06 16:23:08.519398
155197,133,2024-08-24,22.8,0,19.8,04:40,25.9,12:20,29,4.7,10.8,17:50,81,93,22:50,59,12:10,2025-05-06 16:23:08.589454,2025-05-06 16:23:08.589454
155215,133,2024-08-25,22.8,0,20.4,06:09,25.2,13:51,99,3.9,8.6,,76,91,00:00,68,11:20,2025-05-06 16:23:08.657719,2025-05-06 16:23:08.657719
155233,133,2024-08-26,22.9,0,19.9,06:30,25.9,12:54,32,2.2,6.9,14:50,81,93,06:50,70,12:40,2025-05-06 16:23:08.733809,2025-05-06 16:23:08.733809
155251,133,2024-08-27,22.2,0,19.5,05:49,24.9,14:35,33,2.8,7.8,16:40,82,96,,68,13:50,2025-05-06 16:23:08.800738,2025-05-06 16:23:08.800738
155269,133,2024-08-28,22.2,0,20.1,02:30,24.4,12:41,33,3.9,9.2,15:00,75,88,,65,12:20,2025-05-06 16:23:08.875174,2025-05-06 16:23:08.875174
155287,133,2024-08-29,22.2,0,19.9,04:06,24.5,11:05,28,3.9,8.9,09:50,79,91,20:50,66,11:10,2025-05-06 16:23:08.944290,2025-05-06 16:23:08.944290
155305,133,2024-08-30,22.4,0,19.9,05:37,24.9,15:08,99,3.1,7.8,,81,95,07:40,65,15:10,2025-05-06 16:23:09.019120,2025-05-06 16:23:09.019120
155323,133,2024-08-31,22,0,19.1,04:57,24.8,13:23,99,3.1,7.5,,72,88,01:20,57,13:30,2025-05-06 16:23:09.093489,2025-05-06 16:23:09.093489
155340,133,2024-09-01,22.2,0,19.7,05:04,24.8,14:53,99,3.1,7.8,,70,79,18:40,58,13:00,2025-05-06 16:23:09.191018,2025-05-06 16:23:09.191018
155357,133,2024-09-02,21.9,0,19.8,05:44,24,13:14,33,3.3,8.9,13:50,74,88,22:10,65,10:20,2025-05-06 16:23:09.249852,2025-05-06 16:23:09.249852
155373,133,2024-09-03,21.2,1.8,19.4,08:09,22.9,12:27,5,2.5,8.1,11:40,83,96,08:00,75,13:00,2025-05-06 16:23:09.305687,2025-05-06 16:23:09.305687
155390,133,2024-09-04,19.8,0.8,18.5,06:53,21.2,11:19,34,2.8,8.6,20:50,87,96,02:20,79,17:20,2025-05-06 16:23:09.363971,2025-05-06 16:23:09.363971
155407,133,2024-09-05,21.1,0,19.2,05:04,23,14:17,33,4.4,9.7,09:30,80,90,,73,11:30,2025-05-06 16:23:09.429690,2025-05-06 16:23:09.429690
155424,133,2024-09-06,20.8,0,19.2,06:47,22.4,09:46,30,4.2,10,11:30,80,90,00:50,71,09:50,2025-05-06 16:23:09.501887,2025-05-06 16:23:09.501887
155442,133,2024-09-07,21.2,0,18.7,05:42,23.7,12:55,31,3.9,8.9,18:30,78,92,04:10,63,11:20,2025-05-06 16:23:09.619533,2025-05-06 16:23:09.619533
155460,133,2024-09-08,21.2,0,18.7,,23.7,14:30,2,2.2,6.9,15:20,77,90,06:10,63,13:30,2025-05-06 16:23:09.746465,2025-05-06 16:23:09.746465
155478,133,2024-09-09,21.6,0,18.9,02:54,24.2,14:32,3,2.2,7.2,14:00,78,90,,65,13:10,2025-05-06 16:23:09.861903,2025-05-06 16:23:09.861903
155496,133,2024-09-10,21.8,0,19.4,05:46,24.2,14:16,33,2.8,7.8,17:10,78,91,02:10,67,13:50,2025-05-06 16:23:09.992607,2025-05-06 16:23:09.992607
155514,133,2024-09-11,21.6,0.2,19.3,07:00,24,10:48,31,3.1,9.4,21:40,80,89,02:20,64,10:50,2025-05-06 16:23:10.118177,2025-05-06 16:23:10.118177
155532,133,2024-09-12,21.2,0,19.4,03:15,22.9,13:27,33,5.3,11.4,16:20,83,87,,73,10:20,2025-05-06 16:23:10.207731,2025-05-06 16:23:10.207731
155550,133,2024-09-13,21.6,0,19.5,05:28,23.7,14:36,32,4.2,9.7,00:10,81,89,,71,13:10,2025-05-06 16:23:10.285585,2025-05-06 16:23:10.285585
155568,133,2024-09-14,21.9,0,19.8,00:57,24,14:23,33,3.6,8.6,15:30,79,91,23:50,69,14:30,2025-05-06 16:23:10.360397,2025-05-06 16:23:10.360397
155586,133,2024-09-15,22,0,19.8,01:25,24.2,13:09,99,3.6,8.1,,74,92,00:20,66,13:00,2025-05-06 16:23:10.439172,2025-05-06 16:23:10.439172
155604,133,2024-09-16,22.4,0,19.6,06:31,25.2,13:18,29,3.6,9.7,15:30,73,93,23:50,60,12:30,2025-05-06 16:23:10.521609,2025-05-06 16:23:10.521609
155622,133,2024-09-17,20.6,0,19,23:59,22.2,12:33,29,1.9,5.8,21:40,80,93,00:00,74,13:10,2025-05-06 16:23:10.637653,2025-05-06 16:23:10.637653
155640,133,2024-09-18,21.5,0,18,23:56,25,12:21,34,2.2,6.7,13:30,75,88,,59,12:30,2025-05-06 16:23:10.770808,2025-05-06 16:23:10.770808
155658,133,2024-09-19,20.7,0,17.3,05:53,24.1,12:10,30,2.2,7.8,19:00,72,85,00:00,62,,2025-05-06 16:23:10.874148,2025-05-06 16:23:10.874148
155676,133,2024-09-20,21,0,17.2,06:22,24.7,12:38,32,2.8,8.1,14:30,72,87,,61,11:40,2025-05-06 16:23:10.971970,2025-05-06 16:23:10.971970
155694,133,2024-09-21,21.2,0,17.1,,25.3,13:17,33,2.2,7.5,14:20,71,88,22:20,57,13:20,2025-05-06 16:23:11.078622,2025-05-06 16:23:11.078622
155712,133,2024-09-22,21.4,0,17.9,05:08,25,13:34,34,2.2,6.7,15:00,77,90,,60,13:40,2025-05-06 16:23:11.196517,2025-05-06 16:23:11.196517
155730,133,2024-09-23,21.4,0,18.2,05:23,24.5,15:02,99,2.5,6.7,,81,90,,66,14:40,2025-05-06 16:23:11.317602,2025-05-06 16:23:11.317602
155748,133,2024-09-24,21.4,0,18.4,04:05,24.5,12:36,99,1.9,6.4,,77,90,05:50,62,10:10,2025-05-06 16:23:11.444098,2025-05-06 16:23:11.444098
155765,133,2024-09-25,21.2,0,17.8,07:00,24.7,14:27,32,1.9,6.9,16:20,75,88,,62,14:30,2025-05-06 16:23:11.569206,2025-05-06 16:23:11.569206
155783,133,2024-09-26,21.7,,18.2,06:13,25.2,14:21,32,2.2,6.7,12:50,79,91,07:40,66,14:00,2025-05-06 16:23:11.688852,2025-05-06 16:23:11.688852
155801,133,2024-09-27,21.8,0.6,18.3,06:14,25.4,13:12,35,2.2,6.7,14:30,79,93,22:50,66,14:20,2025-05-06 16:23:11.817964,2025-05-06 16:23:11.817964
155819,133,2024-09-28,21.9,1,19.7,03:21,24.1,16:17,33,2.2,7.2,15:30,87,98,,70,15:40,2025-05-06 16:23:11.943295,2025-05-06 16:23:11.943295
155837,133,2024-09-29,21,0,18.6,06:01,23.4,13:03,32,3.6,9.2,14:20,74,90,,62,13:10,2025-05-06 16:23:12.064659,2025-05-06 16:23:12.064659
155855,133,2024-09-30,21,0,18.6,04:48,23.5,14:08,32,3.9,9.2,19:40,76,87,23:40,65,11:30,2025-05-06 16:23:12.183916,2025-05-06 16:23:12.183916
155873,133,2024-10-01,21.4,0,19.6,,23.1,15:09,27,4.4,9.4,16:30,82,92,03:30,73,13:00,2025-05-06 16:23:12.302931,2025-05-06 16:23:12.302931
155891,133,2024-10-02,20.8,0.4,19.7,04:06,21.9,14:18,29,3.3,8.3,10:40,92,98,19:40,82,10:40,2025-05-06 16:23:12.422156,2025-05-06 16:23:12.422156
155909,133,2024-10-03,22.2,0,19.6,04:00,24.8,14:48,4,2.5,6.7,15:00,85,96,00:00,74,14:50,2025-05-06 16:23:12.548375,2025-05-06 16:23:12.548375
155927,133,2024-10-04,21.8,0.2,19.9,06:52,23.7,13:09,33,1.9,5.8,00:20,88,97,,80,13:10,2025-05-06 16:23:12.670094,2025-05-06 16:23:12.670094
155944,133,2024-10-05,22.4,0,19.5,22:52,25.4,12:49,30,2.2,6.7,04:30,83,96,,68,12:50,2025-05-06 16:23:12.790219,2025-05-06 16:23:12.790219
155961,133,2024-10-06,22,0,19.5,,24.5,14:04,99,3.1,7.2,,84,93,,74,12:20,2025-05-06 16:23:12.918411,2025-05-06 16:23:12.918411
155979,133,2024-10-07,22.7,4.2,19.5,06:28,25.9,15:08,30,2.2,7.5,03:30,72,91,04:10,59,13:20,2025-05-06 16:23:13.038464,2025-05-06 16:23:13.038464
155997,133,2024-10-08,21.6,0,19.4,23:58,23.9,13:11,30,3.1,7.2,08:30,86,99,,68,13:40,2025-05-06 16:23:13.153217,2025-05-06 16:23:13.153217
156015,133,2024-10-09,21,0,17.8,06:55,24.1,13:17,34,3.1,8.3,12:40,79,93,00:00,69,12:10,2025-05-06 16:23:13.274686,2025-05-06 16:23:13.274686
156033,133,2024-10-10,23,0,20,23:32,25.9,13:01,4,1.7,5.3,11:00,76,90,,67,13:00,2025-05-06 16:23:13.408168,2025-05-06 16:23:13.408168
156051,133,2024-10-11,22,0,18.8,06:14,25.3,14:31,8,2.5,7.5,13:00,85,98,06:50,72,12:40,2025-05-06 16:23:13.535818,2025-05-06 16:23:13.535818
156068,133,2024-10-12,22.6,2.2,18.9,06:28,26.3,13:46,29,1.7,8.9,21:40,81,96,23:59,63,13:40,2025-05-06 16:23:13.658990,2025-05-06 16:23:13.658990
156085,133,2024-10-13,21.3,3,19.1,03:45,23.5,12:12,30,4.4,10.3,13:00,78,98,,61,12:50,2025-05-06 16:23:13.775413,2025-05-06 16:23:13.775413
156103,133,2024-10-14,21,0,18.6,02:05,23.3,12:35,30,2.2,6.9,01:30,76,92,00:10,65,12:00,2025-05-06 16:23:13.896073,2025-05-06 16:23:13.896073
156121,133,2024-10-15,21.5,0,17.2,03:49,25.8,12:21,28,1.4,5.3,09:40,75,90,00:00,60,12:10,2025-05-06 16:23:14.022489,2025-05-06 16:23:14.022489
156139,133,2024-10-16,22.9,1.8,19.9,06:33,25.9,10:51,32,1.7,5,22:20,85,97,,69,09:10,2025-05-06 16:23:14.145731,2025-05-06 16:23:14.145731
156157,133,2024-10-17,21.2,0.2,19.2,23:57,23.2,11:14,4,1.9,7.2,11:50,84,97,00:30,70,15:00,2025-05-06 16:23:14.261273,2025-05-06 16:23:14.261273
156175,133,2024-10-18,20.4,0,17.8,06:52,23.1,14:30,32,3.1,7.8,13:00,75,90,03:40,65,14:10,2025-05-06 16:23:14.382099,2025-05-06 16:23:14.382099
156193,133,2024-10-19,21,0,18.3,,23.7,14:55,35,2.8,6.7,13:00,77,90,,65,13:50,2025-05-06 16:23:14.505889,2025-05-06 16:23:14.505889
156211,133,2024-10-20,20.6,0,17.4,04:24,23.9,14:10,34,2.2,6.7,13:00,80,89,,69,,2025-05-06 16:23:14.623212,2025-05-06 16:23:14.623212
156229,133,2024-10-21,20.8,0,19.4,23:34,22.2,13:37,31,3.1,7.8,13:20,79,90,23:50,70,12:50,2025-05-06 16:23:14.743079,2025-05-06 16:23:14.743079
156247,133,2024-10-22,21.2,0,18.7,03:42,23.7,14:47,32,2.8,7.2,11:20,76,91,00:40,60,13:10,2025-05-06 16:23:14.863418,2025-05-06 16:23:14.863418
156265,133,2024-10-23,21.2,0,18.5,05:00,23.9,13:00,4,1.7,6.1,12:10,77,92,04:40,59,15:40,2025-05-06 16:23:14.983910,2025-05-06 16:23:14.983910
156283,133,2024-10-24,20.2,0,17.5,05:01,22.9,13:19,32,1.9,5.6,19:30,85,94,01:30,75,12:50,2025-05-06 16:23:15.105898,2025-05-06 16:23:15.105898
156301,133,2024-10-25,20.2,10.2,18.3,03:43,22.1,11:37,34,2.2,6.4,17:40,82,93,04:00,66,15:00,2025-05-06 16:23:15.228647,2025-05-06 16:23:15.228647
156319,133,2024-10-26,19,2.8,17.5,01:54,20.4,15:27,34,3.6,10.3,15:40,84,99,,61,16:10,2025-05-06 16:23:15.347528,2025-05-06 16:23:15.347528
156337,133,2024-10-27,18.7,2.4,16.7,06:33,20.7,11:26,34,5,11.7,10:20,84,93,06:20,75,10:40,2025-05-06 16:23:15.466494,2025-05-06 16:23:15.466494
156354,133,2024-10-28,19,3.2,17.2,07:05,20.9,14:46,30,4.2,11.1,11:20,82,97,08:00,69,14:50,2025-05-06 16:23:15.594482,2025-05-06 16:23:15.594482
156372,133,2024-10-29,18.6,0.4,15.4,23:50,21.7,13:18,33,3.3,9.2,08:00,77,95,08:40,66,12:20,2025-05-06 16:23:15.724015,2025-05-06 16:23:15.724015
156390,133,2024-10-30,17.9,0,14.2,07:13,21.6,11:45,34,1.9,6.4,11:50,72,85,21:00,55,12:10,2025-05-06 16:23:15.858414,2025-05-06 16:23:15.858414
156408,133,2024-10-31,18.4,0,14.1,05:08,22.7,12:36,6,2.2,6.1,10:50,53,79,02:00,40,12:30,2025-05-06 16:23:15.994920,2025-05-06 16:23:15.994920
156426,133,2024-11-01,18.8,0,15.2,07:23,22.4,14:06,35,2.5,6.7,14:20,77,85,,60,11:20,2025-05-06 16:23:16.134852,2025-05-06 16:23:16.134852
156444,133,2024-11-02,18.9,0,16,07:09,21.8,12:14,5,1.4,5.6,12:00,77,91,,65,12:10,2025-05-06 16:23:16.265981,2025-05-06 16:23:16.265981
156462,133,2024-11-03,19,0,15.4,07:11,22.6,11:35,6,1.9,5,15:30,79,91,00:10,61,11:50,2025-05-06 16:23:16.396323,2025-05-06 16:23:16.396323
156480,133,2024-11-04,20.6,0,16.6,02:29,24.6,12:37,15,1.7,5,08:30,80,92,05:30,63,12:50,2025-05-06 16:23:16.531117,2025-05-06 16:23:16.531117
156498,133,2024-11-05,20,0,16.9,03:37,23.2,14:59,32,1.9,6.4,15:30,84,93,22:40,70,15:00,2025-05-06 16:23:16.659947,2025-05-06 16:23:16.659947
156516,133,2024-11-06,20.2,0,16.5,04:37,23.8,15:17,32,1.7,6.4,11:20,86,96,,74,15:30,2025-05-06 16:23:16.784072,2025-05-06 16:23:16.784072
156534,133,2024-11-07,20.1,0,16.7,05:48,23.5,13:42,33,0.8,4.4,10:20,87,97,07:10,65,21:30,2025-05-06 16:23:16.898918,2025-05-06 16:23:16.898918
156552,133,2024-11-08,25.4,0,18.8,05:20,32.1,13:18,19,3.1,8.9,13:00,27,94,04:50,15,13:00,2025-05-06 16:23:17.020638,2025-05-06 16:23:17.020638
156570,133,2024-11-09,25.8,0,22.3,22:09,29.2,00:26,12,2.2,6.9,13:40,35,48,18:30,16,00:00,2025-05-06 16:23:17.145322,2025-05-06 16:23:17.145322
156588,133,2024-11-10,25.8,0,20.4,23:34,31.1,14:37,10,2.2,8.3,12:00,28,61,23:10,21,11:30,2025-05-06 16:23:17.264740,2025-05-06 16:23:17.264740
156606,133,2024-11-11,21,0,17.9,06:53,24.2,11:30,6,1.7,5,12:40,78,92,04:30,42,01:40,2025-05-06 16:23:17.385714,2025-05-06 16:23:17.385714
156624,133,2024-11-12,19.8,2.8,17.7,02:46,22,11:51,32,3.3,10,15:10,77,93,23:10,63,11:50,2025-05-06 16:23:17.512050,2025-05-06 16:23:17.512050
156641,133,2024-11-13,19.2,0.2,17,03:57,21.4,14:56,30,3.6,10,13:10,76,93,04:40,63,11:50,2025-05-06 16:23:17.643699,2025-05-06 16:23:17.643699
156659,133,2024-11-14,18.8,0.2,15.7,23:39,21.9,11:05,10,1.4,4.7,14:50,69,82,,59,10:20,2025-05-06 16:23:17.781986,2025-05-06 16:23:17.781986
156677,133,2024-11-15,18.4,0.2,15.4,01:34,21.3,13:42,32,0.8,7.8,10:50,79,93,11:20,61,15:10,2025-05-06 16:23:17.912259,2025-05-06 16:23:17.912259
156695,133,2024-11-16,19,0,14.6,07:19,23.3,13:25,4,1.9,5.8,12:50,61,84,00:10,41,13:00,2025-05-06 16:23:18.046850,2025-05-06 16:23:18.046850
156713,133,2024-11-17,19.6,0.2,15.6,06:44,23.7,12:34,30,1.7,5.6,13:30,75,87,06:50,56,12:20,2025-05-06 16:23:18.183681,2025-05-06 16:23:18.183681
156731,133,2024-11-18,20.2,0,16.9,07:34,23.4,12:32,8,1.4,6.1,16:30,82,96,,65,12:30,2025-05-06 16:23:18.306064,2025-05-06 16:23:18.306064
156749,133,2024-11-19,20.8,0,16.8,03:26,24.9,15:19,9,2.5,8.3,12:20,81,94,19:50,55,10:00,2025-05-06 16:23:18.424964,2025-05-06 16:23:18.424964
156767,133,2024-11-20,24.2,0,21.1,03:35,27.4,13:09,17,3.3,13.3,10:00,43,65,05:00,26,,2025-05-06 16:23:18.551992,2025-05-06 16:23:18.551992
156785,133,2024-11-21,25,0,21.8,04:14,28.3,14:40,16,3.3,10.3,08:10,54,64,17:40,30,20:20,2025-05-06 16:23:18.679868,2025-05-06 16:23:18.679868
156803,133,2024-11-22,24.2,0,20.6,22:30,27.9,14:59,15,2.2,9.2,11:10,42,61,18:50,22,21:30,2025-05-06 16:23:18.817011,2025-05-06 16:23:18.817011
156821,133,2024-11-23,22.4,0,19.4,23:50,25.5,10:50,15,1.4,6.7,01:20,51,93,23:10,23,03:50,2025-05-06 16:23:18.946454,2025-05-06 16:23:18.946454
156839,133,2024-11-24,20.9,0.4,18.3,05:48,23.5,14:44,7,1.1,5.8,15:40,85,97,,72,14:50,2025-05-06 16:24:21.475521,2025-05-06 16:24:21.475521
156857,133,2024-11-25,20.6,0,17.2,03:57,24,11:12,9,1.7,5.3,11:40,82,89,,62,02:40,2025-05-06 16:24:21.594134,2025-05-06 16:24:21.594134
156875,133,2024-11-26,19.8,0,17.5,23:58,22,11:46,4,1.1,3.6,12:10,87,94,21:00,77,01:40,2025-05-06 16:24:21.717037,2025-05-06 16:24:21.717037
156893,133,2024-11-27,22.1,0,16.3,02:57,27.9,15:30,18,1.7,9.7,15:30,65,99,07:50,20,19:10,2025-05-06 16:24:21.870172,2025-05-06 16:24:21.870172
156911,133,2024-11-28,26.3,0,22.5,01:25,30.1,12:05,18,3.1,10.6,07:40,22,46,01:20,20,,2025-05-06 16:24:21.989419,2025-05-06 16:24:21.989419
156929,133,2024-11-29,23.2,0,20,18:49,26.4,11:20,13,2.2,9.7,10:00,48,72,18:20,21,00:00,2025-05-06 16:24:22.105067,2025-05-06 16:24:22.105067
156947,133,2024-11-30,24.7,0,20,00:05,29.4,14:28,17,2.2,11.9,11:30,37,56,07:20,18,12:40,2025-05-06 16:24:22.234603,2025-05-06 16:24:22.234603
156965,133,2024-12-01,22.5,0,17.9,23:15,27.1,10:45,16,2.5,6.7,05:20,48,91,19:30,20,09:30,2025-05-06 16:24:22.371665,2025-05-06 16:24:22.371665
156983,133,2024-12-02,21,0,16.5,07:05,25.4,11:52,12,1.7,5.6,15:00,41,82,20:00,25,11:40,2025-05-06 16:24:22.500146,2025-05-06 16:24:22.500146
157001,133,2024-12-03,19.2,0,16,06:59,22.4,11:18,99,2.2,6.1,,77,88,,41,02:40,2025-05-06 16:24:22.619755,2025-05-06 16:24:22.619755
157019,133,2024-12-04,19.8,0,17.8,01:46,21.8,14:15,6,2.2,6.7,20:30,81,90,,72,12:40,2025-05-06 16:24:22.739492,2025-05-06 16:24:22.739492
157037,133,2024-12-05,18.8,0,16.4,05:35,21.2,15:30,6,1.7,5.3,13:10,83,91,,72,15:50,2025-05-06 16:24:22.860529,2025-05-06 16:24:22.860529
157055,133,2024-12-06,18.6,0,17.2,01:16,20,13:29,4,1.4,4.7,13:50,79,93,01:30,70,12:20,2025-05-06 16:24:22.988525,2025-05-06 16:24:22.988525
157073,133,2024-12-07,19,0,16.4,02:42,21.7,15:01,99,1.4,5.3,13:40,71,91,03:40,59,15:00,2025-05-06 16:24:23.107082,2025-05-06 16:24:23.107082
157091,133,2024-12-08,17.6,0,15.1,01:33,20.2,10:50,34,1.7,5.8,14:20,82,94,,71,14:30,2025-05-06 16:24:23.223974,2025-05-06 16:24:23.223974
157109,133,2024-12-09,18.1,0.4,16.8,21:48,19.4,14:31,36,2.2,7.5,16:40,76,86,00:00,68,14:30,2025-05-06 16:24:23.291903,2025-05-06 16:24:23.291903
157127,133,2024-12-10,16.6,2.8,14.9,18:19,18.4,13:11,32,3.1,9.4,13:40,82,89,18:00,61,09:10,2025-05-06 16:24:23.401886,2025-05-06 16:24:23.401886
157145,133,2024-12-11,16.4,0.2,13.7,02:13,19,12:03,32,3.3,9.7,13:40,76,94,02:30,60,12:00,2025-05-06 16:24:23.523558,2025-05-06 16:24:23.523558
157163,133,2024-12-12,16.7,1.2,13.9,06:57,19.5,14:04,33,1.9,7.8,12:50,77,94,08:20,63,14:00,2025-05-06 16:24:23.647272,2025-05-06 16:24:23.647272
157181,133,2024-12-13,16.2,0,12.7,07:36,19.6,12:41,11,2.5,6.7,15:00,70,83,22:30,62,12:40,2025-05-06 16:24:23.768706,2025-05-06 16:24:23.768706
157198,133,2024-12-14,19,5.8,16,01:33,21.9,22:29,8,3.1,9.7,11:10,73,83,,29,,2025-05-06 16:24:23.883841,2025-05-06 16:24:23.883841
157215,133,2024-12-15,19.7,0.8,15.6,04:14,23.8,,16,3.3,12.5,21:00,52,82,04:50,21,,2025-05-06 16:24:24.006871,2025-05-06 16:24:24.006871
157232,133,2024-12-16,22,0,19.8,08:22,24.3,04:34,15,5,13.3,12:20,29,62,08:20,17,18:00,2025-05-06 16:24:24.123124,2025-05-06 16:24:24.123124
157250,133,2024-12-17,20.5,0,18.6,07:42,22.4,00:01,13,4.7,14.7,10:20,42,51,,17,22:00,2025-05-06 16:24:24.252764,2025-05-06 16:24:24.252764
157268,133,2024-12-18,16.9,0,14.8,19:12,19,00:01,14,3.6,13.3,10:30,54,61,,24,,2025-05-06 16:24:24.389251,2025-05-06 16:24:24.389251
157286,133,2024-12-19,17.6,0,14.7,22:37,20.5,14:40,10,3.1,9.4,11:40,57,72,05:30,33,00:00,2025-05-06 16:24:24.525995,2025-05-06 16:24:24.525995
157304,133,2024-12-20,17,5.2,13.7,06:46,20.4,11:22,5,2.2,5,15:10,71,90,23:59,50,01:00,2025-05-06 16:24:24.656021,2025-05-06 16:24:24.656021
157322,133,2024-12-21,16,1.4,14.5,22:08,17.4,00:42,34,3.1,10,04:50,80,98,04:50,59,21:10,2025-05-06 16:24:24.780326,2025-05-06 16:24:24.780326
157340,133,2024-12-22,15.4,1.6,13.1,03:43,17.8,15:40,32,2.8,12.2,03:00,70,91,11:50,55,16:10,2025-05-06 16:24:24.857560,2025-05-06 16:24:24.857560
157358,133,2024-12-23,18,0,16.3,00:01,19.8,13:47,6,4.2,11.7,07:00,64,79,02:40,49,13:00,2025-05-06 16:24:24.923619,2025-05-06 16:24:24.923619
157376,133,2024-12-24,17.4,0,14.8,22:51,19.9,11:39,9,2.2,9.4,13:20,66,83,06:10,39,22:20,2025-05-06 16:24:24.991897,2025-05-06 16:24:24.991897
157394,133,2024-12-25,19.8,0,14.7,01:02,24.8,13:29,16,3.1,8.6,12:20,50,79,19:30,18,13:00,2025-05-06 16:24:25.054659,2025-05-06 16:24:25.054659
157412,133,2024-12-26,17.2,0,14.1,05:08,20.4,12:50,8,1.7,4.4,13:30,75,89,20:10,67,12:50,2025-05-06 16:24:25.134557,2025-05-06 16:24:25.134557
157430,133,2024-12-27,16.7,0,13.4,07:24,20,14:08,28,2.5,6.7,17:50,74,83,,59,17:00,2025-05-06 16:24:25.235047,2025-05-06 16:24:25.235047
157448,133,2024-12-28,16.7,0,13.6,03:56,19.8,13:09,5,1.9,5.8,13:30,72,88,19:30,63,09:20,2025-05-06 16:24:25.373482,2025-05-06 16:24:25.373482
157466,133,2024-12-29,16.6,0,13.5,23:55,19.6,13:17,9,1.9,7.2,14:20,67,90,06:00,45,23:20,2025-05-06 16:24:25.506239,2025-05-06 16:24:25.506239
157484,133,2024-12-30,16.4,0,13,05:40,19.9,11:57,10,2.2,7.2,13:40,63,83,08:10,45,00:20,2025-05-06 16:24:25.638497,2025-05-06 16:24:25.638497
157502,133,2024-12-31,15.7,0,12.5,07:41,18.9,11:32,9,2.8,6.9,12:40,70,79,19:20,51,00:00,2025-05-06 16:24:25.769050,2025-05-06 16:24:25.769050
157520,133,2025-01-01,15.7,0,11.8,06:29,19.6,12:17,20,2.2,5.3,04:00,59,75,20:20,45,11:00,2025-05-06 16:24:25.907704,2025-05-06 16:24:25.907704
157538,133,2025-01-02,15.2,0,12.1,02:29,18.3,10:35,12,2.2,7.5,14:10,76,82,07:10,63,04:20,2025-05-06 16:24:26.046534,2025-05-06 16:24:26.046534
157556,133,2025-01-03,16.3,0,12.5,06:00,20.1,12:49,12,3.3,10.6,13:10,59,84,06:50,34,22:10,2025-05-06 16:24:26.177050,2025-05-06 16:24:26.177050
157574,133,2025-01-04,17.1,0,13.1,02:32,21.1,14:24,14,2.5,8.9,11:50,59,84,08:20,35,00:20,2025-05-06 16:24:26.317644,2025-05-06 16:24:26.317644
157592,133,2025-01-05,16.6,0,12.6,07:37,20.5,14:46,35,1.9,5.3,13:00,53,68,22:30,39,14:50,2025-05-06 16:24:26.457909,2025-05-06 16:24:26.457909
157610,133,2025-01-06,17.6,0,14.9,22:04,20.3,15:26,33,1.7,7.2,13:20,77,86,,65,11:50,2025-05-06 16:24:26.594787,2025-05-06 16:24:26.594787
157628,133,2025-01-07,16.4,0,13.6,23:50,19.1,15:32,12,2.5,6.9,14:40,77,87,21:40,68,06:50,2025-05-06 16:24:26.725893,2025-05-06 16:24:26.725893
157646,133,2025-01-08,16.6,0,13,23:58,20.1,12:22,20,2.2,5.3,04:10,76,93,22:00,64,02:20,2025-05-06 16:24:26.865023,2025-05-06 16:24:26.865023
157664,133,2025-01-09,17.2,0,12.6,05:34,21.7,12:54,11,2.5,6.7,15:00,69,94,21:30,39,12:20,2025-05-06 16:24:26.998982,2025-05-06 16:24:26.998982
157682,133,2025-01-10,17.2,0,12.8,00:01,21.5,14:56,14,2.5,7.5,12:10,44,74,19:40,36,10:20,2025-05-06 16:24:27.133812,2025-05-06 16:24:27.133812
157700,133,2025-01-11,18,0,12.3,07:13,23.7,13:19,10,1.9,8.1,14:20,57,90,03:30,25,10:00,2025-05-06 16:24:27.256636,2025-05-06 16:24:27.256636
157717,133,2025-01-12,16.7,0.4,13.2,05:34,20.2,13:14,34,1.4,6.1,14:20,78,95,23:40,27,00:00,2025-05-06 16:24:27.384881,2025-05-06 16:24:27.384881
157734,133,2025-01-13,17.5,0,15.8,01:07,19.2,12:14,32,3.6,9.2,13:00,79,95,00:00,65,12:30,2025-05-06 16:24:27.512096,2025-05-06 16:24:27.512096
157751,133,2025-01-14,16.6,0,14.1,04:40,19.1,12:19,5,1.9,6.9,12:40,71,86,,62,11:50,2025-05-06 16:24:27.631130,2025-05-06 16:24:27.631130
157769,133,2025-01-15,16,0,13,23:03,19.1,13:18,9,3.1,7.8,15:00,63,81,04:00,43,22:30,2025-05-06 16:24:27.757125,2025-05-06 16:24:27.757125
157787,133,2025-01-16,16.8,0,13,02:30,20.7,12:58,12,2.2,7.5,13:10,51,72,04:40,35,11:50,2025-05-06 16:24:27.878571,2025-05-06 16:24:27.878571
157805,133,2025-01-17,15,0,11.9,02:12,18.2,14:18,32,3.3,8.1,15:50,62,70,21:50,44,00:00,2025-05-06 16:24:28.010340,2025-05-06 16:24:28.010340
157823,133,2025-01-18,17.3,0,15,,19.6,14:24,34,3.1,9.4,14:10,62,70,,49,13:20,2025-05-06 16:24:28.140794,2025-05-06 16:24:28.140794
157841,133,2025-01-19,17.3,0,14.2,08:11,20.4,14:50,32,1.4,6.1,01:50,72,82,23:50,61,13:40,2025-05-06 16:24:28.270071,2025-05-06 16:24:28.270071
157859,133,2025-01-20,16.6,0,13.1,07:45,20,15:38,10,2.2,6.4,10:20,76,89,21:40,68,15:40,2025-05-06 16:24:28.404434,2025-05-06 16:24:28.404434
157877,133,2025-01-21,17.4,0,12.6,07:33,22.3,13:58,5,1.9,5,14:20,73,88,03:20,54,13:20,2025-05-06 16:24:28.545869,2025-05-06 16:24:28.545869
157895,133,2025-01-22,17.4,3.4,13.8,15:21,20.9,14:18,27,1.7,16.1,14:50,72,93,00:40,59,10:40,2025-05-06 16:24:28.682732,2025-05-06 16:24:28.682732
157913,133,2025-01-23,16,3,13.4,07:51,18.7,14:17,32,2.8,8.1,13:20,87,94,05:40,76,13:10,2025-05-06 16:24:28.804484,2025-05-06 16:24:28.804484
157931,133,2025-01-24,16.6,1,14.1,03:01,19.2,14:19,32,2.2,8.3,16:10,86,97,08:10,73,14:10,2025-05-06 16:24:28.920962,2025-05-06 16:24:28.920962
157949,133,2025-01-25,17.3,0,15.1,07:31,19.5,12:08,31,2.5,7.2,16:40,74,92,00:00,62,11:40,2025-05-06 16:24:29.043507,2025-05-06 16:24:29.043507
157967,133,2025-01-26,17.4,0,14.7,08:35,20.1,12:53,31,2.2,6.4,00:20,76,92,23:59,67,13:00,2025-05-06 16:24:29.176476,2025-05-06 16:24:29.176476
157985,133,2025-01-27,17.1,1.4,13.9,06:50,20.3,13:49,32,1.7,6.7,21:30,85,97,23:50,74,13:30,2025-05-06 16:24:29.302170,2025-05-06 16:24:29.302170
158003,133,2025-01-28,17.2,0.2,15.6,23:53,18.9,12:13,5,1.7,5.3,11:50,89,98,,78,12:20,2025-05-06 16:24:29.435652,2025-05-06 16:24:29.435652
158021,133,2025-01-29,16,0.4,13.2,07:43,18.9,14:12,34,3.3,9.7,17:10,77,87,07:40,68,14:00,2025-05-06 16:24:29.572941,2025-05-06 16:24:29.572941
158039,133,2025-01-30,16.5,0.6,15.2,08:16,17.8,12:51,2,2.8,10,08:10,74,98,07:50,59,15:10,2025-05-06 16:24:29.706239,2025-05-06 16:24:29.706239
158057,133,2025-01-31,16.2,2.2,14.7,07:27,17.7,15:02,32,3.9,10.8,11:50,69,87,20:40,62,14:20,2025-05-06 16:24:29.827034,2025-05-06 16:24:29.827034
158075,133,2025-02-01,16,0.8,13.9,06:48,18.2,14:08,35,2.8,9.4,03:30,76,96,02:40,62,12:10,2025-05-06 16:24:29.949748,2025-05-06 16:24:29.949748
158093,133,2025-02-02,16.6,4.6,14.4,04:50,18.7,14:50,33,2.8,9.2,16:20,89,96,05:40,70,16:20,2025-05-06 16:24:30.078568,2025-05-06 16:24:30.078568
158111,133,2025-02-03,16.4,0.6,14.3,05:22,18.5,13:31,32,2.2,8.3,14:20,85,98,,73,13:10,2025-05-06 16:24:30.215250,2025-05-06 16:24:30.215250
158129,133,2025-02-04,16,0.2,14.5,21:23,17.6,13:37,99,1.7,6.7,00:10,72,88,21:00,62,13:40,2025-05-06 16:24:30.339819,2025-05-06 16:24:30.339819
158147,133,2025-02-05,15.9,0,14.1,07:45,17.7,11:14,99,2.5,7.8,,70,85,23:59,63,01:30,2025-05-06 16:24:30.475150,2025-05-06 16:24:30.475150
158165,133,2025-02-06,16,0,12.8,08:10,19.1,11:48,3,1.7,5.6,12:00,79,93,,68,11:30,2025-05-06 16:24:30.607957,2025-05-06 16:24:30.607957
158182,133,2025-02-07,16.4,0,12.4,07:53,20.3,14:16,9,2.2,6.4,14:40,71,95,02:10,40,13:40,2025-05-06 16:24:30.742915,2025-05-06 16:24:30.742915
158199,133,2025-02-08,15.5,0,12.6,07:30,18.4,12:17,11,2.2,6.7,13:10,78,87,02:30,70,12:20,2025-05-06 16:24:30.863242,2025-05-06 16:24:30.863242
158216,133,2025-02-09,14.6,0,10.8,07:43,18.5,15:01,8,1.9,5.3,12:10,74,88,21:40,65,11:30,2025-05-06 16:24:30.989597,2025-05-06 16:24:30.989597
158233,133,2025-02-10,15.5,0,10.9,07:50,20.1,15:35,99,1.9,5,,68,89,05:30,32,17:10,2025-05-06 16:24:31.114479,2025-05-06 16:24:31.114479
158251,133,2025-02-11,15.9,0,12.2,05:14,19.6,13:58,5,1.9,6.1,13:50,77,90,23:40,64,00:30,2025-05-06 16:24:31.255095,2025-05-06 16:24:31.255095
158269,133,2025-02-12,16.5,0,13.4,06:36,19.6,13:35,4,1.7,5,11:20,79,93,06:50,64,15:10,2025-05-06 16:24:31.393714,2025-05-06 16:24:31.393714
158286,133,2025-02-13,16.4,0,13.4,07:30,19.4,12:18,4,2.2,5.8,13:00,74,93,03:40,64,11:40,2025-05-06 16:24:31.518810,2025-05-06 16:24:31.518810
158304,133,2025-02-14,16,0,11.6,08:08,20.3,15:43,6,2.2,5.6,13:50,69,88,23:30,56,15:30,2025-05-06 16:24:31.650098,2025-05-06 16:24:31.650098
158322,133,2025-02-15,16.8,0.4,12.2,07:49,21.4,14:17,33,2.8,11.7,17:30,80,93,20:40,54,14:20,2025-05-06 16:24:31.784557,2025-05-06 16:24:31.784557
158339,133,2025-02-16,15.4,0,11.8,06:31,19.1,13:16,35,1.9,6.1,11:40,68,88,00:10,57,,2025-05-06 16:24:31.918746,2025-05-06 16:24:31.918746
158356,133,2025-02-17,15.2,0.8,11.7,07:32,18.6,12:15,9,2.5,6.9,13:30,69,85,23:40,58,12:10,2025-05-06 16:24:32.042107,2025-05-06 16:24:32.042107
158374,133,2025-02-18,16.3,0.8,12.9,02:31,19.7,13:09,30,5,11.1,14:30,78,92,08:40,59,14:00,2025-05-06 16:24:32.163519,2025-05-06 16:24:32.163519
158392,133,2025-02-19,16.9,0.2,14.5,06:08,19.3,15:00,99,2.8,7.2,,73,84,05:40,59,14:10,2025-05-06 16:24:32.285356,2025-05-06 16:24:32.285356
158410,133,2025-02-20,16.8,0,14.1,06:37,19.4,13:59,32,1.7,7.2,01:20,77,89,00:50,62,14:30,2025-05-06 16:24:32.422092,2025-05-06 16:24:32.422092
158428,133,2025-02-21,16.8,0,13.7,04:47,19.9,13:36,3,1.7,5.6,14:40,78,89,04:50,65,11:20,2025-05-06 16:24:32.558931,2025-05-06 16:24:32.558931
158446,133,2025-02-22,17.4,0,15.1,00:08,19.6,15:14,32,1.7,6.9,04:50,76,88,00:00,65,,2025-05-06 16:24:32.695815,2025-05-06 16:24:32.695815
158464,133,2025-02-23,17.2,0.6,15.4,08:33,19,14:48,8,2.2,6.1,15:00,80,97,08:40,67,15:30,2025-05-06 16:24:32.829861,2025-05-06 16:24:32.829861
158482,133,2025-02-24,17.2,0,14.5,07:23,19.9,12:40,31,2.2,6.7,16:10,76,92,21:30,63,12:30,2025-05-06 16:24:32.973149,2025-05-06 16:24:32.973149
158500,133,2025-02-25,17,0,13.4,07:47,20.5,12:27,8,1.9,5.6,13:40,81,93,02:10,70,,2025-05-06 16:24:33.106097,2025-05-06 16:24:33.106097
158518,133,2025-02-26,15.8,0,12.2,07:38,19.5,12:49,4,1.9,7.2,15:10,78,93,,67,15:40,2025-05-06 16:24:33.232906,2025-05-06 16:24:33.232906
158536,133,2025-02-27,17.8,6.4,14.9,03:11,20.6,14:27,30,1.9,7.5,22:40,65,87,,52,13:50,2025-05-06 16:24:33.365549,2025-05-06 16:24:33.365549
158554,133,2025-02-28,15.8,4,13.7,07:36,18,14:45,30,4.7,12.2,12:00,80,99,,59,12:20,2025-05-06 16:24:33.499945,2025-05-06 16:24:33.499945
158572,133,2025-03-01,15.8,0,13.1,03:56,18.6,16:18,32,3.1,10.8,00:40,75,96,03:30,57,14:50,2025-05-06 16:24:33.626537,2025-05-06 16:24:33.626537
158590,133,2025-03-02,15.8,4.4,13.3,07:49,18.4,12:14,9,1.4,5.3,12:10,83,91,17:10,67,12:30,2025-05-06 16:24:33.757048,2025-05-06 16:24:33.757048
158608,133,2025-03-03,15.2,13.8,11.4,07:37,19.1,11:13,7,1.7,6.1,11:30,80,92,15:10,64,11:10,2025-05-06 16:24:33.891680,2025-05-06 16:24:33.891680
158626,133,2025-03-04,14.6,10.2,11.8,20:04,17.5,11:48,32,2.8,10,12:50,85,99,19:40,74,10:10,2025-05-06 16:24:34.027299,2025-05-06 16:24:34.027299
158643,133,2025-03-05,15.2,0.2,11.5,07:16,18.9,15:46,32,3.1,7.8,,68,90,00:10,52,14:20,2025-05-06 16:24:34.160646,2025-05-06 16:24:34.160646
158661,133,2025-03-06,16.4,0.2,13.5,00:32,19.3,13:43,32,3.6,9.7,14:40,69,84,00:10,58,11:50,2025-05-06 16:24:34.287924,2025-05-06 16:24:34.287924
158679,133,2025-03-07,16.2,0,11.9,07:31,20.4,15:52,4,2.2,5.6,13:50,66,85,23:40,56,13:00,2025-05-06 16:24:34.410528,2025-05-06 16:24:34.410528
158697,133,2025-03-08,15.6,6.6,13.3,,18,09:49,30,3.9,10,,84,96,11:10,71,08:50,2025-05-06 16:24:34.536678,2025-05-06 16:24:34.536678
158715,133,2025-03-09,15.6,0.4,13.1,06:43,18.2,15:30,28,2.2,9.2,00:10,79,90,01:50,68,10:20,2025-05-06 16:24:34.662002,2025-05-06 16:24:34.662002
158733,133,2025-03-10,16.5,0,13,07:08,20,12:17,19,2.2,5.3,07:50,68,92,01:10,57,12:10,2025-05-06 16:24:34.799629,2025-05-06 16:24:34.799629
158751,133,2025-03-11,17.4,0,14.7,23:55,20.2,10:46,30,1.4,6.7,03:20,72,91,02:10,60,16:20,2025-05-06 16:24:34.931861,2025-05-06 16:24:34.931861
158769,133,2025-03-12,18,0,13.3,06:42,22.7,13:20,33,2.2,10.6,13:40,73,88,,53,11:20,2025-05-06 16:24:35.054958,2025-05-06 16:24:35.054958
158787,133,2025-03-13,17.4,9.2,14.8,23:33,19.9,14:55,32,2.8,10.6,23:30,74,95,01:40,61,15:20,2025-05-06 16:24:35.183404,2025-05-06 16:24:35.183404
158805,133,2025-03-14,15.4,0.4,12.6,05:56,18.1,13:45,30,3.9,11.7,03:30,71,94,01:50,60,14:10,2025-05-06 16:24:35.316945,2025-05-06 16:24:35.316945
158823,133,2025-03-15,15.4,0,11.8,06:30,18.9,10:44,2,1.4,5.3,11:20,73,85,22:30,58,10:50,2025-05-06 16:24:35.446732,2025-05-06 16:24:35.446732
158841,133,2025-03-16,16.4,1.6,12.3,06:35,20.4,12:29,6,2.2,5.3,11:50,73,89,22:10,63,13:00,2025-05-06 16:24:35.574103,2025-05-06 16:24:35.574103
158859,133,2025-03-17,17.3,0,14.5,00:09,20.1,13:11,32,4.2,12.2,17:10,72,98,04:00,52,15:10,2025-05-06 16:24:35.714408,2025-05-06 16:24:35.714408
158877,133,2025-03-18,16.8,0,13.6,23:51,19.9,12:47,30,2.2,8.9,00:10,70,83,23:00,59,12:30,2025-05-06 16:24:35.806280,2025-05-06 16:24:35.806280
158895,133,2025-03-19,17.4,0,11.9,05:40,22.9,17:03,23,3.1,9.7,18:20,63,82,06:00,46,14:20,2025-05-06 16:24:35.869795,2025-05-06 16:24:35.869795
158913,133,2025-03-20,17.2,1.8,14.6,06:39,19.9,09:03,30,3.1,8.3,,83,96,15:40,67,10:40,2025-05-06 16:24:35.935098,2025-05-06 16:24:35.935098
158931,133,2025-03-21,16.1,0.4,14,04:03,18.2,,35,3.9,10,15:00,69,91,01:50,63,14:50,2025-05-06 16:24:36.005107,2025-05-06 16:24:36.005107
158949,133,2025-03-22,16.5,0.6,13.8,04:33,19.2,11:33,31,3.9,11.4,17:40,77,98,09:00,63,23:40,2025-05-06 16:24:36.094331,2025-05-06 16:24:36.094331
158967,133,2025-03-23,15.6,0.2,13.9,07:10,17.4,14:01,99,4.2,11.7,,73,89,09:50,59,12:20,2025-05-06 16:24:36.205442,2025-05-06 16:24:36.205442
158985,133,2025-03-24,16.4,2,14.6,07:24,18.3,13:00,32,5,11.4,00:10,73,89,14:10,63,10:00,2025-05-06 16:24:36.318635,2025-05-06 16:24:36.318635
159003,133,2025-03-25,16,1.2,13.4,07:03,18.6,15:01,33,4.4,10.8,19:50,82,98,05:00,58,14:50,2025-05-06 16:24:36.450047,2025-05-06 16:24:36.450047
159021,133,2025-03-26,16,0,14.2,01:09,17.9,13:18,36,3.1,8.1,02:00,62,92,00:00,55,13:10,2025-05-06 16:24:36.589438,2025-05-06 16:24:36.589438
159039,133,2025-03-27,16,0,13.3,06:56,18.7,12:00,31,2.8,8.6,20:10,78,87,23:30,65,10:10,2025-05-06 16:24:36.725345,2025-05-06 16:24:36.725345
159056,133,2025-03-28,15.6,0,13.9,23:59,17.2,,6,2.2,6.4,12:30,82,90,05:10,76,17:40,2025-05-06 16:24:36.849124,2025-05-06 16:24:36.849124
159074,133,2025-03-29,17.2,0,12.5,05:47,21.9,12:31,6,2.8,8.1,15:30,72,90,,52,11:40,2025-05-06 16:24:37.018076,2025-05-06 16:24:37.018076
159092,133,2025-03-30,17.4,0,13,06:55,21.9,13:15,33,2.5,7.5,12:20,73,91,20:40,57,10:20,2025-05-06 16:24:37.144920,2025-05-06 16:24:37.144920
159110,133,2025-03-31,18.6,0,14.3,,22.8,14:18,10,2.5,7.5,16:30,74,89,00:00,57,11:10,2025-05-06 16:24:37.277024,2025-05-06 16:24:37.277024
159124,133,2025-04-01,17.7,3,15.5,23:49,19.9,13:40,34,3.6,10,11:50,80,91,08:50,66,13:40,2025-05-06 16:24:37.374865,2025-05-06 16:24:37.374865
159143,133,2025-04-02,15,0,13.7,07:07,16.2,12:41,28,3.3,8.9,07:10,86,97,06:40,74,04:00,2025-05-06 16:24:37.509018,2025-05-06 16:24:37.509018
159166,133,2025-04-03,18.2,0.2,11.6,02:57,24.9,13:50,18,2.5,15.3,12:30,62,92,01:40,29,17:30,2025-05-06 16:24:37.686118,2025-05-06 16:24:37.686118
159186,133,2025-04-04,17,0,13.1,06:52,20.9,12:17,8,2.2,6.1,10:40,64,87,00:30,53,12:10,2025-05-06 16:24:37.841608,2025-05-06 16:24:37.841608
159196,133,2025-04-05,16.5,0,13.2,06:40,19.8,13:51,9,1.9,5.3,12:30,79,88,,66,14:20,2025-05-06 16:24:37.917821,2025-05-06 16:24:37.917821
159222,133,2025-04-06,18,0,13.5,03:33,22.5,15:21,7,2.5,6.1,14:40,67,87,01:10,56,09:30,2025-05-06 16:24:38.104377,2025-05-06 16:24:38.104377
159230,133,2025-04-07,17.9,,14,06:45,21.8,15:10,99,2.5,8.3,13:30,75,94,,61,00:10,2025-05-06 16:24:38.168940,2025-05-06 16:24:38.168940
159247,133,2025-04-08,18,1.2,14,06:08,21.9,16:53,11,1.9,7.2,10:40,74,94,,65,17:40,2025-05-06 16:24:38.300646,2025-05-06 16:24:38.300646
159265,133,2025-04-09,17,3.8,14.4,06:29,19.5,13:53,30,2.2,8.6,08:20,76,98,04:30,58,13:40,2025-05-06 16:24:38.435142,2025-05-06 16:24:38.435142
159283,133,2025-04-10,18.5,0.2,14.7,02:46,22.3,12:54,10,2.2,7.5,13:20,71,95,00:50,56,13:00,2025-05-06 16:24:38.563876,2025-05-06 16:24:38.563876
159302,133,2025-04-11,18.2,0,14.6,06:29,21.8,16:40,99,2.2,7.5,,79,97,01:30,65,16:50,2025-05-06 16:24:38.712047,2025-05-06 16:24:38.712047
159319,133,2025-04-12,17.5,3.6,14.1,05:22,20.9,10:42,31,2.8,11.4,15:00,85,94,17:40,63,15:00,2025-05-06 16:24:38.843271,2025-05-06 16:24:38.843271
159344,133,2025-04-13,18,0.8,15.6,02:55,20.3,15:17,34,4.2,9.2,07:30,81,96,07:30,68,16:10,2025-05-06 16:24:39.025719,2025-05-06 16:24:39.025719
159359,133,2025-04-14,18.2,0.2,15.6,04:46,20.7,10:41,32,3.6,10.8,21:40,80,95,05:00,54,10:10,2025-05-06 16:24:39.133959,2025-05-06 16:24:39.133959
159371,133,2025-04-15,17.2,0.4,15.3,03:58,19.1,10:01,33,4.4,11.4,12:40,81,93,11:50,67,16:10,2025-05-06 16:24:39.226868,2025-05-06 16:24:39.226868
159389,133,2025-04-16,17.4,0,15.3,04:06,19.5,13:18,33,3.6,10,16:30,70,87,20:40,60,12:50,2025-05-06 16:24:39.360824,2025-05-06 16:24:39.360824
159407,133,2025-04-17,18,0,15.7,,20.2,15:43,32,4.2,9.7,17:50,76,84,20:40,65,10:40,2025-05-06 16:24:39.492802,2025-05-06 16:24:39.492802
159425,133,2025-04-18,17.8,1,15.7,04:33,19.8,14:16,33,5,9.2,13:20,75,84,00:10,66,10:20,2025-05-06 16:24:39.623624,2025-05-06 16:24:39.623624
159451,133,2025-04-19,17.3,0.2,14.3,06:09,20.3,14:11,33,3.9,9.7,12:40,79,98,06:20,63,14:10,2025-05-06 16:24:39.823744,2025-05-06 16:24:39.823744
159469,133,2025-04-20,17,0,15,04:54,19,14:24,35,3.3,9.2,00:40,68,84,04:50,58,13:10,2025-05-06 16:24:40.005317,2025-05-06 16:24:40.005317
159488,133,2025-04-21,17,0.2,14.7,05:39,19.2,15:55,32,3.9,8.9,11:50,69,89,20:50,61,09:40,2025-05-06 16:24:40.159149,2025-05-06 16:24:40.159149
159496,133,2025-04-22,17.8,0,15.5,04:38,20.1,15:32,32,4.2,9.4,,77,91,04:10,65,10:20,2025-05-06 16:24:40.222870,2025-05-06 16:24:40.222870
159513,133,2025-04-23,18,0,15.8,22:44,20.2,12:05,30,4.4,10.3,16:30,72,84,21:30,61,12:00,2025-05-06 16:24:40.361506,2025-05-06 16:24:40.361506
159530,133,2025-04-24,17.8,0,15,03:26,20.6,13:19,33,4.4,10.8,11:20,70,85,23:00,59,12:20,2025-05-06 16:24:40.492838,2025-05-06 16:24:40.492838
159549,133,2025-04-25,18.4,0,15.8,00:41,20.9,13:19,35,3.1,8.6,15:30,73,88,,57,13:00,2025-05-06 16:24:40.628029,2025-05-06 16:24:40.628029
159567,133,2025-04-26,17.6,0,16.1,06:46,19.1,14:55,36,2.8,7.2,12:40,74,86,00:30,69,10:10,2025-05-06 16:24:40.766183,2025-05-06 16:24:40.766183
159586,133,2025-04-27,18.2,0,15.7,,20.7,13:15,32,3.3,8.6,17:20,75,86,05:40,66,13:10,2025-05-06 16:24:40.905309,2025-05-06 16:24:40.905309
159602,133,2025-04-28,17.6,0,15,03:41,20.1,13:10,99,4.2,9.7,,73,83,03:40,61,13:10,2025-05-06 16:24:41.032430,2025-05-06 16:24:41.032430
159624,133,2025-04-29,16.8,1.8,14.6,23:49,19,10:02,29,4.7,11.4,11:00,79,97,11:10,65,21:50,2025-05-06 16:24:41.206023,2025-05-06 16:24:41.206023
159647,133,2025-04-30,16.8,0,13.7,02:50,19.8,14:00,33,2.8,9.2,11:40,67,82,02:30,50,12:30,2025-05-06 16:24:41.383780,2025-05-06 16:24:41.383780
195358,133,2008-11-19,17.6,4.6,15.9,07:30,19.4,13:05,31,3.9,9.2,13:00,62,79,23:50,57,10:00,2025-05-06 18:48:03.357063,2025-05-06 18:48:03.357063
195373,133,2008-11-20,16.6,1.8,14.7,,18.4,13:06,99,2.5,8.1,,81,95,08:35,70,13:50,2025-05-06 18:48:03.437527,2025-05-06 18:48:03.437527
195388,133,2008-11-21,16.5,0,14.2,,18.8,,2,1.7,6.1,11:10,72,81,00:25,61,,2025-05-06 18:48:03.520605,2025-05-06 18:48:03.520605
195403,133,2008-11-22,16.7,0,14.5,06:30,18.9,14:30,4,2.2,7.2,12:30,76,82,,66,10:30,2025-05-06 18:48:03.604009,2025-05-06 18:48:03.604009
195418,133,2008-11-23,17.6,0,15.9,04:32,19.2,15:02,32,3.1,7.5,09:50,71,84,23:15,56,12:30,2025-05-06 18:48:03.683143,2025-05-06 18:48:03.683143
195433,133,2008-11-24,17.2,0.2,15.8,,18.6,15:40,31,3.6,7.5,04:10,61,83,23:00,54,,2025-05-06 18:48:03.766037,2025-05-06 18:48:03.766037
195448,133,2008-11-25,16,16.6,13.7,03:12,18.2,13:19,0,2.2,,,72,86,,65,13:00,2025-05-06 18:48:03.844214,2025-05-06 18:48:03.844214
195463,133,2008-11-26,15,3.4,13.1,06:30,16.8,12:16,30,2.5,11.1,01:20,79,96,,61,21:25,2025-05-06 18:48:03.921093,2025-05-06 18:48:03.921093
195478,133,2008-11-27,14.4,0.2,12.1,,16.6,11:51,31,3.3,11.9,00:30,72,89,00:40,62,14:25,2025-05-06 18:48:04.006168,2025-05-06 18:48:04.006168
195493,133,2008-11-28,14.8,0,12.2,,17.5,13:29,29,1.4,5.3,14:30,64,80,,54,,2025-05-06 18:48:04.085550,2025-05-06 18:48:04.085550
195506,133,2008-11-29,14.5,0.8,11.7,03:26,17.3,12:30,29,2.5,8.1,13:50,67,88,,57,10:25,2025-05-06 18:48:04.153240,2025-05-06 18:48:04.153240
195519,133,2008-11-30,15.9,0.4,13.8,05:32,18,14:58,30,3.1,9.2,12:30,76,92,15:50,62,,2025-05-06 18:48:04.215641,2025-05-06 18:48:04.215641
195533,133,2008-12-01,15.6,0.2,14,06:30,17.1,15:36,99,1.1,5.8,,82,91,12:30,68,22:45,2025-05-06 18:48:04.288609,2025-05-06 18:48:04.288609
195546,133,2008-12-02,15.6,0,13.8,06:30,17.4,13:30,4,2.2,7.5,,68,81,08:10,55,13:40,2025-05-06 18:48:04.356238,2025-05-06 18:48:04.356238
195559,133,2008-12-03,15.3,0,14.3,02:30,16.3,11:44,3,3.1,8.9,11:10,65,73,02:40,58,14:30,2025-05-06 18:48:04.423103,2025-05-06 18:48:04.423103
195573,133,2008-12-04,15.2,0.2,13.7,05:08,16.6,14:30,31,1.9,6.7,14:50,69,78,23:50,64,,2025-05-06 18:48:04.500765,2025-05-06 18:48:04.500765
195587,133,2008-12-05,16.4,0.2,14.4,,18.3,13:51,99,1.4,5.6,,81,92,,63,,2025-05-06 18:48:04.578548,2025-05-06 18:48:04.578548
195601,133,2008-12-06,16.1,0,14.8,22:30,17.4,14:37,5,1.4,5.6,14:40,73,82,08:00,68,13:00,2025-05-06 18:48:04.650807,2025-05-06 18:48:04.650807
195615,133,2008-12-07,16.2,0,13.5,07:17,18.9,13:27,8,1.7,5.3,13:20,74,84,,64,12:30,2025-05-06 18:48:04.728061,2025-05-06 18:48:04.728061
195629,133,2008-12-08,15.9,3.8,13.3,02:29,18.5,13:14,26,1.7,5.3,22:00,80,91,,72,,2025-05-06 18:48:04.804979,2025-05-06 18:48:04.804979
195643,133,2008-12-09,16,0.4,14.6,05:30,17.4,13:12,29,3.1,13.9,13:50,81,94,,66,12:20,2025-05-06 18:48:04.875951,2025-05-06 18:48:04.875951
195657,133,2008-12-10,14.4,,13.3,06:30,15.6,15:06,35,3.3,8.9,09:30,73,93,07:20,59,17:30,2025-05-06 18:48:04.950542,2025-05-06 18:48:04.950542
195670,133,2008-12-11,14.8,1,13.3,17:30,16.2,13:52,33,2.5,8.6,19:20,85,93,17:40,67,04:20,2025-05-06 18:48:05.024114,2025-05-06 18:48:05.024114
195683,133,2008-12-12,15.5,0.2,13.6,01:48,17.4,12:54,32,4.2,10.3,21:00,69,89,,55,11:00,2025-05-06 18:48:05.090570,2025-05-06 18:48:05.090570
195696,133,2008-12-13,15,0,13.3,06:24,16.6,13:25,32,4.4,11.9,12:20,67,84,,57,,2025-05-06 18:48:05.163282,2025-05-06 18:48:05.163282
195709,133,2008-12-14,15.5,11.4,14.3,,16.7,15:41,30,5.6,15.8,12:10,91,96,,67,00:20,2025-05-06 18:48:05.238022,2025-05-06 18:48:05.238022
195722,133,2008-12-15,15,4.8,14.2,20:45,15.9,12:46,99,5.8,12.2,,92,97,,81,,2025-05-06 18:48:05.308578,2025-05-06 18:48:05.308578
195735,133,2008-12-16,14.8,0.6,13.5,04:45,16.2,12:30,32,2.5,9.7,03:10,74,94,03:20,59,16:00,2025-05-06 18:48:05.377314,2025-05-06 18:48:05.377314
195748,133,2008-12-17,14.5,0,13,01:01,16,14:18,0,1.7,,,67,74,08:50,57,,2025-05-06 18:48:05.450042,2025-05-06 18:48:05.450042
195761,133,2008-12-18,15,0.2,13.4,08:15,16.5,,2,1.1,7.2,16:00,76,85,16:10,66,,2025-05-06 18:48:05.524743,2025-05-06 18:48:05.524743
195774,133,2008-12-19,13.6,0.2,10.9,23:16,16.2,14:49,99,1.9,6.1,,80,90,07:40,46,23:30,2025-05-06 18:48:05.603825,2025-05-06 18:48:05.603825
195787,133,2008-12-20,14,0,10.7,01:30,17.2,13:31,9,3.3,11.7,12:00,59,78,00:45,47,12:20,2025-05-06 18:48:05.675415,2025-05-06 18:48:05.675415
195800,133,2008-12-21,14,0,11.7,,16.2,13:30,9,3.3,11.4,02:50,57,71,23:45,53,,2025-05-06 18:48:05.747206,2025-05-06 18:48:05.747206
195813,133,2008-12-22,14.2,0,11.7,00:00,16.8,12:11,10,1.9,7.2,13:00,67,75,,54,21:20,2025-05-06 18:48:05.817769,2025-05-06 18:48:05.817769
195826,133,2008-12-23,14.4,0,11.4,07:30,17.4,,12,2.5,8.1,13:50,70,82,,60,12:00,2025-05-06 18:48:05.892205,2025-05-06 18:48:05.892205
195839,133,2008-12-24,15.4,2,13.6,07:30,17.1,14:30,13,4.2,15,10:20,83,92,20:30,67,22:10,2025-05-06 18:48:05.965911,2025-05-06 18:48:05.965911
195852,133,2008-12-25,16.4,0,13.4,23:45,19.5,14:31,15,1.9,6.9,05:00,72,90,00:10,59,,2025-05-06 18:48:06.040193,2025-05-06 18:48:06.040193
195865,133,2008-12-26,15.9,0,12.7,07:30,19.1,13:06,18,2.2,5.3,07:50,67,87,19:50,55,05:50,2025-05-06 18:48:06.113294,2025-05-06 18:48:06.113294
195878,133,2008-12-27,17.5,,12.8,01:30,22.2,13:08,27,2.5,10,15:30,56,89,02:10,37,12:25,2025-05-06 18:48:06.188729,2025-05-06 18:48:06.188729
195891,133,2008-12-28,15.7,0,12.5,04:45,18.9,13:43,8,2.2,5.3,11:20,75,86,02:00,65,12:00,2025-05-06 18:48:06.261403,2025-05-06 18:48:06.261403
195904,133,2008-12-29,14.8,6.4,11.9,07:12,17.8,11:43,99,2.5,8.6,13:35,70,80,08:40,53,11:25,2025-05-06 18:48:06.334233,2025-05-06 18:48:06.334233
195917,133,2008-12-30,17.8,9.4,15.4,04:02,20.1,20:25,13,5,13.6,13:00,84,94,,60,00:00,2025-05-06 18:48:06.408356,2025-05-06 18:48:06.408356
195930,133,2008-12-31,17.1,0,14.5,,19.7,10:30,18,1.9,6.1,00:20,85,91,,70,,2025-05-06 18:48:06.484281,2025-05-06 18:48:06.484281
195943,133,2009-01-01,15.8,0,13.3,,18.4,12:29,18,1.7,5.6,01:10,84,92,08:00,70,03:50,2025-05-06 18:48:06.580434,2025-05-06 18:48:06.580434
195957,133,2009-01-02,15.9,0,11.7,06:30,20.1,13:01,10,1.7,5.3,12:50,72,95,04:25,53,12:50,2025-05-06 18:48:06.660711,2025-05-06 18:48:06.660711
195971,133,2009-01-03,15,0,12.1,06:23,18,11:49,8,1.7,5.8,14:50,80,88,20:45,62,10:45,2025-05-06 18:48:06.741838,2025-05-06 18:48:06.741838
195985,133,2009-01-04,15.8,0.2,14.2,,17.4,14:13,32,2.2,7.5,16:00,76,89,,59,,2025-05-06 18:48:06.820956,2025-05-06 18:48:06.820956
195999,133,2009-01-05,15,,13.1,08:03,16.9,15:26,30,4.4,10.6,14:10,79,96,,63,,2025-05-06 18:48:06.899341,2025-05-06 18:48:06.899341
196013,133,2009-01-06,14.6,1.2,13.1,23:44,16.2,12:17,30,4.2,9.7,05:50,77,94,,68,10:30,2025-05-06 18:48:06.976550,2025-05-06 18:48:06.976550
196027,133,2009-01-07,14.1,1.8,12.5,12:26,15.7,11:52,28,3.3,9.4,10:40,73,91,12:35,60,,2025-05-06 18:48:07.052593,2025-05-06 18:48:07.052593
196041,133,2009-01-08,14.7,0.6,12.3,,17.1,14:30,30,2.2,8.6,13:40,74,88,08:55,63,15:50,2025-05-06 18:48:07.133213,2025-05-06 18:48:07.133213
196055,133,2009-01-09,15.6,1.2,12.8,00:00,18.5,11:23,99,1.4,4.7,,70,90,23:45,56,11:25,2025-05-06 18:48:07.210952,2025-05-06 18:48:07.210952
196069,133,2009-01-10,14.5,0.4,13.3,02:23,15.7,14:03,30,4.2,9.4,18:10,79,96,05:25,68,18:40,2025-05-06 18:48:07.284654,2025-05-06 18:48:07.284654
196083,133,2009-01-11,14,,12.8,,15.2,10:47,30,5,12.5,11:20,86,98,,68,05:30,2025-05-06 18:48:07.361882,2025-05-06 18:48:07.361882
196097,133,2009-01-12,13.9,0,12,23:51,15.8,13:14,31,1.7,7.8,00:10,65,78,21:00,60,,2025-05-06 18:48:07.439279,2025-05-06 18:48:07.439279
196111,133,2009-01-13,14.2,0,11.6,,16.7,13:30,5,1.7,5.6,17:20,72,82,,62,13:15,2025-05-06 18:48:07.513475,2025-05-06 18:48:07.513475
196125,133,2009-01-14,14.8,0,11.4,07:30,18.1,14:02,1,1.7,5.8,14:20,73,85,,59,13:55,2025-05-06 18:48:07.579178,2025-05-06 18:48:07.579178
196139,133,2009-01-15,13.3,5.2,11,08:08,15.6,15:48,32,5.6,16.9,16:40,71,95,,62,23:20,2025-05-06 18:48:07.640026,2025-05-06 18:48:07.640026
196153,133,2009-01-16,13.6,0.6,11.9,02:25,15.4,13:18,30,7.5,15.3,15:40,65,89,02:30,57,10:10,2025-05-06 18:48:07.697357,2025-05-06 18:48:07.697357
196167,133,2009-01-17,15,0,13.7,,16.3,15:38,30,5,12.8,04:00,76,93,,64,00:35,2025-05-06 18:48:07.759825,2025-05-06 18:48:07.759825
196181,133,2009-01-18,15,1.8,14,04:05,16.1,14:30,32,4.2,8.9,03:40,77,89,,73,,2025-05-06 18:48:07.820202,2025-05-06 18:48:07.820202
196195,133,2009-01-19,14.6,3.2,13.4,,15.8,14:11,0,4.7,,,94,98,,80,,2025-05-06 18:48:07.886159,2025-05-06 18:48:07.886159
196209,133,2009-01-20,14.9,1.8,13.8,02:30,16,14:40,31,5.6,15.6,09:30,81,98,07:50,63,,2025-05-06 18:48:07.959938,2025-05-06 18:48:07.959938
196223,133,2009-01-21,14.4,0,13.2,03:30,15.6,11:54,99,4.2,9.2,,70,80,02:15,62,04:00,2025-05-06 18:48:08.042668,2025-05-06 18:48:08.042668
196237,133,2009-01-22,14,0,11.8,04:30,16.2,11:21,32,3.3,8.9,12:30,70,82,,61,11:20,2025-05-06 18:48:08.128030,2025-05-06 18:48:08.128030
196250,133,2009-01-23,14.8,6,12.2,00:00,17.3,15:53,29,1.7,7.8,21:10,86,96,09:40,80,,2025-05-06 18:48:08.208083,2025-05-06 18:48:08.208083
196263,133,2009-01-24,15.4,1.8,14.2,,16.5,14:45,28,3.6,9.2,16:00,92,98,,82,15:05,2025-05-06 18:48:08.280981,2025-05-06 18:48:08.280981
196276,133,2009-01-25,15.4,6,13.8,02:42,17.1,14:37,32,4.7,11.7,20:50,88,98,,82,04:10,2025-05-06 18:48:08.354982,2025-05-06 18:48:08.354982
196289,133,2009-01-26,14.8,0.4,13.5,,16,14:18,99,3.6,9.4,,78,94,,68,,2025-05-06 18:48:08.427719,2025-05-06 18:48:08.427719
196303,133,2009-01-27,14.5,0,13.1,,15.9,11:23,99,2.2,7.5,,72,86,06:40,63,,2025-05-06 18:48:08.506432,2025-05-06 18:48:08.506432
196317,133,2009-01-28,14.4,0,12.1,06:18,16.7,13:20,99,1.7,4.7,,80,86,,70,13:30,2025-05-06 18:48:08.588682,2025-05-06 18:48:08.588682
196331,133,2009-01-29,14.4,0,11,,17.9,14:30,32,1.7,6.7,15:20,83,93,,76,,2025-05-06 18:48:08.665293,2025-05-06 18:48:08.665293
196345,133,2009-01-30,14,5.6,11.3,07:25,16.8,10:32,0,4.2,,,72,95,,40,04:30,2025-05-06 18:48:08.745933,2025-05-06 18:48:08.745933
196359,133,2009-01-31,13.2,0,10.6,07:30,15.8,13:21,29,2.5,8.6,17:30,68,82,05:40,53,12:40,2025-05-06 18:48:08.821827,2025-05-06 18:48:08.821827
196373,133,2009-02-01,15.7,0.8,10.6,02:30,20.8,14:49,29,1.7,11.7,19:00,61,92,,48,,2025-05-06 18:48:08.899574,2025-05-06 18:48:08.899574
196387,133,2009-02-02,15.6,0,13.7,06:44,17.5,14:35,30,6.4,14.7,06:40,80,90,06:30,60,13:40,2025-05-06 18:48:08.975436,2025-05-06 18:48:08.975436
196401,133,2009-02-03,15.4,3,12.9,08:26,17.8,11:44,27,1.9,8.3,00:20,79,87,,68,11:30,2025-05-06 18:48:09.055279,2025-05-06 18:48:09.055279
196415,133,2009-02-04,15.2,0,12.8,07:19,17.5,15:21,28,4.4,12.5,03:40,75,95,,53,13:50,2025-05-06 18:48:09.135542,2025-05-06 18:48:09.135542
196429,133,2009-02-05,15.8,19.4,11.9,07:33,19.8,15:23,27,2.8,11.9,22:50,59,92,23:50,47,15:50,2025-05-06 18:48:09.214902,2025-05-06 18:48:09.214902
196443,133,2009-02-06,13.2,2.8,10.7,03:42,15.7,12:31,29,6.7,16.1,02:20,75,96,,64,11:50,2025-05-06 18:48:09.295135,2025-05-06 18:48:09.295135
196456,133,2009-02-07,14,0,12,02:12,16.1,13:24,30,5.6,14.2,12:50,72,88,,57,13:00,2025-05-06 18:48:09.366760,2025-05-06 18:48:09.366760
196469,133,2009-02-08,14.6,0,11.8,07:30,17.5,12:25,29,1.4,6.4,02:20,80,92,,68,12:20,2025-05-06 18:48:09.433250,2025-05-06 18:48:09.433250
196483,133,2009-02-09,14.2,0,11.1,08:03,17.3,14:30,99,1.9,5.8,,80,91,03:50,71,,2025-05-06 18:48:09.505597,2025-05-06 18:48:09.505597
196497,133,2009-02-10,15.2,0,12.4,04:30,18,13:16,0,1.4,,,82,93,,71,13:20,2025-05-06 18:48:09.584687,2025-05-06 18:48:09.584687
196511,133,2009-02-11,16,0,12.7,07:25,19.4,14:30,8,1.1,5,10:50,82,94,23:50,71,14:30,2025-05-06 18:48:09.665580,2025-05-06 18:48:09.665580
196525,133,2009-02-12,14.6,0,11.9,06:24,17.3,13:44,2,1.7,5,15:00,83,93,,74,13:00,2025-05-06 18:48:09.741029,2025-05-06 18:48:09.741029
196539,133,2009-02-13,15.2,0,13.7,,16.6,13:30,31,3.6,8.9,22:20,78,88,,70,,2025-05-06 18:48:09.809500,2025-05-06 18:48:09.809500
196553,133,2009-02-14,14.7,0.2,13.8,01:30,15.6,,33,5.3,14.2,21:50,76,81,,69,22:20,2025-05-06 18:48:09.882646,2025-05-06 18:48:09.882646
196567,133,2009-02-15,14.8,0.2,13.1,03:30,16.4,12:30,31,6.7,14.4,05:50,72,91,03:40,65,12:30,2025-05-06 18:48:09.954118,2025-05-06 18:48:09.954118
196581,133,2009-02-16,15.4,0,14.1,,16.8,12:27,30,5,10,12:05,82,88,06:00,73,12:20,2025-05-06 18:48:10.026701,2025-05-06 18:48:10.026701
196595,133,2009-02-17,15.1,,13.4,20:13,16.8,,99,3.3,7.8,,71,83,09:30,65,,2025-05-06 18:48:10.106738,2025-05-06 18:48:10.106738
196609,133,2009-02-18,14,1.2,11.9,05:04,16.1,14:32,32,2.5,9.2,15:30,76,87,,67,11:40,2025-05-06 18:48:10.183619,2025-05-06 18:48:10.183619
196623,133,2009-02-19,13.7,11.4,11,07:49,16.4,14:42,35,1.9,7.2,05:40,78,91,,62,14:30,2025-05-06 18:48:10.264389,2025-05-06 18:48:10.264389
196637,133,2009-02-20,13.6,0.4,11.3,07:30,15.8,11:01,27,1.7,6.1,20:30,84,94,,67,10:30,2025-05-06 18:48:10.345246,2025-05-06 18:48:10.345246
196651,133,2009-02-21,13.7,0,10.8,07:08,16.6,12:39,30,1.9,6.4,18:10,74,86,,64,12:50,2025-05-06 18:48:10.423844,2025-05-06 18:48:10.423844
196665,133,2009-02-22,14.6,0,11.6,05:20,17.5,13:03,30,1.7,6.7,12:05,80,89,21:00,68,,2025-05-06 18:48:10.503473,2025-05-06 18:48:10.503473
196679,133,2009-02-23,14,0,11,06:44,17.1,12:30,29,3.3,8.1,17:00,78,87,20:30,68,00:10,2025-05-06 18:48:10.581364,2025-05-06 18:48:10.581364
196694,133,2009-02-24,14.6,0,11,06:11,18.3,12:29,20,2.8,5.6,08:10,71,87,21:20,59,,2025-05-06 18:48:10.665740,2025-05-06 18:48:10.665740
196709,133,2009-02-25,14.6,0,10.8,06:30,18.4,13:30,10,2.2,6.1,13:20,72,85,,57,14:00,2025-05-06 18:48:10.747319,2025-05-06 18:48:10.747319
196724,133,2009-02-26,15,16.8,11.4,,18.6,13:24,10,1.9,8.3,12:20,76,94,,63,10:50,2025-05-06 18:48:10.831254,2025-05-06 18:48:10.831254
196739,133,2009-02-27,14.6,0,11.6,07:30,17.5,13:13,31,3.1,7.8,13:50,77,87,,67,10:25,2025-05-06 18:48:10.914272,2025-05-06 18:48:10.914272
196754,133,2009-02-28,14.8,0,11.9,01:15,17.6,14:21,30,3.1,7.5,,78,87,,67,13:50,2025-05-06 18:48:10.997149,2025-05-06 18:48:10.997149
196769,133,2009-03-01,14.8,0.2,11.6,04:39,17.9,12:18,4,1.4,4.7,12:40,77,87,,67,11:10,2025-05-06 18:48:11.081654,2025-05-06 18:48:11.081654
196784,133,2009-03-02,13.4,17,11.4,20:30,15.3,09:30,99,3.3,10.3,,88,98,,76,,2025-05-06 18:48:11.164127,2025-05-06 18:48:11.164127
196869,133,2009-03-08,,3,,,,,0,,,,,,,,,2025-05-06 18:48:11.637153,2025-05-06 18:48:11.637153
196884,133,2009-03-09,15.4,0,12.4,,18.3,11:46,99,1.9,4.7,,84,94,01:00,75,10:20,2025-05-06 18:48:11.722536,2025-05-06 18:48:11.722536
196899,133,2009-03-10,16.1,0,13,,19.2,16:25,31,3.3,8.9,15:00,83,92,19:05,70,23:59,2025-05-06 18:49:17.389385,2025-05-06 18:49:17.389385
196913,133,2009-03-11,18.3,0,15,,21.6,15:12,32,2.8,7.5,22:50,76,92,08:20,53,23:00,2025-05-06 18:49:17.475231,2025-05-06 18:49:17.475231
196927,133,2009-03-12,19.4,0,16,23:57,22.8,11:49,29,1.9,6.1,01:00,71,95,20:55,57,07:40,2025-05-06 18:49:17.557806,2025-05-06 18:49:17.557806
196940,133,2009-03-13,18.4,0,14.2,07:37,22.7,13:31,29,3.3,8.6,23:59,79,95,06:55,50,13:20,2025-05-06 18:49:17.626748,2025-05-06 18:49:17.626748
196954,133,2009-03-14,18.2,0,14.6,03:18,21.7,14:26,29,1.9,8.6,00:00,78,96,,51,23:59,2025-05-06 18:49:17.702784,2025-05-06 18:49:17.702784
196968,133,2009-03-15,22.6,0,18.1,,27.1,12:27,10,2.2,7.5,,45,64,19:20,36,,2025-05-06 18:49:17.792845,2025-05-06 18:49:17.792845
196981,133,2009-03-16,20.2,0,16.1,23:58,24.3,10:35,99,2.2,9.7,,60,91,21:40,38,09:40,2025-05-06 18:49:17.884595,2025-05-06 18:49:17.884595
196994,133,2009-03-17,18,0,14.6,06:20,21.4,14:37,6,1.9,6.1,16:20,70,89,00:00,64,,2025-05-06 18:49:17.963780,2025-05-06 18:49:17.963780
197009,133,2009-03-18,18.1,0.2,14.9,07:28,21.3,13:36,99,0.8,5,,81,90,23:40,62,15:10,2025-05-06 18:49:18.043331,2025-05-06 18:49:18.043331
197038,133,2009-03-20,16.7,0,15,06:21,18.4,14:42,30,4.2,9.4,14:10,74,89,03:15,61,,2025-05-06 18:49:18.186014,2025-05-06 18:49:18.186014
197051,133,2009-03-21,17,0,15.2,01:11,18.8,12:19,31,4.4,10,12:20,84,93,04:00,75,12:20,2025-05-06 18:49:18.253107,2025-05-06 18:49:18.253107
197065,133,2009-03-22,,,,,,,0,3.6,,,76,,,,,2025-05-06 18:49:18.325977,2025-05-06 18:49:18.325977
197079,133,2009-03-23,16.2,0,13.8,04:04,18.6,14:55,32,2.2,7.2,17:00,74,85,07:10,56,15:20,2025-05-06 18:49:18.392818,2025-05-06 18:49:18.392818
197093,133,2009-03-24,16.4,0.2,13.9,,18.9,12:09,30,4.7,10.6,16:00,71,88,01:35,52,12:00,2025-05-06 18:49:18.468724,2025-05-06 18:49:18.468724
197107,133,2009-03-25,15.8,0,13.3,23:59,18.4,13:09,99,2.2,7.8,11:35,71,85,04:55,60,13:05,2025-05-06 18:49:18.537719,2025-05-06 18:49:18.537719
197164,133,2009-03-29,14.6,3.6,13.4,,15.9,13:48,31,2.5,10,00:00,81,96,08:30,68,19:40,2025-05-06 18:49:18.805719,2025-05-06 18:49:18.805719
197179,133,2009-03-30,14.5,0,12.6,06:45,16.4,15:14,32,2.2,7.8,15:20,70,80,23:59,61,15:00,2025-05-06 18:49:18.881526,2025-05-06 18:49:18.881526
197206,133,2009-04-01,15.6,0,13.7,,17.4,13:23,99,3.3,8.9,11:45,80,89,,67,09:50,2025-05-06 18:49:19.015705,2025-05-06 18:49:19.015705
197245,133,2009-04-04,16.1,0,13.9,,18.3,13:31,30,2.2,6.9,23:10,75,87,,66,,2025-05-06 18:49:19.208930,2025-05-06 18:49:19.208930
197342,133,2009-04-11,15.6,1.8,13.3,02:11,18,15:36,30,4.7,10.8,,82,96,,70,13:10,2025-05-06 18:49:19.691152,2025-05-06 18:49:19.691152
197371,133,2009-04-13,,,,,,,0,4.4,,,79,,,,,2025-05-06 18:49:19.847161,2025-05-06 18:49:19.847161
197385,133,2009-04-14,16.2,0.8,13.7,06:14,18.8,13:03,32,,10,09:00,,92,06:50,64,,2025-05-06 18:49:19.919407,2025-05-06 18:49:19.919407
197399,133,2009-04-15,16,0.2,13.3,,18.7,14:42,30,5.3,11.1,16:20,77,92,02:45,59,14:15,2025-05-06 18:49:19.994305,2025-05-06 18:49:19.994305
197413,133,2009-04-16,16.7,0.2,14.3,,19.1,16:09,99,3.3,8.9,,76,91,05:10,61,16:20,2025-05-06 18:49:20.070222,2025-05-06 18:49:20.070222
197427,133,2009-04-17,16.8,0,14.1,,19.5,12:35,99,5,10.3,,72,86,,59,12:15,2025-05-06 18:49:20.148079,2025-05-06 18:49:20.148079
197440,133,2009-04-18,17.1,0,15.1,,19.1,11:43,30,5,10.6,07:20,77,94,05:55,64,,2025-05-06 18:49:20.222976,2025-05-06 18:49:20.222976
197454,133,2009-04-19,16.2,0,14.9,06:22,17.5,13:40,31,3.9,9.4,16:30,80,89,20:40,71,10:40,2025-05-06 18:49:20.299660,2025-05-06 18:49:20.299660
197481,133,2009-04-21,16.2,3.8,15,,17.5,15:05,35,3.6,9.7,07:10,87,96,,83,,2025-05-06 18:49:20.446787,2025-05-06 18:49:20.446787
197494,133,2009-04-22,16.4,0.2,14.4,06:32,18.5,15:36,32,3.3,7.8,05:10,84,97,,68,15:40,2025-05-06 18:49:20.515529,2025-05-06 18:49:20.515529
197508,133,2009-04-23,16.4,0,12.8,,20,,28,4.2,11.4,23:30,76,90,04:30,67,14:30,2025-05-06 18:49:20.591531,2025-05-06 18:49:20.591531
197548,133,2009-04-26,16.6,1.8,14.7,,18.6,15:41,99,2.5,6.4,,68,89,23:59,60,,2025-05-06 18:49:20.804093,2025-05-06 18:49:20.804093
197562,133,2009-04-27,16,0,13.8,23:16,18.2,12:41,30,5,9.4,18:30,66,90,00:40,52,12:05,2025-05-06 18:49:20.878207,2025-05-06 18:49:20.878207
197576,133,2009-04-28,16.4,0,13.8,04:07,18.9,14:25,99,3.6,7.8,,69,83,,58,16:00,2025-05-06 18:49:20.959270,2025-05-06 18:49:20.959270
197590,133,2009-04-29,16.3,0,13.3,,19.3,,30,3.1,9.4,13:30,69,86,06:10,49,12:40,2025-05-06 18:49:21.028172,2025-05-06 18:49:21.028172
197604,133,2009-04-30,16.8,0,15,05:40,18.5,13:42,30,2.8,7.5,18:50,70,83,04:00,62,,2025-05-06 18:49:21.107836,2025-05-06 18:49:21.107836
197618,133,2009-05-01,17,0,14.6,06:36,19.4,14:13,28,2.8,8.3,15:50,74,86,21:20,64,12:50,2025-05-06 18:49:21.181133,2025-05-06 18:49:21.181133
197632,133,2009-05-02,16.6,0,14.8,23:37,18.4,16:09,99,4.2,9.2,,74,86,04:50,63,16:00,2025-05-06 18:49:21.239088,2025-05-06 18:49:21.239088
197646,133,2009-05-03,17.6,0,14.6,01:07,20.6,15:18,99,5,10.8,,68,86,,53,14:20,2025-05-06 18:49:21.305588,2025-05-06 18:49:21.305588
197660,133,2009-05-04,17.4,0,14.3,06:36,20.5,13:56,32,4.2,10.3,14:10,69,88,,55,14:10,2025-05-06 18:49:21.368996,2025-05-06 18:49:21.368996
197674,133,2009-05-05,17.9,0,15.2,06:19,20.6,14:48,30,3.6,8.6,21:10,74,88,22:20,66,,2025-05-06 18:49:21.440359,2025-05-06 18:49:21.440359
197688,133,2009-05-06,17.8,0,15.1,,20.4,13:41,99,3.6,8.1,,79,92,,70,,2025-05-06 18:49:21.512815,2025-05-06 18:49:21.512815
197702,133,2009-05-07,19.4,0,13.2,05:13,25.6,16:07,29,2.2,11.4,22:30,72,94,,54,16:30,2025-05-06 18:49:21.580687,2025-05-06 18:49:21.580687
197716,133,2009-05-08,18.4,0,15.8,06:44,21.1,12:06,28,5,12.8,23:30,77,90,04:50,67,10:35,2025-05-06 18:49:21.656106,2025-05-06 18:49:21.656106
197730,133,2009-05-09,18.4,0,16,23:08,20.9,12:47,30,6.1,12.8,01:20,75,89,,62,14:20,2025-05-06 18:49:21.737879,2025-05-06 18:49:21.737879
197744,133,2009-05-10,17.5,0,14.6,06:04,20.4,14:24,30,3.9,9.2,11:40,68,84,00:20,58,14:00,2025-05-06 18:49:21.817883,2025-05-06 18:49:21.817883
197758,133,2009-05-11,18.1,0,14,05:23,22.2,13:01,32,2.5,7.8,14:50,70,90,21:40,57,13:00,2025-05-06 18:49:21.897032,2025-05-06 18:49:21.897032
197772,133,2009-05-12,18.6,0,15.9,03:30,21.2,12:30,30,3.6,10,18:50,70,89,03:45,52,,2025-05-06 18:49:21.976833,2025-05-06 18:49:21.976833
197786,133,2009-05-13,17.4,0,15.5,03:30,19.4,13:20,34,4.2,10,09:50,67,82,,56,13:00,2025-05-06 18:49:22.056595,2025-05-06 18:49:22.056595
197800,133,2009-05-14,17.4,0.4,15.6,,19.3,13:12,31,4.2,11.1,20:30,78,94,12:00,72,16:40,2025-05-06 18:49:22.124962,2025-05-06 18:49:22.124962
197814,133,2009-05-15,17.1,0,15.7,20:24,18.5,13:50,30,3.9,10.3,00:20,72,89,02:25,66,,2025-05-06 18:49:22.203803,2025-05-06 18:49:22.203803
197828,133,2009-05-16,17.6,0,15.4,05:30,19.9,14:11,30,4.2,9.7,15:40,71,81,,60,,2025-05-06 18:49:22.274838,2025-05-06 18:49:22.274838
197842,133,2009-05-17,17.2,0,14.8,04:05,19.5,11:13,31,4.2,9.2,19:30,75,85,22:20,68,13:40,2025-05-06 18:49:22.344085,2025-05-06 18:49:22.344085
197856,133,2009-05-18,17.6,0,15.4,22:55,19.7,13:30,30,5,9.7,11:20,75,91,02:00,63,15:50,2025-05-06 18:49:22.409522,2025-05-06 18:49:22.409522
197870,133,2009-05-19,17.5,0,14.8,06:11,20.2,14:30,30,3.6,8.9,02:30,67,78,20:40,56,,2025-05-06 18:49:22.477106,2025-05-06 18:49:22.477106
197884,133,2009-05-20,17.4,0,14.3,,20.4,13:44,5,2.2,7.5,13:00,61,75,,52,15:50,2025-05-06 18:49:22.543329,2025-05-06 18:49:22.543329
197898,133,2009-05-21,16.8,0,13.3,06:12,20.3,13:30,99,1.4,4.7,,74,85,,64,09:20,2025-05-06 18:49:22.606052,2025-05-06 18:49:22.606052
197912,133,2009-05-22,18,0,14.7,06:47,21.2,13:44,26,3.6,10.3,18:30,77,86,,61,13:50,2025-05-06 18:49:22.675808,2025-05-06 18:49:22.675808
197926,133,2009-05-23,17.6,0,15,05:30,20.2,14:04,99,4.4,10,,69,83,21:30,59,,2025-05-06 18:49:22.750380,2025-05-06 18:49:22.750380
197940,133,2009-05-24,17.5,0.2,15,05:37,20,13:30,33,3.9,8.9,14:20,72,87,,56,14:10,2025-05-06 18:49:22.814337,2025-05-06 18:49:22.814337
197954,133,2009-05-25,18,0.6,15.3,,20.6,14:43,33,3.3,8.6,16:40,79,92,,62,,2025-05-06 18:49:22.887289,2025-05-06 18:49:22.887289
197968,133,2009-05-26,18.2,0.8,15.7,,20.6,15:38,31,3.3,8.3,16:40,75,93,,60,,2025-05-06 18:49:22.963822,2025-05-06 18:49:22.963822
197982,133,2009-05-27,18.3,0,15.9,06:41,20.7,14:30,31,4.4,9.4,16:30,70,84,20:05,62,13:05,2025-05-06 18:49:23.042378,2025-05-06 18:49:23.042378
197996,133,2009-05-28,18.6,,16.3,,20.8,13:30,29,5.8,12.2,17:50,76,86,,67,15:30,2025-05-06 18:49:23.113497,2025-05-06 18:49:23.113497
198010,133,2009-05-29,19.2,0,17,04:45,21.4,14:06,28,6.9,14.7,09:50,73,88,,62,12:10,2025-05-06 18:49:23.186209,2025-05-06 18:49:23.186209
198024,133,2009-05-30,19.6,0,16.4,06:24,22.8,15:23,28,4.7,12.5,03:10,73,90,,59,,2025-05-06 18:49:23.262771,2025-05-06 18:49:23.262771
198038,133,2009-05-31,19,0,16,,22.1,14:32,28,3.3,8.1,05:00,76,91,23:50,63,,2025-05-06 18:49:23.339277,2025-05-06 18:49:23.339277
198051,133,2009-06-01,19,0,15.7,04:15,22.3,15:12,99,2.2,6.7,02:15,71,91,,61,16:30,2025-05-06 18:49:23.402812,2025-05-06 18:49:23.402812
198064,133,2009-06-02,18.5,0,15.3,01:54,21.7,14:27,31,2.5,8.6,19:20,73,86,,62,14:10,2025-05-06 18:49:23.475383,2025-05-06 18:49:23.475383
198077,133,2009-06-03,20.2,0,16.7,03:14,23.8,15:17,29,2.8,7.5,19:20,71,86,,52,14:35,2025-05-06 18:49:23.546812,2025-05-06 18:49:23.546812
198090,133,2009-06-04,19.8,0,17.3,23:51,22.2,14:48,28,4.4,9.4,17:00,71,91,02:10,56,14:40,2025-05-06 18:49:23.606737,2025-05-06 18:49:23.606737
198103,133,2009-06-05,19.2,0,16.5,05:36,21.8,13:40,32,4.7,10.6,17:50,73,86,,58,,2025-05-06 18:49:23.672615,2025-05-06 18:49:23.672615
198116,133,2009-06-06,19.4,0.2,17.2,23:16,21.7,13:53,99,4.4,9.7,,74,92,,59,15:30,2025-05-06 18:49:23.734102,2025-05-06 18:49:23.734102
198129,133,2009-06-07,19,0,16.4,03:30,21.5,11:38,99,2.2,6.4,,75,86,,69,16:30,2025-05-06 18:49:23.794777,2025-05-06 18:49:23.794777
198142,133,2009-06-08,19,0,15.8,03:26,22.3,11:30,99,3.9,8.3,,73,86,,61,,2025-05-06 18:49:23.861882,2025-05-06 18:49:23.861882
198155,133,2009-06-09,19.6,0,17,03:30,22.1,14:30,99,4.7,9.2,,71,86,,63,,2025-05-06 18:49:23.923719,2025-05-06 18:49:23.923719
198168,133,2009-06-10,20,0,17.8,02:30,22.1,12:38,99,4.7,10,16:45,81,90,,72,,2025-05-06 18:49:23.988822,2025-05-06 18:49:23.988822
198180,133,2009-06-11,20.1,0,18,,22.2,13:08,99,6.9,12.2,,79,90,,70,,2025-05-06 18:49:24.049541,2025-05-06 18:49:24.049541
198193,133,2009-06-12,19.2,0,18.1,07:26,20.2,,99,5,10.8,,88,94,23:00,83,,2025-05-06 18:49:24.117609,2025-05-06 18:49:24.117609
198206,133,2009-06-13,21.2,0,17,05:30,25.5,14:29,28,2.8,8.3,03:40,76,93,,62,14:25,2025-05-06 18:49:24.192571,2025-05-06 18:49:24.192571
198219,133,2009-06-14,21.8,0,18.6,05:30,24.9,11:47,28,3.6,9.4,23:59,78,93,06:25,66,,2025-05-06 18:49:24.266055,2025-05-06 18:49:24.266055
198232,133,2009-06-15,20.8,0.2,18.1,22:26,23.4,14:20,28,4.4,9.4,00:00,76,90,,65,12:30,2025-05-06 18:49:24.338474,2025-05-06 18:49:24.338474
198245,133,2009-06-16,19.4,0,17.3,,21.5,11:39,99,3.6,10.3,,73,90,00:05,57,11:50,2025-05-06 18:49:24.412454,2025-05-06 18:49:24.412454
198259,133,2009-06-17,20.4,0,16.1,06:01,24.8,14:54,31,2.2,7.5,16:40,69,89,00:05,53,,2025-05-06 18:49:24.481168,2025-05-06 18:49:24.481168
198273,133,2009-06-18,20.5,0,16.3,,24.7,15:39,3,1.9,6.9,12:10,69,88,23:45,58,,2025-05-06 18:49:24.547970,2025-05-06 18:49:24.547970
198287,133,2009-06-19,20.6,0,16.5,05:30,24.7,14:30,31,1.9,6.7,15:05,72,90,02:05,58,,2025-05-06 18:49:24.623166,2025-05-06 18:49:24.623166
198301,133,2009-06-20,21,0,16.8,05:52,25.1,13:19,31,2.5,6.7,17:50,76,88,,56,11:00,2025-05-06 18:49:24.699527,2025-05-06 18:49:24.699527
198315,133,2009-06-21,21.6,0,18.4,06:18,24.9,15:19,31,3.9,9.4,16:20,76,90,,57,10:40,2025-05-06 18:49:24.776267,2025-05-06 18:49:24.776267
198329,133,2009-06-22,22.4,0,19.1,05:30,25.8,12:30,99,3.3,8.6,,71,91,03:40,49,12:10,2025-05-06 18:49:24.846667,2025-05-06 18:49:24.846667
198343,133,2009-06-23,21.8,0,19.3,,24.3,15:48,30,3.3,8.3,00:00,77,89,,66,,2025-05-06 18:49:24.919681,2025-05-06 18:49:24.919681
198357,133,2009-06-24,21.6,0,19.2,06:08,23.9,12:30,99,3.1,6.7,,78,90,,67,13:00,2025-05-06 18:49:24.985807,2025-05-06 18:49:24.985807
198371,133,2009-06-25,21.5,0,18.8,,24.2,,99,2.2,6.4,,79,92,,65,16:20,2025-05-06 18:49:25.052176,2025-05-06 18:49:25.052176
198385,133,2009-06-26,21.4,0,19.1,,23.8,13:31,2,1.9,6.4,11:30,76,90,,68,13:30,2025-05-06 18:49:25.127397,2025-05-06 18:49:25.127397
198399,133,2009-06-27,20.4,0,16.7,06:07,24.2,14:42,28,2.2,7.2,12:20,73,88,,60,13:40,2025-05-06 18:49:25.202111,2025-05-06 18:49:25.202111
198413,133,2009-06-28,20.8,0,17.2,06:02,24.5,15:13,99,1.9,6.1,,67,87,00:20,57,08:00,2025-05-06 18:49:25.266209,2025-05-06 18:49:25.266209
198427,133,2009-06-29,21.6,0,17.4,05:30,25.7,14:31,34,2.2,6.4,15:10,73,87,,62,16:40,2025-05-06 18:49:25.342927,2025-05-06 18:49:25.342927
198440,133,2009-06-30,22,0,19.5,03:30,24.4,16:08,99,2.8,7.2,,79,88,,70,17:20,2025-05-06 18:49:25.416081,2025-05-06 18:49:25.416081
198453,133,2009-07-01,23,0,20.4,,25.5,15:11,32,3.9,10,10:00,77,90,,64,12:50,2025-05-06 18:49:25.479391,2025-05-06 18:49:25.479391
198466,133,2009-07-02,22.4,0,20.4,,24.4,14:04,99,5,11.9,,79,89,20:00,68,,2025-05-06 18:49:25.542652,2025-05-06 18:49:25.542652
198479,133,2009-07-03,22.3,0,20.2,,24.4,14:30,28,6.1,12.2,10:10,80,88,,70,15:00,2025-05-06 18:49:25.604765,2025-05-06 18:49:25.604765
198492,133,2009-07-04,22.3,0,20.1,05:37,24.5,15:05,99,5,10.3,,81,90,,71,15:00,2025-05-06 18:49:25.671223,2025-05-06 18:49:25.671223
198505,133,2009-07-05,22,0,19.5,04:30,24.6,14:21,30,4.4,8.9,10:50,77,90,,67,14:20,2025-05-06 18:49:25.734815,2025-05-06 18:49:25.734815
198518,133,2009-07-06,21.6,0,18.8,01:43,24.3,,99,3.9,8.3,,79,91,,69,13:30,2025-05-06 18:49:25.805096,2025-05-06 18:49:25.805096
198531,133,2009-07-07,22.3,0,20.2,,24.4,,32,3.3,7.8,16:30,78,89,,68,14:50,2025-05-06 18:49:25.876707,2025-05-06 18:49:25.876707
198544,133,2009-07-08,22,0,18.7,06:45,25.2,13:30,30,2.5,7.5,17:50,75,89,03:00,63,12:50,2025-05-06 18:49:25.950262,2025-05-06 18:49:25.950262
198556,133,2009-07-09,22.2,0,19.5,05:30,25,15:11,99,3.6,7.5,,78,89,05:25,68,,2025-05-06 18:49:26.015412,2025-05-06 18:49:26.015412
198570,133,2009-07-10,22,0,19.5,,24.4,15:25,99,4.4,8.6,,78,90,,68,,2025-05-06 18:49:26.098844,2025-05-06 18:49:26.098844
198584,133,2009-07-11,21.6,0,19.2,06:06,23.9,,31,5,9.2,11:30,79,91,,66,14:20,2025-05-06 18:49:26.176716,2025-05-06 18:49:26.176716
198598,133,2009-07-12,21.2,0,18.9,05:30,23.5,14:14,30,4.2,10.6,12:20,74,88,,66,,2025-05-06 18:49:26.251528,2025-05-06 18:49:26.251528
198612,133,2009-07-13,22,0,19.8,01:30,24.3,14:05,27,4.4,8.9,10:10,70,88,23:35,61,12:50,2025-05-06 18:49:26.325526,2025-05-06 18:49:26.325526
198626,133,2009-07-14,21.2,1,19.7,,22.8,14:30,0,2.5,,,78,94,10:40,72,18:10,2025-05-06 18:49:26.402480,2025-05-06 18:49:26.402480
198640,133,2009-07-15,21.4,0,18.3,05:37,24.4,14:23,30,2.5,8.1,16:20,74,88,00:20,66,12:40,2025-05-06 18:49:26.481655,2025-05-06 18:49:26.481655
198654,133,2009-07-16,21.4,0,19.8,,23,12:14,99,4.7,8.3,,80,91,,73,12:10,2025-05-06 18:49:26.560004,2025-05-06 18:49:26.560004
198669,133,2009-07-17,22,0,20.1,04:35,23.9,12:55,32,4.7,9.2,11:50,80,91,,70,13:00,2025-05-06 18:49:26.642668,2025-05-06 18:49:26.642668
198685,133,2009-07-18,21.8,0,19.8,,23.9,12:30,29,4.4,9.7,20:20,80,90,,67,11:40,2025-05-06 18:49:26.719659,2025-05-06 18:49:26.719659
198701,133,2009-07-19,21.7,0,19.1,04:42,24.3,15:38,29,5.3,12.2,18:50,82,93,06:50,73,,2025-05-06 18:49:26.791879,2025-05-06 18:49:26.791879
198717,133,2009-07-20,21.7,0,19.7,05:30,23.7,13:46,28,5.8,11.9,20:00,84,92,,76,,2025-05-06 18:49:26.867083,2025-05-06 18:49:26.867083
198733,133,2009-07-21,22,0,20,06:09,23.9,12:31,31,5.6,11.1,12:30,81,91,02:35,72,,2025-05-06 18:49:26.946169,2025-05-06 18:49:26.946169
198749,133,2009-07-22,22.2,0,20,,24.4,12:56,29,4.4,11.1,,77,88,,68,12:15,2025-05-06 18:49:27.032374,2025-05-06 18:49:27.032374
198763,133,2009-07-23,22.9,0,20.2,04:30,25.6,13:12,31,4.4,9.2,19:50,78,89,00:10,66,,2025-05-06 18:49:27.103202,2025-05-06 18:49:27.103202
198777,133,2009-07-24,24,0,20.5,06:19,27.6,12:38,28,4.4,10.8,21:20,74,91,,50,12:10,2025-05-06 18:49:27.173677,2025-05-06 18:49:27.173677
198793,133,2009-07-25,23.4,0,20.6,02:30,26.2,12:30,0,4.4,,,69,89,,59,,2025-05-06 18:49:27.260593,2025-05-06 18:49:27.260593
198809,133,2009-07-26,23,0,20.5,04:30,25.6,13:07,27,5,11.4,20:30,76,89,00:00,66,13:00,2025-05-06 18:49:27.344338,2025-05-06 18:49:27.344338
198824,133,2009-07-27,23,0,20.2,,25.9,,28,3.6,9.2,00:20,81,94,06:50,66,23:45,2025-05-06 18:49:27.426257,2025-05-06 18:49:27.426257
198840,133,2009-07-28,23.4,0,20.2,06:33,26.5,14:39,28,4.2,8.6,22:50,78,91,,64,00:40,2025-05-06 18:49:27.516892,2025-05-06 18:49:27.516892
198856,133,2009-07-29,24.4,0,20.5,05:30,28.2,13:30,28,4.7,8.9,20:20,75,94,,58,13:30,2025-05-06 18:49:27.599791,2025-05-06 18:49:27.599791
198872,133,2009-07-30,25.6,0,22.1,05:30,29.2,,99,3.1,6.7,,65,80,04:50,54,,2025-05-06 18:49:27.678208,2025-05-06 18:49:27.678208
198887,133,2009-07-31,29.4,0,23.4,23:38,35.5,12:24,25,2.8,7.5,21:40,39,76,23:10,25,12:30,2025-05-06 18:49:27.744673,2025-05-06 18:49:27.744673
198902,133,2009-08-01,28.3,0,22.6,06:45,34,12:17,32,3.1,6.9,14:10,47,71,,22,12:10,2025-05-06 18:49:27.825086,2025-05-06 18:49:27.825086
198918,133,2009-08-02,22.7,0,20.6,06:27,24.8,12:30,99,4.4,8.1,,79,88,,35,00:40,2025-05-06 18:49:27.906889,2025-05-06 18:49:27.906889
198934,133,2009-08-03,21.7,0,19.8,22:26,23.6,16:12,99,3.6,7.8,,72,92,02:25,61,15:55,2025-05-06 18:49:27.986433,2025-05-06 18:49:27.986433
198950,133,2009-08-04,21.8,0,19.1,04:48,24.5,14:18,99,3.6,8.9,,67,78,,54,,2025-05-06 18:49:28.064934,2025-05-06 18:49:28.064934
198966,133,2009-08-05,22.4,0,20,05:04,24.8,14:16,31,3.3,8.3,02:40,76,85,,63,14:10,2025-05-06 18:49:28.148823,2025-05-06 18:49:28.148823
198981,133,2009-08-06,22.6,0,20.5,,24.6,13:52,30,4.2,10,16:50,81,87,23:50,71,,2025-05-06 18:49:28.224502,2025-05-06 18:49:28.224502
198996,133,2009-08-07,22.9,0,20.2,06:30,25.6,15:02,30,4.2,8.9,14:20,73,89,,52,,2025-05-06 18:49:28.302008,2025-05-06 18:49:28.302008
199011,133,2009-08-08,24,0.6,20.7,06:15,27.3,13:10,99,2.8,7.5,,55,87,,47,,2025-05-06 18:49:28.376561,2025-05-06 18:49:28.376561
199026,133,2009-08-09,20.7,1.8,19.5,,21.9,15:14,34,3.1,7.8,04:30,87,95,,76,19:10,2025-05-06 18:49:28.451896,2025-05-06 18:49:28.451896
199041,133,2009-08-10,21.7,0,19.5,02:33,23.9,13:22,31,3.9,9.2,15:20,73,90,22:15,60,13:25,2025-05-06 18:49:28.531311,2025-05-06 18:49:28.531311
199055,133,2009-08-11,21.8,0,19.3,05:12,24.3,13:30,30,3.9,8.9,11:10,73,87,,59,,2025-05-06 18:49:28.601914,2025-05-06 18:49:28.601914
199069,133,2009-08-12,22.8,0,20.1,,25.5,14:12,34,3.9,8.9,15:00,75,85,00:00,63,,2025-05-06 18:49:28.679603,2025-05-06 18:49:28.679603
199085,133,2009-08-13,22.4,0,20.4,,24.4,12:52,33,5.6,11.1,15:10,77,86,23:30,64,15:10,2025-05-06 18:49:28.752918,2025-05-06 18:49:28.752918
199101,133,2009-08-14,22.4,0,20.6,04:30,24.3,11:12,32,4.7,10,18:20,80,90,,64,11:10,2025-05-06 18:49:28.820312,2025-05-06 18:49:28.820312
199117,133,2009-08-15,22.6,0,20.5,04:33,24.8,13:33,30,4.2,8.6,12:25,74,90,21:40,64,13:20,2025-05-06 18:49:28.891961,2025-05-06 18:49:28.891961
199132,133,2009-08-16,22.3,0,20.5,04:23,24.1,14:44,0,4.2,,,76,88,,67,,2025-05-06 18:49:28.960756,2025-05-06 18:49:28.960756
199148,133,2009-08-17,22,0,20.2,02:24,23.8,12:37,32,5,10.3,18:10,76,86,,68,,2025-05-06 18:49:29.033474,2025-05-06 18:49:29.033474
199163,133,2009-08-18,22.3,0,20.6,05:30,24,11:47,32,3.9,9.7,00:50,75,86,,65,11:50,2025-05-06 18:49:29.100289,2025-05-06 18:49:29.100289
199178,133,2009-08-19,22.4,0,20.4,06:09,24.3,12:20,32,4.7,10,17:50,78,88,,72,,2025-05-06 18:49:29.170499,2025-05-06 18:49:29.170499
199193,133,2009-08-20,23.8,0,20.2,,27.4,13:20,28,4.2,9.4,20:20,69,91,,54,23:40,2025-05-06 18:49:29.246458,2025-05-06 18:49:29.246458
199208,133,2009-08-21,22.6,0,20.3,03:30,24.8,12:30,99,4.7,8.6,,80,90,,55,00:00,2025-05-06 18:49:29.324882,2025-05-06 18:49:29.324882
199223,133,2009-08-22,22.2,,20.1,,24.2,13:32,32,4.4,9.7,17:20,77,87,00:15,69,,2025-05-06 18:49:29.396283,2025-05-06 18:49:29.396283
199238,133,2009-08-23,21.6,0,19.8,,23.4,12:30,99,4.4,9.2,,79,85,,69,12:10,2025-05-06 18:49:29.477435,2025-05-06 18:49:29.477435
199253,133,2009-08-24,21.8,0,20.1,05:30,23.6,13:30,30,4.2,8.3,,79,87,03:40,71,13:30,2025-05-06 18:49:29.548967,2025-05-06 18:49:29.548967
199268,133,2009-08-25,22,0,20.2,05:30,23.8,12:17,29,3.6,7.8,15:30,76,85,,69,13:00,2025-05-06 18:49:29.631155,2025-05-06 18:49:29.631155
199284,133,2009-08-26,22.6,0.4,20.3,21:30,24.8,12:32,99,4.4,8.6,,82,91,04:00,68,15:10,2025-05-06 18:49:29.711087,2025-05-06 18:49:29.711087
199300,133,2009-08-27,22,0.2,19.5,04:23,24.4,14:08,31,3.6,10,13:50,77,94,01:35,66,,2025-05-06 18:49:29.792032,2025-05-06 18:49:29.792032
199316,133,2009-08-28,22.5,0,19.9,06:33,25.1,12:46,32,3.1,8.6,14:40,76,90,02:20,64,14:10,2025-05-06 18:49:29.874062,2025-05-06 18:49:29.874062
199332,133,2009-08-29,22.2,0,20.3,01:30,24.2,13:30,31,3.6,7.8,13:50,77,87,,67,,2025-05-06 18:49:29.940044,2025-05-06 18:49:29.940044
199348,133,2009-08-30,22.4,0,20.4,,24.5,13:52,99,3.9,8.9,,77,87,,68,14:40,2025-05-06 18:49:30.014024,2025-05-06 18:49:30.014024
199363,133,2009-08-31,22.6,0,20.3,,24.8,14:52,32,4.4,8.9,00:00,77,87,,68,,2025-05-06 18:49:30.078539,2025-05-06 18:49:30.078539
199379,133,2009-09-01,22.4,0,20.3,05:33,24.6,14:43,29,4.2,8.9,00:20,78,88,,68,,2025-05-06 18:49:30.154817,2025-05-06 18:49:30.154817
199395,133,2009-09-02,22.4,0,20.4,,24.5,14:22,3,2.8,8.1,13:50,80,89,06:50,64,14:30,2025-05-06 18:49:30.233281,2025-05-06 18:49:30.233281
199411,133,2009-09-03,21.6,0,20.2,,23.1,14:24,33,3.3,7.5,11:10,73,86,00:45,66,12:20,2025-05-06 18:49:30.318867,2025-05-06 18:49:30.318867
199426,133,2009-09-04,22,0,19.9,04:50,24.2,15:34,32,2.8,7.5,19:40,76,86,,70,,2025-05-06 18:49:30.394580,2025-05-06 18:49:30.394580
199442,133,2009-09-05,22.4,0,20.4,05:30,24.5,13:30,29,4.7,10,22:40,76,86,19:40,63,14:00,2025-05-06 18:49:30.470244,2025-05-06 18:49:30.470244
199458,133,2009-09-06,21.7,0,19.6,06:17,23.8,13:47,32,5.8,11.7,,75,86,22:50,64,13:50,2025-05-06 18:50:34.089312,2025-05-06 18:50:34.089312
199474,133,2009-09-07,22.4,0,20,04:36,24.8,14:46,30,5.6,10.6,04:00,77,92,,62,,2025-05-06 18:50:34.191163,2025-05-06 18:50:34.191163
199490,133,2009-09-08,22.2,0,20.4,06:30,24,12:52,28,3.9,8.3,19:50,84,93,,72,,2025-05-06 18:50:34.275754,2025-05-06 18:50:34.275754
199506,133,2009-09-09,22.4,0,20.2,06:30,24.7,13:36,99,3.6,8.6,09:55,82,92,,67,09:40,2025-05-06 18:50:34.360240,2025-05-06 18:50:34.360240
199522,133,2009-09-10,22.2,0,20.2,01:15,24.2,11:30,31,3.1,8.1,12:00,82,93,06:25,72,,2025-05-06 18:50:34.453024,2025-05-06 18:50:34.453024
199537,133,2009-09-11,21.5,0,18.7,06:31,24.3,11:30,4,1.9,6.1,11:30,81,91,,74,,2025-05-06 18:50:34.531744,2025-05-06 18:50:34.531744
199552,133,2009-09-12,22.1,0,20,,24.2,14:30,30,1.9,5.6,,83,92,06:55,68,14:10,2025-05-06 18:50:34.607037,2025-05-06 18:50:34.607037
199567,133,2009-09-13,22.2,0,19.3,03:08,25,13:55,30,2.8,7.8,15:30,77,90,,65,,2025-05-06 18:50:34.685117,2025-05-06 18:50:34.685117
199582,133,2009-09-14,22.6,0,20.1,01:22,25,12:35,29,3.3,8.3,21:50,78,87,,64,12:20,2025-05-06 18:50:34.769682,2025-05-06 18:50:34.769682
199597,133,2009-09-15,22.2,0.8,20.1,03:21,24.3,14:30,28,5,10.3,09:50,79,92,11:00,68,13:00,2025-05-06 18:50:34.851402,2025-05-06 18:50:34.851402
199613,133,2009-09-16,21.5,0,18.3,06:30,24.7,13:30,30,3.1,10,11:50,69,82,,55,14:00,2025-05-06 18:50:34.934844,2025-05-06 18:50:34.934844
199629,133,2009-09-17,21.2,0,17.9,06:39,24.5,12:53,99,2.2,6.1,,66,79,,51,14:00,2025-05-06 18:50:35.016598,2025-05-06 18:50:35.016598
199645,133,2009-09-18,21.2,2.6,18.8,05:25,23.7,11:51,99,1.7,5.6,,70,83,,56,17:20,2025-05-06 18:50:35.094256,2025-05-06 18:50:35.094256
199661,133,2009-09-19,19.6,8.6,18.2,07:30,21,16:11,99,1.9,5.3,,86,90,,79,,2025-05-06 18:50:35.170015,2025-05-06 18:50:35.170015
199677,133,2009-09-20,19.4,0.8,17.7,05:07,21,14:30,32,1.4,5,18:50,88,93,,80,16:40,2025-05-06 18:50:35.242797,2025-05-06 18:50:35.242797
199691,133,2009-09-21,20.2,0.2,18.4,06:45,22.1,16:48,2,2.2,6.4,12:10,82,91,05:30,73,12:10,2025-05-06 18:50:35.312712,2025-05-06 18:50:35.312712
199706,133,2009-09-22,21.4,0,18.9,07:01,23.8,14:31,31,2.2,7.8,16:10,79,88,,65,13:50,2025-05-06 18:50:35.395090,2025-05-06 18:50:35.395090
199722,133,2009-09-23,21.4,0,19.8,05:30,23,13:24,31,2.5,7.8,21:40,81,90,,73,12:40,2025-05-06 18:50:35.478154,2025-05-06 18:50:35.478154
199738,133,2009-09-24,21.4,0,18.9,06:30,23.8,14:12,99,2.5,7.8,,80,88,,64,14:35,2025-05-06 18:50:35.562452,2025-05-06 18:50:35.562452
199753,133,2009-09-25,21.6,0,19.4,,23.9,12:40,31,3.6,8.3,12:40,77,88,,65,14:00,2025-05-06 18:50:35.634878,2025-05-06 18:50:35.634878
199768,133,2009-09-26,22,0,19.6,01:02,24.5,13:30,26,3.3,10,02:10,81,90,07:00,64,16:00,2025-05-06 18:50:35.708060,2025-05-06 18:50:35.708060
199783,133,2009-09-27,21.9,0,19.9,,23.9,13:30,31,2.5,7.8,13:10,75,89,,62,14:05,2025-05-06 18:50:35.773358,2025-05-06 18:50:35.773358
199797,133,2009-09-28,21.4,0.2,19,06:29,23.9,14:07,28,4.2,9.7,12:10,76,87,,63,14:20,2025-05-06 18:50:35.846371,2025-05-06 18:50:35.846371
199811,133,2009-09-29,21.4,0,18.6,06:30,24.1,12:45,36,3.1,7.5,13:10,75,89,02:25,63,,2025-05-06 18:50:35.917642,2025-05-06 18:50:35.917642
199826,133,2009-09-30,20.7,0,17,06:30,24.4,12:10,8,1.9,6.7,15:20,73,88,,65,11:40,2025-05-06 18:50:35.989466,2025-05-06 18:50:35.989466
199842,133,2009-10-01,21.3,0,18,04:15,24.6,14:39,6,2.2,6.7,12:30,82,93,05:55,70,,2025-05-06 18:50:36.066204,2025-05-06 18:50:36.066204
199857,133,2009-10-02,22,0,18.7,06:05,25.3,14:01,4,1.7,5.3,12:00,73,89,,62,18:15,2025-05-06 18:50:36.149314,2025-05-06 18:50:36.149314
199872,133,2009-10-03,22.2,0,18.7,06:16,25.6,12:30,36,1.1,5.3,13:00,80,93,,59,11:45,2025-05-06 18:50:36.228383,2025-05-06 18:50:36.228383
199886,133,2009-10-04,22.2,0,18.6,06:23,25.9,13:30,8,1.7,5.3,12:50,82,94,,68,12:10,2025-05-06 18:50:36.299560,2025-05-06 18:50:36.299560
199900,133,2009-10-05,22.4,0,19.4,06:30,25.3,15:10,99,1.7,5,11:35,86,95,,74,11:10,2025-05-06 18:50:36.369104,2025-05-06 18:50:36.369104
199915,133,2009-10-06,22.6,0,19.6,06:32,25.7,11:32,11,2.2,6.9,12:20,81,94,,72,,2025-05-06 18:50:36.437214,2025-05-06 18:50:36.437214
199931,133,2009-10-07,22.9,0,19.7,06:30,26.1,11:41,4,1.9,5.8,11:50,76,88,,62,12:00,2025-05-06 18:50:36.518382,2025-05-06 18:50:36.518382
199947,133,2009-10-08,22.2,0,20.3,02:30,24.1,11:30,32,2.2,6.1,17:00,85,91,07:05,79,11:55,2025-05-06 18:50:36.607544,2025-05-06 18:50:36.607544
199963,133,2009-10-09,21.5,0,18.8,06:43,24.2,12:35,99,1.7,6.7,,78,87,,67,10:30,2025-05-06 18:50:36.691992,2025-05-06 18:50:36.691992
199979,133,2009-10-10,21,0.8,18.4,05:40,23.7,13:30,33,2.5,7.2,23:30,77,87,09:10,59,15:40,2025-05-06 18:50:36.775772,2025-05-06 18:50:36.775772
199995,133,2009-10-11,21.4,0,19.7,,23.2,10:49,32,4.4,8.9,13:00,80,88,00:05,69,10:50,2025-05-06 18:50:36.863007,2025-05-06 18:50:36.863007
200011,133,2009-10-12,21.6,0,19.6,04:29,23.5,13:09,28,3.9,8.9,10:40,79,87,,72,,2025-05-06 18:50:36.943399,2025-05-06 18:50:36.943399
200027,133,2009-10-13,21.6,0,18.8,01:30,24.5,12:41,28,2.8,6.7,17:50,78,89,,68,,2025-05-06 18:50:37.022939,2025-05-06 18:50:37.022939
200042,133,2009-10-14,21.3,0,18.6,07:22,24,12:30,32,2.5,8.3,16:20,77,85,,70,,2025-05-06 18:50:37.102937,2025-05-06 18:50:37.102937
200058,133,2009-10-15,22.1,0,20.4,07:09,23.8,11:30,30,3.6,8.6,,79,88,,71,,2025-05-06 18:50:37.193371,2025-05-06 18:50:37.193371
200074,133,2009-10-16,22.1,0,20,06:30,24.2,13:11,28,3.9,9.7,17:30,78,90,01:50,67,13:00,2025-05-06 18:50:37.283960,2025-05-06 18:50:37.283960
200090,133,2009-10-17,21.8,0,19.3,07:34,24.3,12:06,33,2.2,6.4,15:00,79,87,,66,12:10,2025-05-06 18:50:37.366911,2025-05-06 18:50:37.366911
200106,133,2009-10-18,21.6,0,19.1,07:06,24,13:30,31,2.8,7.8,14:30,77,88,,65,,2025-05-06 18:50:37.449186,2025-05-06 18:50:37.449186
200122,133,2009-10-19,21.6,0,19.6,,23.5,,99,4.4,10.3,,72,85,,62,11:40,2025-05-06 18:50:37.541597,2025-05-06 18:50:37.541597
200138,133,2009-10-20,22,0.4,20,,24.1,,29,5.6,11.7,08:30,72,82,,53,,2025-05-06 18:50:37.610557,2025-05-06 18:50:37.610557
200154,133,2009-10-21,22.3,3.4,18.9,02:14,25.7,13:13,28,3.1,8.9,,73,96,,54,,2025-05-06 18:50:37.677138,2025-05-06 18:50:37.677138
200169,133,2009-10-22,20.8,0,18.9,04:30,22.7,14:09,99,1.9,5.8,,77,96,,68,14:10,2025-05-06 18:50:37.743161,2025-05-06 18:50:37.743161
200185,133,2009-10-23,21.4,0,18.6,03:29,24.3,13:06,31,1.9,7.2,,77,90,22:05,65,13:30,2025-05-06 18:50:37.812422,2025-05-06 18:50:37.812422
200200,133,2009-10-24,22,0,20.3,,23.8,14:16,30,2.8,7.2,17:20,84,92,,72,14:25,2025-05-06 18:50:37.879928,2025-05-06 18:50:37.879928
200215,133,2009-10-25,21.7,0,19.2,06:30,24.2,12:30,33,1.7,6.7,22:40,82,91,,72,11:45,2025-05-06 18:50:37.954987,2025-05-06 18:50:37.954987
200230,133,2009-10-26,21.2,,18.1,04:30,24.2,12:30,99,1.4,5,,82,91,05:55,72,12:10,2025-05-06 18:50:38.041522,2025-05-06 18:50:38.041522
200245,133,2009-10-27,20.7,0,18.6,07:49,22.8,13:12,10,1.1,5,12:00,83,89,,77,,2025-05-06 18:50:38.128466,2025-05-06 18:50:38.128466
200261,133,2009-10-28,21,0,17.9,06:30,24.2,12:03,6,1.4,4.7,12:20,80,91,01:20,67,12:10,2025-05-06 18:50:38.240437,2025-05-06 18:50:38.240437
200277,133,2009-10-29,21.6,0,18.4,06:30,24.9,13:21,99,1.4,5,,79,92,,59,14:00,2025-05-06 18:50:38.316634,2025-05-06 18:50:38.316634
200293,133,2009-10-30,21.6,0,18.3,05:30,25,13:57,35,1.9,5.3,14:10,82,93,05:10,70,11:55,2025-05-06 18:50:38.394822,2025-05-06 18:50:38.394822
200308,133,2009-10-31,21.8,0,18.4,07:24,25.2,13:33,99,2.5,6.1,,80,91,,70,,2025-05-06 18:50:38.469322,2025-05-06 18:50:38.469322
200324,133,2009-11-01,21.8,0,20.1,06:18,23.5,13:08,0,3.6,,,83,91,,70,14:10,2025-05-06 18:50:38.536098,2025-05-06 18:50:38.536098
200340,133,2009-11-02,21.8,0,20.2,23:01,23.5,11:39,36,2.2,7.2,11:30,77,88,20:35,68,,2025-05-06 18:50:38.602449,2025-05-06 18:50:38.602449
200356,133,2009-11-03,20.6,0,18.4,06:30,22.8,10:40,7,1.9,6.4,13:40,81,89,,65,16:40,2025-05-06 18:50:38.685681,2025-05-06 18:50:38.685681
200384,133,2009-11-05,20.2,3.6,17.8,06:17,22.6,14:47,30,3.9,9.7,13:40,82,95,23:45,69,14:45,2025-05-06 18:50:38.858160,2025-05-06 18:50:38.858160
200400,133,2009-11-06,19.8,0.4,18.2,23:36,21.4,12:18,30,3.6,11.4,23:30,66,96,00:45,61,12:45,2025-05-06 18:50:38.940013,2025-05-06 18:50:38.940013
200416,133,2009-11-07,19.6,0.2,17.5,,21.7,,99,3.1,10.3,,78,89,01:10,69,,2025-05-06 18:50:39.016951,2025-05-06 18:50:39.016951
200445,133,2009-11-09,19.8,2,18.2,06:48,21.5,11:54,34,3.3,10,06:30,80,94,23:00,68,11:20,2025-05-06 18:50:39.172846,2025-05-06 18:50:39.172846
200461,133,2009-11-10,20,2,18.5,,21.4,15:22,32,3.9,8.9,,80,89,,72,,2025-05-06 18:50:39.251416,2025-05-06 18:50:39.251416
200475,133,2009-11-11,20,0.2,18.6,05:31,21.5,11:51,31,3.3,8.3,14:10,80,89,05:20,75,,2025-05-06 18:50:39.319337,2025-05-06 18:50:39.319337
200489,133,2009-11-12,20,0,18.4,23:57,21.5,13:06,30,1.9,6.7,01:40,82,88,,72,11:40,2025-05-06 18:50:39.394867,2025-05-06 18:50:39.394867
200505,133,2009-11-13,19.2,0,15.9,,22.5,12:31,99,2.2,6.7,,75,92,02:10,62,12:50,2025-05-06 18:50:39.480085,2025-05-06 18:50:39.480085
200521,133,2009-11-14,18.8,0,15.3,,22.2,14:31,7,2.5,6.1,14:10,73,87,21:20,64,11:20,2025-05-06 18:50:39.556158,2025-05-06 18:50:39.556158
200537,133,2009-11-15,21.1,0,16.1,03:55,26.1,14:20,11,1.9,7.5,13:00,81,94,05:10,48,22:50,2025-05-06 18:50:39.632456,2025-05-06 18:50:39.632456
200553,133,2009-11-16,20.9,9.2,17.5,06:27,24.3,12:33,25,2.8,9.7,17:40,80,96,23:45,51,03:00,2025-05-06 18:50:39.714803,2025-05-06 18:50:39.714803
200569,133,2009-11-17,18.2,1.6,16.4,23:20,20.1,15:20,99,1.4,5.8,18:25,88,96,09:55,79,,2025-05-06 18:50:39.797158,2025-05-06 18:50:39.797158
200584,133,2009-11-18,18.4,0,16.1,,20.7,11:53,36,1.9,6.4,13:20,82,94,00:25,76,11:50,2025-05-06 18:50:39.874221,2025-05-06 18:50:39.874221
200599,133,2009-11-19,18.2,0,15.8,23:43,20.7,14:26,2,1.7,5.6,00:30,79,90,,70,14:40,2025-05-06 18:50:39.941518,2025-05-06 18:50:39.941518
200614,133,2009-11-20,19.2,0,15.2,03:27,23.3,12:30,8,2.5,7.2,13:30,69,92,,46,12:50,2025-05-06 18:50:40.012065,2025-05-06 18:50:40.012065
200629,133,2009-11-21,19.6,0,15.8,07:43,23.3,13:47,30,1.7,4.4,15:05,64,88,00:00,54,13:30,2025-05-06 18:50:40.081428,2025-05-06 18:50:40.081428
200645,133,2009-11-22,19.4,0,16.4,,22.5,12:22,4,1.7,5,14:40,81,89,,60,12:00,2025-05-06 18:50:40.166360,2025-05-06 18:50:40.166360
200661,133,2009-11-23,18.4,0,16.4,23:47,20.4,,7,1.9,7.5,13:40,82,91,05:20,75,16:30,2025-05-06 18:50:40.242379,2025-05-06 18:50:40.242379
200676,133,2009-11-24,18.7,0,15.9,23:41,21.5,14:32,99,2.2,6.4,,76,91,23:55,68,17:10,2025-05-06 18:50:40.323400,2025-05-06 18:50:40.323400
200692,133,2009-11-25,19.2,0,15.4,01:07,23.1,14:23,7,2.2,6.1,13:40,50,91,00:10,34,21:35,2025-05-06 18:50:40.416541,2025-05-06 18:50:40.416541
200708,133,2009-11-26,19.8,0,15.9,,23.8,,99,2.2,6.7,,55,70,18:05,26,,2025-05-06 18:50:40.508639,2025-05-06 18:50:40.508639
200724,133,2009-11-27,20.2,0,17.1,23:51,23.2,13:08,13,2.2,7.2,11:50,44,68,18:10,28,,2025-05-06 18:50:40.599979,2025-05-06 18:50:40.599979
200740,133,2009-11-28,19.2,0,15.8,23:59,22.6,12:30,12,1.9,5.8,13:30,56,74,19:30,32,,2025-05-06 18:50:40.682678,2025-05-06 18:50:40.682678
200753,133,2009-11-29,18.3,2.8,15.5,,21.1,13:46,28,4.4,11.7,12:30,75,94,23:59,61,,2025-05-06 18:50:40.750796,2025-05-06 18:50:40.750796
200769,133,2009-11-30,17.3,9.8,15.3,07:49,19.3,11:45,34,2.5,9.2,13:00,89,96,15:30,74,,2025-05-06 18:50:40.836525,2025-05-06 18:50:40.836525
200785,133,2009-12-01,17.2,1.2,15.7,03:20,18.8,10:32,3,1.7,7.8,16:20,82,95,,67,14:10,2025-05-06 18:50:40.921641,2025-05-06 18:50:40.921641
200800,133,2009-12-02,17.4,0.2,15.9,00:01,19,13:05,33,1.7,6.4,15:00,79,91,06:30,70,15:30,2025-05-06 18:50:41.006901,2025-05-06 18:50:41.006901
200817,133,2009-12-03,18,0.2,16.8,01:43,19.3,14:23,3,1.7,6.9,13:50,79,86,,70,11:40,2025-05-06 18:50:41.086562,2025-05-06 18:50:41.086562
200834,133,2009-12-04,18.4,1,16.3,07:45,20.4,13:20,4,1.9,6.9,10:30,72,92,01:00,58,13:00,2025-05-06 18:50:41.165007,2025-05-06 18:50:41.165007
200850,133,2009-12-05,17.2,0,14.9,05:31,19.4,13:15,2,1.1,5.3,13:30,66,91,01:30,58,12:50,2025-05-06 18:50:41.247151,2025-05-06 18:50:41.247151
200866,133,2009-12-06,17.6,0,15.7,,19.6,14:31,6,1.9,5.8,11:10,66,71,16:40,58,12:00,2025-05-06 18:50:41.330454,2025-05-06 18:50:41.330454
200882,133,2009-12-07,16.2,0,14.1,23:50,18.2,10:39,7,1.4,5.8,14:40,70,80,22:20,65,02:00,2025-05-06 18:50:41.409456,2025-05-06 18:50:41.409456
200898,133,2009-12-08,16.4,0,13.7,01:54,19.1,14:30,18,1.7,5,01:50,78,87,,72,09:50,2025-05-06 18:50:41.493643,2025-05-06 18:50:41.493643
200914,133,2009-12-09,17.7,0,14.3,07:50,21.1,14:43,9,1.9,5.3,13:20,86,94,,78,,2025-05-06 18:50:41.580747,2025-05-06 18:50:41.580747
200930,133,2009-12-10,21,0,16.1,,25.9,13:47,9,2.2,8.3,11:10,37,93,00:10,21,13:00,2025-05-06 18:50:41.664377,2025-05-06 18:50:41.664377
200946,133,2009-12-11,22,19,17.8,02:37,26.3,12:27,99,2.2,7.2,12:40,36,64,21:40,22,09:30,2025-05-06 18:50:41.749358,2025-05-06 18:50:41.749358
200962,133,2009-12-12,16.8,9.4,14.5,04:14,19.2,00:53,29,4.2,12.2,23:00,86,96,,57,00:00,2025-05-06 18:50:41.825025,2025-05-06 18:50:41.825025
200979,133,2009-12-13,16.9,0.2,15.3,23:55,18.5,13:26,30,4.4,11.7,03:10,69,83,15:50,63,13:00,2025-05-06 18:50:41.895572,2025-05-06 18:50:41.895572
200995,133,2009-12-14,17.9,0,14.2,07:35,21.6,12:36,7,1.4,5,14:50,77,89,17:30,60,11:50,2025-05-06 18:50:41.958325,2025-05-06 18:50:41.958325
201011,133,2009-12-15,19,0.8,15.9,,22.2,16:01,1,1.9,6.4,13:10,82,88,07:10,70,15:20,2025-05-06 18:50:42.022998,2025-05-06 18:50:42.022998
201027,133,2009-12-16,18.2,2,16.5,23:53,19.9,,19,1.4,4.2,05:30,95,98,,82,,2025-05-06 18:50:42.071161,2025-05-06 18:50:42.071161
201042,133,2009-12-17,20.4,0,15.9,05:07,24.9,13:41,15,2.8,13.3,10:30,66,97,06:00,39,13:40,2025-05-06 18:50:42.107286,2025-05-06 18:50:42.107286
201058,133,2009-12-18,18.8,0,15.6,23:56,22,02:49,27,2.5,13.3,05:50,63,84,00:50,35,04:20,2025-05-06 18:50:42.148618,2025-05-06 18:50:42.148618
201075,133,2009-12-19,18.7,0,15.1,04:12,22.3,11:48,8,1.7,4.7,16:00,68,83,21:10,55,11:50,2025-05-06 18:50:42.188756,2025-05-06 18:50:42.188756
201091,133,2009-12-20,18.6,1.8,15.1,02:43,22.1,12:04,9,1.4,5.6,20:00,69,83,22:20,53,13:00,2025-05-06 18:50:42.222198,2025-05-06 18:50:42.222198
201107,133,2009-12-21,20.2,5,18.3,,22.2,16:23,22,1.4,9.7,08:00,83,92,,62,12:50,2025-05-06 18:50:42.255959,2025-05-06 18:50:42.255959
201124,133,2009-12-22,21.1,0,18.7,05:39,23.5,14:58,24,1.4,6.4,03:10,72,82,20:00,60,02:10,2025-05-06 18:50:42.292559,2025-05-06 18:50:42.292559
201141,133,2009-12-23,22.5,0,19.9,02:04,25.1,15:08,18,1.1,10.8,19:20,73,85,,55,15:20,2025-05-06 18:50:42.330822,2025-05-06 18:50:42.330822
201158,133,2009-12-24,22,0,19.5,22:05,24.6,13:33,12,1.9,9.7,00:10,76,85,22:10,57,10:20,2025-05-06 18:50:42.368072,2025-05-06 18:50:42.368072
201175,133,2009-12-25,22.4,0,19.6,23:58,25.2,16:52,12,1.9,10,02:10,67,93,03:40,40,20:30,2025-05-06 18:50:42.408629,2025-05-06 18:50:42.408629
201192,133,2009-12-26,19,0,17.1,04:52,20.8,12:51,7,1.9,7.2,11:30,84,93,23:40,53,00:00,2025-05-06 18:50:42.448247,2025-05-06 18:50:42.448247
201208,133,2009-12-27,18,0,15,05:40,21,11:30,8,1.9,6.1,13:00,84,94,01:30,70,04:00,2025-05-06 18:50:42.486396,2025-05-06 18:50:42.486396
201224,133,2009-12-28,17.7,0,14.5,07:48,20.9,11:56,32,1.7,5.3,16:50,86,95,22:20,75,11:40,2025-05-06 18:50:42.522625,2025-05-06 18:50:42.522625
201240,133,2009-12-29,18.6,0,14,03:38,23.1,12:44,99,1.9,4.4,,76,94,00:40,62,15:00,2025-05-06 18:50:42.559734,2025-05-06 18:50:42.559734
201255,133,2009-12-30,17.9,0.2,16.5,,19.3,11:04,32,3.1,8.6,18:50,80,94,,70,,2025-05-06 18:50:42.631934,2025-05-06 18:50:42.631934
201270,133,2009-12-31,16.5,0.6,15.6,,17.4,00:01,30,2.5,10.8,03:10,74,88,12:20,65,22:20,2025-05-06 18:50:42.672159,2025-05-06 18:50:42.672159
201286,133,2010-01-01,16.7,0,14,23:54,19.4,12:00,10,1.9,6.1,13:30,66,77,,53,11:50,2025-05-06 18:50:42.726839,2025-05-06 18:50:42.726839
201302,133,2010-01-02,16.2,0,12.6,07:18,19.7,11:55,11,2.2,7.2,13:40,79,90,22:10,66,11:30,2025-05-06 18:50:42.789270,2025-05-06 18:50:42.789270
201318,133,2010-01-03,17.7,0,13.6,04:28,21.8,11:25,30,1.4,8.3,12:40,82,94,06:00,59,10:10,2025-05-06 18:50:42.854800,2025-05-06 18:50:42.854800
201334,133,2010-01-04,17.6,0,15,06:34,20.2,12:44,28,2.5,10.8,23:40,79,88,03:20,69,,2025-05-06 18:50:42.921751,2025-05-06 18:50:42.921751
201350,133,2010-01-05,17.2,0,15.5,03:50,19,14:50,28,5.6,12.8,02:50,80,93,03:50,69,15:10,2025-05-06 18:50:42.991686,2025-05-06 18:50:42.991686
201366,133,2010-01-06,18,0,15.1,08:02,20.9,12:20,36,1.9,8.9,23:00,73,95,23:10,62,13:50,2025-05-06 18:50:43.064408,2025-05-06 18:50:43.064408
201382,133,2010-01-07,17.2,5.8,15.3,23:56,19,12:13,28,6.9,15.3,13:50,70,92,00:00,60,13:10,2025-05-06 18:50:43.146406,2025-05-06 18:50:43.146406
201398,133,2010-01-08,14.5,0,12.3,23:54,16.7,13:10,32,2.8,9.7,00:30,74,94,06:20,60,15:30,2025-05-06 18:50:43.226603,2025-05-06 18:50:43.226603
201414,133,2010-01-09,14.8,0,11.3,06:58,18.2,13:49,9,2.5,6.1,13:00,70,83,23:30,60,13:30,2025-05-06 18:50:43.298111,2025-05-06 18:50:43.298111
201430,133,2010-01-10,17.4,0.2,13.6,,21.1,10:36,28,4.4,10.3,11:10,79,94,11:50,68,09:40,2025-05-06 18:50:43.372760,2025-05-06 18:50:43.372760
201446,133,2010-01-11,16.3,0,13.2,07:55,19.4,12:21,28,3.3,6.9,18:00,72,85,20:30,63,11:40,2025-05-06 18:50:43.454789,2025-05-06 18:50:43.454789
201461,133,2010-01-12,15.6,0,11.4,08:05,19.7,13:31,29,2.2,6.4,21:10,76,92,07:40,64,13:00,2025-05-06 18:50:43.529392,2025-05-06 18:50:43.529392
201476,133,2010-01-13,17.4,0,14.1,,20.8,12:19,31,2.5,6.4,16:50,82,90,,72,12:10,2025-05-06 18:50:43.606564,2025-05-06 18:50:43.606564
201492,133,2010-01-14,18.5,0,15.6,03:07,21.4,14:37,29,1.7,5,00:10,83,91,03:40,68,14:40,2025-05-06 18:50:43.690815,2025-05-06 18:50:43.690815
201508,133,2010-01-15,18.2,0,16,23:57,20.4,13:09,6,2.2,5.8,12:30,77,87,,69,13:10,2025-05-06 18:50:43.773341,2025-05-06 18:50:43.773341
201524,133,2010-01-16,18.8,0,14.8,03:54,22.8,15:15,13,2.2,6.4,21:10,81,96,08:30,55,15:00,2025-05-06 18:50:43.853279,2025-05-06 18:50:43.853279
201540,133,2010-01-17,21,0,15.7,04:13,26.3,12:15,14,2.5,10,05:40,56,90,21:50,33,07:00,2025-05-06 18:50:43.933494,2025-05-06 18:50:43.933494
201555,133,2010-01-18,19.6,0,14.7,04:02,24.4,14:21,10,1.7,6.4,10:20,67,90,04:20,49,21:20,2025-05-06 18:50:44.005134,2025-05-06 18:50:44.005134
201570,133,2010-01-19,18.4,0,14.3,08:20,22.4,11:35,30,1.9,6.7,13:40,78,90,04:50,50,10:10,2025-05-06 18:50:44.074395,2025-05-06 18:50:44.074395
201585,133,2010-01-20,17.6,0,15.5,08:07,19.7,11:49,99,1.7,5.3,,78,88,01:10,70,14:20,2025-05-06 18:50:44.152047,2025-05-06 18:50:44.152047
201600,133,2010-01-21,16.9,0,14.4,05:47,19.4,12:41,6,1.7,5.3,13:00,78,86,07:00,71,12:20,2025-05-06 18:50:44.229687,2025-05-06 18:50:44.229687
201615,133,2010-01-22,15.8,0,12.9,04:10,18.7,13:21,18,2.2,4.7,07:30,73,85,05:30,68,13:20,2025-05-06 18:50:44.308404,2025-05-06 18:50:44.308404
201631,133,2010-01-23,16.3,2.2,14.1,00:01,18.5,09:27,32,3.3,11.1,09:50,82,96,10:20,68,21:10,2025-05-06 18:50:44.396291,2025-05-06 18:50:44.396291
201647,133,2010-01-24,15.6,0,14.4,,16.9,14:59,32,3.3,9.2,21:10,67,78,13:30,59,22:40,2025-05-06 18:50:44.481244,2025-05-06 18:50:44.481244
201663,133,2010-01-25,15.4,0,14.3,07:46,16.6,13:04,33,3.6,8.6,10:40,65,74,07:20,54,16:40,2025-05-06 18:50:44.556606,2025-05-06 18:50:44.556606
201679,133,2010-01-26,15.4,0,13.9,23:53,16.9,13:50,30,3.9,9.4,11:30,70,85,23:50,58,08:40,2025-05-06 18:50:44.625511,2025-05-06 18:50:44.625511
201695,133,2010-01-27,14.8,1,13.1,20:03,16.5,15:15,33,3.6,10.3,04:40,64,86,04:50,52,15:20,2025-05-06 18:50:44.699510,2025-05-06 18:50:44.699510
201711,133,2010-01-28,15.1,13.6,12,04:25,18.2,12:39,32,2.5,10,12:50,88,96,17:50,57,11:20,2025-05-06 18:50:44.769608,2025-05-06 18:50:44.769608
201727,133,2010-01-29,14,0,10.6,06:01,17.4,12:44,19,2.5,5.8,08:00,70,88,00:10,61,13:00,2025-05-06 18:50:44.843620,2025-05-06 18:50:44.843620
201743,133,2010-01-30,15.4,0,13.6,00:49,17.3,16:10,13,2.8,9.2,16:00,77,82,23:59,72,16:40,2025-05-06 18:50:44.924037,2025-05-06 18:50:44.924037
201759,133,2010-01-31,18.8,5.2,15.5,03:34,22.1,14:20,12,2.2,9.7,01:20,83,92,,52,04:30,2025-05-06 18:50:45.006013,2025-05-06 18:50:45.006013
201774,133,2010-02-01,18.6,20.2,16.2,07:38,20.9,15:40,14,1.7,8.9,21:40,87,98,10:10,82,02:50,2025-05-06 18:50:45.079531,2025-05-06 18:50:45.079531
201789,133,2010-02-02,18.7,3.6,16.8,23:30,20.6,17:19,10,1.1,8.9,00:40,83,96,00:50,67,21:10,2025-05-06 18:50:45.143210,2025-05-06 18:50:45.143210
201804,133,2010-02-03,17.9,2.6,16.3,23:52,19.5,14:21,28,3.6,10.3,14:00,84,94,18:50,78,14:00,2025-05-06 18:50:45.210668,2025-05-06 18:50:45.210668
201820,133,2010-02-04,16.4,0,13.9,,18.9,13:51,35,1.9,6.4,15:30,75,90,23:30,69,13:10,2025-05-06 18:50:45.281934,2025-05-06 18:50:45.281934
201835,133,2010-02-05,16,0,12.9,07:15,19.1,13:29,8,2.8,6.4,13:40,82,94,23:10,73,13:30,2025-05-06 18:50:45.347607,2025-05-06 18:50:45.347607
201850,133,2010-02-06,19,0,14.8,00:55,23.3,14:19,12,3.1,10.8,12:30,55,94,00:10,38,11:10,2025-05-06 18:50:45.426027,2025-05-06 18:50:45.426027
201865,133,2010-02-07,20.6,0,16.8,23:30,24.4,10:13,99,4.2,11.7,17:30,62,90,23:50,37,06:50,2025-05-06 18:50:45.501324,2025-05-06 18:50:45.501324
201880,133,2010-02-08,17.5,5,15.8,20:37,19.2,09:41,30,3.9,11.1,14:20,91,98,11:50,82,01:10,2025-05-06 18:50:45.578534,2025-05-06 18:50:45.578534
201895,133,2010-02-09,16.8,0.2,15.2,05:28,18.4,14:58,31,3.3,8.6,00:50,79,92,05:30,60,15:10,2025-05-06 18:50:45.653386,2025-05-06 18:50:45.653386
201910,133,2010-02-10,16.5,0,14.4,08:01,18.6,12:15,99,3.1,7.5,13:30,74,84,22:10,67,12:20,2025-05-06 18:50:45.719239,2025-05-06 18:50:45.719239
201925,133,2010-02-11,17.5,0,15.6,,19.4,15:43,28,2.2,6.7,19:10,77,87,02:00,67,14:10,2025-05-06 18:50:45.784667,2025-05-06 18:50:45.784667
201940,133,2010-02-12,17.3,0,14.9,04:22,19.7,11:51,31,1.1,6.1,19:10,77,86,,70,11:40,2025-05-06 18:50:45.852609,2025-05-06 18:50:45.852609
201955,133,2010-02-13,18,0,14.3,06:42,21.6,13:28,13,1.7,5.8,14:10,74,89,,61,11:40,2025-05-06 18:50:45.932167,2025-05-06 18:50:45.932167
201970,133,2010-02-14,17.9,1,14.6,03:13,21.2,15:20,29,1.9,9.7,15:50,78,90,12:50,56,19:00,2025-05-06 18:50:46.008344,2025-05-06 18:50:46.008344
201985,133,2010-02-15,19,0,14.4,06:57,23.5,15:30,30,4.2,13.1,12:40,69,90,01:20,42,15:10,2025-05-06 18:50:46.087492,2025-05-06 18:50:46.087492
202000,133,2010-02-16,19.4,0,15.2,01:23,23.7,13:57,24,2.5,18.1,08:40,69,89,,52,11:40,2025-05-06 18:50:46.163126,2025-05-06 18:50:46.163126
202015,133,2010-02-17,18.2,,15.3,20:08,21.1,14:17,24,1.9,27.8,23:59,87,96,07:20,49,22:30,2025-05-06 18:50:46.237998,2025-05-06 18:50:46.237998
202029,133,2010-02-18,17,4.2,14.3,03:41,19.7,11:32,23,8.3,28.1,00:50,60,88,22:40,50,00:00,2025-05-06 18:50:46.304640,2025-05-06 18:50:46.304640
202043,133,2010-02-19,15.8,0.2,13.6,06:16,17.9,13:54,30,2.5,8.3,12:20,73,89,08:30,63,13:20,2025-05-06 18:50:46.371369,2025-05-06 18:50:46.371369
202057,133,2010-02-20,16.4,0,12.6,04:03,20.1,15:24,32,1.4,7.2,11:50,70,85,03:40,57,14:30,2025-05-06 18:50:46.437031,2025-05-06 18:50:46.437031
202071,133,2010-02-21,19.9,0,16.7,23:49,23.1,11:01,99,1.7,7.5,02:40,82,93,20:50,63,01:20,2025-05-06 18:50:46.499053,2025-05-06 18:50:46.499053
202085,133,2010-02-22,19,0,15.7,04:55,22.3,12:11,4,2.5,6.1,12:30,73,93,00:40,60,12:30,2025-05-06 18:50:46.563327,2025-05-06 18:50:46.563327
202098,133,2010-02-23,18.8,0,15.7,02:26,21.9,11:34,33,1.9,5.3,12:10,74,88,,61,09:40,2025-05-06 18:50:46.620497,2025-05-06 18:50:46.620497
202112,133,2010-02-24,18,0,14.7,05:46,21.3,14:44,9,1.9,7.2,12:40,84,93,21:20,68,01:40,2025-05-06 18:50:46.684575,2025-05-06 18:50:46.684575
202126,133,2010-02-25,17.5,0,13.6,07:36,21.4,15:13,13,1.9,6.1,22:20,80,90,,59,23:59,2025-05-06 18:50:46.752051,2025-05-06 18:50:46.752051
202141,133,2010-02-26,20.8,0,14.2,06:30,27.4,14:01,16,2.2,11.4,09:00,55,76,01:40,27,22:40,2025-05-06 18:50:46.833993,2025-05-06 18:50:46.833993
202156,133,2010-02-27,22.3,1.8,14.4,23:05,30.2,00:57,17,5,23.3,00:50,68,94,,19,01:30,2025-05-06 18:50:46.913049,2025-05-06 18:50:46.913049
202171,133,2010-02-28,16.5,2.6,14,21:55,19,11:48,31,4.2,11.1,13:50,76,94,02:00,54,11:40,2025-05-06 18:50:46.982485,2025-05-06 18:50:46.982485
202186,133,2010-03-01,15.7,0,12.9,07:34,18.5,14:03,9,2.8,9.2,12:30,78,90,00:00,69,13:10,2025-05-06 18:50:47.049601,2025-05-06 18:50:47.049601
202201,133,2010-03-02,16.8,0,14,07:37,19.7,11:12,32,5.3,13.9,13:50,74,93,07:40,55,11:10,2025-05-06 18:50:47.121260,2025-05-06 18:50:47.121260
202215,133,2010-03-03,16.7,0,14.1,04:16,19.3,11:33,32,2.2,7.2,14:00,72,80,00:00,59,12:40,2025-05-06 18:50:47.193251,2025-05-06 18:50:47.193251
202230,133,2010-03-04,17.2,0,13.4,06:34,21,13:41,12,2.5,10,10:00,73,89,23:30,61,12:50,2025-05-06 18:50:47.267333,2025-05-06 18:50:47.267333
202245,133,2010-03-05,19,2.2,15.3,,22.8,15:29,11,2.2,8.1,13:40,75,91,,60,13:00,2025-05-06 18:50:47.335656,2025-05-06 18:50:47.335656
202260,133,2010-03-06,17.8,0,15.3,,20.3,14:43,28,5,13.1,16:20,81,93,03:50,69,17:00,2025-05-06 18:51:49.635142,2025-05-06 18:51:49.635142
202275,133,2010-03-07,18.7,0,16.5,07:08,20.9,12:59,28,3.9,11.1,17:50,79,90,,74,12:40,2025-05-06 18:51:49.729318,2025-05-06 18:51:49.729318
202291,133,2010-03-08,18.9,0,16.7,01:03,21.1,15:19,30,5.6,12.5,20:10,83,95,18:50,73,14:20,2025-05-06 18:51:49.839287,2025-05-06 18:51:49.839287
202307,133,2010-03-09,18.6,0,16.8,24:00,20.4,12:12,28,6.1,14.4,12:10,85,94,08:00,70,04:50,2025-05-06 18:51:49.930904,2025-05-06 18:51:49.930904
202323,133,2010-03-10,18.4,0,16.4,02:44,20.5,14:00,28,3.6,8.6,00:10,78,93,00:10,68,14:00,2025-05-06 18:51:50.021723,2025-05-06 18:51:50.021723
202339,133,2010-03-11,19.6,1.2,15.1,07:20,24.1,11:52,28,3.1,8.9,22:20,79,97,16:50,56,11:40,2025-05-06 18:51:50.108814,2025-05-06 18:51:50.108814
202356,133,2010-03-12,16.8,0,15,23:53,18.5,11:07,30,4.2,9.4,14:40,78,88,05:10,69,14:30,2025-05-06 18:51:50.192415,2025-05-06 18:51:50.192415
202373,133,2010-03-13,16.2,0,14.2,02:59,18.2,14:22,99,1.9,6.7,,71,84,03:20,62,14:20,2025-05-06 18:51:50.279078,2025-05-06 18:51:50.279078
202390,133,2010-03-14,16.6,0,14.5,,18.6,14:40,4,2.5,6.4,13:20,74,82,23:59,66,13:40,2025-05-06 18:51:50.387080,2025-05-06 18:51:50.387080
202407,133,2010-03-15,16,0,12.5,07:11,19.5,13:25,30,1.7,7.5,09:40,76,89,06:40,66,13:30,2025-05-06 18:51:50.475635,2025-05-06 18:51:50.475635
202424,133,2010-03-16,16.9,0,14.5,06:16,19.3,13:05,99,2.2,5.8,,77,90,23:59,67,13:40,2025-05-06 18:51:50.559041,2025-05-06 18:51:50.559041
202441,133,2010-03-17,17.8,0,13.9,07:20,21.6,15:07,4,1.4,5.6,11:30,81,93,,64,11:20,2025-05-06 18:51:50.649326,2025-05-06 18:51:50.649326
202458,133,2010-03-18,22.2,0,15.5,04:04,29,13:51,15,5.3,15.6,12:00,28,93,,14,20:50,2025-05-06 18:51:50.728603,2025-05-06 18:51:50.728603
202475,133,2010-03-19,25.4,0,21.3,04:44,29.5,16:39,12,3.3,13.9,09:50,19,46,05:30,15,,2025-05-06 18:51:50.814600,2025-05-06 18:51:50.814600
202492,133,2010-03-20,19,0.4,16.2,22:55,21.9,00:01,29,4.7,11.4,18:10,65,95,23:10,26,,2025-05-06 18:51:50.912298,2025-05-06 18:51:50.912298
202509,133,2010-03-21,17,0.4,15.3,06:29,18.8,16:06,30,4.2,10.6,09:00,76,88,06:30,68,12:10,2025-05-06 18:51:51.001704,2025-05-06 18:51:51.001704
202526,133,2010-03-22,17.4,0.2,15.1,06:48,19.8,13:26,99,1.9,6.7,,76,90,06:30,64,,2025-05-06 18:51:51.097782,2025-05-06 18:51:51.097782
202543,133,2010-03-23,17.4,0,15.2,07:29,19.7,12:56,99,3.6,10.3,17:50,73,80,00:50,64,12:10,2025-05-06 18:51:51.185736,2025-05-06 18:51:51.185736
202559,133,2010-03-24,18,0.2,16,23:58,20.1,13:36,31,4.2,9.7,14:20,66,93,19:40,60,13:40,2025-05-06 18:51:51.269236,2025-05-06 18:51:51.269236
202576,133,2010-03-25,17.2,0,15.2,06:37,19.3,12:48,31,4.2,9.4,08:20,63,86,00:00,54,13:20,2025-05-06 18:51:51.361200,2025-05-06 18:51:51.361200
202593,133,2010-03-26,17.4,0,14.7,03:52,20,,4,2.2,7.8,15:00,77,84,,64,14:00,2025-05-06 18:51:51.441941,2025-05-06 18:51:51.441941
202610,133,2010-03-27,17.7,0,15.6,06:50,19.8,,3,1.7,6.1,15:00,77,88,,68,13:20,2025-05-06 18:51:51.518633,2025-05-06 18:51:51.518633
202627,133,2010-03-28,17.9,0,14.5,06:45,21.3,13:52,30,1.7,6.7,23:50,82,95,07:30,68,14:00,2025-05-06 18:51:51.594782,2025-05-06 18:51:51.594782
202643,133,2010-03-29,18.1,0,15.3,07:01,20.9,12:58,30,2.8,10.6,04:20,73,88,23:30,64,16:20,2025-05-06 18:51:51.682305,2025-05-06 18:51:51.682305
202659,133,2010-03-30,18,0,16,23:25,20,13:40,1,3.3,7.8,13:40,71,90,01:30,56,13:40,2025-05-06 18:51:51.762895,2025-05-06 18:51:51.762895
202675,133,2010-03-31,17.1,0,15.4,,18.8,13:45,2,2.5,8.3,12:20,65,78,00:30,59,13:20,2025-05-06 18:51:51.849437,2025-05-06 18:51:51.849437
202692,133,2010-04-01,16.6,0,15.1,,18.2,13:32,2,2.5,7.8,12:40,68,78,21:40,60,10:50,2025-05-06 18:51:51.927892,2025-05-06 18:51:51.927892
202707,133,2010-04-02,16.7,0,15.3,04:48,18.1,13:54,4,2.2,7.2,12:00,73,82,,70,10:00,2025-05-06 18:51:51.998585,2025-05-06 18:51:51.998585
202723,133,2010-04-03,16.3,0.8,15.4,,17.2,10:09,99,2.8,8.1,,76,83,00:10,74,13:50,2025-05-06 18:51:52.080042,2025-05-06 18:51:52.080042
202739,133,2010-04-04,16.5,0.2,14,01:03,19,12:37,99,3.9,10.3,,72,92,01:00,61,12:30,2025-05-06 18:51:52.161981,2025-05-06 18:51:52.161981
202756,133,2010-04-05,16.3,0,14.8,,17.8,12:49,29,4.7,10.8,13:50,68,78,01:40,62,11:50,2025-05-06 18:51:52.253594,2025-05-06 18:51:52.253594
202773,133,2010-04-06,17,0,14.9,04:43,19.1,13:49,30,3.9,8.6,04:20,69,76,03:20,62,11:40,2025-05-06 18:51:52.351652,2025-05-06 18:51:52.351652
202789,133,2010-04-07,16.8,0,13.7,04:51,19.8,13:07,31,3.1,7.8,17:50,74,84,23:30,64,13:30,2025-05-06 18:51:52.440703,2025-05-06 18:51:52.440703
202805,133,2010-04-08,17.4,0,14.5,,20.4,11:49,30,2.5,7.5,19:20,76,89,23:30,64,11:50,2025-05-06 18:51:52.528885,2025-05-06 18:51:52.528885
202822,133,2010-04-09,17.1,0,14.7,05:37,19.5,12:29,30,3.9,8.1,16:30,83,92,03:40,74,12:30,2025-05-06 18:51:52.614244,2025-05-06 18:51:52.614244
202839,133,2010-04-10,18.1,0,15.7,23:49,20.5,14:15,29,5,11.7,15:10,76,90,06:30,63,13:10,2025-05-06 18:51:52.703835,2025-05-06 18:51:52.703835
202856,133,2010-04-11,17.8,0,14.7,04:43,20.9,12:31,99,2.5,6.7,,70,86,01:30,57,11:50,2025-05-06 18:51:52.798650,2025-05-06 18:51:52.798650
202873,133,2010-04-12,17.6,0,14.4,06:50,20.8,12:07,6,1.4,6.7,10:30,69,86,23:20,64,18:00,2025-05-06 18:51:52.889529,2025-05-06 18:51:52.889529
202890,133,2010-04-13,20.2,0,15.5,05:51,24.8,14:55,18,2.5,13.1,14:30,62,85,00:30,42,15:30,2025-05-06 18:51:52.967244,2025-05-06 18:51:52.967244
202907,133,2010-04-14,21,0.2,17.1,23:58,24.8,14:03,22,3.3,12.2,15:00,46,82,23:59,38,14:50,2025-05-06 18:51:53.049404,2025-05-06 18:51:53.049404
202923,133,2010-04-15,20,0,15.9,05:02,24.2,14:34,99,3.6,13.9,,39,83,00:10,32,15:30,2025-05-06 18:51:53.126022,2025-05-06 18:51:53.126022
202939,133,2010-04-16,18.7,0,15.1,07:01,22.3,15:20,26,1.7,10,08:20,55,65,07:00,33,15:00,2025-05-06 18:51:53.209862,2025-05-06 18:51:53.209862
202956,133,2010-04-17,17.6,1,13.7,05:27,21.6,11:29,3,1.9,6.7,12:00,68,87,20:30,52,10:50,2025-05-06 18:51:53.306336,2025-05-06 18:51:53.306336
202973,133,2010-04-18,16.8,0,14.2,06:47,19.4,10:43,9,1.9,6.9,14:30,73,88,,61,10:50,2025-05-06 18:51:53.402380,2025-05-06 18:51:53.402380
202990,133,2010-04-19,17.8,0,14.8,00:49,20.7,12:21,8,2.5,8.3,12:40,76,87,21:40,64,11:30,2025-05-06 18:51:53.493236,2025-05-06 18:51:53.493236
203007,133,2010-04-20,19.5,0,15.3,05:17,23.7,16:04,4,1.9,5.8,16:50,74,89,,60,12:20,2025-05-06 18:51:53.578033,2025-05-06 18:51:53.578033
203024,133,2010-04-21,18.3,0,16.5,05:15,20.1,09:02,31,1.9,6.7,18:40,83,90,,75,10:50,2025-05-06 18:51:53.674698,2025-05-06 18:51:53.674698
203041,133,2010-04-22,17.3,0,15,06:43,19.6,11:21,33,2.2,7.2,12:40,81,90,00:00,71,11:00,2025-05-06 18:51:53.757208,2025-05-06 18:51:53.757208
203058,133,2010-04-23,17.5,0,14.8,05:51,20.2,11:18,31,3.1,7.8,17:40,74,85,05:30,64,14:30,2025-05-06 18:51:53.829429,2025-05-06 18:51:53.829429
203075,133,2010-04-24,17.8,0,14.8,03:53,20.9,12:27,32,2.8,8.3,16:10,72,82,,59,13:30,2025-05-06 18:51:53.908058,2025-05-06 18:51:53.908058
203092,133,2010-04-25,18.6,0,16.3,02:39,20.9,13:53,29,3.9,8.1,13:00,74,86,09:30,63,13:50,2025-05-06 18:51:53.991185,2025-05-06 18:51:53.991185
203108,133,2010-04-26,19,0,16.1,04:45,22,15:14,32,5,11.7,17:20,78,90,04:00,68,14:10,2025-05-06 18:51:54.066760,2025-05-06 18:51:54.066760
203124,133,2010-04-27,21.6,0,16.8,,26.5,12:57,28,5,10.8,04:20,70,93,02:10,42,13:00,2025-05-06 18:51:54.146673,2025-05-06 18:51:54.146673
203141,133,2010-04-28,20.2,0,16.9,05:00,23.5,11:35,28,4.7,10.8,16:10,80,93,04:00,60,21:20,2025-05-06 18:51:54.234994,2025-05-06 18:51:54.234994
203158,133,2010-04-29,19.2,0,17.4,22:30,21,12:23,28,5.8,11.1,10:50,83,91,,75,11:50,2025-05-06 18:51:54.317323,2025-05-06 18:51:54.317323
203175,133,2010-04-30,18.4,0,17.1,23:59,19.7,13:58,31,5.6,10.3,17:50,85,91,,76,13:40,2025-05-06 18:51:54.395804,2025-05-06 18:51:54.395804
203192,133,2010-05-01,18.2,0,16.4,06:31,20.1,12:19,31,4.7,11.7,13:50,77,88,00:00,70,12:10,2025-05-06 18:51:54.474510,2025-05-06 18:51:54.474510
203209,133,2010-05-02,18.6,0,16.7,05:39,20.6,14:24,31,4.2,9.4,15:50,78,85,06:30,64,14:00,2025-05-06 18:51:54.560388,2025-05-06 18:51:54.560388
203226,133,2010-05-03,18,0,16.1,07:07,20,12:12,31,4.2,9.2,16:10,70,84,22:30,57,12:30,2025-05-06 18:51:54.651991,2025-05-06 18:51:54.651991
203243,133,2010-05-04,17.9,0,16,,19.8,15:18,32,3.3,8.6,13:00,71,78,,60,14:40,2025-05-06 18:51:54.739291,2025-05-06 18:51:54.739291
203260,133,2010-05-05,17.6,0,15.8,,19.5,13:04,29,3.9,9.2,13:50,70,76,,62,13:00,2025-05-06 18:51:54.832319,2025-05-06 18:51:54.832319
203277,133,2010-05-06,17.5,0,15.5,03:34,19.5,13:06,30,5.6,11.4,14:30,63,77,,56,13:00,2025-05-06 18:51:54.921774,2025-05-06 18:51:54.921774
203294,133,2010-05-07,18,0,15.1,03:14,20.8,15:03,29,4.2,9.4,10:00,69,82,,61,11:40,2025-05-06 18:51:55.005973,2025-05-06 18:51:55.005973
203311,133,2010-05-08,19.2,0,15.9,05:37,22.4,10:56,99,1.7,6.1,10:30,76,88,23:40,62,10:20,2025-05-06 18:51:55.079966,2025-05-06 18:51:55.079966
203328,133,2010-05-09,19.7,0.2,16.7,23:57,22.7,14:05,1,1.7,6.1,13:30,70,91,08:10,56,13:30,2025-05-06 18:51:55.156175,2025-05-06 18:51:55.156175
203345,133,2010-05-10,18.6,0,15.4,05:51,21.9,09:40,30,2.5,6.9,18:40,76,89,20:30,64,09:40,2025-05-06 18:51:55.232996,2025-05-06 18:51:55.232996
203362,133,2010-05-11,18.4,10.8,16.2,08:12,20.5,11:46,31,3.3,7.5,17:30,84,94,07:40,71,11:30,2025-05-06 18:51:55.313179,2025-05-06 18:51:55.313179
203379,133,2010-05-12,16.4,1.4,15.2,08:41,17.7,13:47,33,2.8,9.2,14:00,82,94,08:30,69,19:50,2025-05-06 18:51:55.390748,2025-05-06 18:51:55.390748
203396,133,2010-05-13,16.8,0,14.5,03:59,19,15:03,28,5.3,13.3,16:00,72,80,05:10,59,15:10,2025-05-06 18:51:55.462304,2025-05-06 18:51:55.462304
203412,133,2010-05-14,17.5,0,15.4,05:09,19.6,12:09,31,3.9,9.4,03:50,66,75,05:40,53,11:00,2025-05-06 18:51:55.527633,2025-05-06 18:51:55.527633
203429,133,2010-05-15,17.6,0.6,15.2,03:48,19.9,14:55,31,3.3,8.6,23:59,68,90,23:50,56,10:10,2025-05-06 18:51:55.598267,2025-05-06 18:51:55.598267
203446,133,2010-05-16,17.4,0.2,15,04:13,19.8,12:21,29,4.7,11.1,15:20,70,90,05:00,59,23:20,2025-05-06 18:51:55.665735,2025-05-06 18:51:55.665735
203463,133,2010-05-17,17.2,0,15.1,04:18,19.3,13:56,99,5,10.3,,70,91,04:20,67,07:00,2025-05-06 18:51:55.735528,2025-05-06 18:51:55.735528
203480,133,2010-05-18,18,0,15.3,04:22,20.8,15:44,29,5.6,11.7,17:50,76,87,,65,13:20,2025-05-06 18:51:55.812230,2025-05-06 18:51:55.812230
203497,133,2010-05-19,18.3,0,16,02:42,20.6,14:27,28,7.2,13.6,13:40,77,92,23:10,70,13:50,2025-05-06 18:51:55.898530,2025-05-06 18:51:55.898530
203514,133,2010-05-20,20.6,0,16.8,05:13,24.5,14:42,24,6.4,13.6,10:00,69,92,,45,15:00,2025-05-06 18:51:55.984847,2025-05-06 18:51:55.984847
203531,133,2010-05-21,19.3,0,16.7,05:38,21.9,12:49,29,7.2,12.5,11:40,79,94,06:10,68,17:10,2025-05-06 18:51:56.068509,2025-05-06 18:51:56.068509
203548,133,2010-05-22,18.2,0,16.5,03:15,20,13:45,29,4.7,10.3,01:10,81,90,00:00,74,14:10,2025-05-06 18:51:56.154581,2025-05-06 18:51:56.154581
203565,133,2010-05-23,18.2,0,16,05:47,20.4,14:51,30,4.4,8.9,16:20,72,82,20:50,64,15:20,2025-05-06 18:51:56.242109,2025-05-06 18:51:56.242109
203582,133,2010-05-24,18.4,0,15.9,02:55,20.8,14:24,32,3.6,8.3,06:30,70,82,06:10,54,14:10,2025-05-06 18:51:56.326538,2025-05-06 18:51:56.326538
203599,133,2010-05-25,18.2,0,15.7,03:37,20.7,14:34,4,2.5,6.7,13:10,70,82,,61,12:20,2025-05-06 18:51:56.412763,2025-05-06 18:51:56.412763
203615,133,2010-05-26,18,0,16.1,06:17,19.9,16:36,28,2.2,7.5,18:20,76,86,06:30,65,16:50,2025-05-06 18:51:56.484255,2025-05-06 18:51:56.484255
203631,133,2010-05-27,18.2,0,15.9,05:44,20.6,15:34,27,4.4,9.7,10:40,74,85,04:50,57,14:30,2025-05-06 18:51:56.560973,2025-05-06 18:51:56.560973
203648,133,2010-05-28,18.4,0,16.4,05:43,20.4,12:00,32,4.7,9.2,16:00,73,84,03:30,53,12:00,2025-05-06 18:51:56.637833,2025-05-06 18:51:56.637833
203665,133,2010-05-29,18.4,0,16.6,02:42,20.1,13:22,32,4.2,9.4,16:10,74,84,23:50,65,13:20,2025-05-06 18:51:56.712052,2025-05-06 18:51:56.712052
203682,133,2010-05-30,18.6,0,16.8,03:47,20.3,14:06,30,4.7,10.3,22:10,81,90,23:30,73,11:10,2025-05-06 18:51:56.791106,2025-05-06 18:51:56.791106
203699,133,2010-05-31,19.2,0,17.3,05:48,21,13:49,31,4.2,8.6,13:50,87,93,06:20,62,23:50,2025-05-06 18:51:56.863578,2025-05-06 18:51:56.863578
203716,133,2010-06-01,23.8,0,17.8,06:01,29.9,14:49,27,2.8,6.1,08:20,74,93,,48,14:40,2025-05-06 18:51:56.942894,2025-05-06 18:51:56.942894
203732,133,2010-06-02,28.6,0,21.4,23:58,35.8,14:18,12,3.1,10.6,12:30,23,71,20:20,16,,2025-05-06 18:51:57.016724,2025-05-06 18:51:57.016724
203748,133,2010-06-03,25.8,0,19.7,23:40,32,14:23,31,1.7,7.5,12:20,48,77,23:00,28,04:10,2025-05-06 18:51:57.097045,2025-05-06 18:51:57.097045
203764,133,2010-06-04,20.7,0,17.7,22:10,23.7,12:15,30,2.8,10.8,20:50,68,90,21:10,49,07:00,2025-05-06 18:51:57.175472,2025-05-06 18:51:57.175472
203781,133,2010-06-05,19.6,0,17.4,04:53,21.7,14:13,28,5.3,10,03:20,80,93,20:20,73,13:00,2025-05-06 18:51:57.256635,2025-05-06 18:51:57.256635
203798,133,2010-06-06,18.6,0,17.5,,19.7,,32,5.6,10.6,13:50,78,95,01:10,71,12:30,2025-05-06 18:51:57.336753,2025-05-06 18:51:57.336753
203815,133,2010-06-07,18.8,0,17.4,,20.2,14:05,30,5.3,13.6,17:50,77,88,20:40,66,14:00,2025-05-06 18:51:57.421339,2025-05-06 18:51:57.421339
203832,133,2010-06-08,19.4,0,17.1,04:35,21.8,13:46,30,4.7,10.3,12:20,76,89,01:00,60,13:30,2025-05-06 18:51:57.505670,2025-05-06 18:51:57.505670
203849,133,2010-06-09,19.7,0.4,17.5,02:02,21.9,13:07,31,5.3,11.4,13:50,72,85,00:30,63,11:00,2025-05-06 18:51:57.586454,2025-05-06 18:51:57.586454
203866,133,2010-06-10,19,4.2,17.7,07:42,20.3,00:46,30,3.1,7.2,07:10,94,99,,78,00:50,2025-05-06 18:51:57.670559,2025-05-06 18:51:57.670559
203883,133,2010-06-11,18.6,0.8,16.6,,20.7,16:40,36,2.2,6.4,14:00,81,97,,68,16:50,2025-05-06 18:51:57.755762,2025-05-06 18:51:57.755762
203900,133,2010-06-12,18.2,0,16.1,01:53,20.2,14:18,31,4.7,10,,71,87,02:20,60,11:30,2025-05-06 18:51:57.845566,2025-05-06 18:51:57.845566
203917,133,2010-06-13,18.2,0.6,16.1,21:24,20.4,12:32,31,5.6,13.3,14:40,77,88,05:50,71,,2025-05-06 18:51:57.928968,2025-05-06 18:51:57.928968
203934,133,2010-06-14,18.4,0.6,16.1,,20.8,12:11,31,4.2,10.3,16:50,81,92,02:20,69,11:10,2025-05-06 18:51:58.020819,2025-05-06 18:51:58.020819
203951,133,2010-06-15,19.2,0,17.4,02:25,21,14:11,30,4.2,8.3,13:10,74,89,21:20,65,13:40,2025-05-06 18:51:58.111651,2025-05-06 18:51:58.111651
203968,133,2010-06-16,18.8,0,16.2,04:07,21.5,14:42,30,3.9,10.3,15:40,68,85,,55,12:20,2025-05-06 18:51:58.204604,2025-05-06 18:51:58.204604
203985,133,2010-06-17,18.7,0,16.6,03:12,20.8,10:34,99,3.9,7.8,10:50,80,86,06:30,69,10:20,2025-05-06 18:51:58.290929,2025-05-06 18:51:58.290929
204002,133,2010-06-18,19.1,0,16.9,05:01,21.3,13:18,32,3.3,8.9,15:30,73,86,00:20,63,12:40,2025-05-06 18:51:58.370999,2025-05-06 18:51:58.370999
204019,133,2010-06-19,19.1,0,17.5,23:50,20.7,15:02,30,2.8,8.3,15:20,75,82,19:20,66,10:30,2025-05-06 18:51:58.450773,2025-05-06 18:51:58.450773
204036,133,2010-06-20,18.6,0,17.1,04:04,20,12:15,30,5,9.2,16:20,73,80,,63,12:20,2025-05-06 18:51:58.536044,2025-05-06 18:51:58.536044
204052,133,2010-06-21,18.9,0,17.2,19:47,20.6,14:49,31,4.4,10.8,21:40,77,88,16:50,66,09:10,2025-05-06 18:51:58.616659,2025-05-06 18:51:58.616659
204069,133,2010-06-22,18.4,0,17,07:29,19.7,15:34,30,5.6,10.8,18:10,79,89,13:40,69,10:20,2025-05-06 18:51:58.701841,2025-05-06 18:51:58.701841
204086,133,2010-06-23,19,0,17.3,05:42,20.6,15:19,32,5,10.8,09:50,75,87,19:40,66,15:20,2025-05-06 18:51:58.783182,2025-05-06 18:51:58.783182
204103,133,2010-06-24,19.1,0,17.3,05:26,20.9,13:40,31,4.2,9.2,15:00,74,87,19:40,67,14:50,2025-05-06 18:51:58.861926,2025-05-06 18:51:58.861926
204120,133,2010-06-25,18.6,0,16.9,06:12,20.4,13:30,31,4.7,10.6,20:50,76,91,06:20,66,16:30,2025-05-06 18:51:58.946131,2025-05-06 18:51:58.946131
204137,133,2010-06-26,19,0,16.9,02:19,21,,30,5.3,11.9,11:50,75,89,23:50,66,16:00,2025-05-06 18:51:59.031490,2025-05-06 18:51:59.031490
204154,133,2010-06-27,19.4,0,17.3,03:07,21.4,13:21,29,5.6,10.6,02:40,79,90,00:40,66,11:40,2025-05-06 18:51:59.115246,2025-05-06 18:51:59.115246
204171,133,2010-06-28,19.1,0,17.2,01:09,21,12:54,28,5,10,17:40,74,89,22:00,64,11:30,2025-05-06 18:51:59.193238,2025-05-06 18:51:59.193238
204188,133,2010-06-29,19.3,0,17.8,,20.8,12:42,32,3.9,7.8,15:20,86,93,19:50,76,08:50,2025-05-06 18:51:59.275811,2025-05-06 18:51:59.275811
204205,133,2010-06-30,19.4,0,17.5,06:04,21.3,,29,4.7,9.7,22:50,84,90,,77,11:40,2025-05-06 18:51:59.355988,2025-05-06 18:51:59.355988
204222,133,2010-07-01,19.2,0,16.9,06:00,21.5,13:48,28,5,10.6,05:50,78,90,,73,13:00,2025-05-06 18:51:59.429787,2025-05-06 18:51:59.429787
204239,133,2010-07-02,19,0,17.6,,20.4,12:53,27,5.8,12.2,20:20,80,89,22:10,75,12:40,2025-05-06 18:51:59.500377,2025-05-06 18:51:59.500377
204256,133,2010-07-03,20.4,5.8,17.9,,22.9,14:27,32,5.3,10.8,08:10,81,98,,67,14:10,2025-05-06 18:51:59.575159,2025-05-06 18:51:59.575159
204273,133,2010-07-04,18.6,0.2,16.6,04:49,20.6,15:04,31,4.4,9.2,,81,99,,67,15:00,2025-05-06 18:51:59.651105,2025-05-06 18:51:59.651105
204290,133,2010-07-05,19.7,0,16.7,05:43,22.7,13:38,32,4.7,10.6,13:50,80,90,,71,12:10,2025-05-06 18:51:59.734264,2025-05-06 18:51:59.734264
204306,133,2010-07-06,20.4,0,18.4,02:46,22.5,15:13,32,7.2,13.9,14:40,83,93,20:40,73,12:50,2025-05-06 18:51:59.812230,2025-05-06 18:51:59.812230
204322,133,2010-07-07,19.8,0,18.3,05:23,21.2,14:15,29,6.1,13.3,17:10,87,96,23:10,83,17:20,2025-05-06 18:51:59.883816,2025-05-06 18:51:59.883816
204339,133,2010-07-08,20.2,0,18.4,06:44,22,13:58,31,3.9,9.7,01:10,87,95,00:00,78,14:00,2025-05-06 18:51:59.971227,2025-05-06 18:51:59.971227
204356,133,2010-07-09,19.8,0,17.9,,21.7,13:27,27,5,10,15:20,88,95,07:00,81,12:40,2025-05-06 18:52:00.058207,2025-05-06 18:52:00.058207
204373,133,2010-07-10,21.4,0,18,05:56,24.9,14:03,28,4.4,9.4,00:10,82,96,,63,23:50,2025-05-06 18:52:00.136102,2025-05-06 18:52:00.136102
204390,133,2010-07-11,23,0,20.7,05:23,25.3,13:18,32,3.6,8.1,14:10,73,76,06:10,54,,2025-05-06 18:52:00.210895,2025-05-06 18:52:00.210895
204415,133,2010-07-13,,0,,,,,0,,,,,,,,,2025-05-06 18:52:00.327959,2025-05-06 18:52:00.327959
204431,133,2010-07-14,20.4,0,18,03:27,22.8,15:02,32,3.3,10.3,02:30,76,90,21:20,68,14:00,2025-05-06 18:52:00.409485,2025-05-06 18:52:00.409485
204447,133,2010-07-15,20.1,0.2,18.5,,21.7,14:36,30,3.3,8.3,16:00,89,96,18:20,73,14:30,2025-05-06 18:52:00.491692,2025-05-06 18:52:00.491692
204464,133,2010-07-16,19.6,0,18.2,03:56,20.9,14:06,32,5,10.6,13:10,78,88,00:00,69,14:10,2025-05-06 18:52:00.571552,2025-05-06 18:52:00.571552
204480,133,2010-07-17,20.4,0,18.3,00:22,22.6,13:51,99,4.4,10,,80,91,,71,11:50,2025-05-06 18:52:00.652148,2025-05-06 18:52:00.652148
204497,133,2010-07-18,21.6,0,19,02:30,24.2,12:49,30,4.4,11.1,16:30,71,92,,61,23:10,2025-05-06 18:52:00.741977,2025-05-06 18:52:00.741977
204513,133,2010-07-19,22.4,0,18.6,23:39,26.2,13:00,30,4.2,10.8,19:50,64,92,22:50,43,03:10,2025-05-06 18:52:00.811765,2025-05-06 18:52:00.811765
204530,133,2010-07-20,20.4,0,17.6,06:13,23.2,13:03,28,6.7,11.7,08:30,80,91,,69,13:00,2025-05-06 18:52:00.893358,2025-05-06 18:52:00.893358
204547,133,2010-07-21,19.6,0,18.3,08:48,20.8,15:33,28,5.8,10.6,20:00,87,94,10:50,78,15:40,2025-05-06 18:52:00.975089,2025-05-06 18:52:00.975089
204564,133,2010-07-22,21,1.8,18.9,00:01,23.1,15:30,31,3.9,9.7,13:50,86,95,,75,15:30,2025-05-06 18:52:01.049981,2025-05-06 18:52:01.049981
204581,133,2010-07-23,20.2,0,18.7,,21.8,13:55,32,4.2,9.7,13:10,83,98,,70,13:20,2025-05-06 18:52:01.131219,2025-05-06 18:52:01.131219
204598,133,2010-07-24,20.2,0,18.5,,21.9,13:15,27,5.3,11.7,17:40,79,90,23:50,72,11:50,2025-05-06 18:52:01.218669,2025-05-06 18:52:01.218669
204614,133,2010-07-25,20.2,0,18.2,04:55,22.1,13:44,30,5.6,10.3,14:50,84,94,,76,13:30,2025-05-06 18:52:01.295343,2025-05-06 18:52:01.295343
204629,133,2010-07-26,19.8,0,18.3,03:03,21.3,13:18,30,5.3,10,08:40,86,91,,81,,2025-05-06 18:52:01.364356,2025-05-06 18:52:01.364356
204644,133,2010-07-27,20.4,0,18.4,01:45,22.5,13:51,29,4.7,10,18:20,76,85,,70,15:10,2025-05-06 18:52:01.442115,2025-05-06 18:52:01.442115
204661,133,2010-07-28,20.6,0,18.6,,22.5,13:51,31,4.2,8.6,17:20,79,88,23:00,70,14:00,2025-05-06 18:52:01.525558,2025-05-06 18:52:01.525558
204678,133,2010-07-29,20.8,0,18.4,,23.3,,30,3.6,8.3,16:30,87,92,,77,14:30,2025-05-06 18:52:01.608385,2025-05-06 18:52:01.608385
204694,133,2010-07-30,21.8,0,19.1,00:05,24.6,12:03,28,3.6,8.9,21:50,86,97,07:00,54,03:00,2025-05-06 18:52:01.689406,2025-05-06 18:52:01.689406
204710,133,2010-07-31,20.9,0,18.9,,22.9,13:10,28,5,10.8,17:50,86,96,,79,,2025-05-06 18:52:01.772259,2025-05-06 18:52:01.772259
204726,133,2010-08-01,20.4,0,18.9,05:10,22,13:27,28,5.8,12.2,22:40,83,91,,75,13:30,2025-05-06 18:52:01.859356,2025-05-06 18:52:01.859356
204742,133,2010-08-02,20.4,0,19.1,00:13,21.8,12:10,29,5.8,12.2,09:50,88,97,20:10,81,11:20,2025-05-06 18:52:01.944393,2025-05-06 18:52:01.944393
204758,133,2010-08-03,20.8,0,19.5,,22,12:06,30,3.6,7.2,19:20,93,97,,86,12:10,2025-05-06 18:52:02.014951,2025-05-06 18:52:02.014951
204774,133,2010-08-04,20.8,0,19.1,22:57,22.5,15:24,28,5,9.7,20:00,88,96,,80,15:50,2025-05-06 18:52:02.093284,2025-05-06 18:52:02.093284
204790,133,2010-08-05,20.8,0,18.8,05:58,22.8,14:15,32,4.7,9.4,12:40,85,92,,77,,2025-05-06 18:52:02.168356,2025-05-06 18:52:02.168356
204807,133,2010-08-06,20.8,0,18.5,,23,13:39,34,5.6,10.6,15:10,80,92,03:00,72,13:00,2025-05-06 18:52:02.256467,2025-05-06 18:52:02.256467
204824,133,2010-08-07,20.4,0,18.4,06:05,22.4,13:12,31,6.1,12.5,14:10,76,86,,69,13:10,2025-05-06 18:52:02.339054,2025-05-06 18:52:02.339054
204841,133,2010-08-08,20,0,18.4,05:41,21.7,12:19,26,5.8,12.5,05:50,82,92,,72,12:20,2025-05-06 18:52:02.424595,2025-05-06 18:52:02.424595
204858,133,2010-08-09,20.9,0,19.3,,22.5,17:45,99,2.8,9.4,04:50,87,95,,78,18:50,2025-05-06 18:52:02.500665,2025-05-06 18:52:02.500665
204874,133,2010-08-10,21.9,0,19.4,06:53,24.4,15:11,30,3.1,8.1,18:20,84,94,,74,12:10,2025-05-06 18:52:02.576720,2025-05-06 18:52:02.576720
204890,133,2010-08-11,23.5,0,20.1,05:56,26.9,12:34,30,4.7,8.9,15:20,77,95,05:40,58,23:59,2025-05-06 18:52:02.651134,2025-05-06 18:52:02.651134
204906,133,2010-08-12,30,0,24.9,00:23,35.2,14:50,26,3.1,10.6,23:59,40,62,00:20,29,16:50,2025-05-06 18:52:02.724071,2025-05-06 18:52:02.724071
204922,133,2010-08-13,23.4,0,19.8,23:35,26.9,00:01,29,5.3,10.8,17:00,74,82,,46,00:00,2025-05-06 18:52:02.794691,2025-05-06 18:52:02.794691
204938,133,2010-08-14,20.8,0,19.3,05:58,22.4,14:37,30,5,9.7,09:40,76,85,02:30,70,12:40,2025-05-06 18:52:02.864065,2025-05-06 18:52:02.864065
204954,133,2010-08-15,21.2,0,19,03:26,23.5,13:51,28,2.2,7.5,19:50,75,87,,66,11:20,2025-05-06 18:52:02.939568,2025-05-06 18:52:02.939568
204969,133,2010-08-16,23.5,0,19.8,,27.2,10:30,0,1.9,,,80,91,,45,10:20,2025-05-06 18:52:03.009702,2025-05-06 18:52:03.009702
204985,133,2010-08-17,21,0,19.5,23:19,22.5,14:49,99,3.6,7.5,,83,94,,74,14:50,2025-05-06 18:52:03.078755,2025-05-06 18:52:03.078755
205001,133,2010-08-18,20.8,0,18.6,05:22,23,15:24,31,4.2,8.6,12:20,76,88,21:10,65,13:50,2025-05-06 18:52:03.150042,2025-05-06 18:52:03.150042
205017,133,2010-08-19,21.4,0,19,06:59,23.7,13:47,32,3.9,10.8,15:00,77,89,22:50,67,11:40,2025-05-06 18:52:03.220085,2025-05-06 18:52:03.220085
205033,133,2010-08-20,21.8,0,19.9,04:33,23.8,14:20,32,3.9,8.6,16:00,77,89,01:30,69,12:30,2025-05-06 18:52:03.290057,2025-05-06 18:52:03.290057
205048,133,2010-08-21,21.4,0,20.1,,22.7,15:41,0,3.3,,,82,89,,77,15:30,2025-05-06 18:52:03.360671,2025-05-06 18:52:03.360671
205063,133,2010-08-22,21.1,0,19.6,06:50,22.6,14:44,29,4.4,8.6,23:30,86,92,05:50,80,14:50,2025-05-06 18:52:03.429139,2025-05-06 18:52:03.429139
205078,133,2010-08-23,20.6,0,19.3,,21.9,12:40,31,3.9,9.2,01:10,89,94,,82,12:40,2025-05-06 18:52:03.501372,2025-05-06 18:52:03.501372
205094,133,2010-08-24,21.4,0,19.7,,23.1,13:47,99,5,9.2,,85,92,,78,12:10,2025-05-06 18:52:03.580029,2025-05-06 18:52:03.580029
205110,133,2010-08-25,21.8,0,19.6,06:32,24,14:44,29,5,11.7,23:40,87,96,,78,15:10,2025-05-06 18:52:03.657492,2025-05-06 18:52:03.657492
205126,133,2010-08-26,23.6,0,19.1,06:07,28.2,16:26,28,4.4,12.8,01:00,69,96,,29,22:20,2025-05-06 18:52:03.724567,2025-05-06 18:52:03.724567
205142,133,2010-08-27,23.8,0,21,04:57,26.6,14:22,30,3.3,7.2,15:00,77,93,20:40,38,00:00,2025-05-06 18:52:03.790321,2025-05-06 18:52:03.790321
205158,133,2010-08-28,25.2,0,21.8,00:19,28.7,16:15,27,3.3,7.8,19:10,64,89,00:00,51,19:30,2025-05-06 18:52:03.858367,2025-05-06 18:52:03.858367
205174,133,2010-08-29,28,0,22,,34,13:12,26,2.5,5.8,,53,80,05:00,28,13:20,2025-05-06 18:52:03.928299,2025-05-06 18:52:03.928299
205190,133,2010-08-30,27.4,0,20.6,23:40,34.1,12:26,99,2.5,7.5,22:30,41,94,,12,09:10,2025-05-06 18:52:04.006563,2025-05-06 18:52:04.006563
205206,133,2010-08-31,24.2,0,20.1,00:47,28.2,09:58,29,3.1,7.8,22:30,49,94,00:00,33,23:30,2025-05-06 18:52:04.086735,2025-05-06 18:52:04.086735
205222,133,2010-09-01,22.2,0,19.6,05:40,24.9,14:49,32,4.2,8.3,13:20,80,93,04:10,37,01:00,2025-05-06 18:52:04.173179,2025-05-06 18:52:04.173179
205238,133,2010-09-02,22,0,20.1,04:33,23.8,,30,2.2,7.2,17:50,81,92,06:20,71,13:30,2025-05-06 18:53:06.320101,2025-05-06 18:53:06.320101
205254,133,2010-09-03,22.7,0,20.2,05:08,25.2,14:37,30,3.1,8.3,13:50,78,90,03:10,67,12:40,2025-05-06 18:53:06.411798,2025-05-06 18:53:06.411798
205270,133,2010-09-04,23,0,20.6,06:20,25.3,14:52,32,2.2,6.9,15:10,77,87,,68,13:10,2025-05-06 18:53:06.492322,2025-05-06 18:53:06.492322
205286,133,2010-09-05,22.4,0,20.3,05:20,24.6,13:42,32,3.6,8.1,18:00,81,89,01:00,71,13:50,2025-05-06 18:53:06.574912,2025-05-06 18:53:06.574912
205302,133,2010-09-06,22.6,0,20.5,06:04,24.8,13:45,31,3.9,8.1,17:20,82,93,04:40,68,13:50,2025-05-06 18:53:06.656704,2025-05-06 18:53:06.656704
205318,133,2010-09-07,22.5,0,20.1,24:00,24.9,13:21,31,3.9,8.9,05:50,68,89,,61,12:40,2025-05-06 18:53:06.746278,2025-05-06 18:53:06.746278
205334,133,2010-09-08,22.4,0,20,00:05,24.8,15:57,27,2.8,8.3,05:10,82,92,,70,15:40,2025-05-06 18:53:06.851643,2025-05-06 18:53:06.851643
205350,133,2010-09-09,22.6,0,20.5,04:42,24.7,15:00,30,3.6,7.8,14:40,76,88,,64,11:50,2025-05-06 18:53:06.951545,2025-05-06 18:53:06.951545
205366,133,2010-09-10,21.8,0,19.6,05:12,24.1,12:07,0,5,,,74,85,22:00,63,11:50,2025-05-06 18:53:07.033487,2025-05-06 18:53:07.033487
205382,133,2010-09-11,21.8,0,19.6,04:20,24.1,14:21,33,4.2,10.6,02:50,73,86,02:00,61,12:40,2025-05-06 18:53:07.115320,2025-05-06 18:53:07.115320
205398,133,2010-09-12,21.9,0,19.6,05:14,24.2,12:25,30,3.1,8.3,14:00,76,87,,61,12:20,2025-05-06 18:53:07.195804,2025-05-06 18:53:07.195804
205414,133,2010-09-13,22.4,0,20.1,,24.7,15:50,31,1.9,6.1,17:00,84,91,,74,12:40,2025-05-06 18:53:07.283208,2025-05-06 18:53:07.283208
205430,133,2010-09-14,26.2,0,21.1,06:30,31.3,12:56,29,2.5,15,19:00,68,96,05:30,49,12:50,2025-05-06 18:53:07.362434,2025-05-06 18:53:07.362434
205446,133,2010-09-15,25.8,0,21.7,00:59,30,15:36,28,3.1,8.6,01:10,61,87,,42,12:00,2025-05-06 18:53:07.445223,2025-05-06 18:53:07.445223
205462,133,2010-09-16,23.4,0,20.9,,26,12:06,33,4.4,10,15:10,79,90,02:50,58,12:20,2025-05-06 18:53:07.529057,2025-05-06 18:53:07.529057
205478,133,2010-09-17,22.4,0,19.8,06:44,24.9,13:57,33,3.6,8.9,17:00,80,90,02:20,64,13:20,2025-05-06 18:53:07.606246,2025-05-06 18:53:07.606246
205494,133,2010-09-18,22.1,0.2,19.6,06:11,24.6,12:45,30,3.1,6.9,15:50,78,90,07:10,65,12:50,2025-05-06 18:53:07.676303,2025-05-06 18:53:07.676303
205510,133,2010-09-19,21.8,0,19.1,05:15,24.5,12:23,30,3.1,8.9,17:50,76,89,07:00,59,12:10,2025-05-06 18:53:07.754984,2025-05-06 18:53:07.754984
205526,133,2010-09-20,20.8,0,18.5,05:42,23.1,15:12,4,1.9,7.2,12:40,75,85,05:50,66,15:00,2025-05-06 18:53:07.840099,2025-05-06 18:53:07.840099
205542,133,2010-09-21,21.4,0,18.4,05:44,24.4,14:38,9,1.7,6.7,10:50,78,89,21:50,61,14:40,2025-05-06 18:53:07.930955,2025-05-06 18:53:07.930955
205557,133,2010-09-22,21.8,4.8,20.8,,22.8,10:10,28,1.9,6.4,18:40,94,95,12:30,85,03:00,2025-05-06 18:53:08.016421,2025-05-06 18:53:08.016421
205573,133,2010-09-23,24.9,0,20.2,04:11,29.6,14:24,30,2.5,9.2,17:50,72,92,21:20,50,14:00,2025-05-06 18:53:08.094491,2025-05-06 18:53:08.094491
205589,133,2010-09-24,24.2,0,21,06:14,27.3,15:12,30,2.8,10.3,20:20,77,94,,69,,2025-05-06 18:53:08.173926,2025-05-06 18:53:08.173926
205605,133,2010-09-25,23.8,0,21.2,,26.5,13:26,28,2.5,8.3,02:40,86,95,,73,13:30,2025-05-06 18:53:08.264813,2025-05-06 18:53:08.264813
205621,133,2010-09-26,22.4,0,19.8,05:51,24.9,14:03,3,1.9,6.4,14:00,83,96,,71,06:30,2025-05-06 18:53:08.346801,2025-05-06 18:53:08.346801
205637,133,2010-09-27,22.6,0,20.3,,24.8,14:21,7,1.7,5.8,15:40,74,92,,59,14:30,2025-05-06 18:53:08.433145,2025-05-06 18:53:08.433145
205653,133,2010-09-28,21.5,0,19.5,,23.5,11:35,30,3.3,7.8,13:40,75,89,00:00,64,11:20,2025-05-06 18:53:08.524598,2025-05-06 18:53:08.524598
205669,133,2010-09-29,21.6,0,19.6,,23.6,12:11,29,3.9,9.2,14:20,76,88,23:30,64,11:40,2025-05-06 18:53:08.614229,2025-05-06 18:53:08.614229
205685,133,2010-09-30,21.6,0,19.8,,23.5,13:09,32,3.9,9.7,14:00,80,87,00:50,69,11:30,2025-05-06 18:53:08.696124,2025-05-06 18:53:08.696124
205701,133,2010-10-01,21.4,0,20,05:56,22.8,11:49,36,2.8,6.9,12:40,82,91,23:20,74,11:20,2025-05-06 18:53:08.766170,2025-05-06 18:53:08.766170
205717,133,2010-10-02,21.2,1.2,20,,22.5,09:07,16,2.8,11.4,16:10,89,96,,76,09:10,2025-05-06 18:53:08.847530,2025-05-06 18:53:08.847530
205733,133,2010-10-03,22.8,0,19.4,05:35,26.1,13:50,99,2.8,7.8,17:50,82,97,01:00,62,10:20,2025-05-06 18:53:08.928535,2025-05-06 18:53:08.928535
205749,133,2010-10-04,22.3,2.4,19.6,,25,14:45,30,5.3,11.9,15:30,81,95,19:20,67,13:40,2025-05-06 18:53:09.014976,2025-05-06 18:53:09.014976
205765,133,2010-10-05,20.8,0.2,19,23:54,22.6,12:45,30,3.9,8.6,12:10,80,94,,69,13:30,2025-05-06 18:53:09.097183,2025-05-06 18:53:09.097183
205781,133,2010-10-06,20.2,0,17.8,23:31,22.7,13:31,24,1.4,5,03:40,75,87,21:40,67,12:00,2025-05-06 18:53:09.180644,2025-05-06 18:53:09.180644
205797,133,2010-10-07,21,0,17.4,04:10,24.5,12:46,6,2.5,5.8,12:00,69,83,00:20,57,15:10,2025-05-06 18:53:09.262853,2025-05-06 18:53:09.262853
205813,133,2010-10-08,23,0,18.8,03:43,27.1,14:14,6,1.9,5.8,12:10,72,89,23:50,58,13:50,2025-05-06 18:53:09.341046,2025-05-06 18:53:09.341046
205829,133,2010-10-09,21.6,0,19.4,,23.7,11:14,31,2.5,7.2,17:00,86,94,,69,10:10,2025-05-06 18:53:09.415611,2025-05-06 18:53:09.415611
205845,133,2010-10-10,22.4,0,19.7,05:02,25.2,14:22,30,4.7,10.3,13:10,76,87,23:10,56,14:00,2025-05-06 18:53:09.489809,2025-05-06 18:53:09.489809
205861,133,2010-10-11,23,0.8,20.3,02:03,25.6,13:30,28,5.8,14.7,17:50,75,94,,67,13:40,2025-05-06 18:53:09.561939,2025-05-06 18:53:09.561939
205877,133,2010-10-12,22.1,4.6,20.1,23:58,24.1,15:39,27,1.7,8.3,01:00,93,98,,78,16:00,2025-05-06 18:53:09.643507,2025-05-06 18:53:09.643507
205893,133,2010-10-13,21.1,1.8,19.9,,22.3,12:24,10,1.4,7.5,13:40,94,97,,88,12:00,2025-05-06 18:53:09.724121,2025-05-06 18:53:09.724121
205909,133,2010-10-14,21,0,17.9,05:53,24.1,11:14,31,3.1,8.1,16:10,81,97,00:00,68,11:40,2025-05-06 18:53:09.799950,2025-05-06 18:53:09.799950
205924,133,2010-10-15,21,0,17.2,06:11,24.7,11:42,9,2.2,7.2,14:10,75,90,,58,11:20,2025-05-06 18:53:09.874537,2025-05-06 18:53:09.874537
205940,133,2010-10-16,21.4,0,18,,24.8,11:09,10,2.5,5.3,14:20,72,90,01:00,56,11:10,2025-05-06 18:53:09.950871,2025-05-06 18:53:09.950871
205956,133,2010-10-17,21.1,1.8,17.5,06:59,24.7,11:49,8,1.7,5.3,11:40,79,90,,68,11:30,2025-05-06 18:53:10.029936,2025-05-06 18:53:10.029936
205972,133,2010-10-18,20.6,0,18.8,02:45,22.3,13:44,13,0.8,8.1,06:30,83,92,21:30,75,04:00,2025-05-06 18:53:10.105675,2025-05-06 18:53:10.105675
205988,133,2010-10-19,21.1,0,18.1,05:34,24.1,14:35,30,3.9,9.2,13:30,84,93,06:30,68,14:20,2025-05-06 18:53:10.181029,2025-05-06 18:53:10.181029
206004,133,2010-10-20,20.4,0,17.4,06:17,23.4,12:23,32,2.2,6.9,15:40,77,92,03:50,65,16:20,2025-05-06 18:53:10.255368,2025-05-06 18:53:10.255368
206020,133,2010-10-21,19.8,0,17.3,,22.4,12:57,6,1.7,6.1,13:50,77,88,,71,13:50,2025-05-06 18:53:10.334338,2025-05-06 18:53:10.334338
206036,133,2010-10-22,20.4,0,16,04:46,24.7,12:40,11,1.9,6.4,13:50,76,90,,60,12:50,2025-05-06 18:53:10.403514,2025-05-06 18:53:10.403514
206052,133,2010-10-23,20.6,8.6,18.6,08:52,22.6,13:12,99,3.9,10,14:30,83,95,09:20,69,14:00,2025-05-06 18:53:10.478144,2025-05-06 18:53:10.478144
206068,133,2010-10-24,20.6,0,19.2,,22.1,11:44,33,3.9,9.7,12:30,78,89,00:40,70,16:50,2025-05-06 18:53:10.555418,2025-05-06 18:53:10.555418
206084,133,2010-10-25,20.5,,18.7,,22.3,13:00,0,3.3,,,74,,,,,2025-05-06 18:53:10.623311,2025-05-06 18:53:10.623311
206100,133,2010-10-26,20.6,0,18.2,,23,15:10,5,1.7,6.7,11:50,77,85,03:00,66,12:40,2025-05-06 18:53:10.698008,2025-05-06 18:53:10.698008
206116,133,2010-10-27,20.7,0,17.2,05:48,24.2,11:52,4,1.9,5.8,13:00,78,93,,65,12:10,2025-05-06 18:53:10.775056,2025-05-06 18:53:10.775056
206131,133,2010-10-28,22.5,0,17.4,,27.6,15:08,10,3.1,8.9,11:30,43,94,,30,09:00,2025-05-06 18:53:10.847444,2025-05-06 18:53:10.847444
206146,133,2010-10-29,22.5,0,19.2,07:31,25.8,10:55,29,3.3,10,14:20,70,85,23:50,36,00:10,2025-05-06 18:53:10.929301,2025-05-06 18:53:10.929301
206162,133,2010-10-30,20.2,0.2,17.1,07:18,23.2,11:18,0,1.9,,,79,88,06:20,70,,2025-05-06 18:53:11.010801,2025-05-06 18:53:11.010801
206178,133,2010-10-31,20.2,2.4,18.6,06:48,21.7,10:46,30,3.6,8.6,12:20,78,92,02:30,66,10:40,2025-05-06 18:53:11.084005,2025-05-06 18:53:11.084005
206194,133,2010-11-01,19.1,0.2,17.1,19:50,21.1,11:02,30,3.1,10.3,14:00,77,92,00:20,60,16:00,2025-05-06 18:53:11.162082,2025-05-06 18:53:11.162082
206210,133,2010-11-02,19.3,0.4,17.3,07:53,21.3,13:23,34,2.8,8.9,07:30,71,87,07:50,60,13:30,2025-05-06 18:53:11.241116,2025-05-06 18:53:11.241116
206225,133,2010-11-03,20.4,0,17.1,05:56,23.6,14:09,6,1.7,5.6,15:20,78,90,,56,23:40,2025-05-06 18:53:11.307442,2025-05-06 18:53:11.307442
206240,133,2010-11-04,22.1,0,19.1,00:01,25.1,16:24,12,3.9,13.1,11:40,42,75,04:00,28,,2025-05-06 18:53:11.377785,2025-05-06 18:53:11.377785
206256,133,2010-11-05,22.2,0,18.2,23:30,26.1,14:20,15,2.8,11.4,10:50,53,65,01:50,31,14:40,2025-05-06 18:53:11.452813,2025-05-06 18:53:11.452813
206273,133,2010-11-06,20.9,0,17.6,05:29,24.2,11:41,99,2.2,6.7,,60,87,23:50,36,01:40,2025-05-06 18:53:11.533162,2025-05-06 18:53:11.533162
206290,133,2010-11-07,19.4,0,17.3,05:48,21.5,13:51,32,3.1,7.8,16:10,75,89,02:20,65,13:40,2025-05-06 18:53:11.616704,2025-05-06 18:53:11.616704
206307,133,2010-11-08,18.5,0,16.7,07:25,20.3,16:37,3,2.5,6.7,13:00,74,83,,67,16:30,2025-05-06 18:53:11.710421,2025-05-06 18:53:11.710421
206324,133,2010-11-09,18.4,0.6,15.3,07:02,21.4,12:14,99,3.3,7.8,16:50,74,89,23:59,67,13:50,2025-05-06 18:53:11.793007,2025-05-06 18:53:11.793007
206341,133,2010-11-10,19,0,16.9,00:22,21.1,11:46,30,3.1,8.6,12:00,75,93,03:50,61,14:30,2025-05-06 18:53:11.877700,2025-05-06 18:53:11.877700
206358,133,2010-11-11,19.7,0,16.8,04:39,22.6,12:09,4,1.9,5.6,13:00,73,85,21:20,55,12:00,2025-05-06 18:53:11.967962,2025-05-06 18:53:11.967962
206375,133,2010-11-12,19,0,16.7,07:22,21.4,12:59,30,1.9,7.8,13:30,71,86,,60,12:30,2025-05-06 18:53:12.055166,2025-05-06 18:53:12.055166
206392,133,2010-11-13,18,0,16.2,23:08,19.8,12:52,32,2.8,7.5,05:20,70,80,22:50,63,,2025-05-06 18:53:12.128062,2025-05-06 18:53:12.128062
206409,133,2010-11-14,19,0,16.5,00:13,21.6,12:54,32,2.2,6.4,12:50,69,80,,61,12:10,2025-05-06 18:53:12.210738,2025-05-06 18:53:12.210738
206426,133,2010-11-15,19,9.6,17.6,00:35,20.4,10:46,7,2.2,9.2,13:40,90,97,14:40,75,00:00,2025-05-06 18:53:12.293254,2025-05-06 18:53:12.293254
206442,133,2010-11-16,18.4,0,16.5,07:28,20.2,13:45,2,1.7,5.3,01:00,71,92,00:10,65,,2025-05-06 18:53:12.372062,2025-05-06 18:53:12.372062
206459,133,2010-11-17,17.4,0,14.9,07:29,19.8,13:37,30,1.9,6.9,13:40,73,83,08:10,66,13:50,2025-05-06 18:53:12.451409,2025-05-06 18:53:12.451409
206476,133,2010-11-18,19.2,0.2,16.1,04:55,22.4,13:57,5,2.8,6.4,13:10,75,96,21:50,67,,2025-05-06 18:53:12.534922,2025-05-06 18:53:12.534922
206493,133,2010-11-19,18.8,0,16.1,06:21,21.6,15:17,32,1.4,5.3,15:20,83,95,07:50,70,15:00,2025-05-06 18:53:12.615745,2025-05-06 18:53:12.615745
206510,133,2010-11-20,20.2,0,18,00:01,22.4,13:54,24,,6.4,21:00,,95,23:20,74,13:30,2025-05-06 18:53:12.685452,2025-05-06 18:53:12.685452
206527,133,2010-11-21,19,1.2,17.4,05:06,20.7,14:25,26,1.7,4.7,07:30,89,95,09:20,82,14:30,2025-05-06 18:53:12.756773,2025-05-06 18:53:12.756773
206544,133,2010-11-22,18.1,0,16,,20.2,15:51,6,1.4,4.4,12:40,84,96,04:50,72,16:00,2025-05-06 18:53:12.834102,2025-05-06 18:53:12.834102
206560,133,2010-11-23,18.8,0,15.6,04:49,22.1,14:43,8,1.7,5,11:10,82,94,,68,15:20,2025-05-06 18:53:12.910000,2025-05-06 18:53:12.910000
206577,133,2010-11-24,19,0,15.5,04:48,22.5,11:20,8,2.2,7.5,12:30,80,92,07:40,63,10:10,2025-05-06 18:53:12.982701,2025-05-06 18:53:12.982701
206594,133,2010-11-25,19,0,17.2,,20.7,13:21,22,2.5,9.2,23:10,86,91,04:40,77,23:10,2025-05-06 18:53:13.057992,2025-05-06 18:53:13.057992
206611,133,2010-11-26,21,0,17.8,02:22,24.3,11:21,22,2.5,9.4,06:40,60,84,22:00,48,11:40,2025-05-06 18:53:13.138516,2025-05-06 18:53:13.138516
206627,133,2010-11-27,21.4,0,17.9,23:54,25,13:45,24,2.5,13.6,06:00,63,87,22:50,45,12:30,2025-05-06 18:53:13.217494,2025-05-06 18:53:13.217494
206643,133,2010-11-28,20.2,0.2,16.7,05:14,23.8,12:57,18,1.1,7.8,21:50,67,88,02:30,54,11:50,2025-05-06 18:53:13.299553,2025-05-06 18:53:13.299553
206660,133,2010-11-29,20.8,38.8,17.5,18:53,24,11:21,22,3.6,23.6,19:30,69,89,18:50,53,13:10,2025-05-06 18:53:13.385044,2025-05-06 18:53:13.385044
206677,133,2010-11-30,19.4,12.8,15.4,19:51,23.5,10:20,23,6.1,21.9,05:30,84,98,,45,06:00,2025-05-06 18:53:13.470443,2025-05-06 18:53:13.470443
206693,133,2010-12-01,16.6,0,14.6,06:33,18.7,11:07,30,2.2,7.2,15:40,74,85,01:30,62,14:40,2025-05-06 18:53:13.547285,2025-05-06 18:53:13.547285
206710,133,2010-12-02,16.6,0,14.8,07:23,18.5,11:26,99,1.7,5.3,,69,72,,62,16:50,2025-05-06 18:53:13.629725,2025-05-06 18:53:13.629725
206727,133,2010-12-03,17.5,0,15.6,23:50,19.4,15:10,99,1.7,6.4,,71,80,,62,15:10,2025-05-06 18:53:13.717697,2025-05-06 18:53:13.717697
206744,133,2010-12-04,19,0,14.7,04:25,23.3,22:59,11,1.7,11.4,23:40,78,84,06:40,47,23:10,2025-05-06 18:53:13.806214,2025-05-06 18:53:13.806214
206761,133,2010-12-05,24.2,1.2,20.4,23:57,28,13:24,23,3.3,11.4,12:30,65,78,,50,13:20,2025-05-06 18:53:13.890193,2025-05-06 18:53:13.890193
206778,133,2010-12-06,22.4,0,19.1,07:22,25.7,12:23,24,3.6,13.6,21:00,63,85,03:00,46,12:10,2025-05-06 18:53:13.980119,2025-05-06 18:53:13.980119
206794,133,2010-12-07,21,0,18.1,23:30,23.8,01:46,24,3.1,12.5,01:30,63,89,20:10,30,01:30,2025-05-06 18:53:14.074682,2025-05-06 18:53:14.074682
206810,133,2010-12-08,19.8,1.2,17.1,03:46,22.6,10:21,8,2.2,15,17:10,72,88,15:20,60,10:50,2025-05-06 18:53:14.158106,2025-05-06 18:53:14.158106
206827,133,2010-12-09,20.7,0,17,06:15,24.4,15:53,30,2.2,9.7,22:50,66,83,04:10,47,16:40,2025-05-06 18:53:14.244111,2025-05-06 18:53:14.244111
206844,133,2010-12-10,18.6,0,15.6,23:55,21.7,12:46,6,1.9,6.9,13:10,65,78,08:00,46,23:59,2025-05-06 18:53:14.340483,2025-05-06 18:53:14.340483
206861,133,2010-12-11,17.1,0.4,14.1,05:08,20.1,11:46,99,1.9,5.8,,72,85,,41,00:40,2025-05-06 18:53:14.434931,2025-05-06 18:53:14.434931
206878,133,2010-12-12,16.8,0,14.3,05:16,19.2,13:02,30,4.4,11.9,11:50,73,88,19:50,64,13:40,2025-05-06 18:53:14.528854,2025-05-06 18:53:14.528854
206895,133,2010-12-13,17,0.2,14.2,03:52,19.7,13:00,32,1.7,5.3,13:30,74,88,,64,11:50,2025-05-06 18:53:14.619571,2025-05-06 18:53:14.619571
206911,133,2010-12-14,16.9,0,14.4,06:31,19.4,11:44,8,2.8,8.6,15:40,83,90,21:20,75,11:50,2025-05-06 18:53:14.699895,2025-05-06 18:53:14.699895
206928,133,2010-12-15,23.2,0,17.8,00:36,28.5,14:37,15,2.8,10.3,08:20,38,88,00:30,17,17:00,2025-05-06 18:53:14.778440,2025-05-06 18:53:14.778440
206945,133,2010-12-16,20.2,0.4,15.9,06:50,24.6,13:46,26,2.2,10.8,16:10,64,80,07:10,44,13:50,2025-05-06 18:53:14.864437,2025-05-06 18:53:14.864437
206962,133,2010-12-17,20.6,0.2,17.3,04:47,23.9,13:41,13,1.9,11.7,10:40,59,90,04:40,43,13:00,2025-05-06 18:53:14.952739,2025-05-06 18:53:14.952739
206979,133,2010-12-18,20.4,0,16.5,23:53,24.4,14:49,23,2.8,11.4,16:00,52,83,23:40,42,15:10,2025-05-06 18:53:15.038516,2025-05-06 18:53:15.038516
206996,133,2010-12-19,19,0,15.5,05:48,22.4,15:29,99,1.9,5.3,,77,88,,65,15:10,2025-05-06 18:53:15.126082,2025-05-06 18:53:15.126082
207012,133,2010-12-20,20.8,0.2,16.9,04:36,24.6,16:29,20,1.9,7.8,22:40,66,81,00:00,45,16:40,2025-05-06 18:53:15.209883,2025-05-06 18:53:15.209883
207029,133,2010-12-21,20,0,16.3,04:25,23.7,14:36,25,1.7,8.9,16:50,62,76,02:40,47,16:40,2025-05-06 18:53:15.299960,2025-05-06 18:53:15.299960
207046,133,2010-12-22,19,0.6,17,,21,12:25,28,4.7,12.2,13:20,77,85,07:00,59,01:10,2025-05-06 18:53:15.381188,2025-05-06 18:53:15.381188
207063,133,2010-12-23,17.1,0,15.7,23:50,18.5,12:28,31,1.7,7.8,00:40,75,87,00:30,68,12:40,2025-05-06 18:53:15.466331,2025-05-06 18:53:15.466331
207080,133,2010-12-24,16,0,13.1,06:13,18.8,13:44,99,2.8,6.9,15:50,73,84,07:40,62,13:30,2025-05-06 18:53:15.549460,2025-05-06 18:53:15.549460
207096,133,2010-12-25,17,1,14.2,00:08,19.7,14:29,31,3.6,8.3,13:30,79,90,23:50,73,13:00,2025-05-06 18:53:15.610316,2025-05-06 18:53:15.610316
207112,133,2010-12-26,17.6,0,15.5,21:18,19.7,13:59,99,1.9,7.2,,83,96,,69,15:00,2025-05-06 18:53:15.675377,2025-05-06 18:53:15.675377
207128,133,2010-12-27,16.8,0,14.5,08:10,19.2,11:42,12,1.7,5.3,11:40,75,87,03:40,68,11:50,2025-05-06 18:53:15.757979,2025-05-06 18:53:15.757979
207143,133,2010-12-28,17,0,13.8,02:34,20.2,13:11,28,1.7,6.1,14:50,75,88,08:20,69,13:00,2025-05-06 18:53:15.836099,2025-05-06 18:53:15.836099
207158,133,2010-12-29,18.2,0,14.9,08:02,21.5,11:33,27,1.9,9.2,17:30,73,87,06:40,52,17:30,2025-05-06 18:53:15.911917,2025-05-06 18:53:15.911917
207173,133,2010-12-30,17.1,0,14.5,,19.7,12:54,99,1.9,4.4,,74,86,,68,13:00,2025-05-06 18:53:15.993059,2025-05-06 18:53:15.993059
207188,133,2010-12-31,17,0,14.9,01:34,19,12:51,1,1.9,5.8,14:00,77,85,21:50,72,13:00,2025-05-06 18:53:16.074770,2025-05-06 18:53:16.074770
207203,133,2011-01-01,17.3,0,15.5,,19.1,14:41,4,1.4,5.8,13:10,78,87,,67,15:10,2025-05-06 18:53:16.151396,2025-05-06 18:53:16.151396
207218,133,2011-01-02,16.9,0,14.3,,19.5,13:28,10,1.1,6.4,12:00,75,84,,67,11:30,2025-05-06 18:53:16.232630,2025-05-06 18:53:16.232630
207233,133,2011-01-03,16.2,0,13.1,06:44,19.4,13:16,99,2.2,5.3,05:40,79,88,20:30,61,23:50,2025-05-06 18:53:16.308863,2025-05-06 18:53:16.308863
207249,133,2011-01-04,16.8,0,13.4,08:22,20.2,14:04,11,1.7,5.8,12:10,81,88,21:50,46,03:00,2025-05-06 18:53:16.390788,2025-05-06 18:53:16.390788
207264,133,2011-01-05,17.2,0,13.6,05:57,20.7,13:18,6,2.2,6.7,14:10,74,85,07:50,39,03:10,2025-05-06 18:53:16.460224,2025-05-06 18:53:16.460224
207280,133,2011-01-06,17.8,0,13.4,05:13,22.1,11:37,11,2.2,6.7,07:10,63,87,06:40,32,10:50,2025-05-06 18:53:16.551474,2025-05-06 18:53:16.551474
207295,133,2011-01-07,17.6,0,13.8,07:50,21.5,12:24,10,2.5,8.1,13:10,66,91,20:30,52,12:40,2025-05-06 18:53:16.634088,2025-05-06 18:53:16.634088
207312,133,2011-01-08,16.8,0,14.1,08:08,19.6,13:29,32,2.8,8.3,12:40,80,87,19:30,48,01:40,2025-05-06 18:53:16.725289,2025-05-06 18:53:16.725289
207329,133,2011-01-09,16.6,1.6,14.3,05:40,19,11:02,30,1.9,5.8,01:30,85,90,16:30,74,23:59,2025-05-06 18:53:16.824635,2025-05-06 18:53:16.824635
207346,133,2011-01-10,16,0,13.8,03:18,18.3,12:56,34,2.2,5.8,15:00,71,80,07:50,66,13:00,2025-05-06 18:53:16.913027,2025-05-06 18:53:16.913027
207362,133,2011-01-11,17.3,0.4,15.8,07:53,18.8,13:42,6,1.9,6.1,14:20,74,86,11:20,66,13:30,2025-05-06 18:53:17.002622,2025-05-06 18:53:17.002622
207379,133,2011-01-12,17,0,14.2,22:27,19.8,12:58,7,1.7,6.4,13:00,77,91,20:40,69,12:30,2025-05-06 18:53:17.090659,2025-05-06 18:53:17.090659
207396,133,2011-01-13,17.6,0,13.3,07:56,22,12:41,11,2.8,8.1,13:10,58,90,00:50,36,,2025-05-06 18:53:17.184492,2025-05-06 18:53:17.184492
207413,133,2011-01-14,17.2,0,13.1,08:09,21.4,14:33,10,2.5,6.4,15:40,66,86,22:50,36,14:50,2025-05-06 18:53:17.283392,2025-05-06 18:53:17.283392
207430,133,2011-01-15,17,0,14,00:12,20.1,11:04,9,2.8,7.5,11:20,69,89,01:40,43,22:10,2025-05-06 18:53:17.365971,2025-05-06 18:53:17.365971
207447,133,2011-01-16,17,,14,03:15,20,13:10,11,1.9,8.1,10:40,62,74,07:40,42,23:59,2025-05-06 18:53:17.445402,2025-05-06 18:53:17.445402
207464,133,2011-01-17,18.6,0,14.4,00:01,22.8,14:17,10,3.1,8.6,11:20,54,77,20:10,36,13:10,2025-05-06 18:53:17.519531,2025-05-06 18:53:17.519531
207481,133,2011-01-18,17.1,0,13.3,07:01,20.9,12:10,18,1.7,5.3,08:10,55,78,23:59,37,11:40,2025-05-06 18:53:17.599710,2025-05-06 18:53:17.599710
207498,133,2011-01-19,15.9,0,12.5,07:57,19.3,12:44,5,1.4,5.3,15:10,76,87,22:00,66,12:40,2025-05-06 18:53:17.680814,2025-05-06 18:53:17.680814
207515,133,2011-01-20,15.6,0,11.8,07:44,19.3,15:14,8,2.5,7.5,12:20,71,83,21:10,46,03:20,2025-05-06 18:53:17.762427,2025-05-06 18:53:17.762427
207532,133,2011-01-21,16.4,0.2,12.2,05:45,20.6,,5,2.2,5.3,14:00,64,90,,42,13:10,2025-05-06 18:53:17.845582,2025-05-06 18:53:17.845582
207549,133,2011-01-22,15.5,0,12.8,07:19,18.2,12:32,32,2.2,7.2,11:00,72,93,01:30,57,09:50,2025-05-06 18:53:17.918907,2025-05-06 18:53:17.918907
207566,133,2011-01-23,16,0,12.7,02:09,19.3,11:04,33,2.2,9.4,18:50,65,92,,55,09:30,2025-05-06 18:53:18.009515,2025-05-06 18:53:18.009515
207583,133,2011-01-24,15.8,4,13.2,07:00,18.5,12:48,18,1.9,6.4,23:10,81,92,03:30,71,12:50,2025-05-06 18:53:18.105023,2025-05-06 18:53:18.105023
207600,133,2011-01-25,16.9,10,13.1,08:14,20.7,14:49,22,2.8,16.7,18:20,74,93,07:10,52,14:40,2025-05-06 18:53:18.189832,2025-05-06 18:53:18.189832
207617,133,2011-01-26,16.7,0.8,13.2,00:22,20.2,15:48,26,3.9,11.1,04:40,62,88,00:10,42,15:30,2025-05-06 18:53:18.276104,2025-05-06 18:53:18.276104
207634,133,2011-01-27,16,2.8,14.4,22:43,17.6,12:53,28,4.2,13.6,04:50,78,90,20:30,62,02:00,2025-05-06 18:53:18.366706,2025-05-06 18:53:18.366706
207650,133,2011-01-28,15.8,0.6,14.2,08:02,17.4,13:19,35,1.7,5.3,13:50,77,88,23:59,67,16:00,2025-05-06 18:53:18.448175,2025-05-06 18:53:18.448175
207666,133,2011-01-29,15.2,69.6,13.6,20:44,16.7,16:19,11,2.2,10.3,12:10,89,96,,72,16:30,2025-05-06 18:53:18.531164,2025-05-06 18:53:18.531164
207683,133,2011-01-30,14.5,73.8,13.7,23:27,15.3,01:16,3,1.9,9.2,18:30,95,99,,76,21:10,2025-05-06 18:53:18.624166,2025-05-06 18:53:18.624166
207700,133,2011-01-31,14.5,0,12.9,02:44,16.1,11:00,31,2.5,11.4,23:40,70,94,,54,19:40,2025-05-06 18:53:18.709217,2025-05-06 18:53:18.709217
207716,133,2011-02-01,15.5,,13.8,07:36,17.2,12:36,34,3.3,10.3,17:30,60,80,23:50,46,12:30,2025-05-06 18:53:18.791004,2025-05-06 18:53:18.791004
207732,133,2011-02-02,15.2,0.2,13.7,08:00,16.6,12:34,3,3.1,10,05:50,65,81,03:10,60,12:20,2025-05-06 18:53:18.857380,2025-05-06 18:53:18.857380
207748,133,2011-02-03,15.4,0,13.9,06:19,16.8,13:32,1,1.9,7.2,17:20,61,74,15:00,57,18:00,2025-05-06 18:53:18.932035,2025-05-06 18:53:18.932035
207763,133,2011-02-04,15,0,12.1,,17.8,14:23,10,1.4,6.4,12:40,66,80,21:30,57,12:50,2025-05-06 18:53:19.008642,2025-05-06 18:53:19.008642
207778,133,2011-02-05,15.8,0,12,01:24,19.5,14:20,12,2.5,10,12:20,54,82,,34,15:10,2025-05-06 18:53:19.087496,2025-05-06 18:53:19.087496
207793,133,2011-02-06,15.4,0,12.5,00:51,18.3,14:16,10,2.8,9.4,10:30,54,66,,46,,2025-05-06 18:53:19.171143,2025-05-06 18:53:19.171143
207808,133,2011-02-07,14.8,0,12,23:56,17.7,14:37,9,1.9,8.1,14:10,74,83,06:50,56,00:00,2025-05-06 18:53:19.255552,2025-05-06 18:53:19.255552
207825,133,2011-02-08,14.4,0,10.9,,18,13:00,6,2.8,8.6,14:20,61,76,20:30,52,01:50,2025-05-06 18:53:19.342751,2025-05-06 18:53:19.342751
207842,133,2011-02-09,15.5,2,10.8,05:04,20.2,13:46,13,2.5,11.7,12:00,55,75,07:40,35,14:10,2025-05-06 18:53:19.417500,2025-05-06 18:53:19.417500
207859,133,2011-02-10,14.8,0,10.8,06:58,18.9,12:52,16,2.5,8.9,01:00,57,72,07:00,43,17:20,2025-05-06 18:53:19.495273,2025-05-06 18:53:19.495273
207876,133,2011-02-11,15.2,0.4,12.3,,18.2,11:42,31,3.6,9.4,15:00,69,82,23:30,46,05:30,2025-05-06 18:53:19.580218,2025-05-06 18:53:19.580218
207892,133,2011-02-12,15.4,0,14.1,03:44,16.7,15:01,34,4.7,11.4,06:30,65,88,03:40,60,,2025-05-06 18:53:19.660917,2025-05-06 18:53:19.660917
207909,133,2011-02-13,15.1,0,12.5,06:21,17.7,15:08,32,4.4,10.6,13:50,66,80,22:30,54,15:10,2025-05-06 18:53:19.768292,2025-05-06 18:53:19.768292
207926,133,2011-02-14,15.6,1.2,13.9,23:59,17.4,16:17,29,2.8,8.3,11:30,85,98,,73,16:30,2025-05-06 18:53:19.854715,2025-05-06 18:53:19.854715
207943,133,2011-02-15,16.3,1.6,13.5,00:16,19.1,13:05,29,4.7,9.7,08:30,73,86,03:30,59,13:50,2025-05-06 18:53:19.941197,2025-05-06 18:53:19.941197
207960,133,2011-02-16,15.6,4.4,14.1,22:50,17.2,14:39,31,4.2,10,09:10,81,97,,70,17:40,2025-05-06 18:53:20.033819,2025-05-06 18:53:20.033819
207976,133,2011-02-17,16,0,13.4,07:00,18.5,14:03,99,3.1,6.7,,71,86,08:10,59,15:20,2025-05-06 18:53:20.132759,2025-05-06 18:53:20.132759
207993,133,2011-02-18,16.2,0,13.6,,18.9,12:41,31,2.2,6.4,14:20,74,82,04:30,63,12:10,2025-05-06 18:53:20.218523,2025-05-06 18:53:20.218523
208010,133,2011-02-19,16.2,0.9,13.7,07:55,18.7,14:18,7,1.9,6.1,15:00,71,80,22:00,63,,2025-05-06 18:53:20.311654,2025-05-06 18:53:20.311654
208026,133,2011-02-20,16.4,1.4,13.2,07:29,19.7,12:17,31,1.7,5.6,00:30,76,90,23:30,68,11:20,2025-05-06 18:53:20.399784,2025-05-06 18:53:20.399784
208042,133,2011-02-21,16.6,0,14.6,23:59,18.5,15:09,8,1.9,6.1,13:00,80,95,02:30,68,15:00,2025-05-06 18:53:20.485725,2025-05-06 18:53:20.485725
208058,133,2011-02-22,16,0,13.2,04:40,18.9,13:36,3,1.9,5,11:30,81,89,07:10,73,13:30,2025-05-06 18:53:20.576211,2025-05-06 18:53:20.576211
208074,133,2011-02-23,17.2,0,15,,19.3,14:48,3,2.2,5.3,14:00,82,89,02:40,74,14:30,2025-05-06 18:53:20.667343,2025-05-06 18:53:20.667343
208091,133,2011-02-24,16.9,0,15,,18.8,14:51,99,1.7,5.8,,80,90,,73,,2025-05-06 18:53:20.778089,2025-05-06 18:53:20.778089
208107,133,2011-02-25,16.2,0,14.3,06:10,18.2,14:43,30,3.6,8.6,13:40,77,86,23:30,70,13:40,2025-05-06 18:53:20.886958,2025-05-06 18:53:20.886958
208122,133,2011-02-26,17.1,0,13.8,07:52,20.4,14:45,4,1.4,5.6,16:40,81,92,20:30,71,13:10,2025-05-06 18:53:20.998793,2025-05-06 18:53:20.998793
208138,133,2011-02-27,16.2,0,12.9,06:30,19.5,13:29,27,2.2,6.7,23:10,83,93,06:50,47,04:30,2025-05-06 18:53:21.104410,2025-05-06 18:53:21.104410
208154,133,2011-02-28,16.6,0,14.3,04:37,18.8,12:18,30,3.6,7.8,16:10,77,87,03:00,72,11:50,2025-05-06 18:53:21.216422,2025-05-06 18:53:21.216422
208170,133,2011-03-01,16,0,14.4,,17.5,12:35,36,4.7,9.7,22:30,73,80,19:50,67,12:20,2025-05-06 18:54:23.986617,2025-05-06 18:54:23.986617
208185,133,2011-03-02,15.4,0,13.8,07:58,16.9,13:43,29,5,11.9,13:40,71,83,07:50,60,23:50,2025-05-06 18:54:24.111983,2025-05-06 18:54:24.111983
208202,133,2011-03-03,15,14.2,12.9,08:21,17,12:47,32,3.6,10.3,11:40,65,91,08:30,56,11:50,2025-05-06 18:54:24.249671,2025-05-06 18:54:24.249671
208219,133,2011-03-04,14.2,0.2,12.3,,16.2,12:54,32,1.7,6.4,01:00,68,87,06:20,58,13:20,2025-05-06 18:54:24.395578,2025-05-06 18:54:24.395578
208236,133,2011-03-05,13.8,6.2,11.5,,16.1,10:11,34,1.4,5,10:20,80,92,23:00,70,09:30,2025-05-06 18:54:24.519139,2025-05-06 18:54:24.519139
208253,133,2011-03-06,14.6,0,10.5,04:25,18.7,15:59,30,2.2,7.5,14:40,74,90,00:00,51,16:30,2025-05-06 18:54:24.646635,2025-05-06 18:54:24.646635
208270,133,2011-03-07,15.3,0,11.7,04:18,18.9,10:17,29,1.4,9.2,14:50,64,80,,53,10:10,2025-05-06 18:54:24.802421,2025-05-06 18:54:24.802421
208287,133,2011-03-08,15.3,16,11.6,05:58,19,13:57,34,2.2,6.7,12:10,65,94,23:40,58,10:00,2025-05-06 18:54:24.954313,2025-05-06 18:54:24.954313
208304,133,2011-03-09,15,0,12.1,07:14,17.8,17:09,36,1.9,7.5,16:30,80,96,,67,16:00,2025-05-06 18:54:25.066505,2025-05-06 18:54:25.066505
208321,133,2011-03-10,16.6,0,14,07:56,19.2,13:26,34,1.9,8.1,13:40,79,89,23:50,69,12:00,2025-05-06 18:54:25.181823,2025-05-06 18:54:25.181823
208338,133,2011-03-11,16,0,12,06:40,20,16:07,29,2.5,13.3,23:59,74,93,07:40,53,16:40,2025-05-06 18:54:25.287123,2025-05-06 18:54:25.287123
208355,133,2011-03-12,15.8,0.8,13.3,24:00,18.4,13:18,28,3.1,12.2,03:50,72,90,23:50,64,04:20,2025-05-06 18:54:25.419019,2025-05-06 18:54:25.419019
208372,133,2011-03-13,14.1,21,10.5,22:04,17.7,14:57,0,1.7,,,71,95,21:50,58,14:00,2025-05-06 18:54:25.536978,2025-05-06 18:54:25.536978
208388,133,2011-03-14,10.4,32,8.3,17:38,12.6,10:24,99,1.7,12.5,,92,95,18:10,75,00:00,2025-05-06 18:54:25.636191,2025-05-06 18:54:25.636191
208404,133,2011-03-15,12.1,,9.2,00:48,15,13:31,99,7.5,15.8,,67,88,05:10,60,12:10,2025-05-06 18:54:25.751606,2025-05-06 18:54:25.751606
208420,133,2011-03-16,13.2,0,10.7,06:53,15.6,,30,4.2,9.4,12:30,73,85,06:40,64,12:20,2025-05-06 18:54:25.874634,2025-05-06 18:54:25.874634
208437,133,2011-03-17,14.7,0,12.2,06:01,17.2,16:01,32,1.9,5.8,,71,86,22:40,54,13:40,2025-05-06 18:54:25.985190,2025-05-06 18:54:25.985190
208454,133,2011-03-18,15.7,0,13.6,05:45,17.8,13:28,5,1.9,5.6,12:30,70,87,23:30,60,09:10,2025-05-06 18:54:26.088534,2025-05-06 18:54:26.088534
208470,133,2011-03-19,15.9,0,12,05:56,19.8,11:40,28,2.5,7.5,23:50,80,89,21:40,62,10:50,2025-05-06 18:54:26.205143,2025-05-06 18:54:26.205143
208486,133,2011-03-20,16.5,0,13.7,07:07,19.3,14:13,28,3.9,10.3,19:50,81,89,03:50,71,11:50,2025-05-06 18:54:26.308571,2025-05-06 18:54:26.308571
208502,133,2011-03-21,17,0,14.7,,19.3,11:53,29,4.7,11.1,18:40,85,93,05:40,80,11:30,2025-05-06 18:54:26.420380,2025-05-06 18:54:26.420380
208518,133,2011-03-22,16,0,14.4,,17.7,12:55,29,5.3,12.2,01:40,79,88,04:20,69,13:00,2025-05-06 18:54:26.532852,2025-05-06 18:54:26.532852
208534,133,2011-03-23,16.3,0,14.2,02:47,18.4,14:38,28,5.8,12.8,14:10,77,87,23:00,64,09:30,2025-05-06 18:54:26.639801,2025-05-06 18:54:26.639801
208549,133,2011-03-24,16.8,0,13.3,23:25,20.2,15:10,28,2.8,8.9,02:40,76,90,,59,15:20,2025-05-06 18:54:26.741661,2025-05-06 18:54:26.741661
208565,133,2011-03-25,15.8,0,11.9,06:39,19.8,13:29,30,2.5,6.1,15:10,79,93,,61,23:10,2025-05-06 18:54:26.848109,2025-05-06 18:54:26.848109
208582,133,2011-03-26,15.6,0,12.3,02:28,18.9,11:41,31,2.2,6.4,19:40,85,92,07:30,70,00:00,2025-05-06 18:54:26.962158,2025-05-06 18:54:26.962158
208599,133,2011-03-27,16.2,0,14.4,05:35,18.1,14:53,30,3.1,7.8,03:40,74,86,20:20,67,14:40,2025-05-06 18:54:27.074321,2025-05-06 18:54:27.074321
208616,133,2011-03-28,16.4,0,14.6,04:02,18.3,14:26,30,4.2,8.9,10:10,78,90,07:10,69,13:50,2025-05-06 18:54:27.199489,2025-05-06 18:54:27.199489
208631,133,2011-03-29,16.6,0,14.7,,18.4,14:03,31,4.2,8.9,17:40,78,88,23:50,70,14:10,2025-05-06 18:54:27.308259,2025-05-06 18:54:27.308259
208646,133,2011-03-30,17.5,0,15.7,,19.3,13:31,30,3.9,8.3,19:30,82,91,07:40,67,13:40,2025-05-06 18:54:27.409074,2025-05-06 18:54:27.409074
208662,133,2011-03-31,17.4,0,14.6,07:14,20.2,13:40,28,3.6,10,23:40,82,91,19:40,76,13:20,2025-05-06 18:54:27.533153,2025-05-06 18:54:27.533153
208678,133,2011-04-01,17.4,0,15.3,04:03,19.5,14:26,30,5.8,12.8,17:20,81,91,00:40,70,14:40,2025-05-06 18:54:27.651329,2025-05-06 18:54:27.651329
208694,133,2011-04-02,17.7,1.2,15.4,05:11,20,13:50,0,4.4,,,75,97,23:59,68,13:00,2025-05-06 18:54:27.783455,2025-05-06 18:54:27.783455
208710,133,2011-04-03,16.2,0.2,14.6,23:48,17.8,13:35,32,5.8,13.1,02:20,75,97,00:00,66,15:50,2025-05-06 18:54:27.890932,2025-05-06 18:54:27.890932
208726,133,2011-04-04,16,0,13.9,06:51,18.2,12:11,31,5,11.9,12:40,66,80,21:40,58,12:20,2025-05-06 18:54:28.004188,2025-05-06 18:54:28.004188
208742,133,2011-04-05,15.5,0,13.7,05:45,17.3,10:19,28,4.7,9.2,10:30,74,87,05:40,66,10:10,2025-05-06 18:54:28.132329,2025-05-06 18:54:28.132329
208759,133,2011-04-06,16,0,13.9,23:57,18,14:39,7,2.2,8.9,17:50,75,88,23:59,70,14:30,2025-05-06 18:54:28.259057,2025-05-06 18:54:28.259057
208777,133,2011-04-07,18.3,0,13.7,00:15,22.9,14:23,13,2.8,7.8,06:30,73,93,23:40,60,14:10,2025-05-06 18:54:28.359801,2025-05-06 18:54:28.359801
208795,133,2011-04-08,18.1,0,14.4,06:34,21.8,13:54,99,1.9,5,,77,93,00:00,62,09:40,2025-05-06 18:54:28.461581,2025-05-06 18:54:28.461581
208813,133,2011-04-09,17.5,0,14.8,03:18,20.2,10:57,99,2.2,6.4,,82,93,07:00,69,11:00,2025-05-06 18:54:28.573654,2025-05-06 18:54:28.573654
208831,133,2011-04-10,17.4,0,15.2,03:15,19.6,14:31,30,3.9,7.8,16:20,79,88,,72,,2025-05-06 18:54:28.701306,2025-05-06 18:54:28.701306
208849,133,2011-04-11,17,0,15.4,,18.7,13:00,34,3.6,8.3,17:00,74,83,,66,12:30,2025-05-06 18:54:28.823054,2025-05-06 18:54:28.823054
208866,133,2011-04-12,17.2,,15.2,06:17,19.2,14:04,27,3.9,8.3,15:10,81,88,20:00,70,14:10,2025-05-06 18:54:28.949085,2025-05-06 18:54:28.949085
208883,133,2011-04-13,18.1,0,15.6,23:45,20.6,14:57,0,3.9,,,77,,,,,2025-05-06 18:54:29.070919,2025-05-06 18:54:29.070919
208900,133,2011-04-14,17.4,0,15.1,04:48,19.8,13:08,30,3.9,10.3,16:20,80,89,,71,13:10,2025-05-06 18:54:29.172785,2025-05-06 18:54:29.172785
208918,133,2011-04-15,16.4,0,13.9,05:15,19,10:43,28,1.7,6.1,03:40,80,89,06:00,70,10:40,2025-05-06 18:54:29.285150,2025-05-06 18:54:29.285150
208936,133,2011-04-16,17.4,0,13.9,05:41,20.9,11:19,10,1.9,5.6,13:40,80,93,23:20,67,,2025-05-06 18:54:29.410366,2025-05-06 18:54:29.410366
208954,133,2011-04-17,19,0.4,15.2,06:57,22.7,12:15,26,2.8,12.8,18:20,72,96,04:20,47,18:30,2025-05-06 18:54:29.531695,2025-05-06 18:54:29.531695
208972,133,2011-04-18,19.6,0,16.1,06:44,23.2,11:16,22,2.5,11.1,02:30,67,81,06:50,46,11:20,2025-05-06 18:54:29.664573,2025-05-06 18:54:29.664573
208990,133,2011-04-19,17.6,1.6,14.7,06:01,20.5,11:12,99,1.7,5.8,10:40,83,92,17:40,73,13:00,2025-05-06 18:54:29.809222,2025-05-06 18:54:29.809222
209008,133,2011-04-20,16.9,3.8,13.5,,20.3,11:07,31,4.4,11.7,18:20,86,96,23:30,70,11:50,2025-05-06 18:54:29.934917,2025-05-06 18:54:29.934917
209025,133,2011-04-21,16,0,13.1,00:54,18.8,14:07,30,5,12.2,17:40,75,96,00:00,64,14:10,2025-05-06 18:54:30.063353,2025-05-06 18:54:30.063353
209043,133,2011-04-22,17.4,,14.8,03:47,20,11:53,29,5.6,11.7,13:50,64,85,23:30,51,13:20,2025-05-06 18:54:30.214060,2025-05-06 18:54:30.214060
209061,133,2011-04-23,16,0.8,13.8,06:12,18.2,14:25,32,6.7,15.8,08:00,80,98,07:00,62,13:30,2025-05-06 18:54:30.337361,2025-05-06 18:54:30.337361
209079,133,2011-04-24,15.6,0.8,13.8,03:12,17.4,15:03,30,4.4,11.7,04:10,69,90,03:20,62,08:50,2025-05-06 18:54:30.470932,2025-05-06 18:54:30.470932
209097,133,2011-04-25,16.8,0,14.1,03:27,19.6,15:25,2,2.5,6.4,08:20,79,93,04:30,65,14:20,2025-05-06 18:54:30.621329,2025-05-06 18:54:30.621329
209115,133,2011-04-26,16.2,0,13.6,23:47,18.7,13:45,32,2.5,6.1,18:10,77,87,07:20,67,10:10,2025-05-06 18:54:30.757997,2025-05-06 18:54:30.757997
209133,133,2011-04-27,16.2,0,13,05:42,19.4,10:36,36,1.9,4.7,10:30,73,88,22:50,64,10:30,2025-05-06 18:54:30.875991,2025-05-06 18:54:30.875991
209151,133,2011-04-28,17.2,6,13.2,06:17,21.1,12:57,28,2.2,7.2,22:30,76,93,23:30,63,13:00,2025-05-06 18:54:31.002165,2025-05-06 18:54:31.002165
209169,133,2011-04-29,17.1,0.4,14.9,,19.3,10:58,28,4.2,10.6,20:00,80,95,,70,14:10,2025-05-06 18:54:31.140689,2025-05-06 18:54:31.140689
209187,133,2011-04-30,16.9,19.4,12.7,23:48,21.1,16:03,30,3.9,10.6,18:10,74,96,,50,16:10,2025-05-06 18:54:31.259426,2025-05-06 18:54:31.259426
209204,133,2011-05-01,16.1,0,12.2,02:10,20,12:13,30,3.9,11.4,16:40,67,94,00:40,53,11:40,2025-05-06 18:54:31.366441,2025-05-06 18:54:31.366441
209220,133,2011-05-02,15.8,0,13.1,04:53,18.4,10:44,31,2.2,7.2,11:00,78,90,22:40,70,01:30,2025-05-06 18:54:31.489394,2025-05-06 18:54:31.489394
209237,133,2011-05-03,16.6,0,12.7,04:14,20.6,13:09,6,2.5,6.4,12:20,72,89,,56,11:20,2025-05-06 18:54:31.588112,2025-05-06 18:54:31.588112
209255,133,2011-05-04,16.4,0,14,05:40,18.9,,33,1.9,5.8,16:10,75,91,06:20,60,16:30,2025-05-06 18:54:31.709683,2025-05-06 18:54:31.709683
209272,133,2011-05-05,17.1,0,13.2,05:43,21,13:14,31,2.5,7.5,13:40,71,86,,54,14:00,2025-05-06 18:54:31.808828,2025-05-06 18:54:31.808828
209289,133,2011-05-06,17.4,0.2,14.9,04:38,20,13:25,29,4.2,12.5,15:30,71,86,22:00,58,14:40,2025-05-06 18:54:31.936562,2025-05-06 18:54:31.936562
209307,133,2011-05-07,18.2,0,15.6,04:08,20.9,14:47,29,3.9,8.3,02:00,77,94,03:00,62,14:30,2025-05-06 18:54:32.073800,2025-05-06 18:54:32.073800
209325,133,2011-05-08,17.6,0,15.4,05:18,19.7,13:41,31,2.8,6.7,11:00,72,84,,64,13:30,2025-05-06 18:54:32.196839,2025-05-06 18:54:32.196839
209343,133,2011-05-09,18,0,16.3,02:51,19.8,16:03,31,3.6,8.9,20:30,76,85,01:10,66,14:50,2025-05-06 18:54:32.345244,2025-05-06 18:54:32.345244
209361,133,2011-05-10,18.4,0,16.6,06:22,20.2,14:07,29,4.7,10.8,19:10,81,91,23:59,74,14:00,2025-05-06 18:54:32.481521,2025-05-06 18:54:32.481521
209379,133,2011-05-11,18,0,16.8,05:58,19.2,15:47,28,6.1,12.5,08:50,90,94,07:00,82,15:50,2025-05-06 18:54:32.599088,2025-05-06 18:54:32.599088
209397,133,2011-05-12,20,0,17,03:15,23,15:51,29,3.6,10.6,02:00,86,96,,71,16:10,2025-05-06 18:54:32.725821,2025-05-06 18:54:32.725821
209415,133,2011-05-13,19.5,0,17.6,06:49,21.4,13:36,29,1.7,5,17:50,85,95,,79,13:20,2025-05-06 18:54:32.848638,2025-05-06 18:54:32.848638
209433,133,2011-05-14,19.5,0,16.4,06:18,22.6,16:09,32,2.5,6.4,17:40,75,90,,63,11:50,2025-05-06 18:54:32.950638,2025-05-06 18:54:32.950638
209451,133,2011-05-15,19.8,0,16.3,03:29,23.3,13:15,12,1.9,6.7,12:00,75,87,20:00,60,10:30,2025-05-06 18:54:33.081373,2025-05-06 18:54:33.081373
209468,133,2011-05-16,19.4,0.6,16.5,03:27,22.2,15:35,30,1.7,5.8,20:00,78,90,02:40,68,,2025-05-06 18:54:33.217706,2025-05-06 18:54:33.217706
209485,133,2011-05-17,19.8,0,16.6,06:49,22.9,14:46,33,2.8,7.8,23:30,77,92,,63,16:00,2025-05-06 18:54:33.340978,2025-05-06 18:54:33.340978
209502,133,2011-05-18,19.6,0.2,17.3,04:39,21.8,12:42,27,5.6,11.1,10:40,77,93,23:10,56,10:30,2025-05-06 18:54:33.467023,2025-05-06 18:54:33.467023
209519,133,2011-05-19,19,0.2,17,22:50,20.9,14:11,28,6.4,12.8,12:30,77,91,00:00,63,14:10,2025-05-06 18:54:33.582801,2025-05-06 18:54:33.582801
209535,133,2011-05-20,18.2,0.2,16.4,07:28,20,14:47,31,5.3,11.1,00:10,80,93,,66,14:50,2025-05-06 18:54:33.689409,2025-05-06 18:54:33.689409
209552,133,2011-05-21,19.3,0,17.5,,21.1,12:47,99,4.2,9.2,,87,95,06:50,77,14:50,2025-05-06 18:54:33.819882,2025-05-06 18:54:33.819882
209569,133,2011-05-22,19,0,17.3,02:53,20.6,10:35,0,,,,84,94,02:30,75,10:40,2025-05-06 18:54:33.951840,2025-05-06 18:54:33.951840
209586,133,2011-05-23,19.2,0,17.4,03:13,21,11:40,31,5.3,9.2,,87,94,23:59,76,11:50,2025-05-06 18:54:34.057143,2025-05-06 18:54:34.057143
209602,133,2011-05-24,20,0,17.9,02:47,22,16:48,28,1.1,5.6,00:20,88,94,,77,17:10,2025-05-06 18:54:34.160975,2025-05-06 18:54:34.160975
209618,133,2011-05-25,19.6,0,18,23:52,21.3,16:33,12,2.2,5.8,02:30,84,95,04:20,73,16:20,2025-05-06 18:54:34.273608,2025-05-06 18:54:34.273608
209636,133,2011-05-26,19,0,15.4,06:14,22.7,16:48,31,1.9,8.1,16:10,80,90,14:00,70,,2025-05-06 18:54:34.397320,2025-05-06 18:54:34.397320
209654,133,2011-05-27,19.1,1,15.7,05:35,22.5,11:46,10,1.7,6.7,11:40,77,91,,72,16:30,2025-05-06 18:54:34.512465,2025-05-06 18:54:34.512465
209672,133,2011-05-28,19.2,0,16.8,02:57,21.7,11:16,33,3.1,8.6,11:30,85,95,,67,11:20,2025-05-06 18:54:34.631066,2025-05-06 18:54:34.631066
209690,133,2011-05-29,19.8,0,16.8,06:13,22.9,12:58,30,3.3,7.8,04:40,76,93,01:50,66,16:10,2025-05-06 18:54:34.748946,2025-05-06 18:54:34.748946
209708,133,2011-05-30,18.8,0,17.2,01:10,20.5,14:14,31,2.8,7.8,14:50,84,90,,76,23:20,2025-05-06 18:54:34.894713,2025-05-06 18:54:34.894713
209726,133,2011-05-31,19.4,0,16.9,04:35,21.8,13:19,33,2.2,7.8,13:10,70,89,23:59,60,13:00,2025-05-06 18:54:35.048679,2025-05-06 18:54:35.048679
209744,133,2011-06-01,20,0,18,,22.1,15:59,30,2.5,8.6,19:20,78,89,00:00,64,11:00,2025-05-06 18:54:35.201565,2025-05-06 18:54:35.201565
209762,133,2011-06-02,19.5,0,17.2,06:48,21.8,14:30,31,4.7,9.7,16:30,75,82,,66,14:10,2025-05-06 18:54:35.358073,2025-05-06 18:54:35.358073
209780,133,2011-06-03,18.9,0,17.2,05:48,20.6,15:05,27,6.4,12.8,09:10,74,83,01:30,66,15:10,2025-05-06 18:54:35.514392,2025-05-06 18:54:35.514392
209798,133,2011-06-04,19.2,0,17.2,23:26,21.1,14:55,30,6.1,13.6,11:40,77,85,,64,14:50,2025-05-06 18:54:35.670706,2025-05-06 18:54:35.670706
209816,133,2011-06-05,19.5,0,16.7,04:31,22.3,14:26,31,5.6,11.1,13:10,71,87,04:20,56,14:30,2025-05-06 18:54:35.807218,2025-05-06 18:54:35.807218
209834,133,2011-06-06,19.4,0.2,15.9,06:22,22.8,13:54,27,4.2,10.8,15:20,72,89,22:20,54,13:40,2025-05-06 18:54:35.935163,2025-05-06 18:54:35.935163
209852,133,2011-06-07,19.7,0,17.4,23:28,22,13:11,30,4.2,9.2,00:20,73,88,00:00,58,13:30,2025-05-06 18:54:36.058159,2025-05-06 18:54:36.058159
209870,133,2011-06-08,19,0,16.9,05:29,21.2,16:18,31,3.3,8.3,12:50,73,87,21:40,63,16:40,2025-05-06 18:54:36.178283,2025-05-06 18:54:36.178283
209888,133,2011-06-09,19.2,0,17.3,04:17,21.2,13:03,30,4.2,9.4,14:20,73,84,06:40,64,16:10,2025-05-06 18:54:36.336305,2025-05-06 18:54:36.336305
209906,133,2011-06-10,18.8,0,17.1,,20.6,16:50,31,4.4,8.9,22:00,74,93,22:40,70,10:10,2025-05-06 18:54:36.512366,2025-05-06 18:54:36.512366
209924,133,2011-06-11,19.5,0,17.1,05:27,21.9,15:27,31,4.7,11.7,13:50,71,88,23:50,58,,2025-05-06 18:54:36.673308,2025-05-06 18:54:36.673308
209942,133,2011-06-12,19.8,0,17.7,,22,14:31,32,5.3,10.3,13:50,82,91,04:50,73,10:00,2025-05-06 18:54:36.824851,2025-05-06 18:54:36.824851
209960,133,2011-06-13,20.1,0,17.6,05:49,22.6,13:34,32,5,9.4,10:20,79,89,,72,13:30,2025-05-06 18:54:36.987313,2025-05-06 18:54:36.987313
209978,133,2011-06-14,20.8,0,18.1,04:20,23.4,13:28,31,4.4,8.3,15:50,84,94,,74,13:30,2025-05-06 18:54:37.146768,2025-05-06 18:54:37.146768
209996,133,2011-06-15,21.4,0,17.9,03:24,24.8,15:29,31,3.6,8.9,09:50,79,95,,65,15:00,2025-05-06 18:54:37.288329,2025-05-06 18:54:37.288329
210014,133,2011-06-16,21,0,17.9,,24.1,12:39,29,5,10.8,21:50,80,92,00:00,68,12:30,2025-05-06 18:54:37.443753,2025-05-06 18:54:37.443753
210032,133,2011-06-17,20.1,0,18.4,04:30,21.8,,29,6.4,12.5,13:50,83,91,00:00,76,12:30,2025-05-06 18:54:37.591677,2025-05-06 18:54:37.591677
210049,133,2011-06-18,20.2,0,18.2,,22.3,13:55,30,3.6,8.9,00:40,86,95,23:59,76,13:40,2025-05-06 18:54:37.742037,2025-05-06 18:54:37.742037
210067,133,2011-06-19,21.9,0,19,03:45,24.8,14:05,27,4.2,8.3,08:10,85,97,,73,14:30,2025-05-06 18:54:37.901439,2025-05-06 18:54:37.901439
210084,133,2011-06-20,23,0,18.9,06:23,27,13:45,28,3.9,7.8,00:10,75,98,,54,22:40,2025-05-06 18:54:38.029142,2025-05-06 18:54:38.029142
210101,133,2011-06-21,26.4,0,20.8,03:38,31.9,13:47,31,2.5,6.4,15:40,53,91,,33,07:40,2025-05-06 18:54:38.160033,2025-05-06 18:54:38.160033
210117,133,2011-06-22,26.8,0,20.8,00:37,32.8,15:43,30,1.4,6.1,13:30,46,91,00:00,27,18:10,2025-05-06 18:54:38.288599,2025-05-06 18:54:38.288599
210132,133,2011-06-23,24.2,0,20.2,06:19,28.1,11:13,0,2.2,,,72,93,03:40,50,09:00,2025-05-06 18:54:38.411896,2025-05-06 18:54:38.411896
210148,133,2011-06-24,23.6,0,18.8,23:56,28.3,10:45,30,3.3,9.4,22:20,56,88,,38,10:30,2025-05-06 18:54:38.532684,2025-05-06 18:54:38.532684
210165,133,2011-06-25,21.4,0,17.5,05:12,25.4,15:22,29,5,9.7,18:30,78,92,,64,15:20,2025-05-06 18:54:38.653868,2025-05-06 18:54:38.653868
210180,133,2011-06-26,21.2,0,18.1,06:00,24.2,15:29,28,6.1,11.1,06:50,78,92,00:00,67,15:30,2025-05-06 18:54:38.769469,2025-05-06 18:54:38.769469
210195,133,2011-06-27,20.6,0,18.4,06:39,22.8,11:51,29,5,10.6,19:10,82,88,,75,12:40,2025-05-06 18:54:38.893013,2025-05-06 18:54:38.893013
210210,133,2011-06-28,20.7,0,18.7,04:49,22.7,12:33,31,5.6,11.4,13:50,84,91,05:40,76,12:40,2025-05-06 18:54:39.029099,2025-05-06 18:54:39.029099
210226,133,2011-06-29,20.8,0,19.5,,22,12:30,30,5.6,11.4,13:50,88,96,23:59,82,12:30,2025-05-06 18:54:39.162884,2025-05-06 18:54:39.162884
210242,133,2011-06-30,20.7,0,19.2,,22.2,11:29,27,5.3,11.1,22:40,87,97,,79,11:30,2025-05-06 18:54:39.300543,2025-05-06 18:54:39.300543
210258,133,2011-07-01,21.8,0,19.2,06:22,24.5,14:25,29,5,11.4,17:30,84,93,05:30,75,13:00,2025-05-06 18:54:39.436158,2025-05-06 18:54:39.436158
210274,133,2011-07-02,21.6,0,19.4,,23.8,12:38,0,5.8,,,85,93,,76,12:30,2025-05-06 18:54:39.561379,2025-05-06 18:54:39.561379
210290,133,2011-07-03,20.2,0,18.7,05:41,21.8,13:40,29,4.2,10.3,01:50,80,90,01:30,73,14:00,2025-05-06 18:54:39.691362,2025-05-06 18:54:39.691362
210306,133,2011-07-04,20.2,0,18.5,04:14,21.8,14:41,99,6.1,11.1,,73,85,06:50,66,13:10,2025-05-06 18:54:39.807645,2025-05-06 18:54:39.807645
210322,133,2011-07-05,20.4,0,18.9,02:36,21.8,14:01,32,5.6,10.6,10:00,78,91,,68,10:20,2025-05-06 18:54:39.966586,2025-05-06 18:54:39.966586
210338,133,2011-07-06,21.6,0,19.2,01:50,23.9,13:19,30,3.3,8.3,16:40,83,94,,72,13:10,2025-05-06 18:54:40.108696,2025-05-06 18:54:40.108696
210354,133,2011-07-07,21.2,0,19.3,22:44,23.1,13:26,33,3.9,8.1,12:20,83,92,00:20,75,13:10,2025-05-06 18:54:40.254979,2025-05-06 18:54:40.254979
210370,133,2011-07-08,20.6,0,18.8,03:35,22.4,13:03,30,4.4,9.2,15:50,79,87,00:20,68,15:40,2025-05-06 18:54:40.395994,2025-05-06 18:54:40.395994
210385,133,2011-07-09,20.6,0,18.7,05:33,22.6,14:32,32,4.7,10.3,18:50,82,91,21:20,70,16:40,2025-05-06 18:54:40.508854,2025-05-06 18:54:40.508854
210401,133,2011-07-10,20.6,0,19,02:33,22.3,12:32,30,5,10.6,17:10,83,92,20:40,75,13:20,2025-05-06 18:54:40.621949,2025-05-06 18:54:40.621949
210417,133,2011-07-11,21,0,18.7,03:41,23.2,14:34,30,5.6,10.6,21:30,80,92,03:10,65,15:10,2025-05-06 18:54:40.742806,2025-05-06 18:54:40.742806
210432,133,2011-07-12,21.4,0,18.7,03:14,24.2,15:13,30,4.7,9.7,01:40,76,90,,68,,2025-05-06 18:54:40.874920,2025-05-06 18:54:40.874920
210448,133,2011-07-13,20.8,0,19.3,05:41,22.4,13:06,28,3.1,8.6,16:40,81,91,04:40,74,15:20,2025-05-06 18:54:40.958273,2025-05-06 18:54:40.958273
210463,133,2011-07-14,20.8,0,18.3,05:47,23.3,14:24,31,5.3,10.3,13:20,79,90,03:20,68,14:50,2025-05-06 18:54:41.066586,2025-05-06 18:54:41.066586
210479,133,2011-07-15,21.2,0,18.9,05:07,23.5,13:59,99,4.7,8.9,,81,88,,72,14:40,2025-05-06 18:54:41.174761,2025-05-06 18:54:41.174761
210495,133,2011-07-16,20.9,0,18.6,04:25,23.2,14:37,32,5,9.2,09:30,80,92,22:30,73,14:40,2025-05-06 18:54:41.281357,2025-05-06 18:54:41.281357
210511,133,2011-07-17,20.5,4,18.6,,22.4,13:05,30,4.7,9.2,16:20,89,98,,80,10:50,2025-05-06 18:54:41.383229,2025-05-06 18:54:41.383229
210527,133,2011-07-18,20,0.8,18.2,05:07,21.9,14:59,32,4.2,10,16:00,87,99,,74,14:30,2025-05-06 18:54:41.488472,2025-05-06 18:54:41.488472
210543,133,2011-07-19,20.2,4.6,18.3,05:58,22,13:25,31,4.7,10.8,13:30,87,95,,75,01:10,2025-05-06 18:54:41.620592,2025-05-06 18:54:41.620592
210558,133,2011-07-20,19.8,2.6,18.1,08:58,21.5,14:12,30,6.4,11.9,15:40,86,99,,69,16:20,2025-05-06 18:54:41.764138,2025-05-06 18:54:41.764138
210573,133,2011-07-21,20.4,0,18.4,04:22,22.5,11:25,31,4.4,10.6,16:20,78,91,21:50,70,11:00,2025-05-06 18:54:41.899062,2025-05-06 18:54:41.899062
210588,133,2011-07-22,21,0,18.6,06:57,23.3,14:20,0,4.2,,,80,,,,,2025-05-06 18:54:42.033121,2025-05-06 18:54:42.033121
210603,133,2011-07-23,21,0,19,22:58,23.1,15:58,32,3.3,8.9,16:20,73,85,23:10,60,12:00,2025-05-06 18:54:42.176409,2025-05-06 18:54:42.176409
210618,133,2011-07-24,21.2,0.4,18.8,23:41,23.5,13:46,32,3.3,8.9,18:50,74,91,10:30,58,14:20,2025-05-06 18:54:42.289712,2025-05-06 18:54:42.289712
210633,133,2011-07-25,20.8,0,18.4,04:11,23.3,15:14,26,5.6,10.8,09:50,69,85,23:59,58,14:30,2025-05-06 18:54:42.379877,2025-05-06 18:54:42.379877
210647,133,2011-07-26,21.4,0,18.7,06:19,24.1,16:06,32,5,10,15:50,74,86,00:40,62,13:50,2025-05-06 18:54:42.447226,2025-05-06 18:54:42.447226
210662,133,2011-07-27,21.4,0,19.4,04:08,23.5,12:33,32,4.2,9.2,12:00,77,89,02:00,69,13:00,2025-05-06 18:54:42.519902,2025-05-06 18:54:42.519902
210678,133,2011-07-28,21.2,0,19.2,05:07,23.2,14:23,28,3.3,8.9,19:50,81,89,23:40,72,15:00,2025-05-06 18:54:42.585739,2025-05-06 18:54:42.585739
210694,133,2011-07-29,21.6,0,19.1,04:09,24,13:25,30,5,11.4,18:00,85,92,,76,12:00,2025-05-06 18:54:42.657758,2025-05-06 18:54:42.657758
210709,133,2011-07-30,23.7,0,19.1,03:02,28.3,16:42,28,4.4,9.7,06:20,62,94,,35,16:50,2025-05-06 18:54:42.737260,2025-05-06 18:54:42.737260
210724,133,2011-07-31,21.4,0,19.4,,23.3,14:11,29,6.7,13.9,16:20,81,94,,71,15:00,2025-05-06 18:54:42.814159,2025-05-06 18:54:42.814159
210740,133,2011-08-01,21.4,3.6,18.7,06:52,24.1,13:33,99,5,10,05:50,77,91,23:59,66,13:30,2025-05-06 18:54:42.933740,2025-05-06 18:54:42.933740
210756,133,2011-08-02,20.8,0,18.4,05:40,23.2,14:15,31,3.6,9.7,15:50,82,98,,67,14:10,2025-05-06 18:54:43.009800,2025-05-06 18:54:43.009800
210772,133,2011-08-03,21.2,0,19.2,05:01,23.2,13:34,31,3.6,9.4,13:30,78,93,04:20,69,13:50,2025-05-06 18:54:43.140390,2025-05-06 18:54:43.140390
210788,133,2011-08-04,21.4,0.2,19.3,06:30,23.6,13:31,30,5,10.3,17:20,79,91,03:30,71,12:50,2025-05-06 18:54:43.227822,2025-05-06 18:54:43.227822
210804,133,2011-08-05,20.5,0,18.9,03:15,22.1,12:59,30,4.4,11.1,17:30,84,94,03:10,75,13:10,2025-05-06 18:54:43.317696,2025-05-06 18:54:43.317696
210820,133,2011-08-06,21,0.8,19.1,04:16,23,15:01,30,5.8,12.2,12:10,85,95,23:50,76,,2025-05-06 18:54:43.398285,2025-05-06 18:54:43.398285
210836,133,2011-08-07,22,3,19.3,,24.6,14:08,32,5,10.8,09:30,79,96,,66,15:00,2025-05-06 18:54:43.476754,2025-05-06 18:54:43.476754
210853,133,2011-08-08,20.8,0.2,19.3,05:54,22.4,14:41,31,4.2,10,16:00,89,99,07:50,81,16:20,2025-05-06 18:54:43.564699,2025-05-06 18:54:43.564699
210868,133,2011-08-09,22.2,0,19.2,06:49,25.3,14:35,32,4.7,10.3,17:50,83,94,07:00,71,12:50,2025-05-06 18:54:43.638288,2025-05-06 18:54:43.638288
210883,133,2011-08-10,21.6,0,19,02:45,24.3,14:15,29,4.7,11.4,21:50,82,95,02:20,72,14:00,2025-05-06 18:54:43.706331,2025-05-06 18:54:43.706331
210898,133,2011-08-11,21.8,0,19.3,05:37,24.2,14:25,31,4.4,9.4,18:10,81,94,,71,14:30,2025-05-06 18:54:43.780706,2025-05-06 18:54:43.780706
210913,133,2011-08-12,21.1,0,19,06:41,23.2,13:45,30,5.3,11.4,19:50,78,90,,70,13:50,2025-05-06 18:54:43.855020,2025-05-06 18:54:43.855020
210927,133,2011-08-13,21.2,0,19.3,05:34,23,15:20,30,4.2,9.7,16:50,80,88,,72,14:00,2025-05-06 18:54:43.918832,2025-05-06 18:54:43.918832
210942,133,2011-08-14,21.6,0,19.2,02:14,24,13:55,33,4.2,10.6,13:50,82,92,23:50,72,13:30,2025-05-06 18:54:43.988580,2025-05-06 18:54:43.988580
210957,133,2011-08-15,22.2,0,19.1,06:08,25.4,14:14,28,3.9,7.5,01:40,86,94,,74,14:10,2025-05-06 18:54:44.055849,2025-05-06 18:54:44.055849
210972,133,2011-08-16,22.4,0,19.6,05:30,25.3,14:01,31,4.2,8.3,15:40,85,97,07:50,75,14:10,2025-05-06 18:54:44.135516,2025-05-06 18:54:44.135516
210986,133,2011-08-17,22,0,19,04:19,25.1,12:55,29,3.6,7.5,23:40,81,93,,70,13:10,2025-05-06 18:54:44.206389,2025-05-06 18:54:44.206389
211000,133,2011-08-18,21.2,5.4,19.2,07:42,23.2,13:45,31,5.3,9.7,14:30,80,91,00:00,70,14:20,2025-05-06 18:54:44.279068,2025-05-06 18:54:44.279068
211014,133,2011-08-19,21.5,0.6,18.9,06:09,24.1,14:34,32,4.2,8.1,15:30,85,98,,72,12:20,2025-05-06 18:54:44.359112,2025-05-06 18:54:44.359112
211028,133,2011-08-20,21.6,0,18.6,06:40,24.7,14:34,31,3.6,8.3,16:10,77,91,,63,15:10,2025-05-06 18:54:44.442256,2025-05-06 18:54:44.442256
211043,133,2011-08-21,21.8,0,19,05:24,24.6,15:09,27,3.3,8.1,16:40,79,91,,65,15:40,2025-05-06 18:54:44.525442,2025-05-06 18:54:44.525442
211058,133,2011-08-22,22,0.4,19.4,,24.5,13:30,99,4.2,8.6,,79,94,,68,13:40,2025-05-06 18:54:44.608085,2025-05-06 18:54:44.608085
211072,133,2011-08-23,21.9,0.4,19.9,05:13,23.9,14:42,30,3.3,8.1,09:40,84,94,,74,14:30,2025-05-06 18:54:44.681349,2025-05-06 18:54:44.681349
211086,133,2011-08-24,21.6,0,19.2,02:31,24.1,14:30,30,4.2,8.6,15:30,79,94,02:10,67,13:30,2025-05-06 18:54:44.750619,2025-05-06 18:54:44.750619
211100,133,2011-08-25,22,0,19.3,04:36,24.6,14:35,32,3.6,9.7,14:10,81,92,,69,13:20,2025-05-06 18:54:44.813527,2025-05-06 18:54:44.813527
211116,133,2011-08-26,22.6,,20,00:56,25.2,13:49,0,2.8,,,83,,,,,2025-05-06 18:54:44.887378,2025-05-06 18:54:44.887378
211132,133,2011-08-27,21.8,0,19.3,05:54,24.3,,31,2.8,6.7,03:30,82,92,,70,15:20,2025-05-06 18:54:44.974167,2025-05-06 18:54:44.974167
211148,133,2011-08-28,22.2,0,19.8,,24.7,13:27,0,3.1,,,77,91,,67,13:30,2025-05-06 18:55:47.497511,2025-05-06 18:55:47.497511
211163,133,2011-08-29,21.4,0,19.3,23:46,23.4,13:19,31,3.9,8.3,11:20,77,86,,69,13:10,2025-05-06 18:55:47.599961,2025-05-06 18:55:47.599961
211179,133,2011-08-30,21.6,0,19.1,,24.2,13:23,28,5,10,17:20,76,87,20:20,65,14:00,2025-05-06 18:55:47.693396,2025-05-06 18:55:47.693396
211195,133,2011-08-31,22.6,0,19.7,,25.6,16:04,32,3.6,9.4,15:20,74,90,03:20,66,,2025-05-06 18:55:47.778576,2025-05-06 18:55:47.778576
211211,133,2011-09-01,21.4,0,18.5,03:15,24.4,15:16,3,1.1,4.7,11:30,79,90,01:30,66,10:50,2025-05-06 18:55:47.865773,2025-05-06 18:55:47.865773
211227,133,2011-09-02,22.3,0,18.4,03:48,26.2,12:38,0,4.2,,,76,89,,61,10:50,2025-05-06 18:55:47.970915,2025-05-06 18:55:47.970915
211242,133,2011-09-03,22.1,0,18.8,07:07,25.4,14:13,30,3.6,8.1,13:30,77,91,06:40,63,12:40,2025-05-06 18:55:48.049183,2025-05-06 18:55:48.049183
211257,133,2011-09-04,21.7,1.6,19.5,02:24,23.9,12:31,99,4.2,9.4,,80,94,08:00,70,14:10,2025-05-06 18:55:48.118712,2025-05-06 18:55:48.118712
211272,133,2011-09-05,22.4,0,20.1,03:01,24.7,12:11,30,4.4,10,21:50,77,92,01:50,66,12:50,2025-05-06 18:55:48.184051,2025-05-06 18:55:48.184051
211286,133,2011-09-06,22,0,19.5,,24.6,15:05,32,5.6,11.1,11:40,83,90,,70,15:30,2025-05-06 18:55:48.243626,2025-05-06 18:55:48.243626
211301,133,2011-09-07,22.8,0,19.8,06:33,25.9,13:45,29,4.4,9.7,20:30,82,96,23:59,72,13:50,2025-05-06 18:55:48.310590,2025-05-06 18:55:48.310590
211316,133,2011-09-08,22.9,0,18.2,03:45,27.6,12:03,29,4.2,9.4,22:30,79,98,,47,21:50,2025-05-06 18:55:48.389737,2025-05-06 18:55:48.389737
211331,133,2011-09-09,22.7,0,20.1,23:45,25.3,14:57,29,5.3,10.6,05:30,87,95,07:00,74,14:50,2025-05-06 18:55:48.468224,2025-05-06 18:55:48.468224
211346,133,2011-09-10,22.5,0,20,01:48,25,14:43,32,3.9,9.2,04:30,78,93,00:00,70,15:00,2025-05-06 18:55:48.548712,2025-05-06 18:55:48.548712
211361,133,2011-09-11,23.2,0,20.7,00:01,25.8,16:15,30,2.2,6.9,16:20,81,92,03:40,69,16:20,2025-05-06 18:55:48.628593,2025-05-06 18:55:48.628593
211376,133,2011-09-12,22.4,0,19.6,02:39,25.3,13:08,36,3.3,7.5,11:20,80,93,06:30,66,,2025-05-06 18:55:48.702617,2025-05-06 18:55:48.702617
211391,133,2011-09-13,22.2,0,20,04:59,24.5,12:52,26,3.3,8.9,14:40,79,92,,63,12:50,2025-05-06 18:55:48.775634,2025-05-06 18:55:48.775634
211406,133,2011-09-14,22.4,0,19.6,02:43,25.1,14:38,30,3.6,7.8,13:00,71,89,08:20,58,13:20,2025-05-06 18:55:48.851433,2025-05-06 18:55:48.851433
211421,133,2011-09-15,22.6,0,19.6,03:38,25.7,12:51,29,2.8,7.2,15:50,72,87,,54,16:00,2025-05-06 18:55:48.920537,2025-05-06 18:55:48.920537
211436,133,2011-09-16,21.4,0,18.4,,24.3,15:49,31,2.8,6.9,15:50,75,88,00:50,64,16:30,2025-05-06 18:55:48.986382,2025-05-06 18:55:48.986382
211451,133,2011-09-17,22.1,0,19.1,06:03,25.1,13:05,0,3.3,,,76,,,,,2025-05-06 18:55:49.055518,2025-05-06 18:55:49.055518
211466,133,2011-09-18,21.8,0,19.6,05:13,23.9,11:07,35,4.2,10,13:00,80,88,,69,10:30,2025-05-06 18:55:49.123735,2025-05-06 18:55:49.123735
211481,133,2011-09-19,21.8,0,20.1,,23.6,13:56,33,3.3,8.6,12:20,73,86,20:10,59,14:00,2025-05-06 18:55:49.189244,2025-05-06 18:55:49.189244
211496,133,2011-09-20,21.8,0,19.7,06:57,23.8,14:44,30,3.3,8.3,13:40,69,82,21:30,60,14:50,2025-05-06 18:55:49.255777,2025-05-06 18:55:49.255777
211511,133,2011-09-21,21.7,0,19.3,05:40,24.1,12:49,5,2.2,6.1,13:40,77,88,23:30,68,11:40,2025-05-06 18:55:49.316501,2025-05-06 18:55:49.316501
211526,133,2011-09-22,21.6,0,20.1,04:48,23.1,11:14,31,3.9,11.1,14:30,83,90,,76,17:20,2025-05-06 18:55:49.382423,2025-05-06 18:55:49.382423
211541,133,2011-09-23,21,0,19.6,05:54,22.4,14:28,30,2.5,6.7,02:10,88,94,09:00,78,01:30,2025-05-06 18:55:49.451496,2025-05-06 18:55:49.451496
211556,133,2011-09-24,20.9,0,18.6,07:07,23.2,13:47,31,2.2,6.7,16:10,76,90,09:50,61,15:50,2025-05-06 18:55:49.530311,2025-05-06 18:55:49.530311
211571,133,2011-09-25,21.2,,17.9,04:03,24.5,15:18,32,1.7,6.1,16:20,74,87,23:30,51,13:20,2025-05-06 18:55:49.609344,2025-05-06 18:55:49.609344
211586,133,2011-09-26,21,0,18.4,,23.7,13:49,0,1.9,,,79,,,,,2025-05-06 18:55:49.690905,2025-05-06 18:55:49.690905
211601,133,2011-09-27,21.6,0,18.8,,24.3,16:23,4,1.9,6.7,13:10,78,92,,66,16:20,2025-05-06 18:55:49.774428,2025-05-06 18:55:49.774428
211615,133,2011-09-28,22.9,0,18.5,00:38,27.3,13:51,28,4.2,9.2,08:50,72,90,,37,14:00,2025-05-06 18:55:49.843852,2025-05-06 18:55:49.843852
211629,133,2011-09-29,23.2,0,19.3,06:22,27,13:21,32,3.3,9.2,14:30,71,91,02:30,49,13:10,2025-05-06 18:55:49.900469,2025-05-06 18:55:49.900469
211643,133,2011-09-30,22.9,0,19.3,05:35,26.5,12:28,0,2.5,,,76,,,,,2025-05-06 18:55:49.957597,2025-05-06 18:55:49.957597
211657,133,2011-10-01,22.5,0,19.2,07:02,25.8,14:41,8,1.4,5.6,14:00,78,91,23:10,63,09:00,2025-05-06 18:55:50.017139,2025-05-06 18:55:50.017139
211671,133,2011-10-02,22.4,0,19,07:17,25.7,12:01,0,2.2,,,82,,,,,2025-05-06 18:55:50.076673,2025-05-06 18:55:50.076673
211685,133,2011-10-03,25.4,0,21.8,04:45,29,13:42,0,3.3,,,64,,,,,2025-05-06 18:55:50.137025,2025-05-06 18:55:50.137025
211700,133,2011-10-04,25.8,0,22.8,23:59,28.8,13:08,28,1.7,6.4,20:50,57,72,23:20,48,09:20,2025-05-06 18:55:50.205752,2025-05-06 18:55:50.205752
211716,133,2011-10-05,24.4,0,21.4,,27.4,,29,2.5,6.4,07:00,69,92,,42,16:40,2025-05-06 18:55:50.277093,2025-05-06 18:55:50.277093
211732,133,2011-10-06,24,0,20.4,,27.6,11:11,30,3.6,9.2,,65,88,23:40,38,11:20,2025-05-06 18:55:50.354963,2025-05-06 18:55:50.354963
211748,133,2011-10-07,23.1,0,20.2,,26,13:08,99,2.8,7.2,00:10,80,90,,62,14:40,2025-05-06 18:55:50.429207,2025-05-06 18:55:50.429207
211764,133,2011-10-08,21.7,0,19.6,03:39,23.8,14:11,30,3.1,6.9,17:10,79,89,02:40,67,14:10,2025-05-06 18:55:50.508986,2025-05-06 18:55:50.508986
211780,133,2011-10-09,20.5,0,17,06:40,24,14:28,6,1.9,6.4,12:30,78,92,23:30,68,13:20,2025-05-06 18:55:50.581174,2025-05-06 18:55:50.581174
211796,133,2011-10-10,24.2,0,18.3,,30,12:46,99,2.5,6.7,,49,95,03:30,27,11:10,2025-05-06 18:55:50.664161,2025-05-06 18:55:50.664161
211812,133,2011-10-11,26,0,21.6,20:53,30.5,12:44,11,2.2,7.5,11:40,40,71,20:40,25,11:40,2025-05-06 18:55:50.742554,2025-05-06 18:55:50.742554
211828,133,2011-10-12,23.5,0,19.1,23:06,27.9,14:07,19,1.1,5.3,03:50,46,89,23:30,29,04:50,2025-05-06 18:55:50.816816,2025-05-06 18:55:50.816816
211844,133,2011-10-13,21.4,,19,01:59,23.9,13:35,32,3.1,6.9,13:50,76,89,,65,12:10,2025-05-06 18:55:50.888018,2025-05-06 18:55:50.888018
211858,133,2011-10-14,21.6,0,19,,24.1,13:49,0,3.3,,,80,,,,,2025-05-06 18:55:50.950571,2025-05-06 18:55:50.950571
211874,133,2011-10-15,20.9,0,17.9,03:38,23.9,12:36,3,1.7,5.6,13:10,81,89,04:40,72,,2025-05-06 18:55:51.018499,2025-05-06 18:55:51.018499
211890,133,2011-10-16,21.3,0,18.1,02:12,24.5,12:59,5,1.4,5,15:10,83,93,07:30,72,13:00,2025-05-06 18:55:51.103528,2025-05-06 18:55:51.103528
211904,133,2011-10-17,20.6,0,18,06:04,23.1,12:52,4,1.7,6.1,12:40,85,92,22:40,74,06:10,2025-05-06 18:55:51.172076,2025-05-06 18:55:51.172076
211920,133,2011-10-18,21.3,0,18.7,,23.9,14:37,99,2.2,7.2,18:40,84,92,,72,11:40,2025-05-06 18:55:51.248044,2025-05-06 18:55:51.248044
211935,133,2011-10-19,21.2,0,19.4,23:58,22.9,12:13,0,2.2,,,87,,,,,2025-05-06 18:55:51.316452,2025-05-06 18:55:51.316452
211950,133,2011-10-20,20.9,0,18.8,23:09,23,10:54,24,2.5,7.5,02:30,84,94,02:30,73,11:10,2025-05-06 18:55:51.396340,2025-05-06 18:55:51.396340
211965,133,2011-10-21,20.2,0,17.6,23:57,22.7,12:21,4,1.9,5.8,13:30,76,90,,64,12:30,2025-05-06 18:55:51.476349,2025-05-06 18:55:51.476349
211980,133,2011-10-22,19.8,0,16.6,06:57,22.9,12:24,5,1.7,5.8,12:40,76,85,,62,12:00,2025-05-06 18:55:51.538374,2025-05-06 18:55:51.538374
211994,133,2011-10-23,19.4,0,16,,22.8,11:01,7,1.7,5.3,12:30,72,86,21:40,58,11:20,2025-05-06 18:55:51.602541,2025-05-06 18:55:51.602541
212009,133,2011-10-24,20.4,0,15.8,04:56,24.9,12:39,30,1.9,6.7,20:10,65,87,,52,15:30,2025-05-06 18:55:51.673963,2025-05-06 18:55:51.673963
212024,133,2011-10-25,20.4,0,17.8,22:51,23,12:22,99,3.1,7.5,,74,88,,65,17:10,2025-05-06 18:55:51.739582,2025-05-06 18:55:51.739582
212040,133,2011-10-26,19.6,,16.6,,22.6,12:16,18,1.4,4.7,,79,86,22:00,73,09:40,2025-05-06 18:55:51.812711,2025-05-06 18:55:51.812711
212055,133,2011-10-27,20.7,,17.2,02:28,24.2,12:30,30,3.3,9.4,13:10,80,96,16:30,68,11:50,2025-05-06 18:55:51.893367,2025-05-06 18:55:51.893367
212069,133,2011-10-28,19.5,0,17.2,03:00,21.8,14:16,29,2.8,8.1,16:10,67,90,00:00,57,14:10,2025-05-06 18:55:51.964181,2025-05-06 18:55:51.964181
212084,133,2011-10-29,19.6,0,17.7,,21.5,14:01,34,2.8,8.6,11:40,69,84,05:20,54,11:50,2025-05-06 18:55:52.030430,2025-05-06 18:55:52.030430
212099,133,2011-10-30,19.2,0,16.7,02:11,21.7,14:24,31,2.2,6.7,15:20,77,88,23:30,68,11:50,2025-05-06 18:55:52.106816,2025-05-06 18:55:52.106816
212114,133,2011-10-31,19.4,0,17.5,06:22,21.3,13:56,30,3.3,9.7,14:30,80,94,,72,,2025-05-06 18:55:52.183122,2025-05-06 18:55:52.183122
212129,133,2011-11-01,19.6,0,16.7,07:05,22.5,13:56,33,2.2,7.2,12:00,74,84,07:30,61,14:40,2025-05-06 18:55:52.249527,2025-05-06 18:55:52.249527
212145,133,2011-11-02,19.2,0,15.4,04:33,23.1,11:21,6,1.9,5.6,15:50,69,86,05:00,59,08:10,2025-05-06 18:55:52.322838,2025-05-06 18:55:52.322838
212161,133,2011-11-03,20.5,,16.7,04:07,24.3,11:41,0,,,,,,,,,2025-05-06 18:55:52.401573,2025-05-06 18:55:52.401573
212177,133,2011-11-04,20.4,,18.4,02:25,22.4,13:15,0,5.8,,,70,,,,,2025-05-06 18:55:52.484621,2025-05-06 18:55:52.484621
212193,133,2011-11-05,19.6,0,17.8,23:01,21.3,13:16,29,3.3,10.8,00:50,66,81,03:50,60,13:40,2025-05-06 18:55:52.567288,2025-05-06 18:55:52.567288
212208,133,2011-11-06,18.9,0,16.8,06:05,21,13:39,32,3.3,9.2,16:40,69,76,,60,13:50,2025-05-06 18:55:52.658393,2025-05-06 18:55:52.658393
212224,133,2011-11-07,18.6,0,16.4,04:48,20.9,15:10,30,1.7,6.9,14:40,69,78,,60,14:30,2025-05-06 18:55:52.748827,2025-05-06 18:55:52.748827
212239,133,2011-11-08,18.1,0,14.8,04:42,21.4,13:57,0,1.9,,,76,,,,,2025-05-06 18:55:52.833196,2025-05-06 18:55:52.833196
212255,133,2011-11-09,18.7,0,15.4,05:13,22,12:20,6,1.4,5,13:10,82,91,22:20,72,10:50,2025-05-06 18:55:52.917709,2025-05-06 18:55:52.917709
212271,133,2011-11-10,19,0,15.4,02:10,22.7,12:42,6,1.4,5,13:00,80,90,,67,11:40,2025-05-06 18:55:52.995208,2025-05-06 18:55:52.995208
212303,133,2011-11-12,20,0,17.4,00:31,22.5,13:25,30,2.2,6.7,18:00,73,96,,56,15:50,2025-05-06 18:55:53.148317,2025-05-06 18:55:53.148317
212319,133,2011-11-13,18.4,,16.3,23:58,20.5,12:07,32,1.7,5.3,,81,94,00:00,72,16:00,2025-05-06 18:55:53.214634,2025-05-06 18:55:53.214634
212336,133,2011-11-14,18.6,,15.5,07:27,21.7,13:36,29,2.8,8.6,13:20,78,95,19:20,60,02:40,2025-05-06 18:55:53.290035,2025-05-06 18:55:53.290035
212353,133,2011-11-15,18.1,0,15.8,23:46,20.4,12:11,0,2.2,,,77,94,,65,,2025-05-06 18:55:53.376149,2025-05-06 18:55:53.376149
212370,133,2011-11-16,18.4,,15.7,00:38,21,12:16,31,2.8,8.1,14:00,73,85,00:50,64,12:00,2025-05-06 18:55:53.471527,2025-05-06 18:55:53.471527
212386,133,2011-11-17,18.4,,15.8,,21.1,14:09,32,2.2,6.7,21:40,83,95,18:30,72,14:10,2025-05-06 18:55:53.566408,2025-05-06 18:55:53.566408
212404,133,2011-11-18,18.4,,16.3,04:46,20.5,15:09,31,3.1,8.9,15:40,76,90,23:10,64,15:30,2025-05-06 18:55:53.671975,2025-05-06 18:55:53.671975
212422,133,2011-11-19,19,,16.1,23:28,22,12:47,31,3.1,10,19:00,69,94,21:30,56,12:50,2025-05-06 18:55:53.774112,2025-05-06 18:55:53.774112
212439,133,2011-11-20,17.2,0,15.1,05:20,19.4,12:47,0,3.6,,,77,96,05:20,57,12:50,2025-05-06 18:55:53.856627,2025-05-06 18:55:53.856627
212455,133,2011-11-21,18.1,0,16.4,02:59,19.8,11:39,30,4.2,10,13:00,71,82,04:20,61,10:20,2025-05-06 18:55:53.941415,2025-05-06 18:55:53.941415
212471,133,2011-11-22,18.2,,16.3,07:14,20,12:26,0,3.6,,,74,,,,,2025-05-06 18:55:54.022779,2025-05-06 18:55:54.022779
212488,133,2011-11-23,17.6,0,15.7,03:22,19.5,12:49,32,3.3,9.7,12:40,67,86,03:20,55,12:20,2025-05-06 18:55:54.108182,2025-05-06 18:55:54.108182
212505,133,2011-11-24,17.4,0,15.4,05:11,19.3,12:19,0,4.2,,,79,94,10:00,69,,2025-05-06 18:55:54.184701,2025-05-06 18:55:54.184701
212522,133,2011-11-25,17.4,0,14.6,07:06,20.1,12:21,3,1.7,8.1,12:20,77,87,,68,11:30,2025-05-06 18:55:54.256373,2025-05-06 18:55:54.256373
212539,133,2011-11-26,17.2,0,14.9,03:27,19.4,12:29,2,1.7,7.2,11:20,76,86,07:40,66,12:50,2025-05-06 18:55:54.336854,2025-05-06 18:55:54.336854
212556,133,2011-11-27,17.3,0,15.2,04:30,19.4,11:00,5,1.4,6.7,13:50,78,84,,72,,2025-05-06 18:55:54.413637,2025-05-06 18:55:54.413637
212572,133,2011-11-28,16.8,0,14.1,06:19,19.5,10:57,4,1.9,4.7,11:10,77,86,02:50,68,11:00,2025-05-06 18:55:54.493954,2025-05-06 18:55:54.493954
212589,133,2011-11-29,16.9,0,14.5,03:25,19.3,11:58,6,1.4,5.8,13:50,72,83,03:30,64,12:00,2025-05-06 18:55:54.572962,2025-05-06 18:55:54.572962
212606,133,2011-11-30,17.6,0,14.2,,20.9,13:08,6,2.2,6.4,13:20,70,85,19:40,48,14:00,2025-05-06 18:55:54.652200,2025-05-06 18:55:54.652200
212623,133,2011-12-01,18,0,14.3,00:11,21.7,12:11,11,2.2,8.6,11:40,53,78,00:00,42,20:00,2025-05-06 18:55:54.744595,2025-05-06 18:55:54.744595
212639,133,2011-12-02,19.1,,16.5,21:21,21.7,14:33,9,1.9,9.2,10:50,60,88,22:20,45,16:10,2025-05-06 18:55:54.833263,2025-05-06 18:55:54.833263
212656,133,2011-12-03,16.7,,15.4,04:24,18,09:53,34,2.2,9.2,14:10,83,94,12:30,69,16:50,2025-05-06 18:55:54.930913,2025-05-06 18:55:54.930913
212673,133,2011-12-04,17.2,0,15.5,07:54,18.9,12:55,3,2.5,8.6,09:20,72,86,00:10,66,12:20,2025-05-06 18:55:55.032701,2025-05-06 18:55:55.032701
212690,133,2011-12-05,16.6,0,14.3,07:04,18.8,13:57,5,1.7,6.1,15:00,79,85,,68,13:50,2025-05-06 18:55:55.134380,2025-05-06 18:55:55.134380
212707,133,2011-12-06,16.2,0,13.9,07:31,18.6,11:08,6,1.9,6.4,12:30,77,84,00:20,68,11:10,2025-05-06 18:55:55.226516,2025-05-06 18:55:55.226516
212725,133,2011-12-07,17.4,0,14.1,00:54,20.6,12:06,10,2.2,7.5,13:30,75,91,,58,23:30,2025-05-06 18:55:55.323273,2025-05-06 18:55:55.323273
212743,133,2011-12-08,19.2,0,17.5,00:55,21,12:05,12,2.2,7.5,10:40,63,76,00:40,36,21:00,2025-05-06 18:55:55.421351,2025-05-06 18:55:55.421351
212761,133,2011-12-09,19.6,0,16.3,02:55,22.8,10:52,8,1.7,6.4,11:30,48,65,,34,13:20,2025-05-06 18:55:55.510938,2025-05-06 18:55:55.510938
212779,133,2011-12-10,17.2,0,15.6,07:12,18.9,12:33,8,1.9,4.2,13:00,80,90,,60,01:00,2025-05-06 18:55:55.602697,2025-05-06 18:55:55.602697
212797,133,2011-12-11,16.7,0,15.6,06:24,17.8,12:04,0,1.4,,,85,90,07:10,80,13:40,2025-05-06 18:55:55.693913,2025-05-06 18:55:55.693913
212815,133,2011-12-12,17.4,0,15.3,08:14,19.4,13:16,6,1.7,6.7,14:30,79,86,01:50,72,13:10,2025-05-06 18:55:55.780801,2025-05-06 18:55:55.780801
212833,133,2011-12-13,17.1,0,15.1,06:17,19.1,15:44,99,1.4,4.7,,78,84,,69,13:50,2025-05-06 18:55:55.870834,2025-05-06 18:55:55.870834
212851,133,2011-12-14,17,0,15.7,,18.4,13:07,7,1.4,6.4,14:00,74,80,,66,12:40,2025-05-06 18:55:55.961196,2025-05-06 18:55:55.961196
212869,133,2011-12-15,17,0,15.2,,18.9,12:55,4,1.7,6.1,12:20,77,84,,70,15:10,2025-05-06 18:55:56.044157,2025-05-06 18:55:56.044157
212887,133,2011-12-16,16.6,0,14.6,06:55,18.6,14:32,5,1.7,6.4,12:20,84,90,08:00,78,14:30,2025-05-06 18:55:56.129426,2025-05-06 18:55:56.129426
212903,133,2011-12-17,16.6,,15.4,06:59,17.7,13:03,4,2.2,6.4,14:10,75,88,00:00,69,13:00,2025-05-06 18:55:56.206696,2025-05-06 18:55:56.206696
212920,133,2011-12-18,17,,15.7,02:31,18.3,,1,3.1,8.1,18:50,78,94,21:40,70,13:10,2025-05-06 18:55:56.288495,2025-05-06 18:55:56.288495
212937,133,2011-12-19,16.4,,15.3,19:42,17.4,09:52,30,3.1,10,04:40,91,97,16:20,79,22:30,2025-05-06 18:55:56.366192,2025-05-06 18:55:56.366192
212954,133,2011-12-20,17.2,0,15.1,,19.4,12:47,3,1.4,5.8,00:10,78,89,05:20,54,21:20,2025-05-06 18:55:56.441694,2025-05-06 18:55:56.441694
212971,133,2011-12-21,17,0,13.2,23:38,20.7,12:37,14,2.2,6.4,07:30,65,93,04:50,55,10:40,2025-05-06 18:55:56.518650,2025-05-06 18:55:56.518650
212988,133,2011-12-22,15.2,0,12.3,06:29,18.1,,99,1.9,5,,79,94,,70,13:50,2025-05-06 18:55:56.600285,2025-05-06 18:55:56.600285
213005,133,2011-12-23,16,0,13.6,06:07,18.4,13:46,2,1.9,5.8,14:30,79,88,05:50,74,12:50,2025-05-06 18:55:56.679814,2025-05-06 18:55:56.679814
213022,133,2011-12-24,16.2,0,14.8,00:01,17.6,11:54,2,2.2,6.1,12:20,74,85,00:20,68,11:30,2025-05-06 18:55:56.758359,2025-05-06 18:55:56.758359
213039,133,2011-12-25,16.1,0,14.1,20:41,18.1,12:04,4,1.1,5.6,11:50,73,81,19:50,65,10:40,2025-05-06 18:55:56.841987,2025-05-06 18:55:56.841987
213056,133,2011-12-26,15.6,0,13.3,,17.9,14:35,8,1.9,4.7,12:50,78,89,20:50,72,15:10,2025-05-06 18:55:56.923672,2025-05-06 18:55:56.923672
213073,133,2011-12-27,15.2,0,12.6,07:34,17.7,12:38,8,1.9,5.8,12:10,76,89,02:30,71,15:10,2025-05-06 18:55:57.007723,2025-05-06 18:55:57.007723
213090,133,2011-12-28,15.5,0.2,12.6,06:07,18.4,14:24,34,2.2,6.7,22:00,77,88,03:50,60,15:20,2025-05-06 18:55:57.080906,2025-05-06 18:55:57.080906
213106,133,2011-12-29,15.7,0,13.7,06:32,17.7,13:32,4,2.5,7.8,13:50,76,84,,61,13:30,2025-05-06 18:55:57.155880,2025-05-06 18:55:57.155880
213122,133,2011-12-30,16.1,0,14.3,07:07,17.9,13:08,2,1.9,6.4,02:20,73,85,00:20,61,13:00,2025-05-06 18:55:57.230804,2025-05-06 18:55:57.230804
213138,133,2011-12-31,15.4,0,13,05:19,17.8,12:05,5,1.4,6.7,02:30,73,83,23:50,60,12:10,2025-05-06 18:55:57.306230,2025-05-06 18:55:57.306230
213154,133,2012-01-01,14.8,0,12.1,,17.5,13:18,99,1.4,5.8,,70,86,,63,11:50,2025-05-06 18:55:57.380669,2025-05-06 18:55:57.380669
213169,133,2012-01-02,15.9,0,14.2,03:17,17.6,15:44,0,1.9,,,74,86,,66,01:20,2025-05-06 18:55:57.450603,2025-05-06 18:55:57.450603
213184,133,2012-01-03,16.4,0,14.1,23:57,18.8,14:37,8,1.7,5.8,15:30,79,86,00:50,51,23:59,2025-05-06 18:55:57.515551,2025-05-06 18:55:57.515551
213199,133,2012-01-04,16.8,0,13.9,23:59,19.8,11:27,10,2.5,7.8,11:00,54,79,20:30,43,18:30,2025-05-06 18:55:57.579881,2025-05-06 18:55:57.579881
213215,133,2012-01-05,17,0,13.4,,20.6,13:03,8,2.2,7.5,14:50,64,94,08:00,43,21:40,2025-05-06 18:55:57.651475,2025-05-06 18:55:57.651475
213230,133,2012-01-06,16.1,0,12.7,03:54,19.5,14:24,7,1.9,5,13:10,85,95,08:30,41,02:10,2025-05-06 18:55:57.721301,2025-05-06 18:55:57.721301
213246,133,2012-01-07,15.6,0,13.3,00:01,17.8,15:18,36,1.7,4.7,15:40,85,92,,77,15:40,2025-05-06 18:55:57.802720,2025-05-06 18:55:57.802720
213262,133,2012-01-08,15.5,0,12.7,,18.3,14:17,4,1.7,5,12:50,82,91,08:30,71,14:20,2025-05-06 18:55:57.890168,2025-05-06 18:55:57.890168
213278,133,2012-01-09,15.8,,11.9,07:42,19.8,13:28,6,1.7,5,12:30,80,94,,41,23:50,2025-05-06 18:55:57.966922,2025-05-06 18:55:57.966922
213294,133,2012-01-10,17.6,0,15.2,07:59,19.9,11:52,12,2.5,8.6,09:50,64,78,07:30,24,22:50,2025-05-06 18:55:58.055074,2025-05-06 18:55:58.055074
213310,133,2012-01-11,17.4,0,15.6,07:37,19.3,10:52,11,2.8,10.3,12:30,50,69,04:50,31,00:00,2025-05-06 18:55:58.146976,2025-05-06 18:55:58.146976
213326,133,2012-01-12,17,0,15,07:48,19,13:46,11,3.3,11.1,12:50,48,64,02:30,28,20:20,2025-05-06 18:55:58.220275,2025-05-06 18:55:58.220275
213342,133,2012-01-13,17,0,15.8,,18.3,22:07,0,3.3,,,50,60,09:30,38,20:30,2025-05-06 18:55:58.294975,2025-05-06 18:55:58.294975
213358,133,2012-01-14,19,0,17.5,08:42,20.5,13:49,12,3.1,11.7,04:20,56,69,10:40,37,23:50,2025-05-06 18:55:58.366699,2025-05-06 18:55:58.366699
213374,133,2012-01-15,17.7,0,15.2,23:48,20.2,14:30,99,3.9,10.8,,67,88,,33,01:40,2025-05-06 18:55:58.437822,2025-05-06 18:55:58.437822
213390,133,2012-01-16,15.7,1.2,13.4,08:20,18,12:45,35,3.1,8.3,13:40,75,85,,69,11:40,2025-05-06 18:55:58.506731,2025-05-06 18:55:58.506731
213405,133,2012-01-17,15.2,1.6,13.4,01:59,17,15:07,34,3.1,8.6,13:00,84,96,10:30,72,19:20,2025-05-06 18:55:58.578081,2025-05-06 18:55:58.578081
213421,133,2012-01-18,14.7,0,12,,17.4,12:52,6,1.9,7.8,11:00,73,83,20:30,64,,2025-05-06 18:55:58.658261,2025-05-06 18:55:58.658261
213437,133,2012-01-19,15,0,12.1,08:18,17.8,14:01,6,2.2,8.1,13:20,68,84,07:20,50,15:30,2025-05-06 18:55:58.725660,2025-05-06 18:55:58.725660
213454,133,2012-01-20,14.2,0,11.1,,17.4,14:34,36,2.2,6.7,21:50,58,75,21:50,50,08:20,2025-05-06 18:55:58.805767,2025-05-06 18:55:58.805767
213470,133,2012-01-21,14.2,0.2,11.5,07:14,17,15:47,3,2.2,6.9,13:10,66,79,02:40,61,13:00,2025-05-06 18:55:58.881295,2025-05-06 18:55:58.881295
213486,133,2012-01-22,15.2,0,13.2,04:17,17.2,13:53,34,1.9,6.4,07:40,72,88,,59,13:40,2025-05-06 18:55:58.954241,2025-05-06 18:55:58.954241
213501,133,2012-01-23,15.4,0,12.7,07:13,18.2,13:51,35,2.2,6.4,16:20,72,81,08:10,55,13:30,2025-05-06 18:55:59.026202,2025-05-06 18:55:59.026202
213516,133,2012-01-24,14.6,0,10.9,07:52,18.2,15:31,0,2.2,,,75,83,,63,15:30,2025-05-06 18:55:59.110842,2025-05-06 18:55:59.110842
213531,133,2012-01-25,14.6,1.4,12,06:54,17.3,13:05,28,2.8,8.6,20:10,79,88,15:40,72,13:10,2025-05-06 18:55:59.197354,2025-05-06 18:55:59.197354
213548,133,2012-01-26,15,0,12.8,03:30,17.3,13:13,31,3.1,8.9,13:50,78,90,04:10,68,12:20,2025-05-06 18:55:59.294086,2025-05-06 18:55:59.294086
213563,133,2012-01-27,15,0,12.5,07:49,17.6,12:46,33,2.2,6.9,12:40,74,87,,63,16:00,2025-05-06 18:55:59.373883,2025-05-06 18:55:59.373883
213579,133,2012-01-28,14.3,2.8,13,02:03,15.6,16:05,3,1.7,7.8,10:50,80,94,08:50,63,15:40,2025-05-06 18:55:59.456709,2025-05-06 18:55:59.456709
213595,133,2012-01-29,14.1,0,12,05:03,16.2,10:40,99,1.9,6.1,,75,83,21:40,60,10:00,2025-05-06 18:55:59.537481,2025-05-06 18:55:59.537481
213612,133,2012-01-30,15.5,0,12.7,05:47,18.3,13:04,6,2.5,6.7,15:00,77,85,,66,14:40,2025-05-06 18:55:59.609662,2025-05-06 18:55:59.609662
213628,133,2012-01-31,14.6,0,12.1,07:43,17.1,12:48,32,1.9,5.6,14:10,78,89,08:20,68,12:30,2025-05-06 18:55:59.677510,2025-05-06 18:55:59.677510
213644,133,2012-02-01,14.8,0,12.2,02:06,17.5,14:14,30,2.5,6.7,15:30,78,88,,69,14:10,2025-05-06 18:55:59.747992,2025-05-06 18:55:59.747992
213660,133,2012-02-02,14.8,0,11.9,07:55,17.8,13:52,32,2.5,7.8,16:50,76,85,08:00,64,13:30,2025-05-06 18:55:59.823783,2025-05-06 18:55:59.823783
213675,133,2012-02-03,14.8,,12.7,02:31,16.9,14:31,31,2.8,10,10:30,76,87,06:50,63,12:30,2025-05-06 18:55:59.899050,2025-05-06 18:55:59.899050
213689,133,2012-02-04,13.6,0,12.5,,14.7,12:38,0,3.6,,,65,78,04:10,57,01:30,2025-05-06 18:55:59.963660,2025-05-06 18:55:59.963660
213704,133,2012-02-05,14,0,12.3,07:58,15.7,15:08,4,3.3,9.2,13:50,71,78,,64,12:50,2025-05-06 18:56:00.036430,2025-05-06 18:56:00.036430
213719,133,2012-02-06,14.2,0,11.5,07:56,16.8,13:40,3,1.9,6.4,13:50,74,80,20:50,68,12:50,2025-05-06 18:56:00.116120,2025-05-06 18:56:00.116120
213733,133,2012-02-07,15.2,0.2,13.6,04:45,16.9,13:11,34,3.1,7.8,10:50,69,84,,59,13:10,2025-05-06 18:56:00.185479,2025-05-06 18:56:00.185479
213747,133,2012-02-08,14.6,0,12.9,05:34,16.2,13:13,35,3.9,11.1,22:50,70,85,20:00,61,12:10,2025-05-06 18:56:00.255648,2025-05-06 18:56:00.255648
213761,133,2012-02-09,14.2,0,12.7,22:32,15.7,13:26,30,4.2,10.6,14:50,70,77,14:10,62,13:30,2025-05-06 18:56:00.320772,2025-05-06 18:56:00.320772
213775,133,2012-02-10,14.2,0.2,12.3,02:00,16,12:23,30,3.3,8.3,13:30,68,82,17:40,51,12:30,2025-05-06 18:56:00.382098,2025-05-06 18:56:00.382098
213789,133,2012-02-11,12.2,0,10.1,22:52,14.4,15:15,32,1.4,5.8,15:20,61,80,01:50,56,15:00,2025-05-06 18:56:00.450054,2025-05-06 18:56:00.450054
213803,133,2012-02-12,12.8,1,9.3,05:51,16.4,15:10,31,3.3,10,17:50,67,89,22:40,57,15:10,2025-05-06 18:56:00.517240,2025-05-06 18:56:00.517240
213818,133,2012-02-13,14,0,11.1,00:01,17,15:26,4,2.2,8.3,23:30,71,88,01:50,56,12:30,2025-05-06 18:56:00.590535,2025-05-06 18:56:00.590535
213833,133,2012-02-14,13.4,0,11.5,03:13,15.4,12:14,36,3.1,9.7,14:30,60,82,23:59,53,14:50,2025-05-06 18:56:00.660106,2025-05-06 18:56:00.660106
213848,133,2012-02-15,13.8,1.6,11.1,03:18,16.5,14:15,31,2.2,8.6,08:40,67,91,22:40,53,09:50,2025-05-06 18:56:00.728817,2025-05-06 18:56:00.728817
213863,133,2012-02-16,13.2,2.2,10,06:34,16.5,15:32,18,1.1,4.4,08:20,80,92,10:20,60,15:40,2025-05-06 18:56:00.796978,2025-05-06 18:56:00.796978
213877,133,2012-02-17,13.8,0,10.6,07:15,16.9,13:10,31,2.8,7.8,11:50,79,89,,66,12:00,2025-05-06 18:56:00.861486,2025-05-06 18:56:00.861486
213892,133,2012-02-18,14.6,0,12.3,07:52,16.9,14:57,35,2.8,6.7,01:40,71,81,00:00,62,14:30,2025-05-06 18:56:00.924821,2025-05-06 18:56:00.924821
213907,133,2012-02-19,14,0,12.2,01:43,15.9,14:38,2,3.1,9.2,12:30,70,81,02:40,49,14:40,2025-05-06 18:56:00.985671,2025-05-06 18:56:00.985671
213922,133,2012-02-20,14.8,0,13,07:47,16.5,12:29,2,3.1,9.2,12:10,79,87,23:40,66,10:50,2025-05-06 18:56:01.043195,2025-05-06 18:56:01.043195
213936,133,2012-02-21,14.7,0,12.7,04:49,16.7,12:21,31,3.1,8.6,13:30,75,88,,63,12:10,2025-05-06 18:56:01.097133,2025-05-06 18:56:01.097133
213950,133,2012-02-22,14.8,0,13.3,06:13,16.4,15:12,35,2.2,6.9,15:20,65,77,22:50,55,14:10,2025-05-06 18:56:01.154529,2025-05-06 18:56:01.154529
213964,133,2012-02-23,14.6,0,12.3,22:20,16.8,14:18,32,2.2,7.8,14:30,67,76,05:00,58,10:00,2025-05-06 18:56:01.208825,2025-05-06 18:56:01.208825
213978,133,2012-02-24,,,,,,,2,1.9,7.8,13:50,65,,,,,2025-05-06 18:56:01.277837,2025-05-06 18:56:01.277837
213993,133,2012-02-25,13.6,0,10.1,07:53,17,13:56,7,2.2,6.9,12:50,67,81,,58,13:40,2025-05-06 18:57:03.502568,2025-05-06 18:57:03.502568
214008,133,2012-02-26,14,0,10.5,05:22,17.4,,6,1.7,5.8,13:50,77,87,06:20,63,15:50,2025-05-06 18:57:03.597832,2025-05-06 18:57:03.597832
214024,133,2012-02-27,14.4,0,10.5,07:26,18.2,16:35,2,1.7,5.8,12:20,74,86,,53,16:10,2025-05-06 18:57:03.696763,2025-05-06 18:57:03.696763
214040,133,2012-02-28,14.1,0,10.6,07:23,17.6,13:30,31,2.5,7.2,13:10,74,87,,65,15:00,2025-05-06 18:57:03.795485,2025-05-06 18:57:03.795485
214056,133,2012-02-29,14.9,0,12.5,07:31,17.3,13:23,32,2.8,7.8,14:30,70,87,03:20,56,13:10,2025-05-06 18:57:03.884630,2025-05-06 18:57:03.884630
214072,133,2012-03-01,14.5,0,11.4,08:05,17.6,14:39,6,1.4,6.4,14:40,73,85,22:50,61,14:40,2025-05-06 18:57:03.984259,2025-05-06 18:57:03.984259
214089,133,2012-03-02,15,0,13,05:14,17,16:08,1,2.2,7.2,12:50,72,83,00:00,61,15:30,2025-05-06 18:57:04.088221,2025-05-06 18:57:04.088221
214106,133,2012-03-03,15,0,13.1,,17,15:25,2,1.9,6.7,14:30,71,83,21:20,64,14:20,2025-05-06 18:57:04.214226,2025-05-06 18:57:04.214226
214123,133,2012-03-04,15.2,0,13.1,07:31,17.4,14:01,36,1.7,5.8,12:30,75,89,23:40,67,13:50,2025-05-06 18:57:04.304252,2025-05-06 18:57:04.304252
214140,133,2012-03-05,15.4,0,12.6,05:37,18.3,13:33,2,1.7,5.8,13:40,80,89,00:00,70,12:50,2025-05-06 18:57:04.398204,2025-05-06 18:57:04.398204
214157,133,2012-03-06,16.2,0,13.5,07:52,18.9,,35,1.9,5.8,14:10,81,91,21:30,67,12:30,2025-05-06 18:57:04.501165,2025-05-06 18:57:04.501165
214174,133,2012-03-07,14.6,0,13.1,06:49,16.2,,33,2.8,8.9,13:50,80,89,00:00,72,17:10,2025-05-06 18:57:04.597851,2025-05-06 18:57:04.597851
214191,133,2012-03-08,16.8,0,12.3,07:28,21.3,15:38,13,2.8,10.6,14:50,64,90,08:40,37,15:20,2025-05-06 18:57:04.687639,2025-05-06 18:57:04.687639
214208,133,2012-03-09,17.7,0,13.6,23:35,21.8,10:03,19,2.2,5,06:30,49,93,23:20,19,08:50,2025-05-06 18:57:04.775742,2025-05-06 18:57:04.775742
214225,133,2012-03-10,15.6,0,11.6,05:09,19.6,13:49,29,2.2,5.8,,81,92,00:00,65,16:00,2025-05-06 18:57:04.862048,2025-05-06 18:57:04.862048
214242,133,2012-03-11,15.8,0,12.1,06:22,19.5,14:22,99,2.2,6.7,,80,92,07:30,68,14:50,2025-05-06 18:57:04.952189,2025-05-06 18:57:04.952189
214259,133,2012-03-12,15.6,0,11.7,05:18,19.5,13:59,30,1.9,6.9,01:20,81,92,05:40,70,14:10,2025-05-06 18:57:05.051733,2025-05-06 18:57:05.051733
214275,133,2012-03-13,16.1,0,13.5,05:05,18.7,14:33,29,2.5,7.2,23:00,77,86,,68,13:10,2025-05-06 18:57:05.139506,2025-05-06 18:57:05.139506
214291,133,2012-03-14,15.8,0,13.3,22:23,18.3,13:44,30,2.2,7.2,04:00,75,87,,66,,2025-05-06 18:57:05.224811,2025-05-06 18:57:05.224811
214307,133,2012-03-15,16.2,0,13.4,00:01,19,13:12,7,1.9,5.8,13:50,81,93,23:00,71,13:20,2025-05-06 18:57:05.308222,2025-05-06 18:57:05.308222
214323,133,2012-03-16,18.2,0,14.6,04:30,21.8,13:17,12,1.4,5.6,09:10,81,94,07:40,58,11:10,2025-05-06 18:57:05.385626,2025-05-06 18:57:05.385626
214339,133,2012-03-17,19.2,0,14.6,03:06,23.8,13:07,10,2.2,8.6,13:40,40,92,00:00,27,13:30,2025-05-06 18:57:05.460342,2025-05-06 18:57:05.460342
214354,133,2012-03-18,17.4,0,14.6,07:09,20.3,15:12,4,2.2,6.9,13:50,80,91,,60,09:40,2025-05-06 18:57:05.527345,2025-05-06 18:57:05.527345
214370,133,2012-03-19,15.1,0,14,,16.2,12:01,31,3.6,7.2,19:30,83,92,04:30,79,13:30,2025-05-06 18:57:05.600422,2025-05-06 18:57:05.600422
214386,133,2012-03-20,15.2,0,13.5,22:20,16.8,12:23,32,,9.4,14:30,79,86,23:20,69,09:30,2025-05-06 18:57:05.666978,2025-05-06 18:57:05.666978
214402,133,2012-03-21,15.8,0,13,03:31,18.6,14:07,25,2.8,6.7,22:50,79,92,,70,14:00,2025-05-06 18:57:05.736153,2025-05-06 18:57:05.736153
214418,133,2012-03-22,18.4,0,12.1,01:48,24.8,10:34,26,2.2,10,20:40,54,92,00:00,25,04:30,2025-05-06 18:57:05.801038,2025-05-06 18:57:05.801038
214435,133,2012-03-23,19.2,0,15.4,22:00,22.9,11:02,28,3.3,11.4,16:40,51,89,,24,10:10,2025-05-06 18:57:05.879561,2025-05-06 18:57:05.879561
214452,133,2012-03-24,17.2,0,14.7,04:22,19.7,12:56,32,3.3,7.2,14:50,80,92,22:00,71,14:00,2025-05-06 18:57:05.963156,2025-05-06 18:57:05.963156
214469,133,2012-03-25,16.6,0,14.5,00:53,18.7,13:48,28,4.2,9.2,17:40,80,93,,71,11:40,2025-05-06 18:57:06.049519,2025-05-06 18:57:06.049519
214486,133,2012-03-26,16.3,0,14.1,04:45,18.5,14:51,34,5,11.4,11:50,81,89,,73,14:40,2025-05-06 18:57:06.138104,2025-05-06 18:57:06.138104
214502,133,2012-03-27,16.2,0,14.7,05:53,17.8,14:00,31,4.2,10,15:40,88,95,05:40,81,16:40,2025-05-06 18:57:06.223112,2025-05-06 18:57:06.223112
214518,133,2012-03-28,17.4,0,15,00:17,19.8,14:45,30,3.6,10.6,10:50,81,91,09:00,71,14:50,2025-05-06 18:57:06.307161,2025-05-06 18:57:06.307161
214535,133,2012-03-29,16.8,0,15.1,01:03,18.5,12:20,28,4.7,10.6,03:20,80,92,04:30,64,16:30,2025-05-06 18:57:06.394841,2025-05-06 18:57:06.394841
214552,133,2012-03-30,16.6,0,13.3,06:43,19.8,14:30,28,3.9,11.9,13:40,76,89,22:10,61,13:40,2025-05-06 18:57:06.484411,2025-05-06 18:57:06.484411
214569,133,2012-03-31,16.6,0,14.2,06:30,19,12:38,29,4.7,12.8,13:50,77,91,,64,12:00,2025-05-06 18:57:06.594192,2025-05-06 18:57:06.594192
214586,133,2012-04-01,16.6,0,13.9,07:06,19.2,13:34,32,4.4,10.6,12:40,75,89,,60,11:40,2025-05-06 18:57:06.692041,2025-05-06 18:57:06.692041
214602,133,2012-04-02,16.5,0,14.1,,18.9,11:16,26,4.2,12.2,17:50,78,90,,66,17:00,2025-05-06 18:57:06.782306,2025-05-06 18:57:06.782306
214618,133,2012-04-03,16,0,13.5,02:54,18.4,13:00,31,5.3,13.9,13:50,69,89,23:59,54,13:20,2025-05-06 18:57:06.867505,2025-05-06 18:57:06.867505
214633,133,2012-04-04,16.8,3.6,13.7,04:40,20,12:53,30,4.2,10.3,12:20,72,92,00:30,62,12:40,2025-05-06 18:57:06.948465,2025-05-06 18:57:06.948465
214649,133,2012-04-05,16.6,0.6,14.4,,18.7,14:14,30,2.2,10.8,00:10,84,96,,72,14:40,2025-05-06 18:57:07.029253,2025-05-06 18:57:07.029253
214665,133,2012-04-06,15.2,0,12.2,23:56,18.1,12:00,2,1.4,6.7,11:30,70,86,04:00,61,13:10,2025-05-06 18:57:07.102963,2025-05-06 18:57:07.102963
214681,133,2012-04-07,14.8,0,10.9,05:10,18.7,11:36,13,2.5,11.4,14:00,75,86,07:10,65,11:00,2025-05-06 18:57:07.178757,2025-05-06 18:57:07.178757
214696,133,2012-04-08,16.8,0.6,14.6,00:06,18.9,15:03,30,1.9,7.5,17:00,87,94,,72,09:40,2025-05-06 18:57:07.255410,2025-05-06 18:57:07.255410
214711,133,2012-04-09,15.4,0,14.2,,16.5,14:45,32,1.1,4.4,00:20,86,93,,77,14:30,2025-05-06 18:57:07.328722,2025-05-06 18:57:07.328722
214726,133,2012-04-10,15.2,0,12.5,04:59,18,10:21,2,1.9,7.8,13:30,77,89,,65,12:00,2025-05-06 18:57:07.397491,2025-05-06 18:57:07.397491
214741,133,2012-04-11,15.8,0,14.4,23:46,17.2,12:34,32,4.2,9.2,18:00,79,88,02:50,70,,2025-05-06 18:57:07.467637,2025-05-06 18:57:07.467637
214755,133,2012-04-12,16.4,0.8,13.7,06:51,19.2,15:58,32,4.4,11.1,14:00,77,87,22:00,53,15:50,2025-05-06 18:57:07.537576,2025-05-06 18:57:07.537576
214770,133,2012-04-13,16.6,0,14,05:39,19.2,13:46,99,3.1,8.1,,69,95,01:30,55,13:50,2025-05-06 18:57:07.609836,2025-05-06 18:57:07.609836
214785,133,2012-04-14,16.2,0,14.2,06:10,18.3,13:31,33,3.1,8.6,13:50,65,73,02:00,57,13:30,2025-05-06 18:57:07.682614,2025-05-06 18:57:07.682614
214828,133,2012-04-17,15.4,0,13.7,03:46,17,12:19,32,3.3,8.9,08:50,75,85,,67,10:40,2025-05-06 18:57:07.890703,2025-05-06 18:57:07.890703
214845,133,2012-04-18,16.6,0,14.7,00:01,18.5,12:46,31,2.8,7.8,15:50,82,89,21:00,74,12:50,2025-05-06 18:57:07.973563,2025-05-06 18:57:07.973563
214862,133,2012-04-19,16.6,0,13.9,23:59,19.2,14:58,34,2.8,7.8,17:20,75,86,00:00,65,13:40,2025-05-06 18:57:08.054477,2025-05-06 18:57:08.054477
214879,133,2012-04-20,16.6,0,13.8,00:11,19.5,14:15,34,3.1,7.8,13:20,68,84,,57,12:00,2025-05-06 18:57:08.142105,2025-05-06 18:57:08.142105
214895,133,2012-04-21,16.6,0.2,14.2,06:42,19,12:12,31,2.5,7.2,17:50,71,88,23:50,63,12:20,2025-05-06 18:57:08.219527,2025-05-06 18:57:08.219527
214911,133,2012-04-22,16.6,0,14.6,06:37,18.5,15:53,32,3.3,8.6,11:20,79,89,00:50,65,15:50,2025-05-06 18:57:08.306037,2025-05-06 18:57:08.306037
214926,133,2012-04-23,16.6,0,14.3,06:23,18.9,13:47,32,3.6,9.7,15:50,76,90,04:00,67,11:30,2025-05-06 18:57:08.386059,2025-05-06 18:57:08.386059
214941,133,2012-04-24,16.8,0,15,,18.6,13:16,32,4.2,10,19:20,79,85,06:50,63,12:20,2025-05-06 18:57:08.464999,2025-05-06 18:57:08.464999
214957,133,2012-04-25,16.6,0,14.8,02:59,18.5,12:47,30,4.7,10.3,04:00,75,90,02:40,64,12:50,2025-05-06 18:57:08.549796,2025-05-06 18:57:08.549796
214973,133,2012-04-26,18,0,14.5,06:19,21.5,15:46,32,3.1,8.9,01:00,64,81,07:40,51,16:10,2025-05-06 18:57:08.636000,2025-05-06 18:57:08.636000
214988,133,2012-04-27,16.9,4.6,12.7,21:46,21.1,12:53,27,3.3,13.3,17:50,76,97,,58,13:00,2025-05-06 18:57:08.707866,2025-05-06 18:57:08.707866
215001,133,2012-04-28,15.4,0,12.4,03:58,18.5,14:48,31,3.3,10,13:50,69,91,,52,15:10,2025-05-06 18:57:08.767320,2025-05-06 18:57:08.767320
215015,133,2012-04-29,16,1,13.4,06:29,18.7,15:02,31,5,10.6,14:10,72,95,22:20,64,,2025-05-06 18:57:08.825610,2025-05-06 18:57:08.825610
215030,133,2012-04-30,15.6,0,12.5,06:37,18.8,13:46,31,3.1,8.9,15:20,67,86,00:00,55,12:00,2025-05-06 18:57:08.893710,2025-05-06 18:57:08.893710
215044,133,2012-05-01,15.4,0,12.3,03:15,18.5,11:41,99,3.3,8.3,,69,84,07:50,57,11:10,2025-05-06 18:57:08.952875,2025-05-06 18:57:08.952875
215059,133,2012-05-02,16.4,0,12.3,03:37,20.4,12:04,30,3.1,7.8,11:50,64,85,05:10,51,12:20,2025-05-06 18:57:09.015350,2025-05-06 18:57:09.015350
215075,133,2012-05-03,17.2,0,12.9,05:12,21.5,12:50,29,2.8,9.4,16:10,62,87,,45,13:00,2025-05-06 18:57:09.092412,2025-05-06 18:57:09.092412
215090,133,2012-05-04,17.5,0,13.3,06:18,21.7,15:17,34,3.3,7.5,13:50,74,89,,53,15:30,2025-05-06 18:57:09.162060,2025-05-06 18:57:09.162060
215105,133,2012-05-05,18.2,0,14.7,05:24,21.6,13:31,32,4.2,9.4,17:50,78,91,07:00,64,13:10,2025-05-06 18:57:09.224275,2025-05-06 18:57:09.224275
215121,133,2012-05-06,19.2,0,16.1,01:24,22.2,14:59,99,2.8,7.5,12:50,77,92,09:30,66,15:40,2025-05-06 18:57:09.299718,2025-05-06 18:57:09.299718
215137,133,2012-05-07,18.4,0,14.1,06:17,22.8,13:59,23,1.9,6.7,21:20,76,91,,56,14:50,2025-05-06 18:57:09.371796,2025-05-06 18:57:09.371796
215152,133,2012-05-08,19.4,0,16.5,,22.2,15:24,32,3.3,8.9,12:30,80,92,02:00,69,15:50,2025-05-06 18:57:09.440329,2025-05-06 18:57:09.440329
215167,133,2012-05-09,19.8,0,16.2,,23.3,12:49,29,3.9,9.2,19:50,72,92,23:10,51,12:30,2025-05-06 18:57:09.512978,2025-05-06 18:57:09.512978
215182,133,2012-05-10,20.2,0,16.9,06:12,23.4,12:03,28,3.9,9.7,01:30,72,91,05:30,48,14:50,2025-05-06 18:57:09.579493,2025-05-06 18:57:09.579493
215198,133,2012-05-11,22.2,0,17.9,04:44,26.5,12:03,30,3.3,7.8,16:30,57,73,04:30,48,11:30,2025-05-06 18:57:09.648619,2025-05-06 18:57:09.648619
215214,133,2012-05-12,23,0,18,06:26,28,13:35,25,3.1,6.4,06:10,66,84,07:40,44,23:59,2025-05-06 18:57:09.729533,2025-05-06 18:57:09.729533
215230,133,2012-05-13,28.3,0,22.4,01:22,34.2,14:33,9,3.1,9.4,13:50,32,45,01:10,22,14:00,2025-05-06 18:57:09.816761,2025-05-06 18:57:09.816761
215246,133,2012-05-14,29.2,0,23.9,21:21,34.6,10:39,11,2.5,7.8,10:10,28,61,21:20,17,,2025-05-06 18:57:09.904274,2025-05-06 18:57:09.904274
215262,133,2012-05-15,25.5,0,18.2,23:39,32.8,12:09,25,1.9,6.7,21:20,47,94,23:59,25,00:50,2025-05-06 18:57:09.987995,2025-05-06 18:57:09.987995
215278,133,2012-05-16,22.9,0,17.4,05:21,28.4,14:34,28,2.8,8.1,18:40,75,95,,53,14:10,2025-05-06 18:57:10.069944,2025-05-06 18:57:10.069944
215294,133,2012-05-17,19.9,0,17.9,05:28,21.9,13:14,30,5,10.6,17:00,84,94,,76,13:10,2025-05-06 18:57:10.159963,2025-05-06 18:57:10.159963
215310,133,2012-05-18,19.4,0,17.4,06:17,21.5,12:40,31,3.3,9.2,01:50,77,92,03:00,67,13:00,2025-05-06 18:57:10.250774,2025-05-06 18:57:10.250774
215326,133,2012-05-19,19.5,0.6,17.2,23:13,21.8,13:39,31,4.4,9.7,16:30,77,92,23:10,62,10:00,2025-05-06 18:57:10.334195,2025-05-06 18:57:10.334195
215342,133,2012-05-20,18.4,0,16.5,01:23,20.4,14:41,30,4.2,11.1,14:00,66,89,00:40,52,14:20,2025-05-06 18:57:10.416296,2025-05-06 18:57:10.416296
215357,133,2012-05-21,18.4,0,15.9,02:59,20.8,16:09,34,3.6,9.2,14:20,69,79,12:20,53,14:30,2025-05-06 18:57:10.489849,2025-05-06 18:57:10.489849
215372,133,2012-05-22,18.4,0,15.7,02:11,21,12:58,31,2.8,7.8,14:20,68,80,23:20,56,13:50,2025-05-06 18:57:10.562436,2025-05-06 18:57:10.562436
215388,133,2012-05-23,18.4,0,16.2,00:11,20.7,14:58,31,3.1,7.5,13:50,72,81,,64,15:00,2025-05-06 18:57:10.645490,2025-05-06 18:57:10.645490
215404,133,2012-05-24,19.2,0,16.9,,21.5,13:55,30,4.4,9.2,15:50,74,82,19:40,67,12:00,2025-05-06 18:57:10.716661,2025-05-06 18:57:10.716661
215419,133,2012-05-25,18.8,0,16.3,05:32,21.3,13:03,31,4.4,10.3,09:50,74,85,23:20,64,15:30,2025-05-06 18:57:10.779420,2025-05-06 18:57:10.779420
215435,133,2012-05-26,18.8,0,16.5,04:39,21.1,13:56,31,3.9,9.2,12:30,76,89,07:20,64,12:20,2025-05-06 18:57:10.844069,2025-05-06 18:57:10.844069
215451,133,2012-05-27,18.2,0,16.4,,20,15:28,31,5,10.8,16:40,71,82,23:50,62,14:30,2025-05-06 18:57:10.910661,2025-05-06 18:57:10.910661
215467,133,2012-05-28,18.7,0,16.6,04:41,20.8,13:17,32,6.1,13.1,05:50,71,86,04:40,63,13:00,2025-05-06 18:57:10.977182,2025-05-06 18:57:10.977182
215483,133,2012-05-29,19.2,0,16.7,04:25,21.6,13:32,31,5.3,11.9,12:10,78,92,,67,14:00,2025-05-06 18:57:11.046830,2025-05-06 18:57:11.046830
215500,133,2012-05-30,20,0,17.5,,22.4,,30,4.4,9.7,18:30,76,92,00:50,67,13:20,2025-05-06 18:57:11.123498,2025-05-06 18:57:11.123498
215517,133,2012-05-31,19.4,0,16.8,06:02,21.9,13:37,33,4.2,10,16:10,76,89,,64,12:10,2025-05-06 18:57:11.196070,2025-05-06 18:57:11.196070
215534,133,2012-06-01,20.1,0,17.3,04:27,22.9,12:38,28,4.2,10.8,19:30,78,91,,66,11:10,2025-05-06 18:57:11.276338,2025-05-06 18:57:11.276338
215551,133,2012-06-02,20.4,0,17.6,06:16,23.2,14:40,30,3.6,8.3,16:10,76,89,,65,,2025-05-06 18:57:11.361735,2025-05-06 18:57:11.361735
215568,133,2012-06-03,20.9,0,18.4,24:00,23.4,13:59,32,4.2,10.8,17:50,82,94,,69,12:40,2025-05-06 18:57:11.440671,2025-05-06 18:57:11.440671
215585,133,2012-06-04,20.7,0.4,18.2,03:31,23.2,14:41,33,4.7,11.1,18:10,81,93,,69,14:50,2025-05-06 18:57:11.516072,2025-05-06 18:57:11.516072
215601,133,2012-06-05,20.2,0,18.5,,22,12:38,29,6.1,12.8,16:50,76,95,01:50,67,12:10,2025-05-06 18:57:11.597536,2025-05-06 18:57:11.597536
215617,133,2012-06-06,20.5,0.2,18.4,03:33,22.6,13:44,29,5.8,13.3,19:20,84,92,05:10,72,14:00,2025-05-06 18:57:11.685573,2025-05-06 18:57:11.685573
215634,133,2012-06-07,21.9,1,19.1,,24.7,15:19,32,5.3,11.7,12:50,75,89,22:00,65,15:50,2025-05-06 18:57:11.769830,2025-05-06 18:57:11.769830
215651,133,2012-06-08,20.4,3.2,18.4,,22.5,14:31,30,3.1,8.1,18:40,84,98,06:10,71,14:40,2025-05-06 18:57:11.853634,2025-05-06 18:57:11.853634
215668,133,2012-06-09,19.6,0,17.6,03:30,21.5,15:26,30,3.1,10.8,13:50,77,89,00:10,66,14:50,2025-05-06 18:57:11.948660,2025-05-06 18:57:11.948660
215685,133,2012-06-10,19.6,0,17.7,05:01,21.5,15:09,31,4.2,10.8,23:10,85,92,19:20,77,15:10,2025-05-06 18:57:12.030065,2025-05-06 18:57:12.030065
215702,133,2012-06-11,20.4,0,18.5,03:27,22.3,13:16,29,5.6,12.2,19:40,86,95,,75,13:20,2025-05-06 18:57:12.122209,2025-05-06 18:57:12.122209
215719,133,2012-06-12,,,,,,,32,5.8,12.2,13:40,78,,,,,2025-05-06 18:57:12.225156,2025-05-06 18:57:12.225156
215736,133,2012-06-13,19.4,0,17.6,03:32,21.3,13:34,31,5,10.6,13:10,73,86,01:00,66,,2025-05-06 18:57:12.322871,2025-05-06 18:57:12.322871
215753,133,2012-06-14,19.6,0,17.1,04:06,22,14:56,29,4.2,9.4,01:50,73,89,22:50,64,,2025-05-06 18:57:12.403335,2025-05-06 18:57:12.403335
215785,133,2012-06-16,20.7,0,17.8,04:52,23.6,12:40,30,3.9,8.6,14:20,78,90,,65,12:40,2025-05-06 18:57:12.566909,2025-05-06 18:57:12.566909
215802,133,2012-06-17,20.7,0,18.2,,23.2,13:54,99,5.3,10.6,12:30,78,88,,66,11:50,2025-05-06 18:57:12.653503,2025-05-06 18:57:12.653503
215819,133,2012-06-18,20.6,0,18.1,04:34,23.2,13:37,25,5,11.9,12:20,77,89,,67,13:30,2025-05-06 18:57:12.737762,2025-05-06 18:57:12.737762
215836,133,2012-06-19,21.4,0,18.7,,24,15:00,35,2.8,9.7,13:50,77,92,,65,,2025-05-06 18:57:12.824737,2025-05-06 18:57:12.824737
215852,133,2012-06-20,21.3,0,17.5,06:00,25.1,15:31,99,2.2,6.9,,70,92,01:00,62,,2025-05-06 18:57:12.904770,2025-05-06 18:57:12.904770
215869,133,2012-06-21,21.5,0,18.1,,24.9,13:13,99,2.2,6.9,,77,90,00:00,68,13:10,2025-05-06 18:57:12.990442,2025-05-06 18:57:12.990442
215886,133,2012-06-22,21.2,0,19.2,23:54,23.1,15:59,31,3.1,9.2,16:10,86,92,04:50,74,,2025-05-06 18:57:13.079482,2025-05-06 18:57:13.079482
215903,133,2012-06-23,20.2,0,18.1,05:38,22.4,13:42,31,5.6,10.3,15:20,78,88,23:59,67,13:20,2025-05-06 18:57:13.159484,2025-05-06 18:57:13.159484
215920,133,2012-06-24,20.4,0,18,,22.8,15:04,32,4.7,13.3,16:20,83,94,23:50,73,15:10,2025-05-06 18:57:13.235280,2025-05-06 18:57:13.235280
215937,133,2012-06-25,24.7,0,19.4,,30,15:28,25,3.3,7.2,01:30,79,97,06:30,49,23:50,2025-05-06 18:57:13.309039,2025-05-06 18:57:13.309039
215954,133,2012-06-26,29.3,0,24.6,17:21,34,09:34,99,3.6,10,,53,73,17:20,30,09:10,2025-05-06 18:57:13.383686,2025-05-06 18:57:13.383686
215971,133,2012-06-27,25.2,0,23,03:56,27.4,13:42,28,5,12.2,21:10,61,75,08:00,44,00:50,2025-05-06 18:57:13.466439,2025-05-06 18:57:13.466439
215988,133,2012-06-28,21.4,0,19.6,06:05,23.3,00:01,27,5.6,11.4,12:40,85,94,07:00,51,00:20,2025-05-06 18:57:13.561905,2025-05-06 18:57:13.561905
216005,133,2012-06-29,20.8,0,19.1,,22.4,13:41,31,4.7,9.7,19:20,84,91,,75,13:40,2025-05-06 18:57:13.659454,2025-05-06 18:57:13.659454
216021,133,2012-06-30,21,0,18.6,03:50,23.4,15:12,32,3.9,8.6,22:20,76,89,00:00,66,09:40,2025-05-06 18:57:13.736707,2025-05-06 18:57:13.736707
216037,133,2012-07-01,20.2,0,18.2,04:43,22.1,14:15,31,4.4,10,14:20,77,85,,66,10:30,2025-05-06 18:57:13.813415,2025-05-06 18:57:13.813415
216053,133,2012-07-02,20.2,0,18,06:18,22.3,13:05,33,5.3,10.3,09:30,72,88,,62,12:50,2025-05-06 18:57:13.892272,2025-05-06 18:57:13.892272
216069,133,2012-07-03,20.4,0,18,06:02,22.9,12:52,31,4.4,10.8,13:30,76,88,05:00,66,13:00,2025-05-06 18:57:13.967147,2025-05-06 18:57:13.967147
216085,133,2012-07-04,20.6,0,18.4,04:53,22.7,12:04,30,4.4,9.7,22:20,82,90,,71,13:30,2025-05-06 18:57:14.055324,2025-05-06 18:57:14.055324
216101,133,2012-07-05,20,0,18.4,01:22,21.7,13:41,30,4.7,10.6,14:00,82,93,01:10,73,13:40,2025-05-06 18:57:14.141027,2025-05-06 18:57:14.141027
216117,133,2012-07-06,19.8,0,18.2,07:33,21.5,14:21,32,5,10,09:20,82,94,00:30,70,14:20,2025-05-06 18:57:14.221440,2025-05-06 18:57:14.221440
216133,133,2012-07-07,20.6,0,18.6,03:31,22.5,15:19,30,4.2,9.4,15:00,74,88,23:50,65,13:10,2025-05-06 18:57:14.304229,2025-05-06 18:57:14.304229
216149,133,2012-07-08,20,0.4,18.7,,21.4,15:18,31,3.1,8.3,14:30,83,93,12:40,71,10:00,2025-05-06 18:57:14.395789,2025-05-06 18:57:14.395789
216165,133,2012-07-09,20.4,0,18.7,03:40,22.2,15:07,36,3.9,9.7,09:30,77,89,07:20,67,12:50,2025-05-06 18:57:14.490875,2025-05-06 18:57:14.490875
216181,133,2012-07-10,20.2,0,18.5,,22,14:23,31,5,10,21:00,78,86,,69,14:40,2025-05-06 18:57:14.582714,2025-05-06 18:57:14.582714
216196,133,2012-07-11,19.6,0,18.4,06:20,20.9,15:58,31,5.6,10.8,19:00,79,88,,74,13:00,2025-05-06 18:57:14.665575,2025-05-06 18:57:14.665575
216211,133,2012-07-12,20,0,18.4,,21.7,13:45,31,5.6,12.2,15:50,81,90,03:40,74,14:40,2025-05-06 18:57:14.744346,2025-05-06 18:57:14.744346
216227,133,2012-07-13,20,0,18.1,05:17,22,14:57,26,6.4,12.5,15:40,81,89,,72,15:00,2025-05-06 18:57:14.831164,2025-05-06 18:57:14.831164
216242,133,2012-07-14,20.4,0,18.2,04:23,22.6,15:19,30,5,10,13:00,83,90,,73,15:20,2025-05-06 18:57:14.909724,2025-05-06 18:57:14.909724
216257,133,2012-07-15,21.4,0,19.3,00:01,23.6,13:45,27,3.3,8.6,,67,88,00:00,52,,2025-05-06 18:57:14.982316,2025-05-06 18:57:14.982316
216272,133,2012-07-16,22.4,0,19.7,06:23,25.1,15:16,30,4.4,9.4,18:10,71,79,22:50,53,,2025-05-06 18:57:15.051632,2025-05-06 18:57:15.051632
216286,133,2012-07-17,24.6,0,19.3,05:56,29.8,16:47,25,4.2,9.7,05:50,80,96,07:00,49,16:40,2025-05-06 18:57:15.111917,2025-05-06 18:57:15.111917
216301,133,2012-07-18,24,0,19.3,06:18,28.6,13:35,29,4.7,10.8,08:30,77,98,,55,13:20,2025-05-06 18:57:15.183520,2025-05-06 18:57:15.183520
216316,133,2012-07-19,22.8,0,19.3,05:54,26.4,14:00,27,4.2,9.4,00:40,73,97,,43,22:50,2025-05-06 18:57:15.258089,2025-05-06 18:57:15.258089
216331,133,2012-07-20,22.4,0,20.2,05:53,24.7,10:44,27,4.4,10.6,17:50,78,85,19:40,48,01:00,2025-05-06 18:57:15.329094,2025-05-06 18:57:15.329094
216346,133,2012-07-21,23,0,20.1,05:24,25.9,14:15,30,4.4,9.7,04:50,76,90,05:30,49,00:50,2025-05-06 18:57:15.411861,2025-05-06 18:57:15.411861
216361,133,2012-07-22,23.8,0,20.6,06:26,27.1,13:16,32,3.1,7.5,15:10,76,88,06:30,63,13:20,2025-05-06 18:57:15.492208,2025-05-06 18:57:15.492208
216376,133,2012-07-23,22.9,0,19.7,23:50,26.1,12:59,30,2.8,8.1,15:00,74,91,,66,13:00,2025-05-06 18:57:15.575701,2025-05-06 18:57:15.575701
216391,133,2012-07-24,20.7,0,19.1,05:01,22.3,13:04,32,3.6,7.5,15:00,84,93,02:30,78,,2025-05-06 18:57:15.656906,2025-05-06 18:57:15.656906
216405,133,2012-07-25,21.4,0,19.1,06:18,23.7,13:47,30,3.1,8.3,14:50,81,93,06:10,71,13:10,2025-05-06 18:57:15.733149,2025-05-06 18:57:15.733149
216419,133,2012-07-26,22,0,19.2,01:44,24.7,14:28,33,3.3,7.8,18:00,78,92,,64,14:50,2025-05-06 18:57:15.802632,2025-05-06 18:57:15.802632
216435,133,2012-07-27,22.2,0,19.8,06:14,24.7,15:18,30,3.6,8.1,13:20,77,91,07:00,62,15:10,2025-05-06 18:57:15.884832,2025-05-06 18:57:15.884832
216451,133,2012-07-28,22.4,0,19.4,06:00,25.3,13:33,30,3.3,8.1,13:20,78,88,,67,12:20,2025-05-06 18:57:15.964994,2025-05-06 18:57:15.964994
216467,133,2012-07-29,21.6,0,18.9,,24.2,14:00,31,3.3,7.8,12:30,74,89,04:10,60,14:00,2025-05-06 18:57:16.041340,2025-05-06 18:57:16.041340
216483,133,2012-07-30,21.6,0,19,05:17,24.2,14:56,28,5,10.3,18:40,80,90,06:20,68,12:40,2025-05-06 18:57:16.117417,2025-05-06 18:57:16.117417
216500,133,2012-07-31,21.6,0,19.5,06:03,23.7,,30,5.3,11.1,10:40,81,90,,72,,2025-05-06 18:57:16.211910,2025-05-06 18:57:16.211910
216517,133,2012-08-01,21,0,18.9,05:39,23.1,11:54,25,5.3,11.1,11:50,82,93,05:00,74,12:30,2025-05-06 18:57:16.313119,2025-05-06 18:57:16.313119
216534,133,2012-08-02,21.2,0,19.2,,23.3,13:22,30,5,10.6,10:50,84,91,,75,15:30,2025-05-06 18:57:16.395164,2025-05-06 18:57:16.395164
216551,133,2012-08-03,23,0,20.4,05:39,25.7,18:23,26,4.2,9.2,13:00,73,90,,48,19:40,2025-05-06 18:57:16.483517,2025-05-06 18:57:16.483517
216568,133,2012-08-04,22.8,0,20,,25.6,13:35,30,4.2,8.9,16:50,78,91,23:30,55,00:00,2025-05-06 18:57:16.574888,2025-05-06 18:57:16.574888
216585,133,2012-08-05,21.3,0,19.4,,23.2,14:28,28,5,10,14:10,79,92,01:10,70,14:40,2025-05-06 18:57:16.667568,2025-05-06 18:57:16.667568
216602,133,2012-08-06,21.6,0,19.3,23:56,23.8,15:45,35,3.6,8.1,10:00,81,94,07:10,69,13:00,2025-05-06 18:57:16.764781,2025-05-06 18:57:16.764781
216619,133,2012-08-07,21,0,18.7,06:36,23.4,12:34,31,3.9,8.1,13:30,75,90,01:20,61,12:10,2025-05-06 18:57:16.849755,2025-05-06 18:57:16.849755
216635,133,2012-08-08,20.8,0,18.2,,23.4,15:09,26,3.6,9.7,15:20,75,84,,59,15:30,2025-05-06 18:57:16.930342,2025-05-06 18:57:16.930342
216651,133,2012-08-09,20.9,0,18.9,02:42,22.9,12:10,31,5,10.6,14:20,78,88,20:00,60,23:59,2025-05-06 18:57:17.002419,2025-05-06 18:57:17.002419
216667,133,2012-08-10,23.5,0,21.1,00:53,25.9,14:15,29,3.3,7.8,17:50,65,88,19:50,32,06:10,2025-05-06 18:57:17.074091,2025-05-06 18:57:17.074091
216683,133,2012-08-11,23.8,0,20.7,04:40,27,13:48,26,4.4,9.7,08:40,81,91,06:40,41,01:00,2025-05-06 18:57:17.148805,2025-05-06 18:57:17.148805
216698,133,2012-08-12,23.7,0,20.6,23:54,26.8,12:18,28,3.3,8.9,20:50,65,88,23:50,51,04:50,2025-05-06 18:57:17.219798,2025-05-06 18:57:17.219798
216711,133,2012-08-13,22.4,0,19.6,07:12,25.2,13:22,29,3.6,8.3,22:00,80,90,07:30,52,04:30,2025-05-06 18:57:17.284677,2025-05-06 18:57:17.284677
216725,133,2012-08-14,21.8,0,19,06:42,24.7,15:02,29,3.6,7.2,00:50,79,89,,67,14:30,2025-05-06 18:57:17.354871,2025-05-06 18:57:17.354871
216741,133,2012-08-15,22.4,0,19.4,,25.4,14:55,31,3.1,6.7,04:00,78,91,03:00,66,15:00,2025-05-06 18:57:17.442626,2025-05-06 18:57:17.442626
216757,133,2012-08-16,22.8,0,19.1,05:58,26.6,13:37,32,2.8,6.4,19:30,77,91,07:30,64,13:20,2025-05-06 18:57:17.524805,2025-05-06 18:57:17.524805
216773,133,2012-08-17,23,0,20.5,04:08,25.5,15:45,30,3.1,8.6,17:50,76,91,,63,16:00,2025-05-06 18:57:17.600019,2025-05-06 18:57:17.600019
216790,133,2012-08-18,22,0,19.6,06:19,24.5,15:47,30,3.9,8.3,15:10,77,90,,66,15:40,2025-05-06 18:57:17.678665,2025-05-06 18:57:17.678665
216807,133,2012-08-19,22.4,0,19.6,05:54,25.1,13:25,27,4.2,9.7,12:50,77,91,02:40,48,20:50,2025-05-06 18:57:17.756667,2025-05-06 18:57:17.756667
216824,133,2012-08-20,24.2,0,20.6,06:33,27.7,13:20,29,3.3,8.1,21:20,81,96,,52,00:10,2025-05-06 18:57:17.840795,2025-05-06 18:57:17.840795
216841,133,2012-08-21,26,0,22.3,06:42,29.6,15:37,33,3.6,8.1,11:30,68,92,08:10,46,15:40,2025-05-06 18:57:17.917138,2025-05-06 18:57:17.917138
216858,133,2012-08-22,24.8,0,21.6,,28,16:10,28,3.6,8.9,05:00,75,96,,54,23:30,2025-05-06 18:57:17.996358,2025-05-06 18:57:17.996358
216875,133,2012-08-23,24.7,0,21.4,,28,12:24,26,3.1,8.3,20:40,75,93,23:59,49,12:20,2025-05-06 18:58:20.836674,2025-05-06 18:58:20.836674
216892,133,2012-08-24,22.6,0,20.8,04:06,24.5,15:55,32,2.8,7.2,05:50,87,94,,77,,2025-05-06 18:58:20.954295,2025-05-06 18:58:20.954295
216909,133,2012-08-25,22.8,0,20.6,06:21,25,12:55,31,3.6,7.5,11:20,76,90,,63,,2025-05-06 18:58:21.048897,2025-05-06 18:58:21.048897
216926,133,2012-08-26,23.8,0,19.8,03:55,27.7,10:12,33,3.1,8.3,18:10,67,89,,42,08:30,2025-05-06 18:58:21.152412,2025-05-06 18:58:21.152412
216943,133,2012-08-27,23.1,0,20.8,07:13,25.4,13:54,31,3.1,7.8,13:30,81,89,01:00,70,14:50,2025-05-06 18:58:21.271940,2025-05-06 18:58:21.271940
216960,133,2012-08-28,22.6,0,20.3,03:45,25,14:47,31,3.1,8.3,15:40,82,91,07:20,72,14:50,2025-05-06 18:58:21.368543,2025-05-06 18:58:21.368543
216977,133,2012-08-29,22.8,0,19.8,06:16,25.7,12:26,29,3.3,7.8,04:50,81,92,05:40,68,11:50,2025-05-06 18:58:21.459959,2025-05-06 18:58:21.459959
216994,133,2012-08-30,24.4,0,21.2,00:39,27.6,12:16,30,2.5,6.9,17:20,60,86,23:40,47,13:30,2025-05-06 18:58:21.558179,2025-05-06 18:58:21.558179
217011,133,2012-08-31,22.6,0,20.2,23:57,25.1,13:59,29,4.2,10,14:30,79,91,07:10,68,,2025-05-06 18:58:21.646937,2025-05-06 18:58:21.646937
217028,133,2012-09-01,22.6,0,19.8,06:18,25.3,14:41,30,5.3,10.3,13:50,80,90,04:30,62,10:10,2025-05-06 18:58:21.738762,2025-05-06 18:58:21.738762
217045,133,2012-09-02,23.4,0,20.4,04:38,26.5,16:28,32,3.9,11.1,09:50,74,90,,58,16:10,2025-05-06 18:58:21.825226,2025-05-06 18:58:21.825226
217062,133,2012-09-03,22.3,0,18.8,04:08,25.8,09:41,30,3.3,8.9,12:10,59,91,00:20,29,08:10,2025-05-06 18:58:21.909863,2025-05-06 18:58:21.909863
217078,133,2012-09-04,22,0,19.1,07:04,25,14:25,31,3.9,8.3,09:40,77,89,06:40,68,13:50,2025-05-06 18:58:21.987350,2025-05-06 18:58:21.987350
217094,133,2012-09-05,21.4,0,18,06:52,24.8,12:50,32,2.8,8.1,11:00,75,88,21:40,65,12:40,2025-05-06 18:58:22.065167,2025-05-06 18:58:22.065167
217111,133,2012-09-06,21.9,0,18.1,06:52,25.7,14:32,5,2.2,7.2,15:20,75,87,07:00,58,11:50,2025-05-06 18:58:22.152529,2025-05-06 18:58:22.152529
217127,133,2012-09-07,21.9,0,18.4,04:37,25.4,15:47,34,1.9,6.1,11:10,76,89,08:00,63,16:30,2025-05-06 18:58:22.230567,2025-05-06 18:58:22.230567
217144,133,2012-09-08,22.3,0,19.4,04:56,25.2,12:19,7,1.9,6.1,13:00,81,92,,70,12:00,2025-05-06 18:58:22.318841,2025-05-06 18:58:22.318841
217161,133,2012-09-09,22.4,0,19.6,,25.1,15:02,2,2.2,6.4,15:50,81,93,03:10,62,16:30,2025-05-06 18:58:22.415746,2025-05-06 18:58:22.415746
217178,133,2012-09-10,21.9,0,18.6,04:12,25.2,15:00,99,3.1,7.2,13:30,72,87,,58,13:50,2025-05-06 18:58:22.501661,2025-05-06 18:58:22.501661
217193,133,2012-09-11,23,0,20,02:48,25.9,14:52,32,2.8,6.7,13:20,70,89,06:40,54,,2025-05-06 18:58:22.578740,2025-05-06 18:58:22.578740
217208,133,2012-09-12,22.5,0,19.1,07:01,25.9,14:56,99,2.2,5.3,15:40,75,88,,60,15:00,2025-05-06 18:58:22.656055,2025-05-06 18:58:22.656055
217223,133,2012-09-13,22.6,0,18.9,02:35,26.3,14:16,35,1.9,5.6,15:00,78,90,,64,14:50,2025-05-06 18:58:22.738580,2025-05-06 18:58:22.738580
217239,133,2012-09-14,22.6,0,19.3,02:52,25.8,13:45,31,2.5,6.4,16:30,80,92,,70,12:10,2025-05-06 18:58:22.833889,2025-05-06 18:58:22.833889
217256,133,2012-09-15,22.3,0,18.7,06:49,25.9,13:58,31,2.5,6.4,20:00,81,93,,70,,2025-05-06 18:58:22.942402,2025-05-06 18:58:22.942402
217274,133,2012-09-16,22.8,0,19.5,01:46,26.2,13:41,30,1.9,6.9,19:50,78,92,,68,12:30,2025-05-06 18:58:23.048517,2025-05-06 18:58:23.048517
217291,133,2012-09-17,23.6,0,19.7,06:09,27.6,14:14,2,2.2,5.8,12:30,73,90,01:20,57,15:10,2025-05-06 18:58:23.143225,2025-05-06 18:58:23.143225
217308,133,2012-09-18,24.1,0,21.6,06:08,26.6,12:07,31,4.4,9.4,12:30,77,88,21:10,68,12:20,2025-05-06 18:58:23.235861,2025-05-06 18:58:23.235861
217325,133,2012-09-19,24,0,21.6,06:08,26.3,13:25,28,3.9,8.9,03:00,79,92,06:20,69,13:30,2025-05-06 18:58:23.324697,2025-05-06 18:58:23.324697
217343,133,2012-09-20,24,0,21.3,23:54,26.7,14:39,28,3.3,7.2,02:50,76,89,22:50,67,14:40,2025-05-06 18:58:23.423466,2025-05-06 18:58:23.423466
217359,133,2012-09-21,22.8,0,19.3,,26.4,13:58,8,2.2,8.1,15:20,80,91,,68,11:50,2025-05-06 18:58:23.498001,2025-05-06 18:58:23.498001
217377,133,2012-09-22,23.2,0,18.6,06:48,27.7,15:04,10,1.7,8.9,10:10,73,92,,66,19:20,2025-05-06 18:58:23.582314,2025-05-06 18:58:23.582314
217395,133,2012-09-23,25.6,5.2,22.3,01:15,28.9,12:23,13,3.3,12.2,16:00,73,96,23:30,32,04:50,2025-05-06 18:58:23.677056,2025-05-06 18:58:23.677056
217413,133,2012-09-24,22.4,21.6,21.9,04:54,23,16:40,99,1.7,7.8,,98,99,,96,,2025-05-06 18:58:23.784164,2025-05-06 18:58:23.784164
217430,133,2012-09-25,24.3,0,22,,26.6,12:44,29,1.7,5,23:40,85,98,,71,13:00,2025-05-06 18:58:23.884708,2025-05-06 18:58:23.884708
217447,133,2012-09-26,23.4,0,19.6,05:58,27.1,13:48,28,1.7,5.8,02:50,79,96,01:30,67,16:00,2025-05-06 18:58:23.973938,2025-05-06 18:58:23.973938
217463,133,2012-09-27,23.1,1.8,19,17:47,27.2,10:30,31,2.8,12.5,11:50,89,95,18:00,61,10:10,2025-05-06 18:58:24.050610,2025-05-06 18:58:24.050610
217480,133,2012-09-28,21.1,0.4,18.4,06:44,23.8,13:19,32,3.3,9.2,16:30,71,82,,59,14:10,2025-05-06 18:58:24.133241,2025-05-06 18:58:24.133241
217497,133,2012-09-29,21.2,1.2,18.4,02:33,24,12:09,30,3.1,7.8,17:00,77,90,02:40,64,12:10,2025-05-06 18:58:24.219617,2025-05-06 18:58:24.219617
217514,133,2012-09-30,21.4,0,18.9,03:43,23.9,14:03,30,2.8,7.5,14:50,76,85,20:50,67,14:10,2025-05-06 18:58:24.309939,2025-05-06 18:58:24.309939
217530,133,2012-10-01,21.5,0,18.6,03:06,24.4,14:16,30,3.1,7.8,16:10,68,86,02:20,51,14:20,2025-05-06 18:58:24.394504,2025-05-06 18:58:24.394504
217547,133,2012-10-02,21.5,0.4,17.9,06:54,25.1,13:45,31,1.9,6.4,14:50,67,84,02:30,50,12:00,2025-05-06 18:58:24.478724,2025-05-06 18:58:24.478724
217565,133,2012-10-03,21.4,0.2,18.6,23:55,24.3,13:56,32,2.5,8.3,15:00,74,88,06:00,58,14:00,2025-05-06 18:58:24.580227,2025-05-06 18:58:24.580227
217583,133,2012-10-04,20.4,0,17.5,06:48,23.4,10:59,34,1.4,5,11:10,77,87,21:50,60,10:10,2025-05-06 18:58:24.671928,2025-05-06 18:58:24.671928
217600,133,2012-10-05,20.7,0,17.4,03:29,24,12:04,99,2.2,5.8,11:40,74,90,21:50,64,09:40,2025-05-06 18:58:24.749933,2025-05-06 18:58:24.749933
217617,133,2012-10-06,21.6,0,17.6,01:53,25.6,15:05,10,2.2,5.8,09:20,74,90,22:40,59,11:10,2025-05-06 18:58:24.841574,2025-05-06 18:58:24.841574
217634,133,2012-10-07,22.4,0,18.3,05:30,26.4,14:11,28,1.9,6.1,,80,94,,63,14:00,2025-05-06 18:58:24.939798,2025-05-06 18:58:24.939798
217651,133,2012-10-08,22.8,0,18.3,04:10,27.4,14:02,28,2.8,7.2,18:40,77,94,02:40,42,14:10,2025-05-06 18:58:25.039686,2025-05-06 18:58:25.039686
217667,133,2012-10-09,22.3,0,18.1,06:02,26.5,13:58,99,2.5,6.4,,76,91,23:59,56,13:10,2025-05-06 18:58:25.133680,2025-05-06 18:58:25.133680
217683,133,2012-10-10,22.3,0,18.8,06:57,25.8,13:20,30,2.8,8.3,17:40,76,93,01:20,46,08:20,2025-05-06 18:58:25.224345,2025-05-06 18:58:25.224345
217700,133,2012-10-11,22.4,0,20.1,02:56,24.7,13:36,31,3.6,7.5,09:00,83,92,23:00,73,13:50,2025-05-06 18:58:25.307846,2025-05-06 18:58:25.307846
217718,133,2012-10-12,22.5,0,20,07:29,25,15:30,1,2.2,7.5,12:10,81,92,06:20,72,16:20,2025-05-06 18:58:25.396461,2025-05-06 18:58:25.396461
217735,133,2012-10-13,21,0,19.3,23:34,22.7,13:38,34,2.5,7.5,17:20,80,88,10:00,72,13:40,2025-05-06 18:58:25.480391,2025-05-06 18:58:25.480391
217752,133,2012-10-14,21.2,0,18.7,05:31,23.7,13:35,32,3.6,8.6,14:10,76,86,,67,13:40,2025-05-06 18:58:25.566129,2025-05-06 18:58:25.566129
217769,133,2012-10-15,21.2,1,18.9,23:29,23.4,14:39,28,2.5,7.5,02:10,83,93,,73,15:30,2025-05-06 18:58:25.648346,2025-05-06 18:58:25.648346
217786,133,2012-10-16,20.8,0,18.2,06:47,23.5,13:04,30,3.1,7.8,11:40,77,90,,65,12:50,2025-05-06 18:58:25.737974,2025-05-06 18:58:25.737974
217803,133,2012-10-17,21,0,18.3,23:42,23.8,12:26,33,3.1,9.2,15:00,74,84,,62,14:30,2025-05-06 18:58:25.824987,2025-05-06 18:58:25.824987
217821,133,2012-10-18,20.2,9,15.9,17:59,24.4,11:32,29,3.3,12.8,17:30,75,97,17:40,58,09:30,2025-05-06 18:58:25.906434,2025-05-06 18:58:25.906434
217839,133,2012-10-19,18.4,1.2,15.4,06:52,21.5,13:50,31,3.6,11.7,14:10,72,89,00:00,58,14:40,2025-05-06 18:58:25.987932,2025-05-06 18:58:25.987932
217857,133,2012-10-20,19.2,0,16.6,,21.7,13:07,30,1.9,7.2,13:30,69,80,00:10,56,14:50,2025-05-06 18:58:26.070320,2025-05-06 18:58:26.070320
217875,133,2012-10-21,18.8,0,15.5,06:28,22.1,11:12,5,2.2,6.9,12:20,71,78,21:50,65,10:00,2025-05-06 18:58:26.159115,2025-05-06 18:58:26.159115
217892,133,2012-10-22,19.1,0,15.7,05:19,22.5,11:40,14,1.7,9.7,12:30,75,83,20:10,64,03:00,2025-05-06 18:58:26.242935,2025-05-06 18:58:26.242935
217908,133,2012-10-23,20.6,0,16.5,05:52,24.6,14:55,10,2.2,5,17:40,75,90,20:20,65,14:20,2025-05-06 18:58:26.323136,2025-05-06 18:58:26.323136
217924,133,2012-10-24,21.6,0,18,06:43,25.2,,10,2.2,6.1,12:50,75,90,23:30,65,09:30,2025-05-06 18:58:26.406510,2025-05-06 18:58:26.406510
217941,133,2012-10-25,21.1,0.2,17.9,06:12,24.3,12:07,9,1.7,5.8,11:30,84,92,04:00,74,11:40,2025-05-06 18:58:26.502651,2025-05-06 18:58:26.502651
217957,133,2012-10-26,21,0,17.9,05:37,24.1,11:36,31,1.9,6.9,18:20,77,91,,65,,2025-05-06 18:58:26.598532,2025-05-06 18:58:26.598532
217975,133,2012-10-27,20.8,0,17.4,,24.3,13:00,30,1.7,6.7,13:10,77,89,00:00,69,13:00,2025-05-06 18:58:26.698822,2025-05-06 18:58:26.698822
217993,133,2012-10-28,22,2.4,18.2,05:04,25.7,11:47,10,1.1,4.7,23:50,80,92,,59,11:50,2025-05-06 18:58:26.792867,2025-05-06 18:58:26.792867
218011,133,2012-10-29,22.4,0,19.2,07:26,25.6,12:57,30,1.9,5.8,14:00,83,94,04:50,68,13:40,2025-05-06 18:58:26.883782,2025-05-06 18:58:26.883782
218029,133,2012-10-30,23.9,0,19.9,02:13,27.9,16:27,21,4.4,23.6,17:50,61,93,01:00,40,17:40,2025-05-06 18:58:26.977096,2025-05-06 18:58:26.977096
218047,133,2012-10-31,24,12.4,20.6,10:51,27.5,16:19,27,4.7,17.5,06:30,56,95,11:00,44,06:50,2025-05-06 18:58:27.060628,2025-05-06 18:58:27.060628
218065,133,2012-11-01,24,0,22.2,,25.7,00:01,25,1.4,9.2,00:10,85,94,,57,02:20,2025-05-06 18:58:27.153894,2025-05-06 18:58:27.153894
218083,133,2012-11-02,22.4,0,20.3,06:58,24.5,15:45,28,1.4,10.3,18:50,86,94,,62,23:59,2025-05-06 18:58:27.235232,2025-05-06 18:58:27.235232
218101,133,2012-11-03,25.4,0,23.1,20:40,27.8,14:10,25,1.7,7.5,17:10,68,82,20:10,45,06:30,2025-05-06 18:58:27.322905,2025-05-06 18:58:27.322905
218119,133,2012-11-04,24.4,0.6,22.5,02:10,26.4,13:43,13,1.9,7.8,08:20,73,83,22:10,65,08:20,2025-05-06 18:58:27.410982,2025-05-06 18:58:27.410982
218137,133,2012-11-05,24.1,,21.2,23:51,27,15:02,16,1.1,11.4,09:50,69,89,,50,11:40,2025-05-06 18:58:27.491050,2025-05-06 18:58:27.491050
218155,133,2012-11-06,22.7,0.2,19.7,06:44,25.7,14:14,26,1.7,5.3,14:50,81,93,,67,13:00,2025-05-06 18:58:27.574083,2025-05-06 18:58:27.574083
218172,133,2012-11-07,19,44.4,17.6,19:23,20.4,00:01,99,2.8,8.1,14:50,93,97,09:30,82,23:40,2025-05-06 18:58:27.665921,2025-05-06 18:58:27.665921
218190,133,2012-11-08,17.8,4.6,15.7,23:47,19.9,10:48,32,2.8,9.7,09:30,82,94,02:30,68,16:00,2025-05-06 18:58:27.763412,2025-05-06 18:58:27.763412
218208,133,2012-11-09,17.6,0.4,15.5,03:05,19.8,13:41,31,4.4,12.8,16:20,72,83,02:40,62,13:10,2025-05-06 18:58:27.850813,2025-05-06 18:58:27.850813
218226,133,2012-11-10,19,0.2,17.6,03:23,20.5,12:52,34,5,13.3,09:50,76,87,21:50,66,02:40,2025-05-06 18:58:27.951802,2025-05-06 18:58:27.951802
218244,133,2012-11-11,18.8,5,17.4,08:57,20.3,13:45,30,4.4,11.4,13:20,81,96,12:10,70,17:30,2025-05-06 18:58:28.048690,2025-05-06 18:58:28.048690
218261,133,2012-11-12,18.2,0.4,17,03:36,19.4,12:00,30,3.1,8.6,04:30,75,87,01:10,65,15:30,2025-05-06 18:58:28.133420,2025-05-06 18:58:28.133420
218278,133,2012-11-13,18.2,0.6,16.1,04:19,20.2,14:14,34,2.2,6.4,10:50,71,82,06:50,60,14:10,2025-05-06 18:58:28.224983,2025-05-06 18:58:28.224983
218295,133,2012-11-14,17.8,0.2,15.3,,20.4,13:45,26,1.7,6.4,04:00,76,87,07:10,67,13:00,2025-05-06 18:58:28.333525,2025-05-06 18:58:28.333525
218312,133,2012-11-15,17.6,0,15.3,,19.8,13:44,34,1.1,4.4,12:00,82,92,06:10,72,02:20,2025-05-06 18:58:28.424861,2025-05-06 18:58:28.424861
218329,133,2012-11-16,18.3,0,15,03:54,21.6,13:37,18,1.4,4.7,01:40,70,85,,59,11:30,2025-05-06 18:58:28.510374,2025-05-06 18:58:28.510374
218346,133,2012-11-17,19,1.6,17.3,23:42,20.8,13:35,28,4.2,12.5,12:20,79,88,23:30,70,13:40,2025-05-06 18:58:28.592291,2025-05-06 18:58:28.592291
218362,133,2012-11-18,18.3,0,16.3,23:34,20.3,14:30,30,2.8,8.9,02:30,72,85,00:00,64,15:40,2025-05-06 18:58:28.667604,2025-05-06 18:58:28.667604
218378,133,2012-11-19,17.6,0,15.3,03:59,19.9,11:49,1,1.7,5.3,14:30,76,81,19:10,58,12:00,2025-05-06 18:58:28.742884,2025-05-06 18:58:28.742884
218393,133,2012-11-20,17.5,0,14.4,07:09,20.6,10:44,30,2.5,5,17:10,63,77,,53,13:00,2025-05-06 18:58:28.810815,2025-05-06 18:58:28.810815
218408,133,2012-11-21,17.4,10,14.1,06:41,20.8,13:08,29,3.9,11.7,14:50,74,96,15:50,64,11:50,2025-05-06 18:58:28.882343,2025-05-06 18:58:28.882343
218423,133,2012-11-22,18,0.8,15.9,06:02,20.1,14:31,26,1.4,8.9,01:20,86,95,01:40,78,14:40,2025-05-06 18:58:28.958427,2025-05-06 18:58:28.958427
218438,133,2012-11-23,18.4,0,15.3,23:50,21.4,13:45,4,2.5,4.7,13:10,79,90,21:00,71,13:50,2025-05-06 18:58:29.029484,2025-05-06 18:58:29.029484
218454,133,2012-11-24,19.2,0,14.9,00:40,23.6,13:45,12,1.7,8.9,11:00,81,94,03:30,28,23:50,2025-05-06 18:58:29.098999,2025-05-06 18:58:29.098999
218470,133,2012-11-25,22.1,0,17.2,23:47,27,12:08,15,2.8,10.8,18:10,58,83,21:20,26,00:20,2025-05-06 18:58:29.173330,2025-05-06 18:58:29.173330
218485,133,2012-11-26,19.6,16.4,16,07:30,23.3,14:33,33,1.1,6.1,21:40,78,95,23:50,57,15:00,2025-05-06 18:58:29.259641,2025-05-06 18:58:29.259641
218500,133,2012-11-27,17.9,5,16.7,23:50,19.1,09:45,1,3.9,11.4,17:30,91,96,00:40,80,22:10,2025-05-06 18:58:29.346908,2025-05-06 18:58:29.346908
218516,133,2012-11-28,17,2.6,15.2,17:56,18.7,14:15,33,2.2,9.4,16:50,74,87,00:00,56,15:50,2025-05-06 18:58:29.439939,2025-05-06 18:58:29.439939
218532,133,2012-11-29,16.2,1.2,14.2,04:40,18.1,13:38,32,4.2,11.1,14:20,78,91,,66,11:20,2025-05-06 18:58:29.549756,2025-05-06 18:58:29.549756
218548,133,2012-11-30,16.4,3.8,14.3,08:57,18.4,13:45,31,4.4,13.1,20:10,73,94,19:10,60,12:10,2025-05-06 18:58:29.653585,2025-05-06 18:58:29.653585
218565,133,2012-12-01,16.1,2.4,14.4,00:55,17.8,12:53,31,5.8,13.1,15:30,75,90,01:00,60,10:30,2025-05-06 18:58:29.751213,2025-05-06 18:58:29.751213
218582,133,2012-12-02,15.6,0.4,13.3,05:45,17.9,12:17,3,3.6,10.8,15:40,73,86,01:30,58,23:30,2025-05-06 18:58:29.846295,2025-05-06 18:58:29.846295
218599,133,2012-12-03,16.2,0,14.3,05:30,18,11:48,3,2.2,7.2,13:40,68,77,07:20,56,11:50,2025-05-06 18:58:29.935428,2025-05-06 18:58:29.935428
218616,133,2012-12-04,16.1,0,13.6,22:33,18.6,14:14,2,1.7,6.4,02:30,68,78,20:50,60,,2025-05-06 18:58:30.023000,2025-05-06 18:58:30.023000
218634,133,2012-12-05,16,0,14,00:17,18.1,14:22,4,1.1,4.7,12:00,70,80,,61,14:30,2025-05-06 18:58:30.117259,2025-05-06 18:58:30.117259
218651,133,2012-12-06,16.4,0,13,08:14,19.7,12:51,6,1.7,5.8,13:00,60,80,00:00,51,13:00,2025-05-06 18:58:30.196733,2025-05-06 18:58:30.196733
218668,133,2012-12-07,16.4,0,12.7,08:15,20.2,11:39,18,1.9,5.8,00:40,67,80,20:30,52,11:10,2025-05-06 18:58:30.283559,2025-05-06 18:58:30.283559
218686,133,2012-12-08,17,0,13.8,07:42,20.1,12:09,31,1.9,5.3,22:10,74,90,22:10,64,05:50,2025-05-06 18:58:30.368724,2025-05-06 18:58:30.368724
218703,133,2012-12-09,17.4,0,15.4,22:26,19.3,15:40,2,1.7,5.3,04:50,81,91,,68,14:50,2025-05-06 18:58:30.446121,2025-05-06 18:58:30.446121
218720,133,2012-12-10,16.4,0,13.4,04:22,19.3,12:44,18,1.9,5,02:00,79,91,21:40,72,03:40,2025-05-06 18:58:30.525933,2025-05-06 18:58:30.525933
218738,133,2012-12-11,18.6,0,14.6,07:47,22.5,13:25,12,2.2,9.7,12:10,71,88,22:40,43,11:00,2025-05-06 18:58:30.612954,2025-05-06 18:58:30.612954
218755,133,2012-12-12,16.4,0,13.3,07:50,19.6,12:36,34,2.8,6.7,13:50,75,87,00:00,54,05:50,2025-05-06 18:58:30.701144,2025-05-06 18:58:30.701144
218772,133,2012-12-13,17.2,0,14.7,02:31,19.6,14:35,32,1.9,5.3,14:30,78,88,03:40,68,13:10,2025-05-06 18:58:30.791727,2025-05-06 18:58:30.791727
218789,133,2012-12-14,16.3,0,13.3,07:29,19.3,12:35,32,2.5,7.5,15:40,76,89,03:30,69,09:50,2025-05-06 18:58:30.881987,2025-05-06 18:58:30.881987
218806,133,2012-12-15,16.4,0,13.5,04:33,19.4,12:13,99,1.7,5.3,,82,87,,72,13:50,2025-05-06 18:58:30.964920,2025-05-06 18:58:30.964920
218823,133,2012-12-16,16.4,0,13.6,06:01,19.3,11:24,8,1.7,5.6,12:00,80,89,,72,11:30,2025-05-06 18:58:31.040324,2025-05-06 18:58:31.040324
218840,133,2012-12-17,16.8,0,14.6,23:38,19.1,14:51,4,1.4,5,13:30,80,90,02:40,73,,2025-05-06 18:58:31.122910,2025-05-06 18:58:31.122910
218857,133,2012-12-18,18,0,13.9,06:10,22.1,13:06,8,1.7,5,12:40,81,93,05:20,44,23:40,2025-05-06 18:58:31.209713,2025-05-06 18:58:31.209713
218874,133,2012-12-19,18.8,0,13.6,04:51,24.1,12:25,19,1.7,6.1,23:10,66,93,06:00,36,09:00,2025-05-06 18:58:31.299819,2025-05-06 18:58:31.299819
218891,133,2012-12-20,20.4,0,16.1,03:00,24.7,12:59,9,1.9,7.8,14:10,43,84,19:40,28,,2025-05-06 18:58:31.397827,2025-05-06 18:58:31.397827
218908,133,2012-12-21,,0,,,,,0,,,,,,,,,2025-05-06 18:58:31.497421,2025-05-06 18:58:31.497421
218925,133,2012-12-22,,0,,,,,0,,,,,,,,,2025-05-06 18:58:31.584879,2025-05-06 18:58:31.584879
218942,133,2012-12-23,,0,,,,,0,,,,,,,,,2025-05-06 18:58:31.677592,2025-05-06 18:58:31.677592
218959,133,2012-12-24,,0,,,,,0,,,,,,,,,2025-05-06 18:58:31.768250,2025-05-06 18:58:31.768250
218976,133,2012-12-25,,0.2,,,,,0,,,,,,,,,2025-05-06 18:58:31.867827,2025-05-06 18:58:31.867827
218993,133,2012-12-26,,0.2,,,,,0,,,,,,,,,2025-05-06 18:58:31.971095,2025-05-06 18:58:31.971095
219023,133,2012-12-28,,,,,,,0,2.8,,,57,,,,,2025-05-06 18:58:32.150146,2025-05-06 18:58:32.150146
219040,133,2012-12-29,17.2,0,14.3,23:59,20,14:52,10,2.2,7.8,12:40,63,77,08:20,43,16:00,2025-05-06 18:58:32.242548,2025-05-06 18:58:32.242548
219058,133,2012-12-30,15.9,0,12.7,07:10,19.1,15:39,32,2.2,5.6,13:50,63,82,22:50,49,06:50,2025-05-06 18:58:32.328684,2025-05-06 18:58:32.328684
219075,133,2012-12-31,15.8,0,13.7,04:20,17.8,12:17,35,1.7,7.8,16:00,75,86,06:40,61,16:50,2025-05-06 18:58:32.409576,2025-05-06 18:58:32.409576
219092,133,2013-01-01,16.2,0,14.8,19:40,17.5,14:32,33,1.7,6.7,02:30,72,87,21:40,63,09:50,2025-05-06 18:58:32.499872,2025-05-06 18:58:32.499872
219108,133,2013-01-02,16.2,0,14,22:36,18.3,11:59,3,1.9,6.9,12:30,78,90,04:30,65,16:00,2025-05-06 18:58:32.584824,2025-05-06 18:58:32.584824
219125,133,2013-01-03,15.5,0,14.5,00:01,16.5,15:39,6,0.8,4.7,10:50,79,87,06:30,70,,2025-05-06 18:58:32.675987,2025-05-06 18:58:32.675987
219141,133,2013-01-04,15.9,0,12.8,,19,15:38,5,1.7,6.9,12:40,76,88,20:30,68,11:50,2025-05-06 18:58:32.754117,2025-05-06 18:58:32.754117
219158,133,2013-01-05,15.5,0,12.3,03:09,18.7,13:24,13,3.1,9.4,12:50,60,87,04:00,39,23:10,2025-05-06 18:58:32.840326,2025-05-06 18:58:32.840326
219176,133,2013-01-06,15.6,0,12.5,23:50,18.6,14:31,9,2.5,8.6,11:00,64,80,,39,16:20,2025-05-06 18:58:32.933488,2025-05-06 18:58:32.933488
219194,133,2013-01-07,15,0,11.1,06:52,19,,99,2.5,5.8,13:30,59,74,20:10,50,00:40,2025-05-06 18:58:33.023513,2025-05-06 18:58:33.023513
219212,133,2013-01-08,15.4,0,11.9,01:59,19,12:08,99,1.9,5.3,,65,77,21:00,52,11:40,2025-05-06 18:58:33.104800,2025-05-06 18:58:33.104800
219230,133,2013-01-09,16.6,0,12.5,07:36,20.6,13:52,8,2.5,5.8,15:40,53,81,19:40,38,07:00,2025-05-06 18:58:33.190592,2025-05-06 18:58:33.190592
219247,133,2013-01-10,16.8,0,12.3,06:09,21.2,12:25,6,2.5,6.4,14:20,52,83,23:00,32,12:40,2025-05-06 18:58:33.265695,2025-05-06 18:58:33.265695
219264,133,2013-01-11,16.4,0,12,07:07,20.8,13:11,11,1.9,6.1,14:50,51,81,20:40,39,08:50,2025-05-06 18:58:33.342575,2025-05-06 18:58:33.342575
219281,133,2013-01-12,15.9,0,11.9,06:20,19.9,14:11,5,2.2,6.1,13:10,71,86,05:20,42,01:30,2025-05-06 18:58:33.424184,2025-05-06 18:58:33.424184
219299,133,2013-01-13,15.2,0,11.8,05:14,18.5,14:36,2,1.7,6.4,15:00,73,82,07:50,56,01:00,2025-05-06 18:58:33.505711,2025-05-06 18:58:33.505711
219317,133,2013-01-14,16,0,14.7,,17.2,15:33,1,2.5,6.7,07:10,75,86,05:50,65,15:40,2025-05-06 18:58:33.589471,2025-05-06 18:58:33.589471
219335,133,2013-01-15,15.3,0,12.7,23:28,17.9,14:06,36,1.7,6.4,13:30,73,86,22:20,68,14:10,2025-05-06 18:58:33.675733,2025-05-06 18:58:33.675733
219352,133,2013-01-16,15.4,0,11.4,06:02,19.5,14:28,11,2.2,6.9,10:40,66,92,02:00,42,08:10,2025-05-06 18:58:33.754888,2025-05-06 18:58:33.754888
219369,133,2013-01-17,14.9,0,11.8,03:05,18,15:14,36,2.2,5.3,13:50,74,86,,47,01:10,2025-05-06 18:58:33.833617,2025-05-06 18:58:33.833617
219386,133,2013-01-18,14.6,0,11.7,03:17,17.5,12:09,30,2.8,8.1,18:50,79,89,,72,11:00,2025-05-06 18:58:33.911212,2025-05-06 18:58:33.911212
219403,133,2013-01-19,15.9,0,11.6,05:39,20.2,12:59,32,5,13.6,12:40,73,91,01:10,59,13:00,2025-05-06 18:58:33.991381,2025-05-06 18:58:33.991381
219420,133,2013-01-20,15.6,0,13.8,06:17,17.5,,32,3.6,8.1,11:50,74,83,02:20,68,12:20,2025-05-06 18:58:34.059468,2025-05-06 18:58:34.059468
219436,133,2013-01-21,17.3,9.2,15.4,,19.2,12:20,33,4.2,11.4,16:20,82,95,23:40,67,11:30,2025-05-06 18:58:34.132121,2025-05-06 18:58:34.132121
219452,133,2013-01-22,15,0.2,13.5,06:19,16.5,12:31,99,2.8,9.2,14:30,76,98,,60,16:20,2025-05-06 18:58:34.214563,2025-05-06 18:58:34.214563
219469,133,2013-01-23,15.8,0.2,14.1,00:58,17.6,11:57,2,3.3,9.7,11:10,62,79,06:20,57,13:10,2025-05-06 18:58:34.309619,2025-05-06 18:58:34.309619
219487,133,2013-01-24,15.8,0,13.9,05:33,17.8,13:10,3,2.5,7.8,12:50,72,82,04:30,65,13:50,2025-05-06 18:58:34.414917,2025-05-06 18:58:34.414917
219504,133,2013-01-25,16.3,0,14.8,00:46,17.8,14:49,32,3.6,9.4,21:40,81,89,18:20,69,00:00,2025-05-06 18:58:34.511169,2025-05-06 18:58:34.511169
219521,133,2013-01-26,16.4,1.6,14.8,06:01,17.9,13:41,31,3.3,9.7,01:40,86,98,,79,,2025-05-06 18:58:34.599018,2025-05-06 18:58:34.599018
219538,133,2013-01-27,16.2,0,14.6,23:27,17.8,14:39,30,2.8,8.3,02:30,82,98,00:00,78,16:50,2025-05-06 18:58:34.689777,2025-05-06 18:58:34.689777
219555,133,2013-01-28,16,0,13.5,23:11,18.6,14:57,6,1.7,5.8,14:00,80,92,,71,15:00,2025-05-06 18:58:34.782803,2025-05-06 18:58:34.782803
219572,133,2013-01-29,16.6,0,12.7,07:22,20.5,14:20,10,1.9,6.1,,83,96,08:00,73,13:40,2025-05-06 18:58:34.874971,2025-05-06 18:58:34.874971
219590,133,2013-01-30,18,0,12,03:07,24.1,14:30,14,3.1,8.9,14:00,50,96,02:30,20,20:50,2025-05-06 18:58:34.968304,2025-05-06 18:58:34.968304
219608,133,2013-01-31,18.9,0,15.3,01:11,22.5,15:09,9,3.6,10.6,13:00,29,49,13:40,18,,2025-05-06 18:58:35.066221,2025-05-06 18:58:35.066221
219626,133,2013-02-01,19.2,0,14.8,20:57,23.5,12:22,14,2.5,8.6,08:50,30,84,20:20,19,02:10,2025-05-06 18:58:35.159992,2025-05-06 18:58:35.159992
219644,133,2013-02-02,16.3,0.4,13.7,06:31,18.9,11:32,31,2.2,6.7,14:00,76,83,,31,02:10,2025-05-06 18:58:35.248454,2025-05-06 18:58:35.248454
219662,133,2013-02-03,15.1,0.2,13.9,19:08,16.3,14:17,32,3.3,10.3,10:10,78,89,05:40,66,,2025-05-06 18:58:35.335349,2025-05-06 18:58:35.335349
219679,133,2013-02-04,16.6,0,14.1,06:55,19,14:32,8,1.9,8.6,15:00,65,80,08:50,35,19:30,2025-05-06 18:58:35.414791,2025-05-06 18:58:35.414791
219696,133,2013-02-05,16.8,0,14.9,23:57,18.7,12:11,12,3.3,10.8,11:50,39,74,00:00,22,,2025-05-06 18:58:35.508647,2025-05-06 18:58:35.508647
219714,133,2013-02-06,16,0,13.3,,18.7,13:45,99,1.4,5.8,,72,82,20:10,44,00:00,2025-05-06 18:58:35.601742,2025-05-06 18:58:35.601742
219731,133,2013-02-07,15.8,0,14.4,04:52,17.1,,31,2.5,7.5,20:40,77,85,05:10,65,12:00,2025-05-06 18:58:35.692349,2025-05-06 18:58:35.692349
219748,133,2013-02-08,14.8,0,13.9,05:50,15.7,13:08,34,3.9,9.2,19:20,70,85,14:30,64,23:00,2025-05-06 18:58:35.780838,2025-05-06 18:58:35.780838
219765,133,2013-02-09,15.8,0.2,14.1,23:57,17.6,13:11,32,3.3,10.3,14:10,68,86,23:50,61,13:10,2025-05-06 18:58:35.861657,2025-05-06 18:58:35.861657
219782,133,2013-02-10,15.4,0,13.8,07:33,16.9,14:18,35,3.3,8.6,14:00,73,86,00:00,64,11:30,2025-05-06 18:58:35.949503,2025-05-06 18:58:35.949503
219799,133,2013-02-11,15.4,0.2,13.3,06:10,17.6,13:00,34,1.9,6.9,13:50,82,89,06:30,73,13:20,2025-05-06 18:58:36.040264,2025-05-06 18:58:36.040264
219816,133,2013-02-12,15.2,0.2,13.9,03:23,16.5,14:41,2,1.7,8.6,14:20,74,87,04:20,70,14:30,2025-05-06 18:58:36.133462,2025-05-06 18:58:36.133462
219832,133,2013-02-13,15.4,1,14,01:07,16.8,12:33,32,2.5,9.2,12:30,87,92,19:20,76,12:30,2025-05-06 18:58:36.218417,2025-05-06 18:58:36.218417
219848,133,2013-02-14,,0,,,,,0,,,,,,,,,2025-05-06 18:58:36.302921,2025-05-06 18:58:36.302921
219864,133,2013-02-15,15.6,0,12.1,05:05,19,16:01,26,2.5,7.8,22:00,82,92,03:20,75,,2025-05-06 18:58:36.383601,2025-05-06 18:58:36.383601
219881,133,2013-02-16,,0,,,,,0,,,,,,,,,2025-05-06 18:58:36.473165,2025-05-06 18:58:36.473165
219898,133,2013-02-17,,0,,,,,0,,,,,,,,,2025-05-06 18:58:36.564644,2025-05-06 18:58:36.564644
219914,133,2013-02-18,,6,,,,,0,,,,,,,,,2025-05-06 18:58:36.647818,2025-05-06 18:58:36.647818
219944,133,2013-02-20,15.8,0,13.2,23:48,18.5,14:35,31,3.6,8.6,13:10,73,87,23:59,62,14:10,2025-05-06 18:59:39.561711,2025-05-06 18:59:39.561711
219961,133,2013-02-21,16.2,0,12.7,,19.6,13:58,3,1.7,4.4,13:00,75,87,00:00,64,11:00,2025-05-06 18:59:39.668723,2025-05-06 18:59:39.668723
219978,133,2013-02-22,16.2,0,12.9,06:17,19.5,12:13,33,3.3,9.4,15:30,73,84,23:50,64,19:40,2025-05-06 18:59:39.781911,2025-05-06 18:59:39.781911
219994,133,2013-02-23,15.8,0.4,14.2,22:10,17.4,15:24,31,2.8,8.3,08:30,78,91,09:00,62,16:40,2025-05-06 18:59:39.895220,2025-05-06 18:59:39.895220
220010,133,2013-02-24,16.4,0,14.1,03:48,18.6,15:17,1,2.2,6.4,16:10,71,86,,62,15:00,2025-05-06 18:59:39.993056,2025-05-06 18:59:39.993056
220026,133,2013-02-25,15.5,0,11.3,07:10,19.7,14:18,6,1.9,5.8,14:20,72,89,22:30,66,12:40,2025-05-06 18:59:40.066010,2025-05-06 18:59:40.066010
220042,133,2013-02-26,15.4,0,11.6,05:02,19.1,13:02,32,2.5,6.7,12:00,78,88,,67,15:50,2025-05-06 18:59:40.135605,2025-05-06 18:59:40.135605
220058,133,2013-02-27,14.7,0,13.1,07:18,16.3,12:08,30,1.1,4.4,14:20,81,92,08:00,74,19:30,2025-05-06 18:59:40.207062,2025-05-06 18:59:40.207062
220074,133,2013-02-28,14.8,0,13,23:39,16.7,12:19,99,1.4,4.7,,74,84,08:20,67,10:20,2025-05-06 18:59:40.279497,2025-05-06 18:59:40.279497
220090,133,2013-03-01,,,,,,,9,1.4,6.7,13:20,74,,,,,2025-05-06 18:59:40.356260,2025-05-06 18:59:40.356260
220107,133,2013-03-02,17.7,0,14.2,03:34,21.2,11:51,32,2.5,10.6,14:30,74,85,,58,14:00,2025-05-06 18:59:40.444119,2025-05-06 18:59:40.444119
220125,133,2013-03-03,18.2,5.8,13.4,,23.1,16:14,24,2.2,18.1,20:10,68,90,22:50,46,15:30,2025-05-06 18:59:40.527664,2025-05-06 18:59:40.527664
220141,133,2013-03-04,18.6,1.8,15.5,16:33,21.6,12:28,23,6.4,22.8,14:20,58,82,16:40,49,09:40,2025-05-06 18:59:40.596842,2025-05-06 18:59:40.596842
220157,133,2013-03-05,18.4,0,14.4,07:37,22.5,14:07,23,2.2,14.2,02:10,65,83,21:00,50,14:00,2025-05-06 18:59:40.670343,2025-05-06 18:59:40.670343
220173,133,2013-03-06,19.4,0,14.9,02:07,23.9,14:36,9,2.5,6.4,12:00,71,89,22:30,60,09:30,2025-05-06 18:59:40.740616,2025-05-06 18:59:40.740616
220190,133,2013-03-07,19,0,15.6,06:17,22.4,12:28,99,1.9,6.1,,79,93,07:50,66,16:30,2025-05-06 18:59:40.821631,2025-05-06 18:59:40.821631
220207,133,2013-03-08,19.4,0,15.3,06:55,23.5,13:16,99,1.7,5,,75,88,,63,13:10,2025-05-06 18:59:40.910005,2025-05-06 18:59:40.910005
220224,133,2013-03-09,17.8,0.2,16,,19.7,12:53,28,3.9,9.7,13:40,82,94,07:40,72,15:20,2025-05-06 18:59:40.993827,2025-05-06 18:59:40.993827
220241,133,2013-03-10,17.2,0,15,07:24,19.5,13:23,31,3.1,8.6,17:30,72,84,23:50,57,13:10,2025-05-06 18:59:41.082537,2025-05-06 18:59:41.082537
220258,133,2013-03-11,16.5,0,13.9,07:08,19.1,13:20,2,1.7,6.4,12:50,77,88,,64,14:00,2025-05-06 18:59:41.167621,2025-05-06 18:59:41.167621
220275,133,2013-03-12,16.2,0,12.7,03:36,19.7,14:20,99,1.7,6.1,,78,92,04:40,67,14:40,2025-05-06 18:59:41.256679,2025-05-06 18:59:41.256679
220292,133,2013-03-13,16.7,0,13.9,01:47,19.5,13:11,31,2.2,6.1,13:50,82,92,23:50,71,13:20,2025-05-06 18:59:41.337361,2025-05-06 18:59:41.337361
220309,133,2013-03-14,17,0,13.9,07:00,20.1,15:02,99,2.5,6.1,,78,92,01:00,68,15:10,2025-05-06 18:59:41.414175,2025-05-06 18:59:41.414175
220326,133,2013-03-15,17.8,0,14.6,02:58,21.1,14:56,16,2.2,8.3,00:10,80,92,,72,,2025-05-06 18:59:41.500655,2025-05-06 18:59:41.500655
220342,133,2013-03-16,19.4,0,15.9,00:12,22.8,12:04,18,2.2,7.2,04:50,73,87,19:30,60,11:40,2025-05-06 18:59:41.587150,2025-05-06 18:59:41.587150
220359,133,2013-03-17,19.6,0,15.6,06:57,23.5,12:30,10,2.8,8.6,13:40,68,90,04:10,52,12:50,2025-05-06 18:59:41.680554,2025-05-06 18:59:41.680554
220376,133,2013-03-18,18.6,0,15.4,06:12,21.7,15:20,8,2.2,6.1,14:10,82,90,04:40,70,09:40,2025-05-06 18:59:41.772587,2025-05-06 18:59:41.772587
220393,133,2013-03-19,17.6,0,14.4,,20.7,13:46,30,3.3,12.5,19:10,77,92,02:40,70,13:30,2025-05-06 18:59:41.859558,2025-05-06 18:59:41.859558
220410,133,2013-03-20,17.3,0,15,07:21,19.6,12:11,30,1.7,9.2,01:30,78,92,05:30,69,17:20,2025-05-06 18:59:41.947135,2025-05-06 18:59:41.947135
220427,133,2013-03-21,16.3,0,12.2,06:50,20.4,14:38,34,2.2,7.2,17:30,74,87,,66,14:20,2025-05-06 18:59:42.034259,2025-05-06 18:59:42.034259
220444,133,2013-03-22,15.8,1,13.8,01:19,17.7,14:12,29,3.9,10.3,05:50,79,94,10:00,68,18:10,2025-05-06 18:59:42.113844,2025-05-06 18:59:42.113844
220461,133,2013-03-23,17.1,0.4,14.4,01:55,19.8,,32,5.3,13.6,12:50,61,92,20:40,48,13:20,2025-05-06 18:59:42.182904,2025-05-06 18:59:42.182904
220478,133,2013-03-24,16.5,0,14.7,02:03,18.3,11:39,32,3.9,9.4,01:10,67,80,,60,17:10,2025-05-06 18:59:42.259975,2025-05-06 18:59:42.259975
220495,133,2013-03-25,16.1,0,13.1,23:22,19.1,13:59,34,2.5,6.1,11:50,73,86,23:40,63,11:10,2025-05-06 18:59:42.345143,2025-05-06 18:59:42.345143
220512,133,2013-03-26,16.3,0,12.2,02:09,20.4,12:53,33,3.1,9.2,17:10,78,89,04:00,67,13:00,2025-05-06 18:59:42.429776,2025-05-06 18:59:42.429776
220529,133,2013-03-27,18.1,0,14.1,,22.1,11:28,28,2.5,10.3,22:50,71,91,23:59,58,11:30,2025-05-06 18:59:42.531335,2025-05-06 18:59:42.531335
220546,133,2013-03-28,17.8,0,15.3,23:57,20.3,15:06,32,3.3,10,06:30,74,94,04:10,64,14:00,2025-05-06 18:59:42.626007,2025-05-06 18:59:42.626007
220563,133,2013-03-29,18.4,0,14.4,07:06,22.3,12:11,28,2.2,7.8,,79,91,23:40,63,12:10,2025-05-06 18:59:42.709785,2025-05-06 18:59:42.709785
220580,133,2013-03-30,19.2,0,15.3,05:13,23.1,15:43,30,1.9,5.8,01:50,64,93,,26,17:20,2025-05-06 18:59:42.784410,2025-05-06 18:59:42.784410
220597,133,2013-03-31,18.4,0,14.4,02:19,22.3,14:31,33,2.2,8.9,23:10,83,94,,69,14:00,2025-05-06 18:59:42.858625,2025-05-06 18:59:42.858625
220614,133,2013-04-01,19.2,0,15.9,04:15,22.4,13:30,30,3.3,9.2,02:20,76,92,20:30,62,13:10,2025-05-06 18:59:42.940127,2025-05-06 18:59:42.940127
220631,133,2013-04-02,18.3,2.6,15.5,07:00,21.1,14:54,8,2.2,7.5,13:10,80,92,02:10,67,18:00,2025-05-06 18:59:43.023924,2025-05-06 18:59:43.023924
220647,133,2013-04-03,17.1,0,15.1,06:09,19.1,13:27,32,4.4,13.6,14:30,73,91,,58,18:40,2025-05-06 18:59:43.119258,2025-05-06 18:59:43.119258
220663,133,2013-04-04,17.5,0,15.2,04:40,19.8,14:17,31,5,15,21:20,64,77,21:20,54,13:40,2025-05-06 18:59:43.215112,2025-05-06 18:59:43.215112
220678,133,2013-04-05,16.8,0.4,14.8,03:52,18.9,14:25,29,5,14.4,02:30,71,86,03:50,65,17:20,2025-05-06 18:59:43.295261,2025-05-06 18:59:43.295261
220693,133,2013-04-06,16.2,0,14.1,07:36,18.3,12:16,32,2.5,7.2,08:20,67,80,,55,12:00,2025-05-06 18:59:43.376255,2025-05-06 18:59:43.376255
220708,133,2013-04-07,15.4,0,14.4,05:33,16.5,12:37,36,2.8,6.4,16:00,67,80,00:00,61,14:50,2025-05-06 18:59:43.454553,2025-05-06 18:59:43.454553
220723,133,2013-04-08,15.4,0.2,14.1,12:25,16.7,15:13,32,3.6,10,15:30,68,82,12:20,62,04:00,2025-05-06 18:59:43.528319,2025-05-06 18:59:43.528319
220836,133,2013-04-16,,0,,,,,0,,,,,,,,,2025-05-06 18:59:44.113695,2025-05-06 18:59:44.113695
220850,133,2013-04-17,16.9,0.8,15.4,,18.4,14:47,32,3.9,9.7,14:20,94,99,,83,14:50,2025-05-06 18:59:44.180281,2025-05-06 18:59:44.180281
220864,133,2013-04-18,17.7,0.2,15.5,02:54,19.9,12:13,32,3.9,9.7,19:00,89,99,,79,11:10,2025-05-06 18:59:44.251197,2025-05-06 18:59:44.251197
220879,133,2013-04-19,19.9,0,15.6,06:37,24.2,14:45,28,2.2,6.1,01:30,84,98,,38,23:59,2025-05-06 18:59:44.338178,2025-05-06 18:59:44.338178
220895,133,2013-04-20,28,0,23.6,00:01,32.4,14:15,15,3.3,11.7,06:00,27,41,03:10,23,19:10,2025-05-06 18:59:44.441463,2025-05-06 18:59:44.441463
220911,133,2013-04-21,27.5,0,21.7,,33.3,11:39,12,3.1,8.3,06:50,32,75,22:40,20,10:40,2025-05-06 18:59:44.539538,2025-05-06 18:59:44.539538
220927,133,2013-04-22,25.4,0,19.1,06:55,31.8,13:16,10,2.2,6.4,12:40,47,80,06:50,25,13:10,2025-05-06 18:59:44.626390,2025-05-06 18:59:44.626390
220943,133,2013-04-23,20.6,0,16.5,,24.7,16:11,30,1.9,6.1,20:20,42,91,20:50,23,07:50,2025-05-06 18:59:44.714768,2025-05-06 18:59:44.714768
220960,133,2013-04-24,19.4,0,14.5,06:27,24.2,14:31,30,1.9,9.4,19:10,66,92,04:30,47,12:40,2025-05-06 18:59:44.817686,2025-05-06 18:59:44.817686
220976,133,2013-04-25,21.2,0,17.3,01:04,25.2,13:34,34,2.8,7.2,16:10,56,90,,38,08:30,2025-05-06 18:59:44.904398,2025-05-06 18:59:44.904398
220991,133,2013-04-26,20.6,0,16.1,06:16,25.1,13:29,8,1.7,6.4,12:30,58,91,00:10,32,03:40,2025-05-06 18:59:44.984950,2025-05-06 18:59:44.984950
221006,133,2013-04-27,18.8,0.2,16.3,06:37,21.3,11:26,5,1.9,6.4,12:50,78,86,22:50,67,10:50,2025-05-06 18:59:45.061091,2025-05-06 18:59:45.061091
221021,133,2013-04-28,17.1,0.4,15.2,21:21,19,12:11,33,3.3,10,12:10,73,87,05:40,61,12:20,2025-05-06 18:59:45.131301,2025-05-06 18:59:45.131301
221036,133,2013-04-29,16,0.4,14.5,09:24,17.5,14:38,34,3.3,10,11:00,66,78,01:40,59,03:30,2025-05-06 18:59:45.199797,2025-05-06 18:59:45.199797
221051,133,2013-04-30,16.3,0,13.8,03:34,18.8,13:42,30,3.6,10.6,17:00,65,86,03:30,54,15:30,2025-05-06 18:59:45.267687,2025-05-06 18:59:45.267687
221066,133,2013-05-01,16.8,0,14.3,04:24,19.3,11:18,33,4.4,10.3,12:30,68,81,04:10,54,11:00,2025-05-06 18:59:45.339390,2025-05-06 18:59:45.339390
221083,133,2013-05-02,17.3,0,15.1,02:59,19.5,15:16,32,4.2,9.7,10:40,66,73,,50,14:00,2025-05-06 18:59:45.420653,2025-05-06 18:59:45.420653
221100,133,2013-05-03,17.2,0,14.9,04:34,19.5,12:35,32,3.6,10,13:40,66,79,23:59,54,12:10,2025-05-06 18:59:45.507082,2025-05-06 18:59:45.507082
221117,133,2013-05-04,17.2,0,15.4,00:01,18.9,14:11,30,3.3,9.4,14:40,65,80,01:10,57,14:10,2025-05-06 18:59:45.595045,2025-05-06 18:59:45.595045
221134,133,2013-05-05,17.4,0,15,03:13,19.8,14:48,32,3.9,8.6,05:00,69,85,23:20,61,15:30,2025-05-06 18:59:45.684368,2025-05-06 18:59:45.684368
221150,133,2013-05-06,19.2,0,14.1,03:42,24.4,13:42,32,1.9,5.8,15:40,58,85,00:10,47,08:00,2025-05-06 18:59:45.778153,2025-05-06 18:59:45.778153
221166,133,2013-05-07,21.6,0,16.1,02:51,27,13:45,30,1.7,5.3,22:40,45,71,21:10,28,08:10,2025-05-06 18:59:45.866306,2025-05-06 18:59:45.866306
221182,133,2013-05-08,22,0,16.1,06:00,27.9,10:58,32,3.1,8.6,18:00,52,83,,27,10:30,2025-05-06 18:59:45.950295,2025-05-06 18:59:45.950295
221197,133,2013-05-09,22.2,0,16.8,03:55,27.5,13:05,32,2.2,6.7,16:20,29,50,00:10,13,08:00,2025-05-06 18:59:46.024290,2025-05-06 18:59:46.024290
221212,133,2013-05-10,22.1,0,17,05:57,27.2,13:17,30,2.8,8.9,19:20,45,82,20:30,28,00:00,2025-05-06 18:59:46.096235,2025-05-06 18:59:46.096235
221227,133,2013-05-11,21.2,0,17.6,05:28,24.7,15:04,30,2.5,7.5,17:30,58,89,,24,03:20,2025-05-06 18:59:46.166220,2025-05-06 18:59:46.166220
221243,133,2013-05-12,20.8,0,17.1,,24.5,11:18,31,1.9,8.6,22:30,73,93,,54,18:50,2025-05-06 18:59:46.240655,2025-05-06 18:59:46.240655
221259,133,2013-05-13,19,0,17,23:44,21,15:08,33,5.3,10.8,10:40,84,93,01:30,72,14:50,2025-05-06 18:59:46.318883,2025-05-06 18:59:46.318883
221275,133,2013-05-14,17.8,0.2,15.9,11:31,19.8,15:29,32,4.4,10.8,17:00,79,93,11:40,64,15:40,2025-05-06 18:59:46.408983,2025-05-06 18:59:46.408983
221291,133,2013-05-15,17.7,0,16.1,04:16,19.3,13:10,32,5,10.6,06:10,67,80,02:10,60,22:20,2025-05-06 18:59:46.502694,2025-05-06 18:59:46.502694
221307,133,2013-05-16,17.2,2.2,14.6,,19.9,11:18,33,3.1,10.6,01:50,78,94,14:10,62,02:50,2025-05-06 18:59:46.590291,2025-05-06 18:59:46.590291
221323,133,2013-05-17,16.8,1.2,13.7,08:36,19.9,14:51,28,3.9,9.7,17:30,72,93,11:00,62,13:40,2025-05-06 18:59:46.678047,2025-05-06 18:59:46.678047
221339,133,2013-05-18,17.2,1.2,15.5,23:22,18.9,16:05,6,3.6,8.6,12:20,74,90,04:40,63,16:40,2025-05-06 18:59:46.763857,2025-05-06 18:59:46.763857
221354,133,2013-05-19,17.5,0,15.3,01:53,19.7,13:18,5,3.1,8.3,12:20,64,80,22:40,55,13:00,2025-05-06 18:59:46.858414,2025-05-06 18:59:46.858414
221369,133,2013-05-20,17.8,0,15.5,05:57,20,14:27,35,3.3,9.4,13:30,70,81,06:40,57,13:30,2025-05-06 18:59:46.941487,2025-05-06 18:59:46.941487
221382,133,2013-05-21,17.4,0,15,01:47,19.9,13:24,4,2.5,9.7,13:50,70,84,05:10,55,11:40,2025-05-06 18:59:47.008576,2025-05-06 18:59:47.008576
221396,133,2013-05-22,17.2,0,14.7,05:21,19.7,10:41,3,2.8,7.8,09:40,64,74,,54,16:10,2025-05-06 18:59:47.076969,2025-05-06 18:59:47.076969
221411,133,2013-05-23,17.8,0,15.4,,20.3,14:29,36,2.8,7.5,14:10,68,76,,59,,2025-05-06 18:59:47.147352,2025-05-06 18:59:47.147352
221426,133,2013-05-24,17.6,0,15.1,04:42,20,13:19,32,3.9,10,13:50,69,80,03:20,55,12:30,2025-05-06 18:59:47.216185,2025-05-06 18:59:47.216185
221441,133,2013-05-25,17.8,0,15.9,01:04,19.8,15:00,32,3.9,8.9,14:30,73,79,21:30,63,10:30,2025-05-06 18:59:47.285514,2025-05-06 18:59:47.285514
221457,133,2013-05-26,17.4,0,15.7,,19.1,12:58,33,4.2,10.8,08:20,63,81,23:10,58,16:20,2025-05-06 18:59:47.366252,2025-05-06 18:59:47.366252
221473,133,2013-05-27,17.3,0,15.1,07:09,19.5,15:25,31,4.2,9.7,13:30,73,84,07:10,57,15:30,2025-05-06 18:59:47.453006,2025-05-06 18:59:47.453006
221489,133,2013-05-28,17.8,0,15,05:50,20.6,14:38,99,3.6,7.8,,68,80,,58,15:30,2025-05-06 18:59:47.542398,2025-05-06 18:59:47.542398
221504,133,2013-05-29,18,2.8,15.8,00:01,20.2,15:36,36,2.8,8.3,09:10,81,94,,65,16:00,2025-05-06 18:59:47.621506,2025-05-06 18:59:47.621506
221519,133,2013-05-30,17.8,0.8,15,05:35,20.5,12:56,99,3.9,8.6,,72,91,22:30,55,13:00,2025-05-06 18:59:47.695318,2025-05-06 18:59:47.695318
221535,133,2013-05-31,16.9,0.6,15,06:40,18.8,11:50,33,4.2,10,16:10,81,95,07:40,61,16:00,2025-05-06 18:59:47.773320,2025-05-06 18:59:47.773320
221551,133,2013-06-01,18.1,0,15.8,,20.4,12:24,31,3.6,10,17:50,74,82,05:30,58,12:30,2025-05-06 18:59:47.849387,2025-05-06 18:59:47.849387
221567,133,2013-06-02,18.5,0,15.2,06:19,21.8,15:08,31,4.4,11.1,09:50,72,89,22:40,65,15:40,2025-05-06 18:59:47.928899,2025-05-06 18:59:47.928899
221583,133,2013-06-03,17.8,0,15.4,05:31,20.3,13:28,33,4.4,9.7,10:20,75,88,00:00,65,14:40,2025-05-06 18:59:48.012088,2025-05-06 18:59:48.012088
221599,133,2013-06-04,18.3,0,16.2,04:37,20.4,12:09,32,3.3,8.9,11:40,72,81,05:20,62,10:40,2025-05-06 18:59:48.108614,2025-05-06 18:59:48.108614
221616,133,2013-06-05,19,0,16.4,02:50,21.5,13:28,31,4.2,9.7,13:20,66,82,,50,12:10,2025-05-06 18:59:48.213499,2025-05-06 18:59:48.213499
221632,133,2013-06-06,18.6,0,16.3,00:55,20.8,13:23,30,4.2,8.9,12:40,65,81,02:20,54,13:30,2025-05-06 18:59:48.309472,2025-05-06 18:59:48.309472
221648,133,2013-06-07,18.4,0,16.2,04:33,20.6,14:52,31,3.3,7.2,04:10,74,87,23:40,66,14:50,2025-05-06 18:59:48.400205,2025-05-06 18:59:48.400205
221664,133,2013-06-08,18.4,0,16.3,,20.6,13:47,34,3.6,8.9,15:40,69,86,,58,12:50,2025-05-06 18:59:48.490870,2025-05-06 18:59:48.490870
221681,133,2013-06-09,18.6,0,15.8,02:34,21.5,14:17,32,3.6,8.3,15:50,68,82,03:50,55,12:30,2025-05-06 18:59:48.585341,2025-05-06 18:59:48.585341
221698,133,2013-06-10,18.4,0,16,00:34,20.9,15:21,35,2.8,8.1,14:50,72,83,02:20,57,15:30,2025-05-06 18:59:48.674798,2025-05-06 18:59:48.674798
221715,133,2013-06-11,18.6,0,16.6,05:11,20.6,13:38,32,3.1,7.8,11:50,69,83,01:30,62,13:00,2025-05-06 18:59:48.767619,2025-05-06 18:59:48.767619
221731,133,2013-06-12,18.8,0,16.7,05:58,20.8,,34,4.2,8.9,14:00,71,84,23:59,64,16:00,2025-05-06 18:59:48.858736,2025-05-06 18:59:48.858736
221748,133,2013-06-13,18.2,0.2,16.5,08:08,19.9,13:15,32,4.7,9.4,08:00,88,96,08:20,76,13:20,2025-05-06 18:59:48.961450,2025-05-06 18:59:48.961450
221766,133,2013-06-14,18.6,0,16.9,02:53,20.4,16:20,31,5,9.7,14:30,83,94,20:50,74,14:50,2025-05-06 18:59:49.061401,2025-05-06 18:59:49.061401
221784,133,2013-06-15,19.3,0,16.6,06:04,22,13:33,31,5,10.6,13:20,78,91,,67,12:20,2025-05-06 18:59:49.162227,2025-05-06 18:59:49.162227
221802,133,2013-06-16,18.6,0,16.3,03:25,21,15:00,32,5,10.8,16:10,79,88,00:00,70,15:40,2025-05-06 18:59:49.269395,2025-05-06 18:59:49.269395
221820,133,2013-06-17,18.8,1.6,17,05:10,20.7,13:36,34,3.9,12.2,01:50,77,86,,70,13:30,2025-05-06 18:59:49.365896,2025-05-06 18:59:49.365896
221838,133,2013-06-18,17.6,0,16,06:47,19.3,16:00,35,3.9,8.6,06:20,79,97,,66,16:00,2025-05-06 18:59:49.467610,2025-05-06 18:59:49.467610
221856,133,2013-06-19,18.5,0.2,16.2,05:03,20.8,15:25,31,3.9,9.7,14:40,73,83,,61,15:30,2025-05-06 18:59:49.567454,2025-05-06 18:59:49.567454
221874,133,2013-06-20,17.9,0,16.1,07:04,19.7,16:01,31,4.4,10,12:10,85,94,07:20,70,17:10,2025-05-06 18:59:49.667434,2025-05-06 18:59:49.667434
221891,133,2013-06-21,18.2,0.2,16.2,03:53,20.3,15:24,34,5,11.1,15:20,79,93,21:10,69,12:10,2025-05-06 18:59:49.753687,2025-05-06 18:59:49.753687
221909,133,2013-06-22,18.3,0,16.4,02:22,20.2,14:39,31,4.7,9.4,14:20,78,95,01:40,70,13:40,2025-05-06 18:59:49.849710,2025-05-06 18:59:49.849710
221926,133,2013-06-23,19.1,0,16.1,04:58,22.1,13:46,32,4.7,10,12:40,80,88,,71,12:00,2025-05-06 18:59:49.934427,2025-05-06 18:59:49.934427
221943,133,2013-06-24,19.5,0,17,06:01,22,13:45,30,5.3,10.8,03:40,78,88,00:30,69,14:00,2025-05-06 18:59:50.019245,2025-05-06 18:59:50.019245
221960,133,2013-06-25,19.2,0,16.5,06:13,21.9,13:45,99,5.6,10.8,,79,89,,70,12:40,2025-05-06 18:59:50.110918,2025-05-06 18:59:50.110918
221975,133,2013-06-26,19.2,0,17,03:33,21.5,13:46,31,6.4,12.8,14:00,81,90,,72,12:50,2025-05-06 18:59:50.179566,2025-05-06 18:59:50.179566
221991,133,2013-06-27,19.2,0,17,05:48,21.4,13:05,32,5,9.7,11:20,83,94,,76,11:40,2025-05-06 18:59:50.255469,2025-05-06 18:59:50.255469
222007,133,2013-06-28,21.8,0,17.4,01:26,26.3,12:21,99,2.2,6.4,,62,95,,35,18:40,2025-05-06 18:59:50.335700,2025-05-06 18:59:50.335700
222024,133,2013-06-29,24.4,0,19.6,06:19,29.3,16:39,30,3.1,9.2,16:50,54,83,21:20,36,15:40,2025-05-06 18:59:50.419351,2025-05-06 18:59:50.419351
222040,133,2013-06-30,22.9,0,19.1,04:49,26.7,14:28,29,3.6,8.6,09:50,45,76,02:40,32,15:30,2025-05-06 18:59:50.498107,2025-05-06 18:59:50.498107
222056,133,2013-07-01,20.4,0,17.2,05:36,23.6,14:42,30,4.4,10,17:30,78,91,04:50,44,01:20,2025-05-06 18:59:50.580948,2025-05-06 18:59:50.580948
222072,133,2013-07-02,19.6,0,17,06:08,22.2,14:14,99,3.9,8.3,,81,91,06:20,72,,2025-05-06 18:59:50.670085,2025-05-06 18:59:50.670085
222088,133,2013-07-03,19.4,0,17.1,,21.7,15:02,99,3.9,7.8,12:30,79,91,,71,13:10,2025-05-06 18:59:50.756212,2025-05-06 18:59:50.756212
222103,133,2013-07-04,19.6,0,17.2,05:06,22.1,14:52,32,3.9,9.2,14:10,82,95,22:00,72,12:40,2025-05-06 18:59:50.834710,2025-05-06 18:59:50.834710
222118,133,2013-07-05,19.8,0,17.6,00:21,22.1,13:20,33,5.3,11.9,17:40,76,90,00:00,67,14:30,2025-05-06 18:59:50.916471,2025-05-06 18:59:50.916471
222134,133,2013-07-06,20.2,0,17.9,,22.5,14:35,33,5,11.7,13:50,76,84,,69,13:30,2025-05-06 18:59:51.001814,2025-05-06 18:59:51.001814
222150,133,2013-07-07,20.5,0,18.3,,22.7,12:37,33,6.1,13.9,13:50,79,86,,70,11:40,2025-05-06 18:59:51.086441,2025-05-06 18:59:51.086441
222164,133,2013-07-08,20.2,0,18.1,04:30,22.2,13:35,32,5,11.7,17:50,79,90,23:50,71,13:20,2025-05-06 18:59:51.167259,2025-05-06 18:59:51.167259
222179,133,2013-07-09,23.4,0,18.4,06:42,28.5,24:00,32,4.7,10.8,09:50,84,95,,37,23:59,2025-05-06 18:59:51.250364,2025-05-06 18:59:51.250364
222193,133,2013-07-10,23.8,0,19,,28.6,00:05,30,4.4,10,18:20,82,96,,36,00:00,2025-05-06 18:59:51.324838,2025-05-06 18:59:51.324838
222207,133,2013-07-11,23.7,0,17.4,04:24,30,13:10,29,3.9,11.4,19:20,51,96,,42,06:50,2025-05-06 18:59:51.398584,2025-05-06 18:59:51.398584
222221,133,2013-07-12,22.2,0,18.9,06:34,25.6,14:01,29,3.3,8.6,04:10,79,94,,49,00:20,2025-05-06 18:59:51.465811,2025-05-06 18:59:51.465811
222235,133,2013-07-13,22.4,0,18.3,06:45,26.5,14:13,30,3.1,6.7,11:00,80,97,06:50,55,23:40,2025-05-06 18:59:51.533337,2025-05-06 18:59:51.533337
222249,133,2013-07-14,22,0,18.7,,25.4,12:49,30,2.8,7.2,19:50,79,94,,45,03:00,2025-05-06 18:59:51.600925,2025-05-06 18:59:51.600925
222263,133,2013-07-15,20.7,0,17.9,04:02,23.5,14:19,35,4.4,8.9,15:30,83,92,,73,,2025-05-06 18:59:51.659319,2025-05-06 18:59:51.659319
222277,133,2013-07-16,21,0,18.3,,23.8,,29,4.7,9.4,09:50,80,92,,69,14:20,2025-05-06 18:59:51.721470,2025-05-06 18:59:51.721470
222291,133,2013-07-17,21,0,17.7,06:11,24.2,13:47,32,4.2,8.3,03:30,81,94,,69,,2025-05-06 18:59:51.784158,2025-05-06 18:59:51.784158
222305,133,2013-07-18,20.2,0,18.1,05:52,22.2,14:24,26,5,11.7,17:50,83,93,00:00,74,15:00,2025-05-06 18:59:51.845803,2025-05-06 18:59:51.845803
222319,133,2013-07-19,20.5,0,18.3,,22.7,14:00,32,5.6,12.2,05:50,75,86,23:10,64,13:50,2025-05-06 18:59:51.905813,2025-05-06 18:59:51.905813
222332,133,2013-07-20,20.4,0,18.8,,22,12:17,28,5,11.4,01:00,79,93,23:00,72,,2025-05-06 18:59:51.967484,2025-05-06 18:59:51.967484
222346,133,2013-07-21,20.7,0.2,18.2,06:53,23.2,15:26,31,3.3,8.3,01:50,81,97,09:20,68,15:40,2025-05-06 18:59:52.032434,2025-05-06 18:59:52.032434
222359,133,2013-07-22,21,0,19,,22.9,14:34,32,3.3,7.8,17:10,82,90,06:50,72,14:20,2025-05-06 18:59:52.099512,2025-05-06 18:59:52.099512
222372,133,2013-07-23,21.3,0,18.9,00:13,23.7,,32,3.1,7.2,14:00,78,89,04:10,67,15:10,2025-05-06 18:59:52.164900,2025-05-06 18:59:52.164900
222386,133,2013-07-24,21.5,0,18.6,02:41,24.4,14:34,32,4.4,9.7,16:20,80,92,,66,14:30,2025-05-06 18:59:52.234275,2025-05-06 18:59:52.234275
222400,133,2013-07-25,21.8,0,19.3,04:50,24.2,15:22,31,4.2,8.6,14:30,82,94,,69,16:00,2025-05-06 18:59:52.302182,2025-05-06 18:59:52.302182
222414,133,2013-07-26,22.2,0,19.5,23:57,24.9,14:59,32,3.3,7.8,13:10,77,94,06:40,59,15:00,2025-05-06 18:59:52.366206,2025-05-06 18:59:52.366206
222427,133,2013-07-27,21.4,0,17.7,,25,13:15,6,1.9,6.1,13:00,70,92,00:10,59,16:10,2025-05-06 18:59:52.429298,2025-05-06 18:59:52.429298
222440,133,2013-07-28,22,0,18.5,06:28,25.6,14:06,36,2.5,7.2,14:50,74,91,07:00,53,17:30,2025-05-06 18:59:52.495399,2025-05-06 18:59:52.495399
222454,133,2013-07-29,22.6,0,20.4,06:36,24.7,15:16,31,3.6,8.9,15:20,89,97,10:30,75,15:20,2025-05-06 18:59:52.572253,2025-05-06 18:59:52.572253
222468,133,2013-07-30,22.3,0,19.6,05:37,25,14:07,29,4.2,9.4,18:50,78,92,,64,14:30,2025-05-06 18:59:52.651414,2025-05-06 18:59:52.651414
222482,133,2013-07-31,21.5,,19.4,,23.6,13:27,0,4.7,,,82,,,,,2025-05-06 18:59:52.726466,2025-05-06 18:59:52.726466
222496,133,2013-08-01,21.5,0,19.4,05:30,23.6,14:38,33,4.7,11.1,14:40,84,94,,74,14:40,2025-05-06 18:59:52.797234,2025-05-06 18:59:52.797234
222511,133,2013-08-02,21.9,0,19.5,02:50,24.3,12:53,32,4.7,10.3,14:40,82,92,21:20,74,13:00,2025-05-06 18:59:52.871613,2025-05-06 18:59:52.871613
222527,133,2013-08-03,21.2,0,19.4,05:59,22.9,12:15,32,4.7,11.9,09:50,83,91,,75,12:20,2025-05-06 18:59:52.943729,2025-05-06 18:59:52.943729
222543,133,2013-08-04,21.6,0,19.4,,23.7,14:08,31,4.7,10.3,19:20,83,92,04:20,73,12:10,2025-05-06 18:59:53.014756,2025-05-06 18:59:53.014756
222559,133,2013-08-05,21.8,0,19,05:29,24.7,12:53,32,4.4,9.4,14:40,79,92,,62,12:10,2025-05-06 18:59:53.090169,2025-05-06 18:59:53.090169
222575,133,2013-08-06,21.9,0,19.5,06:16,24.3,13:20,30,3.6,9.2,13:40,75,88,00:00,62,19:10,2025-05-06 18:59:53.162098,2025-05-06 18:59:53.162098
222590,133,2013-08-07,21.2,0,19,,23.4,13:45,26,4.2,9.2,00:50,84,93,,75,16:10,2025-05-06 18:59:53.233029,2025-05-06 18:59:53.233029
222604,133,2013-08-08,21.4,0,19.1,03:34,23.6,14:02,32,4.4,11.1,13:50,81,91,03:10,73,13:30,2025-05-06 18:59:53.302617,2025-05-06 18:59:53.302617
222620,133,2013-08-09,21.8,0,19.1,04:35,24.6,13:47,28,4.2,8.3,04:30,79,92,22:40,68,13:50,2025-05-06 18:59:53.375768,2025-05-06 18:59:53.375768
222635,133,2013-08-10,22,0,18.6,,25.5,14:09,99,3.6,8.3,,82,96,,70,14:10,2025-05-06 18:59:53.450645,2025-05-06 18:59:53.450645
222651,133,2013-08-11,22.4,0,19.3,05:54,25.6,15:23,29,4.7,10.3,13:10,87,97,,71,15:00,2025-05-06 18:59:53.533129,2025-05-06 18:59:53.533129
222666,133,2013-08-12,22.4,0,19.9,,24.9,13:14,29,4.7,10.8,23:00,87,98,,78,13:10,2025-05-06 18:59:53.615273,2025-05-06 18:59:53.615273
222681,133,2013-08-13,23.2,0,20.3,,26.2,13:50,29,4.4,10.6,00:20,87,98,,75,14:20,2025-05-06 18:59:53.703102,2025-05-06 18:59:53.703102
222697,133,2013-08-14,22.5,0,18.3,04:29,26.7,15:53,30,3.6,8.9,11:50,87,97,03:10,66,05:00,2025-05-06 18:59:53.787443,2025-05-06 18:59:53.787443
222711,133,2013-08-15,24.6,0,19.6,05:22,29.6,13:07,28,3.3,9.2,19:00,72,96,00:00,36,06:00,2025-05-06 18:59:53.861488,2025-05-06 18:59:53.861488
222726,133,2013-08-16,24,0,20.1,03:39,27.9,13:21,26,2.8,8.6,23:40,74,94,,54,23:59,2025-05-06 18:59:53.934477,2025-05-06 18:59:53.934477
222742,133,2013-08-17,27.4,0,22.2,,32.6,12:43,29,1.9,8.3,22:30,37,68,21:50,21,12:10,2025-05-06 18:59:54.015664,2025-05-06 18:59:54.015664
222758,133,2013-08-18,21.6,0,20.1,06:14,23.2,14:16,31,4.4,11.7,06:50,79,90,,61,00:30,2025-05-06 18:59:54.097505,2025-05-06 18:59:54.097505
222774,133,2013-08-19,22.9,0,20.5,03:05,25.3,15:38,29,2.2,8.1,20:30,80,93,05:40,71,15:10,2025-05-06 19:00:56.530395,2025-05-06 19:00:56.530395
222789,133,2013-08-20,25.7,0,20.8,02:58,30.6,15:22,29,2.2,9.4,22:30,77,90,,52,15:20,2025-05-06 19:00:56.633298,2025-05-06 19:00:56.633298
222804,133,2013-08-21,26,0,21.6,05:21,30.5,17:08,31,1.1,11.1,23:20,66,94,,39,14:20,2025-05-06 19:00:56.723140,2025-05-06 19:00:56.723140
222820,133,2013-08-22,24.8,0,21.8,00:58,27.7,16:10,99,4.2,11.1,,76,94,00:50,57,04:40,2025-05-06 19:00:56.827417,2025-05-06 19:00:56.827417
222835,133,2013-08-23,26.2,0,21.5,03:17,31,13:41,99,1.9,7.2,,42,92,,30,18:20,2025-05-06 19:00:56.941550,2025-05-06 19:00:56.941550
222851,133,2013-08-24,24.6,0.6,20.7,23:09,28.5,14:41,99,3.1,7.8,,63,90,20:30,39,14:20,2025-05-06 19:00:57.043421,2025-05-06 19:00:57.043421
222867,133,2013-08-25,21.4,0,19.6,05:21,23.2,14:49,31,4.2,9.2,16:00,85,96,05:00,74,14:50,2025-05-06 19:00:57.130460,2025-05-06 19:00:57.130460
222881,133,2013-08-26,22.2,0.2,19.9,00:01,24.6,12:30,99,4.2,10,15:40,72,87,,62,12:30,2025-05-06 19:00:57.207768,2025-05-06 19:00:57.207768
222895,133,2013-08-27,21.4,0,19.6,03:37,23.3,13:09,31,4.4,10,17:50,78,92,02:40,64,15:40,2025-05-06 19:00:57.285964,2025-05-06 19:00:57.285964
222909,133,2013-08-28,21.3,0,19,07:30,23.6,13:57,99,4.7,11.9,,68,88,04:10,56,11:20,2025-05-06 19:00:57.360498,2025-05-06 19:00:57.360498
222924,133,2013-08-29,22.1,0,19.6,,24.6,12:23,31,4.2,8.6,12:30,78,89,,62,12:10,2025-05-06 19:00:57.440461,2025-05-06 19:00:57.440461
222938,133,2013-08-30,21.8,0,19.1,06:54,24.5,15:07,3,1.9,6.7,15:30,71,87,01:20,60,14:40,2025-05-06 19:00:57.520640,2025-05-06 19:00:57.520640
222953,133,2013-08-31,22,0,19.9,,24.2,13:38,34,3.1,7.5,13:50,77,89,,65,15:10,2025-05-06 19:00:57.600750,2025-05-06 19:00:57.600750
222968,133,2013-09-01,22.6,0,20,02:23,25.2,14:20,32,3.3,8.9,23:59,78,92,01:10,66,16:20,2025-05-06 19:00:57.674487,2025-05-06 19:00:57.674487
222982,133,2013-09-02,22.6,0,20.1,04:08,25.1,11:35,31,4.2,10,11:00,81,91,03:00,59,10:00,2025-05-06 19:00:57.739152,2025-05-06 19:00:57.739152
222996,133,2013-09-03,22.2,0,19.9,03:19,24.5,13:03,30,3.6,9.2,03:40,82,89,01:30,74,12:00,2025-05-06 19:00:57.812754,2025-05-06 19:00:57.812754
223011,133,2013-09-04,22.1,0,20,04:29,24.2,13:51,34,4.2,9.4,17:50,80,89,23:50,62,02:40,2025-05-06 19:00:57.890452,2025-05-06 19:00:57.890452
223024,133,2013-09-05,21.2,0,19.4,04:14,22.9,15:31,32,3.6,8.3,11:20,75,89,00:00,60,16:10,2025-05-06 19:00:57.961107,2025-05-06 19:00:57.961107
223038,133,2013-09-06,20.6,0,18.7,23:55,22.4,14:09,36,3.1,8.3,15:20,79,86,04:00,73,14:00,2025-05-06 19:00:58.034094,2025-05-06 19:00:58.034094
223053,133,2013-09-07,20.7,0,17.7,01:26,23.7,13:02,32,3.3,7.2,13:30,76,87,06:20,63,15:10,2025-05-06 19:00:58.119014,2025-05-06 19:00:58.119014
223068,133,2013-09-08,21.6,0,18.8,05:32,24.5,13:19,34,2.2,6.1,13:00,78,90,,55,14:30,2025-05-06 19:00:58.208907,2025-05-06 19:00:58.208907
223083,133,2013-09-09,20.8,0.2,18.4,06:49,23.1,12:09,1,2.2,7.5,10:10,77,89,02:00,66,11:20,2025-05-06 19:00:58.290233,2025-05-06 19:00:58.290233
223098,133,2013-09-10,21.2,0,19.5,,23,11:33,4,2.2,6.1,12:00,80,90,02:50,72,16:30,2025-05-06 19:00:58.367943,2025-05-06 19:00:58.367943
223113,133,2013-09-11,21.2,0,18.8,04:35,23.6,12:41,31,2.8,7.8,16:00,77,88,,65,13:30,2025-05-06 19:00:58.436697,2025-05-06 19:00:58.436697
223129,133,2013-09-12,21,2.6,19.2,,22.7,13:08,6,1.4,4.7,14:00,79,91,11:10,70,14:00,2025-05-06 19:00:58.497403,2025-05-06 19:00:58.497403
223144,133,2013-09-13,21.1,0.4,18.5,,23.7,14:04,3,1.7,6.7,14:30,82,91,09:30,73,12:30,2025-05-06 19:00:58.564117,2025-05-06 19:00:58.564117
223159,133,2013-09-14,21.4,0,18.7,04:59,24,12:25,32,2.8,8.9,16:00,80,91,,65,12:00,2025-05-06 19:00:58.638830,2025-05-06 19:00:58.638830
223175,133,2013-09-15,22,0,19.9,00:01,24.2,13:39,29,3.6,8.6,13:00,79,94,07:20,65,13:00,2025-05-06 19:00:58.709512,2025-05-06 19:00:58.709512
223190,133,2013-09-16,21.4,0.6,18.1,04:26,24.7,12:19,31,3.1,8.6,13:50,77,93,23:40,63,12:10,2025-05-06 19:00:58.770235,2025-05-06 19:00:58.770235
223205,133,2013-09-17,21.6,0,19.3,05:36,24,15:23,31,2.5,6.4,14:00,82,94,03:50,68,14:40,2025-05-06 19:00:58.836569,2025-05-06 19:00:58.836569
223220,133,2013-09-18,21.6,0.2,19.3,03:21,23.9,13:16,5,2.5,6.7,12:30,79,90,,65,14:00,2025-05-06 19:00:58.906317,2025-05-06 19:00:58.906317
223235,133,2013-09-19,21.2,1.4,18.7,23:41,23.6,13:47,33,3.1,7.8,14:20,77,92,23:50,64,13:50,2025-05-06 19:00:58.979708,2025-05-06 19:00:58.979708
223250,133,2013-09-20,21.3,0,18.6,04:53,24,12:35,32,3.3,8.6,13:30,73,92,00:00,54,12:50,2025-05-06 19:00:59.054721,2025-05-06 19:00:59.054721
223266,133,2013-09-21,20.8,0,17.2,04:03,24.3,14:12,99,2.5,6.7,,74,88,,56,12:00,2025-05-06 19:00:59.128822,2025-05-06 19:00:59.128822
223282,133,2013-09-22,21,0,18,01:20,24,12:54,33,3.1,7.2,16:30,69,87,06:10,56,13:00,2025-05-06 19:00:59.207323,2025-05-06 19:00:59.207323
223298,133,2013-09-23,20.8,0,17.4,04:48,24.3,12:53,35,3.1,8.1,15:30,73,87,22:30,55,12:50,2025-05-06 19:00:59.291829,2025-05-06 19:00:59.291829
223314,133,2013-09-24,,,,,,,0,2.5,,,73,,,,,2025-05-06 19:00:59.376314,2025-05-06 19:00:59.376314
223330,133,2013-09-25,21.5,0,17.9,05:54,25.1,13:49,2,2.5,5.6,13:10,73,93,23:30,62,13:50,2025-05-06 19:00:59.472900,2025-05-06 19:00:59.472900
223346,133,2013-09-26,21.8,0,17.9,,25.7,,6,1.7,5.8,12:20,77,92,,66,13:20,2025-05-06 19:00:59.567420,2025-05-06 19:00:59.567420
223361,133,2013-09-27,22.8,0,18.5,06:40,27.1,13:08,14,1.9,7.2,16:50,74,86,,59,,2025-05-06 19:00:59.660292,2025-05-06 19:00:59.660292
223377,133,2013-09-28,23,0,19.4,07:02,26.6,13:10,8,1.9,7.8,12:10,78,91,23:30,65,13:50,2025-05-06 19:00:59.750627,2025-05-06 19:00:59.750627
223393,133,2013-09-29,22.6,0,19.9,04:59,25.3,12:53,32,1.4,4.7,10:20,84,92,,72,11:50,2025-05-06 19:00:59.833266,2025-05-06 19:00:59.833266
223409,133,2013-09-30,22.8,0,20,03:01,25.7,14:22,34,3.1,7.8,17:30,82,93,00:20,70,14:30,2025-05-06 19:00:59.903465,2025-05-06 19:00:59.903465
223425,133,2013-10-01,22,0,19.7,05:48,24.4,16:56,32,2.5,6.4,11:50,79,91,06:50,73,,2025-05-06 19:00:59.973082,2025-05-06 19:00:59.973082
223441,133,2013-10-02,22.2,12.4,18.1,05:17,26.2,13:48,30,1.9,7.2,22:50,77,92,21:00,66,07:30,2025-05-06 19:01:00.044109,2025-05-06 19:01:00.044109
223457,133,2013-10-03,20.7,1,19,14:50,22.4,13:45,31,2.2,8.9,10:30,81,95,01:40,73,17:20,2025-05-06 19:01:00.115854,2025-05-06 19:01:00.115854
223473,133,2013-10-04,20.5,0,17.3,05:34,23.7,11:54,6,2.2,6.7,14:50,78,86,00:00,72,11:40,2025-05-06 19:01:00.192100,2025-05-06 19:01:00.192100
223489,133,2013-10-05,21.6,0,19.1,00:01,24,13:41,34,1.9,6.7,13:50,80,90,,68,13:30,2025-05-06 19:01:00.267194,2025-05-06 19:01:00.267194
223504,133,2013-10-06,21.6,0,19.9,23:44,23.3,11:21,4,2.2,6.7,11:30,83,91,03:20,74,13:10,2025-05-06 19:01:00.342229,2025-05-06 19:01:00.342229
223519,133,2013-10-07,21.1,0,19.2,01:25,23,12:53,32,3.3,8.3,16:50,75,88,02:30,69,16:00,2025-05-06 19:01:00.425321,2025-05-06 19:01:00.425321
223534,133,2013-10-08,21.6,0,19.6,00:01,23.7,12:13,31,3.3,8.3,10:00,74,88,23:10,58,11:40,2025-05-06 19:01:00.514894,2025-05-06 19:01:00.514894
223550,133,2013-10-09,21.6,0,19.8,06:50,23.5,11:19,30,4.7,9.2,12:50,83,89,07:10,62,11:00,2025-05-06 19:01:00.606832,2025-05-06 19:01:00.606832
223565,133,2013-10-10,21,0.2,18.6,06:32,23.3,13:20,32,3.9,9.2,16:10,77,88,,62,13:50,2025-05-06 19:01:00.698971,2025-05-06 19:01:00.698971
223580,133,2013-10-11,20.6,0,19.5,,21.7,,4,1.9,5,12:40,84,91,05:10,79,12:50,2025-05-06 19:01:00.785255,2025-05-06 19:01:00.785255
223596,133,2013-10-12,20.5,0,18.9,23:00,22.1,12:55,6,1.7,7.5,10:50,82,89,02:20,76,,2025-05-06 19:01:00.870817,2025-05-06 19:01:00.870817
223612,133,2013-10-13,20.8,0,18.3,03:49,23.2,13:11,3,1.7,6.9,15:00,75,88,,66,14:20,2025-05-06 19:01:00.962326,2025-05-06 19:01:00.962326
223628,133,2013-10-14,20.4,0,17.8,02:31,23.1,14:57,8,2.8,7.2,12:10,72,82,03:40,66,15:20,2025-05-06 19:01:01.050748,2025-05-06 19:01:01.050748
223644,133,2013-10-15,21,0,18.3,06:34,23.8,13:45,4,1.7,6.1,14:40,76,83,23:00,68,10:40,2025-05-06 19:01:01.141958,2025-05-06 19:01:01.141958
223660,133,2013-10-16,21.7,0,19.4,23:44,24,11:59,34,2.8,7.5,14:30,74,85,23:50,64,12:00,2025-05-06 19:01:01.231116,2025-05-06 19:01:01.231116
223676,133,2013-10-17,20.4,0,17.8,23:10,22.9,11:34,99,2.8,7.8,,77,89,23:20,68,11:40,2025-05-06 19:01:01.315490,2025-05-06 19:01:01.315490
223692,133,2013-10-18,20.9,0,16.9,06:13,24.9,12:07,10,1.1,5.6,11:40,82,93,,71,11:20,2025-05-06 19:01:01.407268,2025-05-06 19:01:01.407268
223708,133,2013-10-19,21,0,17.6,04:42,24.3,14:37,33,1.9,5.3,16:10,81,94,00:40,64,15:00,2025-05-06 19:01:01.492403,2025-05-06 19:01:01.492403
223724,133,2013-10-20,20.9,0,18.1,06:35,23.7,10:20,32,2.2,5.3,19:10,81,90,23:50,72,08:30,2025-05-06 19:01:01.569340,2025-05-06 19:01:01.569340
223740,133,2013-10-21,21,0,17.7,02:31,24.2,14:19,99,1.7,5.8,,81,92,22:20,67,14:20,2025-05-06 19:01:01.642318,2025-05-06 19:01:01.642318
223756,133,2013-10-22,20.7,0,17.1,07:02,24.3,11:30,36,2.2,5.8,15:40,73,88,23:20,58,12:40,2025-05-06 19:01:01.716134,2025-05-06 19:01:01.716134
223772,133,2013-10-23,21.4,0,18.3,04:48,24.5,13:33,8,1.7,5.8,12:00,80,91,,69,14:30,2025-05-06 19:01:01.792733,2025-05-06 19:01:01.792733
223788,133,2013-10-24,21,0,17.5,05:13,24.6,14:03,28,1.4,9.2,16:50,83,94,,72,12:00,2025-05-06 19:01:01.873024,2025-05-06 19:01:01.873024
223804,133,2013-10-25,20,2.8,18,23:53,22,11:21,29,5,11.1,06:30,74,94,04:10,62,16:30,2025-05-06 19:01:01.951379,2025-05-06 19:01:01.951379
223821,133,2013-10-26,19.6,1,17.4,06:43,21.7,13:01,32,3.3,9.2,02:00,77,86,,66,12:30,2025-05-06 19:01:02.033918,2025-05-06 19:01:02.033918
223838,133,2013-10-27,19.6,3,17.4,22:13,21.8,13:01,33,3.6,9.4,13:20,76,92,22:30,67,12:00,2025-05-06 19:01:02.119017,2025-05-06 19:01:02.119017
223854,133,2013-10-28,19.6,0.8,18.1,03:51,21.2,11:14,31,5.3,11.1,18:20,83,92,,75,11:20,2025-05-06 19:01:02.200210,2025-05-06 19:01:02.200210
223871,133,2013-10-29,20.6,1,19.3,23:46,22,13:46,35,4.7,9.4,11:00,86,94,02:50,77,14:20,2025-05-06 19:01:02.274317,2025-05-06 19:01:02.274317
223888,133,2013-10-30,19.8,0.4,18.3,05:07,21.2,12:15,34,3.9,9.7,11:40,78,93,05:10,66,13:10,2025-05-06 19:01:02.353245,2025-05-06 19:01:02.353245
223905,133,2013-10-31,19,2,17.4,07:45,20.6,16:06,35,3.6,9.4,12:40,75,92,07:40,66,16:40,2025-05-06 19:01:02.436061,2025-05-06 19:01:02.436061
223922,133,2013-11-01,19.6,0,17.9,04:32,21.2,15:32,31,3.3,8.3,12:20,79,88,,70,,2025-05-06 19:01:02.515541,2025-05-06 19:01:02.515541
223939,133,2013-11-02,19.8,0.4,17.9,03:16,21.8,14:03,31,3.9,8.1,14:40,87,92,,80,10:30,2025-05-06 19:01:02.596061,2025-05-06 19:01:02.596061
223956,133,2013-11-03,21.1,4.8,18.6,06:34,23.6,15:01,11,2.2,9.2,11:30,81,96,04:50,63,14:30,2025-05-06 19:01:02.682159,2025-05-06 19:01:02.682159
223973,133,2013-11-04,20.2,0.2,17.1,06:21,23.4,14:36,18,1.9,6.1,03:30,77,95,,68,17:00,2025-05-06 19:01:02.774454,2025-05-06 19:01:02.774454
223990,133,2013-11-05,20.2,0,17.2,07:46,23.3,14:58,7,1.4,4.4,11:20,80,92,21:00,64,00:40,2025-05-06 19:01:02.860966,2025-05-06 19:01:02.860966
224007,133,2013-11-06,19.8,0,17.4,01:12,22.2,12:17,32,1.9,5.8,12:40,84,94,02:20,75,12:20,2025-05-06 19:01:02.945681,2025-05-06 19:01:02.945681
224024,133,2013-11-07,20.2,0.2,17.8,07:06,22.6,12:12,33,1.9,7.2,15:50,79,86,07:30,67,,2025-05-06 19:01:03.028068,2025-05-06 19:01:03.028068
224041,133,2013-11-08,20,1.2,18.4,04:54,21.5,11:23,30,2.8,8.1,12:40,86,90,,75,11:30,2025-05-06 19:01:03.106853,2025-05-06 19:01:03.106853
224058,133,2013-11-09,19.8,0.2,18.3,04:53,21.4,13:39,4,2.2,7.8,20:20,83,92,04:50,75,13:00,2025-05-06 19:01:03.179250,2025-05-06 19:01:03.179250
224075,133,2013-11-10,19.4,0,18.2,07:33,20.7,13:46,5,1.9,7.2,09:10,79,87,08:00,70,13:40,2025-05-06 19:01:03.255895,2025-05-06 19:01:03.255895
224092,133,2013-11-11,19.7,0,18.2,05:05,21.2,13:38,32,2.8,7.8,12:30,77,81,05:00,71,11:30,2025-05-06 19:01:03.332960,2025-05-06 19:01:03.332960
224109,133,2013-11-12,19.8,0,18.5,,21,13:22,30,3.1,8.1,14:00,69,79,04:00,62,14:10,2025-05-06 19:01:03.418457,2025-05-06 19:01:03.418457
224126,133,2013-11-13,19.4,0,17.4,08:25,21.5,13:45,34,1.9,7.5,15:20,78,88,18:50,67,13:00,2025-05-06 19:01:03.500179,2025-05-06 19:01:03.500179
224143,133,2013-11-14,18.9,2.2,17.9,22:36,19.9,13:41,3,2.8,7.5,15:00,87,94,09:10,81,13:40,2025-05-06 19:01:03.579894,2025-05-06 19:01:03.579894
224160,133,2013-11-15,18.6,0,16.9,04:43,20.2,15:54,32,2.8,7.5,21:50,82,91,05:20,75,12:10,2025-05-06 19:01:03.657399,2025-05-06 19:01:03.657399
224177,133,2013-11-16,18.8,0.8,17.3,05:26,20.2,13:45,36,3.1,8.6,14:40,73,87,,64,15:00,2025-05-06 19:01:03.743481,2025-05-06 19:01:03.743481
224194,133,2013-11-17,17.2,2,15.5,07:25,18.9,14:39,34,4.2,11.4,10:30,77,92,08:00,59,14:40,2025-05-06 19:01:03.828986,2025-05-06 19:01:03.828986
224211,133,2013-11-18,17.4,1,15.4,04:09,19.5,13:42,34,4.4,10.3,09:50,72,83,06:50,57,14:20,2025-05-06 19:01:03.918918,2025-05-06 19:01:03.918918
224228,133,2013-11-19,17.4,3.4,15.4,07:22,19.5,13:21,31,4.4,11.9,09:40,79,95,20:50,71,05:10,2025-05-06 19:01:04.012553,2025-05-06 19:01:04.012553
224244,133,2013-11-20,17.8,1.8,15.3,03:47,20.3,12:25,34,1.9,7.8,03:40,79,95,04:30,70,,2025-05-06 19:01:04.101736,2025-05-06 19:01:04.101736
224261,133,2013-11-21,17.2,0.2,15.1,06:05,19.3,12:37,32,1.9,8.3,14:00,77,90,02:40,65,11:40,2025-05-06 19:01:04.191101,2025-05-06 19:01:04.191101
224278,133,2013-11-22,17.6,2.6,14.9,06:10,20.2,13:53,30,1.9,7.5,11:20,81,93,,67,13:30,2025-05-06 19:01:04.281364,2025-05-06 19:01:04.281364
224295,133,2013-11-23,17.3,1.6,16.2,,18.4,15:10,30,3.1,8.6,17:50,92,98,,83,,2025-05-06 19:01:04.365852,2025-05-06 19:01:04.365852
224312,133,2013-11-24,19.5,1,17.5,,21.5,10:37,31,4.4,12.5,16:40,80,96,14:10,70,10:10,2025-05-06 19:01:04.438638,2025-05-06 19:01:04.438638
224329,133,2013-11-25,17,4.4,16.1,,18,,28,2.2,9.7,01:00,83,97,,65,22:10,2025-05-06 19:01:04.520721,2025-05-06 19:01:04.520721
224346,133,2013-11-26,16.6,0,13.9,06:28,19.2,12:32,19,1.9,11.4,06:00,73,78,19:50,64,12:10,2025-05-06 19:01:04.613288,2025-05-06 19:01:04.613288
224361,133,2013-11-27,17.2,0,13.9,00:05,20.4,12:45,13,3.9,10.8,12:20,59,77,00:40,50,13:00,2025-05-06 19:01:04.691338,2025-05-06 19:01:04.691338
224378,133,2013-11-28,18.6,0,14.4,05:38,22.7,11:36,16,1.4,5.6,01:30,73,94,21:00,53,11:40,2025-05-06 19:01:04.783689,2025-05-06 19:01:04.783689
224395,133,2013-11-29,18.5,0.2,15.5,07:47,21.5,11:38,12,1.4,5.6,13:40,84,92,21:00,71,09:40,2025-05-06 19:01:04.870435,2025-05-06 19:01:04.870435
224412,133,2013-11-30,18,0,15.9,23:33,20.1,11:26,8,1.7,4.4,11:50,84,93,19:50,73,07:40,2025-05-06 19:01:04.945923,2025-05-06 19:01:04.945923
224429,133,2013-12-01,17.8,0.2,15.3,03:40,20.4,11:57,99,1.7,3.9,11:30,87,94,,78,12:00,2025-05-06 19:01:05.028588,2025-05-06 19:01:05.028588
224446,133,2013-12-02,18,5,16.6,23:54,19.3,15:36,11,3.1,9.2,11:00,95,99,09:10,88,15:40,2025-05-06 19:01:05.106023,2025-05-06 19:01:05.106023
224463,133,2013-12-03,19.6,0,16.3,00:26,22.8,13:03,12,1.4,6.1,02:50,83,98,,70,10:30,2025-05-06 19:01:05.185607,2025-05-06 19:01:05.185607
224478,133,2013-12-04,18.6,0,15.6,07:39,21.6,12:04,12,1.4,5,15:10,86,93,,74,13:40,2025-05-06 19:01:05.267063,2025-05-06 19:01:05.267063
224494,133,2013-12-05,18.4,0,15.1,08:00,21.7,13:47,20,1.4,6.1,22:20,82,89,06:10,70,13:40,2025-05-06 19:01:05.350176,2025-05-06 19:01:05.350176
224511,133,2013-12-06,18.3,0,15.5,08:01,21.1,12:58,8,1.4,5.6,14:10,85,92,15:10,74,,2025-05-06 19:01:05.438455,2025-05-06 19:01:05.438455
224528,133,2013-12-07,18.6,0,15.4,,21.9,10:50,10,2.5,6.1,12:50,77,94,23:00,65,10:10,2025-05-06 19:01:05.532580,2025-05-06 19:01:05.532580
224545,133,2013-12-08,18.9,0,15.5,01:03,22.3,14:22,13,2.5,9.4,12:30,69,96,,36,20:30,2025-05-06 19:01:05.627872,2025-05-06 19:01:05.627872
224562,133,2013-12-09,18.3,0,16.8,04:47,19.8,11:55,13,4.2,13.9,12:20,55,80,06:50,40,12:50,2025-05-06 19:01:05.720540,2025-05-06 19:01:05.720540
224578,133,2013-12-10,19.4,0,17.1,06:39,21.6,23:17,99,5.3,15.3,23:50,48,54,,29,23:20,2025-05-06 19:01:05.785801,2025-05-06 19:01:05.785801
224594,133,2013-12-11,18.5,6.6,15.7,16:40,21.3,00:01,19,6.4,16.4,04:40,63,78,16:40,29,00:00,2025-05-06 19:01:05.851096,2025-05-06 19:01:05.851096
224611,133,2013-12-12,17,0.8,15.7,19:21,18.4,00:03,16,2.5,13.3,03:00,72,81,11:10,60,05:00,2025-05-06 19:01:05.928103,2025-05-06 19:01:05.928103
224628,133,2013-12-13,18.2,0,15.9,00:01,20.4,,8,3.1,10.3,03:50,70,84,,54,11:20,2025-05-06 19:01:06.004192,2025-05-06 19:01:06.004192
224645,133,2013-12-14,17.4,0,15.7,07:24,19,12:41,4,2.5,9.2,11:10,81,88,08:00,72,12:10,2025-05-06 19:01:06.077329,2025-05-06 19:01:06.077329
224662,133,2013-12-15,17,0,14.7,07:42,19.4,,12,1.4,6.4,21:20,77,90,06:00,66,21:30,2025-05-06 19:01:06.151003,2025-05-06 19:01:06.151003
224678,133,2013-12-16,17,0,15.2,23:56,18.7,15:05,11,3.1,10.8,06:10,70,84,,64,14:30,2025-05-06 19:01:06.222284,2025-05-06 19:01:06.222284
224695,133,2013-12-17,15.6,0,13,05:29,18.1,14:04,99,1.7,5.8,,77,87,06:40,62,15:40,2025-05-06 19:01:06.286611,2025-05-06 19:01:06.286611
224808,133,2013-12-24,16,0,12,06:47,20,14:30,9,1.9,5.8,12:20,74,87,20:20,62,14:20,2025-05-06 19:01:06.908670,2025-05-06 19:01:06.908670
224825,133,2013-12-25,15,0,11.7,07:50,18.3,13:06,33,2.5,8.9,17:00,82,88,,65,02:10,2025-05-06 19:01:07.000920,2025-05-06 19:01:07.000920
224842,133,2013-12-26,16.8,0.8,14.1,00:19,19.4,12:47,33,3.1,6.1,12:10,86,96,,79,12:40,2025-05-06 19:01:07.090506,2025-05-06 19:01:07.090506
224859,133,2013-12-27,16.4,0,14.9,20:57,17.8,,30,1.9,5.8,03:00,77,92,01:00,74,14:10,2025-05-06 19:01:07.181124,2025-05-06 19:01:07.181124
224876,133,2013-12-28,16.4,6.4,14.6,22:15,18.3,13:13,34,3.6,10.8,16:20,86,97,16:30,80,13:00,2025-05-06 19:01:07.262608,2025-05-06 19:01:07.262608
224893,133,2013-12-29,14.8,0.2,13.6,08:19,16.1,13:35,99,4.2,10.8,06:30,70,82,08:10,60,09:20,2025-05-06 19:01:07.337652,2025-05-06 19:01:07.337652
224910,133,2013-12-30,16.6,0,13.4,23:57,19.9,15:01,31,1.7,7.2,00:10,74,89,22:00,51,13:50,2025-05-06 19:01:07.413736,2025-05-06 19:01:07.413736
224927,133,2013-12-31,15.7,0,12.1,22:50,19.3,12:28,10,2.5,6.9,11:10,62,88,00:00,46,14:50,2025-05-06 19:01:07.497257,2025-05-06 19:01:07.497257
224944,133,2014-01-01,14.1,0,10.8,08:00,17.4,13:52,6,1.4,5,14:20,77,88,,60,00:00,2025-05-06 19:01:07.575525,2025-05-06 19:01:07.575525
224961,133,2014-01-02,14.4,0,10.3,06:19,18.4,12:32,99,1.9,5,,74,91,03:50,48,22:00,2025-05-06 19:01:07.649449,2025-05-06 19:01:07.649449
224978,133,2014-01-03,15,0,10.9,05:10,19.1,13:06,34,1.7,5.3,15:10,81,93,07:00,62,13:20,2025-05-06 19:01:07.729471,2025-05-06 19:01:07.729471
224995,133,2014-01-04,15.7,0,13.1,00:01,18.3,11:51,3,1.7,5.6,15:00,79,88,,71,12:00,2025-05-06 19:01:07.820614,2025-05-06 19:01:07.820614
225012,133,2014-01-05,15.4,0,12.3,07:48,18.4,13:53,4,1.7,5,13:20,79,92,,70,13:40,2025-05-06 19:01:07.907402,2025-05-06 19:01:07.907402
225029,133,2014-01-06,14.9,0,11.6,04:43,18.2,12:33,4,1.7,5,13:40,81,91,23:59,72,12:40,2025-05-06 19:01:08.001534,2025-05-06 19:01:08.001534
225046,133,2014-01-07,16,0,11.5,06:33,20.4,13:29,12,1.4,6.1,09:40,86,97,,62,23:59,2025-05-06 19:01:08.098271,2025-05-06 19:01:08.098271
225063,133,2014-01-08,20.3,4.4,13.8,01:02,26.8,12:58,19,2.5,10.8,12:10,53,88,23:59,24,12:50,2025-05-06 19:01:08.192600,2025-05-06 19:01:08.192600
225080,133,2014-01-09,13.4,7.4,10.3,23:51,16.4,00:29,14,1.7,9.2,13:30,91,97,10:00,82,15:00,2025-05-06 19:01:08.284818,2025-05-06 19:01:08.284818
225097,133,2014-01-10,13.6,0,10.2,,17,13:08,31,3.3,8.3,10:20,78,89,,72,,2025-05-06 19:01:08.378988,2025-05-06 19:01:08.378988
225114,133,2014-01-11,15.2,0,11.4,07:24,19.1,12:47,10,2.2,6.4,14:20,69,82,05:20,50,13:30,2025-05-06 19:01:08.478045,2025-05-06 19:01:08.478045
225131,133,2014-01-12,15.3,0,11.4,05:08,19.2,14:22,10,2.2,6.9,13:00,67,89,05:40,49,,2025-05-06 19:01:08.569082,2025-05-06 19:01:08.569082
225148,133,2014-01-13,15.4,3.2,12.2,05:35,18.6,15:47,99,1.4,5.8,,77,92,23:59,63,16:30,2025-05-06 19:01:08.659051,2025-05-06 19:01:08.659051
225165,133,2014-01-14,15.3,0,14.1,23:55,16.5,14:46,2,2.5,9.2,04:40,77,96,,65,16:40,2025-05-06 19:01:08.753592,2025-05-06 19:01:08.753592
225182,133,2014-01-15,15.1,8.2,12.8,02:50,17.4,13:42,33,2.5,7.5,20:40,82,98,,70,13:50,2025-05-06 19:01:08.843798,2025-05-06 19:01:08.843798
225199,133,2014-01-16,15.2,15.6,13.4,,16.9,13:01,30,4.2,10.6,17:00,91,98,,77,16:30,2025-05-06 19:01:08.935806,2025-05-06 19:01:08.935806
225216,133,2014-01-17,14.6,0.4,12.8,04:42,16.5,12:40,99,4.4,16.4,,80,96,07:00,67,12:30,2025-05-06 19:01:09.024792,2025-05-06 19:01:09.024792
225233,133,2014-01-18,15.8,0,14.4,05:21,17.2,12:05,28,6.9,15.8,04:00,76,84,21:20,67,11:30,2025-05-06 19:01:09.102960,2025-05-06 19:01:09.102960
225250,133,2014-01-19,15.2,7.4,13.4,04:13,17,12:53,28,4.4,12.8,08:40,89,97,,74,01:40,2025-05-06 19:01:09.175263,2025-05-06 19:01:09.175263
225267,133,2014-01-20,15.4,3.8,14.2,22:23,16.5,12:45,30,5,12.5,04:20,81,96,,76,13:00,2025-05-06 19:01:09.257628,2025-05-06 19:01:09.257628
225284,133,2014-01-21,15.6,0.6,14.2,00:42,17.1,15:53,99,3.6,8.3,,90,99,,82,,2025-05-06 19:01:09.339228,2025-05-06 19:01:09.339228
225301,133,2014-01-22,16.2,2,15,04:37,17.3,15:24,32,3.3,10.6,10:50,95,98,,78,11:10,2025-05-06 19:01:09.423206,2025-05-06 19:01:09.423206
225318,133,2014-01-23,15.2,0.8,13.9,20:04,16.4,13:03,35,4.7,13.6,22:40,70,98,00:00,63,17:00,2025-05-06 19:01:09.504013,2025-05-06 19:01:09.504013
225334,133,2014-01-24,14.8,0,13.6,02:53,15.9,15:05,33,3.6,16.1,09:10,78,87,21:00,66,01:00,2025-05-06 19:01:09.583700,2025-05-06 19:01:09.583700
225350,133,2014-01-25,15.6,2.2,14.2,03:55,16.9,13:30,3,2.8,10.6,15:30,80,91,20:30,69,12:30,2025-05-06 19:01:09.664433,2025-05-06 19:01:09.664433
225366,133,2014-01-26,16,0.2,14,08:29,18,13:50,2,2.2,9.7,01:50,81,90,05:40,67,14:30,2025-05-06 19:01:09.754568,2025-05-06 19:01:09.754568
225382,133,2014-01-27,15.6,0.8,13.9,07:51,17.3,13:46,3,1.1,6.1,15:00,82,87,,75,10:40,2025-05-06 19:01:09.831297,2025-05-06 19:01:09.831297
225398,133,2014-01-28,14.8,0.6,13.5,,16.2,13:57,32,1.7,8.3,23:00,90,95,,76,22:20,2025-05-06 19:01:09.920837,2025-05-06 19:01:09.920837
225413,133,2014-01-29,14.8,2.2,13,08:31,16.5,12:46,34,6.9,14.4,20:40,80,97,,67,23:40,2025-05-06 19:01:10.012283,2025-05-06 19:01:10.012283
225429,133,2014-01-30,14.2,0.2,12.5,02:36,15.9,13:14,34,5.3,13.3,02:30,75,87,11:30,63,09:40,2025-05-06 19:01:10.105789,2025-05-06 19:01:10.105789
225445,133,2014-01-31,15.4,0,13.3,04:13,17.5,14:38,32,4.4,10,19:00,78,85,05:00,68,15:50,2025-05-06 19:01:10.189621,2025-05-06 19:01:10.189621
225461,133,2014-02-01,15,5.2,13.9,04:07,16.2,11:44,32,4.7,9.7,11:50,98,99,,78,00:00,2025-05-06 19:01:10.272860,2025-05-06 19:01:10.272860
225477,133,2014-02-02,15,1,13.3,05:23,16.8,12:13,33,2.5,7.8,12:30,95,98,10:40,89,04:00,2025-05-06 19:01:10.364472,2025-05-06 19:01:10.364472
225493,133,2014-02-03,15.3,0,13.1,03:16,17.5,16:28,29,3.3,8.3,10:00,84,97,,74,16:20,2025-05-06 19:01:10.440924,2025-05-06 19:01:10.440924
225509,133,2014-02-04,15.8,0,13.1,23:14,18.4,13:47,32,2.8,6.7,15:50,86,98,,71,15:10,2025-05-06 19:01:10.523529,2025-05-06 19:01:10.523529
225525,133,2014-02-05,16.3,0,13.2,22:17,19.4,14:36,31,1.9,6.1,02:50,77,94,23:40,67,14:00,2025-05-06 19:01:10.602330,2025-05-06 19:01:10.602330
225541,133,2014-02-06,15.3,0,11.5,06:54,19.1,16:20,29,2.8,8.1,11:30,76,96,04:00,61,15:30,2025-05-06 19:01:10.684291,2025-05-06 19:01:10.684291
225557,133,2014-02-07,15.4,0,13.3,23:37,17.6,13:31,32,1.7,7.5,00:50,75,97,,60,13:40,2025-05-06 19:01:10.768297,2025-05-06 19:01:10.768297
225573,133,2014-02-08,14.9,0,12.2,03:51,17.6,13:45,28,2.2,8.1,17:50,75,87,,66,12:50,2025-05-06 19:01:10.849944,2025-05-06 19:01:10.849944
225589,133,2014-02-09,16.2,0.4,14.3,02:34,18,15:12,29,4.4,13.9,20:20,71,78,20:30,65,14:40,2025-05-06 19:01:10.933242,2025-05-06 19:01:10.933242
225605,133,2014-02-10,15,0,13.2,22:41,16.7,00:01,30,3.3,11.4,00:10,82,94,06:30,71,17:00,2025-05-06 19:01:11.016810,2025-05-06 19:01:11.016810
225621,133,2014-02-11,15.1,0,13.3,02:22,16.9,13:04,32,2.8,8.6,09:50,76,85,,70,13:30,2025-05-06 19:01:11.098470,2025-05-06 19:01:11.098470
225637,133,2014-02-12,15.8,0,13.4,04:28,18.1,15:06,3,1.7,5.8,13:10,79,87,07:10,68,15:40,2025-05-06 19:01:11.183926,2025-05-06 19:01:11.183926
225653,133,2014-02-13,16.8,0,14.5,07:28,19.2,14:37,11,1.1,5.6,11:10,79,88,06:00,67,14:30,2025-05-06 19:01:11.280193,2025-05-06 19:01:11.280193
225669,133,2014-02-14,16,16.6,12.4,04:05,19.6,11:56,32,1.4,6.7,20:10,83,95,23:40,70,12:00,2025-05-06 19:01:11.379837,2025-05-06 19:01:11.379837
225685,133,2014-02-15,12.2,15.8,9.3,08:07,15.1,02:28,31,6.9,16.1,15:00,85,99,,75,17:50,2025-05-06 19:02:13.950870,2025-05-06 19:02:13.950870
225700,133,2014-02-16,12.8,2.4,10.9,05:19,14.6,12:34,31,8.6,19.4,13:50,70,91,21:00,63,10:40,2025-05-06 19:02:14.046966,2025-05-06 19:02:14.046966
225716,133,2014-02-17,13.4,0,10.5,02:15,16.2,15:01,32,6.9,16.4,02:00,82,95,22:20,73,18:10,2025-05-06 19:02:14.146601,2025-05-06 19:02:14.146601
225732,133,2014-02-18,15,0,13.8,01:30,16.3,14:04,30,5.6,13.3,00:10,74,92,01:30,65,05:00,2025-05-06 19:02:14.242827,2025-05-06 19:02:14.242827
225748,133,2014-02-19,15.2,2,13.5,03:21,16.8,13:19,32,3.3,8.6,11:10,71,80,06:20,64,12:50,2025-05-06 19:02:14.335095,2025-05-06 19:02:14.335095
225765,133,2014-02-20,14.1,1.2,12.7,06:57,15.5,15:17,31,1.9,6.9,05:30,92,99,10:40,78,00:00,2025-05-06 19:02:14.455404,2025-05-06 19:02:14.455404
225782,133,2014-02-21,14.8,2.8,13.4,08:05,16.3,13:47,3,1.7,6.7,11:40,85,97,,74,14:00,2025-05-06 19:02:14.567605,2025-05-06 19:02:14.567605
225799,133,2014-02-22,14.6,2.2,12.9,20:23,16.3,16:16,6,1.9,7.5,05:30,86,98,07:50,70,16:10,2025-05-06 19:02:14.735699,2025-05-06 19:02:14.735699
225816,133,2014-02-23,14.8,5.6,12.2,,17.4,15:44,32,2.5,7.2,13:20,74,86,,66,15:00,2025-05-06 19:02:14.833619,2025-05-06 19:02:14.833619
225833,133,2014-02-24,14.6,0.6,12.6,02:52,16.5,14:21,32,2.8,10,01:30,79,99,03:20,69,15:50,2025-05-06 19:02:14.919603,2025-05-06 19:02:14.919603
225850,133,2014-02-25,15,0,13.4,01:26,16.6,11:48,34,2.5,8.3,21:00,80,87,10:30,68,11:50,2025-05-06 19:02:15.005681,2025-05-06 19:02:15.005681
225865,133,2014-02-26,16,0,14.1,01:31,17.9,12:37,4,3.3,10,12:50,81,87,08:10,74,12:10,2025-05-06 19:02:15.089129,2025-05-06 19:02:15.089129
225882,133,2014-02-27,15,0,12.5,07:39,17.4,15:28,32,3.1,7.2,,80,88,,73,16:00,2025-05-06 19:02:15.172864,2025-05-06 19:02:15.172864
225899,133,2014-02-28,15,0,13.2,06:12,16.8,15:07,31,3.3,8.9,16:20,81,89,,75,13:40,2025-05-06 19:02:15.253619,2025-05-06 19:02:15.253619
225916,133,2014-03-01,15.8,0.8,14.4,06:43,17.2,15:18,99,2.8,6.9,,81,88,07:30,72,15:20,2025-05-06 19:02:15.335372,2025-05-06 19:02:15.335372
225933,133,2014-03-02,15.6,0.4,13.6,05:42,17.6,13:16,31,3.3,8.9,23:30,83,96,,70,12:50,2025-05-06 19:02:15.426619,2025-05-06 19:02:15.426619
225950,133,2014-03-03,15,0,13.7,02:18,16.3,14:16,31,4.2,9.4,00:40,80,96,00:40,73,14:40,2025-05-06 19:02:15.511684,2025-05-06 19:02:15.511684
225967,133,2014-03-04,14.6,0.2,13.6,06:08,15.7,15:23,32,4.4,9.7,,81,94,00:20,74,16:30,2025-05-06 19:02:15.596429,2025-05-06 19:02:15.596429
225984,133,2014-03-05,15.3,0.2,13.6,08:10,17,14:20,35,3.9,9.7,16:00,84,92,,73,,2025-05-06 19:02:15.676185,2025-05-06 19:02:15.676185
226001,133,2014-03-06,15.6,0.2,14.1,00:20,17.1,11:59,34,1.9,7.5,01:00,88,93,08:20,78,12:00,2025-05-06 19:02:15.756883,2025-05-06 19:02:15.756883
226018,133,2014-03-07,16.3,0,14,03:56,18.6,12:49,28,1.7,7.5,21:50,79,90,,71,13:40,2025-05-06 19:02:15.839616,2025-05-06 19:02:15.839616
226035,133,2014-03-08,15.6,0,14.2,02:28,17,13:53,28,3.3,9.7,08:50,84,90,,74,14:10,2025-05-06 19:02:15.924558,2025-05-06 19:02:15.924558
226052,133,2014-03-09,16.6,0.6,12.9,21:17,20.2,13:54,32,2.2,13.1,19:10,73,97,20:50,63,13:10,2025-05-06 19:02:16.012037,2025-05-06 19:02:16.012037
226069,133,2014-03-10,15,0.6,11.4,07:20,18.5,15:07,28,1.7,12.2,23:50,73,91,00:40,55,14:20,2025-05-06 19:02:16.096280,2025-05-06 19:02:16.096280
226085,133,2014-03-11,15,0,13.2,05:34,16.9,13:29,28,5.3,14.2,00:30,83,95,03:50,73,11:00,2025-05-06 19:02:16.172423,2025-05-06 19:02:16.172423
226102,133,2014-03-12,15.7,0,14.1,07:14,17.3,15:12,32,4.7,10.8,14:00,74,90,,63,13:40,2025-05-06 19:02:16.256133,2025-05-06 19:02:16.256133
226119,133,2014-03-13,16.1,0,13.3,,18.9,13:21,33,2.5,7.5,17:50,74,84,,65,13:00,2025-05-06 19:02:16.337453,2025-05-06 19:02:16.337453
226136,133,2014-03-14,15.2,0,12.3,05:10,18,13:54,4,2.2,6.9,14:20,77,86,,63,13:50,2025-05-06 19:02:16.429559,2025-05-06 19:02:16.429559
226153,133,2014-03-15,15.6,0,12.6,06:13,18.6,13:36,32,2.5,7.5,17:50,78,86,,66,13:50,2025-05-06 19:02:16.514324,2025-05-06 19:02:16.514324
226170,133,2014-03-16,15.7,0,12.8,06:37,18.6,14:53,29,2.8,8.3,20:10,80,90,,69,12:00,2025-05-06 19:02:16.601698,2025-05-06 19:02:16.601698
226187,133,2014-03-17,15.7,0,13.5,05:58,17.9,12:09,28,4.4,11.1,20:50,84,91,,74,12:20,2025-05-06 19:02:16.680459,2025-05-06 19:02:16.680459
226204,133,2014-03-18,15.8,0,14,06:22,17.7,11:29,28,3.9,9.4,00:40,82,89,,73,13:20,2025-05-06 19:02:16.766084,2025-05-06 19:02:16.766084
226221,133,2014-03-19,16.3,0,14.2,05:56,18.4,14:57,32,2.8,7.2,16:10,76,85,21:40,67,15:00,2025-05-06 19:02:16.852716,2025-05-06 19:02:16.852716
226237,133,2014-03-20,15.6,0,14,06:32,17.3,13:07,33,2.8,7.2,15:30,68,84,01:20,63,,2025-05-06 19:02:16.932275,2025-05-06 19:02:16.932275
226253,133,2014-03-21,15,0,13.8,06:31,16.3,11:51,34,2.8,8.1,16:20,70,77,03:10,63,13:30,2025-05-06 19:02:17.020536,2025-05-06 19:02:17.020536
226270,133,2014-03-22,15.7,0,14.1,05:17,17.3,17:03,32,3.6,9.2,20:20,84,97,,73,00:10,2025-05-06 19:02:17.119322,2025-05-06 19:02:17.119322
226287,133,2014-03-23,14.6,0.2,13.4,09:07,15.8,12:59,36,4.2,9.7,11:40,83,96,00:00,76,20:30,2025-05-06 19:02:17.205076,2025-05-06 19:02:17.205076
226304,133,2014-03-24,15.4,0,13.7,00:03,17.1,13:41,30,3.3,8.6,02:40,77,89,00:10,69,15:30,2025-05-06 19:02:17.288244,2025-05-06 19:02:17.288244
226321,133,2014-03-25,16.2,0,13.8,00:06,18.7,14:58,32,3.6,7.8,19:00,83,90,,76,14:50,2025-05-06 19:02:17.377144,2025-05-06 19:02:17.377144
226338,133,2014-03-26,15.8,0,13.8,07:11,17.8,12:16,31,3.9,9.7,22:30,83,90,00:00,75,12:00,2025-05-06 19:02:17.462775,2025-05-06 19:02:17.462775
226355,133,2014-03-27,15.2,0,13.5,21:58,16.9,14:44,30,4.7,10.6,23:50,73,83,00:10,67,,2025-05-06 19:02:17.547358,2025-05-06 19:02:17.547358
226372,133,2014-03-28,14.6,0,13,23:42,16.1,05:10,29,6.7,18.9,08:50,71,92,06:20,64,05:10,2025-05-06 19:02:17.624926,2025-05-06 19:02:17.624926
226389,133,2014-03-29,15,0,12.4,03:55,17.6,12:59,28,5,15.8,00:50,75,94,04:30,63,13:00,2025-05-06 19:02:17.702890,2025-05-06 19:02:17.702890
226405,133,2014-03-30,14.9,0,12.2,04:49,17.6,11:42,32,1.4,6.7,01:30,79,89,21:50,72,11:50,2025-05-06 19:02:17.783414,2025-05-06 19:02:17.783414
226421,133,2014-03-31,16.2,0,11.5,04:41,21,11:55,12,2.2,6.9,09:50,74,90,,60,12:00,2025-05-06 19:02:17.864952,2025-05-06 19:02:17.864952
226437,133,2014-04-01,17.8,0,12.9,05:01,22.6,12:00,26,1.7,10,22:10,61,90,00:10,46,17:30,2025-05-06 19:02:17.952350,2025-05-06 19:02:17.952350
226453,133,2014-04-02,15.7,0,13.7,04:25,17.7,14:51,99,4.7,12.2,14:50,78,90,04:10,62,02:30,2025-05-06 19:02:18.044739,2025-05-06 19:02:18.044739
226469,133,2014-04-03,15.9,0,13.6,07:03,18.2,11:52,28,3.1,9.4,03:40,71,85,,60,12:10,2025-05-06 19:02:18.139119,2025-05-06 19:02:18.139119
226486,133,2014-04-04,15.6,0,12,06:50,19.2,,2,2.2,6.9,13:40,73,88,02:50,62,13:10,2025-05-06 19:02:18.215340,2025-05-06 19:02:18.215340
226503,133,2014-04-05,15.6,0,11.2,04:55,19.9,12:43,32,2.8,8.6,19:30,77,91,23:50,62,11:10,2025-05-06 19:02:18.294033,2025-05-06 19:02:18.294033
226520,133,2014-04-06,16.6,0,13.4,04:06,19.8,13:24,29,4.2,9.2,08:20,78,92,,64,13:10,2025-05-06 19:02:18.376619,2025-05-06 19:02:18.376619
226537,133,2014-04-07,17,0,13.9,00:42,20.2,14:31,29,2.8,9.2,23:00,81,92,01:10,69,14:40,2025-05-06 19:02:18.457638,2025-05-06 19:02:18.457638
226554,133,2014-04-08,,,,,,,29,2.8,9.4,00:10,79,,,,,2025-05-06 19:02:18.543593,2025-05-06 19:02:18.543593
226571,133,2014-04-09,17.4,0,13.8,07:05,21.1,13:21,32,2.2,8.6,21:50,79,91,,63,10:30,2025-05-06 19:02:18.629704,2025-05-06 19:02:18.629704
226588,133,2014-04-10,17.8,0,15.4,05:09,20.1,12:02,34,3.3,11.1,17:50,84,93,,73,13:30,2025-05-06 19:02:18.716231,2025-05-06 19:02:18.716231
226605,133,2014-04-11,17.4,0,15.6,,19.2,15:12,34,2.2,6.1,,86,94,,76,,2025-05-06 19:02:18.806235,2025-05-06 19:02:18.806235
226622,133,2014-04-12,16.8,1.4,15.7,,18,12:00,34,1.4,8.6,09:00,90,95,,84,11:50,2025-05-06 19:02:18.899592,2025-05-06 19:02:18.899592
226639,133,2014-04-13,20,0,15.7,02:36,24.4,11:44,10,3.3,13.9,02:00,65,94,03:00,52,15:20,2025-05-06 19:02:19.003833,2025-05-06 19:02:19.003833
226656,133,2014-04-14,18.4,0,14.8,06:59,22.1,11:03,34,2.2,7.5,11:30,76,93,,64,13:00,2025-05-06 19:02:19.111390,2025-05-06 19:02:19.111390
226673,133,2014-04-15,17.6,0,13.5,06:29,21.8,13:04,10,2.5,7.8,13:00,80,94,,70,13:10,2025-05-06 19:02:19.205261,2025-05-06 19:02:19.205261
226690,133,2014-04-16,17.6,0,13.5,06:10,21.6,16:03,8,2.8,5.8,13:00,74,93,00:00,55,15:30,2025-05-06 19:02:19.294826,2025-05-06 19:02:19.294826
226707,133,2014-04-17,18,0,15.1,02:11,20.8,13:20,2,2.5,7.2,14:00,76,89,,63,16:00,2025-05-06 19:02:19.388689,2025-05-06 19:02:19.388689
226724,133,2014-04-18,17.8,0,14.5,04:27,21.2,14:18,4,2.5,6.9,11:50,73,88,00:30,56,13:00,2025-05-06 19:02:19.488212,2025-05-06 19:02:19.488212
226741,133,2014-04-19,18.4,0,15.6,06:37,21.3,11:21,8,1.4,5.8,13:30,80,91,23:50,67,12:40,2025-05-06 19:02:19.582015,2025-05-06 19:02:19.582015
226758,133,2014-04-20,17.5,,14.7,04:58,20.3,10:55,31,3.6,8.6,20:30,82,92,15:20,67,11:00,2025-05-06 19:02:19.679717,2025-05-06 19:02:19.679717
226789,133,2014-04-22,16.7,0,13.8,23:01,19.6,12:45,4,2.5,7.5,14:30,72,87,,60,16:20,2025-05-06 19:02:19.840282,2025-05-06 19:02:19.840282
226806,133,2014-04-23,17,0,13.5,06:13,20.4,11:52,6,2.5,8.3,13:50,79,86,,64,,2025-05-06 19:02:19.928900,2025-05-06 19:02:19.928900
226823,133,2014-04-24,17.8,0,15.5,06:48,20.2,14:56,4,2.5,8.1,23:10,78,87,01:50,69,12:10,2025-05-06 19:02:20.011621,2025-05-06 19:02:20.011621
226839,133,2014-04-25,17.6,0,15.2,04:36,20,12:07,32,3.1,7.8,18:10,74,87,03:50,65,12:30,2025-05-06 19:02:20.094032,2025-05-06 19:02:20.094032
226855,133,2014-04-26,17.8,0,15.1,04:40,20.5,15:42,34,3.6,7.5,16:10,78,89,,72,12:10,2025-05-06 19:02:20.163114,2025-05-06 19:02:20.163114
226872,133,2014-04-27,17.7,0,15.7,04:55,19.7,13:44,32,3.3,7.8,18:20,85,89,00:00,78,13:50,2025-05-06 19:02:20.224896,2025-05-06 19:02:20.224896
226889,133,2014-04-28,18.2,0,15.7,06:47,20.8,15:09,32,2.5,7.2,13:10,80,92,,72,14:50,2025-05-06 19:02:20.302897,2025-05-06 19:02:20.302897
226906,133,2014-04-29,17.6,0,14,05:08,21.2,12:29,35,2.8,6.9,13:50,82,92,00:00,71,11:40,2025-05-06 19:02:20.384838,2025-05-06 19:02:20.384838
226923,133,2014-04-30,17.8,0,15.2,07:04,20.5,12:08,32,2.8,7.5,18:00,82,90,01:50,72,12:10,2025-05-06 19:02:20.467803,2025-05-06 19:02:20.467803
226940,133,2014-05-01,17.8,0,15.8,,19.8,12:57,33,4.4,9.7,15:00,78,88,22:00,70,14:00,2025-05-06 19:02:20.562410,2025-05-06 19:02:20.562410
226957,133,2014-05-02,18.2,0,15.7,06:33,20.7,13:04,32,5,12.5,13:50,82,95,23:59,71,13:10,2025-05-06 19:02:20.662617,2025-05-06 19:02:20.662617
226974,133,2014-05-03,18.4,0,15.2,05:40,21.6,15:25,29,,9.4,08:00,79,95,,62,17:20,2025-05-06 19:02:20.757102,2025-05-06 19:02:20.757102
226991,133,2014-05-04,17.4,0,14.5,06:24,20.2,14:05,32,3.9,9.4,15:20,84,94,06:40,76,16:30,2025-05-06 19:02:20.850578,2025-05-06 19:02:20.850578
227008,133,2014-05-05,17.7,0,15.1,06:21,20.3,12:01,34,5,11.4,17:00,80,93,00:00,71,11:50,2025-05-06 19:02:20.943727,2025-05-06 19:02:20.943727
227024,133,2014-05-06,17.8,0,15.9,,19.8,13:39,30,5.8,12.5,20:30,81,89,03:20,72,13:10,2025-05-06 19:02:21.014191,2025-05-06 19:02:21.014191
227041,133,2014-05-07,17.6,0,15.9,05:03,19.3,14:21,30,5.6,11.4,17:50,83,90,,74,13:10,2025-05-06 19:02:21.100668,2025-05-06 19:02:21.100668
227058,133,2014-05-08,17.8,0,16.3,,19.4,10:40,32,5.3,10.6,01:50,85,94,20:10,77,,2025-05-06 19:02:21.185741,2025-05-06 19:02:21.185741
227075,133,2014-05-09,18.2,0,16.1,04:03,20.2,13:22,28,4.7,9.7,03:40,86,93,03:30,78,12:40,2025-05-06 19:02:21.274504,2025-05-06 19:02:21.274504
227092,133,2014-05-10,18,0,15.9,05:53,20.1,13:48,29,3.9,8.9,03:00,88,94,20:40,77,13:50,2025-05-06 19:02:21.361689,2025-05-06 19:02:21.361689
227109,133,2014-05-11,18.6,0,16.4,,20.9,14:59,29,3.6,9.4,21:50,87,95,,76,15:20,2025-05-06 19:02:21.449420,2025-05-06 19:02:21.449420
227126,133,2014-05-12,18.6,0,16.1,03:51,21,12:19,31,4.2,8.3,13:50,88,97,,79,12:20,2025-05-06 19:02:21.537314,2025-05-06 19:02:21.537314
227142,133,2014-05-13,20,0,16.4,04:07,23.5,12:53,29,2.5,9.2,22:10,81,96,,68,13:20,2025-05-06 19:02:21.620467,2025-05-06 19:02:21.620467
227159,133,2014-05-14,19.5,0,17,23:43,22,12:08,30,4.4,11.1,18:00,86,94,,75,12:10,2025-05-06 19:02:21.697985,2025-05-06 19:02:21.697985
227176,133,2014-05-15,18.8,0,16,,21.6,12:17,33,4.4,10.8,13:50,88,98,,78,12:20,2025-05-06 19:02:21.778020,2025-05-06 19:02:21.778020
227193,133,2014-05-16,17.8,0,15.5,03:02,20.2,13:06,34,4.7,10.8,10:40,84,95,,74,14:50,2025-05-06 19:02:21.863868,2025-05-06 19:02:21.863868
227210,133,2014-05-17,18.6,0,16.4,01:02,20.7,14:22,33,4.2,10.6,15:10,79,92,23:59,68,13:50,2025-05-06 19:02:21.957632,2025-05-06 19:02:21.957632
227227,133,2014-05-18,18.6,0,16.3,06:16,20.9,12:48,32,5,10,10:30,81,92,00:00,70,12:50,2025-05-06 19:02:22.038642,2025-05-06 19:02:22.038642
227244,133,2014-05-19,18.5,0,16.4,04:58,20.6,12:45,30,3.9,8.9,13:00,74,83,00:50,66,12:50,2025-05-06 19:02:22.111393,2025-05-06 19:02:22.111393
227261,133,2014-05-20,19,0,16.4,05:38,21.6,13:58,34,3.6,10,17:40,66,83,20:00,53,14:00,2025-05-06 19:02:22.190744,2025-05-06 19:02:22.190744
227278,133,2014-05-21,18.6,0,15.9,05:37,21.2,13:02,32,3.3,10.3,19:30,71,89,22:50,63,,2025-05-06 19:02:22.271565,2025-05-06 19:02:22.271565
227295,133,2014-05-22,18.4,0,15.9,23:39,20.8,12:33,1,3.3,7.5,12:10,69,89,04:20,56,16:00,2025-05-06 19:02:22.362445,2025-05-06 19:02:22.362445
227312,133,2014-05-23,17.4,0.2,15.3,00:54,19.5,13:52,32,4.4,10,,74,85,00:50,68,,2025-05-06 19:02:22.452921,2025-05-06 19:02:22.452921
227329,133,2014-05-24,17.4,0.6,15.1,02:49,19.6,14:34,32,4.7,10.6,13:50,65,90,23:30,56,15:50,2025-05-06 19:02:22.553569,2025-05-06 19:02:22.553569
227346,133,2014-05-25,17.4,1,15.5,00:01,19.3,13:19,32,3.6,10.3,16:10,72,86,00:00,65,13:50,2025-05-06 19:02:22.647614,2025-05-06 19:02:22.647614
227363,133,2014-05-26,17.8,0.2,15.1,03:23,20.4,13:46,34,4.2,9.7,13:50,72,90,03:10,61,13:50,2025-05-06 19:02:22.730992,2025-05-06 19:02:22.730992
227379,133,2014-05-27,17.8,0,15.6,05:39,20,15:17,33,3.3,10.3,09:10,72,89,01:30,60,15:20,2025-05-06 19:02:22.807658,2025-05-06 19:02:22.807658
227395,133,2014-05-28,17.8,0.6,16,04:24,19.6,13:52,34,4.4,9.7,01:50,83,94,15:40,75,14:10,2025-05-06 19:02:22.883410,2025-05-06 19:02:22.883410
227411,133,2014-05-29,17.7,2.6,16.2,19:11,19.2,14:14,32,3.9,9.7,20:50,86,96,19:40,78,14:20,2025-05-06 19:02:22.964688,2025-05-06 19:02:22.964688
227427,133,2014-05-30,17.2,0.6,15.9,00:30,18.4,15:11,31,4.4,11.1,19:20,93,98,04:50,84,,2025-05-06 19:02:23.043394,2025-05-06 19:02:23.043394
227444,133,2014-05-31,17.8,0,16.1,06:54,19.4,12:38,32,5.6,10.8,20:40,81,91,09:40,70,12:40,2025-05-06 19:02:23.141538,2025-05-06 19:02:23.141538
227461,133,2014-06-01,18,0,16.2,,19.8,14:19,32,4.2,10.3,13:50,74,86,09:10,67,13:00,2025-05-06 19:02:23.238207,2025-05-06 19:02:23.238207
227478,133,2014-06-02,18.2,0,15.6,02:49,20.8,15:40,32,3.3,8.3,11:00,77,91,22:40,71,,2025-05-06 19:02:23.314695,2025-05-06 19:02:23.314695
227494,133,2014-06-03,19,0,16,00:21,21.9,13:03,99,4.2,8.9,,77,91,05:20,65,20:20,2025-05-06 19:02:23.388722,2025-05-06 19:02:23.388722
227510,133,2014-06-04,18,0,16.3,02:49,19.6,12:17,32,3.9,9.7,21:10,79,89,,70,12:10,2025-05-06 19:02:23.464609,2025-05-06 19:02:23.464609
227526,133,2014-06-05,18.7,0,16.3,,21.1,12:17,32,5.6,11.4,17:50,72,90,,65,11:40,2025-05-06 19:02:23.538315,2025-05-06 19:02:23.538315
227542,133,2014-06-06,19.2,0,16.1,04:59,22.2,15:16,34,3.1,8.6,17:50,76,93,,63,15:20,2025-05-06 19:02:23.619024,2025-05-06 19:02:23.619024
227558,133,2014-06-07,19,0,14.8,05:06,23.2,11:26,32,2.8,7.5,13:50,73,87,,63,12:50,2025-05-06 19:02:23.698356,2025-05-06 19:02:23.698356
227574,133,2014-06-08,19.2,0,16.3,02:46,22.2,15:08,34,2.8,7.8,17:50,78,90,,64,15:20,2025-05-06 19:02:23.778832,2025-05-06 19:02:23.778832
227590,133,2014-06-09,19.1,0,16.6,05:56,21.6,14:27,32,3.1,7.8,13:30,76,88,05:20,66,14:20,2025-05-06 19:02:23.864527,2025-05-06 19:02:23.864527
227606,133,2014-06-10,19.4,0,16.9,02:49,21.8,12:04,99,4.7,10,,83,92,08:10,67,11:50,2025-05-06 19:02:23.935501,2025-05-06 19:02:23.935501
227622,133,2014-06-11,19.8,0,17.6,06:51,22.1,14:41,32,5.3,11.4,13:20,80,93,07:00,66,15:00,2025-05-06 19:02:24.010010,2025-05-06 19:02:24.010010
227639,133,2014-06-12,19.8,0,17.6,,22,14:27,31,5.8,13.9,13:50,83,92,,69,14:10,2025-05-06 19:02:24.091780,2025-05-06 19:02:24.091780
227656,133,2014-06-13,19.2,0,17.8,03:03,20.7,15:14,31,5.3,10.3,18:30,87,92,,79,10:20,2025-05-06 19:02:24.177872,2025-05-06 19:02:24.177872
227673,133,2014-06-14,20.5,0,18.6,,22.4,13:46,32,3.6,8.9,01:30,84,92,00:00,76,13:50,2025-05-06 19:02:24.265468,2025-05-06 19:02:24.265468
227690,133,2014-06-15,20.6,0,17.7,23:37,23.6,12:53,32,5,11.4,17:00,77,93,23:50,69,12:10,2025-05-06 19:02:24.349041,2025-05-06 19:02:24.349041
227707,133,2014-06-16,20,0,17.1,02:53,22.8,15:03,32,5.3,11.4,12:00,78,94,,67,14:10,2025-05-06 19:02:24.443424,2025-05-06 19:02:24.443424
227723,133,2014-06-17,19.8,0,17.6,05:01,22,13:29,32,6.4,13.3,17:50,69,81,,61,13:30,2025-05-06 19:02:24.531389,2025-05-06 19:02:24.531389
227740,133,2014-06-18,19.9,0,17.9,05:34,21.9,10:21,34,4.4,9.7,05:10,69,86,23:30,61,11:00,2025-05-06 19:02:24.625797,2025-05-06 19:02:24.625797
227757,133,2014-06-19,19.7,0,16.9,23:51,22.5,12:08,31,4.2,8.6,15:30,70,86,,58,14:20,2025-05-06 19:02:24.734623,2025-05-06 19:02:24.734623
227774,133,2014-06-20,19.7,0,15.6,06:22,23.8,11:02,29,2.8,7.8,18:40,75,86,,56,10:50,2025-05-06 19:02:24.841927,2025-05-06 19:02:24.841927
227791,133,2014-06-21,20,0,16.8,06:23,23.1,13:35,32,3.6,9.4,17:50,71,89,03:20,60,13:00,2025-05-06 19:02:24.941529,2025-05-06 19:02:24.941529
227808,133,2014-06-22,20.6,0,17.5,,23.8,13:47,31,4.4,9.4,14:10,75,87,,61,14:10,2025-05-06 19:02:25.049951,2025-05-06 19:02:25.049951
227824,133,2014-06-23,20.1,0.2,17.9,11:12,22.3,14:47,35,5.6,10.8,14:50,77,94,10:30,63,14:40,2025-05-06 19:02:25.152525,2025-05-06 19:02:25.152525
227968,133,2014-07-02,19.8,0,18,03:15,21.6,14:07,32,5,10.8,13:50,80,94,10:20,67,14:10,2025-05-06 19:02:25.940051,2025-05-06 19:02:25.940051
227984,133,2014-07-03,20.2,0,17.9,02:10,22.5,15:09,30,4.4,9.4,15:10,74,90,,62,14:50,2025-05-06 19:02:26.025721,2025-05-06 19:02:26.025721
228000,133,2014-07-04,20.7,0,17.5,05:09,23.9,13:23,36,2.5,7.8,13:20,72,88,,60,16:10,2025-05-06 19:02:26.117283,2025-05-06 19:02:26.117283
228017,133,2014-07-05,20.1,0,18.1,06:09,22.1,12:23,32,1.7,6.7,11:50,83,90,22:50,69,12:30,2025-05-06 19:02:26.211512,2025-05-06 19:02:26.211512
228034,133,2014-07-06,20.4,0,18.2,,22.6,14:34,31,3.3,8.1,22:20,76,91,02:00,66,15:40,2025-05-06 19:02:26.310724,2025-05-06 19:02:26.310724
228051,133,2014-07-07,19.9,0,18.1,,21.7,13:18,32,5.6,12.8,21:50,85,97,20:00,78,13:20,2025-05-06 19:02:26.410904,2025-05-06 19:02:26.410904
228068,133,2014-07-08,19.8,0,17.9,04:10,21.6,15:09,34,6.7,14.7,13:50,78,89,00:00,70,,2025-05-06 19:02:26.508115,2025-05-06 19:02:26.508115
228085,133,2014-07-09,19.8,0,18.6,00:01,20.9,13:44,31,3.6,9.7,02:30,90,96,,82,13:40,2025-05-06 19:02:26.598994,2025-05-06 19:02:26.598994
228102,133,2014-07-10,20.7,0,18.7,00:16,22.7,16:12,32,1.9,6.4,09:40,84,96,,71,15:50,2025-05-06 19:02:26.681225,2025-05-06 19:02:26.681225
228119,133,2014-07-11,20.9,0,18.4,03:31,23.4,15:04,34,4.2,8.3,14:00,82,95,,70,14:30,2025-05-06 19:02:26.763201,2025-05-06 19:02:26.763201
228136,133,2014-07-12,20.9,0,18.3,02:38,23.5,14:13,99,3.9,8.9,,79,93,06:40,68,14:20,2025-05-06 19:02:26.842024,2025-05-06 19:02:26.842024
228153,133,2014-07-13,21.2,0,18.4,03:09,23.9,13:54,33,4.4,9.7,17:50,73,90,01:20,63,13:30,2025-05-06 19:02:26.922694,2025-05-06 19:02:26.922694
228169,133,2014-07-14,20.6,0,18.6,06:10,22.7,11:38,33,5.3,13.3,13:50,75,82,21:10,67,11:10,2025-05-06 19:02:26.998949,2025-05-06 19:02:26.998949
228184,133,2014-07-15,20.9,0,18.4,05:13,23.4,14:03,32,4.7,10.8,12:30,77,87,20:30,69,13:10,2025-05-06 19:02:27.074256,2025-05-06 19:02:27.074256
228201,133,2014-07-16,21,0,18.5,03:44,23.5,14:13,99,4.7,10,,75,86,,66,14:20,2025-05-06 19:02:27.167213,2025-05-06 19:02:27.167213
228217,133,2014-07-17,21.2,0,18.8,06:34,23.6,14:55,32,3.6,9.2,11:20,73,83,05:10,65,13:00,2025-05-06 19:02:27.251752,2025-05-06 19:02:27.251752
228233,133,2014-07-18,20.5,,18.5,06:27,22.5,13:05,33,4.4,9.4,12:50,72,82,,67,13:00,2025-05-06 19:02:27.339354,2025-05-06 19:02:27.339354
228249,133,2014-07-19,20.8,0,17.7,05:57,23.9,13:20,34,3.9,8.3,09:50,77,88,,67,12:30,2025-05-06 19:02:27.424252,2025-05-06 19:02:27.424252
228266,133,2014-07-20,21.4,0,19.1,23:58,23.8,14:18,32,3.6,8.9,17:50,79,92,,68,12:10,2025-05-06 19:02:27.524286,2025-05-06 19:02:27.524286
228283,133,2014-07-21,21.4,0,19.1,,23.7,13:27,32,3.9,8.3,12:30,78,90,09:50,68,12:10,2025-05-06 19:02:27.614086,2025-05-06 19:02:27.614086
228300,133,2014-07-22,21.2,0,18.8,05:20,23.5,14:20,32,4.7,10.8,15:20,79,96,,69,,2025-05-06 19:02:27.712028,2025-05-06 19:02:27.712028
228317,133,2014-07-23,21,0,18.5,05:23,23.4,14:02,99,5.3,10.6,,87,98,,69,14:00,2025-05-06 19:02:27.803498,2025-05-06 19:02:27.803498
228330,133,2014-07-24,21,0,19,02:01,23.1,11:55,31,4.7,11.7,04:50,77,92,23:10,65,12:00,2025-05-06 19:02:27.880813,2025-05-06 19:02:27.880813
228346,133,2014-07-25,21.3,0,18.8,23:53,23.8,13:33,32,3.9,9.4,16:10,77,95,03:40,64,11:40,2025-05-06 19:02:27.966817,2025-05-06 19:02:27.966817
228359,133,2014-07-26,21,0,18.2,06:33,23.9,12:39,99,3.1,7.5,,71,87,03:30,56,,2025-05-06 19:02:28.042174,2025-05-06 19:02:28.042174
228375,133,2014-07-27,21.4,0,18.5,03:46,24.3,14:28,2,3.6,8.9,14:30,69,84,02:40,56,11:50,2025-05-06 19:02:28.126364,2025-05-06 19:02:28.126364
228391,133,2014-07-28,21.4,0,18.9,05:24,23.8,15:03,32,4.4,10,13:20,72,86,03:30,59,,2025-05-06 19:02:28.206526,2025-05-06 19:02:28.206526
228408,133,2014-07-29,22,0,19.4,,24.7,13:56,29,4.7,12.2,16:40,73,85,,59,13:50,2025-05-06 19:02:28.288357,2025-05-06 19:02:28.288357
228423,133,2014-07-30,22,0,19.4,06:28,24.6,14:11,31,4.2,10.3,12:10,70,79,01:40,62,13:20,2025-05-06 19:02:28.372557,2025-05-06 19:02:28.372557
228436,133,2014-07-31,21.8,0,19.3,,24.2,13:53,32,3.6,10.8,21:50,73,80,,64,13:50,2025-05-06 19:02:28.444323,2025-05-06 19:02:28.444323
228453,133,2014-08-01,21.6,0,19.8,05:37,23.3,13:52,34,4.4,9.4,16:30,73,88,23:40,67,14:50,2025-05-06 19:02:28.539191,2025-05-06 19:02:28.539191
228469,133,2014-08-02,20.4,0,18.1,06:14,22.7,12:39,30,5.3,11.1,18:10,82,94,05:20,65,16:00,2025-05-06 19:02:28.627484,2025-05-06 19:02:28.627484
228486,133,2014-08-03,21.8,0,18.8,06:29,24.9,14:45,33,3.6,13.3,09:50,76,94,09:20,61,12:50,2025-05-06 19:02:28.723871,2025-05-06 19:02:28.723871
228503,133,2014-08-04,22,0,19.3,06:00,24.6,15:58,32,3.1,8.3,17:10,78,95,05:10,66,14:30,2025-05-06 19:02:28.817945,2025-05-06 19:02:28.817945
228520,133,2014-08-05,21.7,0,19.6,04:55,23.8,13:47,32,3.9,9.4,13:40,77,90,00:20,69,13:00,2025-05-06 19:02:28.905695,2025-05-06 19:02:28.905695
228537,133,2014-08-06,22,0,19.6,02:57,24.3,14:07,33,4.4,9.2,17:50,81,92,03:00,70,14:10,2025-05-06 19:02:28.991232,2025-05-06 19:02:28.991232
228553,133,2014-08-07,21.7,0,19.4,05:34,24,13:35,32,5,9.4,14:30,79,90,,70,13:30,2025-05-06 19:02:29.067689,2025-05-06 19:02:29.067689
228570,133,2014-08-08,21.4,0,19.7,05:19,23.2,14:19,32,4.7,9.7,09:50,80,89,21:10,70,14:20,2025-05-06 19:02:29.157536,2025-05-06 19:02:29.157536
228587,133,2014-08-09,22.3,0,20.1,04:31,24.5,13:22,34,4.2,8.3,14:40,75,89,04:10,65,13:20,2025-05-06 19:02:29.242443,2025-05-06 19:02:29.242443
228604,133,2014-08-10,23,0,20.3,23:53,25.6,14:13,32,3.3,7.2,14:20,79,91,,65,14:10,2025-05-06 19:02:29.324738,2025-05-06 19:02:29.324738
228620,133,2014-08-11,22,0,19.8,03:27,24.3,13:53,33,4.2,10,15:00,80,91,,69,12:20,2025-05-06 19:02:29.405393,2025-05-06 19:02:29.405393
228637,133,2014-08-12,21.6,0,19.9,23:49,23.2,13:55,34,4.4,10.6,21:50,82,92,02:20,74,14:00,2025-05-06 19:02:29.497260,2025-05-06 19:02:29.497260
228654,133,2014-08-13,21.5,0,19.3,05:02,23.7,14:14,33,4.2,9.7,12:20,82,89,,74,14:30,2025-05-06 19:02:29.586050,2025-05-06 19:02:29.586050
228671,133,2014-08-14,22.2,0,19.8,22:35,24.6,14:14,29,4.4,8.9,06:40,80,93,03:40,69,13:40,2025-05-06 19:03:32.372714,2025-05-06 19:03:32.372714
228688,133,2014-08-15,21.2,0,18.9,05:55,23.5,13:33,32,5,10.8,09:50,79,88,,69,12:20,2025-05-06 19:03:32.492410,2025-05-06 19:03:32.492410
228705,133,2014-08-16,22,0,19.1,03:30,24.9,13:13,32,4.2,9.4,17:50,79,89,,69,13:00,2025-05-06 19:03:32.590497,2025-05-06 19:03:32.590497
228722,133,2014-08-17,21.6,0,19.7,06:24,23.5,15:16,28,5.3,10.8,03:50,78,90,,70,13:20,2025-05-06 19:03:32.703083,2025-05-06 19:03:32.703083
228739,133,2014-08-18,21.5,0,19.4,,23.6,14:50,34,5.3,11.1,14:40,76,86,03:20,67,14:00,2025-05-06 19:03:32.822385,2025-05-06 19:03:32.822385
228756,133,2014-08-19,21.8,0,19.6,03:03,24.1,13:14,31,3.6,8.1,18:00,79,91,23:30,70,12:50,2025-05-06 19:03:32.922111,2025-05-06 19:03:32.922111
228772,133,2014-08-20,22,0,20.3,,23.8,14:37,33,3.3,7.2,15:30,89,95,,80,14:40,2025-05-06 19:03:33.015374,2025-05-06 19:03:33.015374
228789,133,2014-08-21,23.4,0,19.7,,27,14:42,34,2.2,6.4,19:00,80,96,,65,14:40,2025-05-06 19:03:33.112289,2025-05-06 19:03:33.112289
228806,133,2014-08-22,22.5,0,19.6,,25.4,14:39,35,3.3,8.3,20:00,82,96,,69,14:40,2025-05-06 19:03:33.212362,2025-05-06 19:03:33.212362
228822,133,2014-08-23,21.8,0,19.8,06:06,23.9,14:09,33,4.7,10.3,09:50,80,91,,71,14:10,2025-05-06 19:03:33.305721,2025-05-06 19:03:33.305721
228839,133,2014-08-24,22,0,20.1,04:29,24,14:38,99,5,9.4,,83,91,,72,14:30,2025-05-06 19:03:33.390121,2025-05-06 19:03:33.390121
228856,133,2014-08-25,21.6,0,19.6,06:47,23.7,15:07,28,5.6,11.4,15:50,79,90,02:00,70,14:50,2025-05-06 19:03:33.472236,2025-05-06 19:03:33.472236
228873,133,2014-08-26,22.3,0,19.5,02:43,25.1,14:46,33,3.9,8.1,16:50,82,92,23:40,67,09:40,2025-05-06 19:03:33.555705,2025-05-06 19:03:33.555705
228890,133,2014-08-27,22.4,0,19.9,,24.9,13:49,31,3.3,9.2,17:00,85,93,02:50,74,13:40,2025-05-06 19:03:33.630667,2025-05-06 19:03:33.630667
228907,133,2014-08-28,22.9,0,20,06:45,25.8,14:24,99,4.2,8.3,,82,93,,71,13:00,2025-05-06 19:03:33.700515,2025-05-06 19:03:33.700515
228924,133,2014-08-29,23.2,0,19.7,06:24,26.8,13:46,99,3.9,7.2,,81,95,,58,13:50,2025-05-06 19:03:33.785480,2025-05-06 19:03:33.785480
228940,133,2014-08-30,22,0,19.1,01:58,24.9,11:40,32,3.3,8.3,16:10,75,95,,71,15:50,2025-05-06 19:03:33.867836,2025-05-06 19:03:33.867836
228957,133,2014-08-31,23,0,20.5,01:12,25.6,13:06,34,3.9,9.2,15:50,78,92,,60,13:30,2025-05-06 19:03:33.957159,2025-05-06 19:03:33.957159
228974,133,2014-09-01,23.2,0,20.3,23:55,26,14:01,29,4.4,11.1,00:40,80,94,,69,,2025-05-06 19:03:34.049445,2025-05-06 19:03:34.049445
228991,133,2014-09-02,22.4,0,19.9,04:37,24.9,12:09,36,3.3,8.1,15:40,78,90,08:10,70,14:40,2025-05-06 19:03:34.140688,2025-05-06 19:03:34.140688
229007,133,2014-09-03,22.5,0,19,05:10,26,14:27,28,3.1,8.3,23:59,73,89,05:20,63,16:00,2025-05-06 19:03:34.230156,2025-05-06 19:03:34.230156
229024,133,2014-09-04,23.4,0,20.2,05:20,26.5,15:31,99,2.5,8.3,,78,89,05:30,67,16:00,2025-05-06 19:03:34.317217,2025-05-06 19:03:34.317217
229041,133,2014-09-05,23.5,0,19.6,05:55,27.4,12:30,99,2.2,6.4,,76,90,,62,15:00,2025-05-06 19:03:34.396351,2025-05-06 19:03:34.396351
229057,133,2014-09-06,24.3,0,21.7,00:39,26.9,13:34,32,2.8,8.6,21:50,81,94,07:20,68,13:40,2025-05-06 19:03:34.472166,2025-05-06 19:03:34.472166
229074,133,2014-09-07,24.2,0,21.1,05:30,27.4,14:03,32,4.4,10,16:30,77,91,05:10,68,,2025-05-06 19:03:34.553600,2025-05-06 19:03:34.553600
229091,133,2014-09-08,23.6,0,20.7,23:53,26.5,13:45,32,3.1,7.5,14:30,74,91,05:40,63,13:20,2025-05-06 19:03:34.636847,2025-05-06 19:03:34.636847
229108,133,2014-09-09,22.6,0,18.6,06:30,26.6,15:04,8,2.5,6.7,12:00,75,90,,69,14:40,2025-05-06 19:03:34.716461,2025-05-06 19:03:34.716461
229125,133,2014-09-10,23.8,0,19.6,05:04,27.9,12:55,10,1.9,6.1,13:00,77,92,,59,12:00,2025-05-06 19:03:34.799005,2025-05-06 19:03:34.799005
229142,133,2014-09-11,23.6,0,20.8,05:34,26.5,11:50,32,1.9,6.7,15:30,77,91,,63,16:10,2025-05-06 19:03:34.881779,2025-05-06 19:03:34.881779
229159,133,2014-09-12,23.1,0,19.9,06:22,26.3,12:20,33,2.2,6.4,14:10,78,89,,70,12:40,2025-05-06 19:03:34.963318,2025-05-06 19:03:34.963318
229176,133,2014-09-13,23.3,0,20.2,06:47,26.4,15:20,32,2.5,7.2,16:30,82,93,04:50,67,14:40,2025-05-06 19:03:35.047175,2025-05-06 19:03:35.047175
229192,133,2014-09-14,23.8,0,21.4,06:35,26.1,13:36,28,1.9,9.2,04:10,76,90,,63,17:00,2025-05-06 19:03:35.126194,2025-05-06 19:03:35.126194
229208,133,2014-09-15,23.6,0,20,06:55,27.2,14:33,11,1.9,6.4,14:50,79,91,05:00,68,14:30,2025-05-06 19:03:35.204700,2025-05-06 19:03:35.204700
229224,133,2014-09-16,24,0,20.2,06:00,27.7,11:47,34,1.1,6.4,13:10,77,90,00:40,64,11:50,2025-05-06 19:03:35.286834,2025-05-06 19:03:35.286834
229241,133,2014-09-17,23.2,0,20.9,23:57,25.6,12:19,34,3.3,9.2,13:50,75,91,23:59,65,12:20,2025-05-06 19:03:35.373952,2025-05-06 19:03:35.373952
229257,133,2014-09-18,21.7,0,19.3,05:19,24.1,12:42,31,3.6,10,11:40,80,94,01:30,66,12:10,2025-05-06 19:03:35.456252,2025-05-06 19:03:35.456252
229274,133,2014-09-19,21.2,0,18.9,04:33,23.4,11:11,32,1.9,6.4,11:40,85,94,02:00,70,11:00,2025-05-06 19:03:35.547725,2025-05-06 19:03:35.547725
229291,133,2014-09-20,21,0,17.5,05:39,24.6,12:32,7,1.1,5.3,12:50,78,88,,67,12:30,2025-05-06 19:03:35.635876,2025-05-06 19:03:35.635876
229308,133,2014-09-21,21.9,0,18.1,,25.7,12:50,4,2.2,5.8,13:10,74,87,02:50,63,15:10,2025-05-06 19:03:35.723274,2025-05-06 19:03:35.723274
229325,133,2014-09-22,,,,,,,0,3.3,,,69,,,,,2025-05-06 19:03:35.814328,2025-05-06 19:03:35.814328
229341,133,2014-09-23,22.4,0,18.5,06:21,26.2,13:04,7,2.2,6.1,13:00,69,85,,53,11:50,2025-05-06 19:03:35.895876,2025-05-06 19:03:35.895876
229356,133,2014-09-24,22.2,0,19.1,07:04,25.3,13:41,32,2.2,6.9,15:10,72,85,23:50,58,,2025-05-06 19:03:35.973204,2025-05-06 19:03:35.973204
229371,133,2014-09-25,22.6,0,20.1,06:58,25.2,12:46,10,1.7,5.8,13:10,78,87,07:30,65,10:30,2025-05-06 19:03:36.065208,2025-05-06 19:03:36.065208
229387,133,2014-09-26,22.6,0,20,,25.3,12:38,99,1.7,5.3,,73,88,21:30,62,12:40,2025-05-06 19:03:36.143124,2025-05-06 19:03:36.143124
229404,133,2014-09-27,22.5,0,19.6,,25.4,13:07,31,1.7,6.4,16:30,75,88,03:00,62,,2025-05-06 19:03:36.223924,2025-05-06 19:03:36.223924
229421,133,2014-09-28,22.2,0,18.9,05:33,25.5,13:43,99,1.7,5.8,,72,86,,59,13:40,2025-05-06 19:03:36.308117,2025-05-06 19:03:36.308117
229438,133,2014-09-29,21.9,0,19,06:41,24.8,13:23,34,2.5,7.5,19:50,74,84,,60,14:50,2025-05-06 19:03:36.397083,2025-05-06 19:03:36.397083
229455,133,2014-09-30,22.2,0.4,20.2,02:47,24.1,12:17,35,4.4,9.4,10:30,75,82,04:40,67,12:30,2025-05-06 19:03:36.487294,2025-05-06 19:03:36.487294
229469,133,2014-10-01,21.9,0.2,19.6,04:49,24.2,,33,3.3,8.9,15:00,74,89,08:30,63,14:30,2025-05-06 19:03:36.598040,2025-05-06 19:03:36.598040
229486,133,2014-10-02,22,0,20.3,,23.7,12:07,99,1.9,5.8,,84,91,,79,12:20,2025-05-06 19:03:36.697331,2025-05-06 19:03:36.697331
229501,133,2014-10-03,22.2,0,19.1,06:53,25.3,14:45,30,2.2,8.6,18:30,81,92,,70,14:50,2025-05-06 19:03:36.789228,2025-05-06 19:03:36.789228
229512,133,2014-10-04,22.6,0,20.3,04:44,24.8,15:05,33,2.8,6.9,12:50,81,90,06:30,68,14:50,2025-05-06 19:03:36.856038,2025-05-06 19:03:36.856038
229526,133,2014-10-05,21.9,0,20.3,23:56,23.5,12:21,32,3.1,8.3,17:00,80,91,05:40,69,11:40,2025-05-06 19:03:36.931342,2025-05-06 19:03:36.931342
229538,133,2014-10-06,22.1,1.6,20.2,,24,13:01,33,4.2,9.4,16:40,77,88,22:00,68,14:00,2025-05-06 19:03:36.990326,2025-05-06 19:03:36.990326
229553,133,2014-10-07,20.5,2.8,18.5,05:50,22.5,11:35,2,3.1,8.3,11:40,84,94,05:10,76,16:00,2025-05-06 19:03:37.062857,2025-05-06 19:03:37.062857
229569,133,2014-10-08,20.8,0,17.3,06:43,24.2,13:35,2,2.5,6.9,12:00,73,88,03:30,60,13:30,2025-05-06 19:03:37.146033,2025-05-06 19:03:37.146033
229585,133,2014-10-09,20.8,0,17.5,07:11,24.2,11:35,3,2.2,4.7,13:30,74,85,23:00,65,11:30,2025-05-06 19:03:37.227066,2025-05-06 19:03:37.227066
229601,133,2014-10-10,21,0,17.8,,24.3,10:56,35,2.2,5.8,11:20,77,87,,70,11:00,2025-05-06 19:03:37.307995,2025-05-06 19:03:37.307995
229616,133,2014-10-11,21,0,17.5,06:15,24.4,11:54,30,3.1,9.4,11:40,76,87,00:00,66,09:20,2025-05-06 19:03:37.385036,2025-05-06 19:03:37.385036
229632,133,2014-10-12,20.2,5.8,18.5,05:35,22,15:55,33,3.1,8.1,16:20,78,94,12:10,66,16:00,2025-05-06 19:03:37.464102,2025-05-06 19:03:37.464102
229647,133,2014-10-13,19.9,0,17.2,05:05,22.6,13:51,32,2.2,7.2,15:10,72,84,02:00,56,14:00,2025-05-06 19:03:37.538546,2025-05-06 19:03:37.538546
229663,133,2014-10-14,20,0,16.3,06:08,23.8,13:07,33,2.2,7.2,14:30,72,82,06:50,61,13:20,2025-05-06 19:03:37.615313,2025-05-06 19:03:37.615313
229678,133,2014-10-15,21.4,0,18.1,05:38,24.6,14:54,10,1.9,5.6,14:40,75,89,22:20,64,15:10,2025-05-06 19:03:37.692734,2025-05-06 19:03:37.692734
229694,133,2014-10-16,21.1,0,17.6,07:23,24.6,12:40,14,2.5,5.8,12:50,81,90,22:30,74,10:00,2025-05-06 19:03:37.777117,2025-05-06 19:03:37.777117
229709,133,2014-10-17,21.4,0,16.7,06:36,26.1,14:21,11,2.2,5.6,14:50,68,88,00:00,58,07:50,2025-05-06 19:03:37.866895,2025-05-06 19:03:37.866895
229724,133,2014-10-18,22.1,0,18.5,05:52,25.7,12:26,8,1.9,6.7,11:20,79,92,,70,,2025-05-06 19:03:37.962650,2025-05-06 19:03:37.962650
229740,133,2014-10-19,22.6,3,18.8,,26.4,11:33,33,1.9,7.2,11:50,84,91,05:20,60,22:20,2025-05-06 19:03:38.048599,2025-05-06 19:03:38.048599
229755,133,2014-10-20,21.1,0,17.3,03:49,24.9,12:15,30,3.1,8.1,13:50,69,84,02:40,50,11:20,2025-05-06 19:03:38.143346,2025-05-06 19:03:38.143346
229771,133,2014-10-21,22.3,0,18.7,05:32,25.9,13:01,30,1.7,6.1,12:00,75,88,07:00,51,,2025-05-06 19:03:38.240433,2025-05-06 19:03:38.240433
229787,133,2014-10-22,28,0,22.9,22:07,33.2,13:22,24,2.2,5.8,05:40,32,58,19:40,19,13:50,2025-05-06 19:03:38.334562,2025-05-06 19:03:38.334562
229803,133,2014-10-23,26.4,0,20.8,06:00,32.1,14:22,30,1.7,6.1,23:30,32,71,23:59,23,13:10,2025-05-06 19:03:38.421865,2025-05-06 19:03:38.421865
229820,133,2014-10-24,26.2,0,21.1,01:07,31.2,11:04,28,1.4,5.8,00:50,46,87,00:50,25,16:30,2025-05-06 19:03:38.508315,2025-05-06 19:03:38.508315
229837,133,2014-10-25,25,0,20.7,03:38,29.4,14:59,13,1.9,5.3,12:10,51,84,20:10,34,06:20,2025-05-06 19:03:38.593989,2025-05-06 19:03:38.593989
229854,133,2014-10-26,24.6,0,20.4,01:36,28.9,12:10,16,2.8,7.5,06:50,53,85,21:10,28,08:40,2025-05-06 19:03:38.701832,2025-05-06 19:03:38.701832
229870,133,2014-10-27,23.8,0,19.9,04:29,27.8,12:26,30,2.2,10,21:50,56,92,04:10,45,11:50,2025-05-06 19:03:38.792874,2025-05-06 19:03:38.792874
229886,133,2014-10-28,21.7,15.8,18.8,21:32,24.6,11:35,31,3.1,7.8,00:40,78,95,23:50,61,11:00,2025-05-06 19:03:38.884392,2025-05-06 19:03:38.884392
229903,133,2014-10-29,20.4,0.8,17.7,03:33,23.1,13:24,36,2.2,7.2,15:00,80,95,,68,12:00,2025-05-06 19:03:38.981130,2025-05-06 19:03:38.981130
229920,133,2014-10-30,20,0,16.6,05:08,23.4,12:34,32,2.5,6.1,17:50,77,86,,66,13:10,2025-05-06 19:03:39.070436,2025-05-06 19:03:39.070436
229936,133,2014-10-31,19.9,0,17.4,05:09,22.4,12:05,32,3.6,9.2,14:00,80,88,,72,12:00,2025-05-06 19:03:39.166015,2025-05-06 19:03:39.166015
229953,133,2014-11-01,21.3,1.4,20,06:59,22.6,11:12,31,5.3,11.1,11:20,86,93,,77,11:00,2025-05-06 19:03:39.267894,2025-05-06 19:03:39.267894
229970,133,2014-11-02,21.6,0,20.6,06:15,22.5,13:59,31,5,10.3,12:30,90,96,,83,,2025-05-06 19:03:39.364971,2025-05-06 19:03:39.364971
229986,133,2014-11-03,21.2,0,20,,22.5,14:19,34,2.2,7.5,04:10,89,94,,82,,2025-05-06 19:03:39.458293,2025-05-06 19:03:39.458293
230000,133,2014-11-04,20.5,7.8,18.9,21:34,22.1,12:39,29,4.2,10.8,23:59,80,93,21:40,65,15:30,2025-05-06 19:03:39.540803,2025-05-06 19:03:39.540803
230014,133,2014-11-05,19.4,0.6,17.9,07:40,20.8,12:06,29,4.7,13.3,03:20,83,98,,71,15:40,2025-05-06 19:03:39.623634,2025-05-06 19:03:39.623634
230029,133,2014-11-06,18.6,0,16.1,06:50,21.2,16:17,3,1.9,5,16:40,78,84,07:50,68,16:10,2025-05-06 19:03:39.715194,2025-05-06 19:03:39.715194
230046,133,2014-11-07,19.5,0,17.2,04:52,21.8,10:37,99,2.2,6.4,,82,87,05:20,72,10:40,2025-05-06 19:03:39.811216,2025-05-06 19:03:39.811216
230063,133,2014-11-08,19.8,0,17.4,06:23,22.3,12:40,33,1.9,6.1,17:50,81,91,06:50,73,12:00,2025-05-06 19:03:39.902751,2025-05-06 19:03:39.902751
230078,133,2014-11-09,19.2,3,17.3,20:40,21.2,11:46,33,4.4,13.3,20:20,81,92,,68,11:50,2025-05-06 19:03:39.981346,2025-05-06 19:03:39.981346
230095,133,2014-11-10,19,2.4,17.4,,20.5,11:12,34,3.6,9.7,15:00,80,95,04:40,75,10:40,2025-05-06 19:03:40.051797,2025-05-06 19:03:40.051797
230110,133,2014-11-11,18.8,0,17.2,02:03,20.5,15:31,35,2.2,7.5,11:00,84,94,01:30,78,15:50,2025-05-06 19:03:40.121792,2025-05-06 19:03:40.121792
230127,133,2014-11-12,19.8,0,16.5,,23,10:32,33,2.5,7.2,15:00,87,95,17:40,65,10:30,2025-05-06 19:03:40.207227,2025-05-06 19:03:40.207227
230144,133,2014-11-13,18.7,0,16.1,,21.3,13:01,14,2.2,5,13:00,80,91,,72,12:40,2025-05-06 19:03:40.296586,2025-05-06 19:03:40.296586
230160,133,2014-11-14,19.5,1.8,16.1,04:20,22.9,11:16,18,2.2,5.3,04:40,80,88,00:00,66,10:50,2025-05-06 19:03:40.381538,2025-05-06 19:03:40.381538
230176,133,2014-11-15,19.1,6,17.9,23:54,20.3,16:02,30,1.1,6.4,03:40,92,97,08:40,85,00:00,2025-05-06 19:03:40.460758,2025-05-06 19:03:40.460758
230192,133,2014-11-16,18.3,0,16,07:23,20.6,13:48,33,2.8,8.1,12:40,79,94,00:40,66,15:50,2025-05-06 19:03:40.543434,2025-05-06 19:03:40.543434
230209,133,2014-11-17,19.6,0,16.8,02:15,22.5,14:07,16,0.8,5,12:10,82,92,21:40,73,11:50,2025-05-06 19:03:40.648629,2025-05-06 19:03:40.648629
230226,133,2014-11-18,19.8,0,16.6,05:34,23,,99,1.9,5.8,12:50,78,91,,72,,2025-05-06 19:03:40.751947,2025-05-06 19:03:40.751947
230243,133,2014-11-19,17.4,15.4,15.6,22:49,19.3,08:55,33,2.5,9.7,11:30,93,99,13:20,82,08:50,2025-05-06 19:03:40.858323,2025-05-06 19:03:40.858323
230260,133,2014-11-20,16.4,8.8,12.9,22:31,19.8,11:51,27,1.4,12.2,21:00,69,96,,59,12:00,2025-05-06 19:03:40.956723,2025-05-06 19:03:40.956723
230277,133,2014-11-21,15.2,4.8,12.5,06:04,17.9,13:51,28,4.4,13.9,18:50,82,92,15:00,73,13:30,2025-05-06 19:03:41.054113,2025-05-06 19:03:41.054113
230294,133,2014-11-22,18,45.4,15.7,23:49,20.4,13:56,28,5.3,15.3,11:10,77,98,23:59,70,13:30,2025-05-06 19:03:41.156106,2025-05-06 19:03:41.156106
230310,133,2014-11-23,16.4,13.8,14.2,05:21,18.7,13:35,33,7.2,17.5,07:20,82,99,02:50,72,12:10,2025-05-06 19:03:41.247464,2025-05-06 19:03:41.247464
230327,133,2014-11-24,18,0.2,17,,19,14:32,34,5,11.1,00:50,76,97,01:50,66,15:20,2025-05-06 19:03:41.345498,2025-05-06 19:03:41.345498
230344,133,2014-11-25,18.2,0.2,17,04:36,19.4,15:37,31,3.1,8.9,13:40,72,82,23:59,66,14:30,2025-05-06 19:03:41.432923,2025-05-06 19:03:41.432923
230360,133,2014-11-26,18,3.6,16.5,06:18,19.6,10:56,31,4.2,12.5,11:20,77,94,21:10,69,13:10,2025-05-06 19:03:41.508616,2025-05-06 19:03:41.508616
230376,133,2014-11-27,17,0,15,23:50,19,13:51,30,4.4,13.1,04:40,80,95,02:00,72,00:20,2025-05-06 19:03:41.585973,2025-05-06 19:03:41.585973
230391,133,2014-11-28,17.8,8.6,14.9,00:56,20.7,09:56,31,3.9,17.2,22:00,79,96,12:10,68,19:50,2025-05-06 19:03:41.661878,2025-05-06 19:03:41.661878
230408,133,2014-11-29,16.1,0.2,13.9,05:32,18.3,13:19,31,8.9,23.1,04:30,71,92,05:40,64,14:10,2025-05-06 19:03:41.747315,2025-05-06 19:03:41.747315
230423,133,2014-11-30,17.2,4,15.4,,18.9,11:54,30,3.1,10.6,00:50,79,88,09:00,68,12:00,2025-05-06 19:03:41.818030,2025-05-06 19:03:41.818030
230437,133,2014-12-01,16.8,2.2,14.8,07:29,18.8,14:18,31,4.7,11.7,13:40,87,95,,70,12:30,2025-05-06 19:03:41.893812,2025-05-06 19:03:41.893812
230454,133,2014-12-02,17.4,0,16.2,23:57,18.6,12:00,35,3.6,8.9,10:50,81,92,09:10,71,21:20,2025-05-06 19:03:41.982391,2025-05-06 19:03:41.982391
230470,133,2014-12-03,16.9,2.6,15,08:15,18.8,14:46,99,3.9,9.2,,82,98,10:50,67,14:50,2025-05-06 19:03:42.066018,2025-05-06 19:03:42.066018
230487,133,2014-12-04,16.6,0,14.5,06:03,18.6,13:48,35,2.5,7.2,12:40,72,86,07:30,61,13:10,2025-05-06 19:03:42.147903,2025-05-06 19:03:42.147903
230504,133,2014-12-05,16.4,0.6,14.3,06:24,18.6,12:45,34,2.5,7.8,14:50,73,86,22:30,65,12:50,2025-05-06 19:03:42.230412,2025-05-06 19:03:42.230412
230521,133,2014-12-06,15.5,0.6,13.6,05:36,17.4,13:01,36,2.5,8.6,09:50,83,93,05:40,73,13:30,2025-05-06 19:03:42.296359,2025-05-06 19:03:42.296359
230538,133,2014-12-07,15.6,0,13.1,07:36,18.2,13:53,3,1.9,7.2,16:30,70,79,,59,15:00,2025-05-06 19:03:42.372675,2025-05-06 19:03:42.372675
230555,133,2014-12-08,15.9,0,14,00:39,17.8,12:01,8,2.2,7.2,09:30,84,89,,79,,2025-05-06 19:03:42.442459,2025-05-06 19:03:42.442459
230572,133,2014-12-09,18.6,0,16,03:36,21.1,14:45,16,1.9,6.7,13:10,81,94,,55,14:40,2025-05-06 19:03:42.517275,2025-05-06 19:03:42.517275
230588,133,2014-12-10,16.8,0,14,03:54,19.7,13:12,34,2.2,5.3,20:00,82,91,,73,12:50,2025-05-06 19:03:42.578884,2025-05-06 19:03:42.578884
230605,133,2014-12-11,17.9,0,15.4,05:50,20.4,14:02,11,2.8,8.9,14:10,70,90,08:00,35,23:40,2025-05-06 19:03:42.656586,2025-05-06 19:03:42.656586
230622,133,2014-12-12,17.2,0,14.2,23:17,20.3,13:11,13,1.7,7.5,09:50,55,73,,34,00:00,2025-05-06 19:03:42.738858,2025-05-06 19:03:42.738858
230639,133,2014-12-13,17,8.2,13.4,22:46,20.6,11:54,32,3.3,11.4,18:00,66,97,19:20,45,12:00,2025-05-06 19:03:42.826776,2025-05-06 19:03:42.826776
230656,133,2014-12-14,14.6,1,12.8,04:42,16.4,11:52,34,4.4,11.1,10:30,67,83,23:00,61,09:30,2025-05-06 19:03:42.911276,2025-05-06 19:03:42.911276
230673,133,2014-12-15,15.1,3.2,13.2,00:41,17,13:02,34,3.3,10,08:50,81,93,09:30,73,13:00,2025-05-06 19:03:42.999562,2025-05-06 19:03:42.999562
230690,133,2014-12-16,16.2,3.8,14.6,01:07,17.9,11:31,33,3.1,8.3,11:40,82,93,02:40,74,13:50,2025-05-06 19:03:43.089595,2025-05-06 19:03:43.089595
230707,133,2014-12-17,15.8,7,14.9,06:58,16.8,13:13,4,1.9,8.9,16:20,95,98,,85,00:00,2025-05-06 19:03:43.184666,2025-05-06 19:03:43.184666
230724,133,2014-12-18,16.1,0,14.4,06:52,17.8,12:38,3,1.1,5.8,02:00,85,98,00:10,75,12:10,2025-05-06 19:03:43.275427,2025-05-06 19:03:43.275427
230741,133,2014-12-19,16.3,0.2,12.4,05:15,20.2,14:59,7,1.9,5.3,11:30,70,93,00:10,49,15:30,2025-05-06 19:03:43.367429,2025-05-06 19:03:43.367429
230758,133,2014-12-20,15.8,0,13.6,05:15,18,15:53,5,1.1,5.3,14:00,86,92,23:59,78,15:10,2025-05-06 19:03:43.444968,2025-05-06 19:03:43.444968
230775,133,2014-12-21,16.7,0,14.2,07:41,19.2,11:58,3,1.9,7.2,20:30,79,92,00:00,70,15:30,2025-05-06 19:03:43.513780,2025-05-06 19:03:43.513780
230792,133,2014-12-22,16.6,0,14.8,19:56,18.4,13:30,10,2.5,9.2,11:50,75,91,01:30,43,23:59,2025-05-06 19:03:43.589526,2025-05-06 19:03:43.589526
230809,133,2014-12-23,16.7,0,15.5,07:40,17.9,11:35,99,2.8,10,,66,77,03:50,42,00:10,2025-05-06 19:03:43.669839,2025-05-06 19:03:43.669839
230826,133,2014-12-24,17.2,0,15.6,08:09,18.9,14:17,14,3.1,10.8,14:40,64,71,00:00,45,19:10,2025-05-06 19:03:43.755062,2025-05-06 19:03:43.755062
230843,133,2014-12-25,18.2,0,16.3,08:11,20,13:48,14,3.6,10.3,01:40,55,69,08:00,39,23:40,2025-05-06 19:03:43.836390,2025-05-06 19:03:43.836390
230860,133,2014-12-26,16,0,13.1,07:56,19,12:30,6,2.2,5.6,15:40,73,86,22:30,37,01:50,2025-05-06 19:03:43.915617,2025-05-06 19:03:43.915617
230877,133,2014-12-27,15,0,11.5,05:14,18.4,14:15,9,2.2,7.2,14:40,80,89,04:30,59,22:30,2025-05-06 19:03:44.003934,2025-05-06 19:03:44.003934
230894,133,2014-12-28,14.8,0,11.3,07:03,18.2,13:12,20,2.2,5,08:10,72,83,,52,03:20,2025-05-06 19:03:44.090221,2025-05-06 19:03:44.090221
230911,133,2014-12-29,15.4,0,12.5,00:45,18.4,15:28,8,1.4,6.1,13:50,72,83,00:00,64,13:40,2025-05-06 19:03:44.165190,2025-05-06 19:03:44.165190
230927,133,2014-12-30,16,0,14.5,05:49,17.6,13:46,6,1.4,6.1,19:10,79,84,23:30,74,12:10,2025-05-06 19:03:44.266700,2025-05-06 19:03:44.266700
230943,133,2014-12-31,16,0,14.7,08:35,17.4,14:26,12,2.8,10.3,12:30,65,88,,55,16:50,2025-05-06 19:03:44.360693,2025-05-06 19:03:44.360693
230959,133,2015-01-01,15.6,0,13.4,19:34,17.8,12:14,11,3.1,10.6,00:50,54,76,23:30,46,11:40,2025-05-06 19:03:44.456124,2025-05-06 19:03:44.456124
230976,133,2015-01-02,15,0,13.5,20:29,16.5,10:50,14,3.1,11.7,11:20,56,77,,46,,2025-05-06 19:03:44.557334,2025-05-06 19:03:44.557334
230993,133,2015-01-03,14.1,0,12.6,19:34,15.6,,10,4.7,13.9,11:20,46,63,06:00,43,,2025-05-06 19:03:44.665615,2025-05-06 19:03:44.665615
231010,133,2015-01-04,14.6,0,13.3,18:45,16,00:41,13,3.6,12.8,12:30,48,67,23:59,39,01:40,2025-05-06 19:03:44.766033,2025-05-06 19:03:44.766033
231027,133,2015-01-05,14.5,0,12.1,08:26,16.9,13:13,12,1.7,7.2,,54,70,23:10,46,14:10,2025-05-06 19:03:44.867690,2025-05-06 19:03:44.867690
231044,133,2015-01-06,14.4,0,11.8,04:34,16.9,12:35,7,1.7,6.9,15:00,71,81,04:40,62,12:40,2025-05-06 19:03:44.947461,2025-05-06 19:03:44.947461
231061,133,2015-01-07,14,0,11.5,07:45,16.4,12:39,34,2.8,7.8,15:50,74,82,08:30,69,15:20,2025-05-06 19:03:45.026457,2025-05-06 19:03:45.026457
231078,133,2015-01-08,15.4,0,13.8,03:28,16.9,11:50,6,3.3,10,16:20,78,84,06:40,71,09:10,2025-05-06 19:03:45.097897,2025-05-06 19:03:45.097897
231095,133,2015-01-09,15,0,13.3,20:18,16.6,13:53,99,2.8,8.9,,77,84,,67,11:50,2025-05-06 19:03:45.185374,2025-05-06 19:03:45.185374
231112,133,2015-01-10,15.4,0,13.2,01:50,17.6,11:28,99,2.5,9.2,,62,88,,48,18:30,2025-05-06 19:03:45.274987,2025-05-06 19:03:45.274987
231129,133,2015-01-11,16.6,0,13.8,00:34,19.5,14:10,10,2.8,7.5,13:00,60,84,06:30,40,14:00,2025-05-06 19:03:45.357817,2025-05-06 19:03:45.357817
231146,133,2015-01-12,15.8,0,13.4,08:09,18.2,12:50,12,2.2,7.2,12:20,69,90,07:10,43,22:50,2025-05-06 19:03:45.439848,2025-05-06 19:03:45.439848
231163,133,2015-01-13,15.5,0,13.2,08:16,17.8,11:49,4,1.7,6.7,21:30,71,87,21:10,44,05:50,2025-05-06 19:03:45.528656,2025-05-06 19:03:45.528656
231180,133,2015-01-14,14.9,1,13.2,07:59,16.6,14:08,28,2.5,8.3,02:40,86,92,,73,01:10,2025-05-06 19:03:45.611137,2025-05-06 19:03:45.611137
231197,133,2015-01-15,16.2,0,13.6,,18.9,14:02,31,1.7,7.2,20:40,85,93,,70,14:10,2025-05-06 19:03:45.699431,2025-05-06 19:03:45.699431
231214,133,2015-07-15,21.7,0,19.3,03:56,24.1,14:22,34,4.4,10.6,15:00,84,94,,73,05:10,2025-05-06 19:17:11.676832,2025-05-06 19:17:11.676832
231231,133,2015-07-16,21.5,0,19.1,05:00,23.9,14:30,30,5,10,09:00,85,95,00:30,76,14:10,2025-05-06 19:17:11.768522,2025-05-06 19:17:11.768522
231248,133,2015-07-17,21.8,0,18.3,06:05,25.3,14:34,30,3.3,8.6,,80,92,,61,15:30,2025-05-06 19:17:11.855478,2025-05-06 19:17:11.855478
231263,133,2015-07-18,21.2,0,19,06:46,23.3,14:21,30,4.4,9.4,11:00,83,91,00:30,75,14:30,2025-05-06 19:17:11.929173,2025-05-06 19:17:11.929173
231279,133,2015-07-19,21.5,0,19.5,,23.5,13:04,31,5,11.1,13:50,80,90,06:00,72,12:50,2025-05-06 19:17:12.003753,2025-05-06 19:17:12.003753
231295,133,2015-07-20,21.6,0,19.8,04:39,23.4,15:07,30,5.8,12.5,10:20,86,93,23:50,79,15:10,2025-05-06 19:17:12.079944,2025-05-06 19:17:12.079944
231311,133,2015-07-21,21.2,0,19.8,,22.5,13:10,30,5.8,12.5,21:00,89,94,,82,13:00,2025-05-06 19:17:12.157098,2025-05-06 19:17:12.157098
231327,133,2015-07-22,22,0,20.4,,23.7,15:02,30,5.3,11.1,22:50,89,95,,83,13:30,2025-05-06 19:17:12.228797,2025-05-06 19:17:12.228797
231343,133,2015-07-23,22.7,0,20,03:08,25.4,14:14,28,4.4,11.4,04:40,80,96,,60,19:10,2025-05-06 19:17:12.294711,2025-05-06 19:17:12.294711
231359,133,2015-07-24,,,,,,,0,3.6,,,72,,,,,2025-05-06 19:17:12.370252,2025-05-06 19:17:12.370252
231375,133,2015-07-25,21.4,0,19.7,02:51,23.1,13:01,32,3.6,8.9,02:20,84,96,23:30,79,16:20,2025-05-06 19:17:12.446513,2025-05-06 19:17:12.446513
231391,133,2015-07-26,21.2,0,19.5,03:30,22.9,14:50,32,4.4,9.2,13:30,82,96,00:00,74,,2025-05-06 19:17:12.522072,2025-05-06 19:17:12.522072
231407,133,2015-07-27,21.4,0,19.1,02:20,23.6,14:49,32,4.4,10.8,09:40,79,89,23:20,71,13:10,2025-05-06 19:17:12.605941,2025-05-06 19:17:12.605941
231423,133,2015-07-28,22,0,20,03:11,24.1,13:07,34,4.2,9.7,03:20,79,89,,71,13:10,2025-05-06 19:17:12.682633,2025-05-06 19:17:12.682633
231439,133,2015-07-29,21.2,0,19.3,06:38,23,13:13,30,3.9,9.2,23:40,89,95,07:20,83,23:59,2025-05-06 19:17:12.759253,2025-05-06 19:17:12.759253
231455,133,2015-07-30,21.5,0,20.1,06:18,22.9,15:18,32,4.7,13.3,00:50,83,91,,75,12:20,2025-05-06 19:17:12.834229,2025-05-06 19:17:12.834229
231471,133,2015-07-31,22.1,0.6,19.8,23:35,24.4,16:02,33,4.4,12.2,16:40,82,97,23:50,65,16:00,2025-05-06 19:17:12.909369,2025-05-06 19:17:12.909369
231487,133,2015-08-01,21.6,0,19.4,23:59,23.8,12:54,32,3.3,8.6,00:10,79,98,00:20,63,,2025-05-06 19:17:12.988395,2025-05-06 19:17:12.988395
231504,133,2015-08-02,20.6,0,17.3,05:32,23.9,11:47,34,3.1,8.3,13:00,71,90,03:10,61,15:30,2025-05-06 19:17:13.077079,2025-05-06 19:17:13.077079
231521,133,2015-08-03,21.2,0,18.4,05:44,23.9,13:35,32,3.1,9.7,16:50,70,84,,64,15:10,2025-05-06 19:17:13.168215,2025-05-06 19:17:13.168215
231538,133,2015-08-04,21.5,0,19.6,02:40,23.4,16:30,33,3.6,7.8,14:00,79,89,20:20,71,16:30,2025-05-06 19:17:13.256030,2025-05-06 19:17:13.256030
231554,133,2015-08-05,22,0,20.2,03:22,23.9,13:11,28,4.2,11.4,21:50,85,90,,75,13:50,2025-05-06 19:17:13.338018,2025-05-06 19:17:13.338018
231570,133,2015-08-06,21.4,0,19.8,,23,16:08,31,4.4,9.7,12:10,87,94,,81,15:50,2025-05-06 19:17:13.418517,2025-05-06 19:17:13.418517
231585,133,2015-08-07,21.8,0,19.9,05:44,23.6,17:00,32,3.6,8.9,12:40,92,98,,85,17:10,2025-05-06 19:17:13.492033,2025-05-06 19:17:13.492033
231601,133,2015-08-08,21.9,0,20.4,23:55,23.4,09:29,8,1.9,7.5,15:20,85,98,,76,07:40,2025-05-06 19:17:13.572950,2025-05-06 19:17:13.572950
231618,133,2015-08-09,22.4,0.6,20,,24.8,11:59,28,1.9,7.2,18:10,87,97,,77,12:00,2025-05-06 19:17:13.666763,2025-05-06 19:17:13.666763
231635,133,2015-08-10,25.6,0,22.5,,28.7,16:04,29,1.9,6.4,09:10,68,93,08:30,53,22:30,2025-05-06 19:17:13.757024,2025-05-06 19:17:13.757024
231651,133,2015-08-11,26.3,0,22.1,06:50,30.5,13:49,99,2.5,6.1,,54,79,07:00,36,14:40,2025-05-06 19:17:13.830026,2025-05-06 19:17:13.830026
231667,133,2015-08-12,25.8,0,21.7,23:52,30,11:58,30,2.8,11.1,23:59,65,93,23:50,45,12:10,2025-05-06 19:17:13.917598,2025-05-06 19:17:13.917598
231683,133,2015-08-13,25.6,1.6,21.5,01:05,29.8,13:11,12,1.7,10.3,10:40,65,93,00:00,52,10:20,2025-05-06 19:17:14.009464,2025-05-06 19:17:14.009464
231699,133,2015-08-14,23.2,0,20.4,23:47,25.9,10:13,32,1.9,7.2,18:30,86,93,02:30,62,11:00,2025-05-06 19:17:14.086306,2025-05-06 19:17:14.086306
231715,133,2015-08-15,21.4,0,19.8,05:18,23.1,13:32,34,3.1,8.9,15:40,83,90,01:40,71,15:30,2025-05-06 19:17:14.204325,2025-05-06 19:17:14.204325
231732,133,2015-08-16,21.2,0.6,19.5,06:17,23,12:11,31,3.3,8.3,17:40,81,93,14:00,73,11:40,2025-05-06 19:17:14.371538,2025-05-06 19:17:14.371538
231749,133,2015-08-17,22.2,0.2,19.5,,24.8,15:22,31,3.3,8.3,11:30,84,96,,67,15:30,2025-05-06 19:17:14.505318,2025-05-06 19:17:14.505318
231765,133,2015-08-18,22.3,0,19.5,,25.1,12:43,31,2.2,6.9,17:00,76,95,00:00,65,11:50,2025-05-06 19:17:14.581863,2025-05-06 19:17:14.581863
231782,133,2015-08-19,,,,,,,0,2.2,,,77,,,,,2025-05-06 19:17:14.668988,2025-05-06 19:17:14.668988
231798,133,2015-08-20,,0,,,,,0,2.2,,,80,,,,,2025-05-06 19:17:14.741920,2025-05-06 19:17:14.741920
231814,133,2015-08-21,21.8,0,19.7,04:23,23.8,14:07,32,3.6,10.8,16:30,84,90,,73,14:00,2025-05-06 19:17:14.842035,2025-05-06 19:17:14.842035
231830,133,2015-08-22,22,0,19.8,06:33,24.1,14:48,33,3.3,8.9,15:30,81,90,23:50,70,15:10,2025-05-06 19:17:14.926646,2025-05-06 19:17:14.926646
231846,133,2015-08-23,21.8,0,20,02:59,23.7,15:04,32,3.1,8.6,09:40,77,91,,69,13:20,2025-05-06 19:17:15.026457,2025-05-06 19:17:15.026457
231862,133,2015-08-24,21.8,0,20,06:44,23.7,12:09,99,3.3,7.2,,79,93,,66,12:10,2025-05-06 19:17:15.106784,2025-05-06 19:17:15.106784
231879,133,2015-08-25,21.8,0,19.9,01:38,23.8,14:00,32,3.3,8.1,23:40,83,92,06:50,74,14:10,2025-05-06 19:17:15.191167,2025-05-06 19:17:15.191167
231896,133,2015-08-26,22,0,20.1,,24,12:13,32,3.9,8.6,18:10,77,92,01:30,67,14:50,2025-05-06 19:17:15.274612,2025-05-06 19:17:15.274612
231913,133,2015-08-27,22.1,0,19.8,06:05,24.4,13:03,30,3.3,8.6,18:00,82,93,,68,15:00,2025-05-06 19:17:15.357948,2025-05-06 19:17:15.357948
231930,133,2015-08-28,22.2,0,19.9,,24.5,13:08,34,3.9,9.7,14:20,82,93,02:30,70,13:10,2025-05-06 19:17:15.446879,2025-05-06 19:17:15.446879
231947,133,2015-08-29,22.1,0,20,06:51,24.2,13:10,33,3.9,10,15:50,83,92,,73,12:20,2025-05-06 19:17:15.529050,2025-05-06 19:17:15.529050
231964,133,2015-08-30,22.8,0,19.9,,25.8,13:04,31,2.5,7.5,10:40,78,92,02:30,65,14:00,2025-05-06 19:17:15.620896,2025-05-06 19:17:15.620896
231981,133,2015-08-31,23.4,0,20.4,05:35,26.3,12:45,28,1.9,7.2,00:20,81,92,23:30,69,12:40,2025-05-06 19:17:15.718013,2025-05-06 19:17:15.718013
231998,133,2015-09-01,23.4,0,20.7,23:37,26.1,12:45,4,2.8,7.5,12:00,81,92,,67,12:50,2025-05-06 19:17:15.806619,2025-05-06 19:17:15.806619
232014,133,2015-09-02,22.4,0,20.1,06:20,24.6,15:55,34,3.3,8.9,13:30,76,89,,62,15:50,2025-05-06 19:17:15.887960,2025-05-06 19:17:15.887960
232031,133,2015-09-03,22.1,0,19.6,06:10,24.6,13:29,8,2.2,8.1,12:30,77,90,02:20,70,12:00,2025-05-06 19:17:15.972573,2025-05-06 19:17:15.972573
232048,133,2015-09-04,21.9,0,19.8,06:36,24,14:49,30,2.8,7.8,17:10,79,88,06:00,67,13:40,2025-05-06 19:17:16.054275,2025-05-06 19:17:16.054275
232065,133,2015-09-05,21.8,0,19.7,,24,13:51,34,3.3,8.1,15:20,79,88,,72,14:00,2025-05-06 19:17:16.138517,2025-05-06 19:17:16.138517
232082,133,2015-09-06,23.7,0,20.4,05:36,27,12:10,9,2.2,7.5,13:10,77,90,,64,14:50,2025-05-06 19:17:16.223528,2025-05-06 19:17:16.223528
232099,133,2015-09-07,23.4,0,20.8,23:20,26.1,14:52,4,1.4,6.4,15:20,82,93,,66,14:50,2025-05-06 19:17:16.307463,2025-05-06 19:17:16.307463
232115,133,2015-09-08,22.8,0,19.8,07:11,25.8,14:39,10,1.9,6.1,12:20,76,89,,62,,2025-05-06 19:17:16.385801,2025-05-06 19:17:16.385801
232132,133,2015-09-09,22.6,0,19.9,02:44,25.3,12:42,32,2.5,7.8,16:10,80,90,09:30,71,15:10,2025-05-06 19:17:16.470964,2025-05-06 19:17:16.470964
232149,133,2015-09-10,21.8,0,19.8,03:18,23.9,15:03,33,3.9,9.2,14:20,74,86,22:00,68,12:50,2025-05-06 19:17:16.552879,2025-05-06 19:17:16.552879
232166,133,2015-09-11,23.2,0.4,20.4,03:00,26,16:11,30,4.2,9.7,17:50,83,96,23:00,71,16:10,2025-05-06 19:17:16.635804,2025-05-06 19:17:16.635804
232183,133,2015-09-12,23.1,0,20.2,04:29,26,12:00,27,3.1,7.2,06:00,82,95,03:10,65,13:20,2025-05-06 19:17:16.721382,2025-05-06 19:17:16.721382
232200,133,2015-09-13,22.8,0,18.9,03:17,26.6,12:20,32,1.7,6.4,15:00,79,94,07:00,64,14:10,2025-05-06 19:17:16.807536,2025-05-06 19:17:16.807536
232217,133,2015-09-14,22.4,0,19.1,05:40,25.6,14:03,5,1.9,6.1,13:10,80,92,22:00,69,12:50,2025-05-06 19:17:16.893631,2025-05-06 19:17:16.893631
232234,133,2015-09-15,22.2,0.6,19.1,04:25,25.4,12:25,32,3.3,8.9,14:20,79,93,00:40,64,11:30,2025-05-06 19:17:16.980208,2025-05-06 19:17:16.980208
232251,133,2015-09-16,22.6,0,20.1,06:56,25.1,14:11,34,3.9,9.2,11:50,76,94,,61,13:00,2025-05-06 19:17:17.063210,2025-05-06 19:17:17.063210
232268,133,2015-09-17,22.9,0.2,20.5,02:40,25.3,13:47,33,3.9,10.3,17:20,77,92,02:50,67,12:10,2025-05-06 19:17:17.153618,2025-05-06 19:17:17.153618
232285,133,2015-09-18,21,10.2,19.7,20:29,22.3,01:33,32,1.4,6.4,03:00,93,97,10:30,78,00:00,2025-05-06 19:17:17.241603,2025-05-06 19:17:17.241603
232302,133,2015-09-19,20.3,0,18.2,06:41,22.4,11:49,4,1.4,7.5,14:20,81,94,,71,12:00,2025-05-06 19:17:17.315990,2025-05-06 19:17:17.315990
232319,133,2015-09-20,21.2,0,18.2,,24.2,12:53,34,2.2,6.1,14:20,78,88,,67,11:10,2025-05-06 19:17:17.392569,2025-05-06 19:17:17.392569
232336,133,2015-09-21,22.8,0,19.6,03:21,26,13:21,30,1.9,5.6,04:00,85,94,21:00,78,12:20,2025-05-06 19:17:17.475395,2025-05-06 19:17:17.475395
232353,133,2015-09-22,25.8,0,21.7,00:07,29.8,12:25,13,1.7,10.8,03:20,60,86,00:00,50,06:30,2025-05-06 19:17:17.564603,2025-05-06 19:17:17.564603
232369,133,2015-09-23,26.2,0,21.6,01:42,30.8,10:26,10,2.5,6.4,13:00,63,84,22:30,40,10:20,2025-05-06 19:17:17.643446,2025-05-06 19:17:17.643446
232386,133,2015-09-24,24.6,0,21.8,00:15,27.5,14:28,15,1.9,7.5,13:30,84,94,23:40,68,14:30,2025-05-06 19:17:17.729620,2025-05-06 19:17:17.729620
232403,133,2015-09-25,24,0.2,21.7,,26.3,14:15,6,1.4,5.3,15:50,85,95,05:30,66,14:20,2025-05-06 19:17:17.811243,2025-05-06 19:17:17.811243
232420,133,2015-09-26,21.4,1.6,20.6,23:59,22.2,12:01,4,1.7,6.1,16:40,86,93,01:10,80,13:50,2025-05-06 19:17:17.884781,2025-05-06 19:17:17.884781
232437,133,2015-09-27,22,0,19.8,05:26,24.1,12:55,32,3.1,7.5,17:50,78,93,04:00,71,14:10,2025-05-06 19:17:17.961598,2025-05-06 19:17:17.961598
232454,133,2015-09-28,21.4,0,18.7,06:45,24.1,13:40,32,1.7,6.4,15:30,80,88,06:00,68,15:50,2025-05-06 19:17:18.024016,2025-05-06 19:17:18.024016
232470,133,2015-09-29,21,0,17.7,06:04,24.3,10:10,99,2.2,5.8,,74,86,22:20,63,09:50,2025-05-06 19:17:18.092172,2025-05-06 19:17:18.092172
232487,133,2015-09-30,21,0,17.5,,24.4,11:28,8,2.2,6.7,11:20,76,86,,67,11:30,2025-05-06 19:17:18.177582,2025-05-06 19:17:18.177582
232504,133,2015-10-01,22.2,0,18.5,02:13,26,11:47,10,1.9,5.8,15:00,76,91,07:30,55,10:50,2025-05-06 19:17:18.261845,2025-05-06 19:17:18.261845
232521,133,2015-10-02,23.6,0,19.4,05:07,27.8,13:00,11,1.1,5.8,15:20,71,93,01:40,63,09:10,2025-05-06 19:17:18.347613,2025-05-06 19:17:18.347613
232538,133,2015-10-03,25.4,0,21.8,01:34,29.1,14:50,13,3.1,10.3,12:10,59,86,04:30,52,,2025-05-06 19:17:18.430241,2025-05-06 19:17:18.430241
232555,133,2015-10-04,27.7,0,23.2,22:35,32.2,14:08,12,2.5,8.6,13:30,51,87,21:40,35,13:50,2025-05-06 19:17:18.518324,2025-05-06 19:17:18.518324
232571,133,2015-10-05,26,0,22.5,23:30,29.4,11:26,15,4.2,10.8,02:50,60,92,23:59,47,10:10,2025-05-06 19:17:18.596236,2025-05-06 19:17:18.596236
232586,133,2015-10-06,23,0,21.2,07:14,24.8,13:31,29,2.5,7.5,00:30,83,94,,73,15:10,2025-05-06 19:17:18.670724,2025-05-06 19:17:18.670724
232602,133,2015-10-07,22.1,0,20.6,23:56,23.6,13:00,32,2.5,7.5,22:50,85,93,04:00,75,15:10,2025-05-06 19:17:18.748623,2025-05-06 19:17:18.748623
232618,133,2015-10-08,21.3,0,18.7,05:43,23.9,12:07,34,3.1,8.6,17:40,73,81,,62,13:30,2025-05-06 19:17:18.826013,2025-05-06 19:17:18.826013
232633,133,2015-10-09,21.5,0,18.8,,24.2,15:03,32,2.2,8.3,13:30,74,83,,68,,2025-05-06 19:17:18.894917,2025-05-06 19:17:18.894917
232650,133,2015-10-10,23.2,0,19.4,01:32,26.9,12:18,29,1.1,7.2,10:20,74,88,,64,12:00,2025-05-06 19:17:18.966040,2025-05-06 19:17:18.966040
232667,133,2015-10-11,21.2,11.4,20.2,,22.3,13:22,31,1.9,7.2,11:20,88,97,12:00,81,06:50,2025-05-06 19:17:19.051059,2025-05-06 19:17:19.051059
232684,133,2015-10-12,20.8,2,18.7,07:07,22.9,13:06,29,2.8,6.7,10:50,84,96,07:20,73,14:30,2025-05-06 19:17:19.133902,2025-05-06 19:17:19.133902
232701,133,2015-10-13,21,0,18.7,07:21,23.4,11:54,32,1.9,6.4,12:20,80,88,,70,10:40,2025-05-06 19:17:19.217593,2025-05-06 19:17:19.217593
232717,133,2015-10-14,20.4,0,17.6,,23.1,11:47,99,2.2,4.7,,69,86,,59,16:10,2025-05-06 19:17:19.293454,2025-05-06 19:17:19.293454
232734,133,2015-10-15,22.1,0.4,17.7,05:11,26.5,13:03,16,2.2,10,14:30,67,80,23:59,60,,2025-05-06 19:17:19.375986,2025-05-06 19:17:19.375986
232751,133,2015-10-16,24,7.2,20.8,03:42,27.2,16:29,14,1.9,10,08:20,78,95,12:00,47,15:00,2025-05-06 19:17:19.458637,2025-05-06 19:17:19.458637
232768,133,2015-10-17,22.4,0,19.5,06:38,25.4,12:21,15,2.5,6.4,17:40,76,90,07:10,62,12:50,2025-05-06 19:17:19.541458,2025-05-06 19:17:19.541458
232785,133,2015-10-18,21.8,0,18.6,06:19,25,13:19,30,1.9,9.2,21:30,80,94,06:40,67,13:20,2025-05-06 19:17:19.638669,2025-05-06 19:17:19.638669
232802,133,2015-10-19,20.4,1,18.1,06:25,22.7,15:47,28,3.6,11.7,12:40,77,89,,69,15:40,2025-05-06 19:17:19.761268,2025-05-06 19:17:19.761268
232819,133,2015-10-20,20,13.4,17.3,,22.6,10:44,29,1.7,10,01:50,83,95,20:30,67,10:30,2025-05-06 19:17:19.862669,2025-05-06 19:17:19.862669
232835,133,2015-10-21,19.2,26,15.9,06:10,22.5,10:21,32,2.5,7.5,13:20,88,99,13:10,73,10:00,2025-05-06 19:17:19.949658,2025-05-06 19:17:19.949658
232852,133,2015-10-22,20.8,60.4,17,02:58,24.5,14:47,12,2.8,8.9,11:50,76,100,09:20,59,16:40,2025-05-06 19:17:20.038865,2025-05-06 19:17:20.038865
232869,133,2015-10-23,21.3,6.4,18.4,04:44,24.2,12:17,14,1.9,7.5,14:20,79,95,20:00,66,09:10,2025-05-06 19:17:20.127451,2025-05-06 19:17:20.127451
232886,133,2015-10-24,21.1,32,18.6,00:01,23.6,10:52,31,1.9,7.5,17:50,87,95,18:10,70,10:40,2025-05-06 19:17:20.217066,2025-05-06 19:17:20.217066
232903,133,2015-10-25,20.2,0,18,07:14,22.5,12:57,99,2.5,6.1,,89,100,,77,13:40,2025-05-06 19:17:20.305620,2025-05-06 19:17:20.305620
232919,133,2015-10-26,19.8,0,17,06:29,22.7,13:26,32,1.9,6.1,12:50,82,92,04:40,72,13:30,2025-05-06 19:17:20.383657,2025-05-06 19:17:20.383657
232936,133,2015-10-27,19.6,1.2,16.3,06:58,22.8,12:06,35,2.8,9.7,16:50,84,96,,74,10:30,2025-05-06 19:17:20.472520,2025-05-06 19:17:20.472520
232953,133,2015-10-28,19,2.8,16.8,06:39,21.3,11:28,4,1.9,7.5,17:40,92,96,,81,22:20,2025-05-06 19:17:20.556170,2025-05-06 19:17:20.556170
232968,133,2015-10-29,19.4,0,16.8,06:26,22,15:40,8,1.9,5.3,11:10,82,94,04:40,70,15:10,2025-05-06 19:17:20.630408,2025-05-06 19:17:20.630408
232980,133,2015-10-30,19.2,2.8,15.9,06:16,22.5,13:12,7,1.7,4.7,12:10,78,91,21:30,72,,2025-05-06 19:17:20.692858,2025-05-06 19:17:20.692858
232992,133,2015-10-31,16.8,51.4,14.8,19:49,18.9,03:47,34,2.5,9.7,13:30,98,100,,85,00:00,2025-05-06 19:17:20.749969,2025-05-06 19:17:20.749969
233003,133,2015-11-01,17,1,14.8,03:38,19.2,12:27,32,2.5,7.5,13:40,80,97,01:10,66,12:30,2025-05-06 19:17:20.802789,2025-05-06 19:17:20.802789
233015,133,2015-11-02,17.4,0,14.2,02:44,20.7,13:08,33,2.2,8.1,12:10,76,86,,68,09:50,2025-05-06 19:17:20.856124,2025-05-06 19:17:20.856124
233031,133,2015-11-03,18.4,0,14.8,05:32,22,12:08,18,2.2,5,01:10,74,89,22:00,62,14:30,2025-05-06 19:17:20.934395,2025-05-06 19:17:20.934395
233048,133,2015-11-04,18.8,0,15.4,05:26,22.3,12:34,4,2.2,5.3,12:10,78,87,22:20,72,10:50,2025-05-06 19:17:21.020223,2025-05-06 19:17:21.020223
233064,133,2015-11-05,19.4,0,16.1,06:11,22.7,15:17,99,1.9,4.7,,83,91,,71,13:50,2025-05-06 19:17:21.100071,2025-05-06 19:17:21.100071
233081,133,2015-11-06,20,0,16.9,04:56,23,12:27,5,2.2,5.3,14:10,81,88,00:00,72,12:30,2025-05-06 19:17:21.186505,2025-05-06 19:17:21.186505
233098,133,2015-11-07,20.5,0,18.4,07:32,22.6,13:49,4,1.4,5.3,14:00,79,87,22:30,73,14:30,2025-05-06 19:17:21.269670,2025-05-06 19:17:21.269670
233115,133,2015-11-08,19.8,0,17.8,04:55,21.8,,34,1.7,5.3,11:50,84,94,23:10,78,12:10,2025-05-06 19:17:21.353574,2025-05-06 19:17:21.353574
233132,133,2015-11-09,22.3,0,18.6,00:01,26,12:07,11,2.8,7.8,11:50,52,91,00:10,40,18:50,2025-05-06 19:17:21.440953,2025-05-06 19:17:21.440953
233149,133,2015-11-10,21.8,0,18.7,23:36,25,14:01,10,1.9,6.1,14:20,57,85,21:40,50,14:20,2025-05-06 19:17:21.526374,2025-05-06 19:17:21.526374
233166,133,2015-11-11,21.6,0,18,06:57,25.3,14:55,13,1.7,6.7,14:10,72,91,,44,15:00,2025-05-06 19:17:21.610146,2025-05-06 19:17:21.610146
233183,133,2015-11-12,21.2,0,17.4,03:24,25,14:13,4,1.1,4.7,14:00,73,91,,53,14:10,2025-05-06 19:17:21.695740,2025-05-06 19:17:21.695740
233200,133,2015-11-13,21.8,0,18.9,05:56,24.7,14:59,14,1.9,7.8,14:10,66,85,07:00,45,16:10,2025-05-06 19:17:21.780605,2025-05-06 19:17:21.780605
233217,133,2015-11-14,22.6,0,19.5,02:42,25.7,12:37,11,2.5,8.6,12:00,48,67,02:40,34,19:50,2025-05-06 19:17:21.864015,2025-05-06 19:17:21.864015
233234,133,2015-11-15,23,0,20.6,06:29,25.5,12:36,12,2.8,8.3,11:30,53,80,09:00,32,,2025-05-06 19:17:21.950558,2025-05-06 19:17:21.950558
233251,133,2015-11-16,21.6,0,18.4,,24.8,10:47,14,2.2,7.8,10:20,54,88,23:59,36,14:10,2025-05-06 19:17:22.410868,2025-05-06 19:17:22.410868
233268,133,2015-11-17,19.5,0,17.6,02:30,21.4,13:08,35,1.9,6.4,10:50,71,89,,61,11:30,2025-05-06 19:17:22.543335,2025-05-06 19:17:22.543335
233285,133,2015-11-18,20,0,17.5,,22.5,16:04,99,2.2,7.5,,79,88,19:30,69,,2025-05-06 19:17:22.648394,2025-05-06 19:17:22.648394
233302,133,2015-11-19,19.3,0,16.1,07:33,22.5,,2,1.7,5,15:40,75,89,08:20,59,03:20,2025-05-06 19:17:22.754477,2025-05-06 19:17:22.754477
233319,133,2015-11-20,19.6,0,17,07:32,22.3,12:58,4,1.4,5.8,13:20,82,92,22:40,70,13:00,2025-05-06 19:17:22.848984,2025-05-06 19:17:22.848984
233336,133,2015-11-21,19.2,0,17.6,07:44,20.7,14:14,33,2.8,8.3,21:50,76,92,00:10,65,19:50,2025-05-06 19:17:22.945997,2025-05-06 19:17:22.945997
233352,133,2015-11-22,17.4,2.2,15.4,20:27,19.5,11:49,36,3.9,10.8,15:50,76,97,10:00,66,03:10,2025-05-06 19:17:23.139526,2025-05-06 19:17:23.139526
233368,133,2015-11-23,17.5,0.6,15.9,22:41,19.1,11:27,36,,12.5,12:40,,87,22:30,59,11:20,2025-05-06 19:17:23.230663,2025-05-06 19:17:23.230663
233383,133,2015-11-24,17.1,0.6,15.1,03:02,19.1,12:34,6,2.5,9.2,14:30,70,90,03:10,62,06:30,2025-05-06 19:17:23.305625,2025-05-06 19:17:23.305625
233400,133,2015-11-25,18.2,0,16.6,21:56,19.7,11:01,3,3.1,8.6,00:10,69,76,02:10,61,10:40,2025-05-06 19:17:23.389205,2025-05-06 19:17:23.389205
233417,133,2015-11-26,18,0,16,07:39,20,12:52,36,2.5,7.2,16:30,75,83,17:10,65,15:10,2025-05-06 19:17:23.473391,2025-05-06 19:17:23.473391
233433,133,2015-11-27,17.8,0.2,15.7,07:26,19.8,12:22,31,2.5,7.2,12:00,78,86,20:20,70,01:00,2025-05-06 19:17:23.556073,2025-05-06 19:17:23.556073
233449,133,2015-11-28,18.4,0,16.3,02:08,20.5,11:51,4,1.7,6.1,12:00,80,92,07:10,68,,2025-05-06 19:17:23.635593,2025-05-06 19:17:23.635593
233465,133,2015-11-29,17.6,0,15.7,21:26,19.6,13:23,8,1.7,7.2,12:40,83,90,21:50,75,01:20,2025-05-06 19:17:23.715369,2025-05-06 19:17:23.715369
233479,133,2015-11-30,19.4,0,16.1,00:39,22.6,14:21,15,2.5,7.8,15:20,76,93,08:00,31,22:40,2025-05-06 19:17:23.783791,2025-05-06 19:17:23.783791
233493,133,2015-12-01,20,0.6,17.3,23:58,22.6,,15,2.8,11.1,11:20,53,70,21:00,30,02:10,2025-05-06 19:17:23.853578,2025-05-06 19:17:23.853578
233508,133,2015-12-02,19,0,15.9,03:39,22,14:08,14,2.5,9.7,01:20,65,80,07:50,39,23:40,2025-05-06 19:17:23.929195,2025-05-06 19:17:23.929195
233522,133,2015-12-03,18.3,,15.2,23:59,21.4,13:34,12,2.5,7.2,10:20,67,84,05:30,39,00:20,2025-05-06 19:17:24.003685,2025-05-06 19:17:24.003685
233537,133,2015-12-04,18.5,0,15.2,00:01,21.8,14:30,10,2.2,7.2,12:40,59,79,,37,19:00,2025-05-06 19:17:24.082515,2025-05-06 19:17:24.082515
233554,133,2015-12-05,18.8,0,15.5,02:19,22,13:04,11,2.5,8.3,11:10,48,75,08:00,35,16:10,2025-05-06 19:17:24.172947,2025-05-06 19:17:24.172947
233570,133,2015-12-06,19.8,0,17.1,21:37,22.5,13:56,12,2.5,9.2,12:20,64,78,,39,02:20,2025-05-06 19:17:24.258872,2025-05-06 19:17:24.258872
233586,133,2015-12-07,19.2,0,16.5,20:06,21.8,13:58,12,2.2,10.8,12:00,61,80,04:40,36,06:10,2025-05-06 19:17:24.350934,2025-05-06 19:17:24.350934
233602,133,2015-12-08,18,0,15.9,22:40,20.2,13:41,11,2.5,6.9,10:40,66,71,08:40,58,21:50,2025-05-06 19:17:24.436454,2025-05-06 19:17:24.436454
233618,133,2015-12-09,18.4,0,15.9,,20.8,14:49,13,2.5,9.2,12:00,66,76,23:59,54,14:50,2025-05-06 19:17:24.515014,2025-05-06 19:17:24.515014
233633,133,2015-12-10,17.8,0,14.3,23:13,21.3,12:34,11,2.5,8.6,11:10,66,81,04:50,54,12:00,2025-05-06 19:17:24.612357,2025-05-06 19:17:24.612357
233648,133,2015-12-11,19.2,0,14,05:06,24.5,11:55,11,2.5,9.7,13:00,71,80,06:40,49,,2025-05-06 19:17:24.712080,2025-05-06 19:17:24.712080
233665,133,2015-12-12,17.6,0,13.9,04:08,21.2,11:42,10,2.2,7.8,12:50,66,74,,39,09:40,2025-05-06 19:17:24.806547,2025-05-06 19:17:24.806547
233681,133,2015-12-13,18.6,0,14.3,08:14,22.9,13:46,13,2.8,11.4,12:30,58,84,07:00,31,13:30,2025-05-06 19:17:24.904248,2025-05-06 19:17:24.904248
233696,133,2015-12-14,19.2,0,14.1,02:21,24.2,14:36,15,3.1,12.8,12:30,42,78,03:20,32,10:10,2025-05-06 19:17:24.985373,2025-05-06 19:17:24.985373
233712,133,2015-12-15,20.4,0,16.6,05:08,24.1,14:17,16,3.9,10.3,09:30,60,91,07:10,25,01:30,2025-05-06 19:17:25.078571,2025-05-06 19:17:25.078571
233730,133,2015-12-16,23.2,0,20.1,19:21,26.3,14:14,16,3.6,14.2,13:50,35,53,05:10,26,14:10,2025-05-06 19:17:25.177644,2025-05-06 19:17:25.177644
233747,133,2015-12-17,20.1,0,17.1,08:09,23.1,12:44,11,2.5,9.7,10:40,45,58,17:10,25,05:30,2025-05-06 19:17:25.271756,2025-05-06 19:17:25.271756
233762,133,2015-12-18,20.6,0,16.4,22:36,24.7,12:47,12,2.5,10,11:40,48,74,19:30,27,23:40,2025-05-06 19:17:25.347372,2025-05-06 19:17:25.347372
233778,133,2015-12-19,20,0,16,06:32,23.9,12:44,15,2.2,6.1,01:00,46,73,20:00,26,00:00,2025-05-06 19:17:25.432265,2025-05-06 19:17:25.432265
233796,133,2015-12-20,18.2,5.4,15.9,04:41,20.5,13:08,36,1.9,10.3,22:40,80,95,22:30,44,01:40,2025-05-06 19:17:25.532128,2025-05-06 19:17:25.532128
233814,133,2015-12-21,17,1.4,15.9,23:59,18.2,11:35,4,2.8,8.9,09:50,87,94,03:00,80,13:30,2025-05-06 19:17:25.625882,2025-05-06 19:17:25.625882
233831,133,2015-12-22,17.8,0,14.2,07:43,21.5,12:48,9,1.9,6.7,12:10,73,93,04:30,43,12:30,2025-05-06 19:17:25.714571,2025-05-06 19:17:25.714571
233848,133,2015-12-23,17.7,0,14.3,,21.1,15:00,12,1.9,5.3,13:30,72,90,04:10,54,15:20,2025-05-06 19:17:25.804883,2025-05-06 19:17:25.804883
233865,133,2015-12-24,16.8,0,13.5,06:38,20,14:48,11,2.2,7.5,10:40,70,90,07:20,48,19:40,2025-05-06 19:17:25.890038,2025-05-06 19:17:25.890038
233883,133,2015-12-25,18.3,0,15.3,00:01,21.3,14:10,13,2.8,11.1,12:50,64,85,05:10,31,19:40,2025-05-06 19:17:25.979541,2025-05-06 19:17:25.979541
233901,133,2015-12-26,18.2,0,15.1,23:47,21.2,13:22,15,4.2,16.7,10:00,57,71,02:00,36,00:00,2025-05-06 19:17:26.074064,2025-05-06 19:17:26.074064
233919,133,2015-12-27,17.7,0,14.4,04:25,21,12:22,34,1.9,6.9,13:10,60,91,,36,06:20,2025-05-06 19:17:26.168807,2025-05-06 19:17:26.168807
233937,133,2015-12-28,16.6,0.2,14.3,03:43,19,11:47,4,1.9,6.4,12:30,82,92,20:40,74,13:50,2025-05-06 19:17:26.262726,2025-05-06 19:17:26.262726
233955,133,2015-12-29,17.2,0,13.4,06:08,21,14:48,15,2.8,8.3,15:30,59,87,01:10,33,17:00,2025-05-06 19:17:26.352068,2025-05-06 19:17:26.352068
233973,133,2015-12-30,17.5,0,13.7,04:25,21.3,14:27,8,1.9,6.1,12:10,55,79,19:30,44,00:10,2025-05-06 19:17:26.440275,2025-05-06 19:17:26.440275
233990,133,2015-12-31,16.4,0,13.4,06:58,19.4,12:21,6,1.9,5.3,13:30,78,91,21:40,47,00:40,2025-05-06 19:17:26.523843,2025-05-06 19:17:26.523843
234008,133,2016-01-01,16.6,0,13,01:12,20.1,14:23,4,1.4,3.9,15:00,84,94,03:20,74,,2025-05-06 19:17:26.610625,2025-05-06 19:17:26.610625
234026,133,2016-01-02,16.9,0,13.2,05:57,20.6,14:37,7,0.8,4.7,15:00,82,93,06:40,71,17:00,2025-05-06 19:17:26.698460,2025-05-06 19:17:26.698460
234042,133,2016-01-03,16.3,0,13.2,07:00,19.4,13:08,36,1.4,5.6,14:40,82,93,,75,,2025-05-06 19:17:26.777346,2025-05-06 19:17:26.777346
234060,133,2016-01-04,16.4,,13.4,04:05,19.3,14:30,32,2.5,7.2,20:00,78,88,04:30,71,,2025-05-06 19:17:26.863637,2025-05-06 19:17:26.863637
234077,133,2016-01-05,,8,,,,,0,3.1,,,87,,,,,2025-05-06 19:17:26.945527,2025-05-06 19:17:26.945527
234094,133,2016-01-06,16.2,0,14.7,03:14,17.7,15:04,4,2.2,7.2,15:40,69,85,00:00,65,13:30,2025-05-06 19:17:27.026771,2025-05-06 19:17:27.026771
234112,133,2016-01-07,16.4,0,14.7,23:43,18.2,14:09,7,1.4,6.1,12:20,77,89,23:20,71,,2025-05-06 19:17:27.111536,2025-05-06 19:17:27.111536
234130,133,2016-01-08,15.6,0,12.9,05:02,18.2,15:50,32,2.2,6.4,18:10,79,88,00:30,66,17:50,2025-05-06 19:17:27.200449,2025-05-06 19:17:27.200449
234148,133,2016-01-09,16.6,0,13.2,01:13,19.9,11:25,20,1.1,5.6,01:50,81,91,,67,10:40,2025-05-06 19:17:27.289238,2025-05-06 19:17:27.289238
234166,133,2016-01-10,16.4,0,13.2,07:57,19.6,14:37,10,2.5,6.4,13:30,83,93,01:10,74,09:10,2025-05-06 19:17:27.377633,2025-05-06 19:17:27.377633
234184,133,2016-01-11,17.1,0,14,,20.2,11:49,9,2.5,6.9,13:10,80,86,06:10,65,10:10,2025-05-06 19:18:29.896283,2025-05-06 19:18:29.896283
234202,133,2016-01-12,16.7,0,14.4,01:05,19,14:05,99,2.5,7.2,,81,93,,74,14:10,2025-05-06 19:18:30.005873,2025-05-06 19:18:30.005873
234220,133,2016-01-13,18.4,0,14.6,06:37,22.3,13:45,12,2.2,8.1,09:50,70,94,,41,22:20,2025-05-06 19:18:30.103589,2025-05-06 19:18:30.103589
234238,133,2016-01-14,21.2,0,17.5,05:48,24.8,11:23,10,1.7,5.6,12:20,42,79,19:40,32,11:00,2025-05-06 19:18:30.193050,2025-05-06 19:18:30.193050
234256,133,2016-01-15,20.6,,17.1,22:08,24.1,15:27,16,1.7,5.3,15:10,50,89,20:30,33,13:10,2025-05-06 19:18:30.290376,2025-05-06 19:18:30.290376
234271,133,2016-01-16,18.2,,15.2,23:49,21.1,11:31,19,1.7,5.3,00:30,83,91,05:30,40,00:40,2025-05-06 19:18:30.369291,2025-05-06 19:18:30.369291
234285,133,2016-01-17,17.1,,14.5,05:46,19.7,14:07,31,2.8,7.5,17:50,81,92,06:30,59,00:40,2025-05-06 19:18:30.438136,2025-05-06 19:18:30.438136
234318,133,2016-01-19,16,0,13.7,22:38,18.4,12:42,34,2.8,6.7,11:30,81,91,,72,,2025-05-06 19:18:30.617705,2025-05-06 19:18:30.617705
234336,133,2016-01-20,16.2,0,13.1,05:39,19.3,14:10,6,1.4,5.6,15:30,78,88,23:50,68,12:30,2025-05-06 19:18:30.727868,2025-05-06 19:18:30.727868
234353,133,2016-01-21,16.2,0,12.5,04:02,19.8,14:41,4,1.9,5.3,13:20,77,91,,73,14:40,2025-05-06 19:18:30.830633,2025-05-06 19:18:30.830633
234370,133,2016-01-22,18.1,0,15.9,00:09,20.3,12:39,4,2.2,6.4,13:10,86,94,22:30,74,12:30,2025-05-06 19:18:30.928355,2025-05-06 19:18:30.928355
234386,133,2016-01-23,19.2,0,16.1,07:58,22.2,16:19,11,2.5,10.8,14:30,83,93,,33,23:20,2025-05-06 19:18:31.019304,2025-05-06 19:18:31.019304
234402,133,2016-01-24,19.5,0,16.1,22:43,22.9,13:34,11,3.1,11.1,09:30,47,70,21:40,32,00:30,2025-05-06 19:18:31.103451,2025-05-06 19:18:31.103451
234419,133,2016-01-25,17.7,0,13.5,07:02,21.9,13:53,9,1.9,7.2,14:30,57,77,08:00,35,01:10,2025-05-06 19:18:31.189219,2025-05-06 19:18:31.189219
234437,133,2016-01-26,18,0,13.7,03:42,22.4,14:13,14,2.2,7.5,13:10,57,86,19:40,34,13:50,2025-05-06 19:18:31.274931,2025-05-06 19:18:31.274931
234455,133,2016-01-27,17.2,0,13.4,05:43,21.1,10:41,6,2.2,6.1,14:10,52,86,19:50,34,07:10,2025-05-06 19:18:31.386835,2025-05-06 19:18:31.386835
234473,133,2016-01-28,16.7,0,14.3,07:53,19.1,14:03,6,1.7,6.1,14:20,77,88,05:40,67,00:00,2025-05-06 19:18:31.483712,2025-05-06 19:18:31.483712
234491,133,2016-01-29,16.6,0,15.3,05:19,18,10:36,3,1.9,7.5,13:30,76,83,01:10,65,10:40,2025-05-06 19:18:31.589026,2025-05-06 19:18:31.589026
234509,133,2016-01-30,16.8,0,15.6,,18,10:48,5,2.8,7.5,13:10,79,85,21:00,75,10:50,2025-05-06 19:18:31.675236,2025-05-06 19:18:31.675236
234527,133,2016-01-31,16,0,14,22:22,18.1,14:05,4,1.9,7.2,13:20,81,91,23:59,72,10:50,2025-05-06 19:18:31.746308,2025-05-06 19:18:31.746308
234545,133,2016-02-01,17.3,0,12.7,07:19,21.9,14:31,13,2.2,6.7,12:20,66,91,00:00,44,12:10,2025-05-06 19:18:31.812683,2025-05-06 19:18:31.812683
234563,133,2016-02-02,16.3,0,13.2,00:44,19.4,15:11,24,1.4,3.9,03:50,83,93,22:50,63,00:00,2025-05-06 19:18:31.895318,2025-05-06 19:18:31.895318
234581,133,2016-02-03,16.4,0,13.4,05:16,19.5,13:51,8,1.4,4.7,12:10,83,93,07:10,71,14:10,2025-05-06 19:18:31.989297,2025-05-06 19:18:31.989297
234599,133,2016-02-04,17,0,14.2,08:08,19.8,15:05,10,1.4,4.7,15:10,83,92,06:20,72,12:50,2025-05-06 19:18:32.089805,2025-05-06 19:18:32.089805
234617,133,2016-02-05,16.8,0,14.1,08:01,19.4,12:34,1,2.2,6.1,13:00,82,91,,73,15:10,2025-05-06 19:18:32.185498,2025-05-06 19:18:32.185498
234635,133,2016-02-06,16.6,0,14,06:32,19.2,13:40,99,1.9,6.7,,85,90,,76,13:20,2025-05-06 19:18:32.274234,2025-05-06 19:18:32.274234
234653,133,2016-02-07,17.1,0,14.8,01:59,19.4,14:42,99,1.4,5,,84,92,22:30,75,12:10,2025-05-06 19:18:32.365548,2025-05-06 19:18:32.365548
234671,133,2016-02-08,17.6,0,15.4,00:15,19.9,14:38,7,1.7,5.3,13:20,84,92,00:50,74,14:40,2025-05-06 19:18:32.432903,2025-05-06 19:18:32.432903
234689,133,2016-02-09,17.4,0,15.4,04:52,19.3,13:27,35,1.7,6.1,14:10,80,90,05:40,72,,2025-05-06 19:18:32.501653,2025-05-06 19:18:32.501653
234707,133,2016-02-10,16.7,0,15.7,05:24,17.7,15:50,36,1.9,7.8,23:59,78,85,08:40,72,16:00,2025-05-06 19:18:32.563365,2025-05-06 19:18:32.563365
234725,133,2016-02-11,17.2,2,15.6,08:38,18.8,13:04,33,3.9,9.2,14:30,74,85,,65,13:10,2025-05-06 19:18:32.645478,2025-05-06 19:18:32.645478
234743,133,2016-02-12,16.4,0.2,15.3,07:53,17.4,,33,3.3,8.9,13:30,88,98,,78,14:50,2025-05-06 19:18:32.731999,2025-05-06 19:18:32.731999
234761,133,2016-02-13,16.8,1,15.3,04:53,18.2,14:50,32,2.5,9.2,23:30,93,99,,86,11:20,2025-05-06 19:18:32.819010,2025-05-06 19:18:32.819010
234779,133,2016-02-14,16.6,1.2,15.3,00:26,17.9,11:08,99,4.4,9.2,,86,98,19:00,73,09:30,2025-05-06 19:18:32.905379,2025-05-06 19:18:32.905379
234796,133,2016-02-15,15.8,0.2,15,02:44,16.7,13:17,99,4.2,12.5,,79,84,12:50,68,16:40,2025-05-06 19:18:32.994626,2025-05-06 19:18:32.994626
234813,133,2016-02-16,15.4,0.4,14,09:27,16.7,13:54,36,3.6,13.1,00:30,66,87,09:30,57,12:10,2025-05-06 19:18:33.090387,2025-05-06 19:18:33.090387
234830,133,2016-02-17,16.2,0,14,05:38,18.3,13:27,36,3.1,8.6,00:50,63,75,20:30,57,13:30,2025-05-06 19:18:33.169907,2025-05-06 19:18:33.169907
234848,133,2016-02-18,13.5,27.8,10.6,13:43,16.4,10:10,30,5.8,18.6,18:40,87,100,,65,01:00,2025-05-06 19:18:33.250662,2025-05-06 19:18:33.250662
234866,133,2016-02-19,11.1,19.4,9,08:11,13.2,12:38,31,4.7,13.9,01:20,88,94,07:30,67,05:40,2025-05-06 19:18:33.340133,2025-05-06 19:18:33.340133
234884,133,2016-02-20,13.2,6.2,10.8,00:42,15.5,12:04,30,5,15,08:30,85,92,09:30,72,02:00,2025-05-06 19:18:33.436813,2025-05-06 19:18:33.436813
234901,133,2016-02-21,14.8,0.8,11.9,03:38,17.6,15:58,28,4.4,11.9,08:40,73,91,,59,14:50,2025-05-06 19:18:33.529025,2025-05-06 19:18:33.529025
234918,133,2016-02-22,14.5,0,11,07:11,18,13:59,32,3.1,7.8,13:20,77,91,,71,11:00,2025-05-06 19:18:33.615295,2025-05-06 19:18:33.615295
234935,133,2016-02-23,15.5,0,12.6,,18.4,11:09,31,2.2,7.2,16:50,76,91,01:10,62,13:00,2025-05-06 19:18:33.699966,2025-05-06 19:18:33.699966
234952,133,2016-02-24,15.4,0,13.4,03:35,17.4,16:11,34,2.5,6.9,16:20,78,87,,70,,2025-05-06 19:18:33.787877,2025-05-06 19:18:33.787877
234970,133,2016-02-25,16,0,14.2,,17.8,13:58,4,1.9,6.7,12:20,75,84,,65,14:00,2025-05-06 19:18:33.879499,2025-05-06 19:18:33.879499
234988,133,2016-02-26,15.2,2,14.2,,16.3,13:26,32,4.4,10.6,21:10,74,82,10:20,70,16:40,2025-05-06 19:18:33.966369,2025-05-06 19:18:33.966369
235006,133,2016-02-27,14.8,0.6,13.2,02:55,16.3,14:50,31,6.1,13.1,23:50,84,98,07:10,68,15:00,2025-05-06 19:18:34.056336,2025-05-06 19:18:34.056336
235024,133,2016-02-28,14.8,4,13.7,04:19,15.9,12:44,32,5.8,14.4,14:10,91,99,21:40,78,01:50,2025-05-06 19:18:34.149378,2025-05-06 19:18:34.149378
235042,133,2016-02-29,14.6,0.6,13.1,06:42,16.2,11:32,35,2.8,8.6,03:50,78,95,,63,11:50,2025-05-06 19:18:34.239228,2025-05-06 19:18:34.239228
235059,133,2016-03-01,14.7,0,12.9,,16.5,15:49,99,1.9,7.8,,75,92,23:59,65,07:40,2025-05-06 19:18:34.326577,2025-05-06 19:18:34.326577
235076,133,2016-03-02,17.2,0,13.2,00:09,21.3,13:05,13,1.9,7.5,12:20,61,93,00:20,47,13:10,2025-05-06 19:18:34.408728,2025-05-06 19:18:34.408728
235094,133,2016-03-03,15.9,0,12.7,07:41,19.1,13:50,3,1.9,5.3,15:20,69,87,23:10,45,02:10,2025-05-06 19:18:34.497991,2025-05-06 19:18:34.497991
235112,133,2016-03-04,15.4,0,12.4,07:10,18.4,13:11,34,2.2,7.5,17:20,73,87,01:40,60,13:20,2025-05-06 19:18:34.589207,2025-05-06 19:18:34.589207
235129,133,2016-03-05,16,0.4,13.6,,18.3,14:57,32,3.3,8.9,12:20,71,94,23:20,61,14:20,2025-05-06 19:18:34.671104,2025-05-06 19:18:34.671104
235147,133,2016-03-06,14.8,0.8,12.9,22:11,16.8,14:16,34,3.6,9.7,15:00,74,93,01:10,57,12:30,2025-05-06 19:18:34.759776,2025-05-06 19:18:34.759776
235164,133,2016-03-07,14.3,0,12.5,00:54,16.1,13:47,34,4.2,10.8,09:10,71,94,01:10,63,14:10,2025-05-06 19:18:34.847608,2025-05-06 19:18:34.847608
235181,133,2016-03-08,14.8,0.8,13.3,07:35,16.3,14:22,32,4.4,11.1,10:20,76,96,08:00,65,14:30,2025-05-06 19:18:34.945074,2025-05-06 19:18:34.945074
235199,133,2016-03-09,15,0,13.3,06:44,16.7,13:17,32,2.8,10,17:30,80,92,07:00,67,11:00,2025-05-06 19:18:35.047445,2025-05-06 19:18:35.047445
235217,133,2016-03-10,15.7,0,14.2,06:30,17.2,12:51,33,3.1,8.9,15:40,75,91,20:10,66,11:00,2025-05-06 19:18:35.151367,2025-05-06 19:18:35.151367
235234,133,2016-03-11,14.8,0,13.8,04:02,15.8,12:51,32,3.3,9.2,01:20,,89,15:40,74,05:40,2025-05-06 19:18:35.241514,2025-05-06 19:18:35.241514
235251,133,2016-03-12,15.4,0,13.2,07:03,17.5,13:59,10,1.7,6.7,13:50,73,82,22:40,63,13:30,2025-05-06 19:18:35.337663,2025-05-06 19:18:35.337663
235268,133,2016-03-13,15.8,0,13.5,06:56,18,14:13,4,1.7,6.1,13:50,73,84,03:00,64,12:30,2025-05-06 19:18:35.426022,2025-05-06 19:18:35.426022
235285,133,2016-03-14,,,,,,,0,1.9,,,71,,,,,2025-05-06 19:18:35.513487,2025-05-06 19:18:35.513487
235302,133,2016-03-15,16,0,12.6,,19.4,15:16,6,2.5,6.9,11:50,77,90,23:30,69,12:20,2025-05-06 19:18:35.607259,2025-05-06 19:18:35.607259
235320,133,2016-03-16,16.8,0,12.6,07:49,21,15:55,11,2.5,8.6,14:10,79,94,07:20,63,18:30,2025-05-06 19:18:35.700568,2025-05-06 19:18:35.700568
235338,133,2016-03-17,17.4,0,13.3,05:54,21.4,15:21,10,2.5,6.7,12:40,74,96,,58,08:20,2025-05-06 19:18:35.792634,2025-05-06 19:18:35.792634
235355,133,2016-03-18,16.2,0.4,13.5,03:04,18.8,14:36,33,2.5,6.9,16:30,82,92,,71,15:10,2025-05-06 19:18:35.882650,2025-05-06 19:18:35.882650
235372,133,2016-03-19,16.3,1.2,15,22:14,17.6,10:48,30,3.9,7.5,01:20,87,96,,70,13:50,2025-05-06 19:18:35.968352,2025-05-06 19:18:35.968352
235390,133,2016-03-20,15,1.8,12.4,05:03,17.5,15:44,30,3.9,10.6,14:30,81,97,08:10,65,15:40,2025-05-06 19:18:36.051611,2025-05-06 19:18:36.051611
235408,133,2016-03-21,14.6,0,12.4,07:37,16.8,13:48,32,6.1,14.7,13:50,69,93,00:00,57,12:50,2025-05-06 19:18:36.114277,2025-05-06 19:18:36.114277
235425,133,2016-03-22,15.6,0.2,13.9,04:51,17.3,13:47,31,5,13.3,16:50,71,82,22:40,62,15:40,2025-05-06 19:18:36.196594,2025-05-06 19:18:36.196594
235442,133,2016-03-23,16,1.4,14,23:01,18.1,12:33,29,6.4,15.6,13:10,75,92,09:40,69,12:30,2025-05-06 19:18:36.282508,2025-05-06 19:18:36.282508
235459,133,2016-03-24,14.5,0,11.9,02:42,17.1,13:18,33,5.3,13.3,02:30,72,95,03:10,62,15:00,2025-05-06 19:18:36.371917,2025-05-06 19:18:36.371917
235476,133,2016-03-25,15.4,0,14,04:01,16.9,13:13,99,1.7,5.8,,69,81,,63,16:10,2025-05-06 19:18:36.457355,2025-05-06 19:18:36.457355
235493,133,2016-03-26,15,0,12.3,05:11,17.7,13:58,33,1.9,7.2,23:10,76,85,05:10,67,,2025-05-06 19:18:36.536601,2025-05-06 19:18:36.536601
235510,133,2016-03-27,15.3,0,13.2,07:30,17.4,15:30,2,2.5,7.2,13:50,70,82,23:40,61,15:50,2025-05-06 19:18:36.602732,2025-05-06 19:18:36.602732
235527,133,2016-03-28,16.9,0,14.6,06:53,19.2,15:49,99,1.9,5.8,,80,89,05:20,69,09:50,2025-05-06 19:18:36.670586,2025-05-06 19:18:36.670586
235544,133,2016-03-29,15.6,0,12.7,23:58,18.5,12:18,5,1.4,7.2,15:00,76,87,,67,11:50,2025-05-06 19:18:36.747580,2025-05-06 19:18:36.747580
235562,133,2016-03-30,,,,,,,0,2.8,,,77,,,,,2025-05-06 19:18:36.826720,2025-05-06 19:18:36.826720
235580,133,2016-03-31,14.7,4.2,13.4,,16,13:49,33,4.2,12.8,18:10,84,98,01:30,67,23:00,2025-05-06 19:18:36.913756,2025-05-06 19:18:36.913756
235598,133,2016-04-01,14.2,0,12.8,00:50,15.6,11:50,33,3.9,8.9,23:50,77,87,00:40,69,02:50,2025-05-06 19:18:36.990176,2025-05-06 19:18:36.990176
235616,133,2016-04-02,15.4,0,13.5,04:55,17.2,13:48,33,4.2,9.2,14:10,72,84,05:00,63,13:50,2025-05-06 19:18:37.072724,2025-05-06 19:18:37.072724
235634,133,2016-04-03,16.2,0,13.3,01:36,19,14:09,33,3.3,11.4,15:40,81,92,09:40,70,13:00,2025-05-06 19:18:37.145948,2025-05-06 19:18:37.145948
235652,133,2016-04-04,16.6,0.6,14.6,01:18,18.7,15:40,29,6.1,13.3,16:20,78,94,,67,15:40,2025-05-06 19:18:37.204662,2025-05-06 19:18:37.204662
235670,133,2016-04-05,15.9,3.2,14.8,21:01,17,14:12,32,6.4,14.2,13:00,98,99,,90,,2025-05-06 19:18:37.267997,2025-05-06 19:18:37.267997
235688,133,2016-04-06,15.4,5,14.3,06:28,16.5,12:36,32,6.4,15.3,03:10,96,99,,92,03:50,2025-05-06 19:18:37.330824,2025-05-06 19:18:37.330824
235705,133,2016-04-07,15.2,0.4,13.8,02:43,16.5,11:43,32,5,10.8,17:40,85,98,,76,19:00,2025-05-06 19:18:37.397090,2025-05-06 19:18:37.397090
235723,133,2016-04-08,15.7,0,13.9,04:24,17.5,11:38,36,5.3,10.8,12:10,82,94,04:30,74,11:50,2025-05-06 19:18:37.475243,2025-05-06 19:18:37.475243
235741,133,2016-04-09,15.8,0,13.8,03:40,17.8,14:12,34,4.4,9.2,03:00,78,87,04:10,71,11:00,2025-05-06 19:18:37.562357,2025-05-06 19:18:37.562357
235759,133,2016-04-10,15.8,0,13.8,24:00,17.9,14:07,31,4.4,10.8,16:10,71,92,23:50,61,13:40,2025-05-06 19:18:37.651357,2025-05-06 19:18:37.651357
235777,133,2016-04-11,15.2,0,13.8,00:01,16.5,11:27,32,2.5,7.2,11:30,75,92,00:00,68,12:00,2025-05-06 19:18:37.740464,2025-05-06 19:18:37.740464
235795,133,2016-04-12,16.2,0,12.4,07:00,20,13:01,7,2.5,6.4,11:50,64,85,00:00,54,13:10,2025-05-06 19:18:37.832678,2025-05-06 19:18:37.832678
235813,133,2016-04-13,15.9,0,12.5,,19.3,10:15,6,2.2,6.9,11:50,75,89,23:30,66,10:40,2025-05-06 19:18:37.931205,2025-05-06 19:18:37.931205
235831,133,2016-04-14,16.2,0,12.6,,19.9,11:18,9,1.9,5.8,11:10,73,89,00:00,61,10:50,2025-05-06 19:18:38.032208,2025-05-06 19:18:38.032208
235849,133,2016-04-15,17,0,12.6,05:39,21.5,14:48,10,2.2,5.8,11:00,73,86,00:00,65,,2025-05-06 19:18:38.133036,2025-05-06 19:18:38.133036
235867,133,2016-04-16,17.6,0,13.9,05:37,21.4,13:07,10,2.8,7.2,14:40,73,89,,57,09:10,2025-05-06 19:18:38.223486,2025-05-06 19:18:38.223486
235885,133,2016-04-17,18.3,0,14.6,05:19,22,12:47,7,2.8,5.8,11:20,74,91,20:40,62,13:10,2025-05-06 19:18:38.315608,2025-05-06 19:18:38.315608
235903,133,2016-04-18,19,0,15.2,05:18,22.9,10:52,32,2.2,6.4,,88,96,,58,10:40,2025-05-06 19:18:38.412540,2025-05-06 19:18:38.412540
235921,133,2016-04-19,16.8,0,13.4,03:56,20.1,10:56,30,3.3,9.4,16:50,80,90,05:10,62,09:50,2025-05-06 19:18:38.507340,2025-05-06 19:18:38.507340
235939,133,2016-04-20,15.8,0,12.8,06:23,18.7,09:42,32,1.9,6.7,11:00,74,83,23:59,71,11:50,2025-05-06 19:18:38.612250,2025-05-06 19:18:38.612250
235957,133,2016-04-21,16.4,0,12.6,,20.2,12:49,8,2.2,7.2,11:30,76,90,23:20,69,10:00,2025-05-06 19:18:38.708693,2025-05-06 19:18:38.708693
235975,133,2016-04-22,18.2,0,14,04:52,22.4,12:06,32,2.5,7.8,18:50,70,89,00:00,57,09:00,2025-05-06 19:18:38.801016,2025-05-06 19:18:38.801016
235993,133,2016-04-23,17.8,0,15.9,20:06,19.8,13:16,32,3.9,9.2,09:30,84,94,,73,13:00,2025-05-06 19:18:38.889650,2025-05-06 19:18:38.889650
236011,133,2016-04-24,17.4,0,15.2,,19.6,14:13,32,3.9,8.3,,76,83,01:00,67,14:10,2025-05-06 19:18:38.975238,2025-05-06 19:18:38.975238
236029,133,2016-04-25,17.3,0,15.5,23:56,19.1,12:13,34,4.2,9.2,12:00,73,89,06:10,64,12:10,2025-05-06 19:18:39.065692,2025-05-06 19:18:39.065692
236047,133,2016-04-26,16.8,0,15.1,,18.5,13:49,31,3.9,10.3,09:50,72,80,19:30,64,13:50,2025-05-06 19:18:39.168802,2025-05-06 19:18:39.168802
236065,133,2016-04-27,17.2,0,14.9,06:20,19.4,,34,3.9,8.9,08:50,74,82,20:10,66,,2025-05-06 19:18:39.282809,2025-05-06 19:18:39.282809
236083,133,2016-04-28,16.6,0,14.8,06:58,18.4,13:53,28,2.5,6.7,01:20,77,89,,73,12:50,2025-05-06 19:18:39.396393,2025-05-06 19:18:39.396393
236101,133,2016-04-29,17.8,0,14.8,03:51,20.7,15:29,36,2.2,7.5,11:10,79,90,,61,11:20,2025-05-06 19:18:39.500094,2025-05-06 19:18:39.500094
236119,133,2016-04-30,18,0.4,15.8,23:51,20.2,15:50,30,3.1,8.6,16:40,83,92,,69,15:30,2025-05-06 19:18:39.599218,2025-05-06 19:18:39.599218
236137,133,2016-05-01,17.6,0,15.4,05:16,19.8,11:29,99,3.9,10,,78,90,21:40,63,11:30,2025-05-06 19:18:39.708199,2025-05-06 19:18:39.708199
236155,133,2016-05-02,18,0,15.8,23:58,20.3,14:56,30,4.4,11.1,15:00,80,91,23:30,68,14:10,2025-05-06 19:18:39.830185,2025-05-06 19:18:39.830185
236173,133,2016-05-03,17.2,0,14.9,03:32,19.6,11:47,32,4.7,10.6,12:30,76,90,00:00,68,11:50,2025-05-06 19:18:39.932104,2025-05-06 19:18:39.932104
236191,133,2016-05-04,16.8,0,13.8,07:06,19.8,11:18,30,2.5,8.1,22:40,76,89,05:00,60,11:30,2025-05-06 19:18:40.025873,2025-05-06 19:18:40.025873
236209,133,2016-05-05,17.8,0,15.8,03:55,19.7,11:13,32,4.4,10,08:00,79,87,06:30,69,11:20,2025-05-06 19:18:40.128338,2025-05-06 19:18:40.128338
236227,133,2016-05-06,17,0,15.1,22:12,19,,30,5,10.8,10:40,67,84,02:30,59,10:10,2025-05-06 19:18:40.228122,2025-05-06 19:18:40.228122
236245,133,2016-05-07,17.2,0,14.7,05:10,19.8,15:54,99,1.7,8.6,,71,82,00:40,64,11:30,2025-05-06 19:18:40.334404,2025-05-06 19:18:40.334404
236262,133,2016-05-08,18.9,1.6,14.8,02:37,23,15:07,32,2.2,8.3,19:40,66,93,23:40,56,15:20,2025-05-06 19:18:40.425321,2025-05-06 19:18:40.425321
236279,133,2016-05-09,16.4,0.2,14.3,04:04,18.4,16:48,31,1.9,6.9,04:00,82,99,04:20,72,14:50,2025-05-06 19:18:40.512865,2025-05-06 19:18:40.512865
236296,133,2016-05-10,16.8,0.2,13.8,05:15,19.7,16:59,10,1.7,7.8,16:50,84,91,03:20,72,,2025-05-06 19:18:40.591139,2025-05-06 19:18:40.591139
236313,133,2016-05-11,16.4,0.8,13.7,03:17,19.1,12:25,29,1.7,6.1,09:10,76,89,07:40,67,10:10,2025-05-06 19:18:40.648067,2025-05-06 19:18:40.648067
236329,133,2016-05-12,17.8,0,14.7,06:15,21,11:05,32,3.9,10,12:50,74,86,,54,10:40,2025-05-06 19:18:40.731742,2025-05-06 19:18:40.731742
236345,133,2016-05-13,17,0.2,14.8,05:53,19.3,12:32,33,4.2,9.2,15:20,78,88,10:30,71,,2025-05-06 19:18:40.820523,2025-05-06 19:18:40.820523
236361,133,2016-05-14,17.4,0,15.2,05:27,19.6,15:24,34,3.9,10.3,16:00,73,88,03:50,61,13:10,2025-05-06 19:18:40.909090,2025-05-06 19:18:40.909090
236377,133,2016-05-15,17.4,0,15.4,05:18,19.4,13:51,31,4.2,9.2,11:30,74,88,20:20,61,13:30,2025-05-06 19:18:40.992769,2025-05-06 19:18:40.992769
239455,133,2016-11-15,,,,,,,0,1.9,,,75,,,,,2025-05-06 19:19:59.189603,2025-05-06 19:19:59.189603
236393,133,2016-05-16,17.5,0,15.7,06:24,19.3,11:30,99,5.6,11.9,,78,90,06:20,67,12:30,2025-05-06 19:18:41.086196,2025-05-06 19:18:41.086196
236409,133,2016-05-17,17.4,0,15.5,04:56,19.3,,32,6.7,13.3,10:40,74,90,05:00,61,11:20,2025-05-06 19:18:41.169489,2025-05-06 19:18:41.169489
236425,133,2016-05-18,17.8,0,15.8,05:25,19.9,11:46,31,4.4,11.9,00:40,77,85,21:30,61,11:40,2025-05-06 19:18:41.255555,2025-05-06 19:18:41.255555
236442,133,2016-05-19,17.9,0,15.6,,20.2,11:46,32,3.9,9.7,14:10,76,93,04:50,61,11:40,2025-05-06 19:18:41.342499,2025-05-06 19:18:41.342499
236459,133,2016-05-20,17,0,15.8,05:08,18.3,10:14,33,4.4,8.9,00:30,86,95,22:00,77,10:20,2025-05-06 19:18:41.427741,2025-05-06 19:18:41.427741
236477,133,2016-05-21,16.8,0.2,15.6,23:54,18.1,12:07,32,5,10.8,18:50,90,96,23:30,81,00:40,2025-05-06 19:18:41.517666,2025-05-06 19:18:41.517666
236495,133,2016-05-22,17.8,0,15.4,00:30,20.2,14:52,32,5,11.1,14:50,82,98,01:00,72,,2025-05-06 19:18:41.613056,2025-05-06 19:18:41.613056
236513,133,2016-05-23,18.3,0,16.3,02:39,20.3,14:57,31,4.4,10.8,20:40,81,90,,71,16:00,2025-05-06 19:18:41.703497,2025-05-06 19:18:41.703497
236531,133,2016-05-24,18.6,0,16,03:16,21.2,16:00,99,4.7,10.3,,83,97,,69,16:00,2025-05-06 19:18:41.796407,2025-05-06 19:18:41.796407
236549,133,2016-05-25,18.6,0,16,23:52,21.2,12:29,34,3.6,8.9,12:40,77,95,,61,12:30,2025-05-06 19:18:41.893898,2025-05-06 19:18:41.893898
236567,133,2016-05-26,17.1,0,14,05:15,20.2,10:58,8,1.4,5,09:50,79,89,00:40,70,09:40,2025-05-06 19:18:42.007238,2025-05-06 19:18:42.007238
236585,133,2016-05-27,17.2,0,14.3,05:59,20.1,18:19,30,0.8,4.7,17:40,77,90,04:30,65,17:40,2025-05-06 19:18:42.113683,2025-05-06 19:18:42.113683
236603,133,2016-05-28,18.2,0,14.6,05:28,21.7,12:19,33,3.9,8.9,10:30,78,89,,65,14:30,2025-05-06 19:18:42.213982,2025-05-06 19:18:42.213982
236621,133,2016-05-29,18.4,0,15.5,01:24,21.3,13:48,36,3.3,8.6,17:30,71,88,04:20,51,11:40,2025-05-06 19:18:42.313935,2025-05-06 19:18:42.313935
236639,133,2016-05-30,18.2,0,15.9,05:19,20.4,13:20,32,4.2,9.7,11:20,69,83,23:50,61,10:20,2025-05-06 19:18:42.405436,2025-05-06 19:18:42.405436
236657,133,2016-05-31,18.6,0,16,23:42,21.2,14:36,32,3.3,7.5,18:40,70,85,,64,13:00,2025-05-06 19:18:42.474380,2025-05-06 19:18:42.474380
236675,133,2016-06-01,18.2,0,14.3,06:21,22.2,14:35,32,2.8,6.9,13:20,77,88,06:10,64,14:10,2025-05-06 19:18:42.534634,2025-05-06 19:18:42.534634
236692,133,2016-06-02,18.2,0,15.3,02:58,21.1,14:49,33,4.2,8.6,13:40,75,88,,66,15:00,2025-05-06 19:18:42.591323,2025-05-06 19:18:42.591323
236709,133,2016-06-03,19.2,0,16.4,03:27,22,15:23,29,3.3,7.8,15:20,71,84,,63,14:50,2025-05-06 19:18:42.669664,2025-05-06 19:18:42.669664
236726,133,2016-06-04,19.6,0,17,05:08,22.2,15:10,31,3.3,7.8,17:40,76,93,,64,12:20,2025-05-06 19:18:42.760200,2025-05-06 19:18:42.760200
236743,133,2016-06-05,19.8,0,17.2,05:12,22.5,13:47,35,3.6,7.5,17:00,78,93,,67,13:50,2025-05-06 19:18:42.832916,2025-05-06 19:18:42.832916
236760,133,2016-06-06,20.2,0,17.3,05:48,23,14:01,31,3.6,8.6,08:20,78,91,00:10,68,14:30,2025-05-06 19:18:42.921280,2025-05-06 19:18:42.921280
236777,133,2016-06-07,20.7,0,16.8,03:34,24.6,11:06,31,3.1,7.8,19:10,66,92,23:00,50,,2025-05-06 19:18:43.004889,2025-05-06 19:18:43.004889
236794,133,2016-06-08,20.2,0,16.2,06:27,24.2,15:25,29,3.3,8.1,21:50,74,92,06:00,62,16:20,2025-05-06 19:18:43.087004,2025-05-06 19:18:43.087004
236811,133,2016-06-09,21.2,0,18.4,,24,13:54,28,3.9,10.6,19:10,70,88,,60,11:00,2025-05-06 19:18:43.174307,2025-05-06 19:18:43.174307
236828,133,2016-06-10,20.6,0.6,18.6,20:31,22.5,,32,4.4,10,13:40,85,98,20:40,75,,2025-05-06 19:18:43.260288,2025-05-06 19:18:43.260288
236845,133,2016-06-11,19.8,0,17.9,04:20,21.7,12:30,30,4.7,10.3,17:50,78,94,,65,12:20,2025-05-06 19:18:43.348968,2025-05-06 19:18:43.348968
236862,133,2016-06-12,20,0.2,17.1,,22.8,13:08,32,3.6,8.6,16:00,79,96,,67,13:10,2025-05-06 19:18:43.433973,2025-05-06 19:18:43.433973
236879,133,2016-06-13,20.2,0,17.9,00:01,22.5,,33,4.7,10.3,14:30,72,96,00:30,64,,2025-05-06 19:18:43.516910,2025-05-06 19:18:43.516910
236896,133,2016-06-14,20.5,0,18.2,06:18,22.8,13:54,33,5,10.3,14:40,87,95,06:30,74,13:50,2025-05-06 19:18:43.591436,2025-05-06 19:18:43.591436
236913,133,2016-06-15,20,1,18.2,01:16,21.8,15:46,29,5.6,11.4,05:40,88,98,,74,15:50,2025-05-06 19:18:43.662267,2025-05-06 19:18:43.662267
236929,133,2016-06-16,20,0,17.7,23:29,22.3,12:07,34,3.6,8.6,01:10,74,97,,54,11:10,2025-05-06 19:18:43.735375,2025-05-06 19:18:43.735375
236945,133,2016-06-17,19.4,0,16.8,03:55,21.9,13:48,32,3.1,8.1,18:10,72,87,04:00,60,13:40,2025-05-06 19:18:43.828119,2025-05-06 19:18:43.828119
236962,133,2016-06-18,19.2,0,16.4,06:15,22,13:18,4,3.1,7.5,12:10,72,85,06:20,61,13:20,2025-05-06 19:18:43.925728,2025-05-06 19:18:43.925728
236979,133,2016-06-19,19.4,0,16.9,03:57,22,12:59,99,3.3,7.5,,75,85,,67,13:00,2025-05-06 19:18:44.016897,2025-05-06 19:18:44.016897
236996,133,2016-06-20,19.8,0,16.7,01:22,22.8,14:50,32,5,10.8,13:20,77,90,23:40,70,14:40,2025-05-06 19:18:44.105985,2025-05-06 19:18:44.105985
237013,133,2016-06-21,20.2,0,17,03:24,23.3,15:35,29,4.4,10,07:10,80,92,02:00,70,12:50,2025-05-06 19:18:44.189347,2025-05-06 19:18:44.189347
237030,133,2016-06-22,19.7,0,16.2,06:01,23.2,15:03,32,3.6,8.1,19:10,81,92,,70,11:40,2025-05-06 19:18:44.272596,2025-05-06 19:18:44.272596
237047,133,2016-06-23,21.6,0,18.2,06:37,25.1,13:08,28,3.1,10.3,20:30,83,93,,71,12:50,2025-05-06 19:18:44.356917,2025-05-06 19:18:44.356917
237064,133,2016-06-24,21.1,0,18.5,02:58,23.7,11:04,29,3.9,8.9,20:10,85,95,02:00,59,05:00,2025-05-06 19:18:44.419719,2025-05-06 19:18:44.419719
237081,133,2016-06-25,20.3,0,18.2,,22.4,15:19,32,4.4,9.7,19:50,84,94,04:10,75,12:50,2025-05-06 19:18:44.477159,2025-05-06 19:18:44.477159
237098,133,2016-06-26,20,0,18.1,,21.8,15:25,31,3.9,9.4,17:30,75,88,,67,15:00,2025-05-06 19:18:44.536392,2025-05-06 19:18:44.536392
237115,133,2016-06-27,19.8,0,17.5,04:41,22.2,14:59,31,5.3,11.4,19:50,74,88,04:40,58,15:00,2025-05-06 19:18:44.599034,2025-05-06 19:18:44.599034
237132,133,2016-06-28,20,0,17.9,00:01,22.1,15:17,28,5,10.8,18:40,78,94,,67,15:20,2025-05-06 19:18:44.674343,2025-05-06 19:18:44.674343
237149,133,2016-06-29,19.8,0,18.3,04:59,21.4,13:24,31,4.2,8.9,15:10,84,96,22:30,74,11:40,2025-05-06 19:18:44.753270,2025-05-06 19:18:44.753270
237166,133,2016-06-30,20.1,0,18.3,,21.9,15:09,36,4.7,9.4,17:50,82,94,00:00,72,15:10,2025-05-06 19:18:44.833454,2025-05-06 19:18:44.833454
237183,133,2016-07-01,19.8,0,17.9,03:29,21.8,14:23,31,4.4,10,16:10,77,87,23:30,68,,2025-05-06 19:18:44.907461,2025-05-06 19:18:44.907461
237200,133,2016-07-02,19.6,0.8,17.1,08:28,22,15:00,33,5.6,11.1,17:10,86,98,,73,,2025-05-06 19:18:44.991998,2025-05-06 19:18:44.991998
237216,133,2016-07-03,19.6,,17.5,06:30,21.7,16:26,0,4.7,,,84,,,,,2025-05-06 19:18:45.067582,2025-05-06 19:18:45.067582
237232,133,2016-07-04,19.8,0.6,17.4,,22.2,14:56,32,5,10,12:50,77,97,23:59,66,15:10,2025-05-06 19:18:45.133621,2025-05-06 19:18:45.133621
237248,133,2016-07-05,19.2,0.4,16.8,05:15,21.7,13:27,30,4.2,11.1,17:00,91,98,05:10,77,13:20,2025-05-06 19:18:45.212391,2025-05-06 19:18:45.212391
237264,133,2016-07-06,19.2,0.4,17.3,02:07,21.1,14:52,32,5,9.7,17:20,84,96,,75,13:00,2025-05-06 19:18:45.291681,2025-05-06 19:18:45.291681
237281,133,2016-07-07,19.4,0,18,05:09,20.9,15:00,34,5.3,11.7,12:30,78,89,18:20,68,14:50,2025-05-06 19:18:45.379772,2025-05-06 19:18:45.379772
237298,133,2016-07-08,20.2,0,17.9,,22.6,13:47,31,5,10.3,13:00,81,95,07:30,67,13:50,2025-05-06 19:18:45.463246,2025-05-06 19:18:45.463246
237315,133,2016-07-09,21.4,0,18.4,,24.3,14:07,32,5.3,11.7,17:10,80,95,03:30,71,14:00,2025-05-06 19:19:48.254801,2025-05-06 19:19:48.254801
237332,133,2016-07-10,20.8,0,17.8,05:58,23.7,13:57,32,5.6,11.1,09:50,82,93,06:20,72,12:20,2025-05-06 19:19:48.368433,2025-05-06 19:19:48.368433
237347,133,2016-07-11,20.4,0,18.8,05:10,21.9,13:18,32,5.6,10.8,10:10,87,92,,79,,2025-05-06 19:19:48.463207,2025-05-06 19:19:48.463207
237363,133,2016-07-12,21,0,18.2,04:24,23.9,13:16,28,5.6,10.8,09:00,76,94,,67,16:00,2025-05-06 19:19:48.569694,2025-05-06 19:19:48.569694
237379,133,2016-07-13,21.2,0,18.7,03:37,23.8,13:50,29,4.7,9.7,16:40,73,92,,65,14:40,2025-05-06 19:19:48.658912,2025-05-06 19:19:48.658912
237395,133,2016-07-14,21.9,0,18.1,,25.7,16:48,30,3.6,10.8,22:20,77,93,,53,17:20,2025-05-06 19:19:48.733691,2025-05-06 19:19:48.733691
237410,133,2016-07-15,21,0,17.5,06:14,24.4,15:04,31,3.6,9.7,18:50,83,96,07:00,71,23:59,2025-05-06 19:19:48.803683,2025-05-06 19:19:48.803683
237425,133,2016-07-16,23.9,0,19,24:00,28.8,13:06,30,3.6,10.8,23:50,46,92,22:20,23,14:10,2025-05-06 19:19:48.880904,2025-05-06 19:19:48.880904
237441,133,2016-07-17,21.4,0,18,,24.9,12:29,30,5,10.8,18:20,80,94,,64,12:30,2025-05-06 19:19:48.970951,2025-05-06 19:19:48.970951
237457,133,2016-07-18,21.2,0,18.1,04:00,24.4,15:03,29,5.6,11.7,13:20,82,94,03:10,61,15:50,2025-05-06 19:19:49.044640,2025-05-06 19:19:49.044640
237474,133,2016-07-19,20.9,0,18.6,05:23,23.2,12:52,30,5.3,12.2,03:30,82,92,,75,12:50,2025-05-06 19:19:49.114169,2025-05-06 19:19:49.114169
237490,133,2016-07-20,22.4,0,19.4,04:33,25.3,16:13,26,2.5,7.5,01:40,91,99,,71,01:50,2025-05-06 19:19:49.182835,2025-05-06 19:19:49.182835
237506,133,2016-07-21,23.4,0,19.7,05:54,27,16:40,36,3.3,6.9,11:50,77,99,,46,16:30,2025-05-06 19:19:49.267572,2025-05-06 19:19:49.267572
237522,133,2016-07-22,22.4,0,19.5,22:20,25.2,13:49,29,4.2,9.4,22:10,75,89,21:40,53,00:00,2025-05-06 19:19:49.349143,2025-05-06 19:19:49.349143
237538,133,2016-07-23,20.8,0,19.2,07:00,22.4,13:20,33,4.4,8.9,15:50,84,90,07:00,75,13:10,2025-05-06 19:19:49.427734,2025-05-06 19:19:49.427734
237553,133,2016-07-24,21,0,18.8,04:43,23.3,13:52,32,5,11.1,15:30,80,93,23:59,72,,2025-05-06 19:19:49.504557,2025-05-06 19:19:49.504557
237568,133,2016-07-25,22.8,0,18.2,05:13,27.4,15:01,30,1.9,7.2,00:20,74,96,23:30,59,12:20,2025-05-06 19:19:49.582669,2025-05-06 19:19:49.582669
237583,133,2016-07-26,23,0,20.2,00:01,25.8,12:16,32,3.1,8.9,16:10,73,96,,39,06:40,2025-05-06 19:19:49.655995,2025-05-06 19:19:49.655995
237598,133,2016-07-27,22.5,0,19.4,06:51,25.6,12:58,31,4.4,9.2,18:10,82,97,07:10,69,13:00,2025-05-06 19:19:49.745143,2025-05-06 19:19:49.745143
237615,133,2016-07-28,20.6,0,18.7,,22.5,13:59,30,4.7,10.6,04:40,85,92,02:50,75,14:00,2025-05-06 19:19:49.832031,2025-05-06 19:19:49.832031
237632,133,2016-07-29,20.8,0,19.4,06:32,22.1,14:41,32,3.9,8.6,01:10,82,89,,76,14:30,2025-05-06 19:19:49.915478,2025-05-06 19:19:49.915478
237649,133,2016-07-30,20.4,0,18.7,04:55,22.2,12:41,34,4.4,10,16:10,85,96,05:20,77,13:30,2025-05-06 19:19:50.000497,2025-05-06 19:19:50.000497
237666,133,2016-07-31,21.4,0,19.6,23:31,23.2,13:10,32,5.6,11.1,12:50,84,92,,77,,2025-05-06 19:19:50.086238,2025-05-06 19:19:50.086238
237683,133,2016-08-01,20.3,0,19,05:58,21.6,11:47,31,5.8,10.8,17:50,89,94,06:30,84,,2025-05-06 19:19:50.173307,2025-05-06 19:19:50.173307
237700,133,2016-08-02,20.6,0,19.1,05:37,22.2,13:38,99,5.8,11.1,,87,93,04:30,79,13:30,2025-05-06 19:19:50.263395,2025-05-06 19:19:50.263395
237717,133,2016-08-03,,,,,,,0,5.6,,,81,,,,,2025-05-06 19:19:50.351114,2025-05-06 19:19:50.351114
237734,133,2016-08-04,21,0,19,06:08,23.1,15:05,34,4.4,9.7,12:50,89,93,,71,23:40,2025-05-06 19:19:50.439626,2025-05-06 19:19:50.439626
237751,133,2016-08-05,26.1,0,20.7,05:43,31.5,14:47,25,2.2,6.4,02:40,60,89,05:30,41,,2025-05-06 19:19:50.534030,2025-05-06 19:19:50.534030
237768,133,2016-08-06,25.6,0,21.1,06:28,30,15:29,32,2.5,6.7,23:50,56,82,05:40,38,18:10,2025-05-06 19:19:50.628344,2025-05-06 19:19:50.628344
237785,133,2016-08-07,21.4,0,19.1,,23.7,13:34,28,5.8,11.7,17:10,85,96,05:00,74,00:00,2025-05-06 19:19:50.725533,2025-05-06 19:19:50.725533
237802,133,2016-08-08,22.1,0,19.7,02:57,24.5,12:13,30,5.3,13.3,02:30,81,95,23:59,72,,2025-05-06 19:19:50.815439,2025-05-06 19:19:50.815439
237819,133,2016-08-09,25.2,0,19.9,,30.5,12:58,2,1.7,7.2,22:10,54,97,,36,21:30,2025-05-06 19:19:50.901803,2025-05-06 19:19:50.901803
237836,133,2016-08-10,28.8,0,24.1,03:29,33.4,10:16,29,3.1,8.9,23:20,46,65,03:10,24,07:00,2025-05-06 19:19:50.990366,2025-05-06 19:19:50.990366
237853,133,2016-08-11,22.2,0,19.9,,24.4,00:03,31,3.1,7.8,,76,90,23:10,44,04:40,2025-05-06 19:19:51.078318,2025-05-06 19:19:51.078318
237870,133,2016-08-12,22.2,0,18.8,04:06,25.5,14:57,28,2.5,10.6,22:50,78,94,04:20,66,15:30,2025-05-06 19:19:51.164377,2025-05-06 19:19:51.164377
237887,133,2016-08-13,21.8,0,19.5,04:02,24.1,14:11,30,5.8,11.9,20:00,80,89,05:50,73,13:10,2025-05-06 19:19:51.254540,2025-05-06 19:19:51.254540
237904,133,2016-08-14,20.9,0,19.1,06:29,22.7,14:02,29,5.6,13.6,13:40,83,94,22:00,75,13:30,2025-05-06 19:19:51.338253,2025-05-06 19:19:51.338253
237920,133,2016-08-15,22,0,20.3,,23.8,13:18,32,4.2,10.3,15:30,86,94,08:00,77,11:10,2025-05-06 19:19:51.420448,2025-05-06 19:19:51.420448
237936,133,2016-08-16,21.3,0,20,,22.6,13:54,31,4.4,8.9,11:50,89,94,,83,13:50,2025-05-06 19:19:51.499750,2025-05-06 19:19:51.499750
237953,133,2016-08-17,21.6,0,19.2,23:54,23.9,14:35,28,3.9,8.3,13:20,86,95,22:30,76,15:20,2025-05-06 19:19:51.584673,2025-05-06 19:19:51.584673
237970,133,2016-08-18,21.2,0,18.7,05:02,23.8,13:06,33,3.6,8.6,16:50,84,97,,75,13:10,2025-05-06 19:19:51.669995,2025-05-06 19:19:51.669995
237987,133,2016-08-19,21.8,0,19.2,06:02,24.4,15:38,32,3.6,7.8,12:10,82,92,20:30,72,14:30,2025-05-06 19:19:51.755447,2025-05-06 19:19:51.755447
238004,133,2016-08-20,21.8,0,19.1,05:12,24.5,13:09,32,2.5,7.5,12:00,80,90,,73,13:00,2025-05-06 19:19:51.836608,2025-05-06 19:19:51.836608
238021,133,2016-08-21,21,0.2,20.3,23:56,21.7,13:59,31,1.4,6.7,15:10,94,96,13:20,86,00:00,2025-05-06 19:19:51.918682,2025-05-06 19:19:51.918682
238038,133,2016-08-22,22.8,0,19.5,01:10,26,16:32,31,1.9,6.1,19:00,76,97,05:40,53,17:30,2025-05-06 19:19:52.004168,2025-05-06 19:19:52.004168
238055,133,2016-08-23,21.7,0,19.1,06:08,24.3,14:05,32,3.9,8.6,10:00,85,98,,72,14:20,2025-05-06 19:19:52.070006,2025-05-06 19:19:52.070006
238072,133,2016-08-24,21.2,0,19,06:33,23.3,12:58,99,5,11.1,15:40,83,94,,74,14:50,2025-05-06 19:19:52.151691,2025-05-06 19:19:52.151691
238089,133,2016-08-25,22.1,0,20.2,,24,13:41,34,4.2,12.2,16:30,80,93,21:20,70,12:20,2025-05-06 19:19:52.229592,2025-05-06 19:19:52.229592
238106,133,2016-08-26,22.2,0,20,,24.3,13:56,30,3.9,8.9,18:00,85,93,06:40,68,13:30,2025-05-06 19:19:52.315680,2025-05-06 19:19:52.315680
238123,133,2016-08-27,22.2,0,20.3,06:22,24,13:58,32,3.3,7.5,18:50,90,95,,79,14:30,2025-05-06 19:19:52.408486,2025-05-06 19:19:52.408486
238140,133,2016-08-28,23.3,0,21.1,04:23,25.5,15:21,28,3.3,7.8,06:50,90,97,,63,22:30,2025-05-06 19:19:52.499681,2025-05-06 19:19:52.499681
238157,133,2016-08-29,24,0,20.9,06:26,27.2,15:17,29,3.3,7.5,09:50,87,98,07:20,69,23:40,2025-05-06 19:19:52.585271,2025-05-06 19:19:52.585271
238173,133,2016-08-30,24,0,21.1,06:41,26.9,16:25,34,3.6,7.5,12:40,76,97,07:20,51,22:50,2025-05-06 19:19:52.674026,2025-05-06 19:19:52.674026
238189,133,2016-08-31,22.4,0,20.4,23:59,24.3,12:00,34,4.4,9.7,16:50,77,88,21:30,50,00:10,2025-05-06 19:19:52.757637,2025-05-06 19:19:52.757637
238206,133,2016-09-01,22,0,20.1,05:19,24,12:55,34,3.6,9.7,13:00,81,87,06:00,70,11:00,2025-05-06 19:19:52.840052,2025-05-06 19:19:52.840052
238222,133,2016-09-02,22.1,0,20.2,23:25,24,14:06,32,3.1,7.5,19:30,77,86,23:30,69,13:30,2025-05-06 19:19:52.924802,2025-05-06 19:19:52.924802
238238,133,2016-09-03,21.7,0,19.7,04:06,23.7,12:25,33,3.1,8.6,16:50,81,91,04:20,70,16:40,2025-05-06 19:19:53.009401,2025-05-06 19:19:53.009401
238254,133,2016-09-04,21.6,0,19.3,04:26,23.9,13:46,33,3.6,10,17:40,79,92,,66,14:00,2025-05-06 19:19:53.098359,2025-05-06 19:19:53.098359
238270,133,2016-09-05,21.6,0,19.2,06:54,24,15:47,30,3.6,10,12:30,77,91,,68,13:40,2025-05-06 19:19:53.183725,2025-05-06 19:19:53.183725
238286,133,2016-09-06,21.8,0,19.9,,23.8,14:27,32,3.9,9.7,21:50,84,89,,76,15:50,2025-05-06 19:19:53.267537,2025-05-06 19:19:53.267537
238302,133,2016-09-07,22,0,20,06:42,23.9,13:08,32,3.9,9.2,01:10,81,87,,73,12:50,2025-05-06 19:19:53.350497,2025-05-06 19:19:53.350497
238318,133,2016-09-08,21.8,0,19.3,02:38,24.4,14:32,33,3.3,7.2,12:30,84,92,,74,15:00,2025-05-06 19:19:53.436553,2025-05-06 19:19:53.436553
238334,133,2016-09-09,21.9,0,20.3,23:31,23.5,15:03,33,3.3,7.2,16:20,87,92,06:30,77,16:10,2025-05-06 19:19:53.523118,2025-05-06 19:19:53.523118
238350,133,2016-09-10,21.4,0,19.6,05:32,23.3,14:26,32,3.6,9.4,14:50,80,93,05:00,71,12:00,2025-05-06 19:19:53.607685,2025-05-06 19:19:53.607685
238366,133,2016-09-11,21.8,0,19.4,,24.2,13:50,33,2.8,8.1,16:00,82,91,,69,13:20,2025-05-06 19:19:53.683107,2025-05-06 19:19:53.683107
238382,133,2016-09-12,20.8,0,18.9,06:14,22.8,11:49,28,0.8,8.9,18:50,87,94,23:40,74,13:30,2025-05-06 19:19:53.758257,2025-05-06 19:19:53.758257
238398,133,2016-09-13,22.4,0,20.1,,24.6,13:38,33,2.8,7.5,13:20,83,96,05:30,64,16:20,2025-05-06 19:19:53.825325,2025-05-06 19:19:53.825325
238414,133,2016-09-14,21.6,0,19.7,,23.4,11:48,32,3.6,9.4,13:00,80,95,,64,14:00,2025-05-06 19:19:53.886396,2025-05-06 19:19:53.886396
238431,133,2016-09-15,20.5,2.4,19.3,05:13,21.7,15:32,34,3.3,10.3,10:40,78,90,12:00,75,,2025-05-06 19:19:53.973312,2025-05-06 19:19:53.973312
238448,133,2016-09-16,20.8,0,18.9,04:38,22.6,16:24,31,3.3,8.9,16:20,80,93,05:20,73,13:40,2025-05-06 19:19:54.063129,2025-05-06 19:19:54.063129
238465,133,2016-09-17,21,0,18.9,06:41,23.1,12:08,32,3.3,8.9,13:50,79,90,04:10,68,14:30,2025-05-06 19:19:54.153887,2025-05-06 19:19:54.153887
238482,133,2016-09-18,21,0,19,,23,13:49,99,1.9,6.4,11:50,80,90,,72,12:10,2025-05-06 19:19:54.247349,2025-05-06 19:19:54.247349
238499,133,2016-09-19,20.8,0,18.9,23:55,22.8,12:46,32,3.1,9.4,15:40,85,91,,72,14:30,2025-05-06 19:19:54.331987,2025-05-06 19:19:54.331987
238516,133,2016-09-20,20.7,0,18.6,06:26,22.8,14:52,36,2.5,7.5,08:50,80,89,06:40,70,15:00,2025-05-06 19:19:54.416839,2025-05-06 19:19:54.416839
238533,133,2016-09-21,21.2,0,19,20:59,23.4,12:49,34,2.5,8.1,15:40,77,87,,66,14:30,2025-05-06 19:19:54.508684,2025-05-06 19:19:54.508684
238550,133,2016-09-22,21,0,18.6,01:56,23.4,15:36,33,3.3,7.2,15:00,81,87,06:50,69,14:50,2025-05-06 19:19:54.604705,2025-05-06 19:19:54.604705
238566,133,2016-09-23,20.8,0,18.8,07:10,22.9,13:45,31,3.3,8.9,13:30,73,85,,63,12:30,2025-05-06 19:19:54.691500,2025-05-06 19:19:54.691500
238582,133,2016-09-24,21.4,0,19.6,01:39,23.1,12:56,32,4.2,10.3,15:10,77,89,21:10,72,11:10,2025-05-06 19:19:54.779627,2025-05-06 19:19:54.779627
238598,133,2016-09-25,21.6,0,19.5,06:37,23.7,11:32,34,3.9,8.3,13:00,81,90,04:30,68,11:30,2025-05-06 19:19:54.855416,2025-05-06 19:19:54.855416
238615,133,2016-09-26,21.2,0,19.4,04:52,23.1,13:49,31,3.3,8.3,14:50,84,92,07:00,75,13:10,2025-05-06 19:19:54.942608,2025-05-06 19:19:54.942608
238632,133,2016-09-27,21.2,0,19.3,,23,14:42,33,3.1,7.5,15:10,83,91,19:40,75,10:10,2025-05-06 19:19:55.038306,2025-05-06 19:19:55.038306
238648,133,2016-09-28,21.1,0,18.8,00:54,23.4,,34,4.2,10.6,19:00,82,91,04:10,66,01:10,2025-05-06 19:19:55.125730,2025-05-06 19:19:55.125730
238665,133,2016-09-29,21.8,0,20.2,,23.3,11:38,33,4.4,9.4,12:30,87,94,04:10,78,15:50,2025-05-06 19:19:55.242885,2025-05-06 19:19:55.242885
238682,133,2016-09-30,21.5,0,19.3,04:33,23.7,14:36,31,3.1,6.7,16:50,84,94,04:50,67,13:50,2025-05-06 19:19:55.339015,2025-05-06 19:19:55.339015
238699,133,2016-10-01,21.2,0,19.2,00:53,23.2,14:08,30,2.8,8.3,11:20,84,93,06:40,70,14:50,2025-05-06 19:19:55.426342,2025-05-06 19:19:55.426342
238715,133,2016-10-02,21.2,0,19.1,,23.4,13:37,32,2.8,8.1,12:50,75,87,,59,13:50,2025-05-06 19:19:55.505301,2025-05-06 19:19:55.505301
238732,133,2016-10-03,20.6,0.4,18.4,03:20,22.9,14:18,36,3.1,8.3,12:20,79,90,15:10,71,13:00,2025-05-06 19:19:55.597196,2025-05-06 19:19:55.597196
238749,133,2016-10-04,20.2,0.4,18.9,06:54,21.6,13:39,32,4.2,11.1,14:50,86,95,23:59,79,11:30,2025-05-06 19:19:55.693419,2025-05-06 19:19:55.693419
238765,133,2016-10-05,20.6,0,19.3,06:00,22,10:24,31,3.6,8.1,,90,95,,81,10:40,2025-05-06 19:19:55.782093,2025-05-06 19:19:55.782093
238782,133,2016-10-06,20.4,0,18.6,21:25,22.3,13:02,32,3.3,8.1,14:20,84,95,,75,12:20,2025-05-06 19:19:55.869991,2025-05-06 19:19:55.869991
238799,133,2016-10-07,21,0,18.7,00:03,23.3,,32,2.8,8.3,15:20,80,92,,67,,2025-05-06 19:19:55.958585,2025-05-06 19:19:55.958585
238815,133,2016-10-08,20.8,,18.7,06:30,23,12:48,30,2.8,7.5,16:30,79,91,03:00,66,11:10,2025-05-06 19:19:56.020015,2025-05-06 19:19:56.020015
238831,133,2016-10-09,,0,,,,,0,2.2,,,74,,,,,2025-05-06 19:19:56.091025,2025-05-06 19:19:56.091025
238847,133,2016-10-10,21,0,19.4,04:11,22.7,14:23,3,1.9,6.9,13:20,76,89,,68,14:50,2025-05-06 19:19:56.170983,2025-05-06 19:19:56.170983
238864,133,2016-10-11,20.9,0,18.6,23:24,23.2,13:49,6,1.9,6.7,12:10,78,89,,67,11:40,2025-05-06 19:19:56.257691,2025-05-06 19:19:56.257691
238881,133,2016-10-12,20.5,0,17.8,06:55,23.2,13:00,29,3.1,10,17:10,78,87,,66,11:50,2025-05-06 19:19:56.338157,2025-05-06 19:19:56.338157
238898,133,2016-10-13,21.8,0.4,19.7,07:19,23.8,14:19,30,4.7,13.3,10:50,75,89,07:10,59,13:30,2025-05-06 19:19:56.414071,2025-05-06 19:19:56.414071
238915,133,2016-10-14,,0.4,,,,,33,3.9,10.3,02:10,75,,,,,2025-05-06 19:19:56.493590,2025-05-06 19:19:56.493590
238932,133,2016-10-15,20,0,16.8,06:53,23.1,15:56,12,2.5,7.2,15:30,77,88,22:10,68,16:10,2025-05-06 19:19:56.579019,2025-05-06 19:19:56.579019
238949,133,2016-10-16,20.9,0,18,04:42,23.8,11:17,12,3.1,7.5,21:30,82,92,07:10,62,23:00,2025-05-06 19:19:56.668406,2025-05-06 19:19:56.668406
238966,133,2016-10-17,24.8,0,21,21:52,28.5,12:15,14,1.9,11.9,04:10,50,74,00:50,41,05:10,2025-05-06 19:19:56.747885,2025-05-06 19:19:56.747885
238983,133,2016-10-18,24.8,0,20.5,23:06,29,14:15,19,2.5,5.8,05:30,55,89,20:00,40,15:50,2025-05-06 19:19:56.821922,2025-05-06 19:19:56.821922
239000,133,2016-10-19,23.4,0,19.2,06:32,27.5,12:47,31,2.2,5,17:10,76,94,21:00,49,12:20,2025-05-06 19:19:56.905856,2025-05-06 19:19:56.905856
239017,133,2016-10-20,21.4,0,18.5,22:20,24.2,14:05,35,1.7,5.8,11:40,80,93,07:50,60,01:10,2025-05-06 19:19:56.995000,2025-05-06 19:19:56.995000
239034,133,2016-10-21,21.4,0,17.2,04:44,25.5,10:32,32,1.7,5.6,19:30,83,94,08:00,74,10:50,2025-05-06 19:19:57.071807,2025-05-06 19:19:57.071807
239050,133,2016-10-22,20.6,0,17,06:39,24.2,11:23,99,1.4,4.4,,80,91,22:50,66,10:50,2025-05-06 19:19:57.152284,2025-05-06 19:19:57.152284
239066,133,2016-10-23,20.2,0.4,17.4,06:26,22.9,09:57,32,3.1,10.8,15:50,85,97,16:20,71,09:40,2025-05-06 19:19:57.234286,2025-05-06 19:19:57.234286
239083,133,2016-10-24,19.8,3.6,17.2,,22.4,12:51,14,1.7,5.8,17:00,83,94,06:30,69,13:00,2025-05-06 19:19:57.325606,2025-05-06 19:19:57.325606
239100,133,2016-10-25,19.8,9.8,17,05:35,22.7,13:23,15,1.4,10.8,21:10,80,94,21:20,66,13:10,2025-05-06 19:19:57.399102,2025-05-06 19:19:57.399102
239116,133,2016-10-26,18.8,2.4,15.8,07:16,21.9,11:06,20,2.5,12.2,18:00,77,96,,49,17:50,2025-05-06 19:19:57.463982,2025-05-06 19:19:57.463982
239132,133,2016-10-27,20.5,0,16.9,06:54,24.1,11:44,14,3.1,10.8,13:00,83,91,19:00,57,11:40,2025-05-06 19:19:57.524953,2025-05-06 19:19:57.524953
239149,133,2016-10-28,21.4,2,18.1,00:01,24.6,11:14,18,2.5,10.3,11:20,82,97,23:59,65,12:40,2025-05-06 19:19:57.597020,2025-05-06 19:19:57.597020
239166,133,2016-10-29,22.5,0.2,19.4,05:36,25.6,12:23,12,1.7,5,06:10,86,97,,70,12:30,2025-05-06 19:19:57.657501,2025-05-06 19:19:57.657501
239183,133,2016-10-30,22.4,0,19.8,00:44,25,12:54,30,2.2,6.1,23:40,76,95,21:40,65,06:50,2025-05-06 19:19:57.725615,2025-05-06 19:19:57.725615
239200,133,2016-10-31,21.4,0,19.2,06:31,23.5,11:42,33,2.2,5.8,15:40,89,94,23:59,78,11:50,2025-05-06 19:19:57.797299,2025-05-06 19:19:57.797299
239217,133,2016-11-01,20.1,0,17.2,05:52,23,11:42,3,1.9,5.3,11:30,84,94,00:00,78,11:50,2025-05-06 19:19:57.878574,2025-05-06 19:19:57.878574
239234,133,2016-11-02,20.6,0,17.9,05:28,23.2,13:08,99,1.7,5.6,20:50,86,93,00:30,78,12:50,2025-05-06 19:19:57.960930,2025-05-06 19:19:57.960930
239251,133,2016-11-03,20.1,0.2,18.1,07:21,22.1,11:32,99,1.4,4.2,,84,92,,75,11:40,2025-05-06 19:19:58.055714,2025-05-06 19:19:58.055714
239268,133,2016-11-04,20.2,0,17.4,07:26,22.9,15:02,34,2.5,10.6,18:20,84,93,00:20,70,12:40,2025-05-06 19:19:58.145692,2025-05-06 19:19:58.145692
239285,133,2016-11-05,19.6,0.8,16.4,,22.7,12:34,10,1.7,6.4,10:00,74,91,07:40,57,13:30,2025-05-06 19:19:58.239629,2025-05-06 19:19:58.239629
239302,133,2016-11-06,18.8,5.8,15.5,07:39,22,11:15,10,1.4,6.4,11:30,79,92,17:10,65,11:20,2025-05-06 19:19:58.340536,2025-05-06 19:19:58.340536
239319,133,2016-11-07,18.6,4.4,15.5,00:17,21.7,13:25,34,2.5,7.5,12:30,81,95,20:00,73,12:10,2025-05-06 19:19:58.433228,2025-05-06 19:19:58.433228
239336,133,2016-11-08,19,1.6,17.3,19:04,20.6,11:36,4,2.5,8.3,01:20,76,91,,68,11:40,2025-05-06 19:19:58.543819,2025-05-06 19:19:58.543819
239353,133,2016-11-09,18.6,0,16.7,02:34,20.4,11:48,3,2.2,7.8,11:00,76,88,23:00,58,10:50,2025-05-06 19:19:58.644122,2025-05-06 19:19:58.644122
239370,133,2016-11-10,19,0.4,17.2,23:23,20.7,12:59,5,2.5,7.5,12:30,82,90,07:00,76,13:00,2025-05-06 19:19:58.754522,2025-05-06 19:19:58.754522
239387,133,2016-11-11,18.9,4.6,17.3,00:01,20.5,12:29,5,2.5,9.4,12:40,88,99,,77,13:40,2025-05-06 19:19:58.846723,2025-05-06 19:19:58.846723
239404,133,2016-11-12,18.8,0,17.4,05:05,20.2,12:27,5,1.9,8.1,10:30,80,87,01:30,70,10:30,2025-05-06 19:19:58.931509,2025-05-06 19:19:58.931509
239421,133,2016-11-13,18.6,1.6,16,07:23,21.2,12:41,33,2.2,5.8,13:00,80,92,,70,12:30,2025-05-06 19:19:59.020254,2025-05-06 19:19:59.020254
239438,133,2016-11-14,18,0,15,05:01,20.9,14:41,6,1.7,5.6,13:10,84,94,01:30,67,15:00,2025-05-06 19:19:59.107938,2025-05-06 19:19:59.107938
239472,133,2016-11-16,18.8,0,15.4,07:10,22.3,13:47,3,1.4,4.4,15:10,80,88,19:30,70,,2025-05-06 19:19:59.270143,2025-05-06 19:19:59.270143
239489,133,2016-11-17,19.2,0,15.7,05:02,22.6,13:25,10,1.9,6.4,14:20,84,96,23:00,69,15:00,2025-05-06 19:19:59.330657,2025-05-06 19:19:59.330657
239506,133,2016-11-18,19.3,0,16.3,05:14,22.3,13:17,3,1.4,5,14:40,88,97,05:40,76,13:20,2025-05-06 19:19:59.388739,2025-05-06 19:19:59.388739
239523,133,2016-11-19,18.4,0,16.4,04:42,20.5,14:02,7,1.7,6.4,13:40,84,93,00:40,74,13:50,2025-05-06 19:19:59.455219,2025-05-06 19:19:59.455219
239540,133,2016-11-20,18.3,0,15.7,04:44,20.9,13:36,4,2.2,5.3,13:30,80,90,04:00,70,15:40,2025-05-06 19:19:59.516358,2025-05-06 19:19:59.516358
239557,133,2016-11-21,17.6,0,14.7,,20.6,13:14,31,2.5,6.9,11:20,78,88,,69,13:20,2025-05-06 19:19:59.571592,2025-05-06 19:19:59.571592
239574,133,2016-11-22,16.6,17,14.9,17:36,18.4,08:04,32,3.6,12.2,17:30,83,99,10:30,70,20:50,2025-05-06 19:19:59.647290,2025-05-06 19:19:59.647290
239591,133,2016-11-23,16,0.6,14.1,02:57,17.8,13:18,33,3.9,13.6,12:30,70,88,03:00,62,17:10,2025-05-06 19:19:59.725670,2025-05-06 19:19:59.725670
239608,133,2016-11-24,15.3,0.2,13.1,23:14,17.5,14:20,32,1.7,5.3,13:30,73,85,08:40,60,13:50,2025-05-06 19:19:59.804514,2025-05-06 19:19:59.804514
239625,133,2016-11-25,16.8,0.2,12.7,06:33,20.9,13:54,10,1.9,7.2,14:50,71,89,22:40,53,14:40,2025-05-06 19:19:59.874846,2025-05-06 19:19:59.874846
239641,133,2016-11-26,16.5,9.4,14.2,07:34,18.8,09:51,28,3.6,10.3,14:10,82,98,11:20,72,06:10,2025-05-06 19:19:59.941530,2025-05-06 19:19:59.941530
239657,133,2016-11-27,17,0.4,14.6,06:18,19.3,11:08,28,3.3,9.4,13:40,80,90,14:20,68,11:10,2025-05-06 19:20:00.024912,2025-05-06 19:20:00.024912
239673,133,2016-11-28,17.2,0.2,15,04:33,19.4,12:15,34,1.4,5.8,13:20,80,92,08:20,72,12:20,2025-05-06 19:20:00.092055,2025-05-06 19:20:00.092055
239690,133,2016-11-29,17,0,14.8,01:25,19.1,11:47,26,1.4,4.7,12:50,76,87,19:30,67,11:20,2025-05-06 19:20:00.147027,2025-05-06 19:20:00.147027
239707,133,2016-11-30,17.8,0,14.5,07:34,21.1,11:42,30,1.7,5.3,15:40,78,86,07:00,64,12:10,2025-05-06 19:20:00.222322,2025-05-06 19:20:00.222322
239723,133,2016-12-01,17.6,0,14.2,05:25,21,12:32,9,2.5,6.7,13:00,81,94,20:40,64,03:50,2025-05-06 19:20:00.276743,2025-05-06 19:20:00.276743
239739,133,2016-12-02,19.5,0,16.2,00:05,22.8,12:39,2,1.4,7.5,20:10,71,90,00:00,64,10:50,2025-05-06 19:20:00.352645,2025-05-06 19:20:00.352645
239755,133,2016-12-03,22,0,18.2,00:29,25.7,14:38,25,1.4,12.5,03:40,76,89,23:50,49,14:10,2025-05-06 19:20:00.420697,2025-05-06 19:20:00.420697
239772,133,2016-12-04,19.2,0,16.8,08:37,21.5,14:49,30,3.6,11.7,13:10,77,92,,63,14:20,2025-05-06 19:20:00.510501,2025-05-06 19:20:00.510501
239789,133,2016-12-05,19,0,16.3,06:53,21.7,12:07,32,2.5,7.5,15:50,84,95,22:10,74,11:30,2025-05-06 19:20:00.597412,2025-05-06 19:20:00.597412
239806,133,2016-12-06,18.7,0,16.3,04:55,21.1,14:55,12,1.4,6.4,12:30,83,93,00:00,73,13:40,2025-05-06 19:20:00.685788,2025-05-06 19:20:00.685788
239823,133,2016-12-07,18.4,0,16.5,23:59,20.3,13:50,8,1.4,6.4,12:20,80,94,02:20,72,,2025-05-06 19:20:00.768084,2025-05-06 19:20:00.768084
239839,133,2016-12-08,20,0,15.9,01:24,24.2,14:50,14,3.1,11.4,14:10,55,96,02:50,40,16:50,2025-05-06 19:20:00.844090,2025-05-06 19:20:00.844090
239855,133,2016-12-09,20,0,17.4,23:08,22.5,11:01,14,2.8,9.7,10:50,60,73,05:20,45,00:00,2025-05-06 19:20:00.917873,2025-05-06 19:20:00.917873
239872,133,2016-12-10,19.3,0,15.6,23:43,23,12:24,11,2.8,8.1,13:30,63,81,19:40,44,,2025-05-06 19:20:00.996748,2025-05-06 19:20:00.996748
239889,133,2016-12-11,18.3,0,14.6,04:22,22,12:04,6,2.2,4.7,13:00,66,87,18:50,48,10:10,2025-05-06 19:20:01.073560,2025-05-06 19:20:01.073560
239906,133,2016-12-12,17.3,0,13.8,05:43,20.8,14:32,11,1.9,6.7,14:00,70,81,04:40,53,14:50,2025-05-06 19:20:01.147523,2025-05-06 19:20:01.147523
239923,133,2016-12-13,17.4,0,13.8,07:42,21.1,14:48,99,1.9,6.9,,67,78,00:00,55,,2025-05-06 19:20:01.225407,2025-05-06 19:20:01.225407
239940,133,2016-12-14,16.6,3.2,13.4,05:32,19.9,12:38,99,2.2,6.1,,72,84,08:50,62,06:20,2025-05-06 19:20:01.293474,2025-05-06 19:20:01.293474
239957,133,2016-12-15,17,1.4,15.5,02:29,18.4,12:30,31,3.3,8.6,17:40,83,97,,69,21:30,2025-05-06 19:20:01.351511,2025-05-06 19:20:01.351511
239974,133,2016-12-16,16.4,4.6,14.1,22:30,18.7,13:48,33,4.7,12.8,18:40,78,95,16:40,68,21:50,2025-05-06 19:20:01.429531,2025-05-06 19:20:01.429531
239991,133,2016-12-17,15,2,13.7,23:57,16.2,14:37,34,6.1,14.7,08:40,77,93,23:59,66,10:10,2025-05-06 19:20:01.507954,2025-05-06 19:20:01.507954
240008,133,2016-12-18,15.4,1.4,13.4,00:40,17.5,14:12,99,4.7,10.8,,77,96,00:20,69,04:40,2025-05-06 19:20:01.570845,2025-05-06 19:20:01.570845
240025,133,2016-12-19,16.1,3.4,14.3,23:59,17.9,13:17,33,3.6,12.5,14:50,79,92,23:59,71,14:50,2025-05-06 19:20:01.648279,2025-05-06 19:20:01.648279
240042,133,2016-12-20,15,2,12,05:09,17.9,14:59,26,1.9,6.7,16:20,75,95,09:00,68,14:40,2025-05-06 19:20:01.718880,2025-05-06 19:20:01.718880
240059,133,2016-12-21,15.6,0,13.5,02:53,17.6,11:47,6,2.5,7.8,18:30,76,91,06:00,66,16:10,2025-05-06 19:20:01.794246,2025-05-06 19:20:01.794246
240076,133,2016-12-22,17,0,15.5,00:07,18.4,12:47,7,4.2,9.4,10:00,78,87,03:10,72,11:20,2025-05-06 19:20:01.866464,2025-05-06 19:20:01.866464
240092,133,2016-12-23,14.8,6,12.8,14:27,16.8,03:47,11,3.1,11.1,08:30,75,87,14:40,63,08:20,2025-05-06 19:20:01.943467,2025-05-06 19:20:01.943467
240108,133,2016-12-24,16.4,8,14.1,00:13,18.7,12:38,11,4.2,12.5,12:10,68,82,08:30,58,,2025-05-06 19:20:02.019086,2025-05-06 19:20:02.019086
240124,133,2016-12-25,15.6,0,13.4,03:11,17.8,13:02,12,3.9,12.8,02:30,69,86,04:50,59,23:59,2025-05-06 19:20:02.090354,2025-05-06 19:20:02.090354
240140,133,2016-12-26,16.8,0,15.8,20:06,17.7,14:02,11,4.4,13.3,10:00,61,78,23:59,53,02:50,2025-05-06 19:20:02.152750,2025-05-06 19:20:02.152750
240157,133,2016-12-27,16.6,0,15,07:57,18.2,13:29,15,3.3,10.3,12:40,63,78,00:00,61,12:40,2025-05-06 19:20:02.215027,2025-05-06 19:20:02.215027
240174,133,2016-12-28,16.8,0,15.6,07:53,18.1,12:34,14,3.6,11.1,10:50,65,72,02:50,52,21:20,2025-05-06 19:20:02.291557,2025-05-06 19:20:02.291557
240191,133,2016-12-29,17,0,15.5,07:43,18.5,15:37,16,4.4,12.8,13:00,60,74,03:10,50,,2025-05-06 19:20:02.357995,2025-05-06 19:20:02.357995
240207,133,2016-12-30,16.9,0,15.5,07:56,18.3,14:08,14,5.6,13.9,10:10,56,68,02:50,49,18:00,2025-05-06 19:20:02.426061,2025-05-06 19:20:02.426061
240223,133,2016-12-31,17.2,0,15.6,08:10,18.9,12:32,14,5,14.2,11:40,58,71,08:20,47,21:00,2025-05-06 19:20:02.489235,2025-05-06 19:20:02.489235
240240,133,2017-01-01,16.8,0,13.6,,20,14:52,14,3.3,11.9,10:50,52,67,00:10,43,,2025-05-06 19:20:02.575966,2025-05-06 19:20:02.575966
240257,133,2017-01-02,17.6,0,13,00:43,22.3,11:47,18,1.7,8.6,02:40,38,57,01:20,27,02:40,2025-05-06 19:20:02.662152,2025-05-06 19:20:02.662152
240274,133,2017-01-03,18.4,0,14.8,22:26,21.9,14:19,15,4.2,12.8,11:10,47,75,02:00,31,03:50,2025-05-06 19:20:02.756511,2025-05-06 19:20:02.756511
240291,133,2017-01-04,17.3,0,13.3,07:55,21.3,12:29,11,1.7,7.5,13:50,55,71,19:30,26,23:50,2025-05-06 19:20:02.848175,2025-05-06 19:20:02.848175
240308,133,2017-01-05,18.2,0,15.9,05:17,20.6,12:21,14,2.2,8.9,23:20,44,70,16:30,21,,2025-05-06 19:21:15.166538,2025-05-06 19:21:15.166538
240325,133,2017-01-06,18.2,0,15.1,05:15,21.4,15:10,15,5,13.9,14:00,33,65,08:30,13,19:50,2025-05-06 19:21:15.306757,2025-05-06 19:21:15.306757
240342,133,2017-01-07,19.5,0,17.6,01:10,21.4,13:20,13,5,13.1,14:00,27,44,,18,00:10,2025-05-06 19:21:15.421028,2025-05-06 19:21:15.421028
240359,133,2017-01-08,17.4,0,15.7,08:01,19.2,13:56,12,3.6,14.4,01:40,53,67,08:00,35,00:00,2025-05-06 19:21:15.519414,2025-05-06 19:21:15.519414
240376,133,2017-01-09,17,0,13.5,23:56,20.6,12:47,14,2.8,8.1,01:10,60,89,,47,02:20,2025-05-06 19:21:15.616140,2025-05-06 19:21:15.616140
240393,133,2017-01-10,15,0,12.6,01:19,17.3,13:49,29,2.2,6.9,20:20,78,91,02:00,71,14:00,2025-05-06 19:21:15.705895,2025-05-06 19:21:15.705895
240410,133,2017-01-11,15.6,4,14.3,23:11,17,12:59,31,3.1,8.6,21:20,76,98,23:30,66,13:00,2025-05-06 19:21:15.798320,2025-05-06 19:21:15.798320
240427,133,2017-01-12,15.8,0.2,14.1,02:52,17.6,16:16,35,2.5,8.3,01:10,84,98,,61,18:50,2025-05-06 19:21:15.891298,2025-05-06 19:21:15.891298
240444,133,2017-01-13,17.2,0,15,23:22,19.4,13:53,11,3.1,10.3,12:30,46,65,00:00,31,19:30,2025-05-06 19:21:15.977467,2025-05-06 19:21:15.977467
240461,133,2017-01-14,15.2,0.6,12.3,05:41,18.2,12:17,5,1.9,8.1,20:20,74,87,19:40,37,00:00,2025-05-06 19:21:16.062278,2025-05-06 19:21:16.062278
240478,133,2017-01-15,15.3,0,13.8,04:59,16.8,14:28,6,1.9,8.3,09:30,71,90,01:20,65,11:50,2025-05-06 19:21:16.146258,2025-05-06 19:21:16.146258
240495,133,2017-01-16,15.4,0,12.9,,17.9,14:53,6,3.1,8.3,07:20,78,86,06:10,49,22:50,2025-05-06 19:21:16.227707,2025-05-06 19:21:16.227707
240512,133,2017-01-17,15.4,0,12.2,01:25,18.5,13:11,10,1.9,7.2,12:50,71,88,03:10,57,00:40,2025-05-06 19:21:16.312033,2025-05-06 19:21:16.312033
240529,133,2017-01-18,23.2,0,11.9,06:04,34.4,11:24,32,2.8,7.8,13:30,61,83,03:50,45,11:30,2025-05-06 19:21:16.403320,2025-05-06 19:21:16.403320
240546,133,2017-01-19,15,0,13.1,05:01,16.9,14:18,30,4.4,11.1,13:50,63,80,11:40,57,02:10,2025-05-06 19:21:16.488980,2025-05-06 19:21:16.488980
240563,133,2017-01-20,15.1,1.4,13.4,03:27,16.8,15:22,28,3.3,8.6,16:10,75,83,09:20,61,17:00,2025-05-06 19:21:16.561085,2025-05-06 19:21:16.561085
240580,133,2017-01-21,15.6,1.6,13.9,07:55,17.3,14:24,30,4.2,11.4,15:50,80,90,02:40,63,14:40,2025-05-06 19:21:16.646282,2025-05-06 19:21:16.646282
240597,133,2017-01-22,14.7,0.2,13,04:53,16.4,13:44,32,3.6,8.9,20:30,67,91,00:40,57,13:00,2025-05-06 19:21:16.726970,2025-05-06 19:21:16.726970
240614,133,2017-01-23,14.6,2.4,12.7,02:33,16.5,14:13,28,4.4,11.4,12:00,81,94,15:20,69,00:50,2025-05-06 19:21:16.806182,2025-05-06 19:21:16.806182
240631,133,2017-01-24,15.3,0,13.4,07:38,17.2,11:59,32,2.2,6.4,00:50,70,84,00:00,59,15:00,2025-05-06 19:21:16.893520,2025-05-06 19:21:16.893520
240648,133,2017-01-25,14.9,0,12.6,24:00,17.2,13:04,8,1.4,5.6,14:00,64,77,23:59,57,13:30,2025-05-06 19:21:16.984901,2025-05-06 19:21:16.984901
240665,133,2017-01-26,15,1.2,10.8,,19.3,13:49,20,2.2,5.3,05:10,57,93,23:50,49,12:50,2025-05-06 19:21:17.070631,2025-05-06 19:21:17.070631
240682,133,2017-01-27,15.3,0,13.5,06:15,17.1,12:18,31,1.1,5,00:40,82,94,00:20,68,13:20,2025-05-06 19:21:17.161617,2025-05-06 19:21:17.161617
240699,133,2017-01-28,15.6,0,13.5,00:34,17.6,11:52,7,1.9,5.8,14:50,66,84,00:40,55,12:50,2025-05-06 19:21:17.260069,2025-05-06 19:21:17.260069
240716,133,2017-01-29,14.8,0,12.7,07:34,17,11:49,5,1.7,5.8,14:30,72,80,23:30,61,13:40,2025-05-06 19:21:17.357805,2025-05-06 19:21:17.357805
240732,133,2017-01-30,15.2,0,12.9,04:31,17.5,11:36,34,2.2,6.1,21:00,76,83,08:30,66,11:30,2025-05-06 19:21:17.437440,2025-05-06 19:21:17.437440
240749,133,2017-01-31,15.4,0,13.1,04:28,17.7,13:18,32,3.9,14.2,15:50,76,84,04:50,67,17:10,2025-05-06 19:21:17.515769,2025-05-06 19:21:17.515769
240766,133,2017-02-01,14.8,1.8,13.4,22:53,16.3,11:00,35,3.6,10.3,07:40,79,92,12:10,68,15:20,2025-05-06 19:21:17.588347,2025-05-06 19:21:17.588347
240783,133,2017-02-02,15.6,0,13.4,03:14,17.8,10:52,33,2.2,7.8,04:40,80,90,03:00,67,16:20,2025-05-06 19:21:17.643167,2025-05-06 19:21:17.643167
240800,133,2017-02-03,16.4,0,12.9,05:22,19.8,12:12,5,2.5,5.6,14:10,72,87,19:40,56,12:20,2025-05-06 19:21:17.726170,2025-05-06 19:21:17.726170
240817,133,2017-02-04,14.9,0,11.9,06:17,17.9,13:41,3,1.7,5.8,15:40,71,82,09:40,63,12:00,2025-05-06 19:21:17.800076,2025-05-06 19:21:17.800076
240834,133,2017-02-05,16.8,0.2,13.7,00:58,19.8,12:49,36,1.9,6.7,15:30,76,89,05:30,60,12:40,2025-05-06 19:21:17.876811,2025-05-06 19:21:17.876811
240851,133,2017-02-06,,,,,,,0,2.8,,,76,,,,,2025-05-06 19:21:17.958950,2025-05-06 19:21:17.958950
240868,133,2017-02-07,16.5,0,14.7,21:03,18.3,13:45,31,2.8,7.8,21:50,78,87,06:20,69,13:30,2025-05-06 19:21:18.042367,2025-05-06 19:21:18.042367
240885,133,2017-02-08,16.2,0,13.8,23:53,18.5,13:03,35,1.9,6.4,02:30,73,85,06:00,63,13:50,2025-05-06 19:21:18.125304,2025-05-06 19:21:18.125304
240902,133,2017-02-09,15.4,0.6,13.4,03:35,17.5,13:12,99,3.9,10,,69,87,22:20,57,16:40,2025-05-06 19:21:18.200199,2025-05-06 19:21:18.200199
240919,133,2017-02-10,13.5,7.8,11.9,23:35,15.1,00:01,33,4.4,12.5,08:10,81,96,08:00,65,15:50,2025-05-06 19:21:18.276510,2025-05-06 19:21:18.276510
240936,133,2017-02-11,14.8,1.2,11.2,02:16,18.3,12:51,30,2.5,9.2,11:00,70,92,,60,07:10,2025-05-06 19:21:18.355134,2025-05-06 19:21:18.355134
240953,133,2017-02-12,16.8,1.2,12.8,23:59,20.8,11:26,27,3.6,19.7,11:40,73,92,00:00,54,10:00,2025-05-06 19:21:18.435671,2025-05-06 19:21:18.435671
240970,133,2017-02-13,14.8,0.2,11.2,05:16,18.3,14:40,8,2.5,7.8,14:50,69,86,10:10,52,15:40,2025-05-06 19:21:18.514208,2025-05-06 19:21:18.514208
240987,133,2017-02-14,14.8,0,10.8,07:02,18.9,13:25,11,3.3,8.1,13:00,60,74,,49,11:00,2025-05-06 19:21:18.597717,2025-05-06 19:21:18.597717
241004,133,2017-02-15,15.5,3,11.5,03:41,19.5,13:12,13,2.2,8.3,10:40,75,92,19:30,53,13:30,2025-05-06 19:21:18.678807,2025-05-06 19:21:18.678807
241021,133,2017-02-16,16.8,0,13,01:33,20.7,14:50,30,1.9,6.4,20:10,77,94,02:40,43,15:20,2025-05-06 19:21:18.762732,2025-05-06 19:21:18.762732
241038,133,2017-02-17,18.8,0,13.4,02:22,24.1,12:22,26,1.9,7.2,00:30,45,89,00:20,25,12:10,2025-05-06 19:21:18.852837,2025-05-06 19:21:18.852837
241055,133,2017-02-18,15.9,0,13.9,07:37,17.9,13:01,1,3.6,9.4,17:40,75,85,00:50,69,,2025-05-06 19:21:18.943133,2025-05-06 19:21:18.943133
241072,133,2017-02-19,15.4,5.4,13,18:55,17.8,12:20,34,3.3,10,16:20,73,94,20:30,58,12:50,2025-05-06 19:21:19.038370,2025-05-06 19:21:19.038370
241089,133,2017-02-20,14.8,0.4,12.5,06:05,17,15:28,32,4.4,11.7,15:50,74,95,,60,12:10,2025-05-06 19:21:19.135322,2025-05-06 19:21:19.135322
241106,133,2017-02-21,14.8,2.4,13.5,19:42,16.1,14:47,29,5.6,12.5,13:20,80,92,19:20,67,09:50,2025-05-06 19:21:19.228800,2025-05-06 19:21:19.228800
241123,133,2017-02-22,15.6,1.2,14.2,02:29,16.9,12:58,36,5.6,13.3,15:50,79,90,19:10,74,13:00,2025-05-06 19:21:19.321357,2025-05-06 19:21:19.321357
241140,133,2017-02-23,15.6,0.8,13.8,,17.4,14:41,33,3.3,8.3,14:40,80,92,,68,14:50,2025-05-06 19:21:19.413190,2025-05-06 19:21:19.413190
241157,133,2017-02-24,15.3,0.4,13.5,06:17,17.1,15:36,35,2.5,7.2,18:30,79,90,10:20,67,15:00,2025-05-06 19:21:19.500839,2025-05-06 19:21:19.500839
241174,133,2017-02-25,15.7,0.4,13.9,02:19,17.5,13:26,31,3.1,9.2,05:40,70,87,23:59,60,10:30,2025-05-06 19:21:19.584122,2025-05-06 19:21:19.584122
241191,133,2017-02-26,14.8,0,13.3,,16.3,12:54,99,2.5,6.1,,69,91,04:30,62,17:50,2025-05-06 19:21:19.665884,2025-05-06 19:21:19.665884
241208,133,2017-02-27,15.2,0,13.6,07:10,16.8,13:20,30,2.5,8.3,13:40,68,78,04:00,59,13:30,2025-05-06 19:21:19.759835,2025-05-06 19:21:19.759835
241225,133,2017-02-28,15.4,0,14,,16.9,13:11,6,2.2,6.9,13:30,70,84,,63,13:30,2025-05-06 19:21:19.836659,2025-05-06 19:21:19.836659
241241,133,2017-03-01,16.1,0,13.9,04:43,18.3,14:17,6,1.4,6.1,01:30,76,87,21:00,69,,2025-05-06 19:21:19.917486,2025-05-06 19:21:19.917486
241257,133,2017-03-02,15.6,0.8,14.2,23:38,16.9,12:11,33,4.7,15,16:50,83,89,19:30,76,22:10,2025-05-06 19:21:20.008143,2025-05-06 19:21:20.008143
241274,133,2017-03-03,15.2,0,13.4,02:13,17.1,15:07,30,4.7,12.5,04:50,74,94,02:10,61,22:00,2025-05-06 19:21:20.107431,2025-05-06 19:21:20.107431
241291,133,2017-03-04,15.2,0.8,13,03:15,17.4,15:12,28,4.7,11.4,16:50,68,91,23:59,59,11:30,2025-05-06 19:21:20.200725,2025-05-06 19:21:20.200725
241308,133,2017-03-05,15.9,0.2,14.7,06:04,17.1,13:28,34,3.3,8.3,00:10,87,94,04:10,77,14:00,2025-05-06 19:21:20.289182,2025-05-06 19:21:20.289182
241325,133,2017-03-06,16.6,0,15,05:28,18.1,14:23,34,1.9,5.8,03:00,85,92,,77,14:50,2025-05-06 19:21:20.384906,2025-05-06 19:21:20.384906
241342,133,2017-03-07,17,0,13.5,07:06,20.5,14:32,30,1.7,5,01:50,81,96,23:00,71,14:30,2025-05-06 19:21:20.474156,2025-05-06 19:21:20.474156
241358,133,2017-03-08,20,0,12.2,06:17,27.9,15:02,11,2.5,9.4,13:30,49,94,00:00,21,10:40,2025-05-06 19:21:20.556888,2025-05-06 19:21:20.556888
241375,133,2017-03-09,23.6,0,17.6,00:01,29.5,16:47,14,2.2,7.8,10:10,24,44,00:00,21,22:20,2025-05-06 19:21:20.644779,2025-05-06 19:21:20.644779
241392,133,2017-03-10,25.8,0,21.3,00:08,30.3,16:11,13,2.8,8.6,10:40,24,36,19:50,15,08:30,2025-05-06 19:21:20.735794,2025-05-06 19:21:20.735794
241409,133,2017-03-11,23.6,0,18.5,23:57,28.7,13:21,14,2.8,9.4,11:10,18,57,22:30,14,17:00,2025-05-06 19:21:20.824967,2025-05-06 19:21:20.824967
241426,133,2017-03-12,18.2,0,15.3,22:51,21.2,11:34,11,3.3,7.8,06:10,77,84,19:30,40,01:40,2025-05-06 19:21:20.921491,2025-05-06 19:21:20.921491
241443,133,2017-03-13,16.2,0,14.6,23:36,17.8,14:36,33,3.9,8.9,15:40,74,85,04:00,66,14:40,2025-05-06 19:21:21.030287,2025-05-06 19:21:21.030287
241460,133,2017-03-14,15.8,0,14.1,07:16,17.4,15:02,33,4.4,11.1,06:50,61,79,22:30,51,10:40,2025-05-06 19:21:21.130212,2025-05-06 19:21:21.130212
241477,133,2017-03-15,15,0,12.2,07:05,17.8,13:54,33,3.9,12.2,15:50,67,76,23:59,58,12:50,2025-05-06 19:21:21.221047,2025-05-06 19:21:21.221047
241494,133,2017-03-16,16.7,3.6,14.3,,19.1,13:52,29,3.9,10,12:40,69,88,22:20,53,14:10,2025-05-06 19:21:21.305071,2025-05-06 19:21:21.305071
241511,133,2017-03-17,15.4,2.2,13.2,,17.6,16:05,31,4.2,11.1,15:30,74,92,05:10,60,16:00,2025-05-06 19:21:21.396309,2025-05-06 19:21:21.396309
241528,133,2017-03-18,14.8,0.8,11.4,07:06,18.3,11:31,9,2.5,7.2,10:50,71,83,00:00,60,15:50,2025-05-06 19:21:21.492086,2025-05-06 19:21:21.492086
241544,133,2017-03-19,14.6,10.6,12.5,06:44,16.8,14:02,32,2.2,8.6,15:50,84,92,19:00,70,09:30,2025-05-06 19:21:21.570488,2025-05-06 19:21:21.570488
241560,133,2017-03-20,16,0,14.4,04:43,17.7,11:10,32,4.4,10.8,18:30,78,91,00:40,67,11:20,2025-05-06 19:21:21.648021,2025-05-06 19:21:21.648021
241577,133,2017-03-21,15.4,0,13.3,05:34,17.5,14:28,34,3.3,8.6,14:50,74,80,05:30,65,15:00,2025-05-06 19:21:21.731224,2025-05-06 19:21:21.731224
241594,133,2017-03-22,15.6,0.2,14.1,23:55,17,13:30,99,2.8,8.6,16:40,65,87,23:50,55,12:00,2025-05-06 19:21:21.811553,2025-05-06 19:21:21.811553
241610,133,2017-03-23,14.6,1.2,13,22:56,16.1,10:57,33,3.6,11.7,14:50,67,89,14:20,56,09:00,2025-05-06 19:21:21.890735,2025-05-06 19:21:21.890735
241626,133,2017-03-24,14.2,1.4,12.4,05:23,16.1,16:14,32,3.3,9.2,15:50,67,86,14:20,57,,2025-05-06 19:21:21.969354,2025-05-06 19:21:21.969354
241643,133,2017-03-25,13.6,0.2,10.9,07:32,16.3,15:53,6,1.9,5.3,,74,91,03:10,60,14:40,2025-05-06 19:21:22.038958,2025-05-06 19:21:22.038958
241660,133,2017-03-26,14.1,0,10.1,05:19,18.1,13:10,29,2.5,8.6,11:10,67,82,06:10,52,13:30,2025-05-06 19:21:22.112794,2025-05-06 19:21:22.112794
241677,133,2017-03-27,15.8,0,12.3,06:56,19.2,12:01,0,1.7,,,73,85,,63,10:40,2025-05-06 19:21:22.201280,2025-05-06 19:21:22.201280
241694,133,2017-03-28,15.2,0,11.2,07:04,19.2,14:10,99,1.7,5.3,,72,85,,50,13:50,2025-05-06 19:21:22.288178,2025-05-06 19:21:22.288178
241711,133,2017-03-29,16.2,0,11.7,06:57,20.6,15:01,32,2.5,7.2,18:50,73,84,,59,03:40,2025-05-06 19:21:22.402267,2025-05-06 19:21:22.402267
241727,133,2017-03-30,16.5,0,12.7,05:13,20.3,16:22,33,2.5,8.1,17:10,61,88,,45,20:10,2025-05-06 19:21:22.525165,2025-05-06 19:21:22.525165
241744,133,2017-03-31,18,0,14.2,,21.8,15:57,30,2.2,5.8,02:00,76,88,07:20,52,00:00,2025-05-06 19:21:22.664408,2025-05-06 19:21:22.664408
241761,133,2017-04-01,19.4,0,15.4,06:55,23.3,17:31,8,1.7,8.1,13:50,68,89,07:40,45,01:50,2025-05-06 19:21:22.782203,2025-05-06 19:21:22.782203
241778,133,2017-04-02,18.4,0,15.2,06:57,21.5,11:57,31,2.5,9.4,21:50,81,92,23:40,61,01:50,2025-05-06 19:21:22.878918,2025-05-06 19:21:22.878918
241795,133,2017-04-03,17.6,0,14.9,23:38,20.3,13:09,30,3.3,7.8,00:50,78,92,,64,13:10,2025-05-06 19:21:22.969256,2025-05-06 19:21:22.969256
241812,133,2017-04-04,16.9,0,13.9,02:40,19.9,13:17,32,3.6,8.6,16:20,75,87,,65,,2025-05-06 19:21:23.058626,2025-05-06 19:21:23.058626
241829,133,2017-04-05,17.4,0,14.5,06:56,20.4,15:12,29,3.9,9.4,12:50,74,89,02:40,59,14:10,2025-05-06 19:21:23.146818,2025-05-06 19:21:23.146818
241846,133,2017-04-06,16.6,0,14.1,06:30,19.1,14:44,30,5.8,12.5,13:50,70,84,23:10,61,14:20,2025-05-06 19:21:23.237203,2025-05-06 19:21:23.237203
241863,133,2017-04-07,16.4,0,14.2,05:59,18.7,12:15,32,5.3,11.1,14:20,71,84,01:10,60,13:00,2025-05-06 19:21:23.325077,2025-05-06 19:21:23.325077
241880,133,2017-04-08,17,0,14.5,04:40,19.4,13:29,32,3.9,10,15:30,71,83,,59,12:00,2025-05-06 19:21:23.392988,2025-05-06 19:21:23.392988
241897,133,2017-04-09,16.6,0,13.1,06:59,20,13:19,31,2.5,9.7,12:10,70,85,00:30,56,13:20,2025-05-06 19:21:23.454894,2025-05-06 19:21:23.454894
241914,133,2017-04-10,16.4,0,14.4,06:38,18.4,14:55,12,2.2,5.8,12:50,81,87,22:30,70,00:50,2025-05-06 19:21:23.520931,2025-05-06 19:21:23.520931
241931,133,2017-04-11,17.6,0,14.4,03:35,20.9,11:07,12,2.2,8.1,13:50,64,85,00:00,52,16:50,2025-05-06 19:21:23.572902,2025-05-06 19:21:23.572902
241948,133,2017-04-12,18.2,0,14.1,06:53,22.2,14:11,6,1.7,5.3,13:40,66,91,03:00,41,16:00,2025-05-06 19:21:23.624742,2025-05-06 19:21:23.624742
241965,133,2017-04-13,17.6,0,14.1,03:57,21.2,11:33,8,1.4,6.7,13:30,76,91,05:50,45,10:50,2025-05-06 19:21:23.706427,2025-05-06 19:21:23.706427
241981,133,2017-04-14,18.2,0,14.9,04:09,21.4,13:36,10,2.2,5.8,12:00,63,89,23:30,51,,2025-05-06 19:21:23.804123,2025-05-06 19:21:23.804123
241997,133,2017-04-15,19.6,0,15,05:18,24.2,16:49,12,2.5,8.9,13:10,65,93,,27,17:40,2025-05-06 19:21:23.895409,2025-05-06 19:21:23.895409
242014,133,2017-04-16,24.4,0,18.7,00:01,30.2,15:11,16,3.6,12.2,11:40,20,72,00:00,13,13:00,2025-05-06 19:21:23.963648,2025-05-06 19:21:23.963648
242031,133,2017-04-17,27.1,0,20.1,24:00,34.1,13:51,33,3.1,8.6,19:40,19,59,23:40,10,13:00,2025-05-06 19:21:24.033129,2025-05-06 19:21:24.033129
242048,133,2017-04-18,20.6,0,16.9,23:59,24.2,13:30,99,2.5,6.7,,59,86,,28,06:50,2025-05-06 19:21:24.107938,2025-05-06 19:21:24.107938
242065,133,2017-04-19,18.4,0,16.7,05:10,20.2,10:17,31,3.1,8.3,18:50,75,85,,66,09:50,2025-05-06 19:21:24.198827,2025-05-06 19:21:24.198827
242082,133,2017-04-20,18.8,0,16.9,,20.8,13:33,32,4.4,12.2,10:50,68,84,00:00,52,12:50,2025-05-06 19:21:24.289853,2025-05-06 19:21:24.289853
242099,133,2017-04-21,18.4,0,15.9,05:03,20.8,13:21,33,4.7,10.8,17:00,69,82,22:30,54,12:40,2025-05-06 19:21:24.358532,2025-05-06 19:21:24.358532
242116,133,2017-04-22,18.4,0,16,03:21,20.8,13:28,99,4.2,8.3,,70,82,03:20,55,13:30,2025-05-06 19:21:24.417598,2025-05-06 19:21:24.417598
242133,133,2017-04-23,18.4,0.2,16,06:38,20.7,13:40,34,4.2,11.1,18:50,71,89,08:00,56,16:30,2025-05-06 19:21:24.491319,2025-05-06 19:21:24.491319
242150,133,2017-04-24,19,0.2,16.2,03:34,21.8,15:11,31,2.8,6.9,00:50,73,88,06:00,59,15:30,2025-05-06 19:21:24.574362,2025-05-06 19:21:24.574362
242166,133,2017-04-25,17.6,0,13.9,06:22,21.3,14:33,12,1.9,8.1,15:30,70,86,04:40,63,,2025-05-06 19:21:24.649711,2025-05-06 19:21:24.649711
242182,133,2017-04-26,19.6,0,15.8,06:32,23.3,14:02,36,1.7,6.4,13:40,78,90,04:30,62,11:10,2025-05-06 19:21:24.728604,2025-05-06 19:21:24.728604
242198,133,2017-04-27,21.9,0,17.4,06:16,26.4,11:52,30,2.2,8.6,11:30,65,85,00:10,40,11:50,2025-05-06 19:21:24.821159,2025-05-06 19:21:24.821159
242215,133,2017-04-28,21,0,17.9,,24.1,12:21,7,2.2,7.2,13:30,73,89,,54,12:50,2025-05-06 19:21:24.907093,2025-05-06 19:21:24.907093
242232,133,2017-04-29,19.6,32.6,16.8,04:04,22.5,12:03,11,1.7,6.4,10:20,85,93,,72,08:40,2025-05-06 19:21:24.991863,2025-05-06 19:21:24.991863
242249,133,2017-04-30,18.4,0,15.9,23:55,20.8,13:37,32,3.1,8.6,17:50,72,92,00:00,60,,2025-05-06 19:21:25.095087,2025-05-06 19:21:25.095087
242266,133,2017-05-01,18.2,0,15.7,00:57,20.7,16:14,33,2.2,6.9,16:20,79,87,13:00,58,11:20,2025-05-06 19:21:25.204982,2025-05-06 19:21:25.204982
242283,133,2017-05-02,18.8,0,16.6,05:25,20.9,12:19,32,3.1,7.8,17:20,70,87,02:40,57,12:20,2025-05-06 19:21:25.305705,2025-05-06 19:21:25.305705
242300,133,2017-05-03,18.8,0,15.7,05:56,21.8,14:47,29,2.5,7.5,14:20,69,82,23:10,56,14:40,2025-05-06 19:21:25.410553,2025-05-06 19:21:25.410553
242317,133,2017-05-04,18.2,0,14.4,05:54,22.1,10:58,9,1.7,6.7,11:30,74,88,18:10,52,11:30,2025-05-06 19:21:25.507217,2025-05-06 19:21:25.507217
242334,133,2017-05-05,18,0,16.3,00:32,19.8,11:00,32,1.4,7.8,11:50,78,85,,66,11:20,2025-05-06 19:21:25.608885,2025-05-06 19:21:25.608885
242351,133,2017-05-06,17.4,0,14.2,06:09,20.7,09:55,9,1.9,6.7,09:50,71,81,22:40,61,16:30,2025-05-06 19:21:25.689967,2025-05-06 19:21:25.689967
242368,133,2017-05-07,18.6,0,14.3,06:16,22.8,14:30,9,2.2,5.8,11:30,66,83,,53,15:10,2025-05-06 19:21:25.774183,2025-05-06 19:21:25.774183
242385,133,2017-05-08,19.2,0,15.2,06:28,23.2,13:47,32,1.7,6.1,23:20,68,89,23:10,51,12:50,2025-05-06 19:21:25.846004,2025-05-06 19:21:25.846004
242402,133,2017-05-09,20.6,0,17.6,01:06,23.7,12:58,32,2.2,6.1,04:50,72,88,23:59,60,13:10,2025-05-06 19:21:25.914386,2025-05-06 19:21:25.914386
242419,133,2017-05-10,20.3,0,17.4,23:33,23.2,13:35,12,1.9,6.4,14:20,74,89,,56,11:30,2025-05-06 19:21:25.985391,2025-05-06 19:21:25.985391
242435,133,2017-05-11,19.8,3,16.1,06:10,23.4,12:16,35,3.3,9.2,11:50,68,89,21:40,49,13:00,2025-05-06 19:21:26.066011,2025-05-06 19:21:26.066011
242451,133,2017-05-12,18.2,0.2,16,05:58,20.4,09:27,33,2.8,9.2,18:50,82,89,02:50,72,11:10,2025-05-06 19:21:26.136207,2025-05-06 19:21:26.136207
242467,133,2017-05-13,19.4,0,16.7,05:52,22.1,14:43,34,3.3,8.6,17:50,69,84,04:40,53,14:20,2025-05-06 19:21:26.195503,2025-05-06 19:21:26.195503
242483,133,2017-05-14,19.7,0,16.4,05:56,23,15:17,33,2.2,7.2,17:20,73,84,22:20,50,15:20,2025-05-06 19:21:26.254822,2025-05-06 19:21:26.254822
242499,133,2017-05-15,20,0,16.4,06:17,23.7,12:59,32,2.8,8.3,18:10,72,86,21:30,58,13:00,2025-05-06 19:21:26.320027,2025-05-06 19:21:26.320027
242516,133,2017-05-16,20.4,0,17.1,05:03,23.6,13:57,32,4.2,10.3,11:20,68,87,23:20,52,,2025-05-06 19:21:26.393792,2025-05-06 19:21:26.393792
242533,133,2017-05-17,20.3,0,18.1,02:06,22.5,14:39,31,6.1,12.5,05:50,76,89,23:00,67,13:50,2025-05-06 19:21:26.476623,2025-05-06 19:21:26.476623
242550,133,2017-05-18,20.2,0,17.9,,22.4,13:05,32,4.4,10.8,20:50,78,89,,66,13:10,2025-05-06 19:21:26.557741,2025-05-06 19:21:26.557741
242567,133,2017-05-19,18.8,0,17.3,05:22,20.4,11:22,33,5,10,09:50,77,86,,69,12:10,2025-05-06 19:21:26.630109,2025-05-06 19:21:26.630109
242584,133,2017-05-20,19.9,0,17.8,,22,12:40,32,5.8,11.9,15:50,74,83,06:30,65,12:30,2025-05-06 19:21:26.710365,2025-05-06 19:21:26.710365
242601,133,2017-05-21,18.8,0,17.2,,20.3,12:27,30,5.3,12.5,17:50,74,84,02:40,67,11:50,2025-05-06 19:21:26.790827,2025-05-06 19:21:26.790827
242617,133,2017-05-22,19.2,0,17.1,,21.2,13:51,32,4.2,10.6,14:50,72,84,10:10,60,15:00,2025-05-06 19:21:26.873146,2025-05-06 19:21:26.873146
242633,133,2017-05-23,19.5,0,17.1,03:11,21.9,14:28,34,4.7,9.7,15:00,67,81,,51,14:00,2025-05-06 19:21:26.951784,2025-05-06 19:21:26.951784
242649,133,2017-05-24,19.3,0,17.2,03:56,21.4,15:22,34,4.7,11.7,14:20,69,81,04:00,53,11:10,2025-05-06 19:21:27.031165,2025-05-06 19:21:27.031165
242665,133,2017-05-25,19.7,0,17.5,,21.9,13:08,31,4.7,13.1,15:50,65,82,23:59,56,13:10,2025-05-06 19:21:27.108694,2025-05-06 19:21:27.108694
242681,133,2017-05-26,21,0,17.3,05:41,24.6,15:48,34,3.3,8.3,12:20,70,87,05:30,45,15:30,2025-05-06 19:21:27.178451,2025-05-06 19:21:27.178451
242697,133,2017-05-27,18.8,0.2,16.2,06:08,21.5,10:58,32,1.1,5.8,21:40,79,92,08:40,69,16:40,2025-05-06 19:21:27.253781,2025-05-06 19:21:27.253781
242713,133,2017-05-28,19.4,0.2,15.6,05:33,23.1,12:33,34,3.9,11.1,16:50,70,84,,58,14:10,2025-05-06 19:21:27.321688,2025-05-06 19:21:27.321688
242729,133,2017-05-29,20,0.8,18,08:43,21.9,14:23,31,4.7,11.4,11:50,75,95,07:50,61,14:20,2025-05-06 19:21:27.389676,2025-05-06 19:21:27.389676
242745,133,2017-05-30,19.8,0,17.9,03:30,21.8,13:37,31,4.7,10.6,21:30,72,85,03:40,63,14:30,2025-05-06 19:21:27.450670,2025-05-06 19:21:27.450670
242762,133,2017-05-31,19.6,0.2,17.5,07:18,21.7,13:14,32,5.6,10.8,07:00,75,90,07:20,62,13:10,2025-05-06 19:21:27.512740,2025-05-06 19:21:27.512740
242779,133,2017-06-01,20,0,18.1,,22,10:31,34,6.1,12.2,13:50,76,86,01:30,57,10:10,2025-05-06 19:21:27.592263,2025-05-06 19:21:27.592263
242796,133,2017-06-02,19.6,0,17.6,06:17,21.7,14:43,34,5.3,12.8,15:50,69,84,00:00,60,12:40,2025-05-06 19:21:27.674086,2025-05-06 19:21:27.674086
242813,133,2017-06-03,20,0,17.8,05:04,22.1,13:53,34,5.3,10.8,14:10,74,87,23:00,66,,2025-05-06 19:21:27.754727,2025-05-06 19:21:27.754727
242830,133,2017-06-04,19.2,0,17.6,23:29,20.8,12:55,33,5,11.1,11:30,72,85,04:00,60,14:00,2025-05-06 19:21:27.820395,2025-05-06 19:21:27.820395
242847,133,2017-06-05,19.2,0,17.3,,21,12:48,34,4.7,9.7,13:20,71,77,23:59,64,12:40,2025-05-06 19:21:27.888207,2025-05-06 19:21:27.888207
242864,133,2017-06-06,19.3,0,17.2,02:37,21.4,15:44,30,4.4,9.4,13:50,73,87,23:50,66,13:00,2025-05-06 19:21:27.944165,2025-05-06 19:21:27.944165
242881,133,2017-06-07,19.6,0,17.5,03:21,21.7,13:23,30,5.6,12.5,17:50,71,90,03:20,62,12:30,2025-05-06 19:21:28.006552,2025-05-06 19:21:28.006552
242898,133,2017-06-08,19.8,0,17.6,05:32,21.9,13:27,29,6.4,12.8,09:20,70,81,23:59,62,13:30,2025-05-06 19:21:28.093845,2025-05-06 19:21:28.093845
242915,133,2017-06-09,20.2,0,16.9,06:13,23.5,10:48,35,3.9,9.2,13:10,72,84,,51,10:20,2025-05-06 19:21:28.183773,2025-05-06 19:21:28.183773
242932,133,2017-06-10,19.6,0,16.4,03:28,22.7,14:51,32,5.8,11.9,11:40,74,88,04:30,64,15:10,2025-05-06 19:21:28.264680,2025-05-06 19:21:28.264680
242949,133,2017-06-11,19.9,0,17.7,04:40,22.1,13:16,34,6.4,12.8,14:10,73,85,,63,12:20,2025-05-06 19:21:28.345947,2025-05-06 19:21:28.345947
242966,133,2017-06-12,20.8,0,18.5,03:59,23,14:08,33,6.7,14.7,12:40,71,86,23:50,58,13:50,2025-05-06 19:21:28.427016,2025-05-06 19:21:28.427016
242983,133,2017-06-13,20.2,0,18.3,,22.2,12:48,32,4.4,11.4,02:50,69,87,02:00,60,11:50,2025-05-06 19:21:28.509167,2025-05-06 19:21:28.509167
243000,133,2017-06-14,19.7,0,17.7,23:37,21.7,15:54,33,4.4,9.7,10:20,76,88,23:30,60,11:20,2025-05-06 19:21:28.579327,2025-05-06 19:21:28.579327
243017,133,2017-06-15,19.1,0.2,17.5,01:19,20.7,11:36,33,4.4,10.3,20:50,83,92,01:00,77,13:00,2025-05-06 19:21:28.658987,2025-05-06 19:21:28.658987
243034,133,2017-06-16,20.8,0,18.3,02:13,23.4,13:33,32,3.9,8.9,12:00,69,90,23:20,53,13:10,2025-05-06 19:21:28.741205,2025-05-06 19:21:28.741205
243051,133,2017-06-17,20.6,0,17.2,06:20,24.1,12:47,32,3.3,8.9,12:50,67,90,05:40,54,12:50,2025-05-06 19:21:28.825726,2025-05-06 19:21:28.825726
243068,133,2017-06-18,20.3,0,17.2,05:31,23.4,16:07,31,1.9,5.8,18:20,76,88,06:00,60,10:10,2025-05-06 19:21:28.914892,2025-05-06 19:21:28.914892
243085,133,2017-06-19,21.5,0,17.8,06:12,25.2,12:58,32,2.2,7.8,17:10,64,84,,50,13:00,2025-05-06 19:21:28.995845,2025-05-06 19:21:28.995845
243102,133,2017-06-20,20.7,0,17.9,05:56,23.5,14:13,32,4.2,10.3,11:50,70,82,06:50,58,15:00,2025-05-06 19:21:29.080801,2025-05-06 19:21:29.080801
243118,133,2017-06-21,21.4,0,18.9,02:36,24,15:23,35,2.8,6.7,11:50,72,,,,,2025-05-06 19:21:29.166948,2025-05-06 19:21:29.166948
243135,133,2017-06-22,22.8,0,19.3,,26.3,15:31,29,3.1,8.6,17:50,77,88,21:10,63,13:30,2025-05-06 19:21:29.240947,2025-05-06 19:21:29.240947
243152,133,2017-06-23,28.3,0,21.3,,35.3,13:12,0,2.2,,,36,87,,16,06:10,2025-05-06 19:21:29.352807,2025-05-06 19:21:29.352807
243169,133,2017-06-24,23.7,0,20,02:36,27.4,13:14,30,5,11.4,13:50,63,92,,48,15:10,2025-05-06 19:21:29.432622,2025-05-06 19:21:29.432622
243186,133,2017-06-25,23.2,0,20.2,06:13,26.1,16:59,31,3.9,9.7,04:50,80,93,06:00,54,01:10,2025-05-06 19:21:29.505732,2025-05-06 19:21:29.505732
243203,133,2017-06-26,23,0,20.1,06:21,25.9,14:47,32,3.6,8.6,17:00,75,90,00:00,57,22:10,2025-05-06 19:21:29.585311,2025-05-06 19:21:29.585311
243220,133,2017-06-27,22.5,0,19.6,23:54,25.4,08:25,13,2.5,7.5,03:30,62,88,23:40,41,08:10,2025-05-06 19:21:29.654790,2025-05-06 19:21:29.654790
243237,133,2017-06-28,21.8,0,19.3,01:34,24.4,15:13,32,3.6,8.3,15:50,73,88,00:50,64,14:50,2025-05-06 19:21:29.729255,2025-05-06 19:21:29.729255
243254,133,2017-06-29,21,0.4,19,03:45,23.1,11:49,33,4.7,12.2,18:50,82,93,13:00,68,11:50,2025-05-06 19:21:29.827016,2025-05-06 19:21:29.827016
243271,133,2017-06-30,20.6,0,18.7,,22.5,13:47,34,5.8,13.1,17:50,68,80,00:00,58,10:40,2025-05-06 19:21:29.934308,2025-05-06 19:21:29.934308
243288,133,2017-07-01,20.4,0,18.3,,22.4,12:48,32,4.7,11.9,15:50,66,79,,56,12:50,2025-05-06 19:21:30.049457,2025-05-06 19:21:30.049457
243305,133,2017-07-02,20,0,17.6,06:23,22.4,14:55,32,5,11.4,17:20,70,82,06:30,60,14:20,2025-05-06 19:21:30.155760,2025-05-06 19:21:30.155760
243322,133,2017-07-03,20.9,0,18.2,00:23,23.6,15:32,28,4.7,10.6,21:50,71,86,22:30,62,14:20,2025-05-06 19:21:30.242864,2025-05-06 19:21:30.242864
243338,133,2017-12-31,17.4,0,14.3,08:03,20.4,15:08,28,1.4,4.7,09:20,75,87,20:20,57,15:00,2025-05-07 08:24:27.452231,2025-05-07 08:24:27.452231
243355,133,2018-01-01,16.5,0,14.2,01:15,18.8,12:30,34,1.9,7.2,16:50,84,91,,73,11:50,2025-05-07 08:24:27.550042,2025-05-07 08:24:27.550042
243372,133,2018-01-02,18,0,14.4,07:52,21.6,14:53,10,1.4,5,11:30,78,92,,38,23:59,2025-05-07 08:24:27.634424,2025-05-07 08:24:27.634424
243389,133,2018-01-03,17.6,0,13.3,08:07,21.9,13:26,99,1.1,4.7,,73,91,08:40,29,23:59,2025-05-07 08:24:27.716525,2025-05-07 08:24:27.716525
243406,133,2018-01-04,15.9,0,12.9,,18.9,13:27,20,1.4,5,00:10,83,91,,20,01:40,2025-05-07 08:24:27.783628,2025-05-07 08:24:27.783628
243423,133,2018-01-05,14.9,2.2,10.7,07:09,19.1,13:11,30,1.9,10.8,23:10,78,96,07:40,55,09:00,2025-05-07 08:24:27.848552,2025-05-07 08:24:27.848552
243440,133,2018-01-06,14.7,8.2,12.9,20:36,16.5,01:38,32,6.1,16.9,21:50,85,94,22:10,68,01:00,2025-05-07 08:24:27.921784,2025-05-07 08:24:27.921784
243457,133,2018-01-07,14.4,0.4,12.6,00:14,16.2,14:33,31,5.3,16.9,00:10,66,92,00:20,62,17:00,2025-05-07 08:24:28.004681,2025-05-07 08:24:28.004681
243474,133,2018-01-08,15.4,1,13.8,00:01,17,14:12,33,3.9,13.3,03:10,83,93,09:10,70,03:10,2025-05-07 08:24:28.104358,2025-05-07 08:24:28.104358
243491,133,2018-01-09,15.8,0.4,12.9,04:35,18.6,14:34,24,1.9,5.8,09:40,84,94,23:00,78,13:40,2025-05-07 08:24:28.195285,2025-05-07 08:24:28.195285
243508,133,2018-01-10,16.6,4.8,14.4,03:39,18.8,13:37,31,2.5,7.5,07:10,88,97,07:30,76,13:30,2025-05-07 08:24:28.272157,2025-05-07 08:24:28.272157
243526,133,2018-01-11,15.5,0,13.7,23:56,17.3,12:47,6,1.7,6.4,04:40,79,97,04:50,67,14:50,2025-05-07 08:24:28.352922,2025-05-07 08:24:28.352922
243544,133,2018-01-12,15,0,12,05:43,18,12:48,99,1.9,5,,74,81,,66,11:30,2025-05-07 08:24:28.434247,2025-05-07 08:24:28.434247
243562,133,2018-01-13,15.4,8,14.2,07:42,16.6,12:11,99,1.7,5.8,,70,90,23:59,62,13:00,2025-05-07 08:24:28.523629,2025-05-07 08:24:28.523629
243580,133,2018-01-14,14.8,1.4,13.5,07:36,16,13:54,3,1.7,8.1,06:00,79,97,,65,17:50,2025-05-07 08:24:28.584661,2025-05-07 08:24:28.584661
243598,133,2018-01-15,14.6,0.4,13.3,12:56,16,10:26,32,5.6,12.8,11:00,79,95,13:10,60,20:20,2025-05-07 08:24:28.674030,2025-05-07 08:24:28.674030
243616,133,2018-01-16,14.9,0,13.7,06:17,16.1,13:41,33,5,12.8,02:20,69,81,22:20,60,02:30,2025-05-07 08:24:28.759001,2025-05-07 08:24:28.759001
243634,133,2018-01-17,15.6,4.2,14.5,06:29,16.6,13:03,34,4.2,10.8,07:50,79,92,23:59,75,11:40,2025-05-07 08:24:28.840904,2025-05-07 08:24:28.840904
243652,133,2018-01-18,15.6,,14.1,02:04,17.1,11:48,33,5.8,13.1,13:40,80,95,00:20,61,10:50,2025-05-07 08:24:28.916410,2025-05-07 08:24:28.916410
243670,133,2018-01-19,15.9,0,14.7,00:56,17.1,13:14,34,4.7,9.7,00:50,74,81,04:50,68,16:50,2025-05-07 08:24:29.003452,2025-05-07 08:24:29.003452
243688,133,2018-01-20,15.9,0,14.2,23:25,17.6,14:04,35,1.7,7.2,00:10,76,89,03:50,65,13:00,2025-05-07 08:24:29.080493,2025-05-07 08:24:29.080493
243706,133,2018-01-21,16.7,0,11.8,07:09,21.6,14:48,10,2.5,8.3,12:40,65,91,02:10,33,15:00,2025-05-07 08:24:29.148054,2025-05-07 08:24:29.148054
243724,133,2018-01-22,15,0,11,03:36,19,12:48,5,1.9,5,16:10,64,93,03:10,40,,2025-05-07 08:24:29.213614,2025-05-07 08:24:29.213614
243742,133,2018-01-23,15.6,0,13.3,06:11,17.9,15:12,8,1.4,4.4,12:40,80,85,,71,,2025-05-07 08:24:29.279328,2025-05-07 08:24:29.279328
243760,133,2018-01-24,15.6,0,13.9,06:58,17.3,14:21,8,1.4,5.6,14:50,78,85,00:20,72,12:30,2025-05-07 08:24:29.343083,2025-05-07 08:24:29.343083
243778,133,2018-01-25,15.2,0,14,23:01,16.4,14:23,34,2.2,7.2,21:20,77,83,,70,14:30,2025-05-07 08:24:29.417255,2025-05-07 08:24:29.417255
243796,133,2018-01-26,14.5,0,13,22:39,16,15:12,2,1.9,9.4,16:50,78,94,09:30,67,14:40,2025-05-07 08:24:29.488703,2025-05-07 08:24:29.488703
243814,133,2018-01-27,14,0,12.4,01:55,15.5,14:16,2,3.1,13.3,20:50,66,80,02:00,59,14:10,2025-05-07 08:24:29.566555,2025-05-07 08:24:29.566555
243832,133,2018-01-28,13.4,0,11.8,23:41,15,15:26,99,3.3,9.2,,72,87,12:00,56,16:00,2025-05-07 08:24:29.644027,2025-05-07 08:24:29.644027
243850,133,2018-01-29,12.9,0.8,11.3,03:29,14.5,14:09,34,5,13.1,10:40,72,86,06:20,58,19:50,2025-05-07 08:24:29.723228,2025-05-07 08:24:29.723228
243868,133,2018-01-30,,,,,,,0,3.3,,,74,,,,,2025-05-07 08:24:29.794553,2025-05-07 08:24:29.794553
243886,133,2018-01-31,13.4,7.8,10.7,01:15,16.1,10:43,32,5.3,14.4,19:20,81,92,14:50,66,10:10,2025-05-07 08:24:29.882256,2025-05-07 08:24:29.882256
243904,133,2018-02-01,13.1,7.2,11.3,09:35,14.9,11:18,32,4.4,13.9,09:30,78,90,15:20,69,02:20,2025-05-07 08:24:29.970455,2025-05-07 08:24:29.970455
243922,133,2018-02-02,13.2,2.8,11.5,23:29,14.9,13:13,34,3.9,12.2,15:00,78,95,09:10,71,17:50,2025-05-07 08:24:30.060825,2025-05-07 08:24:30.060825
243940,133,2018-02-03,13.3,0.2,11.8,00:01,14.8,13:21,34,4.2,11.4,16:30,71,93,00:00,63,13:20,2025-05-07 08:24:30.149584,2025-05-07 08:24:30.149584
243958,133,2018-02-04,14,4.6,12.2,02:54,15.9,14:00,32,3.3,13.6,23:50,72,92,20:00,64,08:50,2025-05-07 08:24:30.237123,2025-05-07 08:24:30.237123
243976,133,2018-02-05,13.4,2.4,11.4,07:20,15.3,12:01,33,4.7,14.7,05:40,76,97,07:40,58,11:50,2025-05-07 08:24:30.321886,2025-05-07 08:24:30.321886
243994,133,2018-02-06,13,4.4,11.4,,14.6,12:40,34,4.7,14.2,07:50,76,91,07:00,67,,2025-05-07 08:24:30.406485,2025-05-07 08:24:30.406485
244012,133,2018-02-07,13,13,10.6,23:47,15.3,12:18,32,5.3,17.2,22:10,89,95,18:20,70,12:00,2025-05-07 08:24:30.492071,2025-05-07 08:24:30.492071
244030,133,2018-02-08,11.8,0.6,9.6,06:25,13.9,13:52,32,6.7,17.8,08:40,70,91,01:30,53,14:00,2025-05-07 08:24:30.570933,2025-05-07 08:24:30.570933
244048,133,2018-02-09,13.8,1,12.1,00:01,15.4,12:16,34,4.2,10,07:00,71,93,22:20,63,06:20,2025-05-07 08:24:30.649246,2025-05-07 08:24:30.649246
244066,133,2018-02-10,14.3,3.2,12.5,02:11,16.1,15:01,36,3.6,8.3,10:20,88,93,17:20,78,10:10,2025-05-07 08:24:30.728939,2025-05-07 08:24:30.728939
244084,133,2018-02-11,14,0,12.8,06:39,15.2,13:47,35,2.8,8.3,07:50,71,83,,65,12:10,2025-05-07 08:24:30.792415,2025-05-07 08:24:30.792415
244102,133,2018-02-12,13.6,0,11.9,07:51,15.2,15:47,34,1.1,5,01:50,77,87,23:10,69,13:20,2025-05-07 08:24:30.849078,2025-05-07 08:24:30.849078
244120,133,2018-02-13,14.2,0,11.8,23:35,16.5,15:47,8,1.1,5.6,14:00,81,92,,73,10:40,2025-05-07 08:24:30.934280,2025-05-07 08:24:30.934280
244138,133,2018-02-14,14.9,0,10.5,06:14,19.3,12:35,8,2.5,7.5,16:40,61,93,02:00,31,15:30,2025-05-07 08:24:31.021969,2025-05-07 08:24:31.021969
244156,133,2018-02-15,,,,,,,21,1.1,4.4,00:30,63,,,,,2025-05-07 08:24:31.107419,2025-05-07 08:24:31.107419
244174,133,2018-02-16,17.6,0,13.7,,21.4,12:27,10,1.9,7.5,00:30,45,72,00:40,34,12:10,2025-05-07 08:24:31.197661,2025-05-07 08:24:31.197661
244192,133,2018-02-17,14.6,0,12.3,,16.9,11:48,35,2.5,7.8,15:50,82,89,07:10,56,00:00,2025-05-07 08:24:31.270828,2025-05-07 08:24:31.270828
244210,133,2018-02-18,13.8,0,11.6,06:41,16.1,14:23,32,2.2,6.1,17:50,78,88,05:20,68,12:10,2025-05-07 08:24:31.348008,2025-05-07 08:24:31.348008
244227,133,2018-02-19,14.4,0.2,11.9,01:33,16.9,14:10,34,2.2,7.2,13:50,76,88,08:00,67,13:20,2025-05-07 08:24:31.417391,2025-05-07 08:24:31.417391
244245,133,2018-02-20,14.7,2.2,12.9,02:28,16.5,11:37,36,3.6,8.3,12:50,77,90,04:30,67,14:30,2025-05-07 08:24:31.496308,2025-05-07 08:24:31.496308
244263,133,2018-02-21,14.2,0,12.2,06:17,16.2,14:25,36,3.3,8.6,02:00,79,94,06:10,67,13:50,2025-05-07 08:24:31.561914,2025-05-07 08:24:31.561914
244281,133,2018-02-22,13.7,0,11,03:53,16.4,12:09,8,1.7,5.6,10:50,74,87,00:20,68,12:10,2025-05-07 08:24:31.625740,2025-05-07 08:24:31.625740
244299,133,2018-02-23,13.2,1.6,11.3,02:57,15.2,11:51,14,3.1,10.6,14:50,75,90,20:10,62,06:40,2025-05-07 08:24:31.706486,2025-05-07 08:24:31.706486
244317,133,2018-02-24,14.6,0,10.3,03:18,19,15:09,11,1.7,5.6,13:10,72,87,,56,15:20,2025-05-07 08:24:31.773572,2025-05-07 08:24:31.773572
244335,133,2018-02-25,17.5,6.2,12.5,07:22,22.5,12:40,14,3.3,12.5,15:00,72,93,18:30,45,12:40,2025-05-07 08:24:31.844786,2025-05-07 08:24:31.844786
244353,133,2018-02-26,15.2,0,12.1,07:14,18.3,14:12,30,1.9,11.7,00:10,63,83,21:10,54,10:50,2025-05-07 08:24:31.903231,2025-05-07 08:24:31.903231
244371,133,2018-02-27,16.2,0.2,11.8,05:07,20.6,14:01,28,3.6,17.8,20:40,64,88,06:50,42,17:20,2025-05-07 08:24:31.987136,2025-05-07 08:24:31.987136
244389,133,2018-02-28,18.6,0.4,15.8,07:52,21.5,16:19,26,4.7,19.2,16:50,65,91,08:40,44,16:20,2025-05-07 08:24:32.053040,2025-05-07 08:24:32.053040
244407,133,2018-03-01,18.4,0,14.9,23:57,21.8,14:17,26,3.1,22.2,01:50,61,81,,40,04:00,2025-05-07 08:24:32.127684,2025-05-07 08:24:32.127684
244425,133,2018-03-02,17.8,0,13.9,,21.8,14:10,10,1.7,6.7,16:50,72,88,05:40,55,11:40,2025-05-07 08:24:32.192294,2025-05-07 08:24:32.192294
244443,133,2018-03-03,18.9,0.2,15.1,10:38,22.7,15:52,24,3.9,15.6,18:20,68,92,10:40,34,16:30,2025-05-07 08:24:32.266417,2025-05-07 08:24:32.266417
244461,133,2018-03-04,17,0,13.8,07:21,20.2,12:22,99,2.2,9.2,00:20,69,81,22:30,44,00:00,2025-05-07 08:24:32.354419,2025-05-07 08:24:32.354419
244479,133,2018-03-05,17.6,0,13.6,06:23,21.7,12:02,32,1.4,6.4,13:30,68,87,23:50,51,12:50,2025-05-07 08:24:32.451388,2025-05-07 08:24:32.451388
244497,133,2018-03-06,16.8,0,13.8,07:11,19.7,13:01,6,0.8,4.7,11:40,81,90,,72,10:10,2025-05-07 08:24:32.544498,2025-05-07 08:24:32.544498
244515,133,2018-03-07,17.4,0,14.3,00:12,20.5,13:08,7,1.9,5.8,13:10,73,90,00:00,63,13:00,2025-05-07 08:24:32.631135,2025-05-07 08:24:32.631135
244533,133,2018-03-08,18.4,0,14.1,07:17,22.8,14:50,10,2.8,7.8,12:50,75,88,23:00,61,14:50,2025-05-07 08:24:32.710717,2025-05-07 08:24:32.710717
244551,133,2018-03-09,19,0,15.1,07:15,22.8,13:41,14,2.5,8.1,19:50,74,91,,58,08:20,2025-05-07 08:24:32.793474,2025-05-07 08:24:32.793474
244569,133,2018-03-10,17.5,0,14.8,23:12,20.2,13:10,32,3.1,8.9,19:10,81,94,,68,,2025-05-07 08:24:32.877030,2025-05-07 08:24:32.877030
244587,133,2018-03-11,16.8,0,14.4,02:12,19.1,14:57,34,4.2,8.9,17:20,74,84,,56,13:40,2025-05-07 08:24:32.942226,2025-05-07 08:24:32.942226
244605,133,2018-03-12,16,0,12.7,06:53,19.4,,32,3.1,7.5,12:50,78,89,06:20,63,14:00,2025-05-07 08:24:33.026189,2025-05-07 08:24:33.026189
244623,133,2018-03-13,15.9,0,12.5,05:06,19.3,13:20,31,2.2,6.4,18:10,78,88,,68,12:50,2025-05-07 08:24:33.094535,2025-05-07 08:24:33.094535
244641,133,2018-03-14,16.2,0,12.2,06:33,20.1,14:47,33,2.2,6.9,10:50,77,90,,63,14:50,2025-05-07 08:24:33.182425,2025-05-07 08:24:33.182425
244659,133,2018-03-15,16.8,0.8,13,05:34,20.5,10:34,32,3.6,11.4,14:50,83,96,15:20,62,10:40,2025-05-07 08:24:33.271397,2025-05-07 08:24:33.271397
244677,133,2018-03-16,14.9,1.4,13,23:58,16.8,11:57,31,5.6,12.2,07:10,74,91,07:10,62,16:50,2025-05-07 08:24:33.363925,2025-05-07 08:24:33.363925
244695,133,2018-03-17,14.3,0,11,07:22,17.6,15:38,32,3.9,11.4,16:50,66,75,07:40,57,16:20,2025-05-07 08:24:33.458724,2025-05-07 08:24:33.458724
244713,133,2018-03-18,17,0,14,07:43,20.1,11:41,30,5,10.3,12:00,75,92,22:40,56,11:50,2025-05-07 08:24:33.545977,2025-05-07 08:24:33.545977
244731,133,2018-03-19,16.7,0,14.8,06:40,18.6,13:00,34,4.4,11.1,12:50,80,92,,67,12:20,2025-05-07 08:24:33.640889,2025-05-07 08:24:33.640889
244749,133,2018-03-20,16.6,0,14.9,23:31,18.4,12:16,33,5.6,12.8,09:50,77,90,05:10,57,12:20,2025-05-07 08:24:33.737973,2025-05-07 08:24:33.737973
244767,133,2018-03-21,15.2,0,13.9,,16.6,13:02,36,3.6,9.7,13:30,64,76,03:00,58,11:20,2025-05-07 08:24:33.832967,2025-05-07 08:24:33.832967
244785,133,2018-03-22,15.1,0,13.2,07:04,17,15:43,35,3.3,9.2,11:50,65,77,23:20,57,14:10,2025-05-07 08:24:33.936477,2025-05-07 08:24:33.936477
244803,133,2018-03-23,15.3,0,13,06:05,17.6,14:54,26,3.3,9.7,15:50,70,80,22:00,59,14:10,2025-05-07 08:24:34.030943,2025-05-07 08:24:34.030943
244821,133,2018-03-24,17.2,0.2,14.8,04:33,19.6,14:25,2,3.1,10.6,14:30,76,93,17:10,57,,2025-05-07 08:24:34.104797,2025-05-07 08:24:34.104797
244839,133,2018-03-25,15.3,0.4,14.2,03:53,16.4,16:44,35,4.7,10.6,19:50,78,92,23:59,70,09:50,2025-05-07 08:24:34.176502,2025-05-07 08:24:34.176502
244856,133,2018-03-26,15.7,0,14.1,23:39,17.3,13:25,34,4.2,10.3,11:50,74,94,01:50,65,12:20,2025-05-07 08:24:34.252819,2025-05-07 08:24:34.252819
244874,133,2018-03-27,16.3,0,13.9,03:36,18.7,13:06,32,2.5,8.1,02:10,79,91,20:00,66,23:59,2025-05-07 08:24:34.317265,2025-05-07 08:24:34.317265
244892,133,2018-03-28,20.6,0,16.5,00:36,24.8,18:47,9,2.5,6.9,11:50,42,76,01:40,17,18:50,2025-05-07 08:24:34.376680,2025-05-07 08:24:34.376680
244910,133,2018-03-29,18.9,0,15.1,23:23,22.7,04:00,31,1.9,6.9,20:50,73,89,20:10,19,03:50,2025-05-07 08:24:34.463125,2025-05-07 08:24:34.463125
244928,133,2018-03-30,15.6,0,13.8,21:31,17.5,12:43,4,3.1,7.8,14:10,72,87,00:10,62,12:50,2025-05-07 08:24:34.552450,2025-05-07 08:24:34.552450
244946,133,2018-03-31,16.1,0,13.7,05:32,18.5,13:44,6,1.9,6.7,10:40,70,83,20:50,62,11:10,2025-05-07 08:24:34.643008,2025-05-07 08:24:34.643008
244963,133,2018-04-01,15.1,0,12.7,07:20,17.5,11:48,3,0.8,4.4,12:40,76,87,23:59,70,11:20,2025-05-07 08:24:34.727401,2025-05-07 08:24:34.727401
244980,133,2018-04-02,16.4,0,12.6,02:57,20.2,12:55,28,3.6,10,13:30,71,88,,56,16:30,2025-05-07 08:24:34.808565,2025-05-07 08:24:34.808565
244997,133,2018-04-03,17,0,14.1,05:40,19.8,12:29,35,3.6,9.2,16:20,74,89,,61,12:40,2025-05-07 08:24:34.889595,2025-05-07 08:24:34.889595
245014,133,2018-04-04,16,0,14.2,07:05,17.8,15:51,33,2.5,8.6,15:50,74,87,00:20,63,16:30,2025-05-07 08:24:34.977607,2025-05-07 08:24:34.977607
245031,133,2018-04-05,16.6,0,14.7,00:04,18.6,14:04,34,3.9,9.4,15:50,67,77,,60,15:10,2025-05-07 08:24:35.061227,2025-05-07 08:24:35.061227
245048,133,2018-04-06,17.3,1.8,14.2,03:48,20.4,15:06,31,3.1,12.2,21:10,63,93,22:20,53,15:10,2025-05-07 08:24:35.145754,2025-05-07 08:24:35.145754
245065,133,2018-04-07,15.9,0,14.1,00:34,17.7,13:20,34,4.4,10.6,12:10,68,92,00:20,61,14:20,2025-05-07 08:24:35.218645,2025-05-07 08:24:35.218645
245082,133,2018-04-08,16,1.6,14,06:59,18.1,15:03,99,4.4,10.8,,76,89,21:20,64,10:50,2025-05-07 08:24:35.303812,2025-05-07 08:24:35.303812
245099,133,2018-04-09,15.2,1.2,13.4,07:55,16.9,13:18,34,6.7,15,16:00,65,94,04:20,57,13:00,2025-05-07 08:24:35.379004,2025-05-07 08:24:35.379004
245116,133,2018-04-10,15.4,0,12.9,02:36,17.8,12:24,32,5.3,12.5,23:50,69,89,02:10,63,11:30,2025-05-07 08:24:35.453091,2025-05-07 08:24:35.453091
245133,133,2018-04-11,17.4,2.8,14.7,21:31,20,13:49,30,5.8,12.5,06:40,79,95,19:00,65,11:50,2025-05-07 08:24:35.516478,2025-05-07 08:24:35.516478
245150,133,2018-04-12,16.8,3.4,14,01:32,19.5,,30,4.7,13.6,23:20,79,96,,55,13:50,2025-05-07 08:24:35.596841,2025-05-07 08:24:35.596841
245167,133,2018-04-13,16,0,14,04:19,18.1,12:32,33,5.6,12.2,11:50,72,97,00:20,58,12:00,2025-05-07 08:24:35.679587,2025-05-07 08:24:35.679587
245184,133,2018-04-14,15.9,0,14,06:04,17.8,13:14,33,3.9,9.2,10:30,73,82,,62,14:50,2025-05-07 08:24:35.747805,2025-05-07 08:24:35.747805
245201,133,2018-04-15,16.4,0,13.6,03:08,19.1,13:24,30,3.1,7.8,12:50,74,86,,65,14:40,2025-05-07 08:24:35.800692,2025-05-07 08:24:35.800692
245218,133,2018-04-16,16.8,0,13.8,06:35,19.8,,34,2.2,6.1,22:30,75,88,21:30,64,14:00,2025-05-07 08:24:35.866817,2025-05-07 08:24:35.866817
245235,133,2018-04-17,17.5,0,13.6,06:08,21.4,12:55,29,3.1,9.4,23:40,77,90,23:59,62,12:40,2025-05-07 08:24:35.943960,2025-05-07 08:24:35.943960
245252,133,2018-04-18,17.4,0,15,05:43,19.8,13:56,29,4.7,12.2,11:40,79,91,00:30,67,16:40,2025-05-07 08:24:36.028870,2025-05-07 08:24:36.028870
245269,133,2018-04-19,17.2,1.4,14.6,23:25,19.7,10:28,32,6.1,12.8,18:50,80,95,20:10,66,10:10,2025-05-07 08:24:36.113312,2025-05-07 08:24:36.113312
245287,133,2018-04-20,15.9,0.4,13.7,06:03,18.1,14:06,33,5.8,13.9,04:50,64,87,02:40,51,13:50,2025-05-07 08:24:36.198801,2025-05-07 08:24:36.198801
245305,133,2018-04-21,16.3,0.4,12.7,06:27,19.9,13:53,28,4.4,11.7,07:40,69,87,06:20,53,14:00,2025-05-07 08:24:36.284907,2025-05-07 08:24:36.284907
245323,133,2018-04-22,17,3.6,14.7,05:42,19.4,12:53,30,5,15.8,04:50,79,93,04:00,67,13:10,2025-05-07 08:24:36.365795,2025-05-07 08:24:36.365795
245341,133,2018-04-23,15.8,4,13.3,08:36,18.3,15:28,34,4.7,13.9,22:30,84,96,08:50,66,15:30,2025-05-07 08:24:36.446759,2025-05-07 08:24:36.446759
245359,133,2018-04-24,16.6,0,14.7,03:05,18.4,12:56,30,5.6,13.3,00:50,83,94,06:20,77,12:00,2025-05-07 08:24:36.533083,2025-05-07 08:24:36.533083
245377,133,2018-04-25,16.6,0,14.8,02:38,18.4,14:07,30,5.3,11.7,11:00,75,90,03:40,66,13:00,2025-05-07 08:24:36.614177,2025-05-07 08:24:36.614177
245395,133,2018-04-26,16.5,0,14.9,19:41,18.1,12:57,32,5.3,12.5,09:50,76,92,19:30,69,13:00,2025-05-07 08:24:36.699525,2025-05-07 08:24:36.699525
245413,133,2018-04-27,16.3,0,14.5,04:36,18.1,15:06,28,5,10.8,15:50,75,86,01:20,68,16:20,2025-05-07 08:24:36.774809,2025-05-07 08:24:36.774809
245430,133,2018-04-28,16.4,0.4,14.2,04:32,18.6,15:22,32,4.7,11.9,13:50,71,92,21:30,63,15:20,2025-05-07 08:24:36.858422,2025-05-07 08:24:36.858422
245448,133,2018-04-29,16,0,13.8,04:53,18.3,12:50,32,3.1,10.8,15:50,60,83,00:00,49,11:20,2025-05-07 08:24:36.945236,2025-05-07 08:24:36.945236
245466,133,2018-04-30,16.4,0,13.9,,18.9,14:13,36,3.9,9.2,12:50,56,71,23:59,46,14:20,2025-05-07 08:24:37.040016,2025-05-07 08:24:37.040016
245484,133,2018-05-01,16.3,0,14,24:00,18.6,13:25,32,5,9.7,11:20,68,78,23:40,59,12:40,2025-05-07 08:24:37.175868,2025-05-07 08:24:37.175868
245502,133,2018-05-02,17,0.4,13.2,04:16,20.9,12:33,33,4.2,10,17:50,70,84,,52,12:30,2025-05-07 08:24:37.278487,2025-05-07 08:24:37.278487
245520,133,2018-05-03,17,1.8,15.1,22:59,18.9,10:07,30,4.4,10.3,21:50,78,89,02:30,63,09:50,2025-05-07 08:24:37.353672,2025-05-07 08:24:37.353672
245538,133,2018-05-04,17,0,14.6,05:54,19.3,14:38,34,3.6,9.4,12:30,73,91,05:50,59,13:40,2025-05-07 08:24:37.440035,2025-05-07 08:24:37.440035
245556,133,2018-05-05,16.4,0,14.1,,18.6,12:39,34,4.2,9.2,16:10,62,84,00:30,54,11:00,2025-05-07 08:24:37.524279,2025-05-07 08:24:37.524279
245574,133,2018-05-06,16.6,0.6,13.6,01:43,19.6,13:32,26,2.5,8.1,10:50,69,93,09:00,50,14:30,2025-05-07 08:24:37.601860,2025-05-07 08:24:37.601860
245592,133,2018-05-07,17.3,0,14.9,01:33,19.7,13:22,33,3.9,8.9,,71,88,03:00,51,12:50,2025-05-07 08:24:37.675819,2025-05-07 08:24:37.675819
245610,133,2018-05-08,17.2,0,15.4,04:17,19,,33,4.4,11.7,20:50,80,88,05:00,61,16:00,2025-05-07 08:24:37.737076,2025-05-07 08:24:37.737076
245628,133,2018-05-09,17.3,0,15.5,04:33,19.1,12:42,31,4.2,10,01:00,76,88,22:40,65,03:00,2025-05-07 08:24:37.810619,2025-05-07 08:24:37.810619
245646,133,2018-05-10,17,0,15.2,04:03,18.8,10:55,32,3.9,9.7,23:30,77,87,04:00,65,10:40,2025-05-07 08:24:37.884571,2025-05-07 08:24:37.884571
245664,133,2018-05-11,17,0,14.9,02:55,19,13:10,32,3.6,8.9,01:50,69,80,,60,13:10,2025-05-07 08:24:37.950078,2025-05-07 08:24:37.950078
245682,133,2018-05-12,17,0,14.9,,19,11:40,5,3.3,8.9,12:20,76,91,23:10,63,12:00,2025-05-07 08:24:38.037386,2025-05-07 08:24:38.037386
245700,133,2018-05-13,16.2,0,14,06:51,18.5,14:25,34,3.6,9.2,15:00,76,91,00:50,62,14:30,2025-05-07 08:24:38.127354,2025-05-07 08:24:38.127354
245718,133,2018-05-14,16.6,0,14.4,,18.7,14:10,34,4.2,10.8,13:50,71,84,23:20,61,14:20,2025-05-07 08:24:38.215171,2025-05-07 08:24:38.215171
245736,133,2018-05-15,16.6,0,14.4,03:33,18.8,13:42,34,4.2,10.3,17:30,77,87,20:40,66,13:40,2025-05-07 08:24:38.295236,2025-05-07 08:24:38.295236
245754,133,2018-05-16,16.9,0,15.1,03:26,18.7,11:13,34,4.7,12.2,10:40,80,91,04:10,66,11:00,2025-05-07 08:24:38.373496,2025-05-07 08:24:38.373496
245772,133,2018-05-17,17.2,0,15.2,03:54,19.1,12:02,31,5.3,10.6,12:00,71,86,03:30,62,10:40,2025-05-07 08:24:38.440571,2025-05-07 08:24:38.440571
245790,133,2018-05-18,17.5,0,14.5,01:39,20.5,13:21,36,4.2,11.7,17:50,65,86,01:50,50,13:20,2025-05-07 08:24:38.501503,2025-05-07 08:24:38.501503
245808,133,2018-05-19,17.2,0,15.2,04:02,19.2,12:23,33,4.4,9.4,18:00,74,86,04:00,57,16:20,2025-05-07 08:24:38.595876,2025-05-07 08:24:38.595876
245826,133,2018-05-20,17,0,15.2,04:26,18.8,10:49,32,4.2,10.8,01:50,73,79,22:00,57,10:50,2025-05-07 08:24:38.667818,2025-05-07 08:24:38.667818
245844,133,2018-05-21,17.6,0,15.2,02:43,20,11:55,32,4.4,10.3,13:00,67,86,,48,12:00,2025-05-07 08:24:38.742597,2025-05-07 08:24:38.742597
245862,133,2018-05-22,18.8,4,14.9,,22.6,14:59,32,4.2,10,15:20,69,95,23:20,60,,2025-05-07 08:24:38.819321,2025-05-07 08:24:38.819321
245880,133,2018-05-23,16.7,1,15.2,,18.2,10:08,29,3.3,9.7,17:20,84,95,,65,11:40,2025-05-07 08:24:38.903968,2025-05-07 08:24:38.903968
245898,133,2018-05-24,17.4,0.2,14.6,08:15,20.3,13:50,34,4.4,12.2,14:50,71,89,07:30,59,14:00,2025-05-07 08:24:38.989642,2025-05-07 08:24:38.989642
245916,133,2018-05-25,17.4,0,15,03:01,19.8,15:55,31,4.2,9.7,08:50,77,89,,62,15:20,2025-05-07 08:24:39.056374,2025-05-07 08:24:39.056374
245934,133,2018-05-26,17.6,0,15.4,06:07,19.8,12:48,29,4.4,10.8,15:30,71,87,01:40,49,15:10,2025-05-07 08:24:39.126080,2025-05-07 08:24:39.126080
245952,133,2018-05-27,17.8,0,15.2,03:37,20.5,12:59,32,4.2,10.3,18:00,64,81,03:30,46,12:30,2025-05-07 08:24:39.187525,2025-05-07 08:24:39.187525
245970,133,2018-05-28,17.4,0,15,,19.7,14:21,32,3.6,9.2,14:20,75,82,,61,10:00,2025-05-07 08:24:39.272229,2025-05-07 08:24:39.272229
245988,133,2018-05-29,17.5,1,15.1,06:03,19.9,12:18,32,3.9,8.6,14:50,73,90,03:30,54,12:20,2025-05-07 08:24:39.343667,2025-05-07 08:24:39.343667
246006,133,2018-05-30,17.3,1.8,14.9,03:41,19.7,14:33,36,3.1,7.8,16:50,83,95,09:10,70,14:30,2025-05-07 08:24:39.414803,2025-05-07 08:24:39.414803
246024,133,2018-05-31,18,0,15.7,04:58,20.3,15:19,35,3.6,9.7,13:50,77,92,03:20,61,14:30,2025-05-07 08:24:39.505813,2025-05-07 08:24:39.505813
246042,133,2018-06-01,18,0,15.9,04:58,20.1,14:04,33,2.2,8.9,15:50,71,85,23:30,62,14:30,2025-05-07 08:24:39.589728,2025-05-07 08:24:39.589728
246060,133,2018-06-02,17.1,0,15.2,05:55,19,14:04,32,4.2,8.6,17:50,74,88,04:20,59,,2025-05-07 08:24:39.675272,2025-05-07 08:24:39.675272
246078,133,2018-06-03,17.7,2.2,15.4,,20,15:48,34,3.1,7.8,00:10,75,91,23:30,61,14:40,2025-05-07 08:24:39.747229,2025-05-07 08:24:39.747229
246096,133,2018-06-04,17.4,0.4,15.6,,19.3,13:48,99,3.3,7.8,,85,96,10:00,71,15:00,2025-05-07 08:24:39.817374,2025-05-07 08:24:39.817374
246114,133,2018-06-05,17.2,0,15.3,04:16,19.2,15:16,30,3.3,7.5,17:50,81,86,08:30,73,15:20,2025-05-07 08:24:39.877811,2025-05-07 08:24:39.877811
246132,133,2018-06-06,18,0,14.9,01:47,21.2,15:01,33,2.5,8.1,14:20,78,90,06:20,66,,2025-05-07 08:24:39.945846,2025-05-07 08:24:39.945846
246150,133,2018-06-07,18.8,0.6,16.2,03:40,21.5,12:48,33,3.9,10.8,17:00,73,96,23:50,61,13:00,2025-05-07 08:24:40.023957,2025-05-07 08:24:40.023957
246168,133,2018-06-08,19.1,0.6,16.1,,22.1,14:57,99,5,11.4,,77,97,,64,13:40,2025-05-07 08:24:40.110228,2025-05-07 08:24:40.110228
246186,133,2018-06-09,18.5,0,16.3,22:20,20.7,13:15,33,3.3,9.2,12:30,76,94,04:20,62,13:10,2025-05-07 08:24:40.197273,2025-05-07 08:24:40.197273
246204,133,2018-06-10,18.7,0,16.2,,21.2,14:27,31,4.7,9.7,16:50,71,87,01:30,57,13:40,2025-05-07 08:24:40.286479,2025-05-07 08:24:40.286479
246222,133,2018-06-11,18,1.6,15.9,05:35,20.2,14:17,33,4.2,8.6,11:00,76,85,,60,14:10,2025-05-07 08:24:40.356080,2025-05-07 08:24:40.356080
246240,133,2018-06-12,18.4,0.6,15.4,05:29,21.5,15:49,30,3.6,9.4,23:40,81,97,07:10,64,15:40,2025-05-07 08:24:40.427915,2025-05-07 08:24:40.427915
246258,133,2018-06-13,18.6,0,16.3,07:15,20.8,14:23,33,4.2,9.7,02:50,73,90,03:00,60,14:10,2025-05-07 08:24:40.512943,2025-05-07 08:24:40.512943
246276,133,2018-06-14,18,0,16.3,04:07,19.6,11:57,34,5,10.8,13:40,76,87,02:00,60,12:00,2025-05-07 08:24:40.600854,2025-05-07 08:24:40.600854
246294,133,2018-06-15,18.3,0,16.3,05:00,20.3,14:25,33,5.6,13.3,12:50,71,80,06:30,59,11:00,2025-05-07 08:24:40.689215,2025-05-07 08:24:40.689215
246312,133,2018-06-16,18,0,16.9,,19.2,11:55,32,4.7,8.9,15:50,84,92,13:20,73,02:50,2025-05-07 08:24:40.771359,2025-05-07 08:24:40.771359
246330,133,2018-06-17,18.8,2.6,16.5,,21.2,15:15,33,3.9,9.7,09:40,74,97,22:00,64,14:30,2025-05-07 08:24:40.859745,2025-05-07 08:24:40.859745
246348,133,2018-06-18,18.2,0,15.9,01:58,20.5,13:06,32,3.9,10.6,15:50,81,97,,70,12:50,2025-05-07 08:24:40.940353,2025-05-07 08:24:40.940353
246366,133,2018-06-19,19.7,0,17.1,,22.3,13:56,32,3.9,10,09:10,72,90,00:00,60,13:30,2025-05-07 08:24:41.028679,2025-05-07 08:24:41.028679
246384,133,2018-06-20,19.8,0,17.5,,22,13:49,29,4.4,11.7,10:50,72,85,00:00,64,13:40,2025-05-07 08:24:41.126707,2025-05-07 08:24:41.126707
246402,133,2018-06-21,19.4,0,17.4,07:15,21.3,14:32,31,4.7,10.6,17:50,74,87,02:30,67,13:00,2025-05-07 08:24:41.220154,2025-05-07 08:24:41.220154
246420,133,2018-06-22,18.6,0,17,,20.2,12:57,32,5,10.6,16:20,74,86,05:30,69,17:50,2025-05-07 08:24:41.309823,2025-05-07 08:24:41.309823
246438,133,2018-06-23,19.8,0,17,00:01,22.5,14:32,33,4.2,10,16:10,72,88,06:50,61,14:20,2025-05-07 08:24:41.388444,2025-05-07 08:24:41.388444
246456,133,2018-06-24,20,0,16.7,06:17,23.2,14:08,33,2.8,7.8,00:40,69,91,05:30,56,14:10,2025-05-07 08:24:41.468241,2025-05-07 08:24:41.468241
246474,133,2018-06-25,20,0,15.8,05:55,24.2,14:49,6,1.4,5.3,10:50,75,89,03:30,54,15:00,2025-05-07 08:24:41.555992,2025-05-07 08:24:41.555992
246492,133,2018-06-26,20,0,16.6,03:04,23.3,12:52,4,2.2,7.2,15:10,72,90,23:59,58,14:30,2025-05-07 08:24:41.644273,2025-05-07 08:24:41.644273
246510,133,2018-06-27,20.2,0,17.5,05:34,23,13:28,34,3.3,7.8,18:50,73,91,00:10,65,13:10,2025-05-07 08:24:41.729452,2025-05-07 08:24:41.729452
246528,133,2018-06-28,20.4,0,17.4,03:01,23.4,12:55,34,4.4,10.3,16:50,74,89,02:20,62,12:40,2025-05-07 08:24:41.819930,2025-05-07 08:24:41.819930
246546,133,2018-06-29,22.1,0.4,19,,25.2,10:44,28,3.1,10.3,05:40,76,87,,59,,2025-05-07 08:25:45.362151,2025-05-07 08:25:45.362151
246564,133,2018-06-30,20.6,0,17.9,06:00,23.2,13:24,36,3.9,8.9,12:30,77,92,06:10,57,11:10,2025-05-07 08:25:45.604208,2025-05-07 08:25:45.604208
246582,133,2018-07-01,20,0,16.9,05:20,23.2,14:29,31,2.5,7.5,11:30,75,88,,61,15:00,2025-05-07 08:25:45.815613,2025-05-07 08:25:45.815613
246600,133,2018-07-02,20.4,0,17.9,,23,14:24,34,3.6,8.6,14:50,76,88,,66,14:50,2025-05-07 08:25:46.103497,2025-05-07 08:25:46.103497
246618,133,2018-07-03,20.3,0,18.1,,22.5,13:58,32,3.9,8.6,,74,88,08:50,64,14:50,2025-05-07 08:25:46.340427,2025-05-07 08:25:46.340427
246636,133,2018-07-04,20.2,0,18.3,,22.2,12:53,32,2.8,9.4,15:50,76,87,,71,12:30,2025-05-07 08:25:46.542716,2025-05-07 08:25:46.542716
246654,133,2018-07-05,,,,,,,0,3.9,,,77,,,,,2025-05-07 08:25:46.784838,2025-05-07 08:25:46.784838
246672,133,2018-07-06,19.6,0,17.9,05:58,21.4,15:58,32,4.2,9.2,19:10,80,87,,72,,2025-05-07 08:25:46.985846,2025-05-07 08:25:46.985846
246690,133,2018-07-07,20.1,0,17.8,,22.4,13:15,32,3.9,8.6,01:50,75,87,04:40,68,13:00,2025-05-07 08:25:47.203816,2025-05-07 08:25:47.203816
246708,133,2018-07-08,20.7,0,18,,23.4,15:09,36,2.8,7.2,19:10,78,90,23:59,68,13:50,2025-05-07 08:25:47.425682,2025-05-07 08:25:47.425682
246726,133,2018-07-09,20.4,0,17,05:26,23.9,14:31,35,3.3,7.5,13:30,83,93,,70,12:40,2025-05-07 08:25:47.645663,2025-05-07 08:25:47.645663
246744,133,2018-07-10,24.1,0,18.1,04:01,30.1,11:53,30,3.3,9.4,21:20,54,92,00:00,29,13:50,2025-05-07 08:25:47.880733,2025-05-07 08:25:47.880733
246762,133,2018-07-11,19.9,0,18.4,04:02,21.4,13:13,32,4.4,9.4,17:50,82,91,03:40,77,13:20,2025-05-07 08:25:48.070472,2025-05-07 08:25:48.070472
246780,133,2018-07-12,20.8,0,18.4,,23.1,15:24,99,4.7,9.2,11:50,72,89,,62,13:50,2025-05-07 08:25:48.260652,2025-05-07 08:25:48.260652
246798,133,2018-07-13,20,0,17.8,04:04,22.2,16:05,31,2.5,7.2,11:40,78,88,05:40,66,15:20,2025-05-07 08:25:48.439027,2025-05-07 08:25:48.439027
246816,133,2018-07-14,20.5,0,17.9,02:07,23.1,14:08,33,3.1,7.5,13:40,75,88,,62,13:50,2025-05-07 08:25:48.744196,2025-05-07 08:25:48.744196
246834,133,2018-07-15,20.4,0,17.8,03:02,22.9,14:23,31,4.4,10,11:50,77,87,06:10,65,14:30,2025-05-07 08:25:48.962336,2025-05-07 08:25:48.962336
246852,133,2018-07-16,20.1,0,18.2,00:35,22,15:31,33,5,11.4,10:50,77,87,07:40,67,16:00,2025-05-07 08:25:49.238362,2025-05-07 08:25:49.238362
246870,133,2018-07-17,20.4,0,18.6,04:01,22.2,13:23,32,5,11.9,12:50,74,83,,65,,2025-05-07 08:25:49.462954,2025-05-07 08:25:49.462954
246888,133,2018-07-18,20.2,0,18.4,,22,13:28,32,3.9,8.9,15:50,76,87,21:00,69,11:40,2025-05-07 08:25:49.668212,2025-05-07 08:25:49.668212
246906,133,2018-07-19,20.4,0,18.4,02:06,22.3,14:33,33,4.2,8.6,18:10,80,88,,69,14:00,2025-05-07 08:25:49.857208,2025-05-07 08:25:49.857208
246924,133,2018-07-20,20.5,0,18.3,06:29,22.7,14:47,30,5,10.8,15:40,80,89,,69,14:50,2025-05-07 08:25:50.073068,2025-05-07 08:25:50.073068
246942,133,2018-07-21,20.4,0,18.6,,22.1,13:38,32,5.6,11.1,15:50,81,90,00:10,71,13:10,2025-05-07 08:25:50.315872,2025-05-07 08:25:50.315872
246960,133,2018-07-22,20.3,0,18.3,06:30,22.3,14:07,32,4.7,10.3,00:50,77,84,22:40,64,14:10,2025-05-07 08:25:50.537713,2025-05-07 08:25:50.537713
246978,133,2018-07-23,21,0,18.6,07:09,23.4,15:19,99,3.6,8.3,,76,90,07:10,64,,2025-05-07 08:25:50.798452,2025-05-07 08:25:50.798452
246996,133,2018-07-24,20.3,0,18.7,05:26,21.9,14:12,35,4.4,9.7,11:50,78,88,,70,12:30,2025-05-07 08:25:51.118612,2025-05-07 08:25:51.118612
247014,133,2018-07-25,20.6,0,18.7,,22.4,15:44,32,4.7,10.6,18:50,77,88,02:50,70,14:10,2025-05-07 08:25:51.370679,2025-05-07 08:25:51.370679
247032,133,2018-07-26,20.8,0,18.5,05:33,23,11:40,32,4.7,11.4,11:50,77,89,,65,,2025-05-07 08:25:51.581219,2025-05-07 08:25:51.581219
247050,133,2018-07-27,20.8,0,18.6,,22.9,14:03,34,3.9,11.7,14:50,77,86,03:50,63,13:40,2025-05-07 08:25:51.818538,2025-05-07 08:25:51.818538
247068,133,2018-07-28,21.4,0,19.2,,23.5,14:48,32,3.1,7.8,06:30,75,88,,67,14:50,2025-05-07 08:25:52.014579,2025-05-07 08:25:52.014579
247086,133,2018-07-29,21.6,0,19,,24.1,13:42,33,1.9,7.2,16:30,79,90,03:50,69,13:40,2025-05-07 08:25:52.241000,2025-05-07 08:25:52.241000
247104,133,2018-07-30,20.8,0,17.9,,23.7,13:50,32,2.8,7.5,16:00,78,90,,69,13:50,2025-05-07 08:25:52.451702,2025-05-07 08:25:52.451702
247122,133,2018-07-31,20.6,0,19.2,05:36,22.1,13:42,32,5.3,9.4,07:50,81,89,04:00,72,12:10,2025-05-07 08:25:52.672155,2025-05-07 08:25:52.672155
247140,133,2018-08-01,21.6,0,19.4,23:31,23.8,13:23,25,5.6,12.2,22:50,74,90,05:10,64,13:10,2025-05-07 08:25:52.891954,2025-05-07 08:25:52.891954
247158,133,2018-08-02,20.9,0,18.3,01:20,23.5,15:22,28,5.3,14.2,09:50,68,93,01:40,58,15:20,2025-05-07 08:25:53.126107,2025-05-07 08:25:53.126107
247176,133,2018-08-03,21.6,0,19.2,00:33,24,14:38,33,4.2,10,15:30,67,83,01:00,60,14:40,2025-05-07 08:25:53.360332,2025-05-07 08:25:53.360332
247194,133,2018-08-04,21,0,19.2,06:43,22.7,13:08,31,4.7,12.8,18:50,78,88,23:30,72,13:00,2025-05-07 08:25:53.603105,2025-05-07 08:25:53.603105
247212,133,2018-08-05,22.7,0,19.9,05:06,25.5,13:06,28,5.6,12.5,18:20,77,91,,66,13:00,2025-05-07 08:25:53.802969,2025-05-07 08:25:53.802969
247230,133,2018-08-06,23.5,0,19.9,,27.1,12:00,30,5.3,11.1,06:30,79,93,,63,12:00,2025-05-07 08:25:54.047118,2025-05-07 08:25:54.047118
247248,133,2018-08-07,21.5,0,19.7,,23.3,12:45,32,5,10.6,16:00,84,92,01:10,76,12:40,2025-05-07 08:25:54.303244,2025-05-07 08:25:54.303244
247266,133,2018-08-08,21.2,0,19.5,03:03,22.9,16:15,30,4.4,8.9,11:50,78,88,,70,15:50,2025-05-07 08:25:54.625161,2025-05-07 08:25:54.625161
247284,133,2018-08-09,21.4,0,19.4,,23.3,14:52,33,3.3,9.7,14:20,75,89,22:00,65,14:50,2025-05-07 08:25:54.872240,2025-05-07 08:25:54.872240
247302,133,2018-08-10,20.4,0,18,07:20,22.7,13:26,33,4.4,10,14:10,77,95,07:30,65,13:30,2025-05-07 08:25:55.134502,2025-05-07 08:25:55.134502
247320,133,2018-08-11,20.4,0,18.5,03:15,22.4,14:17,33,5.8,11.7,12:30,80,88,,69,14:00,2025-05-07 08:25:55.385757,2025-05-07 08:25:55.385757
247338,133,2018-08-12,20.6,0,19.3,03:59,21.8,13:05,30,3.3,8.3,03:10,90,93,,87,13:10,2025-05-07 08:25:55.675907,2025-05-07 08:25:55.675907
247356,133,2018-08-13,23,0,20.1,02:13,26,12:23,29,2.2,7.5,19:00,78,95,,65,12:20,2025-05-07 08:25:55.903411,2025-05-07 08:25:55.903411
247374,133,2018-08-14,23.6,0,20.3,23:57,26.9,12:54,36,2.2,9.7,16:50,77,91,23:40,59,09:40,2025-05-07 08:25:56.217588,2025-05-07 08:25:56.217588
247392,133,2018-08-15,21.6,0,19.1,,24,15:20,33,3.3,8.9,17:10,83,94,,70,15:20,2025-05-07 08:25:56.480985,2025-05-07 08:25:56.480985
247410,133,2018-08-16,20.6,0,18.7,05:04,22.5,14:58,34,4.7,10,23:59,79,92,00:40,71,,2025-05-07 08:25:56.711857,2025-05-07 08:25:56.711857
247428,133,2018-08-17,20.8,0,18.2,00:22,23.5,13:09,34,4.4,10.6,13:50,76,94,,64,14:10,2025-05-07 08:25:57.003094,2025-05-07 08:25:57.003094
247446,133,2018-08-18,20.7,0,18.6,03:58,22.8,15:52,33,5.3,10.6,15:00,76,91,04:00,65,15:20,2025-05-07 08:25:57.305906,2025-05-07 08:25:57.305906
247464,133,2018-08-19,21.3,0,19.3,03:58,23.3,15:45,32,4.4,10.8,05:50,71,82,00:20,63,15:50,2025-05-07 08:25:57.571560,2025-05-07 08:25:57.571560
247482,133,2018-08-20,21.4,0,19.1,06:30,23.8,12:20,33,4.4,10.8,16:30,75,83,,66,12:20,2025-05-07 08:25:57.785923,2025-05-07 08:25:57.785923
247500,133,2018-08-21,21.7,0,18.9,05:38,24.5,14:01,31,4.2,8.9,14:50,79,87,,68,14:00,2025-05-07 08:25:57.986303,2025-05-07 08:25:57.986303
247518,133,2018-08-22,22.4,0,19.3,06:17,25.5,13:33,99,2.2,7.2,,77,90,23:59,65,13:00,2025-05-07 08:25:58.231394,2025-05-07 08:25:58.231394
247536,133,2018-08-23,22.7,0,19.1,01:26,26.3,14:27,34,2.8,6.9,18:30,81,94,05:10,67,13:50,2025-05-07 08:25:58.455341,2025-05-07 08:25:58.455341
247554,133,2018-08-24,24.1,0,19.1,04:45,29.1,13:27,28,2.5,6.4,04:50,60,96,,38,15:50,2025-05-07 08:25:58.699842,2025-05-07 08:25:58.699842
247572,133,2018-08-25,23.8,0,20,06:58,27.7,15:01,33,2.8,5.8,13:40,75,91,,43,02:00,2025-05-07 08:25:58.875964,2025-05-07 08:25:58.875964
247590,133,2018-08-26,22.8,0,19.8,,25.8,13:10,34,3.1,8.9,16:40,59,85,,38,06:30,2025-05-07 08:25:59.045338,2025-05-07 08:25:59.045338
247608,133,2018-08-27,21.5,0,19.1,05:00,23.9,14:04,99,3.6,9.2,17:40,75,87,02:00,64,14:00,2025-05-07 08:25:59.250673,2025-05-07 08:25:59.250673
247626,133,2018-08-28,21.5,0,19,05:16,24,12:33,30,4.2,8.9,15:40,74,85,,62,12:50,2025-05-07 08:25:59.462344,2025-05-07 08:25:59.462344
247644,133,2018-08-29,22,0,19.8,00:01,24.1,14:29,34,2.8,8.9,10:50,78,86,07:20,66,13:40,2025-05-07 08:25:59.651339,2025-05-07 08:25:59.651339
247662,133,2018-08-30,21.6,0,19.6,,23.6,13:31,33,4.2,9.4,03:50,74,85,20:30,66,,2025-05-07 08:25:59.844145,2025-05-07 08:25:59.844145
247680,133,2018-08-31,21.2,0,19.6,,22.9,13:57,32,5.3,10.3,13:20,71,82,00:00,61,12:50,2025-05-07 08:26:00.025494,2025-05-07 08:26:00.025494
247698,133,2018-09-01,22.2,0,19.6,02:53,24.8,13:49,32,3.1,8.1,20:40,72,87,03:10,60,13:10,2025-05-07 08:26:00.267623,2025-05-07 08:26:00.267623
247716,133,2018-09-02,22.2,0,19.8,03:04,24.5,13:49,29,4.2,10.6,15:10,73,85,,59,13:40,2025-05-07 08:26:00.467564,2025-05-07 08:26:00.467564
247734,133,2018-09-03,22.2,0,19.9,22:40,24.4,13:31,99,3.6,8.6,,72,86,00:30,60,14:10,2025-05-07 08:26:00.682000,2025-05-07 08:26:00.682000
247752,133,2018-09-04,22,0,19.5,05:06,24.4,15:45,30,3.1,7.5,02:50,74,87,,65,,2025-05-07 08:26:00.918140,2025-05-07 08:26:00.918140
247770,133,2018-09-05,21.5,0,19.4,03:28,23.6,13:47,99,3.6,7.5,,81,89,,73,,2025-05-07 08:26:01.209754,2025-05-07 08:26:01.209754
247788,133,2018-09-06,21.8,0,19.7,23:58,23.8,13:16,32,2.8,7.2,13:20,82,91,03:10,69,12:10,2025-05-07 08:26:01.470192,2025-05-07 08:26:01.470192
247806,133,2018-09-07,21.4,0,19,,23.9,11:30,32,2.5,7.8,16:50,78,89,01:20,64,10:40,2025-05-07 08:26:01.729610,2025-05-07 08:26:01.729610
247824,133,2018-09-08,20.8,0,17.8,03:11,23.8,15:27,34,2.5,7.5,15:20,72,84,05:30,55,10:20,2025-05-07 08:26:01.975006,2025-05-07 08:26:01.975006
247842,133,2018-09-09,21,0,18.7,06:58,23.4,13:13,34,4.2,9.2,16:50,75,86,,63,13:20,2025-05-07 08:26:02.204666,2025-05-07 08:26:02.204666
247860,133,2018-09-10,21.6,0,19.3,06:44,23.8,14:06,32,4.2,9.7,14:50,76,87,00:30,61,14:00,2025-05-07 08:26:02.425766,2025-05-07 08:26:02.425766
247878,133,2018-09-11,22,0,19.1,05:39,24.8,14:09,32,2.8,8.3,11:00,75,90,,61,13:40,2025-05-07 08:26:02.597261,2025-05-07 08:26:02.597261
247896,133,2018-09-12,24.2,0,19.2,03:29,29.2,14:45,14,2.2,12.5,13:30,80,93,06:20,55,14:40,2025-05-07 08:26:02.795744,2025-05-07 08:26:02.795744
247914,133,2018-09-13,25.4,0,22.3,00:17,28.4,12:25,13,2.5,9.2,09:50,61,83,00:00,49,16:40,2025-05-07 08:26:02.994672,2025-05-07 08:26:02.994672
247932,133,2018-09-14,24.1,0,21,07:02,27.2,13:16,7,1.7,5.8,12:20,76,91,,63,09:00,2025-05-07 08:26:03.209241,2025-05-07 08:26:03.209241
247950,133,2018-09-15,22.6,0.2,20.2,,25,12:55,34,4.2,10.8,17:50,76,92,,59,12:20,2025-05-07 08:26:03.426130,2025-05-07 08:26:03.426130
247968,133,2018-09-16,21.9,0,19.9,23:02,23.9,12:38,34,3.3,9.2,12:00,83,92,,71,11:40,2025-05-07 08:26:03.644477,2025-05-07 08:26:03.644477
247986,133,2018-09-17,22,0,19.3,05:17,24.8,14:44,31,2.2,8.6,02:20,76,85,03:30,62,14:20,2025-05-07 08:26:03.856751,2025-05-07 08:26:03.856751
248004,133,2018-09-18,22.4,0,20.4,06:09,24.3,13:39,6,1.7,6.1,12:50,75,87,,64,13:40,2025-05-07 08:26:04.072885,2025-05-07 08:26:04.072885
248022,133,2018-09-19,23,0,20.3,07:07,25.8,14:59,7,1.9,7.5,09:50,80,91,,65,10:40,2025-05-07 08:26:04.329479,2025-05-07 08:26:04.329479
248040,133,2018-09-20,22.4,0,20,06:17,24.9,13:57,32,2.2,5.8,15:50,80,92,02:40,69,13:30,2025-05-07 08:26:04.534345,2025-05-07 08:26:04.534345
248058,133,2018-09-21,22.3,0,20,06:35,24.6,13:24,34,2.5,7.5,14:50,76,87,00:00,61,13:20,2025-05-07 08:26:04.717174,2025-05-07 08:26:04.717174
248076,133,2018-09-22,22.1,0,20,,24.2,13:28,33,3.9,10.8,16:50,78,89,,68,11:40,2025-05-07 08:26:04.922423,2025-05-07 08:26:04.922423
248094,133,2018-09-23,22.2,0,19.9,06:34,24.6,13:30,35,3.9,8.3,18:50,83,92,07:20,74,13:40,2025-05-07 08:26:05.108390,2025-05-07 08:26:05.108390
248112,133,2018-09-24,22.8,0,20,05:39,25.6,13:14,29,2.2,6.9,20:40,83,95,06:50,72,13:10,2025-05-07 08:26:05.292109,2025-05-07 08:26:05.292109
248130,133,2018-09-25,22.9,0,19.2,,26.6,15:47,31,1.7,5.3,01:30,79,94,23:20,67,12:10,2025-05-07 08:26:05.458898,2025-05-07 08:26:05.458898
248148,133,2018-09-26,23.6,0,19.1,07:15,28.2,14:32,33,2.2,7.5,21:50,79,93,,57,14:30,2025-05-07 08:26:05.644156,2025-05-07 08:26:05.644156
248166,133,2018-09-27,21.5,0,19.3,,23.7,16:05,32,4.4,10.6,13:50,80,91,,68,16:00,2025-05-07 08:26:05.852180,2025-05-07 08:26:05.852180
248184,133,2018-09-28,22,0,19.6,,24.3,12:49,32,3.9,9.2,13:30,77,90,21:40,68,11:50,2025-05-07 08:26:06.059531,2025-05-07 08:26:06.059531
248202,133,2018-09-29,22.7,0,20.6,23:53,24.8,13:31,31,4.2,8.3,18:00,83,92,23:10,67,13:20,2025-05-07 08:26:06.346277,2025-05-07 08:26:06.346277
248220,133,2018-09-30,22.8,0,20.1,03:58,25.5,12:41,25,2.5,6.4,08:00,79,93,,62,12:40,2025-05-07 08:26:06.610900,2025-05-07 08:26:06.610900
248238,133,2018-10-01,21.9,0,18.9,06:29,24.9,12:51,32,2.8,7.8,15:50,80,90,20:40,72,,2025-05-07 08:26:06.847217,2025-05-07 08:26:06.847217
248256,133,2018-10-02,22.1,0,20.2,,24,14:06,99,2.2,5.6,,79,91,01:30,73,13:50,2025-05-07 08:26:07.073985,2025-05-07 08:26:07.073985
248274,133,2018-10-03,22,0,19.4,23:44,24.7,14:41,32,1.9,6.4,19:50,77,90,01:30,65,13:20,2025-05-07 08:26:07.321216,2025-05-07 08:26:07.321216
248292,133,2018-10-04,21.4,0,18.4,06:38,24.3,13:03,33,3.3,8.9,13:40,79,89,04:00,71,12:40,2025-05-07 08:26:07.536232,2025-05-07 08:26:07.536232
248310,133,2018-10-05,21,0.2,19.2,00:43,22.9,09:49,33,2.2,6.7,16:30,83,90,04:30,71,00:40,2025-05-07 08:26:07.786381,2025-05-07 08:26:07.786381
248327,133,2018-10-06,21.2,0,17.7,05:58,24.8,13:52,10,2.2,6.1,14:50,76,90,23:59,67,,2025-05-07 08:26:07.980298,2025-05-07 08:26:07.980298
248345,133,2018-10-07,22.6,0,19.4,05:37,25.8,13:50,10,2.5,8.1,12:20,84,93,07:00,71,11:10,2025-05-07 08:26:08.221738,2025-05-07 08:26:08.221738
248363,133,2018-10-08,22.9,0,19.9,04:23,25.9,12:43,13,1.9,8.3,06:00,81,94,02:20,68,12:50,2025-05-07 08:26:08.472866,2025-05-07 08:26:08.472866
248381,133,2018-10-09,22.2,0,18.3,06:07,26.1,16:02,12,1.9,8.1,17:30,74,90,02:50,62,14:20,2025-05-07 08:26:08.694859,2025-05-07 08:26:08.694859
248399,133,2018-10-10,22.2,0,19.6,02:38,24.7,10:02,33,2.2,8.3,14:10,76,89,,67,12:20,2025-05-07 08:26:08.946058,2025-05-07 08:26:08.946058
248417,133,2018-10-11,21.2,0,18.5,23:59,23.8,10:51,5,1.4,5.3,12:00,81,89,00:00,72,11:00,2025-05-07 08:26:09.227513,2025-05-07 08:26:09.227513
248435,133,2018-10-12,21,0,17.6,04:40,24.4,14:35,10,2.2,6.1,12:20,77,87,,66,14:00,2025-05-07 08:26:09.452237,2025-05-07 08:26:09.452237
248453,133,2018-10-13,21.9,0.2,17,05:34,26.8,13:36,32,3.1,8.6,13:00,69,91,04:50,56,13:20,2025-05-07 08:26:09.634172,2025-05-07 08:26:09.634172
248471,133,2018-10-14,22,5.2,20.1,,24,11:37,2,2.5,7.5,18:00,87,95,,75,10:50,2025-05-07 08:26:09.850387,2025-05-07 08:26:09.850387
248489,133,2018-10-15,20.8,0,19.5,,22,13:03,3,2.2,7.5,16:40,78,93,,69,12:50,2025-05-07 08:26:10.062592,2025-05-07 08:26:10.062592
248507,133,2018-10-16,21,0.4,19,,23.1,14:58,33,3.1,7.2,13:50,71,83,21:40,60,14:00,2025-05-07 08:26:10.224774,2025-05-07 08:26:10.224774
248525,133,2018-10-17,20.7,1.4,18.5,02:33,22.9,12:47,99,3.6,8.9,,74,91,16:20,59,10:30,2025-05-07 08:26:10.332601,2025-05-07 08:26:10.332601
248543,133,2018-10-18,19,3.6,17.7,03:07,20.4,14:59,36,3.1,11.4,12:30,78,96,09:30,61,16:20,2025-05-07 08:26:10.447444,2025-05-07 08:26:10.447444
248561,133,2018-10-19,19.6,12.4,17.5,06:37,21.6,15:40,31,3.3,9.7,01:50,72,94,19:20,60,01:50,2025-05-07 08:26:10.569901,2025-05-07 08:26:10.569901
248579,133,2018-10-20,18.2,0,14.9,,21.6,12:06,1,2.2,6.9,12:00,75,91,,68,,2025-05-07 08:26:10.715908,2025-05-07 08:26:10.715908
248597,133,2018-10-21,19,0.6,15.8,07:20,22.3,12:20,8,2.2,6.4,13:10,72,87,21:10,64,08:50,2025-05-07 08:26:10.815233,2025-05-07 08:26:10.815233
248615,133,2018-10-22,20,0,16.5,00:13,23.4,14:21,30,1.7,7.2,15:50,70,89,,57,13:50,2025-05-07 08:26:10.913856,2025-05-07 08:26:10.913856
248633,133,2018-10-23,20.2,0,16.8,07:03,23.6,12:48,30,1.4,6.1,16:50,72,83,00:30,65,12:00,2025-05-07 08:26:11.000136,2025-05-07 08:26:11.000136
248651,133,2018-10-24,20.2,11.2,17,,23.5,13:41,11,2.2,6.7,12:20,81,90,21:00,72,09:40,2025-05-07 08:26:11.072356,2025-05-07 08:26:11.072356
248669,133,2018-10-25,19,5.8,17.9,23:56,20,14:44,10,2.5,7.2,09:00,95,97,,84,00:40,2025-05-07 08:26:11.158305,2025-05-07 08:26:11.158305
248687,133,2018-10-26,19.1,0,16.6,05:17,21.6,10:38,36,1.4,5.8,11:20,85,94,,81,,2025-05-07 08:26:11.243687,2025-05-07 08:26:11.243687
248705,133,2018-10-27,19.4,12.6,16.5,06:55,22.3,12:33,3,1.9,5.3,12:00,80,88,,72,12:40,2025-05-07 08:26:11.336419,2025-05-07 08:26:11.336419
248723,133,2018-10-28,18.2,2,17.1,18:58,19.3,12:51,32,3.3,12.5,16:50,81,94,10:10,66,21:20,2025-05-07 08:26:11.425211,2025-05-07 08:26:11.425211
248741,133,2018-10-29,17.2,5.4,15.4,,19.1,13:07,32,3.3,10.8,13:20,69,94,01:40,64,08:50,2025-05-07 08:26:11.492038,2025-05-07 08:26:11.492038
248759,133,2018-10-30,17.6,4.4,14.9,01:13,20.4,14:11,32,3.6,11.1,21:40,78,94,22:30,62,14:30,2025-05-07 08:26:11.569546,2025-05-07 08:26:11.569546
248777,133,2018-10-31,18.6,0,16.8,00:34,20.5,14:14,28,2.8,8.3,00:10,71,95,01:10,60,14:20,2025-05-07 08:26:11.632593,2025-05-07 08:26:11.632593
248795,133,2018-11-01,19.1,1.6,17.2,,21,10:55,32,3.3,9.4,11:30,85,94,12:30,76,00:10,2025-05-07 08:26:11.702169,2025-05-07 08:26:11.702169
248813,133,2018-11-02,19,0.2,17.6,02:19,20.5,15:37,31,2.8,10,16:50,81,87,07:10,70,14:10,2025-05-07 08:26:11.776903,2025-05-07 08:26:11.776903
248831,133,2018-11-03,18.8,0.2,17.2,22:36,20.3,15:38,1,2.5,9.2,14:50,81,89,02:10,69,14:40,2025-05-07 08:26:11.861478,2025-05-07 08:26:11.861478
248849,133,2018-11-04,18.6,1.8,16.8,19:35,20.5,14:10,32,1.7,8.3,16:20,77,89,18:40,63,13:10,2025-05-07 08:26:11.926780,2025-05-07 08:26:11.926780
248867,133,2018-11-05,18.2,5.8,15.6,04:31,20.7,14:10,32,1.7,6.9,15:10,80,95,21:20,64,14:00,2025-05-07 08:26:12.010397,2025-05-07 08:26:12.010397
248885,133,2018-11-06,17.4,0.2,15.9,22:38,19,15:00,7,2.2,6.7,10:50,81,95,,70,15:00,2025-05-07 08:26:12.088454,2025-05-07 08:26:12.088454
248903,133,2018-11-07,17.6,0,16,06:06,19.1,13:31,7,1.7,4.7,14:40,68,79,01:00,60,16:30,2025-05-07 08:26:12.148684,2025-05-07 08:26:12.148684
248921,133,2018-11-08,18.3,0,16.1,05:15,20.5,13:49,32,2.8,7.5,16:50,67,82,,58,12:10,2025-05-07 08:26:12.215074,2025-05-07 08:26:12.215074
248939,133,2018-11-09,18,0.6,16,04:18,19.9,10:04,7,1.4,7.2,12:00,81,91,12:20,75,09:40,2025-05-07 08:26:12.309234,2025-05-07 08:26:12.309234
248956,133,2018-11-10,17.6,0,15.3,,19.8,13:31,33,2.2,7.2,14:10,75,89,03:30,61,14:10,2025-05-07 08:26:12.400037,2025-05-07 08:26:12.400037
248974,133,2018-11-11,18.1,0,15.9,01:54,20.3,15:49,30,2.5,8.3,20:00,72,85,20:20,60,11:40,2025-05-07 08:26:12.498149,2025-05-07 08:26:12.498149
248992,133,2018-11-12,16.7,10.6,15.6,21:29,17.8,01:11,28,3.1,10.6,08:50,82,96,11:20,70,18:50,2025-05-07 08:26:12.577262,2025-05-07 08:26:12.577262
249010,133,2018-11-13,16.9,0.8,14.9,04:52,18.9,14:46,31,2.8,10,15:50,71,84,04:00,65,14:20,2025-05-07 08:26:12.651094,2025-05-07 08:26:12.651094
249028,133,2018-11-14,16.6,0,14.2,04:41,18.9,12:54,1,2.5,7.8,00:30,74,89,02:10,60,13:20,2025-05-07 08:26:12.728964,2025-05-07 08:26:12.728964
249046,133,2018-11-15,16.6,1.2,13.2,05:08,19.9,10:48,28,2.8,10.3,13:20,82,90,13:00,59,10:10,2025-05-07 08:26:12.822836,2025-05-07 08:26:12.822836
249064,133,2018-11-16,17.6,0.2,15.2,06:35,20.1,14:50,28,2.2,8.3,01:20,72,82,23:59,62,14:30,2025-05-07 08:26:12.913777,2025-05-07 08:26:12.913777
249082,133,2018-11-17,18.1,6.8,14.1,07:20,22.1,11:48,32,2.5,10.8,14:50,77,93,,56,11:30,2025-05-07 08:26:12.984944,2025-05-07 08:26:12.984944
249100,133,2018-11-18,17,1.2,15.2,04:11,18.9,13:22,30,3.3,11.1,17:10,78,89,00:00,63,12:50,2025-05-07 08:26:13.048130,2025-05-07 08:26:13.048130
249117,133,2018-11-19,16.6,3.4,14.5,05:41,18.6,12:51,28,3.9,10.6,12:00,78,92,08:20,70,13:00,2025-05-07 08:26:13.134353,2025-05-07 08:26:13.134353
249134,133,2018-11-20,17.8,0.2,14.6,07:46,21,13:37,27,1.4,7.5,04:50,74,87,20:40,65,11:30,2025-05-07 08:26:13.225873,2025-05-07 08:26:13.225873
249151,133,2018-11-21,17.9,2.8,14.3,03:08,21.5,11:29,32,1.7,5.3,21:50,68,93,23:00,54,11:20,2025-05-07 08:26:13.313599,2025-05-07 08:26:13.313599
249168,133,2018-11-22,15.4,57.2,13.6,22:13,17.1,13:04,28,1.9,8.3,21:10,94,97,,89,,2025-05-07 08:26:13.402780,2025-05-07 08:26:13.402780
249185,133,2018-11-23,14.3,3.8,11.9,06:40,16.7,14:15,32,3.1,10.6,10:20,84,96,04:30,71,15:30,2025-05-07 08:26:13.493298,2025-05-07 08:26:13.493298
249202,133,2018-11-24,16,0,12,,19.9,13:04,8,1.9,5,13:20,70,83,,54,11:40,2025-05-07 08:26:13.576835,2025-05-07 08:26:13.576835
249219,133,2018-11-25,18.2,0,15.2,03:41,21.1,14:35,32,2.8,10.8,13:50,83,93,21:30,75,,2025-05-07 08:26:13.656776,2025-05-07 08:26:13.656776
249236,133,2018-11-26,18.2,0,16,,20.4,14:35,36,1.4,4.7,11:20,88,93,10:00,71,15:20,2025-05-07 08:26:13.734046,2025-05-07 08:26:13.734046
249254,133,2018-11-27,17,0.6,14.5,,19.6,11:15,32,2.2,5,16:10,82,93,02:40,75,16:10,2025-05-07 08:26:13.809368,2025-05-07 08:26:13.809368
249272,133,2018-11-28,16.9,0,13.9,01:22,19.9,12:57,9,1.4,5.8,14:10,82,94,,73,13:20,2025-05-07 08:26:13.884880,2025-05-07 08:26:13.884880
249290,133,2018-11-29,18,0,14.2,02:08,21.7,13:51,20,1.9,5.3,03:10,72,93,00:00,52,07:10,2025-05-07 08:26:13.961435,2025-05-07 08:26:13.961435
249308,133,2018-11-30,17,0,13.9,03:58,20.2,12:51,35,1.7,4.7,13:30,82,91,01:10,71,12:50,2025-05-07 08:26:14.033666,2025-05-07 08:26:14.033666
249326,133,2018-12-01,17.4,0.4,15.1,22:26,19.7,14:19,4,1.4,5.3,13:50,85,91,11:20,76,14:40,2025-05-07 08:26:14.108922,2025-05-07 08:26:14.108922
249344,133,2018-12-02,16.8,0,14.2,22:41,19.5,11:57,99,1.4,4.7,,79,92,23:10,70,11:30,2025-05-07 08:26:14.197189,2025-05-07 08:26:14.197189
249362,133,2018-12-03,17.8,0,14.3,,21.3,13:55,10,2.2,7.8,13:20,84,93,19:30,45,23:20,2025-05-07 08:26:14.266163,2025-05-07 08:26:14.266163
249380,133,2018-12-04,19.8,0,15.8,00:01,23.8,13:58,16,2.8,8.3,07:50,54,88,00:20,29,23:40,2025-05-07 08:26:14.330639,2025-05-07 08:26:14.330639
249398,133,2018-12-05,19.4,0,16.9,07:39,22,12:54,12,1.9,7.2,10:50,68,84,08:00,31,00:00,2025-05-07 08:26:14.405586,2025-05-07 08:26:14.405586
249416,133,2018-12-06,19.6,0,17.7,24:00,21.6,11:39,15,2.5,8.6,02:20,59,68,06:40,35,20:10,2025-05-07 08:26:14.498173,2025-05-07 08:26:14.498173
249434,133,2018-12-07,20,0,16.3,22:11,23.7,10:59,14,1.7,6.1,10:40,67,90,22:30,33,10:40,2025-05-07 08:26:14.592393,2025-05-07 08:26:14.592393
249452,133,2018-12-08,17,0,14.1,04:03,19.9,13:37,5,1.7,4.4,14:10,82,91,04:50,75,12:50,2025-05-07 08:26:14.685990,2025-05-07 08:26:14.685990
249470,133,2018-12-09,17,0,12.8,07:30,21.2,11:57,8,1.7,5.3,13:30,84,95,21:40,57,23:50,2025-05-07 08:26:14.770397,2025-05-07 08:26:14.770397
249488,133,2018-12-10,18.8,0,14.4,00:01,23.1,14:50,13,1.9,7.5,09:00,60,77,18:10,33,22:30,2025-05-07 08:26:14.865351,2025-05-07 08:26:14.865351
249506,133,2018-12-11,17,0,14.3,07:53,19.8,11:06,30,1.9,7.2,16:10,79,87,08:20,32,02:50,2025-05-07 08:26:14.962660,2025-05-07 08:26:14.962660
249524,133,2018-12-12,17.8,0,16.1,,19.5,11:20,32,2.2,5.8,11:30,72,79,01:50,63,11:20,2025-05-07 08:26:15.039459,2025-05-07 08:26:15.039459
249542,133,2018-12-13,17.6,0,15,07:29,20.2,14:59,33,2.2,6.4,19:30,77,91,23:59,66,13:30,2025-05-07 08:26:15.110392,2025-05-07 08:26:15.110392
249558,133,2018-12-14,17,0,15.7,22:40,18.3,13:14,32,3.3,8.3,14:30,77,92,00:10,69,,2025-05-07 08:26:15.172000,2025-05-07 08:26:15.172000
249576,133,2018-12-15,17,0,15.1,02:12,18.8,14:49,29,2.2,7.8,01:10,82,90,22:50,71,14:50,2025-05-07 08:26:15.268622,2025-05-07 08:26:15.268622
249594,133,2018-12-16,17.4,0,13.7,07:41,21.2,11:21,11,1.9,8.3,12:30,69,91,00:50,40,10:40,2025-05-07 08:26:15.387128,2025-05-07 08:26:15.387128
249612,133,2018-12-17,17.8,0,14.3,03:44,21.3,14:50,10,2.2,6.9,14:10,55,73,10:10,26,21:10,2025-05-07 08:26:15.499624,2025-05-07 08:26:15.499624
249630,133,2018-12-18,17,0,13.2,04:40,20.7,11:34,99,1.9,6.1,,57,71,12:40,34,00:00,2025-05-07 08:26:15.593929,2025-05-07 08:26:15.593929
249648,133,2018-12-19,17.4,0,13.3,07:35,21.4,14:27,20,1.7,5.6,04:30,57,77,19:50,34,14:10,2025-05-07 08:26:15.690765,2025-05-07 08:26:15.690765
249666,133,2018-12-20,16.8,0,13.3,06:14,20.4,12:22,20,1.9,5.3,00:50,61,84,23:59,39,01:10,2025-05-07 08:26:15.784401,2025-05-07 08:26:15.784401
249684,133,2018-12-21,16,0,13,07:52,19,13:33,10,1.7,5,12:00,79,91,22:00,72,09:10,2025-05-07 08:26:15.861698,2025-05-07 08:26:15.861698
249702,133,2018-12-22,17,0,13.2,03:29,20.7,15:00,12,2.8,9.2,10:40,73,90,08:10,22,,2025-05-07 08:26:15.936385,2025-05-07 08:26:15.936385
249720,133,2018-12-23,18.2,0,16.4,19:58,20,00:01,13,4.2,12.2,10:40,53,59,19:20,23,00:00,2025-05-07 08:26:16.029371,2025-05-07 08:26:16.029371
249738,133,2018-12-24,17.2,0,15.2,22:27,19.3,14:09,16,4.7,16.4,14:30,43,62,03:40,27,23:20,2025-05-07 08:26:16.110134,2025-05-07 08:26:16.110134
249756,133,2018-12-25,19,0,15.1,,22.8,12:38,16,1.9,11.7,02:20,36,64,18:50,23,,2025-05-07 08:26:16.202090,2025-05-07 08:26:16.202090
249774,133,2018-12-26,17,0,13.7,07:11,20.3,13:56,10,2.8,6.1,12:40,56,76,18:50,22,23:10,2025-05-07 08:27:18.717875,2025-05-07 08:27:18.717875
249792,133,2018-12-27,16.8,0,13.8,24:00,19.8,11:50,32,2.5,5.6,12:40,58,84,23:20,21,,2025-05-07 08:27:18.834940,2025-05-07 08:27:18.834940
249810,133,2018-12-28,16.2,0,12.7,07:15,19.6,13:08,9,1.1,5,14:10,80,87,,70,12:50,2025-05-07 08:27:18.926277,2025-05-07 08:27:18.926277
249828,133,2018-12-29,16.4,0,14.1,05:10,18.8,13:29,4,1.7,6.7,15:50,67,87,00:00,55,12:40,2025-05-07 08:27:19.018337,2025-05-07 08:27:19.018337
249846,133,2018-12-30,15.4,0.4,12.9,22:37,17.9,12:32,10,1.7,5.8,14:20,74,83,10:00,61,15:30,2025-05-07 08:27:19.103739,2025-05-07 08:27:19.103739
249864,133,2018-12-31,16.5,0,13.6,,19.4,13:10,16,2.5,10.6,14:10,67,84,07:40,24,20:20,2025-05-07 08:27:19.165208,2025-05-07 08:27:19.165208
249882,133,2019-01-01,17.4,0,13.3,01:38,21.4,,14,3.9,11.4,11:00,51,73,05:00,24,00:00,2025-05-07 08:27:19.236092,2025-05-07 08:27:19.236092
249900,133,2019-01-02,16.4,0,13,23:36,19.9,12:16,13,2.2,7.8,10:20,54,80,07:10,28,00:00,2025-05-07 08:27:19.320102,2025-05-07 08:27:19.320102
249918,133,2019-01-03,14.6,0,11.5,08:02,17.8,13:07,6,1.9,5.8,14:30,61,76,,47,04:00,2025-05-07 08:27:19.381391,2025-05-07 08:27:19.381391
249936,133,2019-01-04,14.5,0,11.9,23:34,17.1,14:49,10,2.2,7.5,13:10,73,85,21:30,67,12:50,2025-05-07 08:27:19.452342,2025-05-07 08:27:19.452342
249954,133,2019-01-05,15.4,0,11.5,02:10,19.2,15:39,15,2.2,8.3,11:10,74,88,06:00,21,20:40,2025-05-07 08:27:19.520001,2025-05-07 08:27:19.520001
249972,133,2019-01-06,16.2,0,13.6,22:56,18.8,14:33,14,3.3,10.6,09:50,55,70,03:30,33,00:00,2025-05-07 08:27:19.592689,2025-05-07 08:27:19.592689
249990,133,2019-01-07,16,0,13.9,23:58,18,13:01,12,2.5,9.7,11:20,57,75,06:50,33,16:40,2025-05-07 08:27:19.665623,2025-05-07 08:27:19.665623
250008,133,2019-01-08,14.4,0,11.1,05:37,17.8,13:11,10,2.2,7.2,14:30,70,82,07:20,46,22:40,2025-05-07 08:27:19.754949,2025-05-07 08:27:19.754949
250026,133,2019-01-09,15,0,11.5,03:02,18.5,,99,1.9,4.4,,69,85,20:30,46,01:40,2025-05-07 08:27:19.843486,2025-05-07 08:27:19.843486
250044,133,2019-01-10,14.5,0,11.6,03:52,17.4,14:41,32,1.7,5.8,14:10,71,85,,60,12:30,2025-05-07 08:27:19.930807,2025-05-07 08:27:19.930807
250062,133,2019-01-11,14,0,10.6,07:56,17.3,13:08,8,2.2,5.8,12:30,65,74,23:50,59,12:00,2025-05-07 08:27:20.021456,2025-05-07 08:27:20.021456
250080,133,2019-01-12,14.4,0,12,23:51,16.8,13:32,8,2.5,8.9,11:50,76,83,19:40,57,23:20,2025-05-07 08:27:20.099980,2025-05-07 08:27:20.099980
250098,133,2019-01-13,15.9,0,10.3,01:32,21.5,13:50,14,4.2,12.8,13:00,42,83,07:50,21,21:10,2025-05-07 08:27:20.174685,2025-05-07 08:27:20.174685
250116,133,2019-01-14,16.6,0,13.6,23:09,19.6,12:45,14,2.8,11.1,10:50,47,66,,27,22:00,2025-05-07 08:27:20.247778,2025-05-07 08:27:20.247778
250134,133,2019-01-15,14.7,0,10.8,07:00,18.6,12:32,7,1.9,5.3,13:10,55,77,19:50,37,03:40,2025-05-07 08:27:20.338512,2025-05-07 08:27:20.338512
250152,133,2019-01-16,14.8,4.6,12.4,02:33,17.3,13:42,28,2.5,7.8,14:20,70,82,23:00,63,10:50,2025-05-07 08:27:20.424695,2025-05-07 08:27:20.424695
250170,133,2019-01-17,14.2,7.4,12.4,04:16,16.1,14:15,34,4.4,10.6,10:50,77,93,01:10,68,15:10,2025-05-07 08:27:20.518158,2025-05-07 08:27:20.518158
250188,133,2019-01-18,14.2,0,12.4,01:14,16.1,09:13,34,3.9,13.1,13:50,75,93,01:40,68,17:40,2025-05-07 08:27:20.611035,2025-05-07 08:27:20.611035
250206,133,2019-01-19,14.6,2,13.5,08:22,15.8,15:01,32,1.9,7.2,00:30,86,92,,69,03:40,2025-05-07 08:27:20.701277,2025-05-07 08:27:20.701277
250224,133,2019-01-20,15.5,2.4,13.9,06:42,17.1,12:47,32,3.6,11.9,14:00,74,96,,62,12:50,2025-05-07 08:27:20.786895,2025-05-07 08:27:20.786895
250242,133,2019-01-21,15.1,0.2,13.5,22:04,16.7,11:54,36,3.3,10,12:30,75,93,04:30,64,11:40,2025-05-07 08:27:20.853310,2025-05-07 08:27:20.853310
250259,133,2019-01-22,15.1,0,13.3,02:55,16.9,11:58,4,1.9,7.5,09:30,63,83,00:00,54,13:10,2025-05-07 08:27:20.922567,2025-05-07 08:27:20.922567
250276,133,2019-01-23,14.5,1.2,13.2,22:26,15.8,14:22,35,2.2,6.1,07:30,70,89,22:10,63,14:00,2025-05-07 08:27:20.981619,2025-05-07 08:27:20.981619
250294,133,2019-01-24,14.8,3.6,12.5,05:15,17,15:17,36,2.2,9.2,04:30,82,95,05:20,68,15:20,2025-05-07 08:27:21.065629,2025-05-07 08:27:21.065629
250312,133,2019-01-25,15.5,0.2,13.3,23:58,17.7,14:07,32,1.9,5.6,14:20,85,95,,73,12:10,2025-05-07 08:27:21.162485,2025-05-07 08:27:21.162485
250329,133,2019-01-26,14.7,0,11.8,06:15,17.6,13:50,19,1.7,4.7,06:10,81,89,00:40,70,17:10,2025-05-07 08:27:21.257049,2025-05-07 08:27:21.257049
250346,133,2019-01-27,15.2,0,12.1,02:11,18.4,12:17,31,2.2,7.5,15:30,76,90,,61,12:40,2025-05-07 08:27:21.349118,2025-05-07 08:27:21.349118
250364,133,2019-01-28,,,,,,,0,2.8,,,77,,,,,2025-05-07 08:27:21.443434,2025-05-07 08:27:21.443434
250382,133,2019-01-29,14.9,1,13.7,01:56,16.1,12:16,32,2.8,7.2,13:40,84,96,,72,12:10,2025-05-07 08:27:21.526341,2025-05-07 08:27:21.526341
250400,133,2019-01-30,15.2,0,13.6,02:18,16.8,13:27,33,3.9,8.9,16:50,73,96,01:40,66,13:30,2025-05-07 08:27:21.606424,2025-05-07 08:27:21.606424
250418,133,2019-01-31,15.1,0,13.7,06:39,16.5,12:15,32,3.3,9.2,15:40,75,89,15:50,66,09:50,2025-05-07 08:27:21.690119,2025-05-07 08:27:21.690119
250436,133,2019-02-01,16.4,,14.6,,18.3,,28,3.9,11.1,16:20,74,95,23:40,64,10:50,2025-05-07 08:27:21.754614,2025-05-07 08:27:21.754614
250454,133,2019-02-02,15,0,13.8,08:37,16.3,15:14,34,3.3,8.3,,72,97,,61,15:40,2025-05-07 08:27:21.819488,2025-05-07 08:27:21.819488
250472,133,2019-02-03,15.1,0,13.8,07:49,16.4,11:54,1,2.8,8.1,04:10,72,82,22:10,66,02:20,2025-05-07 08:27:21.902369,2025-05-07 08:27:21.902369
250490,133,2019-02-04,15.8,0,13.3,22:53,18.4,14:04,8,1.9,7.2,15:30,78,84,,47,23:59,2025-05-07 08:27:21.979352,2025-05-07 08:27:21.979352
250508,133,2019-02-05,16.9,0,13,23:58,20.8,15:50,15,3.1,10.6,11:20,28,71,06:10,17,15:40,2025-05-07 08:27:22.043923,2025-05-07 08:27:22.043923
250526,133,2019-02-06,16.3,0,12.3,01:55,20.3,13:53,11,2.5,7.5,11:40,39,62,03:00,23,16:30,2025-05-07 08:27:22.120944,2025-05-07 08:27:22.120944
250543,133,2019-02-07,14.6,0,11.4,07:40,17.8,14:42,4,2.2,5.3,13:50,72,85,23:30,37,00:00,2025-05-07 08:27:22.208581,2025-05-07 08:27:22.208581
250560,133,2019-02-08,14.4,0,11.8,05:41,17,12:21,8,1.7,6.1,13:00,73,85,00:10,65,,2025-05-07 08:27:22.292300,2025-05-07 08:27:22.292300
250578,133,2019-02-09,15.4,0,12.2,23:17,18.6,15:57,11,2.2,8.3,14:40,74,91,23:59,59,16:10,2025-05-07 08:27:22.377267,2025-05-07 08:27:22.377267
250596,133,2019-02-10,16.4,0,11.3,03:14,21.4,12:52,12,2.2,7.8,12:10,40,92,00:30,32,20:40,2025-05-07 08:27:22.470299,2025-05-07 08:27:22.470299
250614,133,2019-02-11,19.2,,14.7,00:01,23.7,13:18,13,2.8,8.6,08:40,31,49,01:00,20,,2025-05-07 08:27:22.558017,2025-05-07 08:27:22.558017
250632,133,2019-02-12,,0,,,,,0,2.8,,,39,,,,,2025-05-07 08:27:22.642094,2025-05-07 08:27:22.642094
250650,133,2019-02-13,20.2,0,16.2,00:01,24.3,12:29,13,2.8,10.6,11:30,37,63,16:30,17,,2025-05-07 08:27:22.735537,2025-05-07 08:27:22.735537
250668,133,2019-02-14,22,0,18.4,00:01,25.6,14:41,13,4.7,15.3,13:40,17,36,23:00,10,01:50,2025-05-07 08:27:22.830826,2025-05-07 08:27:22.830826
250686,133,2019-02-15,17,6.4,12.9,20:10,21.2,01:27,31,3.6,11.1,19:30,86,95,13:10,21,,2025-05-07 08:27:22.926621,2025-05-07 08:27:22.926621
250704,133,2019-02-16,14.8,0.2,12.9,03:17,16.8,13:42,32,4.2,10.8,14:50,77,93,03:20,70,13:20,2025-05-07 08:27:23.019609,2025-05-07 08:27:23.019609
250722,133,2019-02-17,15.9,0,12,05:44,19.8,13:50,9,2.2,5.6,14:00,67,89,00:00,36,13:20,2025-05-07 08:27:23.115295,2025-05-07 08:27:23.115295
250739,133,2019-02-18,13.7,4.8,12.1,03:32,15.3,09:16,34,3.3,10.3,19:50,79,95,12:00,63,,2025-05-07 08:27:23.194207,2025-05-07 08:27:23.194207
250756,133,2019-02-19,14.2,0,12.5,07:58,16,15:31,36,3.1,8.1,09:50,68,80,05:00,55,14:50,2025-05-07 08:27:23.261614,2025-05-07 08:27:23.261614
250774,133,2019-02-20,15.2,0,12.2,05:09,18.2,13:45,5,2.2,6.7,13:20,64,84,23:59,49,11:40,2025-05-07 08:27:23.351448,2025-05-07 08:27:23.351448
250792,133,2019-02-21,15.4,0,12.2,03:06,18.7,15:53,8,3.1,8.6,14:20,75,89,23:40,57,22:40,2025-05-07 08:27:23.422000,2025-05-07 08:27:23.422000
250810,133,2019-02-22,19,0,12.3,02:03,25.7,15:51,14,3.3,11.4,13:40,23,89,00:10,16,16:30,2025-05-07 08:27:23.498593,2025-05-07 08:27:23.498593
250828,133,2019-02-23,21.2,0,15.9,02:03,26.4,14:08,12,2.5,8.9,11:50,29,53,01:50,17,12:00,2025-05-07 08:27:23.593506,2025-05-07 08:27:23.593506
250846,133,2019-02-24,20.6,0,15.7,22:58,25.4,14:22,99,3.1,8.6,,18,54,22:00,17,13:00,2025-05-07 08:27:23.687530,2025-05-07 08:27:23.687530
250864,133,2019-02-25,17.4,0,12.4,07:44,22.5,15:32,11,1.1,4.7,14:50,60,89,21:10,24,09:30,2025-05-07 08:27:23.770928,2025-05-07 08:27:23.770928
250882,133,2019-02-26,17.6,0,13.3,07:15,21.9,11:37,28,1.7,5.8,00:10,64,88,,20,02:50,2025-05-07 08:27:23.867526,2025-05-07 08:27:23.867526
250900,133,2019-02-27,15.8,0,12.1,06:57,19.4,12:36,6,1.7,5.8,12:20,64,89,08:50,31,05:00,2025-05-07 08:27:23.961154,2025-05-07 08:27:23.961154
250918,133,2019-02-28,15.8,0,13.1,02:57,18.4,13:28,4,1.9,6.9,13:30,73,86,00:00,64,13:30,2025-05-07 08:27:24.040038,2025-05-07 08:27:24.040038
250936,133,2019-03-01,15.9,0,13.2,06:57,18.6,13:53,34,2.2,7.5,13:00,71,83,,52,11:40,2025-05-07 08:27:24.127758,2025-05-07 08:27:24.127758
250954,133,2019-03-02,16.2,0,14.6,,17.8,12:35,6,2.5,6.9,12:20,67,89,05:10,55,12:10,2025-05-07 08:27:24.202303,2025-05-07 08:27:24.202303
250972,133,2019-03-03,15.6,0,13.9,07:00,17.4,12:54,36,2.5,7.8,18:10,79,89,10:00,70,14:30,2025-05-07 08:27:24.289328,2025-05-07 08:27:24.289328
250990,133,2019-03-04,16.1,0,13.5,01:07,18.7,13:54,8,2.2,6.7,13:40,73,86,07:30,58,14:30,2025-05-07 08:27:24.395333,2025-05-07 08:27:24.395333
251008,133,2019-03-05,16.2,0,13.5,07:59,19,13:21,8,1.7,5.8,15:20,68,81,,58,13:20,2025-05-07 08:27:24.500980,2025-05-07 08:27:24.500980
251026,133,2019-03-06,15.9,0,13.1,04:43,18.7,13:31,31,4.7,11.1,13:50,77,90,07:20,65,11:00,2025-05-07 08:27:24.597059,2025-05-07 08:27:24.597059
251043,133,2019-03-07,15.7,0.6,13.8,,17.6,12:51,33,4.4,10.8,11:50,71,91,19:40,61,13:00,2025-05-07 08:27:24.661113,2025-05-07 08:27:24.661113
251060,133,2019-03-08,15.4,1.2,13.5,00:28,17.2,12:14,33,5.3,12.2,09:20,79,96,08:50,66,15:30,2025-05-07 08:27:24.733828,2025-05-07 08:27:24.733828
251078,133,2019-03-09,15.8,0,14.4,,17.2,15:35,35,4.2,9.7,02:10,77,83,,71,15:40,2025-05-07 08:27:24.837295,2025-05-07 08:27:24.837295
251096,133,2019-03-10,17.2,0,14,04:43,20.5,13:43,99,1.9,5.8,00:50,80,92,20:20,67,13:00,2025-05-07 08:27:24.936360,2025-05-07 08:27:24.936360
251114,133,2019-03-11,16.5,0,13.3,07:06,19.7,13:56,99,2.2,5.8,,82,91,,70,13:20,2025-05-07 08:27:25.041481,2025-05-07 08:27:25.041481
251131,133,2019-03-12,15.6,0,12,06:56,19.1,13:51,34,2.2,6.7,14:00,81,93,05:40,71,13:00,2025-05-07 08:27:25.119861,2025-05-07 08:27:25.119861
251148,133,2019-03-13,16.3,0,14.3,04:44,18.3,12:54,32,3.6,9.2,13:50,77,90,23:00,69,12:30,2025-05-07 08:27:25.201411,2025-05-07 08:27:25.201411
251165,133,2019-03-14,16.6,0,14.6,21:28,18.6,14:47,6,1.7,6.1,12:30,80,91,21:40,69,15:10,2025-05-07 08:27:25.277215,2025-05-07 08:27:25.277215
251182,133,2019-03-15,16.9,0,12.9,07:56,20.9,,29,1.7,7.2,23:10,77,93,20:30,65,,2025-05-07 08:27:25.366389,2025-05-07 08:27:25.366389
251199,133,2019-03-16,16.4,0,12.1,06:36,20.6,12:32,32,2.8,9.7,16:50,79,92,03:10,64,06:30,2025-05-07 08:27:25.450408,2025-05-07 08:27:25.450408
251216,133,2019-03-17,16.8,0,14.9,22:17,18.6,14:15,30,3.9,9.7,02:40,75,83,00:00,68,13:30,2025-05-07 08:27:25.534636,2025-05-07 08:27:25.534636
251233,133,2019-03-18,16,0,14.2,05:07,17.8,13:29,32,3.1,7.8,18:20,73,83,04:20,65,13:30,2025-05-07 08:27:25.600929,2025-05-07 08:27:25.600929
251250,133,2019-03-19,15.9,0,14.4,06:31,17.4,14:56,34,3.3,8.3,15:10,70,86,03:10,64,12:40,2025-05-07 08:27:25.685043,2025-05-07 08:27:25.685043
251267,133,2019-03-20,16.3,0,13.7,06:58,18.9,14:33,99,2.5,6.4,,74,85,23:30,65,12:10,2025-05-07 08:27:25.759455,2025-05-07 08:27:25.759455
251284,133,2019-03-21,16.6,0,14.3,,19,14:52,33,1.4,6.7,15:00,75,85,02:50,65,14:20,2025-05-07 08:27:25.837813,2025-05-07 08:27:25.837813
251301,133,2019-03-22,15.9,0,14.2,,17.6,14:51,32,2.8,9.2,17:00,74,82,,65,11:50,2025-05-07 08:27:25.910969,2025-05-07 08:27:25.910969
251318,133,2019-03-23,15.8,0,13.8,22:08,17.8,15:01,33,4.2,9.4,18:50,73,83,01:30,65,11:00,2025-05-07 08:27:26.004873,2025-05-07 08:27:26.004873
251335,133,2019-03-24,15.8,0,12.6,24:00,19,12:08,99,1.7,5.8,,72,83,22:00,58,12:30,2025-05-07 08:27:26.080952,2025-05-07 08:27:26.080952
251352,133,2019-03-25,15.6,5.4,11.9,05:40,19.3,12:17,12,2.2,7.2,18:30,73,92,16:10,52,12:10,2025-05-07 08:27:26.149146,2025-05-07 08:27:26.149146
251369,133,2019-03-26,15.1,1.4,11.5,05:10,18.7,16:51,3,2.2,7.2,14:10,77,93,12:00,69,,2025-05-07 08:27:26.217449,2025-05-07 08:27:26.217449
251386,133,2019-03-27,16.9,0.2,14.5,,19.3,13:23,32,3.3,7.8,11:40,80,92,08:20,69,12:40,2025-05-07 08:27:26.285284,2025-05-07 08:27:26.285284
251403,133,2019-03-28,15.3,4.4,12.5,05:11,18.1,11:05,99,2.5,6.4,12:50,80,93,21:30,73,11:40,2025-05-07 08:27:26.346479,2025-05-07 08:27:26.346479
251420,133,2019-03-29,15.4,2.6,11.6,,19.1,11:29,28,2.2,6.9,21:20,84,92,00:00,69,10:00,2025-05-07 08:27:26.429304,2025-05-07 08:27:26.429304
251437,133,2019-03-30,15,0,11.5,06:59,18.6,16:12,32,2.5,7.2,14:00,74,91,08:40,62,14:40,2025-05-07 08:27:26.518475,2025-05-07 08:27:26.518475
251454,133,2019-03-31,16,0,12.3,06:32,19.7,10:56,26,1.9,6.9,03:50,65,83,,56,10:20,2025-05-07 08:27:26.593385,2025-05-07 08:27:26.593385
251471,133,2019-04-01,,,,,,,0,1.4,,,80,,,,,2025-05-07 08:27:26.676248,2025-05-07 08:27:26.676248
251488,133,2019-04-02,16.5,0,13.2,02:25,19.8,12:25,31,2.2,8.3,16:50,77,92,,65,12:20,2025-05-07 08:27:26.748028,2025-05-07 08:27:26.748028
251505,133,2019-04-03,15.6,17.6,13.6,06:35,17.7,15:59,33,1.9,7.5,11:30,83,94,,65,18:30,2025-05-07 08:27:26.820543,2025-05-07 08:27:26.820543
251522,133,2019-04-04,14.6,0.6,12,04:19,17.3,13:17,29,3.6,10.6,15:50,80,92,,73,12:30,2025-05-07 08:27:26.893096,2025-05-07 08:27:26.893096
251539,133,2019-04-05,15.6,0.2,12.7,03:12,18.6,14:44,32,5,11.9,,75,90,02:50,57,13:10,2025-05-07 08:27:26.970659,2025-05-07 08:27:26.970659
251555,133,2019-04-06,16,0,14,,18,14:00,33,5.3,11.7,11:50,69,80,,60,12:30,2025-05-07 08:27:27.052058,2025-05-07 08:27:27.052058
251572,133,2019-04-07,15.8,0.2,12.3,,19.3,13:43,32,2.8,9.7,12:50,73,83,,64,11:40,2025-05-07 08:27:27.134803,2025-05-07 08:27:27.134803
251589,133,2019-04-08,16.2,0.4,14.1,08:09,18.4,11:54,32,3.3,8.1,13:00,76,95,08:20,64,15:50,2025-05-07 08:27:27.196901,2025-05-07 08:27:27.196901
251606,133,2019-04-09,16.2,1.2,14,03:20,18.5,10:22,34,2.2,7.2,11:30,79,90,15:10,67,09:30,2025-05-07 08:27:27.259058,2025-05-07 08:27:27.259058
251623,133,2019-04-10,16.4,0.2,14.1,03:31,18.6,12:05,30,3.3,10.3,17:00,70,79,21:20,55,09:20,2025-05-07 08:27:27.331053,2025-05-07 08:27:27.331053
251640,133,2019-04-11,16.3,0,14.6,06:33,18,13:41,32,4.4,10.6,21:20,67,77,19:40,57,11:40,2025-05-07 08:27:27.416264,2025-05-07 08:27:27.416264
251657,133,2019-04-12,16.7,0,14.7,,18.7,14:50,30,3.9,9.2,00:50,67,83,10:00,57,14:20,2025-05-07 08:27:27.501571,2025-05-07 08:27:27.501571
251674,133,2019-04-13,17.3,0,15,06:25,19.6,14:12,30,3.1,8.3,11:10,71,85,,58,15:00,2025-05-07 08:27:27.585293,2025-05-07 08:27:27.585293
251691,133,2019-04-14,16.4,0,12.5,06:18,20.4,13:18,33,3.3,9.2,16:10,76,85,,68,13:20,2025-05-07 08:27:27.671632,2025-05-07 08:27:27.671632
251708,133,2019-04-15,18.4,0,15.4,03:08,21.3,15:13,30,3.1,8.9,02:10,69,84,,59,,2025-05-07 08:27:27.742676,2025-05-07 08:27:27.742676
251725,133,2019-04-16,18.4,0,15.7,06:20,21.1,14:19,28,1.9,7.8,21:10,75,90,03:50,65,11:40,2025-05-07 08:27:27.804596,2025-05-07 08:27:27.804596
251742,133,2019-04-17,17.8,0,14.3,07:13,21.4,10:51,99,3.3,9.2,,77,89,15:10,58,10:40,2025-05-07 08:27:27.879700,2025-05-07 08:27:27.879700
251759,133,2019-04-18,17,0,15.2,04:13,18.7,13:10,36,5.3,10,14:50,70,80,06:40,62,14:40,2025-05-07 08:27:27.948378,2025-05-07 08:27:27.948378
251776,133,2019-04-19,16.5,0,14.6,04:30,18.4,14:20,32,5,11.7,20:40,68,86,04:30,59,10:50,2025-05-07 08:27:28.026906,2025-05-07 08:27:28.026906
251793,133,2019-04-20,16,1,13.9,07:24,18,14:11,34,4.2,10.3,01:00,80,94,12:30,65,14:20,2025-05-07 08:27:28.102553,2025-05-07 08:27:28.102553
251810,133,2019-04-21,17.2,0.2,14.5,07:09,19.8,13:04,34,3.9,10.8,15:00,77,92,07:20,60,11:10,2025-05-07 08:27:28.192523,2025-05-07 08:27:28.192523
251827,133,2019-04-22,17.7,0,15.4,,20,13:46,29,5.8,13.3,19:50,75,86,,65,13:50,2025-05-07 08:27:28.279072,2025-05-07 08:27:28.279072
251844,133,2019-04-23,18.2,1,15.3,23:56,21.1,11:29,29,5,13.6,03:30,79,92,14:30,55,10:50,2025-05-07 08:27:28.356533,2025-05-07 08:27:28.356533
251861,133,2019-04-24,17.4,0,14.6,,20.2,13:18,33,3.9,10,16:30,71,81,,60,10:40,2025-05-07 08:27:28.409302,2025-05-07 08:27:28.409302
251878,133,2019-04-25,17.8,0,14.9,02:02,20.6,15:12,30,2.8,8.6,15:50,63,80,,53,15:30,2025-05-07 08:27:28.480829,2025-05-07 08:27:28.480829
251895,133,2019-04-26,17,0.2,15,07:59,19.1,12:01,35,3.6,9.2,17:30,72,88,,59,11:40,2025-05-07 08:27:28.561624,2025-05-07 08:27:28.561624
251912,133,2019-04-27,16.4,0,14.9,07:06,18,14:28,32,4.2,10.8,15:50,79,85,00:10,71,,2025-05-07 08:27:28.636141,2025-05-07 08:27:28.636141
251929,133,2019-04-28,17.6,0,15.6,,19.7,15:27,33,4.7,11.7,15:50,76,85,,67,15:50,2025-05-07 08:27:28.715760,2025-05-07 08:27:28.715760
251946,133,2019-04-29,17.6,0,15.6,06:24,19.7,14:15,28,3.9,11.4,10:50,76,88,20:30,70,13:40,2025-05-07 08:27:28.794952,2025-05-07 08:27:28.794952
251963,133,2019-04-30,18,0,15.4,,20.5,14:29,28,4.7,10.3,17:00,78,90,,68,14:20,2025-05-07 08:27:28.867397,2025-05-07 08:27:28.867397
251980,133,2019-05-01,17.2,0,15.5,05:19,18.8,13:36,30,5.3,10.8,11:30,74,90,00:00,66,,2025-05-07 08:27:28.942825,2025-05-07 08:27:28.942825
251997,133,2019-05-02,17.7,0.2,15.5,05:35,19.9,14:27,32,4.2,10.6,15:50,71,86,22:40,54,14:30,2025-05-07 08:27:29.001757,2025-05-07 08:27:29.001757
252014,133,2019-05-03,17.4,0,15.2,01:03,19.7,12:04,31,4.2,10.8,14:50,71,91,01:20,52,11:50,2025-05-07 08:27:29.073573,2025-05-07 08:27:29.073573
252031,133,2019-05-04,17.6,0,15.7,05:32,19.4,12:43,30,3.9,10.8,15:50,67,79,06:10,58,12:30,2025-05-07 08:27:29.154216,2025-05-07 08:27:29.154216
252048,133,2019-05-05,17.3,0,15.1,06:38,19.5,12:51,32,3.6,9.2,16:10,63,71,21:50,55,13:30,2025-05-07 08:27:29.243336,2025-05-07 08:27:29.243336
252065,133,2019-05-06,17.3,0,15,06:08,19.6,14:49,33,2.8,8.6,20:50,69,78,,60,13:30,2025-05-07 08:27:29.326746,2025-05-07 08:27:29.326746
252082,133,2019-05-07,17.2,0,14.9,06:11,19.5,12:53,30,3.1,8.3,17:40,72,83,21:20,64,13:30,2025-05-07 08:27:29.400969,2025-05-07 08:27:29.400969
252099,133,2019-05-08,18.6,0,15,03:21,22.2,15:14,31,1.9,6.7,00:30,74,86,,63,14:20,2025-05-07 08:27:29.483192,2025-05-07 08:27:29.483192
252116,133,2019-05-09,18.6,0,15.9,01:08,21.4,14:03,31,2.8,7.5,19:50,80,91,06:40,66,13:10,2025-05-07 08:27:29.557918,2025-05-07 08:27:29.557918
252133,133,2019-05-10,18.6,0,16.5,,20.7,15:46,33,2.5,7.8,15:30,73,85,,65,13:40,2025-05-07 08:27:29.643363,2025-05-07 08:27:29.643363
252150,133,2019-05-11,18.9,0,16.2,06:00,21.6,14:33,34,2.2,6.4,14:40,78,91,23:30,70,13:40,2025-05-07 08:27:29.705632,2025-05-07 08:27:29.705632
252168,133,2019-05-12,18.6,0,15.9,,21.3,14:22,30,3.9,9.4,16:10,83,93,,72,14:30,2025-05-07 08:27:29.784597,2025-05-07 08:27:29.784597
252186,133,2019-05-13,19,0,15.9,05:43,22,12:50,33,4.7,12.8,14:10,79,90,,67,21:50,2025-05-07 08:27:29.859769,2025-05-07 08:27:29.859769
252204,133,2019-05-14,18.4,0,16,03:40,20.8,14:07,34,5.8,11.7,13:10,77,93,,69,14:10,2025-05-07 08:27:29.955084,2025-05-07 08:27:29.955084
252222,133,2019-05-15,18.8,0,16.7,02:05,21,13:44,31,4.4,10.8,14:50,78,88,,70,,2025-05-07 08:27:30.110923,2025-05-07 08:27:30.110923
252240,133,2019-05-16,19.2,0,16.2,02:36,22.1,13:26,30,3.3,8.1,18:20,80,91,,71,12:30,2025-05-07 08:27:30.332044,2025-05-07 08:27:30.332044
252258,133,2019-05-17,19.2,0,16.7,00:32,21.8,13:06,35,1.9,6.1,14:40,82,94,,71,13:10,2025-05-07 08:27:30.568803,2025-05-07 08:27:30.568803
252276,133,2019-05-18,18.2,0,16.3,06:26,20,13:48,32,2.5,7.2,,81,89,,69,12:40,2025-05-07 08:27:30.770637,2025-05-07 08:27:30.770637
252294,133,2019-05-19,17,0,15.9,09:44,18.2,14:26,32,3.9,10.3,11:50,83,93,09:50,75,18:50,2025-05-07 08:27:30.988051,2025-05-07 08:27:30.988051
252312,133,2019-05-20,18,0,15.8,03:25,20.1,15:31,31,3.3,9.2,15:10,77,89,07:40,64,15:40,2025-05-07 08:27:31.244039,2025-05-07 08:27:31.244039
252330,133,2019-05-21,17.8,0,15.8,07:22,19.9,13:11,35,3.3,8.6,14:40,74,90,07:30,61,15:20,2025-05-07 08:27:31.480578,2025-05-07 08:27:31.480578
252348,133,2019-05-22,18.1,0,16.7,,19.5,15:40,32,4.2,11.1,11:50,85,91,05:10,73,13:20,2025-05-07 08:27:31.713642,2025-05-07 08:27:31.713642
252366,133,2019-05-23,18.1,0,16.4,23:57,19.8,12:57,32,5,11.7,12:50,77,87,23:40,70,15:30,2025-05-07 08:27:31.936885,2025-05-07 08:27:31.936885
252384,133,2019-05-24,18.8,0,16.2,02:21,21.5,15:05,32,4.4,8.9,11:40,79,89,,66,11:00,2025-05-07 08:27:32.253079,2025-05-07 08:27:32.253079
252402,133,2019-05-25,17.6,0,15.9,06:04,19.4,14:59,30,3.9,10,17:40,89,96,06:40,74,15:50,2025-05-07 08:27:32.532810,2025-05-07 08:27:32.532810
252420,133,2019-05-26,18.2,0,15.9,06:04,20.6,12:51,33,4.2,10,13:00,79,89,,71,12:40,2025-05-07 08:27:32.744128,2025-05-07 08:27:32.744128
252438,133,2019-05-27,19,0,15.7,04:43,22.3,12:14,32,4.2,9.2,18:10,79,91,,66,11:50,2025-05-07 08:27:32.941407,2025-05-07 08:27:32.941407
252456,133,2019-05-28,18.8,0,16.9,,20.7,14:07,32,4.7,8.9,,82,91,01:00,72,14:00,2025-05-07 08:27:33.165043,2025-05-07 08:27:33.165043
252474,133,2019-05-29,18.2,0,16.1,07:00,20.4,14:13,32,5.3,10.6,13:00,78,87,04:00,70,14:50,2025-05-07 08:27:33.376422,2025-05-07 08:27:33.376422
252492,133,2019-05-30,18,0,15.7,05:06,20.4,13:58,32,5,11.4,14:40,78,86,,72,12:50,2025-05-07 08:27:33.612640,2025-05-07 08:27:33.612640
252510,133,2019-05-31,18.6,0,16.1,05:09,21.1,15:03,30,4.7,13.1,19:50,82,89,,74,,2025-05-07 08:27:33.829665,2025-05-07 08:27:33.829665
252528,133,2019-06-01,19,0,16.4,03:34,21.6,13:52,34,4.4,11.7,15:50,84,93,04:20,77,,2025-05-07 08:27:34.090340,2025-05-07 08:27:34.090340
252546,133,2019-06-02,20.2,0,16.1,03:11,24.3,17:07,31,2.8,8.3,14:10,80,97,08:00,55,22:40,2025-05-07 08:27:34.332889,2025-05-07 08:27:34.332889
252564,133,2019-06-03,21.5,0,18.1,,24.9,16:22,28,2.5,7.8,22:10,55,92,01:10,34,07:00,2025-05-07 08:27:34.554061,2025-05-07 08:27:34.554061
252582,133,2019-06-04,20.2,0,16.5,05:43,23.8,11:50,99,3.6,8.9,17:50,69,95,,47,11:20,2025-05-07 08:27:34.848685,2025-05-07 08:27:34.848685
252600,133,2019-06-05,19.4,0,17.1,23:56,21.6,13:14,32,3.6,8.3,02:50,82,93,20:10,73,11:50,2025-05-07 08:27:35.121191,2025-05-07 08:27:35.121191
252618,133,2019-06-06,18.4,0,16.7,,20.2,12:15,30,4.2,10.3,15:30,68,82,00:00,61,11:00,2025-05-07 08:27:35.297001,2025-05-07 08:27:35.297001
252636,133,2019-06-07,18.6,0,16,05:23,21.2,15:17,34,3.1,9.2,00:30,78,88,20:50,65,15:20,2025-05-07 08:27:35.511329,2025-05-07 08:27:35.511329
252654,133,2019-06-08,18.7,0,16.7,23:27,20.7,14:58,30,3.1,8.9,16:20,81,94,01:20,62,15:40,2025-05-07 08:27:35.718207,2025-05-07 08:27:35.718207
252672,133,2019-06-09,18.3,0,16.3,01:32,20.3,13:15,34,3.6,8.9,17:00,65,80,22:00,58,13:00,2025-05-07 08:27:35.996020,2025-05-07 08:27:35.996020
252690,133,2019-06-10,18.6,0,16.8,,20.5,13:05,33,4.7,10.8,13:50,75,85,19:00,67,13:00,2025-05-07 08:27:36.249183,2025-05-07 08:27:36.249183
252708,133,2019-06-11,17.9,0,16.3,05:22,19.5,13:54,30,4.4,10.8,17:40,82,92,11:20,76,08:20,2025-05-07 08:27:36.492984,2025-05-07 08:27:36.492984
252726,133,2019-06-12,18.4,0,16,07:36,20.9,14:08,33,4.2,10.6,16:00,83,97,07:30,61,15:00,2025-05-07 08:27:36.741223,2025-05-07 08:27:36.741223
252744,133,2019-06-13,18.6,0,15.8,02:34,21.3,13:40,31,4.2,10,13:50,66,87,02:40,53,12:30,2025-05-07 08:27:36.916964,2025-05-07 08:27:36.916964
252762,133,2019-06-14,17.2,0,14.7,06:11,19.7,13:13,32,2.2,6.1,11:50,73,83,,57,16:20,2025-05-07 08:27:37.138613,2025-05-07 08:27:37.138613
252780,133,2019-06-15,17.9,0,15.2,02:56,20.6,10:00,4,1.9,6.9,11:30,72,83,05:30,55,09:20,2025-05-07 08:27:37.360141,2025-05-07 08:27:37.360141
252798,133,2019-06-16,17.4,0,14.1,05:11,20.6,15:48,3,2.2,5.3,10:00,73,84,06:00,67,14:00,2025-05-07 08:27:37.593797,2025-05-07 08:27:37.593797
252816,133,2019-06-17,18.8,0,14.3,,23.2,15:07,2,1.7,5,12:10,68,88,03:50,59,12:10,2025-05-07 08:27:37.894503,2025-05-07 08:27:37.894503
252854,133,2019-06-20,20.4,0,18,02:40,22.9,13:25,33,3.9,9.7,15:20,77,90,,62,12:40,2025-05-07 08:27:38.426488,2025-05-07 08:27:38.426488
252871,133,2019-06-21,19.8,0,17.6,04:57,22.1,14:18,32,3.9,10.3,08:10,79,89,,66,15:50,2025-05-07 08:27:38.638740,2025-05-07 08:27:38.638740
252888,133,2019-06-22,19.6,0,17.2,04:08,22,12:45,32,4.2,10.6,14:30,73,87,,65,,2025-05-07 08:27:38.898383,2025-05-07 08:27:38.898383
252906,133,2019-06-23,21.2,0,18.3,04:12,24.1,13:01,30,2.5,8.3,01:10,74,92,06:00,64,,2025-05-07 08:27:39.063069,2025-05-07 08:27:39.063069
252924,133,2019-06-24,21.4,0,18.3,06:06,24.6,11:19,7,1.7,6.7,11:50,76,89,,63,11:20,2025-05-07 08:28:41.860256,2025-05-07 08:28:41.860256
252942,133,2019-06-25,20,0,18.5,,21.6,16:36,99,2.5,8.9,22:50,89,96,,79,15:40,2025-05-07 08:28:42.129339,2025-05-07 08:28:42.129339
252960,133,2019-06-26,20.6,0.2,18.3,05:01,22.8,13:06,31,3.6,9.2,01:00,77,93,,67,12:40,2025-05-07 08:28:42.366564,2025-05-07 08:28:42.366564
252978,133,2019-06-27,20.6,0,18,03:43,23.1,13:52,34,4.2,8.3,15:00,71,84,04:20,57,13:10,2025-05-07 08:28:42.629944,2025-05-07 08:28:42.629944
252996,133,2019-06-28,20,0,17.8,03:25,22.2,13:58,31,4.2,9.4,16:20,73,84,04:10,63,11:50,2025-05-07 08:28:42.845374,2025-05-07 08:28:42.845374
253014,133,2019-06-29,20.2,0,17.4,05:30,22.9,14:16,33,2.5,8.9,14:30,73,87,06:20,61,16:00,2025-05-07 08:28:43.112151,2025-05-07 08:28:43.112151
253032,133,2019-06-30,20.2,0,17.8,04:52,22.6,14:09,33,3.6,8.9,11:20,75,86,00:40,63,14:00,2025-05-07 08:28:43.358402,2025-05-07 08:28:43.358402
253050,133,2019-07-01,20,0,17.9,04:12,22.1,13:51,32,4.2,9.4,12:10,75,84,02:20,66,12:40,2025-05-07 08:28:43.581074,2025-05-07 08:28:43.581074
253068,133,2019-07-02,19.7,0,18.3,06:19,21.1,14:16,31,3.9,8.6,02:50,75,84,01:50,66,14:20,2025-05-07 08:28:43.785592,2025-05-07 08:28:43.785592
253086,133,2019-07-03,20.3,0,17.9,04:30,22.7,13:05,32,3.3,9.7,15:50,71,86,04:30,60,11:40,2025-05-07 08:28:43.998951,2025-05-07 08:28:43.998951
253104,133,2019-07-04,19.6,0,17.6,07:08,21.6,16:24,31,3.6,8.6,09:50,78,89,06:30,67,16:30,2025-05-07 08:28:44.227454,2025-05-07 08:28:44.227454
253122,133,2019-07-05,19.9,0,17.6,01:52,22.2,16:48,30,2.2,6.4,14:50,79,88,,71,15:40,2025-05-07 08:28:44.455361,2025-05-07 08:28:44.455361
253140,133,2019-07-06,20.4,0,18.4,00:03,22.5,15:05,33,3.9,8.3,18:40,78,92,,65,15:50,2025-05-07 08:28:44.681319,2025-05-07 08:28:44.681319
253158,133,2019-07-07,20.4,0,18.1,02:42,22.7,14:40,30,3.6,8.6,12:40,80,88,04:30,71,11:10,2025-05-07 08:28:44.914422,2025-05-07 08:28:44.914422
253176,133,2019-07-08,20.2,0,18,03:59,22.4,13:01,35,3.6,8.6,11:40,78,89,,63,15:20,2025-05-07 08:28:45.139967,2025-05-07 08:28:45.139967
253194,133,2019-07-09,20.1,0,18,06:22,22.2,11:49,32,4.2,10.3,19:50,79,88,01:20,65,11:50,2025-05-07 08:28:45.374008,2025-05-07 08:28:45.374008
253211,133,2019-07-10,20.2,0,18.2,05:57,22.1,11:50,30,5.3,10.8,13:20,79,88,,67,12:40,2025-05-07 08:28:45.677160,2025-05-07 08:28:45.677160
253228,133,2019-07-11,20.8,0,18.1,05:00,23.5,14:33,30,3.6,10.8,11:40,75,88,,58,14:50,2025-05-07 08:28:45.912574,2025-05-07 08:28:45.912574
253246,133,2019-07-12,20.6,0,18.1,06:11,23.2,13:14,31,2.8,7.5,12:30,71,90,01:30,64,17:10,2025-05-07 08:28:46.209817,2025-05-07 08:28:46.209817
253264,133,2019-07-13,20.9,0.6,18.4,05:00,23.4,13:15,32,4.2,9.2,15:20,80,91,,71,13:10,2025-05-07 08:28:46.429616,2025-05-07 08:28:46.429616
253282,133,2019-07-14,19.8,0.2,18.2,07:28,21.4,12:45,30,4.4,10,22:50,92,98,07:10,85,17:50,2025-05-07 08:28:46.719108,2025-05-07 08:28:46.719108
253300,133,2019-07-15,21.1,0,19.1,,23.1,11:19,28,5,9.7,15:10,84,90,00:50,73,11:00,2025-05-07 08:28:46.939060,2025-05-07 08:28:46.939060
253318,133,2019-07-16,20.2,0,18.8,,21.5,14:16,32,4.2,8.9,19:50,85,88,,77,14:20,2025-05-07 08:28:47.144273,2025-05-07 08:28:47.144273
253336,133,2019-07-17,19.9,0,18.6,06:41,21.2,15:59,32,3.6,8.3,21:30,84,91,,76,16:00,2025-05-07 08:28:47.373403,2025-05-07 08:28:47.373403
253354,133,2019-07-18,19.6,0,18.1,05:22,21.1,13:29,99,6.1,11.7,13:50,76,83,17:50,66,13:30,2025-05-07 08:28:47.652307,2025-05-07 08:28:47.652307
253372,133,2019-07-19,20.4,0,18.6,02:45,22.3,14:33,31,5.3,13.1,08:50,75,91,23:10,66,12:20,2025-05-07 08:28:47.950859,2025-05-07 08:28:47.950859
253390,133,2019-07-20,20.6,0,18.2,05:44,23,15:42,34,4.4,10.8,14:50,80,94,06:00,65,15:50,2025-05-07 08:28:48.269475,2025-05-07 08:28:48.269475
253408,133,2019-07-21,20.4,0,18.8,06:02,21.9,15:01,31,2.8,7.8,16:50,79,89,01:40,73,15:00,2025-05-07 08:28:48.560981,2025-05-07 08:28:48.560981
253426,133,2019-07-22,20.5,0,18.5,06:22,22.5,12:56,32,4.2,9.4,21:30,78,86,03:30,71,,2025-05-07 08:28:48.799228,2025-05-07 08:28:48.799228
253444,133,2019-07-23,20.4,0,18.2,05:58,22.5,13:40,99,5.3,10.8,,76,84,,70,12:40,2025-05-07 08:28:49.051189,2025-05-07 08:28:49.051189
253462,133,2019-07-24,20.8,0,18.3,06:27,23.4,15:09,28,4.4,10,03:20,79,87,,70,,2025-05-07 08:28:49.339431,2025-05-07 08:28:49.339431
253480,133,2019-07-25,21,0,18,05:40,23.9,13:08,31,2.8,8.9,20:20,70,92,22:30,48,09:10,2025-05-07 08:28:49.624579,2025-05-07 08:28:49.624579
253498,133,2019-07-26,20.8,0,18.8,06:23,22.9,,30,3.3,8.1,23:30,86,92,,76,,2025-05-07 08:28:49.884257,2025-05-07 08:28:49.884257
253516,133,2019-07-27,20.4,0,18.8,,22,14:54,32,3.9,9.7,16:20,83,93,,71,15:30,2025-05-07 08:28:50.146621,2025-05-07 08:28:50.146621
253534,133,2019-07-28,20.2,0.4,18.8,01:02,21.5,13:56,31,4.2,10.3,12:50,89,97,08:50,77,17:10,2025-05-07 08:28:50.356761,2025-05-07 08:28:50.356761
253552,133,2019-07-29,21,0.2,19.2,,22.8,13:09,34,4.2,10,10:10,75,90,22:40,65,12:20,2025-05-07 08:28:50.552664,2025-05-07 08:28:50.552664
253570,133,2019-07-30,20,0,18.4,06:01,21.6,12:14,99,6.1,11.1,,87,95,06:20,75,,2025-05-07 08:28:50.769635,2025-05-07 08:28:50.769635
253605,133,2019-08-01,20.9,0,18.5,06:25,23.3,13:35,28,4.2,10.6,20:50,71,81,22:50,61,12:30,2025-05-07 08:28:51.194305,2025-05-07 08:28:51.194305
253623,133,2019-08-02,21.2,0,18.8,06:18,23.5,15:13,33,4.2,9.4,18:20,76,84,05:10,65,,2025-05-07 08:28:51.430580,2025-05-07 08:28:51.430580
253641,133,2019-08-03,20.4,0,18.9,,21.9,14:44,33,4.2,10.3,14:20,77,84,02:40,68,14:20,2025-05-07 08:28:51.684856,2025-05-07 08:28:51.684856
253659,133,2019-08-04,21.2,0,18.7,05:20,23.7,14:54,32,3.6,9.7,12:30,76,86,21:40,63,,2025-05-07 08:28:51.918248,2025-05-07 08:28:51.918248
253677,133,2019-08-05,21.8,0,19.7,05:52,23.9,15:24,99,4.4,8.6,,81,91,04:40,68,13:30,2025-05-07 08:28:52.140491,2025-05-07 08:28:52.140491
253695,133,2019-08-06,21.6,0,19.5,23:41,23.8,11:49,30,4.4,11.4,14:50,74,91,01:30,67,11:50,2025-05-07 08:28:52.375925,2025-05-07 08:28:52.375925
253713,133,2019-08-07,21.8,0,19.2,05:54,24.3,14:24,28,3.1,8.3,10:00,77,90,,67,13:00,2025-05-07 08:28:52.485068,2025-05-07 08:28:52.485068
253731,133,2019-08-08,22,0,19.3,,24.6,12:22,32,2.2,6.1,17:20,79,89,01:00,70,13:30,2025-05-07 08:28:52.587058,2025-05-07 08:28:52.587058
253749,133,2019-08-09,22.2,0,19.2,06:23,25.3,13:40,32,2.5,8.3,17:20,80,91,23:50,66,13:40,2025-05-07 08:28:52.689461,2025-05-07 08:28:52.689461
253767,133,2019-08-10,22.4,1.4,19.7,02:01,25,11:51,99,3.1,8.3,,79,94,23:50,66,09:50,2025-05-07 08:28:52.786005,2025-05-07 08:28:52.786005
253785,133,2019-08-11,21.2,0,19.4,23:52,23.1,14:15,32,4.2,10,14:10,86,96,,74,15:50,2025-05-07 08:28:52.884118,2025-05-07 08:28:52.884118
253802,133,2019-08-12,21,0,19.3,,22.7,15:13,30,4.4,10,11:20,79,90,,69,15:20,2025-05-07 08:28:52.986018,2025-05-07 08:28:52.986018
253820,133,2019-08-13,20.7,0,18.8,,22.6,12:14,31,4.7,10,19:20,78,88,,71,12:40,2025-05-07 08:28:53.090527,2025-05-07 08:28:53.090527
253838,133,2019-08-14,21.2,0,18.3,04:56,24.2,15:13,30,3.9,9.2,13:20,77,89,,66,14:30,2025-05-07 08:28:53.166769,2025-05-07 08:28:53.166769
253856,133,2019-08-15,21.2,0,18.8,03:27,23.7,13:30,33,4.4,10,13:40,81,91,,74,13:40,2025-05-07 08:28:53.237426,2025-05-07 08:28:53.237426
253874,133,2019-08-16,23.1,0,19.7,,26.5,14:24,32,4.2,9.4,17:20,81,93,,66,12:10,2025-05-07 08:28:53.308306,2025-05-07 08:28:53.308306
253891,133,2019-08-17,23.8,0,20.1,05:59,27.4,15:48,99,3.1,7.2,,76,93,,50,23:59,2025-05-07 08:28:53.379237,2025-05-07 08:28:53.379237
253908,133,2019-08-18,23.4,0,20.2,23:49,26.7,12:27,28,3.3,8.3,22:50,75,87,07:40,44,02:50,2025-05-07 08:28:53.466572,2025-05-07 08:28:53.466572
253926,133,2019-08-19,22.7,0,18.6,,26.8,12:13,28,2.8,7.8,03:20,79,93,,63,14:10,2025-05-07 08:28:53.545430,2025-05-07 08:28:53.545430
253944,133,2019-08-20,22.4,0,19.2,,25.6,15:05,32,3.6,8.1,18:30,76,88,,58,14:10,2025-05-07 08:28:53.680116,2025-05-07 08:28:53.680116
253962,133,2019-08-21,21,0,19.2,00:46,22.8,13:21,30,5,9.2,17:30,78,87,,71,13:00,2025-05-07 08:28:53.867850,2025-05-07 08:28:53.867850
253980,133,2019-08-22,21.5,0,18.9,05:52,24.1,14:52,27,4.7,10.3,20:40,77,87,,67,13:00,2025-05-07 08:28:54.117089,2025-05-07 08:28:54.117089
253997,133,2019-08-23,21.6,0,19.4,,23.8,14:34,30,4.4,9.7,17:50,84,92,,76,,2025-05-07 08:28:54.218189,2025-05-07 08:28:54.218189
254014,133,2019-08-24,23.8,0,19.5,02:47,28,18:08,28,2.8,8.1,23:50,63,94,01:50,34,18:00,2025-05-07 08:28:54.316334,2025-05-07 08:28:54.316334
254032,133,2019-08-25,23.2,3.6,20.3,,26.1,11:19,33,2.5,9.4,14:30,89,94,,62,23:00,2025-05-07 08:28:54.424112,2025-05-07 08:28:54.424112
254050,133,2019-08-26,22,0,20.1,23:49,23.9,16:05,99,2.2,6.1,,85,94,,72,00:00,2025-05-07 08:28:54.512808,2025-05-07 08:28:54.512808
254068,133,2019-08-27,21.8,0,19.3,,24.3,13:18,34,2.5,6.4,12:20,80,90,,68,14:40,2025-05-07 08:28:54.621159,2025-05-07 08:28:54.621159
254086,133,2019-08-28,22,0,19.4,,24.6,13:55,31,3.1,8.3,18:20,79,91,06:30,64,14:00,2025-05-07 08:28:54.698333,2025-05-07 08:28:54.698333
254104,133,2019-08-29,21.6,0,19,06:52,24.1,15:31,28,3.3,9.7,16:40,81,91,,71,15:40,2025-05-07 08:28:54.769736,2025-05-07 08:28:54.769736
254122,133,2019-08-30,21.9,0,19.1,03:06,24.7,14:18,31,3.1,8.6,19:00,81,90,,70,14:20,2025-05-07 08:28:54.840124,2025-05-07 08:28:54.840124
254140,133,2019-08-31,21.6,0,19.7,03:59,23.4,14:04,30,3.6,7.8,03:20,82,90,20:30,70,15:30,2025-05-07 08:28:54.971294,2025-05-07 08:28:54.971294
254157,133,2019-09-01,21.8,0,19.6,,24.1,15:48,32,2.8,7.5,16:20,70,89,07:50,58,14:40,2025-05-07 08:28:55.135485,2025-05-07 08:28:55.135485
254174,133,2019-09-02,21,0,18.3,06:02,23.7,14:53,33,2.8,8.1,16:10,72,89,03:00,58,15:10,2025-05-07 08:28:55.413389,2025-05-07 08:28:55.413389
254192,133,2019-09-03,21.1,0,18.1,05:36,24.1,15:39,32,3.1,8.1,17:20,75,87,04:00,60,15:00,2025-05-07 08:28:55.624750,2025-05-07 08:28:55.624750
254210,133,2019-09-04,21.6,0,18.9,06:05,24.2,14:42,33,2.5,8.3,12:50,74,88,03:50,56,13:20,2025-05-07 08:28:55.938883,2025-05-07 08:28:55.938883
254228,133,2019-09-05,22.2,0,19.4,,25,12:30,29,4.2,11.4,22:40,73,90,,52,13:40,2025-05-07 08:28:56.180732,2025-05-07 08:28:56.180732
254245,133,2019-09-06,21.8,0,19.9,03:24,23.8,12:26,31,4.4,11.1,21:00,81,90,07:40,71,12:30,2025-05-07 08:28:56.481388,2025-05-07 08:28:56.481388
254262,133,2019-09-07,22.1,0,19.8,,24.4,15:16,30,4.7,11.9,13:20,68,84,23:59,57,13:40,2025-05-07 08:28:56.716241,2025-05-07 08:28:56.716241
254280,133,2019-09-08,21.6,0,19.6,01:57,23.5,13:28,28,2.5,9.7,01:00,80,89,20:40,73,08:30,2025-05-07 08:28:56.961218,2025-05-07 08:28:56.961218
254298,133,2019-09-09,21.6,0,18.9,06:50,24.2,15:35,32,1.9,7.2,17:50,78,89,,68,11:40,2025-05-07 08:28:57.206736,2025-05-07 08:28:57.206736
254316,133,2019-09-10,22.3,0,19.4,,25.2,13:34,99,3.3,7.5,,77,87,00:00,62,11:40,2025-05-07 08:28:57.476307,2025-05-07 08:28:57.476307
254334,133,2019-09-11,21.8,0,19.5,23:48,24.2,13:24,31,4.2,10.6,17:00,72,87,,57,13:30,2025-05-07 08:28:57.723429,2025-05-07 08:28:57.723429
254352,133,2019-09-12,21,0,18.6,04:52,23.5,14:48,32,5,11.1,10:00,76,85,21:00,65,16:00,2025-05-07 08:28:57.920493,2025-05-07 08:28:57.920493
254370,133,2019-09-13,22,0,19.4,,24.5,13:21,31,3.6,8.6,09:40,77,90,04:50,64,13:30,2025-05-07 08:28:58.155407,2025-05-07 08:28:58.155407
254388,133,2019-09-14,20.9,0,17.2,05:02,24.6,13:04,35,1.9,6.1,15:50,76,88,03:00,64,13:40,2025-05-07 08:28:58.340450,2025-05-07 08:28:58.340450
254406,133,2019-09-15,21.2,0.2,16.9,06:28,25.6,15:03,6,1.7,5.3,12:20,70,91,,48,14:20,2025-05-07 08:28:58.554598,2025-05-07 08:28:58.554598
254424,133,2019-09-16,21.6,2,20,,23.2,15:35,14,4.2,11.7,13:50,89,96,,64,00:40,2025-05-07 08:28:58.788864,2025-05-07 08:28:58.788864
254442,133,2019-09-17,21.8,0,19.7,,23.8,14:33,32,2.2,7.2,00:30,83,96,,72,14:10,2025-05-07 08:28:59.012652,2025-05-07 08:28:59.012652
254460,133,2019-09-18,22,0,19.4,05:52,24.5,13:38,34,1.9,6.4,13:10,76,88,,67,13:20,2025-05-07 08:28:59.224758,2025-05-07 08:28:59.224758
254477,133,2019-09-19,21.6,0,19.3,06:09,24,13:19,34,2.5,7.2,14:50,81,89,,69,13:10,2025-05-07 08:28:59.483793,2025-05-07 08:28:59.483793
254495,133,2019-09-20,22,0,19.4,03:24,24.6,14:21,32,2.5,7.2,16:40,75,89,,62,15:20,2025-05-07 08:28:59.786256,2025-05-07 08:28:59.786256
254513,133,2019-09-21,21.6,0,17.7,06:54,25.5,14:06,32,2.5,7.2,12:30,75,88,23:10,61,14:20,2025-05-07 08:29:00.023653,2025-05-07 08:29:00.023653
254531,133,2019-09-22,22.8,1.8,18.9,06:17,26.6,15:13,35,2.5,6.7,11:50,79,95,,65,15:20,2025-05-07 08:29:00.265993,2025-05-07 08:29:00.265993
254549,133,2019-09-23,21.4,0,19,05:59,23.7,14:54,30,2.8,7.8,14:50,80,95,,65,14:40,2025-05-07 08:29:00.565522,2025-05-07 08:29:00.565522
254567,133,2019-09-24,21.6,0,19.2,07:31,24,12:50,32,3.6,8.9,11:20,74,91,03:50,63,13:00,2025-05-07 08:29:00.779426,2025-05-07 08:29:00.779426
254585,133,2019-09-25,22,0,19.3,06:52,24.7,13:40,34,3.3,7.8,15:00,77,88,21:00,64,14:00,2025-05-07 08:29:00.967396,2025-05-07 08:29:00.967396
254603,133,2019-09-26,22.2,0,20,05:04,24.3,14:52,35,2.8,7.2,16:30,78,88,,66,13:30,2025-05-07 08:29:01.182276,2025-05-07 08:29:01.182276
254621,133,2019-09-27,22.2,0,19.8,23:59,24.6,13:33,34,3.3,7.8,13:20,76,88,,64,13:20,2025-05-07 08:29:01.419076,2025-05-07 08:29:01.419076
254639,133,2019-09-28,21.2,0,18.8,05:28,23.5,14:16,32,2.5,6.9,02:20,79,90,,70,13:40,2025-05-07 08:29:01.699623,2025-05-07 08:29:01.699623
254657,133,2019-09-29,22.6,0,19.7,05:03,25.5,14:04,31,3.1,7.8,18:50,80,88,,68,14:10,2025-05-07 08:29:01.968933,2025-05-07 08:29:01.968933
254674,133,2019-09-30,22.4,0,18.4,03:59,26.5,12:39,29,3.6,9.7,17:40,82,94,05:10,47,23:59,2025-05-07 08:29:02.166487,2025-05-07 08:29:02.166487
254691,133,2019-10-01,22.6,0,18.5,06:08,26.7,14:55,32,1.9,5.8,09:40,73,91,,28,02:00,2025-05-07 08:29:02.396774,2025-05-07 08:29:02.396774
254709,133,2019-10-02,24,0,19.2,03:07,28.8,11:35,25,1.4,6.1,05:30,53,93,01:50,34,07:00,2025-05-07 08:29:02.686857,2025-05-07 08:29:02.686857
254727,133,2019-10-03,22.6,0,19.8,02:59,25.5,12:53,29,2.5,8.9,23:00,72,89,00:00,59,04:00,2025-05-07 08:29:02.931481,2025-05-07 08:29:02.931481
254745,133,2019-10-04,21.7,0,19.7,05:19,23.7,12:31,31,4.7,9.2,11:20,80,90,04:50,71,13:30,2025-05-07 08:29:03.217632,2025-05-07 08:29:03.217632
254763,133,2019-10-05,22,0,20.1,,23.9,12:39,32,3.9,8.6,,80,90,07:40,71,,2025-05-07 08:29:03.516214,2025-05-07 08:29:03.516214
254781,133,2019-10-06,21.5,0,19.4,,23.6,14:22,31,2.8,6.7,16:50,79,92,04:20,68,13:40,2025-05-07 08:29:03.844220,2025-05-07 08:29:03.844220
254799,133,2019-10-07,22.1,0,19.6,03:42,24.6,14:17,30,3.1,7.5,20:20,77,84,21:10,67,15:00,2025-05-07 08:29:04.098273,2025-05-07 08:29:04.098273
254817,133,2019-10-08,21.6,0,19.3,23:46,23.8,14:37,30,3.1,6.7,11:20,77,85,05:00,68,14:30,2025-05-07 08:29:04.292353,2025-05-07 08:29:04.292353
254835,133,2019-10-09,21.6,0,19.3,,23.9,15:16,32,3.3,7.2,,72,83,,63,13:20,2025-05-07 08:29:04.518708,2025-05-07 08:29:04.518708
254853,133,2019-10-10,21,0,18.5,03:59,23.5,14:34,35,1.9,6.1,15:40,79,88,23:59,63,14:00,2025-05-07 08:29:04.723584,2025-05-07 08:29:04.723584
254871,133,2019-10-11,20.8,0,17.3,03:47,24.2,13:33,30,2.8,7.8,16:20,71,88,00:00,56,13:10,2025-05-07 08:29:04.965699,2025-05-07 08:29:04.965699
254888,133,2019-10-12,21,0,18.5,23:19,23.5,13:35,33,1.9,6.9,16:50,73,87,04:50,57,13:20,2025-05-07 08:29:05.254438,2025-05-07 08:29:05.254438
254906,133,2019-10-13,20.6,0,17.6,23:59,23.7,11:28,1,1.7,6.9,12:00,65,86,00:00,56,11:40,2025-05-07 08:29:05.506458,2025-05-07 08:29:05.506458
254924,133,2019-10-14,19.9,0,17.5,01:03,22.3,14:01,32,2.8,7.2,14:30,78,89,05:50,69,12:50,2025-05-07 08:29:05.719673,2025-05-07 08:29:05.719673
254942,133,2019-10-15,19.6,0,17.7,00:42,21.4,09:35,10,1.4,6.1,13:00,77,87,05:40,67,,2025-05-07 08:29:05.990435,2025-05-07 08:29:05.990435
254960,133,2019-10-16,18.9,0.2,17.8,04:54,20,13:15,2,1.7,5.3,08:30,83,86,05:40,76,23:50,2025-05-07 08:29:06.209130,2025-05-07 08:29:06.209130
254978,133,2019-10-17,20.1,0,17.5,23:42,22.7,13:59,5,1.7,6.7,14:10,68,83,23:00,55,15:30,2025-05-07 08:29:06.454678,2025-05-07 08:29:06.454678
254996,133,2019-10-18,20.4,0,17.4,00:30,23.3,12:18,4,3.1,7.5,11:40,75,87,,60,12:20,2025-05-07 08:29:06.688032,2025-05-07 08:29:06.688032
255014,133,2019-10-19,21.2,0,18.7,,23.6,13:46,99,2.8,7.5,,75,88,,62,13:20,2025-05-07 08:29:06.945650,2025-05-07 08:29:06.945650
255032,133,2019-10-20,21,3.2,18.4,,23.6,11:27,4,2.5,8.3,14:20,85,94,15:40,68,11:50,2025-05-07 08:29:07.179652,2025-05-07 08:29:07.179652
255050,133,2019-10-21,19.3,0,17.4,22:30,21.2,13:52,35,3.1,8.6,14:30,69,83,00:20,58,15:50,2025-05-07 08:29:07.434409,2025-05-07 08:29:07.434409
255068,133,2019-10-22,18.8,2.6,16,05:38,21.7,13:23,35,3.3,8.9,00:20,66,84,05:50,54,13:00,2025-05-07 08:29:07.689238,2025-05-07 08:29:07.689238
255086,133,2019-10-23,18.3,2.6,16,05:10,20.6,13:59,4,2.2,5.8,12:40,75,93,09:40,62,12:20,2025-05-07 08:29:07.935716,2025-05-07 08:29:07.935716
255104,133,2019-10-24,18.4,0,16.2,,20.7,13:43,7,1.9,7.2,12:30,68,85,23:20,60,,2025-05-07 08:29:08.207182,2025-05-07 08:29:08.207182
255122,133,2019-10-25,,,,,,,0,1.1,,,75,,,,,2025-05-07 08:29:08.481113,2025-05-07 08:29:08.481113
255140,133,2019-10-26,23,0.2,20.1,00:01,25.8,11:58,29,1.1,8.1,09:00,60,89,08:50,45,04:10,2025-05-07 08:29:08.704825,2025-05-07 08:29:08.704825
255158,133,2019-10-27,24.8,0,22.2,,27.5,13:02,11,2.8,8.9,18:20,61,80,01:40,52,14:00,2025-05-07 08:29:08.917855,2025-05-07 08:29:08.917855
255176,133,2019-10-28,25.5,0,23.1,23:33,27.9,12:48,13,2.8,8.6,10:20,54,63,03:50,48,12:30,2025-05-07 08:29:09.142737,2025-05-07 08:29:09.142737
255194,133,2019-10-29,24,0,21.2,23:34,26.8,12:36,12,2.8,7.5,10:00,63,72,19:50,56,11:10,2025-05-07 08:29:09.447770,2025-05-07 08:29:09.447770
255212,133,2019-10-30,23.2,0,20.3,06:00,26.1,14:36,6,1.7,5.3,12:00,64,73,21:40,55,13:40,2025-05-07 08:29:09.670747,2025-05-07 08:29:09.670747
255230,133,2019-10-31,21.8,0,19.6,,24,13:43,99,2.8,6.9,,82,89,,69,13:40,2025-05-07 08:29:09.910187,2025-05-07 08:29:09.910187
255248,133,2019-11-01,22,0,20,22:34,23.9,13:28,31,1.9,8.3,22:00,80,89,,69,13:30,2025-05-07 08:29:10.151834,2025-05-07 08:29:10.151834
255266,133,2019-11-02,22.9,0,19.7,03:30,26.1,12:06,8,2.8,8.9,09:50,70,90,,54,12:10,2025-05-07 08:29:10.414968,2025-05-07 08:29:10.414968
255284,133,2019-11-03,21.8,0,18.9,04:39,24.7,15:15,28,3.3,8.9,13:50,80,89,,65,01:50,2025-05-07 08:29:10.663967,2025-05-07 08:29:10.663967
255301,133,2019-11-04,20.3,1,18.2,03:05,22.4,14:58,34,4.2,11.1,23:40,79,93,23:10,68,15:00,2025-05-07 08:29:10.877318,2025-05-07 08:29:10.877318
255318,133,2019-11-05,19.8,3.6,17.5,17:41,22.1,13:17,29,4.7,11.4,14:30,84,95,,67,15:20,2025-05-07 08:29:11.068937,2025-05-07 08:29:11.068937
255336,133,2019-11-06,18.6,1.8,16.8,,20.4,12:28,34,3.6,10,10:20,73,92,21:10,64,13:50,2025-05-07 08:29:11.265765,2025-05-07 08:29:11.265765
255354,133,2019-11-07,18.6,3.4,16.4,01:06,20.9,13:33,34,2.5,8.6,16:10,76,89,01:10,69,13:30,2025-05-07 08:29:11.491958,2025-05-07 08:29:11.491958
255372,133,2019-11-08,18.9,0.4,17.6,02:43,20.2,11:58,32,3.1,9.7,18:50,80,91,02:10,65,22:10,2025-05-07 08:29:11.681471,2025-05-07 08:29:11.681471
255390,133,2019-11-09,18.4,0.8,16.9,22:52,19.9,14:01,36,2.8,10,13:50,72,87,10:10,59,15:00,2025-05-07 08:29:11.885929,2025-05-07 08:29:11.885929
255408,133,2019-11-10,18.8,0,16.8,07:09,20.7,13:05,3,2.2,8.9,11:30,75,87,19:00,66,,2025-05-07 08:29:12.093764,2025-05-07 08:29:12.093764
255426,133,2019-11-11,18.6,0.4,17,06:45,20.2,10:28,31,4.7,10.8,19:40,76,87,15:20,67,10:30,2025-05-07 08:29:12.352390,2025-05-07 08:29:12.352390
255444,133,2019-11-12,18.6,0.6,16.8,23:31,20.5,14:05,32,3.6,10,00:30,86,93,09:50,78,,2025-05-07 08:29:12.611861,2025-05-07 08:29:12.611861
255462,133,2019-11-13,18.8,0.2,16.8,00:01,20.7,11:36,34,3.1,8.9,15:30,77,88,00:10,65,13:20,2025-05-07 08:29:12.801570,2025-05-07 08:29:12.801570
255480,133,2019-11-14,18.2,1.6,16.3,23:45,20.1,11:15,6,1.7,9.2,23:40,79,88,23:40,70,11:00,2025-05-07 08:29:13.017055,2025-05-07 08:29:13.017055
255498,133,2019-11-15,16.8,2.2,15.4,07:35,18.3,14:09,34,3.6,9.2,14:50,78,96,07:50,65,16:20,2025-05-07 08:29:13.259845,2025-05-07 08:29:13.259845
255516,133,2019-11-16,17,0.2,14.7,02:47,19.3,13:19,35,4.4,11.9,11:20,68,85,00:30,55,15:00,2025-05-07 08:29:13.449750,2025-05-07 08:29:13.449750
255534,133,2019-11-17,16.4,0.6,14.7,08:03,18.1,12:18,7,1.9,8.9,11:20,81,89,13:50,58,12:20,2025-05-07 08:29:13.661193,2025-05-07 08:29:13.661193
255552,133,2019-11-18,16.7,0.2,14,02:42,19.4,12:15,2,1.1,5.8,12:40,74,85,21:50,62,12:00,2025-05-07 08:29:13.858090,2025-05-07 08:29:13.858090
255570,133,2019-11-19,16.5,2.6,14.6,03:57,18.4,14:43,32,2.5,8.9,12:00,90,96,13:00,81,00:10,2025-05-07 08:29:14.088503,2025-05-07 08:29:14.088503
255588,133,2019-11-20,17.4,0,13.7,03:46,21.1,12:36,99,1.7,4.7,,74,85,01:00,60,11:00,2025-05-07 08:29:14.318914,2025-05-07 08:29:14.318914
255606,133,2019-11-21,17.4,0,15,03:08,19.7,15:33,19,1.4,4.2,00:20,82,90,22:30,74,15:40,2025-05-07 08:29:14.528920,2025-05-07 08:29:14.528920
255624,133,2019-11-22,18.4,4.6,15.9,00:31,20.9,15:22,31,3.1,7.5,13:30,85,97,08:30,74,13:20,2025-05-07 08:29:14.715569,2025-05-07 08:29:14.715569
255642,133,2019-11-23,19.2,2.8,17.4,00:01,21,12:16,30,3.6,10,10:30,91,96,,77,12:20,2025-05-07 08:29:14.983663,2025-05-07 08:29:14.983663
255660,133,2019-11-24,18.6,0,16.9,,20.2,13:54,32,2.5,7.2,16:10,83,95,07:30,72,22:30,2025-05-07 08:29:15.191222,2025-05-07 08:29:15.191222
255677,133,2019-11-25,17.4,0,15.4,,19.4,12:15,5,1.9,5.8,10:30,78,83,,70,15:20,2025-05-07 08:29:15.409094,2025-05-07 08:29:15.409094
255694,133,2019-11-26,18.6,0,16.8,,20.5,13:23,33,1.9,6.7,14:50,79,86,,71,13:00,2025-05-07 08:29:15.614137,2025-05-07 08:29:15.614137
255712,133,2019-11-27,18.6,0,17.1,06:55,20,,32,1.9,5.8,20:20,81,89,06:20,72,11:30,2025-05-07 08:29:15.843333,2025-05-07 08:29:15.843333
255730,133,2019-11-28,18.2,0,16,23:28,20.5,11:35,99,1.4,3.9,,83,90,20:00,72,11:30,2025-05-07 08:29:16.075642,2025-05-07 08:29:16.075642
255748,133,2019-11-29,19.4,0,14.8,07:07,23.9,13:14,13,1.9,6.9,14:30,66,95,08:10,43,12:50,2025-05-07 08:29:16.293973,2025-05-07 08:29:16.293973
255765,133,2019-11-30,19.9,0,15.7,05:42,24.1,12:25,10,1.9,6.7,12:30,59,92,23:40,41,07:00,2025-05-07 08:29:16.485801,2025-05-07 08:29:16.485801
255782,133,2019-12-01,17.8,0.2,15.4,22:33,20.2,14:38,32,1.7,5.3,15:00,78,92,00:00,71,14:40,2025-05-07 08:29:16.686981,2025-05-07 08:29:16.686981
255799,133,2019-12-02,17.2,3,15.2,24:00,19.1,14:15,32,3.9,10.8,20:20,78,95,09:40,66,14:10,2025-05-07 08:29:16.943659,2025-05-07 08:29:16.943659
255816,133,2019-12-03,16.6,0.2,14.7,00:20,18.5,11:24,32,4.2,11.7,05:30,68,91,00:10,62,,2025-05-07 08:29:17.209559,2025-05-07 08:29:17.209559
255834,133,2019-12-04,17.3,23,14.6,06:50,20,14:45,31,3.9,12.8,16:40,76,85,05:30,53,15:00,2025-05-07 08:29:17.409519,2025-05-07 08:29:17.409519
255852,133,2019-12-05,15.4,19.6,13.2,21:36,17.7,00:14,32,6.1,17.2,05:20,75,97,,69,,2025-05-07 08:29:17.615697,2025-05-07 08:29:17.615697
255870,133,2019-12-06,15.8,6.2,13.6,00:01,17.9,13:30,32,4.4,11.4,15:10,82,93,,75,14:20,2025-05-07 08:29:17.820645,2025-05-07 08:29:17.820645
255888,133,2019-12-07,16.6,0,14.4,05:25,18.7,12:57,34,2.2,7.8,08:10,82,90,00:20,73,14:40,2025-05-07 08:29:18.043201,2025-05-07 08:29:18.043201
255906,133,2019-12-08,17,0,15.3,,18.6,11:34,4,2.5,7.2,,76,87,01:40,69,14:20,2025-05-07 08:29:18.252314,2025-05-07 08:29:18.252314
255923,133,2019-12-09,16.5,0,14.4,23:02,18.6,13:09,99,2.2,5.8,,80,86,,73,13:40,2025-05-07 08:29:18.451487,2025-05-07 08:29:18.451487
255940,133,2019-12-10,16.2,0,13,07:48,19.3,14:04,99,1.9,5,,77,89,21:10,70,11:50,2025-05-07 08:29:18.695684,2025-05-07 08:29:18.695684
255958,133,2019-12-11,16.6,0,14.8,07:07,18.5,12:13,7,2.2,7.5,13:50,80,89,04:30,73,12:10,2025-05-07 08:29:18.897607,2025-05-07 08:29:18.897607
255976,133,2019-12-12,16.2,0.4,14.3,,18.1,12:29,3,1.7,8.1,14:20,83,88,,70,,2025-05-07 08:29:19.136419,2025-05-07 08:29:19.136419
255994,133,2019-12-13,16.4,0,14.8,07:32,17.9,13:48,3,1.9,7.2,01:00,72,81,19:30,62,13:50,2025-05-07 08:29:19.353843,2025-05-07 08:29:19.353843
256012,133,2019-12-14,17,0,15.1,03:31,19,13:21,36,1.4,5,19:10,83,89,,73,00:00,2025-05-07 08:29:19.571917,2025-05-07 08:29:19.571917
256030,133,2019-12-15,16,0,13.2,06:38,18.8,14:30,9,2.2,4.4,14:30,78,88,19:50,70,11:20,2025-05-07 08:29:19.808513,2025-05-07 08:29:19.808513
256048,133,2019-12-16,15.8,0.8,12.8,,18.7,14:11,30,4.4,16.1,15:20,67,89,07:50,54,14:10,2025-05-07 08:29:20.028055,2025-05-07 08:29:20.028055
256066,133,2019-12-17,16.2,0,13.6,,18.7,13:55,32,3.6,15.8,01:30,74,91,00:30,61,13:40,2025-05-07 08:29:20.241995,2025-05-07 08:29:20.241995
256084,133,2019-12-18,16.1,0,12.7,04:21,19.5,13:07,19,2.2,5,07:20,75,91,21:30,67,10:30,2025-05-07 08:29:20.471436,2025-05-07 08:29:20.471436
256102,133,2019-12-19,16.4,0,12.9,06:56,19.8,13:13,10,1.7,5.3,15:50,81,90,21:20,67,12:20,2025-05-07 08:29:20.681183,2025-05-07 08:29:20.681183
256120,133,2019-12-20,16.9,0,13.1,03:21,20.7,13:43,32,1.7,5,11:30,80,90,,68,12:00,2025-05-07 08:29:20.884422,2025-05-07 08:29:20.884422
256138,133,2019-12-21,17.2,0,13.8,05:41,20.6,13:40,28,2.2,6.1,19:50,81,92,06:00,65,13:50,2025-05-07 08:29:21.101484,2025-05-07 08:29:21.101484
256156,133,2019-12-22,17.9,0,15.9,07:44,19.9,13:40,6,1.1,6.4,23:50,78,91,00:30,70,13:10,2025-05-07 08:30:23.775234,2025-05-07 08:30:23.775234
256174,133,2019-12-23,17.6,0,15,07:54,20.3,13:46,16,1.4,5.6,20:20,87,94,07:10,33,22:40,2025-05-07 08:30:23.886661,2025-05-07 08:30:23.886661
256192,133,2019-12-24,21.4,0,16.6,,26.3,14:48,13,2.8,9.7,14:20,44,71,08:10,18,14:30,2025-05-07 08:30:23.981195,2025-05-07 08:30:23.981195
256210,133,2019-12-25,19.6,0,17.3,23:54,21.9,10:45,30,3.3,9.4,17:50,56,73,18:00,20,00:00,2025-05-07 08:30:24.049545,2025-05-07 08:30:24.049545
256228,133,2019-12-26,18.2,0,14.9,21:46,21.4,16:29,99,2.2,6.4,,48,72,,33,16:30,2025-05-07 08:30:24.117350,2025-05-07 08:30:24.117350
256246,133,2019-12-27,19.2,0,15.1,00:01,23.3,14:30,14,2.2,8.3,10:30,30,53,00:00,26,15:10,2025-05-07 08:30:24.212077,2025-05-07 08:30:24.212077
256264,133,2019-12-28,20.4,0,17.4,00:13,23.3,13:59,12,3.1,9.4,11:00,44,69,19:10,24,20:50,2025-05-07 08:30:24.309898,2025-05-07 08:30:24.309898
256282,133,2019-12-29,19.8,0,17.2,19:01,22.3,14:00,9,2.5,8.6,12:20,37,69,18:50,22,01:40,2025-05-07 08:30:24.382377,2025-05-07 08:30:24.382377
256309,133,2019-12-31,16,0,12.3,07:02,19.6,15:38,99,2.8,8.9,10:30,66,91,08:30,22,00:00,2025-05-07 08:30:24.499856,2025-05-07 08:30:24.499856
256327,133,2020-01-01,15.6,0,13.5,19:41,17.7,12:19,12,3.1,11.4,12:30,54,69,04:40,27,00:00,2025-05-07 08:30:24.591087,2025-05-07 08:30:24.591087
256345,133,2020-01-02,15.2,0,13.4,19:40,17.1,13:14,14,2.8,11.4,05:20,46,60,03:20,37,00:00,2025-05-07 08:30:24.664719,2025-05-07 08:30:24.664719
256363,133,2020-01-03,15.6,0,13.4,22:29,17.8,15:05,11,3.3,9.7,10:50,52,64,03:30,37,19:40,2025-05-07 08:30:24.756445,2025-05-07 08:30:24.756445
256381,133,2020-01-04,15.2,0,12,08:14,18.5,13:23,99,1.9,6.4,13:50,70,80,19:10,59,14:40,2025-05-07 08:30:24.844550,2025-05-07 08:30:24.844550
256399,133,2020-01-05,16,0,13.2,06:05,18.9,13:20,10,1.9,5,13:20,70,81,,59,13:30,2025-05-07 08:30:24.949651,2025-05-07 08:30:24.949651
256417,133,2020-01-06,16.2,0.8,14.3,02:58,18.1,13:41,34,3.9,10,20:30,68,85,04:30,56,07:20,2025-05-07 08:30:25.022793,2025-05-07 08:30:25.022793
256435,133,2020-01-07,16,0,14.3,01:21,17.8,13:10,4,2.5,9.7,01:00,72,88,01:30,65,16:40,2025-05-07 08:30:25.082742,2025-05-07 08:30:25.082742
256453,133,2020-01-08,16,0,14.3,,17.7,12:13,5,2.2,7.2,10:50,73,82,00:50,63,14:10,2025-05-07 08:30:25.168710,2025-05-07 08:30:25.168710
256471,133,2020-01-09,16,0.6,13.7,02:52,18.3,13:55,35,2.8,8.1,13:50,72,83,05:50,60,13:50,2025-05-07 08:30:25.266538,2025-05-07 08:30:25.266538
256489,133,2020-01-10,16.3,1.2,14.8,07:30,17.8,13:33,33,2.8,7.8,09:00,80,94,09:30,67,18:50,2025-05-07 08:30:25.369494,2025-05-07 08:30:25.369494
256507,133,2020-01-11,15.6,0,14.4,21:20,16.8,14:14,36,2.2,8.3,14:30,74,92,00:30,67,14:00,2025-05-07 08:30:25.471947,2025-05-07 08:30:25.471947
256525,133,2020-01-12,15.1,0,12.5,23:53,17.7,13:34,10,1.7,7.5,14:20,66,80,02:10,58,15:20,2025-05-07 08:30:25.573034,2025-05-07 08:30:25.573034
256543,133,2020-01-13,16.1,0,11.9,,20.3,14:14,13,3.1,12.5,13:40,59,85,06:10,31,18:50,2025-05-07 08:30:25.673098,2025-05-07 08:30:25.673098
256561,133,2020-01-14,16.6,0,13,,20.3,13:51,10,2.8,10.3,14:50,45,80,02:00,28,,2025-05-07 08:30:25.753105,2025-05-07 08:30:25.753105
256579,133,2020-01-15,15.4,0,11.7,02:27,19.2,13:25,11,3.1,9.2,15:20,50,60,09:40,33,22:40,2025-05-07 08:30:25.834296,2025-05-07 08:30:25.834296
256597,133,2020-01-16,15.5,0,11.5,04:29,19.5,14:16,8,2.5,6.4,13:10,45,71,,33,00:10,2025-05-07 08:30:25.926814,2025-05-07 08:30:25.926814
256615,133,2020-01-17,14.7,0,10.4,07:04,19,14:38,13,2.8,8.3,12:20,56,72,05:10,41,12:00,2025-05-07 08:30:26.000087,2025-05-07 08:30:26.000087
256632,133,2020-01-18,15.8,0,12.1,,19.4,11:51,15,2.5,8.9,11:10,52,78,02:10,32,10:50,2025-05-07 08:30:26.055653,2025-05-07 08:30:26.055653
256649,133,2020-01-19,16.6,0.4,13,05:04,20.1,13:20,19,1.9,6.1,07:30,54,91,23:59,30,,2025-05-07 08:30:26.117749,2025-05-07 08:30:26.117749
256667,133,2020-01-20,14.7,0.4,12.5,22:44,16.9,13:15,32,5,11.1,13:20,68,93,,56,21:50,2025-05-07 08:30:26.205303,2025-05-07 08:30:26.205303
256684,133,2020-01-21,13.7,0.2,11.7,23:54,15.7,13:00,29,3.6,9.4,15:20,62,90,00:00,54,13:00,2025-05-07 08:30:26.308436,2025-05-07 08:30:26.308436
256702,133,2020-01-22,13.8,0.4,9.7,07:19,17.8,11:08,32,1.7,5.6,12:10,68,81,20:10,39,11:00,2025-05-07 08:30:26.411333,2025-05-07 08:30:26.411333
256719,133,2020-01-23,14.1,0,10.7,03:49,17.5,11:49,34,2.2,5.3,12:00,67,78,20:50,56,09:40,2025-05-07 08:30:26.481916,2025-05-07 08:30:26.481916
256737,133,2020-01-24,14.9,0,10.8,05:10,19,14:30,34,2.2,5.6,13:10,61,78,23:10,48,14:40,2025-05-07 08:30:26.599474,2025-05-07 08:30:26.599474
256754,133,2020-01-25,15.5,0.2,12.7,23:53,18.3,13:13,35,2.8,8.3,14:30,71,82,08:00,63,,2025-05-07 08:30:26.695649,2025-05-07 08:30:26.695649
256772,133,2020-01-26,15,0,12.1,,18,15:40,5,1.7,5.3,12:20,73,88,08:10,61,15:30,2025-05-07 08:30:26.793681,2025-05-07 08:30:26.793681
256790,133,2020-01-27,14.3,0,11.7,07:29,16.9,11:38,6,1.4,6.1,14:10,75,81,06:40,66,16:40,2025-05-07 08:30:26.866824,2025-05-07 08:30:26.866824
256808,133,2020-01-28,15.3,0,11.5,07:42,19.1,16:13,9,2.8,7.2,11:20,69,86,08:10,43,20:20,2025-05-07 08:30:26.943196,2025-05-07 08:30:26.943196
256826,133,2020-01-29,17.8,0,12.9,00:08,22.6,15:39,13,1.7,7.2,11:30,48,73,00:00,28,03:40,2025-05-07 08:30:27.021446,2025-05-07 08:30:27.021446
256844,133,2020-01-30,21,0,16.2,02:00,25.7,12:35,14,1.9,6.4,11:20,33,56,16:00,22,08:10,2025-05-07 08:30:27.119819,2025-05-07 08:30:27.119819
256862,133,2020-01-31,20.2,0,16.2,04:24,24.3,,12,2.8,7.8,12:20,22,35,20:20,18,07:40,2025-05-07 08:30:27.226891,2025-05-07 08:30:27.226891
256880,133,2020-02-01,19,0,15.1,23:45,22.9,15:17,8,1.9,4.4,14:40,48,72,19:10,27,03:00,2025-05-07 08:30:27.327951,2025-05-07 08:30:27.327951
256898,133,2020-02-02,18.7,0,13.3,05:09,24.1,12:06,10,3.6,8.3,11:30,61,86,05:40,22,19:40,2025-05-07 08:30:27.412658,2025-05-07 08:30:27.412658
256916,133,2020-02-03,21.7,0,18.3,00:01,25.1,14:02,12,3.3,11.4,11:40,27,43,22:50,22,,2025-05-07 08:30:27.486906,2025-05-07 08:30:27.486906
256934,133,2020-02-04,21.7,0,18.8,03:24,24.6,14:32,14,5,15.3,12:30,27,56,03:10,20,16:30,2025-05-07 08:30:27.574416,2025-05-07 08:30:27.574416
256952,133,2020-02-05,21.5,0,16,23:27,27,12:54,18,2.8,8.6,05:00,43,87,,19,05:20,2025-05-07 08:30:27.660951,2025-05-07 08:30:27.660951
256970,133,2020-02-06,17,0,14.4,07:03,19.7,13:32,25,2.8,7.2,00:40,74,88,,61,14:00,2025-05-07 08:30:27.734280,2025-05-07 08:30:27.734280
256988,133,2020-02-07,17.2,0,14.7,08:22,19.8,13:08,33,1.7,6.7,15:00,81,91,06:00,71,14:40,2025-05-07 08:30:27.828017,2025-05-07 08:30:27.828017
257006,133,2020-02-08,16,0,13.2,03:31,18.7,13:34,29,2.2,6.9,15:30,79,89,23:40,68,11:30,2025-05-07 08:30:27.913153,2025-05-07 08:30:27.913153
257024,133,2020-02-09,16.7,2.8,15.2,,18.2,14:26,33,3.3,8.1,16:20,88,96,21:40,81,14:30,2025-05-07 08:30:28.010409,2025-05-07 08:30:28.010409
257042,133,2020-02-10,16.7,0,14.4,24:00,19,13:17,4,1.4,5,12:20,84,94,00:00,76,12:30,2025-05-07 08:30:28.110123,2025-05-07 08:30:28.110123
257060,133,2020-02-11,18.1,0,12.9,,23.3,14:03,14,1.7,5.6,14:10,53,92,05:00,20,14:10,2025-05-07 08:30:28.187471,2025-05-07 08:30:28.187471
257078,133,2020-02-12,18.9,0,15,06:53,22.8,15:48,14,1.9,7.2,12:10,42,65,03:50,27,20:50,2025-05-07 08:30:28.258594,2025-05-07 08:30:28.258594
257096,133,2020-02-13,19.2,0,14.4,04:28,24,12:34,14,1.9,8.6,11:10,31,61,04:10,20,,2025-05-07 08:30:28.337132,2025-05-07 08:30:28.337132
257114,133,2020-02-14,20,0,15.5,23:55,24.5,13:29,18,2.5,6.7,04:40,39,83,22:30,18,,2025-05-07 08:30:28.403201,2025-05-07 08:30:28.403201
257132,133,2020-02-15,16.4,0,13.4,07:08,19.4,15:06,34,1.9,5.6,13:30,67,89,03:00,33,05:00,2025-05-07 08:30:28.480429,2025-05-07 08:30:28.480429
257150,133,2020-02-16,17.4,0,14.8,07:59,19.9,14:11,29,1.9,5.8,23:40,79,90,,71,12:20,2025-05-07 08:30:28.560601,2025-05-07 08:30:28.560601
257167,133,2020-02-17,17.2,0,14.9,07:30,19.5,13:26,28,2.5,7.2,01:00,83,90,,74,,2025-05-07 08:30:28.621537,2025-05-07 08:30:28.621537
257185,133,2020-02-18,16.2,0,14.9,01:36,17.6,13:09,32,2.8,7.2,15:50,82,92,02:40,72,13:10,2025-05-07 08:30:28.707919,2025-05-07 08:30:28.707919
257202,133,2020-02-19,16.1,0,14.8,20:20,17.4,13:46,32,2.2,6.9,18:20,78,82,04:50,71,11:40,2025-05-07 08:30:28.876282,2025-05-07 08:30:28.876282
257219,133,2020-02-20,16.4,0,14.5,,18.2,14:13,34,2.8,8.1,15:00,70,79,20:30,61,13:40,2025-05-07 08:30:28.993608,2025-05-07 08:30:28.993608
257235,133,2020-02-21,15.4,0,12.5,07:05,18.2,13:15,33,3.1,7.5,00:10,66,80,23:50,54,13:10,2025-05-07 08:30:29.093001,2025-05-07 08:30:29.093001
257253,133,2020-02-22,17.6,0,12,03:43,23.2,14:55,9,2.8,11.7,12:20,46,83,04:30,24,14:20,2025-05-07 08:30:29.199058,2025-05-07 08:30:29.199058
257271,133,2020-02-23,21.7,0,19.1,,24.3,19:32,10,5.3,17.8,08:40,31,58,01:40,25,13:20,2025-05-07 08:30:29.311621,2025-05-07 08:30:29.311621
257289,133,2020-02-24,23.9,0,20.7,06:14,27.1,13:25,9,3.3,14.2,00:10,35,69,10:10,23,21:00,2025-05-07 08:30:29.413956,2025-05-07 08:30:29.413956
257306,133,2020-02-25,21.2,0,15.7,23:59,26.6,13:35,12,2.5,7.2,06:10,39,75,20:00,17,,2025-05-07 08:30:29.513803,2025-05-07 08:30:29.513803
257323,133,2020-02-26,16.6,1.6,14.1,06:25,19.1,13:43,34,2.5,7.8,13:50,76,88,,50,00:00,2025-05-07 08:30:29.601870,2025-05-07 08:30:29.601870
257340,133,2020-02-27,16.6,0,14.2,07:23,19,15:49,34,1.7,6.1,23:40,83,96,07:20,66,15:50,2025-05-07 08:30:29.675149,2025-05-07 08:30:29.675149
257357,133,2020-02-28,16.8,0,14.6,07:40,19.1,13:00,28,3.3,8.9,23:40,72,82,23:30,66,,2025-05-07 08:30:29.760002,2025-05-07 08:30:29.760002
257375,133,2020-02-29,16.2,0,13.6,,18.9,14:21,33,2.2,8.3,02:10,78,88,23:59,69,11:40,2025-05-07 08:30:29.832850,2025-05-07 08:30:29.832850
257393,133,2020-03-01,16.1,0,12.9,06:36,19.3,13:00,34,2.5,7.2,17:20,79,91,07:10,69,13:00,2025-05-07 08:30:29.901780,2025-05-07 08:30:29.901780
257411,133,2020-03-02,17.3,0,15,06:46,19.6,15:36,32,3.1,7.5,12:40,80,89,21:30,66,14:00,2025-05-07 08:30:29.965575,2025-05-07 08:30:29.965575
257429,133,2020-03-03,17.4,0,14.8,23:51,19.9,13:16,33,2.2,6.4,15:00,80,89,23:59,72,13:10,2025-05-07 08:30:30.041479,2025-05-07 08:30:30.041479
257446,133,2020-03-04,16.7,0,12.8,07:31,20.6,13:50,30,2.2,6.4,22:20,82,94,21:00,73,12:00,2025-05-07 08:30:30.134821,2025-05-07 08:30:30.134821
257463,133,2020-03-05,16.4,4.4,15.2,06:26,17.6,15:15,36,2.8,7.5,14:20,84,93,07:30,75,15:20,2025-05-07 08:30:30.214376,2025-05-07 08:30:30.214376
257481,133,2020-03-06,15.4,0.2,14,07:29,16.7,,5,2.5,9.4,16:50,80,97,,68,,2025-05-07 08:30:30.282265,2025-05-07 08:30:30.282265
257499,133,2020-03-07,16.4,0,14.5,01:40,18.2,14:25,32,2.8,8.1,23:59,76,84,21:50,69,11:20,2025-05-07 08:30:30.358157,2025-05-07 08:30:30.358157
257517,133,2020-03-08,16.8,0,13.2,07:22,20.5,13:46,31,1.7,6.9,00:20,80,92,21:50,71,14:10,2025-05-07 08:30:30.429146,2025-05-07 08:30:30.429146
257535,133,2020-03-09,18.2,0,13.9,07:31,22.5,13:51,9,1.7,5,14:30,62,92,08:30,46,06:40,2025-05-07 08:30:30.505254,2025-05-07 08:30:30.505254
257553,133,2020-03-10,16.8,0,12.4,06:52,21.1,14:40,10,1.9,5,12:30,68,94,21:20,32,08:20,2025-05-07 08:30:30.600554,2025-05-07 08:30:30.600554
257571,133,2020-03-11,18.5,0,13.3,02:41,23.7,13:35,8,1.9,7.2,14:40,75,95,03:20,33,22:20,2025-05-07 08:30:30.692398,2025-05-07 08:30:30.692398
257589,133,2020-03-12,18.4,0,13.7,01:38,23.1,12:39,9,1.9,7.2,13:20,79,93,00:00,21,05:40,2025-05-07 08:30:30.765925,2025-05-07 08:30:30.765925
257607,133,2020-03-13,17.2,0,15.3,,19.2,14:32,35,2.5,7.5,15:30,78,91,00:00,69,14:10,2025-05-07 08:30:30.856312,2025-05-07 08:30:30.856312
257625,133,2020-03-14,16,0,14.3,22:37,17.6,11:48,6,3.1,7.5,12:00,74,88,,65,14:40,2025-05-07 08:30:30.942660,2025-05-07 08:30:30.942660
257643,133,2020-03-15,15.9,0.8,13.9,08:20,17.9,13:49,32,3.9,9.7,16:30,76,88,08:10,59,13:50,2025-05-07 08:30:31.022686,2025-05-07 08:30:31.022686
257661,133,2020-03-16,16.4,1.4,14.3,05:18,18.6,13:04,33,4.2,10.3,10:30,76,89,,57,10:50,2025-05-07 08:30:31.101465,2025-05-07 08:30:31.101465
257679,133,2020-03-17,14.2,2,11.9,,16.4,12:53,36,4.4,10,13:00,81,92,,65,01:00,2025-05-07 08:30:31.195559,2025-05-07 08:30:31.195559
257697,133,2020-03-18,14.6,1.2,11.6,04:47,17.5,13:26,32,4.7,15.3,21:20,72,92,,60,12:50,2025-05-07 08:30:31.278169,2025-05-07 08:30:31.278169
257714,133,2020-03-19,16.6,2.8,14.7,,18.5,14:22,29,5.8,14.7,00:20,80,93,08:40,63,14:20,2025-05-07 08:30:31.354783,2025-05-07 08:30:31.354783
257731,133,2020-03-20,16.1,3.2,14,19:56,18.2,15:16,31,4.2,10,14:30,82,95,20:30,63,15:10,2025-05-07 08:30:31.421996,2025-05-07 08:30:31.421996
257749,133,2020-03-21,15.3,0.6,13.1,21:52,17.5,14:06,26,3.3,8.9,20:30,68,88,00:00,60,17:30,2025-05-07 08:30:31.485917,2025-05-07 08:30:31.485917
257767,133,2020-03-22,15.6,4.2,12.2,19:23,19.1,14:32,31,4.2,12.2,18:10,75,94,18:40,56,14:40,2025-05-07 08:30:31.553500,2025-05-07 08:30:31.553500
257785,133,2020-03-23,14.1,2.6,11.6,05:32,16.6,15:26,31,6.9,22.8,06:30,78,91,12:20,71,03:10,2025-05-07 08:30:31.630020,2025-05-07 08:30:31.630020
257803,133,2020-03-24,16.2,0,13.9,06:37,18.5,14:21,25,5,11.7,12:50,77,90,04:50,61,14:10,2025-05-07 08:30:31.701350,2025-05-07 08:30:31.701350
257821,133,2020-03-25,16.2,0,13.7,22:29,18.8,12:06,32,2.2,7.2,14:20,73,84,,57,11:30,2025-05-07 08:30:31.792986,2025-05-07 08:30:31.792986
257839,133,2020-03-26,14.9,0.8,12.3,07:05,17.5,11:45,4,1.9,5.6,12:10,73,86,14:40,68,11:50,2025-05-07 08:30:31.875399,2025-05-07 08:30:31.875399
257857,133,2020-03-27,15.8,12,12.4,02:32,19.1,15:03,28,2.5,9.4,10:10,78,94,,66,,2025-05-07 08:30:31.971465,2025-05-07 08:30:31.971465
257875,133,2020-03-28,15.8,0,13,,18.5,12:39,28,3.3,9.7,04:20,77,94,00:00,61,16:30,2025-05-07 08:30:32.035095,2025-05-07 08:30:32.035095
257893,133,2020-03-29,14.9,0,11.8,07:06,18,15:48,19,1.9,4.2,07:30,73,87,,69,17:30,2025-05-07 08:30:32.134511,2025-05-07 08:30:32.134511
257911,133,2020-03-30,15.6,0,12.4,,18.8,12:03,6,1.7,5.8,12:10,79,89,04:30,70,10:10,2025-05-07 08:30:32.213900,2025-05-07 08:30:32.213900
257929,133,2020-03-31,,,,,,,33,1.7,6.4,00:40,82,,,,,2025-05-07 08:30:32.290107,2025-05-07 08:30:32.290107
257947,133,2020-04-01,17,0,14.3,24:00,19.8,12:31,4,1.7,6.1,13:20,78,92,,66,12:30,2025-05-07 08:30:32.361073,2025-05-07 08:30:32.361073
257965,133,2020-04-02,16.3,0,13.2,07:01,19.4,14:48,7,2.2,6.4,13:10,75,88,03:40,66,10:20,2025-05-07 08:30:32.447002,2025-05-07 08:30:32.447002
257983,133,2020-04-03,16.4,0,12.7,03:52,20.2,16:19,8,1.9,5.6,11:10,77,87,23:50,68,10:50,2025-05-07 08:30:32.541457,2025-05-07 08:30:32.541457
258001,133,2020-04-04,19,0,14.9,05:25,23.1,11:30,20,1.9,5.8,14:10,79,88,,59,11:40,2025-05-07 08:30:32.639789,2025-05-07 08:30:32.639789
258019,133,2020-04-05,19.1,0,14.6,05:03,23.6,14:15,35,1.7,5.8,16:50,67,93,23:50,56,12:40,2025-05-07 08:30:32.714617,2025-05-07 08:30:32.714617
258037,133,2020-04-06,19.4,0,16.8,24:00,22.1,14:12,30,3.3,8.1,01:10,79,93,00:00,69,,2025-05-07 08:30:32.778916,2025-05-07 08:30:32.778916
258055,133,2020-04-07,18.6,0,15.9,07:26,21.2,15:36,30,1.9,8.3,19:20,81,93,03:40,73,15:40,2025-05-07 08:30:32.841103,2025-05-07 08:30:32.841103
258073,133,2020-04-08,19.1,0,16.5,,21.7,13:13,33,3.1,6.9,15:10,83,94,23:59,71,14:40,2025-05-07 08:30:32.929685,2025-05-07 08:30:32.929685
258091,133,2020-04-09,18.7,0,16.5,06:50,20.9,14:52,31,3.1,7.2,18:40,83,94,,77,14:00,2025-05-07 08:30:33.001844,2025-05-07 08:30:33.001844
258109,133,2020-04-10,18.8,0,17,21:33,20.7,14:06,26,3.6,8.1,17:40,80,96,07:20,64,14:40,2025-05-07 08:30:33.073915,2025-05-07 08:30:33.073915
258127,133,2020-04-11,18.3,0,16.2,23:23,20.4,13:20,99,3.6,8.3,,78,91,00:10,65,13:20,2025-05-07 08:30:33.159089,2025-05-07 08:30:33.159089
258145,133,2020-04-12,16.9,2.4,14.9,07:10,18.9,15:16,34,3.9,9.7,16:10,77,95,09:20,67,13:00,2025-05-07 08:30:33.240424,2025-05-07 08:30:33.240424
258163,133,2020-04-13,17.6,0,15.2,,19.9,12:13,32,3.6,8.9,13:40,74,84,,63,12:20,2025-05-07 08:30:33.320339,2025-05-07 08:30:33.320339
258181,133,2020-04-14,17.2,0.4,13.5,06:03,20.8,17:00,31,2.5,7.8,19:00,74,87,04:10,54,16:40,2025-05-07 08:30:33.394336,2025-05-07 08:30:33.394336
258199,133,2020-04-15,17.2,0.2,15,07:24,19.4,12:09,10,1.9,6.7,16:40,76,91,01:20,67,12:10,2025-05-07 08:30:33.481112,2025-05-07 08:30:33.481112
258217,133,2020-04-16,17.7,0.4,13.7,04:31,21.7,11:54,30,2.2,6.1,15:40,69,88,23:50,53,09:20,2025-05-07 08:30:33.567994,2025-05-07 08:30:33.567994
258235,133,2020-04-17,17.2,0.2,13.5,06:19,20.8,10:12,34,1.9,6.1,11:20,70,87,,54,09:40,2025-05-07 08:30:33.675022,2025-05-07 08:30:33.675022
258253,133,2020-04-18,17.6,4.4,14.3,23:35,20.8,11:40,31,4.2,12.8,13:50,68,93,23:50,54,17:30,2025-05-07 08:30:33.777487,2025-05-07 08:30:33.777487
258271,133,2020-04-19,17.2,0,14.6,00:01,19.8,13:22,32,3.9,8.9,08:20,69,93,00:00,53,12:50,2025-05-07 08:30:33.870247,2025-05-07 08:30:33.870247
258289,133,2020-04-20,17.7,0,15.3,,20.1,14:10,32,4.7,11.7,11:10,72,88,22:10,59,14:50,2025-05-07 08:30:33.947445,2025-05-07 08:30:33.947445
258307,133,2020-04-21,17.5,0,15.6,07:02,19.4,14:49,32,3.9,10.8,02:00,63,86,00:20,49,13:50,2025-05-07 08:30:34.052115,2025-05-07 08:30:34.052115
258325,133,2020-04-22,16.9,1,14.7,23:57,19.1,13:18,35,3.6,8.6,17:30,64,84,23:50,53,13:20,2025-05-07 08:30:34.155651,2025-05-07 08:30:34.155651
258343,133,2020-04-23,17.1,0.2,14,04:43,20.2,15:25,30,2.2,7.5,15:40,79,93,05:30,58,15:10,2025-05-07 08:30:34.266534,2025-05-07 08:30:34.266534
258361,133,2020-04-24,17.6,0,15.5,,19.6,12:16,99,5,9.4,,70,80,03:40,61,12:00,2025-05-07 08:30:34.355532,2025-05-07 08:30:34.355532
258379,133,2020-04-25,17.4,0,14.9,04:32,20,13:40,31,3.9,9.7,09:00,70,87,04:40,51,13:40,2025-05-07 08:30:34.450510,2025-05-07 08:30:34.450510
258396,133,2020-04-26,16.6,0,12.8,05:56,20.4,15:05,33,2.2,7.2,16:10,67,82,03:50,52,15:50,2025-05-07 08:30:34.544442,2025-05-07 08:30:34.544442
258414,133,2020-04-27,17.6,0,13.4,05:50,21.7,12:01,99,3.6,8.1,17:50,69,87,22:40,52,13:00,2025-05-07 08:30:34.652838,2025-05-07 08:30:34.652838
258432,133,2020-04-28,17.9,0,14.6,05:05,21.2,12:15,34,3.1,8.6,13:30,73,88,,49,12:20,2025-05-07 08:30:34.719215,2025-05-07 08:30:34.719215
258450,133,2020-04-29,17.2,0,14.7,02:59,19.6,15:02,31,3.6,7.5,08:50,72,84,05:00,63,12:20,2025-05-07 08:30:34.796208,2025-05-07 08:30:34.796208
258468,133,2020-04-30,18.2,0,15.3,04:33,21,13:51,33,3.9,8.3,16:30,73,82,,63,13:50,2025-05-07 08:30:34.896730,2025-05-07 08:30:34.896730
258486,133,2020-05-01,18.8,0,16.4,05:30,21.3,13:13,5,2.2,6.9,13:20,72,88,22:10,64,15:20,2025-05-07 08:30:35.006759,2025-05-07 08:30:35.006759
258504,133,2020-05-02,19.2,0,16.1,06:31,22.4,15:16,99,1.7,5.6,,75,92,23:40,66,15:00,2025-05-07 08:30:35.107614,2025-05-07 08:30:35.107614
258522,133,2020-05-03,18.7,0,15.1,02:35,22.3,12:34,28,1.7,6.4,00:40,76,92,,66,,2025-05-07 08:30:35.188201,2025-05-07 08:30:35.188201
258540,133,2020-05-04,18.8,0,16.7,01:23,20.8,15:13,34,1.9,6.4,18:40,82,89,06:50,65,15:40,2025-05-07 08:30:35.250570,2025-05-07 08:30:35.250570
258558,133,2020-05-05,18.5,0,15.6,03:38,21.4,12:50,32,3.6,8.1,14:20,68,85,02:30,57,,2025-05-07 08:30:35.344640,2025-05-07 08:30:35.344640
258576,133,2020-05-06,18.2,0,15.3,05:10,21.2,15:10,33,2.5,7.5,14:50,75,84,,65,15:00,2025-05-07 08:30:35.416713,2025-05-07 08:30:35.416713
258594,133,2020-05-07,18.8,0,16.2,04:34,21.3,12:13,32,3.3,8.9,12:50,70,85,01:50,57,12:20,2025-05-07 08:30:35.492782,2025-05-07 08:30:35.492782
258612,133,2020-05-08,18.4,0,15.2,05:48,21.5,15:31,32,3.6,9.4,13:40,72,83,21:40,61,12:00,2025-05-07 08:30:35.568836,2025-05-07 08:30:35.568836
258630,133,2020-05-09,19.4,0,16.6,01:53,22.1,12:16,33,4.7,12.2,12:20,79,83,,59,09:40,2025-05-07 08:30:35.659606,2025-05-07 08:30:35.659606
258648,133,2020-05-10,19.6,0,16.6,05:49,22.5,12:18,32,5,14.2,16:50,70,83,,55,11:40,2025-05-07 08:30:35.728070,2025-05-07 08:30:35.728070
258666,133,2020-05-11,20.3,0.4,17,23:56,23.6,14:32,32,5,13.6,20:00,72,92,21:10,52,14:40,2025-05-07 08:30:35.810408,2025-05-07 08:30:35.810408
258684,133,2020-05-12,18.5,0.6,15.6,05:26,21.4,14:24,30,5,13.6,21:00,68,90,08:20,55,,2025-05-07 08:30:35.893386,2025-05-07 08:30:35.893386
258702,133,2020-05-13,19.8,0,16.3,23:57,23.4,11:40,32,4.4,13.6,14:30,71,85,07:10,41,11:40,2025-05-07 08:30:35.990931,2025-05-07 08:30:35.990931
258720,133,2020-05-14,18.6,0,16.2,,21,12:55,28,5.8,13.9,14:30,64,73,01:10,53,,2025-05-07 08:30:36.083811,2025-05-07 08:30:36.083811
258738,133,2020-05-15,17.8,0.8,15.7,03:39,19.8,13:13,32,5.3,12.5,14:20,72,88,09:20,59,01:40,2025-05-07 08:30:36.165584,2025-05-07 08:30:36.165584
258756,133,2020-05-16,18.3,0,16,04:45,20.6,13:46,30,4.4,10.3,09:30,61,82,01:30,46,13:10,2025-05-07 08:30:36.237849,2025-05-07 08:30:36.237849
258774,133,2020-05-17,17.6,0,16.3,04:24,18.8,15:56,99,2.8,7.5,16:30,75,85,23:30,67,10:00,2025-05-07 08:30:36.328503,2025-05-07 08:30:36.328503
258792,133,2020-05-18,18.2,0,15.7,05:56,20.7,13:03,32,3.3,8.6,16:20,79,92,23:10,68,13:00,2025-05-07 08:30:36.418443,2025-05-07 08:30:36.418443
258810,133,2020-05-19,18.9,0,17.1,,20.7,11:10,30,4.4,10.3,17:50,82,93,,69,14:40,2025-05-07 08:30:36.506355,2025-05-07 08:30:36.506355
258828,133,2020-05-20,19.4,0,16.6,23:34,22.2,14:55,32,3.6,8.6,13:50,76,93,03:40,66,15:00,2025-05-07 08:30:36.583991,2025-05-07 08:30:36.583991
258846,133,2020-05-21,18.4,0,16.1,05:34,20.7,14:14,33,4.2,10.3,14:20,73,87,,64,13:50,2025-05-07 08:30:36.663702,2025-05-07 08:30:36.663702
258864,133,2020-05-22,18.7,0,16.1,03:55,21.3,15:04,30,4.2,9.7,22:50,73,89,,67,,2025-05-07 08:30:36.758997,2025-05-07 08:30:36.758997
258882,133,2020-05-23,20.3,0,17.2,04:52,23.4,12:39,29,3.3,9.2,00:10,80,90,,67,12:30,2025-05-07 08:30:36.844991,2025-05-07 08:30:36.844991
258900,133,2020-05-24,22.9,0,17.8,23:51,28,15:34,26,1.9,5.8,19:10,53,94,23:50,38,09:30,2025-05-07 08:30:36.911366,2025-05-07 08:30:36.911366
258918,133,2020-05-25,21.2,0,16.6,05:27,25.9,16:06,28,2.5,6.4,03:10,77,97,02:10,49,16:00,2025-05-07 08:30:36.976404,2025-05-07 08:30:36.976404
258936,133,2020-05-26,20.4,0,16.2,04:23,24.7,12:38,27,3.3,7.8,01:20,83,97,,67,12:30,2025-05-07 08:30:37.059004,2025-05-07 08:30:37.059004
258954,133,2020-05-27,20.7,0,15.7,06:22,25.7,15:57,32,2.5,6.4,21:00,80,96,,54,16:10,2025-05-07 08:30:37.154592,2025-05-07 08:30:37.154592
258972,133,2020-05-28,19.4,0,16,,22.7,11:03,32,3.9,7.8,,80,95,,65,12:00,2025-05-07 08:30:37.243548,2025-05-07 08:30:37.243548
258989,133,2020-05-29,19.4,0,17,02:09,21.8,15:23,32,4.7,10.3,13:10,79,89,01:20,69,15:30,2025-05-07 08:30:37.315603,2025-05-07 08:30:37.315603
259007,133,2020-05-30,20.2,0,18.1,,22.3,11:05,33,2.8,7.5,11:30,77,86,,68,10:50,2025-05-07 08:30:37.388046,2025-05-07 08:30:37.388046
259025,133,2020-05-31,20.3,0,17.2,06:08,23.4,12:26,28,3.6,8.9,07:30,72,91,04:20,64,11:00,2025-05-07 08:30:37.485657,2025-05-07 08:30:37.485657
259043,133,2020-06-01,19.4,0,16.1,06:11,22.6,10:09,8,1.4,4.7,10:10,77,90,23:30,66,08:00,2025-05-07 08:30:37.568896,2025-05-07 08:30:37.568896
259061,133,2020-06-02,19.2,0,16,06:11,22.3,16:13,8,2.8,6.9,16:20,76,92,00:40,69,15:00,2025-05-07 08:30:37.639879,2025-05-07 08:30:37.639879
259079,133,2020-06-03,20,0,16.1,05:50,24,12:34,4,1.9,7.8,13:00,72,92,03:30,65,10:20,2025-05-07 08:30:37.744306,2025-05-07 08:30:37.744306
259097,133,2020-06-04,21.2,0,17.6,04:34,24.9,11:34,5,1.7,5.8,12:20,76,92,,63,11:10,2025-05-07 08:30:37.892686,2025-05-07 08:30:37.892686
259115,133,2020-06-05,22,0,17.5,06:02,26.6,17:14,17,3.6,12.2,14:20,70,88,00:50,50,17:00,2025-05-07 08:30:37.998496,2025-05-07 08:30:37.998496
259132,133,2020-06-06,22,0,18.3,05:51,25.8,13:26,8,1.9,7.2,16:50,71,91,03:40,55,14:50,2025-05-07 08:30:38.100156,2025-05-07 08:30:38.100156
259150,133,2020-06-07,21.2,0,18.5,05:52,23.8,12:40,32,3.6,11.4,10:30,76,88,,62,,2025-05-07 08:30:38.174278,2025-05-07 08:30:38.174278
259168,133,2020-06-08,20.2,0,16.8,04:28,23.5,15:21,99,3.1,7.5,,75,88,05:50,64,10:40,2025-05-07 08:30:38.258808,2025-05-07 08:30:38.258808
259186,133,2020-06-09,20.5,0,18.8,05:36,22.2,11:28,4,2.5,8.3,11:00,78,89,02:00,66,11:30,2025-05-07 08:30:38.354475,2025-05-07 08:30:38.354475
259204,133,2020-06-10,19.9,0,18.6,,21.2,14:17,2,1.9,6.1,15:10,72,81,21:20,61,13:20,2025-05-07 08:30:38.443256,2025-05-07 08:30:38.443256
259222,133,2020-06-11,19,0,18.3,,19.7,13:15,32,1.7,6.7,19:40,76,84,02:50,73,12:30,2025-05-07 08:30:38.531001,2025-05-07 08:30:38.531001
259239,133,2020-06-12,19.8,0,17.6,06:03,22.1,15:44,34,3.9,9.2,11:40,69,80,23:20,52,16:00,2025-05-07 08:30:38.625332,2025-05-07 08:30:38.625332
259255,133,2020-06-13,20.2,0,17,06:54,23.4,14:22,5,2.2,6.4,13:50,70,84,05:50,53,15:20,2025-05-07 08:30:38.724300,2025-05-07 08:30:38.724300
259272,133,2020-06-14,19.9,0.6,16.5,05:22,23.3,13:20,6,2.2,7.2,12:40,70,91,,57,12:20,2025-05-07 08:30:38.825806,2025-05-07 08:30:38.825806
259290,133,2020-06-15,23.6,0,19.4,01:28,27.9,14:48,31,3.1,10.3,17:00,60,92,00:40,48,14:50,2025-05-07 08:30:38.903252,2025-05-07 08:30:38.903252
259308,133,2020-06-16,24.2,0,20.2,06:24,28.2,14:17,29,1.9,13.3,23:59,58,81,03:10,47,22:40,2025-05-07 08:30:38.974299,2025-05-07 08:30:38.974299
259326,133,2020-06-17,22.8,0,20.6,03:22,24.9,00:01,29,2.5,13.9,00:20,78,85,03:00,53,00:00,2025-05-07 08:30:39.049007,2025-05-07 08:30:39.049007
259344,133,2020-06-18,21.4,0,19.4,06:03,23.3,13:28,32,5.3,10.8,13:10,76,89,,65,12:50,2025-05-07 08:30:39.127274,2025-05-07 08:30:39.127274
259362,133,2020-06-19,21.2,0,19.2,04:00,23.3,13:42,5,3.1,8.1,14:10,75,88,,63,14:20,2025-05-07 08:30:39.202444,2025-05-07 08:30:39.202444
259380,133,2020-06-20,21.2,0,18.8,05:19,23.7,15:16,31,3.6,8.6,10:50,72,89,05:10,58,15:10,2025-05-07 08:31:54.136720,2025-05-07 08:31:54.136720
259398,133,2020-06-21,21.2,0,19.1,04:56,23.2,13:17,32,3.6,8.9,13:30,73,83,23:40,65,,2025-05-07 08:31:54.249571,2025-05-07 08:31:54.249571
259416,133,2020-06-22,20.9,0,18.8,06:37,23,,30,4.2,10,12:40,75,85,05:40,67,15:20,2025-05-07 08:31:54.354854,2025-05-07 08:31:54.354854
259434,133,2020-06-23,21,0,19.1,05:20,23,14:13,33,3.9,9.2,14:00,75,81,04:50,66,14:20,2025-05-07 08:31:54.428959,2025-05-07 08:31:54.428959
259452,133,2020-06-24,20.8,0,19.1,05:42,22.4,15:30,32,4.2,11.9,09:20,77,85,21:10,67,15:20,2025-05-07 08:31:54.507289,2025-05-07 08:31:54.507289
259470,133,2020-06-25,20.9,0,19,03:44,22.8,13:39,30,4.4,9.2,13:30,73,86,21:30,64,13:40,2025-05-07 08:31:54.603738,2025-05-07 08:31:54.603738
259488,133,2020-06-26,,,,,,,0,3.9,,,75,,,,,2025-05-07 08:31:54.701287,2025-05-07 08:31:54.701287
259506,133,2020-06-27,20.2,0,18.4,,22,13:25,31,3.6,8.9,13:50,71,84,22:40,65,,2025-05-07 08:31:54.781751,2025-05-07 08:31:54.781751
259524,133,2020-06-28,21,0.6,19.3,21:27,22.8,14:21,30,3.6,10,22:50,77,92,21:30,71,14:20,2025-05-07 08:31:54.862043,2025-05-07 08:31:54.862043
259542,133,2020-06-29,20.2,0.6,18.2,07:25,22.2,14:47,36,4.4,9.2,12:50,87,95,06:20,76,15:20,2025-05-07 08:31:54.931864,2025-05-07 08:31:54.931864
259560,133,2020-06-30,20.8,0,19.1,04:07,22.6,14:15,33,3.3,7.8,13:30,81,92,07:00,70,15:30,2025-05-07 08:31:55.023775,2025-05-07 08:31:55.023775
259578,133,2020-07-01,20.6,0.2,18.6,07:49,22.7,13:50,32,3.9,9.7,14:20,81,93,07:50,72,14:50,2025-05-07 08:31:55.100849,2025-05-07 08:31:55.100849
259596,133,2020-07-02,19.9,0,18.4,04:19,21.4,12:42,33,5.3,9.7,16:30,84,96,04:30,78,12:20,2025-05-07 08:31:55.167828,2025-05-07 08:31:55.167828
259614,133,2020-07-03,20.8,0,19.1,,22.4,13:05,31,4.2,9.7,20:20,82,90,,74,13:20,2025-05-07 08:31:55.244192,2025-05-07 08:31:55.244192
259632,133,2020-07-04,19.8,0,18.4,06:30,21.3,15:30,29,4.4,10.8,22:30,81,89,02:40,74,12:50,2025-05-07 08:31:55.306835,2025-05-07 08:31:55.306835
259650,133,2020-07-05,20.8,0,18.6,,23,15:45,28,5.6,11.7,18:20,80,88,20:00,73,12:00,2025-05-07 08:31:55.376346,2025-05-07 08:31:55.376346
259667,133,2020-07-06,22,0,19.4,05:00,24.6,13:47,30,4.4,10.3,21:50,84,95,23:59,67,02:40,2025-05-07 08:31:55.446418,2025-05-07 08:31:55.446418
259685,133,2020-07-07,22.5,0,19.6,06:09,25.4,16:06,30,4.4,10,01:00,85,96,,74,16:00,2025-05-07 08:31:55.554255,2025-05-07 08:31:55.554255
259703,133,2020-07-08,23.2,0,19.1,04:40,27.2,15:44,32,3.9,9.2,14:20,75,95,,48,15:50,2025-05-07 08:31:55.656926,2025-05-07 08:31:55.656926
259721,133,2020-07-09,21.2,0,18.8,02:48,23.7,12:54,30,4.7,9.2,23:30,80,94,,70,13:00,2025-05-07 08:31:55.742869,2025-05-07 08:31:55.742869
259739,133,2020-07-10,21,0,19,02:45,23,11:33,32,5.8,11.1,15:30,80,86,06:30,69,11:30,2025-05-07 08:31:55.815694,2025-05-07 08:31:55.815694
259757,133,2020-07-11,21.2,0,19.2,04:53,23.3,13:09,32,4.4,10.3,15:20,78,90,05:00,69,15:50,2025-05-07 08:31:55.880852,2025-05-07 08:31:55.880852
259775,133,2020-07-12,21.2,0,18.4,06:28,23.9,14:17,31,3.6,7.8,18:30,80,89,,71,,2025-05-07 08:31:55.962039,2025-05-07 08:31:55.962039
259792,133,2020-07-13,21,0,18.6,,23.3,14:14,33,4.2,9.7,16:40,81,90,,73,13:10,2025-05-07 08:31:56.024751,2025-05-07 08:31:56.024751
259809,133,2020-07-14,20.8,0,18.7,,22.8,13:44,28,6.4,12.8,16:20,83,90,,72,11:40,2025-05-07 08:31:56.096661,2025-05-07 08:31:56.096661
259827,133,2020-07-15,20.8,0,18.7,04:24,22.8,11:18,27,5.6,12.2,06:20,85,91,01:20,77,11:20,2025-05-07 08:31:56.189532,2025-05-07 08:31:56.189532
259844,133,2020-07-16,21.2,0,19,04:27,23.5,13:02,32,3.9,9.2,17:00,80,92,,72,14:10,2025-05-07 08:31:56.263570,2025-05-07 08:31:56.263570
259862,133,2020-07-17,21.2,0,18.7,,23.7,12:13,30,3.6,8.9,17:20,84,94,,75,12:20,2025-05-07 08:31:56.330635,2025-05-07 08:31:56.330635
259879,133,2020-07-18,23.6,0,18.8,05:40,28.4,12:09,27,3.1,8.9,16:40,66,95,,48,22:20,2025-05-07 08:31:56.405497,2025-05-07 08:31:56.405497
259897,133,2020-07-19,27,0,22.3,00:35,31.8,14:17,28,3.1,8.3,19:30,36,67,00:40,21,14:20,2025-05-07 08:31:56.473265,2025-05-07 08:31:56.473265
259915,133,2020-07-20,21.7,0,19.9,04:48,23.5,00:01,34,5.3,10.6,09:50,78,90,,52,00:00,2025-05-07 08:31:56.545489,2025-05-07 08:31:56.545489
259932,133,2020-07-21,21.8,0,19.6,,24,15:57,28,4.4,10,00:20,72,83,,65,,2025-05-07 08:31:56.617656,2025-05-07 08:31:56.617656
259950,133,2020-07-22,21.6,0,19.8,04:26,23.4,14:27,32,4.2,8.6,00:30,79,86,00:40,69,14:40,2025-05-07 08:31:56.704340,2025-05-07 08:31:56.704340
259968,133,2020-07-23,21.4,0,19.3,,23.6,14:21,34,4.7,9.2,13:50,81,89,,71,14:20,2025-05-07 08:31:56.777012,2025-05-07 08:31:56.777012
259986,133,2020-07-24,21,0,19.1,04:18,22.8,12:15,29,5,10.8,16:20,81,90,23:59,74,12:10,2025-05-07 08:31:56.876113,2025-05-07 08:31:56.876113
260004,133,2020-07-25,21.3,0,19,05:35,23.6,13:03,30,5,10.8,02:30,76,90,,69,12:30,2025-05-07 08:31:56.982662,2025-05-07 08:31:56.982662
260022,133,2020-07-26,21.2,0,19.7,,22.6,15:50,27,4.4,9.7,05:10,77,87,02:20,72,17:30,2025-05-07 08:31:57.076158,2025-05-07 08:31:57.076158
260040,133,2020-07-27,21.6,0,19.2,01:25,23.9,13:16,32,4.7,10,19:20,79,89,,69,13:20,2025-05-07 08:31:57.160229,2025-05-07 08:31:57.160229
260058,133,2020-07-28,21,0,19.4,06:40,22.6,12:57,99,3.6,9.7,,82,90,05:30,76,12:50,2025-05-07 08:31:57.267416,2025-05-07 08:31:57.267416
260076,133,2020-07-29,21.6,0,19.6,,23.5,13:55,34,4.7,9.2,13:20,77,87,00:00,66,12:20,2025-05-07 08:31:57.373696,2025-05-07 08:31:57.373696
260094,133,2020-07-30,21.1,0,19.1,06:28,23.1,14:33,31,3.6,8.9,12:10,75,83,,67,13:30,2025-05-07 08:31:57.476111,2025-05-07 08:31:57.476111
260112,133,2020-07-31,21.6,0,19.5,06:00,23.7,14:50,32,2.8,7.5,18:00,80,90,23:20,69,14:50,2025-05-07 08:31:57.575693,2025-05-07 08:31:57.575693
260130,133,2020-08-01,22,0,19.6,02:26,24.5,13:53,30,2.8,9.2,16:20,80,92,23:50,70,19:00,2025-05-07 08:31:57.644956,2025-05-07 08:31:57.644956
260148,133,2020-08-02,22.2,0,20.2,,24.3,14:57,31,4.2,9.4,10:50,82,92,,74,15:30,2025-05-07 08:31:57.713322,2025-05-07 08:31:57.713322
260166,133,2020-08-03,22,0,19.9,,24,15:14,29,5.3,11.1,12:00,79,91,05:10,70,14:30,2025-05-07 08:31:57.812459,2025-05-07 08:31:57.812459
260184,133,2020-08-04,21.9,0,19.4,03:18,24.4,14:13,31,4.7,10.6,16:10,83,94,07:20,71,,2025-05-07 08:31:57.884060,2025-05-07 08:31:57.884060
260201,133,2020-08-05,21.9,0,19.8,,24,14:26,32,5,11.4,21:20,76,89,00:50,66,13:00,2025-05-07 08:31:57.946939,2025-05-07 08:31:57.946939
260218,133,2020-08-06,21.8,0,19.4,,24.1,13:08,32,4.7,10.3,17:10,76,89,03:50,64,14:50,2025-05-07 08:31:58.011734,2025-05-07 08:31:58.011734
260235,133,2020-08-07,21.9,0,19.9,05:57,23.9,14:30,99,4.2,8.9,18:50,76,83,22:00,65,14:30,2025-05-07 08:31:58.085025,2025-05-07 08:31:58.085025
260253,133,2020-08-08,22,0,19.9,05:37,24,14:45,29,4.4,10.3,18:40,76,84,,66,14:10,2025-05-07 08:31:58.152619,2025-05-07 08:31:58.152619
260271,133,2020-08-09,21.7,0,19.8,06:18,23.6,13:16,28,5,10.8,03:40,75,85,00:30,68,12:50,2025-05-07 08:31:58.217001,2025-05-07 08:31:58.217001
260289,133,2020-08-10,21.8,0,19.4,08:35,24.1,15:17,28,4.2,10.8,19:30,79,95,08:50,67,15:10,2025-05-07 08:31:58.306116,2025-05-07 08:31:58.306116
260306,133,2020-08-11,22.2,0,19.8,05:23,24.7,13:49,28,3.9,8.3,00:50,72,89,22:40,60,13:30,2025-05-07 08:31:58.383496,2025-05-07 08:31:58.383496
260323,133,2020-08-12,21.9,0,19.7,,24.1,12:45,33,3.9,8.9,09:50,76,91,02:30,65,12:50,2025-05-07 08:31:58.457862,2025-05-07 08:31:58.457862
260340,133,2020-08-13,21.8,0,19.8,04:36,23.7,14:56,32,3.6,8.3,13:20,73,87,03:00,65,15:40,2025-05-07 08:31:58.525548,2025-05-07 08:31:58.525548
260358,133,2020-08-14,21.8,0,19.9,,23.8,13:40,31,3.3,8.3,14:10,73,83,,64,12:50,2025-05-07 08:31:58.607419,2025-05-07 08:31:58.607419
260376,133,2020-08-15,21.4,0,19.7,,23,15:33,31,3.1,8.1,17:20,79,86,,71,16:00,2025-05-07 08:31:58.702165,2025-05-07 08:31:58.702165
260394,133,2020-08-16,21.4,0,19.6,04:36,23.3,15:03,32,3.9,8.1,12:00,78,87,,70,,2025-05-07 08:31:58.782729,2025-05-07 08:31:58.782729
260412,133,2020-08-17,22.7,0,19.2,06:38,26.2,13:56,31,2.8,7.8,08:20,67,89,,44,13:50,2025-05-07 08:31:58.843969,2025-05-07 08:31:58.843969
260430,133,2020-08-18,22.4,0,20,,24.8,14:25,31,3.9,8.3,19:40,76,89,06:00,68,15:20,2025-05-07 08:31:58.940624,2025-05-07 08:31:58.940624
260448,133,2020-08-19,21.8,0,18.9,04:39,24.7,15:30,34,3.6,9.7,14:10,74,89,02:30,37,23:50,2025-05-07 08:31:59.042956,2025-05-07 08:31:59.042956
260466,133,2020-08-20,22.7,0,18.8,06:17,26.6,13:56,31,2.5,5.6,09:30,64,86,07:00,26,04:30,2025-05-07 08:31:59.143007,2025-05-07 08:31:59.143007
260484,133,2020-08-21,22.6,0,18.2,05:38,27,13:36,32,2.2,6.7,19:30,72,90,07:20,33,00:30,2025-05-07 08:31:59.207225,2025-05-07 08:31:59.207225
260502,133,2020-08-22,25,0,19.9,02:06,30.1,14:06,32,2.2,8.6,17:40,35,89,00:10,19,06:20,2025-05-07 08:31:59.274288,2025-05-07 08:31:59.274288
260520,133,2020-08-23,23.8,0,20.6,,27.1,15:20,31,4.2,9.4,18:00,75,88,07:30,50,03:20,2025-05-07 08:31:59.348903,2025-05-07 08:31:59.348903
260538,133,2020-08-24,22.8,0,20.6,05:20,25.1,12:15,30,4.4,10,19:20,74,89,,64,03:10,2025-05-07 08:31:59.427461,2025-05-07 08:31:59.427461
260556,133,2020-08-25,21.9,0,20.3,,23.5,14:36,35,3.9,10.8,21:20,88,93,,82,11:30,2025-05-07 08:31:59.520647,2025-05-07 08:31:59.520647
260574,133,2020-08-26,25.3,0,20.8,,29.8,16:07,28,1.7,7.8,00:20,78,97,,47,23:50,2025-05-07 08:31:59.607089,2025-05-07 08:31:59.607089
260592,133,2020-08-27,29,0,23.6,07:39,34.3,17:07,27,3.1,6.9,07:50,57,87,07:40,27,16:50,2025-05-07 08:31:59.689177,2025-05-07 08:31:59.689177
260610,133,2020-08-28,24.6,0,20.8,,28.5,12:00,30,3.3,8.6,16:50,67,88,21:10,41,00:40,2025-05-07 08:31:59.787529,2025-05-07 08:31:59.787529
260628,133,2020-08-29,22.6,0.8,20.2,23:42,24.9,12:16,35,4.7,12.2,17:30,77,87,,64,12:10,2025-05-07 08:31:59.885085,2025-05-07 08:31:59.885085
260646,133,2020-08-30,21,0.2,18.3,06:03,23.6,13:13,32,5.3,11.7,09:10,70,93,09:40,64,13:20,2025-05-07 08:31:59.978739,2025-05-07 08:31:59.978739
260664,133,2020-08-31,21,0,19.2,,22.8,13:47,32,4.4,10.3,14:20,78,91,23:30,70,13:50,2025-05-07 08:32:00.048206,2025-05-07 08:32:00.048206
260682,133,2020-09-01,22.6,0,20.6,,24.5,13:03,33,3.1,8.3,16:00,82,93,,70,12:50,2025-05-07 08:32:00.120732,2025-05-07 08:32:00.120732
260700,133,2020-09-02,21.8,0,18.4,23:43,25.2,14:00,35,1.9,6.9,12:30,77,92,00:00,68,13:10,2025-05-07 08:32:00.196855,2025-05-07 08:32:00.196855
260718,133,2020-09-03,21.5,0,18.3,01:02,24.7,14:10,6,1.9,6.4,14:20,77,87,,68,11:40,2025-05-07 08:32:00.272046,2025-05-07 08:32:00.272046
260736,133,2020-09-04,22.3,0,19.6,06:59,25,13:49,28,2.2,7.8,22:30,75,90,21:40,65,13:30,2025-05-07 08:32:00.354526,2025-05-07 08:32:00.354526
260754,133,2020-09-05,22.8,0,20.4,01:34,25.3,14:41,29,3.6,11.1,15:00,76,88,,64,15:10,2025-05-07 08:32:00.417282,2025-05-07 08:32:00.417282
260772,133,2020-09-06,22.3,0,19.5,06:51,25.1,13:50,35,2.5,6.7,14:20,78,91,05:00,68,13:50,2025-05-07 08:32:00.490115,2025-05-07 08:32:00.490115
260790,133,2020-09-07,24.2,0,20.5,06:06,27.9,18:26,28,1.9,6.9,02:50,62,94,06:30,24,23:10,2025-05-07 08:32:00.590393,2025-05-07 08:32:00.590393
260808,133,2020-09-08,27.4,0,22.7,23:41,32.2,11:47,24,2.2,6.7,01:20,42,73,21:50,28,01:20,2025-05-07 08:32:00.703252,2025-05-07 08:32:00.703252
260826,133,2020-09-09,25.7,0,21.7,23:59,29.7,13:05,30,1.9,6.1,03:20,44,77,23:59,36,11:40,2025-05-07 08:32:00.805413,2025-05-07 08:32:00.805413
260844,133,2020-09-10,22.4,0,20.2,04:41,24.5,14:15,29,4.4,9.7,21:20,78,91,,70,,2025-05-07 08:32:00.898715,2025-05-07 08:32:00.898715
260862,133,2020-09-11,22.4,0,20.6,,24.1,13:05,26,3.9,8.6,05:10,76,85,23:40,69,13:00,2025-05-07 08:32:01.051859,2025-05-07 08:32:01.051859
260880,133,2020-09-12,22.4,0,20,07:10,24.9,14:33,30,2.8,8.1,01:00,76,89,05:10,65,12:00,2025-05-07 08:32:01.171054,2025-05-07 08:32:01.171054
260898,133,2020-09-13,22.2,0,20,04:29,24.5,16:03,35,1.7,5.3,15:20,83,92,,74,,2025-05-07 08:32:01.286876,2025-05-07 08:32:01.286876
260916,133,2020-09-14,22,0,18.4,,25.6,14:59,35,1.9,6.7,15:30,76,92,,62,14:50,2025-05-07 08:32:01.395175,2025-05-07 08:32:01.395175
260934,133,2020-09-15,22.3,0,20.3,04:37,24.3,17:13,28,1.9,7.5,19:40,75,90,,57,18:00,2025-05-07 08:32:01.481170,2025-05-07 08:32:01.481170
260952,133,2020-09-16,25.9,0,20.6,03:07,31.2,13:16,99,1.7,5.8,23:50,46,92,02:00,28,,2025-05-07 08:32:01.600625,2025-05-07 08:32:01.600625
260970,133,2020-09-17,22.8,0,20.6,22:33,24.9,14:16,29,4.2,11.1,18:30,83,92,,70,13:20,2025-05-07 08:32:01.710213,2025-05-07 08:32:01.710213
260988,133,2020-09-18,22.3,0,19.9,06:09,24.7,14:01,29,3.3,10.6,00:20,78,86,01:00,66,,2025-05-07 08:32:01.816550,2025-05-07 08:32:01.816550
261006,133,2020-09-19,21.6,0,19,,24.1,14:15,5,1.9,6.1,13:40,77,88,03:20,66,14:40,2025-05-07 08:32:01.957085,2025-05-07 08:32:01.957085
261024,133,2020-09-20,21.7,0,18.7,06:57,24.7,14:22,29,2.2,7.2,21:20,79,91,23:40,69,13:40,2025-05-07 08:32:02.070149,2025-05-07 08:32:02.070149
261042,133,2020-09-21,22.4,0,19,06:35,25.9,15:22,28,2.5,6.7,03:10,79,93,23:30,62,15:20,2025-05-07 08:32:02.172380,2025-05-07 08:32:02.172380
261060,133,2020-09-22,23.2,0,18.8,02:30,27.7,16:32,30,2.8,9.2,19:10,77,94,00:10,32,16:50,2025-05-07 08:32:02.276870,2025-05-07 08:32:02.276870
261078,133,2020-09-23,23.4,0.8,20.4,,26.3,11:30,29,4.2,10.6,16:40,69,93,04:30,49,16:40,2025-05-07 08:32:02.384879,2025-05-07 08:32:02.384879
261096,133,2020-09-24,22.4,0.2,20.3,07:57,24.6,16:24,24,1.4,6.4,08:20,84,90,22:00,56,00:00,2025-05-07 08:32:02.470201,2025-05-07 08:32:02.470201
261114,133,2020-09-25,23.8,0,20.4,03:02,27.3,12:30,7,1.7,5.6,12:50,70,80,07:20,46,09:30,2025-05-07 08:32:02.555863,2025-05-07 08:32:02.555863
261132,133,2020-09-26,22.5,0,20.6,23:56,24.4,11:53,31,3.1,7.5,14:10,81,91,03:50,60,01:10,2025-05-07 08:32:02.649354,2025-05-07 08:32:02.649354
261150,133,2020-09-27,21.4,0,19.5,05:23,23.4,14:05,34,4.4,10.3,08:10,74,87,04:30,61,14:00,2025-05-07 08:32:02.736167,2025-05-07 08:32:02.736167
261168,133,2020-09-28,21.6,0,19.9,20:47,23.2,13:03,30,5.3,11.7,10:40,74,89,20:50,67,13:20,2025-05-07 08:32:02.855401,2025-05-07 08:32:02.855401
261185,133,2020-09-29,21.6,0,19.5,04:04,23.7,12:20,31,2.8,8.6,01:10,72,86,08:20,60,12:10,2025-05-07 08:32:02.969632,2025-05-07 08:32:02.969632
261202,133,2020-09-30,21.3,0,18.5,03:38,24.1,12:59,32,2.8,8.3,15:20,75,85,,60,12:40,2025-05-07 08:32:03.080353,2025-05-07 08:32:03.080353
261219,133,2020-10-01,21.5,0.2,19.4,,23.6,12:21,99,3.3,8.9,,77,88,07:50,64,12:20,2025-05-07 08:32:03.166978,2025-05-07 08:32:03.166978
261237,133,2020-10-02,20.7,1.2,17.9,04:48,23.5,13:38,32,3.6,12.8,15:00,76,93,18:50,59,13:20,2025-05-07 08:32:03.263725,2025-05-07 08:32:03.263725
261255,133,2020-10-03,20.4,3.8,18.2,07:36,22.6,13:15,33,4.7,11.7,07:30,81,94,21:30,72,04:30,2025-05-07 08:32:03.340958,2025-05-07 08:32:03.340958
261273,133,2020-10-04,20,7.6,18.6,21:45,21.3,14:52,33,3.1,8.9,15:40,88,98,10:00,76,16:00,2025-05-07 08:32:03.409083,2025-05-07 08:32:03.409083
261291,133,2020-10-05,20.8,0.2,18.5,05:37,23,13:48,4,1.9,6.4,15:30,80,92,07:10,64,15:20,2025-05-07 08:32:03.492772,2025-05-07 08:32:03.492772
261309,133,2020-10-06,20.4,0,19.2,,21.5,13:16,4,1.4,4.7,02:40,83,90,,78,12:00,2025-05-07 08:32:03.594946,2025-05-07 08:32:03.594946
261327,133,2020-10-07,21.4,0,17.9,06:37,24.8,13:48,5,1.7,4.4,13:40,81,93,,70,14:20,2025-05-07 08:32:03.698394,2025-05-07 08:32:03.698394
261345,133,2020-10-08,21.9,0,17.8,06:30,26,13:09,30,2.2,6.1,20:20,75,94,00:30,47,13:10,2025-05-07 08:32:03.801099,2025-05-07 08:32:03.801099
261363,133,2020-10-09,21.5,0,19.8,23:52,23.2,15:01,31,3.6,8.9,18:20,85,91,,76,13:20,2025-05-07 08:32:03.879477,2025-05-07 08:32:03.879477
261381,133,2020-10-10,21.2,0,19.4,,23.1,13:06,32,2.5,7.2,01:40,81,92,00:10,69,14:50,2025-05-07 08:32:03.954467,2025-05-07 08:32:03.954467
261399,133,2020-10-11,21.6,0,19.8,01:21,23.5,13:08,31,2.8,6.1,01:30,82,90,23:30,74,13:10,2025-05-07 08:32:04.021486,2025-05-07 08:32:04.021486
261417,133,2020-10-12,23.6,0,18.8,,28.3,14:40,30,1.4,5.3,00:20,74,90,00:10,48,23:50,2025-05-07 08:32:04.106494,2025-05-07 08:32:04.106494
261435,133,2020-10-13,23.6,0,19.4,23:24,27.9,13:41,14,1.7,5.3,08:10,75,86,,38,01:00,2025-05-07 08:32:04.184263,2025-05-07 08:32:04.184263
261453,133,2020-10-14,20.9,0,17.8,06:00,24,11:50,8,1.7,5.8,14:00,80,93,07:10,53,02:20,2025-05-07 08:32:04.262050,2025-05-07 08:32:04.262050
261471,133,2020-10-15,20.6,0,18.1,06:08,23.1,12:54,10,1.9,6.9,10:00,77,88,02:10,69,,2025-05-07 08:32:04.359881,2025-05-07 08:32:04.359881
261489,133,2020-10-16,20.8,0,19.1,06:45,22.5,15:09,4,1.7,6.1,14:10,77,85,,68,13:50,2025-05-07 08:32:04.440449,2025-05-07 08:32:04.440449
261507,133,2020-10-17,18.8,0,16.9,23:43,20.6,13:09,10,1.7,5.8,12:40,79,88,10:30,71,14:00,2025-05-07 08:32:04.523929,2025-05-07 08:32:04.523929
261525,133,2020-10-18,19.8,0,16.4,05:19,23.2,12:00,15,2.2,7.8,12:30,76,86,02:50,67,12:00,2025-05-07 08:32:04.590462,2025-05-07 08:32:04.590462
261543,133,2020-10-19,21,0,17,05:30,25.1,13:57,9,1.1,5.3,14:30,77,89,05:00,69,,2025-05-07 08:32:04.680665,2025-05-07 08:32:04.680665
261561,133,2020-10-20,24.6,0,20.1,05:21,29.2,12:47,27,4.2,15,13:10,65,86,20:00,38,09:40,2025-05-07 08:32:04.781000,2025-05-07 08:32:04.781000
261579,133,2020-10-21,19.8,34.2,16.8,23:58,22.7,09:59,30,1.9,7.8,13:50,80,95,,69,13:00,2025-05-07 08:32:04.869511,2025-05-07 08:32:04.869511
261597,133,2020-10-22,18.6,2.6,16.6,04:30,20.7,12:45,28,2.8,9.2,13:10,79,95,,67,16:00,2025-05-07 08:32:04.976661,2025-05-07 08:32:04.976661
261615,133,2020-10-23,18.4,0,15.5,07:11,21.3,11:57,4,1.9,6.7,11:30,72,85,04:00,60,12:00,2025-05-07 08:32:05.077841,2025-05-07 08:32:05.077841
261632,133,2020-10-24,18.6,0,16.2,04:52,21.1,12:22,5,1.9,6.4,11:40,72,81,03:50,62,14:00,2025-05-07 08:32:05.168273,2025-05-07 08:32:05.168273
261650,133,2020-10-25,18.8,0,16.9,07:08,20.6,10:43,34,2.2,6.9,13:20,75,82,07:20,68,10:40,2025-05-07 08:32:05.239778,2025-05-07 08:32:05.239778
261668,133,2020-10-26,19.6,0,17.5,05:49,21.8,13:47,33,1.4,6.1,16:30,73,85,22:50,64,13:20,2025-05-07 08:32:05.307855,2025-05-07 08:32:05.307855
261686,133,2020-10-27,19.6,0,17.8,06:51,21.4,14:18,31,1.7,8.9,12:20,77,89,02:20,69,13:20,2025-05-07 08:32:05.389974,2025-05-07 08:32:05.389974
261704,133,2020-10-28,19.2,0,18.1,,20.3,12:28,34,2.8,7.5,11:50,69,80,,66,06:10,2025-05-07 08:32:05.486723,2025-05-07 08:32:05.486723
261722,133,2020-10-29,19.6,0,17.7,06:31,21.4,12:55,32,2.8,7.8,14:30,80,87,,67,12:30,2025-05-07 08:32:05.558797,2025-05-07 08:32:05.558797
261740,133,2020-10-30,20.8,0,17.6,04:56,24,19:04,31,1.7,6.1,01:40,79,90,06:30,27,19:10,2025-05-07 08:32:05.642770,2025-05-07 08:32:05.642770
261758,133,2020-10-31,23.5,0,18.7,00:26,28.3,14:41,14,2.8,10.6,11:10,29,45,00:30,21,16:40,2025-05-07 08:32:05.712858,2025-05-07 08:32:05.712858
261776,133,2020-11-01,22.5,0,18,24:00,27,11:23,14,1.4,6.1,04:10,44,76,21:50,29,09:30,2025-05-07 08:32:05.787405,2025-05-07 08:32:05.787405
261794,133,2020-11-02,19.6,0,16.8,05:22,22.3,14:16,30,2.2,6.7,14:20,77,87,,64,00:00,2025-05-07 08:32:05.857244,2025-05-07 08:32:05.857244
261812,133,2020-11-03,19.9,0.2,18.2,03:54,21.6,12:22,32,2.2,7.2,16:20,83,89,06:40,74,11:00,2025-05-07 08:32:05.954188,2025-05-07 08:32:05.954188
261830,133,2020-11-04,18.4,26.4,16,24:00,20.7,12:42,99,2.2,6.4,,84,95,,74,12:40,2025-05-07 08:32:06.028579,2025-05-07 08:32:06.028579
261848,133,2020-11-05,17.4,0,15,07:23,19.8,15:37,10,1.9,7.5,14:20,76,94,00:00,69,10:50,2025-05-07 08:32:06.120314,2025-05-07 08:32:06.120314
261866,133,2020-11-06,19.9,0,15.1,06:27,24.7,13:16,34,2.5,7.8,17:30,70,90,01:00,52,13:20,2025-05-07 08:32:06.224579,2025-05-07 08:32:06.224579
261884,133,2020-11-07,18.6,0,15.5,06:57,21.8,12:47,12,2.2,6.1,10:50,79,89,21:20,66,11:20,2025-05-07 08:32:06.319036,2025-05-07 08:32:06.319036
261902,133,2020-11-08,17.9,0,15.3,07:13,20.5,10:31,6,1.4,4.2,12:20,84,89,00:10,76,10:30,2025-05-07 08:32:06.425668,2025-05-07 08:32:06.425668
261920,133,2020-11-09,18.2,0,15.4,06:46,21,13:13,2,1.4,6.4,21:40,79,88,07:30,67,13:30,2025-05-07 08:32:06.526634,2025-05-07 08:32:06.526634
261938,133,2020-11-10,19.2,0,17.7,05:45,20.6,14:42,6,1.7,6.4,12:50,78,88,02:50,65,14:30,2025-05-07 08:32:06.629951,2025-05-07 08:32:06.629951
261956,133,2020-11-11,18.9,0,17.1,06:53,20.7,11:13,30,1.7,5.6,21:50,84,89,,78,11:20,2025-05-07 08:32:06.726368,2025-05-07 08:32:06.726368
261974,133,2020-11-12,20,0,17,06:20,22.9,14:49,26,1.1,6.1,02:50,87,95,,76,14:50,2025-05-07 08:32:06.809896,2025-05-07 08:32:06.809896
261992,133,2020-11-13,21.4,0,18.4,03:00,24.4,21:17,14,4.2,10,14:00,65,95,,31,20:30,2025-05-07 08:32:06.890936,2025-05-07 08:32:06.890936
262010,133,2020-11-14,23.4,0,20.8,23:55,26,10:44,14,1.9,8.9,02:30,43,69,18:50,28,10:30,2025-05-07 08:32:06.973306,2025-05-07 08:32:06.973306
262028,133,2020-11-15,22.6,0,19.1,05:09,26.1,14:31,27,1.1,4.2,05:30,70,86,03:00,61,11:20,2025-05-07 08:32:07.058820,2025-05-07 08:32:07.058820
262046,133,2020-11-16,22,0,18,06:00,26.1,10:21,11,1.7,5.3,12:30,63,89,02:40,31,10:10,2025-05-07 08:32:07.134794,2025-05-07 08:32:07.134794
262064,133,2020-11-17,25,0,21.2,01:59,28.9,11:09,14,2.5,5.8,07:00,34,49,15:50,26,07:00,2025-05-07 08:32:07.201449,2025-05-07 08:32:07.201449
262082,133,2020-11-18,24,0,19,,29,12:20,28,2.5,7.8,19:20,37,87,20:00,27,12:30,2025-05-07 08:32:07.272803,2025-05-07 08:32:07.272803
262100,133,2020-11-19,19.6,0,17.9,21:54,21.2,12:07,27,1.9,7.8,02:20,84,90,,76,11:50,2025-05-07 08:32:07.342886,2025-05-07 08:32:07.342886
262118,133,2020-11-20,21,0,17.5,06:32,24.5,16:04,15,2.5,10.6,13:40,58,89,00:20,31,22:30,2025-05-07 08:32:07.410566,2025-05-07 08:32:07.410566
262136,133,2020-11-21,21.6,0,18.5,23:30,24.7,14:52,99,3.6,8.3,,38,58,23:30,29,15:00,2025-05-07 08:32:07.489742,2025-05-07 08:32:07.489742
262154,133,2020-11-22,19.6,0,16.4,06:00,22.8,11:58,8,2.5,7.2,13:20,63,74,09:00,49,20:40,2025-05-07 08:32:07.561294,2025-05-07 08:32:07.561294
262172,133,2020-11-23,20.4,0,16.8,05:14,24.1,12:14,10,2.5,11.4,11:20,59,80,,34,18:40,2025-05-07 08:32:07.639855,2025-05-07 08:32:07.639855
262190,133,2020-11-24,20.4,0,17.4,00:50,23.4,13:34,8,2.2,6.9,10:20,64,76,07:10,34,23:50,2025-05-07 08:32:07.721447,2025-05-07 08:32:07.721447
262208,133,2020-11-25,18.2,12.4,15.8,20:41,20.6,11:50,33,4.7,12.8,19:20,80,92,19:20,30,,2025-05-07 08:32:07.823627,2025-05-07 08:32:07.823627
262226,133,2020-11-26,15.2,3.6,13.4,04:55,16.9,15:33,33,5.3,18.9,16:50,75,89,16:10,65,19:20,2025-05-07 08:32:07.905027,2025-05-07 08:32:07.905027
262244,133,2020-11-27,15.8,2.6,13.7,03:34,17.9,13:26,30,6.4,14.4,06:00,69,84,10:50,63,14:00,2025-05-07 08:32:07.965674,2025-05-07 08:32:07.965674
262262,133,2020-11-28,16.6,14.8,14.4,23:37,18.8,11:47,28,1.7,9.7,01:30,87,92,,75,15:10,2025-05-07 08:32:08.033285,2025-05-07 08:32:08.033285
262280,133,2020-11-29,14.9,3.6,13.3,23:59,16.5,15:41,31,1.1,5.6,11:00,90,96,,82,13:10,2025-05-07 08:32:08.098532,2025-05-07 08:32:08.098532
262298,133,2020-11-30,16.9,0,13.3,00:01,20.5,14:04,13,1.1,7.5,05:00,70,91,01:20,55,13:30,2025-05-07 08:32:08.172671,2025-05-07 08:32:08.172671
262316,133,2020-12-01,17.8,0,14.5,05:17,21.1,12:21,34,1.9,4.7,,69,83,,57,12:10,2025-05-07 08:32:08.253906,2025-05-07 08:32:08.253906
262334,133,2020-12-02,18.3,0,15.4,04:07,21.2,12:55,8,1.4,5.3,12:40,74,86,20:30,63,10:50,2025-05-07 08:32:08.352641,2025-05-07 08:32:08.352641
262352,133,2020-12-03,17.3,0,13.8,06:42,20.8,13:55,8,1.7,5.6,14:30,75,87,19:50,64,11:40,2025-05-07 08:32:08.427028,2025-05-07 08:32:08.427028
262370,133,2020-12-04,16.8,1.2,14.4,06:22,19.1,12:48,36,2.5,7.8,17:40,81,87,,73,15:30,2025-05-07 08:32:08.498274,2025-05-07 08:32:08.498274
262388,133,2020-12-05,16,3.4,14.4,19:44,17.7,10:57,99,3.9,10.8,,85,94,11:30,73,10:00,2025-05-07 08:32:08.593602,2025-05-07 08:32:08.593602
262406,133,2020-12-06,15.4,1.8,13.7,05:02,17,12:28,2,3.3,9.7,11:30,80,91,19:00,71,14:40,2025-05-07 08:32:08.678160,2025-05-07 08:32:08.678160
262423,133,2020-12-07,15.8,1.6,13.7,01:29,18,12:37,2,1.7,7.8,13:30,79,92,,70,16:20,2025-05-07 08:32:08.743425,2025-05-07 08:32:08.743425
262440,133,2020-12-08,16.2,2.6,14,07:04,18.5,11:19,34,1.9,6.7,15:20,79,95,,66,10:10,2025-05-07 08:32:08.825400,2025-05-07 08:32:08.825400
262457,133,2020-12-09,16.3,5.2,14.6,,18,13:28,32,2.8,7.8,13:20,81,95,00:00,75,,2025-05-07 08:32:08.924148,2025-05-07 08:32:08.924148
262474,133,2020-12-10,17,0.6,15.4,06:48,18.7,11:34,33,1.9,7.8,15:00,81,92,,68,16:30,2025-05-07 08:32:09.027833,2025-05-07 08:32:09.027833
262492,133,2020-12-11,17,5.6,15.7,07:37,18.3,14:07,35,1.7,5.6,17:30,91,96,,75,10:00,2025-05-07 08:32:09.134037,2025-05-07 08:32:09.134037
262510,133,2020-12-12,16.8,1.4,15.4,23:39,18.2,,32,1.7,5.3,14:20,84,97,23:40,77,15:40,2025-05-07 08:32:09.220559,2025-05-07 08:32:09.220559
262528,133,2020-12-13,16.3,0,15.2,,17.4,14:23,31,2.2,7.2,15:20,86,97,,76,20:50,2025-05-07 08:32:09.311544,2025-05-07 08:32:09.311544
262546,133,2020-12-14,17.2,8,15.2,04:46,19.2,12:00,32,2.8,7.2,12:40,87,98,13:30,71,12:20,2025-05-07 08:32:09.406659,2025-05-07 08:32:09.406659
262564,133,2020-12-15,16.3,5,15,07:09,17.6,14:58,29,1.1,6.9,03:30,92,97,,84,14:50,2025-05-07 08:32:09.492424,2025-05-07 08:32:09.492424
262581,133,2020-12-16,16.6,0.2,14.9,05:47,18.3,16:16,31,4.4,10.8,22:50,80,94,,68,16:00,2025-05-07 08:32:09.568781,2025-05-07 08:32:09.568781
262598,133,2020-12-17,16.7,0,15.3,07:38,18.1,12:24,33,2.5,10,00:10,74,93,00:00,62,15:20,2025-05-07 08:33:12.308049,2025-05-07 08:33:12.308049
262616,133,2020-12-18,15.5,0,13.6,06:01,17.4,12:15,33,2.2,5.6,17:20,75,83,06:20,68,,2025-05-07 08:33:12.411406,2025-05-07 08:33:12.411406
262634,133,2020-12-19,16,0,13.7,23:53,18.3,14:16,99,1.4,5.3,,73,83,,66,15:40,2025-05-07 08:33:12.494456,2025-05-07 08:33:12.494456
262652,133,2020-12-20,16.4,2.4,13.6,02:05,19.1,14:58,5,0.8,4.7,14:50,82,93,23:40,73,,2025-05-07 08:33:12.574441,2025-05-07 08:33:12.574441
262670,133,2020-12-21,17,0.4,14.9,07:26,19,14:13,7,0.8,5.6,10:00,82,95,,66,14:00,2025-05-07 08:33:12.651844,2025-05-07 08:33:12.651844
262688,133,2020-12-22,16.8,0,13.9,23:48,19.6,11:51,12,1.9,9.2,14:10,85,92,08:10,70,21:20,2025-05-07 08:33:12.715128,2025-05-07 08:33:12.715128
262706,133,2020-12-23,16.7,0,13.5,00:45,19.9,14:22,10,3.3,10,12:10,64,90,03:30,52,21:30,2025-05-07 08:33:12.792325,2025-05-07 08:33:12.792325
262724,133,2020-12-24,17.2,0,15.7,23:52,18.8,14:18,14,3.9,11.1,14:50,63,80,02:30,60,14:30,2025-05-07 08:33:12.880021,2025-05-07 08:33:12.880021
262742,133,2020-12-25,18,0,14.4,02:07,21.6,13:41,11,2.2,10,10:50,67,86,04:20,54,13:20,2025-05-07 08:33:12.944827,2025-05-07 08:33:12.944827
262760,133,2020-12-26,16.8,0,13.3,07:37,20.4,13:46,10,1.4,5.8,16:10,74,91,22:50,57,,2025-05-07 08:33:13.045181,2025-05-07 08:33:13.045181
262778,133,2020-12-27,17.4,0,13.5,06:54,21.4,14:01,99,1.9,4.7,,71,92,01:00,51,12:30,2025-05-07 08:33:13.114359,2025-05-07 08:33:13.114359
262796,133,2020-12-28,18,0,13.6,05:01,22.3,13:14,20,1.9,5.6,03:10,58,90,20:50,37,09:50,2025-05-07 08:33:13.183953,2025-05-07 08:33:13.183953
262814,133,2020-12-29,15.8,0,13.9,,17.8,13:54,7,1.4,5.3,12:10,80,92,01:40,71,13:50,2025-05-07 08:33:13.276656,2025-05-07 08:33:13.276656
262832,133,2020-12-30,15.3,0.8,12.9,07:56,17.7,12:23,3,1.7,5.3,15:20,80,91,23:50,75,10:20,2025-05-07 08:33:13.352796,2025-05-07 08:33:13.352796
262850,133,2020-12-31,14.9,0,12.9,07:50,16.9,15:42,33,1.7,6.4,18:20,80,91,00:00,63,,2025-05-07 08:33:13.436597,2025-05-07 08:33:13.436597
262868,133,2021-01-01,14.9,0.4,13.1,22:10,16.7,13:35,6,1.7,6.7,11:20,71,92,23:50,60,10:20,2025-05-07 08:33:13.524091,2025-05-07 08:33:13.524091
262886,133,2021-01-02,14.8,0,13.2,,16.5,15:05,4,1.4,4.7,16:30,76,92,00:00,64,14:40,2025-05-07 08:33:13.612552,2025-05-07 08:33:13.612552
262904,133,2021-01-03,15.2,0,13.5,06:47,17,16:05,99,1.9,4.7,,76,81,,67,15:10,2025-05-07 08:33:13.681532,2025-05-07 08:33:13.681532
262922,133,2021-01-04,16.3,0,13.9,05:19,18.7,13:01,12,1.4,7.5,10:30,77,84,,71,13:00,2025-05-07 08:33:13.770546,2025-05-07 08:33:13.770546
262940,133,2021-01-05,17.9,0,14.1,06:44,21.7,11:37,12,1.9,6.1,13:00,73,86,23:10,61,10:20,2025-05-07 08:33:13.862055,2025-05-07 08:33:13.862055
262958,133,2021-01-06,19,0,15.7,00:40,22.3,17:04,32,2.2,9.2,16:40,74,89,08:00,51,20:30,2025-05-07 08:33:13.951906,2025-05-07 08:33:13.951906
262976,133,2021-01-07,20.5,1.2,17.2,01:23,23.8,14:44,22,1.4,9.4,17:00,72,82,,54,14:50,2025-05-07 08:33:14.022537,2025-05-07 08:33:14.022537
262994,133,2021-01-08,15.8,33,11.9,21:01,19.6,02:50,25,2.8,15.6,03:40,91,96,13:10,54,04:10,2025-05-07 08:33:14.115554,2025-05-07 08:33:14.115554
263012,133,2021-01-09,13,5,11.2,08:21,14.8,14:09,30,5.8,13.9,17:20,75,89,02:30,62,14:00,2025-05-07 08:33:14.194959,2025-05-07 08:33:14.194959
263030,133,2021-01-10,14.2,3.2,12.1,05:04,16.3,15:23,28,5.6,15.3,14:50,72,92,22:50,56,14:50,2025-05-07 08:33:14.257366,2025-05-07 08:33:14.257366
263048,133,2021-01-11,13.8,4.6,12.2,01:23,15.4,12:58,32,3.1,10,01:00,76,93,18:20,65,04:20,2025-05-07 08:33:14.337976,2025-05-07 08:33:14.337976
263066,133,2021-01-12,13.7,8,11.5,07:03,15.9,11:07,34,0.6,7.2,06:10,89,93,,67,16:00,2025-05-07 08:33:14.429392,2025-05-07 08:33:14.429392
263084,133,2021-01-13,14.6,0,12.5,03:42,16.6,14:25,3,2.5,6.9,10:20,72,91,04:00,62,15:10,2025-05-07 08:33:14.498151,2025-05-07 08:33:14.498151
263102,133,2021-01-14,14.9,0,12.7,03:23,17.1,12:00,8,1.9,7.2,13:00,74,85,03:50,61,21:40,2025-05-07 08:33:14.577151,2025-05-07 08:33:14.577151
263120,133,2021-01-15,14.6,0,13.3,,16,13:23,3,1.9,6.9,16:10,67,78,17:40,59,02:50,2025-05-07 08:33:14.649346,2025-05-07 08:33:14.649346
263138,133,2021-01-16,15.4,0.2,13.2,04:47,17.7,13:15,3,1.4,6.1,14:00,72,84,18:10,59,10:10,2025-05-07 08:33:14.752224,2025-05-07 08:33:14.752224
263156,133,2021-01-17,15,0,12.3,23:49,17.7,12:30,9,1.9,6.1,13:20,71,82,23:59,63,12:20,2025-05-07 08:33:14.826100,2025-05-07 08:33:14.826100
263174,133,2021-01-18,14.4,0,11.2,03:46,17.7,14:30,11,1.9,5.6,14:10,77,90,23:00,69,12:20,2025-05-07 08:33:14.894349,2025-05-07 08:33:14.894349
263192,133,2021-01-19,14.2,0,10.6,05:43,17.7,13:06,99,1.9,6.4,13:40,77,89,00:00,69,12:10,2025-05-07 08:33:14.984240,2025-05-07 08:33:14.984240
263210,133,2021-01-20,14.2,0,10.5,06:03,18,12:46,9,2.2,5,12:30,75,88,22:40,66,12:30,2025-05-07 08:33:15.077346,2025-05-07 08:33:15.077346
263228,133,2021-01-21,16.4,1.2,13.8,01:53,19,14:29,32,2.5,6.4,13:00,83,96,23:30,75,12:20,2025-05-07 08:33:15.178802,2025-05-07 08:33:15.178802
263246,133,2021-01-22,16.6,1.2,15.6,08:23,17.6,12:19,27,1.7,6.4,12:10,90,98,,84,16:40,2025-05-07 08:33:15.254869,2025-05-07 08:33:15.254869
263264,133,2021-01-23,16.4,1.2,14.6,21:52,18.3,15:19,4,1.4,4.7,14:30,88,97,,77,13:10,2025-05-07 08:33:15.337050,2025-05-07 08:33:15.337050
263282,133,2021-01-24,16.2,0,13,05:03,19.4,14:24,6,1.1,4.2,12:50,86,97,08:10,73,11:40,2025-05-07 08:33:15.440611,2025-05-07 08:33:15.440611
263300,133,2021-01-25,15.4,0,12.2,07:00,18.5,14:14,32,1.4,5,14:00,82,95,04:10,77,14:50,2025-05-07 08:33:15.533118,2025-05-07 08:33:15.533118
263318,133,2021-01-26,17,0,15.1,,18.9,13:03,4,1.1,5.8,13:30,81,90,21:40,72,13:30,2025-05-07 08:33:15.609515,2025-05-07 08:33:15.609515
263336,133,2021-01-27,17.6,0,14.9,08:03,20.3,13:15,26,1.4,6.4,23:40,84,97,,75,11:40,2025-05-07 08:33:15.701065,2025-05-07 08:33:15.701065
263354,133,2021-01-28,18.6,0,12.7,03:55,24.5,10:47,99,1.4,5.3,,55,97,,27,10:20,2025-05-07 08:33:15.802411,2025-05-07 08:33:15.802411
263372,133,2021-01-29,19.4,0,14.8,23:50,23.9,14:31,31,1.7,5.6,23:59,52,93,23:00,32,09:50,2025-05-07 08:33:15.876186,2025-05-07 08:33:15.876186
263390,133,2021-01-30,15.4,2.6,12.8,06:51,17.9,12:40,27,2.8,8.3,02:00,83,94,00:30,76,13:00,2025-05-07 08:33:15.947301,2025-05-07 08:33:15.947301
263408,133,2021-01-31,16.4,0.2,14.7,07:10,18.1,15:03,33,3.3,8.6,15:30,87,98,,77,12:30,2025-05-07 08:33:16.041875,2025-05-07 08:33:16.041875
263426,133,2021-02-01,17.9,0,14.4,07:19,21.4,13:37,27,1.7,5.8,02:10,74,92,,59,12:50,2025-05-07 08:33:16.111526,2025-05-07 08:33:16.111526
263444,133,2021-02-02,16.4,0,14.3,08:21,18.6,13:49,28,1.7,6.1,21:30,85,93,,77,,2025-05-07 08:33:16.183743,2025-05-07 08:33:16.183743
263462,133,2021-02-03,15.8,0,14.1,,17.5,12:13,32,2.2,7.5,23:50,83,90,04:00,77,12:10,2025-05-07 08:33:16.274764,2025-05-07 08:33:16.274764
263480,133,2021-02-04,13.3,11,11,23:55,15.6,15:21,31,4.4,11.4,15:30,92,97,,75,15:30,2025-05-07 08:33:16.349251,2025-05-07 08:33:16.349251
263498,133,2021-02-05,11.6,24.4,9.9,18:49,13.4,10:08,26,4.2,13.3,18:30,86,95,14:30,74,09:10,2025-05-07 08:33:16.437196,2025-05-07 08:33:16.437196
263516,133,2021-02-06,13.5,4.8,10.8,07:26,16.2,13:32,31,6.1,16.7,10:20,77,89,07:50,66,04:00,2025-05-07 08:33:16.531856,2025-05-07 08:33:16.531856
263534,133,2021-02-07,14.8,0.2,12.8,07:39,16.9,12:58,32,2.8,8.3,00:30,76,90,06:40,65,13:10,2025-05-07 08:33:16.605784,2025-05-07 08:33:16.605784
263552,133,2021-02-08,15.6,0,13.7,02:54,17.6,15:35,29,3.1,7.8,14:00,80,90,19:30,72,15:20,2025-05-07 08:33:16.674316,2025-05-07 08:33:16.674316
263569,133,2021-02-09,15.7,0,12,04:20,19.4,15:08,27,2.5,6.1,00:10,73,86,05:30,63,15:10,2025-05-07 08:33:16.755290,2025-05-07 08:33:16.755290
263587,133,2021-02-10,15.5,0,12.3,,18.7,11:54,34,2.2,5,13:20,78,90,,68,12:00,2025-05-07 08:33:16.822280,2025-05-07 08:33:16.822280
263605,133,2021-02-11,15.4,1.4,11.9,,18.9,13:05,32,3.1,8.6,13:40,73,91,22:30,63,15:30,2025-05-07 08:33:16.900950,2025-05-07 08:33:16.900950
263623,133,2021-02-12,16,0.4,14.5,06:35,17.4,12:41,99,2.5,6.4,23:40,90,95,,81,12:40,2025-05-07 08:33:16.986870,2025-05-07 08:33:16.986870
263641,133,2021-02-13,16.2,0,14,23:57,18.5,14:12,33,2.2,6.7,15:40,81,89,,70,14:00,2025-05-07 08:33:17.067690,2025-05-07 08:33:17.067690
263659,133,2021-02-14,15.2,0,12.1,05:19,18.2,13:50,8,1.4,5.3,14:40,83,94,,73,14:00,2025-05-07 08:33:17.157710,2025-05-07 08:33:17.157710
263677,133,2021-02-15,17.7,0,12.1,05:36,23.3,13:57,11,1.9,9.2,13:30,54,97,07:40,20,16:50,2025-05-07 08:33:17.234421,2025-05-07 08:33:17.234421
263695,133,2021-02-16,17.4,0,14.3,24:00,20.4,00:01,16,2.8,11.7,03:00,45,55,08:40,31,02:40,2025-05-07 08:33:17.300598,2025-05-07 08:33:17.300598
263713,133,2021-02-17,15.7,0,12.2,23:57,19.2,13:03,15,2.5,8.3,11:40,55,77,04:10,38,12:30,2025-05-07 08:33:17.379908,2025-05-07 08:33:17.379908
263731,133,2021-02-18,15.2,0,11.5,04:07,18.9,14:15,10,2.2,5.3,13:30,69,84,20:50,43,00:00,2025-05-07 08:33:17.444599,2025-05-07 08:33:17.444599
263749,133,2021-02-19,16.6,0,12,08:03,21.1,,7,2.2,5.3,13:20,50,78,20:40,24,15:00,2025-05-07 08:33:17.523564,2025-05-07 08:33:17.523564
263767,133,2021-02-20,16.6,12.2,12.3,04:26,20.8,14:54,32,2.5,11.1,23:10,62,93,23:59,43,10:20,2025-05-07 08:33:17.601757,2025-05-07 08:33:17.601757
263785,133,2021-02-21,16,0,14.1,03:55,17.8,14:16,31,3.3,10.8,00:30,73,95,01:30,63,11:30,2025-05-07 08:33:17.669380,2025-05-07 08:33:17.669380
263803,133,2021-02-22,15.8,0,12.3,06:09,19.4,14:13,7,1.7,4.7,12:40,74,87,,58,17:00,2025-05-07 08:33:17.745575,2025-05-07 08:33:17.745575
263821,133,2021-02-23,16.3,0,13.7,06:56,18.9,12:48,6,2.2,6.4,13:00,78,90,08:50,70,11:10,2025-05-07 08:33:17.845550,2025-05-07 08:33:17.845550
263839,133,2021-02-24,16.4,0,13.7,07:46,19,13:34,32,2.8,7.5,13:00,82,90,07:40,70,13:30,2025-05-07 08:33:17.946699,2025-05-07 08:33:17.946699
263857,133,2021-02-25,15.6,1.4,13.7,23:45,17.4,11:03,4,1.9,9.7,14:10,85,92,13:40,69,22:50,2025-05-07 08:33:18.064483,2025-05-07 08:33:18.064483
263875,133,2021-02-26,15.2,0,13.6,02:03,16.7,12:15,33,4.4,10.3,01:30,72,79,,61,12:10,2025-05-07 08:33:18.167980,2025-05-07 08:33:18.167980
263893,133,2021-02-27,13.6,6.4,12.1,10:22,15.2,15:37,29,4.2,11.4,16:50,71,92,23:59,55,09:00,2025-05-07 08:33:18.268311,2025-05-07 08:33:18.268311
263911,133,2021-02-28,14.5,1.2,12.1,01:10,16.9,15:16,27,4.2,11.7,02:20,80,94,04:40,66,14:10,2025-05-07 08:33:18.383637,2025-05-07 08:33:18.383637
263929,133,2021-03-01,15.8,0.2,13.8,,17.7,13:55,32,2.8,9.2,02:30,77,92,07:50,69,11:20,2025-05-07 08:33:18.478390,2025-05-07 08:33:18.478390
263947,133,2021-03-02,15.6,0,13.2,05:10,18.1,15:38,4,1.4,6.7,13:10,78,90,,67,14:00,2025-05-07 08:33:18.563257,2025-05-07 08:33:18.563257
263965,133,2021-03-03,15.7,0,13.2,,18.2,13:00,30,1.9,7.5,16:20,74,86,,62,10:20,2025-05-07 08:33:18.665486,2025-05-07 08:33:18.665486
263983,133,2021-03-04,15.9,0,13.6,02:21,18.2,14:00,35,3.3,9.7,16:30,73,84,22:10,65,14:00,2025-05-07 08:33:18.767971,2025-05-07 08:33:18.767971
264001,133,2021-03-05,16.4,5.8,13.8,22:47,19.1,12:48,31,5.3,12.5,19:10,85,96,23:10,70,12:40,2025-05-07 08:33:18.847309,2025-05-07 08:33:18.847309
264019,133,2021-03-06,15.2,0.6,13.1,08:22,17.2,13:33,32,6.9,14.2,18:30,79,95,01:00,74,13:30,2025-05-07 08:33:18.923945,2025-05-07 08:33:18.923945
264037,133,2021-03-07,15.7,0.6,14,19:01,17.4,11:49,32,5.6,11.4,18:10,75,88,,63,12:00,2025-05-07 08:33:19.007262,2025-05-07 08:33:19.007262
264055,133,2021-03-08,16,11,13.9,22:29,18,12:40,33,3.3,11.7,08:40,90,98,10:30,77,01:00,2025-05-07 08:33:19.091654,2025-05-07 08:33:19.091654
264073,133,2021-03-09,15,0,13.4,02:02,16.7,13:47,34,4.7,12.2,10:00,73,93,00:30,60,13:20,2025-05-07 08:33:19.165130,2025-05-07 08:33:19.165130
264091,133,2021-03-10,15.4,0,14,08:05,16.9,13:37,35,3.6,10.8,01:30,69,75,00:40,61,13:40,2025-05-07 08:33:19.241398,2025-05-07 08:33:19.241398
264109,133,2021-03-11,16.5,0,14,,19,14:21,4,1.9,7.2,13:00,76,92,23:10,68,16:30,2025-05-07 08:33:19.321942,2025-05-07 08:33:19.321942
264127,133,2021-03-12,15.8,0,12.5,05:39,19,14:39,36,1.7,5.3,16:30,78,90,00:00,66,14:50,2025-05-07 08:33:19.403346,2025-05-07 08:33:19.403346
264145,133,2021-03-13,15.7,0,13.1,00:13,18.3,15:16,99,1.7,5.3,,73,88,23:50,63,16:00,2025-05-07 08:33:19.491404,2025-05-07 08:33:19.491404
264162,133,2021-03-14,16.7,0,14.9,06:28,18.5,13:20,99,1.9,6.7,20:30,80,88,,70,10:30,2025-05-07 08:33:19.566093,2025-05-07 08:33:19.566093
264180,133,2021-03-15,16.8,0,14.8,05:28,18.7,14:21,31,3.3,8.3,13:20,76,88,23:20,66,12:50,2025-05-07 08:33:19.654720,2025-05-07 08:33:19.654720
264198,133,2021-03-16,16.8,0,15.1,04:29,18.6,14:43,32,2.5,7.8,21:20,76,88,00:10,68,14:30,2025-05-07 08:33:19.743405,2025-05-07 08:33:19.743405
264216,133,2021-03-17,16.4,0,14.2,03:44,18.7,13:53,32,3.3,8.9,17:20,75,84,07:30,66,14:10,2025-05-07 08:33:19.825789,2025-05-07 08:33:19.825789
264234,133,2021-03-18,16.4,0,14.4,03:43,18.4,14:13,33,4.4,9.7,13:10,74,85,23:40,67,,2025-05-07 08:33:19.903538,2025-05-07 08:33:19.903538
264252,133,2021-03-19,,,,,,,0,4.7,,,75,,,,,2025-05-07 08:33:19.974945,2025-05-07 08:33:19.974945
264270,133,2021-03-20,16.1,0,14,,18.2,12:58,31,4.4,10.3,22:00,64,77,21:00,57,12:20,2025-05-07 08:33:20.066306,2025-05-07 08:33:20.066306
264288,133,2021-03-21,15.7,0,13.5,04:04,17.9,13:18,32,3.1,10.6,02:20,68,92,04:00,49,12:30,2025-05-07 08:33:20.152222,2025-05-07 08:33:20.152222
264305,133,2021-03-22,15.2,0,13.6,07:30,16.8,,2,1.7,6.4,14:00,61,77,23:50,51,13:10,2025-05-07 08:33:20.209543,2025-05-07 08:33:20.209543
264323,133,2021-03-23,15.6,0,12.3,07:09,19,14:19,30,2.8,8.1,19:10,75,86,22:40,64,14:40,2025-05-07 08:33:20.291695,2025-05-07 08:33:20.291695
264341,133,2021-03-24,,,,,,,0,1.9,,,,,,,,2025-05-07 08:33:20.369550,2025-05-07 08:33:20.369550
264359,133,2021-03-25,23.2,0,18.7,01:03,27.8,13:15,14,4.2,12.2,12:20,25,40,07:10,13,12:40,2025-05-07 08:33:20.443070,2025-05-07 08:33:20.443070
264377,133,2021-03-26,,,,,,,13,2.2,8.1,00:30,65,,,,,2025-05-07 08:33:20.532536,2025-05-07 08:33:20.532536
264395,133,2021-03-27,17.7,0,13.5,05:23,21.9,14:50,8,1.9,6.7,14:10,67,89,01:40,51,15:00,2025-05-07 08:33:20.611069,2025-05-07 08:33:20.611069
264413,133,2021-03-28,16.9,0,13.7,,20.1,13:38,4,1.9,7.2,13:50,74,86,00:00,65,13:20,2025-05-07 08:33:20.680244,2025-05-07 08:33:20.680244
264431,133,2021-03-29,,,,,,,0,2.2,,,80,,,,,2025-05-07 08:33:20.762760,2025-05-07 08:33:20.762760
264449,133,2021-03-30,16.4,0,12.9,07:06,20,12:50,8,1.9,7.2,13:40,78,90,00:00,65,11:50,2025-05-07 08:33:20.855075,2025-05-07 08:33:20.855075
264467,133,2021-03-31,17,0,12.5,06:58,21.6,14:39,13,2.2,7.5,16:00,69,86,03:30,54,13:00,2025-05-07 08:33:20.937433,2025-05-07 08:33:20.937433
264485,133,2021-04-01,16.8,0,13.7,06:58,20,12:23,33,2.8,7.2,16:20,75,88,23:30,61,13:50,2025-05-07 08:33:21.033208,2025-05-07 08:33:21.033208
264503,133,2021-04-02,17.1,0,14.4,02:58,19.8,14:36,32,1.7,6.7,17:30,78,87,00:30,63,14:40,2025-05-07 08:33:21.106884,2025-05-07 08:33:21.106884
264521,133,2021-04-03,17,0,15,02:20,19.1,13:30,31,3.1,9.2,13:40,69,84,00:00,59,12:30,2025-05-07 08:33:21.181782,2025-05-07 08:33:21.181782
264539,133,2021-04-04,17.4,0,15.4,,19.5,14:50,32,3.1,6.7,15:50,62,75,00:00,55,13:40,2025-05-07 08:33:21.252252,2025-05-07 08:33:21.252252
264557,133,2021-04-05,15.8,0,13.3,06:27,18.2,13:03,33,2.5,5.8,19:30,69,81,23:59,61,14:30,2025-05-07 08:33:21.316477,2025-05-07 08:33:21.316477
264575,133,2021-04-06,16.4,0,12.8,06:49,20,14:40,36,2.5,6.1,14:20,67,84,,55,12:50,2025-05-07 08:33:21.395942,2025-05-07 08:33:21.395942
264593,133,2021-04-07,17,0,13.3,05:38,20.8,13:06,6,1.7,5,,74,89,,66,13:10,2025-05-07 08:33:21.462289,2025-05-07 08:33:21.462289
264611,133,2021-04-08,18.4,0,14.5,06:50,22.3,13:06,7,2.2,5.8,11:40,72,91,21:50,59,13:00,2025-05-07 08:33:21.562969,2025-05-07 08:33:21.562969
264629,133,2021-04-09,18.2,0,14.6,05:36,21.8,13:57,99,3.1,7.2,13:40,70,91,22:10,59,14:10,2025-05-07 08:33:21.664405,2025-05-07 08:33:21.664405
264647,133,2021-04-10,18.2,0,14.8,23:57,21.5,14:04,2,2.2,6.9,14:50,71,89,00:00,52,14:00,2025-05-07 08:33:21.750288,2025-05-07 08:33:21.750288
264665,133,2021-04-11,17.8,0,14.2,03:40,21.3,15:39,4,1.9,5.8,14:10,73,89,23:59,61,15:40,2025-05-07 08:33:21.833936,2025-05-07 08:33:21.833936
264683,133,2021-04-12,19,0,15.3,01:25,22.8,14:35,31,2.5,8.3,20:20,73,89,,55,17:30,2025-05-07 08:33:21.910734,2025-05-07 08:33:21.910734
264699,133,2021-04-13,19.4,0,15.6,,23.3,16:15,34,2.2,8.1,13:20,72,90,05:00,59,16:50,2025-05-07 08:33:22.003680,2025-05-07 08:33:22.003680
264716,133,2021-04-14,19.8,0,17.3,,22.4,13:52,35,4.2,10,17:30,80,91,19:20,70,14:50,2025-05-07 08:33:22.077614,2025-05-07 08:33:22.077614
264734,133,2021-04-15,,,,,,,0,4.2,,,77,,,,,2025-05-07 08:33:22.160671,2025-05-07 08:33:22.160671
264752,133,2021-04-16,18.2,0.8,16.4,04:40,20,11:13,32,5,12.5,10:20,79,91,22:30,72,11:20,2025-05-07 08:33:22.248334,2025-05-07 08:33:22.248334
264770,133,2021-04-17,18.6,0,16.3,05:36,20.9,15:28,35,3.3,8.6,01:10,73,89,00:00,58,13:00,2025-05-07 08:33:22.330742,2025-05-07 08:33:22.330742
264788,133,2021-04-18,18.2,0,16.1,23:59,20.3,12:52,32,3.3,8.6,12:30,68,81,02:10,60,11:50,2025-05-07 08:33:22.406994,2025-05-07 08:33:22.406994
264806,133,2021-04-19,18,0,15.7,06:24,20.4,14:40,28,3.9,8.9,17:30,73,85,,63,14:50,2025-05-07 08:33:22.472138,2025-05-07 08:33:22.472138
264823,133,2021-04-20,17.9,0,15.5,06:38,20.3,14:37,99,3.9,8.6,,79,87,,66,14:00,2025-05-07 08:33:22.538372,2025-05-07 08:33:22.538372
264841,133,2021-04-21,18.4,0,15.8,02:50,21,13:17,32,3.9,8.9,10:20,79,89,06:50,61,14:00,2025-05-07 08:33:22.606574,2025-05-07 08:33:22.606574
264859,133,2021-04-22,18.6,0,16.2,01:01,21.1,13:08,36,3.3,8.9,16:20,72,84,21:30,64,13:10,2025-05-07 08:33:22.691652,2025-05-07 08:33:22.691652
264877,133,2021-04-23,19.7,0.8,15.8,02:31,23.6,13:02,31,3.1,8.6,19:30,70,90,23:40,58,12:20,2025-05-07 08:33:22.775897,2025-05-07 08:33:22.775897
264895,133,2021-04-24,19,7.6,16.2,,21.8,12:29,32,1.9,7.8,10:50,73,90,00:00,52,11:20,2025-05-07 08:33:22.865037,2025-05-07 08:33:22.865037
264913,133,2021-04-25,16.8,0,14.5,06:36,19.2,12:52,26,1.1,7.5,03:50,75,92,03:30,67,11:30,2025-05-07 08:33:22.950198,2025-05-07 08:33:22.950198
264931,133,2021-04-26,17.2,0,14,05:21,20.3,13:17,13,2.8,7.5,12:40,77,87,,68,08:30,2025-05-07 08:33:23.044399,2025-05-07 08:33:23.044399
264949,133,2021-04-27,18.2,0.2,16,,20.3,12:18,35,2.2,7.2,12:30,75,90,04:50,63,11:30,2025-05-07 08:33:23.125736,2025-05-07 08:33:23.125736
264967,133,2021-04-28,18.2,0,15,02:43,21.4,11:52,6,1.4,5.6,11:30,75,86,00:30,65,12:10,2025-05-07 08:33:23.196077,2025-05-07 08:33:23.196077
264985,133,2021-04-29,17.2,5.8,14.2,06:33,20.2,09:57,6,1.7,5,11:20,84,94,,70,09:30,2025-05-07 08:33:23.285231,2025-05-07 08:33:23.285231
265003,133,2021-04-30,16.6,1.4,15.3,01:41,17.9,15:35,29,4.7,12.2,09:00,86,93,,68,16:00,2025-05-07 08:33:23.364026,2025-05-07 08:33:23.364026
265021,133,2021-05-01,16.4,0,13.7,04:49,19,14:51,32,2.5,7.2,14:20,70,79,06:20,56,09:20,2025-05-07 08:33:23.448583,2025-05-07 08:33:23.448583
265039,133,2021-05-02,17.2,0,15.2,22:54,19.3,15:34,33,2.8,8.1,16:10,68,81,04:20,58,14:20,2025-05-07 08:33:23.545401,2025-05-07 08:33:23.545401
265057,133,2021-05-03,17.4,1.8,15.3,,19.4,13:08,32,3.3,8.9,20:10,72,84,15:00,61,09:20,2025-05-07 08:33:23.620675,2025-05-07 08:33:23.620675
265075,133,2021-05-04,17.2,0,15.4,00:12,18.9,13:42,32,4.2,11.1,16:10,66,84,00:20,57,14:20,2025-05-07 08:33:23.687718,2025-05-07 08:33:23.687718
265093,133,2021-05-05,18.2,0,16,05:36,20.4,14:07,33,3.9,10.6,11:50,70,81,22:10,58,01:00,2025-05-07 08:33:23.769355,2025-05-07 08:33:23.769355
265111,133,2021-05-06,18.1,0,15.9,01:02,20.3,13:10,33,3.6,9.7,15:20,71,85,22:40,62,12:00,2025-05-07 08:33:23.847293,2025-05-07 08:33:23.847293
265129,133,2021-05-07,18.7,0,16.3,,21.1,13:16,32,3.1,8.3,18:20,75,84,,66,13:00,2025-05-07 08:33:23.918873,2025-05-07 08:33:23.918873
265147,133,2021-05-08,18.4,0,16.2,04:51,20.7,13:00,32,4.2,11.7,14:00,67,85,01:40,53,11:40,2025-05-07 08:33:23.985887,2025-05-07 08:33:23.985887
265165,133,2021-05-09,19.8,0.6,15.8,04:50,23.7,14:13,99,4.4,10.3,,67,91,23:10,48,11:00,2025-05-07 08:33:24.061267,2025-05-07 08:33:24.061267
265183,133,2021-05-10,19.2,0,16.7,23:59,21.8,14:03,99,2.8,7.2,,74,94,04:00,64,15:10,2025-05-07 08:33:24.135117,2025-05-07 08:33:24.135117
265201,133,2021-05-11,17.8,0,15.8,05:22,19.9,15:02,34,3.1,8.9,16:20,76,81,10:20,68,16:20,2025-05-07 08:33:24.205725,2025-05-07 08:33:24.205725
265219,133,2021-05-12,17.7,0,15.8,,19.6,15:08,32,3.9,8.6,14:40,73,80,,66,14:50,2025-05-07 08:33:24.270924,2025-05-07 08:33:24.270924
265236,133,2021-05-13,18,0.4,16.1,05:28,19.9,13:37,31,4.4,11.4,16:20,84,95,07:40,73,16:20,2025-05-07 08:33:24.342865,2025-05-07 08:33:24.342865
265253,133,2021-05-14,18,0,16.3,00:58,19.8,11:57,28,5.6,14.7,16:40,81,88,05:30,71,15:40,2025-05-07 08:33:24.416956,2025-05-07 08:33:24.416956
265270,133,2021-05-15,18.4,0,16.7,06:33,20.2,13:02,28,6.4,13.6,12:40,81,90,,74,13:40,2025-05-07 08:33:24.488887,2025-05-07 08:33:24.488887
265287,133,2021-05-16,18.9,0,16.8,,21,13:03,99,5,10.3,,82,91,,72,13:10,2025-05-07 08:33:24.572464,2025-05-07 08:33:24.572464
265304,133,2021-05-17,18.9,0,16.7,06:40,21.1,14:34,34,3.3,8.3,15:40,82,90,06:30,71,03:10,2025-05-07 08:33:24.654971,2025-05-07 08:33:24.654971
265322,133,2021-05-18,19.2,0,16.7,,21.8,13:58,30,3.1,7.8,12:30,81,90,05:40,66,13:50,2025-05-07 08:33:24.727645,2025-05-07 08:33:24.727645
265340,133,2021-05-19,18,0,16.7,05:34,19.4,12:50,32,6.1,13.3,14:20,87,93,,78,13:10,2025-05-07 08:33:24.803274,2025-05-07 08:33:24.803274
265358,133,2021-05-20,19.2,0,16.8,03:39,21.5,13:04,28,4.7,11.1,09:10,80,92,,72,23:59,2025-05-07 08:33:24.869236,2025-05-07 08:33:24.869236
265376,133,2021-05-21,20.6,0,18.4,22:57,22.7,15:58,30,4.7,10.8,13:20,73,85,,63,16:50,2025-05-07 08:33:24.970443,2025-05-07 08:33:24.970443
265394,133,2021-05-22,18.9,0,17.4,23:51,20.4,00:56,32,5,10.8,10:20,83,90,04:00,66,00:50,2025-05-07 08:33:25.074028,2025-05-07 08:33:25.074028
265412,133,2021-05-23,18.1,0,16.2,03:10,20,13:53,33,3.9,10.3,14:40,71,91,03:00,63,,2025-05-07 08:33:25.162177,2025-05-07 08:33:25.162177
265430,133,2021-05-24,18,0.2,15.8,03:38,20.1,15:23,32,4.4,10.8,17:10,72,82,,64,15:10,2025-05-07 08:33:25.238285,2025-05-07 08:33:25.238285
265448,133,2021-05-25,17.8,0.4,16.3,05:53,19.2,14:55,31,4.2,11.1,20:30,81,91,08:30,72,17:00,2025-05-07 08:33:25.315826,2025-05-07 08:33:25.315826
265466,133,2021-05-26,18,0,16,05:47,19.9,14:19,33,3.9,10.3,13:50,70,81,19:50,58,14:20,2025-05-07 08:33:25.383129,2025-05-07 08:33:25.383129
265484,133,2021-05-27,18,0,16.4,,19.7,12:04,32,3.3,9.7,14:40,70,84,23:59,62,14:50,2025-05-07 08:33:25.457485,2025-05-07 08:33:25.457485
265502,133,2021-05-28,18.7,0,16.5,06:33,20.9,14:24,36,3.3,8.6,11:50,76,85,01:20,64,12:30,2025-05-07 08:33:25.546232,2025-05-07 08:33:25.546232
265520,133,2021-05-29,18.2,0,15.9,04:55,20.5,14:54,30,3.6,8.9,22:00,74,91,23:30,65,13:40,2025-05-07 08:33:25.615943,2025-05-07 08:33:25.615943
265538,133,2021-05-30,19.2,0,16.9,04:05,21.5,14:14,36,3.3,9.4,07:20,81,93,02:10,67,11:00,2025-05-07 08:33:25.688027,2025-05-07 08:33:25.688027
265556,133,2021-05-31,18.1,0,16.1,06:23,20.1,13:49,34,3.1,7.8,17:50,79,91,05:40,67,13:50,2025-05-07 08:33:25.756895,2025-05-07 08:33:25.756895
265574,133,2021-06-01,18.4,0,16,01:19,20.9,14:04,36,2.8,7.5,14:30,71,88,21:20,61,13:00,2025-05-07 08:33:25.836373,2025-05-07 08:33:25.836373
265592,133,2021-06-02,18.7,0,16,05:33,21.4,12:42,4,2.5,7.2,13:30,74,90,05:40,61,12:40,2025-05-07 08:33:25.902815,2025-05-07 08:33:25.902815
265610,133,2021-06-03,18.6,0.6,16.7,,20.6,13:28,34,2.8,8.9,13:10,82,90,,73,13:20,2025-05-07 08:33:25.999250,2025-05-07 08:33:25.999250
265628,133,2021-06-04,17.7,0.4,16,04:19,19.4,16:11,34,4.2,10.3,12:00,77,90,10:20,64,16:30,2025-05-07 08:33:26.081779,2025-05-07 08:33:26.081779
265646,133,2021-06-05,17.9,0,15.8,01:03,20,14:35,31,3.9,8.9,11:50,70,84,22:40,64,08:40,2025-05-07 08:33:26.155595,2025-05-07 08:33:26.155595
265664,133,2021-06-06,18.3,0,16.2,01:30,20.4,12:52,32,3.9,8.6,14:00,74,85,,66,12:10,2025-05-07 08:33:26.228599,2025-05-07 08:33:26.228599
265682,133,2021-06-07,19.6,0,17.2,05:39,22,14:58,28,3.9,13.3,18:10,85,92,18:30,74,14:40,2025-05-07 08:33:26.297669,2025-05-07 08:33:26.297669
265700,133,2021-06-08,20.2,0,17,04:55,23.3,11:13,29,2.5,8.3,23:50,84,94,,63,11:00,2025-05-07 08:33:26.382925,2025-05-07 08:33:26.382925
265718,133,2021-06-09,23.1,0,18.1,,28.1,16:31,30,1.7,10.6,04:10,42,94,,30,14:30,2025-05-07 08:33:26.477139,2025-05-07 08:33:26.477139
265736,133,2021-06-10,22.2,0,17.8,05:49,26.6,14:51,33,4.4,8.6,13:00,72,96,06:40,44,14:40,2025-05-07 08:33:26.559284,2025-05-07 08:33:26.559284
265754,133,2021-06-11,22.4,0,17.8,03:57,26.9,11:43,28,1.9,6.4,05:20,60,95,,31,11:10,2025-05-07 08:33:26.628632,2025-05-07 08:33:26.628632
265771,133,2021-06-12,19.6,0,17.4,23:49,21.8,11:58,34,3.1,7.5,15:20,77,86,07:30,42,03:10,2025-05-07 08:33:26.721687,2025-05-07 08:33:26.721687
265789,133,2021-06-13,18.9,0,17,,20.8,15:26,32,3.9,7.5,04:00,80,91,20:40,71,15:30,2025-05-07 08:33:26.795469,2025-05-07 08:33:26.795469
265807,133,2021-06-14,19.1,0,17.4,,20.8,13:13,99,3.6,8.3,,82,89,23:59,72,11:30,2025-05-07 08:33:26.869428,2025-05-07 08:33:26.869428
265825,133,2021-06-15,19.6,0,17,02:46,22.2,14:48,33,4.2,8.9,14:20,74,90,,59,16:40,2025-05-07 08:33:26.966395,2025-05-07 08:33:26.966395
265842,133,2021-06-16,20.1,0,17.9,05:49,22.3,14:24,30,5,10.6,02:30,77,92,05:00,67,,2025-05-07 08:34:30.078829,2025-05-07 08:34:30.078829
265860,133,2021-06-17,20.2,0.6,17.8,05:56,22.7,12:55,31,4.4,10.8,13:30,74,92,,61,13:20,2025-05-07 08:34:30.192120,2025-05-07 08:34:30.192120
265878,133,2021-06-18,18.8,0,17.2,,20.5,14:03,28,4.4,9.7,00:30,76,95,,64,,2025-05-07 08:34:30.316740,2025-05-07 08:34:30.316740
265896,133,2021-06-19,18.6,0,16.5,01:42,20.6,14:04,32,3.9,9.4,15:30,64,79,04:00,59,13:20,2025-05-07 08:34:30.422216,2025-05-07 08:34:30.422216
265914,133,2021-06-20,18.8,1.4,16.6,03:59,20.9,13:38,32,3.9,9.2,15:20,76,94,22:30,62,12:50,2025-05-07 08:34:30.515446,2025-05-07 08:34:30.515446
265932,133,2021-06-21,19.6,0,16.6,01:18,22.6,14:11,2,3.3,8.6,11:50,80,96,01:20,73,09:50,2025-05-07 08:34:30.637423,2025-05-07 08:34:30.637423
265950,133,2021-06-22,19,0,16.2,04:05,21.9,15:45,32,2.5,8.9,11:40,74,89,06:20,56,15:50,2025-05-07 08:34:30.784141,2025-05-07 08:34:30.784141
265968,133,2021-06-23,18.7,0.4,16.7,02:07,20.7,13:26,36,3.3,8.9,17:20,81,94,08:10,68,14:20,2025-05-07 08:34:30.885836,2025-05-07 08:34:30.885836
265986,133,2021-06-24,18.8,0,16.6,04:13,21,14:17,31,4.2,9.2,12:40,77,89,01:30,63,15:00,2025-05-07 08:34:30.977529,2025-05-07 08:34:30.977529
266004,133,2021-06-25,19.4,0,17,03:41,21.7,14:15,32,3.3,9.2,17:40,71,80,23:20,62,13:50,2025-05-07 08:34:31.067181,2025-05-07 08:34:31.067181
266022,133,2021-06-26,19.4,0,17.3,05:59,21.4,12:46,32,3.3,9.7,16:00,74,85,22:00,68,13:00,2025-05-07 08:34:31.161457,2025-05-07 08:34:31.161457
266040,133,2021-06-27,19.6,0,17.5,23:47,21.6,13:43,34,3.9,10.8,14:20,77,84,02:30,70,13:30,2025-05-07 08:34:31.272057,2025-05-07 08:34:31.272057
266058,133,2021-06-28,18.4,0,16.9,06:31,20,15:40,32,4.4,8.9,16:40,79,84,17:20,72,12:30,2025-05-07 08:34:31.381609,2025-05-07 08:34:31.381609
266076,133,2021-06-29,19,0,17.4,05:41,20.6,13:16,32,5,11.4,14:30,79,89,05:30,72,13:50,2025-05-07 08:34:31.499150,2025-05-07 08:34:31.499150
266094,133,2021-06-30,18.3,0,17.4,,19.2,13:41,32,4.4,9.4,,83,89,04:00,78,19:00,2025-05-07 08:34:31.612438,2025-05-07 08:34:31.612438
266112,133,2021-07-01,19,0,16.8,,21.1,13:36,30,3.9,10.3,22:00,75,84,,69,,2025-05-07 08:34:31.693660,2025-05-07 08:34:31.693660
266130,133,2021-07-02,19,0,16.8,06:17,21.3,12:35,31,5,10,18:00,80,89,,74,14:10,2025-05-07 08:34:31.775240,2025-05-07 08:34:31.775240
266148,133,2021-07-03,21.4,0,17.3,04:27,25.4,12:02,32,3.6,8.6,13:20,62,90,,46,07:40,2025-05-07 08:34:31.852883,2025-05-07 08:34:31.852883
266166,133,2021-07-04,19.6,0,17.7,01:54,21.5,12:17,29,4.7,9.7,05:40,86,94,11:00,76,16:20,2025-05-07 08:34:31.923891,2025-05-07 08:34:31.923891
266184,133,2021-07-05,19.9,0,17.7,06:24,22.1,14:29,99,4.2,8.9,,81,89,,72,15:00,2025-05-07 08:34:31.990779,2025-05-07 08:34:31.990779
266202,133,2021-07-06,20.1,0,18.2,,22,14:16,34,3.6,9.2,15:10,87,93,05:30,78,13:20,2025-05-07 08:34:32.062520,2025-05-07 08:34:32.062520
266220,133,2021-07-07,20.1,3,18.2,22:41,22,15:00,32,3.6,7.5,11:30,87,97,,76,,2025-05-07 08:34:32.129834,2025-05-07 08:34:32.129834
266238,133,2021-07-08,19.2,0,17.4,04:44,21,14:24,31,5.6,12.2,20:10,80,98,,71,13:10,2025-05-07 08:34:32.204394,2025-05-07 08:34:32.204394
266256,133,2021-07-09,19.3,1,17.5,07:24,21.1,,27,5.8,12.8,13:50,77,89,22:50,73,09:40,2025-05-07 08:34:32.305282,2025-05-07 08:34:32.305282
266274,133,2021-07-10,19,0.4,17.1,05:57,20.9,15:00,33,4.7,10.3,13:10,93,98,,82,00:00,2025-05-07 08:34:32.409121,2025-05-07 08:34:32.409121
266292,133,2021-07-11,21.2,0,18.2,,24.3,13:36,30,3.1,7.8,01:00,84,96,,72,13:30,2025-05-07 08:34:32.492450,2025-05-07 08:34:32.492450
266310,133,2021-07-12,25.4,0,20.1,00:02,30.6,13:19,16,2.8,7.2,07:00,59,93,00:00,51,07:00,2025-05-07 08:34:32.571276,2025-05-07 08:34:32.571276
266328,133,2021-07-13,21.8,0,18.7,23:44,24.9,11:05,32,3.1,8.6,18:20,78,91,23:10,58,10:50,2025-05-07 08:34:32.653770,2025-05-07 08:34:32.653770
266346,133,2021-07-14,20.8,0,18.2,05:33,23.5,15:13,32,4.2,12.5,14:20,79,92,05:10,68,14:40,2025-05-07 08:34:32.728618,2025-05-07 08:34:32.728618
266364,133,2021-07-15,20.2,0,18.1,06:54,22.4,14:30,33,4.7,8.6,,84,92,04:00,74,15:10,2025-05-07 08:34:32.814585,2025-05-07 08:34:32.814585
266381,133,2021-07-16,20.8,0,17.8,06:35,23.7,14:55,31,3.9,8.9,17:50,82,94,23:40,70,15:00,2025-05-07 08:34:32.903488,2025-05-07 08:34:32.903488
266399,133,2021-07-17,20.8,0,17.3,05:42,24.4,14:16,33,3.6,8.6,19:00,83,96,,71,14:10,2025-05-07 08:34:33.011390,2025-05-07 08:34:33.011390
266417,133,2021-07-18,22.8,0,18.5,01:10,27,12:23,26,3.1,7.5,01:00,69,94,,48,23:40,2025-05-07 08:34:33.134557,2025-05-07 08:34:33.134557
266435,133,2021-07-19,21.8,0,18.5,23:51,25.2,09:58,29,3.3,8.1,14:30,62,92,,26,04:20,2025-05-07 08:34:33.240703,2025-05-07 08:34:33.240703
266453,133,2021-07-20,20,0,18,05:30,22,15:29,30,3.9,8.9,16:00,84,93,,75,15:30,2025-05-07 08:34:33.325332,2025-05-07 08:34:33.325332
266471,133,2021-07-21,20,0,18.2,04:57,21.8,13:12,34,5.3,12.8,14:30,77,85,01:00,68,14:20,2025-05-07 08:34:33.432402,2025-05-07 08:34:33.432402
266489,133,2021-07-22,20.2,0,18.2,03:33,22.2,14:39,32,6.7,14.2,10:40,80,88,,72,,2025-05-07 08:34:33.534878,2025-05-07 08:34:33.534878
266507,133,2021-07-23,21,0,18.8,,23.2,15:16,30,5.6,12.2,13:40,82,92,18:50,72,15:10,2025-05-07 08:34:33.622832,2025-05-07 08:34:33.622832
266524,133,2021-07-24,20.8,0,18.8,,22.9,14:23,28,4.2,8.3,03:50,84,93,,73,15:00,2025-05-07 08:34:33.693690,2025-05-07 08:34:33.693690
266542,133,2021-07-25,20.8,0,18.3,06:35,23.3,13:13,32,4.2,8.6,11:40,80,94,05:40,71,13:10,2025-05-07 08:34:33.778709,2025-05-07 08:34:33.778709
266560,133,2021-07-26,20.2,3,18.1,03:25,22.4,15:25,32,4.2,9.2,14:00,92,98,,85,,2025-05-07 08:34:33.860357,2025-05-07 08:34:33.860357
266578,133,2021-07-27,20.4,0.4,18.5,23:56,22.4,12:50,34,5,9.7,11:30,81,98,,73,13:00,2025-05-07 08:34:33.950315,2025-05-07 08:34:33.950315
266596,133,2021-07-28,20.4,0,18.4,,22.5,,36,3.3,9.4,14:10,82,94,03:10,72,15:10,2025-05-07 08:34:34.048658,2025-05-07 08:34:34.048658
266614,133,2021-07-29,20.2,0,18.5,05:28,21.8,13:34,32,4.7,10.3,17:50,84,94,09:40,78,,2025-05-07 08:34:34.129202,2025-05-07 08:34:34.129202
266632,133,2021-07-30,20.6,0,18.5,06:23,22.7,15:50,28,5,9.7,10:00,80,89,21:40,72,12:50,2025-05-07 08:34:34.221692,2025-05-07 08:34:34.221692
266650,133,2021-07-31,21,0,18.3,05:47,23.7,14:42,34,4.7,10,18:10,83,91,,72,,2025-05-07 08:34:34.302504,2025-05-07 08:34:34.302504
266668,133,2021-08-01,19.9,0,18.7,05:46,21.1,13:40,32,3.9,9.4,11:50,82,90,04:00,74,13:40,2025-05-07 08:34:34.381857,2025-05-07 08:34:34.381857
266686,133,2021-08-02,20.4,0,18.2,06:21,22.7,14:35,27,4.2,9.7,02:40,81,90,,67,15:00,2025-05-07 08:34:34.473769,2025-05-07 08:34:34.473769
266704,133,2021-08-03,20.5,2.6,18.5,08:48,22.5,15:29,34,3.6,8.6,13:20,82,97,08:50,68,15:20,2025-05-07 08:34:34.572045,2025-05-07 08:34:34.572045
266721,133,2021-08-04,21.2,0,18.9,,23.5,13:56,32,3.9,9.2,14:50,72,88,,62,12:30,2025-05-07 08:34:34.673885,2025-05-07 08:34:34.673885
266739,133,2021-08-05,21.4,3.8,19.1,,23.7,14:53,32,4.2,9.7,15:20,90,98,,72,14:40,2025-05-07 08:34:34.781611,2025-05-07 08:34:34.781611
266757,133,2021-08-06,20.6,1.8,18.3,06:58,23,14:48,32,4.4,9.7,17:40,86,99,,74,15:50,2025-05-07 08:34:34.872672,2025-05-07 08:34:34.872672
266775,133,2021-08-07,20.4,2.4,18.2,06:52,22.6,14:13,31,3.9,9.2,09:20,88,98,,74,15:40,2025-05-07 08:34:34.987212,2025-05-07 08:34:34.987212
266793,133,2021-08-08,21.3,1.8,19.1,02:24,23.5,15:48,32,2.8,6.9,14:40,81,98,05:30,66,17:30,2025-05-07 08:34:35.097718,2025-05-07 08:34:35.097718
266811,133,2021-08-09,20.5,0,18.6,05:41,22.4,12:02,32,4.2,9.4,07:40,75,90,05:20,67,14:50,2025-05-07 08:34:35.194704,2025-05-07 08:34:35.194704
266829,133,2021-08-10,20.8,0,18,06:37,23.5,15:03,32,3.9,10.3,13:30,71,86,,58,14:20,2025-05-07 08:34:35.297295,2025-05-07 08:34:35.297295
266847,133,2021-08-11,22,0,19.5,,24.4,12:36,33,3.3,8.6,14:30,72,91,,61,12:40,2025-05-07 08:34:35.405761,2025-05-07 08:34:35.405761
266865,133,2021-08-12,21.6,0,19.1,03:24,24,13:36,32,2.5,8.3,15:50,73,87,21:20,64,09:40,2025-05-07 08:34:35.486264,2025-05-07 08:34:35.486264
266883,133,2021-08-13,21.9,0,19.6,05:41,24.2,13:55,26,3.6,10.6,19:30,77,90,23:40,68,14:00,2025-05-07 08:34:35.592209,2025-05-07 08:34:35.592209
266901,133,2021-08-14,22,0,18.8,06:25,25.3,13:19,34,3.9,10.8,14:20,86,96,,72,13:20,2025-05-07 08:34:35.695470,2025-05-07 08:34:35.695470
266919,133,2021-08-15,24.4,0,19.5,04:17,29.4,16:38,31,3.3,8.3,09:40,78,97,,47,17:20,2025-05-07 08:34:35.802633,2025-05-07 08:34:35.802633
266937,133,2021-08-16,25.2,0,21.5,06:31,29,11:24,26,3.6,9.7,11:20,69,83,04:40,35,01:40,2025-05-07 08:34:35.902066,2025-05-07 08:34:35.902066
266955,133,2021-08-17,27.1,0,22.6,05:24,31.6,14:46,28,2.8,7.8,00:20,50,66,05:00,31,02:00,2025-05-07 08:34:35.983156,2025-05-07 08:34:35.983156
266973,133,2021-08-18,28.2,0,23.8,23:57,32.5,14:21,26,2.5,7.8,02:30,33,53,19:40,22,16:40,2025-05-07 08:34:36.062053,2025-05-07 08:34:36.062053
266991,133,2021-08-19,24.6,0,19.8,,29.5,13:30,27,2.2,6.9,06:10,49,89,06:40,23,13:00,2025-05-07 08:34:36.136341,2025-05-07 08:34:36.136341
267009,133,2021-08-20,23.6,0,19.7,23:48,27.5,15:37,8,1.9,5,12:00,60,88,,31,02:00,2025-05-07 08:34:36.204785,2025-05-07 08:34:36.204785
267027,133,2021-08-21,22.4,0,19.2,03:33,25.6,14:09,2,1.7,4.7,13:00,78,93,04:00,62,14:30,2025-05-07 08:34:36.279059,2025-05-07 08:34:36.279059
267045,133,2021-08-22,21.2,0,18,,24.4,14:32,32,3.1,7.5,18:50,78,92,05:10,66,16:10,2025-05-07 08:34:36.345726,2025-05-07 08:34:36.345726
267063,133,2021-08-23,21.4,0,19.6,01:19,23.2,13:06,31,4.2,10,12:40,77,87,01:40,69,13:40,2025-05-07 08:34:36.411445,2025-05-07 08:34:36.411445
267081,133,2021-08-24,21.8,0,19.8,22:03,23.7,13:31,32,4.4,8.9,13:20,72,88,00:40,67,,2025-05-07 08:34:36.514902,2025-05-07 08:34:36.514902
267099,133,2021-08-25,22.1,0,19.5,06:36,24.7,13:29,32,2.8,7.8,,72,87,04:50,60,13:30,2025-05-07 08:34:36.596082,2025-05-07 08:34:36.596082
267117,133,2021-08-26,21.6,0,18.5,,24.7,13:29,31,1.9,6.4,14:30,76,88,,66,15:00,2025-05-07 08:34:36.660998,2025-05-07 08:34:36.660998
267135,133,2021-08-27,22,0,18.4,03:48,25.5,14:33,34,1.9,7.2,16:10,75,88,00:00,65,15:10,2025-05-07 08:34:36.746203,2025-05-07 08:34:36.746203
267153,133,2021-08-28,22.8,0,19.1,06:38,26.4,14:51,35,1.9,5.8,14:50,76,90,23:59,58,14:20,2025-05-07 08:34:36.825586,2025-05-07 08:34:36.825586
267171,133,2021-08-29,22.4,0,19.4,05:44,25.4,12:28,34,2.5,7.2,15:40,78,90,00:00,68,,2025-05-07 08:34:36.895727,2025-05-07 08:34:36.895727
267188,133,2021-08-30,22.5,0,19.8,02:02,25.2,,32,2.5,6.9,14:30,77,90,22:40,68,,2025-05-07 08:34:36.986380,2025-05-07 08:34:36.986380
267206,133,2021-08-31,23,0,20.3,04:33,25.8,14:18,35,3.3,7.8,13:10,77,92,04:00,67,14:40,2025-05-07 08:34:37.065656,2025-05-07 08:34:37.065656
267224,133,2021-09-01,23.7,0,20.7,04:26,26.7,13:13,32,3.1,8.6,13:40,77,87,,65,11:40,2025-05-07 08:34:37.140573,2025-05-07 08:34:37.140573
267242,133,2021-09-02,22.5,0,19.6,06:22,25.4,12:33,7,2.2,6.1,14:20,78,91,02:40,68,13:00,2025-05-07 08:34:37.212298,2025-05-07 08:34:37.212298
267260,133,2021-09-03,22.2,0,19.4,02:17,24.9,15:28,32,1.4,6.4,16:40,78,89,06:20,69,13:10,2025-05-07 08:34:37.278253,2025-05-07 08:34:37.278253
267278,133,2021-09-04,22.8,0,19.9,00:36,25.6,12:53,33,1.1,6.1,14:10,78,91,23:40,68,13:10,2025-05-07 08:34:37.348440,2025-05-07 08:34:37.348440
267296,133,2021-09-05,23,0,19.7,02:22,26.2,14:42,31,1.7,6.1,13:40,76,93,00:40,66,14:00,2025-05-07 08:34:37.427882,2025-05-07 08:34:37.427882
267314,133,2021-09-06,23.2,0,19.4,06:56,27.1,13:17,99,1.9,5.6,,71,85,23:59,63,09:50,2025-05-07 08:34:37.516591,2025-05-07 08:34:37.516591
267332,133,2021-09-07,24.2,0,21.5,23:54,26.9,12:43,32,2.8,9.7,17:40,81,92,06:40,69,12:00,2025-05-07 08:34:37.592322,2025-05-07 08:34:37.592322
267350,133,2021-09-08,23.8,0,21.1,,26.4,,28,2.8,7.8,19:00,79,92,04:00,66,12:40,2025-05-07 08:34:37.689147,2025-05-07 08:34:37.689147
267368,133,2021-09-09,23.8,0,21.2,03:52,26.3,14:08,34,2.8,6.4,15:00,81,91,00:40,67,13:50,2025-05-07 08:34:37.778249,2025-05-07 08:34:37.778249
267386,133,2021-09-10,23.2,0,20.3,,26,13:24,32,2.8,8.3,17:10,81,91,,71,12:30,2025-05-07 08:34:37.869538,2025-05-07 08:34:37.869538
267404,133,2021-09-11,24.1,0,20.6,00:01,27.6,14:24,34,1.7,6.7,16:30,83,94,,50,02:10,2025-05-07 08:34:37.966290,2025-05-07 08:34:37.966290
267422,133,2021-09-12,22.7,0,20.3,,25.1,15:53,12,1.4,10,08:00,84,95,,74,18:10,2025-05-07 08:34:38.038910,2025-05-07 08:34:38.038910
267440,133,2021-09-13,22.8,0,19.9,06:23,25.6,10:50,4,1.9,5.3,11:20,77,86,19:40,63,11:00,2025-05-07 08:34:38.141312,2025-05-07 08:34:38.141312
267458,133,2021-09-14,22.6,0.4,19.3,06:06,25.9,11:17,34,3.1,9.2,17:20,78,92,19:40,66,11:30,2025-05-07 08:34:38.228757,2025-05-07 08:34:38.228757
267476,133,2021-09-15,22.8,0.6,19.6,03:58,26,12:49,32,3.6,10.8,14:40,74,90,00:00,60,12:50,2025-05-07 08:34:38.356942,2025-05-07 08:34:38.356942
267494,133,2021-09-16,22.5,0.4,20.4,06:11,24.6,13:15,32,3.3,8.6,12:30,82,92,05:50,71,13:40,2025-05-07 08:34:38.457332,2025-05-07 08:34:38.457332
267512,133,2021-09-17,21.8,0.8,19.6,06:07,24.1,16:01,32,2.5,8.9,15:10,85,92,07:00,73,16:00,2025-05-07 08:34:38.527844,2025-05-07 08:34:38.527844
267530,133,2021-09-18,22.4,0,19.7,06:21,25.1,11:23,2,2.2,7.2,13:20,81,89,06:40,62,11:20,2025-05-07 08:34:38.632256,2025-05-07 08:34:38.632256
267548,133,2021-09-19,21.5,0,19.4,05:55,23.6,14:02,6,1.9,6.7,12:10,78,89,02:00,71,,2025-05-07 08:34:38.716465,2025-05-07 08:34:38.716465
267566,133,2021-09-20,21.9,0,19.1,,24.7,13:14,34,3.9,8.9,09:30,69,83,,52,11:50,2025-05-07 08:34:38.773581,2025-05-07 08:34:38.773581
267584,133,2021-09-21,21.4,0,19.8,04:36,22.9,14:31,35,3.3,8.9,20:10,77,85,07:30,68,12:50,2025-05-07 08:34:38.830361,2025-05-07 08:34:38.830361
267601,133,2021-09-22,22,,19.7,,24.2,12:41,33,3.3,7.5,13:10,71,81,20:40,57,12:30,2025-05-07 08:34:38.884143,2025-05-07 08:34:38.884143
267618,133,2021-09-23,21.4,0,19,04:46,23.8,11:51,33,3.3,8.1,13:00,75,84,,63,16:00,2025-05-07 08:34:38.938190,2025-05-07 08:34:38.938190
267636,133,2021-09-24,20.6,0,17.5,05:24,23.7,15:29,33,1.9,6.1,16:50,75,84,,65,13:40,2025-05-07 08:34:38.996647,2025-05-07 08:34:38.996647
267654,133,2021-09-25,20.4,0,17.1,04:48,23.6,12:13,4,2.2,6.4,11:50,73,83,00:00,61,13:10,2025-05-07 08:34:39.054352,2025-05-07 08:34:39.054352
267672,133,2021-09-26,21.2,0,18.4,06:23,24.1,14:19,9,1.7,6.1,12:00,78,90,,70,,2025-05-07 08:34:39.112532,2025-05-07 08:34:39.112532
267690,133,2021-09-27,22.2,0,19.5,03:21,24.8,14:56,31,2.5,6.4,17:30,83,92,05:30,73,14:20,2025-05-07 08:34:39.177002,2025-05-07 08:34:39.177002
267708,133,2021-09-28,21.6,0,20.2,01:55,23.1,,33,3.1,7.5,16:00,82,92,02:00,75,14:30,2025-05-07 08:34:39.240172,2025-05-07 08:34:39.240172
267726,133,2021-09-29,21.2,0.8,19.8,22:18,22.5,13:00,36,3.9,9.4,10:10,81,94,07:20,72,14:00,2025-05-07 08:34:39.299132,2025-05-07 08:34:39.299132
267744,133,2021-09-30,21.3,0,19.7,01:49,22.9,14:02,33,4.2,8.3,10:40,84,91,23:40,78,13:40,2025-05-07 08:34:39.370768,2025-05-07 08:34:39.370768
267761,133,2021-10-01,22.2,0,19.2,05:34,25.2,13:29,30,3.1,7.2,00:20,88,94,07:30,78,13:30,2025-05-07 08:34:39.443715,2025-05-07 08:34:39.443715
267778,133,2021-10-02,22.2,0,18.8,23:06,25.6,13:29,25,2.5,6.1,02:10,85,96,,39,23:50,2025-05-07 08:34:39.515301,2025-05-07 08:34:39.515301
267795,133,2021-10-03,21.2,0,18.1,06:38,24.4,14:01,34,2.5,7.5,14:40,81,93,,33,00:40,2025-05-07 08:34:39.606297,2025-05-07 08:34:39.606297
267812,133,2021-10-04,21.4,0,19.6,,23.2,13:19,99,3.9,9.7,,81,94,09:00,68,22:10,2025-05-07 08:34:39.690176,2025-05-07 08:34:39.690176
267829,133,2021-10-05,20.8,0,19,06:19,22.7,14:39,33,3.3,8.3,14:40,69,78,19:30,62,11:50,2025-05-07 08:34:39.758812,2025-05-07 08:34:39.758812
267847,133,2021-10-06,21.4,0,19.2,,23.5,12:44,32,2.8,7.2,13:30,74,83,21:00,65,12:30,2025-05-07 08:34:39.867215,2025-05-07 08:34:39.867215
267865,133,2021-10-07,21.4,0,19.3,02:44,23.5,11:33,30,2.8,6.7,12:00,80,87,,73,11:40,2025-05-07 08:34:39.931909,2025-05-07 08:34:39.931909
267883,133,2021-10-08,21,0,19.3,03:57,22.8,13:34,32,2.8,7.5,16:30,78,90,23:59,73,,2025-05-07 08:34:40.014160,2025-05-07 08:34:40.014160
267901,133,2021-10-09,20.4,0,19.3,03:56,21.6,11:30,32,3.6,8.9,15:00,85,90,,79,10:30,2025-05-07 08:34:40.071818,2025-05-07 08:34:40.071818
267919,133,2021-10-10,21,0,18.9,07:00,23,15:08,34,3.6,9.2,16:30,79,91,,69,13:40,2025-05-07 08:34:40.129580,2025-05-07 08:34:40.129580
267937,133,2021-10-11,20.5,0,17.9,23:54,23.1,11:21,2,2.8,8.1,14:10,70,86,00:30,57,14:10,2025-05-07 08:34:40.187940,2025-05-07 08:34:40.187940
267955,133,2021-10-12,19.8,0,16.6,,22.9,13:13,32,2.5,7.8,15:00,74,82,,64,14:00,2025-05-07 08:34:40.244897,2025-05-07 08:34:40.244897
267973,133,2021-10-13,19.9,0,17.5,04:22,22.3,15:41,31,2.5,8.1,13:20,77,86,23:59,67,13:50,2025-05-07 08:34:40.303358,2025-05-07 08:34:40.303358
267991,133,2021-10-14,20.6,0,17.8,05:02,23.3,13:56,2,2.2,6.9,14:40,77,87,00:50,67,14:30,2025-05-07 08:34:40.362827,2025-05-07 08:34:40.362827
268008,133,2021-10-15,20.9,0,18.8,05:33,23,12:04,32,1.9,7.5,14:10,77,89,22:50,69,11:10,2025-05-07 08:34:40.424342,2025-05-07 08:34:40.424342
268025,133,2021-10-16,21.6,0,18.3,07:40,24.9,,32,1.7,5.3,02:40,81,94,,67,11:00,2025-05-07 08:34:40.495466,2025-05-07 08:34:40.495466
268042,133,2021-10-17,24.4,0,18.1,01:50,30.7,12:52,13,2.2,6.7,11:20,43,94,00:00,21,14:10,2025-05-07 08:34:40.572489,2025-05-07 08:34:40.572489
268059,133,2021-10-18,24.4,0,19.7,23:09,29.2,13:35,6,1.7,4.4,12:10,47,79,19:50,28,11:20,2025-05-07 08:34:40.657124,2025-05-07 08:34:40.657124
268077,133,2021-10-19,22.2,0,18.8,22:37,25.6,13:21,99,1.4,4.2,,60,92,19:40,26,04:10,2025-05-07 08:34:40.744134,2025-05-07 08:34:40.744134
268095,133,2021-10-20,22,0,18.6,05:46,25.4,14:02,99,1.9,5.6,,68,89,19:00,49,06:00,2025-05-07 08:34:40.834869,2025-05-07 08:34:40.834869
268113,133,2021-10-21,21.1,0,19,00:01,23.2,14:44,30,3.1,7.2,23:59,83,89,,72,14:50,2025-05-07 08:34:40.925643,2025-05-07 08:34:40.925643
268131,133,2021-10-22,20.3,2.6,18.3,17:23,22.3,12:11,32,2.8,8.3,11:20,78,91,05:30,61,12:50,2025-05-07 08:34:41.003365,2025-05-07 08:34:41.003365
268149,133,2021-10-23,19.2,0.6,17.1,20:02,21.4,13:05,34,2.5,7.8,19:40,75,93,,63,13:50,2025-05-07 08:34:41.092632,2025-05-07 08:34:41.092632
268167,133,2021-10-24,19.2,0,17.3,01:29,21,11:11,3,1.7,5.8,10:20,74,88,01:10,66,12:40,2025-05-07 08:34:41.190595,2025-05-07 08:34:41.190595
268185,133,2021-10-25,19.6,1,16.8,07:30,22.3,11:02,32,1.7,6.7,16:00,82,90,15:20,68,10:40,2025-05-07 08:34:41.269321,2025-05-07 08:34:41.269321
268203,133,2021-10-26,19.8,1.6,18,23:59,21.6,12:20,33,2.5,7.5,13:20,78,89,,71,13:10,2025-05-07 08:34:41.350364,2025-05-07 08:34:41.350364
268221,133,2021-10-27,19.4,0.4,17,02:29,21.8,13:25,31,2.8,7.5,15:30,71,94,03:00,64,12:50,2025-05-07 08:34:41.423416,2025-05-07 08:34:41.423416
268239,133,2021-10-28,19,0,16.7,03:38,21.3,15:01,32,2.8,8.3,13:40,74,89,06:40,54,15:10,2025-05-07 08:34:41.518161,2025-05-07 08:34:41.518161
268257,133,2021-10-29,18.6,0,15,04:22,22.2,12:42,36,2.2,6.4,16:30,69,79,04:50,60,12:30,2025-05-07 08:34:41.597087,2025-05-07 08:34:41.597087
268275,133,2021-10-30,18.6,0,15.3,05:52,21.9,12:41,4,2.5,6.1,13:40,74,84,,63,12:40,2025-05-07 08:34:41.700917,2025-05-07 08:34:41.700917
268293,133,2021-10-31,18.4,0,14.6,06:34,22.1,14:11,99,1.9,5,,80,88,,70,,2025-05-07 08:34:41.806077,2025-05-07 08:34:41.806077
268311,133,2021-11-01,20,0,17.7,05:08,22.3,14:38,32,1.7,6.9,14:50,74,86,00:00,67,13:30,2025-05-07 08:34:41.904215,2025-05-07 08:34:41.904215
268329,133,2021-11-02,19.9,0,16.7,05:38,23.1,12:41,3,2.5,5.8,13:10,76,88,21:50,61,12:30,2025-05-07 08:34:42.003730,2025-05-07 08:34:42.003730
268347,133,2021-11-03,19.4,0,17.3,07:09,21.6,15:17,35,2.5,6.7,12:20,83,90,04:50,66,16:20,2025-05-07 08:34:42.096864,2025-05-07 08:34:42.096864
268365,133,2021-11-04,19.8,3.2,17.3,01:01,22.3,13:19,27,2.8,8.6,09:40,85,94,18:20,75,13:00,2025-05-07 08:34:42.194235,2025-05-07 08:34:42.194235
268383,133,2021-11-05,18.3,0,16.6,03:50,20,10:17,4,1.9,7.8,23:30,73,86,00:30,58,12:10,2025-05-07 08:34:42.284478,2025-05-07 08:34:42.284478
268401,133,2021-11-06,18.3,0,17,00:43,19.6,14:13,33,3.3,8.6,18:40,70,76,18:30,59,,2025-05-07 08:34:42.374433,2025-05-07 08:34:42.374433
268419,133,2021-11-07,18,0,16.5,23:43,19.4,14:12,4,1.9,7.8,12:00,63,75,01:00,57,13:00,2025-05-07 08:34:42.486884,2025-05-07 08:34:42.486884
268437,133,2021-11-08,17.4,0,15.2,06:42,19.6,11:56,5,1.7,6.4,15:10,68,78,06:50,60,12:50,2025-05-07 08:34:42.582259,2025-05-07 08:34:42.582259
268455,133,2021-11-09,17.9,0,15.7,05:32,20.1,13:12,4,1.1,5.3,12:00,68,78,20:30,60,11:20,2025-05-07 08:34:42.674438,2025-05-07 08:34:42.674438
268473,133,2021-11-10,17.6,0,15.2,02:32,19.9,13:56,99,1.9,6.1,,72,81,09:10,65,16:00,2025-05-07 08:34:42.756701,2025-05-07 08:34:42.756701
268491,133,2021-11-11,18.5,0,16.5,06:39,20.5,14:38,6,0.8,5,14:40,75,83,02:50,67,14:50,2025-05-07 08:34:42.826291,2025-05-07 08:34:42.826291
268509,133,2021-11-12,19.1,0.8,16.7,06:54,21.5,13:09,32,1.7,5.8,13:40,76,87,,64,12:10,2025-05-07 08:34:42.895886,2025-05-07 08:34:42.895886
268527,133,2021-11-13,17.8,0,15.3,07:22,20.4,13:17,35,1.7,6.9,13:20,74,86,,64,,2025-05-07 08:34:42.982296,2025-05-07 08:34:42.982296
268545,133,2021-11-14,17.8,0,14.8,03:46,20.7,14:09,34,1.1,5.3,14:20,74,81,,68,12:40,2025-05-07 08:34:43.076668,2025-05-07 08:34:43.076668
268563,133,2021-11-15,17.6,0,14,06:37,21.2,13:29,20,2.2,5.8,07:20,69,83,21:40,56,13:30,2025-05-07 08:34:43.159524,2025-05-07 08:34:43.159524
268581,133,2021-11-16,18,0,15.4,,20.5,12:05,4,1.9,5.3,15:10,77,86,07:20,65,12:40,2025-05-07 08:34:43.250349,2025-05-07 08:34:43.250349
268598,133,2021-11-17,18,0,15.5,07:38,20.6,13:02,5,1.9,6.4,14:00,68,82,01:40,57,13:10,2025-05-07 08:34:43.335129,2025-05-07 08:34:43.335129
268615,133,2021-11-18,17.6,0,14.8,08:00,20.5,12:10,8,1.7,6.1,14:40,66,79,02:30,54,15:50,2025-05-07 08:34:43.430719,2025-05-07 08:34:43.430719
268632,133,2021-11-19,17.4,0,14.1,03:47,20.6,12:25,34,1.9,6.1,12:40,71,83,,53,11:20,2025-05-07 08:34:43.541417,2025-05-07 08:34:43.541417
268649,133,2021-11-20,17,0,13.6,06:21,20.5,11:40,9,3.1,7.8,13:00,74,84,20:50,55,09:10,2025-05-07 08:34:43.651350,2025-05-07 08:34:43.651350
268666,133,2021-11-21,17.4,0,13.5,03:10,21.2,14:17,10,1.9,7.5,10:20,82,88,06:10,63,02:00,2025-05-07 08:34:43.744724,2025-05-07 08:34:43.744724
268683,133,2021-11-22,19.4,0,16.3,00:13,22.6,11:09,7,1.4,3.6,11:50,78,85,00:10,69,03:30,2025-05-07 08:34:43.845246,2025-05-07 08:34:43.845246
268700,133,2021-11-23,19,0,16.2,05:49,21.7,11:30,99,2.2,3.9,,85,92,19:00,72,10:20,2025-05-07 08:34:43.933756,2025-05-07 08:34:43.933756
268717,133,2021-11-24,18.4,0,15.2,07:24,21.5,14:10,6,1.7,5.8,13:30,79,93,02:20,73,12:50,2025-05-07 08:34:44.031701,2025-05-07 08:34:44.031701
268735,133,2021-11-25,17.4,0,16.2,21:55,18.6,15:33,9,1.9,7.5,02:40,76,93,,69,15:30,2025-05-07 08:34:44.103298,2025-05-07 08:34:44.103298
268753,133,2021-11-26,15.2,16.4,13,20:05,17.4,09:49,31,1.7,10.6,19:20,90,96,12:00,79,23:59,2025-05-07 08:34:44.195441,2025-05-07 08:34:44.195441
268771,133,2021-11-27,16.2,2,14.5,04:24,17.9,13:17,32,3.9,11.4,13:00,74,88,07:40,63,02:00,2025-05-07 08:34:44.279842,2025-05-07 08:34:44.279842
268789,133,2021-11-28,16.8,0.4,15.3,05:50,18.3,11:23,3,2.8,10.6,12:40,79,92,14:50,72,22:00,2025-05-07 08:34:44.362298,2025-05-07 08:34:44.362298
268807,133,2021-11-29,16.6,0.4,15.1,03:39,18,,4,2.2,8.3,11:00,73,84,11:00,62,10:10,2025-05-07 08:34:44.440184,2025-05-07 08:34:44.440184
268825,133,2021-11-30,16.7,0,14.1,06:47,19.3,13:10,5,1.4,6.4,10:50,73,81,05:30,61,12:50,2025-05-07 08:34:44.524348,2025-05-07 08:34:44.524348
268843,133,2021-12-01,16.2,0,13.2,,19.1,13:58,4,1.9,6.1,11:50,75,88,04:30,64,14:20,2025-05-07 08:34:44.630089,2025-05-07 08:34:44.630089
268861,133,2021-12-02,17.1,0,15.4,,18.8,11:19,34,3.1,10,14:40,75,83,22:30,62,11:20,2025-05-07 08:34:44.702208,2025-05-07 08:34:44.702208
268879,133,2021-12-03,17,0.8,15.2,07:57,18.8,13:02,35,2.5,8.1,02:40,76,90,08:10,63,13:50,2025-05-07 08:34:44.794268,2025-05-07 08:34:44.794268
268897,133,2021-12-04,16.4,0,13.6,23:50,19.3,13:50,7,3.1,8.3,11:20,66,86,04:40,46,13:50,2025-05-07 08:34:44.904799,2025-05-07 08:34:44.904799
268915,133,2021-12-05,15.8,0,13.3,00:32,18.3,13:58,6,2.5,6.7,12:40,75,83,07:30,65,00:30,2025-05-07 08:34:45.003328,2025-05-07 08:34:45.003328
268933,133,2021-12-06,17.1,0,15.9,23:36,18.3,14:20,4,1.7,6.9,10:30,73,81,23:59,68,09:40,2025-05-07 08:34:45.102708,2025-05-07 08:34:45.102708
268951,133,2021-12-07,15.8,0,13.1,07:31,18.4,15:01,2,1.1,3.9,15:50,85,90,,74,14:50,2025-05-07 08:34:45.194076,2025-05-07 08:34:45.194076
268969,133,2021-12-08,16.6,6.4,14.8,07:47,18.3,11:41,7,1.9,7.5,13:20,81,91,03:50,70,20:10,2025-05-07 08:34:45.273689,2025-05-07 08:34:45.273689
268987,133,2021-12-09,16.4,2.4,14.7,19:22,18.1,11:49,4,1.9,9.4,05:50,88,96,05:30,70,11:40,2025-05-07 08:34:45.374406,2025-05-07 08:34:45.374406
269005,133,2021-12-10,16.4,0,14.7,23:59,18.2,13:54,4,2.2,6.7,05:00,85,88,,80,14:00,2025-05-07 08:34:45.466327,2025-05-07 08:34:45.466327
269023,133,2021-12-11,15.9,0,13.6,01:45,18.2,13:25,36,1.9,6.4,19:20,82,91,,72,10:10,2025-05-07 08:34:45.544607,2025-05-07 08:34:45.544607
269041,133,2021-12-12,16.2,0,13.8,21:30,18.6,13:19,36,1.1,5.3,00:30,79,88,20:20,73,13:20,2025-05-07 08:34:45.643250,2025-05-07 08:34:45.643250
269059,133,2021-12-13,16.4,0,13.2,04:22,19.5,12:39,32,0.8,4.2,10:10,79,91,08:10,55,23:50,2025-05-07 08:36:29.643056,2025-05-07 08:36:29.643056
269077,133,2021-12-14,17.4,0,13.5,04:11,21.2,12:50,10,1.9,6.9,11:30,66,89,20:40,52,06:10,2025-05-07 08:36:29.731063,2025-05-07 08:36:29.731063
269095,133,2021-12-15,15.2,0,12.5,23:50,17.8,13:28,26,1.9,6.1,09:20,76,93,09:10,64,13:40,2025-05-07 08:36:29.801745,2025-05-07 08:36:29.801745
269113,133,2021-12-16,15.4,0,11.9,05:24,18.9,14:19,18,1.4,5.3,02:00,70,83,08:20,53,14:20,2025-05-07 08:36:29.866952,2025-05-07 08:36:29.866952
269131,133,2021-12-17,15.3,0,11.6,04:31,19,12:44,8,1.9,7.2,13:50,63,75,,56,,2025-05-07 08:36:29.938897,2025-05-07 08:36:29.938897
269149,133,2021-12-18,16,0,12.2,07:09,19.8,13:36,20,1.9,5,05:50,61,83,21:40,45,01:40,2025-05-07 08:36:30.030989,2025-05-07 08:36:30.030989
269167,133,2021-12-19,17.4,0,13.2,,21.6,16:35,21,1.4,5,22:30,73,86,04:40,62,11:40,2025-05-07 08:36:30.122178,2025-05-07 08:36:30.122178
269185,133,2021-12-20,17.4,0,13.7,07:13,21.1,15:36,34,1.9,6.4,13:10,73,88,03:50,59,15:50,2025-05-07 08:36:30.210098,2025-05-07 08:36:30.210098
269203,133,2021-12-21,18,0,15.1,04:50,20.9,13:39,30,1.4,6.4,11:40,73,81,03:10,59,11:00,2025-05-07 08:36:30.299625,2025-05-07 08:36:30.299625
269221,133,2021-12-22,17.6,0,14.8,,20.3,13:43,13,1.1,4.4,13:20,81,93,22:00,73,13:10,2025-05-07 08:36:30.403582,2025-05-07 08:36:30.403582
269239,133,2021-12-23,19,0,14,23:08,23.9,10:37,13,1.1,5,08:10,86,96,,61,10:40,2025-05-07 08:36:30.490882,2025-05-07 08:36:30.490882
269257,133,2021-12-24,16.8,0,13.5,06:27,20,14:46,30,1.1,5.3,02:40,78,91,02:30,69,15:00,2025-05-07 08:36:30.596087,2025-05-07 08:36:30.596087
269275,133,2021-12-25,16.8,0,14,06:31,19.5,14:58,32,1.9,7.5,14:20,79,93,07:50,60,16:40,2025-05-07 08:36:30.689274,2025-05-07 08:36:30.689274
269293,133,2021-12-26,17.6,0.2,14.1,,21.1,13:30,36,1.4,4.4,13:40,79,97,23:00,66,13:00,2025-05-07 08:36:30.792230,2025-05-07 08:36:30.792230
269311,133,2021-12-27,18,0.2,15.7,02:10,20.2,14:23,99,1.7,4.7,,82,96,,73,14:00,2025-05-07 08:36:30.865884,2025-05-07 08:36:30.865884
269329,133,2021-12-28,17.6,0,16,23:51,19.1,14:04,9,1.4,5.3,11:40,82,93,00:30,73,14:30,2025-05-07 08:36:30.963081,2025-05-07 08:36:30.963081
269347,133,2021-12-29,18,0,14.9,08:23,21,11:39,12,1.9,6.4,10:50,86,93,04:20,59,23:59,2025-05-07 08:36:31.048907,2025-05-07 08:36:31.048907
269365,133,2021-12-30,21.4,0,15.1,04:11,27.8,14:06,12,2.5,10,13:10,45,81,03:10,20,14:10,2025-05-07 08:36:31.126607,2025-05-07 08:36:31.126607
269383,133,2021-12-31,22.2,0,17.5,23:22,27,11:25,14,2.5,8.6,13:10,35,59,08:10,19,,2025-05-07 08:36:31.209721,2025-05-07 08:36:31.209721
269401,133,2022-01-01,20.4,0,15.6,03:40,25.1,14:18,10,1.9,5.8,14:40,38,59,17:40,21,,2025-05-07 08:36:31.327850,2025-05-07 08:36:31.327850
269419,133,2022-01-02,20.3,0,15.7,23:58,24.9,14:20,14,2.2,8.3,11:20,29,41,19:00,22,,2025-05-07 08:36:31.422177,2025-05-07 08:36:31.422177
269437,133,2022-01-03,18.6,0,13.9,06:03,23.3,14:10,12,1.7,6.9,11:30,35,77,06:30,26,17:10,2025-05-07 08:36:31.522370,2025-05-07 08:36:31.522370
269455,133,2022-01-04,17.6,0,13.8,08:04,21.5,10:52,99,1.4,5.8,19:50,61,87,18:50,32,09:30,2025-05-07 08:36:31.611451,2025-05-07 08:36:31.611451
269473,133,2022-01-05,15.7,0.2,13.7,02:40,17.7,13:22,4,1.7,7.2,14:40,71,85,09:40,45,00:00,2025-05-07 08:36:31.694747,2025-05-07 08:36:31.694747
269491,133,2022-01-06,15.9,3.6,14.8,03:37,17,13:41,32,3.1,8.9,15:40,75,94,23:20,69,11:20,2025-05-07 08:36:31.760742,2025-05-07 08:36:31.760742
269509,133,2022-01-07,15.5,1.4,14.3,07:26,16.7,13:18,3,2.5,10.3,09:10,89,98,07:00,74,23:00,2025-05-07 08:36:31.825899,2025-05-07 08:36:31.825899
269527,133,2022-01-08,16,0,13.7,23:41,18.3,14:44,7,1.1,5.8,11:10,82,88,,69,23:59,2025-05-07 08:36:31.908841,2025-05-07 08:36:31.908841
269545,133,2022-01-09,17,0,13.8,00:21,20.3,12:34,14,3.6,11.1,13:20,36,69,00:00,22,20:00,2025-05-07 08:36:31.991868,2025-05-07 08:36:31.991868
269563,133,2022-01-10,15.8,0,13.4,23:57,18.2,13:55,13,2.5,8.6,07:20,45,76,05:20,28,23:20,2025-05-07 08:36:32.057403,2025-05-07 08:36:32.057403
269581,133,2022-01-11,16.2,0,12.5,,20,11:58,6,2.2,6.1,13:30,42,68,20:50,17,11:10,2025-05-07 08:36:32.120054,2025-05-07 08:36:32.120054
269599,133,2022-01-12,15.6,0,12.2,07:05,18.9,12:46,10,2.2,5.8,15:00,70,89,03:50,52,01:00,2025-05-07 08:36:32.190751,2025-05-07 08:36:32.190751
269617,133,2022-01-13,16.2,0,12,06:13,20.3,12:23,11,2.2,6.9,13:40,61,95,06:30,32,12:50,2025-05-07 08:36:32.274805,2025-05-07 08:36:32.274805
269635,133,2022-01-14,17.4,0,13.3,00:31,21.4,13:27,14,4.4,12.8,13:00,34,91,00:00,21,18:20,2025-05-07 08:36:32.345546,2025-05-07 08:36:32.345546
269653,133,2022-01-15,17.2,0,15.7,07:44,18.8,00:01,12,5,12.5,13:00,42,53,23:50,29,00:00,2025-05-07 08:36:32.417055,2025-05-07 08:36:32.417055
269671,133,2022-01-16,16.8,0.6,14.5,07:25,19,22:18,14,4.7,15.3,15:00,43,55,00:50,25,21:20,2025-05-07 08:36:32.491340,2025-05-07 08:36:32.491340
269689,133,2022-01-17,16.2,11.4,14,23:56,18.5,00:01,14,5,15.3,00:20,87,97,09:10,34,00:30,2025-05-07 08:36:32.564115,2025-05-07 08:36:32.564115
269707,133,2022-01-18,15,0,13.2,08:43,16.7,15:28,10,4.2,11.7,13:20,86,99,03:30,68,23:50,2025-05-07 08:36:32.667705,2025-05-07 08:36:32.667705
269725,133,2022-01-19,17,0,15.8,00:01,18.3,12:18,14,5.8,13.3,10:00,42,68,00:00,31,20:50,2025-05-07 08:36:32.753700,2025-05-07 08:36:32.753700
269743,133,2022-01-20,17.1,0,15.2,20:26,19,13:12,14,3.6,11.1,13:30,58,69,19:50,37,00:30,2025-05-07 08:36:32.861732,2025-05-07 08:36:32.861732
269761,133,2022-01-21,16.6,0,13.8,06:49,19.5,11:25,16,1.1,5.3,00:20,72,91,22:00,56,03:20,2025-05-07 08:36:32.928677,2025-05-07 08:36:32.928677
269779,133,2022-01-22,16.3,0,13.6,07:32,19,11:17,19,1.4,5,08:20,81,89,21:30,71,11:10,2025-05-07 08:36:33.011928,2025-05-07 08:36:33.011928
269797,133,2022-01-23,16.5,0,13.2,07:05,19.8,13:43,10,1.7,6.4,14:30,70,86,20:50,61,09:40,2025-05-07 08:36:33.081871,2025-05-07 08:36:33.081871
269815,133,2022-01-24,17,2.2,13.7,02:58,20.4,14:20,36,1.4,5.6,,78,94,07:50,62,14:30,2025-05-07 08:36:33.155684,2025-05-07 08:36:33.155684
269833,133,2022-01-25,15.8,5.4,14.6,23:05,17,12:40,32,3.9,10.6,20:00,77,95,01:20,63,15:10,2025-05-07 08:36:33.244705,2025-05-07 08:36:33.244705
269851,133,2022-01-26,15.4,4.8,13.7,03:49,17.2,12:29,31,3.1,10,01:40,83,94,05:40,72,00:00,2025-05-07 08:36:33.311757,2025-05-07 08:36:33.311757
269869,133,2022-01-27,14.8,0.6,12.7,,17,14:46,35,1.7,6.4,16:50,85,94,06:50,67,13:40,2025-05-07 08:36:33.385014,2025-05-07 08:36:33.385014
269887,133,2022-01-28,14.4,2.6,11.3,02:30,17.5,16:12,33,1.9,5.6,17:20,72,86,23:00,51,15:40,2025-05-07 08:36:33.459979,2025-05-07 08:36:33.459979
269905,133,2022-01-29,15.6,0,13,22:59,18.1,13:40,32,3.1,7.8,11:20,68,91,09:00,56,12:40,2025-05-07 08:36:33.547802,2025-05-07 08:36:33.547802
269923,133,2022-01-30,15.6,0,11.6,07:36,19.5,12:39,6,1.4,4.7,14:00,67,83,23:20,50,12:20,2025-05-07 08:36:33.627427,2025-05-07 08:36:33.627427
269941,133,2022-01-31,15.8,0,11.5,07:50,20.1,13:37,4,1.7,4.7,14:00,60,83,03:30,25,23:30,2025-05-07 08:36:33.711468,2025-05-07 08:36:33.711468
269959,133,2022-02-01,18.4,0.4,16.6,03:09,20.3,11:32,14,1.9,7.2,10:40,51,74,19:10,24,00:20,2025-05-07 08:36:33.798903,2025-05-07 08:36:33.798903
269977,133,2022-02-02,20.5,0,16.4,05:51,24.6,13:53,27,1.7,13.9,23:50,54,89,22:50,21,15:00,2025-05-07 08:36:33.863641,2025-05-07 08:36:33.863641
269995,133,2022-02-03,21.4,0,17.2,05:44,25.7,14:00,18,2.8,11.7,14:10,47,84,00:00,22,14:40,2025-05-07 08:36:33.933117,2025-05-07 08:36:33.933117
270013,133,2022-02-04,19.7,0,16,23:59,23.4,05:28,19,2.5,11.4,03:20,38,60,19:00,16,05:00,2025-05-07 08:36:34.004066,2025-05-07 08:36:34.004066
270031,133,2022-02-05,18.6,0,15.3,01:14,21.8,15:08,11,2.2,7.5,11:30,50,62,18:00,28,05:30,2025-05-07 08:36:34.075283,2025-05-07 08:36:34.075283
270049,133,2022-02-06,16.8,0,13.7,06:31,19.9,11:21,5,1.9,5.8,15:20,76,87,,30,03:20,2025-05-07 08:36:34.141014,2025-05-07 08:36:34.141014
270067,133,2022-02-07,17,0,13.6,07:30,20.3,15:27,8,1.7,5.8,14:20,82,91,07:00,31,23:40,2025-05-07 08:36:34.224029,2025-05-07 08:36:34.224029
270085,133,2022-02-08,20.8,0,16.3,00:06,25.4,15:00,17,3.9,13.9,11:10,32,47,18:20,10,15:00,2025-05-07 08:36:34.303865,2025-05-07 08:36:34.303865
270103,133,2022-02-09,21.2,0,18.6,,23.8,08:29,13,3.3,12.2,11:40,31,50,16:40,12,08:00,2025-05-07 08:36:34.371326,2025-05-07 08:36:34.371326
270121,133,2022-02-10,22.8,0,19.4,06:33,26.3,14:45,13,3.9,11.7,11:30,31,52,19:50,11,,2025-05-07 08:36:34.452076,2025-05-07 08:36:34.452076
270139,133,2022-02-11,21,0,17,24:00,24.9,15:08,29,1.9,7.2,23:00,31,70,20:30,19,00:30,2025-05-07 08:36:34.536099,2025-05-07 08:36:34.536099
270157,133,2022-02-12,16.9,0,14.6,23:56,19.2,13:10,33,3.3,8.3,,74,84,23:20,42,03:20,2025-05-07 08:36:34.611916,2025-05-07 08:36:34.611916
270175,133,2022-02-13,16.2,0,12.7,04:55,19.8,13:58,33,1.9,5.8,15:40,76,87,06:30,63,13:30,2025-05-07 08:36:34.708598,2025-05-07 08:36:34.708598
270193,133,2022-02-14,16,0,12.8,05:54,19.2,14:42,2,1.9,6.7,16:30,71,85,17:10,54,12:40,2025-05-07 08:36:34.787413,2025-05-07 08:36:34.787413
270211,133,2022-02-15,16,0,14.3,08:05,17.8,11:25,34,2.2,7.8,12:40,66,81,00:00,59,13:40,2025-05-07 08:36:34.877057,2025-05-07 08:36:34.877057
270229,133,2022-02-16,16,0,14.5,06:40,17.6,11:20,3,1.9,8.6,04:20,75,89,23:30,64,10:10,2025-05-07 08:36:34.978927,2025-05-07 08:36:34.978927
270247,133,2022-02-17,16.6,0,13.5,,19.8,14:48,27,2.2,6.1,05:40,79,91,22:30,69,13:30,2025-05-07 08:36:35.055989,2025-05-07 08:36:35.055989
270265,133,2022-02-18,15.7,0,13.4,00:02,18,13:52,32,3.1,8.1,15:30,68,93,00:20,59,14:20,2025-05-07 08:36:35.146355,2025-05-07 08:36:35.146355
270283,133,2022-02-19,16.2,4.2,13.8,21:26,18.5,12:07,35,2.5,10.3,22:20,78,97,21:40,59,14:40,2025-05-07 08:36:35.256284,2025-05-07 08:36:35.256284
270301,133,2022-02-20,14.6,0.8,12.1,04:57,17.1,12:48,33,4.4,11.7,19:40,69,91,05:00,58,12:40,2025-05-07 08:36:35.336412,2025-05-07 08:36:35.336412
270319,133,2022-02-21,13.8,0.2,10.5,06:52,17.1,12:25,10,1.7,6.1,14:20,73,88,02:40,60,12:40,2025-05-07 08:36:35.406302,2025-05-07 08:36:35.406302
270337,133,2022-02-22,14.6,0,10.2,07:04,19.1,13:32,32,2.2,7.2,16:20,72,84,02:50,50,21:50,2025-05-07 08:36:35.481214,2025-05-07 08:36:35.481214
270355,133,2022-02-23,15.9,0,12,05:59,19.8,12:31,35,2.2,6.1,13:20,70,83,06:10,58,11:20,2025-05-07 08:36:35.572309,2025-05-07 08:36:35.572309
270373,133,2022-02-24,16.5,0.2,13.1,03:41,19.9,14:33,33,3.9,9.7,17:00,75,87,23:50,64,14:20,2025-05-07 08:36:35.663081,2025-05-07 08:36:35.663081
270391,133,2022-02-25,16.2,0.2,14.6,23:56,17.8,11:18,30,4.7,10,18:30,85,93,,69,14:00,2025-05-07 08:36:35.754068,2025-05-07 08:36:35.754068
270409,133,2022-02-26,15.1,13,13.6,09:27,16.6,13:25,32,5.6,11.9,14:20,86,97,10:10,80,13:30,2025-05-07 08:36:35.849346,2025-05-07 08:36:35.849346
270427,133,2022-02-27,15.5,0,13.9,00:29,17.1,13:04,33,5,15.8,12:20,76,96,00:40,64,16:30,2025-05-07 08:36:35.926843,2025-05-07 08:36:35.926843
270445,133,2022-02-28,15.9,0,14.2,07:47,17.6,14:48,99,4.4,11.1,,65,84,00:30,60,09:20,2025-05-07 08:36:36.021319,2025-05-07 08:36:36.021319
270463,133,2022-03-01,16.8,0,15,04:47,18.5,14:51,32,4.4,10.6,00:30,76,82,19:40,70,15:20,2025-05-07 08:36:36.132286,2025-05-07 08:36:36.132286
270481,133,2022-03-02,17,0,14.7,07:12,19.2,15:33,31,3.3,7.8,15:30,76,84,08:50,61,16:00,2025-05-07 08:36:36.206511,2025-05-07 08:36:36.206511
270499,133,2022-03-03,16.4,2.4,14.6,03:47,18.2,14:12,32,3.9,9.2,17:50,76,92,22:50,67,15:10,2025-05-07 08:36:36.285620,2025-05-07 08:36:36.285620
270517,133,2022-03-04,15.4,2.2,13.6,20:11,17.1,12:42,34,3.3,10.6,23:20,76,99,08:30,63,12:40,2025-05-07 08:36:36.370453,2025-05-07 08:36:36.370453
270535,133,2022-03-05,14.9,0,13.4,06:41,16.4,12:13,33,4.7,11.4,14:00,72,88,09:40,65,12:30,2025-05-07 08:36:36.467949,2025-05-07 08:36:36.467949
270553,133,2022-03-06,16.3,0.2,14.4,02:09,18.2,11:41,28,4.7,11.9,10:20,71,81,00:10,62,15:40,2025-05-07 08:36:36.535913,2025-05-07 08:36:36.535913
270571,133,2022-03-07,16.1,0,13.4,23:01,18.8,14:18,32,3.9,9.7,18:30,64,92,01:30,50,13:20,2025-05-07 08:36:36.626132,2025-05-07 08:36:36.626132
270589,133,2022-03-08,16,0.2,13.4,04:41,18.5,14:52,2,1.9,7.5,12:40,65,84,23:50,55,11:10,2025-05-07 08:36:36.716481,2025-05-07 08:36:36.716481
270607,133,2022-03-09,16.6,0,14.2,07:04,19,13:45,6,1.7,7.2,14:00,79,90,05:00,68,14:00,2025-05-07 08:36:36.789305,2025-05-07 08:36:36.789305
270625,133,2022-03-10,16,0,13.8,02:41,18.2,15:02,31,2.8,6.9,21:10,66,81,00:00,57,13:20,2025-05-07 08:36:36.862436,2025-05-07 08:36:36.862436
270643,133,2022-03-11,15.3,0,11.9,06:38,18.7,13:55,31,2.8,8.6,14:40,72,85,06:50,62,11:30,2025-05-07 08:36:36.944043,2025-05-07 08:36:36.944043
270661,133,2022-03-12,17.2,0,14.7,00:13,19.8,,30,3.6,9.7,14:10,76,90,,63,14:20,2025-05-07 08:36:37.011400,2025-05-07 08:36:37.011400
270679,133,2022-03-13,16.8,0.6,14.5,05:53,19.1,13:16,28,4.4,11.7,20:00,77,92,06:00,57,16:10,2025-05-07 08:36:37.081250,2025-05-07 08:36:37.081250
270697,133,2022-03-14,13.7,8.6,10.6,21:05,16.8,00:19,35,8.1,22.8,14:00,70,94,10:30,60,17:30,2025-05-07 08:36:37.145200,2025-05-07 08:36:37.145200
270715,133,2022-03-15,13.8,2,11.1,01:22,16.6,14:52,33,5.6,16.1,00:30,79,89,,62,02:30,2025-05-07 08:36:37.230058,2025-05-07 08:36:37.230058
270733,133,2022-03-16,15.6,1,14,,17.1,11:48,32,6.1,12.8,03:50,71,91,13:50,61,09:30,2025-05-07 08:36:37.318174,2025-05-07 08:36:37.318174
270751,133,2022-03-17,16.1,0.2,14.3,23:30,17.9,13:58,34,4.2,9.7,06:20,75,88,00:50,63,17:10,2025-05-07 08:36:37.393909,2025-05-07 08:36:37.393909
270769,133,2022-03-18,16.3,0,13.8,,18.8,12:50,34,2.5,6.7,00:10,71,81,,60,11:20,2025-05-07 08:36:37.480348,2025-05-07 08:36:37.480348
270787,133,2022-03-19,16.9,0,14.7,,19.1,11:16,34,3.1,10.8,22:20,72,81,,58,14:10,2025-05-07 08:36:37.569592,2025-05-07 08:36:37.569592
270805,133,2022-03-20,16.1,0,14,23:57,18.2,13:12,32,4.2,11.1,09:10,65,89,07:50,50,14:50,2025-05-07 08:36:37.648545,2025-05-07 08:36:37.648545
270823,133,2022-03-21,15.8,0,12.8,05:30,18.8,13:52,32,2.5,8.3,16:00,67,79,07:50,52,12:30,2025-05-07 08:36:37.720802,2025-05-07 08:36:37.720802
270841,133,2022-03-22,15.8,6.2,13.7,02:04,17.9,15:16,34,3.1,10.8,15:40,75,95,09:00,62,16:10,2025-05-07 08:36:37.787469,2025-05-07 08:36:37.787469
270859,133,2022-03-23,15.2,0,13.1,03:55,17.3,11:49,34,5,14.4,10:40,71,97,02:00,56,16:00,2025-05-07 08:36:37.872594,2025-05-07 08:36:37.872594
270877,133,2022-03-24,15.4,0,13,06:20,17.8,13:25,30,5.3,12.5,12:50,69,90,23:40,54,13:10,2025-05-07 08:36:37.948931,2025-05-07 08:36:37.948931
270895,133,2022-03-25,15.4,0.2,12.7,23:57,18.1,14:01,28,3.1,8.9,00:10,80,88,12:40,69,,2025-05-07 08:36:38.040588,2025-05-07 08:36:38.040588
270913,133,2022-03-26,14.9,0,11.5,07:04,18.3,10:32,10,3.1,10,14:00,73,83,00:40,59,08:30,2025-05-07 08:36:38.108311,2025-05-07 08:36:38.108311
270931,133,2022-03-27,16,0,12.2,02:56,19.9,16:32,31,1.9,8.6,18:30,71,81,02:50,50,19:30,2025-05-07 08:36:38.184894,2025-05-07 08:36:38.184894
270949,133,2022-03-28,18.8,0.6,14.1,00:36,23.5,15:13,24,2.5,13.1,12:00,59,91,23:59,43,13:00,2025-05-07 08:36:38.276267,2025-05-07 08:36:38.276267
270967,133,2022-03-29,16.8,0.6,13.9,07:12,19.7,14:04,28,5,12.2,00:10,80,94,05:40,60,16:00,2025-05-07 08:36:38.346603,2025-05-07 08:36:38.346603
270985,133,2022-03-30,17,0.2,14.6,06:42,19.4,15:19,35,2.8,8.3,09:10,81,92,03:10,59,15:30,2025-05-07 08:36:38.424301,2025-05-07 08:36:38.424301
271003,133,2022-03-31,16.4,0,14.4,,18.4,15:56,32,2.8,7.8,16:50,79,85,,71,16:50,2025-05-07 08:36:38.573262,2025-05-07 08:36:38.573262
271021,133,2022-04-01,16.3,0,14.7,07:24,17.9,15:20,99,2.2,6.1,,75,88,04:10,66,14:50,2025-05-07 08:36:38.673444,2025-05-07 08:36:38.673444
271039,133,2022-04-02,16.6,0,14.4,06:40,18.7,13:38,1,1.7,5.8,13:00,66,83,,54,13:00,2025-05-07 08:36:38.756604,2025-05-07 08:36:38.756604
271057,133,2022-04-03,17.5,2.4,12.3,06:22,22.7,16:36,26,1.9,7.8,16:40,68,89,23:59,44,16:30,2025-05-07 08:36:38.830658,2025-05-07 08:36:38.830658
271075,133,2022-04-04,15.8,0.2,13.8,04:53,17.7,13:33,28,5.6,13.1,06:10,73,98,02:40,51,23:40,2025-05-07 08:36:38.891556,2025-05-07 08:36:38.891556
271093,133,2022-04-05,15,0.6,13,06:30,16.9,13:43,31,4.2,10.6,13:10,63,85,08:40,49,04:40,2025-05-07 08:36:38.959348,2025-05-07 08:36:38.959348
271111,133,2022-04-06,15.6,0,13.2,03:45,17.9,10:49,31,3.6,8.9,16:40,64,72,04:10,52,10:50,2025-05-07 08:36:39.027514,2025-05-07 08:36:39.027514
271129,133,2022-04-07,16,0,13.2,02:33,18.7,15:01,33,3.1,8.9,19:00,64,75,18:00,50,11:20,2025-05-07 08:36:39.099871,2025-05-07 08:36:39.099871
271147,133,2022-04-08,16.8,0,14.8,03:46,18.8,14:31,6,3.1,8.9,11:20,65,76,,57,10:20,2025-05-07 08:36:39.167857,2025-05-07 08:36:39.167857
271165,133,2022-04-09,17,0,14.5,05:39,19.4,13:50,34,3.1,8.9,19:40,74,82,20:00,64,13:30,2025-05-07 08:36:39.259473,2025-05-07 08:36:39.259473
271183,133,2022-04-10,15.8,0,11.9,04:43,19.8,16:19,33,2.2,6.9,12:10,75,89,06:10,63,13:20,2025-05-07 08:36:39.328125,2025-05-07 08:36:39.328125
271201,133,2022-04-11,16.3,0,13.8,00:20,18.8,10:05,31,3.9,9.7,17:10,78,89,,64,17:00,2025-05-07 08:36:39.395065,2025-05-07 08:36:39.395065
271219,133,2022-04-12,16.7,0,15,08:40,18.4,12:53,31,4.2,9.4,11:50,75,92,08:50,66,12:50,2025-05-07 08:36:39.482702,2025-05-07 08:36:39.482702
271237,133,2022-04-13,16.8,2.2,15,03:30,18.5,13:06,32,4.7,10.6,18:20,82,99,10:30,76,14:20,2025-05-07 08:36:39.550700,2025-05-07 08:36:39.550700
271255,133,2022-04-14,16.6,0,14.7,06:50,18.6,11:46,30,5,11.4,15:10,75,88,06:50,65,11:30,2025-05-07 08:36:39.647818,2025-05-07 08:36:39.647818
271273,133,2022-04-15,17.4,0,14.8,05:07,20.1,13:11,34,3.6,9.2,15:10,75,87,,67,11:20,2025-05-07 08:36:39.725174,2025-05-07 08:36:39.725174
271291,133,2022-04-16,18.3,0,14.2,06:36,22.4,13:43,28,2.2,6.4,00:10,82,95,,57,23:59,2025-05-07 08:36:39.804606,2025-05-07 08:36:39.804606
271309,133,2022-04-17,23.9,0,17.5,00:06,30.3,12:17,13,1.9,10,11:00,40,66,06:40,21,,2025-05-07 08:36:39.898145,2025-05-07 08:36:39.898145
271327,133,2022-04-18,21,0,17,23:59,24.9,04:48,10,2.5,8.9,06:20,55,89,23:30,25,04:50,2025-05-07 08:36:39.968233,2025-05-07 08:36:39.968233
271345,133,2022-04-19,16.7,0,15,21:51,18.4,13:06,34,2.8,8.3,18:10,80,92,01:50,72,12:40,2025-05-07 08:36:40.070685,2025-05-07 08:36:40.070685
271363,133,2022-04-20,16.4,0,14.6,06:22,18.1,14:59,34,3.9,10,09:30,71,84,01:00,59,14:50,2025-05-07 08:36:40.147601,2025-05-07 08:36:40.147601
271381,133,2022-04-21,16.1,0,13.8,23:51,18.4,14:35,1,3.1,8.3,13:00,76,84,08:50,63,11:40,2025-05-07 08:36:40.225057,2025-05-07 08:36:40.225057
271399,133,2022-04-22,16.2,0,12.4,05:24,20,12:31,34,4.2,10.8,13:10,68,84,02:30,53,,2025-05-07 08:36:40.297594,2025-05-07 08:36:40.297594
271417,133,2022-04-23,16.6,0.8,14,09:27,19.2,13:12,99,3.1,7.8,,75,96,09:30,60,13:20,2025-05-07 08:36:40.368116,2025-05-07 08:36:40.368116
271435,133,2022-04-24,16.9,0,14,23:46,19.8,14:26,33,3.3,10.3,13:20,70,91,06:00,59,14:20,2025-05-07 08:36:40.463407,2025-05-07 08:36:40.463407
271453,133,2022-04-25,17.2,0.2,12.9,05:39,21.4,15:47,30,1.4,11.1,22:40,68,93,21:20,51,16:00,2025-05-07 08:36:40.534458,2025-05-07 08:36:40.534458
271471,133,2022-04-26,17.1,0,15.5,06:35,18.7,12:36,31,5.8,11.9,10:00,74,90,03:50,62,13:30,2025-05-07 08:36:40.614802,2025-05-07 08:36:40.614802
271489,133,2022-04-27,16.6,0,14.1,06:09,19.1,14:17,35,3.6,8.9,13:40,71,84,00:30,59,13:20,2025-05-07 08:36:40.697451,2025-05-07 08:36:40.697451
271507,133,2022-04-28,17.2,0,14.9,03:38,19.6,15:08,32,3.1,8.3,14:50,74,83,03:00,61,11:30,2025-05-07 08:36:40.769931,2025-05-07 08:36:40.769931
271525,133,2022-04-29,17.2,0,15.1,23:40,19.4,13:16,32,3.6,9.4,15:20,71,85,,64,13:00,2025-05-07 08:36:40.852234,2025-05-07 08:36:40.852234
271543,133,2022-04-30,17.8,0,14.9,02:36,20.8,15:22,30,3.3,8.3,13:20,76,88,,58,15:30,2025-05-07 08:36:40.946240,2025-05-07 08:36:40.946240
271561,133,2022-05-01,18.4,0,15.2,06:45,21.5,13:12,32,3.1,9.2,21:20,66,89,00:50,55,07:10,2025-05-07 08:36:41.021907,2025-05-07 08:36:41.021907
271579,133,2022-05-02,17,0,14.7,02:03,19.4,14:48,32,3.3,8.3,18:40,80,91,22:50,68,03:20,2025-05-07 08:36:41.093544,2025-05-07 08:36:41.093544
271597,133,2022-05-03,17.2,0.4,15.2,06:09,19.1,12:32,32,3.6,8.9,12:20,69,92,07:40,61,12:30,2025-05-07 08:36:41.175624,2025-05-07 08:36:41.175624
271615,133,2022-05-04,17.1,0,14.1,06:28,20.1,13:03,33,3.1,8.9,10:40,74,96,06:40,51,13:00,2025-05-07 08:36:41.261339,2025-05-07 08:36:41.261339
271633,133,2022-05-05,17.5,0,15.2,,19.8,14:41,8,3.1,6.7,13:00,70,88,23:40,57,09:50,2025-05-07 08:36:41.342910,2025-05-07 08:36:41.342910
271651,133,2022-05-06,17.6,0,14.3,06:53,21,15:53,30,2.8,7.5,21:40,77,88,00:00,67,11:50,2025-05-07 08:36:41.412952,2025-05-07 08:36:41.412952
271669,133,2022-05-07,18.2,0,15.1,06:36,21.2,14:20,28,3.3,7.5,01:40,82,90,23:00,72,12:00,2025-05-07 08:36:41.497687,2025-05-07 08:36:41.497687
271687,133,2022-05-08,18.2,0,15.7,04:51,20.7,,31,3.3,8.3,14:10,84,95,04:30,73,12:40,2025-05-07 08:36:41.594991,2025-05-07 08:36:41.594991
271705,133,2022-05-09,19.3,0,15.3,05:39,23.3,15:56,31,1.9,6.4,09:30,82,98,,65,23:59,2025-05-07 08:36:41.695555,2025-05-07 08:36:41.695555
271723,133,2022-05-10,25.5,1.6,18.5,00:01,32.5,11:45,18,2.2,10.8,06:10,42,76,23:40,28,10:50,2025-05-07 08:36:41.769948,2025-05-07 08:36:41.769948
271741,133,2022-05-11,20.4,0.4,17.8,,22.9,13:16,99,2.2,6.4,20:50,86,98,08:10,71,00:40,2025-05-07 08:36:41.846132,2025-05-07 08:36:41.846132
271759,133,2022-05-12,19.2,0,17.2,06:47,21.3,,32,4.4,10.8,17:20,78,95,04:00,64,15:50,2025-05-07 08:36:41.918768,2025-05-07 08:36:41.918768
271777,133,2022-05-13,19.6,0,16.7,,22.6,14:42,28,2.2,6.4,04:00,75,93,01:50,64,14:20,2025-05-07 08:36:41.985543,2025-05-07 08:36:41.985543
271795,133,2022-05-14,18.2,0,16,23:55,20.5,17:23,99,2.5,7.5,18:30,78,93,07:30,65,18:10,2025-05-07 08:36:42.053242,2025-05-07 08:36:42.053242
271813,133,2022-05-15,18.8,0,14.6,06:06,23,15:28,6,1.9,6.9,14:20,69,89,07:10,50,17:50,2025-05-07 08:36:42.128189,2025-05-07 08:36:42.128189
271831,133,2022-05-16,18.8,0,15,05:55,22.7,15:10,30,2.5,7.8,21:00,73,89,02:40,63,15:10,2025-05-07 08:36:42.190323,2025-05-07 08:36:42.190323
271849,133,2022-05-17,19.2,0,16.2,05:31,22.1,14:01,32,3.3,7.8,19:50,76,88,05:40,62,15:00,2025-05-07 08:36:42.257629,2025-05-07 08:36:42.257629
271867,133,2022-05-18,20.3,0,17.8,,22.8,12:57,99,3.6,8.3,,74,91,20:40,63,12:20,2025-05-07 08:36:42.339498,2025-05-07 08:36:42.339498
271885,133,2022-05-19,19.8,0,17.1,05:43,22.4,14:04,34,4.2,11.1,11:20,80,92,01:40,68,,2025-05-07 08:36:42.433532,2025-05-07 08:36:42.433532
271903,133,2022-05-20,19.5,0,17.1,06:00,21.9,11:24,32,4.4,10.6,10:30,80,92,,60,12:00,2025-05-07 08:36:42.515365,2025-05-07 08:36:42.515365
271920,133,2022-05-21,19.1,0,17,,21.2,14:04,31,4.4,9.2,02:00,74,90,00:30,65,13:20,2025-05-07 08:36:42.711976,2025-05-07 08:36:42.711976
271938,133,2022-05-22,18.8,0,16.8,04:04,20.7,15:16,32,4.2,9.4,17:10,78,86,03:40,68,16:50,2025-05-07 08:36:42.817472,2025-05-07 08:36:42.817472
271956,133,2022-05-23,19.4,0,17.3,04:48,21.4,13:16,32,4.7,9.7,15:00,74,87,02:40,65,12:50,2025-05-07 08:36:42.923106,2025-05-07 08:36:42.923106
271974,133,2022-05-24,18.8,1,16.9,,20.6,13:30,1,2.5,8.6,15:20,78,95,11:10,68,16:20,2025-05-07 08:36:42.997075,2025-05-07 08:36:42.997075
271992,133,2022-05-25,18.3,0,17,01:00,19.6,11:17,34,1.9,7.2,12:00,76,86,03:20,65,10:50,2025-05-07 08:36:43.084697,2025-05-07 08:36:43.084697
272010,133,2022-05-26,19.2,0,16.5,01:55,21.8,14:04,36,3.1,7.8,16:20,65,83,23:59,57,13:00,2025-05-07 08:36:43.179363,2025-05-07 08:36:43.179363
272028,133,2022-05-27,19,0,16.4,03:37,21.7,13:08,99,3.3,10,,73,85,,57,13:20,2025-05-07 08:36:43.272654,2025-05-07 08:36:43.272654
272046,133,2022-05-28,19.5,0,17.1,02:10,21.9,11:25,34,3.3,8.9,,70,84,05:30,59,11:00,2025-05-07 08:36:43.338305,2025-05-07 08:36:43.338305
272064,133,2022-05-29,19.1,0,16.9,06:05,21.3,10:41,34,1.4,7.5,02:00,72,88,,60,09:50,2025-05-07 08:36:43.418836,2025-05-07 08:36:43.418836
272082,133,2022-05-30,19.8,0,16.7,06:33,22.8,13:39,34,1.7,6.1,14:40,75,93,,66,09:00,2025-05-07 08:36:43.500039,2025-05-07 08:36:43.500039
272100,133,2022-05-31,20.3,0,16.8,05:44,23.8,15:50,7,1.9,7.2,13:10,75,88,,64,12:50,2025-05-07 08:36:43.582429,2025-05-07 08:36:43.582429
272118,133,2022-06-01,19.8,0,17.4,24:00,22.1,15:49,30,3.1,6.4,17:20,73,95,04:20,53,15:50,2025-05-07 08:36:43.682613,2025-05-07 08:36:43.682613
272136,133,2022-06-02,19.4,0,16.7,03:20,22.2,14:44,32,4.4,10.3,15:30,76,86,06:50,57,13:20,2025-05-07 08:36:43.768349,2025-05-07 08:36:43.768349
272154,133,2022-06-03,19.6,0,17.6,05:55,21.7,13:41,32,4.4,9.4,17:20,73,87,04:10,62,13:30,2025-05-07 08:36:43.856391,2025-05-07 08:36:43.856391
272172,133,2022-06-04,19.5,0,17.2,03:31,21.8,15:58,99,3.6,8.3,16:50,72,90,03:40,60,12:10,2025-05-07 08:36:43.936361,2025-05-07 08:36:43.936361
272190,133,2022-06-05,19.4,0,16.7,04:29,22,14:12,34,3.9,9.4,16:30,73,89,01:40,61,14:10,2025-05-07 08:36:44.020705,2025-05-07 08:36:44.020705
272208,133,2022-06-06,19.2,0,17.8,05:22,20.6,13:19,34,3.6,8.9,10:20,74,82,,67,11:40,2025-05-07 08:36:44.107561,2025-05-07 08:36:44.107561
272226,133,2022-06-07,19.8,0,17.5,,22.2,14:15,27,3.6,8.9,15:20,76,87,20:40,70,,2025-05-07 08:36:44.184799,2025-05-07 08:36:44.184799
272244,133,2022-06-08,20.8,0,17.8,,23.9,15:57,31,3.1,7.2,12:30,74,90,23:59,54,16:40,2025-05-07 08:36:44.254294,2025-05-07 08:36:44.254294
272262,133,2022-06-09,20.8,0,18.4,06:20,23.2,12:44,30,4.2,9.2,18:20,80,96,23:40,69,14:00,2025-05-07 08:36:44.321990,2025-05-07 08:36:44.321990
272280,133,2022-06-10,20,0,17.8,04:49,22.3,15:15,32,5.8,12.5,16:40,77,96,00:00,69,14:30,2025-05-07 08:36:44.405865,2025-05-07 08:36:44.405865
272298,133,2022-06-11,19.5,0,17.8,07:10,21.2,14:47,35,4.7,12.2,13:10,88,98,03:30,79,13:50,2025-05-07 08:36:44.485022,2025-05-07 08:36:44.485022
272316,133,2022-06-12,19.8,0,17.9,04:40,21.8,13:49,99,5,10,,86,96,03:30,73,13:50,2025-05-07 08:37:47.011730,2025-05-07 08:37:47.011730
272334,133,2022-06-13,20.2,0.6,17.6,04:44,22.7,13:41,32,4.4,9.2,12:40,81,96,06:10,70,14:20,2025-05-07 08:37:47.132135,2025-05-07 08:37:47.132135
272352,133,2022-06-14,20.2,0,18,05:44,22.5,12:17,30,3.6,10.3,09:00,79,93,03:50,65,17:10,2025-05-07 08:37:47.236091,2025-05-07 08:37:47.236091
272370,133,2022-06-15,20.1,0,17,04:51,23.2,14:22,32,4.2,10.3,18:20,66,86,,53,15:00,2025-05-07 08:37:47.333312,2025-05-07 08:37:47.333312
272388,133,2022-06-16,20.6,0,18,02:38,23.2,12:52,32,3.9,8.6,01:50,69,87,,58,11:30,2025-05-07 08:37:47.469968,2025-05-07 08:37:47.469968
272406,133,2022-06-17,20.4,0,18.1,02:52,22.6,12:15,31,4.2,10.3,17:10,76,87,20:00,64,13:00,2025-05-07 08:37:47.587157,2025-05-07 08:37:47.587157
272424,133,2022-06-18,20.4,0,18.4,,22.5,13:30,36,4.2,9.7,11:20,76,87,00:20,65,14:10,2025-05-07 08:37:47.661593,2025-05-07 08:37:47.661593
272442,133,2022-06-19,20.3,0.4,18.1,06:09,22.5,11:44,32,3.9,9.2,15:50,85,97,18:40,69,11:50,2025-05-07 08:37:47.738761,2025-05-07 08:37:47.738761
272460,133,2022-06-20,20.4,0.6,18.3,05:13,22.5,15:08,30,2.8,8.6,12:40,82,96,08:10,68,14:10,2025-05-07 08:37:47.834140,2025-05-07 08:37:47.834140
272478,133,2022-06-21,19.2,0,17.9,23:58,20.6,09:53,30,2.5,7.5,17:20,79,94,03:00,65,17:50,2025-05-07 08:37:47.937478,2025-05-07 08:37:47.937478
272496,133,2022-06-22,18.9,0,17.3,05:03,20.5,12:23,32,3.1,8.3,13:40,75,87,,65,15:10,2025-05-07 08:37:48.026460,2025-05-07 08:37:48.026460
272514,133,2022-06-23,19.4,0,16.3,06:22,22.6,12:34,32,3.9,8.9,13:30,66,84,04:50,54,12:20,2025-05-07 08:37:48.103920,2025-05-07 08:37:48.103920
272532,133,2022-06-24,20,0,17.7,,22.4,11:25,32,3.6,10,15:20,76,90,06:20,62,11:20,2025-05-07 08:37:48.173437,2025-05-07 08:37:48.173437
272550,133,2022-06-25,20.4,1,18.1,04:05,22.6,15:37,34,5.3,10.6,17:50,84,88,,60,15:30,2025-05-07 08:37:48.239188,2025-05-07 08:37:48.239188
272568,133,2022-06-26,19.7,0.4,16.9,04:03,22.5,14:01,29,4.7,10.3,00:50,77,98,04:00,57,12:00,2025-05-07 08:37:48.342989,2025-05-07 08:37:48.342989
272586,133,2022-06-27,20.3,0,17.5,02:29,23.1,14:36,32,3.6,9.7,15:00,70,88,22:00,55,11:30,2025-05-07 08:37:48.429729,2025-05-07 08:37:48.429729
272604,133,2022-06-28,20.2,0,17.7,01:02,22.6,13:36,35,4.7,10.8,19:20,69,87,00:50,52,12:00,2025-05-07 08:37:48.516397,2025-05-07 08:37:48.516397
272622,133,2022-06-29,20.1,0,17.9,,22.3,15:21,33,4.7,10.8,14:50,69,84,23:50,56,15:20,2025-05-07 08:37:48.603258,2025-05-07 08:37:48.603258
272640,133,2022-06-30,19.4,0.2,17,07:11,21.7,13:54,32,4.7,10,12:40,80,97,07:10,61,14:20,2025-05-07 08:37:48.675394,2025-05-07 08:37:48.675394
272658,133,2022-07-01,18.8,3.2,16.3,07:23,21.4,15:18,34,4.7,9.2,12:20,82,96,07:20,63,16:20,2025-05-07 08:37:48.745318,2025-05-07 08:37:48.745318
272675,133,2022-07-02,19.8,0.4,16.9,01:14,22.6,14:20,32,4.2,9.2,12:50,81,99,02:40,61,14:30,2025-05-07 08:37:48.807590,2025-05-07 08:37:48.807590
272691,133,2022-07-03,20.5,0,18.2,08:12,22.8,14:26,33,3.3,8.1,15:30,80,95,08:40,61,13:50,2025-05-07 08:37:48.891898,2025-05-07 08:37:48.891898
272708,133,2022-07-04,20.4,0,18.1,04:00,22.6,13:05,34,3.9,8.6,19:10,74,92,00:00,64,12:50,2025-05-07 08:37:48.986757,2025-05-07 08:37:48.986757
272725,133,2022-07-05,20.4,0,18.1,07:04,22.8,14:02,33,3.6,8.6,14:50,77,93,07:00,63,12:50,2025-05-07 08:37:49.071067,2025-05-07 08:37:49.071067
272743,133,2022-07-06,19.9,0,18.4,04:42,21.4,12:01,34,4.2,9.7,19:10,75,82,08:30,70,16:00,2025-05-07 08:37:49.165283,2025-05-07 08:37:49.165283
272761,133,2022-07-07,19.9,0,18,04:07,21.8,13:29,33,5.6,11.4,15:20,79,87,,68,13:30,2025-05-07 08:37:49.250349,2025-05-07 08:37:49.250349
272779,133,2022-07-08,20.7,0,18.2,05:02,23.2,15:09,29,6.1,11.9,11:20,82,95,22:10,72,15:10,2025-05-07 08:37:49.327822,2025-05-07 08:37:49.327822
272797,133,2022-07-09,22.5,0,18.9,03:40,26.1,13:49,28,5.3,12.5,08:20,82,96,,63,13:50,2025-05-07 08:37:49.427728,2025-05-07 08:37:49.427728
272815,133,2022-07-10,24.4,0,19.2,00:12,29.5,14:23,30,4.7,11.7,09:10,64,96,04:40,40,14:30,2025-05-07 08:37:49.499670,2025-05-07 08:37:49.499670
272833,133,2022-07-11,21.7,0,19.1,03:56,24.3,10:44,34,5.6,12.8,22:00,74,95,,57,06:40,2025-05-07 08:37:49.586545,2025-05-07 08:37:49.586545
272851,133,2022-07-12,21.2,0,18.9,04:38,23.4,12:17,99,4.2,10.8,,76,87,01:00,62,,2025-05-07 08:37:49.675841,2025-05-07 08:37:49.675841
272869,133,2022-07-13,20.9,0,18.1,,23.7,14:24,30,3.6,9.2,19:10,71,84,,58,14:30,2025-05-07 08:37:49.784719,2025-05-07 08:37:49.784719
272887,133,2022-07-14,21.2,0,18.8,03:04,23.7,13:37,32,4.4,10.3,19:30,75,85,,67,,2025-05-07 08:37:49.872755,2025-05-07 08:37:49.872755
272905,133,2022-07-15,21.2,0,19,06:01,23.3,14:22,32,4.7,9.7,15:40,77,86,02:50,68,14:00,2025-05-07 08:37:49.940380,2025-05-07 08:37:49.940380
272923,133,2022-07-16,20.9,0,19.1,04:49,22.7,16:18,99,4.7,10,21:50,84,89,,73,16:20,2025-05-07 08:37:50.024836,2025-05-07 08:37:50.024836
272941,133,2022-07-17,20.7,0,19,06:44,22.4,12:09,30,4.7,10.3,02:20,83,93,13:30,75,15:20,2025-05-07 08:37:50.100403,2025-05-07 08:37:50.100403
272959,133,2022-07-18,21.5,0,19.4,,23.6,13:29,32,4.7,10,12:50,79,89,03:00,69,11:40,2025-05-07 08:37:50.172758,2025-05-07 08:37:50.172758
272977,133,2022-07-19,21.6,0,19.2,05:50,23.9,14:15,32,4.2,9.4,17:00,81,91,21:50,71,,2025-05-07 08:37:50.255559,2025-05-07 08:37:50.255559
272995,133,2022-07-20,22.2,0,19.5,05:55,24.9,15:00,29,4.4,8.6,20:10,83,93,06:30,67,02:00,2025-05-07 08:37:50.353736,2025-05-07 08:37:50.353736
273013,133,2022-07-21,22.4,0,19.8,06:30,24.9,13:09,33,4.4,9.7,14:30,80,92,23:20,65,02:30,2025-05-07 08:37:50.424953,2025-05-07 08:37:50.424953
273031,133,2022-07-22,21,0.2,19.2,06:10,22.8,12:35,27,4.2,8.6,02:40,88,98,23:30,79,12:30,2025-05-07 08:37:50.501438,2025-05-07 08:37:50.501438
273049,133,2022-07-23,25.6,0,20,00:04,31.1,18:11,8,1.1,6.7,14:20,71,100,02:30,38,18:10,2025-05-07 08:37:50.593521,2025-05-07 08:37:50.593521
273067,133,2022-07-24,29.2,0,22.7,23:37,35.7,13:58,31,3.1,7.8,22:20,43,76,22:30,19,14:10,2025-05-07 08:37:50.676264,2025-05-07 08:37:50.676264
273085,133,2022-07-25,25.7,0,21.7,05:54,29.7,17:10,28,3.1,8.3,02:30,71,84,08:50,49,17:00,2025-05-07 08:37:50.764547,2025-05-07 08:37:50.764547
273103,133,2022-07-26,26.8,0,23.2,07:22,30.5,13:58,35,1.9,5.3,17:40,57,73,07:40,33,,2025-05-07 08:37:50.841831,2025-05-07 08:37:50.841831
273121,133,2022-07-27,24.6,0,20.5,23:42,28.8,11:28,32,4.2,10.6,18:20,59,89,22:40,26,01:20,2025-05-07 08:37:50.911461,2025-05-07 08:37:50.911461
273139,133,2022-07-28,21.8,0,20,05:37,23.5,13:36,32,5.3,11.1,04:40,75,88,,65,13:30,2025-05-07 08:37:50.986417,2025-05-07 08:37:50.986417
273157,133,2022-07-29,21,1.2,19.5,02:57,22.6,13:04,32,4.7,9.2,10:00,86,98,,78,14:00,2025-05-07 08:37:51.070917,2025-05-07 08:37:51.070917
273175,133,2022-07-30,21.9,0,20.1,,23.7,12:37,34,5.3,9.7,10:40,80,89,23:40,71,12:20,2025-05-07 08:37:51.143445,2025-05-07 08:37:51.143445
273193,133,2022-07-31,21.3,0,19.9,05:40,22.7,14:16,32,3.9,11.1,17:10,85,90,,78,13:30,2025-05-07 08:37:51.273448,2025-05-07 08:37:51.273448
273211,133,2022-08-01,22,0,20,,23.9,15:09,30,5.3,10.8,17:00,85,94,,75,,2025-05-07 08:37:51.348846,2025-05-07 08:37:51.348846
273229,133,2022-08-02,22,0,19.7,02:25,24.4,13:55,31,5,11.4,14:20,85,97,05:40,75,14:00,2025-05-07 08:37:51.423277,2025-05-07 08:37:51.423277
273247,133,2022-08-03,21.7,0,19.2,,24.2,12:40,27,4.4,10,00:20,84,97,06:50,73,12:40,2025-05-07 08:37:51.504654,2025-05-07 08:37:51.504654
273265,133,2022-08-04,21.4,0,19.7,00:01,23.1,14:03,30,4.2,9.4,19:20,80,90,,74,15:10,2025-05-07 08:37:51.593111,2025-05-07 08:37:51.593111
273283,133,2022-08-05,22,0,19.7,,24.2,13:58,30,4.7,9.7,16:10,80,88,,71,12:30,2025-05-07 08:37:51.675510,2025-05-07 08:37:51.675510
273301,133,2022-08-06,22,0,19.5,02:59,24.4,13:52,36,3.1,8.1,17:50,81,90,,71,13:10,2025-05-07 08:37:51.751227,2025-05-07 08:37:51.751227
273319,133,2022-08-07,22.3,0,19.3,06:09,25.3,14:21,33,3.1,7.2,20:00,80,92,01:10,67,15:20,2025-05-07 08:37:51.838510,2025-05-07 08:37:51.838510
273337,133,2022-08-08,22.2,0,19.5,,24.9,13:17,32,2.8,7.5,23:10,79,92,04:00,67,13:20,2025-05-07 08:37:51.915545,2025-05-07 08:37:51.915545
273355,133,2022-08-09,21.7,0,19.7,06:33,23.7,14:56,33,3.3,8.9,14:10,77,87,,69,,2025-05-07 08:37:51.980519,2025-05-07 08:37:51.980519
273373,133,2022-08-10,21.8,0,19.7,,23.8,12:59,36,4.4,11.4,11:50,73,86,01:30,65,14:30,2025-05-07 08:37:52.061573,2025-05-07 08:37:52.061573
273391,133,2022-08-11,21.6,0,19.3,06:27,24,11:53,33,4.2,10.6,17:00,77,87,05:40,63,12:40,2025-05-07 08:37:52.131963,2025-05-07 08:37:52.131963
273409,133,2022-08-12,21.2,0,18.9,04:25,23.6,14:57,33,4.4,9.4,11:00,79,89,01:10,64,14:50,2025-05-07 08:37:52.206309,2025-05-07 08:37:52.206309
273427,133,2022-08-13,21.9,0,19.9,04:49,23.9,12:46,33,4.7,9.4,13:40,76,89,,66,12:40,2025-05-07 08:37:52.301025,2025-05-07 08:37:52.301025
273445,133,2022-08-14,22.2,0,19.7,02:40,24.6,13:01,30,3.3,8.1,17:20,79,91,22:40,69,14:00,2025-05-07 08:37:52.371330,2025-05-07 08:37:52.371330
273463,133,2022-08-15,21.8,0,20.1,07:01,23.6,14:11,34,4.2,9.7,13:20,83,92,07:20,72,14:00,2025-05-07 08:37:52.448825,2025-05-07 08:37:52.448825
273481,133,2022-08-16,22.4,0,19.7,03:25,25.1,12:51,33,4.7,9.4,14:40,77,92,03:00,66,12:50,2025-05-07 08:37:52.523742,2025-05-07 08:37:52.523742
273499,133,2022-08-17,22,0.8,19.8,23:26,24.3,13:18,33,2.8,8.3,11:20,79,96,,63,12:20,2025-05-07 08:37:52.595959,2025-05-07 08:37:52.595959
273517,133,2022-08-18,21.2,0,19.2,04:51,23.3,14:18,30,2.8,8.9,16:10,80,91,05:50,64,14:20,2025-05-07 08:37:52.663105,2025-05-07 08:37:52.663105
273535,133,2022-08-19,21.4,0,19.5,04:15,23.3,13:01,99,3.3,9.2,,80,90,,68,12:10,2025-05-07 08:37:52.737055,2025-05-07 08:37:52.737055
273553,133,2022-08-20,22.6,0,19.6,04:30,25.5,15:52,32,3.6,6.9,04:10,71,94,,19,23:30,2025-05-07 08:37:52.823789,2025-05-07 08:37:52.823789
273571,133,2022-08-21,27.2,0,21.9,,32.4,15:46,30,4.4,9.2,18:30,74,89,07:40,18,03:40,2025-05-07 08:37:52.913733,2025-05-07 08:37:52.913733
273589,133,2022-08-22,23.2,0,20.5,23:04,25.8,00:53,33,4.2,8.9,15:10,84,93,,35,00:00,2025-05-07 08:37:53.011511,2025-05-07 08:37:53.011511
273606,133,2022-08-23,22.4,0.4,19.8,06:29,25.1,14:22,32,4.2,8.6,17:20,80,98,20:30,70,14:00,2025-05-07 08:37:53.083439,2025-05-07 08:37:53.083439
273623,133,2022-08-24,21.1,0,19.5,06:03,22.7,15:07,33,3.6,8.3,20:50,88,99,,79,14:40,2025-05-07 08:37:53.165744,2025-05-07 08:37:53.165744
273641,133,2022-08-25,21.8,0,19.6,04:55,23.9,13:11,30,4.2,9.7,18:10,82,91,01:50,73,13:10,2025-05-07 08:37:53.269817,2025-05-07 08:37:53.269817
273659,133,2022-08-26,21.6,0,19.9,,23.3,12:47,34,4.4,9.7,16:30,77,88,,68,15:00,2025-05-07 08:37:53.354094,2025-05-07 08:37:53.354094
273677,133,2022-08-27,21.6,0,19.1,07:02,24.1,13:26,31,3.3,8.6,14:30,77,89,02:10,58,14:30,2025-05-07 08:37:53.435131,2025-05-07 08:37:53.435131
273695,133,2022-08-28,21.4,0,19.1,,23.7,12:25,32,4.2,8.3,13:00,67,83,05:40,52,14:10,2025-05-07 08:37:53.513725,2025-05-07 08:37:53.513725
273713,133,2022-08-29,20.8,0,18,05:36,23.5,12:53,30,1.9,7.5,19:50,75,84,,64,11:30,2025-05-07 08:37:53.589026,2025-05-07 08:37:53.589026
273731,133,2022-08-30,21.7,0,19.3,05:03,24.1,15:45,33,1.9,6.9,19:20,87,94,,78,,2025-05-07 08:37:53.677328,2025-05-07 08:37:53.677328
273749,133,2022-08-31,22.1,2.8,20.8,23:42,23.4,05:00,32,2.5,8.9,14:40,95,100,,76,04:50,2025-05-07 08:37:53.777142,2025-05-07 08:37:53.777142
273767,133,2022-09-01,22.8,0,20.8,00:06,24.7,17:50,28,2.8,8.1,07:00,83,99,07:40,49,18:40,2025-05-07 08:37:53.848680,2025-05-07 08:37:53.848680
273785,133,2022-09-02,23.8,0,21,23:52,26.5,11:51,28,2.5,7.8,18:50,77,94,21:50,57,11:20,2025-05-07 08:37:53.927440,2025-05-07 08:37:53.927440
273803,133,2022-09-03,22,0,20.2,23:53,23.8,12:11,29,3.1,7.8,03:40,85,94,,75,13:40,2025-05-07 08:37:54.003851,2025-05-07 08:37:54.003851
273821,133,2022-09-04,21.6,0,19.5,,23.8,16:02,99,2.5,6.4,,83,94,,70,16:20,2025-05-07 08:37:54.082562,2025-05-07 08:37:54.082562
273839,133,2022-09-05,22.2,0,20.1,,24.3,14:25,99,2.5,6.4,,79,92,01:40,70,13:00,2025-05-07 08:37:54.154405,2025-05-07 08:37:54.154405
273857,133,2022-09-06,22,0,19.9,04:04,24.1,13:04,35,2.8,8.6,13:10,81,92,05:40,70,13:30,2025-05-07 08:37:54.240548,2025-05-07 08:37:54.240548
273874,133,2022-09-07,21.8,0,19.7,06:06,23.9,13:34,31,3.9,8.9,20:30,82,92,19:30,69,13:40,2025-05-07 08:37:54.313935,2025-05-07 08:37:54.313935
273891,133,2022-09-08,22,0,20,01:52,24,15:59,32,3.9,8.9,12:30,83,90,03:30,72,16:00,2025-05-07 08:37:54.377178,2025-05-07 08:37:54.377178
273909,133,2022-09-09,22.2,0,20.1,05:04,24.4,12:18,33,3.3,9.4,12:50,81,92,23:00,68,12:20,2025-05-07 08:37:54.471581,2025-05-07 08:37:54.471581
273927,133,2022-09-10,22.6,0,21,23:04,24.2,13:27,32,3.6,8.9,16:20,79,89,00:00,71,13:20,2025-05-07 08:37:54.539625,2025-05-07 08:37:54.539625
273945,133,2022-09-11,23.4,0,20.5,06:39,26.2,12:25,34,2.8,8.9,15:30,79,97,06:50,65,12:30,2025-05-07 08:37:54.626356,2025-05-07 08:37:54.626356
273963,133,2022-09-12,23.8,0,20,05:36,27.5,12:11,27,1.4,6.7,22:10,73,90,,63,,2025-05-07 08:37:54.692893,2025-05-07 08:37:54.692893
273981,133,2022-09-13,22.6,0,20.8,,24.4,11:43,35,3.6,8.1,13:20,82,93,,72,12:40,2025-05-07 08:37:54.789154,2025-05-07 08:37:54.789154
273999,133,2022-09-14,22.8,0,20.5,01:27,25,,32,5,11.1,17:00,82,96,07:30,70,11:40,2025-05-07 08:37:54.867655,2025-05-07 08:37:54.867655
274017,133,2022-09-15,21.9,0,20.2,05:58,23.6,11:36,31,4.2,10,18:50,80,92,22:50,70,11:30,2025-05-07 08:37:54.947090,2025-05-07 08:37:54.947090
274035,133,2022-09-16,22.6,0,21,,24.3,14:15,31,5.6,12.8,17:30,86,96,03:30,71,11:30,2025-05-07 08:37:55.017409,2025-05-07 08:37:55.017409
274053,133,2022-09-17,22.7,0,21,,24.4,15:04,29,5.6,12.8,17:00,83,94,00:00,72,15:20,2025-05-07 08:37:55.091087,2025-05-07 08:37:55.091087
274071,133,2022-09-18,23,0,20.5,23:51,25.5,13:16,31,3.3,9.2,13:30,78,96,04:50,64,11:00,2025-05-07 08:37:55.185974,2025-05-07 08:37:55.185974
274089,133,2022-09-19,21.8,6.2,18.8,06:01,24.7,10:27,7,1.1,6.4,11:10,81,94,23:40,72,10:40,2025-05-07 08:37:55.250358,2025-05-07 08:37:55.250358
274106,133,2022-09-20,21.6,0,18.4,07:02,24.9,12:17,7,2.2,6.1,13:20,81,93,,68,12:20,2025-05-07 08:37:55.339324,2025-05-07 08:37:55.339324
274123,133,2022-09-21,21.9,0,19.2,02:24,24.6,15:32,6,2.2,7.2,13:10,81,91,,62,16:20,2025-05-07 08:37:55.410400,2025-05-07 08:37:55.410400
274141,133,2022-09-22,22.2,0,19.9,05:48,24.6,13:57,8,1.4,6.7,15:20,81,91,,63,13:40,2025-05-07 08:37:55.482544,2025-05-07 08:37:55.482544
274159,133,2022-09-23,22.4,0.2,20.6,03:36,24.3,12:07,32,2.5,7.2,14:10,79,91,02:30,67,09:50,2025-05-07 08:37:55.555479,2025-05-07 08:37:55.555479
274177,133,2022-09-24,20.4,48.8,19.6,10:07,21.2,00:19,99,1.4,5.3,,95,99,,83,00:10,2025-05-07 08:37:55.631991,2025-05-07 08:37:55.631991
274195,133,2022-09-25,20,108,19.4,,20.5,00:01,99,1.4,6.7,21:50,99,100,,95,02:00,2025-05-07 08:37:55.710010,2025-05-07 08:37:55.710010
274213,133,2022-09-26,19.6,18.6,18.8,03:07,20.3,12:19,11,1.7,8.6,01:30,98,100,,93,12:30,2025-05-07 08:37:55.782024,2025-05-07 08:37:55.782024
274231,133,2022-09-27,20.3,0.2,18.6,01:01,22,13:12,10,1.7,7.2,12:50,84,99,05:40,73,13:10,2025-05-07 08:37:55.890561,2025-05-07 08:37:55.890561
274249,133,2022-09-28,21.1,0,19.5,,22.7,14:22,7,2.2,6.4,14:20,83,91,,72,14:00,2025-05-07 08:37:55.979144,2025-05-07 08:37:55.979144
274267,133,2022-09-29,20.7,0.8,18.5,06:40,22.9,12:54,32,3.3,10.3,23:10,84,97,06:40,70,12:10,2025-05-07 08:37:56.062254,2025-05-07 08:37:56.062254
274285,133,2022-09-30,20.2,2,18.5,04:42,21.8,13:06,31,4.4,10,11:10,86,96,16:10,71,,2025-05-07 08:37:56.132281,2025-05-07 08:37:56.132281
274303,133,2022-10-01,20.4,0,18.4,07:02,22.3,11:32,99,3.1,8.3,,83,92,06:50,66,11:20,2025-05-07 08:37:56.223584,2025-05-07 08:37:56.223584
274321,133,2022-10-02,21.2,0,18.1,07:19,24.3,12:07,7,1.7,5.3,12:40,84,93,,71,12:10,2025-05-07 08:37:56.328356,2025-05-07 08:37:56.328356
274339,133,2022-10-03,22.6,0,18.2,07:08,27,12:37,8,1.7,5.6,15:40,76,94,,52,12:30,2025-05-07 08:37:56.407003,2025-05-07 08:37:56.407003
274357,133,2022-10-04,23.2,1,18.9,06:06,27.5,13:04,8,0.8,5.8,11:20,56,91,00:00,36,13:20,2025-05-07 08:37:56.474539,2025-05-07 08:37:56.474539
274375,133,2022-10-05,23.1,0,20.1,,26.1,15:17,28,1.9,7.2,20:50,70,93,22:00,44,15:00,2025-05-07 08:37:56.557011,2025-05-07 08:37:56.557011
274393,133,2022-10-06,21,0,19.7,23:02,22.3,13:22,33,4.4,10,17:00,81,94,07:20,68,16:00,2025-05-07 08:37:56.650417,2025-05-07 08:37:56.650417
274411,133,2022-10-07,21,0,19.5,04:42,22.6,12:15,32,4.7,11.7,13:50,84,93,,76,13:00,2025-05-07 08:37:56.723922,2025-05-07 08:37:56.723922
274429,133,2022-10-08,21,0,20.2,05:30,21.9,10:18,35,3.9,10.3,10:20,88,93,,80,10:20,2025-05-07 08:37:56.820549,2025-05-07 08:37:56.820549
274447,133,2022-10-09,21,0,20,06:04,22.1,12:27,34,2.2,6.9,09:30,88,94,06:30,78,11:50,2025-05-07 08:37:56.896147,2025-05-07 08:37:56.896147
274465,133,2022-10-10,20.8,0.4,18.8,23:50,22.8,14:29,34,2.5,7.5,12:40,80,93,02:50,70,13:00,2025-05-07 08:37:56.967029,2025-05-07 08:37:56.967029
274483,133,2022-10-11,20,1.6,18.1,,22,12:51,32,3.3,7.8,14:00,90,97,08:30,82,00:00,2025-05-07 08:37:57.036042,2025-05-07 08:37:57.036042
274501,133,2022-10-12,19.8,0,18,04:23,21.7,14:52,32,4.7,10,14:10,85,91,23:00,67,03:00,2025-05-07 08:37:57.118780,2025-05-07 08:37:57.118780
274519,133,2022-10-13,20.2,1.2,18.8,04:48,21.7,13:29,34,3.6,9.4,14:20,87,95,22:40,81,11:50,2025-05-07 08:37:57.202349,2025-05-07 08:37:57.202349
274537,133,2022-10-14,21,0,19.9,03:47,22.1,11:41,34,3.9,9.2,09:40,94,95,08:00,86,01:50,2025-05-07 08:37:57.273356,2025-05-07 08:37:57.273356
274555,133,2022-10-15,21.2,0,19.5,07:31,23,11:36,32,2.2,6.1,18:00,86,94,,76,,2025-05-07 08:37:57.366049,2025-05-07 08:37:57.366049
274573,133,2022-10-16,20.4,0,17.1,06:32,23.7,12:49,31,2.2,6.7,13:20,82,95,00:20,67,13:40,2025-05-07 08:37:57.475094,2025-05-07 08:37:57.475094
274591,133,2022-10-17,20.3,0,16.7,07:14,23.9,13:18,99,2.2,5.8,,76,92,,63,12:30,2025-05-07 08:37:57.557892,2025-05-07 08:37:57.557892
274609,133,2022-10-18,21.1,0,18.4,03:37,23.8,14:37,27,2.8,7.8,07:00,85,94,04:50,63,14:00,2025-05-07 08:37:57.645998,2025-05-07 08:37:57.645998
274627,133,2022-10-19,21.1,0,18.5,00:43,23.7,12:39,33,2.8,6.4,13:40,87,94,,63,11:50,2025-05-07 08:37:57.714491,2025-05-07 08:37:57.714491
274645,133,2022-10-20,20.8,0,17.3,07:29,24.2,13:23,31,1.4,5.6,17:00,85,97,07:00,68,12:50,2025-05-07 08:37:57.777141,2025-05-07 08:37:57.777141
274663,133,2022-10-21,21,0,17.3,,24.6,12:39,28,2.2,6.7,19:20,82,92,01:10,63,11:50,2025-05-07 08:37:57.845183,2025-05-07 08:37:57.845183
274681,133,2022-10-22,20.8,0,17.7,06:40,23.8,13:33,1,2.8,7.8,13:40,84,93,,71,11:30,2025-05-07 08:37:57.914796,2025-05-07 08:37:57.914796
274699,133,2022-10-23,21.2,0,18.5,23:55,23.9,12:43,31,1.7,5.3,00:30,82,93,,70,12:40,2025-05-07 08:37:58.002215,2025-05-07 08:37:58.002215
274717,133,2022-10-24,20.6,0,17.4,05:39,23.7,14:38,30,1.9,5,18:10,82,93,22:20,74,12:30,2025-05-07 08:37:58.074438,2025-05-07 08:37:58.074438
274735,133,2022-10-25,21.3,0,18.6,00:01,24,12:36,34,1.9,5.8,14:40,85,94,03:30,76,12:50,2025-05-07 08:37:58.154037,2025-05-07 08:37:58.154037
274753,133,2022-10-26,20.8,0,17.4,06:51,24.1,14:17,8,1.9,5,13:00,85,94,03:00,74,14:20,2025-05-07 08:37:58.219754,2025-05-07 08:37:58.219754
274771,133,2022-10-27,22.2,0,19.1,01:27,25.4,11:59,8,1.7,5,10:40,83,94,,64,22:50,2025-05-07 08:37:58.303125,2025-05-07 08:37:58.303125
274789,133,2022-10-28,23.3,0,17.4,04:48,29.2,14:01,29,2.2,7.8,23:10,64,98,05:50,31,12:10,2025-05-07 08:37:58.391459,2025-05-07 08:37:58.391459
274807,133,2022-10-29,22,0,19.2,07:38,24.9,13:29,26,2.2,6.7,00:40,67,92,,42,04:50,2025-05-07 08:37:58.493615,2025-05-07 08:37:58.493615
274825,133,2022-10-30,21.2,0,17.3,05:34,25.2,13:12,99,1.7,6.4,,83,94,23:10,62,05:30,2025-05-07 08:37:58.580226,2025-05-07 08:37:58.580226
274843,133,2022-10-31,20.4,0,17.3,06:59,23.5,,28,1.7,6.1,00:40,84,95,,75,12:30,2025-05-07 08:37:58.652346,2025-05-07 08:37:58.652346
274861,133,2022-11-01,20.8,0,18,06:01,23.7,11:44,5,1.4,5.3,13:40,86,97,07:00,73,11:50,2025-05-07 08:37:58.733704,2025-05-07 08:37:58.733704
274879,133,2022-11-02,21.2,0,17.7,03:17,24.7,13:23,35,1.4,4.2,16:10,81,96,03:50,72,12:00,2025-05-07 08:37:58.811203,2025-05-07 08:37:58.811203
274897,133,2022-11-03,20.7,0,18.5,01:47,22.9,13:29,3,1.7,5.3,14:10,83,93,,73,15:40,2025-05-07 08:37:58.897722,2025-05-07 08:37:58.897722
274915,133,2022-11-04,20.4,0,18.8,07:27,22,14:04,10,1.7,6.4,13:50,83,89,,78,16:40,2025-05-07 08:37:58.972161,2025-05-07 08:37:58.972161
274933,133,2022-11-05,20.4,0.4,17.8,03:46,23,12:58,99,1.4,5,,79,92,,67,13:00,2025-05-07 08:37:59.067225,2025-05-07 08:37:59.067225
274951,133,2022-11-06,20.8,0,19,00:45,22.5,14:03,10,1.1,5.3,09:30,85,98,04:10,71,11:30,2025-05-07 08:37:59.153748,2025-05-07 08:37:59.153748
274969,133,2022-11-07,21,0,18.5,07:12,23.6,13:19,8,1.4,5,00:30,81,92,04:30,73,13:10,2025-05-07 08:37:59.236071,2025-05-07 08:37:59.236071
274987,133,2022-11-08,20.1,0,17.4,05:06,22.8,13:19,32,1.7,6.1,15:20,82,92,01:40,74,12:30,2025-05-07 08:37:59.315327,2025-05-07 08:37:59.315327
275005,133,2022-11-09,20,0,18,06:44,22,14:43,32,1.9,5,05:20,79,89,06:40,70,,2025-05-07 08:37:59.385869,2025-05-07 08:37:59.385869
275023,133,2022-11-10,20.3,0,17.9,04:09,22.7,12:43,36,1.4,5.3,14:20,77,90,21:00,66,13:00,2025-05-07 08:37:59.466008,2025-05-07 08:37:59.466008
275041,133,2022-11-11,19.8,0,17.6,07:54,22.1,15:11,12,1.1,4.7,11:10,83,92,22:20,73,15:10,2025-05-07 08:37:59.552580,2025-05-07 08:37:59.552580
275059,133,2022-11-12,19.6,0,16.2,07:11,23.1,10:55,11,1.1,7.5,14:30,80,95,04:40,56,08:50,2025-05-07 08:37:59.627343,2025-05-07 08:37:59.627343
275077,133,2022-11-13,23.3,0,17.6,01:33,29,12:07,19,1.7,10,12:10,50,78,09:00,17,12:00,2025-05-07 08:37:59.693858,2025-05-07 08:37:59.693858
275095,133,2022-11-14,24.2,0,20.5,03:12,27.9,14:53,12,2.5,7.5,10:20,35,51,00:00,21,16:30,2025-05-07 08:37:59.767945,2025-05-07 08:37:59.767945
275113,133,2022-11-15,21.2,0,17.4,07:05,24.9,11:21,11,1.9,6.9,15:00,46,67,09:20,28,,2025-05-07 08:37:59.847834,2025-05-07 08:37:59.847834
275131,133,2022-11-16,23,0,18.3,22:44,27.7,11:39,15,1.7,6.4,10:20,31,90,19:50,20,,2025-05-07 08:37:59.915020,2025-05-07 08:37:59.915020
275149,133,2022-11-17,20.1,0,17.1,,23.1,13:08,32,1.7,5.3,13:50,75,90,23:59,32,02:50,2025-05-07 08:37:59.993029,2025-05-07 08:37:59.993029
275167,133,2022-11-18,19.4,0.2,16.7,06:32,22.2,15:25,32,2.2,9.7,11:30,82,91,20:10,74,14:00,2025-05-07 08:38:00.064415,2025-05-07 08:38:00.064415
275185,133,2022-11-19,18.2,2.2,17.2,23:56,19.3,,36,4.2,11.4,10:20,73,89,11:10,65,15:20,2025-05-07 08:38:00.147485,2025-05-07 08:38:00.147485
275203,133,2022-11-20,18.6,0,16.6,01:22,20.6,14:16,5,2.5,8.9,08:50,75,93,05:20,63,12:30,2025-05-07 08:38:00.225444,2025-05-07 08:38:00.225444
275221,133,2022-11-21,19.4,0,17.6,04:06,21.2,14:53,5,1.7,6.1,15:10,80,88,07:30,71,13:00,2025-05-07 08:38:00.294778,2025-05-07 08:38:00.294778
275238,133,2022-11-22,19.4,0,17.8,06:52,21.1,14:52,3,1.7,6.7,16:10,77,89,00:50,68,13:40,2025-05-07 08:38:00.361671,2025-05-07 08:38:00.361671
275254,133,2022-11-23,19.8,0,17.6,23:54,22,12:19,2,1.7,5.8,13:50,80,88,07:30,69,11:40,2025-05-07 08:38:00.434840,2025-05-07 08:38:00.434840
275272,133,2022-11-24,18.6,0,17.1,04:37,20.1,12:46,4,1.1,4.7,12:10,83,89,04:50,76,12:40,2025-05-07 08:38:00.523894,2025-05-07 08:38:00.523894
275290,133,2022-11-25,19,0,16.4,06:50,21.6,13:48,10,1.7,5.6,10:30,80,92,,70,13:30,2025-05-07 08:38:00.616231,2025-05-07 08:38:00.616231
275308,133,2022-11-26,18.8,0,15.3,07:37,22.3,15:29,4,1.7,4.7,12:50,81,93,,72,15:20,2025-05-07 08:38:00.702014,2025-05-07 08:38:00.702014
275326,133,2022-11-27,18.8,0,15.8,06:27,21.9,13:25,33,1.7,6.4,12:20,81,93,20:00,70,06:30,2025-05-07 08:38:00.794746,2025-05-07 08:38:00.794746
275344,133,2022-11-28,19.2,0,16.6,00:42,21.8,14:24,28,1.4,6.1,16:10,83,94,03:10,73,13:30,2025-05-07 08:38:00.883410,2025-05-07 08:38:00.883410
275362,133,2022-11-29,19.1,0,17.3,07:09,20.9,12:58,35,1.7,6.1,14:40,77,87,00:20,67,13:20,2025-05-07 08:38:00.978270,2025-05-07 08:38:00.978270
275380,133,2022-11-30,18.8,0,17.4,07:40,20.2,12:51,5,1.7,5.8,12:00,69,78,22:30,62,23:50,2025-05-07 08:38:01.063918,2025-05-07 08:38:01.063918
275398,133,2022-12-01,18.2,6,16.5,,20,11:36,31,3.6,12.8,19:30,69,98,19:50,58,11:30,2025-05-07 08:38:01.159131,2025-05-07 08:38:01.159131
275415,133,2022-12-02,17.8,6.4,16,07:09,19.7,14:04,30,3.6,9.7,16:50,93,99,07:00,73,14:50,2025-05-07 08:38:01.232130,2025-05-07 08:38:01.232130
275433,133,2022-12-03,16.4,13.8,15.5,,17.4,12:48,26,1.9,6.4,07:00,95,99,,87,05:50,2025-05-07 08:38:01.301264,2025-05-07 08:38:01.301264
275451,133,2022-12-04,17.5,0,14.3,06:25,20.7,15:48,11,1.4,5.3,12:00,81,99,,61,15:50,2025-05-07 08:38:01.378589,2025-05-07 08:38:01.378589
275469,133,2022-12-05,19.4,0.2,16.9,00:08,21.8,11:40,19,1.7,8.1,02:10,74,92,23:20,57,02:10,2025-05-07 08:38:01.450905,2025-05-07 08:38:01.450905
275487,133,2022-12-06,18.4,0,15.1,07:38,21.7,12:25,10,1.7,4.2,10:50,77,95,00:40,61,14:20,2025-05-07 08:38:01.524789,2025-05-07 08:38:01.524789
275505,133,2022-12-07,18,0.6,15.7,03:55,20.2,,10,1.1,4.7,18:50,68,87,,57,17:30,2025-05-07 08:38:01.608870,2025-05-07 08:38:01.608870
275523,133,2022-12-08,19.4,0,18,19:58,20.9,13:22,21,0.8,4.7,01:00,90,97,06:50,83,00:20,2025-05-07 08:38:01.687650,2025-05-07 08:38:01.687650
275541,133,2022-12-09,20.1,0,17.1,05:31,23.1,16:18,30,1.7,5.3,12:50,84,97,06:10,69,16:10,2025-05-07 08:39:04.522124,2025-05-07 08:39:04.522124
275559,133,2022-12-10,20.2,0,16.9,07:44,23.5,14:51,15,1.7,5,00:10,84,95,00:10,73,14:30,2025-05-07 08:39:04.628673,2025-05-07 08:39:04.628673
275577,133,2022-12-11,20.8,0,18.3,23:43,23.4,12:24,31,1.7,5.6,05:10,86,96,20:40,79,16:10,2025-05-07 08:39:04.700065,2025-05-07 08:39:04.700065
275595,133,2022-12-12,20.2,0,17.3,01:59,23.1,12:41,99,0.8,5.3,,84,97,,70,08:10,2025-05-07 08:39:04.774161,2025-05-07 08:39:04.774161
275613,133,2022-12-13,20.8,0,16.6,08:10,25.1,16:31,12,0.8,5.3,10:20,76,97,,66,10:20,2025-05-07 08:39:04.852741,2025-05-07 08:39:04.852741
275631,133,2022-12-14,20.9,0,17.4,07:10,24.4,12:17,30,2.2,10,16:00,80,89,21:50,65,01:30,2025-05-07 08:39:04.938560,2025-05-07 08:39:04.938560
275649,133,2022-12-15,17.8,9.4,15.7,23:53,19.9,12:14,32,3.1,8.3,13:10,75,95,23:40,68,11:20,2025-05-07 08:39:05.026514,2025-05-07 08:39:05.026514
275667,133,2022-12-16,17.2,0,15.3,,19.1,13:15,34,2.2,8.1,16:50,82,97,05:00,72,13:00,2025-05-07 08:39:05.093381,2025-05-07 08:39:05.093381
275685,133,2022-12-17,17.8,0,15.1,22:44,20.6,13:19,8,1.4,5.6,14:00,76,90,00:00,61,13:20,2025-05-07 08:39:05.167098,2025-05-07 08:39:05.167098
275703,133,2022-12-18,17.2,0,14.2,23:54,20.3,14:12,12,1.9,6.4,15:10,85,95,22:10,68,14:20,2025-05-07 08:39:05.244775,2025-05-07 08:39:05.244775
275721,133,2022-12-19,17.6,0,13.5,02:12,21.8,16:17,8,1.4,6.7,11:00,81,98,07:00,54,23:59,2025-05-07 08:39:05.329461,2025-05-07 08:39:05.329461
275739,133,2022-12-20,18.6,0,14.6,04:50,22.6,15:36,13,2.2,8.3,12:40,56,80,05:00,23,21:30,2025-05-07 08:39:05.416677,2025-05-07 08:39:05.416677
275757,133,2022-12-21,18.1,0,14.3,07:05,21.9,13:27,12,1.9,7.2,14:20,58,72,08:50,33,00:10,2025-05-07 08:39:05.489873,2025-05-07 08:39:05.489873
275775,133,2022-12-22,18.6,0,14.9,07:28,22.3,,12,2.2,6.4,15:00,58,80,21:40,43,,2025-05-07 08:39:05.588440,2025-05-07 08:39:05.588440
275793,133,2022-12-23,18.2,0,14.5,,21.9,12:25,12,2.2,8.3,12:00,63,83,,37,23:20,2025-05-07 08:39:05.688592,2025-05-07 08:39:05.688592
275811,133,2022-12-24,18.2,0,14.3,07:12,22.1,13:04,9,2.5,6.1,12:10,59,76,19:40,36,,2025-05-07 08:39:05.778110,2025-05-07 08:39:05.778110
275829,133,2022-12-25,18.4,0,13.5,07:46,23.2,12:19,36,2.2,6.9,12:30,55,75,21:40,45,12:10,2025-05-07 08:39:05.878581,2025-05-07 08:39:05.878581
275847,133,2022-12-26,18.6,0,15.3,,21.8,11:54,10,1.9,7.5,15:10,78,89,07:30,42,11:50,2025-05-07 08:39:05.970928,2025-05-07 08:39:05.970928
275865,133,2022-12-27,18.8,0,17.8,18:26,19.7,16:40,8,5.3,18.3,05:00,50,62,,40,19:40,2025-05-07 08:39:06.076458,2025-05-07 08:39:06.076458
275883,133,2022-12-28,19,0,17,03:39,21.1,12:01,12,1.4,7.2,12:10,69,81,03:20,62,00:00,2025-05-07 08:39:06.224852,2025-05-07 08:39:06.224852
275901,133,2022-12-29,19,0,15.9,06:29,22,13:37,14,1.9,6.9,19:10,63,74,,49,13:40,2025-05-07 08:39:06.337363,2025-05-07 08:39:06.337363
275919,133,2022-12-30,20,0,17.2,08:53,22.7,13:59,19,3.6,12.2,14:30,60,77,07:40,46,13:20,2025-05-07 08:39:06.433721,2025-05-07 08:39:06.433721
275937,133,2022-12-31,19.6,0,16.2,,23,15:23,15,3.1,10.6,06:00,64,81,,48,,2025-05-07 08:39:06.547145,2025-05-07 08:39:06.547145
275955,133,2023-01-01,19,0,15.5,,22.6,13:18,99,1.4,4.2,,70,91,04:50,55,11:30,2025-05-07 08:39:06.657295,2025-05-07 08:39:06.657295
275973,133,2023-01-02,18.2,0,14.9,07:55,21.4,12:53,6,1.7,5,14:40,71,88,21:30,58,12:10,2025-05-07 08:39:06.739789,2025-05-07 08:39:06.739789
275991,133,2023-01-03,17.6,0,14.6,08:22,20.5,12:48,4,1.7,5.8,14:00,76,89,03:30,59,09:10,2025-05-07 08:39:06.816354,2025-05-07 08:39:06.816354
276009,133,2023-01-04,17.6,0,14.4,07:40,20.9,14:31,8,1.4,5.3,14:00,72,81,10:10,54,14:00,2025-05-07 08:39:06.913784,2025-05-07 08:39:06.913784
276027,133,2023-01-05,17.2,0,13.7,05:59,20.7,14:08,8,2.2,6.9,14:00,61,91,07:30,28,16:40,2025-05-07 08:39:07.023769,2025-05-07 08:39:07.023769
276045,133,2023-01-06,16.6,0,13.5,23:32,19.6,,8,2.5,6.7,14:00,66,83,22:40,59,05:50,2025-05-07 08:39:07.113590,2025-05-07 08:39:07.113590
276063,133,2023-01-07,16,0,13,22:28,19.1,15:20,7,1.9,5.3,13:50,74,89,20:00,60,04:30,2025-05-07 08:39:07.205371,2025-05-07 08:39:07.205371
276081,133,2023-01-08,16.4,0,13.4,06:39,19.4,13:08,4,1.9,6.1,14:30,72,84,20:10,66,,2025-05-07 08:39:07.277807,2025-05-07 08:39:07.277807
276099,133,2023-01-09,16.7,0,13.9,,19.5,15:05,99,1.7,6.1,,74,89,21:40,63,16:20,2025-05-07 08:39:07.367213,2025-05-07 08:39:07.367213
276117,133,2023-01-10,17.1,1.4,15.7,02:04,18.5,11:58,6,1.7,6.4,23:20,84,89,05:30,75,14:50,2025-05-07 08:39:07.442475,2025-05-07 08:39:07.442475
276135,133,2023-01-11,18,2.6,16.4,23:26,19.7,14:01,36,2.2,8.6,23:10,81,94,23:00,68,13:40,2025-05-07 08:39:07.523757,2025-05-07 08:39:07.523757
276153,133,2023-01-12,16.8,4.4,15.7,08:24,17.8,12:47,3,2.8,9.4,01:30,85,96,10:40,74,23:20,2025-05-07 08:39:07.603905,2025-05-07 08:39:07.603905
276171,133,2023-01-13,16.6,0,14.7,08:01,18.4,13:50,7,1.7,6.4,13:10,75,87,23:59,65,13:10,2025-05-07 08:39:07.701589,2025-05-07 08:39:07.701589
276189,133,2023-01-14,17.7,0,14.3,07:51,21.1,13:30,8,1.9,4.7,12:20,77,91,19:00,58,11:20,2025-05-07 08:39:07.788857,2025-05-07 08:39:07.788857
276207,133,2023-01-15,16.4,0,14.3,02:00,18.5,12:19,4,2.5,7.2,13:10,81,91,,60,00:40,2025-05-07 08:39:07.867128,2025-05-07 08:39:07.867128
276225,133,2023-01-16,16.6,4.6,14.2,06:26,18.9,15:36,3,1.7,5.8,15:00,79,91,00:00,67,15:40,2025-05-07 08:39:07.952357,2025-05-07 08:39:07.952357
276243,133,2023-01-17,15.8,3.8,14,21:21,17.6,12:28,34,1.9,7.5,15:40,82,95,21:20,68,12:30,2025-05-07 08:39:08.074860,2025-05-07 08:39:08.074860
276261,133,2023-01-18,15.2,6.7,13.4,06:53,17.1,11:20,33,3.9,10,12:50,92,99,,75,01:20,2025-05-07 08:39:08.153012,2025-05-07 08:39:08.153012
276279,133,2023-01-19,15,1.2,13.3,05:01,16.8,11:48,4,2.8,9.4,15:00,82,95,05:30,65,09:30,2025-05-07 08:39:08.227846,2025-05-07 08:39:08.227846
276297,133,2023-01-20,16.4,2,15.2,01:04,17.5,13:16,4,3.1,10.6,02:30,78,82,02:50,72,15:40,2025-05-07 08:39:08.308253,2025-05-07 08:39:08.308253
276315,133,2023-01-21,16.2,0.8,14.1,05:39,18.2,14:53,5,1.4,7.8,15:40,83,92,06:30,67,16:00,2025-05-07 08:39:08.380080,2025-05-07 08:39:08.380080
276333,133,2023-01-22,16.6,2.4,14.8,,18.4,13:20,99,2.2,7.5,,81,93,23:30,72,,2025-05-07 08:39:08.450690,2025-05-07 08:39:08.450690
276351,133,2023-01-23,16.3,0,14.7,04:11,17.9,10:50,4,2.5,7.5,13:00,71,89,06:00,60,13:20,2025-05-07 08:39:08.523246,2025-05-07 08:39:08.523246
276369,133,2023-01-24,15.8,0,13.7,07:23,17.8,13:37,2,1.4,6.1,14:20,71,78,09:00,61,13:40,2025-05-07 08:39:08.619505,2025-05-07 08:39:08.619505
276387,133,2023-01-25,15.8,0,14.1,07:46,17.5,12:11,3,1.9,7.5,20:00,65,74,,59,15:20,2025-05-07 08:39:08.710953,2025-05-07 08:39:08.710953
276405,133,2023-01-26,15.8,0,14.6,06:51,17,13:03,6,2.5,9.4,08:10,58,68,23:59,43,10:50,2025-05-07 08:39:08.793189,2025-05-07 08:39:08.793189
276423,133,2023-01-27,15.4,0.2,13.4,21:48,17.5,14:22,34,3.3,11.4,16:50,64,95,21:50,51,14:00,2025-05-07 08:39:08.854782,2025-05-07 08:39:08.854782
276441,133,2023-01-28,14.6,3.6,12.9,23:56,16.3,15:15,32,2.8,9.7,09:30,79,91,23:20,58,09:20,2025-05-07 08:39:08.918416,2025-05-07 08:39:08.918416
276459,133,2023-01-29,14,4.2,11.6,24:00,16.4,16:10,32,1.4,9.4,03:20,84,96,07:40,66,13:40,2025-05-07 08:39:08.993467,2025-05-07 08:39:08.993467
276477,133,2023-01-30,13.2,0,10.7,06:42,15.8,16:28,4,2.2,6.1,11:30,71,86,00:00,62,18:10,2025-05-07 08:39:09.061244,2025-05-07 08:39:09.061244
276495,133,2023-01-31,14.9,0.2,12.7,00:01,17.1,12:10,3,2.2,6.7,13:30,68,83,02:40,58,12:00,2025-05-07 08:39:09.141075,2025-05-07 08:39:09.141075
276513,133,2023-02-01,14.2,0,11.5,22:51,16.9,12:06,34,1.7,7.5,13:50,73,81,,55,16:10,2025-05-07 08:39:09.210605,2025-05-07 08:39:09.210605
276531,133,2023-02-02,14.6,0,11.6,00:09,17.7,13:11,9,2.8,10,14:20,60,79,03:50,48,16:00,2025-05-07 08:39:09.282755,2025-05-07 08:39:09.282755
276549,133,2023-02-03,14.7,0,11.6,02:10,17.8,13:04,12,2.2,9.4,12:20,65,83,06:40,49,14:40,2025-05-07 08:39:09.379240,2025-05-07 08:39:09.379240
276567,133,2023-02-04,14.4,0,11.2,05:30,17.6,12:03,7,2.2,5.8,12:10,70,83,22:40,60,15:00,2025-05-07 08:39:09.470569,2025-05-07 08:39:09.470569
276585,133,2023-02-05,14.8,0,11.5,01:30,18.2,12:03,11,2.2,7.2,15:00,65,80,00:00,50,11:50,2025-05-07 08:39:09.557411,2025-05-07 08:39:09.557411
276603,133,2023-02-06,14.6,2.6,11.3,03:09,17.8,12:42,33,3.1,8.9,16:20,64,90,20:20,53,12:50,2025-05-07 08:39:09.640236,2025-05-07 08:39:09.640236
276621,133,2023-02-07,14.6,0,12.1,00:30,17.2,15:16,31,3.9,9.7,00:10,67,92,00:50,56,09:50,2025-05-07 08:39:09.708629,2025-05-07 08:39:09.708629
276639,133,2023-02-08,14.5,0,12.5,08:01,16.5,13:12,26,1.4,5,01:40,74,83,22:50,65,15:20,2025-05-07 08:39:09.785836,2025-05-07 08:39:09.785836
276657,133,2023-02-09,14.4,3.8,11.3,05:59,17.6,14:56,12,2.2,7.2,15:10,66,81,01:10,50,14:40,2025-05-07 08:39:09.856574,2025-05-07 08:39:09.856574
276675,133,2023-02-10,14.4,0,11,05:58,17.7,15:30,9,2.5,7.2,14:40,77,89,04:00,67,00:40,2025-05-07 08:39:09.937094,2025-05-07 08:39:09.937094
276693,133,2023-02-11,15.5,0,12.4,01:39,18.6,14:31,18,1.7,6.1,04:10,73,91,23:50,66,05:50,2025-05-07 08:39:10.012799,2025-05-07 08:39:10.012799
276711,133,2023-02-12,15.6,0,11.8,07:27,19.3,14:47,12,2.5,7.2,13:20,70,91,00:30,59,23:50,2025-05-07 08:39:10.091598,2025-05-07 08:39:10.091598
276729,133,2023-02-13,15.9,0,13,03:38,18.8,,27,1.9,6.7,21:20,62,76,23:40,53,00:50,2025-05-07 08:39:10.164434,2025-05-07 08:39:10.164434
276747,133,2023-02-14,16,1.6,12.9,07:02,19,15:18,31,1.9,6.9,19:30,80,87,19:40,64,15:30,2025-05-07 08:39:10.239488,2025-05-07 08:39:10.239488
276765,133,2023-02-15,13.6,15.8,11.5,22:53,15.7,13:41,34,3.6,10.3,14:30,77,96,05:40,67,17:40,2025-05-07 08:39:10.329320,2025-05-07 08:39:10.329320
276783,133,2023-02-16,13.4,1.8,10.7,07:26,16.2,13:18,32,2.2,8.3,15:20,82,94,02:10,62,15:30,2025-05-07 08:39:10.414063,2025-05-07 08:39:10.414063
276801,133,2023-02-17,15.2,0.6,12,00:01,18.5,15:35,27,3.3,9.7,09:40,73,90,08:50,62,14:50,2025-05-07 08:39:10.487473,2025-05-07 08:39:10.487473
276819,133,2023-02-18,16.2,1.2,14.2,06:14,18.2,13:47,30,3.3,10.8,14:00,80,93,,69,13:40,2025-05-07 08:39:10.552817,2025-05-07 08:39:10.552817
276837,133,2023-02-19,16.6,0.4,14,23:43,19.2,13:19,32,2.2,6.1,17:10,83,95,07:50,72,16:10,2025-05-07 08:39:10.634513,2025-05-07 08:39:10.634513
276855,133,2023-02-20,15.6,0,12.3,07:25,18.9,13:12,99,2.8,6.4,,74,92,04:10,57,13:00,2025-05-07 08:39:10.725417,2025-05-07 08:39:10.725417
276873,133,2023-02-21,16.6,0,14.8,,18.4,12:34,32,4.2,8.6,13:50,82,91,04:40,73,13:30,2025-05-07 08:39:10.817757,2025-05-07 08:39:10.817757
276891,133,2023-02-22,16.4,0,15.1,,17.7,12:21,34,3.6,9.4,14:00,80,87,18:10,70,14:00,2025-05-07 08:39:10.893888,2025-05-07 08:39:10.893888
276909,133,2023-02-23,15.2,9.4,13,09:46,17.4,15:11,30,3.3,11.1,19:30,83,96,,70,15:30,2025-05-07 08:39:10.990419,2025-05-07 08:39:10.990419
276927,133,2023-02-24,15.2,1.8,12.7,22:22,17.6,13:05,32,3.1,9.2,08:50,79,94,08:10,66,12:20,2025-05-07 08:39:11.092010,2025-05-07 08:39:11.092010
276945,133,2023-02-25,14.8,0,11.6,05:10,18,14:34,11,1.4,5,,77,88,21:50,63,12:10,2025-05-07 08:39:11.175397,2025-05-07 08:39:11.175397
276963,133,2023-02-26,16.4,0,11.7,05:52,21.1,15:12,32,3.1,7.8,18:00,70,95,,49,10:30,2025-05-07 08:39:11.292889,2025-05-07 08:39:11.292889
276981,133,2023-02-27,16.8,0,14.1,07:21,19.4,13:06,28,1.9,8.1,12:40,71,92,01:20,57,17:50,2025-05-07 08:39:11.385156,2025-05-07 08:39:11.385156
276999,133,2023-02-28,16.8,0,13.6,04:29,19.9,,99,2.5,5.8,,80,89,05:40,70,15:40,2025-05-07 08:39:11.472413,2025-05-07 08:39:11.472413
277017,133,2023-03-01,17.6,0,15.3,02:56,20,14:16,32,2.8,6.4,08:30,83,97,09:10,74,14:30,2025-05-07 08:39:11.543502,2025-05-07 08:39:11.543502
277035,133,2023-03-02,17.3,0,14.4,07:24,20.2,,32,3.1,7.5,15:20,82,95,22:50,67,14:00,2025-05-07 08:39:11.615174,2025-05-07 08:39:11.615174
277053,133,2023-03-03,18.3,0,16,02:05,20.6,12:17,28,2.5,7.2,11:40,84,95,,71,12:30,2025-05-07 08:39:11.693485,2025-05-07 08:39:11.693485
277071,133,2023-03-04,17,0,13.5,05:09,20.6,14:00,2,1.4,5.3,15:50,77,95,,64,13:30,2025-05-07 08:39:11.766150,2025-05-07 08:39:11.766150
277089,133,2023-03-05,17.4,0,14,06:08,20.8,13:48,8,1.9,5.3,13:30,78,90,22:10,62,14:10,2025-05-07 08:39:11.853811,2025-05-07 08:39:11.853811
277107,133,2023-03-06,16.8,0,13.1,07:21,20.6,14:31,11,2.2,6.7,13:40,78,92,21:40,71,10:20,2025-05-07 08:39:11.936569,2025-05-07 08:39:11.936569
277125,133,2023-03-07,17,0,13.3,07:29,20.7,14:26,12,2.2,6.1,14:40,77,92,23:30,68,14:00,2025-05-07 08:39:12.016824,2025-05-07 08:39:12.016824
277142,133,2023-03-08,17.1,0,13.6,05:11,20.6,16:04,4,1.9,5.8,13:20,78,92,00:10,69,,2025-05-07 08:39:12.099000,2025-05-07 08:39:12.099000
277159,133,2023-03-09,18.2,0,14.3,04:50,22,15:29,6,1.7,5.8,16:50,75,91,05:10,62,22:00,2025-05-07 08:39:12.165193,2025-05-07 08:39:12.165193
277177,133,2023-03-10,18.6,0,15.1,00:23,22.1,14:26,28,1.7,5.6,03:40,79,91,,65,12:30,2025-05-07 08:39:12.242325,2025-05-07 08:39:12.242325
277195,133,2023-03-11,18.4,0,15.3,07:01,21.6,15:32,28,1.7,6.4,23:20,81,97,22:50,72,16:20,2025-05-07 08:39:12.317544,2025-05-07 08:39:12.317544
277213,133,2023-03-12,21.7,0,15,01:56,28.4,11:59,30,3.1,8.6,17:40,55,98,,28,07:10,2025-05-07 08:39:12.410764,2025-05-07 08:39:12.410764
277230,133,2023-03-13,17.6,0,15.1,23:00,20,15:00,32,3.9,9.2,04:10,82,98,,73,15:00,2025-05-07 08:39:12.510189,2025-05-07 08:39:12.510189
277247,133,2023-03-14,17.6,0,13.4,05:00,21.8,14:28,25,1.9,5.6,01:40,77,92,23:50,67,14:20,2025-05-07 08:39:12.620448,2025-05-07 08:39:12.620448
277265,133,2023-03-15,17.4,0,13.7,04:54,21.1,16:19,6,1.7,6.7,14:40,81,97,,69,13:10,2025-05-07 08:39:12.702938,2025-05-07 08:39:12.702938
277283,133,2023-03-16,17.8,1.2,14.5,06:56,21,15:07,35,3.1,10.8,18:10,80,94,01:40,69,,2025-05-07 08:39:12.780384,2025-05-07 08:39:12.780384
277300,133,2023-03-17,16.5,3.6,15.5,23:22,17.5,15:12,36,2.8,8.1,15:30,87,100,,72,16:50,2025-05-07 08:39:12.859967,2025-05-07 08:39:12.859967
277317,133,2023-03-18,17,0,14.9,07:29,19.1,15:31,32,3.3,8.3,17:50,76,90,23:30,65,15:40,2025-05-07 08:39:12.931011,2025-05-07 08:39:12.931011
277335,133,2023-03-19,17,0,15.3,04:54,18.7,13:51,34,1.7,7.8,04:30,72,85,00:00,63,13:10,2025-05-07 08:39:13.015048,2025-05-07 08:39:13.015048
277352,133,2023-03-20,17.5,0,15.4,,19.6,13:23,34,3.3,8.6,16:10,69,80,00:40,60,12:00,2025-05-07 08:39:13.097065,2025-05-07 08:39:13.097065
277369,133,2023-03-21,17.3,0,14.9,07:23,19.7,13:05,4,1.9,6.1,15:00,77,92,23:50,69,12:40,2025-05-07 08:39:13.172118,2025-05-07 08:39:13.172118
277387,133,2023-03-22,17.8,0,14.7,07:10,21,12:19,34,1.7,6.1,15:10,81,92,00:00,71,10:30,2025-05-07 08:39:13.256144,2025-05-07 08:39:13.256144
277405,133,2023-03-23,18.8,0,14.4,05:50,23.3,12:24,28,1.9,6.1,22:20,80,97,07:40,59,12:30,2025-05-07 08:39:13.323078,2025-05-07 08:39:13.323078
277422,133,2023-03-24,18.2,0,14.5,07:00,21.8,16:20,30,1.4,5.8,00:10,78,94,07:50,39,03:20,2025-05-07 08:39:13.391750,2025-05-07 08:39:13.391750
277439,133,2023-03-25,20.1,0,15.9,00:01,24.3,13:50,20,1.1,3.9,02:10,53,88,20:00,30,02:50,2025-05-07 08:39:13.476424,2025-05-07 08:39:13.476424
277457,133,2023-03-26,21.8,0,16.1,,27.4,12:39,12,2.5,5.6,10:20,44,92,22:30,10,09:00,2025-05-07 08:39:13.558436,2025-05-07 08:39:13.558436
277475,133,2023-03-27,20.5,0,14.2,03:14,26.8,13:53,7,1.9,5.3,11:40,44,94,02:50,22,10:40,2025-05-07 08:39:13.635340,2025-05-07 08:39:13.635340
277493,133,2023-03-28,20.9,0,16.8,23:33,25,10:18,31,2.2,6.1,15:30,46,87,21:10,14,09:40,2025-05-07 08:39:13.735840,2025-05-07 08:39:13.735840
277510,133,2023-03-29,22.2,0,16.3,03:13,28.2,13:49,31,3.1,8.6,17:20,36,93,02:50,14,13:40,2025-05-07 08:39:13.802931,2025-05-07 08:39:13.802931
277527,133,2023-03-30,24.8,0,19.1,04:10,30.6,15:43,28,1.7,5.8,02:00,25,57,19:10,19,06:40,2025-05-07 08:39:13.865004,2025-05-07 08:39:13.865004
277545,133,2023-03-31,22.8,0,19.4,,26.2,14:58,12,1.4,6.1,15:30,44,57,23:59,25,,2025-05-07 08:39:13.939577,2025-05-07 08:39:13.939577
277563,133,2023-04-01,20.9,0,16.3,23:41,25.5,12:19,34,2.5,7.2,16:20,49,88,23:50,26,11:10,2025-05-07 08:39:14.008347,2025-05-07 08:39:14.008347
277581,133,2023-04-02,18.7,0,15.8,04:38,21.6,12:45,31,2.5,6.9,12:20,77,89,06:30,68,12:30,2025-05-07 08:39:14.089508,2025-05-07 08:39:14.089508
277598,133,2023-04-03,,,,,,,31,5,11.1,13:10,77,,,,,2025-05-07 08:39:14.169200,2025-05-07 08:39:14.169200
277616,133,2023-04-04,16.2,1.6,14.1,22:04,18.2,11:44,30,6.1,13.9,23:20,77,97,22:10,65,11:40,2025-05-07 08:39:14.257153,2025-05-07 08:39:14.257153
277633,133,2023-04-05,16.2,0,13.6,03:07,18.8,14:26,32,6.7,15.3,03:00,78,97,03:10,72,09:40,2025-05-07 08:39:14.351441,2025-05-07 08:39:14.351441
277650,133,2023-04-06,18.2,0,15.1,05:56,21.4,14:13,30,4.4,11.1,00:30,62,86,,37,13:50,2025-05-07 08:39:14.426036,2025-05-07 08:39:14.426036
277668,133,2023-04-07,16.8,0,14.4,05:43,19.2,13:18,32,4.2,10,11:00,73,81,,47,00:40,2025-05-07 08:39:14.497138,2025-05-07 08:39:14.497138
277685,133,2023-04-08,17.2,0,14.7,05:34,19.7,13:33,35,2.5,8.9,12:10,70,84,03:30,58,12:00,2025-05-07 08:39:14.576130,2025-05-07 08:39:14.576130
277702,133,2023-04-09,16.9,0,13.6,06:48,20.2,16:04,32,1.9,6.7,19:50,76,90,,58,11:40,2025-05-07 08:39:14.641413,2025-05-07 08:39:14.641413
277720,133,2023-04-10,20.8,0,16.1,05:08,25.6,13:49,28,2.5,9.2,04:40,66,94,06:40,39,15:40,2025-05-07 08:39:14.716407,2025-05-07 08:39:14.716407
277737,133,2023-04-11,19.6,0,16.8,06:01,22.3,13:38,26,2.8,7.8,07:00,84,94,20:10,65,01:00,2025-05-07 08:39:14.779354,2025-05-07 08:39:14.779354
277754,133,2023-04-12,19,0,16,03:58,22,15:23,34,2.2,6.4,11:20,81,95,02:10,59,04:30,2025-05-07 08:39:14.875032,2025-05-07 08:39:14.875032
277771,133,2023-04-13,18,0,15.6,04:23,20.4,13:53,33,3.3,8.3,17:50,77,90,,56,01:00,2025-05-07 08:39:14.941678,2025-05-07 08:39:14.941678
277788,133,2023-04-14,17.3,0,15.8,06:27,18.8,15:35,33,2.2,6.1,06:10,76,87,22:50,69,13:20,2025-05-07 08:39:15.011912,2025-05-07 08:39:15.011912
277805,133,2023-04-15,18,0,15.2,06:36,20.9,13:05,29,3.1,8.9,21:40,75,87,,65,14:00,2025-05-07 08:39:15.083035,2025-05-07 08:39:15.083035
277822,133,2023-04-16,18.9,0,16.4,22:47,21.4,12:31,34,4.7,10.6,13:30,73,88,,60,12:20,2025-05-07 08:39:15.166627,2025-05-07 08:39:15.166627
277839,133,2023-04-17,18.8,0,16.3,06:35,21.2,11:51,32,3.3,9.2,11:10,76,88,,58,10:50,2025-05-07 08:39:15.239271,2025-05-07 08:39:15.239271
277856,133,2023-04-18,18.4,0,16.5,,20.2,12:49,33,5.8,12.8,09:10,80,93,05:00,71,14:40,2025-05-07 08:39:15.308534,2025-05-07 08:39:15.308534
277873,133,2023-04-19,18.4,0,16.3,,20.4,13:47,32,4.7,11.7,00:30,75,87,,62,13:20,2025-05-07 08:39:15.376162,2025-05-07 08:39:15.376162
277890,133,2023-04-20,18,0,15.6,01:51,20.3,13:16,31,3.3,8.6,19:10,70,85,06:10,58,,2025-05-07 08:39:15.462808,2025-05-07 08:39:15.462808
277907,133,2023-04-21,18.3,0,14.1,06:05,22.5,12:06,35,1.9,9.4,12:40,69,80,00:40,48,12:30,2025-05-07 08:39:15.533319,2025-05-07 08:39:15.533319
277924,133,2023-04-22,18.8,0.4,14.7,06:07,23,12:11,99,2.8,7.5,18:50,73,90,,57,10:20,2025-05-07 08:39:15.609392,2025-05-07 08:39:15.609392
277941,133,2023-04-23,18.6,0,16.5,06:57,20.8,13:42,31,3.3,8.9,14:10,75,94,,63,11:50,2025-05-07 08:39:15.703574,2025-05-07 08:39:15.703574
277958,133,2023-04-24,18.6,0,15.5,04:49,21.7,13:36,30,3.1,8.6,16:00,74,86,23:00,63,13:30,2025-05-07 08:39:15.776346,2025-05-07 08:39:15.776346
277975,133,2023-04-25,18.6,0,16.2,,21,13:59,30,3.9,9.4,23:30,79,90,03:40,72,11:40,2025-05-07 08:39:15.847226,2025-05-07 08:39:15.847226
277992,133,2023-04-26,19.2,0,16.8,,21.5,12:19,26,4.4,10.6,03:10,80,91,22:20,72,12:20,2025-05-07 08:39:15.915035,2025-05-07 08:39:15.915035
278009,133,2023-04-27,19,0,15.7,05:51,22.4,14:11,28,3.9,10.6,15:50,82,94,06:00,70,12:40,2025-05-07 08:39:15.990344,2025-05-07 08:39:15.990344
278026,133,2023-04-28,19,0,14.8,02:31,23.3,13:12,35,2.2,6.1,12:00,70,95,06:30,48,21:20,2025-05-07 08:39:16.076937,2025-05-07 08:39:16.076937
278043,133,2023-04-29,21.6,0,16.8,04:13,26.4,12:32,34,1.9,5.6,19:30,46,78,20:10,27,11:20,2025-05-07 08:39:16.156160,2025-05-07 08:39:16.156160
278060,133,2023-04-30,21.8,0,16.7,06:01,27,14:23,6,2.2,4.7,13:10,60,74,20:30,34,09:20,2025-05-07 08:39:16.244948,2025-05-07 08:39:16.244948
278077,133,2023-05-01,22,0,17.7,02:05,26.4,14:54,4,1.7,4.7,15:10,40,57,10:00,25,13:40,2025-05-07 08:39:16.316573,2025-05-07 08:39:16.316573
278094,133,2023-05-02,21.3,0,15.5,06:01,27.1,15:18,27,1.4,5.8,23:50,61,91,05:00,26,00:10,2025-05-07 08:39:16.402564,2025-05-07 08:39:16.402564
278111,133,2023-05-03,21.3,0,18.8,23:54,23.8,11:48,31,4.4,8.3,11:00,83,91,20:50,39,00:00,2025-05-07 08:39:16.473367,2025-05-07 08:39:16.473367
278128,133,2023-05-04,20,0,17.4,05:57,22.7,12:40,32,3.9,8.3,17:10,74,89,00:30,58,12:40,2025-05-07 08:39:16.545182,2025-05-07 08:39:16.545182
278145,133,2023-05-05,19,0,16.9,05:52,21.1,13:38,35,3.9,9.7,14:50,75,88,02:40,66,10:10,2025-05-07 08:39:16.611850,2025-05-07 08:39:16.611850
278162,133,2023-05-06,19.8,0,17.4,01:03,22.1,12:18,32,4.4,11.4,22:30,82,90,19:40,71,12:20,2025-05-07 08:39:16.692271,2025-05-07 08:39:16.692271
278179,133,2023-05-07,19.4,0,17.7,05:07,21.2,11:37,32,5.3,10.8,13:40,78,92,04:40,62,15:20,2025-05-07 08:39:16.797350,2025-05-07 08:39:16.797350
278195,133,2023-05-08,19.6,0,17.6,04:22,21.5,12:36,31,5,11.9,14:30,76,90,23:40,68,11:00,2025-05-07 08:39:16.878069,2025-05-07 08:39:16.878069
278211,133,2023-05-09,19.6,0,17.5,05:28,21.6,13:27,27,4.7,10.3,17:30,82,93,03:10,76,13:40,2025-05-07 08:39:16.946787,2025-05-07 08:39:16.946787
278228,133,2023-05-10,20,0,18,04:34,22,14:35,32,4.2,8.6,14:20,85,94,06:40,76,12:40,2025-05-07 08:39:17.020976,2025-05-07 08:39:17.020976
278245,133,2023-05-11,19.4,0,17.2,23:43,21.5,12:16,32,3.6,8.6,15:00,83,93,,73,12:10,2025-05-07 08:39:17.090288,2025-05-07 08:39:17.090288
278262,133,2023-05-12,18.9,0,16.9,,20.9,15:03,32,3.3,8.6,14:10,76,86,01:40,70,,2025-05-07 08:39:17.157707,2025-05-07 08:39:17.157707
278279,133,2023-05-13,18.8,0,17.1,,20.6,14:50,32,3.9,8.9,11:30,71,81,01:40,61,14:50,2025-05-07 08:39:17.224843,2025-05-07 08:39:17.224843
278296,133,2023-05-14,18.4,0,16.1,06:31,20.8,15:51,34,3.3,8.3,15:30,71,82,05:30,58,11:20,2025-05-07 08:39:17.289404,2025-05-07 08:39:17.289404
278313,133,2023-05-15,18.2,0,14.7,04:47,21.7,13:15,4,1.9,6.9,13:40,75,85,04:40,60,12:40,2025-05-07 08:39:17.360533,2025-05-07 08:39:17.360533
278330,133,2023-05-16,18.8,0,16.5,02:12,21.1,14:05,99,4.7,8.9,,76,87,03:10,66,13:10,2025-05-07 08:39:17.430335,2025-05-07 08:39:17.430335
278347,133,2023-05-17,18.6,0,16.4,05:32,20.7,11:50,31,4.7,12.2,23:40,73,87,05:20,59,15:30,2025-05-07 08:39:17.505870,2025-05-07 08:39:17.505870
278364,133,2023-05-18,18.5,0,16.4,02:47,20.6,15:07,34,4.7,10,12:00,79,89,04:50,64,15:40,2025-05-07 08:39:17.576065,2025-05-07 08:39:17.576065
278381,133,2023-05-19,18.3,0,16.2,23:54,20.4,14:17,32,4.7,11.4,09:30,70,90,01:40,60,13:10,2025-05-07 08:39:17.648152,2025-05-07 08:39:17.648152
278398,133,2023-05-20,18,0,15.7,01:07,20.4,12:37,30,4.2,8.3,13:00,66,84,,56,12:20,2025-05-07 08:39:17.714120,2025-05-07 08:39:17.714120
278415,133,2023-05-21,18.2,0,15.6,02:40,20.9,12:04,31,4.4,10.3,12:40,69,79,02:40,56,10:50,2025-05-07 08:39:17.782751,2025-05-07 08:39:17.782751
278432,133,2023-05-22,18.3,0,16.1,02:44,20.5,12:57,32,3.9,11.9,13:30,67,81,04:30,56,13:00,2025-05-07 08:39:17.849407,2025-05-07 08:39:17.849407
278449,133,2023-05-23,17.4,0,14.7,23:49,20.1,11:38,35,3.1,10,11:40,69,80,06:30,59,17:50,2025-05-07 08:39:17.919257,2025-05-07 08:39:17.919257
278466,133,2023-05-24,17.8,0,14.2,00:55,21.3,11:55,2,3.3,9.2,16:00,72,84,07:00,59,11:40,2025-05-07 08:39:17.993074,2025-05-07 08:39:17.993074
278483,133,2023-05-25,18.4,0,15.4,02:55,21.4,15:28,32,1.9,6.4,15:10,75,87,07:10,64,15:20,2025-05-07 08:39:18.072624,2025-05-07 08:39:18.072624
278501,133,2023-05-26,18.4,0,14.8,,22.1,15:48,31,1.9,7.5,10:40,72,87,06:40,50,15:20,2025-05-07 08:39:18.147349,2025-05-07 08:39:18.147349
278519,133,2023-05-27,18.4,0,14.7,03:40,22.2,10:59,10,2.2,5.8,14:40,67,85,22:30,58,10:00,2025-05-07 08:39:18.219787,2025-05-07 08:39:18.219787
278537,133,2023-05-28,18.8,0,14.9,06:12,22.8,13:53,8,2.5,6.9,13:40,62,79,00:00,52,14:40,2025-05-07 08:39:18.297742,2025-05-07 08:39:18.297742
278555,133,2023-05-29,19.6,0,16.1,,23.2,13:17,35,2.5,7.2,13:10,67,84,22:30,52,12:20,2025-05-07 08:39:18.384957,2025-05-07 08:39:18.384957
278573,133,2023-05-30,19.4,0,15.6,05:48,23.3,13:25,30,2.5,6.9,09:40,67,85,20:50,56,13:50,2025-05-07 08:39:18.455449,2025-05-07 08:39:18.455449
278591,133,2023-05-31,19.9,0,15.7,06:15,24.1,13:06,33,1.9,5.8,09:50,70,88,,52,12:40,2025-05-07 08:39:18.543220,2025-05-07 08:39:18.543220
278609,133,2023-06-01,19.6,0.6,16.8,04:14,22.4,08:59,34,1.9,6.1,20:00,77,88,23:50,65,08:40,2025-05-07 08:39:18.640547,2025-05-07 08:39:18.640547
278627,133,2023-06-02,20.1,0,17.4,03:38,22.8,13:51,33,4.2,11.4,12:40,78,92,01:00,67,14:30,2025-05-07 08:39:18.711553,2025-05-07 08:39:18.711553
278645,133,2023-06-03,20.6,0,18.2,03:15,23,13:33,33,3.9,10.8,14:00,76,89,,63,14:10,2025-05-07 08:39:18.783130,2025-05-07 08:39:18.783130
278663,133,2023-06-04,21.6,0,18.4,05:58,24.7,12:49,3,1.9,6.4,12:50,76,90,,59,12:20,2025-05-07 08:39:18.861858,2025-05-07 08:39:18.861858
278681,133,2023-06-05,20.8,0,18.1,05:03,23.6,13:43,14,2.5,8.9,14:10,82,92,05:50,73,,2025-05-07 08:39:18.933168,2025-05-07 08:39:18.933168
278699,133,2023-06-06,22.6,0,18.3,05:42,27,16:26,18,1.4,6.1,16:30,71,90,,56,16:20,2025-05-07 08:39:19.002444,2025-05-07 08:39:19.002444
278717,133,2023-06-07,25.4,0,20.5,06:21,30.3,16:17,5,2.5,8.9,17:50,78,91,05:40,47,16:20,2025-05-07 08:39:19.075287,2025-05-07 08:39:19.075287
278735,133,2023-06-08,20.1,0,17.5,23:36,22.7,12:16,36,1.4,5.3,14:00,83,91,02:00,74,11:20,2025-05-07 08:40:22.115043,2025-05-07 08:40:22.115043
278753,133,2023-06-09,19.2,0.6,16.6,05:41,21.9,09:44,36,1.4,5,10:20,83,91,23:30,75,09:40,2025-05-07 08:40:22.196026,2025-05-07 08:40:22.196026
278771,133,2023-06-10,19.7,0,16.6,06:05,22.8,10:24,1,1.7,5.6,10:50,80,92,00:10,73,10:30,2025-05-07 08:40:22.280359,2025-05-07 08:40:22.280359
278789,133,2023-06-11,20.6,0,16.1,05:59,25.2,14:39,31,2.2,7.2,17:30,68,91,05:00,49,14:40,2025-05-07 08:40:22.358487,2025-05-07 08:40:22.358487
278807,133,2023-06-12,22.6,0.4,19,03:12,26.1,12:42,31,3.1,10,16:10,75,93,20:10,60,12:50,2025-05-07 08:40:22.435040,2025-05-07 08:40:22.435040
278825,133,2023-06-13,20.3,0,17.7,05:07,22.9,15:22,32,2.8,8.6,14:30,78,93,06:40,62,14:00,2025-05-07 08:40:22.521589,2025-05-07 08:40:22.521589
278843,133,2023-06-14,21,0,18.1,04:46,23.8,14:51,35,2.5,7.2,16:00,73,87,23:30,64,15:10,2025-05-07 08:40:22.615877,2025-05-07 08:40:22.615877
278861,133,2023-06-15,21.5,0,19,01:21,24,14:09,30,3.6,8.6,16:00,77,90,05:30,67,12:20,2025-05-07 08:40:22.714310,2025-05-07 08:40:22.714310
278879,133,2023-06-16,22.2,0,19.4,,24.9,13:06,29,3.6,8.6,04:40,77,91,22:20,67,13:10,2025-05-07 08:40:22.815925,2025-05-07 08:40:22.815925
278897,133,2023-06-17,21.6,0,19.1,,24,13:28,99,3.9,9.4,,80,92,01:00,72,,2025-05-07 08:40:22.941912,2025-05-07 08:40:22.941912
278915,133,2023-06-18,22,0,19.6,05:54,24.3,13:16,34,4.4,9.7,16:40,73,91,23:00,65,,2025-05-07 08:40:23.060740,2025-05-07 08:40:23.060740
278933,133,2023-06-19,22.6,0,19.2,05:01,26,13:16,30,3.6,8.6,00:20,75,91,,62,13:00,2025-05-07 08:40:23.145546,2025-05-07 08:40:23.145546
278950,133,2023-06-20,21.6,0,19.6,23:58,23.7,13:00,35,1.9,6.1,11:20,80,92,02:10,73,13:00,2025-05-07 08:40:23.215405,2025-05-07 08:40:23.215405
278967,133,2023-06-21,,,,,,,33,2.5,6.4,,84,,,,,2025-05-07 08:40:23.299347,2025-05-07 08:40:23.299347
278985,133,2023-06-22,21.8,0,18.2,06:03,25.3,13:11,6,2.5,7.8,12:10,78,90,00:00,65,,2025-05-07 08:40:23.372819,2025-05-07 08:40:23.372819
279003,133,2023-06-23,21.9,0,19.3,,24.5,,31,3.1,9.2,20:30,77,89,,62,15:50,2025-05-07 08:40:23.450587,2025-05-07 08:40:23.450587
279021,133,2023-06-24,21.6,0,19.5,02:06,23.8,14:39,32,5.6,10.3,14:20,71,86,22:10,62,14:50,2025-05-07 08:40:23.542284,2025-05-07 08:40:23.542284
279039,133,2023-06-25,22.4,0,19.9,03:22,24.9,14:36,32,3.9,10,12:40,82,93,22:00,70,11:50,2025-05-07 08:40:23.617521,2025-05-07 08:40:23.617521
279057,133,2023-06-26,22.6,0,19.3,05:41,25.9,14:31,32,4.2,9.7,14:40,77,93,02:30,71,13:40,2025-05-07 08:40:23.699419,2025-05-07 08:40:23.699419
279075,133,2023-06-27,23,0,19.5,04:58,26.4,15:40,28,3.3,10.3,21:00,67,96,23:40,47,07:10,2025-05-07 08:40:23.772641,2025-05-07 08:40:23.772641
279093,133,2023-06-28,24.5,0,20.7,04:32,28.3,13:29,27,4.7,12.2,05:30,80,96,,36,23:50,2025-05-07 08:40:23.851028,2025-05-07 08:40:23.851028
279111,133,2023-06-29,,,,,,,0,3.9,,,80,,,,,2025-05-07 08:40:23.921929,2025-05-07 08:40:23.921929
279129,133,2023-06-30,22.2,0,20.1,05:13,24.3,12:27,33,5.6,10.8,21:30,81,91,05:50,73,,2025-05-07 08:40:24.005120,2025-05-07 08:40:24.005120
279147,133,2023-07-01,21.4,0,19.7,03:46,23.2,13:14,33,5.8,10.8,17:50,75,85,,69,16:00,2025-05-07 08:40:24.076881,2025-05-07 08:40:24.076881
279165,133,2023-07-02,22.5,0,20.1,,24.9,13:38,31,4.2,8.9,02:20,72,86,20:50,64,13:10,2025-05-07 08:40:24.143443,2025-05-07 08:40:24.143443
279183,133,2023-07-03,22.9,0,20.4,05:40,25.4,13:28,33,2.8,8.3,14:30,76,88,,67,15:40,2025-05-07 08:40:24.215614,2025-05-07 08:40:24.215614
279201,133,2023-07-04,22.7,0,20.2,06:01,25.2,13:52,35,3.1,8.3,15:00,81,90,,71,14:00,2025-05-07 08:40:24.301193,2025-05-07 08:40:24.301193
279219,133,2023-07-05,22.4,0,19.9,05:58,24.8,13:48,28,4.2,10,23:20,82,92,01:00,72,13:50,2025-05-07 08:40:24.383185,2025-05-07 08:40:24.383185
279237,133,2023-07-06,22,0,20.1,,23.9,12:56,28,4.7,10.8,04:50,76,89,06:20,67,12:10,2025-05-07 08:40:24.462665,2025-05-07 08:40:24.462665
279255,133,2023-07-07,22,0,19.2,05:05,24.7,10:54,34,4.2,8.9,12:20,77,87,,57,14:40,2025-05-07 08:40:24.545680,2025-05-07 08:40:24.545680
279273,133,2023-07-08,21.9,0,19.1,04:42,24.7,15:03,36,3.6,8.3,15:10,78,88,05:50,68,15:00,2025-05-07 08:40:24.621520,2025-05-07 08:40:24.621520
279291,133,2023-07-09,22.4,0,19.8,04:41,25,11:13,99,4.2,8.3,,77,90,02:40,64,13:10,2025-05-07 08:40:24.694027,2025-05-07 08:40:24.694027
279309,133,2023-07-10,22.7,0,19.6,05:55,25.8,13:45,32,3.6,8.1,13:10,77,91,,66,15:10,2025-05-07 08:40:24.775304,2025-05-07 08:40:24.775304
279327,133,2023-07-11,23.1,0,19.9,,26.3,12:32,28,3.3,7.8,04:50,75,91,00:00,63,16:20,2025-05-07 08:40:24.844692,2025-05-07 08:40:24.844692
279345,133,2023-07-12,24.6,0,21.2,00:04,28.1,11:41,32,2.8,8.6,16:20,66,88,00:30,40,23:10,2025-05-07 08:40:24.934509,2025-05-07 08:40:24.934509
279362,133,2023-07-13,26.3,0,22.3,06:42,30.3,13:05,25,3.3,9.4,03:50,56,74,06:50,30,23:30,2025-05-07 08:40:25.002197,2025-05-07 08:40:25.002197
279380,133,2023-07-14,24.8,0,20.8,23:51,28.8,12:13,31,3.3,8.3,00:10,54,90,22:20,25,05:40,2025-05-07 08:40:25.096948,2025-05-07 08:40:25.096948
279398,133,2023-07-15,22.7,0.2,20.2,05:31,25.2,,32,4.7,10.3,15:50,83,95,19:40,68,15:00,2025-05-07 08:40:25.175221,2025-05-07 08:40:25.175221
279416,133,2023-07-16,22.2,0.2,19.8,03:46,24.5,13:23,32,5,10.3,08:10,70,91,23:59,60,13:00,2025-05-07 08:40:25.266256,2025-05-07 08:40:25.266256
279434,133,2023-07-17,21.8,0,19.3,05:48,24.3,12:35,33,3.9,8.9,02:20,74,91,00:00,59,13:20,2025-05-07 08:40:25.354371,2025-05-07 08:40:25.354371
279452,133,2023-07-18,22,0,19.4,06:03,24.6,11:24,35,3.3,8.3,17:30,77,89,23:00,64,11:30,2025-05-07 08:40:25.426339,2025-05-07 08:40:25.426339
279470,133,2023-07-19,22.6,0,20.1,01:57,25.1,14:13,34,3.9,8.3,14:20,78,90,03:30,69,14:20,2025-05-07 08:40:25.500815,2025-05-07 08:40:25.500815
279488,133,2023-07-20,22,0,20.2,04:39,23.8,13:11,34,4.4,10.6,20:50,79,87,00:00,70,14:30,2025-05-07 08:40:25.572114,2025-05-07 08:40:25.572114
279506,133,2023-07-21,22.2,0,20.2,03:19,24.1,14:45,31,5.6,11.1,17:50,79,87,20:40,68,11:50,2025-05-07 08:40:25.650805,2025-05-07 08:40:25.650805
279524,133,2023-07-22,22.2,0.2,20.2,03:11,24.1,12:25,32,5,10.6,13:20,78,88,05:50,66,15:50,2025-05-07 08:40:25.768308,2025-05-07 08:40:25.768308
279542,133,2023-07-23,21.9,0.2,19.5,02:42,24.3,12:08,32,5,10.3,15:50,78,94,02:10,66,11:10,2025-05-07 08:40:25.866315,2025-05-07 08:40:25.866315
279560,133,2023-07-24,22,0,19.5,05:28,24.4,12:34,33,4.4,9.2,04:30,71,93,00:40,61,15:00,2025-05-07 08:40:25.964455,2025-05-07 08:40:25.964455
279578,133,2023-07-25,22.8,0,20,02:43,25.7,14:51,33,3.1,7.5,15:10,73,88,23:10,62,13:50,2025-05-07 08:40:26.061838,2025-05-07 08:40:26.061838
279596,133,2023-07-26,22.2,0,20,04:54,24.5,15:09,99,3.9,8.9,,76,89,02:50,65,14:20,2025-05-07 08:40:26.135909,2025-05-07 08:40:26.135909
279614,133,2023-07-27,22.4,0,19.7,05:31,25,13:17,36,5.6,10.8,14:50,71,86,06:30,56,13:20,2025-05-07 08:40:26.212073,2025-05-07 08:40:26.212073
279632,133,2023-07-28,22.5,0,19.5,05:43,25.5,15:13,32,4.2,9.4,12:10,72,85,20:00,55,14:30,2025-05-07 08:40:26.295783,2025-05-07 08:40:26.295783
279650,133,2023-07-29,23.1,0,20.3,06:05,25.9,12:28,32,2.8,8.6,14:40,68,83,23:50,59,12:10,2025-05-07 08:40:26.387717,2025-05-07 08:40:26.387717
279668,133,2023-07-30,23.2,0,19.6,03:44,26.8,14:42,33,3.6,8.9,19:40,78,95,23:40,62,14:50,2025-05-07 08:40:26.468564,2025-05-07 08:40:26.468564
279686,133,2023-07-31,23.6,0,20.2,,27.1,15:16,30,3.9,9.7,12:00,72,94,00:00,53,23:50,2025-05-07 08:40:26.537518,2025-05-07 08:40:26.537518
279704,133,2023-08-01,24,0,21.2,23:54,26.9,14:35,34,3.6,9.2,17:20,68,87,22:20,50,00:20,2025-05-07 08:40:26.626907,2025-05-07 08:40:26.626907
279722,133,2023-08-02,22.6,0,20.4,04:44,24.9,15:04,28,3.6,12.2,03:20,78,88,,69,15:00,2025-05-07 08:40:26.726997,2025-05-07 08:40:26.726997
279740,133,2023-08-03,23.4,3.2,21.1,,25.8,14:53,34,3.9,9.7,16:00,79,89,,67,14:30,2025-05-07 08:40:26.801450,2025-05-07 08:40:26.801450
279758,133,2023-08-04,21.2,0.2,20.1,07:11,22.3,15:47,35,4.4,10.6,15:10,92,99,,80,15:40,2025-05-07 08:40:26.885477,2025-05-07 08:40:26.885477
279776,133,2023-08-05,22.2,0,20,05:59,24.3,13:55,28,6.1,14.4,15:20,73,86,01:00,60,14:30,2025-05-07 08:40:26.957227,2025-05-07 08:40:26.957227
279794,133,2023-08-06,22.6,0,20.1,03:11,25.1,15:01,32,6.1,14.2,11:50,72,89,,61,13:30,2025-05-07 08:40:27.046548,2025-05-07 08:40:27.046548
279812,133,2023-08-07,23.5,0,20.4,05:43,26.6,13:17,32,4.2,11.1,14:30,74,90,04:50,60,14:10,2025-05-07 08:40:27.127607,2025-05-07 08:40:27.127607
279830,133,2023-08-08,23.2,0,20.2,01:27,26.2,13:17,32,3.9,9.2,13:00,74,89,,62,12:40,2025-05-07 08:40:27.201281,2025-05-07 08:40:27.201281
279848,133,2023-08-09,23,0,20.4,03:28,25.7,12:14,32,3.9,9.2,13:20,80,92,,68,12:30,2025-05-07 08:40:27.281823,2025-05-07 08:40:27.281823
279866,133,2023-08-10,24,0,20.8,,27.2,14:20,32,4.7,9.7,16:20,83,93,06:40,71,14:20,2025-05-07 08:40:27.350823,2025-05-07 08:40:27.350823
279884,133,2023-08-11,26.2,0,21.8,04:54,30.5,13:37,27,4.4,9.2,06:30,76,92,02:50,60,13:40,2025-05-07 08:40:27.420814,2025-05-07 08:40:27.420814
279902,133,2023-08-12,25.8,0,22.5,,29.1,13:29,28,4.4,9.2,06:00,75,92,22:20,63,13:30,2025-05-07 08:40:27.500436,2025-05-07 08:40:27.500436
279920,133,2023-08-13,25.4,0,21.8,,29,13:33,29,3.6,7.8,09:00,80,98,06:30,66,14:50,2025-05-07 08:40:27.575397,2025-05-07 08:40:27.575397
279938,133,2023-08-14,24.8,0,21.3,23:31,28.3,13:30,28,3.1,7.8,00:50,73,91,00:00,66,11:50,2025-05-07 08:40:27.668750,2025-05-07 08:40:27.668750
279956,133,2023-08-15,23.8,0,20.7,03:33,26.9,14:33,32,3.6,8.3,21:20,79,93,03:50,69,,2025-05-07 08:40:27.744728,2025-05-07 08:40:27.744728
279974,133,2023-08-16,23.4,0,20.4,06:23,26.4,13:26,33,3.1,7.8,01:10,76,87,,66,13:00,2025-05-07 08:40:27.815944,2025-05-07 08:40:27.815944
279992,133,2023-08-17,23.4,0,20.6,,26.3,14:06,30,3.3,7.2,12:30,76,89,21:30,66,11:20,2025-05-07 08:40:27.897353,2025-05-07 08:40:27.897353
280010,133,2023-08-18,23.6,0,19.8,02:08,27.4,11:34,33,3.3,7.8,13:40,60,88,20:50,37,05:00,2025-05-07 08:40:27.961968,2025-05-07 08:40:27.961968
280028,133,2023-08-19,23.6,1,21.2,02:11,25.9,15:05,32,1.4,7.2,11:40,79,93,23:59,46,,2025-05-07 08:40:28.037227,2025-05-07 08:40:28.037227
280046,133,2023-08-20,25.8,0.2,21.4,01:44,30.1,18:27,9,1.9,8.3,07:40,52,95,01:00,38,18:20,2025-05-07 08:40:28.123492,2025-05-07 08:40:28.123492
280064,133,2023-08-21,26.4,0,22.5,03:54,30.4,,32,2.8,7.5,16:00,70,92,21:00,59,12:30,2025-05-07 08:40:28.199763,2025-05-07 08:40:28.199763
280082,133,2023-08-22,26.4,0,22.1,01:53,30.6,12:07,31,3.9,9.4,15:40,50,95,01:30,34,19:10,2025-05-07 08:40:28.282960,2025-05-07 08:40:28.282960
280100,133,2023-08-23,26,0,22.1,,29.8,16:07,30,3.6,8.9,17:10,77,94,06:30,42,14:20,2025-05-07 08:40:28.360778,2025-05-07 08:40:28.360778
280118,133,2023-08-24,24.7,0,21.1,,28.3,12:43,32,4.2,9.7,14:20,82,96,,65,12:40,2025-05-07 08:40:28.434226,2025-05-07 08:40:28.434226
280136,133,2023-08-25,24.6,0,21.5,05:48,27.7,12:38,28,4.4,11.1,13:00,84,94,19:30,66,23:59,2025-05-07 08:40:28.505594,2025-05-07 08:40:28.505594
280154,133,2023-08-26,27.2,0,22.9,22:51,31.4,14:50,32,3.3,8.9,21:10,68,91,22:00,41,,2025-05-07 08:40:28.577974,2025-05-07 08:40:28.577974
280172,133,2023-08-27,24.2,0,21.6,23:32,26.9,14:03,32,4.2,8.3,15:20,79,91,,67,14:00,2025-05-07 08:40:28.648642,2025-05-07 08:40:28.648642
280190,133,2023-08-28,22.8,0,20.8,23:30,24.8,13:16,32,4.7,10.6,11:10,70,85,,62,14:00,2025-05-07 08:40:28.730648,2025-05-07 08:40:28.730648
280208,133,2023-08-29,23,0,20.6,02:47,25.5,15:27,32,4.4,8.9,16:10,77,89,04:30,63,12:40,2025-05-07 08:40:28.828081,2025-05-07 08:40:28.828081
280226,133,2023-08-30,23.4,0,20.6,06:30,26.1,14:19,32,2.5,7.5,14:00,73,91,06:00,60,13:00,2025-05-07 08:40:28.921595,2025-05-07 08:40:28.921595
280244,133,2023-08-31,23.3,0,20.8,05:39,25.8,13:38,5,2.2,7.2,10:30,70,87,,61,14:10,2025-05-07 08:40:28.996072,2025-05-07 08:40:28.996072
280262,133,2023-09-01,22.9,0,20.6,02:54,25.2,14:11,32,3.3,8.1,16:40,76,89,06:10,64,12:40,2025-05-07 08:40:29.066060,2025-05-07 08:40:29.066060
280280,133,2023-09-02,23.1,2.8,20.7,04:40,25.5,15:21,33,3.6,10,18:10,79,90,,66,13:30,2025-05-07 08:40:29.136405,2025-05-07 08:40:29.136405
280298,133,2023-09-03,22,5,19.1,09:41,24.8,15:51,33,3.1,10.3,04:00,79,98,06:10,56,15:10,2025-05-07 08:40:29.213354,2025-05-07 08:40:29.213354
280316,133,2023-09-04,22.1,0,19.2,05:03,25,15:08,31,3.6,10.3,12:50,77,86,,57,15:10,2025-05-07 08:40:29.283559,2025-05-07 08:40:29.283559
280334,133,2023-09-05,21.8,0,18.4,04:57,25.2,12:17,5,1.9,6.7,13:30,73,89,23:30,62,12:20,2025-05-07 08:40:29.367024,2025-05-07 08:40:29.367024
280352,133,2023-09-06,22.2,0,18.5,,25.9,16:03,11,2.8,6.7,13:10,74,90,03:30,60,11:50,2025-05-07 08:40:29.502718,2025-05-07 08:40:29.502718
280370,133,2023-09-07,22.9,0,19.4,03:45,26.4,15:33,33,2.2,6.7,09:40,78,91,04:20,66,16:50,2025-05-07 08:40:29.660080,2025-05-07 08:40:29.660080
280388,133,2023-09-08,23.2,0,19.2,06:19,27.1,13:25,32,2.8,8.3,13:50,77,89,22:10,66,09:40,2025-05-07 08:40:29.834658,2025-05-07 08:40:29.834658
280406,133,2023-09-09,23.6,0,20.4,04:34,26.8,15:09,35,3.1,6.9,13:00,75,88,,59,15:40,2025-05-07 08:40:30.037957,2025-05-07 08:40:30.037957
280424,133,2023-09-10,23,0,19.5,07:01,26.6,13:49,99,2.5,7.5,,73,89,00:30,61,12:10,2025-05-07 08:40:30.265291,2025-05-07 08:40:30.265291
280442,133,2023-09-11,23,0,19.7,06:00,26.2,13:15,34,2.5,7.2,18:20,75,86,03:00,59,14:10,2025-05-07 08:40:30.584051,2025-05-07 08:40:30.584051
280460,133,2023-09-12,22.2,1.6,19.4,04:57,24.9,15:01,31,2.2,7.2,14:40,79,87,22:00,66,12:30,2025-05-07 08:40:30.817128,2025-05-07 08:40:30.817128
280478,133,2023-09-13,22.6,2.4,20,06:39,25.2,13:28,32,2.8,8.3,15:50,78,93,,63,15:40,2025-05-07 08:40:31.049990,2025-05-07 08:40:31.049990
280496,133,2023-09-14,22.2,0,20,05:51,24.5,15:55,32,3.6,9.7,16:30,80,95,02:00,67,16:10,2025-05-07 08:40:31.333745,2025-05-07 08:40:31.333745
280514,133,2023-09-15,23.2,0.2,20.8,05:40,25.5,11:51,34,3.6,8.3,12:00,79,89,19:20,67,11:10,2025-05-07 08:40:31.577882,2025-05-07 08:40:31.577882
280532,133,2023-09-16,23,3.6,20.1,06:39,26,13:58,30,2.8,8.9,22:50,73,94,21:10,57,12:20,2025-05-07 08:40:31.860943,2025-05-07 08:40:31.860943
280550,133,2023-09-17,21.2,2.4,19.8,10:18,22.6,14:24,33,1.7,8.1,08:50,88,98,09:10,76,20:10,2025-05-07 08:40:32.128612,2025-05-07 08:40:32.128612
280568,133,2023-09-18,20.9,0,18.7,06:59,23.1,09:43,6,2.5,7.8,11:40,70,81,03:20,62,13:00,2025-05-07 08:40:32.361699,2025-05-07 08:40:32.361699
280586,133,2023-09-19,22.1,0,19.4,,24.8,13:03,33,2.5,8.3,15:30,70,85,,54,13:00,2025-05-07 08:40:32.596821,2025-05-07 08:40:32.596821
280604,133,2023-09-20,21.2,0,18.1,06:30,24.2,15:38,31,2.8,7.5,15:30,77,87,05:00,69,15:40,2025-05-07 08:40:32.832394,2025-05-07 08:40:32.832394
280622,133,2023-09-21,21.6,0,18.6,05:11,24.7,13:11,99,1.9,7.2,,74,85,,59,12:00,2025-05-07 08:40:33.109018,2025-05-07 08:40:33.109018
280640,133,2023-09-22,22.2,1,19.7,07:26,24.6,12:47,28,2.8,7.5,15:50,76,94,23:40,66,14:30,2025-05-07 08:40:33.370645,2025-05-07 08:40:33.370645
280658,133,2023-09-23,21.8,0.4,19.7,23:31,24,13:15,33,3.1,8.1,11:40,80,98,04:30,65,15:30,2025-05-07 08:40:33.576335,2025-05-07 08:40:33.576335
280676,133,2023-09-24,21.9,0,19.3,,24.5,12:39,32,3.1,8.3,16:10,75,88,,58,11:20,2025-05-07 08:40:33.809480,2025-05-07 08:40:33.809480
280694,133,2023-09-25,22.4,0,20.5,,24.4,11:49,32,3.9,11.4,14:40,74,87,21:30,59,11:40,2025-05-07 08:40:34.087024,2025-05-07 08:40:34.087024
280712,133,2023-09-26,22.8,0,20.4,,25.2,12:09,99,3.3,7.2,,81,88,08:30,71,12:10,2025-05-07 08:40:34.319460,2025-05-07 08:40:34.319460
280730,133,2023-09-27,22.4,0,20,04:49,24.8,12:00,32,3.1,8.9,16:00,79,89,05:30,67,12:00,2025-05-07 08:40:34.594113,2025-05-07 08:40:34.594113
280748,133,2023-09-28,22.6,0,20.4,03:38,24.9,13:57,31,3.6,8.1,15:30,77,87,,68,13:10,2025-05-07 08:40:34.900907,2025-05-07 08:40:34.900907
280766,133,2023-09-29,23.2,0,20.5,23:29,25.8,13:31,33,1.7,6.1,13:10,76,89,04:50,64,12:50,2025-05-07 08:40:35.209825,2025-05-07 08:40:35.209825
280784,133,2023-09-30,24.1,0,20,05:04,28.2,15:09,34,2.2,7.2,22:00,82,92,08:10,59,15:40,2025-05-07 08:40:35.465114,2025-05-07 08:40:35.465114
280802,133,2023-10-01,24.4,0,20.5,07:40,28.3,14:18,30,2.2,6.7,20:30,80,94,23:50,62,13:00,2025-05-07 08:40:35.700120,2025-05-07 08:40:35.700120
280820,133,2023-10-02,24.5,0,19.8,06:08,29.2,11:50,28,1.7,6.4,01:20,66,95,,39,09:20,2025-05-07 08:40:35.937535,2025-05-07 08:40:35.937535
280838,133,2023-10-03,25.2,0,20.4,00:06,30.1,14:01,26,1.7,5.6,21:00,59,90,20:50,28,08:40,2025-05-07 08:40:36.222918,2025-05-07 08:40:36.222918
280856,133,2023-10-04,28.6,0,23,07:22,34.1,12:46,14,1.4,5.6,12:30,49,81,18:30,19,08:40,2025-05-07 08:40:36.483904,2025-05-07 08:40:36.483904
280874,133,2023-10-05,27,0,21.1,07:04,33,15:20,21,2.8,7.5,07:10,54,88,06:50,29,00:00,2025-05-07 08:40:36.724565,2025-05-07 08:40:36.724565
280892,133,2023-10-06,29.1,0,24.8,23:20,33.4,12:59,11,2.5,8.3,12:10,28,47,18:40,18,11:50,2025-05-07 08:40:36.982777,2025-05-07 08:40:36.982777
280910,133,2023-10-07,28.6,0,24.3,05:05,32.8,11:13,14,2.5,11.7,11:00,22,42,20:20,21,17:00,2025-05-07 08:40:37.327429,2025-05-07 08:40:37.327429
280928,133,2023-10-08,28.9,0,25.5,00:52,32.3,15:17,16,3.3,12.2,02:30,23,33,00:50,21,17:20,2025-05-07 08:40:37.609187,2025-05-07 08:40:37.609187
280946,133,2023-10-09,30.8,0,26.6,23:50,34.9,12:50,15,3.6,10,10:50,16,28,21:40,12,10:30,2025-05-07 08:40:37.900662,2025-05-07 08:40:37.900662
280964,133,2023-10-10,28.8,0,23.8,22:46,33.8,14:08,14,3.1,9.2,12:30,21,35,06:30,15,13:10,2025-05-07 08:40:38.166195,2025-05-07 08:40:38.166195
280982,133,2023-10-11,,,,,,,0,2.8,,,25,,,,,2025-05-07 08:40:38.373099,2025-05-07 08:40:38.373099
281000,133,2023-10-12,25.6,0,20.9,07:11,30.4,11:16,8,1.9,5.3,13:40,47,74,21:20,21,11:10,2025-05-07 08:40:38.583076,2025-05-07 08:40:38.583076
281018,133,2023-10-13,27.2,0,21.5,00:28,32.8,14:06,15,2.2,7.8,10:50,24,73,00:00,18,18:20,2025-05-07 08:40:38.821824,2025-05-07 08:40:38.821824
281036,133,2023-10-14,29,0,24.6,04:16,33.4,14:36,14,2.2,7.5,08:40,29,37,20:00,20,01:00,2025-05-07 08:40:39.141171,2025-05-07 08:40:39.141171
281054,133,2023-10-15,27.2,0,23.4,21:14,30.9,15:21,20,2.2,5.3,04:30,29,67,21:00,21,09:00,2025-05-07 08:40:39.413082,2025-05-07 08:40:39.413082
281072,133,2023-10-16,26.2,0,22.3,06:05,30.1,13:30,8,1.4,5,13:40,31,58,,18,13:00,2025-05-07 08:40:39.648930,2025-05-07 08:40:39.648930
281090,133,2023-10-17,23.8,0,20.8,07:27,26.9,11:41,29,2.5,7.5,09:20,76,92,,39,00:00,2025-05-07 08:40:39.888753,2025-05-07 08:40:39.888753
281108,133,2023-10-18,22.4,0,19.4,06:56,25.4,15:06,6,1.7,5.3,11:20,77,92,00:00,65,15:10,2025-05-07 08:40:40.117172,2025-05-07 08:40:40.117172
281126,133,2023-10-19,21.4,1.2,18.3,,24.5,16:52,30,1.4,5.8,16:20,72,81,07:10,58,16:40,2025-05-07 08:40:40.369267,2025-05-07 08:40:40.369267
281144,133,2023-10-20,21,9.8,18.9,,23,13:00,99,2.8,9.4,,88,98,08:00,69,00:30,2025-05-07 08:40:40.621202,2025-05-07 08:40:40.621202
281162,133,2023-10-21,20.1,0.8,17,05:31,23.2,16:08,11,1.9,4.7,11:30,81,94,,68,09:50,2025-05-07 08:40:40.860814,2025-05-07 08:40:40.860814
281180,133,2023-10-22,20.4,58.2,18.6,,22.2,15:45,32,3.9,9.7,15:00,88,96,,74,16:10,2025-05-07 08:40:41.092946,2025-05-07 08:40:41.092946
281198,133,2023-10-23,20,1.2,17.8,,22.3,13:06,32,3.1,8.9,12:10,81,98,01:40,68,13:10,2025-05-07 08:40:41.316179,2025-05-07 08:40:41.316179
281216,133,2023-10-24,20.2,0,17.4,06:56,23,15:32,32,2.2,7.2,11:00,74,87,00:00,59,,2025-05-07 08:40:41.546946,2025-05-07 08:40:41.546946
281234,133,2023-10-25,20.4,0,17.4,05:32,23.3,11:25,33,2.2,7.8,13:30,73,88,,64,09:40,2025-05-07 08:40:41.846449,2025-05-07 08:40:41.846449
281252,133,2023-10-26,20.8,0.8,18.9,05:34,22.7,15:23,34,2.2,7.8,15:50,84,94,07:50,75,14:20,2025-05-07 08:40:42.062330,2025-05-07 08:40:42.062330
281270,133,2023-10-27,22.9,0.8,19.2,23:50,26.6,13:45,36,2.8,7.8,15:00,88,96,06:50,74,16:20,2025-05-07 08:40:42.354466,2025-05-07 08:40:42.354466
281288,133,2023-10-28,20.9,0,18,,23.8,11:45,2,1.4,5,12:00,84,91,,76,11:50,2025-05-07 08:40:42.583573,2025-05-07 08:40:42.583573
281306,133,2023-10-29,20.6,0,17,07:14,24.2,10:54,99,1.7,4.7,11:40,76,92,21:30,66,12:10,2025-05-07 08:40:42.850478,2025-05-07 08:40:42.850478
281324,133,2023-10-30,20.8,0,17.3,06:03,24.2,13:29,9,2.5,7.8,13:50,77,89,21:40,66,04:10,2025-05-07 08:40:43.065260,2025-05-07 08:40:43.065260
281342,133,2023-10-31,21.8,0,17.4,05:31,26.2,12:59,29,1.9,8.1,23:00,77,96,20:10,62,13:00,2025-05-07 08:40:43.288517,2025-05-07 08:40:43.288517
281360,133,2023-11-01,22.2,0,20,07:11,24.4,14:17,99,3.6,8.1,,88,96,,73,14:10,2025-05-07 08:40:43.534188,2025-05-07 08:40:43.534188
281378,133,2023-11-02,21.2,0,19.4,06:58,22.9,13:46,34,3.1,9.2,15:30,82,94,00:10,70,11:40,2025-05-07 08:40:43.808164,2025-05-07 08:40:43.808164
281396,133,2023-11-03,21.1,2.2,19,19:14,23.2,11:09,33,3.6,8.3,13:00,84,94,11:50,74,23:20,2025-05-07 08:40:44.102598,2025-05-07 08:40:44.102598
281414,133,2023-11-04,20.2,0,17.8,04:59,22.6,13:04,27,3.6,8.1,13:00,73,92,04:30,63,11:10,2025-05-07 08:40:44.386356,2025-05-07 08:40:44.386356
281432,133,2023-11-05,21.4,18,18.3,02:54,24.4,15:47,33,2.8,7.5,18:40,74,99,20:20,58,15:30,2025-05-07 08:40:44.669908,2025-05-07 08:40:44.669908
281450,133,2023-11-06,19.1,0.6,16.9,19:51,21.3,,36,2.8,10.3,18:10,82,99,00:50,64,12:20,2025-05-07 08:40:44.935928,2025-05-07 08:40:44.935928
281468,133,2023-11-07,19.5,0,17.9,05:24,21.1,12:39,36,4.2,11.7,10:50,59,82,05:30,51,12:40,2025-05-07 08:40:45.195669,2025-05-07 08:40:45.195669
281486,133,2023-11-08,19.6,0,17.7,06:58,21.6,14:42,36,3.1,9.7,14:20,70,78,22:20,62,11:10,2025-05-07 08:40:45.432895,2025-05-07 08:40:45.432895
281504,133,2023-11-09,20.4,0,18.2,,22.5,11:16,34,2.8,7.5,13:40,77,86,,63,11:00,2025-05-07 08:40:45.703415,2025-05-07 08:40:45.703415
281522,133,2023-11-10,20.3,0,16.6,07:18,24,12:57,36,1.4,5,14:30,75,90,19:40,54,11:30,2025-05-07 08:40:45.876566,2025-05-07 08:40:45.876566
281540,133,2023-11-11,21.2,0,18.9,00:42,23.6,13:36,5,1.7,5,12:00,83,94,,70,13:30,2025-05-07 08:40:46.108220,2025-05-07 08:40:46.108220
281558,133,2023-11-12,20.8,0,18.4,22:46,23.2,14:52,32,1.4,4.7,06:00,85,96,19:50,73,15:00,2025-05-07 08:40:46.344583,2025-05-07 08:40:46.344583
281576,133,2023-11-13,21.6,0,16.7,07:32,26.5,13:47,30,1.1,4.2,00:10,65,96,07:50,39,13:20,2025-05-07 08:40:46.581514,2025-05-07 08:40:46.581514
281594,133,2023-11-14,22.4,0,17.9,04:38,27,14:41,14,1.7,6.9,12:10,61,92,05:00,35,,2025-05-07 08:40:46.836246,2025-05-07 08:40:46.836246
281611,133,2023-11-15,26.2,0,21.6,20:48,30.7,13:23,12,2.5,8.6,12:00,23,43,20:30,19,14:30,2025-05-07 08:40:47.062437,2025-05-07 08:40:47.062437
281629,133,2023-11-16,22.8,0,17.9,23:52,27.6,13:46,20,1.7,5,08:10,38,79,23:59,25,13:30,2025-05-07 08:40:47.309051,2025-05-07 08:40:47.309051
281647,133,2023-11-17,20.7,0,16.7,03:30,24.7,14:17,99,1.4,4.2,,70,95,21:50,38,06:20,2025-05-07 08:40:47.553915,2025-05-07 08:40:47.553915
281665,133,2023-11-18,21.2,0,16.3,06:44,26,13:31,8,1.1,4.2,13:50,79,96,07:50,38,01:10,2025-05-07 08:40:47.822701,2025-05-07 08:40:47.822701
281683,133,2023-11-19,20.6,0,15.3,02:32,26,13:13,11,2.2,6.9,14:00,70,98,05:10,34,22:50,2025-05-07 08:40:48.166448,2025-05-07 08:40:48.166448
281701,133,2023-11-20,23,0,19.6,02:42,26.5,13:59,14,2.5,6.7,,49,66,18:30,20,22:20,2025-05-07 08:40:48.479325,2025-05-07 08:40:48.479325
281719,133,2023-11-21,22.2,0,20.4,23:57,23.9,00:17,15,2.5,8.3,03:10,35,52,12:30,24,00:00,2025-05-07 08:40:48.785078,2025-05-07 08:40:48.785078
281737,133,2023-11-22,20,0,17.2,24:00,22.8,14:56,20,1.1,5,02:30,81,93,23:00,25,02:40,2025-05-07 08:40:49.054849,2025-05-07 08:40:49.054849
281755,133,2023-11-23,19.6,0,16,07:23,23.1,11:33,32,2.5,5.3,18:10,81,96,07:40,63,11:40,2025-05-07 08:40:49.366998,2025-05-07 08:40:49.366998
281773,133,2023-11-24,19,0,15.9,02:35,22.2,13:23,35,1.9,6.4,20:20,76,93,04:20,59,13:50,2025-05-07 08:40:49.638295,2025-05-07 08:40:49.638295
281791,133,2023-11-25,18.7,0,16.8,,20.6,13:16,32,2.8,8.6,14:10,76,88,,62,14:20,2025-05-07 08:40:49.874051,2025-05-07 08:40:49.874051
281809,133,2023-11-26,18.4,0.4,15.4,22:52,21.3,13:09,5,1.1,5.6,12:00,67,91,08:40,50,16:20,2025-05-07 08:40:50.123838,2025-05-07 08:40:50.123838
281827,133,2023-11-27,17.6,0,14.9,23:32,20.2,12:57,20,1.4,5.3,00:10,71,82,20:30,64,15:40,2025-05-07 08:40:50.329613,2025-05-07 08:40:50.329613
281845,133,2023-11-28,18.2,0,14.7,07:49,21.8,12:08,8,2.2,5.3,13:20,72,85,20:00,56,11:40,2025-05-07 08:40:50.559415,2025-05-07 08:40:50.559415
281863,133,2023-11-29,17.8,0,14.5,07:09,21,14:24,11,3.1,7.2,13:30,72,89,22:40,62,14:20,2025-05-07 08:40:50.816861,2025-05-07 08:40:50.816861
