id,code,name,province,altitude,latitude,longitude,synop_code,created_at,updated_at
9,B275E,"SON BONET, AEROPUERTO",BALEARES,47,393621N,024224E,08302,2025-05-05 18:26:08.151855,2025-05-05 18:26:08.151855
10,B278,"PALMA DE MALLORCA, AEROPUERTO",BALEARES,5,393339N,024412E,08306,2025-05-05 18:26:08.153367,2025-05-05 18:26:08.153367
31,B691,LA PUEBLA (SA CANOVA),BALEARES,40,394454N,030055E,"",2025-05-05 18:26:08.177895,2025-05-05 18:26:08.177895
32,B691Y,SA POBLA,BALEARES,32,394457N,030100E,08312,2025-05-05 18:26:08.178870,2025-05-05 18:26:08.178870
39,B893,"MENORCA, AEROPUERTO",BALEARES,91,395117N,041256E,08314,2025-05-05 18:26:08.186866,2025-05-05 18:26:08.186866
45,C018J,TAS,LAS PALMAS,376,285811N,134125W,"",2025-05-05 18:26:08.192591,2025-05-05 18:26:08.192591
46,C019V,YAIZA PLAYA BLANCA,LAS PALMAS,6,285132N,135006W,"",2025-05-05 18:26:08.193566,2025-05-05 18:26:08.193566
47,C029O,LANZAROTE AEROPUERTO,LAS PALMAS,14,285707N,133601W,60040,2025-05-05 18:26:08.194572,2025-05-05 18:26:08.194572
49,C048W,TINAJO,LAS PALMAS,275,290233N,134051W,"",2025-05-05 18:26:08.196875,2025-05-05 18:26:08.196875
50,C101A,ROQUE DE LOS MUCHACHOS,STA. CRUZ DE TENERIFE,2223,284521N,175343W,"",2025-05-05 18:26:08.197746,2025-05-05 18:26:08.197746
51,C117A,PUNTAGORDA,STA. CRUZ DE TENERIFE,684,284538N,175908W,"",2025-05-05 18:26:08.198638,2025-05-05 18:26:08.198638
52,C117Z,TIJARAFE,STA. CRUZ DE TENERIFE,733,284029N,175612W,"",2025-05-05 18:26:08.199465,2025-05-05 18:26:08.199465
53,C126A,EL PASO,STA. CRUZ DE TENERIFE,844,283914N,175111W,"",2025-05-05 18:26:08.200334,2025-05-05 18:26:08.200334
54,C129V,FUENCALIENTE,STA. CRUZ DE TENERIFE,19,282718N,175028W,"",2025-05-05 18:26:08.201156,2025-05-05 18:26:08.201156
55,C129Z,TAZACORTE,STA. CRUZ DE TENERIFE,62,283545N,175455W,60004,2025-05-05 18:26:08.202033,2025-05-05 18:26:08.202033
57,C148F,SAN ANDRS Y SAUCES,STA. CRUZ DE TENERIFE,362,284817N,174656W,"",2025-05-05 18:26:08.203757,2025-05-05 18:26:08.203757
59,C239N,"TUINEJE,PUERTO GRAN TARAJAL",LAS PALMAS,1,281231N,140123W,"",2025-05-05 18:26:08.205618,2025-05-05 18:26:08.205618
60,C248E,ANTIGUA,LAS PALMAS,252,282501N,140109W,"",2025-05-05 18:26:08.206507,2025-05-05 18:26:08.206507
61,C249I,FUERTEVENTURA AEROPUERTO,LAS PALMAS,25,282641N,135147W,60035,2025-05-05 18:26:08.207389,2025-05-05 18:26:08.207389
62,C258K,LA OLIVA,LAS PALMAS,217,283645N,135554W,"",2025-05-05 18:26:08.208197,2025-05-05 18:26:08.208197
63,C314Z,"VALLEHERMOSO, ALTO IGUALERO  ",STA. CRUZ DE TENERIFE,1474,280625N,171457W,"",2025-05-05 18:26:08.209030,2025-05-05 18:26:08.209030
64,C316I,ARURE,STA. CRUZ DE TENERIFE,916,280742N,171854W,"",2025-05-05 18:26:08.209896,2025-05-05 18:26:08.209896
65,C317B,AGULO,STA. CRUZ DE TENERIFE,765,281044N,171247W,"",2025-05-05 18:26:08.210954,2025-05-05 18:26:08.210954
66,C319W,"VALLEHERMOSO, DAMA",STA. CRUZ DE TENERIFE,190,280315N,171823W,"",2025-05-05 18:26:08.212004,2025-05-05 18:26:08.212004
67,C328W,HERMIGUA,STA. CRUZ DE TENERIFE,252,280949N,171139W,"",2025-05-05 18:26:08.213081,2025-05-05 18:26:08.213081
68,C329B,"LA GOMERA, AEROPUERTO",STA. CRUZ DE TENERIFE,219,280154N,171239W,60007,2025-05-05 18:26:08.214262,2025-05-05 18:26:08.214262
69,C329Z,SAN SEBASTIN DE LA GOMERA,STA. CRUZ DE TENERIFE,15,280523N,170641W,60008,2025-05-05 18:26:08.215245,2025-05-05 18:26:08.215245
726,7080X,MORATALLA,MURCIA,955,381606N,015911W,"",2025-05-05 18:26:08.991870,2025-05-05 18:26:08.991870
56,C139E,LA PALMA AEROPUERTO,STA. CRUZ DE TENERIFE,33,283759N,174518W,60005,2025-05-05 18:26:08.202888,2025-05-05 18:26:08.202888
48,C038N,HARÍA,LAS PALMAS,277,290837N,132921W,"",2025-05-05 18:26:08.195778,2025-05-05 18:26:08.195778
58,C229J,PÁJARA,LAS PALMAS,15,280257N,142129W,"",2025-05-05 18:26:08.204613,2025-05-05 18:26:08.204613
70,C406G,"LA OROTAVA, CAADAS TEIDE",STA. CRUZ DE TENERIFE,2150,281327N,163734W,"",2025-05-05 18:26:08.216167,2025-05-05 18:26:08.216167
71,C412N,CITFAGRO_89_CHAVAO,STA. CRUZ DE TENERIFE,2071,281311N,164219W,"",2025-05-05 18:26:08.218110,2025-05-05 18:26:08.218110
72,C415A,CITFAGRO_64_HOYOS,STA. CRUZ DE TENERIFE,990,281819N,164820W,"",2025-05-05 18:26:08.219032,2025-05-05 18:26:08.219032
73,C417J,CITFAGRO_74_CHIO,STA. CRUZ DE TENERIFE,735,281400N,164721W,"",2025-05-05 18:26:08.219911,2025-05-05 18:26:08.219911
74,C418I,CITFAGRO_05_GUIAISO1,STA. CRUZ DE TENERIFE,476,281252N,164723W,"",2025-05-05 18:26:08.220758,2025-05-05 18:26:08.220758
75,C418L,CITFAGRO_76_POZO,STA. CRUZ DE TENERIFE,700,281201N,164547W,"",2025-05-05 18:26:08.222114,2025-05-05 18:26:08.222114
77,C419X,ADEJE,STA. CRUZ DE TENERIFE,130,280453N,164238W,"",2025-05-05 18:26:08.224023,2025-05-05 18:26:08.224023
78,C422A,CITFAGRO_94_LOSTOPOS,STA. CRUZ DE TENERIFE,1833,281019N,163905W,"",2025-05-05 18:26:08.224970,2025-05-05 18:26:08.224970
79,C423R,CITFAGRO_90_PICACHO,STA. CRUZ DE TENERIFE,1654,281327N,163116W,"",2025-05-05 18:26:08.225852,2025-05-05 18:26:08.225852
80,C426E,CITFAGRO_13_VILAFLOR,STA. CRUZ DE TENERIFE,1258,280839N,163741W,"",2025-05-05 18:26:08.226742,2025-05-05 18:26:08.226742
81,C426I,CITFAGRO_77_PINAL,STA. CRUZ DE TENERIFE,880,280737N,163621W,"",2025-05-05 18:26:08.227628,2025-05-05 18:26:08.227628
82,C426R,CITFAGRO_09_HELECHO,STA. CRUZ DE TENERIFE,930,281301N,162926W,"",2025-05-05 18:26:08.228605,2025-05-05 18:26:08.228605
83,C428T,ARICO,STA. CRUZ DE TENERIFE,418,281051N,162860W,"",2025-05-05 18:26:08.229657,2025-05-05 18:26:08.229657
84,C428U,CITFAGRO_01_ARICO,STA. CRUZ DE TENERIFE,135,280752N,162821W,"",2025-05-05 18:26:08.231041,2025-05-05 18:26:08.231041
87,C436I,CITFAGRO_54_TOPONEGRO,STA. CRUZ DE TENERIFE,290,281935N,162420W,"",2025-05-05 18:26:08.234514,2025-05-05 18:26:08.234514
88,C436L,CITFAGRO_96_ARAYA,STA. CRUZ DE TENERIFE,525,282214N,162351W,"",2025-05-05 18:26:08.235615,2025-05-05 18:26:08.235615
89,C437E,CITFAGRO_81_MENA,STA. CRUZ DE TENERIFE,500,281611N,162511W,"",2025-05-05 18:26:08.236736,2025-05-05 18:26:08.236736
90,C438N,CANDELARIA,STA. CRUZ DE TENERIFE,463,282133N,162406W,"",2025-05-05 18:26:08.237847,2025-05-05 18:26:08.237847
92,C446G,"SAN CRISTBAL DE LA LAGUNA,LLANO DE LOS LOROS",STA. CRUZ DE TENERIFE,868,283135N,161649W,"",2025-05-05 18:26:08.239869,2025-05-05 18:26:08.239869
94,C448C,CITFAGRO_92_SANTACRUZ,STA. CRUZ DE TENERIFE,136,282745N,161624W,"",2025-05-05 18:26:08.241929,2025-05-05 18:26:08.241929
96,C449F,ANAGA ,STA. CRUZ DE TENERIFE,19,283029N,161144W,"",2025-05-05 18:26:08.244067,2025-05-05 18:26:08.244067
97,C449Q,CITFAGRO_97_TAGANANA,STA. CRUZ DE TENERIFE,305,283336N,161341W,"",2025-05-05 18:26:08.245009,2025-05-05 18:26:08.245009
98,C453I,CITFAGRO_88_GAITERO,STA. CRUZ DE TENERIFE,1744,282341N,162600W,"",2025-05-05 18:26:08.245983,2025-05-05 18:26:08.245983
99,C455M,CITFAGRO_87_AGUAMANSA,STA. CRUZ DE TENERIFE,1065,282142N,162949W,"",2025-05-05 18:26:08.246880,2025-05-05 18:26:08.246880
100,C456E,CITFAGRO_10_RAVELO,STA. CRUZ DE TENERIFE,922,282714N,162431W,"",2025-05-05 18:26:08.247808,2025-05-05 18:26:08.247808
101,C456P,CITFAGRO_70_BENIJO,STA. CRUZ DE TENERIFE,906,282141N,163248W,"",2025-05-05 18:26:08.248731,2025-05-05 18:26:08.248731
102,C456R,CITFAGRO_69_SUERTE,STA. CRUZ DE TENERIFE,551,282222N,163231W,"",2025-05-05 18:26:08.249637,2025-05-05 18:26:08.249637
103,C457E,CITFAGRO_67_MATANZA,STA. CRUZ DE TENERIFE,650,282658N,162617W,"",2025-05-05 18:26:08.250524,2025-05-05 18:26:08.250524
104,C457I,LA VICTORIA DE ACENTEJO,STA. CRUZ DE TENERIFE,567,282604N,162716W,"",2025-05-05 18:26:08.251468,2025-05-05 18:26:08.251468
105,C458A,TACORONTE,STA. CRUZ DE TENERIFE,310,282947N,162512W,"",2025-05-05 18:26:08.252337,2025-05-05 18:26:08.252337
106,C458U,CITFAGRO_71_PALOB,STA. CRUZ DE TENERIFE,595,282207N,163441W,"",2025-05-05 18:26:08.253205,2025-05-05 18:26:08.253205
107,C459Z,PUERTO DE LA CRUZ,STA. CRUZ DE TENERIFE,25,282505N,163254W,60012,2025-05-05 18:26:08.254385,2025-05-05 18:26:08.254385
108,C466O,CITFAGRO_91_CUBO,STA. CRUZ DE TENERIFE,878,282021N,164740W,"",2025-05-05 18:26:08.255644,2025-05-05 18:26:08.255644
109,C467I,CITFAGRO_73_REDON,STA. CRUZ DE TENERIFE,525,282112N,164230W,"",2025-05-05 18:26:08.256657,2025-05-05 18:26:08.256657
110,C468I,CITFAGRO_98_ELDRAGO,STA. CRUZ DE TENERIFE,218,282201N,164320W,"",2025-05-05 18:26:08.257645,2025-05-05 18:26:08.257645
111,C468O,CITFAGRO_62_TRIGO,STA. CRUZ DE TENERIFE,450,282125N,164805W,"",2025-05-05 18:26:08.258617,2025-05-05 18:26:08.258617
112,C468X,SAN JUAN DE LA RAMBLA,STA. CRUZ DE TENERIFE,667,282223N,163733W,"",2025-05-05 18:26:08.259571,2025-05-05 18:26:08.259571
113,C611E,VEGA DE SAN MATEO,LAS PALMAS,1702,275836N,153502W,"",2025-05-05 18:26:08.260665,2025-05-05 18:26:08.260665
114,C612F,"TEJEDA, CRUZ DE TEJEDA",LAS PALMAS,1514,280025N,153556W,"",2025-05-05 18:26:08.261729,2025-05-05 18:26:08.261729
115,C614H,TEJEDA,LAS PALMAS,1060,275942N,153657W,60038,2025-05-05 18:26:08.262904,2025-05-05 18:26:08.262904
117,C619X,AGAETE,LAS PALMAS,5,280604N,154246W,"",2025-05-05 18:26:08.265997,2025-05-05 18:26:08.265997
119,C623I,"SAN BARTOLOME TIRAJANA, CUEVAS DEL PINAR",LAS PALMAS,1220,275536N,153559W,"",2025-05-05 18:26:08.268135,2025-05-05 18:26:08.268135
120,C625O,"SAN BARTOLOME TIRAJANA, LOMO PEDRO ALFONSO",LAS PALMAS,806,275125N,153842W,"",2025-05-05 18:26:08.269142,2025-05-05 18:26:08.269142
124,C635B,"SAN BARTOLOME TIRAJANA, LAS TIRAJANAS",LAS PALMAS,960,275512N,153427W,"",2025-05-05 18:26:08.273572,2025-05-05 18:26:08.273572
125,C639M,"MASPALOMAS, C. INSULAR TURISMO ",LAS PALMAS,45,274529N,153432W,"",2025-05-05 18:26:08.274527,2025-05-05 18:26:08.274527
126,C639U,"SAN BARTOLOME TIRAJANA, EL MATORRAL",LAS PALMAS,41,274845N,152711W,"",2025-05-05 18:26:08.275554,2025-05-05 18:26:08.275554
128,C648N,"TELDE, CENTRO FORESTAL DORAMAS",LAS PALMAS,344,275915N,152728W,"",2025-05-05 18:26:08.277640,2025-05-05 18:26:08.277640
129,C649I,GRAN CANARIA AEROPUERTO,LAS PALMAS,24,275504N,152343W,60030,2025-05-05 18:26:08.278674,2025-05-05 18:26:08.278674
130,C649R,"TELDE, MELENARA",LAS PALMAS,9,275912N,152240W,"",2025-05-05 18:26:08.279798,2025-05-05 18:26:08.279798
131,C656V,TEROR,LAS PALMAS,683,280431N,153250W,"",2025-05-05 18:26:08.281080,2025-05-05 18:26:08.281080
132,C658L,LAS PALMAS DE G.C. (TAFIRA CMT),LAS PALMAS,269,280430N,152703W,"",2025-05-05 18:26:08.282287,2025-05-05 18:26:08.282287
133,C658X,"LAS PALMAS DE GRAN CANARIA, TAFIRA",LAS PALMAS,269,280441N,152712W,"",2025-05-05 18:26:08.283380,2025-05-05 18:26:08.283380
134,C659H,"LAS PALMAS DE GRAN CANARIA, SAN CRISTOBAL",LAS PALMAS,55,280523N,152458W,60029,2025-05-05 18:26:08.284682,2025-05-05 18:26:08.284682
127,C648C,AGUIMES,LAS PALMAS,306,275409N,152714W,"",2025-05-05 18:26:08.276525,2025-05-05 18:26:08.276525
122,C629Q,"MOGAN, PUERTO RICO",LAS PALMAS,10,274648N,154240W,"",2025-05-05 18:26:08.271265,2025-05-05 18:26:08.271265
121,C628B,"LA ALDEA DE SAN NICOLAS, TASARTE",LAS PALMAS,318,275432N,154612W,"",2025-05-05 18:26:08.270163,2025-05-05 18:26:08.270163
118,C619Y,LA ALDEA DE SAN NICOLAS,LAS PALMAS,13,280004N,154827W,60027,2025-05-05 18:26:08.267075,2025-05-05 18:26:08.267075
116,C619I,LA ALDEA DE SAN NICOLAS,LAS PALMAS,10,280003N,154850W,60027,2025-05-05 18:26:08.264532,2025-05-05 18:26:08.264532
123,C629X,"MOGAN, PUERTO",LAS PALMAS,10,274859N,154551W,60036,2025-05-05 18:26:08.272576,2025-05-05 18:26:08.272576
135,C659M,"LAS PALMAS DE GRAN CANARIA, PL. DE LA FERIA",LAS PALMAS,15,280647N,152517W,60032,2025-05-05 18:26:08.286380,2025-05-05 18:26:08.286380
136,C665T,VALLESECO,LAS PALMAS,900,280356N,153356W,"",2025-05-05 18:26:08.287816,2025-05-05 18:26:08.287816
137,C668V,AGAETE - SUERTE ALTA,LAS PALMAS,352,280540N,154030W,"",2025-05-05 18:26:08.289604,2025-05-05 18:26:08.289604
138,C669B,ARUCAS,LAS PALMAS,86,280830N,153024W,"",2025-05-05 18:26:08.290655,2025-05-05 18:26:08.290655
139,C689E,MASPALOMAS,LAS PALMAS,6,274409N,153545W,60037,2025-05-05 18:26:08.291712,2025-05-05 18:26:08.291712
140,C839I,TEGUISE,LAS PALMAS,10,291355N,133007W,"",2025-05-05 18:26:08.292765,2025-05-05 18:26:08.292765
141,C839X,LA GRACIOSA,LAS PALMAS,19,291347N,133037W,60045,2025-05-05 18:26:08.293749,2025-05-05 18:26:08.293749
142,C916Q,"EL PINAR, DEPSITO",STA. CRUZ DE TENERIFE,948,274308N,175841W,"",2025-05-05 18:26:08.294693,2025-05-05 18:26:08.294693
143,C917E,"EL PINAR, LA DEHESA",STA. CRUZ DE TENERIFE,713,274331N,180654W,"",2025-05-05 18:26:08.295796,2025-05-05 18:26:08.295796
144,C919K,TACORON-LAPILLAS-TORTUGA,STA. CRUZ DE TENERIFE,98,273955N,180107W,"",2025-05-05 18:26:08.297093,2025-05-05 18:26:08.297093
145,C925F,"SAN ANDRS, VALVERDE",STA. CRUZ DE TENERIFE,1070,274608N,175737W,"",2025-05-05 18:26:08.298178,2025-05-05 18:26:08.298178
146,C928I,VALVERDE,STA. CRUZ DE TENERIFE,670,274839N,175510W,"",2025-05-05 18:26:08.299190,2025-05-05 18:26:08.299190
148,C939T,"FRONTERA, SABINOSA",STA. CRUZ DE TENERIFE,20,274523N,180627W,"",2025-05-05 18:26:08.301397,2025-05-05 18:26:08.301397
149,0002I,VANDELLS  ,TARRAGONA,32,405729N,005217E,08169,2025-05-05 18:26:08.302621,2025-05-05 18:26:08.302621
150,0009X,ALFORJA,TARRAGONA,406,411250N,005748E,"",2025-05-05 18:26:08.303818,2025-05-05 18:26:08.303818
151,0016A,REUS AEROPUERTO,TARRAGONA,71,410842N,010949E,08175,2025-05-05 18:26:08.304977,2025-05-05 18:26:08.304977
152,0016B,REUS (CENTRE LECTURA),TARRAGONA,118,410915N,010632E,"",2025-05-05 18:26:08.306507,2025-05-05 18:26:08.306507
153,0034X,VALLS,TARRAGONA,233,411735N,011539E,"",2025-05-05 18:26:08.308146,2025-05-05 18:26:08.308146
154,0042Y,TARRAGONA ,TARRAGONA,55,410726N,011457E,"",2025-05-05 18:26:08.309374,2025-05-05 18:26:08.309374
155,0061X,PONTONS,BARCELONA,632,412501N,013109E,"",2025-05-05 18:26:08.310460,2025-05-05 18:26:08.310460
156,0066X,VILAFRANCA DEL PENEDS,BARCELONA,177,411949N,014037E,"",2025-05-05 18:26:08.311511,2025-05-05 18:26:08.311511
157,0073X,SITGES,BARCELONA,58,411438N,015109E,"",2025-05-05 18:26:08.312541,2025-05-05 18:26:08.312541
158,0076,BARCELONA AEROPUERTO,BARCELONA,4,411734N,020412E,08181,2025-05-05 18:26:08.313580,2025-05-05 18:26:08.313580
159,0092X,BERGA,BARCELONA,682,420605N,015127E,"",2025-05-05 18:26:08.314700,2025-05-05 18:26:08.314700
160,0106X,BALSARENY,BARCELONA,361,415159N,015221E,"",2025-05-05 18:26:08.315731,2025-05-05 18:26:08.315731
161,0114X,PRATS DE LLUANS,BARCELONA,700,420025N,020136E,"",2025-05-05 18:26:08.317610,2025-05-05 18:26:08.317610
162,0120X,MOI,BARCELONA,742,414848N,020543E,"",2025-05-05 18:26:08.319993,2025-05-05 18:26:08.319993
163,0149D,MANRESA (LA CULLA),BARCELONA,291,414312N,015025E,"",2025-05-05 18:26:08.322461,2025-05-05 18:26:08.322461
164,0149X,MANRESA,BARCELONA,291,414312N,015025E,08174,2025-05-05 18:26:08.324296,2025-05-05 18:26:08.324296
165,0158O,MONTSERRAT,BARCELONA,738,413540N,015021E,"",2025-05-05 18:26:08.325840,2025-05-05 18:26:08.325840
166,0158X,MONISTROL DE MONTSERRAT,BARCELONA,738,413540N,015021E,"",2025-05-05 18:26:08.327261,2025-05-05 18:26:08.327261
167,0171X,IGUALADA,BARCELONA,313,413444N,013704E,08172,2025-05-05 18:26:08.329045,2025-05-05 18:26:08.329045
168,0194D,"CORBERA, PIC D'AGULLES",BARCELONA,647,412429N,015306E,08179,2025-05-05 18:26:08.332421,2025-05-05 18:26:08.332421
169,0200E,"BARCELONA, FABRA",BARCELONA,408,412506N,020727E,"",2025-05-05 18:26:08.334341,2025-05-05 18:26:08.334341
170,0201D,"BARCELONA, PORT OLMPIC",BARCELONA,26,412326N,021200E,08180,2025-05-05 18:26:08.335717,2025-05-05 18:26:08.335717
171,0201X,"BARCELONA, DRASSANES",BARCELONA,11,412230N,021026E,"",2025-05-05 18:26:08.338013,2025-05-05 18:26:08.338013
172,0222X,CALDES DE MONTBUI,BARCELONA,175,413646N,021006E,"",2025-05-05 18:26:08.345113,2025-05-05 18:26:08.345113
173,0229I,SABADELL AEROPUERTO,BARCELONA,146,413125N,020611E,08192,2025-05-05 18:26:08.348453,2025-05-05 18:26:08.348453
174,0244X,VILASSAR DE DALT,BARCELONA,56,413018N,022145E,"",2025-05-05 18:26:08.350747,2025-05-05 18:26:08.350747
175,0252D,ARENYS DE MAR,BARCELONA,74,413514N,023224E,08186,2025-05-05 18:26:08.352415,2025-05-05 18:26:08.352415
176,0255B,SANTA SUSANNA,BARCELONA,40,413903N,024149E,08188,2025-05-05 18:26:08.354430,2025-05-05 18:26:08.354430
177,0260X,FOGARS DE MONTCLS,BARCELONA,936,414536N,022552E,"",2025-05-05 18:26:08.358147,2025-05-05 18:26:08.358147
178,0281Y,BLANES,GIRONA,45,414037N,024818E,"",2025-05-05 18:26:08.360899,2025-05-05 18:26:08.360899
179,0284X,CASTELL D'ARO,GIRONA,14,414828N,030151E,"",2025-05-05 18:26:08.362949,2025-05-05 18:26:08.362949
180,0294B,LA BISBAL (D'EMPORDA 3),GIRONA,51,415804N,030232E,"",2025-05-05 18:26:08.364884,2025-05-05 18:26:08.364884
181,0312X,SANT PAU DE SEGRIES,GIRONA,851,421530N,022152E,"",2025-05-05 18:26:08.367561,2025-05-05 18:26:08.367561
182,0320I,PLANOLES,GIRONA,1151,421901N,020610E,"",2025-05-05 18:26:08.370060,2025-05-05 18:26:08.370060
183,0321,CAMPDEVANOL,GIRONA,731,421322N,021002E,"",2025-05-05 18:26:08.371342,2025-05-05 18:26:08.371342
184,0324A,RIPOLL,GIRONA,675,421129N,021146E,08118,2025-05-05 18:26:08.372548,2025-05-05 18:26:08.372548
185,0341,TONA (ESCOLA),BARCELONA,611,415048N,021336E,"",2025-05-05 18:26:08.373601,2025-05-05 18:26:08.373601
186,0341X,TONA,BARCELONA,607,415049N,021321E,"",2025-05-05 18:26:08.375084,2025-05-05 18:26:08.375084
187,0349,SANT JULI  DE VILATORTA,BARCELONA,578,415534N,021903E,08119,2025-05-05 18:26:08.376261,2025-05-05 18:26:08.376261
188,0360X,LES PLANES D'HOSTOLES,GIRONA,337,420310N,023304E,"",2025-05-05 18:26:08.377632,2025-05-05 18:26:08.377632
189,0363X,SANT HILARI,GIRONA,810,415251N,023048E,"",2025-05-05 18:26:08.378611,2025-05-05 18:26:08.378611
190,0367,GIRONA AEROPUERTO,GIRONA,143,415442N,024548E,08184,2025-05-05 18:26:08.379662,2025-05-05 18:26:08.379662
191,0370B,"GIRONA, ANTIC INSTITUT",GIRONA,95,415848N,024931E,"",2025-05-05 18:26:08.380646,2025-05-05 18:26:08.380646
192,0370E,GIRONA,GIRONA,76,415820N,024910E,"",2025-05-05 18:26:08.381564,2025-05-05 18:26:08.381564
193,0372C,PORQUERES,GIRONA,157,420616N,024549E,08120,2025-05-05 18:26:08.382478,2025-05-05 18:26:08.382478
194,0385X,L'ESTARTIT,GIRONA,1,420314N,031205E,"",2025-05-05 18:26:08.383811,2025-05-05 18:26:08.383811
195,0394X,LA VALL DE BIANYA,GIRONA,350,421238N,022819E,"",2025-05-05 18:26:08.384773,2025-05-05 18:26:08.384773
196,0411X,CASTELL D'EMPRIES,GIRONA,2,421329N,030535E,"",2025-05-05 18:26:08.385696,2025-05-05 18:26:08.385696
197,0413A,MAANET DE CABRENYS,GIRONA,355,422313N,024520E,"",2025-05-05 18:26:08.386647,2025-05-05 18:26:08.386647
198,0421E,ESPOLLA 'LES ALBERES',GIRONA,100,422324N,030022E,"",2025-05-05 18:26:08.387714,2025-05-05 18:26:08.387714
199,0421X,ESPOLLA,GIRONA,100,422324N,030022E,"",2025-05-05 18:26:08.388808,2025-05-05 18:26:08.388808
200,0429X,FIGUERES,GIRONA,45,421533N,025737E,"",2025-05-05 18:26:08.390124,2025-05-05 18:26:08.390124
201,0433D,CABO DE CREUS,GIRONA,75,421909N,031856E,08121,2025-05-05 18:26:08.391096,2025-05-05 18:26:08.391096
202,1002Y,"BAZTAN, IRURITA ",NAVARRA,183,430809N,013235W,08030,2025-05-05 18:26:08.392215,2025-05-05 18:26:08.392215
203,1010X,BERA,NAVARRA,54,431643N,014033W,"",2025-05-05 18:26:08.393439,2025-05-05 18:26:08.393439
204,1012P,IRUN,GIPUZKOA,120,431935N,014748W,"",2025-05-05 18:26:08.394398,2025-05-05 18:26:08.394398
205,1014,"HONDARRIBIA, MALKARROA",GIPUZKOA,4,432125N,014732W,08029,2025-05-05 18:26:08.395483,2025-05-05 18:26:08.395483
206,1014A,DONOSTIA / SAN SEBASTIN AEROPUERTO,GIPUZKOA,4,432125N,014732W,08029,2025-05-05 18:26:08.397346,2025-05-05 18:26:08.397346
877,9495Y,LECIENA,ZARAGOZA,405,414748N,003702W,"",2025-05-05 18:26:09.179039,2025-05-05 18:26:09.179039
207,1021X,"ERRENTERIA, AARBE",GIPUZKOA,165,431250N,015244W,"",2025-05-05 18:26:08.398460,2025-05-05 18:26:08.398460
208,1021Y,ARTICUTZA (AUTOMATICA),NAVARRA,305,431244N,014752W,"",2025-05-05 18:26:08.399547,2025-05-05 18:26:08.399547
209,1024E,"DONOSTIA / SAN SEBASTIN, IGELDO",GIPUZKOA,250,431823N,020228W,08027,2025-05-05 18:26:08.400680,2025-05-05 18:26:08.400680
210,1025A,SEGURA,GIPUZKOA,255,430056N,021524W,"",2025-05-05 18:26:08.401793,2025-05-05 18:26:08.401793
211,1025X,"BEASAIN, ARRIARAN",GIPUZKOA,255,430317N,021355W,"",2025-05-05 18:26:08.402939,2025-05-05 18:26:08.402939
212,1026X,ORDIZIA,GIPUZKOA,290,430329N,021103W,"",2025-05-05 18:26:08.404732,2025-05-05 18:26:08.404732
213,1033X,ARESO,NAVARRA,520,430506N,015703W,"",2025-05-05 18:26:08.405756,2025-05-05 18:26:08.405756
214,1037X,LEGAZPI,GIPUZKOA,460,430306N,022014W,"",2025-05-05 18:26:08.406688,2025-05-05 18:26:08.406688
215,1037Y,ZUMARRAGA,GIPUZKOA,420,430448N,021903W,08037,2025-05-05 18:26:08.407761,2025-05-05 18:26:08.407761
216,1038X,AZPEITIA,GIPUZKOA,180,431021N,021602W,"",2025-05-05 18:26:08.408880,2025-05-05 18:26:08.408880
217,1041A,ZUMAIA,GIPUZKOA,28,431808N,021504W,08026,2025-05-05 18:26:08.410203,2025-05-05 18:26:08.410203
218,1044X,"ARAMAIO, ETXAGUEN",ARABA/ALAVA,617,430328N,023523W,"",2025-05-05 18:26:08.411372,2025-05-05 18:26:08.411372
219,1048X,ARETXABALETA,GIPUZKOA,308,430130N,022757W,"",2025-05-05 18:26:08.412548,2025-05-05 18:26:08.412548
220,1049N,ELGETA,GIPUZKOA,470,430818N,022945W,"",2025-05-05 18:26:08.413769,2025-05-05 18:26:08.413769
221,1050J,ELGOIBAR,GIPUZKOA,119,431233N,022448W,08036,2025-05-05 18:26:08.414990,2025-05-05 18:26:08.414990
222,1052A,MUTRIKU,GIPUZKOA,150,431902N,022350W,"",2025-05-05 18:26:08.416142,2025-05-05 18:26:08.416142
223,1055B,LEKEITIO,BIZKAIA,12,432237N,023037W,08024,2025-05-05 18:26:08.417260,2025-05-05 18:26:08.417260
224,1056K,FORUA,BIZKAIA,45,432033N,024016W,"",2025-05-05 18:26:08.418280,2025-05-05 18:26:08.418280
225,1057B,MATXITXAKO,BIZKAIA,93,432714N,024510W,"",2025-05-05 18:26:08.419351,2025-05-05 18:26:08.419351
226,1059X,PUNTA GALEA,BIZKAIA,81,432230N,030118W,08059,2025-05-05 18:26:08.420370,2025-05-05 18:26:08.420370
227,1060X,AMURRIO,ARABA/ALAVA,240,430301N,030020W,"",2025-05-05 18:26:08.421893,2025-05-05 18:26:08.421893
228,1064L,"OROZKO, IBARRA",BIZKAIA,270,430547N,025137W,"",2025-05-05 18:26:08.423015,2025-05-05 18:26:08.423015
229,1069Y,"ABADIO, URKIOLA",BIZKAIA,747,430557N,023839W,"",2025-05-05 18:26:08.423927,2025-05-05 18:26:08.423927
230,1074C,AMOREBIETA-ETXANO,BIZKAIA,100,431210N,024222W,"",2025-05-05 18:26:08.424811,2025-05-05 18:26:08.424811
231,1078C,BALMASEDA,BIZKAIA,210,431050N,031235W,"",2025-05-05 18:26:08.425698,2025-05-05 18:26:08.425698
232,1078I,GEES,BIZKAIA,208,431212N,030617W,08035,2025-05-05 18:26:08.426578,2025-05-05 18:26:08.426578
233,1082,BILBAO AEROPUERTO,BIZKAIA,42,431753N,025423W,08025,2025-05-05 18:26:08.427682,2025-05-05 18:26:08.427682
234,1083B,SOPUERTA,BIZKAIA,177,431647N,031007W,"",2025-05-05 18:26:08.428929,2025-05-05 18:26:08.428929
235,1083L,CASTRO URDIALES,CANTABRIA,45,432341N,031402W,08020,2025-05-05 18:26:08.430161,2025-05-05 18:26:08.430161
236,1089U,RAMALES DE LA VICTORIA,CANTABRIA,80,431521N,032815W,"",2025-05-05 18:26:08.431411,2025-05-05 18:26:08.431411
237,1096X,"BARCENA DE CICERO, TRETO",CANTABRIA,10,432348N,032811W,"",2025-05-05 18:26:08.432566,2025-05-05 18:26:08.432566
238,1103X,SAN ROQUE DE RIOMIERA,CANTABRIA,849,431339N,034316W,"",2025-05-05 18:26:08.433698,2025-05-05 18:26:08.433698
239,1109,SANTANDER AEROPUERTO,CANTABRIA,3,432526N,034932W,08021,2025-05-05 18:26:08.434822,2025-05-05 18:26:08.434822
240,1109X,SANTANDER AEROPUERTO,CANTABRIA,3,432543N,034953W,08021,2025-05-05 18:26:08.435964,2025-05-05 18:26:08.435964
241,1110,"SANTANDER, CIUDAD",CANTABRIA,64,432754N,034908W,"",2025-05-05 18:26:08.437127,2025-05-05 18:26:08.437127
242,1111,SANTANDER,CANTABRIA,52,432928N,034802W,08023,2025-05-05 18:26:08.438330,2025-05-05 18:26:08.438330
243,1111X,SANTANDER,CANTABRIA,51,432928N,034802W,08023,2025-05-05 18:26:08.439541,2025-05-05 18:26:08.439541
244,1124E,VILLACARRIEDO,CANTABRIA,196,431444N,035058W,"",2025-05-05 18:26:08.440466,2025-05-05 18:26:08.440466
245,1135C,"LOS TOJOS, BRCENA MAYOR",CANTABRIA,460,430849N,041251W,"",2025-05-05 18:26:08.441366,2025-05-05 18:26:08.441366
246,1152C,SAN FELICES DE BUELNA,CANTABRIA,105,431619N,040255W,"",2025-05-05 18:26:08.442272,2025-05-05 18:26:08.442272
247,1154H,"TORRELAVEGA, SIERRAPANDO",CANTABRIA,110,432131N,040139W,"",2025-05-05 18:26:08.443305,2025-05-05 18:26:08.443305
248,1159,SAN VICENTE DE LA BARQUERA,CANTABRIA,38,432336N,042332W,08017,2025-05-05 18:26:08.444225,2025-05-05 18:26:08.444225
249,1167B,"CAMALEO, FUENTE DE",CANTABRIA,1100,430838N,044846W,"",2025-05-05 18:26:08.445217,2025-05-05 18:26:08.445217
250,1167G,"MIRADOR DEL CABLE, PARQUE NACIONAL PICOS DE EUROPA",CANTABRIA,1910,430918N,044811W,"",2025-05-05 18:26:08.446466,2025-05-05 18:26:08.446466
251,1167J,"CORISCAO, PARQUE NACIONAL PICOS DE EUROPA",CANTABRIA,1722,430521N,044626W,"",2025-05-05 18:26:08.447762,2025-05-05 18:26:08.447762
252,1174I,"CILLRIGO DE LIBANA, TAMA",CANTABRIA,250,431058N,043606W,"",2025-05-05 18:26:08.448799,2025-05-05 18:26:08.448799
253,1176A,TRESVISO,CANTABRIA,940,431521N,044006W,"",2025-05-05 18:26:08.449750,2025-05-05 18:26:08.449750
254,1178R,"SOTRES, PARQUE NACIONAL PICOS DE EUROPA",ASTURIAS,1236,431415N,044412W,"",2025-05-05 18:26:08.450672,2025-05-05 18:26:08.450672
255,1178Y,"POSADA DE VALDEN, SOTO ",LEON,953,430843N,045554W,"",2025-05-05 18:26:08.451575,2025-05-05 18:26:08.451575
256,1179B,CABRALES,ASTURIAS,458,431840N,045110W,"",2025-05-05 18:26:08.452472,2025-05-05 18:26:08.452472
257,1183X,LLANES,ASTURIAS,10,432513N,044453W,08016,2025-05-05 18:26:08.453391,2025-05-05 18:26:08.453391
258,1186P,"AMIEVA, PANIZALES",ASTURIAS,370,431560N,050709W,"",2025-05-05 18:26:08.454421,2025-05-05 18:26:08.454421
259,1199X,"PILOA, BARGAU",ASTURIAS,280,432240N,052348W,"",2025-05-05 18:26:08.455538,2025-05-05 18:26:08.455538
260,1203D,COLUNGA,ASTURIAS,30,432932N,051450W,"",2025-05-05 18:26:08.456515,2025-05-05 18:26:08.456515
261,1207U,"GIJN, CAMPUS",ASTURIAS,26,433123N,053716W,08065,2025-05-05 18:26:08.457414,2025-05-05 18:26:08.457414
262,1208,GIJN,ASTURIAS,3,433220N,053815W,"",2025-05-05 18:26:08.458333,2025-05-05 18:26:08.458333
263,1208A,GIJN. LA MERCED,ASTURIAS,22,433230N,053943W,"",2025-05-05 18:26:08.459241,2025-05-05 18:26:08.459241
264,1208H,"GIJN, PUERTO",ASTURIAS,5,433335N,054203W,08014,2025-05-05 18:26:08.460132,2025-05-05 18:26:08.460132
265,1210X,CABO PEAS,ASTURIAS,100,433921N,055055W,08012,2025-05-05 18:26:08.461039,2025-05-05 18:26:08.461039
266,1212E,ASTURIAS AEROPUERTO,ASTURIAS,127,433401N,060239W,08011,2025-05-05 18:26:08.461939,2025-05-05 18:26:08.461939
267,1221D,PAJARES-VALGRANDE,ASTURIAS,1480,425843N,054635W,08031,2025-05-05 18:26:08.463134,2025-05-05 18:26:08.463134
268,1223P,"LENA, RONZN",ASTURIAS,370,430758N,054922W,"",2025-05-05 18:26:08.464261,2025-05-05 18:26:08.464261
269,1226X,"ALLER, FELECHOSA",ASTURIAS,750,430543N,052837W,"",2025-05-05 18:26:08.465318,2025-05-05 18:26:08.465318
270,1234P,"MIERES, BAIA",ASTURIAS,170,431630N,054909W,"",2025-05-05 18:26:08.466625,2025-05-05 18:26:08.466625
271,1249I,OVIEDO,ASTURIAS,336,432112N,055227W,08015,2025-05-05 18:26:08.467919,2025-05-05 18:26:08.467919
272,1249X,OVIEDO,ASTURIAS,334,432112N,055226W,08015,2025-05-05 18:26:08.468845,2025-05-05 18:26:08.468845
273,1272B,"TINEO, SOUTU",ASTURIAS,280,431725N,062312W,"",2025-05-05 18:26:08.469759,2025-05-05 18:26:08.469759
274,1276F,POLA DE SOMIEDO,ASTURIAS,670,430600N,061525W,"",2025-05-05 18:26:08.470666,2025-05-05 18:26:08.470666
275,1279X,"SALAS, CAMUO",ASTURIAS,240,432530N,061351W,"",2025-05-05 18:26:08.471735,2025-05-05 18:26:08.471735
276,1283U,CABO BUSTO,ASTURIAS,60,433409N,062812W,08010,2025-05-05 18:26:08.472765,2025-05-05 18:26:08.472765
277,1297E,CERVANTES,LUGO,1020,424607N,070103W,"",2025-05-05 18:26:08.473661,2025-05-05 18:26:08.473661
278,1302F,DEGAA,ASTURIAS,1310,425719N,062821W,"",2025-05-05 18:26:08.474868,2025-05-05 18:26:08.474868
279,1309C,"IBIAS, SAN ANTOLIN",ASTURIAS,780,430139N,065306W,"",2025-05-05 18:26:08.476014,2025-05-05 18:26:08.476014
280,1327A,"VILLAYN, ONETA",ASTURIAS,410,432756N,064024W,"",2025-05-05 18:26:08.477189,2025-05-05 18:26:08.477189
281,1331A,CASTROPOL,ASTURIAS,40,433129N,070153W,08009,2025-05-05 18:26:08.478475,2025-05-05 18:26:08.478475
282,1341B,"TARAMUNDI, OURIA",ASTURIAS,340,432456N,070340W,"",2025-05-05 18:26:08.479616,2025-05-05 18:26:08.479616
283,1342X,RIBADEO,LUGO,43,433226N,070459W,"",2025-05-05 18:26:08.480977,2025-05-05 18:26:08.480977
284,1344X,MONDOEDO,LUGO,125,432553N,072142W,"",2025-05-05 18:26:08.482181,2025-05-05 18:26:08.482181
285,1347T,BURELA,LUGO,80,433904N,072126W,"",2025-05-05 18:26:08.483387,2025-05-05 18:26:08.483387
286,1351,ESTACA DE BARES,A CORUA,90,434710N,074106W,08004,2025-05-05 18:26:08.484629,2025-05-05 18:26:08.484629
287,1354C,FERROL,A CORUA,4,432835N,081544W,08005,2025-05-05 18:26:08.485786,2025-05-05 18:26:08.485786
288,1363X,AS PONTES,A CORUA,343,432645N,075141W,"",2025-05-05 18:26:08.486941,2025-05-05 18:26:08.486941
289,1387,A CORUA,A CORUA,57,432157N,082517W,08001,2025-05-05 18:26:08.488091,2025-05-05 18:26:08.488091
290,1387D,A CORUA BENS,A CORUA,132,432148N,082631W,08000,2025-05-05 18:26:08.489292,2025-05-05 18:26:08.489292
291,1387E,A CORUA AEROPUERTO,A CORUA,98,431825N,082219W,08002,2025-05-05 18:26:08.490671,2025-05-05 18:26:08.490671
292,1390X,"CARBALLO, DEPURADORA",A CORUA,98,431213N,084240W,"",2025-05-05 18:26:08.491723,2025-05-05 18:26:08.491723
293,1393,CABO VILN,A CORUA,50,430938N,091239W,08006,2025-05-05 18:26:08.492886,2025-05-05 18:26:08.492886
294,1399,VIMIANZO,A CORUA,287,430327N,090249W,"",2025-05-05 18:26:08.493875,2025-05-05 18:26:08.493875
295,1400,FISTERRA,A CORUA,230,425529N,091729W,08040,2025-05-05 18:26:08.494912,2025-05-05 18:26:08.494912
296,1406X,MAZARICOS,A CORUA,340,425607N,085937W,"",2025-05-05 18:26:08.495877,2025-05-05 18:26:08.495877
297,1410X,SOBRADO,A CORUA,500,430216N,080120W,"",2025-05-05 18:26:08.496868,2025-05-05 18:26:08.496868
298,1428,SANTIAGO DE COMPOSTELA AEROPUERTO,A CORUA,370,425317N,082438W,08042,2025-05-05 18:26:08.497796,2025-05-05 18:26:08.497796
299,1435C,NOIA,A CORUA,128,424801N,085234W,"",2025-05-05 18:26:08.498705,2025-05-05 18:26:08.498705
300,1437O,MONTE IROITE,A CORUA,685,424314N,085524W,08043,2025-05-05 18:26:08.499601,2025-05-05 18:26:08.499601
301,1442U,BOIRO,A CORUA,10,423838N,085332W,"",2025-05-05 18:26:08.500525,2025-05-05 18:26:08.500525
302,1446X,MONTERROSO,LUGO,680,424835N,074606W,"",2025-05-05 18:26:08.501430,2025-05-05 18:26:08.501430
303,1455I,RODEIRO-VILAMAIOR,PONTEVEDRA,645,424240N,075714W,"",2025-05-05 18:26:08.502551,2025-05-05 18:26:08.502551
304,1465U,LALIN-CRISTIMIL,PONTEVEDRA,463,423956N,081133W,"",2025-05-05 18:26:08.503688,2025-05-05 18:26:08.503688
305,1466A,SILLEDA,PONTEVEDRA,435,424203N,081528W,"",2025-05-05 18:26:08.504748,2025-05-05 18:26:08.504748
306,1468X,A ESTRADA,PONTEVEDRA,269,424137N,083007W,"",2025-05-05 18:26:08.505991,2025-05-05 18:26:08.505991
307,1473A,PADRN,A CORUA,100,424418N,083738W,08039,2025-05-05 18:26:08.506967,2025-05-05 18:26:08.506967
308,1475X,SANTIAGO DE COMPOSTELA,A CORUA,240,425234N,083321W,08041,2025-05-05 18:26:08.507870,2025-05-05 18:26:08.507870
309,1476R,"ROIS, CASAS DO PORTO",A CORUA,210,424459N,084253W,"",2025-05-05 18:26:08.508789,2025-05-05 18:26:08.508789
310,1477U,VILAGARCIA DE AROUSA,PONTEVEDRA,36,423456N,084611W,"",2025-05-05 18:26:08.509810,2025-05-05 18:26:08.509810
311,1477V,VILAGARCA DE AROUSA,PONTEVEDRA,32,423505N,084629W,"",2025-05-05 18:26:08.510958,2025-05-05 18:26:08.510958
312,1484,"PONTEVEDRA, INSTITUTO",PONTEVEDRA,19,422550N,083850W,"",2025-05-05 18:26:08.512084,2025-05-05 18:26:08.512084
313,1484C,PONTEVEDRA,PONTEVEDRA,113,422618N,083657W,08044,2025-05-05 18:26:08.513307,2025-05-05 18:26:08.513307
314,1486E,ESCUELA NAVAL DE MARN,PONTEVEDRA,3,422346N,084225W,08043,2025-05-05 18:26:08.519006,2025-05-05 18:26:08.519006
315,1489A,A LAMA,PONTEVEDRA,395,422425N,082704W,"",2025-05-05 18:26:08.526740,2025-05-05 18:26:08.526740
316,1495,VIGO AEROPUERTO,PONTEVEDRA,255,421419N,083726W,08045,2025-05-05 18:26:08.528213,2025-05-05 18:26:08.528213
317,1496X,VIGO ,PONTEVEDRA,120,421350N,084327W,"",2025-05-05 18:26:08.529218,2025-05-05 18:26:08.529218
318,1505,LUGO AEROPUERTO,LUGO,442,430640N,072727W,08008,2025-05-05 18:26:08.530172,2025-05-05 18:26:08.530172
319,1518A,LUGO,LUGO,442,425954N,073309W,"",2025-05-05 18:26:08.531098,2025-05-05 18:26:08.531098
320,1521I,O PRAMO,LUGO,403,425043N,072958W,"",2025-05-05 18:26:08.532031,2025-05-05 18:26:08.532031
321,1521X,BECERRE,LUGO,1080,425150N,071107W,"",2025-05-05 18:26:08.532942,2025-05-05 18:26:08.532942
322,1541B,VILLABLINO,LEON,958,425544N,062002W,"",2025-05-05 18:26:08.534004,2025-05-05 18:26:08.534004
323,1542,PUERTO DE LEITARIEGOS,ASTURIAS,1530,425939N,062451W,08052,2025-05-05 18:26:08.535160,2025-05-05 18:26:08.535160
324,1549,PONFERRADA,LEON,532,423350N,063600W,08053,2025-05-05 18:26:08.536292,2025-05-05 18:26:08.536292
325,1561I,VEGA DE ESPINAREDA  ,LEON,770,424558N,064025W,"",2025-05-05 18:26:08.537212,2025-05-05 18:26:08.537212
326,1583X,O BARCO DE VALDEORRAS,OURENSE,315,422456N,065935W,"",2025-05-05 18:26:08.538596,2025-05-05 18:26:08.538596
327,1631E,A POBRA DE TRIVES,OURENSE,840,422022N,071657W,08051,2025-05-05 18:26:08.539988,2025-05-05 18:26:08.539988
328,1639X,CHANDREXA DE QUEIXA,OURENSE,990,421537N,072301W,"",2025-05-05 18:26:08.540942,2025-05-05 18:26:08.540942
329,1658,FOLGOSO DO COUREL,LUGO,612,423519N,071130W,"",2025-05-05 18:26:08.541859,2025-05-05 18:26:08.541859
330,1679A,MONFORTE DE LEMOS,LUGO,291,423154N,073039W,"",2025-05-05 18:26:08.542718,2025-05-05 18:26:08.542718
331,1690A,OURENSE,OURENSE,146,421931N,075135W,08048,2025-05-05 18:26:08.543544,2025-05-05 18:26:08.543544
332,1690B,"OURENSE,INSTITUTO",OURENSE,148,421956N,075152W,"",2025-05-05 18:26:08.544381,2025-05-05 18:26:08.544381
333,1696O,BEARIZ,OURENSE,610,422805N,081641W,"",2025-05-05 18:26:08.545264,2025-05-05 18:26:08.545264
334,1700X,O CARBALLIO,OURENSE,400,422517N,080533W,08047,2025-05-05 18:26:08.546510,2025-05-05 18:26:08.546510
335,1701X,RIBADAVIA,OURENSE,112,421760N,080745W,"",2025-05-05 18:26:08.547764,2025-05-05 18:26:08.547764
336,1706A,ALLARIZ,OURENSE,492,421058N,074746W,"",2025-05-05 18:26:08.548912,2025-05-05 18:26:08.548912
337,1719,A CAIZA,PONTEVEDRA,560,421305N,081652W,"",2025-05-05 18:26:08.550311,2025-05-05 18:26:08.550311
338,1723X,"PONTEAREAS, CANEDO   ",PONTEVEDRA,90,421056N,082934W,"",2025-05-05 18:26:08.551473,2025-05-05 18:26:08.551473
339,1730E,O ROSAL,PONTEVEDRA,55,415638N,085051W,"",2025-05-05 18:26:08.552636,2025-05-05 18:26:08.552636
340,1735X,XINZO DE LIMIA,OURENSE,616,420445N,074401W,08050,2025-05-05 18:26:08.553661,2025-05-05 18:26:08.553661
341,1738U,MUIOS,OURENSE,730,415603N,075920W,"",2025-05-05 18:26:08.554598,2025-05-05 18:26:08.554598
342,1740,"SANTILLANA DEL MAR, ALTAMIRA",CANTABRIA,150,432238N,040728W,"",2025-05-05 18:26:08.555531,2025-05-05 18:26:08.555531
343,2005Y,"VINUESA, QUINTANAREJO",SORIA,1197,415804N,024658W,"",2025-05-05 18:26:08.556365,2025-05-05 18:26:08.556365
344,2017Y,"LA PVEDA DE SORIA, BARRIOMARTN",SORIA,1260,415945N,022939W,"",2025-05-05 18:26:08.557287,2025-05-05 18:26:08.557287
345,2030,SORIA,SORIA,1081,414630N,022859W,08148,2025-05-05 18:26:08.558410,2025-05-05 18:26:08.558410
346,2044B,LUBIA,SORIA,1100,413602N,023027W,"",2025-05-05 18:26:08.559571,2025-05-05 18:26:08.559571
347,2048A,MORN DE ALMAZN,SORIA,978,412510N,022513W,"",2025-05-05 18:26:08.560782,2025-05-05 18:26:08.560782
348,2059B,LA RIBA DE ESCALOTE,SORIA,1042,412059N,024700W,"",2025-05-05 18:26:08.562068,2025-05-05 18:26:08.562068
349,2084Y,UCERO,SORIA,960,414319N,030249W,"",2025-05-05 18:26:08.563336,2025-05-05 18:26:08.563336
350,2092,BURGO DE OSMA,SORIA,932,413522N,030513W,"",2025-05-05 18:26:08.564701,2025-05-05 18:26:08.564701
351,2096B,LICERAS,SORIA,1150,412225N,031505W,"",2025-05-05 18:26:08.565867,2025-05-05 18:26:08.565867
352,2106B,CORUA DEL CONDE,BURGOS,955,414445N,032255W,"",2025-05-05 18:26:08.567039,2025-05-05 18:26:08.567039
353,2117D,ARANDA DE DUERO,BURGOS,790,413957N,034434W,08144,2025-05-05 18:26:08.568171,2025-05-05 18:26:08.568171
354,2135A,FRESNO DE CANTESPINO,SEGOVIA,993,412222N,033026W,"",2025-05-05 18:26:08.569293,2025-05-05 18:26:08.569293
355,2140A,ALDEANUEVA DE SERREZUELA,SEGOVIA,1135,412752N,034709W,"",2025-05-05 18:26:08.570380,2025-05-05 18:26:08.570380
356,2150H,"LA PINILLA, ESTACIN DE ESQU",SEGOVIA,1798,411131N,032831W,08143,2025-05-05 18:26:08.571523,2025-05-05 18:26:08.571523
357,2166Y,PEAFIEL,VALLADOLID,756,413535N,040729W,"",2025-05-05 18:26:08.572522,2025-05-05 18:26:08.572522
358,2172Y,SARDN DE DUERO,VALLADOLID,725,413643N,042420W,"",2025-05-05 18:26:08.573695,2025-05-05 18:26:08.573695
359,2182C,PEDRAZA,SEGOVIA,1107,410802N,034725W,"",2025-05-05 18:26:08.574951,2025-05-05 18:26:08.574951
360,2192C,CULLAR,SEGOVIA,795,412301N,041556W,"",2025-05-05 18:26:08.576135,2025-05-05 18:26:08.576135
361,2235U,CERVERA DE PISUERGA,PALENCIA,1140,425214N,043112W,08058,2025-05-05 18:26:08.577305,2025-05-05 18:26:08.577305
362,2243A,AGUILAR DE CAMPOO,PALENCIA,910,424753N,041638W,"",2025-05-05 18:26:08.578487,2025-05-05 18:26:08.578487
363,2276B,VILLAELES DE VALDAVIA,PALENCIA,908,423408N,043430W,"",2025-05-05 18:26:08.579688,2025-05-05 18:26:08.579688
364,2285B,VILLADIEGO,BURGOS,869,423126N,040004W,"",2025-05-05 18:26:08.581077,2025-05-05 18:26:08.581077
365,2290Y,PEDROSA DEL PRNCIPE,BURGOS,771,421504N,041156W,"",2025-05-05 18:26:08.582307,2025-05-05 18:26:08.582307
366,2296A,LVEGA,SORIA,1039,414632N,015836W,"",2025-05-05 18:26:08.583254,2025-05-05 18:26:08.583254
367,2298,PALACIOS DE LA SIERRA,BURGOS,1080,415735N,030754W,08149,2025-05-05 18:26:08.584178,2025-05-05 18:26:08.584178
368,2302N,MONTERRUBIO DE LA DEMANDA,BURGOS,1197,420847N,030635W,"",2025-05-05 18:26:08.585419,2025-05-05 18:26:08.585419
369,2311Y,VILLAMAYOR DE LOS MONTES,BURGOS,884,420619N,034604W,"",2025-05-05 18:26:08.586739,2025-05-05 18:26:08.586739
370,2331,BURGOS AEROPUERTO,BURGOS,891,422125N,033713W,08075,2025-05-05 18:26:08.587755,2025-05-05 18:26:08.587755
371,2362C,"VELILLA DEL RO CARRIN, CAMPORREDONDO DE ALBA",PALENCIA,1575,425338N,044249W,"",2025-05-05 18:26:08.588901,2025-05-05 18:26:08.588901
372,2374X,CARRIN DE LOS CONDES,PALENCIA,830,422103N,043702W,08068,2025-05-05 18:26:08.589838,2025-05-05 18:26:08.589838
373,2400E,AUTILLA DEL PINO,PALENCIA,874,415944N,043610W,08072,2025-05-05 18:26:08.590733,2025-05-05 18:26:08.590733
374,2401,"PALENCIA, OBSERVATORIO",PALENCIA,750,420018N,043145W,"",2025-05-05 18:26:08.591622,2025-05-05 18:26:08.591622
375,2401X,PALENCIA,PALENCIA,736,420034N,043338W,"",2025-05-05 18:26:08.592510,2025-05-05 18:26:08.592510
376,2422,VALLADOLID,VALLADOLID,734,413827N,044515W,08141,2025-05-05 18:26:08.593392,2025-05-05 18:26:08.593392
377,2430Y,MUOTELLO,AVILA,1178,403236N,050239W,"",2025-05-05 18:26:08.594280,2025-05-05 18:26:08.594280
378,2444,VILA,AVILA,1130,403933N,044047W,08210,2025-05-05 18:26:08.595152,2025-05-05 18:26:08.595152
379,2444C,"VILA, AYUNTAMIENTO",AVILA,1143,403924N,044201W,"",2025-05-05 18:26:08.596096,2025-05-05 18:26:08.596096
380,2453E,GOTARRENDURA,AVILA,920,404944N,044431W,"",2025-05-05 18:26:08.597152,2025-05-05 18:26:08.597152
381,2456B,AREVALO,AVILA,820,410417N,044348W,"",2025-05-05 18:26:08.604083,2025-05-05 18:26:08.604083
382,2462,PUERTO DE NAVACERRADA,MADRID,1893,404735N,040038W,08215,2025-05-05 18:26:08.605730,2025-05-05 18:26:08.605730
383,2465,SEGOVIA,SEGOVIA,1008,405643N,040735W,08213,2025-05-05 18:26:08.606831,2025-05-05 18:26:08.606831
384,2465A,"SEGOVIA, INSTITUTO",SEGOVIA,990,405648N,040657W,"",2025-05-05 18:26:08.608053,2025-05-05 18:26:08.608053
385,2471Y,SAN RAFAEL,SEGOVIA,1237,404307N,041243W,"",2025-05-05 18:26:08.609062,2025-05-05 18:26:08.609062
386,2482B,MIGUELAEZ,SEGOVIA,870,410735N,042233W,"",2025-05-05 18:26:08.610005,2025-05-05 18:26:08.610005
387,2491C,"LA COVATILLA, ESTACIN DE ESQU",SALAMANCA,1960,402118N,054124W,08205,2025-05-05 18:26:08.611200,2025-05-05 18:26:08.611200
388,2503B,"OLMEDO, DEPSITO DE AGUA",VALLADOLID,786,411648N,044131W,"",2025-05-05 18:26:08.612227,2025-05-05 18:26:08.612227
389,2503X,OLMEDO,VALLADOLID,740,411933N,044113W,08142,2025-05-05 18:26:08.613239,2025-05-05 18:26:08.613239
390,2507Y,RUEDA,VALLADOLID,724,412510N,045749W,"",2025-05-05 18:26:08.614187,2025-05-05 18:26:08.614187
391,2512Y,RIVILLA DE BARAJAS,AVILA,925,405256N,050107W,"",2025-05-05 18:26:08.615085,2025-05-05 18:26:08.615085
392,2517A,FUENTE EL SOL,VALLADOLID,755,411022N,045623W,"",2025-05-05 18:26:08.616024,2025-05-05 18:26:08.616024
393,2536D,MORALES DEL TORO,ZAMORA,710,413254N,051617W,"",2025-05-05 18:26:08.616931,2025-05-05 18:26:08.616931
394,2539,VALLADOLID AEROPUERTO,VALLADOLID,846,414243N,045120W,08140,2025-05-05 18:26:08.618091,2025-05-05 18:26:08.618091
395,2555B,FUENTESAUCO,ZAMORA,811,411412N,052853W,"",2025-05-05 18:26:08.618985,2025-05-05 18:26:08.618985
396,2565,CORESES,ZAMORA,702,413319N,053750W,"",2025-05-05 18:26:08.619901,2025-05-05 18:26:08.619901
397,2568D,"SANTERVS DE LA VEGA, VILLAPN ",PALENCIA,985,423125N,045104W,"",2025-05-05 18:26:08.621072,2025-05-05 18:26:08.621072
398,2593D,VILLALN DE CAMPOS,VALLADOLID,782,420539N,050228W,"",2025-05-05 18:26:08.622171,2025-05-05 18:26:08.622171
399,2604B,MEDINA DE RIOSECO,VALLADOLID,731,415233N,050225W,"",2025-05-05 18:26:08.623136,2025-05-05 18:26:08.623136
400,2611D,VILLAFFILA,ZAMORA,690,415123N,053533W,"",2025-05-05 18:26:08.624309,2025-05-05 18:26:08.624309
401,2614,ZAMORA,ZAMORA,656,413056N,054407W,08130,2025-05-05 18:26:08.625458,2025-05-05 18:26:08.625458
402,2624C,RIAO,LEON,1090,425730N,050027W,"",2025-05-05 18:26:08.626625,2025-05-05 18:26:08.626625
403,2626Y,CUBILLAS DE RUEDA,LEON,916,423712N,051136W,"",2025-05-05 18:26:08.628068,2025-05-05 18:26:08.628068
404,2630X,PUERTO DE SAN ISIDRO,LEON,1510,430344N,052237W,08057,2025-05-05 18:26:08.629128,2025-05-05 18:26:08.629128
405,2661,"LEN, VIRGEN DEL CAMINO",LEON,916,423518N,053904W,08055,2025-05-05 18:26:08.630212,2025-05-05 18:26:08.630212
406,2661B,LEN AEROPUERTO,LEON,912,423558N,053837W,08055,2025-05-05 18:26:08.631462,2025-05-05 18:26:08.631462
407,2664B,VALENCIA DE DON JUAN,LEON,788,421745N,053017W,"",2025-05-05 18:26:08.632650,2025-05-05 18:26:08.632650
408,2701D,"BARRIOS DE LUNA, MIERA",LEON,1120,425308N,055215W,"",2025-05-05 18:26:08.633528,2025-05-05 18:26:08.633528
409,2728B,"QUINTANA DEL CASTILLO, VILLAMECA",LEON,995,423854N,060415W,"",2025-05-05 18:26:08.634623,2025-05-05 18:26:08.634623
410,2734D,ASTORGA,LEON,919,422836N,060428W,"",2025-05-05 18:26:08.635458,2025-05-05 18:26:08.635458
411,2737E,LAGUNAS DE SOMOZA,LEON,1020,422239N,061148W,08123,2025-05-05 18:26:08.636281,2025-05-05 18:26:08.636281
412,2742R,BUSTILLO DEL PRAMO,LEON,850,422759N,054647W,"",2025-05-05 18:26:08.637334,2025-05-05 18:26:08.637334
413,2755X,BENAVENTE,ZAMORA,715,420039N,054000W,08056,2025-05-05 18:26:08.638211,2025-05-05 18:26:08.638211
414,2766E,"SANABRIA, ROBLEDA-CERVANTES",ZAMORA,933,420457N,063823W,"",2025-05-05 18:26:08.639056,2025-05-05 18:26:08.639056
415,2775X,VILLARDECIERVOS,ZAMORA,850,415629N,061647W,08125,2025-05-05 18:26:08.639889,2025-05-05 18:26:08.639889
416,2777K,SANTIBAEZ DE VIDRIALES,ZAMORA,737,420441N,060026W,"",2025-05-05 18:26:08.640714,2025-05-05 18:26:08.640714
417,2789H,POZUELO DE TABARA,ZAMORA,711,414708N,055432W,"",2025-05-05 18:26:08.641695,2025-05-05 18:26:08.641695
418,2804F,VILLADEPERA,ZAMORA,790,413202N,060831W,"",2025-05-05 18:26:08.642577,2025-05-05 18:26:08.642577
419,2811A,NAVARREDONDA DE GREDOS,AVILA,1525,402102N,050835W,08206,2025-05-05 18:26:08.643458,2025-05-05 18:26:08.643458
420,2828Y,BARCO DE AVILA,AVILA,1012,402119N,053109W,"",2025-05-05 18:26:08.644570,2025-05-05 18:26:08.644570
421,2847X,PEDROSILLO DE LOS AIRES   ,SALAMANCA,865,404032N,053836W,"",2025-05-05 18:26:08.645768,2025-05-05 18:26:08.645768
422,2863C,PEDRAZA DE ALBA  ,SALAMANCA,897,404356N,052158W,"",2025-05-05 18:26:08.647095,2025-05-05 18:26:08.647095
423,2867,SALAMANCA AEROPUERTO,SALAMANCA,790,405734N,052954W,08202,2025-05-05 18:26:08.648284,2025-05-05 18:26:08.648284
424,2870,SALAMANCA,SALAMANCA,775,405727N,053944W,08201,2025-05-05 18:26:08.649473,2025-05-05 18:26:08.649473
425,2873X,BARBADILLO,SALAMANCA,817,405413N,054647W,"",2025-05-05 18:26:08.650617,2025-05-05 18:26:08.650617
426,2882D,PEAUSENDE,ZAMORA,1003,411420N,055351W,08135,2025-05-05 18:26:08.651583,2025-05-05 18:26:08.651583
427,2885K,FRESNO DE SAYAGO,ZAMORA,804,411816N,060120W,"",2025-05-05 18:26:08.652777,2025-05-05 18:26:08.652777
428,2891A,VILLARINO DE LOS AIRES,SALAMANCA,690,411546N,062744W,"",2025-05-05 18:26:08.654101,2025-05-05 18:26:08.654101
429,2914C,BOADILLA FUENTE SAN ESTEBAN,SALAMANCA,785,404710N,061210W,"",2025-05-05 18:26:08.655492,2025-05-05 18:26:08.655492
430,2916A,VITIGUDINO,SALAMANCA,769,410041N,062616W,08129,2025-05-05 18:26:08.656420,2025-05-05 18:26:08.656420
431,2918Y,EL MALLO,SALAMANCA,1027,403410N,061325W,"",2025-05-05 18:26:08.657322,2025-05-05 18:26:08.657322
432,2926B,BAOBREZ,SALAMANCA,748,405105N,063632W,"",2025-05-05 18:26:08.658222,2025-05-05 18:26:08.658222
433,2930Y,NAVASFRAS,SALAMANCA,880,401748N,064846W,"",2025-05-05 18:26:08.659115,2025-05-05 18:26:08.659115
434,2945A,EL BODN BASE AREA,SALAMANCA,805,402906N,063437W,"",2025-05-05 18:26:08.660290,2025-05-05 18:26:08.660290
435,2946X,SAELICES EL CHICO,SALAMANCA,680,403806N,063600W,08195,2025-05-05 18:26:08.661452,2025-05-05 18:26:08.661452
436,2966D,ALCAICES  ,ZAMORA,840,414100N,061805W,"",2025-05-05 18:26:08.662634,2025-05-05 18:26:08.662634
437,2969U,A GUDIA,OURENSE,910,420138N,071059W,"",2025-05-05 18:26:08.663954,2025-05-05 18:26:08.663954
438,2978X,VERN,OURENSE,380,415536N,072519W,"",2025-05-05 18:26:08.665182,2025-05-05 18:26:08.665182
439,3013,MOLINA DE ARAGN,GUADALAJARA,1062,405030N,015244W,08232,2025-05-05 18:26:08.666357,2025-05-05 18:26:08.666357
440,3021Y,ZAOREJAS,GUADALAJARA,1250,404530N,021159W,"",2025-05-05 18:26:08.667532,2025-05-05 18:26:08.667532
441,3040Y,BETETA,CUENCA,1214,403418N,020435W,"",2025-05-05 18:26:08.668702,2025-05-05 18:26:08.668702
442,3044X,CAIZARES,CUENCA,928,403149N,020900W,08230,2025-05-05 18:26:08.669742,2025-05-05 18:26:08.669742
443,3085Y,PASTRANA,GUADALAJARA,920,402428N,025711W,"",2025-05-05 18:26:08.670766,2025-05-05 18:26:08.670766
444,3094B,TARANCN,CUENCA,819,400043N,030117W,08277,2025-05-05 18:26:08.671711,2025-05-05 18:26:08.671711
445,3099Y,OCAA,TOLEDO,733,395607N,032946W,"",2025-05-05 18:26:08.673011,2025-05-05 18:26:08.673011
446,3100B,ARANJUEZ,MADRID,540,400402N,033246W,08229,2025-05-05 18:26:08.674246,2025-05-05 18:26:08.674246
447,3103,PANTANO EL VADO,GUADALAJARA,910,410013N,031807W,"",2025-05-05 18:26:08.675252,2025-05-05 18:26:08.675252
448,3104Y,RASCAFRA,MADRID,1159,405323N,035318W,"",2025-05-05 18:26:08.676188,2025-05-05 18:26:08.676188
449,3110C,BUITRAGO DEL LOZOYA,MADRID,1030,410025N,033650W,08146,2025-05-05 18:26:08.677113,2025-05-05 18:26:08.677113
450,3111D,SOMOSIERRA,MADRID,1450,410808N,033450W,08145,2025-05-05 18:26:08.678017,2025-05-05 18:26:08.678017
451,3125Y,SAN SEBASTIN DE LOS REYES,MADRID,672,403260N,033700W,"",2025-05-05 18:26:08.679061,2025-05-05 18:26:08.679061
452,3126Y,"MADRID, EL GOLOSO",MADRID,740,403341N,034243W,"",2025-05-05 18:26:08.680218,2025-05-05 18:26:08.680218
453,3129,MADRID AEROPUERTO,MADRID,609,402800N,033320W,08221,2025-05-05 18:26:08.681415,2025-05-05 18:26:08.681415
454,3130C,SIGENZA,GUADALAJARA,1005,410511N,023705W,08150,2025-05-05 18:26:08.682603,2025-05-05 18:26:08.682603
455,3140Y,MANDAYONA,GUADALAJARA,990,405906N,024536W,"",2025-05-05 18:26:08.683776,2025-05-05 18:26:08.683776
456,3168A,"GUADALAJARA, INSTITUTO",GUADALAJARA,685,403805N,031000W,"",2025-05-05 18:26:08.684941,2025-05-05 18:26:08.684941
457,3168C,"GUADALAJARA, EL SERRANILLO",GUADALAJARA,639,403933N,031024W,08226,2025-05-05 18:26:08.686118,2025-05-05 18:26:08.686118
458,3168D,GUADALAJARA,GUADALAJARA,727,403749N,030901W,08226,2025-05-05 18:26:08.687331,2025-05-05 18:26:08.687331
459,3170Y,ALCALA DE HENARES,MADRID,605,403142N,031723W,"",2025-05-05 18:26:08.688381,2025-05-05 18:26:08.688381
460,3175,TORREJN DE ARDOZ,MADRID,607,402919N,032637W,08227,2025-05-05 18:26:08.689495,2025-05-05 18:26:08.689495
461,3182Y,ARGANDA DEL REY,MADRID,533,401842N,032952W,"",2025-05-05 18:26:08.690422,2025-05-05 18:26:08.690422
462,3191E,COLMENAR VIEJO,MADRID,1004,404146N,034554W,08219,2025-05-05 18:26:08.691351,2025-05-05 18:26:08.691351
463,3194U,"MADRID, CIUDAD UNIVERSITARIA",MADRID,664,402706N,034327W,08220,2025-05-05 18:26:08.692522,2025-05-05 18:26:08.692522
464,3194Y,POZUELO DE ALARCN,MADRID,665,402654N,034848W,"",2025-05-05 18:26:08.693694,2025-05-05 18:26:08.693694
465,3195,"MADRID, RETIRO",MADRID,667,402443N,034041W,08222,2025-05-05 18:26:08.694853,2025-05-05 18:26:08.694853
466,3196,"MADRID, CUATRO VIENTOS",MADRID,690,402232N,034710W,08223,2025-05-05 18:26:08.696168,2025-05-05 18:26:08.696168
467,3200,GETAFE,MADRID,620,401758N,034320W,08224,2025-05-05 18:26:08.697468,2025-05-05 18:26:08.697468
468,3209Y,BRIHUEGA,GUADALAJARA,835,404555N,025227W,"",2025-05-05 18:26:08.698573,2025-05-05 18:26:08.698573
469,3229Y,TIELMES,MADRID,594,401450N,031842W,"",2025-05-05 18:26:08.699920,2025-05-05 18:26:08.699920
470,3245Y,TEMBLEQUE,TOLEDO,635,394146N,033021W,"",2025-05-05 18:26:08.700884,2025-05-05 18:26:08.700884
471,3254Y,MORA ,TOLEDO,717,394113N,034650W,"",2025-05-05 18:26:08.701845,2025-05-05 18:26:08.701845
472,3259,"TOLEDO, LORENZANA",TOLEDO,540,395134N,040132W,"",2025-05-05 18:26:08.702785,2025-05-05 18:26:08.702785
473,3260B,TOLEDO,TOLEDO,513,395305N,040243W,08272,2025-05-05 18:26:08.703724,2025-05-05 18:26:08.703724
474,3266A,PUERTO ALTO DEL LEN,MADRID,1532,404223N,040831W,08217,2025-05-05 18:26:08.704832,2025-05-05 18:26:08.704832
475,3268C,ALPEDRETE,MADRID,924,403935N,040103W,"",2025-05-05 18:26:08.705892,2025-05-05 18:26:08.705892
476,3298X,SAN PABLO DE LOS MONTES,TOLEDO,917,393249N,042102W,08270,2025-05-05 18:26:08.706830,2025-05-05 18:26:08.706830
477,3305Y,NAVAHERMOSA,TOLEDO,750,393750N,042837W,"",2025-05-05 18:26:08.707834,2025-05-05 18:26:08.707834
478,3319D,PUERTO DEL PICO,AVILA,1285,402023N,050046W,"",2025-05-05 18:26:08.708723,2025-05-05 18:26:08.708723
479,3330Y,ROZAS DE PUERTO REAL,MADRID,890,401847N,042914W,"",2025-05-05 18:26:08.709655,2025-05-05 18:26:08.709655
480,3337U,CEBREROS,AVILA,850,402803N,042721W,"",2025-05-05 18:26:08.710616,2025-05-05 18:26:08.710616
481,3338,ROBLEDO DE CHAVELA,MADRID,763,402540N,041460W,08212,2025-05-05 18:26:08.711728,2025-05-05 18:26:08.711728
482,3343Y,VALDEMORILLO,MADRID,884,402948N,040340W,"",2025-05-05 18:26:08.712977,2025-05-05 18:26:08.712977
483,3362Y,CASTILLO DE BAYUELA,TOLEDO,560,400630N,044050W,"",2025-05-05 18:26:08.714446,2025-05-05 18:26:08.714446
484,3365A,TALAVERA DE LA REINA,TOLEDO,372,395731N,045149W,08274,2025-05-05 18:26:08.715758,2025-05-05 18:26:08.715758
485,3386A,NAVALVILLAR DE IBOR,CACERES,923,393530N,052330W,"",2025-05-05 18:26:08.716952,2025-05-05 18:26:08.716952
486,3391,SOTILLO DE LA ADRADA,AVILA,630,401719N,043527W,08208,2025-05-05 18:26:08.718183,2025-05-05 18:26:08.718183
487,3422D,CANDELEDA,AVILA,350,400821N,051841W,"",2025-05-05 18:26:08.719315,2025-05-05 18:26:08.719315
488,3423I,MADRIGAL DE LA VERA,CACERES,464,400914N,052224W,"",2025-05-05 18:26:08.720338,2025-05-05 18:26:08.720338
489,3427Y,OROPESA,TOLEDO,345,395936N,050652W,"",2025-05-05 18:26:08.722214,2025-05-05 18:26:08.722214
490,3434X,NAVALMORAL DE LA MATA,CACERES,269,395645N,053457W,08254,2025-05-05 18:26:08.723326,2025-05-05 18:26:08.723326
491,3436D,GARGANTA LA OLLA,CACERES,690,400640N,054705W,"",2025-05-05 18:26:08.724332,2025-05-05 18:26:08.724332
492,3448X,SERRADILLA,CACERES,406,394915N,060739W,"",2025-05-05 18:26:08.725392,2025-05-05 18:26:08.725392
493,3455X,JARAICEJO,CACERES,559,394012N,054830W,"",2025-05-05 18:26:08.726362,2025-05-05 18:26:08.726362
494,3463X,TRUJILLO,CACERES,503,392857N,055115W,08263,2025-05-05 18:26:08.727478,2025-05-05 18:26:08.727478
495,3463Y,TRUJILLO,CACERES,523,392751N,055227W,08263,2025-05-05 18:26:08.728701,2025-05-05 18:26:08.728701
496,3469,"CCERES, CIUDAD",CACERES,459,392833N,062235W,"",2025-05-05 18:26:08.731071,2025-05-05 18:26:08.731071
497,3469A,CCERES,CACERES,394,392817N,062020W,08261,2025-05-05 18:26:08.732255,2025-05-05 18:26:08.732255
498,3475X,CAAVERAL,CACERES,373,394726N,062235W,"",2025-05-05 18:26:08.733414,2025-05-05 18:26:08.733414
499,3494U,NUOMORAL,CACERES,470,402429N,061423W,"",2025-05-05 18:26:08.734507,2025-05-05 18:26:08.734507
500,3503,GUIJO DE GRANADILLA,CACERES,393,401122N,061003W,"",2025-05-05 18:26:08.735545,2025-05-05 18:26:08.735545
501,3504X,HERVS,CACERES,724,401554N,055140W,"",2025-05-05 18:26:08.736542,2025-05-05 18:26:08.736542
502,3512X,MONTEHERMOSO,CACERES,351,400451N,062020W,"",2025-05-05 18:26:08.737456,2025-05-05 18:26:08.737456
503,3514B,TORNAVACAS,CACERES,991,401531N,054042W,"",2025-05-05 18:26:08.738979,2025-05-05 18:26:08.738979
504,3516X,PIORNAL,CACERES,1260,400715N,054957W,"",2025-05-05 18:26:08.740146,2025-05-05 18:26:08.740146
505,3519X,PLASENCIA,CACERES,415,400235N,060509W,08252,2025-05-05 18:26:08.741240,2025-05-05 18:26:08.741240
506,3526X,CORIA,CACERES,313,400013N,063327W,08251,2025-05-05 18:26:08.742139,2025-05-05 18:26:08.742139
507,3531X,TORRECILLA DE LOS ANGELES,CACERES,459,401518N,062442W,"",2025-05-05 18:26:08.743016,2025-05-05 18:26:08.743016
508,3536X,HOYOS,CACERES,560,401029N,064328W,"",2025-05-05 18:26:08.743986,2025-05-05 18:26:08.743986
509,3540X,ZARZA LA MAYOR,CACERES,336,395217N,065136W,"",2025-05-05 18:26:08.744924,2025-05-05 18:26:08.744924
510,3547X,VALVERDE DEL FRESNO,CACERES,450,401226N,065346W,"",2025-05-05 18:26:08.746122,2025-05-05 18:26:08.746122
511,3562X,ALISEDA,CACERES,321,392539N,064411W,"",2025-05-05 18:26:08.747465,2025-05-05 18:26:08.747465
512,3565X,BROZAS,CACERES,425,393705N,064442W,"",2025-05-05 18:26:08.748486,2025-05-05 18:26:08.748486
513,3576X,VALENCIA DE ALCNTARA,CACERES,444,392453N,071352W,08260,2025-05-05 18:26:08.749508,2025-05-05 18:26:08.749508
514,4007Y,OSSA DE MONTIEL,ALBACETE,905,385757N,024442W,"",2025-05-05 18:26:08.750463,2025-05-05 18:26:08.750463
515,4051Y,ALCZAR DEL REY,CUENCA,875,400340N,024825W,"",2025-05-05 18:26:08.751416,2025-05-05 18:26:08.751416
516,4061X,QUINTANAR DE LA ORDEN,TOLEDO,692,393550N,030254W,08275,2025-05-05 18:26:08.752388,2025-05-05 18:26:08.752388
517,4064Y,ALCAZAR DE SAN JUAN,CIUDAD REAL,640,392327N,031257W,"",2025-05-05 18:26:08.753364,2025-05-05 18:26:08.753364
518,4067,MADRIDEJOS,TOLEDO,690,392931N,033142W,08273,2025-05-05 18:26:08.754407,2025-05-05 18:26:08.754407
519,4070Y,ABIA DE OBISPALIA,CUENCA,1020,400108N,022343W,"",2025-05-05 18:26:08.755615,2025-05-05 18:26:08.755615
520,4075Y,VILLARES DEL SAZ,CUENCA,870,395025N,023012W,"",2025-05-05 18:26:08.756612,2025-05-05 18:26:08.756612
521,4089A,ALBERCA DE ZANCARA,CUENCA,858,393101N,022945W,"",2025-05-05 18:26:08.757568,2025-05-05 18:26:08.757568
522,4090Y,SAN CLEMENTE,CUENCA,728,392500N,022514W,08256,2025-05-05 18:26:08.758465,2025-05-05 18:26:08.758465
523,4091Y,VILLARROBLEDO,ALBACETE,718,391543N,023533W,"",2025-05-05 18:26:08.759422,2025-05-05 18:26:08.759422
524,4093Y,OSA DE LA VEGA ,CUENCA,763,393922N,024536W,"",2025-05-05 18:26:08.760467,2025-05-05 18:26:08.760467
525,4095Y,BELMONTE,CUENCA,745,393319N,024220W,"",2025-05-05 18:26:08.761433,2025-05-05 18:26:08.761433
526,4096Y,MUNERA,ALBACETE,918,390060N,022920W,"",2025-05-05 18:26:08.762505,2025-05-05 18:26:08.762505
527,4103X,TOMELLOSO,CIUDAD REAL,662,391009N,030027W,08276,2025-05-05 18:26:08.763767,2025-05-05 18:26:08.763767
528,4116I,ALMAGRO / FAMET,CIUDAD REAL,626,385703N,034431W,08349,2025-05-05 18:26:08.764835,2025-05-05 18:26:08.764835
529,4121,CIUDAD REAL,CIUDAD REAL,626,385921N,035513W,08348,2025-05-05 18:26:08.766008,2025-05-05 18:26:08.766008
530,4121C,"CIUDAD REAL, INSTITUTO",CIUDAD REAL,627,385916N,035545W,"",2025-05-05 18:26:08.767211,2025-05-05 18:26:08.767211
531,4138Y,VILLANUEVA DE LOS INFANTES,CIUDAD REAL,900,384415N,030016W,"",2025-05-05 18:26:08.768243,2025-05-05 18:26:08.768243
532,4147X,VALDEPEAS,CIUDAD REAL,700,384502N,032329W,08351,2025-05-05 18:26:08.769249,2025-05-05 18:26:08.769249
533,4148,VISO DEL MARQUS,CIUDAD REAL,804,383105N,033400W,08345,2025-05-05 18:26:08.770414,2025-05-05 18:26:08.770414
534,4193Y,EL ROBLEDO,CIUDAD REAL,587,391301N,041658W,"",2025-05-05 18:26:08.771511,2025-05-05 18:26:08.771511
535,4195E,"ALCORNOQUERA, PARQUE NACIONAL CABAEROS",CIUDAD REAL,651,391915N,042342W,"",2025-05-05 18:26:08.772655,2025-05-05 18:26:08.772655
536,4210Y,ABENJAR,CIUDAD REAL,718,385353N,041731W,"",2025-05-05 18:26:08.773648,2025-05-05 18:26:08.773648
537,4220X,PUEBLA DE DON RODRIGO,CIUDAD REAL,531,390501N,043719W,08271,2025-05-05 18:26:08.774679,2025-05-05 18:26:08.774679
538,4236Y,PUERTO REY ,CACERES,689,392702N,050135W,"",2025-05-05 18:26:08.775659,2025-05-05 18:26:08.775659
539,4244X,HERRERA DEL DUQUE,BADAJOZ,447,391010N,050344W,08264,2025-05-05 18:26:08.776624,2025-05-05 18:26:08.776624
540,4245X,GUADALUPE,CACERES,660,392719N,051960W,"",2025-05-05 18:26:08.777589,2025-05-05 18:26:08.777589
541,4260,PERALEDA DEL ZAUCEJO,BADAJOZ,542,382847N,053439W,"",2025-05-05 18:26:08.778677,2025-05-05 18:26:08.778677
542,4263X,VALSEQUILLO,CORDOBA,575,382434N,052102W,"",2025-05-05 18:26:08.779898,2025-05-05 18:26:08.779898
543,4267X,HINOJOSA DEL DUQUE,CORDOBA,551,382954N,050717W,08335,2025-05-05 18:26:08.781058,2025-05-05 18:26:08.781058
544,4300Y,ALMADN,CIUDAD REAL,535,384631N,045043W,"",2025-05-05 18:26:08.782157,2025-05-05 18:26:08.782157
545,4325Y,CASTUERA,BADAJOZ,459,384431N,053145W,"",2025-05-05 18:26:08.783211,2025-05-05 18:26:08.783211
546,4339X,CAAMERO,CACERES,590,391851N,052208W,"",2025-05-05 18:26:08.784181,2025-05-05 18:26:08.784181
547,4340,NAVALVILLAR DE PELA,BADAJOZ,313,390612N,052741W,"",2025-05-05 18:26:08.785137,2025-05-05 18:26:08.785137
548,4347X,ZORITA,CACERES,413,391658N,054237W,"",2025-05-05 18:26:08.786162,2025-05-05 18:26:08.786162
549,4358X,DON BENITO,BADAJOZ,274,385720N,055250W,08333,2025-05-05 18:26:08.787245,2025-05-05 18:26:08.787245
550,4362X,RETAMAL DE LLERENA,BADAJOZ,474,383435N,055045W,"",2025-05-05 18:26:08.788289,2025-05-05 18:26:08.788289
551,4386B,LLERENA,BADAJOZ,655,381354N,060101W,08336,2025-05-05 18:26:08.789485,2025-05-05 18:26:08.789485
552,4395X,VILLAFRANCA DE LOS BARROS,BADAJOZ,430,383306N,061824W,"",2025-05-05 18:26:08.790694,2025-05-05 18:26:08.790694
553,4410X,MRIDA,BADAJOZ,228,385457N,062308W,08331,2025-05-05 18:26:08.791722,2025-05-05 18:26:08.791722
554,4411C,ALCUESCAR,CACERES,467,391151N,061352W,"",2025-05-05 18:26:08.792791,2025-05-05 18:26:08.792791
555,4427X,ZAFRA,BADAJOZ,433,382533N,062612W,"",2025-05-05 18:26:08.793792,2025-05-05 18:26:08.793792
556,4436Y,ALMENDRALEJO,BADAJOZ,371,384120N,062140W,"",2025-05-05 18:26:08.794812,2025-05-05 18:26:08.794812
557,4452,BADAJOZ AEROPUERTO,BADAJOZ,186,385300N,064850W,08330,2025-05-05 18:26:08.795909,2025-05-05 18:26:08.795909
558,4464X,ALBURQUERQUE,BADAJOZ,283,391055N,065943W,"",2025-05-05 18:26:08.796937,2025-05-05 18:26:08.796937
559,4468X,PUEBLA DE OBANDO,BADAJOZ,392,391036N,063603W,"",2025-05-05 18:26:08.797921,2025-05-05 18:26:08.797921
560,4478X,BADAJOZ,BADAJOZ,174,385310N,070034W,08329,2025-05-05 18:26:08.798928,2025-05-05 18:26:08.798928
561,4486X,OLIVENZA,BADAJOZ,275,384151N,070504W,"",2025-05-05 18:26:08.799937,2025-05-05 18:26:08.799937
562,4489X,ALCONCHEL,BADAJOZ,170,382905N,071655W,"",2025-05-05 18:26:08.800922,2025-05-05 18:26:08.800922
563,4492F,BARCARROTA,BADAJOZ,377,382822N,065524W,"",2025-05-05 18:26:08.801876,2025-05-05 18:26:08.801876
564,4497X,VILLANUEVA DEL FRESNO,BADAJOZ,247,382220N,070929W,"",2025-05-05 18:26:08.802866,2025-05-05 18:26:08.802866
565,4499X,MONESTERIO,BADAJOZ,771,380453N,061619W,"",2025-05-05 18:26:08.803837,2025-05-05 18:26:08.803837
566,4501X,FUENTE DE CANTOS,BADAJOZ,602,381231N,061841W,"",2025-05-05 18:26:08.804973,2025-05-05 18:26:08.804973
567,4511C,JEREZ DE LOS CABALLEROS,BADAJOZ,381,381755N,064554W,08337,2025-05-05 18:26:08.806230,2025-05-05 18:26:08.806230
568,4520X,FREGENAL DE LA SIERRA,BADAJOZ,586,381042N,063942W,"",2025-05-05 18:26:08.807214,2025-05-05 18:26:08.807214
569,4527X,AROCHE,HUELVA,267,375849N,065833W,"",2025-05-05 18:26:08.808229,2025-05-05 18:26:08.808229
570,4541X,EL GRANADO,HUELVA,60,373313N,073112W,"",2025-05-05 18:26:08.809285,2025-05-05 18:26:08.809285
571,4549Y,AYAMONTE,HUELVA,3,371141N,072342W,08381,2025-05-05 18:26:08.810270,2025-05-05 18:26:08.810270
572,4554X,CARTAYA,HUELVA,15,371306N,070501W,"",2025-05-05 18:26:08.811336,2025-05-05 18:26:08.811336
573,4560Y,ALAJAR,HUELVA,572,375207N,064030W,08380,2025-05-05 18:26:08.812568,2025-05-05 18:26:08.812568
574,4575X,VALVERDE DEL CAMINO,HUELVA,280,373431N,064604W,"",2025-05-05 18:26:08.814348,2025-05-05 18:26:08.814348
575,4584X,EL CERRO DE ANDVALO,HUELVA,270,374354N,065632W,"",2025-05-05 18:26:08.815501,2025-05-05 18:26:08.815501
576,4589X,"ALOSNO, THARSIS",HUELVA,276,373552N,070710W,"",2025-05-05 18:26:08.816502,2025-05-05 18:26:08.816502
577,4605,HUELVA,HUELVA,17,371524N,065659W,"",2025-05-05 18:26:08.817609,2025-05-05 18:26:08.817609
578,4608X,EL CAMPILLO,HUELVA,415,374038N,063748W,"",2025-05-05 18:26:08.818634,2025-05-05 18:26:08.818634
579,4622X,VILLARRASA,HUELVA,145,372703N,063812W,"",2025-05-05 18:26:08.819637,2025-05-05 18:26:08.819637
580,4642E,"HUELVA, RONDA ESTE",HUELVA,18,371642N,065442W,08383,2025-05-05 18:26:08.820626,2025-05-05 18:26:08.820626
581,5000A,"CEUTA, MONTE HACHO",CEUTA,200,355344N,051732W,"",2025-05-05 18:26:08.826398,2025-05-05 18:26:08.826398
582,5000C,CEUTA,CEUTA,87,355319N,052049W,60320,2025-05-05 18:26:08.828023,2025-05-05 18:26:08.828023
583,5038X,CAZORLA,JAEN,782,375457N,030014W,08353,2025-05-05 18:26:08.829188,2025-05-05 18:26:08.829188
584,5038Y,CAZORLA,JAEN,799,375457N,030014W,"",2025-05-05 18:26:08.830541,2025-05-05 18:26:08.830541
585,5047E,BAZA,GRANADA,785,373021N,024406W,08424,2025-05-05 18:26:08.831659,2025-05-05 18:26:08.831659
586,5051X,HUSCAR,GRANADA,1100,375141N,023910W,08423,2025-05-05 18:26:08.832752,2025-05-05 18:26:08.832752
587,5060X,VLEZ BLANCO - TOPARES,ALMERIA,1190,375139N,021341W,"",2025-05-05 18:26:08.834284,2025-05-05 18:26:08.834284
588,5103E,"CAMARATE 2, PARQUE NACIONAL SIERRA NEVADA",GRANADA,2152,370930N,031525W,"",2025-05-05 18:26:08.835754,2025-05-05 18:26:08.835754
589,5103F,"CAMARATE, PARQUE NACIONAL SIERRA NEVADA",GRANADA,1534,371128N,031514W,"",2025-05-05 18:26:08.836822,2025-05-05 18:26:08.836822
590,5107D,DLAR,GRANADA,1197,371048N,025911W,"",2025-05-05 18:26:08.837978,2025-05-05 18:26:08.837978
591,5164B,BAEZA,JAEN,771,375948N,032743W,"",2025-05-05 18:26:08.839290,2025-05-05 18:26:08.839290
592,5165X,TORRES,JAEN,910,374651N,033349W,"",2025-05-05 18:26:08.840320,2025-05-05 18:26:08.840320
593,5181D,ARROYO DEL OJANCO,JAEN,580,381853N,025323W,08352,2025-05-05 18:26:08.841309,2025-05-05 18:26:08.841309
594,5192,VILLARRODRIGO,JAEN,862,382921N,023815W,08354,2025-05-05 18:26:08.842603,2025-05-05 18:26:08.842603
595,5210X,VILLANUEVA DEL ARZOBISPO,JAEN,680,381030N,025953W,"",2025-05-05 18:26:08.843630,2025-05-05 18:26:08.843630
596,5246,SANTA ELENA,JAEN,770,382040N,033207W,08350,2025-05-05 18:26:08.844677,2025-05-05 18:26:08.844677
597,5270,"JAN, INSTITUTO",JAEN,510,374635N,034720W,"",2025-05-05 18:26:08.845724,2025-05-05 18:26:08.845724
598,5270B,JAN,JAEN,580,374639N,034833W,08417,2025-05-05 18:26:08.847015,2025-05-05 18:26:08.847015
599,5279X,LINARES,JAEN,515,380904N,033746W,"",2025-05-05 18:26:08.848039,2025-05-05 18:26:08.848039
600,5281X,BAILN,JAEN,345,380535N,034657W,"",2025-05-05 18:26:08.849506,2025-05-05 18:26:08.849506
601,5298X,ANDJAR,JAEN,202,380123N,040348W,08347,2025-05-05 18:26:08.850529,2025-05-05 18:26:08.850529
602,5304Y,PUERTOLLANO,CIUDAD REAL,665,384008N,040333W,"",2025-05-05 18:26:08.851458,2025-05-05 18:26:08.851458
603,5341C,FUENCALIENTE,CIUDAD REAL,710,382544N,041806W,"",2025-05-05 18:26:08.852455,2025-05-05 18:26:08.852455
604,5346X,CARDEA,CORDOBA,720,381112N,041621W,"",2025-05-05 18:26:08.853470,2025-05-05 18:26:08.853470
605,5361X,MONTORO,CORDOBA,155,380048N,041949W,"",2025-05-05 18:26:08.854490,2025-05-05 18:26:08.854490
606,5390Y,VILLANUEVA DE CRDOBA,CORDOBA,750,381959N,043632W,08346,2025-05-05 18:26:08.855825,2025-05-05 18:26:08.855825
607,5394X,"CRDOBA, EMBALSE DE GUADANUO",CORDOBA,525,380115N,044748W,"",2025-05-05 18:26:08.857078,2025-05-05 18:26:08.857078
608,5402,CRDOBA AEROPUERTO,CORDOBA,90,375056N,045048W,08410,2025-05-05 18:26:08.858286,2025-05-05 18:26:08.858286
609,5406X,ALCAL LA REAL,JAEN,908,372951N,035429W,"",2025-05-05 18:26:08.859298,2025-05-05 18:26:08.859298
610,5412X,PRIEGO DE CRDOBA,CORDOBA,550,372905N,041228W,"",2025-05-05 18:26:08.860262,2025-05-05 18:26:08.860262
611,5427X,DOA MENCA,CORDOBA,650,373322N,042114W,08412,2025-05-05 18:26:08.861254,2025-05-05 18:26:08.861254
612,5429X,"CRDOBA, PRGDENA",CORDOBA,275,374837N,042744W,"",2025-05-05 18:26:08.862529,2025-05-05 18:26:08.862529
613,5459X,ESPIEL,CORDOBA,465,380640N,045543W,"",2025-05-05 18:26:08.863575,2025-05-05 18:26:08.863575
614,5470,FUENTE PALMERA,CORDOBA,120,374511N,050602W,"",2025-05-05 18:26:08.864562,2025-05-05 18:26:08.864562
615,5473X,AZUAGA,BADAJOZ,581,381604N,054110W,"",2025-05-05 18:26:08.865531,2025-05-05 18:26:08.865531
616,5511,"PRADOLLANO, PARQUE NACIONAL SIERRA NEVADA",GRANADA,3092,370352N,032217W,"",2025-05-05 18:26:08.866475,2025-05-05 18:26:08.866475
617,5514,GRANADA BASE AREA,GRANADA,687,370814N,033753W,08420,2025-05-05 18:26:08.867571,2025-05-05 18:26:08.867571
618,5514Z,GRANADA BASE AREA,GRANADA,695,370810N,033800W,08420,2025-05-05 18:26:08.868545,2025-05-05 18:26:08.868545
619,5515D,VZNAR,GRANADA,1258,371413N,033302W,08421,2025-05-05 18:26:08.869664,2025-05-05 18:26:08.869664
620,5515X,GRANADA-CARTUJA,GRANADA,775,371123N,033544W,"",2025-05-05 18:26:08.870923,2025-05-05 18:26:08.870923
621,5516D,SIERRA NEVADA 'RADIOTELESCOPIO',GRANADA,2856,370347N,032313W,08980,2025-05-05 18:26:08.871946,2025-05-05 18:26:08.871946
622,5530E,GRANADA AEROPUERTO,GRANADA,560,371125N,034723W,08419,2025-05-05 18:26:08.872913,2025-05-05 18:26:08.872913
623,5582A,LOJA,GRANADA,760,370940N,040910W,08414,2025-05-05 18:26:08.874126,2025-05-05 18:26:08.874126
624,5598X,BENAMEJ,CORDOBA,465,371351N,043252W,"",2025-05-05 18:26:08.875341,2025-05-05 18:26:08.875341
625,5612B,LA RODA DE ANDALUCA,SEVILLA,410,371140N,044612W,08399,2025-05-05 18:26:08.876649,2025-05-05 18:26:08.876649
626,5612X,LORA DE ESTEPA,SEVILLA,450,371613N,044937W,"",2025-05-05 18:26:08.877723,2025-05-05 18:26:08.877723
627,5624X,AGUILAR DE LA FRONTERA,CORDOBA,309,372855N,044109W,"",2025-05-05 18:26:08.878711,2025-05-05 18:26:08.878711
628,5625X,LA RAMBLA,CORDOBA,200,373819N,044550W,"",2025-05-05 18:26:08.879760,2025-05-05 18:26:08.879760
629,5641X,CIJA,SEVILLA,130,373058N,050506W,08395,2025-05-05 18:26:08.880836,2025-05-05 18:26:08.880836
630,5654X,LA PUEBLA DE LOS INFANTES,SEVILLA,200,374712N,052216W,"",2025-05-05 18:26:08.881928,2025-05-05 18:26:08.881928
631,5656,FUENTES DE ANDALUCA,SEVILLA,165,372950N,052559W,"",2025-05-05 18:26:08.882870,2025-05-05 18:26:08.882870
632,5702X,CARMONA,SEVILLA,50,373356N,054426W,"",2025-05-05 18:26:08.883814,2025-05-05 18:26:08.883814
633,5704B,CAZALLA DE LA SIERRA,SEVILLA,550,375535N,054611W,08392,2025-05-05 18:26:08.884748,2025-05-05 18:26:08.884748
634,5726X,GUADALCANAL,SEVILLA,720,380558N,054909W,"",2025-05-05 18:26:08.886054,2025-05-05 18:26:08.886054
635,5733X,ALMADN DE LA PLATA,SEVILLA,450,374728N,060430W,"",2025-05-05 18:26:08.887249,2025-05-05 18:26:08.887249
636,5769X,CALA,HUELVA,618,375825N,061920W,"",2025-05-05 18:26:08.888258,2025-05-05 18:26:08.888258
637,5783,SEVILLA AEROPUERTO,SEVILLA,34,372500N,055245W,08391,2025-05-05 18:26:08.889223,2025-05-05 18:26:08.889223
638,5788X,"TOMARES, ZAUDN",SEVILLA,84,372142N,060335W,"",2025-05-05 18:26:08.890210,2025-05-05 18:26:08.890210
639,5790Y,"SEVILLA, TABLADA",SEVILLA,9,372151N,060021W,"",2025-05-05 18:26:08.891315,2025-05-05 18:26:08.891315
640,5796,MORN DE LA FRONTERA,SEVILLA,87,370952N,053641W,08397,2025-05-05 18:26:08.892509,2025-05-05 18:26:08.892509
641,5835X,CARRIN DE LOS CSPEDES,SEVILLA,76,372136N,062003W,"",2025-05-05 18:26:08.893745,2025-05-05 18:26:08.893745
642,5858X,ALMONTE,HUELVA,5,365919N,062635W,"",2025-05-05 18:26:08.894978,2025-05-05 18:26:08.894978
643,5860E,"MOGUER, EL ARENOSILLO",HUELVA,41,370553N,064417W,08384,2025-05-05 18:26:08.896292,2025-05-05 18:26:08.896292
644,5891X,LAS CABEZAS DE SAN JUAN,SEVILLA,105,365712N,055048W,"",2025-05-05 18:26:08.897679,2025-05-05 18:26:08.897679
645,5906X,CHIPIONA,CADIZ,10,364500N,062402W,"",2025-05-05 18:26:08.898943,2025-05-05 18:26:08.898943
646,5910,"ROTA, BASE NAVAL",CADIZ,21,363820N,061957W,08449,2025-05-05 18:26:08.900156,2025-05-05 18:26:08.900156
647,5911A,GRAZALEMA,CADIZ,913,364538N,052227W,08455,2025-05-05 18:26:08.901360,2025-05-05 18:26:08.901360
648,5919X,OLVERA,CADIZ,530,365554N,051534W,"",2025-05-05 18:26:08.902420,2025-05-05 18:26:08.902420
649,5941X,EL BOSQUE,CADIZ,295,364346N,053044W,"",2025-05-05 18:26:08.903361,2025-05-05 18:26:08.903361
650,5950X,SAN JOS DEL VALLE,CADIZ,105,363950N,054660W,"",2025-05-05 18:26:08.904351,2025-05-05 18:26:08.904351
651,5960,JEREZ DE LA FRONTERA AEROPUERTO,CADIZ,27,364502N,060321W,08451,2025-05-05 18:26:08.905856,2025-05-05 18:26:08.905856
652,5972X,SAN FERNANDO,CADIZ,28,362756N,061220W,08453,2025-05-05 18:26:08.907153,2025-05-05 18:26:08.907153
653,5973,CDIZ,CADIZ,2,362959N,061528W,08452,2025-05-05 18:26:08.908113,2025-05-05 18:26:08.908113
654,5983X,MEDINA SIDONIA,CADIZ,70,362422N,055513W,"",2025-05-05 18:26:08.909034,2025-05-05 18:26:08.909034
655,5995B,VEJER DE LA FRONTERA,CADIZ,186,361444N,055754W,08457,2025-05-05 18:26:08.909918,2025-05-05 18:26:08.909918
656,5996B,BARBATE,CADIZ,4,361105N,055434W,"",2025-05-05 18:26:08.910878,2025-05-05 18:26:08.910878
657,5998X,OSUNA,SEVILLA,255,371436N,050645W,"",2025-05-05 18:26:08.911947,2025-05-05 18:26:08.911947
658,6000A,MELILLA,MELILLA,52,351635N,025723W,60338,2025-05-05 18:26:08.913128,2025-05-05 18:26:08.913128
659,6001,TARIFA,CADIZ,32,360050N,053556W,08458,2025-05-05 18:26:08.914249,2025-05-05 18:26:08.914249
660,6032B,RONDA,MALAGA,766,364459N,051006W,08443,2025-05-05 18:26:08.915324,2025-05-05 18:26:08.915324
661,6032X,RONDA INSTITUTO,MALAGA,760,364460N,051007W,"",2025-05-05 18:26:08.916287,2025-05-05 18:26:08.916287
662,6040X,CORTES DE LA FRONTERA,MALAGA,315,363240N,052311W,"",2025-05-05 18:26:08.917545,2025-05-05 18:26:08.917545
663,6042I,JIMENA DE LA FRONTERA,CADIZ,42,362608N,052342W,"",2025-05-05 18:26:08.918463,2025-05-05 18:26:08.918463
664,6045X,ALPANDEIRE,MALAGA,676,363757N,051211W,"",2025-05-05 18:26:08.919390,2025-05-05 18:26:08.919390
665,6050X,GAUCN,MALAGA,594,363107N,051907W,"",2025-05-05 18:26:08.920338,2025-05-05 18:26:08.920338
666,6056X,SAN ROQUE  ,CADIZ,1,361623N,051704W,"",2025-05-05 18:26:08.921428,2025-05-05 18:26:08.921428
667,6057X,MANILVA,MALAGA,140,362242N,051536W,"",2025-05-05 18:26:08.922416,2025-05-05 18:26:08.922416
668,6058I,ESTEPONA,MALAGA,19,362501N,050918W,08463,2025-05-05 18:26:08.923616,2025-05-05 18:26:08.923616
669,6069X,BENAHAVS,MALAGA,392,363237N,050129W,"",2025-05-05 18:26:08.924850,2025-05-05 18:26:08.924850
670,6076X,"MARBELLA, PUERTO",MALAGA,2,362904N,045711W,"",2025-05-05 18:26:08.926261,2025-05-05 18:26:08.926261
671,6083X,MARBELLA,MALAGA,2,362860N,044425W,"",2025-05-05 18:26:08.927241,2025-05-05 18:26:08.927241
672,6084X,FUENGIROLA,MALAGA,8,363219N,043706W,08480,2025-05-05 18:26:08.928213,2025-05-05 18:26:08.928213
673,6088X,TORREMOLINOS,MALAGA,85,363714N,043054W,"",2025-05-05 18:26:08.929468,2025-05-05 18:26:08.929468
674,6100B,ANTEQUERA AYUNTAMIENTO (AUTOMTICA THIES),MALAGA,515,370126N,043345W,"",2025-05-05 18:26:08.930915,2025-05-05 18:26:08.930915
675,6106X,ANTEQUERA,MALAGA,408,370146N,044454W,08413,2025-05-05 18:26:08.932179,2025-05-05 18:26:08.932179
676,6127X,LORA,MALAGA,172,365117N,044148W,"",2025-05-05 18:26:08.933409,2025-05-05 18:26:08.933409
677,6143X,CON,MALAGA,230,363928N,044539W,"",2025-05-05 18:26:08.934725,2025-05-05 18:26:08.934725
678,6155A,MLAGA AEROPUERTO,MALAGA,7,363958N,042856W,08482,2025-05-05 18:26:08.935939,2025-05-05 18:26:08.935939
679,6156X,"MLAGA, CENTRO METEOROLGICO",MALAGA,54,364304N,042854W,08481,2025-05-05 18:26:08.937145,2025-05-05 18:26:08.937145
680,6172O,"MLAGA, PUERTO",MALAGA,25,364260N,042511W,08479,2025-05-05 18:26:08.938182,2025-05-05 18:26:08.938182
681,6172X,MLAGA,MALAGA,25,364260N,042511W,"",2025-05-05 18:26:08.939184,2025-05-05 18:26:08.939184
682,6175X,RINCN DE LA VICTORIA,MALAGA,7,364254N,041710W,"",2025-05-05 18:26:08.940122,2025-05-05 18:26:08.940122
683,6199X,VLEZ-MLAGA,MALAGA,41,364607N,040537W,"",2025-05-05 18:26:08.941354,2025-05-05 18:26:08.941354
684,6201X,ALGARROBO,MALAGA,35,364521N,040238W,"",2025-05-05 18:26:08.942568,2025-05-05 18:26:08.942568
685,6205X,TORROX,MALAGA,3,364335N,035726W,08484,2025-05-05 18:26:08.943780,2025-05-05 18:26:08.943780
686,6213X,NERJA,MALAGA,169,364546N,035043W,"",2025-05-05 18:26:08.945078,2025-05-05 18:26:08.945078
687,6248D,"CAAR, PARQUE NACIONAL SIERRA NEVADA",GRANADA,1732,365708N,032549W,"",2025-05-05 18:26:08.946325,2025-05-05 18:26:08.946325
688,6258X,LANJARN,GRANADA,708,365523N,032933W,"",2025-05-05 18:26:08.947724,2025-05-05 18:26:08.947724
689,6267X,SALOBREA,GRANADA,20,364454N,033443W,"",2025-05-05 18:26:08.949010,2025-05-05 18:26:08.949010
690,6268X,MOTRIL,GRANADA,12,364322N,033149W,08485,2025-05-05 18:26:08.949996,2025-05-05 18:26:08.949996
691,6268Y,"MOTRIL, PUERTO",GRANADA,3,364326N,033145W,"",2025-05-05 18:26:08.950961,2025-05-05 18:26:08.950961
692,6272X,CASTELL DE FERRO,GRANADA,235,364403N,032248W,"",2025-05-05 18:26:08.951940,2025-05-05 18:26:08.951940
693,6277B,ADRA,ALMERIA,8,364450N,030114W,08486,2025-05-05 18:26:08.953168,2025-05-05 18:26:08.953168
694,6281X,VLOR,GRANADA,1020,370019N,030417W,"",2025-05-05 18:26:08.954414,2025-05-05 18:26:08.954414
695,6291B,EL EJIDO,ALMERIA,98,364629N,024847W,"",2025-05-05 18:26:08.955599,2025-05-05 18:26:08.955599
696,6293X,ROQUETAS DE MAR,ALMERIA,3,364113N,024206W,08492,2025-05-05 18:26:08.956770,2025-05-05 18:26:08.956770
697,6297,ALMERA,ALMERIA,7,364952N,022720W,"",2025-05-05 18:26:08.957986,2025-05-05 18:26:08.957986
698,6299I,"LAGUNA SECA, PARQUE NACIONAL SIERRA NEVADA",GRANADA,2300,370545N,025752W,"",2025-05-05 18:26:08.959208,2025-05-05 18:26:08.959208
699,6302A,ABLA,ALMERIA,869,370829N,024648W,08427,2025-05-05 18:26:08.960415,2025-05-05 18:26:08.960415
700,6307C,"LAJAR, PARQUE NACIONAL SIERRA NEVADA",ALMERIA,1713,370311N,025350W,"",2025-05-05 18:26:08.961645,2025-05-05 18:26:08.961645
701,6307X,LUJAR DE ANDARAX,ALMERIA,1510,370160N,025445W,"",2025-05-05 18:26:08.962908,2025-05-05 18:26:08.962908
702,6312E,"RGOL, PARQUE NACIONAL SIERRA NEVADA",ALMERIA,601,370115N,024038W,"",2025-05-05 18:26:08.964318,2025-05-05 18:26:08.964318
703,6325O,ALMERA AEROPUERTO,ALMERIA,21,365047N,022125W,08487,2025-05-05 18:26:08.965671,2025-05-05 18:26:08.965671
704,6329X,CABO DE GATA,ALMERIA,42,364319N,021135W,"",2025-05-05 18:26:08.966891,2025-05-05 18:26:08.966891
705,6332X,CARBONERAS,ALMERIA,16,365849N,015413W,08488,2025-05-05 18:26:08.968100,2025-05-05 18:26:08.968100
706,6332Y,CARBONERAS,ALMERIA,222,365632N,015425W,08488,2025-05-05 18:26:08.969306,2025-05-05 18:26:08.969306
707,6335O,"NACIMIENTO, PARQUE NACIONAL SIERRA NEVADA",ALMERIA,970,370636N,024157W,"",2025-05-05 18:26:08.970496,2025-05-05 18:26:08.970496
708,6340X,"GARRUCHA, PUERTO",ALMERIA,7,371044N,014860W,"",2025-05-05 18:26:08.971696,2025-05-05 18:26:08.971696
709,6364X,ALBOX,ALMERIA,508,372424N,020905W,"",2025-05-05 18:26:08.972888,2025-05-05 18:26:08.972888
710,6367B,HURCAL-OVERA,ALMERIA,300,372326N,015637W,08428,2025-05-05 18:26:08.973998,2025-05-05 18:26:08.973998
711,6375X,FUENTE DE PIEDRA,MALAGA,420,370756N,044431W,"",2025-05-05 18:26:08.974939,2025-05-05 18:26:08.974939
712,6381,ALBORN,ALMERIA,15,355618N,030210W,08490,2025-05-05 18:26:08.976070,2025-05-05 18:26:08.976070
713,7002Y,GUILAS,MURCIA,32,372502N,013513W,08432,2025-05-05 18:26:08.977307,2025-05-05 18:26:08.977307
714,7007Y,MAZARRN,MURCIA,66,373517N,011350W,"",2025-05-05 18:26:08.978529,2025-05-05 18:26:08.978529
715,7012C,CARTAGENA,MURCIA,17,373604N,005916W,08434,2025-05-05 18:26:08.979489,2025-05-05 18:26:08.979489
716,7012D,CARTAGENA,MURCIA,56,373616N,010124W,08434,2025-05-05 18:26:08.980708,2025-05-05 18:26:08.980708
717,7019X,CARTAGENA/SALINAS CABO PALOS,MURCIA,3,373809N,004256W,"",2025-05-05 18:26:08.981911,2025-05-05 18:26:08.981911
718,7020C,MURCIA AEROPUERTO,MURCIA,205,374827N,010741W,"",2025-05-05 18:26:08.983117,2025-05-05 18:26:08.983117
719,7023X,FUENTE LAMO DE MURCIA,MURCIA,140,374335N,011002W,"",2025-05-05 18:26:08.984330,2025-05-05 18:26:08.984330
720,7026X,TORRE-PACHECO,MURCIA,50,374420N,005803W,"",2025-05-05 18:26:08.985538,2025-05-05 18:26:08.985538
721,7031,SAN JAVIER AEROPUERTO,MURCIA,4,374720N,004812W,08433,2025-05-05 18:26:08.986733,2025-05-05 18:26:08.986733
722,7031X,SAN JAVIER AEROPUERTO,MURCIA,4,374642N,004821W,08433,2025-05-05 18:26:08.987847,2025-05-05 18:26:08.987847
723,7066Y,"YESTE, EMBALSE FUENSANTA",ALBACETE,680,382336N,021308W,"",2025-05-05 18:26:08.988855,2025-05-05 18:26:08.988855
724,7067Y,NERPIO,ALBACETE,1485,380518N,022447W,"",2025-05-05 18:26:08.989791,2025-05-05 18:26:08.989791
725,7072Y,YESTE,ALBACETE,960,381742N,021738W,"",2025-05-05 18:26:08.990773,2025-05-05 18:26:08.990773
727,7096B,HELLN,ALBACETE,605,383231N,014211W,08355,2025-05-05 18:26:08.993126,2025-05-05 18:26:08.993126
728,7103Y,TOBARRA,ALBACETE,615,383517N,014122W,"",2025-05-05 18:26:08.994095,2025-05-05 18:26:08.994095
729,7119B,CARAVACA DE LA CRUZ,MURCIA,643,380611N,015238W,08365,2025-05-05 18:26:08.995054,2025-05-05 18:26:08.995054
730,7121A,CALASPARRA,MURCIA,350,381403N,014208W,"",2025-05-05 18:26:08.996326,2025-05-05 18:26:08.996326
731,7127X,BULLAS,MURCIA,690,380257N,014143W,"",2025-05-05 18:26:08.997556,2025-05-05 18:26:08.997556
732,7138B,JUMILLA,MURCIA,485,382732N,012007W,"",2025-05-05 18:26:08.998554,2025-05-05 18:26:08.998554
733,7145D,CIEZA,MURCIA,265,381358N,012250W,08363,2025-05-05 18:26:08.999507,2025-05-05 18:26:08.999507
734,7158X,ARCHENA,MURCIA,150,380741N,011821W,"",2025-05-05 18:26:09.000739,2025-05-05 18:26:09.000739
735,7172X,MULA,MURCIA,255,380229N,012657W,"",2025-05-05 18:26:09.002231,2025-05-05 18:26:09.002231
736,7178I,MURCIA,MURCIA,62,380007N,011015W,08430,2025-05-05 18:26:09.003443,2025-05-05 18:26:09.003443
737,7195X,"CARAVACA DE LA CRUZ, LOS ROYOS",MURCIA,985,375534N,020330W,"",2025-05-05 18:26:09.004496,2025-05-05 18:26:09.004496
738,7203A,"LORCA, ZARCILLA DE RAMOS",MURCIA,646,375041N,015211W,"",2025-05-05 18:26:09.005494,2025-05-05 18:26:09.005494
739,7209,LORCA,MURCIA,312,373917N,014114W,08426,2025-05-05 18:26:09.006418,2025-05-05 18:26:09.006418
740,7211B,PUERTO LUMBRERAS,MURCIA,445,373405N,014750W,"",2025-05-05 18:26:09.007340,2025-05-05 18:26:09.007340
741,7218Y,TOTANA,MURCIA,281,374531N,013046W,"",2025-05-05 18:26:09.008555,2025-05-05 18:26:09.008555
742,7227X,ALHAMA DE MURCIA,MURCIA,157,375142N,012005W,"",2025-05-05 18:26:09.009766,2025-05-05 18:26:09.009766
743,7228,"ALCANTARILLA, BASE AREA",MURCIA,75,375728N,011343W,08429,2025-05-05 18:26:09.010977,2025-05-05 18:26:09.010977
744,7237E,MOLINA DE SEGURA,MURCIA,170,380820N,010931W,"",2025-05-05 18:26:09.012242,2025-05-05 18:26:09.012242
745,7244X,ORIHUELA,ALICANTE,26,380404N,005853W,"",2025-05-05 18:26:09.013628,2025-05-05 18:26:09.013628
746,7247X,EL PINS/PINOSO,ALICANTE,575,382359N,010217W,08357,2025-05-05 18:26:09.015016,2025-05-05 18:26:09.015016
747,7250C,ABANILLA,MURCIA,174,381140N,010202W,"",2025-05-05 18:26:09.016270,2025-05-05 18:26:09.016270
748,7261X,ROJALES,ALICANTE,31,380517N,004255W,08367,2025-05-05 18:26:09.017501,2025-05-05 18:26:09.017501
749,7275C,YECLA,MURCIA,640,383606N,010935W,08356,2025-05-05 18:26:09.018587,2025-05-05 18:26:09.018587
750,8005X,FONTANARS DELS ALFORINS,VALENCIA,622,384648N,004745W,"",2025-05-05 18:26:09.019649,2025-05-05 18:26:09.019649
751,8008Y,VILLENA,ALICANTE,486,383437N,005156W,"",2025-05-05 18:26:09.020625,2025-05-05 18:26:09.020625
752,8013X,NOVELDA,ALICANTE,233,382308N,004528W,"",2025-05-05 18:26:09.021774,2025-05-05 18:26:09.021774
753,8018X,ELX/ELCHE,ALICANTE,110,381715N,004050W,"",2025-05-05 18:26:09.022905,2025-05-05 18:26:09.022905
754,8019,ALICANTE-ELCHE AEROPUERTO,ALICANTE,43,381658N,003415W,08360,2025-05-05 18:26:09.023878,2025-05-05 18:26:09.023878
755,8025,ALACANT/ALICANTE,ALICANTE,81,382221N,002939W,08359,2025-05-05 18:26:09.024817,2025-05-05 18:26:09.024817
756,8036Y,BENIDORM,ALICANTE,36,383237N,000816W,"",2025-05-05 18:26:09.025742,2025-05-05 18:26:09.025742
757,8050X,JVEA/ XBIA,ALICANTE,15,384703N,001000E,08370,2025-05-05 18:26:09.026704,2025-05-05 18:26:09.026704
758,8057C,PEGO,ALICANTE,60,385048N,000706W,"",2025-05-05 18:26:09.027923,2025-05-05 18:26:09.027923
759,8058X,OLIVA,VALENCIA,5,385544N,000545W,08282,2025-05-05 18:26:09.029196,2025-05-05 18:26:09.029196
760,8058Y,MIRAMAR,VALENCIA,12,385701N,000816W,"",2025-05-05 18:26:09.030617,2025-05-05 18:26:09.030617
761,8059C,ALCOI/ALCOY,ALICANTE,530,384239N,002736W,"",2025-05-05 18:26:09.031953,2025-05-05 18:26:09.031953
762,8072Y,BARX,VALENCIA,340,390101N,001817W,"",2025-05-05 18:26:09.033264,2025-05-05 18:26:09.033264
763,8084Y,PANTANO DE LA TOBA (AUTOMATICA),CUENCA,1154,401321N,015533W,"",2025-05-05 18:26:09.034523,2025-05-05 18:26:09.034523
764,8096,CUENCA,CUENCA,949,400402N,020755W,08231,2025-05-05 18:26:09.035759,2025-05-05 18:26:09.035759
765,8155Y,MOTILLA DEL PALANCAR,CUENCA,830,393319N,015455W,"",2025-05-05 18:26:09.037013,2025-05-05 18:26:09.037013
766,8175,ALBACETE BASE AREA,ALBACETE,702,385715N,015123W,08280,2025-05-05 18:26:09.038208,2025-05-05 18:26:09.038208
767,8177A,CHINCHILLA,ALBACETE,880,385615N,013932W,08278,2025-05-05 18:26:09.039403,2025-05-05 18:26:09.039403
768,8178D,ALBACETE,ALBACETE,674,390020N,015144W,08279,2025-05-05 18:26:09.040494,2025-05-05 18:26:09.040494
769,8193E,JALANCE,VALENCIA,372,391230N,010540W,"",2025-05-05 18:26:09.041508,2025-05-05 18:26:09.041508
770,8198Y,ALMANSA,ALBACETE,710,385102N,010347W,"",2025-05-05 18:26:09.042855,2025-05-05 18:26:09.042855
771,8203O,ZARRA,VALENCIA,855,390458N,010603W,08283,2025-05-05 18:26:09.044041,2025-05-05 18:26:09.044041
772,8210Y,SALVACAETE,CUENCA,1160,400611N,013013W,"",2025-05-05 18:26:09.045474,2025-05-05 18:26:09.045474
773,8245Y,MIRA,CUENCA,815,394252N,012633W,"",2025-05-05 18:26:09.047700,2025-05-05 18:26:09.047700
774,8270X,BICORP,VALENCIA,305,390801N,004724W,"",2025-05-05 18:26:09.049008,2025-05-05 18:26:09.049008
775,8283X,ONTINYENT,VALENCIA,350,384946N,003628W,"",2025-05-05 18:26:09.050322,2025-05-05 18:26:09.050322
776,8293X,XTIVA,VALENCIA,88,390006N,003123W,08290,2025-05-05 18:26:09.051830,2025-05-05 18:26:09.051830
777,8300X,CARCAIXENT,VALENCIA,25,390648N,002645W,"",2025-05-05 18:26:09.053471,2025-05-05 18:26:09.053471
778,8309X,UTIEL,VALENCIA,758,393432N,011441W,08281,2025-05-05 18:26:09.055018,2025-05-05 18:26:09.055018
779,8325X,POLINY DE XQUER,VALENCIA,12,391105N,002219W,08287,2025-05-05 18:26:09.056355,2025-05-05 18:26:09.056355
780,8337X,TURS,VALENCIA,186,392332N,003729W,"",2025-05-05 18:26:09.057352,2025-05-05 18:26:09.057352
781,8354X,ALBARRACN,TERUEL,1130,402511N,012629W,"",2025-05-05 18:26:09.060235,2025-05-05 18:26:09.060235
782,8368U,TERUEL,TERUEL,902,402103N,010727W,08235,2025-05-05 18:26:09.061848,2025-05-05 18:26:09.061848
783,8376,JABALOYAS,TERUEL,1430,401410N,012442W,"",2025-05-05 18:26:09.063146,2025-05-05 18:26:09.063146
784,8381X,ADEMUZ,VALENCIA,705,400338N,011701W,"",2025-05-05 18:26:09.064562,2025-05-05 18:26:09.064562
785,8395X,CHELVA,VALENCIA,515,394512N,005937W,"",2025-05-05 18:26:09.065675,2025-05-05 18:26:09.065675
786,8409X,LLRIA,VALENCIA,198,393950N,003914W,"",2025-05-05 18:26:09.066819,2025-05-05 18:26:09.066819
787,8414A,VALENCIA AEROPUERTO,VALENCIA,56,392906N,002829W,08284,2025-05-05 18:26:09.068251,2025-05-05 18:26:09.068251
788,8416,VALNCIA,VALENCIA,11,392850N,002159W,08285,2025-05-05 18:26:09.069316,2025-05-05 18:26:09.069316
789,8416X,"VALENCIA, UPV",VALENCIA,6,392846N,002014W,"",2025-05-05 18:26:09.070367,2025-05-05 18:26:09.070367
790,8416Y,"VALNCIA, VIVEROS",VALENCIA,11,392850N,002159W,08285,2025-05-05 18:26:09.071974,2025-05-05 18:26:09.071974
791,8439X,SEGORBE,CASTELLON,400,394744N,002907W,"",2025-05-05 18:26:09.073180,2025-05-05 18:26:09.073180
792,8446Y,SAGUNT/SAGUNTO,VALENCIA,24,394203N,001532W,"",2025-05-05 18:26:09.074287,2025-05-05 18:26:09.074287
793,8458X,CEDRILLAS,TERUEL,1380,402550N,005058W,"",2025-05-05 18:26:09.076105,2025-05-05 18:26:09.076105
794,8472A,MONTANEJOS,CASTELLON,601,400516N,003249W,"",2025-05-05 18:26:09.077754,2025-05-05 18:26:09.077754
795,8486X,MOSQUERUELA,TERUEL,1515,402145N,002716W,"",2025-05-05 18:26:09.079900,2025-05-05 18:26:09.079900
796,8489X,VILLAFRANCA DEL CID/VILAFRANCA,CASTELLON,1130,402600N,001520W,08241,2025-05-05 18:26:09.082032,2025-05-05 18:26:09.082032
797,8492X,ATZENETA DEL MAESTRAT,CASTELLON,420,401338N,001011W,"",2025-05-05 18:26:09.083644,2025-05-05 18:26:09.083644
798,8500A,CASTELL - ALMASSORA,CASTELLON,43,395726N,000419W,08286,2025-05-05 18:26:09.085200,2025-05-05 18:26:09.085200
799,8501,CASTELL DE LA PLANA,CASTELLON,23,395921N,000156W,"",2025-05-05 18:26:09.087142,2025-05-05 18:26:09.087142
800,8503Y,TORREBLANCA,CASTELLON,35,401241N,001101E,"",2025-05-05 18:26:09.089213,2025-05-05 18:26:09.089213
801,8520X,LA POBLA DE BENIFASS-FREDES,CASTELLON,1165,404137N,000955E,"",2025-05-05 18:26:09.090599,2025-05-05 18:26:09.090599
802,8523X,VINARS,CASTELLON,111,403315N,002547E,08239,2025-05-05 18:26:09.091933,2025-05-05 18:26:09.091933
803,9001D,REINOSA,CANTABRIA,870,425931N,040938W,08032,2025-05-05 18:26:09.093219,2025-05-05 18:26:09.093219
804,9001S,ALTO CAMPOO,CANTABRIA,1650,430212N,042228W,08061,2025-05-05 18:26:09.094400,2025-05-05 18:26:09.094400
805,9012E,SANTA GADEA DE ALFOZ,BURGOS,915,425705N,035726W,"",2025-05-05 18:26:09.095466,2025-05-05 18:26:09.095466
806,9016X,"VALDERREDIBLE, CUBILLO DE EBRO",CANTABRIA,770,424835N,040156W,"",2025-05-05 18:26:09.096919,2025-05-05 18:26:09.096919
807,9019B,"VALDERREDIBLE, POLIENTES   ",CANTABRIA,720,424822N,035602W,08033,2025-05-05 18:26:09.098005,2025-05-05 18:26:09.098005
808,9027X,SARGENTES DE LA LORA,BURGOS,1017,424449N,035304W,"",2025-05-05 18:26:09.098963,2025-05-05 18:26:09.098963
809,9031C,BRIVIESCA,BURGOS,730,423334N,031832W,"",2025-05-05 18:26:09.099968,2025-05-05 18:26:09.099968
810,9051,MEDINA DE POMAR,BURGOS,580,425512N,032858W,08063,2025-05-05 18:26:09.101124,2025-05-05 18:26:09.101124
811,9060X,LALASTRA,ARABA/ALAVA,910,425231N,031354W,"",2025-05-05 18:26:09.102213,2025-05-05 18:26:09.102213
812,9069C,MIRANDA DE EBRO,BURGOS,460,424114N,025738W,"",2025-05-05 18:26:09.103499,2025-05-05 18:26:09.103499
813,9073X,"AGURAIN/SALVATIERRA, OPAKUA",ARABA/ALAVA,660,424947N,022135W,"",2025-05-05 18:26:09.104549,2025-05-05 18:26:09.104549
814,9087,VITORIA AERDROMO,ARABA/ALAVA,521,425059N,023922W,"",2025-05-05 18:26:09.105889,2025-05-05 18:26:09.105889
815,9091O,FORONDA-TXOKIZA,ARABA/ALAVA,513,425255N,024406W,08080,2025-05-05 18:26:09.107289,2025-05-05 18:26:09.107289
816,9091R,VITORIA-GASTEIZ AEROPUERTO,ARABA/ALAVA,513,425219N,024358W,08080,2025-05-05 18:26:09.109065,2025-05-05 18:26:09.109065
817,9111,BELORADO,BURGOS,820,422516N,031013W,08077,2025-05-05 18:26:09.110507,2025-05-05 18:26:09.110507
818,9115X,VALDEZCARAY,LA RIOJA,1630,421518N,025805W,"",2025-05-05 18:26:09.111807,2025-05-05 18:26:09.111807
819,9121X,HARO,LA RIOJA,465,423431N,025117W,"",2025-05-05 18:26:09.113110,2025-05-05 18:26:09.113110
820,9122I,LABASTIDA,ARABA/ALAVA,612,423614N,024636W,"",2025-05-05 18:26:09.114672,2025-05-05 18:26:09.114672
821,9136X,"ANGUIANO, VALVANERA",LA RIOJA,1006,421351N,025216W,"",2025-05-05 18:26:09.115739,2025-05-05 18:26:09.115739
822,9141V,NJERA,LA RIOJA,500,422450N,024336W,"",2025-05-05 18:26:09.117084,2025-05-05 18:26:09.117084
823,9145X,LEZA,ARABA/ALAVA,575,423402N,023758W,"",2025-05-05 18:26:09.118198,2025-05-05 18:26:09.118198
824,9145Y,CENICERO,LA RIOJA,429,422858N,023822W,"",2025-05-05 18:26:09.119285,2025-05-05 18:26:09.119285
825,9170,"LOGROO, AEROPUERTO",LA RIOJA,353,422708N,021952W,08084,2025-05-05 18:26:09.120464,2025-05-05 18:26:09.120464
826,9171K,LOS ARCOS,NAVARRA,470,423413N,021102W,"",2025-05-05 18:26:09.121709,2025-05-05 18:26:09.121709
827,9178X,CAMPEZO/KANPEZU,ARABA/ALAVA,570,424014N,022046W,"",2025-05-05 18:26:09.122828,2025-05-05 18:26:09.122828
828,9188,ENCISO,LA RIOJA,855,420858N,021624W,"",2025-05-05 18:26:09.123797,2025-05-05 18:26:09.123797
829,9195C,ASTN- LA RACA,HUESCA,2276,424735N,003019W,08909,2025-05-05 18:26:09.124772,2025-05-05 18:26:09.124772
830,9198X,CANFRANC,HUESCA,1197,424458N,003058W,"",2025-05-05 18:26:09.126058,2025-05-05 18:26:09.126058
831,9201K,JACA,HUESCA,823,423444N,003249W,08091,2025-05-05 18:26:09.127594,2025-05-05 18:26:09.127594
832,9201X,JACA,HUESCA,832,423447N,003242W,08091,2025-05-05 18:26:09.128754,2025-05-05 18:26:09.128754
833,9207,"VALLE DE HECHO, HECHO",HUESCA,860,424426N,004502W,"",2025-05-05 18:26:09.130207,2025-05-05 18:26:09.130207
834,9208E,ARAGS DEL PUERTO,HUESCA,1025,424231N,004022W,08095,2025-05-05 18:26:09.131676,2025-05-05 18:26:09.131676
835,9211F,"BAILO, PUYALTO",HUESCA,722,423051N,004902W,"",2025-05-05 18:26:09.132727,2025-05-05 18:26:09.132727
836,9218A,ISABA/IZABA,NAVARRA,838,425145N,005529W,"",2025-05-05 18:26:09.133719,2025-05-05 18:26:09.133719
837,9228J,OROZ-BETELU/OROTZ-BETELU,NAVARRA,635,425346N,011801W,"",2025-05-05 18:26:09.134848,2025-05-05 18:26:09.134848
838,9228T,RONCESVALLES/ORREAGA,NAVARRA,947,430028N,011932W,"",2025-05-05 18:26:09.136497,2025-05-05 18:26:09.136497
839,9238X,NAVASCUS/NABASKOZE,NAVARRA,612,424303N,010702W,"",2025-05-05 18:26:09.138474,2025-05-05 18:26:09.138474
840,9244X,SOS DEL REY CATLICO,ZARAGOZA,626,422927N,011248W,08090,2025-05-05 18:26:09.139993,2025-05-05 18:26:09.139993
841,9245X,CSEDA,NAVARRA,440,423117N,012159W,"",2025-05-05 18:26:09.140869,2025-05-05 18:26:09.140869
842,9252X,OLITE/ERRIBERRI,NAVARRA,390,422921N,013920W,"",2025-05-05 18:26:09.141772,2025-05-05 18:26:09.141772
843,9257X,"ESTERIBAR, EMBALSE DE EUGI",NAVARRA,615,425814N,013101W,"",2025-05-05 18:26:09.142721,2025-05-05 18:26:09.142721
844,9262,PAMPLONA,NAVARRA,450,424904N,013818W,"",2025-05-05 18:26:09.143572,2025-05-05 18:26:09.143572
845,9262P,MONREAL/ELO,NAVARRA,585,424204N,012944W,"",2025-05-05 18:26:09.144487,2025-05-05 18:26:09.144487
846,9263D,"PAMPLONA, AEROPUERTO",NAVARRA,459,424637N,013900W,08085,2025-05-05 18:26:09.145366,2025-05-05 18:26:09.145366
847,9263X,"ARANGUREN, ILUNDAIN  ",NAVARRA,572,424634N,013157W,08089,2025-05-05 18:26:09.146365,2025-05-05 18:26:09.146365
848,9274X,IRURTZUN,NAVARRA,432,425508N,015006W,"",2025-05-05 18:26:09.147351,2025-05-05 18:26:09.147351
849,9280B,LARRAGA,NAVARRA,375,423258N,015127W,"",2025-05-05 18:26:09.148215,2025-05-05 18:26:09.148215
850,9283X,CADREITA,NAVARRA,268,421225N,014241W,08153,2025-05-05 18:26:09.149071,2025-05-05 18:26:09.149071
851,9287A,SAN PEDRO MANRIQUE,SORIA,1096,420135N,021351W,"",2025-05-05 18:26:09.149996,2025-05-05 18:26:09.149996
852,9293X,"ALFARO, LA PLANA",LA RIOJA,371,421034N,014438W,"",2025-05-05 18:26:09.150852,2025-05-05 18:26:09.150852
853,9294E,"BARDENAS REALES, BASE AREA",NAVARRA,295,421155N,012831W,08087,2025-05-05 18:26:09.151677,2025-05-05 18:26:09.151677
854,9299X,TARAZONA,ZARAGOZA,475,415454N,014324W,"",2025-05-05 18:26:09.152502,2025-05-05 18:26:09.152502
855,9301X,MONTEAGUDO,NAVARRA,410,415732N,014126W,"",2025-05-05 18:26:09.153332,2025-05-05 18:26:09.153332
856,9302Y,TUDELA,NAVARRA,297,420320N,013634W,"",2025-05-05 18:26:09.154203,2025-05-05 18:26:09.154203
857,9321X,EJEA DE LOS CABALLEROS,ZARAGOZA,321,420716N,010823W,"",2025-05-05 18:26:09.155465,2025-05-05 18:26:09.155465
858,9336D,CASTEJON DE VALDEJASA,ZARAGOZA,543,415903N,005945W,"",2025-05-05 18:26:09.156348,2025-05-05 18:26:09.156348
859,9344C,ARCOS DE JALN,SORIA,863,411259N,021735W,"",2025-05-05 18:26:09.157339,2025-05-05 18:26:09.157339
860,9352A,ALMAZUL,SORIA,1000,413429N,020825W,"",2025-05-05 18:26:09.158705,2025-05-05 18:26:09.158705
861,9354X,ALHAMA DE ARAGON,ZARAGOZA,703,411735N,015343W,"",2025-05-05 18:26:09.160002,2025-05-05 18:26:09.160002
862,9374X,SANTA EULALIA DEL CAMPO,TERUEL,1000,403400N,011915W,"",2025-05-05 18:26:09.161339,2025-05-05 18:26:09.161339
863,9377Y,EL PEDREGAL,GUADALAJARA,1185,404643N,013406W,"",2025-05-05 18:26:09.162673,2025-05-05 18:26:09.162673
864,9381,"CALAMOCHA, AERDROMO",TERUEL,932,405154N,011818W,"",2025-05-05 18:26:09.163986,2025-05-05 18:26:09.163986
865,9381I,CALAMOCHA,TERUEL,884,405534N,011736W,08233,2025-05-05 18:26:09.164937,2025-05-05 18:26:09.164937
866,9390,DAROCA,ZARAGOZA,774,410652N,012436W,08157,2025-05-05 18:26:09.166431,2025-05-05 18:26:09.166431
867,9394X,CALATAYUD,ZARAGOZA,582,411952N,013843W,08156,2025-05-05 18:26:09.167632,2025-05-05 18:26:09.167632
868,9427X,LA ALMUNIA DE DOA GODINA,ZARAGOZA,370,412852N,012251W,"",2025-05-05 18:26:09.168829,2025-05-05 18:26:09.168829
869,9434,"ZARAGOZA, AEROPUERTO",ZARAGOZA,249,413938N,010015W,08160,2025-05-05 18:26:09.170174,2025-05-05 18:26:09.170174
870,9434P,"ZARAGOZA, VALDESPARTERA",ZARAGOZA,258,413716N,005605W,08159,2025-05-05 18:26:09.171326,2025-05-05 18:26:09.171326
871,9436X,FONFRA,TERUEL,1255,405943N,010515W,"",2025-05-05 18:26:09.172635,2025-05-05 18:26:09.172635
872,9445L,"FORMIGAL, SARRIOS",HUESCA,1800,424545N,002334W,08096,2025-05-05 18:26:09.173763,2025-05-05 18:26:09.173763
873,9451F,"PANTICOSA, PETROSOS",HUESCA,1850,424216N,001631W,08915,2025-05-05 18:26:09.174711,2025-05-05 18:26:09.174711
874,9453X,"BIESCAS, EMBALSE DE BBAL",HUESCA,1100,424157N,001908W,"",2025-05-05 18:26:09.175632,2025-05-05 18:26:09.175632
875,9460X,SABINIGO,HUESCA,775,423046N,002120W,"",2025-05-05 18:26:09.176528,2025-05-05 18:26:09.176528
876,9491X,ALMUDVAR,HUESCA,390,420146N,003509W,"",2025-05-05 18:26:09.177668,2025-05-05 18:26:09.177668
878,9501X,VALMADRID ,ZARAGOZA,535,412635N,005309W,"",2025-05-05 18:26:09.180470,2025-05-05 18:26:09.180470
879,9510X,QUINTO,ZARAGOZA,205,412545N,003014W,"",2025-05-05 18:26:09.181919,2025-05-05 18:26:09.181919
880,9513X,MUNIESA,TERUEL,800,410152N,004820W,"",2025-05-05 18:26:09.183279,2025-05-05 18:26:09.183279
881,9531Y,MONTALBN,TERUEL,895,404943N,004734W,"",2025-05-05 18:26:09.184326,2025-05-05 18:26:09.184326
882,9546B,HIJAR,TERUEL,305,411019N,002631W,"",2025-05-05 18:26:09.185546,2025-05-05 18:26:09.185546
883,9550C,"ANDORRA, HORCALLANA",TERUEL,762,405828N,002428W,"",2025-05-05 18:26:09.186602,2025-05-05 18:26:09.186602
884,9561X,CASTELLOTE,TERUEL,755,404754N,001855W,"",2025-05-05 18:26:09.187740,2025-05-05 18:26:09.187740
885,9562X,MORELLA,CASTELLON,990,403718N,000607W,"",2025-05-05 18:26:09.188956,2025-05-05 18:26:09.188956
886,9563X,CASTELLFORT,CASTELLON,1220,402955N,001112W,08237,2025-05-05 18:26:09.190013,2025-05-05 18:26:09.190013
887,9569A,CALANDA,TERUEL,466,405648N,001416W,08166,2025-05-05 18:26:09.190963,2025-05-05 18:26:09.190963
888,9573X,ALCAIZ,TERUEL,334,410329N,000830W,08164,2025-05-05 18:26:09.191939,2025-05-05 18:26:09.191939
889,9574B,"CASPE, PLANA DEL PILN",ZARAGOZA,215,411433N,000407W,08165,2025-05-05 18:26:09.193067,2025-05-05 18:26:09.193067
890,9576C,BUJARALOZ,ZARAGOZA,357,413119N,001027W,08165,2025-05-05 18:26:09.194345,2025-05-05 18:26:09.194345
891,9585,LA MOLINA,GIRONA,1699,421957N,015622E,08117,2025-05-05 18:26:09.195625,2025-05-05 18:26:09.195625
892,9590,MARTINET  ,LLEIDA,1038,422144N,014136E,"",2025-05-05 18:26:09.197103,2025-05-05 18:26:09.197103
893,9590D,CAP DE REC,LLEIDA,1940,422549N,014003E,08940,2025-05-05 18:26:09.198612,2025-05-05 18:26:09.198612
894,9619,LA SEU D'URGELL,LLEIDA,677,422117N,012746E,08115,2025-05-05 18:26:09.199748,2025-05-05 18:26:09.199748
895,9632X,TUIXENT,LLEIDA,1196,421349N,013410E,"",2025-05-05 18:26:09.201069,2025-05-05 18:26:09.201069
896,9638D,COLL DE NARG,LLEIDA,609,420916N,011843E,"",2025-05-05 18:26:09.202388,2025-05-05 18:26:09.202388
897,9647X,TOR,LLEIDA,435,414821N,012344E,"",2025-05-05 18:26:09.203684,2025-05-05 18:26:09.203684
898,9650X,ARTESA DE SEGRE,LLEIDA,400,415253N,010631E,"",2025-05-05 18:26:09.205003,2025-05-05 18:26:09.205003
899,9657X,ESTERRI D'NEU,LLEIDA,952,423730N,010734E,"",2025-05-05 18:26:09.206235,2025-05-05 18:26:09.206235
900,9660,SANT MAURICI (LLAC),LLEIDA,1907,423451N,010027E,"",2025-05-05 18:26:09.207336,2025-05-05 18:26:09.207336
901,9677,PORT AIN,LLEIDA,2410,422436N,011253E,08938,2025-05-05 18:26:09.208606,2025-05-05 18:26:09.208606
902,9689X,TORRE DE CABDELLA ,LLEIDA,1273,422759N,005927E,"",2025-05-05 18:26:09.209667,2025-05-05 18:26:09.209667
903,9698U,TALARN,LLEIDA,807,421217N,005153E,08112,2025-05-05 18:26:09.210721,2025-05-05 18:26:09.210721
904,9707,LLIMIANA,LLEIDA,515,420401N,005426E,"",2025-05-05 18:26:09.211832,2025-05-05 18:26:09.211832
905,9718X,TORDERA - GRANYANELLA,LLEIDA,463,414052N,011323E,"",2025-05-05 18:26:09.212986,2025-05-05 18:26:09.212986
906,9720X,TRREGA,LLEIDA,388,413902N,010858E,08173,2025-05-05 18:26:09.214366,2025-05-05 18:26:09.214366
907,9724X,OS DE BALAGUER,LLEIDA,520,415224N,004522E,"",2025-05-05 18:26:09.215749,2025-05-05 18:26:09.215749
908,9726E,LLORAC,TARRAGONA,657,413326N,011834E,"",2025-05-05 18:26:09.217061,2025-05-05 18:26:09.217061
909,9729X,MOLLERUSSA,LLEIDA,252,413701N,005160E,"",2025-05-05 18:26:09.218373,2025-05-05 18:26:09.218373
910,9744B,VALL DE BO,LLEIDA,1089,423012N,004756E,"",2025-05-05 18:26:09.219867,2025-05-05 18:26:09.219867
911,9751,SOPEIRA,HUESCA,760,421907N,004449E,"",2025-05-05 18:26:09.221117,2025-05-05 18:26:09.221117
912,9756X,BENABARRE,HUESCA,765,420645N,002848E,"",2025-05-05 18:26:09.222373,2025-05-05 18:26:09.222373
913,9771,"LLEIDA, OBSERVATORIO",LLEIDA,199,413702N,003716E,"",2025-05-05 18:26:09.223407,2025-05-05 18:26:09.223407
914,9771C,LLEIDA,LLEIDA,186,413734N,003553E,08171,2025-05-05 18:26:09.224420,2025-05-05 18:26:09.224420
915,9772X,LA POBLA DE CRVOLES,LLEIDA,673,412158N,005449E,"",2025-05-05 18:26:09.225737,2025-05-05 18:26:09.225737
916,9775X,EL SOLERS,LLEIDA,392,412449N,004042E,"",2025-05-05 18:26:09.227074,2025-05-05 18:26:09.227074
917,9776D,ELS TORMS,LLEIDA,488,412336N,004403E,"",2025-05-05 18:26:09.228380,2025-05-05 18:26:09.228380
918,9784P,BIELSA,HUESCA,992,423748N,001329E,08103,2025-05-05 18:26:09.229693,2025-05-05 18:26:09.229693
919,9808X,"ANSA-SOBRARBE, LA SERRETA",HUESCA,610,422518N,000817E,"",2025-05-05 18:26:09.231161,2025-05-05 18:26:09.231161
920,9812M,"PARADOR DE ORDESA, PARQUE NACIONAL ORDESA Y MONTEPERDIDO",HUESCA,1206,423919N,000557W,"",2025-05-05 18:26:09.232546,2025-05-05 18:26:09.232546
921,9814A,TORLA,HUESCA,1020,423736N,000642W,08101,2025-05-05 18:26:09.233753,2025-05-05 18:26:09.233753
922,9814I,"TORLA-ORDESA, EL CEBOLLAR",HUESCA,1905,423922N,000728W,08919,2025-05-05 18:26:09.234762,2025-05-05 18:26:09.234762
923,9814X,TORLA - ORDESA,HUESCA,1076,423815N,000643W,"",2025-05-05 18:26:09.235743,2025-05-05 18:26:09.235743
924,9838B,BENASQUE,HUESCA,1120,423558N,003114E,"",2025-05-05 18:26:09.236992,2025-05-05 18:26:09.236992
925,9839V,"CERLER, COGULLA",HUESCA,2374,423318N,003235E,08923,2025-05-05 18:26:09.238176,2025-05-05 18:26:09.238176
926,9843A,SEIRA,HUESCA,825,422837N,002603E,"",2025-05-05 18:26:09.239286,2025-05-05 18:26:09.239286
927,9855E,"CAPELLA, LAGUARRES",HUESCA,600,421205N,002758E,"",2025-05-05 18:26:09.240437,2025-05-05 18:26:09.240437
928,9866C,BARBASTRO,HUESCA,305,420117N,000826E,"",2025-05-05 18:26:09.241741,2025-05-05 18:26:09.241741
929,9894Y,SARIENA,HUESCA,300,414757N,000939W,"",2025-05-05 18:26:09.243050,2025-05-05 18:26:09.243050
930,9898,"HUESCA, AEROPUERTO",HUESCA,546,420504N,001932W,08094,2025-05-05 18:26:09.244343,2025-05-05 18:26:09.244343
931,9901X,HUESCA,HUESCA,463,420820N,002342W,"",2025-05-05 18:26:09.245668,2025-05-05 18:26:09.245668
932,9908X,LANAJA,HUESCA,380,414626N,001959W,"",2025-05-05 18:26:09.247246,2025-05-05 18:26:09.247246
933,9911X,BALLOBAR,HUESCA,178,413710N,001116E,"",2025-05-05 18:26:09.249003,2025-05-05 18:26:09.249003
934,9918Y,"TAMARITE DE LITERA, LA MELUSA",HUESCA,218,414651N,002237E,"",2025-05-05 18:26:09.250377,2025-05-05 18:26:09.250377
935,9924X,FRAGA,HUESCA,170,413129N,002120E,"",2025-05-05 18:26:09.251690,2025-05-05 18:26:09.251690
936,9935X,VALDERROBRES,TERUEL,483,405224N,000847E,"",2025-05-05 18:26:09.252957,2025-05-05 18:26:09.252957
937,9946X,HORTA DE SANT JOAN,TARRAGONA,495,405711N,001842E,"",2025-05-05 18:26:09.254081,2025-05-05 18:26:09.254081
938,9947X,LA POBLA DE MASSALUCA,TARRAGONA,370,411038N,002112E,"",2025-05-05 18:26:09.256568,2025-05-05 18:26:09.256568
939,9961X,CABACS,TARRAGONA,363,411458N,004407E,"",2025-05-05 18:26:09.258708,2025-05-05 18:26:09.258708
940,9975X,RASQUERA,TARRAGONA,112,410018N,003649E,"",2025-05-05 18:26:09.262116,2025-05-05 18:26:09.262116
941,9981A,ESTACIN DE TORTOSA (ROQUETES),TARRAGONA,50,404913N,002936E,08238,2025-05-05 18:26:09.263346,2025-05-05 18:26:09.263346
942,9987P,SANT JAUME D'ENVEJA,TARRAGONA,1,404157N,004836E,08240,2025-05-05 18:26:09.264390,2025-05-05 18:26:09.264390
943,9988B,CAP DE VAQUIRA,LLEIDA,2467,424131N,005826E,08936,2025-05-05 18:26:09.265469,2025-05-05 18:26:09.265469
944,9990X,"NAUT ARAN, ARTIES ",LLEIDA,1161,424201N,005237E,08107,2025-05-05 18:26:09.266516,2025-05-05 18:26:09.266516
945,9994X,BOSSST,LLEIDA,722,424634N,004123E,"",2025-05-05 18:26:09.267979,2025-05-05 18:26:09.267979
946,9995Y,VALCARLOS/LUZAIDE,NAVARRA,334,430528N,011803W,"",2025-05-05 18:26:09.269508,2025-05-05 18:26:09.269508
947,9998X,BELLO,TERUEL,1006,405517N,012940W,"",2025-05-05 18:26:09.271806,2025-05-05 18:26:09.271806
2,B051A,"SLLER, PUERTO",BALEARES,5,394744N,024129E,08316,2025-05-05 18:26:08.140289,2025-05-05 18:26:08.140289
42,B954,"IBIZA, AEROPUERTO",BALEARES,6,385235N,012304E,08373,2025-05-05 18:26:08.189910,2025-05-05 18:26:08.189910
30,B684A,"ESCORCA, SON TORRELLA",BALEARES,842,394734N,024716E,"",2025-05-05 18:26:08.177012,2025-05-05 18:26:08.177012
1,B013X,"ESCORCA, LLUC",BALEARES,490,394924N,025309E,08304,2025-05-05 18:20:16.495518,2025-05-05 18:20:16.495518
6,B228,"PALMA, PUERTO",BALEARES,3,393315N,023731E,08301,2025-05-05 18:26:08.148362,2025-05-05 18:26:08.148362
8,B248,"SIERRA DE ALFABIA, BUNYOLA",BALEARES,1030,394406N,024247E,08303,2025-05-05 18:26:08.150615,2025-05-05 18:26:08.150615
11,B301,"LLUCMAJOR, CAP BLANC",BALEARES,113,392247N,024706E,08308,2025-05-05 18:26:08.154615,2025-05-05 18:26:08.154615
18,B410B,SANTANY,BALEARES,45,392024N,030845E,"",2025-05-05 18:26:08.163308,2025-05-05 18:26:08.163308
19,B434X,PORTOCOLOM  ,BALEARES,17,392452N,031618E,08309,2025-05-05 18:26:08.164704,2025-05-05 18:26:08.164704
33,B760X,POLLENA,BALEARES,45,395237N,030127E,"",2025-05-05 18:26:08.180022,2025-05-05 18:26:08.180022
44,B986,FORMENTERA,BALEARES,24,384137N,012749E,"",2025-05-05 18:26:08.191764,2025-05-05 18:26:08.191764
26,B640X,PETRA,BALEARES,95,393659N,030716E,"",2025-05-05 18:26:08.173293,2025-05-05 18:26:08.173293
5,B158X,"CALVI, ES CAPDELL",BALEARES,50,393305N,022759E,"",2025-05-05 18:26:08.146831,2025-05-05 18:26:08.146831
22,B569X,CAPDEPERA,BALEARES,57,394300N,032841E,08311,2025-05-05 18:26:08.168597,2025-05-05 18:26:08.168597
15,B362X,"CAMPOS, CAN SION",BALEARES,40,392421N,030351E,"",2025-05-05 18:26:08.159535,2025-05-05 18:26:08.159535
3,B087X,BANYALBUFAR,BALEARES,60,394121N,023046E,"",2025-05-05 18:26:08.143742,2025-05-05 18:26:08.143742
14,B346X,PORRERES,BALEARES,120,393118N,030109E,08310,2025-05-05 18:26:08.158285,2025-05-05 18:26:08.158285
13,B341X,PORRERES,BALEARES,149,393022N,030020E,"",2025-05-05 18:26:08.157061,2025-05-05 18:26:08.157061
23,B603X,ART-COLNIA DE SANT PERE,BALEARES,99,394323N,031643E,"",2025-05-05 18:26:08.169631,2025-05-05 18:26:08.169631
21,B526X,ART,BALEARES,110,394119N,032104E,"",2025-05-05 18:26:08.167356,2025-05-05 18:26:08.167356
37,B860X,CIUTADELLA,BALEARES,20,395934N,035114E,"",2025-05-05 18:26:08.184679,2025-05-05 18:26:08.184679
36,B825B,ES MERCADAL,BALEARES,80,395926N,040511E,"",2025-05-05 18:26:08.183581,2025-05-05 18:26:08.183581
40,B908X,SANT JOAN DE LABRITJA,BALEARES,110,390322N,012933E,"",2025-05-05 18:26:08.187919,2025-05-05 18:26:08.187919
41,B925,SANT ANTONI DE PORTMANY,BALEARES,32,385747N,011917E,"",2025-05-05 18:26:08.189012,2025-05-05 18:26:08.189012
43,B957,EIVISSA,BALEARES,3,385522N,012629E,"",2025-05-05 18:26:08.190851,2025-05-05 18:26:08.190851
12,B334X,LLUCMAJOR,BALEARES,140,392944N,025330E,"",2025-05-05 18:26:08.155977,2025-05-05 18:26:08.155977
20,B496X,SON SERVERA,BALEARES,25,393749N,032301E,"",2025-05-05 18:26:08.166034,2025-05-05 18:26:08.166034
35,B800X,"LA MOLA, MA",BALEARES,78,395234N,041926E,"",2025-05-05 18:26:08.182453,2025-05-05 18:26:08.182453
29,B662X,BINISSALEM,BALEARES,105,394041N,025226E,"",2025-05-05 18:26:08.176123,2025-05-05 18:26:08.176123
24,B605X,"MURO, S'ALBUFERA",BALEARES,2,394748N,030617E,"",2025-05-05 18:26:08.170876,2025-05-05 18:26:08.170876
28,B656A,SANTA MARA DEL CAM,BALEARES,121,393909N,024801E,"",2025-05-05 18:26:08.175180,2025-05-05 18:26:08.175180
16,B373X,"CAMPOS, SALINES LLEVANT",BALEARES,3,392104N,030043E,"",2025-05-05 18:26:08.160859,2025-05-05 18:26:08.160859
38,B870C,"CIUTADELLA, CALA GALDANA",BALEARES,43,395641N,035724E,"",2025-05-05 18:26:08.185792,2025-05-05 18:26:08.185792
7,B236C,"PALMA, UNIVERSITAT",BALEARES,95,393832N,023838E,"",2025-05-05 18:26:08.149489,2025-05-05 18:26:08.149489
34,B780X,PORT DE POLLENA,BALEARES,2,395434N,030601E,"",2025-05-05 18:26:08.181293,2025-05-05 18:26:08.181293
4,B103B,ANDRATX - SANT ELM,BALEARES,52,393446N,022208E,"",2025-05-05 18:26:08.145222,2025-05-05 18:26:08.145222
17,B398A,"CABRERA, PARQUE NACIONAL DE CABRERA",BALEARES,165,390808N,025612E,"",2025-05-05 18:26:08.162086,2025-05-05 18:26:08.162086
25,B614E,MANACOR,BALEARES,100,393325N,031304E,"",2025-05-05 18:26:08.172354,2025-05-05 18:26:08.172354
27,B644B,SINEU,BALEARES,120,393836N,030008E,"",2025-05-05 18:26:08.174222,2025-05-05 18:26:08.174222
85,C429I,TENERIFE SUR AEROPUERTO,STA. CRUZ DE TENERIFE,64,280249N,163340W,60025,2025-05-05 18:26:08.232210,2025-05-05 18:26:08.232210
147,C929I,HIERRO AEROPUERTO,STA. CRUZ DE TENERIFE,32,274908N,175320W,60001,2025-05-05 18:26:08.300127,2025-05-05 18:26:08.300127
91,C439J,GMAR,STA. CRUZ DE TENERIFE,115,281906N,162256W,60018,2025-05-05 18:26:08.238975,2025-05-05 18:26:08.238975
86,C430E,IZAA,STA. CRUZ DE TENERIFE,2369,281830N,162959W,60010,2025-05-05 18:26:08.233360,2025-05-05 18:26:08.233360
76,C419L,LOMO DEL BALO,STA. CRUZ DE TENERIFE,403,281225N,164731W,60024,2025-05-05 18:26:08.223087,2025-05-05 18:26:08.223087
93,C447A,TENERIFE NORTE AEROPUERTO,STA. CRUZ DE TENERIFE,632,282839N,161946W,60015,2025-05-05 18:26:08.240880,2025-05-05 18:26:08.240880
95,C449C,STA.CRUZ DE TENERIFE,STA. CRUZ DE TENERIFE,36,282748N,161519W,60020,2025-05-05 18:26:08.243091,2025-05-05 18:26:08.243091
